,Originales,Predichos
2017-11-24 23:10:00,-0.3083027211061668,-0.2803738
2017-11-24 23:20:00,-0.40329702218689667,-0.3835458
2017-11-24 23:30:00,-0.5254325525416259,-0.48317307
2017-11-24 23:40:00,-0.6161860353423114,-0.62069213
2017-11-24 23:50:00,-0.6899762519141456,-0.70843816
2017-11-25 00:00:00,-0.7917558603133754,-0.77251947
2017-11-25 00:10:00,-0.8672424033702688,-0.8646935
2017-11-25 00:20:00,-0.9613885405193368,-0.9180759
2017-11-25 00:30:00,-1.0182154881057894,-1.0324336
2017-11-25 00:40:00,-1.080131416525683,-1.0703133
2017-11-25 00:50:00,-1.1378065280437977,-1.1335944
2017-11-25 01:00:00,-1.1853036778950299,-1.2070223
2017-11-25 01:10:00,-1.2930204296810972,-1.2275838
2017-11-25 01:20:00,-1.3337322735920953,-1.3480511
2017-11-25 01:30:00,-1.3532400316159323,-1.361844
2017-11-25 01:40:00,-1.345606561744036,-1.3707865
2017-11-25 01:50:00,-1.3498473786458154,-1.3637011
2017-11-25 02:00:00,-1.40073718284543,-1.3716697
2017-11-25 02:10:00,-1.4490824966283247,-1.4276458
2017-11-25 02:20:00,-1.448234332696663,-1.4654244
2017-11-25 02:30:00,-1.482160869289161,-1.4517425
2017-11-25 02:40:00,-1.4838571957742193,-1.4902605
2017-11-25 02:50:00,-1.4745273980389992,-1.4781089
2017-11-25 03:00:00,-1.5008204633813362,-1.4724525
2017-11-25 03:10:00,-1.5338988360421726,-1.5043706
2017-11-25 03:20:00,-1.532202509557114,-1.5278796
2017-11-25 03:30:00,-1.556799248414392,-1.5122662
2017-11-25 03:40:00,-1.5542547579976715,-1.55092
2017-11-25 03:50:00,-1.5440767977090546,-1.5273038
2017-11-25 04:00:00,-1.5517102675809509,-1.5167077
2017-11-25 04:10:00,-1.5381396529439515,-1.5318053
2017-11-25 04:20:00,-1.556799248414392,-1.5092677
2017-11-25 04:30:00,-1.5525584315126126,-1.5388197
2017-11-25 04:40:00,-1.548317614610834,-1.5283322
2017-11-25 04:50:00,-1.556799248414392,-1.5206612
2017-11-25 05:00:00,-1.5542547579976715,-1.5161418
2017-11-25 05:10:00,-1.5067576081464393,-1.5122516
2017-11-25 05:20:00,-1.466045764235441,-1.4669083
2017-11-25 05:30:00,-1.3574808485177117,-1.4346598
2017-11-25 05:40:00,-1.3676588101845937,-1.2878634
2017-11-25 05:50:00,-1.3990408549821063,-1.355306
2017-11-25 06:00:00,-1.438056372408046,-1.3797592
2017-11-25 06:10:00,-1.4533233135301036,-1.4252154
2017-11-25 06:20:00,-1.49318699350944,-1.4287456
2017-11-25 06:30:00,-1.5746106799531703,-1.4932327
2017-11-25 06:40:00,-1.6992906993463546,-1.5850713
2017-11-25 06:50:00,-1.8451748046266996,-1.7232275
2017-11-25 07:00:00,-1.8129445958975252,-1.8503726
2017-11-25 07:10:00,-1.7612066277662481,-1.7775053
2017-11-25 07:20:00,-1.7230392742719705,-1.7382044
2017-11-25 07:30:00,-1.7221911117185742,-1.6844374
2017-11-25 07:40:00,-1.687416412572679,-1.702346
2017-11-25 07:50:00,-1.6746939604890765,-1.6517892
2017-11-25 08:00:00,-1.5712180256047878,-1.6493617
2017-11-25 08:10:00,-1.4796163788724406,-1.4819369
2017-11-25 08:20:00,-1.3422139073956536,-1.4031181
2017-11-25 08:30:00,-1.2412824629280856,-1.2392833
2017-11-25 08:40:00,-1.2183820505558662,-1.1507417
2017-11-25 08:50:00,-1.1395028545288564,-1.1493784
2017-11-25 09:00:00,-1.0614718210552423,-1.051034
2017-11-25 09:10:00,-1.00464487346879,-0.9684391
2017-11-25 09:20:00,-0.9384881281471172,-0.9301603
2017-11-25 09:30:00,-0.8570644417033864,-0.84828746
2017-11-25 09:40:00,-0.7493476899173189,-0.7807859
2017-11-25 09:50:00,-0.6908244158458079,-0.672995
2017-11-25 10:00:00,-0.6501125719348096,-0.61372477
2017-11-25 10:10:00,-0.6153378727889145,-0.5905709
2017-11-25 10:20:00,-0.5602072516875205,-0.5763923
2017-11-25 10:30:00,-0.508469283556244,-0.5135722
2017-11-25 10:40:00,-0.47369458441034884,-0.46909192
2017-11-25 10:50:00,-0.4864170351156864,-0.4248169
2017-11-25 11:00:00,-0.4261974345591167,-0.4582131
2017-11-25 11:10:00,-0.362585178275899,-0.3755359
2017-11-25 11:20:00,-0.36937048559439845,-0.33114314
2017-11-25 11:30:00,-0.34562191066878256,-0.33498454
2017-11-25 11:40:00,-0.281161491832168,-0.32394388
2017-11-25 11:50:00,-0.3176325188413869,-0.23314701
2017-11-25 12:00:00,-0.3227214982965626,-0.31693214
2017-11-25 12:10:00,-0.34307742025206195,-0.31362805
2017-11-25 12:20:00,-0.3447737467371202,-0.34241402
2017-11-25 12:30:00,-0.3320512960317832,-0.33662567
2017-11-25 12:40:00,-0.33629211293356204,-0.30522513
2017-11-25 12:50:00,-0.3286586430616657,-0.32121146
2017-11-25 13:00:00,-0.2701353676118892,-0.32605156
2017-11-25 13:10:00,-0.2870986365972711,-0.26481557
2017-11-25 13:20:00,-0.25741291690655216,-0.29184324
2017-11-25 13:30:00,-0.2285753611474946,-0.23896977
2017-11-25 13:40:00,-0.2285753611474946,-0.21792953
2017-11-25 13:50:00,-0.27946516534710975,-0.23186068
2017-11-25 14:00:00,-0.2506276095880522,-0.28947413
2017-11-25 14:10:00,-0.242145975784494,-0.23814797
2017-11-25 14:20:00,-0.2396014853677734,-0.22398248
2017-11-25 14:30:00,-0.24129781185283214,-0.24219191
2017-11-25 14:40:00,-0.29049128956738857,-0.24779841
2017-11-25 14:50:00,-0.35410354447234077,-0.30845267
2017-11-25 15:00:00,-0.41262681992211725,-0.37303922
2017-11-25 15:10:00,-0.36682599517767783,-0.43268076
2017-11-25 15:20:00,-0.3736113024961778,-0.3724751
2017-11-25 15:30:00,-0.4423125382345712,-0.39136475
2017-11-25 15:40:00,-0.417715799377293,-0.47399682
2017-11-25 15:50:00,-0.40244885825523485,-0.41872978
2017-11-25 16:00:00,-0.44316070216623304,-0.40039912
2017-11-25 16:10:00,-0.5127101004580229,-0.47260642
2017-11-25 16:20:00,-0.46351662412173195,-0.53749
2017-11-25 16:30:00,-0.3863337545797803,-0.45309925
2017-11-25 16:40:00,-0.281161491832168,-0.34830093
2017-11-25 16:50:00,-0.2396014853677734,-0.18984085
2017-11-25 17:00:00,-0.2039786222902164,-0.13809627
2017-11-25 17:10:00,-0.013141857575359272,-0.02678188
2017-11-25 17:20:00,0.37616514448278127,0.27225667
2017-11-25 17:30:00,0.644184778739589,0.7062087
2017-11-25 17:40:00,0.7154305048947031,0.8804664
2017-11-25 17:50:00,0.7213676482815407,0.80590945
2017-11-25 18:00:00,0.7230639747665993,0.79002976
2017-11-25 18:10:00,0.7663203090943183,0.766316
2017-11-25 18:20:00,0.7366345894035993,0.81516653
2017-11-25 18:30:00,0.7374827533352606,0.73787886
2017-11-25 18:40:00,0.7196713217964819,0.7289601
2017-11-25 18:50:00,0.7205194843498792,0.7208402
2017-11-25 19:00:00,0.7281529556000406,0.7199288
2017-11-25 19:10:00,0.7264566291149819,0.7228837
2017-11-25 19:20:00,0.7128860144779829,0.7221438
2017-11-25 19:30:00,0.7061007071594829,0.69469094
2017-11-25 19:40:00,0.6653888632484852,0.6804515
2017-11-25 19:50:00,0.653514576474809,0.6400448
2017-11-25 20:00:00,0.6407921257694725,0.6401188
2017-11-25 20:10:00,0.6306141641025901,0.616254
2017-11-25 20:20:00,0.6111064060787526,0.61392903
2017-11-25 20:30:00,0.6043210987602536,0.5861481
2017-11-25 20:40:00,0.5746353804477997,0.5849549
2017-11-25 20:50:00,0.5169602689296846,0.5611974
2017-11-25 21:00:00,0.4838818962688482,0.48075387
2017-11-25 21:10:00,0.46691862728346684,0.3301702
2017-11-25 21:20:00,0.42451045826567535,0.48387474
2017-11-25 21:30:00,0.3931284120898977,0.37569803
2017-11-25 21:40:00,0.30237492791094617,0.36311567
2017-11-25 21:50:00,0.2930451301757261,0.22866178
2017-11-25 22:00:00,0.283715333818771,0.24102324
2017-11-25 22:10:00,0.22264756795227442,0.22409354
2017-11-25 22:20:00,0.16666878429748402,0.17448683
2017-11-25 22:30:00,0.08524509785375257,0.111821525
2017-11-25 22:40:00,0.05640754209469601,0.028742447
2017-11-25 22:50:00,-0.05894268094153372,0.002756339
2017-11-25 23:00:00,-0.15308881809060174,-0.16143739
2017-11-25 23:10:00,-0.25995740732327227,-0.23007406
2017-11-25 23:20:00,-0.3405329298353414,-0.3546154
2017-11-25 23:30:00,-0.488961525532407,-0.42199808
2017-11-25 23:40:00,-0.5686888854910788,-0.5801699
2017-11-25 23:50:00,-0.6501125719348096,-0.6507856
2017-11-26 00:00:00,-0.7417142186671571,-0.73920184
2017-11-26 00:10:00,-0.8570644417033864,-0.8279699
2017-11-26 00:20:00,-0.9410326185638379,-0.940265
2017-11-26 00:30:00,-1.0368750835762297,-1.0154716
2017-11-26 00:40:00,-1.0580791680851254,-1.1061361
2017-11-26 00:50:00,-1.1182987700199607,-1.1102331
2017-11-26 01:00:00,-1.1411991810139146,-1.1834456
2017-11-26 01:10:00,-1.1819110249249127,-1.1844041
2017-11-26 01:20:00,-1.1793665345081923,-1.226634
2017-11-26 01:30:00,-1.2277118482910867,-1.2034657
2017-11-26 01:40:00,-1.3091355347348173,-1.2767941
2017-11-26 01:50:00,-1.3625698293511526,-1.3513156
2017-11-26 02:00:00,-1.3897110586251513,-1.389218
2017-11-26 02:10:00,-1.40752249016393,-1.4050137
2017-11-26 02:20:00,-1.4389045349614422,-1.4250127
2017-11-26 02:30:00,-1.4643494377503823,-1.4510185
2017-11-26 02:40:00,-1.4592604569169416,-1.4751866
2017-11-26 02:50:00,-1.4677420907204999,-1.46047
2017-11-26 03:00:00,-1.4745273980389992,-1.4722418
2017-11-26 03:10:00,-1.473679235485603,-1.4772722
2017-11-26 03:20:00,-1.4991241368962775,-1.4678319
2017-11-26 03:30:00,-1.5042131177297187,-1.4998829
2017-11-26 03:40:00,-1.512694751533277,-1.4937164
2017-11-26 03:50:00,-1.5517102675809509,-1.4968054
2017-11-26 04:00:00,-1.5559510844827302,-1.5567244
2017-11-26 04:10:00,-1.5500139410958922,-1.5458946
2017-11-26 04:20:00,-1.5491657771642302,-1.5229075
2017-11-26 04:30:00,-1.5457731241941133,-1.5272548
2017-11-26 04:40:00,-1.5542547579976715,-1.51981
2017-11-26 04:50:00,-1.5593437388311127,-1.537027
2017-11-26 05:00:00,-1.5355951625272308,-1.5411607
2017-11-26 05:10:00,-1.517783732366718,-1.5020431
2017-11-26 05:20:00,-1.5186318949201145,-1.4828578
2017-11-26 05:30:00,-1.402433509330489,-1.493492
2017-11-26 05:40:00,-1.4058261623006059,-1.3241744
2017-11-26 05:50:00,-1.4397526988931042,-1.3957394
2017-11-26 06:00:00,-1.4940351560628362,-1.437956
2017-11-26 06:10:00,-1.482160869289161,-1.4885563
2017-11-26 06:20:00,-1.501668627312998,-1.4648148
2017-11-26 06:30:00,-1.6102335430307273,-1.5093516
2017-11-26 06:40:00,-1.7908923474569676,-1.6394027
2017-11-26 06:50:00,-1.9070907330465932,-1.8377515
2017-11-26 07:00:00,-1.946954413025929,-1.9175345
2017-11-26 07:10:00,-1.9384727792223708,-1.9444871
2017-11-26 07:20:00,-1.9240540006537095,-1.9143834
2017-11-26 07:30:00,-1.8655307265821985,-1.902084
2017-11-26 07:40:00,-1.8324523539213622,-1.8257036
2017-11-26 07:50:00,-1.8154890863142457,-1.7966754
2017-11-26 08:00:00,-1.7510286674776312,-1.7751534
2017-11-26 08:10:00,-1.7094686610132366,-1.6900529
2017-11-26 08:20:00,-1.6984425367929579,-1.6571678
2017-11-26 08:30:00,-1.6331339540246819,-1.6277084
2017-11-26 08:40:00,-1.5389878168756133,-1.5462306
2017-11-26 08:50:00,-1.4431453518632216,-1.4480745
2017-11-26 09:00:00,-1.39140738511021,-1.3515977
2017-11-26 09:10:00,-1.309983698666479,-1.305348
2017-11-26 09:20:00,-1.2514604232167026,-1.2143351
2017-11-26 09:30:00,-1.1691885742195753,-1.1674753
2017-11-26 09:40:00,-1.0572310041534636,-1.0701064
2017-11-26 09:50:00,-1.0182154881057894,-0.96299136
2017-11-26 10:00:00,-0.9503624162990579,-0.9468602
2017-11-26 10:10:00,-0.863001585090224,-0.860621
2017-11-26 10:20:00,-0.7934521867984341,-0.7730329
2017-11-26 10:30:00,-0.7824260625781553,-0.709986
2017-11-26 10:40:00,-0.6908244158458079,-0.71478915
2017-11-26 10:50:00,-0.6255158330775314,-0.6035709
2017-11-26 11:00:00,-0.628908487425914,-0.5519577
2017-11-26 11:10:00,-0.5610554142409174,-0.5806951
2017-11-26 11:20:00,-0.4957468328509065,-0.49648303
2017-11-26 11:30:00,-0.5016839762377441,-0.428795
2017-11-26 11:40:00,-0.5118619379046265,-0.47575057
2017-11-26 11:50:00,-0.49405050636584774,-0.48075062
2017-11-26 12:00:00,-0.47623907482706945,-0.45125002
2017-11-26 12:10:00,-0.4592758072199531,-0.436332
2017-11-26 12:20:00,-0.4448570286512918,-0.42278332
2017-11-26 12:30:00,-0.42450110669579244,-0.40338656
2017-11-26 12:40:00,-0.3642815061392227,-0.39224347
2017-11-26 12:50:00,-0.29049128956738857,-0.3225336
2017-11-26 13:00:00,-0.2591092433916104,-0.2455112
2017-11-26 13:10:00,-0.30575823068944624,-0.2275298
2017-11-26 13:20:00,-0.32696231657660746,-0.29600984
2017-11-26 13:30:00,-0.2930357799841087,-0.3233711
2017-11-26 13:40:00,-0.2837059822488886,-0.28061515
2017-11-26 13:50:00,-0.3201770092581075,-0.2645082
2017-11-26 14:00:00,-0.25826108083821403,-0.32333356
2017-11-26 14:10:00,-0.277768838862051,-0.22984952
2017-11-26 14:20:00,-0.36088885179084024,-0.2744092
2017-11-26 14:30:00,-0.3888782436182354,-0.36386055
2017-11-26 14:40:00,-0.40414518611855904,-0.38618687
2017-11-26 14:50:00,-0.4592758072199531,-0.4036406
2017-11-26 15:00:00,-0.49320234243418587,-0.45671698
2017-11-26 15:10:00,-0.4948986689192446,-0.47720551
2017-11-26 15:20:00,-0.521191734261581,-0.48872513
2017-11-26 15:30:00,-0.576322355362975,-0.5238768
2017-11-26 15:40:00,-0.5805631736430199,-0.5887908
2017-11-26 15:50:00,-0.5254325525416259,-0.58683705
2017-11-26 16:00:00,-0.517799081291464,-0.49728134
2017-11-26 16:10:00,-0.5356105128302423,-0.48704183
2017-11-26 16:20:00,-0.5890448074465781,-0.5141847
2017-11-26 16:30:00,-0.5669925590060205,-0.59166497
2017-11-26 16:40:00,-0.4898096894640689,-0.541033
2017-11-26 16:50:00,-0.42110845372567546,-0.4187098
2017-11-26 17:00:00,-0.2989729233709468,-0.3002686
2017-11-26 17:10:00,-0.10983248514114839,-0.08788468
2017-11-26 17:20:00,0.329516157184945,0.20598173
2017-11-26 17:30:00,0.572939052584475,0.7116793
2017-11-26 17:40:00,0.6798076418171465,0.782028
2017-11-26 17:50:00,0.7332419364334818,0.78723335
2017-11-26 18:00:00,0.7722574524811557,0.8243786
2017-11-26 18:10:00,0.7603831643292146,0.825946
2017-11-26 18:20:00,0.7764982693829346,0.7865571
2017-11-26 18:30:00,0.7476607136238781,0.800289
2017-11-26 18:40:00,0.7205194843498792,0.7639547
2017-11-26 18:50:00,0.7281529556000406,0.73962027
2017-11-26 19:00:00,0.7739537789662145,0.7261212
2017-11-26 19:10:00,0.7824354127697722,0.77233243
2017-11-26 19:20:00,0.7671684716477146,0.77437276
2017-11-26 19:30:00,0.7739537789662145,0.7646984
2017-11-26 19:40:00,0.7909170479515959,0.7664146
2017-11-26 19:50:00,0.7934615369900511,0.78434277
2017-11-26 20:00:00,0.7637758186775971,0.7851202
2017-11-26 20:10:00,0.738330915888657,0.7515602
2017-11-26 20:20:00,0.6942264190075418,0.7190296
2017-11-26 20:30:00,0.6645407006950879,0.68425244
2017-11-26 20:40:00,0.6484255956413688,0.64174056
2017-11-26 20:50:00,0.598383955373415,0.6253023
2017-11-26 21:00:00,0.533923536536801,0.56110704
2017-11-26 21:10:00,0.4932116940040682,0.49453413
2017-11-26 21:20:00,0.46691862728346684,0.4572535
2017-11-26 21:30:00,0.4117880061820728,0.4299335
2017-11-26 21:40:00,0.3693798371642813,0.34608734
2017-11-26 21:50:00,0.3320606476016661,0.31816432
2017-11-26 22:00:00,0.26675206483338965,0.2903771
2017-11-26 22:10:00,0.21671042456543682,0.23332442
2017-11-26 22:20:00,0.14207204544020532,0.17649098
2017-11-26 22:30:00,0.019936515085477134,0.07258466
2017-11-26 22:40:00,-0.08099492938209132,-0.08483458
2017-11-26 22:50:00,-0.17429290397776245,-0.17751461
2017-11-26 23:00:00,-0.26335006029338975,-0.27596363
2017-11-26 23:10:00,-0.3498627275705614,-0.36284697
2017-11-26 23:20:00,-0.44061621174951243,-0.45607752
2017-11-26 23:30:00,-0.5483329635355799,-0.53711176
2017-11-26 23:40:00,-0.6797982916255291,-0.6449809
2017-11-26 23:50:00,-0.7595256502059359,-0.7768396
2017-11-27 00:00:00,-0.8350121932628287,-0.835389
2017-11-27 00:10:00,-0.8918391408492815,-0.9131731
2017-11-27 00:20:00,-0.9291583304118968,-0.9444622
2017-11-27 00:30:00,-1.0300897762577301,-0.9952037
2017-11-27 00:40:00,-1.0614718210552423,-1.0973994
2017-11-27 00:50:00,-1.114906115671578,-1.1117592
2017-11-27 01:00:00,-1.1759738815380751,-1.1690811
2017-11-27 01:10:00,-1.2175338880024698,-1.2249833
2017-11-27 01:20:00,-1.225167357874366,-1.2591325
2017-11-27 01:30:00,-1.255701240118482,-1.2539985
2017-11-27 01:40:00,-1.2709681812405396,-1.2924565
2017-11-27 01:50:00,-1.3125281890831997,-1.3041934
2017-11-27 02:00:00,-1.340517580910595,-1.3518516
2017-11-27 02:10:00,-1.3922555476636065,-1.3669101
2017-11-27 02:20:00,-1.4329673915746046,-1.4276264
2017-11-27 02:30:00,-1.456715966500221,-1.4475104
2017-11-27 02:40:00,-1.4711347450688823,-1.4716471
2017-11-27 02:50:00,-1.4872498487443369,-1.4852761
2017-11-27 03:00:00,-1.5050612802831151,-1.4940592
2017-11-27 03:10:00,-1.532202509557114,-1.5078721
2017-11-27 03:20:00,-1.5737625160215085,-1.5302602
2017-11-27 03:30:00,-1.5881812945901697,-1.5823251
2017-11-27 03:40:00,-1.556799248414392,-1.5766681
2017-11-27 03:50:00,-1.5517102675809509,-1.5423572
2017-11-27 04:00:00,-1.5551029219293333,-1.538845
2017-11-27 04:10:00,-1.5440767977090546,-1.5389459
2017-11-27 04:20:00,-1.5432286337773926,-1.5344218
2017-11-27 04:30:00,-1.5254172022386143,-1.5302273
2017-11-27 04:40:00,-1.4965796464795569,-1.5147471
2017-11-27 04:50:00,-1.485553522259278,-1.4599193
2017-11-27 05:00:00,-1.4601086208486034,-1.4611834
2017-11-27 05:10:00,-1.4592604569169416,-1.4302038
2017-11-27 05:20:00,-1.431271065089546,-1.4426044
2017-11-27 05:30:00,-1.331187783175375,-1.3997372
2017-11-27 05:40:00,-1.3260988023419336,-1.2595714
2017-11-27 05:50:00,-1.38207758737499,-1.3034688
2017-11-27 06:00:00,-1.3735959535714313,-1.3822824
2017-11-27 06:10:00,-1.365114319767873,-1.355239
2017-11-27 06:20:00,-1.38462207779171,-1.3586122
2017-11-27 06:30:00,-1.4185486143842088,-1.3938726
2017-11-27 06:40:00,-1.5101502611165563,-1.4234332
2017-11-27 06:50:00,-1.5703698630513916,-1.5432922
2017-11-27 07:00:00,-1.4787682149407786,-1.5819124
2017-11-27 07:10:00,-1.4177004504525466,-1.4485328
2017-11-27 07:20:00,-1.3744441175030937,-1.3854657
2017-11-27 07:30:00,-1.3176171685383755,-1.3534602
2017-11-27 07:40:00,-1.2726645091038638,-1.2957664
2017-11-27 07:50:00,-1.2667273643387607,-1.2573835
2017-11-27 08:00:00,-1.2031151094338086,-1.2446855
2017-11-27 08:10:00,-1.0835240694958,-1.1313113
2017-11-27 08:20:00,-0.9800481346115119,-1.0187286
2017-11-27 08:30:00,-1.0758905996239037,-0.9369871
2017-11-27 08:40:00,-0.875724037173827,-1.0394318
2017-11-27 08:50:00,-0.8384048476112111,-0.7902049
2017-11-27 09:00:00,-0.7417142186671571,-0.7990858
2017-11-27 09:10:00,-0.8918391408492815,-0.67242086
2017-11-27 09:20:00,-1.220926540972587,-0.8829529
2017-11-27 09:30:00,-1.21074858068397,-1.2089709
2017-11-27 09:40:00,-1.1683404102879134,-1.1195501
2017-11-27 09:50:00,-1.0903093768143,-1.14979
2017-11-27 10:00:00,-1.0504456968349636,-1.0528058
2017-11-27 10:10:00,-0.9274620039268385,-1.0187327
2017-11-27 10:20:00,-0.8273787233909324,-0.92146873
2017-11-27 10:30:00,-0.7764889191913177,-0.7610571
2017-11-27 10:40:00,-0.7400178921820989,-0.7504891
2017-11-27 10:50:00,-0.6670758395419261,-0.709741
2017-11-27 11:00:00,-0.6323011403960315,-0.6390053
2017-11-27 11:10:00,-0.6009190942202532,-0.59123623
2017-11-27 11:20:00,-0.6127933823721939,-0.5567502
2017-11-27 11:30:00,-0.5966782773184744,-0.5897618
2017-11-27 11:40:00,-0.5907411339316363,-0.58424664
2017-11-27 11:50:00,-0.6009190942202532,-0.5865725
2017-11-27 12:00:00,-0.6297566499793108,-0.59831053
2017-11-27 12:10:00,-0.5805631736430199,-0.6271446
2017-11-27 12:20:00,-0.5585109252024623,-0.5525849
2017-11-27 12:30:00,-0.5432439827021387,-0.52919835
2017-11-27 12:40:00,-0.5016839762377441,-0.5216795
2017-11-27 12:50:00,-0.4618202962584082,-0.46983105
2017-11-27 13:00:00,-0.46012396977334946,-0.46350905
2017-11-27 13:10:00,-0.44316070216623304,-0.4686828
2017-11-27 13:20:00,-0.46012396977334946,-0.4292698
2017-11-27 13:30:00,-0.5127101004580229,-0.45463383
2017-11-27 13:40:00,-0.5415476562170805,-0.52767336
2017-11-27 13:50:00,-0.5729297023928581,-0.5803464
2017-11-27 14:00:00,-0.5457884731188593,-0.5744689
2017-11-27 14:10:00,-0.5152545908747435,-0.54684514
2017-11-27 14:20:00,-0.5415476562170805,-0.53187644
2017-11-27 14:30:00,-0.6373901212294721,-0.5575067
2017-11-27 14:40:00,-0.6110970558871357,-0.65873194
2017-11-27 14:50:00,-0.6034635846369739,-0.6132498
2017-11-27 15:00:00,-0.6144897088572526,-0.6003423
2017-11-27 15:10:00,-0.4389198852644537,-0.62545025
2017-11-27 15:20:00,-0.3812447737463391,-0.39017618
2017-11-27 15:30:00,-0.4321345779459543,-0.3442539
2017-11-27 15:40:00,-0.41008232950539664,-0.421467
2017-11-27 15:50:00,-0.4474015190680119,-0.3926032
2017-11-27 16:00:00,-0.4380717213327918,-0.4610088
2017-11-27 16:10:00,-0.3286586430616657,-0.43570364
2017-11-27 16:20:00,-0.2701353676118892,-0.2834975
2017-11-27 16:30:00,-0.20821943919199573,-0.23849252
2017-11-27 16:40:00,-0.11576962852798597,-0.1744822
2017-11-27 16:50:00,-0.051309211069637393,-0.04933762
2017-11-27 17:00:00,0.09881571111248649,0.03774498
2017-11-27 17:10:00,0.34563126086039997,0.29622036
2017-11-27 17:20:00,0.745116223207157,0.67341787
2017-11-27 17:30:00,0.9987170802735694,1.0683376
2017-11-27 17:40:00,1.043669741086347,1.1641525
2017-11-27 17:50:00,1.1038893430211822,1.102934
2017-11-27 18:00:00,1.0623293351785221,1.1517892
2017-11-27 18:10:00,1.0606330086934634,1.0753993
2017-11-27 18:20:00,1.0453660675714058,1.0937238
2017-11-27 18:30:00,1.0368844337678471,1.0497284
2017-11-27 18:40:00,1.0241619830625095,1.0333865
2017-11-27 18:50:00,1.0317954529344058,1.013074
2017-11-27 19:00:00,0.9876909560532906,1.030248
2017-11-27 19:10:00,0.9690313619611155,0.96751523
2017-11-27 19:20:00,0.9444346231038377,0.9413049
2017-11-27 19:30:00,0.8799742042672237,0.9159925
2017-11-27 19:40:00,0.8647072631451651,0.8336632
2017-11-27 19:50:00,0.8765815512971062,0.8264236
2017-11-27 20:00:00,0.8239954206124324,0.84180486
2017-11-27 20:10:00,0.8630109366601063,0.79676306
2017-11-27 20:20:00,0.8358697073861084,0.86001325
2017-11-27 20:30:00,0.8087284781121097,0.82450664
2017-11-27 20:40:00,0.8104248059754334,0.7744436
2017-11-27 20:50:00,0.786676229671552,0.78447104
2017-11-27 21:00:00,0.7239121386982618,0.72213584
2017-11-27 21:10:00,0.6543627390282064,0.66157377
2017-11-27 21:20:00,0.5670019091976374,0.5952192
2017-11-27 21:30:00,0.4957561830425234,0.49305147
2017-11-27 21:40:00,0.4474108692596293,0.4193625
2017-11-27 21:50:00,0.35835371294400253,0.38049
2017-11-27 22:00:00,0.26929655525010976,0.27648327
2017-11-27 22:10:00,0.2234957318839358,0.16988894
2017-11-27 22:20:00,0.1369830646067641,0.12764008
2017-11-27 22:30:00,0.03350712972247604,0.024787039
2017-11-27 22:40:00,-0.021623491378917968,-0.09113577
2017-11-27 22:50:00,-0.151392491605543,-0.12165474
2017-11-27 23:00:00,-0.25232393607311093,-0.27730596
2017-11-27 23:10:00,-0.35749619882072325,-0.35530832
2017-11-27 23:20:00,-0.47369458441034884,-0.47094104
2017-11-27 23:30:00,-0.5491811274672417,-0.58342326
2017-11-27 23:40:00,-0.6077044015387533,-0.650278
2017-11-27 23:50:00,-0.7077876834529243,-0.69345856
2017-11-28 00:00:00,-0.8231379064891535,-0.7945961
2017-11-28 00:10:00,-0.8723313828254444,-0.9174495
2017-11-28 00:20:00,-0.9715665008079537,-0.9462203
2017-11-28 00:30:00,-1.0292416123260684,-1.0524737
2017-11-28 00:40:00,-1.0903093768143,-1.0816704
2017-11-28 00:50:00,-1.125932239891857,-1.1424214
2017-11-28 01:00:00,-1.175125717606413,-1.1752766
2017-11-28 01:10:00,-1.2132930711006904,-1.2285768
2017-11-28 01:20:00,-1.281146142907422,-1.2600392
2017-11-28 01:30:00,-1.3354286000771542,-1.3242009
2017-11-28 01:40:00,-1.3583290124493737,-1.361108
2017-11-28 01:50:00,-1.376140443988152,-1.379771
2017-11-28 02:00:00,-1.3998890189137683,-1.3945916
2017-11-28 02:10:00,-1.4168522865208846,-1.4213486
2017-11-28 02:20:00,-1.4329673915746046,-1.4349873
2017-11-28 02:30:00,-1.47707188845572,-1.4415625
2017-11-28 02:40:00,-1.5008204633813362,-1.4918772
2017-11-28 02:50:00,-1.5135429140866732,-1.5025556
2017-11-28 03:00:00,-1.5423804698457309,-1.5152045
2017-11-28 03:10:00,-1.5847886402417872,-1.5394123
2017-11-28 03:20:00,-1.5703698630513916,-1.5811329
2017-11-28 03:30:00,-1.5703698630513916,-1.5474329
2017-11-28 03:40:00,-1.5695216991197296,-1.5614649
2017-11-28 03:50:00,-1.566977208703009,-1.5524932
2017-11-28 04:00:00,-1.5813959872716703,-1.5590154
2017-11-28 04:10:00,-1.5958147644620662,-1.5625805
2017-11-28 04:20:00,-1.6102335430307273,-1.5748724
2017-11-28 04:30:00,-1.5941184379770073,-1.5985826
2017-11-28 04:40:00,-1.5618882292478333,-1.5675081
2017-11-28 04:50:00,-1.5457731241941133,-1.5294951
2017-11-28 05:00:00,-1.503364953798057,-1.5195261
2017-11-28 05:10:00,-1.5008204633813362,-1.4630083
2017-11-28 05:20:00,-1.476223724524058,-1.480934
2017-11-28 05:30:00,-1.371899627086373,-1.4375905
2017-11-28 05:40:00,-1.3286432927586542,-1.3068618
2017-11-28 05:50:00,-1.3829257513066517,-1.2967308
2017-11-28 06:00:00,-1.3778367704732106,-1.3747026
2017-11-28 06:10:00,-1.340517580910595,-1.3636379
2017-11-28 06:20:00,-1.355784522032653,-1.3179277
2017-11-28 06:30:00,-1.4168522865208846,-1.3468201
2017-11-28 06:40:00,-1.47707188845572,-1.4249259
2017-11-28 06:50:00,-1.5355951625272308,-1.4989966
2017-11-28 07:00:00,-1.4389045349614422,-1.5356804
2017-11-28 07:10:00,-1.40073718284543,-1.3899702
2017-11-28 07:20:00,-1.3388212544255367,-1.3630565
2017-11-28 07:30:00,-1.2879314502259214,-1.2838
2017-11-28 07:40:00,-1.2828424693924807,-1.2609619
2017-11-28 07:50:00,-1.2836906333241427,-1.2728909
2017-11-28 08:00:00,-1.2039632733654704,-1.2600399
2017-11-28 08:10:00,-1.0886130503292413,-1.1548817
2017-11-28 08:20:00,-1.0504456968349636,-1.0265142
2017-11-28 08:30:00,-0.9953150757335696,-0.9969163
2017-11-28 08:40:00,-0.9401844546321755,-0.92198145
2017-11-28 08:50:00,-0.8468864814147694,-0.8769131
2017-11-28 09:00:00,-0.7900595338283172,-0.77289975
2017-11-28 09:10:00,-0.748499525985657,-0.7244289
2017-11-28 09:20:00,-0.7756407552596558,-0.6796715
2017-11-28 09:30:00,-0.6882799254290873,-0.71992505
2017-11-28 09:40:00,-0.583107662681475,-0.64057064
2017-11-28 09:50:00,-0.5101656100413022,-0.5406251
2017-11-28 10:00:00,-0.48811336160074464,-0.46038926
2017-11-28 10:10:00,-0.4524904999014531,-0.44888675
2017-11-28 10:20:00,-0.4228047802107342,-0.40724835
2017-11-28 10:30:00,-0.3176325188413869,-0.37824365
2017-11-28 10:40:00,-0.3201770092581075,-0.27413264
2017-11-28 10:50:00,-0.2786170014154474,-0.3034228
2017-11-28 11:00:00,-0.23705699495105279,-0.2538476
2017-11-28 11:10:00,-0.21330842002543696,-0.19945255
2017-11-28 11:20:00,-0.17768555694787994,-0.19467172
2017-11-28 11:30:00,-0.14121453131692605,-0.15199523
2017-11-28 11:40:00,-0.09965452485253146,-0.12204277
2017-11-28 11:50:00,-0.12001044542976533,-0.07806843
2017-11-28 12:00:00,-0.13612555048348535,-0.10867066
2017-11-28 12:10:00,-0.06827247867675379,-0.13709977
2017-11-28 12:20:00,-0.08353941979881144,-0.04544357
2017-11-28 12:30:00,-0.09795819698920771,-0.069502145
2017-11-28 12:40:00,-0.04452390375113744,-0.09865414
2017-11-28 12:50:00,0.025025495918917347,-0.029129352
2017-11-28 13:00:00,0.04877407084453369,0.057071738
2017-11-28 13:10:00,0.041988763526034735,0.06709293
2017-11-28 13:20:00,0.013151207766977178,0.054850016
2017-11-28 13:30:00,-0.03773859643263799,0.006908596
2017-11-28 13:40:00,-0.13103656965004412,-0.060422156
2017-11-28 13:50:00,-0.21076392960871634,-0.1631545
2017-11-28 14:00:00,-0.2200937273439364,-0.24211971
2017-11-28 14:10:00,-0.22942352507915648,-0.24741936
2017-11-28 14:20:00,-0.24723495661793524,-0.25289348
2017-11-28 14:30:00,-0.25147577351971406,-0.26726112
2017-11-28 14:40:00,-0.2480831191713316,-0.26971993
2017-11-28 14:50:00,-0.23620883239765642,-0.25392786
2017-11-28 15:00:00,-0.21415658395709883,-0.22781442
2017-11-28 15:10:00,-0.16750759665926301,-0.19212298
2017-11-28 15:20:00,-0.19380066200159946,-0.14943369
2017-11-28 15:30:00,-0.20058596932009942,-0.20123722
2017-11-28 15:40:00,-0.206523112706937,-0.19540921
2017-11-28 15:50:00,-0.1785337208795418,-0.20281671
2017-11-28 16:00:00,-0.20228229580515816,-0.16827741
2017-11-28 16:10:00,-0.22518270817737762,-0.20298192
2017-11-28 16:20:00,-0.2014341318734958,-0.22927754
2017-11-28 16:30:00,-0.22348638031405338,-0.20903483
2017-11-28 16:40:00,-0.0818430933137532,-0.22079127
2017-11-28 16:50:00,-0.013141857575359272,-0.014920581
2017-11-28 17:00:00,0.10051203897581122,0.08329869
2017-11-28 17:10:00,0.3337569740867238,0.2933905
2017-11-28 17:20:00,0.7137341784096443,0.616907
2017-11-28 17:30:00,0.972424014931233,1.035839
2017-11-28 17:40:00,1.0453660675714058,1.1504886
2017-11-28 17:50:00,1.1004966886727998,1.1056195
2017-11-28 18:00:00,1.0546958653066258,1.15075
2017-11-28 18:10:00,1.0114395323571719,1.0729445
2017-11-28 18:20:00,1.0055023875920694,1.023642
2017-11-28 18:30:00,1.0080468780087894,1.0221673
2017-11-28 18:40:00,1.0122876949105692,1.0087082
2017-11-28 18:50:00,0.9927799368867318,1.0010043
2017-11-28 19:00:00,0.972424014931233,0.9793201
2017-11-28 19:10:00,0.9647905450593366,0.96077114
2017-11-28 19:20:00,0.9622460546426155,0.95101297
2017-11-28 19:30:00,0.8994819622910601,0.9405236
2017-11-28 19:40:00,0.8655554270768274,0.84917843
2017-11-28 19:50:00,0.8825186946839438,0.83583975
2017-11-28 20:00:00,0.862162772728445,0.86036545
2017-11-28 20:10:00,0.8502884859547698,0.85128593
2017-11-28 20:20:00,0.8613146101750486,0.8426918
2017-11-28 20:30:00,0.7671684716477146,0.8535117
2017-11-28 20:40:00,0.7035562167427629,0.7341349
2017-11-28 20:50:00,0.6602998837933091,0.6825926
2017-11-28 21:00:00,0.5805725238346373,0.6262876
2017-11-28 21:10:00,0.5576721114624174,0.5144825
2017-11-28 21:20:00,0.5288345557033598,0.50107527
2017-11-28 21:30:00,0.5254419027332433,0.47224253
2017-11-28 21:40:00,0.4363847450393505,0.47651002
2017-11-28 21:50:00,0.3592018754973989,0.38665223
2017-11-28 22:00:00,0.2709928817351685,0.25832164
2017-11-28 22:10:00,0.18023939755621796,0.16583209
2017-11-28 22:20:00,0.12765326687154405,0.079691954
2017-11-28 22:30:00,0.02417733198725598,0.03735893
2017-11-28 22:40:00,-0.06657615219169505,-0.099065326
2017-11-28 22:50:00,-0.1870153546831,-0.1642879
2017-11-28 23:00:00,-0.2743761845136686,-0.3027788
2017-11-28 23:10:00,-0.36937048559439845,-0.37760696
2017-11-28 23:20:00,-0.4719982579252901,-0.4808904
2017-11-28 23:30:00,-0.5406994936636835,-0.57488954
2017-11-28 23:40:00,-0.6212750161757526,-0.64141715
2017-11-28 23:50:00,-0.7026987026194831,-0.7024131
2017-11-29 00:00:00,-0.8536717887332693,-0.76781213
2017-11-29 00:10:00,-0.9257656774417797,-0.9194087
2017-11-29 00:20:00,-0.9953150757335696,-0.97009563
2017-11-29 00:30:00,-1.0385714100612884,-1.0658916
2017-11-29 00:40:00,-1.1123616252548576,-1.1023134
2017-11-29 00:50:00,-1.150528978749135,-1.1660918
2017-11-29 01:00:00,-1.205659599850529,-1.2013842
2017-11-29 01:10:00,-1.261638384883585,-1.252555
2017-11-29 01:20:00,-1.321009822886758,-1.3041033
2017-11-29 01:30:00,-1.3574808485177117,-1.3599286
2017-11-29 01:40:00,-1.3583290124493737,-1.3775209
2017-11-29 01:50:00,-1.3769886065415489,-1.3736341
2017-11-29 02:00:00,-1.411763307065709,-1.3940934
2017-11-29 02:10:00,-1.4278784107411635,-1.4296143
2017-11-29 02:20:00,-1.4584122929852792,-1.4400603
2017-11-29 02:30:00,-1.4601086208486034,-1.4662511
2017-11-29 02:40:00,-1.4397526988931042,-1.4607567
2017-11-29 02:50:00,-1.457564130431883,-1.4365066
2017-11-29 03:00:00,-1.4796163788724406,-1.4572335
2017-11-29 03:10:00,-1.4999723008279393,-1.474904
2017-11-29 03:20:00,-1.492338829577778,-1.4921318
2017-11-29 03:30:00,-1.521176385336835,-1.4810401
2017-11-29 03:40:00,-1.532202509557114,-1.5177569
2017-11-29 03:50:00,-1.5830923137567285,-1.5075088
2017-11-29 04:00:00,-1.5847886402417872,-1.5690199
2017-11-29 04:10:00,-1.5788514968549496,-1.5542685
2017-11-29 04:20:00,-1.561040065316171,-1.5540649
2017-11-29 04:30:00,-1.5551029219293333,-1.5367434
2017-11-29 04:40:00,-1.5695216991197296,-1.5257123
2017-11-29 04:50:00,-1.5508621050275544,-1.5469297
2017-11-29 05:00:00,-1.5228727118218939,-1.5052539
2017-11-29 05:10:00,-1.5237208757535556,-1.4860189
2017-11-29 05:20:00,-1.4999723008279393,-1.4964066
2017-11-29 05:30:00,-1.4058261623006059,-1.4650391
2017-11-29 05:40:00,-1.3617216654194906,-1.3433588
2017-11-29 05:50:00,-1.371899627086373,-1.3046907
2017-11-29 06:00:00,-1.366810646252932,-1.3455118
2017-11-29 06:10:00,-1.3074392082497586,-1.3492807
2017-11-29 06:20:00,-1.3125281890831997,-1.2725099
2017-11-29 06:30:00,-1.345606561744036,-1.3066204
2017-11-29 06:40:00,-1.3973445284970476,-1.3476056
2017-11-29 06:50:00,-1.47707188845572,-1.4120777
2017-11-29 07:00:00,-1.4431453518632216,-1.4815129
2017-11-29 07:10:00,-1.431271065089546,-1.4245772
2017-11-29 07:20:00,-1.4236375938393846,-1.4063424
2017-11-29 07:30:00,-1.3888628946934893,-1.3936371
2017-11-29 07:40:00,-1.3880147307618276,-1.355647
2017-11-29 07:50:00,-1.3685069727379906,-1.3649409
2017-11-29 08:00:00,-1.236193482094645,-1.3396931
2017-11-29 08:10:00,-1.1395028545288564,-1.1760628
2017-11-29 08:20:00,-1.09963917454952,-1.0995864
2017-11-29 08:30:00,-1.040267736546347,-1.0548252
2017-11-29 08:40:00,-0.9647811934894538,-0.9739321
2017-11-29 08:50:00,-0.7476513634322601,-0.9029162
2017-11-29 09:00:00,-0.6942170688159249,-0.6681488
2017-11-29 09:10:00,-0.6297566499793108,-0.6426596
2017-11-29 09:20:00,-0.5669925590060205,-0.56385636
2017-11-29 09:30:00,-0.5110137739729647,-0.5069463
2017-11-29 09:40:00,-0.47284642047868697,-0.4659273
2017-11-29 09:50:00,-0.46097213370501133,-0.41974482
2017-11-29 10:00:00,-0.398208041353456,-0.40526268
2017-11-29 10:10:00,-0.3371402768652239,-0.3349551
2017-11-29 10:20:00,-0.26335006029338975,-0.27829057
2017-11-29 10:30:00,-0.2650463881567135,-0.18942931
2017-11-29 10:40:00,-0.16665943272760114,-0.20047289
2017-11-29 10:50:00,-0.12679575274826477,-0.09945642
2017-11-29 11:00:00,-0.062335335289916194,-0.080622375
2017-11-29 11:10:00,0.0318108032374173,-0.019188007
2017-11-29 11:20:00,0.07506713618687115,0.08455616
2017-11-29 11:30:00,0.10475285587759008,0.11824033
2017-11-29 11:40:00,0.1395275550234852,0.13275868
2017-11-29 11:50:00,0.18278388797293807,0.17218232
2017-11-29 12:00:00,0.1488573527587053,0.20487037
2017-11-29 12:10:00,0.31340105213122493,0.15326178
2017-11-29 12:20:00,0.37022799971767767,0.33761358
2017-11-29 12:30:00,0.37955779745289775,0.3583277
2017-11-29 12:40:00,0.3592018754973989,0.3716541
2017-11-29 12:50:00,0.3558092225272814,0.35551763
2017-11-29 13:00:00,0.3473275887237237,0.34525943
2017-11-29 13:10:00,0.3498720791404438,0.3252881
2017-11-29 13:20:00,0.3422386078902825,0.33035335
2017-11-29 13:30:00,0.2981341110091673,0.34268883
2017-11-29 13:40:00,0.2396108369376558,0.28013283
2017-11-29 13:50:00,0.18787286880637927,0.1990738
2017-11-29 14:00:00,0.09457489421070764,0.14165524
2017-11-29 14:10:00,0.014847534252035919,0.052963473
2017-11-29 14:20:00,0.03605162013919615,-0.0069219726
2017-11-29 14:30:00,-0.0038120598401392117,0.02010941
2017-11-29 14:40:00,-0.016534510545476756,-0.034402773
2017-11-29 14:50:00,-0.002963895908477847,-0.03859647
2017-11-29 15:00:00,-0.05809451700987136,-0.008074302
2017-11-29 15:10:00,-0.06657615219169505,-0.06982385
2017-11-29 15:20:00,-0.03264961559919677,-0.08212249
2017-11-29 15:30:00,-0.012293693643697909,-0.0060009486
2017-11-29 15:40:00,-0.04028308684935859,0.009669535
2017-11-29 15:50:00,0.004669573963418482,-0.03403633
2017-11-29 16:00:00,0.0843969339220912,0.042280156
2017-11-29 16:10:00,0.13019775728826516,0.12916994
2017-11-29 16:20:00,0.14461653585692644,0.1741505
2017-11-29 16:30:00,0.14461653585692644,0.16447511
2017-11-29 16:40:00,0.22434389443733316,0.15212858
2017-11-29 16:50:00,0.29389329410738846,0.27065602
2017-11-29 17:00:00,0.35241656817889894,0.37179226
2017-11-29 17:10:00,0.4864263866855693,0.5104258
2017-11-29 17:20:00,0.9181415577615003,0.7123003
2017-11-29 17:30:00,1.1386640421670764,1.2279931
2017-11-29 17:40:00,1.1878575198816328,1.2768229
2017-11-29 17:50:00,1.1878575198816328,1.2055788
2017-11-29 18:00:00,1.1479938399022975,1.2101213
2017-11-29 18:10:00,1.1191562841432399,1.16088
2017-11-29 18:20:00,1.094559545285961,1.1272719
2017-11-29 18:30:00,1.092015054869241,1.099937
2017-11-29 18:40:00,1.1157636297948574,1.1015209
2017-11-29 18:50:00,1.0733554593988008,1.1204277
2017-11-29 19:00:00,1.0818370945806246,1.0560206
2017-11-29 19:10:00,1.0775962776788448,1.0752667
2017-11-29 19:20:00,1.0258583095475682,1.0429419
2017-11-29 19:30:00,0.9800574861813943,0.9744547
2017-11-29 19:40:00,0.9257750276333967,0.9271214
2017-11-29 19:50:00,0.8977856358060015,0.8628961
2017-11-29 20:00:00,0.8494403220231074,0.84230924
2017-11-29 20:10:00,0.9088117600262803,0.7998962
2017-11-29 20:20:00,0.8876076755173851,0.8998451
2017-11-29 20:30:00,0.8290844000676085,0.85912037
2017-11-29 20:40:00,0.7917652105049933,0.79304624
2017-11-29 20:50:00,0.7629276547459357,0.75686926
2017-11-29 21:00:00,0.7137341784096443,0.73212534
2017-11-29 21:10:00,0.657755393376589,0.6695646
2017-11-29 21:20:00,0.5593684393257411,0.5938339
2017-11-29 21:30:00,0.47031128163184927,0.49230206
2017-11-29 21:40:00,0.35496105859562005,0.3978266
2017-11-29 21:50:00,0.30746390874438734,0.24556774
2017-11-29 22:00:00,0.1929618496398205,0.18053052
2017-11-29 22:10:00,0.14376837192526407,0.056060854
2017-11-29 22:20:00,0.06149652154987123,0.035142425
2017-11-29 22:30:00,-0.002963895908477847,-0.050411895
2017-11-29 22:40:00,-0.11068064907281025,-0.10970902
2017-11-29 22:50:00,-0.18107821129626242,-0.23390613
2017-11-29 23:00:00,-0.31254353800794615,-0.28610814
2017-11-29 23:10:00,-0.407537839088676,-0.436885
2017-11-29 23:20:00,-0.49150601594912713,-0.51368403
2017-11-29 23:30:00,-0.6000709316668569,-0.5958345
2017-11-29 23:40:00,-0.7281436054084232,-0.7013554
2017-11-29 23:50:00,-0.8231379064891535,-0.82934976
2017-11-30 00:00:00,-0.8850538335307815,-0.89512134
2017-11-30 00:10:00,-0.9495142523673961,-0.9481224
2017-11-30 00:20:00,-0.9876816058616732,-0.9942989
2017-11-30 00:30:00,-1.0623199849869047,-1.0473844
2017-11-30 00:40:00,-1.1293248942402394,-1.1361634
2017-11-30 00:50:00,-1.1844555153416334,-1.1731457
2017-11-30 01:00:00,-1.2141412336540873,-1.2336946
2017-11-30 01:10:00,-1.2565494040501437,-1.2641624
2017-11-30 01:20:00,-1.2870832862942596,-1.2985069
2017-11-30 01:30:00,-1.310831861219876,-1.3250004
2017-11-30 01:40:00,-1.3498473786458154,-1.3395666
2017-11-30 01:50:00,-1.3506955411992119,-1.37997
2017-11-30 02:00:00,-1.3939518755269307,-1.3722292
2017-11-30 02:10:00,-1.4253339203244428,-1.4211485
2017-11-30 02:20:00,-1.455867803946824,-1.4464691
2017-11-30 02:30:00,-1.473679235485603,-1.4763933
2017-11-30 02:40:00,-1.4745273980389992,-1.4800779
2017-11-30 02:50:00,-1.4685902546521616,-1.4783698
2017-11-30 03:00:00,-1.5194800588517763,-1.47588
2017-11-30 03:10:00,-1.5186318949201145,-1.5278922
2017-11-30 03:20:00,-1.5364433264588933,-1.5104977
2017-11-30 03:30:00,-1.5551029219293333,-1.533987
2017-11-30 03:40:00,-1.5830923137567285,-1.5352455
2017-11-30 03:50:00,-1.558495574899451,-1.5706447
2017-11-30 04:00:00,-1.548317614610834,-1.537057
2017-11-30 04:10:00,-1.5542547579976715,-1.5333945
2017-11-30 04:20:00,-1.5822441498250666,-1.5424925
2017-11-30 04:30:00,-1.5355951625272308,-1.5627761
2017-11-30 04:40:00,-1.5050612802831151,-1.4999574
2017-11-30 04:50:00,-1.4643494377503823,-1.4882315
2017-11-30 05:00:00,-1.4516269870450453,-1.4419214
2017-11-30 05:10:00,-1.4422971893098246,-1.4290214
2017-11-30 05:20:00,-1.476223724524058,-1.4253577
2017-11-30 05:30:00,-1.3880147307618276,-1.4595643
2017-11-30 05:40:00,-1.284538795877539,-1.319109
2017-11-30 05:50:00,-1.3159208420533173,-1.243007
2017-11-30 06:00:00,-1.355784522032653,-1.3315789
2017-11-30 06:10:00,-1.3277951302052577,-1.3604263
2017-11-30 06:20:00,-1.3227061493718166,-1.320449
2017-11-30 06:30:00,-1.3829257513066517,-1.3213844
2017-11-30 06:40:00,-1.449930659181721,-1.3987683
2017-11-30 06:50:00,-1.583940477688391,-1.4747459
2017-11-30 07:00:00,-1.5135429140866732,-1.614396
2017-11-30 07:10:00,-1.4601086208486034,-1.4897956
2017-11-30 07:20:00,-1.4160041239674883,-1.4527701
2017-11-30 07:30:00,-1.3964963659436513,-1.403421
2017-11-30 07:40:00,-1.371899627086373,-1.3842739
2017-11-30 07:50:00,-1.336276764008816,-1.3612635
2017-11-30 08:00:00,-1.242130626859748,-1.3141485
2017-11-30 08:10:00,-1.1284767303085774,-1.1970658
2017-11-30 08:20:00,-1.080131416525683,-1.0731317
2017-11-30 08:30:00,-1.01397467120401,-1.0309054
2017-11-30 08:40:00,-0.9486660898139992,-0.95194685
2017-11-30 08:50:00,-0.8850538335307815,-0.8930223
2017-11-30 09:00:00,-0.7917558603133754,-0.8228115
2017-11-30 09:10:00,-0.7629183045543183,-0.7179612
2017-11-30 09:20:00,-0.6687721674052504,-0.7115871
2017-11-30 09:30:00,-0.5924374604166951,-0.6038317
2017-11-30 09:40:00,-0.5500292900206386,-0.53795314
2017-11-30 09:50:00,-0.5220398981932434,-0.50162274
2017-11-30 10:00:00,-0.4804798917288483,-0.47288686
2017-11-30 10:10:00,-0.3803966098146772,-0.43152753
2017-11-30 10:20:00,-0.3337476225168414,-0.32629484
2017-11-30 10:30:00,-0.3345957864485038,-0.29086292
2017-11-30 10:40:00,-0.33883660335028265,-0.32224107
2017-11-30 10:50:00,-0.29049128956738857,-0.32501402
2017-11-30 11:00:00,-0.24384230226955275,-0.2770365
2017-11-30 11:10:00,-0.19040800765321697,-0.24146116
2017-11-30 11:20:00,-0.18871168116815873,-0.18649107
2017-11-30 11:30:00,-0.18531902819804127,-0.19321626
2017-11-30 11:40:00,-0.17768555694787994,-0.18299372
2017-11-30 11:50:00,-0.20482678622187825,-0.18634707
2017-11-30 12:00:00,-0.1590259628557048,-0.20376062
2017-11-30 12:10:00,-0.09626187050414897,-0.1452875
2017-11-30 12:20:00,-0.030105125182476163,-0.08280192
2017-11-30 12:30:00,-0.041979413334416835,-0.0023356616
2017-11-30 12:40:00,-0.04113124940275496,-0.034785923
2017-11-30 12:50:00,0.006365900448477223,-0.029486611
2017-11-30 13:00:00,-0.005508386325197952,0.017619748
2017-11-30 13:10:00,-0.008052876741919061,-0.008426052
2017-11-30 13:20:00,-0.03943492291769623,-0.019247461
2017-11-30 13:30:00,-0.05555002797141624,-0.056994524
2017-11-30 13:40:00,-0.11831411894470659,-0.072098896
2017-11-30 13:50:00,-0.1454553482187054,-0.161232
2017-11-30 14:00:00,-0.19040800765321697,-0.18794143
2017-11-30 14:10:00,-0.17090024962938,-0.239771
2017-11-30 14:20:00,-0.1564814724389842,-0.1991666
2017-11-30 14:30:00,-0.15987412540910118,-0.17689008
2017-11-30 14:40:00,-0.14969616512048425,-0.17602076
2017-11-30 14:50:00,-0.15987412540910118,-0.18497238
2017-11-30 15:00:00,-0.17429290397776245,-0.17236415
2017-11-30 15:10:00,-0.1649631062425424,-0.20625289
2017-11-30 15:20:00,-0.20567495015354062,-0.18138635
2017-11-30 15:30:00,-0.19125617158487934,-0.22490515
2017-11-30 15:40:00,-0.21246025609377459,-0.2028961
2017-11-30 15:50:00,-0.24893128310299348,-0.24776241
2017-11-30 16:00:00,-0.2837059822488886,-0.2699984
2017-11-30 16:10:00,-0.2565647529748898,-0.31286985
2017-11-30 16:20:00,-0.26335006029338975,-0.26388052
2017-11-30 16:30:00,-0.2540202639364347,-0.2569523
2017-11-30 16:40:00,-0.16326677975748366,-0.2416772
2017-11-30 16:50:00,-0.07845043896537073,-0.117998056
2017-11-30 17:00:00,0.05047039732959243,0.0032464773
2017-11-30 17:10:00,0.3040712543960049,0.23187569
2017-11-30 17:20:00,0.7332419364334818,0.638114
2017-11-30 17:30:00,0.9223823746632802,1.0775713
2017-11-30 17:40:00,0.9647905450593366,1.0677336
2017-11-30 17:50:00,1.0080468780087894,1.034118
2017-11-30 18:00:00,1.0055023875920694,1.0648316
2017-11-30 18:10:00,0.9944762633717906,1.0309223
2017-11-30 18:20:00,0.9647905450593366,1.0181593
2017-11-30 18:30:00,0.9113562504430014,0.98001295
2017-11-30 18:40:00,0.9308640084668378,0.9118699
2017-11-30 18:50:00,0.926623191565059,0.9370899
2017-11-30 19:00:00,0.9283195180501178,0.9138733
2017-11-30 19:10:00,0.9384974797170001,0.91342926
2017-11-30 19:20:00,0.9088117600262803,0.9198098
2017-11-30 19:30:00,0.8587701197583275,0.87021387
2017-11-30 19:40:00,0.8239954206124324,0.8187885
2017-11-30 19:50:00,0.8290844000676085,0.7916744
2017-11-30 20:00:00,0.7977023538918309,0.808544
2017-11-30 20:10:00,0.8451995051213286,0.7692322
2017-11-30 20:20:00,0.8248435831658297,0.8590185
2017-11-30 20:30:00,0.8146656228772122,0.7967284
2017-11-30 20:40:00,0.7646239812309945,0.78650296
2017-11-30 20:50:00,0.7120378505463205,0.7277523
2017-11-30 21:00:00,0.6679333536652053,0.6844156
2017-11-30 21:10:00,0.5941431384716362,0.6257254
2017-11-30 21:20:00,0.5237455762481845,0.54734755
2017-11-30 21:30:00,0.47964107936706935,0.46758002
2017-11-30 21:40:00,0.4083953532119553,0.41878897
2017-11-30 21:50:00,0.3922802481582353,0.32623953
2017-11-30 22:00:00,0.30237492791094617,0.30948257
2017-11-30 22:10:00,0.27353737215188956,0.21891935
2017-11-30 22:20:00,0.21416593414871574,0.21349943
2017-11-30 22:30:00,0.11662714265126524,0.1333332
2017-11-30 22:40:00,0.07930795308864999,0.019347586
2017-11-30 22:50:00,-0.0004194068700227325,-0.018971568
2017-11-30 23:00:00,-0.12255493584648593,-0.087153435
2017-11-30 23:10:00,-0.22179005382899514,-0.22366366
2017-11-30 23:20:00,-0.32441782615988685,-0.3305197
2017-11-30 23:30:00,-0.4228047802107342,-0.4309036
2017-11-30 23:40:00,-0.5110137739729647,-0.5259698
2017-11-30 23:50:00,-0.6026154220835775,-0.6071105
2017-12-01 00:00:00,-0.7272115919368625,-0.68685025
2017-12-01 00:10:00,-0.8194453319141206,-0.83387214
2017-12-01 00:20:00,-0.8974247645046486,-0.89277875
2017-12-01 00:30:00,-0.9745657099657837,-0.97452486
2017-12-01 00:40:00,-1.058414563488189,-1.0617057
2017-12-01 00:50:00,-1.1137548063719311,-1.1340653
2017-12-01 01:00:00,-1.1766414472028677,-1.1763943
2017-12-01 01:10:00,-1.2034730794479473,-1.2347995
2017-12-01 01:20:00,-1.2839679789397174,-1.2373792
2017-12-01 01:30:00,-1.335115779285166,-1.3379939
2017-12-01 01:40:00,-1.3837481141076382,-1.3581465
2017-12-01 01:50:00,-1.432380448930111,-1.4132212
2017-12-01 02:00:00,-1.4541811515075034,-1.4522301
2017-12-01 02:10:00,-1.4592120825534558,-1.4664518
2017-12-01 02:20:00,-1.4759818527066308,-1.4634356
2017-12-01 02:30:00,-1.506167440360611,-1.4881914
2017-12-01 02:40:00,-1.5262911659226863,-1.5165993
2017-12-01 02:50:00,-1.5254526774150274,-1.5276576
2017-12-01 03:00:00,-1.5464148901064956,-1.5174208
2017-12-01 03:10:00,-1.5455764015988374,-1.5447319
2017-12-01 03:20:00,-1.5539612866754244,-1.5337459
2017-12-01 03:30:00,-1.561507683244353,-1.5426503
2017-12-01 03:40:00,-1.573246523729841,-1.5469438
2017-12-01 03:50:00,-1.5673771041762299,-1.5523591
2017-12-01 04:00:00,-1.5690540811915474,-1.5496632
2017-12-01 04:10:00,-1.579115943283452,-1.5466329
2017-12-01 04:20:00,-1.5690540811915474,-1.5568997
2017-12-01 04:30:00,-1.5849853628370631,-1.5425466
2017-12-01 04:40:00,-1.590016293883016,-1.5579609
2017-12-01 04:50:00,-1.585823851344722,-1.5633193
2017-12-01 05:00:00,-1.5942087364213096,-1.5475879
2017-12-01 05:10:00,-1.6076245525438495,-1.5640193
2017-12-01 05:20:00,-1.592531759405992,-1.576059
2017-12-01 05:30:00,-1.562346171752012,-1.5541061
2017-12-01 05:40:00,-1.4852052276691423,-1.5059273
2017-12-01 05:50:00,-1.533837562491615,-1.4182049
2017-12-01 06:00:00,-1.536353028014591,-1.5214475
2017-12-01 06:10:00,-1.4885591816997774,-1.5111938
2017-12-01 06:20:00,-1.535514539506932,-1.4632002
2017-12-01 06:30:00,-1.6067860640361906,-1.5414625
2017-12-01 06:40:00,-1.7535215583895323,-1.6186591
2017-12-01 06:50:00,-1.9203807769266832,-1.7831274
2017-12-01 07:00:00,-1.9958447439942353,-1.9337653
2017-12-01 07:10:00,-2.0352537052324617,-1.99325
2017-12-01 07:20:00,-2.0243533546328982,-2.0249844
2017-12-01 07:30:00,-1.984105904887013,-1.9896154
2017-12-01 07:40:00,-1.9413429896181518,-1.9407004
2017-12-01 07:50:00,-1.9321196160339056,-1.8846773
2017-12-01 08:00:00,-1.8767793731501632,-1.8831649
2017-12-01 08:10:00,-1.806346335750298,-1.8053094
2017-12-01 08:20:00,-1.7728067940656833,-1.7343811
2017-12-01 08:30:00,-1.696504337112207,-1.7049111
2017-12-01 08:40:00,-1.6587723542675636,-1.6182545
2017-12-01 08:50:00,-1.6093015295591666,-1.5792855
2017-12-01 09:00:00,-1.5346760509992734,-1.5174228
2017-12-01 09:10:00,-1.4432808009079399,-1.4396017
2017-12-01 09:20:00,-1.382071137092321,-1.3398262
2017-12-01 09:30:00,-1.2739061168478125,-1.2939454
2017-12-01 09:40:00,-1.1514867905948398,-1.1641282
2017-12-01 09:50:00,-1.0617685175188236,-1.058623
2017-12-01 10:00:00,-0.9946894355278592,-0.97338116
2017-12-01 10:10:00,-0.9837890835500301,-0.8982144
2017-12-01 10:20:00,-0.9460570993271213,-0.90861905
2017-12-01 10:30:00,-0.8907168564433792,-0.8642624
2017-12-01 10:40:00,-0.8378920790826129,-0.82285404
2017-12-01 10:50:00,-0.8093834684439499,-0.77335227
2017-12-01 11:00:00,-0.7607511336214777,-0.7484615
2017-12-01 11:10:00,-0.709603333276029,-0.70079935
2017-12-01 11:20:00,-0.6810947226373666,-0.6480476
2017-12-01 11:30:00,-0.6634864639765331,-0.6427438
2017-12-01 11:40:00,-0.5762836564234928,-0.62168777
2017-12-01 11:50:00,-0.5813145874694456,-0.5144154
2017-12-01 12:00:00,-0.6064692440774734,-0.55492383
2017-12-01 12:10:00,-0.6492321593463345,-0.58244663
2017-12-01 12:20:00,-0.6685173950224855,-0.64207125
2017-12-01 12:30:00,-0.7146342643219813,-0.66589296
2017-12-01 12:40:00,-0.7112803102913466,-0.7197859
2017-12-01 12:50:00,-0.6710328605454614,-0.69616663
2017-12-01 13:00:00,-0.6207235487076715,-0.6484711
2017-12-01 13:10:00,-0.586345518515398,-0.5816376
2017-12-01 13:20:00,-0.5519674897013894,-0.5454873
2017-12-01 13:30:00,-0.5804760989617869,-0.51089954
2017-12-01 13:40:00,-0.586345518515398,-0.5664888
2017-12-01 13:50:00,-0.6115001751234257,-0.5665292
2017-12-01 14:00:00,-0.6643249524841914,-0.6098575
2017-12-01 14:10:00,-0.6970260056611479,-0.67973435
2017-12-01 14:20:00,-0.7154727528296402,-0.70546603
2017-12-01 14:30:00,-0.763266599144454,-0.72101516
2017-12-01 14:40:00,-0.7741669511222831,-0.7628411
2017-12-01 14:50:00,-0.8018370718750217,-0.7701675
2017-12-01 15:00:00,-0.8496309181898352,-0.79518676
2017-12-01 15:10:00,-0.8311841710213429,-0.85116506
2017-12-01 15:20:00,-0.8462769641592004,-0.81766456
2017-12-01 15:30:00,-0.8429230101285652,-0.8404055
2017-12-01 15:40:00,-0.8789780173361563,-0.83326733
2017-12-01 15:50:00,-0.8982632530123074,-0.8755606
2017-12-01 16:00:00,-0.9049711624518428,-0.87600565
2017-12-01 16:10:00,-0.910840582005454,-0.87566054
2017-12-01 16:20:00,-0.893232321966355,-0.8691608
2017-12-01 16:30:00,-0.8412460331132475,-0.8542583
2017-12-01 16:40:00,-0.7590741566061601,-0.7785778
2017-12-01 16:50:00,-0.7272115919368625,-0.66168976
2017-12-01 17:00:00,-0.5720912138851992,-0.61361355
2017-12-01 17:10:00,-0.359115126048552,-0.3356558
2017-12-01 17:20:00,0.03413599644778664,-0.048748046
2017-12-01 17:30:00,0.26388185443760853,0.40350783
2017-12-01 17:40:00,0.318383608813692,0.48201182
2017-12-01 17:50:00,0.32760698239793884,0.40120593
2017-12-01 18:00:00,0.35695408154426006,0.40082335
2017-12-01 18:10:00,0.3695314091591411,0.4115434
2017-12-01 18:20:00,0.34269977691406134,0.40493426
2017-12-01 18:30:00,0.3594695470672365,0.36554718
2017-12-01 18:40:00,0.37875478412165203,0.39062294
2017-12-01 18:50:00,0.3502461734829896,0.39074486
2017-12-01 19:00:00,0.3351533803451321,0.34703463
2017-12-01 19:10:00,0.3502461734829896,0.33543324
2017-12-01 19:20:00,0.3510846619906484,0.35311323
2017-12-01 19:30:00,0.3468922194523554,0.3423429
2017-12-01 19:40:00,0.30496779269115204,0.3412946
2017-12-01 19:50:00,0.3083217467217873,0.29655263
2017-12-01 20:00:00,0.28484406712907673,0.30884212
2017-12-01 20:10:00,0.35360012751362485,0.2840359
2017-12-01 20:20:00,0.37875478412165203,0.38268167
2017-12-01 20:30:00,0.37204687468211656,0.3919884
2017-12-01 20:40:00,0.34269977691406134,0.37830564
2017-12-01 20:50:00,0.3167066317983743,0.33710605
2017-12-01 21:00:00,0.2856825556367355,0.30742165
2017-12-01 21:10:00,0.26639731996058497,0.27488336
2017-12-01 21:20:00,0.26388185443760853,0.2576567
2017-12-01 21:30:00,0.188417885991791,0.25788194
2017-12-01 21:40:00,0.11714636146253246,0.15786947
2017-12-01 21:50:00,0.08779926231621124,0.07049421
2017-12-01 22:00:00,0.05342123212393719,0.04024813
2017-12-01 22:10:00,0.007304362824440846,0.014473306
2017-12-01 22:20:00,-0.05390529961291201,-0.034364298
2017-12-01 22:30:00,-0.09582972637411483,-0.08915252
2017-12-01 22:40:00,-0.14949299224253942,-0.13175316
2017-12-01 22:50:00,-0.266042898941901,-0.19639595
2017-12-01 23:00:00,-0.3197061648103256,-0.3326413
2017-12-01 23:10:00,-0.359115126048552,-0.3712936
2017-12-01 23:20:00,-0.42619420941778197,-0.4137956
2017-12-01 23:30:00,-0.5460980687695128,-0.49337155
2017-12-01 23:40:00,-0.6668404180071679,-0.6328266
2017-12-01 23:50:00,-0.7397889209300095,-0.7479188
2017-12-02 00:00:00,-0.8370535905749541,-0.81270415
2017-12-02 00:10:00,-0.9250948866356526,-0.90551543
2017-12-02 00:20:00,-1.0198440907576214,-0.9798328
2017-12-02 00:30:00,-1.1036929442800265,-1.0890394
2017-12-02 00:40:00,-1.1732874931722328,-1.1622661
2017-12-02 00:50:00,-1.2361741326249038,-1.2310089
2017-12-02 01:00:00,-1.2671982087865425,-1.2812396
2017-12-02 01:10:00,-1.31247658957838,-1.3117152
2017-12-02 01:20:00,-1.36278590141617,-1.362738
2017-12-02 01:30:00,-1.3921330005624912,-1.3954049
2017-12-02 01:40:00,-1.4290264948994758,-1.4192446
2017-12-02 01:50:00,-1.4784973196078723,-1.4502937
2017-12-02 02:00:00,-1.518744767975492,-1.5016284
2017-12-02 02:10:00,-1.5413839590605434,-1.5388108
2017-12-02 02:20:00,-1.5531227981677656,-1.546999
2017-12-02 02:30:00,-1.593370247913651,-1.5528399
2017-12-02 02:40:00,-1.5757619892528174,-1.5972677
2017-12-02 02:50:00,-1.6034321100055555,-1.5639876
2017-12-02 03:00:00,-1.602593621497897,-1.6015369
2017-12-02 03:10:00,-1.598401178959603,-1.592178
2017-12-02 03:20:00,-1.613493973475726,-1.5925105
2017-12-02 03:30:00,-1.6260713010906072,-1.6005619
2017-12-02 03:40:00,-1.627748278105925,-1.6099529
2017-12-02 03:50:00,-1.6352946746748531,-1.6045494
2017-12-02 04:00:00,-1.6503874678127106,-1.6119403
2017-12-02 04:10:00,-1.6738651474054207,-1.6242772
2017-12-02 04:20:00,-1.6864424750203018,-1.6454557
2017-12-02 04:30:00,-1.6730266588977618,-1.65512
2017-12-02 04:40:00,-1.6688342163594683,-1.6339042
2017-12-02 04:50:00,-1.657095377252246,-1.6365596
2017-12-02 05:00:00,-1.6512259563203695,-1.618549
2017-12-02 05:10:00,-1.6344561861671947,-1.609315
2017-12-02 05:20:00,-1.636133163182512,-1.586191
2017-12-02 05:30:00,-1.605109087020873,-1.601282
2017-12-02 05:40:00,-1.5220987233843923,-1.5411137
2017-12-02 05:50:00,-1.542222447568202,-1.4588561
2017-12-02 06:00:00,-1.636133163182512,-1.5311602
2017-12-02 06:10:00,-1.5740850122374996,-1.6275787
2017-12-02 06:20:00,-1.590016293883016,-1.5292574
2017-12-02 06:30:00,-1.6847654980049847,-1.5748817
2017-12-02 06:40:00,-1.7535215583895323,-1.6965555
2017-12-02 06:50:00,-1.9153498445024655,-1.7586731
2017-12-02 07:00:00,-1.9581127597713266,-1.9386966
2017-12-02 07:10:00,-2.0293842856788507,-1.939865
2017-12-02 07:20:00,-2.033576728217144,-2.0316145
2017-12-02 07:30:00,-1.9824289278716953,-1.9905398
2017-12-02 07:40:00,-1.9664976462261796,-1.9297456
2017-12-02 07:50:00,-1.8960646088263144,-1.9174148
2017-12-02 08:00:00,-1.8164081978422033,-1.8333578
2017-12-02 08:10:00,-1.7778377251116357,-1.740878
2017-12-02 08:20:00,-1.7325593443197982,-1.7089863
2017-12-02 08:30:00,-1.6327792091518771,-1.6551933
2017-12-02 08:40:00,-1.5606691947366944,-1.5472172
2017-12-02 08:50:00,-1.5179062794678333,-1.4729471
2017-12-02 09:00:00,-1.4374113813543288,-1.4376136
2017-12-02 09:10:00,-1.329246359731555,-1.3347551
2017-12-02 09:20:00,-1.2177273854564117,-1.2169703
2017-12-02 09:30:00,-1.1431019055182527,-1.1165628
2017-12-02 09:40:00,-1.10788538681832,-1.0501946
2017-12-02 09:50:00,-0.9829505950423714,-1.012886
2017-12-02 10:00:00,-0.8655622012136169,-0.8649695
2017-12-02 10:10:00,-0.8412460331132475,-0.7705138
2017-12-02 10:20:00,-0.7758439281376007,-0.75883865
2017-12-02 10:30:00,-0.7372734554070332,-0.6923402
2017-12-02 10:40:00,-0.6970260056611479,-0.6765465
2017-12-02 10:50:00,-0.5955688934779093,-0.6231017
2017-12-02 11:00:00,-0.5536444667167071,-0.5260606
2017-12-02 11:10:00,-0.5201049250320918,-0.4932154
2017-12-02 11:20:00,-0.5066891075312864,-0.46911907
2017-12-02 11:30:00,-0.41780932296292944,-0.473567
2017-12-02 11:40:00,-0.4236787438948061,-0.37148792
2017-12-02 11:50:00,-0.3993625757944372,-0.4088284
2017-12-02 12:00:00,-0.39265466773316726,-0.37776917
2017-12-02 12:10:00,-0.3792388516106273,-0.3710201
2017-12-02 12:20:00,-0.3825928056412621,-0.3473389
2017-12-02 12:30:00,-0.4144553689322942,-0.36440283
2017-12-02 12:40:00,-0.43961002554032186,-0.40008485
2017-12-02 12:50:00,-0.4253557209101232,-0.42712727
2017-12-02 13:00:00,-0.40858594937868303,-0.4073428
2017-12-02 13:10:00,-0.4035550183327307,-0.39487463
2017-12-02 13:20:00,-0.4102629263940007,-0.39872605
2017-12-02 13:30:00,-0.3742079191864095,-0.41367525
2017-12-02 13:40:00,-0.430386651956076,-0.36960158
2017-12-02 13:50:00,-0.5217819020474094,-0.43058902
2017-12-02 14:00:00,-0.47231107871727834,-0.5286204
2017-12-02 14:10:00,-0.4647646821483496,-0.4401211
2017-12-02 14:20:00,-0.4714725902096195,-0.4612071
2017-12-02 14:30:00,-0.5201049250320918,-0.46244907
2017-12-02 14:40:00,-0.5561599322396834,-0.5254339
2017-12-02 14:50:00,-0.5729297023928581,-0.55612683
2017-12-02 15:00:00,-0.6198850602000132,-0.57002485
2017-12-02 15:10:00,-0.5989228475085445,-0.6244712
2017-12-02 15:20:00,-0.603953778554497,-0.5835788
2017-12-02 15:30:00,-0.6307854107995767,-0.599213
2017-12-02 15:40:00,-0.6349778533378703,-0.6350605
2017-12-02 15:50:00,-0.6240775027383068,-0.61923486
2017-12-02 16:00:00,-0.7020569367071008,-0.60448956
2017-12-02 16:10:00,-0.6886411205845608,-0.6963763
2017-12-02 16:20:00,-0.657617044422922,-0.6645546
2017-12-02 16:30:00,-0.6190465716923544,-0.6345706
2017-12-02 16:40:00,-0.545259580261854,-0.55010164
2017-12-02 16:50:00,-0.5410671377235604,-0.4551673
2017-12-02 17:00:00,-0.4681186361789848,-0.4424427
2017-12-02 17:10:00,-0.17884009138886114,-0.25897324
2017-12-02 17:20:00,0.25214301533038624,0.14253326
2017-12-02 17:30:00,0.49111224690445504,0.6167417
2017-12-02 17:40:00,0.512912949481847,0.7058723
2017-12-02 17:50:00,0.5363906276962916,0.579721
2017-12-02 18:00:00,0.5850229625187644,0.6005994
2017-12-02 18:10:00,0.5707686578885657,0.63923466
2017-12-02 18:20:00,0.564899238334955,0.5960642
2017-12-02 18:30:00,0.5632222613196374,0.5886377
2017-12-02 18:40:00,0.5422600472499033,0.580006
2017-12-02 18:50:00,0.5313596966503398,0.5457934
2017-12-02 19:00:00,0.5590298187813434,0.5348425
2017-12-02 19:10:00,0.5514834208341491,0.55957544
2017-12-02 19:20:00,0.5799920314728125,0.5474811
2017-12-02 19:30:00,0.5757995889345184,0.58088887
2017-12-02 19:40:00,0.5942463361030103,0.5637421
2017-12-02 19:50:00,0.5749611004268597,0.59483325
2017-12-02 20:00:00,0.547290978295856,0.56387776
2017-12-02 20:10:00,0.5330366736656573,0.541017
2017-12-02 20:20:00,0.5028510860116774,0.5327672
2017-12-02 20:30:00,0.49278922391977165,0.49471384
2017-12-02 20:40:00,0.4391259580513471,0.4738956
2017-12-02 20:50:00,0.42822560745178356,0.41312796
2017-12-02 21:00:00,0.3519231504983072,0.4202882
2017-12-02 21:10:00,0.32760698239793884,0.31940702
2017-12-02 21:20:00,0.3116757007524225,0.3112474
2017-12-02 21:30:00,0.2588509233916557,0.28231865
2017-12-02 21:40:00,0.2437581302537992,0.2159308
2017-12-02 21:50:00,0.2160880081227946,0.2138682
2017-12-02 22:00:00,0.19428730554540263,0.18225215
2017-12-02 22:10:00,0.15990927673139357,0.15611976
2017-12-02 22:20:00,0.10708449799236279,0.111997835
2017-12-02 22:30:00,0.02239715596229836,0.062196042
2017-12-02 22:40:00,-0.01617331539000373,-0.03553498
2017-12-02 22:50:00,-0.11427647492087256,-0.065959916
2017-12-02 23:00:00,-0.2148950985964523,-0.18807709
2017-12-02 23:10:00,-0.2786202265567821,-0.29119664
2017-12-02 23:20:00,-0.35576117201791674,-0.3460825
2017-12-02 23:30:00,-0.45051037613988537,-0.4421726
2017-12-02 23:40:00,-0.5511290011937306,-0.5316893
2017-12-02 23:50:00,-0.6911565861075367,-0.6338357
2017-12-03 00:00:00,-0.7389504324223507,-0.77583027
2017-12-03 00:10:00,-0.806868002920974,-0.8013135
2017-12-03 00:20:00,-0.8680776667365929,-0.8714184
2017-12-03 00:30:00,-0.9536034972743156,-0.939459
2017-12-03 00:40:00,-1.05086816691926,-1.0332279
2017-12-03 00:50:00,-1.0953080592034388,-1.1344379
2017-12-03 01:00:00,-1.1825108667564788,-1.1508485
2017-12-03 01:10:00,-1.2093424990015584,-1.2458094
2017-12-03 01:20:00,-1.2671982087865425,-1.2457584
2017-12-03 01:30:00,-1.3258924057009196,-1.3101811
2017-12-03 01:40:00,-1.3762017175387096,-1.3617663
2017-12-03 01:50:00,-1.4097412592233247,-1.4048431
2017-12-03 02:00:00,-1.4080642822080072,-1.4334213
2017-12-03 02:10:00,-1.4390883583696463,-1.4221276
2017-12-03 02:20:00,-1.4701124331530198,-1.4617177
2017-12-03 02:30:00,-1.4919131357304123,-1.4881545
2017-12-03 02:40:00,-1.5204217449908097,-1.5036616
2017-12-03 02:50:00,-1.5598307062290355,-1.5260983
2017-12-03 03:00:00,-1.6093015295591666,-1.563259
2017-12-03 03:10:00,-1.6118169964604085,-1.6032851
2017-12-03 03:20:00,-1.621040370044655,-1.5975742
2017-12-03 03:30:00,-1.636133163182512,-1.6063458
2017-12-03 03:40:00,-1.6453565367667582,-1.6224072
2017-12-03 03:50:00,-1.670511193374786,-1.6321533
2017-12-03 04:00:00,-1.6747036359130796,-1.6491715
2017-12-03 04:10:00,-1.6856039865126429,-1.6501483
2017-12-03 04:20:00,-1.6805730554666907,-1.6672527
2017-12-03 04:30:00,-1.6780575899437147,-1.6502311
2017-12-03 04:40:00,-1.6939888715892306,-1.6478364
2017-12-03 04:50:00,-1.6780575899437147,-1.6731981
2017-12-03 05:00:00,-1.6629647968058572,-1.6416117
2017-12-03 05:10:00,-1.6579338657599048,-1.628448
2017-12-03 05:20:00,-1.647033513782076,-1.6224838
2017-12-03 05:30:00,-1.605947575528532,-1.6132575
2017-12-03 05:40:00,-1.5053289518529522,-1.5483278
2017-12-03 05:50:00,-1.5380300050299085,-1.4345511
2017-12-03 06:00:00,-1.584146874329405,-1.531182
2017-12-03 06:10:00,-1.595885713436627,-1.5734817
2017-12-03 06:20:00,-1.6252328125829485,-1.5771667
2017-12-03 06:30:00,-1.6839270094973258,-1.6049501
2017-12-03 06:40:00,-1.836531923404278,-1.6876513
2017-12-03 06:50:00,-1.9924907899636006,-1.861032
2017-12-03 07:00:00,-2.0360921937401204,-1.9937016
2017-12-03 07:10:00,-2.1132331392012556,-2.0168045
2017-12-03 07:20:00,-2.101494300094033,-2.107453
2017-12-03 07:30:00,-2.0721472009477115,-2.051827
2017-12-03 07:40:00,-2.0738241779630293,-2.0236337
2017-12-03 07:50:00,-2.0478310328473426,-2.023461
2017-12-03 08:00:00,-1.9933292784712593,-1.985183
2017-12-03 08:10:00,-1.9396660126028342,-1.9241643
2017-12-03 08:20:00,-1.9052879824105606,-1.8789477
2017-12-03 08:30:00,-1.826470059934108,-1.8431069
2017-12-03 08:40:00,-1.7778377251116357,-1.7441899
2017-12-03 08:50:00,-1.7174665511819407,-1.7046872
2017-12-03 09:00:00,-1.6621263082981983,-1.6341583
2017-12-03 09:10:00,-1.573246523729841,-1.5776209
2017-12-03 09:20:00,-1.5019749978223174,-1.4799789
2017-12-03 09:30:00,-1.4332189388160348,-1.4137231
2017-12-03 09:40:00,-1.3451776427553361,-1.3297037
2017-12-03 09:50:00,-1.2646827432635663,-1.238972
2017-12-03 10:00:00,-1.2219198279947052,-1.1666338
2017-12-03 10:10:00,-1.135555508949324,-1.134827
2017-12-03 10:20:00,-1.0768613106566811,-1.0460994
2017-12-03 10:30:00,-0.9904969916113001,-0.997947
2017-12-03 10:40:00,-0.9695347789198314,-0.8970624
2017-12-03 10:50:00,-0.9074866279748193,-0.8881439
2017-12-03 11:00:00,-0.8915553449510375,-0.82642233
2017-12-03 11:10:00,-0.8345381250519777,-0.832525
2017-12-03 11:20:00,-0.813575910982244,-0.7679441
2017-12-03 11:30:00,-0.7842288132141878,-0.7628056
2017-12-03 11:40:00,-0.7272115919368625,-0.72596896
2017-12-03 11:50:00,-0.7104418217836878,-0.67903954
2017-12-03 12:00:00,-0.7003799596917831,-0.66715527
2017-12-03 12:10:00,-0.7070878677530531,-0.6640651
2017-12-03 12:20:00,-0.6752253030837554,-0.6751144
2017-12-03 12:30:00,-0.6710328605454614,-0.6397072
2017-12-03 12:40:00,-0.6467166938233581,-0.65262955
2017-12-03 12:50:00,-0.6391702972544298,-0.61074144
2017-12-03 13:00:00,-0.6701943720378031,-0.6058941
2017-12-03 13:10:00,-0.6987029826764655,-0.6306443
2017-12-03 13:20:00,-0.7146342643219813,-0.67685235
2017-12-03 13:30:00,-0.7397889209300095,-0.6925162
2017-12-03 13:40:00,-0.7171497298449577,-0.7276484
2017-12-03 13:50:00,-0.702895425214759,-0.7025005
2017-12-03 14:00:00,-0.6701943720378031,-0.6789771
2017-12-03 14:10:00,-0.6861256550615844,-0.6374455
2017-12-03 14:20:00,-0.7079263562607119,-0.6745943
2017-12-03 14:30:00,-0.7079263562607119,-0.6987204
2017-12-03 14:40:00,-0.6894796090922196,-0.69944286
2017-12-03 14:50:00,-0.7137957758143231,-0.6740607
2017-12-03 15:00:00,-0.7833903247065295,-0.69799304
2017-12-03 15:10:00,-0.8219607974370965,-0.7583557
2017-12-03 15:20:00,-0.7884212557524818,-0.7998393
2017-12-03 15:30:00,-0.8211223089294383,-0.7759822
2017-12-03 15:40:00,-0.8127374224745851,-0.8187748
2017-12-03 15:50:00,-0.8186068434064618,-0.78816164
2017-12-03 16:00:00,-0.8278302169907081,-0.80757904
2017-12-03 16:10:00,-0.8320226595290017,-0.80698264
2017-12-03 16:20:00,-0.8219607974370965,-0.8104526
2017-12-03 16:30:00,-0.7951291638137518,-0.79344475
2017-12-03 16:40:00,-0.7112803102913466,-0.7487649
2017-12-03 16:50:00,-0.6626479754688743,-0.6304633
2017-12-03 17:00:00,-0.5477750457848304,-0.5435003
2017-12-03 17:10:00,-0.29874395211885746,-0.32084328
2017-12-03 17:20:00,0.10876147500767941,0.005586377
2017-12-03 17:30:00,0.4055864163667318,0.45307863
2017-12-03 17:40:00,0.500335620488701,0.6378261
2017-12-03 17:50:00,0.5288442311273633,0.6031412
2017-12-03 18:00:00,0.5154284150048234,0.5968115
2017-12-03 18:10:00,0.48943526988913744,0.5498282
2017-12-03 18:20:00,0.486919804366161,0.512449
2017-12-03 18:30:00,0.517105392020141,0.5106702
2017-12-03 18:40:00,0.5355521391886338,0.53101194
2017-12-03 18:50:00,0.5581913302736845,0.5511651
2017-12-03 19:00:00,0.6160470386804032,0.5687703
2017-12-03 19:10:00,0.6596484424569231,0.6312065
2017-12-03 19:20:00,0.6822876321637089,0.6658721
2017-12-03 19:30:00,0.6755797241024394,0.6856351
2017-12-03 19:40:00,0.6604869309645819,0.6620728
2017-12-03 19:50:00,0.6596484424569231,0.66312945
2017-12-03 20:00:00,0.6713872815641454,0.6461148
2017-12-03 20:10:00,0.6739027470871218,0.6684667
2017-12-03 20:20:00,0.6412016952884314,0.67157507
2017-12-03 20:30:00,0.6118545961421091,0.6215043
2017-12-03 20:40:00,0.5917308705800348,0.5943094
2017-12-03 20:50:00,0.5607067957966609,0.5705447
2017-12-03 21:00:00,0.5338751621733162,0.52458555
2017-12-03 21:10:00,0.49195073541211287,0.50550735
2017-12-03 21:20:00,0.408940370397367,0.44713622
2017-12-03 21:30:00,0.3452152424370378,0.33542627
2017-12-03 21:40:00,0.2940674420915886,0.27174276
2017-12-03 21:50:00,0.2580124348839979,0.21801914
2017-12-03 22:00:00,0.1775175353922275,0.18706657
2017-12-03 22:10:00,0.08360681977791722,0.115763836
2017-12-03 22:20:00,-0.00024203374448741017,0.020387743
2017-12-03 22:30:00,-0.11846891745916609,-0.06473775
2017-12-03 22:40:00,-0.1872249764654482,-0.21484199
2017-12-03 22:50:00,-0.29958244062651573,-0.2867992
2017-12-03 23:00:00,-0.4102629263940007,-0.41103846
2017-12-03 23:10:00,-0.5159124824937983,-0.5160284
2017-12-03 23:20:00,-0.6131771521387432,-0.6313109
2017-12-03 23:30:00,-0.7339195013763978,-0.7223891
2017-12-03 23:40:00,-0.8261532399753906,-0.837096
2017-12-03 23:50:00,-0.8907168564433792,-0.91555965
2017-12-04 00:00:00,-0.9879815260883237,-0.96383464
2017-12-04 00:10:00,-1.021521067772939,-1.0515803
2017-12-04 00:20:00,-1.088600151142169,-1.0546798
2017-12-04 00:30:00,-1.1523252791024987,-1.1381657
2017-12-04 00:40:00,-1.200957613924971,-1.201986
2017-12-04 00:50:00,-1.297383795062257,-1.2486553
2017-12-04 01:00:00,-1.3359542677928247,-1.3466293
2017-12-04 01:10:00,-1.3728477635080747,-1.3692676
2017-12-04 01:20:00,-1.4055488166850312,-1.4105257
2017-12-04 01:30:00,-1.465081502107067,-1.4302635
2017-12-04 01:40:00,-1.4810127851308488,-1.4942645
2017-12-04 01:50:00,-1.5111983714065633,-1.4911655
2017-12-04 02:00:00,-1.5472533786141545,-1.5281998
2017-12-04 02:10:00,-1.5438994245835198,-1.5567516
2017-12-04 02:20:00,-1.5740850122374996,-1.543472
2017-12-04 02:30:00,-1.573246523729841,-1.5923315
2017-12-04 02:40:00,-1.629425255121242,-1.5677496
2017-12-04 02:50:00,-1.639487117213147,-1.6429558
2017-12-04 03:00:00,-1.6814115439743493,-1.6296833
2017-12-04 03:10:00,-1.6537414232216108,-1.6858906
2017-12-04 03:20:00,-1.7048892235670594,-1.6331083
2017-12-04 03:30:00,-1.6990198040134483,-1.7027429
2017-12-04 03:40:00,-1.6839270094973258,-1.675815
2017-12-04 03:50:00,-1.6646417738211747,-1.6631922
2017-12-04 04:00:00,-1.6654802623288336,-1.6407562
2017-12-04 04:10:00,-1.6763806129283971,-1.6391883
2017-12-04 04:20:00,-1.670511193374786,-1.6524073
2017-12-04 04:30:00,-1.6503874678127106,-1.6345772
2017-12-04 04:40:00,-1.6604493312828807,-1.6161519
2017-12-04 04:50:00,-1.627748278105925,-1.6381757
2017-12-04 05:00:00,-1.599239667467262,-1.5896567
2017-12-04 05:10:00,-1.610140019445091,-1.5687035
2017-12-04 05:20:00,-1.554799775183083,-1.5827492
2017-12-04 05:30:00,-1.4852052276691423,-1.5126473
2017-12-04 05:40:00,-1.3803941600770036,-1.4378864
2017-12-04 05:50:00,-1.384586602615297,-1.3009413
2017-12-04 06:00:00,-1.4021948626543959,-1.3677728
2017-12-04 06:10:00,-1.3929714890701501,-1.3922232
2017-12-04 06:20:00,-1.3795556715693447,-1.3728856
2017-12-04 06:30:00,-1.4307034719147933,-1.3562125
2017-12-04 06:40:00,-1.5304836084609799,-1.4296426
2017-12-04 06:50:00,-1.6378101401978296,-1.5428672
2017-12-04 07:00:00,-1.5757619892528174,-1.6355062
2017-12-04 07:10:00,-1.5195832564831508,-1.5293691
2017-12-04 07:20:00,-1.4751433641989722,-1.4982148
2017-12-04 07:30:00,-1.4701124331530198,-1.4468986
2017-12-04 07:40:00,-1.5103598828989044,-1.4624577
2017-12-04 07:50:00,-1.5170677909601744,-1.5025092
2017-12-04 08:00:00,-1.3980024201161023,-1.4808936
2017-12-04 08:10:00,-1.308284147040086,-1.3262959
2017-12-04 08:20:00,-1.1850263322794552,-1.2566241
2017-12-04 08:30:00,-1.1338785319340066,-1.1132091
2017-12-04 08:40:00,-1.0743458451337047,-1.0827872
2017-12-04 08:50:00,-1.0441602588579901,-1.008592
2017-12-04 09:00:00,-0.9569574513049504,-0.9933715
2017-12-04 09:10:00,-0.8882013909204027,-0.8853378
2017-12-04 09:20:00,-0.8211223089294383,-0.8199247
2017-12-04 09:30:00,-0.7800363706758943,-0.75142735
2017-12-04 09:40:00,-0.7305655473457632,-0.72316587
2017-12-04 09:50:00,-0.6777407686067314,-0.6755843
2017-12-04 10:00:00,-0.5771221449311517,-0.63067096
2017-12-04 10:10:00,-0.4974657339470405,-0.51052016
2017-12-04 10:20:00,-0.48824236036279417,-0.4391774
2017-12-04 10:30:00,-0.41780932296292944,-0.442182
2017-12-04 10:40:00,-0.34402233291069445,-0.35049134
2017-12-04 10:50:00,-0.28952057853461105,-0.29893935
2017-12-04 11:00:00,-0.30209790614949217,-0.23434086
2017-12-04 11:10:00,-0.2652044104342422,-0.2816661
2017-12-04 11:20:00,-0.2568195253576546,-0.23443878
2017-12-04 11:30:00,-0.26268894491126576,-0.2290512
2017-12-04 11:40:00,-0.24759615177340874,-0.2430645
2017-12-04 11:50:00,-0.20734870202752356,-0.2269473
2017-12-04 12:00:00,-0.20986416755049997,-0.18856317
2017-12-04 12:10:00,-0.16793974078929716,-0.1926935
2017-12-04 12:20:00,-0.14362357268892828,-0.14882119
2017-12-04 12:30:00,-0.15871636720505128,-0.15506636
2017-12-04 12:40:00,-0.13943113015063474,-0.16568114
2017-12-04 12:50:00,-0.1335617105970236,-0.13340011
2017-12-04 13:00:00,-0.131884733581706,-0.13047396
2017-12-04 13:10:00,-0.16458578675866242,-0.13079062
2017-12-04 13:20:00,-0.20315625948923002,-0.18071038
2017-12-04 13:30:00,-0.22076451815006345,-0.21411887
2017-12-04 13:40:00,-0.26268894491126576,-0.24345285
2017-12-04 13:50:00,-0.26101196789594866,-0.2845816
2017-12-04 14:00:00,-0.19141741900374223,-0.27684936
2017-12-04 14:10:00,-0.19560986154203577,-0.188797
2017-12-04 14:20:00,-0.19225590751140054,-0.18998587
2017-12-04 14:30:00,-0.20483323650454713,-0.19120425
2017-12-04 14:40:00,-0.21154114456581707,-0.2046139
2017-12-04 14:50:00,-0.2534655713270199,-0.21017328
2017-12-04 15:00:00,-0.2886820900269523,-0.248128
2017-12-04 15:10:00,-0.2526270828193611,-0.304357
2017-12-04 15:20:00,-0.2719123184955121,-0.25337264
2017-12-04 15:30:00,-0.2903590670422699,-0.27906883
2017-12-04 15:40:00,-0.29790546361119863,-0.2996924
2017-12-04 15:50:00,-0.30042092913417456,-0.30694413
2017-12-04 16:00:00,-0.3314450052958134,-0.3131127
2017-12-04 16:10:00,-0.29958244062651573,-0.350909
2017-12-04 16:20:00,-0.3113212797337385,-0.30441388
2017-12-04 16:30:00,-0.2802972035720992,-0.3260355
2017-12-04 16:40:00,-0.20315625948923002,-0.24801284
2017-12-04 16:50:00,-0.14278508418126948,-0.11833595
2017-12-04 17:00:00,-0.0396509949827138,-0.030760746
2017-12-04 17:10:00,0.23872719782958138,0.18744484
2017-12-04 17:20:00,0.664679373502876,0.537856
2017-12-04 17:30:00,0.949765475754706,0.9811722
2017-12-04 17:40:00,1.0009132761001542,1.1419754
2017-12-04 17:50:00,1.0051057186384482,1.0484151
2017-12-04 18:00:00,0.9447345433304882,1.031692
2017-12-04 18:10:00,0.9506039642623648,0.9536361
2017-12-04 18:20:00,0.9338341927309237,0.97182643
2017-12-04 18:30:00,0.9355111697462414,0.9345912
2017-12-04 18:40:00,0.9405421007921942,0.933238
2017-12-04 18:50:00,0.8994561625386507,0.927181
2017-12-04 19:00:00,0.8910712774620626,0.8819635
2017-12-04 19:10:00,0.8902327889544038,0.8652868
2017-12-04 19:20:00,0.8734630188012297,0.8644661
2017-12-04 19:30:00,0.8122533549856108,0.83161545
2017-12-04 19:40:00,0.7803907916945783,0.76063
2017-12-04 19:50:00,0.7896141652788241,0.7390584
2017-12-04 20:00:00,0.7686519512090909,0.76245886
2017-12-04 20:10:00,0.8088994009549756,0.7461721
2017-12-04 20:20:00,0.8340540575630028,0.8105225
2017-12-04 20:30:00,0.8256691724864157,0.8148167
2017-12-04 20:40:00,0.8047069584166816,0.8055009
2017-12-04 20:50:00,0.7267275244478876,0.76533127
2017-12-04 21:00:00,0.6747412355947806,0.6853936
2017-12-04 21:10:00,0.6227549467416736,0.63918334
2017-12-04 21:20:00,0.5078820184358952,0.5690241
2017-12-04 21:30:00,0.4290640959594424,0.44805261
2017-12-04 21:40:00,0.3544386160212836,0.35549518
2017-12-04 21:50:00,0.3519231504983072,0.2649956
2017-12-04 22:00:00,0.2957444191069062,0.2647389
2017-12-04 22:10:00,0.22195742767640625,0.20795347
2017-12-04 22:20:00,0.0953456588851395,0.14025378
2017-12-04 22:30:00,0.04503634704735013,0.0011606296
2017-12-04 22:40:00,-0.08241391025157492,-0.037380777
2017-12-04 22:50:00,-0.2257954491960158,-0.19583742
2017-12-04 23:00:00,-0.31215976824139685,-0.3431889
2017-12-04 23:10:00,-0.42284025538714726,-0.42757174
2017-12-04 23:20:00,-0.5444210917541956,-0.55281156
2017-12-04 23:30:00,-0.6249159912459655,-0.66896343
2017-12-04 23:40:00,-0.7213421723832513,-0.7364391
2017-12-04 23:50:00,-0.8244762629600729,-0.82714665
2017-12-05 00:00:00,-0.9049711624518428,-0.913265
2017-12-05 00:10:00,-0.9812736180270537,-0.9776406
2017-12-05 00:20:00,-1.05086816691926,-1.0389138
2017-12-05 00:30:00,-1.1439403940259112,-1.1199213
2017-12-05 00:40:00,-1.1724490046645741,-1.2114125
2017-12-05 00:50:00,-1.2303047130712927,-1.2302015
2017-12-05 01:00:00,-1.2739061168478125,-1.2916675
2017-12-05 01:10:00,-1.3300848482392136,-1.3225461
2017-12-05 01:20:00,-1.3443391528694124,-1.385476
2017-12-05 01:30:00,-1.4055488166850312,-1.3759841
2017-12-05 01:40:00,-1.4281880063918169,-1.4518332
2017-12-05 01:50:00,-1.4726278986759958,-1.45221
2017-12-05 02:00:00,-1.4826897621461663,-1.497696
2017-12-05 02:10:00,-1.4885591816997774,-1.4939473
2017-12-05 02:20:00,-1.4961055782687058,-1.5141479
2017-12-05 02:30:00,-1.521260234876734,-1.5093415
2017-12-05 02:40:00,-1.5438994245835198,-1.5381242
2017-12-05 02:50:00,-1.5824698973140874,-1.5507982
2017-12-05 03:00:00,-1.5749235007451585,-1.5936751
2017-12-05 03:10:00,-1.610140019445091,-1.5727636
2017-12-05 03:20:00,-1.6126554849680674,-1.616628
2017-12-05 03:30:00,-1.5975626904519442,-1.60544
2017-12-05 03:40:00,-1.6344561861671947,-1.5956954
2017-12-05 03:50:00,-1.639487117213147,-1.6396037
2017-12-05 04:00:00,-1.6218788585523136,-1.625446
2017-12-05 04:10:00,-1.6185249045216785,-1.599225
2017-12-05 04:20:00,-1.621040370044655,-1.6095592
2017-12-05 04:30:00,-1.6319407206442185,-1.6138518
2017-12-05 04:40:00,-1.6319407206442185,-1.6218405
2017-12-05 04:50:00,-1.6000781559749206,-1.6109709
2017-12-05 05:00:00,-1.5816314088064285,-1.5669675
2017-12-05 05:10:00,-1.5522843096601073,-1.5601557
2017-12-05 05:20:00,-1.5447379130911785,-1.5421196
2017-12-05 05:30:00,-1.4910746472227534,-1.5239745
2017-12-05 05:40:00,-1.356916481862559,-1.4513284
2017-12-05 05:50:00,-1.3736862520157336,-1.2922838
2017-12-05 06:00:00,-1.3728477635080747,-1.371408
2017-12-05 06:10:00,-1.3594319473855347,-1.3594877
2017-12-05 06:20:00,-1.3560779933549,-1.3535637
2017-12-05 06:30:00,-1.3577549703702172,-1.3432987
2017-12-05 06:40:00,-1.4198031213152298,-1.3619307
2017-12-05 06:50:00,-1.527129654430345,-1.4504956
2017-12-05 07:00:00,-1.4793358081155312,-1.544691
2017-12-05 07:10:00,-1.4248340523611822,-1.4517027
2017-12-05 07:20:00,-1.3602704358931936,-1.423782
2017-12-05 07:30:00,-1.351885550816606,-1.3416351
2017-12-05 07:40:00,-1.4105797477309836,-1.3485159
2017-12-05 07:50:00,-1.4424423124002812,-1.4166907
2017-12-05 08:00:00,-1.2940298410316224,-1.4293388
2017-12-05 08:10:00,-1.1883802863100899,-1.2297231
2017-12-05 08:20:00,-1.1221396914485187,-1.148159
2017-12-05 08:30:00,-1.0743458451337047,-1.0768335
2017-12-05 08:40:00,-1.0416447933350144,-1.0297375
2017-12-05 08:50:00,-0.9770811754887602,-1.00055
2017-12-05 09:00:00,-0.908325116482478,-0.9282727
2017-12-05 09:10:00,-0.8529848722204704,-0.8596584
2017-12-05 09:20:00,-0.8118989339669264,-0.7976612
2017-12-05 09:30:00,-0.6987029826764655,-0.7578443
2017-12-05 09:40:00,-0.6291084337842591,-0.63489544
2017-12-05 09:50:00,-0.5670602828392469,-0.5812502
2017-12-05 10:00:00,-0.5217819020474094,-0.524853
2017-12-05 10:10:00,-0.48572689483981824,-0.48210305
2017-12-05 10:20:00,-0.4270326979254408,-0.45206177
2017-12-05 10:30:00,-0.35408419500259963,-0.37488616
2017-12-05 10:40:00,-0.34234535589537735,-0.32004282
2017-12-05 10:50:00,-0.2752662725261469,-0.3119678
2017-12-05 11:00:00,-0.1998023054585948,-0.23929967
2017-12-05 11:10:00,-0.1763246258658847,-0.17717148
2017-12-05 11:20:00,-0.18219404541949585,-0.16338181
2017-12-05 11:30:00,-0.16877822929695596,-0.18070465
2017-12-05 11:40:00,-0.12098438298214251,-0.15763432
2017-12-05 11:50:00,-0.1310462450740472,-0.10606479
2017-12-05 12:00:00,-0.13859264164297594,-0.13030493
2017-12-05 12:10:00,-0.12936926805872956,-0.14409828
2017-12-05 12:20:00,-0.10253763443538477,-0.12002861
2017-12-05 12:30:00,-0.0924757723434796,-0.067612685
2017-12-05 12:40:00,-0.05725925364354724,-0.082101785
2017-12-05 12:50:00,-0.07486751368264616,-0.04704565
2017-12-05 13:00:00,-0.0782214677132814,-0.08652348
2017-12-05 13:10:00,-0.08828332980518606,-0.091444835
2017-12-05 13:20:00,-0.11343798641321375,-0.092857234
2017-12-05 13:30:00,-0.15033148075019823,-0.12197944
2017-12-05 13:40:00,-0.20399474799688883,-0.17087403
2017-12-05 13:50:00,-0.20986416755049997,-0.23190609
2017-12-05 14:00:00,-0.20315625948923002,-0.22519103
2017-12-05 14:10:00,-0.1847095109424723,-0.22812352
2017-12-05 14:20:00,-0.1998023054585948,-0.20107588
2017-12-05 14:30:00,-0.15368543478083346,-0.21935833
2017-12-05 14:40:00,-0.17716311437354354,-0.15952615
2017-12-05 14:50:00,-0.21154114456581707,-0.1689755
2017-12-05 15:00:00,-0.23166486874962694,-0.21878967
2017-12-05 15:10:00,-0.281135692079758,-0.2495821
2017-12-05 15:20:00,-0.30209790614949217,-0.30845442
2017-12-05 15:30:00,-0.32557558436393674,-0.3099255
2017-12-05 15:40:00,-0.3775618745953097,-0.33151942
2017-12-05 15:50:00,-0.389300713702532,-0.3957573
2017-12-05 16:00:00,-0.4127783919169766,-0.41819942
2017-12-05 16:10:00,-0.37169245366343306,-0.4284425
2017-12-05 16:20:00,-0.3456993099260121,-0.36222646
2017-12-05 16:30:00,-0.2668813874495598,-0.33299354
2017-12-05 16:40:00,-0.19728683855735338,-0.23680596
2017-12-05 16:50:00,-0.15200845776551583,-0.1479779
2017-12-05 17:00:00,-0.0790599562209397,-0.050614793
2017-12-05 17:10:00,0.15236287878419932,0.11686044
2017-12-05 17:20:00,0.5716071463962245,0.46354508
2017-12-05 17:30:00,0.8516623162238367,0.9102969
2017-12-05 17:40:00,0.9598273378466108,1.0484099
2017-12-05 17:50:00,0.9707276884461742,1.024142
2017-12-05 18:00:00,0.9405421007921942,1.0113207
2017-12-05 18:10:00,0.9480884973611224,0.950592
2017-12-05 18:20:00,0.9472500088534637,0.9668009
2017-12-05 18:30:00,0.9547964068006579,0.95937616
2017-12-05 18:40:00,0.8969406970156742,0.95866483
2017-12-05 18:50:00,0.9070025604858449,0.8950975
2017-12-05 19:00:00,0.8994561625386507,0.892868
2017-12-05 19:10:00,0.8709475532782532,0.8915514
2017-12-05 19:20:00,0.8457928966702251,0.86339855
2017-12-05 19:30:00,0.8223152184557805,0.816996
2017-12-05 19:40:00,0.7996760273707297,0.787906
2017-12-05 19:50:00,0.7938066078171181,0.75550383
2017-12-05 20:00:00,0.7787138146792606,0.7630804
2017-12-05 20:10:00,0.8189612644251463,0.7434622
2017-12-05 20:20:00,0.8323770805476852,0.8248402
2017-12-05 20:30:00,0.8038684699090228,0.80606335
2017-12-05 20:40:00,0.7745213721409676,0.776766
2017-12-05 20:50:00,0.6957034496645148,0.7504052
2017-12-05 21:00:00,0.6403632067807725,0.66166013
2017-12-05 21:10:00,0.6043081995731809,0.59118474
2017-12-05 21:20:00,0.5380676047116092,0.5569591
2017-12-05 21:30:00,0.478534919289574,0.47715655
2017-12-05 21:40:00,0.404747927859073,0.41728282
2017-12-05 21:50:00,0.3863011806905813,0.3309701
2017-12-05 22:00:00,0.3452152424370378,0.31511283
2017-12-05 22:10:00,0.2538199923457039,0.26719856
2017-12-05 22:20:00,0.14146252818463584,0.16482778
2017-12-05 22:30:00,0.02575111137119958,0.05736638
2017-12-05 22:40:00,-0.06983658263669383,-0.07781064
2017-12-05 22:50:00,-0.1612318327280272,-0.1789915
2017-12-05 23:00:00,-0.28616662312571034,-0.27280438
2017-12-05 23:10:00,-0.39517013325614314,-0.40628695
2017-12-05 23:20:00,-0.4597337497241317,-0.50650233
2017-12-05 23:30:00,-0.6005998245238622,-0.5752779
2017-12-05 23:40:00,-0.7054108907377354,-0.7251149
2017-12-05 23:50:00,-0.8085449799362916,-0.80200315
2017-12-06 00:00:00,-0.9016172070429427,-0.9019777
2017-12-06 00:10:00,-1.0039128091121055,-0.9794947
2017-12-06 00:20:00,-1.0324214183725025,-1.0777072
2017-12-06 00:30:00,-1.086084685619193,-1.0917758
2017-12-06 00:40:00,-1.1892187748177487,-1.1610469
2017-12-06 00:50:00,-1.2026345909402887,-1.2606894
2017-12-06 01:00:00,-1.2621672777405903,-1.2648035
2017-12-06 01:10:00,-1.3099611240554037,-1.3227117
2017-12-06 01:20:00,-1.3711707864927571,-1.3593141
2017-12-06 01:30:00,-1.3854250911229558,-1.4180123
2017-12-06 01:40:00,-1.41309521325396,-1.4199969
2017-12-06 01:50:00,-1.4516656859845276,-1.4663048
2017-12-06 02:00:00,-1.4784973196078723,-1.4753464
2017-12-06 02:10:00,-1.521260234876734,-1.506081
2017-12-06 02:20:00,-1.572408035222182,-1.5444065
2017-12-06 02:30:00,-1.5581537292137184,-1.6065422
2017-12-06 02:40:00,-1.590016293883016,-1.5676605
2017-12-06 02:50:00,-1.5967242019442855,-1.6171451
2017-12-06 03:00:00,-1.6302637436289007,-1.6004021
2017-12-06 03:10:00,-1.6176864160140196,-1.6444159
2017-12-06 03:20:00,-1.633617697659536,-1.6124166
2017-12-06 03:30:00,-1.6411640942284642,-1.6358587
2017-12-06 03:40:00,-1.6319407206442185,-1.6460736
2017-12-06 03:50:00,-1.6235558355676307,-1.6283809
2017-12-06 04:00:00,-1.6168479275063607,-1.6258813
2017-12-06 04:10:00,-1.6260713010906072,-1.6074053
2017-12-06 04:20:00,-1.614332461983385,-1.6282656
2017-12-06 04:30:00,-1.6185249045216785,-1.6012343
2017-12-06 04:40:00,-1.6084630410515084,-1.6208993
2017-12-06 04:50:00,-1.577438966268135,-1.5965352
2017-12-06 05:00:00,-1.5405454705528845,-1.5637108
2017-12-06 05:10:00,-1.5397069820452263,-1.5261263
2017-12-06 05:20:00,-1.5464148901064956,-1.5253216
2017-12-06 05:30:00,-1.5070059288682698,-1.5381993
2017-12-06 05:40:00,-1.395486954593126,-1.4744292
2017-12-06 05:50:00,-1.4147721902692771,-1.3353683
2017-12-06 06:00:00,-1.4273495178841582,-1.4099525
2017-12-06 06:10:00,-1.3871020681382735,-1.4250921
2017-12-06 06:20:00,-1.346016131262995,-1.380838
2017-12-06 06:30:00,-1.3384697333158007,-1.3425559
2017-12-06 06:40:00,-1.4281880063918169,-1.3471555
2017-12-06 06:50:00,-1.5279681429380034,-1.4681839
2017-12-06 07:00:00,-1.5002980208069998,-1.5549331
2017-12-06 07:10:00,-1.4793358081155312,-1.4948462
2017-12-06 07:20:00,-1.4365728928466701,-1.4918238
2017-12-06 07:30:00,-1.3988409086237612,-1.4257125
2017-12-06 07:40:00,-1.4298649834071346,-1.4030939
2017-12-06 07:50:00,-1.4508271974768687,-1.4435381
2017-12-06 08:00:00,-1.384586602615297,-1.4312545
2017-12-06 08:10:00,-1.278098559386106,-1.3325707
2017-12-06 08:20:00,-1.1799954012335028,-1.229691
2017-12-06 08:30:00,-1.0953080592034388,-1.1481965
2017-12-06 08:40:00,-1.0181671137423036,-1.0460821
2017-12-06 08:50:00,-0.9821121065347125,-0.97299284
2017-12-06 09:00:00,-0.9301258176816051,-0.95805883
2017-12-06 09:10:00,-0.8085449799362916,-0.87364066
2017-12-06 09:20:00,-0.7255346149215454,-0.74490786
2017-12-06 09:30:00,-0.7045724022300767,-0.6634444
2017-12-06 09:40:00,-0.6224005257229891,-0.6614405
2017-12-06 09:50:00,-0.6156926176617192,-0.58039284
2017-12-06 10:00:00,-0.5611908632856358,-0.5957275
2017-12-06 10:10:00,-0.5502905113078068,-0.53029716
2017-12-06 10:20:00,-0.5117200399555047,-0.5220737
2017-12-06 10:30:00,-0.4270326979254408,-0.4804942
2017-12-06 10:40:00,-0.39600862176380197,-0.40297496
2017-12-06 10:50:00,-0.36330756858684554,-0.3722843
2017-12-06 11:00:00,-0.37336943067875067,-0.3352613
2017-12-06 11:10:00,-0.33060651678815456,-0.36349785
2017-12-06 11:20:00,-0.28952057853461105,-0.33473802
2017-12-06 11:30:00,-0.255142548342337,-0.2904235
2017-12-06 11:40:00,-0.24508068625043233,-0.2520845
2017-12-06 11:50:00,-0.22998789173430934,-0.23637725
2017-12-06 12:00:00,-0.24759615177340874,-0.2331402
2017-12-06 12:10:00,-0.19896381695093598,-0.24322738
2017-12-06 12:20:00,-0.1712936948199324,-0.17479476
2017-12-06 12:30:00,-0.19141741900374223,-0.16731887
2017-12-06 12:40:00,-0.16374729825100362,-0.19027656
2017-12-06 12:50:00,-0.12853077955107126,-0.15258034
2017-12-06 13:00:00,-0.12433833701277723,-0.11717551
2017-12-06 13:10:00,-0.12098438298214251,-0.12167589
2017-12-06 13:20:00,-0.13775415313531714,-0.11400524
2017-12-06 13:30:00,-0.14194659567361068,-0.14867166
2017-12-06 13:40:00,-0.15620090168207487,-0.16593048
2017-12-06 13:50:00,-0.1603933442203684,-0.17443715
2017-12-06 14:00:00,-0.16793974078929716,-0.1758517
2017-12-06 14:10:00,-0.14446206119658708,-0.16724181
2017-12-06 14:20:00,-0.1595548557127101,-0.16414985
2017-12-06 14:30:00,-0.20483323650454713,-0.17614588
2017-12-06 14:40:00,-0.20483323650454713,-0.23350124
2017-12-06 14:50:00,-0.23501882278026215,-0.20293756
2017-12-06 15:00:00,-0.27778173804912326,-0.22903179
2017-12-06 15:10:00,-0.28952057853461105,-0.2938074
2017-12-06 15:20:00,-0.3046133716724686,-0.3107451
2017-12-06 15:30:00,-0.31551372227203206,-0.32382813
2017-12-06 15:40:00,-0.34066837888005974,-0.32782537
2017-12-06 15:50:00,-0.38678524817955606,-0.3612852
2017-12-06 16:00:00,-0.39600862176380197,-0.3968158
2017-12-06 16:10:00,-0.3448608214183533,-0.40213782
2017-12-06 16:20:00,-0.34402233291069445,-0.34220237
2017-12-06 16:30:00,-0.2836511576027344,-0.33565655
2017-12-06 16:40:00,-0.1998023054585948,-0.25011465
2017-12-06 16:50:00,-0.1721321833275912,-0.13774101
2017-12-06 17:00:00,-0.05390529961291201,-0.0777269
2017-12-06 17:10:00,0.18170997793052154,0.14253545
2017-12-06 17:20:00,0.6185625042033795,0.44529405
2017-12-06 17:30:00,0.8726245302935709,0.9759215
2017-12-06 17:40:00,0.9388651237768766,1.0730288
2017-12-06 17:50:00,0.949765475754706,1.0002536
2017-12-06 18:00:00,0.9531194297853403,1.0052016
2017-12-06 18:10:00,0.9489269872470473,0.9696809
2017-12-06 18:20:00,0.9472500088534637,0.94781554
2017-12-06 18:30:00,0.9640197803849048,0.95245355
2017-12-06 18:40:00,0.941380589299853,0.97442913
2017-12-06 18:50:00,0.9145489570547732,0.926677
2017-12-06 19:00:00,0.9204183766083839,0.88866496
2017-12-06 19:10:00,0.911195003024138,0.889959
2017-12-06 19:20:00,0.9170644225777497,0.8832437
2017-12-06 19:30:00,0.8541777817468131,0.90621096
2017-12-06 19:40:00,0.8105763779702932,0.8175166
2017-12-06 19:50:00,0.7870986997558487,0.76898926
2017-12-06 20:00:00,0.7518821810559158,0.74959683
2017-12-06 20:10:00,0.8248306839787569,0.72412586
2017-12-06 20:20:00,0.8424389426395908,0.8400247
2017-12-06 20:30:00,0.8256691724864157,0.82844794
2017-12-06 20:40:00,0.785421722740531,0.81240135
2017-12-06 20:50:00,0.7024113577257842,0.7578216
2017-12-06 21:00:00,0.6412016952884314,0.6607273
2017-12-06 21:10:00,0.6227549467416736,0.5900818
2017-12-06 21:20:00,0.5674147038579315,0.5723041
2017-12-06 21:30:00,0.5020125975040185,0.5001944
2017-12-06 21:40:00,0.4433184005896411,0.4448678
2017-12-06 21:50:00,0.4257101419288072,0.3888942
2017-12-06 22:00:00,0.36869292065148235,0.35543612
2017-12-06 22:10:00,0.28903651104563677,0.28331202
2017-12-06 22:20:00,0.1892563744994498,0.19735292
2017-12-06 22:30:00,0.0953456588851395,0.09752912
2017-12-06 22:40:00,-0.03042762139846743,-0.021127159
2017-12-06 22:50:00,-0.12517682552043605,-0.1487515
2017-12-06 23:00:00,-0.2584965023729722,-0.24005099
2017-12-06 23:10:00,-0.3809158286259444,-0.3837073
2017-12-06 23:20:00,-0.5033351535006516,-0.5023727
2017-12-06 23:30:00,-0.6249159912459655,-0.644385
2017-12-06 23:40:00,-0.7037339137224179,-0.7486782
2017-12-06 23:50:00,-0.7850673017218466,-0.80567706
2017-12-07 00:00:00,-0.893232321966355,-0.874472
2017-12-07 00:10:00,-0.977919663996419,-0.9789617
2017-12-07 00:20:00,-1.0617685175188236,-1.0569706
2017-12-07 00:30:00,-1.1137548063719311,-1.143105
2017-12-07 00:40:00,-1.1741259816798917,-1.1847748
2017-12-07 00:50:00,-1.2219198279947052,-1.2436025
2017-12-07 01:00:00,-1.314992055101356,-1.2969602
2017-12-07 01:10:00,-1.3367927563004836,-1.3851731
2017-12-07 01:20:00,-1.3795556715693447,-1.3779358
2017-12-07 01:30:00,-1.4097412592233247,-1.4209161
2017-12-07 01:40:00,-1.4449577779232576,-1.4575242
2017-12-07 01:50:00,-1.4843667391614834,-1.4872937
2017-12-07 02:00:00,-1.4986210437916823,-1.5219575
2017-12-07 02:10:00,-1.5397069820452263,-1.5341187
2017-12-07 02:20:00,-1.6067860640361906,-1.569363
2017-12-07 02:30:00,-1.7032122465517423,-1.6408125
2017-12-07 02:40:00,-1.6923118945739128,-1.7303689
2017-12-07 02:50:00,-1.6478720022897342,-1.6865212
2017-12-07 03:00:00,-1.6646417738211747,-1.6524533
2017-12-07 03:10:00,-1.6696727048671272,-1.6882268
2017-12-07 03:20:00,-1.6587723542675636,-1.6842741
2017-12-07 03:30:00,-1.6713496818824447,-1.6699089
2017-12-07 03:40:00,-1.7090816661053536,-1.6810888
2017-12-07 03:50:00,-1.6688342163594683,-1.7106317
2017-12-07 04:00:00,-1.6512259563203695,-1.663894
2017-12-07 04:10:00,-1.6688342163594683,-1.6479613
2017-12-07 04:20:00,-1.6663187508364918,-1.6833524
2017-12-07 04:30:00,-1.6352946746748531,-1.6540984
2017-12-07 04:40:00,-1.6537414232216108,-1.6308559
2017-12-07 04:50:00,-1.642002582736123,-1.6555969
2017-12-07 05:00:00,-1.6126554849680674,-1.6269792
2017-12-07 05:10:00,-1.6076245525438495,-1.5928527
2017-12-07 05:20:00,-1.622717347059972,-1.5936677
2017-12-07 05:30:00,-1.577438966268135,-1.6182404
2017-12-07 05:40:00,-1.4592120825534558,-1.5450517
2017-12-07 05:50:00,-1.4432808009079399,-1.406311
2017-12-07 06:00:00,-1.4617275480764322,-1.4299634
2017-12-07 06:10:00,-1.470950921660678,-1.4661924
2017-12-07 06:20:00,-1.4047103281773723,-1.4891776
2017-12-07 06:30:00,-1.393809977577809,-1.3926897
2017-12-07 06:40:00,-1.4223185868382058,-1.416009
2017-12-07 06:50:00,-1.5631846602596708,-1.4489762
2017-12-07 07:00:00,-1.535514539506932,-1.6089121
2017-12-07 07:10:00,-1.4935901127457298,-1.5213617
2017-12-07 07:20:00,-1.462566036584091,-1.5107003
2017-12-07 07:30:00,-1.4558581285228211,-1.4527131
2017-12-07 07:40:00,-1.4852052276691423,-1.4598145
2017-12-07 07:50:00,-1.5111983714065633,-1.505337
2017-12-07 08:00:00,-1.3837481141076382,-1.499441
2017-12-07 08:10:00,-1.3107996125630625,-1.3327583
2017-12-07 08:20:00,-1.2126964544104588,-1.2832239
2017-12-07 08:30:00,-1.1732874931722328,-1.1684116
2017-12-07 08:40:00,-1.088600151142169,-1.1563462
2017-12-07 08:50:00,-1.038290839304379,-1.0512756
2017-12-07 09:00:00,-0.9393491912658514,-0.9967995
2017-12-07 09:10:00,-0.8462769641592004,-0.8800416
2017-12-07 09:20:00,-0.7942906753060929,-0.80676055
2017-12-07 09:30:00,-0.6760637915914143,-0.7595986
2017-12-07 09:40:00,-0.6618094869612156,-0.6282962
2017-12-07 09:50:00,-0.588860984038374,-0.6191771
2017-12-07 10:00:00,-0.5938919150843267,-0.5563066
2017-12-07 10:10:00,-0.5133970169708219,-0.5707058
2017-12-07 10:20:00,-0.46224921524710816,-0.47512347
2017-12-07 10:30:00,-0.4035550183327307,-0.43728673
2017-12-07 10:40:00,-0.3708539651557743,-0.3618038
2017-12-07 10:50:00,-0.3691769881404567,-0.34573534
2017-12-07 11:00:00,-0.3431838444030357,-0.34982347
2017-12-07 11:10:00,-0.2517885943117023,-0.3622118
2017-12-07 11:20:00,-0.24424219774277353,-0.23612835
2017-12-07 11:30:00,-0.2241184721806982,-0.2685851
2017-12-07 11:40:00,-0.1746476488505671,-0.22084701
2017-12-07 11:50:00,-0.18051706840417825,-0.18238239
2017-12-07 12:00:00,-0.23082638024196814,-0.19278237
2017-12-07 12:10:00,-0.1721321833275912,-0.24033995
2017-12-07 12:20:00,-0.15703939018973367,-0.17164047
2017-12-07 12:30:00,-0.18219404541949585,-0.15574695
2017-12-07 12:40:00,-0.16710125228163836,-0.19700763
2017-12-07 12:50:00,-0.18806346497310703,-0.15805642
2017-12-07 13:00:00,-0.224956960688357,-0.21085972
2017-12-07 13:10:00,-0.26185045640360693,-0.25958288
2017-12-07 13:20:00,-0.26939685297253574,-0.2986867
2017-12-07 13:30:00,-0.26017347938828983,-0.2920764
2017-12-07 13:40:00,-0.31215976824139685,-0.28118908
2017-12-07 13:50:00,-0.3490532639566473,-0.3611749
2017-12-07 14:00:00,-0.29874395211885746,-0.3768813
2017-12-07 14:10:00,-0.3062903486877857,-0.3142798
2017-12-07 14:20:00,-0.31215976824139685,-0.30864453
2017-12-07 14:30:00,-0.3096443027184209,-0.3338697
2017-12-07 14:40:00,-0.28616662312571034,-0.3184232
2017-12-07 14:50:00,-0.3431838444030357,-0.2853017
2017-12-07 15:00:00,-0.3876237366872144,-0.35323182
2017-12-07 15:10:00,-0.3607921030638696,-0.40253085
2017-12-07 15:20:00,-0.36666152261748075,-0.377538
2017-12-07 15:30:00,-0.4018780413174131,-0.38841566
2017-12-07 15:40:00,-0.4169708344552706,-0.43144202
2017-12-07 15:50:00,-0.4127783919169766,-0.43103158
2017-12-07 16:00:00,-0.41780932296292944,-0.41743493
2017-12-07 16:10:00,-0.4136168804246354,-0.44120145
2017-12-07 16:20:00,-0.3725309421710919,-0.43505585
2017-12-07 16:30:00,-0.3431838444030357,-0.3375374
2017-12-07 16:40:00,-0.255142548342337,-0.306916
2017-12-07 16:50:00,-0.15452392466675727,-0.17324415
2017-12-07 17:00:00,-0.02204273632188037,-0.036290716
2017-12-07 17:10:00,0.19596428256071927,0.19419986
2017-12-07 17:20:00,0.6219164582340149,0.4939164
2017-12-07 17:30:00,0.9095180260088204,0.94201094
2017-12-07 17:40:00,0.9833050160610554,1.0786406
2017-12-07 17:50:00,1.0017517646078131,1.0503639
2017-12-07 18:00:00,0.9749201309844683,1.0340457
2017-12-07 18:10:00,0.9824665275533965,1.0071412
2017-12-07 18:20:00,0.9816280390457377,1.009692
2017-12-07 18:30:00,0.9724046654614918,0.9754722
2017-12-07 18:40:00,0.9682122229231978,0.9595361
2017-12-07 18:50:00,0.9623428033695872,0.95731115
2017-12-07 19:00:00,0.9547964068006579,0.957755
2017-12-07 19:10:00,0.9556348953083167,0.93863815
2017-12-07 19:20:00,0.8910712774620626,0.939812
2017-12-07 19:30:00,0.8617241796940074,0.8570206
2017-12-07 19:40:00,0.807222423939658,0.82494855
2017-12-07 19:50:00,0.7996760273707297,0.7792729
2017-12-07 20:00:00,0.781229280202237,0.7626263
2017-12-07 20:10:00,0.8407619656242733,0.7549788
2017-12-07 20:20:00,0.8382465001012969,0.8428642
2017-12-07 20:30:00,0.8307001035323686,0.8210969
2017-12-07 20:40:00,0.8013530043860464,0.80478036
2017-12-07 20:50:00,0.7569131121018676,0.7555312
2017-12-07 21:00:00,0.6713872815641454,0.72448707
2017-12-07 21:10:00,0.6420401837960902,0.63084006
2017-12-07 21:20:00,0.5925693590876926,0.59523994
2017-12-07 21:30:00,0.5196208575431175,0.53363705
2017-12-07 21:40:00,0.43828746954368825,0.4674124
2017-12-07 21:50:00,0.404747927859073,0.33806062
2017-12-07 22:00:00,0.30329081567583444,0.30797312
2017-12-07 22:10:00,0.24543510726911683,0.2029891
2017-12-07 22:20:00,0.19093335151476742,0.1498298
2017-12-07 22:30:00,0.10373054396172757,0.101420715
2017-12-07 22:40:00,0.006465874316783042,0.009328999
2017-12-07 22:50:00,-0.12769229104341245,-0.08539304
2017-12-07 23:00:00,-0.24424219774277353,-0.2471258
2017-12-07 23:10:00,-0.34234535589537735,-0.35529956
2017-12-07 23:20:00,-0.4555413071858382,-0.47009128
2017-12-07 23:30:00,-0.549452022800148,-0.57624453
2017-12-07 23:40:00,-0.650909136361652,-0.6509509
2017-12-07 23:50:00,-0.7649435761597717,-0.7716851
2017-12-08 00:00:00,-0.8529848722204704,-0.87168545
2017-12-08 00:10:00,-0.9301258176816051,-0.93872166
2017-12-08 00:20:00,-1.0064282746350814,-0.9982543
2017-12-08 00:30:00,-1.0676379370724347,-1.0866424
2017-12-08 00:40:00,-1.1313630664110301,-1.1417046
2017-12-08 00:50:00,-1.1791569127258439,-1.2072796
2017-12-08 01:00:00,-1.2244352935176814,-1.2399489
2017-12-08 01:10:00,-1.2688751858018603,-1.2865672
2017-12-08 01:20:00,-1.3166690321166736,-1.3308476
2017-12-08 01:30:00,-1.365301366939146,-1.3726891
2017-12-08 01:40:00,-1.3736862520157336,-1.4074234
2017-12-08 01:50:00,-1.4080642822080072,-1.3967122
2017-12-08 02:00:00,-1.4508271974768687,-1.4490671
2017-12-08 02:10:00,-1.4659199906147258,-1.4849409
2017-12-08 02:20:00,-1.528806631445662,-1.4875982
2017-12-08 02:30:00,-1.5606691947366944,-1.5479838
2017-12-08 02:40:00,-1.579954431791111,-1.5693327
2017-12-08 02:50:00,-1.5891778053753574,-1.5978378
2017-12-08 03:00:00,-1.622717347059972,-1.5978513
2017-12-08 03:10:00,-1.6319407206442185,-1.6298324
2017-12-08 03:20:00,-1.6378101401978296,-1.6258625
2017-12-08 03:30:00,-1.6713496818824447,-1.637069
2017-12-08 03:40:00,-1.6721881703901036,-1.6709641
2017-12-08 03:50:00,-1.6545799117292697,-1.6481477
2017-12-08 04:00:00,-1.6352946746748531,-1.6381801
2017-12-08 04:10:00,-1.652902933335687,-1.618204
2017-12-08 04:20:00,-1.6352946746748531,-1.6594213
2017-12-08 04:30:00,-1.6311022321365596,-1.6179808
2017-12-08 04:40:00,-1.6386486287054882,-1.6043893
2017-12-08 04:50:00,-1.6084630410515084,-1.631107
2017-12-08 05:00:00,-1.585823851344722,-1.5839025
2017-12-08 05:10:00,-1.5740850122374996,-1.5588224
2017-12-08 05:20:00,-1.586662339852381,-1.5465087
2017-12-08 05:30:00,-1.583308385821746,-1.5639685
2017-12-08 05:40:00,-1.4575351055381387,-1.5395819
2017-12-08 05:50:00,-1.4516656859845276,-1.3754809
2017-12-08 06:00:00,-1.4734663871836544,-1.43622
2017-12-08 06:10:00,-1.4575351055381387,-1.4632261
2017-12-08 06:20:00,-1.4365728928466701,-1.44236
2017-12-08 06:30:00,-1.3971639316084437,-1.4257957
2017-12-08 06:40:00,-1.4399268468773048,-1.3969992
2017-12-08 06:50:00,-1.5413839590605434,-1.4638078
2017-12-08 07:00:00,-1.528806631445662,-1.5532726
2017-12-08 07:10:00,-1.4659199906147258,-1.5102199
2017-12-08 07:20:00,-1.4541811515075034,-1.4613444
2017-12-08 07:30:00,-1.4600505710611147,-1.4558717
2017-12-08 07:40:00,-1.4852052276691423,-1.4532231
2017-12-08 07:50:00,-1.4902361587150945,-1.4733297
2017-12-08 08:00:00,-1.4307034719147933,-1.4779087
2017-12-08 08:10:00,-1.3250539171932614,-1.381848
2017-12-08 08:20:00,-1.2185658739640703,-1.2623442
2017-12-08 08:30:00,-1.1347170204416652,-1.1556141
2017-12-08 08:40:00,-1.0735073566260465,-1.085746
2017-12-08 08:50:00,-1.0366138622890615,-1.0472196
2017-12-08 09:00:00,-1.004751297619764,-1.0012778
2017-12-08 09:10:00,-0.8588542917740815,-0.9430729
2017-12-08 09:20:00,-0.8160913778834854,-0.7502484
2017-12-08 09:30:00,-0.7682975301904065,-0.7832041
2017-12-08 09:40:00,-0.7397889209300095,-0.72534794
2017-12-08 09:50:00,-0.6517476248693108,-0.6989426
2017-12-08 10:00:00,-0.560352374777977,-0.5841069
2017-12-08 10:10:00,-0.5092045744325283,-0.53009593
2017-12-08 10:20:00,-0.5016581764853341,-0.45804363
2017-12-08 10:30:00,-0.452187353155203,-0.46907294
2017-12-08 10:40:00,-0.4035550183327307,-0.4150933
2017-12-08 10:50:00,-0.3901392022101908,-0.36729407
2017-12-08 11:00:00,-0.3364759363417662,-0.36482736
2017-12-08 11:10:00,-0.33228349380347216,-0.3111188
2017-12-08 11:20:00,-0.2937130210729046,-0.32481062
2017-12-08 11:30:00,-0.2534655713270199,-0.26897722
2017-12-08 11:40:00,-0.2148950985964523,-0.23574752
2017-12-08 11:50:00,-0.24508068625043233,-0.2043092
2017-12-08 12:00:00,-0.333121982311131,-0.24815483
2017-12-08 12:10:00,-0.43457909449436954,-0.35678226
2017-12-08 12:20:00,-0.38678524817955606,-0.45331395
2017-12-08 12:30:00,-0.4119399034093183,-0.39080566
2017-12-08 12:40:00,-0.4002010643020955,-0.43209773
2017-12-08 12:50:00,-0.4119399034093183,-0.40467113
2017-12-08 13:00:00,-0.39433164474848437,-0.413949
2017-12-08 13:10:00,-0.34402233291069445,-0.37179777
2017-12-08 13:20:00,-0.3230601188409608,-0.3298705
2017-12-08 13:30:00,-0.35492268351025846,-0.31663477
2017-12-08 13:40:00,-0.3356374478341074,-0.37360814
2017-12-08 13:50:00,-0.36666152261748075,-0.33165336
2017-12-08 14:00:00,-0.39433164474848437,-0.4003377
2017-12-08 14:10:00,-0.37840036310296854,-0.41536456
2017-12-08 14:20:00,-0.39349315624082554,-0.39524445
2017-12-08 14:30:00,-0.40858594937868303,-0.40763396
2017-12-08 14:40:00,-0.3809158286259444,-0.41096094
2017-12-08 14:50:00,-0.39349315624082554,-0.38432384
2017-12-08 15:00:00,-0.49243480290108815,-0.4005746
2017-12-08 15:10:00,-0.452187353155203,-0.52251387
2017-12-08 15:20:00,-0.4144553689322942,-0.42141956
2017-12-08 15:30:00,-0.43122514046373484,-0.41602898
2017-12-08 15:40:00,-0.45721828420115534,-0.4560349
2017-12-08 15:50:00,-0.48824236036279417,-0.48295918
2017-12-08 16:00:00,-0.46392619364069076,-0.49571437
2017-12-08 16:10:00,-0.4697956131943019,-0.4509152
2017-12-08 16:20:00,-0.47063410170196074,-0.4724117
2017-12-08 16:30:00,-0.3859467596718973,-0.47189388
2017-12-08 16:40:00,-0.3364759363417662,-0.34836435
2017-12-08 16:50:00,-0.2752662725261469,-0.26450965
2017-12-08 17:00:00,-0.16626276377398005,-0.17115134
2017-12-08 17:10:00,0.06599855973881828,0.021761525
2017-12-08 17:20:00,0.45924968223515744,0.35839868
2017-12-08 17:30:00,0.785421722740531,0.8053204
2017-12-08 17:40:00,0.8667551107399593,1.0211836
2017-12-08 17:50:00,0.8726245302935709,0.90817446
2017-12-08 18:00:00,0.8265076609940746,0.9253954
2017-12-08 18:10:00,0.8483083621932015,0.84148955
2017-12-08 18:20:00,0.8558547587621308,0.8826555
2017-12-08 18:30:00,0.8726245302935709,0.873904
2017-12-08 18:40:00,0.881009415370158,0.8814723
2017-12-08 18:50:00,0.8583702242851062,0.88357645
2017-12-08 19:00:00,0.819799752932804,0.8595228
2017-12-08 19:10:00,0.8256691724864157,0.8227499
2017-12-08 19:20:00,0.8122533549856108,0.8095181
2017-12-08 19:30:00,0.7778753261716018,0.7803545
2017-12-08 19:40:00,0.7451742729946453,0.739477
2017-12-08 19:50:00,0.7543976465788922,0.7096884
2017-12-08 20:00:00,0.7401433419486935,0.72459894
2017-12-08 20:10:00,0.811414866477952,0.7162615
2017-12-08 20:20:00,0.837408011593638,0.82388675
2017-12-08 20:30:00,0.7845832342328722,0.8464591
2017-12-08 20:40:00,0.737627876425717,0.7790829
2017-12-08 20:50:00,0.7049268232487607,0.7207737
2017-12-08 21:00:00,0.6403632067807725,0.6679361
2017-12-08 21:10:00,0.564899238334955,0.5922321
2017-12-08 21:20:00,0.5380676047116092,0.5123135
2017-12-08 21:30:00,0.46428061465937526,0.4912916
2017-12-08 21:40:00,0.44751084312793515,0.39631498
2017-12-08 21:50:00,0.41480978995097867,0.38865757
2017-12-08 22:00:00,0.35863105855957766,0.3530529
2017-12-08 22:10:00,0.30412930418349327,0.28278065
2017-12-08 22:20:00,0.2026721920002547,0.21983847
2017-12-08 22:30:00,0.1339161316157076,0.10725219
2017-12-08 22:40:00,0.03748995047842187,0.053269837
2017-12-08 22:50:00,-0.07067507114435263,-0.07040925
2017-12-08 23:00:00,-0.1612318327280272,-0.18588121
2017-12-08 23:10:00,-0.25933499088063106,-0.2772324
2017-12-08 23:20:00,-0.33731442484942453,-0.37325916
2017-12-08 23:30:00,-0.4438024680786154,-0.44772136
2017-12-08 23:40:00,-0.5938919150843267,-0.5470406
2017-12-08 23:50:00,-0.7037339137224179,-0.7253853
2017-12-09 00:00:00,-0.7867442787371641,-0.81745946
2017-12-09 00:10:00,-0.8404075446055893,-0.884499
2017-12-09 00:20:00,-0.9234179096203351,-0.9169618
2017-12-09 00:30:00,-0.9988818780661527,-1.0112599
2017-12-09 00:40:00,-1.0693149140877525,-1.0876838
2017-12-09 00:50:00,-1.1263321353650777,-1.1542331
2017-12-09 01:00:00,-1.2001191254173122,-1.1828166
2017-12-09 01:10:00,-1.265521231771225,-1.2706974
2017-12-09 01:20:00,-1.3116381010707214,-1.320213
2017-12-09 01:30:00,-1.3074456585324274,-1.3559301
2017-12-09 01:40:00,-1.3619474129085112,-1.3402404
2017-12-09 01:50:00,-1.4432808009079399,-1.4139953
2017-12-09 02:00:00,-1.4617275480764322,-1.4939723
2017-12-09 02:10:00,-1.4919131357304123,-1.495068
2017-12-09 02:20:00,-1.5522843096601073,-1.5240408
2017-12-09 02:30:00,-1.5782774547757932,-1.578422
2017-12-09 02:40:00,-1.602593621497897,-1.5987158
2017-12-09 02:50:00,-1.626909789598266,-1.6286947
2017-12-09 03:00:00,-1.6017551329902384,-1.640215
2017-12-09 03:10:00,-1.6235558355676307,-1.6011112
2017-12-09 03:20:00,-1.6118169964604085,-1.6385885
2017-12-09 03:30:00,-1.6327792091518771,-1.6193218
2017-12-09 03:40:00,-1.6537414232216108,-1.6414044
2017-12-09 03:50:00,-1.6621263082981983,-1.6516137
2017-12-09 04:00:00,-1.657095377252246,-1.6589202
2017-12-09 04:10:00,-1.6679957278518096,-1.6475583
2017-12-09 04:20:00,-1.6554184002369285,-1.6724476
2017-12-09 04:30:00,-1.6587723542675636,-1.6417302
2017-12-09 04:40:00,-1.6445180482590995,-1.6522619
2017-12-09 04:50:00,-1.6118169964604085,-1.6274459
2017-12-09 05:00:00,-1.6285867666135831,-1.5993012
2017-12-09 05:10:00,-1.620201881536996,-1.6191558
2017-12-09 05:20:00,-1.6017551329902384,-1.6033791
2017-12-09 05:30:00,-1.5807929202987696,-1.5839424
2017-12-09 05:40:00,-1.4491502204615512,-1.5563723
2017-12-09 05:50:00,-1.4047103281773723,-1.3881471
2017-12-09 06:00:00,-1.4499887089692098,-1.4009732
2017-12-09 06:10:00,-1.4416038238926223,-1.4625794
2017-12-09 06:20:00,-1.421480098330547,-1.4397658
2017-12-09 06:30:00,-1.4550196400151623,-1.4201115
2017-12-09 06:40:00,-1.542222447568202,-1.4745413
2017-12-09 06:50:00,-1.6688342163594683,-1.5755397
2017-12-09 07:00:00,-1.7216589937202347,-1.6985542
2017-12-09 07:10:00,-1.7040507350594007,-1.7215577
2017-12-09 07:20:00,-1.6696727048671272,-1.7176493
2017-12-09 07:30:00,-1.6436795597514406,-1.6755093
2017-12-09 07:40:00,-1.6503874678127106,-1.639892
2017-12-09 07:50:00,-1.6076245525438495,-1.6381308
2017-12-09 08:00:00,-1.5111983714065633,-1.588223
2017-12-09 08:10:00,-1.4843667391614834,-1.4610778
2017-12-09 08:20:00,-1.3963254431007848,-1.4387497
2017-12-09 08:30:00,-1.3242154286856025,-1.3449662
2017-12-09 08:40:00,-1.2529439027780784,-1.2714598
2017-12-09 08:50:00,-1.2126964544104588,-1.1859035
2017-12-09 09:00:00,-1.0793767761796575,-1.1484302
2017-12-09 09:10:00,-0.9376722142505338,-1.006632
2017-12-09 09:20:00,-0.8756240633055217,-0.8622831
2017-12-09 09:30:00,-0.8194453319141206,-0.81569475
2017-12-09 09:40:00,-0.7515277600372318,-0.75273573
2017-12-09 09:50:00,-0.6961875171534891,-0.69531286
2017-12-09 10:00:00,-0.6743868145760966,-0.6554773
2017-12-09 10:10:00,-0.6123386636310845,-0.63147575
2017-12-09 10:20:00,-0.5528059782090482,-0.5613104
2017-12-09 10:30:00,-0.4697956131943019,-0.50496966
2017-12-09 10:40:00,-0.3909776907178496,-0.43904486
2017-12-09 10:50:00,-0.3574381490332344,-0.3564968
2017-12-09 11:00:00,-0.3364759363417662,-0.33062488
2017-12-09 11:10:00,-0.3062903486877857,-0.30186164
2017-12-09 11:20:00,-0.29874395211885746,-0.27856797
2017-12-09 11:30:00,-0.2769432495414645,-0.29779643
2017-12-09 11:40:00,-0.23082638024196814,-0.27700225
2017-12-09 11:50:00,-0.2400497538262145,-0.22722994
2017-12-09 12:00:00,-0.18387102243481349,-0.24614581
2017-12-09 12:10:00,-0.2132181215811347,-0.18367057
2017-12-09 12:20:00,-0.16207032123568602,-0.20839052
2017-12-09 12:30:00,-0.12266135999745963,-0.1441249
2017-12-09 12:40:00,-0.06145169618184077,-0.10768428
2017-12-09 12:50:00,-0.064805650212476,-0.039413728
2017-12-09 13:00:00,-0.043843437521007333,-0.07097761
2017-12-09 13:10:00,-0.045520414536324945,-0.0388983
2017-12-09 13:20:00,-0.07654449069796378,-0.057973247
2017-12-09 13:30:00,-0.08576786428220964,-0.09362957
2017-12-09 13:40:00,-0.09750670338943193,-0.10738592
2017-12-09 13:50:00,-0.14362357268892828,-0.12383453
2017-12-09 14:00:00,-0.14446206119658708,-0.17249516
2017-12-09 14:10:00,-0.14446206119658708,-0.14581916
2017-12-09 14:20:00,-0.1763246258658847,-0.17212841
2017-12-09 14:30:00,-0.19309439601905934,-0.20695226
2017-12-09 14:40:00,-0.24424219774277353,-0.2038466
2017-12-09 14:50:00,-0.22998789173430934,-0.2671967
2017-12-09 15:00:00,-0.2257954491960158,-0.22456068
2017-12-09 15:10:00,-0.21154114456581707,-0.24675906
2017-12-09 15:20:00,-0.26939685297253574,-0.232456
2017-12-09 15:30:00,-0.29119755554992865,-0.29272312
2017-12-09 15:40:00,-0.31551372227203206,-0.290999
2017-12-09 15:50:00,-0.28448964611039324,-0.3121271
2017-12-09 16:00:00,-0.29874395211885746,-0.29993004
2017-12-09 16:10:00,-0.28616662312571034,-0.3013323
2017-12-09 16:20:00,-0.266042898941901,-0.28715473
2017-12-09 16:30:00,-0.20651021351986473,-0.25640023
2017-12-09 16:40:00,-0.11092252089023732,-0.17758313
2017-12-09 16:50:00,-0.03378157542910266,-0.032472894
2017-12-09 17:00:00,0.04671332406266774,0.071372725
2017-12-09 17:10:00,0.2546584808533627,0.2488178
2017-12-09 17:20:00,0.5976002915119114,0.50773656
2017-12-09 17:30:00,0.8323770805476852,0.8682834
2017-12-09 17:40:00,0.919579888100726,1.0260912
2017-12-09 17:50:00,0.8893943004467451,0.9919352
2017-12-09 18:00:00,0.9053255834705274,0.9445414
2017-12-09 18:10:00,0.8835248808931344,0.9455224
2017-12-09 18:20:00,0.8835248808931344,0.9019605
2017-12-09 18:30:00,0.8927482544773803,0.89771354
2017-12-09 18:40:00,0.885201857908452,0.90286046
2017-12-09 18:50:00,0.8483083621932015,0.87535286
2017-12-09 19:00:00,0.8231537069634394,0.822416
2017-12-09 19:10:00,0.8650781337246416,0.79126
2017-12-09 19:20:00,0.8139303320009275,0.8620154
2017-12-09 19:30:00,0.8382465001012969,0.78915036
2017-12-09 19:40:00,0.7996760273707297,0.804477
2017-12-09 19:50:00,0.7627825316554793,0.750056
2017-12-09 20:00:00,0.7644595086707969,0.7100071
2017-12-09 20:10:00,0.751043692548257,0.743706
2017-12-09 20:20:00,0.7242120589249121,0.73099494
2017-12-09 20:30:00,0.7141501968330065,0.67612207
2017-12-09 20:40:00,0.7284045028414712,0.68078566
2017-12-09 20:50:00,0.6504250688726773,0.7058182
2017-12-09 21:00:00,0.6177240156957208,0.61485493
2017-12-09 21:10:00,0.5875384280417407,0.56301016
2017-12-09 21:20:00,0.5489679553111727,0.5240636
2017-12-09 21:30:00,0.5070435285499704,0.49544194
2017-12-09 21:40:00,0.47769643078191515,0.45237157
2017-12-09 21:50:00,0.4584111937274986,0.4204592
2017-12-09 22:00:00,0.40642490487439065,0.376033
2017-12-09 22:10:00,0.34102279989874373,0.34067962
2017-12-09 22:20:00,0.25130452682272747,0.26000065
2017-12-09 22:30:00,0.19177184002242623,0.1754234
2017-12-09 22:40:00,0.10373054396172757,0.11257125
2017-12-09 22:50:00,0.03413599644778664,0.014052175
2017-12-09 23:00:00,-0.10421461145070189,-0.04912669
2017-12-09 23:10:00,-0.1998023054585948,-0.19648631
2017-12-09 23:20:00,-0.29287453256524576,-0.29267907
2017-12-09 23:30:00,-0.40607048385570665,-0.40851414
2017-12-09 23:40:00,-0.4957887569317229,-0.5284366
2017-12-09 23:50:00,-0.597245870493227,-0.5990116
2017-12-10 00:00:00,-0.7196651953679342,-0.68669695
2017-12-10 00:10:00,-0.7582356680985017,-0.8125659
2017-12-10 00:20:00,-0.8404075446055893,-0.83899677
2017-12-10 00:30:00,-0.9183869785743828,-0.93206984
2017-12-10 00:40:00,-0.9871430375806649,-0.99728805
2017-12-10 00:50:00,-1.0533836324422365,-1.0718697
2017-12-10 01:00:00,-1.1363939974569828,-1.1299548
2017-12-10 01:10:00,-1.2017961024326298,-1.2151225
2017-12-10 01:20:00,-1.2185658739640703,-1.2547504
2017-12-10 01:30:00,-1.2537823912857373,-1.2597576
2017-12-10 01:40:00,-1.302414727486475,-1.3120886
2017-12-10 01:50:00,-1.3166690321166736,-1.347871
2017-12-10 02:00:00,-1.352724039324265,-1.350052
2017-12-10 02:10:00,-1.4298649834071346,-1.3940046
2017-12-10 02:20:00,-1.4432808009079399,-1.4675183
2017-12-10 02:30:00,-1.4608890595687734,-1.4677011
2017-12-10 02:40:00,-1.4793358081155312,-1.4813846
2017-12-10 02:50:00,-1.4977825552840234,-1.5106107
2017-12-10 03:00:00,-1.5388684935375674,-1.5156938
2017-12-10 03:10:00,-1.5631846602596708,-1.5688456
2017-12-10 03:20:00,-1.6193633930293372,-1.5717474
2017-12-10 03:30:00,-1.6596108427752225,-1.6372252
2017-12-10 03:40:00,-1.683088520989667,-1.6518779
2017-12-10 03:50:00,-1.677219101436056,-1.6815237
2017-12-10 04:00:00,-1.6738651474054207,-1.6715428
2017-12-10 04:10:00,-1.6478720022897342,-1.6653459
2017-12-10 04:20:00,-1.6554184002369285,-1.63471
2017-12-10 04:30:00,-1.6118169964604085,-1.6531173
2017-12-10 04:40:00,-1.6042705985132142,-1.6092349
2017-12-10 04:50:00,-1.598401178959603,-1.6075023
2017-12-10 05:00:00,-1.6218788585523136,-1.581899
2017-12-10 05:10:00,-1.6084630410515084,-1.6116949
2017-12-10 05:20:00,-1.6093015295591666,-1.5982157
2017-12-10 05:30:00,-1.584146874329405,-1.5998662
2017-12-10 05:40:00,-1.4885591816997774,-1.5569638
2017-12-10 05:50:00,-1.4642430135994087,-1.4263977
2017-12-10 06:00:00,-1.499459532299341,-1.4521136
2017-12-10 06:10:00,-1.5011365093146587,-1.5056875
2017-12-10 06:20:00,-1.4919131357304123,-1.5012661
2017-12-10 06:30:00,-1.5070059288682698,-1.5008307
2017-12-10 06:40:00,-1.626909789598266,-1.5150117
2017-12-10 06:50:00,-1.806346335750298,-1.6618022
2017-12-10 07:00:00,-1.962305203687886,-1.852265
2017-12-10 07:10:00,-1.9924907899636006,-1.9836651
2017-12-10 07:20:00,-2.034415216724803,-1.9949752
2017-12-10 07:30:00,-2.0168069580639694,-2.0274363
2017-12-10 07:40:00,-1.9950062554865764,-1.996198
2017-12-10 07:50:00,-1.9757210198104254,-1.9637133
2017-12-10 08:00:00,-1.934635081556882,-1.9404373
2017-12-10 08:10:00,-1.8801333271807985,-1.8803321
2017-12-10 08:20:00,-1.7962844736583934,-1.8203139
2017-12-10 08:30:00,-1.756875512420167,-1.7362944
2017-12-10 08:40:00,-1.6814115439743493,-1.6943539
2017-12-10 08:50:00,-1.627748278105925,-1.6022484
2017-12-10 09:00:00,-1.512036859914222,-1.5542806
2017-12-10 09:10:00,-1.4457962664309159,-1.4203287
2017-12-10 09:20:00,-1.3342772907775071,-1.3769311
2017-12-10 09:30:00,-1.2152119199334352,-1.2476999
2017-12-10 09:40:00,-1.1498098135795223,-1.1093744
2017-12-10 09:50:00,-1.0324214183725025,-1.0647697
2017-12-10 10:00:00,-0.9200639555897003,-0.93642735
2017-12-10 10:10:00,-0.8186068434064618,-0.8445493
2017-12-10 10:20:00,-0.7355964783917155,-0.7182188
2017-12-10 10:30:00,-0.6810947226373666,-0.64560413
2017-12-10 10:40:00,-0.6349778533378703,-0.6098157
2017-12-10 10:50:00,-0.5930534265766679,-0.5737203
2017-12-10 11:00:00,-0.49243480290108815,-0.5432983
2017-12-10 11:10:00,-0.45889526121647295,-0.41177803
2017-12-10 11:20:00,-0.40774746087102426,-0.42139494
2017-12-10 11:30:00,-0.3675000111251395,-0.37342638
2017-12-10 11:40:00,-0.3691769881404567,-0.34093988
2017-12-10 11:50:00,-0.3658230341098219,-0.35966194
2017-12-10 12:00:00,-0.3993625757944372,-0.3395351
2017-12-10 12:10:00,-0.4002010643020955,-0.38901377
2017-12-10 12:20:00,-0.4127783919169766,-0.38706034
2017-12-10 12:30:00,-0.4765035212555719,-0.41500914
2017-12-10 12:40:00,-0.5284898101086793,-0.46982437
2017-12-10 12:50:00,-0.5066891075312864,-0.53123677
2017-12-10 13:00:00,-0.48908084887045294,-0.49703935
2017-12-10 13:10:00,-0.5050121305159693,-0.48051217
2017-12-10 13:20:00,-0.5343592296622904,-0.49996293
2017-12-10 13:30:00,-0.5142355054784806,-0.52701396
2017-12-10 13:40:00,-0.5175894595091158,-0.5131105
2017-12-10 13:50:00,-0.4983042224546993,-0.50699747
2017-12-10 14:00:00,-0.47734200976323066,-0.47339317
2017-12-10 14:10:00,-0.4689571246866436,-0.4333353
2017-12-10 14:20:00,-0.4555413071858382,-0.4270175
2017-12-10 14:30:00,-0.5033351535006516,-0.43593115
2017-12-10 14:40:00,-0.579637610454128,-0.51379067
2017-12-10 14:50:00,-0.6089847096004493,-0.6046554
2017-12-10 15:00:00,-0.6333008763225526,-0.5991957
2017-12-10 15:10:00,-0.6735483260684378,-0.6410683
2017-12-10 15:20:00,-0.6383318073685055,-0.6846358
2017-12-10 15:30:00,-0.6517476248693108,-0.6385379
2017-12-10 15:40:00,-0.6819332111450254,-0.6579968
2017-12-10 15:50:00,-0.7129572873066642,-0.6797589
2017-12-10 16:00:00,-0.7104418217836878,-0.72285223
2017-12-10 16:10:00,-0.731404035853422,-0.70289826
2017-12-10 16:20:00,-0.7171497298449577,-0.736168
2017-12-10 16:30:00,-0.7012184481994419,-0.68242323
2017-12-10 16:40:00,-0.629946922291918,-0.6572161
2017-12-10 16:50:00,-0.5159124824937983,-0.53814095
2017-12-10 17:00:00,-0.4220017668794884,-0.3906268
2017-12-10 17:10:00,-0.2274724262113334,-0.20293714
2017-12-10 17:20:00,0.18170997793052154,0.057104003
2017-12-10 17:30:00,0.4550572396968634,0.52020186
2017-12-10 17:40:00,0.5590298187813434,0.64829564
2017-12-10 17:50:00,0.5967618030042526,0.64560616
2017-12-10 18:00:00,0.6051466880808397,0.65043205
2017-12-10 18:10:00,0.5892154050570584,0.6268243
2017-12-10 18:20:00,0.5623837728119786,0.6062881
2017-12-10 18:30:00,0.595084824610669,0.59043944
2017-12-10 18:40:00,0.5892154050570584,0.6180965
2017-12-10 18:50:00,0.6244319237569902,0.59318566
2017-12-10 19:00:00,0.6370092513718714,0.62081504
2017-12-10 19:10:00,0.68144914365605,0.64083105
2017-12-10 19:20:00,0.6739027470871218,0.6884843
2017-12-10 19:30:00,0.6739027470871218,0.67776257
2017-12-10 19:40:00,0.6537790229033125,0.6526509
2017-12-10 19:50:00,0.6915110071262207,0.6222007
2017-12-10 20:00:00,0.7225350819095946,0.67832386
2017-12-10 20:10:00,0.6898340301109032,0.71718836
2017-12-10 20:20:00,0.6261089007723079,0.6695926
2017-12-10 20:30:00,0.6160470386804032,0.5959221
2017-12-10 20:40:00,0.6110161076344514,0.58237195
2017-12-10 20:50:00,0.5598683072890022,0.5807737
2017-12-10 21:00:00,0.5288442311273633,0.53002185
2017-12-10 21:10:00,0.5137514379895058,0.47766036
2017-12-10 21:20:00,0.4718270112283035,0.46425524
2017-12-10 21:30:00,0.44751084312793515,0.42514992
2017-12-10 21:40:00,0.374562340205093,0.42186627
2017-12-10 21:50:00,0.33263791482215666,0.33351517
2017-12-10 22:00:00,0.28652104414439433,0.27467364
2017-12-10 22:10:00,0.2269883587223591,0.22306204
2017-12-10 22:20:00,0.13810857415400163,0.16161552
2017-12-10 22:30:00,0.04419785853969132,0.075383835
2017-12-10 22:40:00,-0.06815960562137621,-0.0657149
2017-12-10 22:50:00,-0.1746476488505671,-0.18459092
2017-12-10 23:00:00,-0.2400497538262145,-0.28540826
2017-12-10 23:10:00,-0.3398298903724009,-0.33588535
2017-12-10 23:20:00,-0.4136168804246354,-0.447891
2017-12-10 23:30:00,-0.5201049250320918,-0.51126516
2017-12-10 23:40:00,-0.6400087857620881,-0.62407
2017-12-10 23:50:00,-0.702895425214759,-0.7318564
2017-12-11 00:00:00,-0.7758439281376007,-0.7853826
2017-12-11 00:10:00,-0.8915553449510375,-0.8673093
2017-12-11 00:20:00,-0.9879815260883237,-0.9830915
2017-12-11 00:30:00,-1.0558990979652125,-1.06147
2017-12-11 00:40:00,-1.1154317833872487,-1.1289968
2017-12-11 00:50:00,-1.1758029586952088,-1.1847864
2017-12-11 01:00:00,-1.2194043624717288,-1.2425724
2017-12-11 01:10:00,-1.2579748352022964,-1.269535
2017-12-11 01:20:00,-1.2864834444626938,-1.2966366
2017-12-11 01:30:00,-1.3577549703702172,-1.3255016
2017-12-11 01:40:00,-1.3678168324621225,-1.4063405
2017-12-11 01:50:00,-1.4013563741467376,-1.4041576
2017-12-11 02:00:00,-1.4248340523611822,-1.4286664
2017-12-11 02:10:00,-1.4818512736385077,-1.4473442
2017-12-11 02:20:00,-1.5019749978223174,-1.5119185
2017-12-11 02:30:00,-1.5036519748376345,-1.528352
2017-12-11 02:40:00,-1.3686553209697812,-1.5456685
2017-12-11 02:50:00,-1.3552395048472412,-1.4379569
2017-12-11 03:00:00,-1.365301366939146,-1.4139751
2017-12-11 03:10:00,-1.393809977577809,-1.4221231
2017-12-11 03:20:00,-1.3871020681382735,-1.4145119
2017-12-11 03:30:00,-1.4281880063918169,-1.3764635
2017-12-11 03:40:00,-1.5028134863299758,-1.4317302
2017-12-11 03:50:00,-1.4944286012533887,-1.5045968
2017-12-11 04:00:00,-1.4717894101683369,-1.4769627
2017-12-11 04:10:00,-1.4474732434462334,-1.4576844
2017-12-11 04:20:00,-1.3921330005624912,-1.4426206
2017-12-11 04:30:00,-1.4784973196078723,-1.3754643
2017-12-11 04:40:00,-1.5388684935375674,-1.4658998
2017-12-11 04:50:00,-1.5564767521984009,-1.4973534
2017-12-11 05:00:00,-1.5380300050299085,-1.5105082
2017-12-11 05:10:00,-1.5657001271609121,-1.50066
2017-12-11 05:20:00,-1.5673771041762299,-1.5505962
2017-12-11 05:30:00,-1.5380300050299085,-1.5460151
2017-12-11 05:40:00,-1.4399268468773048,-1.5105782
2017-12-11 05:50:00,-1.382071137092321,-1.3862294
2017-12-11 06:00:00,-1.3728477635080747,-1.3490652
2017-12-11 06:10:00,-1.4164491672845947,-1.3704635
2017-12-11 06:20:00,-1.3334388022698485,-1.4282538
2017-12-11 06:30:00,-1.31247658957838,-1.3296789
2017-12-11 06:40:00,-1.4055488166850312,-1.3681103
2017-12-11 06:50:00,-1.527129654430345,-1.4534765
2017-12-11 07:00:00,-1.4919131357304123,-1.4955132
2017-12-11 07:10:00,-1.2646827432635663,-1.6125281
2017-12-11 07:20:00,-1.244559017701491,-1.1974605
2017-12-11 07:30:00,-1.1867033092947727,-1.280821
2017-12-11 07:40:00,-1.194249705863701,-1.1903262
2017-12-11 07:50:00,-1.194249705863701,-1.2035347
2017-12-11 08:00:00,-1.0424832818426726,-1.1801516
2017-12-11 08:10:00,-0.9200639555897003,-0.9705111
2017-12-11 08:20:00,-0.8462769641592004,-0.85858214
2017-12-11 08:30:00,-0.7993216063520453,-0.7913138
2017-12-11 08:40:00,-0.7557202025755253,-0.74162126
2017-12-11 08:50:00,-0.6525861133769691,-0.6994765
2017-12-11 09:00:00,-0.5351977181699493,-0.59322983
2017-12-11 09:10:00,-0.6198850602000132,-0.478878
2017-12-11 09:20:00,-0.72218066089091,-0.5551672
2017-12-11 09:30:00,-0.6643249524841914,-0.6301404
2017-12-11 09:40:00,-0.5922149380690092,-0.5758958
2017-12-11 09:50:00,-0.5695757483622234,-0.5627228
2017-12-11 10:00:00,-0.4815344523015247,-0.5549189
2017-12-11 10:10:00,-0.4270326979254408,-0.44447407
2017-12-11 10:20:00,-0.3398298903724009,-0.39550376
2017-12-11 10:30:00,-0.2702353414801945,-0.30387405
2017-12-11 10:40:00,-0.23585731128792048,-0.25606167
2017-12-11 10:50:00,-0.19560986154203577,-0.20777145
2017-12-11 11:00:00,-0.12769229104341245,-0.16308284
2017-12-11 11:10:00,-0.09750670338943193,-0.37611836
2017-12-11 11:20:00,-0.02204273632188037,-0.046054997
2017-12-11 11:30:00,0.04922878958564416,0.14697912
2017-12-11 11:40:00,0.05342123212393719,0.11558179
2017-12-11 11:50:00,0.09031472783918766,0.09045415
2017-12-11 12:00:00,0.1339161316157076,0.09848852
2017-12-11 12:10:00,0.16074776523905238,0.13347128
2017-12-11 12:20:00,0.15907078822373477,0.17220171
2017-12-11 12:30:00,0.1481704362459063,0.17371884
2017-12-11 12:40:00,0.19596428256071927,0.1448235
2017-12-11 12:50:00,0.15571683419310056,0.18546359
2017-12-11 13:00:00,0.13223915460038999,0.12432072
2017-12-11 13:10:00,0.09115321634684648,0.10129104
2017-12-11 13:20:00,0.029105065401833805,0.08506669
2017-12-11 13:30:00,-0.00024203374448741017,-0.08395219
2017-12-11 13:40:00,-0.025396690352514593,-0.011901947
2017-12-11 13:50:00,-0.03462006393676097,-0.08355304
2017-12-11 14:00:00,-0.046358903043983754,-0.06786015
2017-12-11 14:10:00,-0.07402902517498736,-0.07597859
2017-12-11 14:20:00,-0.12349984850511843,-0.08930587
2017-12-11 14:30:00,-0.17884009138886114,-0.15076879
2017-12-11 14:40:00,-0.19309439601905934,-0.20892572
2017-12-11 14:50:00,-0.2148950985964523,-0.21261795
2017-12-11 15:00:00,-0.20986416755049997,-0.23080587
2017-12-11 15:10:00,-0.16290880974334482,-0.22297229
2017-12-11 15:20:00,-0.14781601522722182,-0.18401286
2017-12-11 15:30:00,-0.14110810716595237,-0.16008312
2017-12-11 15:40:00,-0.17884009138886114,-0.15514249
2017-12-11 15:50:00,-0.20902567904284117,-0.21246499
2017-12-11 16:00:00,-0.26101196789594866,-0.24458458
2017-12-11 16:10:00,-0.2769432495414645,-0.28301764
2017-12-11 16:20:00,-0.2425652207274559,-0.28262624
2017-12-11 16:30:00,-0.3054518601801269,-0.22912784
2017-12-11 16:40:00,-0.3616305915715284,-0.30559677
2017-12-11 16:50:00,-0.3197061648103256,-0.3593347
2017-12-11 17:00:00,-0.20651021351986473,-0.23739459
2017-12-11 17:10:00,0.07438344619367135,-0.028197115
2017-12-11 17:20:00,0.4340950270053952,0.3948892
2017-12-11 17:30:00,0.7560746235942098,0.7264876
2017-12-11 17:40:00,0.859208712792765,0.9553092
2017-12-11 17:50:00,0.8432774311472496,0.9241512
2017-12-11 18:00:00,0.8751399958165473,0.8589672
2017-12-11 18:10:00,0.8701090647705945,0.885113
2017-12-11 18:20:00,0.8734630188012297,0.86860204
2017-12-11 18:30:00,0.8525008047314956,0.86681074
2017-12-11 18:40:00,0.8583702242851062,0.8460083
2017-12-11 18:50:00,0.7946450963247769,0.86454034
2017-12-11 19:00:00,0.7845832342328722,0.7680363
2017-12-11 19:10:00,0.8541777817468131,0.7615684
2017-12-11 19:20:00,0.9531194297853403,0.79664576
2017-12-11 19:30:00,0.9271262846696543,0.9326087
2017-12-11 19:40:00,0.8860403464161108,0.8784333
2017-12-11 19:50:00,0.8902327889544038,0.83092
2017-12-11 20:00:00,0.8625626682016663,0.8518419
2017-12-11 20:10:00,0.9405421007921942,0.82488966
2017-12-11 20:20:00,0.9128719800394556,0.96262586
2017-12-11 20:30:00,0.8919097659697215,0.8831514
2017-12-11 20:40:00,0.8441159196549085,0.852672
2017-12-11 20:50:00,0.8231537069634394,0.78107846
2017-12-11 21:00:00,0.7493667155329394,0.7733512
2017-12-11 21:10:00,0.7149886853406653,0.69647443
2017-12-11 21:20:00,0.6881570530955855,0.6522136
2017-12-11 21:30:00,0.616885527188062,0.6295637
2017-12-11 21:40:00,0.5254902770967281,0.5462847
2017-12-11 21:50:00,0.4953046894427481,0.4585358
2017-12-11 22:00:00,0.404747927859073,0.42017454
2017-12-11 22:10:00,0.36869292065148235,0.28297615
2017-12-11 22:20:00,0.24878906129975104,0.2652493
2017-12-11 22:30:00,0.15236287878419932,0.1369359
2017-12-11 22:40:00,0.04252088152437371,0.035779018
2017-12-11 22:50:00,-0.05558227662822962,-0.080699414
2017-12-11 23:00:00,-0.15200845776551583,-0.1816044
2017-12-11 23:10:00,-0.2509501058040435,-0.263295
2017-12-11 23:20:00,-0.34402233291069445,-0.3646823
2017-12-11 23:30:00,-0.46392619364069076,-0.45676827
2017-12-11 23:40:00,-0.6014383130315205,-0.5762399
2017-12-11 23:50:00,-0.702895425214759,-0.71281797
2017-12-12 00:00:00,-0.7976446293367276,-0.8026204
2017-12-12 00:10:00,-0.8915553449510375,-0.8882693
2017-12-12 00:20:00,-0.9770811754887602,-0.97814494
2017-12-12 00:30:00,-1.039129327812038,-1.046066
2017-12-12 00:40:00,-1.10117747875705,-1.1171412
2017-12-12 00:50:00,-1.1623871411944033,-1.1590968
2017-12-12 01:00:00,-1.2059885449709238,-1.222302
2017-12-12 01:10:00,-1.2319816900866098,-1.2574401
2017-12-12 01:20:00,-1.285644955955035,-1.2682396
2017-12-12 01:30:00,-1.329246359731555,-1.3276714
2017-12-12 01:40:00,-1.3686553209697812,-1.3571271
2017-12-12 01:50:00,-1.3988409086237612,-1.4107157
2017-12-12 02:00:00,-1.4298649834071346,-1.4163411
2017-12-12 02:10:00,-1.4449577779232576,-1.4446774
2017-12-12 02:20:00,-1.4600505710611147,-1.4582101
2017-12-12 02:30:00,-1.5086829058835869,-1.4762148
2017-12-12 02:40:00,-1.5170677909601744,-1.5205086
2017-12-12 02:50:00,-1.5162293024525155,-1.5163912
2017-12-12 03:00:00,-1.5237757003997099,-1.506544
2017-12-12 03:10:00,-1.5564767521984009,-1.5175215
2017-12-12 03:20:00,-1.566538615668571,-1.5604938
2017-12-12 03:30:00,-1.622717347059972,-1.5499274
2017-12-12 03:40:00,-1.640325605720806,-1.6093354
2017-12-12 03:50:00,-1.6612878197905396,-1.6011418
2017-12-12 04:00:00,-1.6688342163594683,-1.6434847
2017-12-12 04:10:00,-1.640325605720806,-1.6365749
2017-12-12 04:20:00,-1.639487117213147,-1.6078359
2017-12-12 04:30:00,-1.6260713010906072,-1.5943884
2017-12-12 04:40:00,-1.6009166444825795,-1.592009
2017-12-12 04:50:00,-1.584146874329405,-1.5762485
2017-12-12 05:00:00,-1.566538615668571,-1.5470139
2017-12-12 05:10:00,-1.5606691947366944,-1.5264177
2017-12-12 05:20:00,-1.555638263690742,-1.52005
2017-12-12 05:30:00,-1.5397069820452263,-1.5218818
2017-12-12 05:40:00,-1.465081502107067,-1.502725
2017-12-12 05:50:00,-1.4005178856390788,-1.3875998
2017-12-12 06:00:00,-1.4332189388160348,-1.3410938
2017-12-12 06:10:00,-1.395486954593126,-1.4105469
2017-12-12 06:20:00,-1.3661398554468047,-1.3776946
2017-12-12 06:30:00,-1.3493700852936301,-1.3389812
2017-12-12 06:40:00,-1.36949380947744,-1.3183874
2017-12-12 06:50:00,-1.4659199906147258,-1.3531011
2017-12-12 07:00:00,-1.4667584791223844,-1.4766767
2017-12-12 07:10:00,-1.4164491672845947,-1.4385862
2017-12-12 07:20:00,-1.4332189388160348,-1.4089912
2017-12-12 07:30:00,-1.4072257937003487,-1.4318657
2017-12-12 07:40:00,-1.4634045250917498,-1.3821851
2017-12-12 07:50:00,-1.4684354561377022,-1.4750539
2017-12-12 08:00:00,-1.3485315967859715,-1.4386488
2017-12-12 08:10:00,-1.2512669257627609,-1.2816225
2017-12-12 08:20:00,-1.1984421484019951,-1.1884869
2017-12-12 08:30:00,-1.1799954012335028,-1.1479723
2017-12-12 08:40:00,-1.0835692200962166,-1.1291963
2017-12-12 08:50:00,-1.021521067772939,-1.0130129
2017-12-12 09:00:00,-0.9209024440973592,-0.95762074
2017-12-12 09:10:00,-0.7817133476912118,-0.84165
2017-12-12 09:20:00,-0.6953490286458308,-0.7013358
2017-12-12 09:30:00,-0.6224005257229891,-0.6337766
2017-12-12 09:40:00,-0.6249159912459655,-0.56562746
2017-12-12 09:50:00,-0.5871840070230568,-0.56833
2017-12-12 10:00:00,-0.5201049250320918,-0.5387955
2017-12-12 10:10:00,-0.42116327837182965,-0.47743902
2017-12-12 10:20:00,-0.3356374478341074,-0.36228812
2017-12-12 10:30:00,-0.28616662312571034,-0.26807505
2017-12-12 10:40:00,-0.24843464028106757,-0.22176516
2017-12-12 10:50:00,-0.24591917475809114,-0.21007663
2017-12-12 11:00:00,-0.18890195348076583,-0.19740814
2017-12-12 11:10:00,-0.16542427526632125,-0.15282744
2017-12-12 11:20:00,-0.1352386876123407,-0.12807007
2017-12-12 11:30:00,-0.09163728383582079,-0.11160641
2017-12-12 11:40:00,-0.08996030682050368,-0.06618939
2017-12-12 11:50:00,-0.012819361359368507,-0.08140574
2017-12-12 12:00:00,-0.020365757928296764,0.030166507
2017-12-12 12:10:00,0.009819828347417266,0.002161643
2017-12-12 12:20:00,-0.0119808728517097,0.017890956
2017-12-12 12:30:00,-0.08157542174391612,-0.007092103
2017-12-12 12:40:00,-0.07319053666732855,-0.0973187
2017-12-12 12:50:00,-0.06396716170481719,-0.063767366
2017-12-12 13:00:00,-0.11846891745916609,-0.07528654
2017-12-12 13:10:00,-0.0933142608511384,-0.14305119
2017-12-12 13:20:00,-0.0807369332362573,-0.08662959
2017-12-12 13:30:00,-0.12853077955107126,-0.08355822
2017-12-12 13:40:00,-0.15284694627317466,-0.14505202
2017-12-12 13:50:00,-0.16290880974334482,-0.17515294
2017-12-12 14:00:00,-0.1344001991046824,-0.19140133
2017-12-12 14:10:00,-0.1344001991046824,-0.13366896
2017-12-12 14:20:00,-0.1327232220893648,-0.1356448
2017-12-12 14:30:00,-0.13691566462765833,-0.14798182
2017-12-12 14:40:00,-0.3264140728715955,-0.15554418
2017-12-12 14:50:00,-0.281135692079758,-0.3555477
2017-12-12 15:00:00,-0.32222163033330203,-0.25377843
2017-12-12 15:10:00,-0.32222163033330203,-0.3309912
2017-12-12 15:20:00,-0.3297680269022308,-0.33029813
2017-12-12 15:30:00,-0.32557558436393674,-0.35149306
2017-12-12 15:40:00,-0.3809158286259444,-0.3288172
2017-12-12 15:50:00,-0.3431838444030357,-0.38634467
2017-12-12 16:00:00,-0.32725256137925435,-0.33855885
2017-12-12 16:10:00,-0.2735892955108292,-0.34683532
2017-12-12 16:20:00,-0.24088824233387332,-0.26608223
2017-12-12 16:30:00,-0.2283109147189922,-0.24181652
2017-12-12 16:40:00,-0.15200845776551583,-0.21970484
2017-12-12 16:50:00,-0.0924757723434796,-0.093737505
2017-12-12 17:00:00,0.02407413435588197,-0.011369901
2017-12-12 17:10:00,0.21357254259981917,0.22961715
2017-12-12 17:20:00,0.5757995889345184,0.52151895
2017-12-12 17:30:00,0.9547964068006579,0.88515615
2017-12-12 17:40:00,0.9916899011376424,1.1962796
2017-12-12 17:50:00,1.0109751381920589,1.0632099
2017-12-12 18:00:00,1.0118136266997177,1.0671104
2017-12-12 18:10:00,0.993366879531226,1.0510777
2017-12-12 18:20:00,0.9908514126299836,1.0158968
2017-12-12 18:30:00,0.9916899011376424,1.0032192
2017-12-12 18:40:00,0.9874974585993493,0.99440336
2017-12-12 18:50:00,0.9623428033695872,0.9986013
2017-12-12 19:00:00,0.9656967574002214,0.9483899
2017-12-12 19:10:00,0.9774355965074437,0.95167446
2017-12-12 19:20:00,0.9740816424768095,0.9610212
2017-12-12 19:30:00,0.8818479038778168,0.9572195
2017-12-12 19:40:00,0.8323770805476852,0.8513444
2017-12-12 19:50:00,0.7996760273707297,0.78888834
2017-12-12 20:00:00,0.7669749741937734,0.7462057
2017-12-12 20:10:00,0.8248306839787569,0.7417015
2017-12-12 20:20:00,0.8441159196549085,0.84802186
2017-12-12 20:30:00,0.8097378894626345,0.8284719
2017-12-12 20:40:00,0.8122533549856108,0.7805257
2017-12-12 20:50:00,0.7946450963247769,0.79301894
2017-12-12 21:00:00,0.7594285776248441,0.7829304
2017-12-12 21:10:00,0.7040883347411019,0.7273364
2017-12-12 21:20:00,0.6085006421114749,0.6468636
2017-12-12 21:30:00,0.530521208142681,0.552224
2017-12-12 21:40:00,0.4273871189441248,0.4716956
2017-12-12 21:50:00,0.37540083009101777,0.31939653
2017-12-12 22:00:00,0.3091602352294461,0.3297114
2017-12-12 22:10:00,0.23788870932192258,0.22733322
2017-12-12 22:20:00,0.15236287878419932,0.15723655
2017-12-12 22:30:00,0.026589599878857385,0.061914418
2017-12-12 22:40:00,-0.07151355965201144,-0.07325708
2017-12-12 22:50:00,-0.19141741900374223,-0.18966696
2017-12-12 23:00:00,-0.2920360440575875,-0.31327602
2017-12-12 23:10:00,-0.3792388516106273,-0.39878172
2017-12-12 23:20:00,-0.48740387185513584,-0.47087994
2017-12-12 23:30:00,-0.6265929682612826,-0.6028128
2017-12-12 23:40:00,-0.7188267068602754,-0.7324129
2017-12-12 23:50:00,-0.7859057902295054,-0.80629754
2017-12-13 00:00:00,-0.8638852241982994,-0.8525856
2017-12-13 00:10:00,-0.9485725662283627,-0.9236008
2017-12-13 00:20:00,-1.0089437401580579,-1.0061654
2017-12-13 00:30:00,-1.0793767761796575,-1.0654534
2017-12-13 00:40:00,-1.1204627144332011,-1.1430572
2017-12-13 00:50:00,-1.1799954012335028,-1.1694657
2017-12-13 01:00:00,-1.2428820406861738,-1.234296
2017-12-13 01:10:00,-1.291514375508646,-1.3000039
2017-12-13 01:20:00,-1.340985198838777,-1.3311516
2017-12-13 01:30:00,-1.3745247405233925,-1.3710414
2017-12-13 01:40:00,-1.4608890595687734,-1.3984721
2017-12-13 01:50:00,-1.4919131357304123,-1.5046916
2017-12-13 02:00:00,-1.5128753484218809,-1.4932342
2017-12-13 02:10:00,-1.5506073326447896,-1.5211415
2017-12-13 02:20:00,-1.590016293883016,-1.5583055
2017-12-13 02:30:00,-1.6118169964604085,-1.6039099
2017-12-13 02:40:00,-1.6151709504910436,-1.6123034
2017-12-13 02:50:00,-1.6260713010906072,-1.6059867
2017-12-13 03:00:00,-1.6352946746748531,-1.6167866
2017-12-13 03:10:00,-1.6847654980049847,-1.6262925
2017-12-13 03:20:00,-1.689796429050937,-1.6860446
2017-12-13 03:30:00,-1.7082431775976947,-1.6667594
2017-12-13 03:40:00,-1.7006967810287659,-1.6913754
2017-12-13 03:50:00,-1.696504337112207,-1.6664876
2017-12-13 04:00:00,-1.6931503830815717,-1.6811315
2017-12-13 04:10:00,-1.6956658486045482,-1.6710049
2017-12-13 04:20:00,-1.7099201546130123,-1.6725143
2017-12-13 04:30:00,-1.7074046890900358,-1.6806642
2017-12-13 04:40:00,-1.689796429050937,-1.666909
2017-12-13 04:50:00,-1.6805730554666907,-1.659561
2017-12-13 05:00:00,-1.6713496818824447,-1.6414672
2017-12-13 05:10:00,-1.647033513782076,-1.626642
2017-12-13 05:20:00,-1.6478720022897342,-1.5972958
2017-12-13 05:30:00,-1.626909789598266,-1.6164957
2017-12-13 05:40:00,-1.5170677909601744,-1.5746068
2017-12-13 05:50:00,-1.4223185868382058,-1.4265218
2017-12-13 06:00:00,-1.4273495178841582,-1.3575928
2017-12-13 06:10:00,-1.3854250911229558,-1.4025931
2017-12-13 06:20:00,-1.3476931082783126,-1.3639213
2017-12-13 06:30:00,-1.3300848482392136,-1.338154
2017-12-13 06:40:00,-1.3594319473855347,-1.3119563
2017-12-13 06:50:00,-1.4600505710611147,-1.3575629
2017-12-13 07:00:00,-1.4634045250917498,-1.4703578
2017-12-13 07:10:00,-1.382071137092321,-1.4439169
2017-12-13 07:20:00,-1.3711707864927571,-1.3634917
2017-12-13 07:30:00,-1.3829096255999793,-1.3680745
2017-12-13 07:40:00,-1.3795556715693447,-1.3555785
2017-12-13 07:50:00,-1.3988409086237612,-1.3754958
2017-12-13 08:00:00,-1.2889989099856696,-1.3859099
2017-12-13 08:10:00,-1.2294662245636339,-1.2221254
2017-12-13 08:20:00,-1.1665795837326973,-1.1711233
2017-12-13 08:30:00,-1.1221396914485187,-1.1080784
2017-12-13 08:40:00,-0.9963664125431767,-1.0715877
2017-12-13 08:50:00,-0.9359952372352162,-0.9361862
2017-12-13 09:00:00,-0.9032941840582602,-0.8747373
2017-12-13 09:10:00,-0.813575910982244,-0.83094823
2017-12-13 09:20:00,-0.7641050876521129,-0.75386095
2017-12-13 09:30:00,-0.690318097599878,-0.7009969
2017-12-13 09:40:00,-0.616531106169378,-0.6305746
2017-12-13 09:50:00,-0.6265929682612826,-0.55092883
2017-12-13 10:00:00,-0.5276513216010206,-0.5709264
2017-12-13 10:10:00,-0.46392619364069076,-0.47938842
2017-12-13 10:20:00,-0.3574381490332344,-0.42332578
2017-12-13 10:30:00,-0.3113212797337385,-0.27031738
2017-12-13 10:40:00,-0.29119755554992865,-0.26783842
2017-12-13 10:50:00,-0.2257954491960158,-0.26298803
2017-12-13 11:00:00,-0.22160300665772226,-0.19145352
2017-12-13 11:10:00,-0.224956960688357,-0.1959392
2017-12-13 11:20:00,-0.15620090168207487,-0.20084512
2017-12-13 11:30:00,-0.10673007697367831,-0.09793123
2017-12-13 11:40:00,-0.07738297920562258,-0.1291489
2017-12-13 11:50:00,-0.0924757723434796,-0.054432195
2017-12-13 12:00:00,-0.0790599562209397,-0.077368446
2017-12-13 12:10:00,-0.06899809412903501,-0.059451252
2017-12-13 12:20:00,-0.043843437521007333,-0.05073215
2017-12-13 12:30:00,-0.08409088726689254,-0.03713977
2017-12-13 12:40:00,-0.08744484129752726,-0.10146388
2017-12-13 12:50:00,-0.0782214677132814,-0.07786573
2017-12-13 13:00:00,-0.09582972637411483,-0.07190166
2017-12-13 13:10:00,-0.11176100939789614,-0.11145991
2017-12-13 13:20:00,-0.09834519189709075,-0.13782062
2017-12-13 13:30:00,-0.15116996925785703,-0.12366731
2017-12-13 13:40:00,-0.10002216891240835,-0.18308744
2017-12-13 13:50:00,-0.15536241317441607,-0.10610175
2017-12-13 14:00:00,-0.1729706718352495,-0.19387361
2017-12-13 14:10:00,-0.2543040598346787,-0.14109
2017-12-13 14:20:00,-0.1746476488505671,-0.28089267
2017-12-13 14:30:00,-0.21070265605815877,-0.15511909
2017-12-13 14:40:00,-0.2006407939662536,-0.23919699
2017-12-13 14:50:00,-0.2140566100887935,-0.20238017
2017-12-13 15:00:00,-0.2652044104342422,-0.21586597
2017-12-13 15:10:00,-0.27610476103380566,-0.2672
2017-12-13 15:20:00,-0.23837277681089689,-0.28893238
2017-12-13 15:30:00,-0.2668813874495598,-0.24045876
2017-12-13 15:40:00,-0.28532813461805207,-0.2864883
2017-12-13 15:50:00,-0.30125941764183334,-0.30847305
2017-12-13 16:00:00,-0.32389860734861964,-0.2993241
2017-12-13 16:10:00,-0.29958244062651573,-0.3434359
2017-12-13 16:20:00,-0.27275080700317095,-0.3050825
2017-12-13 16:30:00,-0.23082638024196814,-0.2890404
2017-12-13 16:40:00,-0.16207032123568602,-0.20696566
2017-12-13 16:50:00,-0.0933142608511384,-0.1212711
2017-12-13 17:00:00,-0.032943086921443855,-0.0088499095
2017-12-13 17:10:00,0.21105707707684276,0.14166184
2017-12-13 17:20:00,0.5288442311273633,0.49203914
2017-12-13 17:30:00,0.8961022085080155,0.7984104
2017-12-13 17:40:00,1.045353168384333,1.0674738
2017-12-13 17:50:00,1.0738617776447303,1.1061386
2017-12-13 18:00:00,1.0445146798766742,1.0929974
2017-12-13 18:10:00,1.0386452603230636,1.053159
2017-12-13 18:20:00,1.0361297934218212,1.0407426
2017-12-13 18:30:00,0.9690507114308566,1.0081348
2017-12-13 18:40:00,0.9707276884461742,0.9430517
2017-12-13 18:50:00,0.9765971079997858,0.95364153
2017-12-13 19:00:00,0.9967208335618603,0.9691211
2017-12-13 19:10:00,1.0084596726690835,0.9749154
2017-12-13 19:20:00,0.9992362990848367,0.98026824
2017-12-13 19:30:00,0.9908514126299836,0.9593346
2017-12-13 19:40:00,0.9522809412776815,0.95977974
2017-12-13 19:50:00,0.9514424527700237,0.9056728
2017-12-13 20:00:00,0.9254493076543366,0.9117832
2017-12-13 20:10:00,0.9422190778075118,0.8949367
2017-12-13 20:20:00,0.9472500088534637,0.93231666
2017-12-13 20:30:00,0.9321572157156072,0.9318922
2017-12-13 20:40:00,0.8868788349237696,0.90264666
2017-12-13 20:50:00,0.8533392932391544,0.85466766
2017-12-13 21:00:00,0.8063839354319992,0.8172413
2017-12-13 21:10:00,0.7401433419486935,0.78023714
2017-12-13 21:20:00,0.6655178620105348,0.6856918
2017-12-13 21:30:00,0.6235934352493324,0.5967419
2017-12-13 21:40:00,0.5221363230660939,0.55872285
2017-12-13 21:50:00,0.46511910316703403,0.42566705
2017-12-13 22:00:00,0.42654863043646596,0.3910402
2017-12-13 22:10:00,0.32676849389028,0.33436894
2017-12-13 22:20:00,0.2420811518602156,0.22815067
2017-12-13 22:30:00,0.14565497072292988,0.14507857
2017-12-13 22:40:00,0.02407413435588197,0.031600304
2017-12-13 22:50:00,-0.10924554249665473,-0.10029431
2017-12-13 23:00:00,-0.23166486874962694,-0.24767765
2017-12-13 23:10:00,-0.3197061648103256,-0.3746482
2017-12-13 23:20:00,-0.41948630135651205,-0.45740297
2017-12-13 23:30:00,-0.5511290011937306,-0.54208523
2017-12-13 23:40:00,-0.6609709984535568,-0.67850935
2017-12-13 23:50:00,-0.7473353174989378,-0.77297413
2017-12-14 00:00:00,-0.8295071940060252,-0.847089
2017-12-14 00:10:00,-0.9192254670820416,-0.915274
2017-12-14 00:20:00,-0.9577959398126091,-0.9893607
2017-12-14 00:30:00,-1.0483527013962841,-1.041037
2017-12-14 00:40:00,-1.1036929442800265,-1.1226248
2017-12-14 00:50:00,-1.1431019055182527,-1.1657188
2017-12-14 01:00:00,-1.1883802863100899,-1.2025653
2017-12-14 01:10:00,-1.2521054142704195,-1.2489961
2017-12-14 01:20:00,-1.298222283569916,-1.302876
2017-12-14 01:30:00,-1.3166690321166736,-1.3459997
2017-12-14 01:40:00,-1.340985198838777,-1.3404889
2017-12-14 01:50:00,-1.393809977577809,-1.3736676
2017-12-14 02:00:00,-1.4634045250917498,-1.4239528
2017-12-14 02:10:00,-1.512036859914222,-1.4833571
2017-12-14 02:20:00,-1.529645119953321,-1.5266832
2017-12-14 02:30:00,-1.555638263690742,-1.5296575
2017-12-14 02:40:00,-1.5782774547757932,-1.5655824
2017-12-14 02:50:00,-1.6000781559749206,-1.5819421
2017-12-14 03:00:00,-1.6302637436289007,-1.6008769
2017-12-14 03:10:00,-1.6495489793050517,-1.618173
2017-12-14 03:20:00,-1.647033513782076,-1.6394842
2017-12-14 03:30:00,-1.636133163182512,-1.6423362
2017-12-14 03:40:00,-1.6445180482590995,-1.6202644
2017-12-14 03:50:00,-1.6495489793050517,-1.62899
2017-12-14 04:00:00,-1.6520644448280282,-1.6296028
2017-12-14 04:10:00,-1.633617697659536,-1.6401846
2017-12-14 04:20:00,-1.6344561861671947,-1.6106734
2017-12-14 04:30:00,-1.614332461983385,-1.6144112
2017-12-14 04:40:00,-1.586662339852381,-1.580779
2017-12-14 04:50:00,-1.562346171752012,-1.5637852
2017-12-14 05:00:00,-1.533837562491615,-1.5392455
2017-12-14 05:10:00,-1.521260234876734,-1.5045224
2017-12-14 05:20:00,-1.5153908139448569,-1.4927717
2017-12-14 05:30:00,-1.4919131357304123,-1.476216
2017-12-14 05:40:00,-1.4164491672845947,-1.4665405
2017-12-14 05:50:00,-1.365301366939146,-1.3578733
2017-12-14 06:00:00,-1.4172876557922536,-1.3143649
2017-12-14 06:10:00,-1.3904560235471737,-1.3940808
2017-12-14 06:20:00,-1.3686553209697812,-1.3623582
2017-12-14 06:30:00,-1.340985198838777,-1.3567137
2017-12-14 06:40:00,-1.372009275000416,-1.3231803
2017-12-14 06:50:00,-1.432380448930111,-1.3756377
2017-12-14 07:00:00,-1.4206416098228882,-1.4324952
2017-12-14 07:10:00,-1.3896175350395148,-1.4119831
2017-12-14 07:20:00,-1.3921330005624912,-1.3891789
2017-12-14 07:30:00,-1.3736862520157336,-1.3995239
2017-12-14 07:40:00,-1.41309521325396,-1.3558084
2017-12-14 07:50:00,-1.4340574273236937,-1.413459
2017-12-14 08:00:00,-1.3384697333158007,-1.4339308
2017-12-14 08:10:00,-1.244559017701491,-1.2838837
2017-12-14 08:20:00,-1.1573562101484511,-1.1909312
2017-12-14 08:30:00,-1.11459329487959,-1.0989443
2017-12-14 08:40:00,-1.0064282746350814,-1.0670995
2017-12-14 08:50:00,-0.9485725662283627,-0.94526726
2017-12-14 09:00:00,-0.8655622012136169,-0.91228056
2017-12-14 09:10:00,-0.7607511336214777,-0.79490054
2017-12-14 09:20:00,-0.7037339137224179,-0.6979046
2017-12-14 09:30:00,-0.623239014230648,-0.6530374
2017-12-14 09:40:00,-0.5704142368698817,-0.5632243
2017-12-14 09:50:00,-0.5024966649929928,-0.5241933
2017-12-14 10:00:00,-0.42619420941778197,-0.4635132
2017-12-14 10:10:00,-0.35408419500259963,-0.33169866
2017-12-14 10:20:00,-0.296228486595881,-0.31848875
2017-12-14 10:30:00,-0.24424219774277353,-0.2216869
2017-12-14 10:40:00,-0.21657207561176992,-0.22103226
2017-12-14 10:50:00,-0.20651021351986473,-0.18734205
2017-12-14 11:00:00,-0.24843464028106757,-0.21009926
2017-12-14 11:10:00,-0.1612318327280272,-0.20707893
2017-12-14 11:20:00,-0.1310462450740472,-0.13533585
2017-12-14 11:30:00,-0.14781601522722182,-0.117515095
2017-12-14 11:40:00,-0.20567172501220593,-0.13458565
2017-12-14 11:50:00,-0.15368543478083346,-0.18626267
2017-12-14 12:00:00,-0.1595548557127101,-0.09426401
2017-12-14 12:10:00,-0.17716311437354354,-0.13414904
2017-12-14 12:20:00,-0.1712936948199324,-0.14465606
2017-12-14 12:30:00,-0.20399474799688883,-0.14079764
2017-12-14 12:40:00,-0.19896381695093598,-0.19923204
2017-12-14 12:50:00,-0.23250335725728574,-0.18971872
2017-12-14 13:00:00,-0.23250335725728574,-0.23196815
2017-12-14 13:10:00,-0.19309439601905934,-0.24109216
2017-12-14 13:20:00,-0.18890195348076583,-0.18889418
2017-12-14 13:30:00,-0.2241184721806982,-0.19333284
2017-12-14 13:40:00,-0.23334184576494454,-0.23534295
2017-12-14 13:50:00,-0.2509501058040435,-0.24202012
2017-12-14 14:00:00,-0.19141741900374223,-0.27352294
2017-12-14 14:10:00,-0.18890195348076583,-0.20862018
2017-12-14 14:20:00,-0.1847095109424723,-0.19923995
2017-12-14 14:30:00,-0.20399474799688883,-0.17071557
2017-12-14 14:40:00,-0.22244149516538106,-0.20204219
2017-12-14 14:50:00,-0.2425652207274559,-0.27349836
2017-12-14 15:00:00,-0.2769432495414645,-0.2362656
2017-12-14 15:10:00,-0.3498917524643056,-0.27074194
2017-12-14 15:20:00,-0.2425652207274559,-0.35409558
2017-12-14 15:30:00,-0.09415274935879721,-0.23249611
2017-12-14 15:40:00,-0.09918368040474955,-0.10879444
2017-12-14 15:50:00,-0.15033148075019823,-0.1183248
2017-12-14 16:00:00,-0.1603933442203684,-0.17265871
2017-12-14 16:10:00,-0.14697752671956352,-0.16661173
2017-12-14 16:20:00,-0.15703939018973367,-0.14913478
2017-12-14 16:30:00,-0.12685380253575365,-0.16069983
2017-12-14 16:40:00,-0.038812506475055,-0.13718718
2017-12-14 16:50:00,0.060129140185207645,0.0054883533
2017-12-14 17:00:00,0.12972368907741355,0.14906207
2017-12-14 17:10:00,0.31754512030603316,0.28955328
2017-12-14 17:20:00,0.6630023964875583,0.56106967
2017-12-14 17:30:00,0.989174435614667,0.94416755
2017-12-14 17:40:00,1.019360023268647,1.1649197
2017-12-14 17:50:00,0.9807895505380789,1.072559
2017-12-14 18:00:00,0.9942053680388848,0.9914007
2017-12-14 18:10:00,0.9925283896453012,1.0056325
2017-12-14 18:20:00,1.0092981611767413,1.0028678
2017-12-14 18:30:00,1.0185215347609882,1.0110315
2017-12-14 18:40:00,0.997559322069519,1.0109233
2017-12-14 18:50:00,1.0017517646078131,0.9731666
2017-12-14 19:00:00,0.9573118723236343,0.9927588
2017-12-14 19:10:00,0.9791125735227613,0.93154335
2017-12-14 19:20:00,0.9438960548228295,0.95012665
2017-12-14 19:30:00,0.9363496582539002,0.8985597
2017-12-14 19:40:00,0.9044870935846026,0.89688325
2017-12-14 19:50:00,0.9044870935846026,0.8629675
2017-12-14 20:00:00,0.8625626682016663,0.8685808
2017-12-14 20:10:00,0.941380589299853,0.83235645
2017-12-14 20:20:00,0.9438960548228295,0.95530117
2017-12-14 20:30:00,0.9313187272079483,0.93853587
2017-12-14 20:40:00,0.8575317357774473,0.9173591
2017-12-14 20:50:00,0.8080609124473168,0.8111341
2017-12-14 21:00:00,0.7829062572175546,0.77078795
2017-12-14 21:10:00,0.7426588074716699,0.73300004
2017-12-14 21:20:00,0.7049268232487607,0.68929994
2017-12-14 21:30:00,0.6202394812186972,0.64631796
2017-12-14 21:40:00,0.5330366736656573,0.5513764
2017-12-14 21:50:00,0.46595759167469286,0.45526803
2017-12-14 22:00:00,0.37540083009101777,0.37148613
2017-12-14 22:10:00,0.3066447697064697,0.2603268
2017-12-14 22:20:00,0.20518765752323112,0.19569352
2017-12-14 22:30:00,0.12972368907741355,0.108713485
2017-12-14 22:40:00,0.059290651677548836,0.038754333
2017-12-14 22:50:00,-0.07738297920562258,-0.03274709
2017-12-14 23:00:00,-0.1998023054585948,-0.20458126
2017-12-14 23:10:00,-0.30293639465715094,-0.3256819
2017-12-14 23:20:00,-0.4035550183327307,-0.42783275
2017-12-14 23:30:00,-0.5553214437320246,-0.521314
2017-12-14 23:40:00,-0.653424601884628,-0.69351494
2017-12-14 23:50:00,-0.7540432255602078,-0.7608714
2017-12-15 00:00:00,-0.8378920790826129,-0.8575475
2017-12-15 00:10:00,-0.8923938334586963,-0.9106104
2017-12-15 00:20:00,-0.9250948866356526,-0.96107566
2017-12-15 00:30:00,-0.9846275720576889,-1.0041701
2017-12-15 00:40:00,-1.0533836324422365,-1.0621756
2017-12-15 00:50:00,-1.1137548063719311,-1.1217526
2017-12-15 01:00:00,-1.1565177216407923,-1.1724632
2017-12-15 01:10:00,-1.2034730794479473,-1.2261673
2017-12-15 01:20:00,-1.272229139832495,-1.259837
2017-12-15 01:30:00,-1.2831294904320585,-1.3274314
2017-12-15 01:40:00,-1.3116381010707214,-1.3103076
2017-12-15 01:50:00,-1.351885550816606,-1.3507239
2017-12-15 02:00:00,-1.3837481141076382,-1.3888988
2017-12-15 02:10:00,-1.3971639316084437,-1.4083287
2017-12-15 02:20:00,-1.421480098330547,-1.4132146
2017-12-15 02:30:00,-1.4684354561377022,-1.4314561
2017-12-15 02:40:00,-1.4969440667763645,-1.476025
2017-12-15 02:50:00,-1.549768844137131,-1.5067219
2017-12-15 03:00:00,-1.5883393168676985,-1.5634426
2017-12-15 03:10:00,-1.5942087364213096,-1.5898824
2017-12-15 03:20:00,-1.616009438998702,-1.5672727
2017-12-15 03:30:00,-1.6311022321365596,-1.612706
2017-12-15 03:40:00,-1.6411640942284642,-1.6150873
2017-12-15 03:50:00,-1.642002582736123,-1.6311098
2017-12-15 04:00:00,-1.6235558355676307,-1.624828
2017-12-15 04:10:00,-1.616009438998702,-1.586875
2017-12-15 04:20:00,-1.6344561861671947,-1.6031467
2017-12-15 04:30:00,-1.6344561861671947,-1.6171759
2017-12-15 04:40:00,-1.6352946746748531,-1.6039181
2017-12-15 04:50:00,-1.6109785079527497,-1.6015729
2017-12-15 05:00:00,-1.6084630410515084,-1.57521
2017-12-15 05:10:00,-1.6009166444825795,-1.5833727
2017-12-15 05:20:00,-1.5573152407060595,-1.5574616
2017-12-15 05:30:00,-1.533837562491615,-1.5208036
2017-12-15 05:40:00,-1.486043716176801,-1.4868304
2017-12-15 05:50:00,-1.365301366939146,-1.4339558
2017-12-15 06:00:00,-1.3795556715693447,-1.2842015
2017-12-15 06:10:00,-1.358593458877876,-1.35701
2017-12-15 06:20:00,-1.3275693827162371,-1.3257282
2017-12-15 06:30:00,-1.3275693827162371,-1.3061192
2017-12-15 06:40:00,-1.315830543609015,-1.3224465
2017-12-15 06:50:00,-1.3829096255999793,-1.309667
2017-12-15 07:00:00,-1.4172876557922536,-1.3995074
2017-12-15 07:10:00,-1.363624389923829,-1.3988203
2017-12-15 07:20:00,-1.3242154286856025,-1.3483299
2017-12-15 07:30:00,-1.3485315967859715,-1.3266847
2017-12-15 07:40:00,-1.4038718396697136,-1.3511041
2017-12-15 07:50:00,-1.4483117319538923,-1.3965756
2017-12-15 08:00:00,-1.3879405566459322,-1.4314567
2017-12-15 08:10:00,-1.2755830938631296,-1.337442
2017-12-15 08:20:00,-1.1850263322794552,-1.2163967
2017-12-15 08:30:00,-1.0491911899039426,-1.1286312
2017-12-15 08:40:00,-1.00726676314274,-0.9626518
2017-12-15 08:50:00,-0.9351567487275574,-0.96865153
2017-12-15 09:00:00,-0.8018370718750217,-0.87479496
2017-12-15 09:10:00,-0.6752253030837554,-0.73362076
2017-12-15 09:20:00,-0.6517476248693108,-0.57893884
2017-12-15 09:30:00,-0.5536444667167071,-0.59171075
2017-12-15 09:40:00,-0.5142355054784806,-0.49247968
2017-12-15 09:50:00,-0.48908084887045294,-0.462797
2017-12-15 10:00:00,-0.4287096749407584,-0.44048542
2017-12-15 10:10:00,-0.39265466773316726,-0.37007165
2017-12-15 10:20:00,-0.34234535589537735,-0.35474947
2017-12-15 10:30:00,-0.21154114456581707,-0.29044354
2017-12-15 10:40:00,-0.20231777098157122,-0.14074054
2017-12-15 10:50:00,-0.19644835004969458,-0.16574642
2017-12-15 11:00:00,-0.19057893049608343,-0.15257944
2017-12-15 11:10:00,-0.11008403238257852,-0.17990787
2017-12-15 11:20:00,-0.0522283225975949,-0.081539206
2017-12-15 11:30:00,-0.07067507114435263,-0.013515729
2017-12-15 11:40:00,-0.0656441387201343,-0.053476606
2017-12-15 11:50:00,-0.0807369332362573,-0.060027763
2017-12-15 12:00:00,-0.19728683855735338,-0.09215113
2017-12-15 12:10:00,-0.23669579979557928,-0.20765305
2017-12-15 12:20:00,-0.26436592192658337,-0.23673284
2017-12-15 12:30:00,-0.3473762869413297,-0.2828514
2017-12-15 12:40:00,-0.37001547664811546,-0.3844246
2017-12-15 12:50:00,-0.3750464090723333,-0.39410165
2017-12-15 13:00:00,-0.2945515095805634,-0.3940571
2017-12-15 13:10:00,-0.29119755554992865,-0.26394793
2017-12-15 13:20:00,-0.3079673257031033,-0.28442243
2017-12-15 13:30:00,-0.2970669751035398,-0.31258792
2017-12-15 13:40:00,-0.28281266909507563,-0.29137534
2017-12-15 13:50:00,-0.33396047081878977,-0.28517717
2017-12-15 14:00:00,-0.37840036310296854,-0.35269728
2017-12-15 14:10:00,-0.3616305915715284,-0.3949054
2017-12-15 14:20:00,-0.35492268351025846,-0.36737248
2017-12-15 14:30:00,-0.32222163033330203,-0.3786748
2017-12-15 14:40:00,-0.30125941764183334,-0.32687375
2017-12-15 14:50:00,-0.28448964611039324,-0.2891023
2017-12-15 15:00:00,-0.2702353414801945,-0.27541164
2017-12-15 15:10:00,-0.2257954491960158,-0.2729558
2017-12-15 15:20:00,-0.2685583644648769,-0.22439238
2017-12-15 15:30:00,-0.2769432495414645,-0.2857154
2017-12-15 15:40:00,-0.28281266909507563,-0.27234375
2017-12-15 15:50:00,-0.27107382998785334,-0.29743522
2017-12-15 16:00:00,-0.31467523376437323,-0.28774613
2017-12-15 16:10:00,-0.2945515095805634,-0.33540025
2017-12-15 16:20:00,-0.23250335725728574,-0.27224976
2017-12-15 16:30:00,-0.28532813461805207,-0.21323797
2017-12-15 16:40:00,-0.30293639465715094,-0.298303
2017-12-15 16:50:00,-0.2283109147189922,-0.27208138
2017-12-15 17:00:00,-0.11846891745916609,-0.1441184
2017-12-15 17:10:00,0.09786112440811592,0.07387351
2017-12-15 17:20:00,0.4768579422742563,0.3927071
2017-12-15 17:30:00,0.8239921954710981,0.77300143
2017-12-15 17:40:00,0.8860403464161108,1.0321628
2017-12-15 17:50:00,0.8759784843242061,0.9573972
2017-12-15 18:00:00,0.8239921954710981,0.91084814
2017-12-15 18:10:00,0.8147688205085862,0.833357
2017-12-15 18:20:00,0.8382465001012969,0.8283097
2017-12-15 18:30:00,0.8533392932391544,0.8566046
2017-12-15 18:40:00,0.8483083621932015,0.8716054
2017-12-15 18:50:00,0.867593599247618,0.84409946
2017-12-15 19:00:00,0.8868788349237696,0.86584103
2017-12-15 19:10:00,0.8038684699090228,0.87194145
2017-12-15 19:20:00,0.7418203189640111,0.7904712
2017-12-15 19:30:00,0.7024113577257842,0.71743
2017-12-15 19:40:00,0.6797721666407335,0.66688776
2017-12-15 19:50:00,0.7099577542947135,0.6414896
2017-12-15 20:00:00,0.6822876321637089,0.6912974
2017-12-15 20:10:00,0.7476897385176218,0.6651193
2017-12-15 20:20:00,0.7476897385176218,0.75029397
2017-12-15 20:30:00,0.7367893879180583,0.72836554
2017-12-15 20:40:00,0.7309199683644476,0.7157077
2017-12-15 20:50:00,0.7040883347411019,0.7140076
2017-12-15 21:00:00,0.6965419381721736,0.6671877
2017-12-15 21:10:00,0.6630023964875583,0.66519094
2017-12-15 21:20:00,0.5355521391886338,0.6224008
2017-12-15 21:30:00,0.4584111937274986,0.47711807
2017-12-15 21:40:00,0.3645004781131883,0.39288974
2017-12-15 21:50:00,0.3301224479209143,0.25992084
2017-12-15 22:00:00,0.2957444191069062,0.2335177
2017-12-15 22:10:00,0.24878906129975104,0.21345153
2017-12-15 22:20:00,0.15571683419310056,0.1860121
2017-12-15 22:30:00,0.08528379679323482,0.07343923
2017-12-15 22:40:00,-0.004434476282781443,-0.004349019
2017-12-15 22:50:00,-0.12601531402809485,-0.09014231
2017-12-15 23:00:00,-0.1712936948199324,-0.22525625
2017-12-15 23:10:00,-0.28532813461805207,-0.25163656
2017-12-15 23:20:00,-0.4002010643020955,-0.38738823
2017-12-15 23:30:00,-0.5050121305159693,-0.49034768
2017-12-15 23:40:00,-0.5695757483622234,-0.6167006
2017-12-15 23:50:00,-0.657617044422922,-0.6438085
2017-12-16 00:00:00,-0.7355964783917155,-0.74745965
2017-12-16 00:10:00,-0.8160913778834854,-0.83081436
2017-12-16 00:20:00,-0.8898783679357204,-0.89161
2017-12-16 00:30:00,-0.9745657099657837,-0.9706713
2017-12-16 00:40:00,-1.02068257926528,-1.0486449
2017-12-16 00:50:00,-1.0978235247264152,-1.0899574
2017-12-16 01:00:00,-1.1690950506339388,-1.160325
2017-12-16 01:10:00,-1.2026345909402887,-1.2209235
2017-12-16 01:20:00,-1.272229139832495,-1.2383398
2017-12-16 01:30:00,-1.3577549703702172,-1.3165876
2017-12-16 01:40:00,-1.3896175350395148,-1.3942127
2017-12-16 01:50:00,-1.4273495178841582,-1.4087389
2017-12-16 02:00:00,-1.4566966170304798,-1.4489943
2017-12-16 02:10:00,-1.4642430135994087,-1.492369
2017-12-16 02:20:00,-1.5011365093146587,-1.4898146
2017-12-16 02:30:00,-1.528806631445662,-1.5241835
2017-12-16 02:40:00,-1.5220987233843923,-1.541854
2017-12-16 02:50:00,-1.5573152407060595,-1.5214888
2017-12-16 03:00:00,-1.602593621497897,-1.5706997
2017-12-16 03:10:00,-1.6193633930293372,-1.6070572
2017-12-16 03:20:00,-1.626909789598266,-1.6079748
2017-12-16 03:30:00,-1.6436795597514406,-1.6120646
2017-12-16 03:40:00,-1.6445180482590995,-1.6206626
2017-12-16 03:50:00,-1.6478720022897342,-1.630333
2017-12-16 04:00:00,-1.6512259563203695,-1.6314304
2017-12-16 04:10:00,-1.6654802623288336,-1.6266478
2017-12-16 04:20:00,-1.6612878197905396,-1.6427027
2017-12-16 04:30:00,-1.6679957278518096,-1.6355945
2017-12-16 04:40:00,-1.6696727048671272,-1.6576799
2017-12-16 04:50:00,-1.6612878197905396,-1.6334612
2017-12-16 05:00:00,-1.648710490797393,-1.6243114
2017-12-16 05:10:00,-1.627748278105925,-1.6067046
2017-12-16 05:20:00,-1.616009438998702,-1.5952598
2017-12-16 05:30:00,-1.561507683244353,-1.5852183
2017-12-16 05:40:00,-1.542222447568202,-1.5151001
2017-12-16 05:50:00,-1.4675969676300433,-1.4853889
2017-12-16 06:00:00,-1.4784973196078723,-1.3988088
2017-12-16 06:10:00,-1.4717894101683369,-1.4559507
2017-12-16 06:20:00,-1.4675969676300433,-1.4497489
2017-12-16 06:30:00,-1.4348959158313523,-1.4491395
2017-12-16 06:40:00,-1.4885591816997774,-1.4064318
2017-12-16 06:50:00,-1.6017551329902384,-1.5078212
2017-12-16 07:00:00,-1.6562568887445872,-1.6177806
2017-12-16 07:10:00,-1.5975626904519442,-1.6471888
2017-12-16 07:20:00,-1.6537414232216108,-1.5794886
2017-12-16 07:30:00,-1.6235558355676307,-1.678495
2017-12-16 07:40:00,-1.6218788585523136,-1.6067986
2017-12-16 07:50:00,-1.639487117213147,-1.6136392
2017-12-16 08:00:00,-1.5506073326447896,-1.6129304
2017-12-16 08:10:00,-1.4692739446453609,-1.4722874
2017-12-16 08:20:00,-1.4021948626543959,-1.4087358
2017-12-16 08:30:00,-1.341823687346436,-1.326253
2017-12-16 08:40:00,-1.2680366972942014,-1.2630332
2017-12-16 08:50:00,-1.2328201785942685,-1.1761614
2017-12-16 09:00:00,-1.1389094629799588,-1.162468
2017-12-16 09:10:00,-1.0399678163196966,-1.0484756
2017-12-16 09:20:00,-0.8605312701676641,-0.94793046
2017-12-16 09:30:00,-0.7951291638137518,-0.7442753
2017-12-16 09:40:00,-0.7716514855993066,-0.7174065
2017-12-16 09:50:00,-0.7188267068602754,-0.6979034
2017-12-16 10:00:00,-0.616531106169378,-0.6452086
2017-12-16 10:10:00,-0.5561599322396834,-0.53969043
2017-12-16 10:20:00,-0.5117200399555047,-0.4757341
2017-12-16 10:30:00,-0.43961002554032186,-0.42941555
2017-12-16 10:40:00,-0.40690897236336543,-0.3661911
2017-12-16 10:50:00,-0.35240721798728203,-0.36681932
2017-12-16 11:00:00,-0.3448608214183533,-0.3125629
2017-12-16 11:10:00,-0.3230601188409608,-0.31271827
2017-12-16 11:20:00,-0.2836511576027344,-0.3030343
2017-12-16 11:30:00,-0.31719069928734966,-0.28450394
2017-12-16 11:40:00,-0.28448964611039324,-0.30766147
2017-12-16 11:50:00,-0.32557558436393674,-0.26849037
2017-12-16 12:00:00,-0.34150686738771857,-0.3260138
2017-12-16 12:10:00,-0.3431838444030357,-0.3496018
2017-12-16 12:20:00,-0.3431838444030357,-0.33508062
2017-12-16 12:30:00,-0.3431838444030357,-0.33776236
2017-12-16 12:40:00,-0.318029187795008,-0.3362991
2017-12-16 12:50:00,-0.28952057853461105,-0.3153669
2017-12-16 13:00:00,-0.28448964611039324,-0.2842933
2017-12-16 13:10:00,-0.2668813874495598,-0.28879374
2017-12-16 13:20:00,-0.25765801386531345,-0.2626531
2017-12-16 13:30:00,-0.2668813874495598,-0.25999367
2017-12-16 13:40:00,-0.2819741805874168,-0.2758282
2017-12-16 13:50:00,-0.30293639465715094,-0.28796455
2017-12-16 14:00:00,-0.2836511576027344,-0.31252044
2017-12-16 14:10:00,-0.2836511576027344,-0.27847296
2017-12-16 14:20:00,-0.2677198759572181,-0.29209748
2017-12-16 14:30:00,-0.28952057853461105,-0.26855046
2017-12-16 14:40:00,-0.2794587150644409,-0.29821083
2017-12-16 14:50:00,-0.30042092913417456,-0.27248675
2017-12-16 15:00:00,-0.4119399034093183,-0.3072226
2017-12-16 15:10:00,-0.4203247898641708,-0.44091582
2017-12-16 15:20:00,-0.39181617922550843,-0.42049468
2017-12-16 15:30:00,-0.41110141490165947,-0.3967769
2017-12-16 15:40:00,-0.4320636289713931,-0.40737325
2017-12-16 15:50:00,-0.415293857439953,-0.43257123
2017-12-16 16:00:00,-0.43793304852500425,-0.4074483
2017-12-16 16:10:00,-0.43961002554032186,-0.4431919
2017-12-16 16:20:00,-0.44715642210925066,-0.43440598
2017-12-16 16:30:00,-0.3985240872867784,-0.44076008
2017-12-16 16:40:00,-0.3658230341098219,-0.3690204
2017-12-16 16:50:00,-0.32725256137925435,-0.2995249
2017-12-16 17:00:00,-0.2534655713270199,-0.20947532
2017-12-16 17:10:00,-0.006111453298098053,-0.063245945
2017-12-16 17:20:00,0.3385073343757673,0.26871207
2017-12-16 17:30:00,0.6420401837960902,0.6141856
2017-12-16 17:40:00,0.7862602112481899,0.8544739
2017-12-16 17:50:00,0.8483083621932015,0.9204383
2017-12-16 18:00:00,0.8189612644251463,0.92244756
2017-12-16 18:10:00,0.8038684699090228,0.8449484
2017-12-16 18:20:00,0.7711674167320663,0.8247609
2017-12-16 18:30:00,0.7761983491562842,0.7680863
2017-12-16 18:40:00,0.7409818304563524,0.787859
2017-12-16 18:50:00,0.7409818304563524,0.72857594
2017-12-16 19:00:00,0.7233735704172534,0.7251793
2017-12-16 19:10:00,0.7577516006095264,0.715173
2017-12-16 19:20:00,0.7535591580712334,0.77017903
2017-12-16 19:30:00,0.7460127615023041,0.7512518
2017-12-16 19:40:00,0.733435433887423,0.71943593
2017-12-16 19:50:00,0.7242120589249121,0.70564944
2017-12-16 20:00:00,0.6973804266798324,0.69311726
2017-12-16 20:10:00,0.7124732198176889,0.6895138
2017-12-16 20:20:00,0.6663563505181935,0.70754385
2017-12-16 20:30:00,0.6143700616650856,0.6325403
2017-12-16 20:40:00,0.586699939534082,0.5908648
2017-12-16 20:50:00,0.5397445817269269,0.56471467
2017-12-16 21:00:00,0.5179438805277998,0.5110711
2017-12-16 21:10:00,0.486919804366161,0.47305524
2017-12-16 21:20:00,0.4617651477581328,0.44254547
2017-12-16 21:30:00,0.43493351551305404,0.40998232
2017-12-16 21:40:00,0.352761639005966,0.40009698
2017-12-16 21:50:00,0.30077535015285906,0.30213368
2017-12-16 22:00:00,0.2655588314529262,0.2460757
2017-12-16 22:10:00,0.21105707707684276,0.20065375
2017-12-16 22:20:00,0.14649345923058868,0.15153536
2017-12-16 22:30:00,0.060129140185207645,0.09284325
2017-12-16 22:40:00,0.001434943270830203,-0.022184364
2017-12-16 22:50:00,-0.07067507114435263,-0.07053182
2017-12-16 23:00:00,-0.21992602964240465,-0.14770837
2017-12-16 23:10:00,-0.3054518601801269,-0.31011558
2017-12-16 23:20:00,-0.39433164474848437,-0.41736197
2017-12-16 23:30:00,-0.5318437641393146,-0.5183374
2017-12-16 23:40:00,-0.6073077325851322,-0.65751207
2017-12-16 23:50:00,-0.6794177456220489,-0.6914845
2017-12-17 00:00:00,-0.7666205531750888,-0.7644303
2017-12-17 00:10:00,-0.893232321966355,-0.8486316
2017-12-17 00:20:00,-0.9787581525040778,-0.9597893
2017-12-17 00:30:00,-1.058414563488189,-1.0572919
2017-12-17 00:40:00,-1.1229781799561775,-1.1226622
2017-12-17 00:50:00,-1.1908957518330663,-1.19288
2017-12-17 01:00:00,-1.258813323709955,-1.2610607
2017-12-17 01:10:00,-1.2831294904320585,-1.3177356
2017-12-17 01:20:00,-1.3208614746549672,-1.3200487
2017-12-17 01:30:00,-1.3678168324621225,-1.3637642
2017-12-17 01:40:00,-1.4097412592233247,-1.4186157
2017-12-17 01:50:00,-1.4499887089692098,-1.4429789
2017-12-17 02:00:00,-1.5002980208069998,-1.4804913
2017-12-17 02:10:00,-1.5111983714065633,-1.5185144
2017-12-17 02:20:00,-1.5564767521984009,-1.5290096
2017-12-17 02:30:00,-1.585823851344722,-1.5751356
2017-12-17 02:40:00,-1.595885713436627,-1.5976123
2017-12-17 02:50:00,-1.6185249045216785,-1.6020037
2017-12-17 03:00:00,-1.6797345669590318,-1.6244266
2017-12-17 03:10:00,-1.7233359707355518,-1.6937382
2017-12-17 03:20:00,-1.7233359707355518,-1.7154651
2017-12-17 03:30:00,-1.7233359707355518,-1.7109976
2017-12-17 03:40:00,-1.7426212077899683,-1.7035271
2017-12-17 03:50:00,-1.7686143515273893,-1.7396351
2017-12-17 04:00:00,-1.7769992366039769,-1.7550389
2017-12-17 04:10:00,-1.776160748096318,-1.7559761
2017-12-17 04:20:00,-1.7652603974967547,-1.7470535
2017-12-17 04:30:00,-1.7593909779431434,-1.7358898
2017-12-17 04:40:00,-1.7535215583895323,-1.7443917
2017-12-17 04:50:00,-1.756875512420167,-1.7258197
2017-12-17 05:00:00,-1.7493291158512383,-1.7335237
2017-12-17 05:10:00,-1.7442981848052859,-1.7147378
2017-12-17 05:20:00,-1.7124356201359883,-1.7204416
2017-12-17 05:30:00,-1.7048892235670594,-1.6831142
2017-12-17 05:40:00,-1.663803285313516,-1.6732565
2017-12-17 05:50:00,-1.5539612866754244,-1.6015557
2017-12-17 06:00:00,-1.5916932708983331,-1.4877101
2017-12-17 06:10:00,-1.593370247913651,-1.6021448
2017-12-17 06:20:00,-1.5740850122374996,-1.5678635
2017-12-17 06:30:00,-1.602593621497897,-1.5589393
2017-12-17 06:40:00,-1.6747036359130796,-1.5861825
2017-12-17 06:50:00,-1.8206006403804968,-1.6868454
2017-12-17 07:00:00,-1.9589512482789853,-1.8478254
2017-12-17 07:10:00,-1.9874598589176478,-1.9686161
2017-12-17 07:20:00,-2.034415216724803,-1.9744865
2017-12-17 07:30:00,-2.025191843140557,-2.0391843
2017-12-17 07:40:00,-2.003391140563164,-2.0047145
2017-12-17 07:50:00,-1.9874598589176478,-1.9640903
2017-12-17 08:00:00,-1.9530818287253742,-1.9523209
2017-12-17 08:10:00,-1.9547588057406917,-1.8932273
2017-12-17 08:20:00,-1.8834872812114332,-1.9139258
2017-12-17 08:30:00,-1.8424013429578898,-1.8023987
2017-12-17 08:40:00,-1.7954459851507345,-1.7837325
2017-12-17 08:50:00,-1.7384287638734093,-1.7158478
2017-12-17 09:00:00,-1.6369716516901707,-1.6536326
2017-12-17 09:10:00,-1.535514539506932,-1.5490829
2017-12-17 09:20:00,-1.421480098330547,-1.441823
2017-12-17 09:30:00,-1.350208573801289,-1.3267219
2017-12-17 09:40:00,-1.2873219329703525,-1.2567759
2017-12-17 09:50:00,-1.2202428509793875,-1.1919852
2017-12-17 10:00:00,-1.1665795837326973,-1.1357992
2017-12-17 10:10:00,-1.0894386396498277,-1.0807128
2017-12-17 10:20:00,-1.0265519988188914,-0.9962399
2017-12-17 10:30:00,-0.9888200145959825,-0.9422097
2017-12-17 10:40:00,-0.9603114053355856,-0.936821
2017-12-17 10:50:00,-0.8856859253974263,-0.8963809
2017-12-17 11:00:00,-0.817768354898803,-0.81535107
2017-12-17 11:10:00,-0.7775209051529183,-0.7471043
2017-12-17 11:20:00,-0.7246961264138865,-0.72303367
2017-12-17 11:30:00,-0.6919950746151956,-0.6698234
2017-12-17 11:40:00,-0.6651634409918503,-0.6413652
2017-12-17 11:50:00,-0.6282699452766003,-0.6177361
2017-12-17 12:00:00,-0.603953778554497,-0.58475035
2017-12-17 12:10:00,-0.588860984038374,-0.57149
2017-12-17 12:20:00,-0.5813145874694456,-0.559529
2017-12-17 12:30:00,-0.588860984038374,-0.54531837
2017-12-17 12:40:00,-0.6374933188608467,-0.5445044
2017-12-17 12:50:00,-0.5871840070230568,-0.61694646
2017-12-17 13:00:00,-0.5704142368698817,-0.5555165
2017-12-17 13:10:00,-0.5720912138851992,-0.55696285
2017-12-17 13:20:00,-0.609823198108108,-0.561039
2017-12-17 13:30:00,-0.6173695946770368,-0.5995299
2017-12-17 13:40:00,-0.629946922291918,-0.614028
2017-12-17 13:50:00,-0.6282699452766003,-0.62511516
2017-12-17 14:00:00,-0.6115001751234257,-0.6282897
2017-12-17 14:10:00,-0.6198850602000132,-0.5965195
2017-12-17 14:20:00,-0.6081462210927905,-0.6165159
2017-12-17 14:30:00,-0.6005998245238622,-0.59889686
2017-12-17 14:40:00,-0.6215620372153303,-0.581197
2017-12-17 14:50:00,-0.6148541291540603,-0.6061573
2017-12-17 15:00:00,-0.683610189538608,-0.58022916
2017-12-17 15:10:00,-0.6844486780462669,-0.68807566
2017-12-17 15:20:00,-0.6987029826764655,-0.6494573
2017-12-17 15:30:00,-0.7406274094376678,-0.6877711
2017-12-17 15:40:00,-0.7255346149215454,-0.7310511
2017-12-17 15:50:00,-0.7305655473457632,-0.7218047
2017-12-17 16:00:00,-0.7288885703304455,-0.71972346
2017-12-17 16:10:00,-0.7196651953679342,-0.7098004
2017-12-17 16:20:00,-0.7196651953679342,-0.70142657
2017-12-17 16:30:00,-0.6802562341297078,-0.69214183
2017-12-17 16:40:00,-0.5964073819855682,-0.6419657
2017-12-17 16:50:00,-0.5377131836929258,-0.53784513
2017-12-17 17:00:00,-0.4412870025556395,-0.43971038
2017-12-17 17:10:00,-0.23837277681089689,-0.23591769
2017-12-17 17:20:00,0.07606042320898895,0.04435609
2017-12-17 17:30:00,0.45002630865091053,0.36938998
2017-12-17 17:40:00,0.5531603992277327,0.71953344
2017-12-17 17:50:00,0.5682531923655892,0.6862529
2017-12-17 18:00:00,0.5799920314728125,0.6436968
2017-12-17 18:10:00,0.595084824610669,0.6138134
2017-12-17 18:20:00,0.5992772685272281,0.6371422
2017-12-17 18:30:00,0.6344937858488959,0.61856997
2017-12-17 18:40:00,0.6311398318182607,0.67223936
2017-12-17 18:50:00,0.6286243662952843,0.64100087
2017-12-17 19:00:00,0.6588099539492643,0.63649845
2017-12-17 19:10:00,0.6621639079798995,0.6741197
2017-12-17 19:20:00,0.6889955416032443,0.67070866
2017-12-17 19:30:00,0.6437171608114067,0.69374084
2017-12-17 19:40:00,0.7133117083253477,0.6022468
2017-12-17 19:50:00,0.6957034496645148,0.70452493
2017-12-17 20:00:00,0.6915110071262207,0.7004472
2017-12-17 20:10:00,0.7007343807104666,0.7043344
2017-12-17 20:20:00,0.6713872815641454,0.6969675
2017-12-17 20:30:00,0.6378477398795301,0.64729995
2017-12-17 20:40:00,0.6370092513718714,0.61910295
2017-12-17 20:50:00,0.595084824610669,0.62633336
2017-12-17 21:00:00,0.5187823690354586,0.57169795
2017-12-17 21:10:00,0.46595759167469286,0.45991236
2017-12-17 21:20:00,0.4206792108828553,0.40729755
2017-12-17 21:30:00,0.36701594363616474,0.3597896
2017-12-17 21:40:00,0.31586814329071555,0.31909677
2017-12-17 21:50:00,0.27981313608312486,0.24925476
2017-12-17 22:00:00,0.2261498702147003,0.21208473
2017-12-17 22:10:00,0.1741635813615923,0.15989193
2017-12-17 22:20:00,0.07773740022430657,0.110064894
2017-12-17 22:30:00,0.004788897301465429,0.013694979
2017-12-17 22:40:00,-0.11679194044384847,-0.0839267
2017-12-17 22:50:00,-0.24675766326574994,-0.22437565
2017-12-17 23:00:00,-0.34066837888005974,-0.3579443
2017-12-17 23:10:00,-0.4446409565862742,-0.43607152
2017-12-17 23:20:00,-0.5578369092550005,-0.5601844
2017-12-17 23:30:00,-0.6475551823310168,-0.6747242
2017-12-17 23:40:00,-0.7406274094376678,-0.74400395
2017-12-17 23:50:00,-0.8144143994899028,-0.8408265
2017-12-18 00:00:00,-0.9041326739441841,-0.88417345
2017-12-18 00:10:00,-0.9946894355278592,-0.98326635
2017-12-18 00:20:00,-1.0953080592034388,-1.0445929
2017-12-18 00:30:00,-1.1690950506339388,-1.1611575
2017-12-18 00:40:00,-1.228627736055975,-1.2269943
2017-12-18 00:50:00,-1.2764215823707885,-1.2897965
2017-12-18 01:00:00,-1.329246359731555,-1.3370801
2017-12-18 01:10:00,-1.3795556715693447,-1.3801174
2017-12-18 01:20:00,-1.4105797477309836,-1.4202553
2017-12-18 01:30:00,-1.4491502204615512,-1.439187
2017-12-18 01:40:00,-1.4726278986759958,-1.491201
2017-12-18 01:50:00,-1.512036859914222,-1.4997762
2017-12-18 02:00:00,-1.5648616372749884,-1.5387293
2017-12-18 02:10:00,-1.584146874329405,-1.5729617
2017-12-18 02:20:00,-1.6084630410515084,-1.6040232
2017-12-18 02:30:00,-1.626909789598266,-1.6231447
2017-12-18 02:40:00,-1.6260713010906072,-1.6326034
2017-12-18 02:50:00,-1.6520644448280282,-1.6206125
2017-12-18 03:00:00,-1.6428410712437818,-1.649655
2017-12-18 03:10:00,-1.6428410712437818,-1.6298882
2017-12-18 03:20:00,-1.652902933335687,-1.6509682
2017-12-18 03:30:00,-1.6629647968058572,-1.6468539
2017-12-18 03:40:00,-1.6755421244207382,-1.6538101
2017-12-18 03:50:00,-1.6730266588977618,-1.6510911
2017-12-18 04:00:00,-1.6671572393441507,-1.6588607
2017-12-18 04:10:00,-1.6671572393441507,-1.6493117
2017-12-18 04:20:00,-1.6495489793050517,-1.6483876
2017-12-18 04:30:00,-1.622717347059972,-1.6226383
2017-12-18 04:40:00,-1.6084630410515084,-1.5939046
2017-12-18 04:50:00,-1.6151709504910436,-1.5990646
2017-12-18 05:00:00,-1.614332461983385,-1.5929946
2017-12-18 05:10:00,-1.6126554849680674,-1.582827
2017-12-18 05:20:00,-1.5824698973140874,-1.580412
2017-12-18 05:30:00,-1.5807929202987696,-1.5539471
2017-12-18 05:40:00,-1.518744767975492,-1.5599303
2017-12-18 05:50:00,-1.393809977577809,-1.4620328
2017-12-18 06:00:00,-1.4181261442999122,-1.321926
2017-12-18 06:10:00,-1.4021948626543959,-1.4013039
2017-12-18 06:20:00,-1.3896175350395148,-1.3847991
2017-12-18 06:30:00,-1.352724039324265,-1.3850778
2017-12-18 06:40:00,-1.3544010163395825,-1.3326505
2017-12-18 06:50:00,-1.421480098330547,-1.346264
2017-12-18 07:00:00,-1.4181261442999122,-1.4382862
2017-12-18 07:10:00,-1.3711707864927571,-1.4051181
2017-12-18 07:20:00,-1.3711707864927571,-1.3771898
2017-12-18 07:30:00,-1.3485315967859715,-1.3932505
2017-12-18 07:40:00,-1.3602704358931936,-1.3591018
2017-12-18 07:50:00,-1.3611089244008525,-1.3772954
2017-12-18 08:00:00,-1.2965453065545984,-1.3722451
2017-12-18 08:10:00,-1.194249705863701,-1.2561011
2017-12-18 08:20:00,-1.1171087604025662,-1.1221792
2017-12-18 08:30:00,-1.0542221209498954,-1.0583543
2017-12-18 08:40:00,-0.9972049010508356,-1.0119855
2017-12-18 08:50:00,-0.9276103521586291,-0.94563717
2017-12-18 09:00:00,-0.8303456825136841,-0.8757155
2017-12-18 09:10:00,-0.8840089483821092,-0.7593684
2017-12-18 09:20:00,-0.7322425243610807,-0.8542453
2017-12-18 09:30:00,-0.6584555329305803,-0.6579965
2017-12-18 09:40:00,-0.6182080831846957,-0.61602104
2017-12-18 09:50:00,-0.560352374777977,-0.5614735
2017-12-18 10:00:00,-0.5050121305159693,-0.5071543
2017-12-18 10:10:00,-0.44883339912456827,-0.46856818
2017-12-18 10:20:00,-0.3758848975799921,-0.41952628
2017-12-18 10:30:00,-0.33060651678815456,-0.33273193
2017-12-18 10:40:00,-0.2517885943117023,-0.28541005
2017-12-18 10:50:00,-0.21237963307347588,-0.21555683
2017-12-18 11:00:00,-0.18387102243481349,-0.20058012
2017-12-18 11:10:00,-0.17800160288120234,-0.17079115
2017-12-18 11:20:00,-0.13775415313531714,-0.16257627
2017-12-18 11:30:00,-0.10086065742006717,-0.1233194
2017-12-18 11:40:00,-0.08912181831284487,-0.107620426
2017-12-18 11:50:00,-0.06732111711371741,-0.09496108
2017-12-18 12:00:00,-0.05893623065886485,-0.062013213
2017-12-18 12:10:00,-0.05725925364354724,-0.067436814
2017-12-18 12:20:00,-0.04971285707461848,-0.05984485
2017-12-18 12:30:00,-0.019527269420637955,-0.050657034
2017-12-18 12:40:00,0.0022734317784890096,-0.01888115
2017-12-18 12:50:00,0.02072017894698075,0.015285043
2017-12-18 13:00:00,-0.05725925364354724,0.022061393
2017-12-18 13:10:00,-0.09415274935879721,-0.09094764
2017-12-18 13:20:00,-0.1058915884660195,-0.12129503
2017-12-18 13:30:00,-0.15200845776551583,-0.13570362
2017-12-18 13:40:00,-0.1754861373582259,-0.19748226
2017-12-18 13:50:00,-0.23082638024196814,-0.21740876
2017-12-18 14:00:00,-0.15787787869739248,-0.28859857
2017-12-18 14:10:00,-0.13775415313531714,-0.1683167
2017-12-18 14:20:00,-0.1461390382119047,-0.15347812
2017-12-18 14:30:00,-0.17884009138886114,-0.16966808
2017-12-18 14:40:00,-0.19309439601905934,-0.19259194
2017-12-18 14:50:00,-0.24088824233387332,-0.20093867
2017-12-18 15:00:00,-0.2635274334189246,-0.2501897
2017-12-18 15:10:00,-0.2526270828193611,-0.26664016
2017-12-18 15:20:00,-0.27275080700317095,-0.2451104
2017-12-18 15:30:00,-0.2819741805874168,-0.29266378
2017-12-18 15:40:00,-0.28616662312571034,-0.30102092
2017-12-18 15:50:00,-0.26101196789594866,-0.3015874
2017-12-18 16:00:00,-0.2425652207274559,-0.2764008
2017-12-18 16:10:00,-0.1998023054585948,-0.2526372
2017-12-18 16:20:00,-0.19393288452671817,-0.19599107
2017-12-18 16:30:00,-0.20231777098157122,-0.18835501
2017-12-18 16:40:00,-0.14781601522722182,-0.17631032
2017-12-18 16:50:00,-0.06312867319715838,-0.09834225
2017-12-18 17:00:00,0.04503634704735013,0.018102966
2017-12-18 17:10:00,0.2974213961222238,0.2330221
2017-12-18 17:20:00,0.7225350819095946,0.6263522
2017-12-18 17:30:00,0.9656967574002214,1.0858377
2017-12-18 17:40:00,1.0118136266997177,1.1426898
2017-12-18 17:50:00,1.0160060692380117,1.0692545
2017-12-18 18:00:00,1.0134906037150353,1.0698112
2017-12-18 18:10:00,1.0512225879379447,1.0540377
2017-12-18 18:20:00,1.122494112467202,1.0745724
2017-12-18 18:30:00,1.1006934112680753,1.1375669
2017-12-18 18:40:00,1.0747002661523892,1.088613
2017-12-18 18:50:00,1.0755387546600481,1.0645672
2017-12-18 19:00:00,1.0738617776447303,1.0611789
2017-12-18 19:10:00,1.0897930606685118,1.0464877
2017-12-18 19:20:00,1.0856006181302176,1.0568877
2017-12-18 19:30:00,1.0369682833077458,1.0499501
2017-12-18 19:40:00,0.9606658263542696,0.9922409
2017-12-18 19:50:00,0.9506039642623648,0.89614487
2017-12-18 20:00:00,0.9355111697462414,0.9094014
2017-12-18 20:10:00,0.9774355965074437,0.90012836
2017-12-18 20:20:00,0.9522809412776815,0.9774052
2017-12-18 20:30:00,0.9086795375011616,0.9245287
2017-12-18 20:40:00,0.8122533549856108,0.8720677
2017-12-18 20:50:00,0.7552361350865511,0.7808466
2017-12-18 21:00:00,0.7208581048942769,0.7153363
2017-12-18 21:10:00,0.6630023964875583,0.6816386
2017-12-18 21:20:00,0.595084824610669,0.5975132
2017-12-18 21:30:00,0.5095589954512127,0.5429161
2017-12-18 21:40:00,0.4257101419288072,0.4351569
2017-12-18 21:50:00,0.36030803557489427,0.3479938
2017-12-18 22:00:00,0.2873595340303191,0.26102343
2017-12-18 22:10:00,0.2026721920002547,0.18990493
2017-12-18 22:20:00,0.13810857415400163,0.11407872
2017-12-18 22:30:00,0.0819298427626006,0.045395475
2017-12-18 22:40:00,0.0022734317784890096,-0.007970974
2017-12-18 22:50:00,-0.1201458944744837,-0.104914285
2017-12-18 23:00:00,-0.23334184576494454,-0.23761737
2017-12-18 23:10:00,-0.35240721798728203,-0.35173863
2017-12-18 23:20:00,-0.44631793360159183,-0.47187948
2017-12-18 23:30:00,-0.5628678403009534,-0.5645539
2017-12-18 23:40:00,-0.7104418217836878,-0.68499887
2017-12-18 23:50:00,-0.8026755603826805,-0.8276132
2017-12-19 00:00:00,-0.8949092989816727,-0.89367914
2017-12-19 00:10:00,-0.9619883823509027,-0.9748131
2017-12-19 00:20:00,-1.038290839304379,-1.0353093
2017-12-19 00:30:00,-1.1036929442800265,-1.1134115
2017-12-19 00:40:00,-1.1363939974569828,-1.1712594
2017-12-19 00:50:00,-1.1833493552641374,-1.1877648
2017-12-19 01:00:00,-1.2898373984933285,-1.2457498
2017-12-19 01:10:00,-1.3435006643617535,-1.347176
2017-12-19 01:20:00,-1.3980024201161023,-1.3769444
2017-12-19 01:30:00,-1.4407653353849637,-1.429829
2017-12-19 01:40:00,-1.4675969676300433,-1.4638506
2017-12-19 01:50:00,-1.4843667391614834,-1.4989104
2017-12-19 02:00:00,-1.48017429662319,-1.497107
2017-12-19 02:10:00,-1.4818512736385077,-1.4960777
2017-12-19 02:20:00,-1.5011365093146587,-1.4901754
2017-12-19 02:30:00,-1.4935901127457298,-1.5190653
2017-12-19 02:40:00,-1.506167440360611,-1.5038714
2017-12-19 02:50:00,-1.5447379130911785,-1.515344
2017-12-19 03:00:00,-1.5531227981677656,-1.5519097
2017-12-19 03:10:00,-1.566538615668571,-1.5414845
2017-12-19 03:20:00,-1.5975626904519442,-1.5692923
2017-12-19 03:30:00,-1.6151709504910436,-1.5962914
2017-12-19 03:40:00,-1.633617697659536,-1.6034858
2017-12-19 03:50:00,-1.605109087020873,-1.6103185
2017-12-19 04:00:00,-1.6042705985132142,-1.5837294
2017-12-19 04:10:00,-1.614332461983385,-1.5969372
2017-12-19 04:20:00,-1.6311022321365596,-1.5945199
2017-12-19 04:30:00,-1.6042705985132142,-1.6099179
2017-12-19 04:40:00,-1.602593621497897,-1.5727884
2017-12-19 04:50:00,-1.639487117213147,-1.5926675
2017-12-19 05:00:00,-1.6503874678127106,-1.6175559
2017-12-19 05:10:00,-1.6478720022897342,-1.6127557
2017-12-19 05:20:00,-1.6428410712437818,-1.6045741
2017-12-19 05:30:00,-1.6176864160140196,-1.6104134
2017-12-19 05:40:00,-1.542222447568202,-1.5770229
2017-12-19 05:50:00,-1.4030333511620547,-1.4824656
2017-12-19 06:00:00,-1.3711707864927571,-1.3228261
2017-12-19 06:10:00,-1.346016131262995,-1.3413345
2017-12-19 06:20:00,-1.3326003137621896,-1.3278617
2017-12-19 06:30:00,-1.300737750471158,-1.3123633
2017-12-19 06:40:00,-1.3233769401779436,-1.2836621
2017-12-19 06:50:00,-1.40638730519269,-1.3119901
2017-12-19 07:00:00,-1.3988409086237612,-1.4214379
2017-12-19 07:10:00,-1.3602704358931936,-1.3911799
2017-12-19 07:20:00,-1.365301366939146,-1.3602955
2017-12-19 07:30:00,-1.3602704358931936,-1.3826995
2017-12-19 07:40:00,-1.4013563741467376,-1.3657463
2017-12-19 07:50:00,-1.4013563741467376,-1.4081736
2017-12-19 08:00:00,-1.3208614746549672,-1.3947207
2017-12-19 08:10:00,-1.2202428509793875,-1.2798616
2017-12-19 08:20:00,-1.11459329487959,-1.1773828
2017-12-19 08:30:00,-1.029905952849526,-1.0383277
2017-12-19 08:40:00,-0.9812736180270537,-0.9670092
2017-12-19 08:50:00,-0.9041326739441841,-0.9316412
2017-12-19 09:00:00,-0.8311841710213429,-0.8463713
2017-12-19 09:10:00,-0.7800363706758943,-0.7659068
2017-12-19 09:20:00,-0.6894796090922196,-0.703768
2017-12-19 09:30:00,-0.6173695946770368,-0.6313933
2017-12-19 09:40:00,-0.5947304035919856,-0.5791937
2017-12-19 09:50:00,-0.5528059782090482,-0.54624844
2017-12-19 10:00:00,-0.5217819020474094,-0.5155611
2017-12-19 10:10:00,-0.4018780413174131,-0.4856656
2017-12-19 10:20:00,-0.35408419500259963,-0.35672355
2017-12-19 10:30:00,-0.3498917524643056,-0.32454017
2017-12-19 10:40:00,-0.3163522107796909,-0.3165807
2017-12-19 10:50:00,-0.2509501058040435,-0.28407723
2017-12-19 11:00:00,-0.19477137303437697,-0.22056378
2017-12-19 11:10:00,-0.16458578675866242,-0.17225517
2017-12-19 11:20:00,-0.1344001991046824,-0.16077861
2017-12-19 11:30:00,-0.0790599562209397,-0.11989324
2017-12-19 11:40:00,-0.05642076513588843,-0.06867732
2017-12-19 11:50:00,-0.08828332980518606,-0.056460474
2017-12-19 12:00:00,-0.09666821488177363,-0.09317211
2017-12-19 12:10:00,-0.06396716170481719,-0.102651276
2017-12-19 12:20:00,-0.07570600219030497,-0.04473297
2017-12-19 12:30:00,-0.09499123786645602,-0.08328774
2017-12-19 12:40:00,-0.0924757723434796,-0.09665458
2017-12-19 12:50:00,-0.11343798641321375,-0.09504328
2017-12-19 13:00:00,-0.17716311437354354,-0.1261532
2017-12-19 13:10:00,-0.20231777098157122,-0.19309342
2017-12-19 13:20:00,-0.20734870202752356,-0.21654929
2017-12-19 13:30:00,-0.19477137303437697,-0.23605937
2017-12-19 13:40:00,-0.24340370923511473,-0.20810601
2017-12-19 13:50:00,-0.2534655713270199,-0.27002043
2017-12-19 14:00:00,-0.22998789173430934,-0.27410746
2017-12-19 14:10:00,-0.18051706840417825,-0.2634676
2017-12-19 14:20:00,-0.16710125228163836,-0.17990592
2017-12-19 14:30:00,-0.1847095109424723,-0.17813532
2017-12-19 14:40:00,-0.19225590751140054,-0.2085965
2017-12-19 14:50:00,-0.25765801386531345,-0.19108488
2017-12-19 15:00:00,-0.2802972035720992,-0.27466577
2017-12-19 15:10:00,-0.28281266909507563,-0.28546923
2017-12-19 15:20:00,-0.27610476103380566,-0.3016051
2017-12-19 15:30:00,-0.31215976824139685,-0.28789842
2017-12-19 15:40:00,-0.3356374478341074,-0.32734632
2017-12-19 15:50:00,-0.33396047081878977,-0.35822147
2017-12-19 16:00:00,-0.3364759363417662,-0.35142127
2017-12-19 16:10:00,-0.31719069928734966,-0.35274833
2017-12-19 16:20:00,-0.23250335725728574,-0.31163156
2017-12-19 16:30:00,-0.19644835004969458,-0.19737831
2017-12-19 16:40:00,-0.1603933442203684,-0.16463533
2017-12-19 16:50:00,-0.0933142608511384,-0.09262402
2017-12-19 17:00:00,0.04000541600139729,0.036499448
2017-12-19 17:10:00,0.2789746475754661,0.24115247
2017-12-19 17:20:00,0.6177240156957208,0.5737071
2017-12-19 17:30:00,0.919579888100726,0.8889251
2017-12-19 17:40:00,1.0394837488307223,1.1182036
2017-12-19 17:50:00,1.0470301453996507,1.1340445
2017-12-19 18:00:00,1.088954572160853,1.0816659
2017-12-19 18:10:00,1.0897930606685118,1.1344262
2017-12-19 18:20:00,1.0679923580911188,1.1020597
2017-12-19 18:30:00,1.0512225879379447,1.088293
2017-12-19 18:40:00,1.0185215347609882,1.0594901
2017-12-19 18:50:00,1.0151675807303528,1.01488
2017-12-19 19:00:00,1.0252294428222577,0.9959585
2017-12-19 19:10:00,1.0403222373383803,1.0031545
2017-12-19 19:20:00,1.0092981611767413,1.0215771
2017-12-19 19:30:00,0.9900129241223248,0.961848
2017-12-19 19:40:00,0.9522809412776815,0.9467227
2017-12-19 19:50:00,0.928803261684972,0.89347315
2017-12-19 20:00:00,0.8826863923854755,0.8868933
2017-12-19 20:10:00,0.9187413995930672,0.8302666
2017-12-19 20:20:00,0.9506039642623648,0.89378935
2017-12-19 20:30:00,0.919579888100726,0.92773294
2017-12-19 20:40:00,0.8701090647705945,0.8985932
2017-12-19 20:50:00,0.7619440431478205,0.85570014
2017-12-19 21:00:00,0.716665662355983,0.71596956
2017-12-19 21:10:00,0.7099577542947135,0.6815425
2017-12-19 21:20:00,0.6680333275335112,0.64336884
2017-12-19 21:30:00,0.6202394812186972,0.6205096
2017-12-19 21:40:00,0.5422600472499033,0.5514269
2017-12-19 21:50:00,0.46595759167469286,0.467206
2017-12-19 22:00:00,0.3863011806905813,0.36638153
2017-12-19 22:10:00,0.31922209732135076,0.28112644
2017-12-19 22:20:00,0.23705022081426377,0.2173397
2017-12-19 22:30:00,0.1355931086310252,0.1371696
2017-12-19 22:40:00,0.003111920286147816,0.023113072
2017-12-19 22:50:00,-0.14530054970424588,-0.14775814
2017-12-19 23:00:00,-0.23166486874962694,-0.29661542
2017-12-19 23:10:00,-0.3901392022101908,-0.3520078
2017-12-19 23:20:00,-0.4798574752862071,-0.5318537
2017-12-19 23:30:00,-0.5704142368698817,-0.60620904
2017-12-19 23:40:00,-0.6710328605454614,-0.69041467
2017-12-19 23:50:00,-0.7448198519759619,-0.7723175
2017-12-20 00:00:00,-0.8227992859447554,-0.82528424
2017-12-20 00:10:00,-0.893232321966355,-0.8982755
2017-12-20 00:20:00,-0.9762426869811014,-0.9636071
2017-12-20 00:30:00,-1.039129327812038,-1.0512697
2017-12-20 00:40:00,-1.1330400434263477,-1.1006275
2017-12-20 00:50:00,-1.235335644117245,-1.1944771
2017-12-20 01:00:00,-1.3242154286856025,-1.3001127
2017-12-20 01:10:00,-1.3879405566459322,-1.3930533
2017-12-20 01:20:00,-1.4852052276691423,-1.4363962
2017-12-20 01:30:00,-1.527129654430345,-1.5169066
2017-12-20 01:40:00,-1.5053289518529522,-1.5485171
2017-12-20 01:50:00,-1.486043716176801,-1.5150133
2017-12-20 02:00:00,-1.5036519748376345,-1.4996395
2017-12-20 02:10:00,-1.5480918671218133,-1.517785
2017-12-20 02:20:00,-1.542222447568202,-1.5608578
2017-12-20 02:30:00,-1.5564767521984009,-1.5486251
2017-12-20 02:40:00,-1.570731058206865,-1.5630884
2017-12-20 02:50:00,-1.585823851344722,-1.5704292
2017-12-20 03:00:00,-1.5908547823906745,-1.5792361
2017-12-20 03:10:00,-1.6168479275063607,-1.5876393
2017-12-20 03:20:00,-1.6243943240752896,-1.6146051
2017-12-20 03:30:00,-1.6151709504910436,-1.6112341
2017-12-20 03:40:00,-1.6017551329902384,-1.5929941
2017-12-20 03:50:00,-1.6009166444825795,-1.5767931
2017-12-20 04:00:00,-1.616009438998702,-1.595168
2017-12-20 04:10:00,-1.602593621497897,-1.603506
2017-12-20 04:20:00,-1.620201881536996,-1.5726881
2017-12-20 04:30:00,-1.6009166444825795,-1.5946885
2017-12-20 04:40:00,-1.593370247913651,-1.5701501
2017-12-20 04:50:00,-1.6260713010906072,-1.5729659
2017-12-20 05:00:00,-1.579115943283452,-1.6025203
2017-12-20 05:10:00,-1.5531227981677656,-1.525233
2017-12-20 05:20:00,-1.561507683244353,-1.5081846
2017-12-20 05:30:00,-1.5455764015988374,-1.5262374
2017-12-20 05:40:00,-1.4952670897610474,-1.516101
2017-12-20 05:50:00,-1.3644628784314872,-1.4420041
2017-12-20 06:00:00,-1.36949380947744,-1.2696886
2017-12-20 06:10:00,-1.3552395048472412,-1.329013
2017-12-20 06:20:00,-1.3233769401779436,-1.3307178
2017-12-20 06:30:00,-1.278937047893765,-1.3007507
2017-12-20 06:40:00,-1.3242154286856025,-1.2566906
2017-12-20 06:50:00,-1.382071137092321,-1.3181748
2017-12-20 07:00:00,-1.421480098330547,-1.3762412
2017-12-20 07:10:00,-1.4156106787769358,-1.4052957
2017-12-20 07:20:00,-1.4105797477309836,-1.4019287
2017-12-20 07:30:00,-1.3812326485846622,-1.4157375
2017-12-20 07:40:00,-1.3854250911229558,-1.3658627
2017-12-20 07:50:00,-1.4097412592233247,-1.3853762
2017-12-20 08:00:00,-1.3309233367468725,-1.3976337
2017-12-20 08:10:00,-1.2495899487474438,-1.2732028
2017-12-20 08:20:00,-1.1850263322794552,-1.1907324
2017-12-20 08:30:00,-1.1196242259255422,-1.1364883
2017-12-20 08:40:00,-1.038290839304379,-1.0690058
2017-12-20 08:50:00,-1.004751297619764,-0.98508656
2017-12-20 09:00:00,-0.8915553449510375,-0.95557094
2017-12-20 09:10:00,-0.7993216063520453,-0.8047093
2017-12-20 09:20:00,-0.7171497298449577,-0.7285694
2017-12-20 09:30:00,-0.6425242512850645,-0.64747065
2017-12-20 09:40:00,-0.6056307555698145,-0.5747833
2017-12-20 09:50:00,-0.5569984207473423,-0.5385211
2017-12-20 10:00:00,-0.505850619023628,-0.4862881
2017-12-20 10:10:00,-0.41948630135651205,-0.45767736
2017-12-20 10:20:00,-0.3876237366872144,-0.37227675
2017-12-20 10:30:00,-0.3046133716724686,-0.3493024
2017-12-20 10:40:00,-0.27610476103380566,-0.23630534
2017-12-20 10:50:00,-0.27610476103380566,-0.22422972
2017-12-20 11:00:00,-0.229149403226651,-0.2637122
2017-12-20 11:10:00,-0.13943113015063474,-0.20100287
2017-12-20 11:20:00,-0.14530054970424588,-0.1095686
2017-12-20 11:30:00,-0.09750670338943193,-0.124030925
2017-12-20 11:40:00,-0.10086065742006717,-0.07243758
2017-12-20 11:50:00,-0.0807369332362573,-0.09623075
2017-12-20 12:00:00,-0.09582972637411483,-0.07815469
2017-12-20 12:10:00,-0.07235204815966974,-0.09414018
2017-12-20 12:20:00,-0.022881224829539176,-0.05075926
2017-12-20 12:30:00,-0.03378157542910266,-0.007262874
2017-12-20 12:40:00,-0.01868878091297915,-0.030484127
2017-12-20 12:50:00,-0.029589132890808625,-0.014121614
2017-12-20 13:00:00,-0.050551345582277286,-0.032740876
2017-12-20 13:10:00,-0.05977471916652315,-0.060275298
2017-12-20 13:20:00,-0.05306681110525321,-0.08585774
2017-12-20 13:30:00,-0.07738297920562258,-0.068067916
2017-12-20 13:40:00,-0.08996030682050368,-0.10181267
2017-12-20 13:50:00,-0.13943113015063474,-0.103642575
2017-12-20 14:00:00,-0.07486751368264616,-0.17982492
2017-12-20 14:10:00,-0.09750670338943193,-0.0750671
2017-12-20 14:20:00,-0.0807369332362573,-0.11896912
2017-12-20 14:30:00,-0.11092252089023732,-0.071675606
2017-12-20 14:40:00,-0.1335617105970236,-0.12918282
2017-12-20 14:50:00,-0.14697752671956352,-0.1461949
2017-12-20 15:00:00,-0.16710125228163836,-0.14522411
2017-12-20 15:10:00,-0.18135555691183705,-0.17479764
2017-12-20 15:20:00,-0.16877822929695596,-0.18277419
2017-12-20 15:30:00,-0.19812532844327768,-0.1756205
2017-12-20 15:40:00,-0.24843464028106757,-0.22319612
2017-12-20 15:50:00,-0.27778173804912326,-0.270342
2017-12-20 16:00:00,-0.2802972035720992,-0.30494326
2017-12-20 16:10:00,-0.27275080700317095,-0.28805578
2017-12-20 16:20:00,-0.24675766326574994,-0.28323728
2017-12-20 16:30:00,-0.20651021351986473,-0.24120656
2017-12-20 16:40:00,-0.11846891745916609,-0.19367771
2017-12-20 16:50:00,-0.032943086921443855,-0.056956153
2017-12-20 17:00:00,0.008142851332099653,0.04956417
2017-12-20 17:10:00,0.19009486300710862,0.16367975
2017-12-20 17:20:00,0.590892382072376,0.50122315
2017-12-20 17:30:00,0.9556348953083167,0.95773697
2017-12-20 17:40:00,1.0042672301307896,1.1840643
2017-12-20 17:50:00,1.0042672301307896,1.0459648
2017-12-20 18:00:00,1.0160060692380117,1.044999
2017-12-20 18:10:00,1.071346312121754,1.0451856
2017-12-20 18:20:00,1.0654768925681424,1.1070641
2017-12-20 18:30:00,1.0654768925681424,1.0525612
2017-12-20 18:40:00,1.02355246580694,1.0656172
2017-12-20 18:50:00,1.0201985117763057,1.0053446
2017-12-20 19:00:00,1.0604459615221904,1.0070556
2017-12-20 19:10:00,1.0512225879379447,1.0599021
2017-12-20 19:20:00,0.9967208335618603,1.0179417
2017-12-20 19:30:00,0.9170644225777497,0.964573
2017-12-20 19:40:00,0.9095180260088204,0.8823173
2017-12-20 19:50:00,0.8919097659697215,0.888374
2017-12-20 20:00:00,0.8315385920400273,0.862204
2017-12-20 20:10:00,0.915387445562432,0.79804033
2017-12-20 20:20:00,0.9430575663151706,0.91966546
2017-12-20 20:30:00,0.9547964068006579,0.9306479
2017-12-20 20:40:00,0.9103565145164791,0.9420198
2017-12-20 20:50:00,0.8499853392085192,0.8565149
2017-12-20 21:00:00,0.7619440431478205,0.80403054
2017-12-20 21:10:00,0.7384663649333759,0.7042428
2017-12-20 21:20:00,0.664679373502876,0.70382977
2017-12-20 21:30:00,0.5665762153502726,0.6085034
2017-12-20 21:40:00,0.5078820184358952,0.46265697
2017-12-20 21:50:00,0.4458338661126175,0.41951665
2017-12-20 22:00:00,0.39468606576716836,0.36772043
2017-12-20 22:10:00,0.31586814329071555,0.31976384
2017-12-20 22:20:00,0.20351068050791352,0.21059616
2017-12-20 22:30:00,0.14062403967697704,0.09259184
2017-12-20 22:40:00,0.05845216316989003,0.04396827
2017-12-20 22:50:00,-0.06983658263669383,-0.038446378
2017-12-20 23:00:00,-0.20818719053518236,-0.17467052
2017-12-20 23:10:00,-0.33060651678815456,-0.32999825
2017-12-20 23:20:00,-0.4765035212555719,-0.45621142
2017-12-20 23:30:00,-0.5779606334388104,-0.6174669
2017-12-20 23:40:00,-0.6609709984535568,-0.69084114
2017-12-20 23:50:00,-0.7582356680985017,-0.7780794
2017-12-21 00:00:00,-0.8429230101285652,-0.8670104
2017-12-21 00:10:00,-0.9183869785743828,-0.91974294
2017-12-21 00:20:00,-0.9980433895584944,-0.9730816
2017-12-21 00:30:00,-1.0617685175188236,-1.0678841
2017-12-21 00:40:00,-1.1120778293566136,-1.1233283
2017-12-21 00:50:00,-1.1481328365642052,-1.1627098
2017-12-21 01:00:00,-1.2034730794479473,-1.2060219
2017-12-21 01:10:00,-1.2797755364014238,-1.253395
2017-12-21 01:20:00,-1.31918449763965,-1.3356096
2017-12-21 01:30:00,-1.3443391528694124,-1.3514698
2017-12-21 01:40:00,-1.4097412592233247,-1.3725655
2017-12-21 01:50:00,-1.4315419604224522,-1.4356747
2017-12-21 02:00:00,-1.4717894101683369,-1.4492878
2017-12-21 02:10:00,-1.5002980208069998,-1.4923865
2017-12-21 02:20:00,-1.5246141889073688,-1.5178342
2017-12-21 02:30:00,-1.5237757003997099,-1.5306919
2017-12-21 02:40:00,-1.5480918671218133,-1.5324448
2017-12-21 02:50:00,-1.573246523729841,-1.5552496
2017-12-21 03:00:00,-1.5598307062290355,-1.5679156
2017-12-21 03:10:00,-1.5589922177213766,-1.546815
2017-12-21 03:20:00,-1.5506073326447896,-1.542901
2017-12-21 03:30:00,-1.5782774547757932,-1.5440851
2017-12-21 03:40:00,-1.590016293883016,-1.5712949
2017-12-21 03:50:00,-1.6076245525438495,-1.5694665
2017-12-21 04:00:00,-1.6084630410515084,-1.5851643
2017-12-21 04:10:00,-1.6042705985132142,-1.5770547
2017-12-21 04:20:00,-1.5816314088064285,-1.5829941
2017-12-21 04:30:00,-1.579115943283452,-1.5471601
2017-12-21 04:40:00,-1.5740850122374996,-1.5512195
2017-12-21 04:50:00,-1.5749235007451585,-1.5326656
2017-12-21 05:00:00,-1.5564767521984009,-1.5460128
2017-12-21 05:10:00,-1.542222447568202,-1.5251025
2017-12-21 05:20:00,-1.5816314088064285,-1.5016123
2017-12-21 05:30:00,-1.5682155926838885,-1.5481161
2017-12-21 05:40:00,-1.5313220969686385,-1.5172724
2017-12-21 05:50:00,-1.4239955638535233,-1.4864408
2017-12-21 06:00:00,-1.3753632290310511,-1.3414476
2017-12-21 06:10:00,-1.3778786945540271,-1.3327371
2017-12-21 06:20:00,-1.340985198838777,-1.3479007
2017-12-21 06:30:00,-1.2822910019243996,-1.3189553
2017-12-21 06:40:00,-1.2705521628171774,-1.2612041
2017-12-21 06:50:00,-1.3258924057009196,-1.260433
2017-12-21 07:00:00,-1.3367927563004836,-1.3398393
2017-12-21 07:10:00,-1.3535625278319237,-1.3237604
2017-12-21 07:20:00,-1.3803941600770036,-1.3740278
2017-12-21 07:30:00,-1.393809977577809,-1.3970127
2017-12-21 07:40:00,-1.4466347549385747,-1.3948301
2017-12-21 07:50:00,-1.486043716176801,-1.4435444
2017-12-21 08:00:00,-1.3971639316084437,-1.473545
2017-12-21 08:10:00,-1.2831294904320585,-1.3458649
2017-12-21 08:20:00,-1.1883802863100899,-1.2371753
2017-12-21 08:30:00,-1.1481328365642052,-1.135814
2017-12-21 08:40:00,-1.1263321353650777,-1.098136
2017-12-21 08:50:00,-1.1129163178642723,-1.092674
2017-12-21 09:00:00,-1.0349368838954789,-1.0585608
2017-12-21 09:10:00,-0.9393491912658514,-0.96345997
2017-12-21 09:20:00,-0.8429230101285652,-0.85268986
2017-12-21 09:30:00,-0.8118989339669264,-0.7727117
2017-12-21 09:40:00,-0.7414658979453266,-0.7647741
2017-12-21 09:50:00,-0.6400087857620881,-0.6731266
2017-12-21 10:00:00,-0.5829915644847627,-0.580944
2017-12-21 10:10:00,-0.5460980687695128,-0.5249562
2017-12-21 10:20:00,-0.47063410170196074,-0.51897234
2017-12-21 10:30:00,-0.4412870025556395,-0.41696623
2017-12-21 10:40:00,-0.3675000111251395,-0.39908436
2017-12-21 10:50:00,-0.3473762869413297,-0.3168086
2017-12-21 11:00:00,-0.31467523376437323,-0.30893058
2017-12-21 11:10:00,-0.3037748831648098,-0.2813591
2017-12-21 11:20:00,-0.28448964611039324,-0.27091914
2017-12-21 11:30:00,-0.24675766326574994,-0.24361727
2017-12-21 11:40:00,-0.20651021351986473,-0.20738806
2017-12-21 11:50:00,-0.17800160288120234,-0.17246749
2017-12-21 12:00:00,-0.2157335871041111,-0.1567657
2017-12-21 12:10:00,-0.17045520631227357,-0.2214312
2017-12-21 12:20:00,-0.1302077565663884,-0.14827564
2017-12-21 12:30:00,-0.10673007697367831,-0.118576996
2017-12-21 12:40:00,-0.05474378812057082,-0.097647674
2017-12-21 12:50:00,-0.048035880059300866,-0.034709863
2017-12-21 13:00:00,-0.06732111711371741,-0.03882541
2017-12-21 13:10:00,-0.11427647492087256,-0.06577189
2017-12-21 13:20:00,-0.09834519189709075,-0.14318779
2017-12-21 13:30:00,-0.14949299224253942,-0.10985709
2017-12-21 13:40:00,-0.16626276377398005,-0.18624741
2017-12-21 13:50:00,-0.18890195348076583,-0.1784465
2017-12-21 14:00:00,-0.15200845776551583,-0.20571508
2017-12-21 14:10:00,-0.15536241317441607,-0.1524657
2017-12-21 14:20:00,-0.15620090168207487,-0.16982439
2017-12-21 14:30:00,-0.16542427526632125,-0.16184178
2017-12-21 14:40:00,-0.16710125228163836,-0.15915589
2017-12-21 14:50:00,-0.19057893049608343,-0.18683968
2017-12-21 15:00:00,-0.19393288452671817,-0.20563391
2017-12-21 15:10:00,-0.19560986154203577,-0.19702095
2017-12-21 15:20:00,-0.1998023054585948,-0.19994256
2017-12-21 15:30:00,-0.20399474799688883,-0.22609963
2017-12-21 15:40:00,-0.23753428830323808,-0.23238501
2017-12-21 15:50:00,-0.23501882278026215,-0.26461262
2017-12-21 16:00:00,-0.21992602964240465,-0.23993047
2017-12-21 16:10:00,-0.229149403226651,-0.21424522
2017-12-21 16:20:00,-0.19812532844327768,-0.23971489
2017-12-21 16:30:00,-0.19812532844327768,-0.1704118
2017-12-21 16:40:00,-0.13943113015063474,-0.17438138
2017-12-21 16:50:00,-0.0656441387201343,-0.07003443
2017-12-21 17:00:00,0.04587483555500894,0.025329854
2017-12-21 17:10:00,0.2823286016061013,0.20781708
2017-12-21 17:20:00,0.5598683072890022,0.567539
2017-12-21 17:30:00,0.9137104685471144,0.8461336
2017-12-21 17:40:00,1.0319373508835281,1.153726
2017-12-21 17:50:00,1.11075527335998,1.093022
2017-12-21 18:00:00,1.0923085261914882,1.1562608
2017-12-21 18:10:00,1.0562535189838964,1.0980645
2017-12-21 18:20:00,1.0227139772992813,1.0728482
2017-12-21 18:30:00,1.0260679313299164,1.0223138
2017-12-21 18:40:00,1.0629614270451668,1.0170015
2017-12-21 18:50:00,1.0939855032068058,1.053166
2017-12-21 19:00:00,1.0512225879379447,1.0809802
2017-12-21 19:10:00,1.0931470146991469,1.0261004
2017-12-21 19:20:00,1.0419992143536978,1.0706967
2017-12-21 19:30:00,0.9841435045687141,0.9976406
2017-12-21 19:40:00,0.9573118723236343,0.9384062
2017-12-21 19:50:00,0.9162259340700908,0.9345302
2017-12-21 20:00:00,0.8717860417859121,0.8894837
2017-12-21 20:10:00,0.9204183766083839,0.83463055
2017-12-21 20:20:00,0.928803261684972,0.91356575
2017-12-21 20:30:00,0.8994561625386507,0.914291
2017-12-21 20:40:00,0.8088994009549756,0.8828561
2017-12-21 20:50:00,0.7502052040405982,0.76877725
2017-12-21 21:00:00,0.7267275244478876,0.6995516
2017-12-21 21:10:00,0.6806106551483923,0.68474615
2017-12-21 21:20:00,0.6353322743565547,0.643436
2017-12-21 21:30:00,0.5757995889345184,0.58427536
2017-12-21 21:40:00,0.5070435285499704,0.5132635
2017-12-21 21:50:00,0.47434247675127994,0.43845835
2017-12-21 22:00:00,0.39384757725950953,0.38484964
2017-12-21 22:10:00,0.30329081567583444,0.30806142
2017-12-21 22:20:00,0.20770312304620753,0.1995448
2017-12-21 22:30:00,0.11714636146253246,0.10461665
2017-12-21 22:40:00,0.03245901943246903,0.014713287
2017-12-21 22:50:00,-0.10756856548133711,-0.052644182
2017-12-21 23:00:00,-0.23166486874962694,-0.22127452
2017-12-21 23:10:00,-0.35576117201791674,-0.34093535
2017-12-21 23:20:00,-0.45889526121647295,-0.48175535
2017-12-21 23:30:00,-0.5569984207473423,-0.5851064
2017-12-21 23:40:00,-0.6257544797536244,-0.6674193
2017-12-21 23:50:00,-0.7154727528296402,-0.73131764
2017-12-22 00:00:00,-0.8202838204217794,-0.80951154
2017-12-22 00:10:00,-0.8789780173361563,-0.90522015
2017-12-22 00:20:00,-0.941026168281169,-0.9310566
2017-12-22 00:30:00,-1.0156516482193279,-1.0110344
2017-12-22 00:40:00,-1.0525451439345777,-1.0846363
2017-12-22 00:50:00,-1.1372324859646412,-1.1153656
2017-12-22 01:00:00,-1.2118579645245349,-1.1955181
2017-12-22 01:10:00,-1.314992055101356,-1.2590601
2017-12-22 01:20:00,-1.3242154286856025,-1.3753728
2017-12-22 01:30:00,-1.3611089244008525,-1.3559952
2017-12-22 01:40:00,-1.4164491672845947,-1.4008673
2017-12-22 01:50:00,-1.4508271974768687,-1.4529308
2017-12-22 02:00:00,-1.4835282506538248,-1.4762751
2017-12-22 02:10:00,-1.5019749978223174,-1.5010296
2017-12-22 02:20:00,-1.521260234876734,-1.5052103
2017-12-22 02:30:00,-1.5262911659226863,-1.5229722
2017-12-22 02:40:00,-1.5447379130911785,-1.5151615
2017-12-22 02:50:00,-1.543060936075861,-1.549209
2017-12-22 03:00:00,-1.5782774547757932,-1.5360557
2017-12-22 03:10:00,-1.561507683244353,-1.5797704
2017-12-22 03:20:00,-1.561507683244353,-1.5328597
2017-12-22 03:30:00,-1.5631846602596708,-1.5565223
2017-12-22 03:40:00,-1.5942087364213096,-1.555142
2017-12-22 03:50:00,-1.6235558355676307,-1.5867229
2017-12-22 04:00:00,-1.6168479275063607,-1.6056755
2017-12-22 04:10:00,-1.6235558355676307,-1.583603
2017-12-22 04:20:00,-1.6193633930293372,-1.6024157
2017-12-22 04:30:00,-1.6352946746748531,-1.5822207
2017-12-22 04:40:00,-1.6344561861671947,-1.5992829
2017-12-22 04:50:00,-1.6218788585523136,-1.5917925
2017-12-22 05:00:00,-1.5975626904519442,-1.5850226
2017-12-22 05:10:00,-1.593370247913651,-1.5547597
2017-12-22 05:20:00,-1.5950472249289684,-1.5636351
2017-12-22 05:30:00,-1.605109087020873,-1.5634469
2017-12-22 05:40:00,-1.5522843096601073,-1.5666763
2017-12-22 05:50:00,-1.4290264948994758,-1.4969711
2017-12-22 06:00:00,-1.3879405566459322,-1.3414645
2017-12-22 06:10:00,-1.3476931082783126,-1.352299
2017-12-22 06:20:00,-1.300737750471158,-1.3200538
2017-12-22 06:30:00,-1.2328201785942685,-1.2849118
2017-12-22 06:40:00,-1.2328201785942685,-1.2098277
2017-12-22 06:50:00,-1.288160421478011,-1.2264241
2017-12-22 07:00:00,-1.3476931082783126,-1.2872688
2017-12-22 07:10:00,-1.3426621758540946,-1.330479
2017-12-22 07:20:00,-1.3980024201161023,-1.3345125
2017-12-22 07:30:00,-1.4441192894155988,-1.4123243
2017-12-22 07:40:00,-1.4877206931921187,-1.4484905
2017-12-22 07:50:00,-1.4868822046844599,-1.4659157
2017-12-22 08:00:00,-1.4080642822080072,-1.4542278
2017-12-22 08:10:00,-1.2688751858018603,-1.339142
2017-12-22 08:20:00,-1.2336586671019274,-1.194636
2017-12-22 08:30:00,-1.1892187748177487,-1.1906246
2017-12-22 08:40:00,-1.142263417010594,-1.1264652
2017-12-22 08:50:00,-1.0869231741268512,-1.0958148
2017-12-22 09:00:00,-1.0525451439345777,-1.0256358
2017-12-22 09:10:00,-0.9334797717122403,-0.9941334
2017-12-22 09:20:00,-0.8462769641592004,-0.8451773
2017-12-22 09:30:00,-0.76578206466743,-0.76540315
2017-12-22 09:40:00,-0.7624281106367953,-0.6993482
2017-12-22 09:50:00,-0.6844486780462669,-0.71968377
2017-12-22 10:00:00,-0.6106616866157668,-0.6212578
2017-12-22 10:10:00,-0.5469365572771716,-0.5538575
2017-12-22 10:20:00,-0.5251358560780446,-0.49072707
2017-12-22 10:30:00,-0.4714725902096195,-0.47237855
2017-12-22 10:40:00,-0.3825928056412621,-0.43344724
2017-12-22 10:50:00,-0.3742079191864095,-0.34979504
2017-12-22 11:00:00,-0.34066837888005974,-0.34095746
2017-12-22 11:10:00,-0.30125941764183334,-0.30235356
2017-12-22 11:20:00,-0.23334184576494454,-0.2798199
2017-12-22 11:30:00,-0.26939685297253574,-0.1995779
2017-12-22 11:40:00,-0.2568195253576546,-0.25500637
2017-12-22 11:50:00,-0.29119755554992865,-0.2262263
2017-12-22 12:00:00,-0.38007734011828614,-0.28888988
2017-12-22 12:10:00,-0.38510827116423846,-0.40552294
2017-12-22 12:20:00,-0.40774746087102426,-0.37965953
2017-12-22 12:30:00,-0.43961002554032186,-0.41842866
2017-12-22 12:40:00,-0.4697956131943019,-0.44642708
2017-12-22 12:50:00,-0.4538643301705206,-0.4935616
2017-12-22 13:00:00,-0.3842697826565797,-0.46494406
2017-12-22 13:10:00,-0.33060651678815456,-0.3825134
2017-12-22 13:20:00,-0.3398298903724009,-0.29626995
2017-12-22 13:30:00,-0.3381529133570833,-0.3227616
2017-12-22 13:40:00,-0.38175431713360325,-0.3348514
2017-12-22 13:50:00,-0.41948630135651205,-0.4081055
2017-12-22 14:00:00,-0.430386651956076,-0.438539
2017-12-22 14:10:00,-0.44631793360159183,-0.43123692
2017-12-22 14:20:00,-0.430386651956076,-0.45696914
2017-12-22 14:30:00,-0.389300713702532,-0.41709563
2017-12-22 14:40:00,-0.41613234594761184,-0.38213214
2017-12-22 14:50:00,-0.3708539651557743,-0.4247027
2017-12-22 15:00:00,-0.4010395528097543,-0.35487932
2017-12-22 15:10:00,-0.44631793360159183,-0.40638977
2017-12-22 15:20:00,-0.4404485140479807,-0.43791118
2017-12-22 15:30:00,-0.4899193373781118,-0.4374066
2017-12-22 15:40:00,-0.5075275974172107,-0.5027149
2017-12-22 15:50:00,-0.4991427109623581,-0.523621
2017-12-22 16:00:00,-0.45051037613988537,-0.5206903
2017-12-22 16:10:00,-0.4563797956934965,-0.45006993
2017-12-22 16:20:00,-0.4647646821483496,-0.4605848
2017-12-22 16:30:00,-0.46057223823179055,-0.45797217
2017-12-22 16:40:00,-0.3901392022101908,-0.44934395
2017-12-22 16:50:00,-0.2945515095805634,-0.33048743
2017-12-22 17:00:00,-0.23501882278026215,-0.2031422
2017-12-22 17:10:00,-0.064805650212476,-0.08093108
2017-12-22 17:20:00,0.30496779269115204,0.19339699
2017-12-22 17:30:00,0.6286243662952843,0.6584486
2017-12-22 17:40:00,0.781229280202237,0.88556665
2017-12-22 17:50:00,0.811414866477952,0.9205972
2017-12-22 18:00:00,0.8139303320009275,0.864959
2017-12-22 18:10:00,0.8424389426395908,0.8414198
2017-12-22 18:20:00,0.863401156709325,0.8699999
2017-12-22 18:30:00,0.8357310345783204,0.88602716
2017-12-22 18:40:00,0.811414866477952,0.8542785
2017-12-22 18:50:00,0.8156073090162451,0.8215674
2017-12-22 19:00:00,0.8206382414404629,0.8141418
2017-12-22 19:10:00,0.8147688205085862,0.819414
2017-12-22 19:20:00,0.7627825316554793,0.8120154
2017-12-22 19:30:00,0.7560746235942098,0.7463211
2017-12-22 19:40:00,0.7225350819095946,0.73335874
2017-12-22 19:50:00,0.7300814798567888,0.68933094
2017-12-22 20:00:00,0.737627876425717,0.7133844
2017-12-22 20:10:00,0.7611055546401617,0.7443085
2017-12-22 20:20:00,0.7619440431478205,0.75859725
2017-12-22 20:30:00,0.7661364856861145,0.752911
2017-12-22 20:40:00,0.7367893879180583,0.7594543
2017-12-22 20:50:00,0.7175041508636417,0.73994243
2017-12-22 21:00:00,0.7124732198176889,0.6903732
2017-12-22 21:10:00,0.6101776191267926,0.672132
2017-12-22 21:20:00,0.5632222613196374,0.54912126
2017-12-22 21:30:00,0.5355521391886338,0.50785947
2017-12-22 21:40:00,0.5053665515346527,0.4688642
2017-12-22 21:50:00,0.43325653849773643,0.44473588
2017-12-22 22:00:00,0.3167066317983743,0.355788
2017-12-22 22:10:00,0.2831670901137601,0.22395006
2017-12-22 22:20:00,0.23621173230660494,0.21887903
2017-12-22 22:30:00,0.18422544345349698,0.16575739
2017-12-22 22:40:00,0.07773740022430657,0.08640931
2017-12-22 22:50:00,-0.03545855244441977,-0.027018212
2017-12-22 23:00:00,-0.12936926805872956,-0.13745634
2017-12-22 23:10:00,-0.20818719053518236,-0.23856007
2017-12-22 23:20:00,-0.29874395211885746,-0.32086736
2017-12-22 23:30:00,-0.3976855987791196,-0.39886552
2017-12-22 23:40:00,-0.5528059782090482,-0.49441713
2017-12-22 23:50:00,-0.6525861133769691,-0.647855
2017-12-23 00:00:00,-0.7641050876521129,-0.7383926
2017-12-23 00:10:00,-0.8571773147587639,-0.85848165
2017-12-23 00:20:00,-0.9611498938432439,-0.93805367
2017-12-23 00:30:00,-1.0349368838954789,-1.0559164
2017-12-23 00:40:00,-1.098662013234074,-1.1090941
2017-12-23 00:50:00,-1.1858648207871139,-1.1766578
2017-12-23 01:00:00,-1.2177273854564117,-1.2487422
2017-12-23 01:10:00,-1.2755830938631296,-1.2703861
2017-12-23 01:20:00,-1.31918449763965,-1.3208779
2017-12-23 01:30:00,-1.3560779933549,-1.3622594
2017-12-23 01:40:00,-1.384586602615297,-1.4006487
2017-12-23 01:50:00,-1.4172876557922536,-1.4215168
2017-12-23 02:00:00,-1.4634045250917498,-1.4523361
2017-12-23 02:10:00,-1.4944286012533887,-1.4831223
2017-12-23 02:20:00,-1.5128753484218809,-1.5244194
2017-12-23 02:30:00,-1.5095213943912456,-1.5311303
2017-12-23 02:40:00,-1.542222447568202,-1.526661
2017-12-23 02:50:00,-1.599239667467262,-1.5608342
2017-12-23 03:00:00,-1.6176864160140196,-1.6127923
2017-12-23 03:10:00,-1.6453565367667582,-1.623635
2017-12-23 03:20:00,-1.6621263082981983,-1.6459001
2017-12-23 03:30:00,-1.6671572393441507,-1.6555314
2017-12-23 03:40:00,-1.6805730554666907,-1.6521612
2017-12-23 03:50:00,-1.6948273600968893,-1.680947
2017-12-23 04:00:00,-1.7082431775976947,-1.685839
2017-12-23 04:10:00,-1.7015352695364248,-1.6935855
2017-12-23 04:20:00,-1.6864424750203018,-1.6848949
2017-12-23 04:30:00,-1.6948273600968893,-1.6701232
2017-12-23 04:40:00,-1.6864424750203018,-1.6856085
2017-12-23 04:50:00,-1.6814115439743493,-1.6653085
2017-12-23 05:00:00,-1.6554184002369285,-1.6603898
2017-12-23 05:10:00,-1.647033513782076,-1.6217437
2017-12-23 05:20:00,-1.6327792091518771,-1.6258118
2017-12-23 05:30:00,-1.6034321100055555,-1.6038166
2017-12-23 05:40:00,-1.570731058206865,-1.5663989
2017-12-23 05:50:00,-1.4466347549385747,-1.5267996
2017-12-23 06:00:00,-1.4189646328075711,-1.3641317
2017-12-23 06:10:00,-1.4206416098228882,-1.4079086
2017-12-23 06:20:00,-1.3829096255999793,-1.4185889
2017-12-23 06:30:00,-1.4047103281773723,-1.3779048
2017-12-23 06:40:00,-1.4089027707156658,-1.4052224
2017-12-23 06:50:00,-1.4105797477309836,-1.4213451
2017-12-23 07:00:00,-1.5145523254371984,-1.4328989
2017-12-23 07:10:00,-1.5204217449908097,-1.554659
2017-12-23 07:20:00,-1.5455764015988374,-1.5161175
2017-12-23 07:30:00,-1.5455764015988374,-1.5905925
2017-12-23 07:40:00,-1.570731058206865,-1.5574487
2017-12-23 07:50:00,-1.5849853628370631,-1.581062
2017-12-23 08:00:00,-1.522937211892051,-1.5850214
2017-12-23 08:10:00,-1.4566966170304798,-1.4692291
2017-12-23 08:20:00,-1.3971639316084437,-1.4083341
2017-12-23 08:30:00,-1.3661398554468047,-1.3345343
2017-12-23 08:40:00,-1.3242154286856025,-1.3044828
2017-12-23 08:50:00,-1.194249705863701,-1.2514845
2017-12-23 09:00:00,-1.1120778293566136,-1.1169566
2017-12-23 09:10:00,-0.9913354801189589,-1.0410832
2017-12-23 09:20:00,-0.8882013909204027,-0.88204765
2017-12-23 09:30:00,-0.8144143994899028,-0.7995077
2017-12-23 09:40:00,-0.746496828991279,-0.71226466
2017-12-23 09:50:00,-0.6928335631228544,-0.66879547
2017-12-23 10:00:00,-0.6584555329305803,-0.63115484
2017-12-23 10:10:00,-0.5486135342924892,-0.5921618
2017-12-23 10:20:00,-0.4681186361789848,-0.45384657
2017-12-23 10:30:00,-0.4220017668794884,-0.4045896
2017-12-23 10:40:00,-0.3750464090723333,-0.3823735
2017-12-23 10:50:00,-0.3264140728715955,-0.32927006
2017-12-23 11:00:00,-0.3314450052958134,-0.2910068
2017-12-23 11:10:00,-0.23501882278026215,-0.31948844
2017-12-23 11:20:00,-0.229149403226651,-0.20595351
2017-12-23 11:30:00,-0.17716311437354354,-0.22249144
2017-12-23 11:40:00,-0.12601531402809485,-0.15211654
2017-12-23 11:50:00,-0.14446206119658708,-0.10249119
2017-12-23 12:00:00,-0.14026961865829354,-0.16444238
2017-12-23 12:10:00,-0.14110810716595237,-0.14055426
2017-12-23 12:20:00,-0.1302077565663884,-0.16088182
2017-12-23 12:30:00,-0.19896381695093598,-0.14610027
2017-12-23 12:40:00,-0.23334184576494454,-0.22389911
2017-12-23 12:50:00,-0.18051706840417825,-0.2527625
2017-12-23 13:00:00,-0.1872249764654482,-0.19005314
2017-12-23 13:10:00,-0.19225590751140054,-0.217825
2017-12-23 13:20:00,-0.22160300665772226,-0.21439698
2017-12-23 13:30:00,-0.21824905262708702,-0.25076514
2017-12-23 13:40:00,-0.23418033427260335,-0.2333683
2017-12-23 13:50:00,-0.26939685297253574,-0.24532638
2017-12-23 14:00:00,-0.2769432495414645,-0.27873826
2017-12-23 14:10:00,-0.27778173804912326,-0.25875205
2017-12-23 14:20:00,-0.29874395211885746,-0.27231646
2017-12-23 14:30:00,-0.2584965023729722,-0.2995909
2017-12-23 14:40:00,-0.31383674525671446,-0.2548244
2017-12-23 14:50:00,-0.333121982311131,-0.3179654
2017-12-23 15:00:00,-0.3909776907178496,-0.32843903
2017-12-23 15:10:00,-0.42619420941778197,-0.39835477
2017-12-23 15:20:00,-0.4203247898641708,-0.43566242
2017-12-23 15:30:00,-0.46560317065600837,-0.43810624
2017-12-23 15:40:00,-0.5024966649929928,-0.49025163
2017-12-23 15:50:00,-0.5310052756316558,-0.5086076
2017-12-23 16:00:00,-0.6123386636310845,-0.5535494
2017-12-23 16:10:00,-0.5746066794081757,-0.6376681
2017-12-23 16:20:00,-0.5620293517932946,-0.5740602
2017-12-23 16:30:00,-0.5075275974172107,-0.56920606
2017-12-23 16:40:00,-0.445479445093933,-0.47924232
2017-12-23 16:50:00,-0.3465377984336709,-0.38721418
2017-12-23 17:00:00,-0.24591917475809114,-0.23549753
2017-12-23 17:10:00,-0.09918368040474955,-0.09164634
2017-12-23 17:20:00,0.2580124348839979,0.16227856
2017-12-23 17:30:00,0.6797721666407335,0.5677413
2017-12-23 17:40:00,0.8483083621932015,0.9614338
2017-12-23 17:50:00,0.9036486050769438,0.97560084
2017-12-23 18:00:00,0.919579888100726,0.9534948
2017-12-23 18:10:00,0.9170644225777497,0.94406027
2017-12-23 18:20:00,0.8768169728318639,0.9316736
2017-12-23 18:30:00,0.8525008047314956,0.87772954
2017-12-23 18:40:00,0.8541777817468131,0.8499981
2017-12-23 18:50:00,0.8449544081625663,0.8459878
2017-12-23 19:00:00,0.8768169728318639,0.8268087
2017-12-23 19:10:00,0.8726245302935709,0.85292864
2017-12-23 19:20:00,0.8793324383548403,0.8571354
2017-12-23 19:30:00,0.8784939498471815,0.85757077
2017-12-23 19:40:00,0.8508238277161779,0.85943234
2017-12-23 19:50:00,0.8265076609940746,0.81920254
2017-12-23 20:00:00,0.798837538863071,0.79837704
2017-12-23 20:10:00,0.7795523031869194,0.77313423
2017-12-23 20:20:00,0.7443357844869866,0.76329
2017-12-23 20:30:00,0.7158271738483242,0.7233302
2017-12-23 20:40:00,0.6705487930564866,0.6809522
2017-12-23 20:50:00,0.6554559999186301,0.6206915
2017-12-23 21:00:00,0.6244319237569902,0.6145226
2017-12-23 21:10:00,0.5791535429651538,0.5772679
2017-12-23 21:20:00,0.4969816664580657,0.5194408
2017-12-23 21:30:00,0.4466723546202763,0.4574127
2017-12-23 21:40:00,0.35611559303660123,0.3876327
2017-12-23 21:50:00,0.3217375628443272,0.2705843
2017-12-23 22:00:00,0.2789746475754661,0.23948394
2017-12-23 22:10:00,0.23285777827596973,0.19853774
2017-12-23 22:20:00,0.16829416180798165,0.1809012
2017-12-23 22:30:00,0.14649345923058868,0.09841271
2017-12-23 22:40:00,0.052582743616278384,0.07832434
2017-12-23 22:50:00,-0.00946540732873328,-0.03563175
2017-12-23 23:00:00,-0.09582972637411483,-0.08700605
2017-12-23 23:10:00,-0.20651021351986473,-0.16795477
2017-12-23 23:20:00,-0.3163522107796909,-0.29921743
2017-12-23 23:30:00,-0.41948630135651205,-0.41538048
2017-12-23 23:40:00,-0.4949502684240641,-0.5232662
2017-12-23 23:50:00,-0.5813145874694456,-0.58018553
2017-12-24 00:00:00,-0.6676789065148266,-0.6714375
2017-12-24 00:10:00,-0.7481738060065966,-0.76256216
2017-12-24 00:20:00,-0.8563388262511051,-0.83564854
2017-12-24 00:30:00,-0.9443801223118038,-0.95328635
2017-12-24 00:40:00,-1.029905952849526,-1.0320154
2017-12-24 00:50:00,-1.0995005017417323,-1.1123089
2017-12-24 01:00:00,-1.1724490046645741,-1.1754221
2017-12-24 01:10:00,-1.2294662245636339,-1.2442921
2017-12-24 01:20:00,-1.2739061168478125,-1.2812072
2017-12-24 01:30:00,-1.3367927563004836,-1.3325177
2017-12-24 01:40:00,-1.4231570753458647,-1.3885686
2017-12-24 01:50:00,-1.4784973196078723,-1.4765214
2017-12-24 02:00:00,-1.5220987233843923,-1.5082175
2017-12-24 02:10:00,-1.5757619892528174,-1.5435973
2017-12-24 02:20:00,-1.599239667467262,-1.6088544
2017-12-24 02:30:00,-1.602593621497897,-1.6122651
2017-12-24 02:40:00,-1.6017551329902384,-1.6205566
2017-12-24 02:50:00,-1.620201881536996,-1.6102906
2017-12-24 03:00:00,-1.6386486287054882,-1.6327482
2017-12-24 03:10:00,-1.6696727048671272,-1.6473131
2017-12-24 03:20:00,-1.677219101436056,-1.672337
2017-12-24 03:30:00,-1.6478720022897342,-1.6749734
2017-12-24 03:40:00,-1.6629647968058572,-1.6367232
2017-12-24 03:50:00,-1.652902933335687,-1.6700999
2017-12-24 04:00:00,-1.6445180482590995,-1.6435604
2017-12-24 04:10:00,-1.6495489793050517,-1.6425027
2017-12-24 04:20:00,-1.6663187508364918,-1.643015
2017-12-24 04:30:00,-1.6981813155057897,-1.6563357
2017-12-24 04:40:00,-1.7048892235670594,-1.6922586
2017-12-24 04:50:00,-1.6948273600968893,-1.681843
2017-12-24 05:00:00,-1.6973428256198657,-1.6730884
2017-12-24 05:10:00,-1.6629647968058572,-1.673174
2017-12-24 05:20:00,-1.663803285313516,-1.6358801
2017-12-24 05:30:00,-1.6914734060662542,-1.6438606
2017-12-24 05:40:00,-1.7292053902891629,-1.670113
2017-12-24 05:50:00,-1.6176864160140196,-1.6917514
2017-12-24 06:00:00,-1.6185249045216785,-1.526954
2017-12-24 06:10:00,-1.633617697659536,-1.5974423
2017-12-24 06:20:00,-1.6302637436289007,-1.6246709
2017-12-24 06:30:00,-1.614332461983385,-1.6214043
2017-12-24 06:40:00,-1.6562568887445872,-1.6057726
2017-12-24 06:50:00,-1.7627449319737782,-1.6709199
2017-12-24 07:00:00,-1.8616865786340402,-1.7879428
2017-12-24 07:10:00,-1.9455354321564453,-1.8986286
2017-12-24 07:20:00,-2.015129981048652,-1.9577473
2017-12-24 07:30:00,-2.014291492540993,-2.0371816
2017-12-24 07:40:00,-1.9950062554865764,-1.9881712
2017-12-24 07:50:00,-1.9782364853334018,-1.9700049
2017-12-24 08:00:00,-1.9052879824105606,-1.9390341
2017-12-24 08:10:00,-1.874263907627187,-1.8463838
2017-12-24 08:20:00,-1.8390473889272545,-1.8252463
2017-12-24 08:30:00,-1.787061100074147,-1.7834545
2017-12-24 08:40:00,-1.756875512420167,-1.7213714
2017-12-24 08:50:00,-1.6939888715892306,-1.673781
2017-12-24 09:00:00,-1.572408035222182,-1.6095667
2017-12-24 09:10:00,-1.5397069820452263,-1.4719774
2017-12-24 09:20:00,-1.5153908139448569,-1.4705352
2017-12-24 09:30:00,-1.4248340523611822,-1.4298013
2017-12-24 09:40:00,-1.3141535665936972,-1.3233968
2017-12-24 09:50:00,-1.2277892475483163,-1.2169698
2017-12-24 10:00:00,-1.1472943480565463,-1.1427013
2017-12-24 10:10:00,-1.0408063048273555,-1.0554525
2017-12-24 10:20:00,-0.9494110547360216,-0.9372521
2017-12-24 10:30:00,-0.9049711624518428,-0.8785418
2017-12-24 10:40:00,-0.8965862759969903,-0.83008623
2017-12-24 10:50:00,-0.8295071940060252,-0.8442479
2017-12-24 11:00:00,-0.7909367212754577,-0.76128256
2017-12-24 11:10:00,-0.757397179590843,-0.7225043
2017-12-24 11:20:00,-0.7607511336214777,-0.71015537
2017-12-24 11:30:00,-0.7179882183526166,-0.7227031
2017-12-24 11:40:00,-0.6668404180071679,-0.6709993
2017-12-24 11:50:00,-0.6643249524841914,-0.6165145
2017-12-24 12:00:00,-0.6936720516305132,-0.6394309
2017-12-24 12:10:00,-0.6676789065148266,-0.6606214
2017-12-24 12:20:00,-0.560352374777977,-0.64835066
2017-12-24 12:30:00,-0.5201049250320918,-0.51038665
2017-12-24 12:40:00,-0.5167509710014571,-0.48812464
2017-12-24 12:50:00,-0.545259580261854,-0.49822444
2017-12-24 13:00:00,-0.549452022800148,-0.5379153
2017-12-24 13:10:00,-0.5377131836929258,-0.5363032
2017-12-24 13:20:00,-0.579637610454128,-0.5215926
2017-12-24 13:30:00,-0.5645448173162705,-0.5754771
2017-12-24 13:40:00,-0.5846685415000804,-0.5440486
2017-12-24 13:50:00,-0.5813145874694456,-0.58417237
2017-12-24 14:00:00,-0.5787991219464692,-0.5682786
2017-12-24 14:10:00,-0.5628678403009534,-0.5672855
2017-12-24 14:20:00,-0.5469365572771716,-0.55679214
2017-12-24 14:30:00,-0.5351977181699493,-0.5412337
2017-12-24 14:40:00,-0.5561599322396834,-0.5195788
2017-12-24 14:50:00,-0.6173695946770368,-0.5265969
2017-12-24 15:00:00,-0.6274314567689415,-0.61083925
2017-12-24 15:10:00,-0.6156926176617192,-0.61316943
2017-12-24 15:20:00,-0.6307854107995767,-0.6139941
2017-12-24 15:30:00,-0.7070878677530531,-0.6286171
2017-12-24 15:40:00,-0.7523662485448906,-0.7133522
2017-12-24 15:50:00,-0.7590741566061601,-0.7516863
2017-12-24 16:00:00,-0.7649435761597717,-0.7537093
2017-12-24 16:10:00,-0.7976446293367276,-0.7588265
2017-12-24 16:20:00,-0.7775209051529183,-0.7848619
2017-12-24 16:30:00,-0.7641050876521129,-0.75286245
2017-12-24 16:40:00,-0.7188267068602754,-0.7209709
2017-12-24 16:50:00,-0.6735483260684378,-0.65391076
2017-12-24 17:00:00,-0.5611908632856358,-0.56570125
2017-12-24 17:10:00,-0.4287096749407584,-0.38945335
2017-12-24 17:20:00,-0.09834519189709075,-0.15910947
2017-12-24 17:30:00,0.3376688458681085,0.22197956
2017-12-24 17:40:00,0.4844043388431846,0.64578295
2017-12-24 17:50:00,0.5607067957966609,0.62729335
2017-12-24 18:00:00,0.5841844740111055,0.6542999
2017-12-24 18:10:00,0.6194009927110384,0.63829136
2017-12-24 18:20:00,0.6252704122646491,0.6566262
2017-12-24 18:30:00,0.6118545961421091,0.6530491
2017-12-24 18:40:00,0.6386862283871889,0.6304637
2017-12-24 18:50:00,0.6487480918573596,0.6572118
2017-12-24 19:00:00,0.7024113577257842,0.66751254
2017-12-24 19:10:00,0.6973804266798324,0.7177838
2017-12-24 19:20:00,0.6998958922028078,0.71158874
2017-12-24 19:30:00,0.7443357844869866,0.69948393
2017-12-24 19:40:00,0.7476897385176218,0.7492337
2017-12-24 19:50:00,0.7066038002640782,0.7402791
2017-12-24 20:00:00,0.7393048534410347,0.6914253
2017-12-24 20:10:00,0.7963220733400945,0.74939847
2017-12-24 20:20:00,0.7954835848324358,0.79006785
2017-12-24 20:30:00,0.7954835848324358,0.76990044
2017-12-24 20:40:00,0.7535591580712334,0.7716693
2017-12-24 20:50:00,0.7024113577257842,0.73128116
2017-12-24 21:00:00,0.6621639079798995,0.6709499
2017-12-24 21:10:00,0.6001157570348868,0.6276282
2017-12-24 21:20:00,0.5581913302736845,0.5529395
2017-12-24 21:30:00,0.4936277124274305,0.50156343
2017-12-24 21:40:00,0.41145583592034346,0.43043193
2017-12-24 21:50:00,0.3519231504983072,0.34018067
2017-12-24 22:00:00,0.33263791482215666,0.2861029
2017-12-24 22:10:00,0.27142825100653684,0.25202692
2017-12-24 22:20:00,0.18506393196115578,0.18107112
2017-12-24 22:30:00,0.10373054396172757,0.0845107
2017-12-24 22:40:00,0.005627385809124236,0.027115183
2017-12-24 22:50:00,-0.08492937577455084,-0.09814232
2017-12-24 23:00:00,-0.18974044198842463,-0.17889416
2017-12-24 23:10:00,-0.2970669751035398,-0.29147407
2017-12-24 23:20:00,-0.4010395528097543,-0.40423402
2017-12-24 23:30:00,-0.5008196879776753,-0.5001421
2017-12-24 23:40:00,-0.6207235487076715,-0.6119299
2017-12-24 23:50:00,-0.6945105401381719,-0.7119969
2017-12-25 00:00:00,-0.7850673017218466,-0.77795374
2017-12-25 00:10:00,-0.8781395288284981,-0.8628513
2017-12-25 00:20:00,-0.934318260219899,-0.9496658
2017-12-25 00:30:00,-1.0324214183725025,-1.0108286
2017-12-25 00:40:00,-1.0936310821881212,-1.1110175
2017-12-25 00:50:00,-1.1540022561178163,-1.1673094
2017-12-25 01:00:00,-1.1925727288483838,-1.2176319
2017-12-25 01:10:00,-1.2512669257627609,-1.258362
2017-12-25 01:20:00,-1.3175075206243325,-1.3021371
2017-12-25 01:30:00,-1.3334388022698485,-1.3665932
2017-12-25 01:40:00,-1.40638730519269,-1.3767837
2017-12-25 01:50:00,-1.4206416098228882,-1.4550426
2017-12-25 02:00:00,-1.4634045250917498,-1.439843
2017-12-25 02:10:00,-1.4776588311002135,-1.5038987
2017-12-25 02:20:00,-1.4952670897610474,-1.4989613
2017-12-25 02:30:00,-1.5103598828989044,-1.518433
2017-12-25 02:40:00,-1.5170677909601744,-1.5260421
2017-12-25 02:50:00,-1.5522843096601073,-1.5217224
2017-12-25 03:00:00,-1.5388684935375674,-1.5724343
2017-12-25 03:10:00,-1.5539612866754244,-1.5344126
2017-12-25 03:20:00,-1.5807929202987696,-1.5707265
2017-12-25 03:30:00,-1.5657001271609121,-1.5754937
2017-12-25 03:40:00,-1.579954431791111,-1.5631396
2017-12-25 03:50:00,-1.5682155926838885,-1.5878633
2017-12-25 04:00:00,-1.5782774547757932,-1.567794
2017-12-25 04:10:00,-1.5875008283600396,-1.5776165
2017-12-25 04:20:00,-1.6042705985132142,-1.5738724
2017-12-25 04:30:00,-1.579954431791111,-1.6073465
2017-12-25 04:40:00,-1.584146874329405,-1.5607029
2017-12-25 04:50:00,-1.5816314088064285,-1.5787371
2017-12-25 05:00:00,-1.533837562491615,-1.558475
2017-12-25 05:10:00,-1.5472533786141545,-1.5051798
2017-12-25 05:20:00,-1.5095213943912456,-1.536001
2017-12-25 05:30:00,-1.4826897621461663,-1.490336
2017-12-25 05:40:00,-1.470950921660678,-1.461877
2017-12-25 05:50:00,-1.3468546197706537,-1.4424232
2017-12-25 06:00:00,-1.313315078086039,-1.2660785
2017-12-25 06:10:00,-1.2822910019243996,-1.2889448
2017-12-25 06:20:00,-1.2562978568087138,-1.2729362
2017-12-25 06:30:00,-1.2085040104938998,-1.2555596
2017-12-25 06:40:00,-1.2001191254173122,-1.1871775
2017-12-25 06:50:00,-1.248751460239785,-1.2045029
2017-12-25 07:00:00,-1.329246359731555,-1.2665955
2017-12-25 07:10:00,-1.2697136743095185,-1.340613
2017-12-25 07:20:00,-1.2697136743095185,-1.2515724
2017-12-25 07:30:00,-1.3074456585324274,-1.3234264
2017-12-25 07:40:00,-1.3762017175387096,-1.3369318
2017-12-25 07:50:00,-1.372009275000416,-1.4055344
2017-12-25 08:00:00,-1.2898373984933285,-1.3586421
2017-12-25 08:10:00,-1.2319816900866098,-1.2610296
2017-12-25 08:20:00,-1.1615486526867451,-1.2096771
2017-12-25 08:30:00,-1.0751843336413636,-1.1270901
2017-12-25 08:40:00,-0.9930124585125415,-1.0340123
2017-12-25 08:50:00,-0.9686962904121726,-0.94739854
2017-12-25 09:00:00,-0.8714316207672281,-0.94625133
2017-12-25 09:10:00,-0.7431428749606442,-0.80317366
2017-12-25 09:20:00,-0.9301258176816051,-0.68167883
2017-12-25 09:30:00,-0.8580158032664227,-0.92736435
2017-12-25 09:40:00,-0.7389504324223507,-0.789994
2017-12-25 09:50:00,-0.588860984038374,-0.69985515
2017-12-25 10:00:00,-0.44883339912456827,-0.533151
2017-12-25 10:10:00,-0.3708539651557743,-0.41198957
2017-12-25 10:20:00,-0.3096443027184209,-0.33730605
2017-12-25 10:30:00,-0.2652044104342422,-0.254439
2017-12-25 10:40:00,-0.19393288452671817,-0.2166753
2017-12-25 10:50:00,-0.19644835004969458,-0.17161435
2017-12-25 11:00:00,-0.19309439601905934,-0.1912679
2017-12-25 11:10:00,-0.1595548557127101,-0.18604167
2017-12-25 11:20:00,-0.12266135999745963,-0.14092788
2017-12-25 11:30:00,-0.05725925364354724,-0.121165924
2017-12-25 11:40:00,-0.051389834089936096,-0.053291027
2017-12-25 11:50:00,-0.027073667367832708,-0.06474711
2017-12-25 12:00:00,-0.04300494901334853,-0.025111597
2017-12-25 12:10:00,-0.04132797199803091,-0.042516083
2017-12-25 12:20:00,-0.043843437521007333,-0.05577132
2017-12-25 12:30:00,-0.019527269420637955,-0.057465885
2017-12-25 12:40:00,-0.05725925364354724,-0.03207768
2017-12-25 12:50:00,-0.0782214677132814,-0.064597756
2017-12-25 13:00:00,-0.01617331539000373,-0.079385616
2017-12-25 13:10:00,-0.0077884303134156665,-0.017110655
2017-12-25 13:20:00,0.009819828347417266,-0.02697459
2017-12-25 13:30:00,-0.0077884303134156665,-0.0086389445
2017-12-25 13:40:00,-0.04132797199803091,-0.023271473
2017-12-25 13:50:00,-0.0664826286060586,-0.085763775
2017-12-25 14:00:00,-0.03545855244441977,-0.09993497
2017-12-25 14:10:00,-0.05893623065886485,-0.051860314
2017-12-25 14:20:00,-0.08157542174391612,-0.08409784
2017-12-25 14:30:00,-0.04719739155164206,-0.08922752
2017-12-25 14:40:00,-0.0396509949827138,-0.04871068
2017-12-25 14:50:00,-0.03462006393676097,-0.035192396
2017-12-25 15:00:00,-0.06061320767418196,-0.033531394
2017-12-25 15:10:00,-0.08492937577455084,-0.062993236
2017-12-25 15:20:00,-0.10421461145070189,-0.10744902
2017-12-25 15:30:00,-0.15368543478083346,-0.14234293
2017-12-25 15:40:00,-0.16793974078929716,-0.1911309
2017-12-25 15:50:00,-0.19896381695093598,-0.2003941
2017-12-25 16:00:00,-0.19560986154203577,-0.21448648
2017-12-25 16:10:00,-0.14865450373488062,-0.21381414
2017-12-25 16:20:00,-0.1335617105970236,-0.16470298
2017-12-25 16:30:00,-0.10924554249665473,-0.1325999
2017-12-25 16:40:00,-0.043843437521007333,-0.07523086
2017-12-25 16:50:00,0.02407413435588197,-0.00021371571
2017-12-25 17:00:00,0.11211543041658062,0.1028028
2017-12-25 17:10:00,0.26975127399122023,0.24420746
2017-12-25 17:20:00,0.5732841234115421,0.5439918
2017-12-25 17:30:00,0.9506039642623648,0.87156737
2017-12-25 17:40:00,1.0403222373383803,1.1642584
2017-12-25 17:50:00,1.0906315491761704,1.1263639
2017-12-25 18:00:00,1.0839236411149011,1.1745646
2017-12-25 18:10:00,1.0998549227604164,1.1250502
2017-12-25 18:20:00,1.0755387546600481,1.112385
2017-12-25 18:30:00,1.0856006181302176,1.0668342
2017-12-25 18:40:00,1.0260679313299164,1.0793968
2017-12-25 18:50:00,1.0302603738682106,1.0214208
2017-12-25 19:00:00,1.0419992143536978,1.0342761
2017-12-25 19:10:00,1.0378067718154047,1.0193276
2017-12-25 19:20:00,1.0009132761001542,1.0133294
2017-12-25 19:30:00,0.9648582688925625,0.96454924
2017-12-25 19:40:00,0.8994561625386507,0.92815465
2017-12-25 19:50:00,0.8768169728318639,0.8385281
2017-12-25 20:00:00,0.8751399958165473,0.8273995
2017-12-25 20:10:00,0.9547964068006579,0.83996457
2017-12-25 20:20:00,0.9179029110854084,0.9626374
2017-12-25 20:30:00,0.8726245302935709,0.89559114
2017-12-25 20:40:00,0.8499853392085192,0.8374125
2017-12-25 20:50:00,0.8508238277161779,0.81917727
2017-12-25 21:00:00,0.8088994009549756,0.82093525
2017-12-25 21:10:00,0.751043692548257,0.77005005
2017-12-25 21:20:00,0.6579714654416055,0.69539523
2017-12-25 21:30:00,0.5791535429651538,0.59983397
2017-12-25 21:40:00,0.4584111937274986,0.50515497
2017-12-25 21:50:00,0.38043176113696964,0.37948805
2017-12-25 22:00:00,0.27813615906780725,0.2805317
2017-12-25 22:10:00,0.2546584808533627,0.18076777
2017-12-25 22:20:00,0.16913265031564045,0.16017234
2017-12-25 22:30:00,0.08444530828557602,0.043562472
2017-12-25 22:40:00,0.008981339839758459,-0.0078044566
2017-12-25 22:50:00,-0.13607717611999953,-0.10407245
2017-12-25 23:00:00,-0.2652044104342422,-0.26414275
2017-12-25 23:10:00,-0.33228349380347216,-0.39483342
2017-12-25 23:20:00,-0.4404485140479807,-0.4436508
2017-12-25 23:30:00,-0.538551672200584,-0.55876815
2017-12-25 23:40:00,-0.650909136361652,-0.64814067
2017-12-25 23:50:00,-0.7347579898840567,-0.7648661
2017-12-26 00:00:00,-0.8253147514677318,-0.8201288
2017-12-26 00:10:00,-0.880654994351474,-0.9112276
2017-12-26 00:20:00,-0.9628268708585614,-0.9630533
2017-12-26 00:30:00,-1.017328625234645,-1.0513002
2017-12-26 00:40:00,-1.092792593680463,-1.0972214
2017-12-26 00:50:00,-1.1581946986561098,-1.1677102
2017-12-26 01:00:00,-1.2244352935176814,-1.2353286
2017-12-26 01:10:00,-1.2671982087865425,-1.2945985
2017-12-26 01:20:00,-1.31918449763965,-1.3147482
2017-12-26 01:30:00,-1.3577549703702172,-1.3693956
2017-12-26 01:40:00,-1.4038718396697136,-1.3932633
2017-12-26 01:50:00,-1.4348959158313523,-1.4549462
2017-12-26 02:00:00,-1.4499887089692098,-1.4655088
2017-12-26 02:10:00,-1.4692739446453609,-1.4799861
2017-12-26 02:20:00,-1.4810127851308488,-1.4947041
2017-12-26 02:30:00,-1.4910746472227534,-1.5070952
2017-12-26 02:40:00,-1.522937211892051,-1.5169379
2017-12-26 02:50:00,-1.5531227981677656,-1.5431441
2017-12-26 03:00:00,-1.554799775183083,-1.5643437
2017-12-26 03:10:00,-1.5682155926838885,-1.5571963
2017-12-26 03:20:00,-1.555638263690742,-1.5835428
2017-12-26 03:30:00,-1.595885713436627,-1.5654722
2017-12-26 03:40:00,-1.6118169964604085,-1.6107897
2017-12-26 03:50:00,-1.6252328125829485,-1.5997065
2017-12-26 04:00:00,-1.6562568887445872,-1.6296757
2017-12-26 04:10:00,-1.6252328125829485,-1.6599954
2017-12-26 04:20:00,-1.642002582736123,-1.604895
2017-12-26 04:30:00,-1.646195025274417,-1.6451446
2017-12-26 04:40:00,-1.6587723542675636,-1.6238824
2017-12-26 04:50:00,-1.6478720022897342,-1.6625208
2017-12-26 05:00:00,-1.627748278105925,-1.6245424
2017-12-26 05:10:00,-1.584146874329405,-1.6087466
2017-12-26 05:20:00,-1.5598307062290355,-1.5590756
2017-12-26 05:30:00,-1.529645119953321,-1.5487162
2017-12-26 05:40:00,-1.521260234876734,-1.5110966
2017-12-26 05:50:00,-1.4021948626543959,-1.5009621
2017-12-26 06:00:00,-1.3426621758540946,-1.3232827
2017-12-26 06:10:00,-1.3317618252545311,-1.3110214
2017-12-26 06:20:00,-1.3099611240554037,-1.3375355
2017-12-26 06:30:00,-1.300737750471158,-1.3230344
2017-12-26 06:40:00,-1.2940298410316224,-1.3015665
2017-12-26 06:50:00,-1.3250539171932614,-1.2963947
2017-12-26 07:00:00,-1.3443391528694124,-1.3420796
2017-12-26 07:10:00,-1.3510470623089477,-1.3533858
2017-12-26 07:20:00,-1.3728477635080747,-1.3686544
2017-12-26 07:30:00,-1.3963254431007848,-1.4090806
2017-12-26 07:40:00,-1.4114182362386423,-1.4192762
2017-12-26 07:50:00,-1.462566036584091,-1.4381039
2017-12-26 08:00:00,-1.3803941600770036,-1.4760249
2017-12-26 08:10:00,-1.302414727486475,-1.3337195
2017-12-26 08:20:00,-1.17496447018755,-1.2621065
2017-12-26 08:30:00,-1.1213012029408598,-1.1213559
2017-12-26 08:40:00,-1.0424832818426726,-1.089476
2017-12-26 08:50:00,-0.9569574513049504,-0.9973315
2017-12-26 09:00:00,-0.8898783679357204,-0.9083533
2017-12-26 09:10:00,-0.8102219569516087,-0.8266003
2017-12-26 09:20:00,-0.7716514855993066,-0.7487039
2017-12-26 09:30:00,-0.7305655473457632,-0.73108095
2017-12-26 09:40:00,-0.8513078952051527,-0.65309286
2017-12-26 09:50:00,-0.6643249524841914,-0.8112787
2017-12-26 10:00:00,-0.5460980687695128,-0.59079254
2017-12-26 10:10:00,-0.49243480290108815,-0.50510174
2017-12-26 10:20:00,-0.4186478128488537,-0.4515105
2017-12-26 10:30:00,-0.37001547664811546,-0.37672138
2017-12-26 10:40:00,-0.3113212797337385,-0.3471059
2017-12-26 10:50:00,-0.23753428830323808,-0.3335321
2017-12-26 11:00:00,-0.19393288452671817,-0.22995293
2017-12-26 11:10:00,-0.14530054970424588,-0.18792678
2017-12-26 11:20:00,-0.11008403238257852,-0.13207498
2017-12-26 11:30:00,-0.04971285707461848,-0.10211292
2017-12-26 11:40:00,-0.02120424643595557,-0.04097973
2017-12-26 11:50:00,-0.012819361359368507,0.00070170267
2017-12-26 12:00:00,-0.00275749926746383,-0.014379194
2017-12-26 12:10:00,0.04922878958564416,-0.0054697986
2017-12-26 12:20:00,0.08444530828557602,0.07409217
2017-12-26 12:30:00,0.11295391892423944,0.10186691
2017-12-26 12:40:00,0.08947623933152886,0.13420351
2017-12-26 12:50:00,0.15823229971607597,0.086937
2017-12-26 13:00:00,0.19344881703774383,0.19860454
2017-12-26 13:10:00,0.21021858856918396,0.21124524
2017-12-26 13:20:00,0.20351068050791352,0.23154688
2017-12-26 13:30:00,0.0022734317784890096,0.18613574
2017-12-26 13:40:00,-0.11679194044384847,-0.039812524
2017-12-26 13:50:00,-0.1754861373582259,-0.1485512
2017-12-26 14:00:00,-0.12685380253575365,-0.21815251
2017-12-26 14:10:00,0.003950408793806623,-0.14600812
2017-12-26 14:20:00,0.08444530828557602,-0.004008425
2017-12-26 14:30:00,0.08444530828557602,0.09233956
2017-12-26 14:40:00,0.10456903246938637,0.075028375
2017-12-26 14:50:00,0.057613674662231225,0.117749766
2017-12-26 15:00:00,0.057613674662231225,0.04178626
2017-12-26 15:10:00,0.03581297346310426,0.043479726
2017-12-26 15:20:00,0.059290651677548836,0.012003791
2017-12-26 15:30:00,0.03078204241715142,0.038653295
2017-12-26 15:40:00,-0.006111453298098053,-0.0020667813
2017-12-26 15:50:00,-0.08660635278986846,-0.048675936
2017-12-26 16:00:00,-0.13859264164297594,-0.13598505
2017-12-26 16:10:00,-0.11511496342853136,-0.1774632
2017-12-26 16:20:00,-0.11343798641321375,-0.13707846
2017-12-26 16:30:00,-0.07151355965201144,-0.14809471
2017-12-26 16:40:00,-0.004434476282781443,-0.07858758
2017-12-26 16:50:00,0.02575111137119958,0.019189417
2017-12-26 17:00:00,0.1230157810161441,0.07686311
2017-12-26 17:10:00,0.20518765752323112,0.24744615
2017-12-26 17:20:00,0.4936277124274305,0.43765336
2017-12-26 17:30:00,0.8424389426395908,0.7880319
2017-12-26 17:40:00,1.0554150304762377,1.0719144
2017-12-26 17:50:00,1.1292020219067376,1.1616725
2017-12-26 18:00:00,1.0939855032068058,1.1660422
2017-12-26 18:10:00,1.0856006181302176,1.091725
2017-12-26 18:20:00,1.0906315491761704,1.0959601
2017-12-26 18:30:00,1.088954572160853,1.0965174
2017-12-26 18:40:00,1.09733945723744,1.0788056
2017-12-26 18:50:00,1.0788927086906823,1.0910515
2017-12-26 19:00:00,1.0503840994302858,1.0537285
2017-12-26 19:10:00,1.09733945723744,1.0323509
2017-12-26 19:20:00,1.0487071224149682,1.0855051
2017-12-26 19:30:00,1.0151675807303528,0.9954928
2017-12-26 19:40:00,0.9983978105771778,0.96910733
2017-12-26 19:50:00,0.9782740850151025,0.95156217
2017-12-26 20:00:00,0.9480884973611224,0.9423074
2017-12-26 20:10:00,1.0000747875924954,0.91057307
2017-12-26 20:20:00,0.9665352459078802,0.98750424
2017-12-26 20:30:00,0.9078410489935037,0.94135964
2017-12-26 20:40:00,0.8860403464161108,0.882549
2017-12-26 20:50:00,0.8474698736855427,0.86503685
2017-12-26 21:00:00,0.7183426393713005,0.8087525
2017-12-26 21:10:00,0.6764182126100983,0.66067815
2017-12-26 21:20:00,0.6395247168948478,0.61206925
2017-12-26 21:30:00,0.5523219107200739,0.57776725
2017-12-26 21:40:00,0.4936277124274305,0.47705004
2017-12-26 21:50:00,0.41480978995097867,0.42103955
2017-12-26 22:00:00,0.3477307079600132,0.3299572
2017-12-26 22:10:00,0.2420811518602156,0.26056916
2017-12-26 22:20:00,0.14984741326122392,0.15720616
2017-12-26 22:30:00,0.04419785853969132,0.038298126
2017-12-26 22:40:00,-0.01449633837468612,-0.06833186
2017-12-26 22:50:00,-0.11176100939789614,-0.11152951
2017-12-26 23:00:00,-0.24088824233387332,-0.2176986
2017-12-26 23:10:00,-0.3498917524643056,-0.3654344
2017-12-26 23:20:00,-0.452187353155203,-0.47177526
2017-12-26 23:30:00,-0.5695757483622234,-0.5655227
2017-12-26 23:40:00,-0.6584555329305803,-0.68224084
2017-12-26 23:50:00,-0.7456583404836207,-0.748885
2017-12-27 00:00:00,-0.8412460331132475,-0.83484745
2017-12-27 00:10:00,-0.9049711624518428,-0.9210322
2017-12-27 00:20:00,-0.9955279240355179,-0.9551501
2017-12-27 00:30:00,-1.1028544557723676,-1.0722054
2017-12-27 00:40:00,-1.1531637676101576,-1.1849186
2017-12-27 00:50:00,-1.2085040104938998,-1.2221848
2017-12-27 01:00:00,-1.2806140249090825,-1.2587016
2017-12-27 01:10:00,-1.3393082218234595,-1.3283595
2017-12-27 01:20:00,-1.384586602615297,-1.3841577
2017-12-27 01:30:00,-1.4147721902692771,-1.420132
2017-12-27 01:40:00,-1.4550196400151623,-1.4535412
2017-12-27 01:50:00,-1.5019749978223174,-1.4787692
2017-12-27 02:00:00,-1.542222447568202,-1.5227726
2017-12-27 02:10:00,-1.562346171752012,-1.552423
2017-12-27 02:20:00,-1.570731058206865,-1.5775526
2017-12-27 02:30:00,-1.585823851344722,-1.5728185
2017-12-27 02:40:00,-1.6126554849680674,-1.5910112
2017-12-27 02:50:00,-1.629425255121242,-1.606402
2017-12-27 03:00:00,-1.639487117213147,-1.627
2017-12-27 03:10:00,-1.6797345669590318,-1.6344941
2017-12-27 03:20:00,-1.6847654980049847,-1.6704277
2017-12-27 03:30:00,-1.6847654980049847,-1.6612427
2017-12-27 03:40:00,-1.6612878197905396,-1.6672472
2017-12-27 03:50:00,-1.6713496818824447,-1.641102
2017-12-27 04:00:00,-1.689796429050937,-1.6530775
2017-12-27 04:10:00,-1.6847654980049847,-1.6676761
2017-12-27 04:20:00,-1.6847654980049847,-1.6524171
2017-12-27 04:30:00,-1.6780575899437147,-1.6616424
2017-12-27 04:40:00,-1.7183050396895994,-1.6479385
2017-12-27 04:50:00,-1.7149510856589647,-1.6937662
2017-12-27 05:00:00,-1.696504337112207,-1.6629475
2017-12-27 05:10:00,-1.6562568887445872,-1.6495169
2017-12-27 05:20:00,-1.6344561861671947,-1.6077676
2017-12-27 05:30:00,-1.6076245525438495,-1.5996369
2017-12-27 05:40:00,-1.6109785079527497,-1.568769
2017-12-27 05:50:00,-1.4986210437916823,-1.5661861
2017-12-27 06:00:00,-1.4315419604224522,-1.4114597
2017-12-27 06:10:00,-1.4416038238926223,-1.373017
2017-12-27 06:20:00,-1.4315419604224522,-1.4152142
2017-12-27 06:30:00,-1.3912945120548326,-1.4149162
2017-12-27 06:40:00,-1.340985198838777,-1.362015
2017-12-27 06:50:00,-1.3594319473855347,-1.3257078
2017-12-27 07:00:00,-1.4080642822080072,-1.3579932
2017-12-27 07:10:00,-1.3778786945540271,-1.4001106
2017-12-27 07:20:00,-1.3275693827162371,-1.3556927
2017-12-27 07:30:00,-1.3175075206243325,-1.3458804
2017-12-27 07:40:00,-1.3644628784314872,-1.3279508
2017-12-27 07:50:00,-1.3711707864927571,-1.3766297
2017-12-27 08:00:00,-1.3057686815171103,-1.3657414
2017-12-27 08:10:00,-1.2185658739640703,-1.2588099
2017-12-27 08:20:00,-1.1783184242181852,-1.1610763
2017-12-27 08:30:00,-1.02068257926528,-1.1278769
2017-12-27 08:40:00,-0.9821121065347125,-0.9333091
2017-12-27 08:50:00,-0.9200639555897003,-0.9430467
2017-12-27 09:00:00,-0.8261532399753906,-0.8628056
2017-12-27 09:10:00,-0.7355964783917155,-0.75233006
2017-12-27 09:20:00,-0.6483936708386756,-0.65897024
2017-12-27 09:30:00,-0.5913764495613503,-0.57019025
2017-12-27 09:40:00,-0.5360362066776081,-0.5292629
2017-12-27 09:50:00,-0.5209434135397506,-0.48989886
2017-12-27 10:00:00,-0.4941117799164053,-0.48285228
2017-12-27 10:10:00,-0.4052319953480483,-0.4458722
2017-12-27 10:20:00,-0.28616662312571034,-0.35303172
2017-12-27 10:30:00,-0.24927312878872587,-0.22370553
2017-12-27 10:40:00,-0.19728683855735338,-0.19940107
2017-12-27 10:50:00,-0.06815960562137621,-0.14775379
2017-12-27 11:00:00,-0.0664826286060586,-0.0012769471
2017-12-27 11:10:00,0.03078204241715142,-0.041477483
2017-12-27 11:20:00,0.09953810142343353,0.07178709
2017-12-27 11:30:00,0.12804671206209595,0.1442587
2017-12-27 11:40:00,0.19680277106837807,0.15474707
2017-12-27 11:50:00,0.20518765752323112,0.21543491
2017-12-27 12:00:00,0.15320136729185813,0.19983782
2017-12-27 12:10:00,0.13140066609273118,0.1333957
2017-12-27 12:20:00,0.18170997793052154,0.121087626
2017-12-27 12:30:00,0.20351068050791352,0.19765577
2017-12-27 12:40:00,0.15152439027654052,0.19664931
2017-12-27 12:50:00,0.1481704362459063,0.13603024
2017-12-27 13:00:00,0.09283019336216408,0.1534658
2017-12-27 13:10:00,0.05593669764691361,0.08119284
2017-12-27 13:20:00,0.054259720631595995,0.027609007
2017-12-27 13:30:00,0.06096762869286645,0.013873341
2017-12-27 13:40:00,0.059290651677548836,0.020744577
2017-12-27 13:50:00,0.040843904509056096,0.03484834
2017-12-27 14:00:00,0.04252088152437371,0.0014750217
2017-12-27 14:10:00,0.03748995047842187,0.012905862
2017-12-27 14:20:00,0.019043201931664137,0.0013251924
2017-12-27 14:30:00,-0.02455820184485679,0.0011675288
2017-12-27 14:40:00,-0.04132797199803091,-0.035024196
2017-12-27 14:50:00,-0.06983658263669383,-0.065472744
2017-12-27 15:00:00,-0.08157542174391612,-0.09020074
2017-12-27 15:10:00,-0.11008403238257852,-0.09859638
2017-12-27 15:20:00,-0.064805650212476,-0.1268126
2017-12-27 15:30:00,-0.07319053666732855,-0.06160891
2017-12-27 15:40:00,-0.1201458944744837,-0.09245114
2017-12-27 15:50:00,-0.15536241317441607,-0.15749893
2017-12-27 16:00:00,-0.15703939018973367,-0.1849652
2017-12-27 16:10:00,-0.1302077565663884,-0.17908943
2017-12-27 16:20:00,-0.08996030682050368,-0.1459819
2017-12-27 16:30:00,-0.04971285707461848,-0.098054044
2017-12-27 16:40:00,-0.027912155875491514,-0.016879365
2017-12-27 16:50:00,0.003950408793806623,0.012524951
2017-12-27 17:00:00,0.07773740022430657,0.07925212
2017-12-27 17:10:00,0.24543510726911683,0.20417702
2017-12-27 17:20:00,0.517105392020141,0.48552552
2017-12-27 17:30:00,0.9346726812385826,0.7883901
2017-12-27 17:40:00,1.0688308465987775,1.1691276
2017-12-27 17:50:00,1.0520610764456035,1.157135
2017-12-27 18:00:00,1.0369682833077458,1.0828549
2017-12-27 18:10:00,1.0352913049141623,1.0549053
2017-12-27 18:20:00,1.0788927086906823,1.0602827
2017-12-27 18:30:00,1.0805696857059999,1.0915519
2017-12-27 18:40:00,1.0352913049141623,1.0777614
2017-12-27 18:50:00,0.9447345433304882,1.0239782
2017-12-27 19:00:00,0.9547964068006579,0.9280273
2017-12-27 19:10:00,0.9514424527700237,0.94903135
2017-12-27 19:20:00,0.9581503608312931,0.9295534
2017-12-27 19:30:00,0.9329957042232649,0.9267917
2017-12-27 19:40:00,0.9044870935846026,0.8851426
2017-12-27 19:50:00,0.8994561625386507,0.85311073
2017-12-27 20:00:00,0.9095180260088204,0.87147665
2017-12-27 20:10:00,0.9229338421313603,0.88384145
2017-12-27 20:20:00,0.9229338421313603,0.90843564
2017-12-27 20:30:00,0.9011331395539683,0.9012623
2017-12-27 20:40:00,0.8692705762629357,0.8879451
2017-12-27 20:50:00,0.7921296308018005,0.8387372
2017-12-27 21:00:00,0.72505054743257,0.74590075
2017-12-27 21:10:00,0.686480076080269,0.672657
2017-12-27 21:20:00,0.6261089007723079,0.63831407
2017-12-27 21:30:00,0.5774765659498361,0.561389
2017-12-27 21:40:00,0.5053665515346527,0.51895094
2017-12-27 21:50:00,0.4684730571976683,0.4303165
2017-12-27 22:00:00,0.42487165342114835,0.3999587
2017-12-27 22:10:00,0.35779257005191883,0.34521654
2017-12-27 22:20:00,0.23537324379894614,0.27873418
2017-12-27 22:30:00,0.1330776431080488,0.14148693
2017-12-27 22:40:00,-0.004434476282781443,0.040135033
2017-12-27 22:50:00,-0.1603933442203684,-0.13400465
2017-12-27 23:00:00,-0.28281266909507563,-0.29794163
2017-12-27 23:10:00,-0.38678524817955606,-0.41984767
2017-12-27 23:20:00,-0.5041736420083105,-0.5210473
2017-12-27 23:30:00,-0.5511290011937306,-0.63035023
2017-12-27 23:40:00,-0.5964073819855682,-0.6463627
2017-12-27 23:50:00,-0.7272115919368625,-0.67891294
2017-12-28 00:00:00,-0.8295071940060252,-0.81477165
2017-12-28 00:10:00,-0.8747855747978628,-0.9009263
2017-12-28 00:20:00,-0.973727221458125,-0.9346727
2017-12-28 00:30:00,-1.0475142128886255,-1.0537212
2017-12-28 00:40:00,-1.0877616626345101,-1.1195939
2017-12-28 00:50:00,-1.1514867905948398,-1.1605005
2017-12-28 01:00:00,-1.2303047130712927,-1.2225789
2017-12-28 01:10:00,-1.235335644117245,-1.2865151
2017-12-28 01:20:00,-1.2957068180469395,-1.2753819
2017-12-28 01:30:00,-1.3275693827162371,-1.3443013
2017-12-28 01:40:00,-1.3560779933549,-1.3557068
2017-12-28 01:50:00,-1.3762017175387096,-1.3810422
2017-12-28 02:00:00,-1.4114182362386423,-1.3937775
2017-12-28 02:10:00,-1.4835282506538248,-1.4332576
2017-12-28 02:20:00,-1.5002980208069998,-1.5086702
2017-12-28 02:30:00,-1.5170677909601744,-1.4969022
2017-12-28 02:40:00,-1.5438994245835198,-1.5190066
2017-12-28 02:50:00,-1.5606691947366944,-1.5559279
2017-12-28 03:00:00,-1.5807929202987696,-1.5587176
2017-12-28 03:10:00,-1.602593621497897,-1.5781864
2017-12-28 03:20:00,-1.6126554849680674,-1.5934284
2017-12-28 03:30:00,-1.621040370044655,-1.5911773
2017-12-28 03:40:00,-1.6596108427752225,-1.6049093
2017-12-28 03:50:00,-1.6545799117292697,-1.6548169
2017-12-28 04:00:00,-1.6411640942284642,-1.6241311
2017-12-28 04:10:00,-1.6260713010906072,-1.6177858
2017-12-28 04:20:00,-1.6076245525438495,-1.6078844
2017-12-28 04:30:00,-1.6428410712437818,-1.5863632
2017-12-28 04:40:00,-1.6093015295591666,-1.6240753
2017-12-28 04:50:00,-1.6093015295591666,-1.5781637
2017-12-28 05:00:00,-1.572408035222182,-1.5822409
2017-12-28 05:10:00,-1.5740850122374996,-1.5287238
2017-12-28 05:20:00,-1.5472533786141545,-1.552282
2017-12-28 05:30:00,-1.5086829058835869,-1.505361
2017-12-28 05:40:00,-1.4969440667763645,-1.4641765
2017-12-28 05:50:00,-1.3896175350395148,-1.4555951
2017-12-28 06:00:00,-1.2957068180469395,-1.3127117
2017-12-28 06:10:00,-1.3074456585324274,-1.2436745
2017-12-28 06:20:00,-1.2671982087865425,-1.2924051
2017-12-28 06:30:00,-1.250428437255102,-1.2396644
2017-12-28 06:40:00,-1.248751460239785,-1.2394664
2017-12-28 06:50:00,-1.278937047893765,-1.2417915
2017-12-28 07:00:00,-1.322538451670285,-1.2685794
2017-12-28 07:10:00,-1.3393082218234595,-1.3219079
2017-12-28 07:20:00,-1.300737750471158,-1.3434523
2017-12-28 07:30:00,-1.3778786945540271,-1.320247
2017-12-28 07:40:00,-1.4181261442999122,-1.4076799
2017-12-28 07:50:00,-1.4382498698619877,-1.416644
2017-12-28 08:00:00,-1.384586602615297,-1.4227525
2017-12-28 08:10:00,-1.2940298410316224,-1.3517761
2017-12-28 08:20:00,-1.2034730794479473,-1.2330016
2017-12-28 08:30:00,-1.1095623638336376,-1.1274358
2017-12-28 08:40:00,-1.0542221209498954,-1.0373508
2017-12-28 08:50:00,-1.03409839538782,-1.0107548
2017-12-28 09:00:00,-0.9066481394671605,-1.0010759
2017-12-28 09:10:00,-0.8479539411745175,-0.8236922
2017-12-28 09:20:00,-0.7607511336214777,-0.7830684
2017-12-28 09:30:00,-0.7171497298449577,-0.69184935
2017-12-28 09:40:00,-0.6769022800990726,-0.66456664
2017-12-28 09:50:00,-0.6131771521387432,-0.62372565
2017-12-28 10:00:00,-0.5427441147388781,-0.5573681
2017-12-28 10:10:00,-0.45051037613988537,-0.49330798
2017-12-28 10:20:00,-0.36666152261748075,-0.38636938
2017-12-28 10:30:00,-0.296228486595881,-0.3108663
2017-12-28 10:40:00,-0.2140566100887935,-0.24479687
2017-12-28 10:50:00,-0.1855479994501306,-0.1678033
2017-12-28 11:00:00,-0.14697752671956352,-0.1711509
2017-12-28 11:10:00,-0.11679194044384847,-0.12670477
2017-12-28 11:20:00,-0.11511496342853136,-0.10296462
2017-12-28 11:30:00,-0.012819361359368507,-0.102281906
2017-12-28 11:40:00,-0.00275749926746383,0.010645587
2017-12-28 11:50:00,-0.02455820184485679,-0.0072490782
2017-12-28 12:00:00,-0.03797401796739619,-0.02112903
2017-12-28 12:10:00,0.01568924790102891,-0.025119722
2017-12-28 12:20:00,0.07102949216303611,0.03360927
2017-12-28 12:30:00,0.11295391892423944,0.074138895
2017-12-28 12:40:00,0.07438344619367135,0.12990974
2017-12-28 12:50:00,0.10289205545406876,0.068632014
2017-12-28 13:00:00,0.04922878958564416,0.11164101
2017-12-28 13:10:00,0.027428088386516194,0.03474754
2017-12-28 13:20:00,0.057613674662231225,0.009393988
2017-12-28 13:30:00,0.014012270885711298,0.0523067
2017-12-28 13:40:00,-0.05809774215120604,-0.009648167
2017-12-28 13:50:00,-0.0782214677132814,-0.0984723
2017-12-28 14:00:00,-0.04468192602866614,-0.116692685
2017-12-28 14:10:00,-0.05306681110525321,-0.063034736
2017-12-28 14:20:00,-0.0798984447285985,-0.081790656
2017-12-28 14:30:00,-0.11008403238257852,-0.09041769
2017-12-28 14:40:00,-0.08660635278986846,-0.11945527
2017-12-28 14:50:00,-0.09499123786645602,-0.09049485
2017-12-28 15:00:00,-0.06145169618184077,-0.1095046
2017-12-28 15:10:00,-0.09499123786645602,-0.050172392
2017-12-28 15:20:00,-0.1201458944744837,-0.10694621
2017-12-28 15:30:00,-0.1201458944744837,-0.14221364
2017-12-28 15:40:00,-0.14530054970424588,-0.14970799
2017-12-28 15:50:00,-0.17045520631227357,-0.18112633
2017-12-28 16:00:00,-0.14865450373488062,-0.19492656
2017-12-28 16:10:00,-0.11008403238257852,-0.17022735
2017-12-28 16:20:00,-0.11679194044384847,-0.13050397
2017-12-28 16:30:00,-0.05977471916652315,-0.13096341
2017-12-28 16:40:00,0.03245901943246903,-0.038586296
2017-12-28 16:50:00,0.14481648221527108,0.07195157
2017-12-28 17:00:00,0.23705022081426377,0.22307137
2017-12-28 17:10:00,0.3645004781131883,0.37407517
2017-12-28 17:20:00,0.6043081995731809,0.56702805
2017-12-28 17:30:00,1.02355246580694,0.8520434
2017-12-28 17:40:00,1.412611145764985,1.2569603
2017-12-28 17:50:00,1.5149067464558825,1.4671588
2017-12-28 18:00:00,1.5182607004865176,1.4826071
2017-12-28 18:10:00,1.513229769440565,1.4855403
2017-12-28 18:20:00,1.4713053426793625,1.4877186
2017-12-28 18:30:00,1.4193190538262546,1.4229434
2017-12-28 18:40:00,1.4109341687496675,1.378033
2017-12-28 18:50:00,1.4444737104342829,1.3826296
2017-12-28 19:00:00,1.4226730078568899,1.4231596
2017-12-28 19:10:00,1.387456489156957,1.3856605
2017-12-28 19:20:00,1.127525044891421,1.3513204
2017-12-28 19:30:00,0.8944252314926978,1.1005576
2017-12-28 19:40:00,0.8726245302935709,0.898379
2017-12-28 19:50:00,0.8441159196549085,0.8667494
2017-12-28 20:00:00,0.8508238277161779,0.80510825
2017-12-28 20:10:00,0.9229338421313603,0.8330815
2017-12-28 20:20:00,0.8776554613395228,0.9264211
2017-12-28 20:30:00,0.911195003024138,0.86490273
2017-12-28 20:40:00,0.8608856911863486,0.8839145
2017-12-28 20:50:00,0.859208712792765,0.8202497
2017-12-28 21:00:00,0.8558547587621308,0.83734715
2017-12-28 21:10:00,0.8156073090162451,0.8242972
2017-12-28 21:20:00,0.7351124109027407,0.7851376
2017-12-28 21:30:00,0.6630023964875583,0.6697978
2017-12-28 21:40:00,0.5640607498272961,0.58259135
2017-12-28 21:50:00,0.5439370242652208,0.4730671
2017-12-28 22:00:00,0.4684730571976683,0.47392356
2017-12-28 22:10:00,0.42990258446710117,0.38652843
2017-12-28 22:20:00,0.31922209732135076,0.36301178
2017-12-28 22:30:00,0.19177184002242623,0.23181742
2017-12-28 22:40:00,0.09115321634684648,0.08661057
2017-12-28 22:50:00,0.005627385809124236,-0.023130406
2017-12-28 23:00:00,-0.1335617105970236,-0.111050546
2017-12-28 23:10:00,-0.24759615177340874,-0.26662356
2017-12-28 23:20:00,-0.3901392022101908,-0.36900157
2017-12-28 23:30:00,-0.47566503274791305,-0.5122322
2017-12-28 23:40:00,-0.5578369092550005,-0.5868201
2017-12-28 23:50:00,-0.6601325099458979,-0.6731273
2017-12-29 00:00:00,-0.7842288132141878,-0.76928127
2017-12-29 00:10:00,-0.817768354898803,-0.8740106
2017-12-29 00:20:00,-0.9049711624518428,-0.8791559
2017-12-29 00:30:00,-0.9770811754887602,-0.99932116
2017-12-29 00:40:00,-1.0374523507967202,-1.0596844
2017-12-29 00:50:00,-1.0978235247264152,-1.1110914
2017-12-29 01:00:00,-1.1347170204416652,-1.1641599
2017-12-29 01:10:00,-1.1867033092947727,-1.2001945
2017-12-29 01:20:00,-1.2118579645245349,-1.2453841
2017-12-29 01:30:00,-1.2621672777405903,-1.2597944
2017-12-29 01:40:00,-1.302414727486475,-1.3000208
2017-12-29 01:50:00,-1.3577549703702172,-1.3428171
2017-12-29 02:00:00,-1.4080642822080072,-1.39198
2017-12-29 02:10:00,-1.4231570753458647,-1.4463897
2017-12-29 02:20:00,-1.4566966170304798,-1.4433821
2017-12-29 02:30:00,-1.4885591816997774,-1.4720021
2017-12-29 02:40:00,-1.5170677909601744,-1.5047728
2017-12-29 02:50:00,-1.5019749978223174,-1.5311635
2017-12-29 03:00:00,-1.5371915165222498,-1.500266
2017-12-29 03:10:00,-1.555638263690742,-1.5397154
2017-12-29 03:20:00,-1.5589922177213766,-1.5565171
2017-12-29 03:30:00,-1.605947575528532,-1.5560634
2017-12-29 03:40:00,-1.6176864160140196,-1.606578
2017-12-29 03:50:00,-1.6109785079527497,-1.5945667
2017-12-29 04:00:00,-1.6445180482590995,-1.5912777
2017-12-29 04:10:00,-1.6478720022897342,-1.637693
2017-12-29 04:20:00,-1.6495489793050517,-1.6280375
2017-12-29 04:30:00,-1.6428410712437818,-1.6316167
2017-12-29 04:40:00,-1.6545799117292697,-1.6097678
2017-12-29 04:50:00,-1.6881194520356193,-1.6283468
2017-12-29 05:00:00,-1.6612878197905396,-1.6639639
2017-12-29 05:10:00,-1.6126554849680674,-1.6234576
2017-12-29 05:20:00,-1.6109785079527497,-1.5707353
2017-12-29 05:30:00,-1.5824698973140874,-1.5818471
2017-12-29 05:40:00,-1.5321605854762974,-1.5483285
2017-12-29 05:50:00,-1.4281880063918169,-1.5001229
2017-12-29 06:00:00,-1.3661398554468047,-1.3562912
2017-12-29 06:10:00,-1.3896175350395148,-1.3187523
2017-12-29 06:20:00,-1.3510470623089477,-1.3810169
2017-12-29 06:30:00,-1.3376312448081424,-1.3369023
2017-12-29 06:40:00,-1.3309233367468725,-1.325152
2017-12-29 06:50:00,-1.322538451670285,-1.3198828
2017-12-29 07:00:00,-1.346016131262995,-1.308189
2017-12-29 07:10:00,-1.352724039324265,-1.3501191
2017-12-29 07:20:00,-1.346016131262995,-1.3600703
2017-12-29 07:30:00,-1.4382498698619877,-1.3765892
2017-12-29 07:40:00,-1.4818512736385077,-1.4651662
2017-12-29 07:50:00,-1.5070059288682698,-1.4839975
2017-12-29 08:00:00,-1.4432808009079399,-1.5089542
2017-12-29 08:10:00,-1.3577549703702172,-1.4092308
2017-12-29 08:20:00,-1.2705521628171774,-1.3114182
2017-12-29 08:30:00,-1.1900572633254074,-1.2102875
2017-12-29 08:40:00,-1.1045314327876852,-1.1338792
2017-12-29 08:50:00,-1.0307444413571847,-1.0484489
2017-12-29 09:00:00,-0.9837890835500301,-0.96854854
2017-12-29 09:10:00,-0.893232321966355,-0.93048733
2017-12-29 09:20:00,-0.8026755603826805,-0.83451056
2017-12-29 09:30:00,-0.7288885703304455,-0.73628956
2017-12-29 09:40:00,-0.6802562341297078,-0.6721244
2017-12-29 09:50:00,-0.6115001751234257,-0.63100755
2017-12-29 10:00:00,-0.5393901607082429,-0.55639994
2017-12-29 10:10:00,-0.47901898677854826,-0.49076796
2017-12-29 10:20:00,-0.4438024680786154,-0.4358253
2017-12-29 10:30:00,-0.37840036310296854,-0.3947983
2017-12-29 10:40:00,-0.333121982311131,-0.3242429
2017-12-29 10:50:00,-0.27610476103380566,-0.2958879
2017-12-29 11:00:00,-0.281135692079758,-0.2332909
2017-12-29 11:10:00,-0.18890195348076583,-0.2571444
2017-12-29 11:20:00,-0.1603933442203684,-0.16009828
2017-12-29 11:30:00,-0.08157542174391612,-0.1464814
2017-12-29 11:40:00,-0.03462006393676097,-0.04701278
2017-12-29 11:50:00,-0.11008403238257852,-0.02830958
2017-12-29 12:00:00,-0.20399474799688883,-0.1251023
2017-12-29 12:10:00,-0.23585731128792048,-0.22990528
2017-12-29 12:20:00,-0.2425652207274559,-0.25141644
2017-12-29 12:30:00,-0.266042898941901,-0.26752657
2017-12-29 12:40:00,-0.27778173804912326,-0.27823955
2017-12-29 12:50:00,-0.3465377984336709,-0.2997954
2017-12-29 13:00:00,-0.3599536145562108,-0.38801914
2017-12-29 13:10:00,-0.3163522107796909,-0.38018936
2017-12-29 13:20:00,-0.2526270828193611,-0.30801323
2017-12-29 13:30:00,-0.23418033427260335,-0.24102204
2017-12-29 13:40:00,-0.266042898941901,-0.23151064
2017-12-29 13:50:00,-0.2425652207274559,-0.2752532
2017-12-29 14:00:00,-0.24424219774277353,-0.25540736
2017-12-29 14:10:00,-0.2543040598346787,-0.26735854
2017-12-29 14:20:00,-0.26939685297253574,-0.2699821
2017-12-29 14:30:00,-0.2526270828193611,-0.29365277
2017-12-29 14:40:00,-0.29119755554992865,-0.27048415
2017-12-29 14:50:00,-0.3498917524643056,-0.3115408
2017-12-29 15:00:00,-0.3347989593264486,-0.36262858
2017-12-29 15:10:00,-0.3498917524643056,-0.3485446
2017-12-29 15:20:00,-0.3062903486877857,-0.36477423
2017-12-29 15:30:00,-0.3431838444030357,-0.30484807
2017-12-29 15:40:00,-0.3431838444030357,-0.35965586
2017-12-29 15:50:00,-0.35659966052557557,-0.36001086
2017-12-29 16:00:00,-0.36330756858684554,-0.3936389
2017-12-29 16:10:00,-0.36330756858684554,-0.38561785
2017-12-29 16:20:00,-0.37001547664811546,-0.38194317
2017-12-29 16:30:00,-0.37001547664811546,-0.35754904
2017-12-29 16:40:00,-0.3297680269022308,-0.35085383
2017-12-29 16:50:00,-0.30125941764183334,-0.29251474
2017-12-29 17:00:00,-0.23418033427260335,-0.24254906
2017-12-29 17:10:00,-0.1335617105970236,-0.13203391
2017-12-29 17:20:00,0.17164811583861586,0.0903055
2017-12-29 17:30:00,0.6160470386804032,0.49203867
2017-12-29 17:40:00,0.7552361350865511,0.9173957
2017-12-29 17:50:00,0.8038684699090228,0.8723887
2017-12-29 18:00:00,0.8172842874098287,0.87498313
2017-12-29 18:10:00,0.8575317357774473,0.86812115
2017-12-29 18:20:00,0.9028101165692849,0.8872739
2017-12-29 18:30:00,0.8776554613395228,0.9201244
2017-12-29 18:40:00,0.8743015073088886,0.87652946
2017-12-29 18:50:00,0.8307001035323686,0.8853134
2017-12-29 19:00:00,0.8021914928937052,0.8187198
2017-12-29 19:10:00,0.7904526537864829,0.7973994
2017-12-29 19:20:00,0.7619440431478205,0.7727692
2017-12-29 19:30:00,0.7552361350865511,0.74087524
2017-12-29 19:40:00,0.703249846233443,0.7237817
2017-12-29 19:50:00,0.6730642585794631,0.6652223
2017-12-29 20:00:00,0.651263557380336,0.6381978
2017-12-29 20:10:00,0.7200196163866182,0.63344765
2017-12-29 20:20:00,0.7602670661325028,0.7282063
2017-12-29 20:30:00,0.7451742729946453,0.7462722
2017-12-29 20:40:00,0.7300814798567888,0.7254713
2017-12-29 20:50:00,0.6848030990649513,0.7073219
2017-12-29 21:00:00,0.6294628548029431,0.65810025
2017-12-29 21:10:00,0.5456140012805385,0.5895386
2017-12-29 21:20:00,0.530521208142681,0.5029237
2017-12-29 21:30:00,0.4936277124274305,0.48609194
2017-12-29 21:40:00,0.4315795614824188,0.44938248
2017-12-29 21:50:00,0.3645004781131883,0.38035923
2017-12-29 22:00:00,0.26388185443760853,0.2835269
2017-12-29 22:10:00,0.20518765752323112,0.16572094
2017-12-29 22:20:00,0.1481704362459063,0.11971503
2017-12-29 22:30:00,0.08779926231621124,0.0684629
2017-12-29 22:40:00,-0.011142384344050894,0.0110133365
2017-12-29 22:50:00,-0.07486751368264616,-0.10162331
2017-12-29 23:00:00,-0.13859264164297594,-0.15467146
2017-12-29 23:10:00,-0.2274724262113334,-0.22182268
2017-12-29 23:20:00,-0.3079673257031033,-0.3110388
2017-12-29 23:30:00,-0.3616305915715284,-0.3848223
2017-12-29 23:40:00,-0.5360362066776081,-0.4362567
2017-12-29 23:50:00,-0.6081462210927905,-0.6339294
2017-12-30 00:00:00,-0.7255346149215454,-0.6756236
2017-12-30 00:10:00,-0.8496309181898352,-0.80263126
2017-12-30 00:20:00,-0.9452186108194626,-0.93136066
2017-12-30 00:30:00,-1.00726676314274,-1.0409743
2017-12-30 00:40:00,-1.086084685619193,-1.0877551
2017-12-30 00:50:00,-1.1514867905948398,-1.1683377
2017-12-30 01:00:00,-1.242043552178515,-1.2231106
2017-12-30 01:10:00,-1.2990607720775749,-1.317443
2017-12-30 01:20:00,-1.3510470623089477,-1.3663214
2017-12-30 01:30:00,-1.421480098330547,-1.3907517
2017-12-30 01:40:00,-1.4382498698619877,-1.4607735
2017-12-30 01:50:00,-1.4952670897610474,-1.471296
2017-12-30 02:00:00,-1.5506073326447896,-1.5312847
2017-12-30 02:10:00,-1.5388684935375674,-1.5747553
2017-12-30 02:20:00,-1.5606691947366944,-1.5493755
2017-12-30 02:30:00,-1.592531759405992,-1.5816706
2017-12-30 02:40:00,-1.6193633930293372,-1.6056026
2017-12-30 02:50:00,-1.629425255121242,-1.6308868
2017-12-30 03:00:00,-1.6545799117292697,-1.6171111
2017-12-30 03:10:00,-1.6864424750203018,-1.6604694
2017-12-30 03:20:00,-1.7065662005823772,-1.6873542
2017-12-30 03:30:00,-1.7266899247661869,-1.7118462
2017-12-30 03:40:00,-1.7451366733129448,-1.7127069
2017-12-30 03:50:00,-1.7551985354048494,-1.7269417
2017-12-30 04:00:00,-1.7350748098427746,-1.7409242
2017-12-30 04:10:00,-1.7468136503282623,-1.7117132
2017-12-30 04:20:00,-1.7266899247661869,-1.7320126
2017-12-30 04:30:00,-1.7233359707355518,-1.7021734
2017-12-30 04:40:00,-1.7283669017815046,-1.7033159
2017-12-30 04:50:00,-1.7401057408887268,-1.7079402
2017-12-30 05:00:00,-1.7283669017815046,-1.7208978
2017-12-30 05:10:00,-1.7132741086436472,-1.6946014
2017-12-30 05:20:00,-1.7132741086436472,-1.6802565
2017-12-30 05:30:00,-1.6981813155057897,-1.685018
2017-12-30 05:40:00,-1.6612878197905396,-1.656676
2017-12-30 05:50:00,-1.5606691947366944,-1.6247677
2017-12-30 06:00:00,-1.4717894101683369,-1.4748889
2017-12-30 06:10:00,-1.48017429662319,-1.4168748
2017-12-30 06:20:00,-1.4919131357304123,-1.4728271
2017-12-30 06:30:00,-1.4516656859845276,-1.4936391
2017-12-30 06:40:00,-1.4432808009079399,-1.4272243
2017-12-30 06:50:00,-1.5204217449908097,-1.4424084
2017-12-30 07:00:00,-1.5824698973140874,-1.5373684
2017-12-30 07:10:00,-1.6780575899437147,-1.5989288
2017-12-30 07:20:00,-1.7115971316283294,-1.7048053
2017-12-30 07:30:00,-1.7920920311200998,-1.7196783
2017-12-30 07:40:00,-1.8289855254570844,-1.7988304
2017-12-30 07:50:00,-1.8138927323192269,-1.8083712
2017-12-30 08:00:00,-1.7065662005823772,-1.7840179
2017-12-30 08:10:00,-1.683088520989667,-1.6383399
2017-12-30 08:20:00,-1.5657001271609121,-1.6304704
2017-12-30 08:30:00,-1.518744767975492,-1.4878317
2017-12-30 08:40:00,-1.48017429662319,-1.4609765
2017-12-30 08:50:00,-1.3745247405233925,-1.4219005
2017-12-30 09:00:00,-1.2185658739640703,-1.2867603
2017-12-30 09:10:00,-1.0793767761796575,-1.1242796
2017-12-30 09:20:00,-0.9921739700048827,-0.98955095
2017-12-30 09:30:00,-0.9267718636509703,-0.9023805
2017-12-30 09:40:00,-0.8865244139050851,-0.86438894
2017-12-30 09:50:00,-0.8445999871438828,-0.8209139
2017-12-30 10:00:00,-0.7339195013763978,-0.79159087
2017-12-30 10:10:00,-0.6584555329305803,-0.6680463
2017-12-30 10:20:00,-0.5980843590008857,-0.60648745
2017-12-30 10:30:00,-0.4941117799164053,-0.5362084
2017-12-30 10:40:00,-0.47063410170196074,-0.42695653
2017-12-30 10:50:00,-0.4421254910632983,-0.4326348
2017-12-30 11:00:00,-0.4002010643020955,-0.40321153
2017-12-30 11:10:00,-0.38343129414892085,-0.3641259
2017-12-30 11:20:00,-0.35492268351025846,-0.34823632
2017-12-30 11:30:00,-0.30293639465715094,-0.3308531
2017-12-30 11:40:00,-0.3062903486877857,-0.27994117
2017-12-30 11:50:00,-0.3247370958562779,-0.3146453
2017-12-30 12:00:00,-0.3314450052958134,-0.31834024
2017-12-30 12:10:00,-0.3364759363417662,-0.31943113
2017-12-30 12:20:00,-0.3280910498869132,-0.32902485
2017-12-30 12:30:00,-0.3163522107796909,-0.32550824
2017-12-30 12:40:00,-0.31467523376437323,-0.30690026
2017-12-30 12:50:00,-0.3046133716724686,-0.31229645
2017-12-30 13:00:00,-0.3280910498869132,-0.30856857
2017-12-30 13:10:00,-0.3163522107796909,-0.34285706
2017-12-30 13:20:00,-0.3264140728715955,-0.3221448
2017-12-30 13:30:00,-0.36330756858684554,-0.32885408
2017-12-30 13:40:00,-0.4018780413174131,-0.37472057
2017-12-30 13:50:00,-0.4119399034093183,-0.42710948
2017-12-30 14:00:00,-0.4203247898641708,-0.4322033
2017-12-30 14:10:00,-0.38007734011828614,-0.42829844
2017-12-30 14:20:00,-0.4186478128488537,-0.36503142
2017-12-30 14:30:00,-0.4186478128488537,-0.42295507
2017-12-30 14:40:00,-0.44883339912456827,-0.41891846
2017-12-30 14:50:00,-0.5108815514478459,-0.4794745
2017-12-30 15:00:00,-0.5360362066776081,-0.5337623
2017-12-30 15:10:00,-0.5561599322396834,-0.5500625
2017-12-30 15:20:00,-0.5427441147388781,-0.5641708
2017-12-30 15:30:00,-0.5662217943315881,-0.5511468
2017-12-30 15:40:00,-0.5947304035919856,-0.5943066
2017-12-30 15:50:00,-0.6651634409918503,-0.60180855
2017-12-30 16:00:00,-0.6785792571143902,-0.68462986
2017-12-30 16:10:00,-0.6668404180071679,-0.6854116
2017-12-30 16:20:00,-0.6551015788999456,-0.6823703
2017-12-30 16:30:00,-0.616531106169378,-0.6445429
2017-12-30 16:40:00,-0.5276513216010206,-0.60182524
2017-12-30 16:50:00,-0.5024966649929928,-0.4692927
2017-12-30 17:00:00,-0.44715642210925066,-0.43846458
2017-12-30 17:10:00,-0.318029187795008,-0.31999898
2017-12-30 17:20:00,-0.04468192602866614,-0.084109254
2017-12-30 17:30:00,0.40810188188970825,0.23029092
2017-12-30 17:40:00,0.5724456349038832,0.7208735
2017-12-30 17:50:00,0.6747412355947806,0.7110266
2017-12-30 18:00:00,0.6948649611568559,0.7675862
2017-12-30 18:10:00,0.703249846233443,0.7530937
2017-12-30 18:20:00,0.6982189151874912,0.71739984
2017-12-30 18:30:00,0.6965419381721736,0.69883734
2017-12-30 18:40:00,0.6680333275335112,0.69851273
2017-12-30 18:50:00,0.651263557380336,0.66618574
2017-12-30 19:00:00,0.6529405343956537,0.649439
2017-12-30 19:10:00,0.6529405343956537,0.6414397
2017-12-30 19:20:00,0.651263557380336,0.64540756
2017-12-30 19:30:00,0.6328168088335783,0.6344769
2017-12-30 19:40:00,0.5959233144965939,0.61407846
2017-12-30 19:50:00,0.582507496995788,0.56616217
2017-12-30 20:00:00,0.5774765659498361,0.55895305
2017-12-30 20:10:00,0.5841844740111055,0.5614664
2017-12-30 20:20:00,0.5808305199804703,0.5721105
2017-12-30 20:30:00,0.5623837728119786,0.55428517
2017-12-30 20:40:00,0.5405830702345856,0.52779806
2017-12-30 20:50:00,0.5053665515346527,0.5090655
2017-12-30 21:00:00,0.4667960801823517,0.47843552
2017-12-30 21:10:00,0.39636304278248596,0.42832565
2017-12-30 21:20:00,0.3661774551285059,0.3608521
2017-12-30 21:30:00,0.32257605135198597,0.3283239
2017-12-30 21:40:00,0.22531138170704149,0.2746184
2017-12-30 21:50:00,0.20854161155386636,0.16267198
2017-12-30 22:00:00,0.270589762498879,0.134722
2017-12-30 22:10:00,0.24543510726911683,0.22174004
2017-12-30 22:20:00,0.188417885991791,0.18157257
2017-12-30 22:30:00,0.11295391892423944,0.12310446
2017-12-30 22:40:00,0.059290651677548836,0.04285915
2017-12-30 22:50:00,-0.019527269420637955,-0.0072890236
2017-12-30 23:00:00,-0.11008403238257852,-0.089619964
2017-12-30 23:10:00,-0.24759615177340874,-0.17597665
2017-12-30 23:20:00,-0.3482147754489885,-0.33080357
2017-12-30 23:30:00,-0.46392619364069076,-0.44477773
2017-12-30 23:40:00,-0.5511290011937306,-0.59256065
2017-12-30 23:50:00,-0.6349778533378703,-0.6558083
