,Originales,Predichos
2017-11-24 23:40:00,-0.6161860353423114,-0.72950697
2017-11-24 23:50:00,-0.6899762519141456,-0.83656955
2017-11-25 00:00:00,-0.7917558603133754,-0.8648169
2017-11-25 00:10:00,-0.8672424033702688,-0.8551662
2017-11-25 00:20:00,-0.9613885405193368,-0.86219645
2017-11-25 00:30:00,-1.0182154881057894,-0.91832376
2017-11-25 00:40:00,-1.080131416525683,-0.9791379
2017-11-25 00:50:00,-1.1378065280437977,-1.0602396
2017-11-25 01:00:00,-1.1853036778950299,-1.1293598
2017-11-25 01:10:00,-1.2930204296810972,-1.1762588
2017-11-25 01:20:00,-1.3337322735920953,-1.2198874
2017-11-25 01:30:00,-1.3532400316159323,-1.2654907
2017-11-25 01:40:00,-1.345606561744036,-1.3189771
2017-11-25 01:50:00,-1.3498473786458154,-1.3686945
2017-11-25 02:00:00,-1.40073718284543,-1.3845443
2017-11-25 02:10:00,-1.4490824966283247,-1.395076
2017-11-25 02:20:00,-1.448234332696663,-1.4164301
2017-11-25 02:30:00,-1.482160869289161,-1.446239
2017-11-25 02:40:00,-1.4838571957742193,-1.4948599
2017-11-25 02:50:00,-1.4745273980389992,-1.5121554
2017-11-25 03:00:00,-1.5008204633813362,-1.4986594
2017-11-25 03:10:00,-1.5338988360421726,-1.4924889
2017-11-25 03:20:00,-1.532202509557114,-1.4947934
2017-11-25 03:30:00,-1.556799248414392,-1.5158786
2017-11-25 03:40:00,-1.5542547579976715,-1.53531
2017-11-25 03:50:00,-1.5440767977090546,-1.5437472
2017-11-25 04:00:00,-1.5517102675809509,-1.5219266
2017-11-25 04:10:00,-1.5381396529439515,-1.7145758
2017-11-25 04:20:00,-1.556799248414392,-1.7792332
2017-11-25 04:30:00,-1.5525584315126126,-1.661699
2017-11-25 04:40:00,-1.548317614610834,-1.4863019
2017-11-25 04:50:00,-1.556799248414392,-1.6092122
2017-11-25 05:00:00,-1.5542547579976715,-1.3961474
2017-11-25 05:10:00,-1.5067576081464393,-1.4914942
2017-11-25 05:20:00,-1.466045764235441,-1.3423915
2017-11-25 05:30:00,-1.3574808485177117,-1.3248999
2017-11-25 05:40:00,-1.3676588101845937,-1.226512
2017-11-25 05:50:00,-1.3990408549821063,-1.1329808
2017-11-25 06:00:00,-1.438056372408046,-1.0412644
2017-11-25 06:10:00,-1.4533233135301036,-0.99695766
2017-11-25 06:20:00,-1.49318699350944,-0.97341156
2017-11-25 06:30:00,-1.5746106799531703,-0.95576143
2017-11-25 06:40:00,-1.6992906993463546,-0.9292762
2017-11-25 06:50:00,-1.8451748046266996,-0.9017855
2017-11-25 07:00:00,-1.8129445958975252,-0.86661124
2017-11-25 07:10:00,-1.7612066277662481,-0.85025954
2017-11-25 07:20:00,-1.7230392742719705,-0.83630705
2017-11-25 07:30:00,-1.7221911117185742,-0.82780313
2017-11-25 07:40:00,-1.687416412572679,-0.8055048
2017-11-25 07:50:00,-1.6746939604890765,-0.77890015
2017-11-25 08:00:00,-1.5712180256047878,-0.74423087
2017-11-25 08:10:00,-1.4796163788724406,-0.7112316
2017-11-25 08:20:00,-1.3422139073956536,-0.68787587
2017-11-25 08:30:00,-1.2412824629280856,-0.65986466
2017-11-25 08:40:00,-1.2183820505558662,-0.6289904
2017-11-25 08:50:00,-1.1395028545288564,-0.598459
2017-11-25 09:00:00,-1.0614718210552423,-0.54972935
2017-11-25 09:10:00,-1.00464487346879,-0.4874059
2017-11-25 09:20:00,-0.9384881281471172,-0.43098152
2017-11-25 09:30:00,-0.8570644417033864,-0.34739578
2017-11-25 09:40:00,-0.7493476899173189,-0.30749726
2017-11-25 09:50:00,-0.6908244158458079,-0.2860502
2017-11-25 10:00:00,-0.6501125719348096,-0.24503285
2017-11-25 10:10:00,-0.6153378727889145,-0.23778486
2017-11-25 10:20:00,-0.5602072516875205,-0.25814313
2017-11-25 10:30:00,-0.508469283556244,-0.31056333
2017-11-25 10:40:00,-0.47369458441034884,-0.38749278
2017-11-25 10:50:00,-0.4864170351156864,-0.38864642
2017-11-25 11:00:00,-0.4261974345591167,-0.34946126
2017-11-25 11:10:00,-0.362585178275899,-0.24787188
2017-11-25 11:20:00,-0.36937048559439845,-0.23409748
2017-11-25 11:30:00,-0.34562191066878256,-0.2174862
2017-11-25 11:40:00,-0.281161491832168,-0.17754424
2017-11-25 11:50:00,-0.3176325188413869,-0.17214692
2017-11-25 12:00:00,-0.3227214982965626,-0.12330425
2017-11-25 12:10:00,-0.34307742025206195,-0.08068359
2017-11-25 12:20:00,-0.3447737467371202,-0.020719558
2017-11-25 12:30:00,-0.3320512960317832,0.015735716
2017-11-25 12:40:00,-0.33629211293356204,0.020309746
2017-11-25 12:50:00,-0.3286586430616657,0.03266993
2017-11-25 13:00:00,-0.2701353676118892,0.055749357
2017-11-25 13:10:00,-0.2870986365972711,0.07724661
2017-11-25 13:20:00,-0.25741291690655216,0.12614843
2017-11-25 13:30:00,-0.2285753611474946,0.15306628
2017-11-25 13:40:00,-0.2285753611474946,0.17948148
2017-11-25 13:50:00,-0.27946516534710975,0.1770432
2017-11-25 14:00:00,-0.2506276095880522,0.14812186
2017-11-25 14:10:00,-0.242145975784494,0.10608527
2017-11-25 14:20:00,-0.2396014853677734,0.072874606
2017-11-25 14:30:00,-0.24129781185283214,0.034861267
2017-11-25 14:40:00,-0.29049128956738857,0.054388046
2017-11-25 14:50:00,-0.35410354447234077,0.058589697
2017-11-25 15:00:00,-0.41262681992211725,0.11447227
2017-11-25 15:10:00,-0.36682599517767783,0.1584464
2017-11-25 15:20:00,-0.3736113024961778,0.16337219
2017-11-25 15:30:00,-0.4423125382345712,0.16843587
2017-11-25 15:40:00,-0.417715799377293,0.17763406
2017-11-25 15:50:00,-0.40244885825523485,0.13939363
2017-11-25 16:00:00,-0.44316070216623304,0.11060047
2017-11-25 16:10:00,-0.5127101004580229,0.0715819
2017-11-25 16:20:00,-0.46351662412173195,0.042920977
2017-11-25 16:30:00,-0.3863337545797803,0.015826583
2017-11-25 16:40:00,-0.281161491832168,-0.020123422
2017-11-25 16:50:00,-0.2396014853677734,-0.062162876
2017-11-25 17:00:00,-0.2039786222902164,-0.05528772
2017-11-25 17:10:00,-0.013141857575359272,-0.068404555
2017-11-25 17:20:00,0.37616514448278127,-0.059607744
2017-11-25 17:30:00,0.644184778739589,-0.016634524
2017-11-25 17:40:00,0.7154305048947031,0.038799345
2017-11-25 17:50:00,0.7213676482815407,0.09476131
2017-11-25 18:00:00,0.7230639747665993,0.14684683
2017-11-25 18:10:00,0.7663203090943183,0.26773572
2017-11-25 18:20:00,0.7366345894035993,0.37954834
2017-11-25 18:30:00,0.7374827533352606,0.45251712
2017-11-25 18:40:00,0.7196713217964819,0.48774812
2017-11-25 18:50:00,0.7205194843498792,0.48638862
2017-11-25 19:00:00,0.7281529556000406,0.45611373
2017-11-25 19:10:00,0.7264566291149819,0.4743723
2017-11-25 19:20:00,0.7128860144779829,0.48170435
2017-11-25 19:30:00,0.7061007071594829,0.47762078
2017-11-25 19:40:00,0.6653888632484852,0.46806753
2017-11-25 19:50:00,0.653514576474809,0.47722757
2017-11-25 20:00:00,0.6407921257694725,0.4677287
2017-11-25 20:10:00,0.6306141641025901,0.412574
2017-11-25 20:20:00,0.6111064060787526,0.3942902
2017-11-25 20:30:00,0.6043210987602536,0.39353472
2017-11-25 20:40:00,0.5746353804477997,0.366232
2017-11-25 20:50:00,0.5169602689296846,0.2959512
2017-11-25 21:00:00,0.4838818962688482,0.19196382
2017-11-25 21:10:00,0.46691862728346684,0.045951575
2017-11-25 21:20:00,0.42451045826567535,0.011670619
2017-11-25 21:30:00,0.3931284120898977,0.012996793
2017-11-25 21:40:00,0.30237492791094617,0.04191944
2017-11-25 21:50:00,0.2930451301757261,-0.012497127
2017-11-25 22:00:00,0.283715333818771,-0.08668798
2017-11-25 22:10:00,0.22264756795227442,-0.21010196
2017-11-25 22:20:00,0.16666878429748402,-0.4326576
2017-11-25 22:30:00,0.08524509785375257,-0.42917937
2017-11-25 22:40:00,0.05640754209469601,-0.4381305
2017-11-25 22:50:00,-0.05894268094153372,-0.6232929
2017-11-25 23:00:00,-0.15308881809060174,-0.52712655
2017-11-25 23:10:00,-0.25995740732327227,-0.4137448
2017-11-25 23:20:00,-0.3405329298353414,-0.43633425
2017-11-25 23:30:00,-0.488961525532407,-0.5239134
2017-11-25 23:40:00,-0.5686888854910788,-0.63884485
2017-11-25 23:50:00,-0.6501125719348096,-0.7400335
2017-11-26 00:00:00,-0.7417142186671571,-0.7903303
2017-11-26 00:10:00,-0.8570644417033864,-0.8489708
2017-11-26 00:20:00,-0.9410326185638379,-0.9100437
2017-11-26 00:30:00,-1.0368750835762297,-0.9622576
2017-11-26 00:40:00,-1.0580791680851254,-1.0258265
2017-11-26 00:50:00,-1.1182987700199607,-1.1118647
2017-11-26 01:00:00,-1.1411991810139146,-1.1345327
2017-11-26 01:10:00,-1.1819110249249127,-1.1663283
2017-11-26 01:20:00,-1.1793665345081923,-1.2065866
2017-11-26 01:30:00,-1.2277118482910867,-1.248012
2017-11-26 01:40:00,-1.3091355347348173,-1.3040295
2017-11-26 01:50:00,-1.3625698293511526,-1.3503792
2017-11-26 02:00:00,-1.3897110586251513,-1.3565409
2017-11-26 02:10:00,-1.40752249016393,-1.380652
2017-11-26 02:20:00,-1.4389045349614422,-1.4181978
2017-11-26 02:30:00,-1.4643494377503823,-1.4618677
2017-11-26 02:40:00,-1.4592604569169416,-1.5211034
2017-11-26 02:50:00,-1.4677420907204999,-1.5968919
2017-11-26 03:00:00,-1.4745273980389992,-1.6003587
2017-11-26 03:10:00,-1.473679235485603,-1.6136069
2017-11-26 03:20:00,-1.4991241368962775,-1.6310768
2017-11-26 03:30:00,-1.5042131177297187,-1.6560447
2017-11-26 03:40:00,-1.512694751533277,-1.6612575
2017-11-26 03:50:00,-1.5517102675809509,-1.6683269
2017-11-26 04:00:00,-1.5559510844827302,-1.6286032
2017-11-26 04:10:00,-1.5500139410958922,-1.7692878
2017-11-26 04:20:00,-1.5491657771642302,-1.8822501
2017-11-26 04:30:00,-1.5457731241941133,-1.7338886
2017-11-26 04:40:00,-1.5542547579976715,-1.5155072
2017-11-26 04:50:00,-1.5593437388311127,-1.6156645
2017-11-26 05:00:00,-1.5355951625272308,-1.400093
2017-11-26 05:10:00,-1.517783732366718,-1.3781855
2017-11-26 05:20:00,-1.5186318949201145,-1.3678213
2017-11-26 05:30:00,-1.402433509330489,-1.2929428
2017-11-26 05:40:00,-1.4058261623006059,-1.1689394
2017-11-26 05:50:00,-1.4397526988931042,-1.1109653
2017-11-26 06:00:00,-1.4940351560628362,-1.0067518
2017-11-26 06:10:00,-1.482160869289161,-0.9324331
2017-11-26 06:20:00,-1.501668627312998,-0.88203657
2017-11-26 06:30:00,-1.6102335430307273,-0.8569834
2017-11-26 06:40:00,-1.7908923474569676,-0.82812464
2017-11-26 06:50:00,-1.9070907330465932,-0.8197746
2017-11-26 07:00:00,-1.946954413025929,-0.802233
2017-11-26 07:10:00,-1.9384727792223708,-0.7875351
2017-11-26 07:20:00,-1.9240540006537095,-0.78543806
2017-11-26 07:30:00,-1.8655307265821985,-0.77671933
2017-11-26 07:40:00,-1.8324523539213622,-0.7594614
2017-11-26 07:50:00,-1.8154890863142457,-0.76391876
2017-11-26 08:00:00,-1.7510286674776312,-0.7533407
2017-11-26 08:10:00,-1.7094686610132366,-0.7257371
2017-11-26 08:20:00,-1.6984425367929579,-0.69798386
2017-11-26 08:30:00,-1.6331339540246819,-0.6706095
2017-11-26 08:40:00,-1.5389878168756133,-0.6473434
2017-11-26 08:50:00,-1.4431453518632216,-0.64270246
2017-11-26 09:00:00,-1.39140738511021,-0.5984875
2017-11-26 09:10:00,-1.309983698666479,-0.554755
2017-11-26 09:20:00,-1.2514604232167026,-0.53754103
2017-11-26 09:30:00,-1.1691885742195753,-0.43625838
2017-11-26 09:40:00,-1.0572310041534636,-0.38961792
2017-11-26 09:50:00,-1.0182154881057894,-0.40809357
2017-11-26 10:00:00,-0.9503624162990579,-0.3976767
2017-11-26 10:10:00,-0.863001585090224,-0.39602888
2017-11-26 10:20:00,-0.7934521867984341,-0.3849504
2017-11-26 10:30:00,-0.7824260625781553,-0.40274775
2017-11-26 10:40:00,-0.6908244158458079,-0.4267044
2017-11-26 10:50:00,-0.6255158330775314,-0.40731317
2017-11-26 11:00:00,-0.628908487425914,-0.34491503
2017-11-26 11:10:00,-0.5610554142409174,-0.27991635
2017-11-26 11:20:00,-0.4957468328509065,-0.30414438
2017-11-26 11:30:00,-0.5016839762377441,-0.26070952
2017-11-26 11:40:00,-0.5118619379046265,-0.17773068
2017-11-26 11:50:00,-0.49405050636584774,-0.1554439
2017-11-26 12:00:00,-0.47623907482706945,-0.12337178
2017-11-26 12:10:00,-0.4592758072199531,-0.0784592
2017-11-26 12:20:00,-0.4448570286512918,-0.11705613
2017-11-26 12:30:00,-0.42450110669579244,-0.056473196
2017-11-26 12:40:00,-0.3642815061392227,0.0069408715
2017-11-26 12:50:00,-0.29049128956738857,0.04884076
2017-11-26 13:00:00,-0.2591092433916104,0.06725836
2017-11-26 13:10:00,-0.30575823068944624,0.08323714
2017-11-26 13:20:00,-0.32696231657660746,0.09056991
2017-11-26 13:30:00,-0.2930357799841087,0.11459342
2017-11-26 13:40:00,-0.2837059822488886,0.15970373
2017-11-26 13:50:00,-0.3201770092581075,0.15365893
2017-11-26 14:00:00,-0.25826108083821403,0.14554185
2017-11-26 14:10:00,-0.277768838862051,0.1395371
2017-11-26 14:20:00,-0.36088885179084024,0.14041477
2017-11-26 14:30:00,-0.3888782436182354,0.1257211
2017-11-26 14:40:00,-0.40414518611855904,0.12960833
2017-11-26 14:50:00,-0.4592758072199531,0.14179692
2017-11-26 15:00:00,-0.49320234243418587,0.1135577
2017-11-26 15:10:00,-0.4948986689192446,0.11053753
2017-11-26 15:20:00,-0.521191734261581,0.12219143
2017-11-26 15:30:00,-0.576322355362975,0.105941266
2017-11-26 15:40:00,-0.5805631736430199,0.08570957
2017-11-26 15:50:00,-0.5254325525416259,0.091510266
2017-11-26 16:00:00,-0.517799081291464,0.1052987
2017-11-26 16:10:00,-0.5356105128302423,0.12409526
2017-11-26 16:20:00,-0.5890448074465781,0.14897698
2017-11-26 16:30:00,-0.5669925590060205,0.17967245
2017-11-26 16:40:00,-0.4898096894640689,0.20352197
2017-11-26 16:50:00,-0.42110845372567546,0.21106689
2017-11-26 17:00:00,-0.2989729233709468,0.23278356
2017-11-26 17:10:00,-0.10983248514114839,0.23277912
2017-11-26 17:20:00,0.329516157184945,0.20884213
2017-11-26 17:30:00,0.572939052584475,0.2223661
2017-11-26 17:40:00,0.6798076418171465,0.2757088
2017-11-26 17:50:00,0.7332419364334818,0.35693288
2017-11-26 18:00:00,0.7722574524811557,0.46979797
2017-11-26 18:10:00,0.7603831643292146,0.6153203
2017-11-26 18:20:00,0.7764982693829346,0.7319694
2017-11-26 18:30:00,0.7476607136238781,0.83858997
2017-11-26 18:40:00,0.7205194843498792,0.9083165
2017-11-26 18:50:00,0.7281529556000406,0.9345378
2017-11-26 19:00:00,0.7739537789662145,0.9280534
2017-11-26 19:10:00,0.7824354127697722,0.9203347
2017-11-26 19:20:00,0.7671684716477146,0.95276713
2017-11-26 19:30:00,0.7739537789662145,0.9712107
2017-11-26 19:40:00,0.7909170479515959,0.9542631
2017-11-26 19:50:00,0.7934615369900511,0.9720794
2017-11-26 20:00:00,0.7637758186775971,0.9499994
2017-11-26 20:10:00,0.738330915888657,0.8964623
2017-11-26 20:20:00,0.6942264190075418,0.8292208
2017-11-26 20:30:00,0.6645407006950879,0.7723308
2017-11-26 20:40:00,0.6484255956413688,0.7428414
2017-11-26 20:50:00,0.598383955373415,0.6746584
2017-11-26 21:00:00,0.533923536536801,0.5114966
2017-11-26 21:10:00,0.4932116940040682,0.3458348
2017-11-26 21:20:00,0.46691862728346684,0.3258926
2017-11-26 21:30:00,0.4117880061820728,0.2609233
2017-11-26 21:40:00,0.3693798371642813,0.21059513
2017-11-26 21:50:00,0.3320606476016661,0.14566857
2017-11-26 22:00:00,0.26675206483338965,0.1254378
2017-11-26 22:10:00,0.21671042456543682,0.07935327
2017-11-26 22:20:00,0.14207204544020532,-0.1247161
2017-11-26 22:30:00,0.019936515085477134,-0.30408663
2017-11-26 22:40:00,-0.08099492938209132,-0.27945364
2017-11-26 22:50:00,-0.17429290397776245,-0.4443801
2017-11-26 23:00:00,-0.26335006029338975,-0.4276724
2017-11-26 23:10:00,-0.3498627275705614,-0.31382453
2017-11-26 23:20:00,-0.44061621174951243,-0.37639332
2017-11-26 23:30:00,-0.5483329635355799,-0.45828927
2017-11-26 23:40:00,-0.6797982916255291,-0.53359836
2017-11-26 23:50:00,-0.7595256502059359,-0.6153109
2017-11-27 00:00:00,-0.8350121932628287,-0.6519034
2017-11-27 00:10:00,-0.8918391408492815,-0.70163155
2017-11-27 00:20:00,-0.9291583304118968,-0.74475086
2017-11-27 00:30:00,-1.0300897762577301,-0.7773982
2017-11-27 00:40:00,-1.0614718210552423,-0.8094698
2017-11-27 00:50:00,-1.114906115671578,-0.85673976
2017-11-27 01:00:00,-1.1759738815380751,-0.9164604
2017-11-27 01:10:00,-1.2175338880024698,-0.98101044
2017-11-27 01:20:00,-1.225167357874366,-1.0472202
2017-11-27 01:30:00,-1.255701240118482,-1.1183031
2017-11-27 01:40:00,-1.2709681812405396,-1.1899511
2017-11-27 01:50:00,-1.3125281890831997,-1.2663397
2017-11-27 02:00:00,-1.340517580910595,-1.3309133
2017-11-27 02:10:00,-1.3922555476636065,-1.3964816
2017-11-27 02:20:00,-1.4329673915746046,-1.4549994
2017-11-27 02:30:00,-1.456715966500221,-1.515158
2017-11-27 02:40:00,-1.4711347450688823,-1.5737147
2017-11-27 02:50:00,-1.4872498487443369,-1.6242278
2017-11-27 03:00:00,-1.5050612802831151,-1.6420455
2017-11-27 03:10:00,-1.532202509557114,-1.6596713
2017-11-27 03:20:00,-1.5737625160215085,-1.6784616
2017-11-27 03:30:00,-1.5881812945901697,-1.7052617
2017-11-27 03:40:00,-1.556799248414392,-1.7494509
2017-11-27 03:50:00,-1.5517102675809509,-1.7780864
2017-11-27 04:00:00,-1.5551029219293333,-1.6399419
2017-11-27 04:10:00,-1.5440767977090546,-1.7782009
2017-11-27 04:20:00,-1.5432286337773926,-1.9434295
2017-11-27 04:30:00,-1.5254172022386143,-1.790132
2017-11-27 04:40:00,-1.4965796464795569,-1.583287
2017-11-27 04:50:00,-1.485553522259278,-1.7021911
2017-11-27 05:00:00,-1.4601086208486034,-1.4673487
2017-11-27 05:10:00,-1.4592604569169416,-1.4299781
2017-11-27 05:20:00,-1.431271065089546,-1.4828928
2017-11-27 05:30:00,-1.331187783175375,-1.3993273
2017-11-27 05:40:00,-1.3260988023419336,-1.2657242
2017-11-27 05:50:00,-1.38207758737499,-1.1559188
2017-11-27 06:00:00,-1.3735959535714313,-1.0970731
2017-11-27 06:10:00,-1.365114319767873,-1.0583115
2017-11-27 06:20:00,-1.38462207779171,-1.0207928
2017-11-27 06:30:00,-1.4185486143842088,-0.9944484
2017-11-27 06:40:00,-1.5101502611165563,-0.97248363
2017-11-27 06:50:00,-1.5703698630513916,-0.9560864
2017-11-27 07:00:00,-1.4787682149407786,-0.928725
2017-11-27 07:10:00,-1.4177004504525466,-0.89912343
2017-11-27 07:20:00,-1.3744441175030937,-0.8899697
2017-11-27 07:30:00,-1.3176171685383755,-0.8767526
2017-11-27 07:40:00,-1.2726645091038638,-0.85749006
2017-11-27 07:50:00,-1.2667273643387607,-0.8424692
2017-11-27 08:00:00,-1.2031151094338086,-0.7994435
2017-11-27 08:10:00,-1.0835240694958,-0.7629154
2017-11-27 08:20:00,-0.9800481346115119,-0.7352252
2017-11-27 08:30:00,-1.0758905996239037,-0.708107
2017-11-27 08:40:00,-0.875724037173827,-0.6614299
2017-11-27 08:50:00,-0.8384048476112111,-0.635393
2017-11-27 09:00:00,-0.7417142186671571,-0.5859275
2017-11-27 09:10:00,-0.8918391408492815,-0.5630698
2017-11-27 09:20:00,-1.220926540972587,-0.52960575
2017-11-27 09:30:00,-1.21074858068397,-0.439407
2017-11-27 09:40:00,-1.1683404102879134,-0.39747638
2017-11-27 09:50:00,-1.0903093768143,-0.4373827
2017-11-27 10:00:00,-1.0504456968349636,-0.4238783
2017-11-27 10:10:00,-0.9274620039268385,-0.39398193
2017-11-27 10:20:00,-0.8273787233909324,-0.38036865
2017-11-27 10:30:00,-0.7764889191913177,-0.3730396
2017-11-27 10:40:00,-0.7400178921820989,-0.39217025
2017-11-27 10:50:00,-0.6670758395419261,-0.39375877
2017-11-27 11:00:00,-0.6323011403960315,-0.26088822
2017-11-27 11:10:00,-0.6009190942202532,-0.18805623
2017-11-27 11:20:00,-0.6127933823721939,-0.14006358
2017-11-27 11:30:00,-0.5966782773184744,-0.05507946
2017-11-27 11:40:00,-0.5907411339316363,-0.0103060305
2017-11-27 11:50:00,-0.6009190942202532,-0.02818346
2017-11-27 12:00:00,-0.6297566499793108,-0.0016668141
2017-11-27 12:10:00,-0.5805631736430199,0.051084638
2017-11-27 12:20:00,-0.5585109252024623,0.11094704
2017-11-27 12:30:00,-0.5432439827021387,0.08159709
2017-11-27 12:40:00,-0.5016839762377441,0.124375045
2017-11-27 12:50:00,-0.4618202962584082,0.12625676
2017-11-27 13:00:00,-0.46012396977334946,0.16795152
2017-11-27 13:10:00,-0.44316070216623304,0.08827242
2017-11-27 13:20:00,-0.46012396977334946,-0.12793225
2017-11-27 13:30:00,-0.5127101004580229,-0.18099362
2017-11-27 13:40:00,-0.5415476562170805,-0.22030193
2017-11-27 13:50:00,-0.5729297023928581,-0.21278203
2017-11-27 14:00:00,-0.5457884731188593,-0.1953342
2017-11-27 14:10:00,-0.5152545908747435,-0.16529685
2017-11-27 14:20:00,-0.5415476562170805,-0.16424721
2017-11-27 14:30:00,-0.6373901212294721,-0.15697992
2017-11-27 14:40:00,-0.6110970558871357,-0.14085996
2017-11-27 14:50:00,-0.6034635846369739,-0.13236213
2017-11-27 15:00:00,-0.6144897088572526,-0.14441013
2017-11-27 15:10:00,-0.4389198852644537,-0.19071329
2017-11-27 15:20:00,-0.3812447737463391,-0.23741055
2017-11-27 15:30:00,-0.4321345779459543,-0.29338044
2017-11-27 15:40:00,-0.41008232950539664,-0.30050778
2017-11-27 15:50:00,-0.4474015190680119,-0.31591225
2017-11-27 16:00:00,-0.4380717213327918,-0.31526732
2017-11-27 16:10:00,-0.3286586430616657,-0.3014379
2017-11-27 16:20:00,-0.2701353676118892,-0.29709542
2017-11-27 16:30:00,-0.20821943919199573,-0.2952661
2017-11-27 16:40:00,-0.11576962852798597,-0.28786242
2017-11-27 16:50:00,-0.051309211069637393,-0.28703183
2017-11-27 17:00:00,0.09881571111248649,-0.29641175
2017-11-27 17:10:00,0.34563126086039997,-0.29019165
2017-11-27 17:20:00,0.745116223207157,-0.28198254
2017-11-27 17:30:00,0.9987170802735694,-0.26895857
2017-11-27 17:40:00,1.043669741086347,-0.22172064
2017-11-27 17:50:00,1.1038893430211822,-0.0870111
2017-11-27 18:00:00,1.0623293351785221,0.032515824
2017-11-27 18:10:00,1.0606330086934634,0.14584702
2017-11-27 18:20:00,1.0453660675714058,0.19578505
2017-11-27 18:30:00,1.0368844337678471,0.20822212
2017-11-27 18:40:00,1.0241619830625095,0.21386397
2017-11-27 18:50:00,1.0317954529344058,0.27158436
2017-11-27 19:00:00,0.9876909560532906,0.386942
2017-11-27 19:10:00,0.9690313619611155,0.49787897
2017-11-27 19:20:00,0.9444346231038377,0.45893073
2017-11-27 19:30:00,0.8799742042672237,0.36819017
2017-11-27 19:40:00,0.8647072631451651,0.3374137
2017-11-27 19:50:00,0.8765815512971062,0.28917497
2017-11-27 20:00:00,0.8239954206124324,0.24994141
2017-11-27 20:10:00,0.8630109366601063,0.21836711
2017-11-27 20:20:00,0.8358697073861084,0.17439717
2017-11-27 20:30:00,0.8087284781121097,0.14926499
2017-11-27 20:40:00,0.8104248059754334,0.12125072
2017-11-27 20:50:00,0.786676229671552,0.047530293
2017-11-27 21:00:00,0.7239121386982618,0.0045164824
2017-11-27 21:10:00,0.6543627390282064,-0.003940016
2017-11-27 21:20:00,0.5670019091976374,0.015637726
2017-11-27 21:30:00,0.4957561830425234,0.109974444
2017-11-27 21:40:00,0.4474108692596293,0.09687653
2017-11-27 21:50:00,0.35835371294400253,0.07091868
2017-11-27 22:00:00,0.26929655525010976,0.067845464
2017-11-27 22:10:00,0.2234957318839358,-0.05833733
2017-11-27 22:20:00,0.1369830646067641,-0.36404872
2017-11-27 22:30:00,0.03350712972247604,-0.34797633
2017-11-27 22:40:00,-0.021623491378917968,-0.32785624
2017-11-27 22:50:00,-0.151392491605543,-0.55650425
2017-11-27 23:00:00,-0.25232393607311093,-0.5075686
2017-11-27 23:10:00,-0.35749619882072325,-0.46804583
2017-11-27 23:20:00,-0.47369458441034884,-0.5090487
2017-11-27 23:30:00,-0.5491811274672417,-0.59895134
2017-11-27 23:40:00,-0.6077044015387533,-0.6784531
2017-11-27 23:50:00,-0.7077876834529243,-0.7452668
2017-11-28 00:00:00,-0.8231379064891535,-0.8071954
2017-11-28 00:10:00,-0.8723313828254444,-0.8629807
2017-11-28 00:20:00,-0.9715665008079537,-0.93160033
2017-11-28 00:30:00,-1.0292416123260684,-0.9991182
2017-11-28 00:40:00,-1.0903093768143,-1.0450795
2017-11-28 00:50:00,-1.125932239891857,-1.110431
2017-11-28 01:00:00,-1.175125717606413,-1.1806388
2017-11-28 01:10:00,-1.2132930711006904,-1.2527883
2017-11-28 01:20:00,-1.281146142907422,-1.3380644
2017-11-28 01:30:00,-1.3354286000771542,-1.4044772
2017-11-28 01:40:00,-1.3583290124493737,-1.4452198
2017-11-28 01:50:00,-1.376140443988152,-1.505464
2017-11-28 02:00:00,-1.3998890189137683,-1.5654781
2017-11-28 02:10:00,-1.4168522865208846,-1.588393
2017-11-28 02:20:00,-1.4329673915746046,-1.6031992
2017-11-28 02:30:00,-1.47707188845572,-1.6461644
2017-11-28 02:40:00,-1.5008204633813362,-1.6556466
2017-11-28 02:50:00,-1.5135429140866732,-1.6848884
2017-11-28 03:00:00,-1.5423804698457309,-1.7124469
2017-11-28 03:10:00,-1.5847886402417872,-1.7569876
2017-11-28 03:20:00,-1.5703698630513916,-1.7739701
2017-11-28 03:30:00,-1.5703698630513916,-1.7749734
2017-11-28 03:40:00,-1.5695216991197296,-1.7787366
2017-11-28 03:50:00,-1.566977208703009,-1.7850792
2017-11-28 04:00:00,-1.5813959872716703,-1.6677227
2017-11-28 04:10:00,-1.5958147644620662,-1.8056078
2017-11-28 04:20:00,-1.6102335430307273,-1.9800467
2017-11-28 04:30:00,-1.5941184379770073,-1.7284975
2017-11-28 04:40:00,-1.5618882292478333,-1.5138211
2017-11-28 04:50:00,-1.5457731241941133,-1.7014728
2017-11-28 05:00:00,-1.503364953798057,-1.4725672
2017-11-28 05:10:00,-1.5008204633813362,-1.4794008
2017-11-28 05:20:00,-1.476223724524058,-1.5295713
2017-11-28 05:30:00,-1.371899627086373,-1.4969461
2017-11-28 05:40:00,-1.3286432927586542,-1.4000971
2017-11-28 05:50:00,-1.3829257513066517,-1.055118
2017-11-28 06:00:00,-1.3778367704732106,-0.97891784
2017-11-28 06:10:00,-1.340517580910595,-0.9075937
2017-11-28 06:20:00,-1.355784522032653,-0.8669944
2017-11-28 06:30:00,-1.4168522865208846,-0.8338475
2017-11-28 06:40:00,-1.47707188845572,-0.8215525
2017-11-28 06:50:00,-1.5355951625272308,-0.8098726
2017-11-28 07:00:00,-1.4389045349614422,-0.80095124
2017-11-28 07:10:00,-1.40073718284543,-0.8357774
2017-11-28 07:20:00,-1.3388212544255367,-0.84466827
2017-11-28 07:30:00,-1.2879314502259214,-0.8457811
2017-11-28 07:40:00,-1.2828424693924807,-0.8496016
2017-11-28 07:50:00,-1.2836906333241427,-0.8937974
2017-11-28 08:00:00,-1.2039632733654704,-0.90504396
2017-11-28 08:10:00,-1.0886130503292413,-0.89966583
2017-11-28 08:20:00,-1.0504456968349636,-0.8973347
2017-11-28 08:30:00,-0.9953150757335696,-0.87388897
2017-11-28 08:40:00,-0.9401844546321755,-0.840286
2017-11-28 08:50:00,-0.8468864814147694,-0.8085351
2017-11-28 09:00:00,-0.7900595338283172,-0.7288259
2017-11-28 09:10:00,-0.748499525985657,-0.6799152
2017-11-28 09:20:00,-0.7756407552596558,-0.616933
2017-11-28 09:30:00,-0.6882799254290873,-0.5154011
2017-11-28 09:40:00,-0.583107662681475,-0.43391758
2017-11-28 09:50:00,-0.5101656100413022,-0.43254852
2017-11-28 10:00:00,-0.48811336160074464,-0.39072692
2017-11-28 10:10:00,-0.4524904999014531,-0.30488503
2017-11-28 10:20:00,-0.4228047802107342,-0.24965596
2017-11-28 10:30:00,-0.3176325188413869,-0.23322284
2017-11-28 10:40:00,-0.3201770092581075,-0.20391166
2017-11-28 10:50:00,-0.2786170014154474,-0.17851949
2017-11-28 11:00:00,-0.23705699495105279,-0.08655894
2017-11-28 11:10:00,-0.21330842002543696,-0.05079156
2017-11-28 11:20:00,-0.17768555694787994,-0.0039480925
2017-11-28 11:30:00,-0.14121453131692605,0.054338574
2017-11-28 11:40:00,-0.09965452485253146,0.078181565
2017-11-28 11:50:00,-0.12001044542976533,0.054599136
2017-11-28 12:00:00,-0.13612555048348535,0.0714739
2017-11-28 12:10:00,-0.06827247867675379,0.12489426
2017-11-28 12:20:00,-0.08353941979881144,0.15228572
2017-11-28 12:30:00,-0.09795819698920771,0.15616566
2017-11-28 12:40:00,-0.04452390375113744,0.15333259
2017-11-28 12:50:00,0.025025495918917347,0.18097717
2017-11-28 13:00:00,0.04877407084453369,0.20507835
2017-11-28 13:10:00,0.041988763526034735,0.21401833
2017-11-28 13:20:00,0.013151207766977178,0.16748866
2017-11-28 13:30:00,-0.03773859643263799,0.16114643
2017-11-28 13:40:00,-0.13103656965004412,0.18351138
2017-11-28 13:50:00,-0.21076392960871634,0.1941418
2017-11-28 14:00:00,-0.2200937273439364,0.1975716
2017-11-28 14:10:00,-0.22942352507915648,0.20535757
2017-11-28 14:20:00,-0.24723495661793524,0.21287209
2017-11-28 14:30:00,-0.25147577351971406,0.23260215
2017-11-28 14:40:00,-0.2480831191713316,0.23892581
2017-11-28 14:50:00,-0.23620883239765642,0.24882096
2017-11-28 15:00:00,-0.21415658395709883,0.2897504
2017-11-28 15:10:00,-0.16750759665926301,0.3220349
2017-11-28 15:20:00,-0.19380066200159946,0.32764944
2017-11-28 15:30:00,-0.20058596932009942,0.32982495
2017-11-28 15:40:00,-0.206523112706937,0.33220083
2017-11-28 15:50:00,-0.1785337208795418,0.31299275
2017-11-28 16:00:00,-0.20228229580515816,0.28958637
2017-11-28 16:10:00,-0.22518270817737762,0.28896302
2017-11-28 16:20:00,-0.2014341318734958,0.2655712
2017-11-28 16:30:00,-0.22348638031405338,0.2142436
2017-11-28 16:40:00,-0.0818430933137532,0.18719274
2017-11-28 16:50:00,-0.013141857575359272,0.18865192
2017-11-28 17:00:00,0.10051203897581122,0.19082725
2017-11-28 17:10:00,0.3337569740867238,0.19351697
2017-11-28 17:20:00,0.7137341784096443,0.1823751
2017-11-28 17:30:00,0.972424014931233,0.17090529
2017-11-28 17:40:00,1.0453660675714058,0.19315726
2017-11-28 17:50:00,1.1004966886727998,0.24582955
2017-11-28 18:00:00,1.0546958653066258,0.33346125
2017-11-28 18:10:00,1.0114395323571719,0.48253292
2017-11-28 18:20:00,1.0055023875920694,0.5719268
2017-11-28 18:30:00,1.0080468780087894,0.6153002
2017-11-28 18:40:00,1.0122876949105692,0.66860235
2017-11-28 18:50:00,0.9927799368867318,0.6763338
2017-11-28 19:00:00,0.972424014931233,0.6534109
2017-11-28 19:10:00,0.9647905450593366,0.622943
2017-11-28 19:20:00,0.9622460546426155,0.585632
2017-11-28 19:30:00,0.8994819622910601,0.5361705
2017-11-28 19:40:00,0.8655554270768274,0.48866415
2017-11-28 19:50:00,0.8825186946839438,0.4496161
2017-11-28 20:00:00,0.862162772728445,0.40820563
2017-11-28 20:10:00,0.8502884859547698,0.37040335
2017-11-28 20:20:00,0.8613146101750486,0.36250487
2017-11-28 20:30:00,0.7671684716477146,0.3487252
2017-11-28 20:40:00,0.7035562167427629,0.36399487
2017-11-28 20:50:00,0.6602998837933091,0.3239449
2017-11-28 21:00:00,0.5805725238346373,0.20751643
2017-11-28 21:10:00,0.5576721114624174,0.108418286
2017-11-28 21:20:00,0.5288345557033598,0.16196704
2017-11-28 21:30:00,0.5254419027332433,0.24827014
2017-11-28 21:40:00,0.4363847450393505,0.20913444
2017-11-28 21:50:00,0.3592018754973989,0.14988542
2017-11-28 22:00:00,0.2709928817351685,0.09272063
2017-11-28 22:10:00,0.18023939755621796,-0.08519173
2017-11-28 22:20:00,0.12765326687154405,-0.42389357
2017-11-28 22:30:00,0.02417733198725598,-0.3496554
2017-11-28 22:40:00,-0.06657615219169505,-0.36618543
2017-11-28 22:50:00,-0.1870153546831,-0.45195127
2017-11-28 23:00:00,-0.2743761845136686,-0.3871277
2017-11-28 23:10:00,-0.36937048559439845,-0.31552064
2017-11-28 23:20:00,-0.4719982579252901,-0.35459316
2017-11-28 23:30:00,-0.5406994936636835,-0.45921314
2017-11-28 23:40:00,-0.6212750161757526,-0.56756425
2017-11-28 23:50:00,-0.7026987026194831,-0.66779447
2017-11-29 00:00:00,-0.8536717887332693,-0.71028924
2017-11-29 00:10:00,-0.9257656774417797,-0.7471504
2017-11-29 00:20:00,-0.9953150757335696,-0.7731304
2017-11-29 00:30:00,-1.0385714100612884,-0.88136816
2017-11-29 00:40:00,-1.1123616252548576,-1.0098662
2017-11-29 00:50:00,-1.150528978749135,-1.1212149
2017-11-29 01:00:00,-1.205659599850529,-1.2066224
2017-11-29 01:10:00,-1.261638384883585,-1.2568303
2017-11-29 01:20:00,-1.321009822886758,-1.2980347
2017-11-29 01:30:00,-1.3574808485177117,-1.3095841
2017-11-29 01:40:00,-1.3583290124493737,-1.339389
2017-11-29 01:50:00,-1.3769886065415489,-1.3921956
2017-11-29 02:00:00,-1.411763307065709,-1.4103868
2017-11-29 02:10:00,-1.4278784107411635,-1.4067612
2017-11-29 02:20:00,-1.4584122929852792,-1.4075509
2017-11-29 02:30:00,-1.4601086208486034,-1.4130592
2017-11-29 02:40:00,-1.4397526988931042,-1.4398637
2017-11-29 02:50:00,-1.457564130431883,-1.4894971
2017-11-29 03:00:00,-1.4796163788724406,-1.4860642
2017-11-29 03:10:00,-1.4999723008279393,-1.470552
2017-11-29 03:20:00,-1.492338829577778,-1.4638807
2017-11-29 03:30:00,-1.521176385336835,-1.466108
2017-11-29 03:40:00,-1.532202509557114,-1.4927683
2017-11-29 03:50:00,-1.5830923137567285,-1.4981036
2017-11-29 04:00:00,-1.5847886402417872,-1.4469694
2017-11-29 04:10:00,-1.5788514968549496,-1.681206
2017-11-29 04:20:00,-1.561040065316171,-1.7788517
2017-11-29 04:30:00,-1.5551029219293333,-1.6836739
2017-11-29 04:40:00,-1.5695216991197296,-1.528556
2017-11-29 04:50:00,-1.5508621050275544,-1.599391
2017-11-29 05:00:00,-1.5228727118218939,-1.3619604
2017-11-29 05:10:00,-1.5237208757535556,-1.4285756
2017-11-29 05:20:00,-1.4999723008279393,-1.2817416
2017-11-29 05:30:00,-1.4058261623006059,-1.2279227
2017-11-29 05:40:00,-1.3617216654194906,-1.1322869
2017-11-29 05:50:00,-1.371899627086373,-1.1112956
2017-11-29 06:00:00,-1.366810646252932,-1.0313044
2017-11-29 06:10:00,-1.3074392082497586,-0.98814607
2017-11-29 06:20:00,-1.3125281890831997,-0.96008897
2017-11-29 06:30:00,-1.345606561744036,-0.92192173
2017-11-29 06:40:00,-1.3973445284970476,-0.8807142
2017-11-29 06:50:00,-1.47707188845572,-0.8492079
2017-11-29 07:00:00,-1.4431453518632216,-0.8110542
2017-11-29 07:10:00,-1.431271065089546,-0.79491913
2017-11-29 07:20:00,-1.4236375938393846,-0.7790594
2017-11-29 07:30:00,-1.3888628946934893,-0.76896715
2017-11-29 07:40:00,-1.3880147307618276,-0.7463223
2017-11-29 07:50:00,-1.3685069727379906,-0.7513075
2017-11-29 08:00:00,-1.236193482094645,-0.73418427
2017-11-29 08:10:00,-1.1395028545288564,-0.7221153
2017-11-29 08:20:00,-1.09963917454952,-0.6955577
2017-11-29 08:30:00,-1.040267736546347,-0.66765165
2017-11-29 08:40:00,-0.9647811934894538,-0.6503366
2017-11-29 08:50:00,-0.7476513634322601,-0.6397159
2017-11-29 09:00:00,-0.6942170688159249,-0.60725904
2017-11-29 09:10:00,-0.6297566499793108,-0.59889615
2017-11-29 09:20:00,-0.5669925590060205,-0.5688802
2017-11-29 09:30:00,-0.5110137739729647,-0.49262702
2017-11-29 09:40:00,-0.47284642047868697,-0.40552962
2017-11-29 09:50:00,-0.46097213370501133,-0.37896132
2017-11-29 10:00:00,-0.398208041353456,-0.34082967
2017-11-29 10:10:00,-0.3371402768652239,-0.25678062
2017-11-29 10:20:00,-0.26335006029338975,-0.18682832
2017-11-29 10:30:00,-0.2650463881567135,-0.124667645
2017-11-29 10:40:00,-0.16665943272760114,-0.0810554
2017-11-29 10:50:00,-0.12679575274826477,-0.075222015
2017-11-29 11:00:00,-0.062335335289916194,-0.02324456
2017-11-29 11:10:00,0.0318108032374173,-0.0043198466
2017-11-29 11:20:00,0.07506713618687115,0.0058532953
2017-11-29 11:30:00,0.10475285587759008,0.03551191
2017-11-29 11:40:00,0.1395275550234852,0.06915173
2017-11-29 11:50:00,0.18278388797293807,0.06783381
2017-11-29 12:00:00,0.1488573527587053,0.12602884
2017-11-29 12:10:00,0.31340105213122493,0.19193834
2017-11-29 12:20:00,0.37022799971767767,0.22619121
2017-11-29 12:30:00,0.37955779745289775,0.24050236
2017-11-29 12:40:00,0.3592018754973989,0.2421655
2017-11-29 12:50:00,0.3558092225272814,0.29717153
2017-11-29 13:00:00,0.3473275887237237,0.3377325
2017-11-29 13:10:00,0.3498720791404438,0.35913658
2017-11-29 13:20:00,0.3422386078902825,0.37336522
2017-11-29 13:30:00,0.2981341110091673,0.3781268
2017-11-29 13:40:00,0.2396108369376558,0.37424946
2017-11-29 13:50:00,0.18787286880637927,0.36972564
2017-11-29 14:00:00,0.09457489421070764,0.37543568
2017-11-29 14:10:00,0.014847534252035919,0.38513285
2017-11-29 14:20:00,0.03605162013919615,0.4009586
2017-11-29 14:30:00,-0.0038120598401392117,0.3956221
2017-11-29 14:40:00,-0.016534510545476756,0.40200874
2017-11-29 14:50:00,-0.002963895908477847,0.36702365
2017-11-29 15:00:00,-0.05809451700987136,0.33394605
2017-11-29 15:10:00,-0.06657615219169505,0.3306967
2017-11-29 15:20:00,-0.03264961559919677,0.3247726
2017-11-29 15:30:00,-0.012293693643697909,0.31505233
2017-11-29 15:40:00,-0.04028308684935859,0.31438005
2017-11-29 15:50:00,0.004669573963418482,0.3152554
2017-11-29 16:00:00,0.0843969339220912,0.29358077
2017-11-29 16:10:00,0.13019775728826516,0.3093682
2017-11-29 16:20:00,0.14461653585692644,0.30041888
2017-11-29 16:30:00,0.14461653585692644,0.29076278
2017-11-29 16:40:00,0.22434389443733316,0.26783934
2017-11-29 16:50:00,0.29389329410738846,0.25015557
2017-11-29 17:00:00,0.35241656817889894,0.23499578
2017-11-29 17:10:00,0.4864263866855693,0.23851259
2017-11-29 17:20:00,0.9181415577615003,0.27189508
2017-11-29 17:30:00,1.1386640421670764,0.35349143
2017-11-29 17:40:00,1.1878575198816328,0.49554095
2017-11-29 17:50:00,1.1878575198816328,0.6244492
2017-11-29 18:00:00,1.1479938399022975,0.67311674
2017-11-29 18:10:00,1.1191562841432399,0.78376204
2017-11-29 18:20:00,1.094559545285961,0.87039745
2017-11-29 18:30:00,1.092015054869241,0.8964622
2017-11-29 18:40:00,1.1157636297948574,0.9107145
2017-11-29 18:50:00,1.0733554593988008,0.9124423
2017-11-29 19:00:00,1.0818370945806246,0.90274024
2017-11-29 19:10:00,1.0775962776788448,0.8887877
2017-11-29 19:20:00,1.0258583095475682,0.8227817
2017-11-29 19:30:00,0.9800574861813943,0.73276913
2017-11-29 19:40:00,0.9257750276333967,0.63981056
2017-11-29 19:50:00,0.8977856358060015,0.53680986
2017-11-29 20:00:00,0.8494403220231074,0.46930695
2017-11-29 20:10:00,0.9088117600262803,0.41557705
2017-11-29 20:20:00,0.8876076755173851,0.39245018
2017-11-29 20:30:00,0.8290844000676085,0.37751985
2017-11-29 20:40:00,0.7917652105049933,0.36441496
2017-11-29 20:50:00,0.7629276547459357,0.32297388
2017-11-29 21:00:00,0.7137341784096443,0.26567453
2017-11-29 21:10:00,0.657755393376589,0.23430738
2017-11-29 21:20:00,0.5593684393257411,0.35211754
2017-11-29 21:30:00,0.47031128163184927,0.40036303
2017-11-29 21:40:00,0.35496105859562005,0.38433754
2017-11-29 21:50:00,0.30746390874438734,0.33627644
2017-11-29 22:00:00,0.1929618496398205,0.27416965
2017-11-29 22:10:00,0.14376837192526407,-0.004283786
2017-11-29 22:20:00,0.06149652154987123,-0.19981062
2017-11-29 22:30:00,-0.002963895908477847,-0.2613663
2017-11-29 22:40:00,-0.11068064907281025,-0.32193655
2017-11-29 22:50:00,-0.18107821129626242,-0.5111214
2017-11-29 23:00:00,-0.31254353800794615,-0.4362164
2017-11-29 23:10:00,-0.407537839088676,-0.42206705
2017-11-29 23:20:00,-0.49150601594912713,-0.49156773
2017-11-29 23:30:00,-0.6000709316668569,-0.59522355
2017-11-29 23:40:00,-0.7281436054084232,-0.6997502
2017-11-29 23:50:00,-0.8231379064891535,-0.7913046
2017-11-30 00:00:00,-0.8850538335307815,-0.8635037
2017-11-30 00:10:00,-0.9495142523673961,-0.86979043
2017-11-30 00:20:00,-0.9876816058616732,-0.9170536
2017-11-30 00:30:00,-1.0623199849869047,-1.0125343
2017-11-30 00:40:00,-1.1293248942402394,-1.1073666
2017-11-30 00:50:00,-1.1844555153416334,-1.1896458
2017-11-30 01:00:00,-1.2141412336540873,-1.2328205
2017-11-30 01:10:00,-1.2565494040501437,-1.280522
2017-11-30 01:20:00,-1.2870832862942596,-1.342227
2017-11-30 01:30:00,-1.310831861219876,-1.405248
2017-11-30 01:40:00,-1.3498473786458154,-1.4999285
2017-11-30 01:50:00,-1.3506955411992119,-1.565423
2017-11-30 02:00:00,-1.3939518755269307,-1.5990286
2017-11-30 02:10:00,-1.4253339203244428,-1.6001716
2017-11-30 02:20:00,-1.455867803946824,-1.5765343
2017-11-30 02:30:00,-1.473679235485603,-1.544342
2017-11-30 02:40:00,-1.4745273980389992,-1.5637975
2017-11-30 02:50:00,-1.4685902546521616,-1.5725727
2017-11-30 03:00:00,-1.5194800588517763,-1.5959804
2017-11-30 03:10:00,-1.5186318949201145,-1.6263657
2017-11-30 03:20:00,-1.5364433264588933,-1.6304774
2017-11-30 03:30:00,-1.5551029219293333,-1.6263485
2017-11-30 03:40:00,-1.5830923137567285,-1.6668882
2017-11-30 03:50:00,-1.558495574899451,-1.683867
2017-11-30 04:00:00,-1.548317614610834,-1.5864673
2017-11-30 04:10:00,-1.5542547579976715,-1.7278886
2017-11-30 04:20:00,-1.5822441498250666,-1.9296136
2017-11-30 04:30:00,-1.5355951625272308,-1.8380737
2017-11-30 04:40:00,-1.5050612802831151,-1.5937271
2017-11-30 04:50:00,-1.4643494377503823,-1.697376
2017-11-30 05:00:00,-1.4516269870450453,-1.482161
2017-11-30 05:10:00,-1.4422971893098246,-1.4491287
2017-11-30 05:20:00,-1.476223724524058,-1.4734261
2017-11-30 05:30:00,-1.3880147307618276,-1.4316316
2017-11-30 05:40:00,-1.284538795877539,-1.3481147
2017-11-30 05:50:00,-1.3159208420533173,-0.9957179
2017-11-30 06:00:00,-1.355784522032653,-0.9446125
2017-11-30 06:10:00,-1.3277951302052577,-0.8909751
2017-11-30 06:20:00,-1.3227061493718166,-0.8568313
2017-11-30 06:30:00,-1.3829257513066517,-0.83914506
2017-11-30 06:40:00,-1.449930659181721,-0.82421196
2017-11-30 06:50:00,-1.583940477688391,-0.8188846
2017-11-30 07:00:00,-1.5135429140866732,-0.8167889
2017-11-30 07:10:00,-1.4601086208486034,-0.81365156
2017-11-30 07:20:00,-1.4160041239674883,-0.8098824
2017-11-30 07:30:00,-1.3964963659436513,-0.8075185
2017-11-30 07:40:00,-1.371899627086373,-0.82117796
2017-11-30 07:50:00,-1.336276764008816,-0.8338704
2017-11-30 08:00:00,-1.242130626859748,-0.8216262
2017-11-30 08:10:00,-1.1284767303085774,-0.8106264
2017-11-30 08:20:00,-1.080131416525683,-0.8103789
2017-11-30 08:30:00,-1.01397467120401,-0.7772044
2017-11-30 08:40:00,-0.9486660898139992,-0.7328279
2017-11-30 08:50:00,-0.8850538335307815,-0.6843848
2017-11-30 09:00:00,-0.7917558603133754,-0.61615217
2017-11-30 09:10:00,-0.7629183045543183,-0.5731375
2017-11-30 09:20:00,-0.6687721674052504,-0.5666801
2017-11-30 09:30:00,-0.5924374604166951,-0.5004277
2017-11-30 09:40:00,-0.5500292900206386,-0.41973138
2017-11-30 09:50:00,-0.5220398981932434,-0.40056372
2017-11-30 10:00:00,-0.4804798917288483,-0.37934077
2017-11-30 10:10:00,-0.3803966098146772,-0.34957147
2017-11-30 10:20:00,-0.3337476225168414,-0.33743674
2017-11-30 10:30:00,-0.3345957864485038,-0.34461308
2017-11-30 10:40:00,-0.33883660335028265,-0.35862756
2017-11-30 10:50:00,-0.29049128956738857,-0.40798408
2017-11-30 11:00:00,-0.24384230226955275,-0.29717588
2017-11-30 11:10:00,-0.19040800765321697,-0.216833
2017-11-30 11:20:00,-0.18871168116815873,-0.17797256
2017-11-30 11:30:00,-0.18531902819804127,-0.12184179
2017-11-30 11:40:00,-0.17768555694787994,-0.07583952
2017-11-30 11:50:00,-0.20482678622187825,-0.07992339
2017-11-30 12:00:00,-0.1590259628557048,-0.028839469
2017-11-30 12:10:00,-0.09626187050414897,0.050632805
2017-11-30 12:20:00,-0.030105125182476163,0.11016801
2017-11-30 12:30:00,-0.041979413334416835,0.16189232
2017-11-30 12:40:00,-0.04113124940275496,0.18037847
2017-11-30 12:50:00,0.006365900448477223,0.18400514
2017-11-30 13:00:00,-0.005508386325197952,0.21651071
2017-11-30 13:10:00,-0.008052876741919061,0.2150916
2017-11-30 13:20:00,-0.03943492291769623,0.2307776
2017-11-30 13:30:00,-0.05555002797141624,0.2465645
2017-11-30 13:40:00,-0.11831411894470659,0.24279097
2017-11-30 13:50:00,-0.1454553482187054,0.21871474
2017-11-30 14:00:00,-0.19040800765321697,0.20934857
2017-11-30 14:10:00,-0.17090024962938,0.21311283
2017-11-30 14:20:00,-0.1564814724389842,0.21724668
2017-11-30 14:30:00,-0.15987412540910118,0.20991576
2017-11-30 14:40:00,-0.14969616512048425,0.20380202
2017-11-30 14:50:00,-0.15987412540910118,0.16325372
2017-11-30 15:00:00,-0.17429290397776245,0.12492272
2017-11-30 15:10:00,-0.1649631062425424,0.10390127
2017-11-30 15:20:00,-0.20567495015354062,0.07718995
2017-11-30 15:30:00,-0.19125617158487934,0.05728981
2017-11-30 15:40:00,-0.21246025609377459,0.040164888
2017-11-30 15:50:00,-0.24893128310299348,0.011585802
2017-11-30 16:00:00,-0.2837059822488886,0.01413998
2017-11-30 16:10:00,-0.2565647529748898,0.017186403
2017-11-30 16:20:00,-0.26335006029338975,0.029060185
2017-11-30 16:30:00,-0.2540202639364347,0.011023283
2017-11-30 16:40:00,-0.16326677975748366,0.008326232
2017-11-30 16:50:00,-0.07845043896537073,-0.001005441
2017-11-30 17:00:00,0.05047039732959243,-0.034316838
2017-11-30 17:10:00,0.3040712543960049,-0.058522224
2017-11-30 17:20:00,0.7332419364334818,-0.062217236
2017-11-30 17:30:00,0.9223823746632802,-0.016019046
2017-11-30 17:40:00,0.9647905450593366,0.03471428
2017-11-30 17:50:00,1.0080468780087894,0.10799983
2017-11-30 18:00:00,1.0055023875920694,0.17572173
2017-11-30 18:10:00,0.9944762633717906,0.3259072
2017-11-30 18:20:00,0.9647905450593366,0.42758495
2017-11-30 18:30:00,0.9113562504430014,0.480802
2017-11-30 18:40:00,0.9308640084668378,0.52295375
2017-11-30 18:50:00,0.926623191565059,0.5282836
2017-11-30 19:00:00,0.9283195180501178,0.5258597
2017-11-30 19:10:00,0.9384974797170001,0.52978504
2017-11-30 19:20:00,0.9088117600262803,0.5263481
2017-11-30 19:30:00,0.8587701197583275,0.4953812
2017-11-30 19:40:00,0.8239954206124324,0.474843
2017-11-30 19:50:00,0.8290844000676085,0.45128697
2017-11-30 20:00:00,0.7977023538918309,0.44374937
2017-11-30 20:10:00,0.8451995051213286,0.4207823
2017-11-30 20:20:00,0.8248435831658297,0.37881953
2017-11-30 20:30:00,0.8146656228772122,0.32329938
2017-11-30 20:40:00,0.7646239812309945,0.275737
2017-11-30 20:50:00,0.7120378505463205,0.22527154
2017-11-30 21:00:00,0.6679333536652053,0.14543456
2017-11-30 21:10:00,0.5941431384716362,0.033569455
2017-11-30 21:20:00,0.5237455762481845,0.06277847
2017-11-30 21:30:00,0.47964107936706935,0.1083121
2017-11-30 21:40:00,0.4083953532119553,0.10469395
2017-11-30 21:50:00,0.3922802481582353,0.08285588
2017-11-30 22:00:00,0.30237492791094617,0.05614674
2017-11-30 22:10:00,0.27353737215188956,-0.14848357
2017-11-30 22:20:00,0.21416593414871574,-0.36518043
2017-11-30 22:30:00,0.11662714265126524,-0.35052305
2017-11-30 22:40:00,0.07930795308864999,-0.37500942
2017-11-30 22:50:00,-0.0004194068700227325,-0.50827694
2017-11-30 23:00:00,-0.12255493584648593,-0.3933524
2017-11-30 23:10:00,-0.22179005382899514,-0.33477908
2017-11-30 23:20:00,-0.32441782615988685,-0.39011705
2017-11-30 23:30:00,-0.4228047802107342,-0.5102358
2017-11-30 23:40:00,-0.5110137739729647,-0.61815023
2017-11-30 23:50:00,-0.6026154220835775,-0.70344496
2017-12-01 00:00:00,-0.7272115919368625,-0.75694525
2017-12-01 00:10:00,-0.8194453319141206,-0.7874093
2017-12-01 00:20:00,-0.8974247645046486,-0.8313768
2017-12-01 00:30:00,-0.9745657099657837,-0.8578588
2017-12-01 00:40:00,-1.058414563488189,-0.9097594
2017-12-01 00:50:00,-1.1137548063719311,-0.9995537
2017-12-01 01:00:00,-1.1766414472028677,-1.0865157
2017-12-01 01:10:00,-1.2034730794479473,-1.1759601
2017-12-01 01:20:00,-1.2839679789397174,-1.2643851
2017-12-01 01:30:00,-1.335115779285166,-1.3339299
2017-12-01 01:40:00,-1.3837481141076382,-1.3984945
2017-12-01 01:50:00,-1.432380448930111,-1.4325897
2017-12-01 02:00:00,-1.4541811515075034,-1.4482462
2017-12-01 02:10:00,-1.4592120825534558,-1.4605132
2017-12-01 02:20:00,-1.4759818527066308,-1.4745675
2017-12-01 02:30:00,-1.506167440360611,-1.4975841
2017-12-01 02:40:00,-1.5262911659226863,-1.5250787
2017-12-01 02:50:00,-1.5254526774150274,-1.5426772
2017-12-01 03:00:00,-1.5464148901064956,-1.5838027
2017-12-01 03:10:00,-1.5455764015988374,-1.6418378
2017-12-01 03:20:00,-1.5539612866754244,-1.6830492
2017-12-01 03:30:00,-1.561507683244353,-1.6973715
2017-12-01 03:40:00,-1.573246523729841,-1.723495
2017-12-01 03:50:00,-1.5673771041762299,-1.7482069
2017-12-01 04:00:00,-1.5690540811915474,-1.6514866
2017-12-01 04:10:00,-1.579115943283452,-1.6835432
2017-12-01 04:20:00,-1.5690540811915474,-1.6419053
2017-12-01 04:30:00,-1.5849853628370631,-1.428411
2017-12-01 04:40:00,-1.590016293883016,-1.2410916
2017-12-01 04:50:00,-1.585823851344722,-1.4073353
2017-12-01 05:00:00,-1.5942087364213096,-1.3306725
2017-12-01 05:10:00,-1.6076245525438495,-1.4794476
2017-12-01 05:20:00,-1.592531759405992,-1.3434749
2017-12-01 05:30:00,-1.562346171752012,-1.3708757
2017-12-01 05:40:00,-1.4852052276691423,-1.3497491
2017-12-01 05:50:00,-1.533837562491615,-1.2705142
2017-12-01 06:00:00,-1.536353028014591,-1.2054466
2017-12-01 06:10:00,-1.4885591816997774,-1.1279364
2017-12-01 06:20:00,-1.535514539506932,-1.0815356
2017-12-01 06:30:00,-1.6067860640361906,-1.0436203
2017-12-01 06:40:00,-1.7535215583895323,-1.0125835
2017-12-01 06:50:00,-1.9203807769266832,-0.9695983
2017-12-01 07:00:00,-1.9958447439942353,-0.9202769
2017-12-01 07:10:00,-2.0352537052324617,-0.8862721
2017-12-01 07:20:00,-2.0243533546328982,-0.86777866
2017-12-01 07:30:00,-1.984105904887013,-0.842221
2017-12-01 07:40:00,-1.9413429896181518,-0.81498647
2017-12-01 07:50:00,-1.9321196160339056,-0.7966691
2017-12-01 08:00:00,-1.8767793731501632,-0.75596404
2017-12-01 08:10:00,-1.806346335750298,-0.7235222
2017-12-01 08:20:00,-1.7728067940656833,-0.69646144
2017-12-01 08:30:00,-1.696504337112207,-0.6727761
2017-12-01 08:40:00,-1.6587723542675636,-0.64910936
2017-12-01 08:50:00,-1.6093015295591666,-0.62224746
2017-12-01 09:00:00,-1.5346760509992734,-0.59298027
2017-12-01 09:10:00,-1.4432808009079399,-0.57610524
2017-12-01 09:20:00,-1.382071137092321,-0.5479667
2017-12-01 09:30:00,-1.2739061168478125,-0.498317
2017-12-01 09:40:00,-1.1514867905948398,-0.39188397
2017-12-01 09:50:00,-1.0617685175188236,-0.36505926
2017-12-01 10:00:00,-0.9946894355278592,-0.3110398
2017-12-01 10:10:00,-0.9837890835500301,-0.25947547
2017-12-01 10:20:00,-0.9460570993271213,-0.23718798
2017-12-01 10:30:00,-0.8907168564433792,-0.22847259
2017-12-01 10:40:00,-0.8378920790826129,-0.22996712
2017-12-01 10:50:00,-0.8093834684439499,-0.24533737
2017-12-01 11:00:00,-0.7607511336214777,-0.20748544
2017-12-01 11:10:00,-0.709603333276029,-0.18527311
2017-12-01 11:20:00,-0.6810947226373666,-0.19471061
2017-12-01 11:30:00,-0.6634864639765331,-0.2199958
2017-12-01 11:40:00,-0.5762836564234928,-0.16967839
2017-12-01 11:50:00,-0.5813145874694456,-0.16231662
2017-12-01 12:00:00,-0.6064692440774734,-0.16770041
2017-12-01 12:10:00,-0.6492321593463345,-0.14470923
2017-12-01 12:20:00,-0.6685173950224855,-0.13321936
2017-12-01 12:30:00,-0.7146342643219813,-0.0042367876
2017-12-01 12:40:00,-0.7112803102913466,0.05663389
2017-12-01 12:50:00,-0.6710328605454614,0.05031109
2017-12-01 13:00:00,-0.6207235487076715,0.079681545
2017-12-01 13:10:00,-0.586345518515398,0.12056783
2017-12-01 13:20:00,-0.5519674897013894,0.14949045
2017-12-01 13:30:00,-0.5804760989617869,0.20529366
2017-12-01 13:40:00,-0.586345518515398,0.25873923
2017-12-01 13:50:00,-0.6115001751234257,0.2813287
2017-12-01 14:00:00,-0.6643249524841914,0.28665617
2017-12-01 14:10:00,-0.6970260056611479,0.26011205
2017-12-01 14:20:00,-0.7154727528296402,0.2394987
2017-12-01 14:30:00,-0.763266599144454,0.22010723
2017-12-01 14:40:00,-0.7741669511222831,0.19073904
2017-12-01 14:50:00,-0.8018370718750217,0.1409308
2017-12-01 15:00:00,-0.8496309181898352,0.12136167
2017-12-01 15:10:00,-0.8311841710213429,0.113685966
2017-12-01 15:20:00,-0.8462769641592004,0.103861034
2017-12-01 15:30:00,-0.8429230101285652,0.106366724
2017-12-01 15:40:00,-0.8789780173361563,0.13622594
2017-12-01 15:50:00,-0.8982632530123074,0.13165978
2017-12-01 16:00:00,-0.9049711624518428,0.116318226
2017-12-01 16:10:00,-0.910840582005454,0.08661756
2017-12-01 16:20:00,-0.893232321966355,0.06373921
2017-12-01 16:30:00,-0.8412460331132475,0.053134978
2017-12-01 16:40:00,-0.7590741566061601,0.056075007
2017-12-01 16:50:00,-0.7272115919368625,0.06736827
2017-12-01 17:00:00,-0.5720912138851992,0.10244495
2017-12-01 17:10:00,-0.359115126048552,0.114474446
2017-12-01 17:20:00,0.03413599644778664,0.14091009
2017-12-01 17:30:00,0.26388185443760853,0.17662147
2017-12-01 17:40:00,0.318383608813692,0.20133069
2017-12-01 17:50:00,0.32760698239793884,0.25877222
2017-12-01 18:00:00,0.35695408154426006,0.26298386
2017-12-01 18:10:00,0.3695314091591411,0.2927853
2017-12-01 18:20:00,0.34269977691406134,0.3772351
2017-12-01 18:30:00,0.3594695470672365,0.477927
2017-12-01 18:40:00,0.37875478412165203,0.56149936
2017-12-01 18:50:00,0.3502461734829896,0.6169093
2017-12-01 19:00:00,0.3351533803451321,0.67493856
2017-12-01 19:10:00,0.3502461734829896,0.7293625
2017-12-01 19:20:00,0.3510846619906484,0.7235893
2017-12-01 19:30:00,0.3468922194523554,0.7131671
2017-12-01 19:40:00,0.30496779269115204,0.65721065
2017-12-01 19:50:00,0.3083217467217873,0.56538796
2017-12-01 20:00:00,0.28484406712907673,0.50403607
2017-12-01 20:10:00,0.35360012751362485,0.44951212
2017-12-01 20:20:00,0.37875478412165203,0.41104347
2017-12-01 20:30:00,0.37204687468211656,0.38916448
2017-12-01 20:40:00,0.34269977691406134,0.36028817
2017-12-01 20:50:00,0.3167066317983743,0.27316278
2017-12-01 21:00:00,0.2856825556367355,0.16833508
2017-12-01 21:10:00,0.26639731996058497,0.043688625
2017-12-01 21:20:00,0.26388185443760853,0.0056859255
2017-12-01 21:30:00,0.188417885991791,-0.030148298
2017-12-01 21:40:00,0.11714636146253246,-0.009826183
2017-12-01 21:50:00,0.08779926231621124,-0.077715814
2017-12-01 22:00:00,0.05342123212393719,-0.16191447
2017-12-01 22:10:00,0.007304362824440846,-0.27123636
2017-12-01 22:20:00,-0.05390529961291201,-0.4951768
2017-12-01 22:30:00,-0.09582972637411483,-0.52971363
2017-12-01 22:40:00,-0.14949299224253942,-0.48349625
2017-12-01 22:50:00,-0.266042898941901,-0.6822978
2017-12-01 23:00:00,-0.3197061648103256,-0.64306843
2017-12-01 23:10:00,-0.359115126048552,-0.47874594
2017-12-01 23:20:00,-0.42619420941778197,-0.51060677
2017-12-01 23:30:00,-0.5460980687695128,-0.5787866
2017-12-01 23:40:00,-0.6668404180071679,-0.6801815
2017-12-01 23:50:00,-0.7397889209300095,-0.7715179
2017-12-02 00:00:00,-0.8370535905749541,-0.832109
2017-12-02 00:10:00,-0.9250948866356526,-0.8551192
2017-12-02 00:20:00,-1.0198440907576214,-0.86964345
2017-12-02 00:30:00,-1.1036929442800265,-0.9019029
2017-12-02 00:40:00,-1.1732874931722328,-0.97931147
2017-12-02 00:50:00,-1.2361741326249038,-1.0790471
2017-12-02 01:00:00,-1.2671982087865425,-1.1646972
2017-12-02 01:10:00,-1.31247658957838,-1.2382295
2017-12-02 01:20:00,-1.36278590141617,-1.2944378
2017-12-02 01:30:00,-1.3921330005624912,-1.3520076
2017-12-02 01:40:00,-1.4290264948994758,-1.407356
2017-12-02 01:50:00,-1.4784973196078723,-1.4619629
2017-12-02 02:00:00,-1.518744767975492,-1.4846864
2017-12-02 02:10:00,-1.5413839590605434,-1.5065591
2017-12-02 02:20:00,-1.5531227981677656,-1.514467
2017-12-02 02:30:00,-1.593370247913651,-1.5223045
2017-12-02 02:40:00,-1.5757619892528174,-1.5353208
2017-12-02 02:50:00,-1.6034321100055555,-1.573725
2017-12-02 03:00:00,-1.602593621497897,-1.5862241
2017-12-02 03:10:00,-1.598401178959603,-1.5910902
2017-12-02 03:20:00,-1.613493973475726,-1.597992
2017-12-02 03:30:00,-1.6260713010906072,-1.6212378
2017-12-02 03:40:00,-1.627748278105925,-1.6419954
2017-12-02 03:50:00,-1.6352946746748531,-1.6509631
2017-12-02 04:00:00,-1.6503874678127106,-1.5906777
2017-12-02 04:10:00,-1.6738651474054207,-1.7607427
2017-12-02 04:20:00,-1.6864424750203018,-1.8634963
2017-12-02 04:30:00,-1.6730266588977618,-1.7437983
2017-12-02 04:40:00,-1.6688342163594683,-1.5129902
2017-12-02 04:50:00,-1.657095377252246,-1.612196
2017-12-02 05:00:00,-1.6512259563203695,-1.3854978
2017-12-02 05:10:00,-1.6344561861671947,-1.4869287
2017-12-02 05:20:00,-1.636133163182512,-1.3789752
2017-12-02 05:30:00,-1.605109087020873,-1.3276148
2017-12-02 05:40:00,-1.5220987233843923,-1.2428406
2017-12-02 05:50:00,-1.542222447568202,-1.0984311
2017-12-02 06:00:00,-1.636133163182512,-1.0267022
2017-12-02 06:10:00,-1.5740850122374996,-0.9932296
2017-12-02 06:20:00,-1.590016293883016,-0.9834374
2017-12-02 06:30:00,-1.6847654980049847,-0.970695
2017-12-02 06:40:00,-1.7535215583895323,-0.93779135
2017-12-02 06:50:00,-1.9153498445024655,-0.91764975
2017-12-02 07:00:00,-1.9581127597713266,-0.87899876
2017-12-02 07:10:00,-2.0293842856788507,-0.86469007
2017-12-02 07:20:00,-2.033576728217144,-0.8475566
2017-12-02 07:30:00,-1.9824289278716953,-0.82750344
2017-12-02 07:40:00,-1.9664976462261796,-0.8044393
2017-12-02 07:50:00,-1.8960646088263144,-0.78367877
2017-12-02 08:00:00,-1.8164081978422033,-0.7510667
2017-12-02 08:10:00,-1.7778377251116357,-0.7341436
2017-12-02 08:20:00,-1.7325593443197982,-0.7097752
2017-12-02 08:30:00,-1.6327792091518771,-0.67742956
2017-12-02 08:40:00,-1.5606691947366944,-0.6491544
2017-12-02 08:50:00,-1.5179062794678333,-0.62600446
2017-12-02 09:00:00,-1.4374113813543288,-0.58125806
2017-12-02 09:10:00,-1.329246359731555,-0.5472491
2017-12-02 09:20:00,-1.2177273854564117,-0.53241026
2017-12-02 09:30:00,-1.1431019055182527,-0.50827456
2017-12-02 09:40:00,-1.10788538681832,-0.43543482
2017-12-02 09:50:00,-0.9829505950423714,-0.41794395
2017-12-02 10:00:00,-0.8655622012136169,-0.42018324
2017-12-02 10:10:00,-0.8412460331132475,-0.36531627
2017-12-02 10:20:00,-0.7758439281376007,-0.3239571
2017-12-02 10:30:00,-0.7372734554070332,-0.32447588
2017-12-02 10:40:00,-0.6970260056611479,-0.31392848
2017-12-02 10:50:00,-0.5955688934779093,-0.37543356
2017-12-02 11:00:00,-0.5536444667167071,-0.33715135
2017-12-02 11:10:00,-0.5201049250320918,-0.2995509
2017-12-02 11:20:00,-0.5066891075312864,-0.28335702
2017-12-02 11:30:00,-0.41780932296292944,-0.2361635
2017-12-02 11:40:00,-0.4236787438948061,-0.18176067
2017-12-02 11:50:00,-0.3993625757944372,-0.121736884
2017-12-02 12:00:00,-0.39265466773316726,-0.095504105
2017-12-02 12:10:00,-0.3792388516106273,-0.094720125
2017-12-02 12:20:00,-0.3825928056412621,-0.05504954
2017-12-02 12:30:00,-0.4144553689322942,0.049372494
2017-12-02 12:40:00,-0.43961002554032186,0.10565412
2017-12-02 12:50:00,-0.4253557209101232,0.11655033
2017-12-02 13:00:00,-0.40858594937868303,0.15617996
2017-12-02 13:10:00,-0.4035550183327307,0.20738682
2017-12-02 13:20:00,-0.4102629263940007,0.2645342
2017-12-02 13:30:00,-0.3742079191864095,0.29700917
2017-12-02 13:40:00,-0.430386651956076,0.30757427
2017-12-02 13:50:00,-0.5217819020474094,0.34014565
2017-12-02 14:00:00,-0.47231107871727834,0.37487325
2017-12-02 14:10:00,-0.4647646821483496,0.37339762
2017-12-02 14:20:00,-0.4714725902096195,0.3648274
2017-12-02 14:30:00,-0.5201049250320918,0.33661348
2017-12-02 14:40:00,-0.5561599322396834,0.27950913
2017-12-02 14:50:00,-0.5729297023928581,0.23255411
2017-12-02 15:00:00,-0.6198850602000132,0.21298292
2017-12-02 15:10:00,-0.5989228475085445,0.18220952
2017-12-02 15:20:00,-0.603953778554497,0.15458214
2017-12-02 15:30:00,-0.6307854107995767,0.19330436
2017-12-02 15:40:00,-0.6349778533378703,0.23650868
2017-12-02 15:50:00,-0.6240775027383068,0.24945629
2017-12-02 16:00:00,-0.7020569367071008,0.2594996
2017-12-02 16:10:00,-0.6886411205845608,0.2649418
2017-12-02 16:20:00,-0.657617044422922,0.26020235
2017-12-02 16:30:00,-0.6190465716923544,0.25628155
2017-12-02 16:40:00,-0.545259580261854,0.2408468
2017-12-02 16:50:00,-0.5410671377235604,0.22465585
2017-12-02 17:00:00,-0.4681186361789848,0.2157031
2017-12-02 17:10:00,-0.17884009138886114,0.20551813
2017-12-02 17:20:00,0.25214301533038624,0.2050052
2017-12-02 17:30:00,0.49111224690445504,0.22985014
2017-12-02 17:40:00,0.512912949481847,0.28811508
2017-12-02 17:50:00,0.5363906276962916,0.3889777
2017-12-02 18:00:00,0.5850229625187644,0.47735056
2017-12-02 18:10:00,0.5707686578885657,0.6039251
2017-12-02 18:20:00,0.564899238334955,0.76726675
2017-12-02 18:30:00,0.5632222613196374,0.85789764
2017-12-02 18:40:00,0.5422600472499033,0.89605546
2017-12-02 18:50:00,0.5313596966503398,0.8703296
2017-12-02 19:00:00,0.5590298187813434,0.8317575
2017-12-02 19:10:00,0.5514834208341491,0.80323184
2017-12-02 19:20:00,0.5799920314728125,0.78535926
2017-12-02 19:30:00,0.5757995889345184,0.7348248
2017-12-02 19:40:00,0.5942463361030103,0.67011887
2017-12-02 19:50:00,0.5749611004268597,0.6322074
2017-12-02 20:00:00,0.547290978295856,0.5281961
2017-12-02 20:10:00,0.5330366736656573,0.45873255
2017-12-02 20:20:00,0.5028510860116774,0.41509
2017-12-02 20:30:00,0.49278922391977165,0.3811379
2017-12-02 20:40:00,0.4391259580513471,0.35786253
2017-12-02 20:50:00,0.42822560745178356,0.26188868
2017-12-02 21:00:00,0.3519231504983072,0.14287844
2017-12-02 21:10:00,0.32760698239793884,0.077668846
2017-12-02 21:20:00,0.3116757007524225,0.051757485
2017-12-02 21:30:00,0.2588509233916557,0.0022703111
2017-12-02 21:40:00,0.2437581302537992,-0.032478273
2017-12-02 21:50:00,0.2160880081227946,-0.10005951
2017-12-02 22:00:00,0.19428730554540263,-0.143309
2017-12-02 22:10:00,0.15990927673139357,-0.2640767
2017-12-02 22:20:00,0.10708449799236279,-0.5101492
2017-12-02 22:30:00,0.02239715596229836,-0.4650327
2017-12-02 22:40:00,-0.01617331539000373,-0.4603644
2017-12-02 22:50:00,-0.11427647492087256,-0.6630858
2017-12-02 23:00:00,-0.2148950985964523,-0.60297394
2017-12-02 23:10:00,-0.2786202265567821,-0.4233029
2017-12-02 23:20:00,-0.35576117201791674,-0.4231664
2017-12-02 23:30:00,-0.45051037613988537,-0.49888396
2017-12-02 23:40:00,-0.5511290011937306,-0.5785371
2017-12-02 23:50:00,-0.6911565861075367,-0.6800624
2017-12-03 00:00:00,-0.7389504324223507,-0.7486839
2017-12-03 00:10:00,-0.806868002920974,-0.8209605
2017-12-03 00:20:00,-0.8680776667365929,-0.8969512
2017-12-03 00:30:00,-0.9536034972743156,-0.9622812
2017-12-03 00:40:00,-1.05086816691926,-1.0511726
2017-12-03 00:50:00,-1.0953080592034388,-1.1320667
2017-12-03 01:00:00,-1.1825108667564788,-1.2168698
2017-12-03 01:10:00,-1.2093424990015584,-1.2595148
2017-12-03 01:20:00,-1.2671982087865425,-1.2867299
2017-12-03 01:30:00,-1.3258924057009196,-1.3227577
2017-12-03 01:40:00,-1.3762017175387096,-1.3562081
2017-12-03 01:50:00,-1.4097412592233247,-1.401653
2017-12-03 02:00:00,-1.4080642822080072,-1.4286834
2017-12-03 02:10:00,-1.4390883583696463,-1.4631416
2017-12-03 02:20:00,-1.4701124331530198,-1.4925442
2017-12-03 02:30:00,-1.4919131357304123,-1.5221221
2017-12-03 02:40:00,-1.5204217449908097,-1.5384719
2017-12-03 02:50:00,-1.5598307062290355,-1.575541
2017-12-03 03:00:00,-1.6093015295591666,-1.602591
2017-12-03 03:10:00,-1.6118169964604085,-1.6233053
2017-12-03 03:20:00,-1.621040370044655,-1.6458149
2017-12-03 03:30:00,-1.636133163182512,-1.6510966
2017-12-03 03:40:00,-1.6453565367667582,-1.6519899
2017-12-03 03:50:00,-1.670511193374786,-1.6612654
2017-12-03 04:00:00,-1.6747036359130796,-1.671057
2017-12-03 04:10:00,-1.6856039865126429,-1.7669013
2017-12-03 04:20:00,-1.6805730554666907,-1.8545237
2017-12-03 04:30:00,-1.6780575899437147,-1.7289891
2017-12-03 04:40:00,-1.6939888715892306,-1.4923996
2017-12-03 04:50:00,-1.6780575899437147,-1.6587992
2017-12-03 05:00:00,-1.6629647968058572,-1.5076768
2017-12-03 05:10:00,-1.6579338657599048,-1.488018
2017-12-03 05:20:00,-1.647033513782076,-1.4813418
2017-12-03 05:30:00,-1.605947575528532,-1.4099844
2017-12-03 05:40:00,-1.5053289518529522,-1.3266304
2017-12-03 05:50:00,-1.5380300050299085,-1.1393746
2017-12-03 06:00:00,-1.584146874329405,-1.0417688
2017-12-03 06:10:00,-1.595885713436627,-0.96394944
2017-12-03 06:20:00,-1.6252328125829485,-0.9110552
2017-12-03 06:30:00,-1.6839270094973258,-0.8743957
2017-12-03 06:40:00,-1.836531923404278,-0.86177135
2017-12-03 06:50:00,-1.9924907899636006,-0.86127806
2017-12-03 07:00:00,-2.0360921937401204,-0.8560748
2017-12-03 07:10:00,-2.1132331392012556,-0.8471905
2017-12-03 07:20:00,-2.101494300094033,-0.837888
2017-12-03 07:30:00,-2.0721472009477115,-0.83330894
2017-12-03 07:40:00,-2.0738241779630293,-0.827091
2017-12-03 07:50:00,-2.0478310328473426,-0.8142868
2017-12-03 08:00:00,-1.9933292784712593,-0.7842517
2017-12-03 08:10:00,-1.9396660126028342,-0.7601205
2017-12-03 08:20:00,-1.9052879824105606,-0.72819173
2017-12-03 08:30:00,-1.826470059934108,-0.6938859
2017-12-03 08:40:00,-1.7778377251116357,-0.6691363
2017-12-03 08:50:00,-1.7174665511819407,-0.6444768
2017-12-03 09:00:00,-1.6621263082981983,-0.60641813
2017-12-03 09:10:00,-1.573246523729841,-0.594059
2017-12-03 09:20:00,-1.5019749978223174,-0.58584666
2017-12-03 09:30:00,-1.4332189388160348,-0.55352116
2017-12-03 09:40:00,-1.3451776427553361,-0.45524603
2017-12-03 09:50:00,-1.2646827432635663,-0.44440216
2017-12-03 10:00:00,-1.2219198279947052,-0.43825114
2017-12-03 10:10:00,-1.135555508949324,-0.42837286
2017-12-03 10:20:00,-1.0768613106566811,-0.39627635
2017-12-03 10:30:00,-0.9904969916113001,-0.37958956
2017-12-03 10:40:00,-0.9695347789198314,-0.4295498
2017-12-03 10:50:00,-0.9074866279748193,-0.48117876
2017-12-03 11:00:00,-0.8915553449510375,-0.41147524
2017-12-03 11:10:00,-0.8345381250519777,-0.37276864
2017-12-03 11:20:00,-0.813575910982244,-0.37781203
2017-12-03 11:30:00,-0.7842288132141878,-0.4215392
2017-12-03 11:40:00,-0.7272115919368625,-0.41516793
2017-12-03 11:50:00,-0.7104418217836878,-0.4091295
2017-12-03 12:00:00,-0.7003799596917831,-0.41757286
2017-12-03 12:10:00,-0.7070878677530531,-0.4025669
2017-12-03 12:20:00,-0.6752253030837554,-0.38540697
2017-12-03 12:30:00,-0.6710328605454614,-0.30918157
2017-12-03 12:40:00,-0.6467166938233581,-0.21063286
2017-12-03 12:50:00,-0.6391702972544298,-0.15564501
2017-12-03 13:00:00,-0.6701943720378031,-0.10944128
2017-12-03 13:10:00,-0.6987029826764655,-0.066624284
2017-12-03 13:20:00,-0.7146342643219813,-0.02999869
2017-12-03 13:30:00,-0.7397889209300095,0.0037312508
2017-12-03 13:40:00,-0.7171497298449577,0.033801913
2017-12-03 13:50:00,-0.702895425214759,0.050449133
2017-12-03 14:00:00,-0.6701943720378031,0.056566775
2017-12-03 14:10:00,-0.6861256550615844,0.057826757
2017-12-03 14:20:00,-0.7079263562607119,0.061776847
2017-12-03 14:30:00,-0.7079263562607119,0.070231706
2017-12-03 14:40:00,-0.6894796090922196,0.065586746
2017-12-03 14:50:00,-0.7137957758143231,0.055627763
2017-12-03 15:00:00,-0.7833903247065295,0.040283978
2017-12-03 15:10:00,-0.8219607974370965,0.03394884
2017-12-03 15:20:00,-0.7884212557524818,0.021029472
2017-12-03 15:30:00,-0.8211223089294383,0.015849292
2017-12-03 15:40:00,-0.8127374224745851,0.008345783
2017-12-03 15:50:00,-0.8186068434064618,-0.024484485
2017-12-03 16:00:00,-0.8278302169907081,-0.068070054
2017-12-03 16:10:00,-0.8320226595290017,-0.1252228
2017-12-03 16:20:00,-0.8219607974370965,-0.13758373
2017-12-03 16:30:00,-0.7951291638137518,-0.14379323
2017-12-03 16:40:00,-0.7112803102913466,-0.11623144
2017-12-03 16:50:00,-0.6626479754688743,-0.09489524
2017-12-03 17:00:00,-0.5477750457848304,-0.07090485
2017-12-03 17:10:00,-0.29874395211885746,-0.057916462
2017-12-03 17:20:00,0.10876147500767941,-0.026531607
2017-12-03 17:30:00,0.4055864163667318,0.020207524
2017-12-03 17:40:00,0.500335620488701,0.124765694
2017-12-03 17:50:00,0.5288442311273633,0.23671368
2017-12-03 18:00:00,0.5154284150048234,0.2985044
2017-12-03 18:10:00,0.48943526988913744,0.36789677
2017-12-03 18:20:00,0.486919804366161,0.45698804
2017-12-03 18:30:00,0.517105392020141,0.54857457
2017-12-03 18:40:00,0.5355521391886338,0.616912
2017-12-03 18:50:00,0.5581913302736845,0.60708183
2017-12-03 19:00:00,0.6160470386804032,0.563521
2017-12-03 19:10:00,0.6596484424569231,0.5097273
2017-12-03 19:20:00,0.6822876321637089,0.47839072
2017-12-03 19:30:00,0.6755797241024394,0.46759886
2017-12-03 19:40:00,0.6604869309645819,0.47015035
2017-12-03 19:50:00,0.6596484424569231,0.43897957
2017-12-03 20:00:00,0.6713872815641454,0.40744397
2017-12-03 20:10:00,0.6739027470871218,0.36898133
2017-12-03 20:20:00,0.6412016952884314,0.33267933
2017-12-03 20:30:00,0.6118545961421091,0.29911578
2017-12-03 20:40:00,0.5917308705800348,0.27843153
2017-12-03 20:50:00,0.5607067957966609,0.25689712
2017-12-03 21:00:00,0.5338751621733162,0.21720551
2017-12-03 21:10:00,0.49195073541211287,0.05779767
2017-12-03 21:20:00,0.408940370397367,-0.0051953197
2017-12-03 21:30:00,0.3452152424370378,-0.08236003
2017-12-03 21:40:00,0.2940674420915886,-0.082823396
2017-12-03 21:50:00,0.2580124348839979,-0.12269193
2017-12-03 22:00:00,0.1775175353922275,-0.1867277
2017-12-03 22:10:00,0.08360681977791722,-0.3698222
2017-12-03 22:20:00,-0.00024203374448741017,-0.6691816
2017-12-03 22:30:00,-0.11846891745916609,-0.7013018
2017-12-03 22:40:00,-0.1872249764654482,-0.6658795
2017-12-03 22:50:00,-0.29958244062651573,-0.8424318
2017-12-03 23:00:00,-0.4102629263940007,-0.7327702
2017-12-03 23:10:00,-0.5159124824937983,-0.52693456
2017-12-03 23:20:00,-0.6131771521387432,-0.48230827
2017-12-03 23:30:00,-0.7339195013763978,-0.5265585
2017-12-03 23:40:00,-0.8261532399753906,-0.62298346
2017-12-03 23:50:00,-0.8907168564433792,-0.74875
2017-12-04 00:00:00,-0.9879815260883237,-0.81424546
2017-12-04 00:10:00,-1.021521067772939,-0.8706715
2017-12-04 00:20:00,-1.088600151142169,-0.93867207
2017-12-04 00:30:00,-1.1523252791024987,-0.9991367
2017-12-04 00:40:00,-1.200957613924971,-1.0400021
2017-12-04 00:50:00,-1.297383795062257,-1.0956144
2017-12-04 01:00:00,-1.3359542677928247,-1.1464949
2017-12-04 01:10:00,-1.3728477635080747,-1.2038103
2017-12-04 01:20:00,-1.4055488166850312,-1.2892152
2017-12-04 01:30:00,-1.465081502107067,-1.3623897
2017-12-04 01:40:00,-1.4810127851308488,-1.416287
2017-12-04 01:50:00,-1.5111983714065633,-1.4522961
2017-12-04 02:00:00,-1.5472533786141545,-1.4626572
2017-12-04 02:10:00,-1.5438994245835198,-1.4872731
2017-12-04 02:20:00,-1.5740850122374996,-1.523636
2017-12-04 02:30:00,-1.573246523729841,-1.5659168
2017-12-04 02:40:00,-1.629425255121242,-1.5993161
2017-12-04 02:50:00,-1.639487117213147,-1.6364975
2017-12-04 03:00:00,-1.6814115439743493,-1.6440034
2017-12-04 03:10:00,-1.6537414232216108,-1.6547294
2017-12-04 03:20:00,-1.7048892235670594,-1.6609807
2017-12-04 03:30:00,-1.6990198040134483,-1.6668029
2017-12-04 03:40:00,-1.6839270094973258,-1.6612825
2017-12-04 03:50:00,-1.6646417738211747,-1.6708667
2017-12-04 04:00:00,-1.6654802623288336,-1.6037197
2017-12-04 04:10:00,-1.6763806129283971,-1.7262096
2017-12-04 04:20:00,-1.670511193374786,-1.854475
2017-12-04 04:30:00,-1.6503874678127106,-1.7458494
2017-12-04 04:40:00,-1.6604493312828807,-1.5460908
2017-12-04 04:50:00,-1.627748278105925,-1.6503332
2017-12-04 05:00:00,-1.599239667467262,-1.4416946
2017-12-04 05:10:00,-1.610140019445091,-1.4792732
2017-12-04 05:20:00,-1.554799775183083,-1.4624455
2017-12-04 05:30:00,-1.4852052276691423,-1.4765108
2017-12-04 05:40:00,-1.3803941600770036,-1.337984
2017-12-04 05:50:00,-1.384586602615297,-1.0220995
2017-12-04 06:00:00,-1.4021948626543959,-0.9621179
2017-12-04 06:10:00,-1.3929714890701501,-0.9122778
2017-12-04 06:20:00,-1.3795556715693447,-0.89326453
2017-12-04 06:30:00,-1.4307034719147933,-0.8750639
2017-12-04 06:40:00,-1.5304836084609799,-0.8819926
2017-12-04 06:50:00,-1.6378101401978296,-0.8913975
2017-12-04 07:00:00,-1.5757619892528174,-0.8968173
2017-12-04 07:10:00,-1.5195832564831508,-0.87457097
2017-12-04 07:20:00,-1.4751433641989722,-0.8673525
2017-12-04 07:30:00,-1.4701124331530198,-0.84960437
2017-12-04 07:40:00,-1.5103598828989044,-0.8258538
2017-12-04 07:50:00,-1.5170677909601744,-0.8034432
2017-12-04 08:00:00,-1.3980024201161023,-0.76555705
2017-12-04 08:10:00,-1.308284147040086,-0.75420904
2017-12-04 08:20:00,-1.1850263322794552,-0.74066556
2017-12-04 08:30:00,-1.1338785319340066,-0.7218313
2017-12-04 08:40:00,-1.0743458451337047,-0.7298391
2017-12-04 08:50:00,-1.0441602588579901,-0.7195929
2017-12-04 09:00:00,-0.9569574513049504,-0.68662786
2017-12-04 09:10:00,-0.8882013909204027,-0.66950047
2017-12-04 09:20:00,-0.8211223089294383,-0.6189735
2017-12-04 09:30:00,-0.7800363706758943,-0.54665893
2017-12-04 09:40:00,-0.7305655473457632,-0.4160189
2017-12-04 09:50:00,-0.6777407686067314,-0.37373483
2017-12-04 10:00:00,-0.5771221449311517,-0.31776875
2017-12-04 10:10:00,-0.4974657339470405,-0.2796769
2017-12-04 10:20:00,-0.48824236036279417,-0.22795683
2017-12-04 10:30:00,-0.41780932296292944,-0.18093157
2017-12-04 10:40:00,-0.34402233291069445,-0.1919058
2017-12-04 10:50:00,-0.28952057853461105,-0.22807276
2017-12-04 11:00:00,-0.30209790614949217,-0.1547389
2017-12-04 11:10:00,-0.2652044104342422,-0.10461861
2017-12-04 11:20:00,-0.2568195253576546,-0.07570237
2017-12-04 11:30:00,-0.26268894491126576,-0.077920675
2017-12-04 11:40:00,-0.24759615177340874,-0.06473577
2017-12-04 11:50:00,-0.20734870202752356,-0.09090227
2017-12-04 12:00:00,-0.20986416755049997,-0.030103147
2017-12-04 12:10:00,-0.16793974078929716,0.018680692
2017-12-04 12:20:00,-0.14362357268892828,0.08109146
2017-12-04 12:30:00,-0.15871636720505128,0.11582589
2017-12-04 12:40:00,-0.13943113015063474,0.116417676
2017-12-04 12:50:00,-0.1335617105970236,0.10419804
2017-12-04 13:00:00,-0.131884733581706,0.14193776
2017-12-04 13:10:00,-0.16458578675866242,0.16394451
2017-12-04 13:20:00,-0.20315625948923002,0.17672682
2017-12-04 13:30:00,-0.22076451815006345,0.17354554
2017-12-04 13:40:00,-0.26268894491126576,0.181528
2017-12-04 13:50:00,-0.26101196789594866,0.19244704
2017-12-04 14:00:00,-0.19141741900374223,0.22024967
2017-12-04 14:10:00,-0.19560986154203577,0.24253617
2017-12-04 14:20:00,-0.19225590751140054,0.23284382
2017-12-04 14:30:00,-0.20483323650454713,0.23613691
2017-12-04 14:40:00,-0.21154114456581707,0.2360798
2017-12-04 14:50:00,-0.2534655713270199,0.23403624
2017-12-04 15:00:00,-0.2886820900269523,0.22195196
2017-12-04 15:10:00,-0.2526270828193611,0.21325363
2017-12-04 15:20:00,-0.2719123184955121,0.20539415
2017-12-04 15:30:00,-0.2903590670422699,0.194242
2017-12-04 15:40:00,-0.29790546361119863,0.18560904
2017-12-04 15:50:00,-0.30042092913417456,0.19532347
2017-12-04 16:00:00,-0.3314450052958134,0.2026361
2017-12-04 16:10:00,-0.29958244062651573,0.21490355
2017-12-04 16:20:00,-0.3113212797337385,0.23373438
2017-12-04 16:30:00,-0.2802972035720992,0.23678264
2017-12-04 16:40:00,-0.20315625948923002,0.24260919
2017-12-04 16:50:00,-0.14278508418126948,0.23252502
2017-12-04 17:00:00,-0.0396509949827138,0.22842455
2017-12-04 17:10:00,0.23872719782958138,0.21532579
2017-12-04 17:20:00,0.664679373502876,0.20600368
2017-12-04 17:30:00,0.949765475754706,0.24929965
2017-12-04 17:40:00,1.0009132761001542,0.36255565
2017-12-04 17:50:00,1.0051057186384482,0.45229787
2017-12-04 18:00:00,0.9447345433304882,0.57555544
2017-12-04 18:10:00,0.9506039642623648,0.7137241
2017-12-04 18:20:00,0.9338341927309237,0.7633975
2017-12-04 18:30:00,0.9355111697462414,0.7719965
2017-12-04 18:40:00,0.9405421007921942,0.7602382
2017-12-04 18:50:00,0.8994561625386507,0.69798553
2017-12-04 19:00:00,0.8910712774620626,0.6283984
2017-12-04 19:10:00,0.8902327889544038,0.6006908
2017-12-04 19:20:00,0.8734630188012297,0.56520903
2017-12-04 19:30:00,0.8122533549856108,0.55030566
2017-12-04 19:40:00,0.7803907916945783,0.5501211
2017-12-04 19:50:00,0.7896141652788241,0.55781156
2017-12-04 20:00:00,0.7686519512090909,0.5260848
2017-12-04 20:10:00,0.8088994009549756,0.5010289
2017-12-04 20:20:00,0.8340540575630028,0.46661654
2017-12-04 20:30:00,0.8256691724864157,0.4291697
2017-12-04 20:40:00,0.8047069584166816,0.36061358
2017-12-04 20:50:00,0.7267275244478876,0.23444882
2017-12-04 21:00:00,0.6747412355947806,0.09994513
2017-12-04 21:10:00,0.6227549467416736,-0.03140542
2017-12-04 21:20:00,0.5078820184358952,0.071694076
2017-12-04 21:30:00,0.4290640959594424,0.11331737
2017-12-04 21:40:00,0.3544386160212836,0.07463223
2017-12-04 21:50:00,0.3519231504983072,0.05736178
2017-12-04 22:00:00,0.2957444191069062,0.01415652
2017-12-04 22:10:00,0.22195742767640625,-0.22166675
2017-12-04 22:20:00,0.0953456588851395,-0.5129196
2017-12-04 22:30:00,0.04503634704735013,-0.46941018
2017-12-04 22:40:00,-0.08241391025157492,-0.49574113
2017-12-04 22:50:00,-0.2257954491960158,-0.65003896
2017-12-04 23:00:00,-0.31215976824139685,-0.59961367
2017-12-04 23:10:00,-0.42284025538714726,-0.5419018
2017-12-04 23:20:00,-0.5444210917541956,-0.5789902
2017-12-04 23:30:00,-0.6249159912459655,-0.6783992
2017-12-04 23:40:00,-0.7213421723832513,-0.7831881
2017-12-04 23:50:00,-0.8244762629600729,-0.8813691
2017-12-05 00:00:00,-0.9049711624518428,-0.9217706
2017-12-05 00:10:00,-0.9812736180270537,-0.9410269
2017-12-05 00:20:00,-1.05086816691926,-0.95413196
2017-12-05 00:30:00,-1.1439403940259112,-0.9687643
2017-12-05 00:40:00,-1.1724490046645741,-0.99324274
2017-12-05 00:50:00,-1.2303047130712927,-1.0616083
2017-12-05 01:00:00,-1.2739061168478125,-1.1302694
2017-12-05 01:10:00,-1.3300848482392136,-1.1914102
2017-12-05 01:20:00,-1.3443391528694124,-1.2839386
2017-12-05 01:30:00,-1.4055488166850312,-1.3766241
2017-12-05 01:40:00,-1.4281880063918169,-1.4447018
2017-12-05 01:50:00,-1.4726278986759958,-1.4720389
2017-12-05 02:00:00,-1.4826897621461663,-1.487208
2017-12-05 02:10:00,-1.4885591816997774,-1.5183356
2017-12-05 02:20:00,-1.4961055782687058,-1.5738878
2017-12-05 02:30:00,-1.521260234876734,-1.6015701
2017-12-05 02:40:00,-1.5438994245835198,-1.6280138
2017-12-05 02:50:00,-1.5824698973140874,-1.6623755
2017-12-05 03:00:00,-1.5749235007451585,-1.6938906
2017-12-05 03:10:00,-1.610140019445091,-1.7549062
2017-12-05 03:20:00,-1.6126554849680674,-1.7931938
2017-12-05 03:30:00,-1.5975626904519442,-1.8075867
2017-12-05 03:40:00,-1.6344561861671947,-1.8087947
2017-12-05 03:50:00,-1.639487117213147,-1.8046675
2017-12-05 04:00:00,-1.6218788585523136,-1.6854382
2017-12-05 04:10:00,-1.6185249045216785,-1.8654985
2017-12-05 04:20:00,-1.621040370044655,-2.0832486
2017-12-05 04:30:00,-1.6319407206442185,-1.914825
2017-12-05 04:40:00,-1.6319407206442185,-1.7085667
2017-12-05 04:50:00,-1.6000781559749206,-1.8731222
2017-12-05 05:00:00,-1.5816314088064285,-1.6629958
2017-12-05 05:10:00,-1.5522843096601073,-1.6276691
2017-12-05 05:20:00,-1.5447379130911785,-1.6551294
2017-12-05 05:30:00,-1.4910746472227534,-1.6007478
2017-12-05 05:40:00,-1.356916481862559,-1.5409381
2017-12-05 05:50:00,-1.3736862520157336,-1.1959642
2017-12-05 06:00:00,-1.3728477635080747,-1.177722
2017-12-05 06:10:00,-1.3594319473855347,-1.1334772
2017-12-05 06:20:00,-1.3560779933549,-1.082774
2017-12-05 06:30:00,-1.3577549703702172,-1.0486374
2017-12-05 06:40:00,-1.4198031213152298,-1.0270393
2017-12-05 06:50:00,-1.527129654430345,-1.0304527
2017-12-05 07:00:00,-1.4793358081155312,-1.0107441
2017-12-05 07:10:00,-1.4248340523611822,-1.0161576
2017-12-05 07:20:00,-1.3602704358931936,-1.0060115
2017-12-05 07:30:00,-1.351885550816606,-0.9861883
2017-12-05 07:40:00,-1.4105797477309836,-0.9834688
2017-12-05 07:50:00,-1.4424423124002812,-0.99660826
2017-12-05 08:00:00,-1.2940298410316224,-0.9594041
2017-12-05 08:10:00,-1.1883802863100899,-0.9368638
2017-12-05 08:20:00,-1.1221396914485187,-0.9019952
2017-12-05 08:30:00,-1.0743458451337047,-0.8852911
2017-12-05 08:40:00,-1.0416447933350144,-0.8819549
2017-12-05 08:50:00,-0.9770811754887602,-0.8826554
2017-12-05 09:00:00,-0.908325116482478,-0.85001516
2017-12-05 09:10:00,-0.8529848722204704,-0.7933631
2017-12-05 09:20:00,-0.8118989339669264,-0.73699105
2017-12-05 09:30:00,-0.6987029826764655,-0.65515125
2017-12-05 09:40:00,-0.6291084337842591,-0.51234245
2017-12-05 09:50:00,-0.5670602828392469,-0.5043521
2017-12-05 10:00:00,-0.5217819020474094,-0.4735521
2017-12-05 10:10:00,-0.48572689483981824,-0.44799435
2017-12-05 10:20:00,-0.4270326979254408,-0.39879453
2017-12-05 10:30:00,-0.35408419500259963,-0.36224985
2017-12-05 10:40:00,-0.34234535589537735,-0.38018382
2017-12-05 10:50:00,-0.2752662725261469,-0.40415573
2017-12-05 11:00:00,-0.1998023054585948,-0.29762805
2017-12-05 11:10:00,-0.1763246258658847,-0.2011013
2017-12-05 11:20:00,-0.18219404541949585,-0.13616568
2017-12-05 11:30:00,-0.16877822929695596,-0.11219174
2017-12-05 11:40:00,-0.12098438298214251,-0.12282586
2017-12-05 11:50:00,-0.1310462450740472,-0.20244181
2017-12-05 12:00:00,-0.13859264164297594,-0.1268186
2017-12-05 12:10:00,-0.12936926805872956,-0.034053296
2017-12-05 12:20:00,-0.10253763443538477,0.02780062
2017-12-05 12:30:00,-0.0924757723434796,0.057512373
2017-12-05 12:40:00,-0.05725925364354724,0.045193493
2017-12-05 12:50:00,-0.07486751368264616,0.021596074
2017-12-05 13:00:00,-0.0782214677132814,0.049722612
2017-12-05 13:10:00,-0.08828332980518606,0.06712186
2017-12-05 13:20:00,-0.11343798641321375,0.07397166
2017-12-05 13:30:00,-0.15033148075019823,0.10154429
2017-12-05 13:40:00,-0.20399474799688883,0.12107369
2017-12-05 13:50:00,-0.20986416755049997,0.12761104
2017-12-05 14:00:00,-0.20315625948923002,0.13305956
2017-12-05 14:10:00,-0.1847095109424723,0.12669584
2017-12-05 14:20:00,-0.1998023054585948,0.1412338
2017-12-05 14:30:00,-0.15368543478083346,0.17124212
2017-12-05 14:40:00,-0.17716311437354354,0.18347621
2017-12-05 14:50:00,-0.21154114456581707,0.194439
2017-12-05 15:00:00,-0.23166486874962694,0.21704704
2017-12-05 15:10:00,-0.281135692079758,0.21877205
2017-12-05 15:20:00,-0.30209790614949217,0.21532544
2017-12-05 15:30:00,-0.32557558436393674,0.22188362
2017-12-05 15:40:00,-0.3775618745953097,0.2350393
2017-12-05 15:50:00,-0.389300713702532,0.22422856
2017-12-05 16:00:00,-0.4127783919169766,0.21769533
2017-12-05 16:10:00,-0.37169245366343306,0.22220226
2017-12-05 16:20:00,-0.3456993099260121,0.23737329
2017-12-05 16:30:00,-0.2668813874495598,0.2530356
2017-12-05 16:40:00,-0.19728683855735338,0.28688967
2017-12-05 16:50:00,-0.15200845776551583,0.31584582
2017-12-05 17:00:00,-0.0790599562209397,0.32194185
2017-12-05 17:10:00,0.15236287878419932,0.35831946
2017-12-05 17:20:00,0.5716071463962245,0.42386293
2017-12-05 17:30:00,0.8516623162238367,0.4946183
2017-12-05 17:40:00,0.9598273378466108,0.55748725
2017-12-05 17:50:00,0.9707276884461742,0.62709916
2017-12-05 18:00:00,0.9405421007921942,0.72279835
2017-12-05 18:10:00,0.9480884973611224,0.7947649
2017-12-05 18:20:00,0.9472500088534637,0.80771494
2017-12-05 18:30:00,0.9547964068006579,0.8346951
2017-12-05 18:40:00,0.8969406970156742,0.8155395
2017-12-05 18:50:00,0.9070025604858449,0.7733475
2017-12-05 19:00:00,0.8994561625386507,0.7501236
2017-12-05 19:10:00,0.8709475532782532,0.72592664
2017-12-05 19:20:00,0.8457928966702251,0.6895495
2017-12-05 19:30:00,0.8223152184557805,0.63897383
2017-12-05 19:40:00,0.7996760273707297,0.60059893
2017-12-05 19:50:00,0.7938066078171181,0.5579467
2017-12-05 20:00:00,0.7787138146792606,0.5072369
2017-12-05 20:10:00,0.8189612644251463,0.4680632
2017-12-05 20:20:00,0.8323770805476852,0.42829227
2017-12-05 20:30:00,0.8038684699090228,0.3993042
2017-12-05 20:40:00,0.7745213721409676,0.3554511
2017-12-05 20:50:00,0.6957034496645148,0.25405636
2017-12-05 21:00:00,0.6403632067807725,0.10192847
2017-12-05 21:10:00,0.6043081995731809,-0.029446036
2017-12-05 21:20:00,0.5380676047116092,0.04270217
2017-12-05 21:30:00,0.478534919289574,0.07416183
2017-12-05 21:40:00,0.404747927859073,0.064964
2017-12-05 21:50:00,0.3863011806905813,0.042666256
2017-12-05 22:00:00,0.3452152424370378,0.033150673
2017-12-05 22:10:00,0.2538199923457039,-0.12564021
2017-12-05 22:20:00,0.14146252818463584,-0.36393762
2017-12-05 22:30:00,0.02575111137119958,-0.43765712
2017-12-05 22:40:00,-0.06983658263669383,-0.49750495
2017-12-05 22:50:00,-0.1612318327280272,-0.64808846
2017-12-05 23:00:00,-0.28616662312571034,-0.64923143
2017-12-05 23:10:00,-0.39517013325614314,-0.5938231
2017-12-05 23:20:00,-0.4597337497241317,-0.6422137
2017-12-05 23:30:00,-0.6005998245238622,-0.7321993
2017-12-05 23:40:00,-0.7054108907377354,-0.828223
2017-12-05 23:50:00,-0.8085449799362916,-0.9254801
2017-12-06 00:00:00,-0.9016172070429427,-0.97046304
2017-12-06 00:10:00,-1.0039128091121055,-0.9754884
2017-12-06 00:20:00,-1.0324214183725025,-0.99061346
2017-12-06 00:30:00,-1.086084685619193,-1.0246167
2017-12-06 00:40:00,-1.1892187748177487,-1.0670693
2017-12-06 00:50:00,-1.2026345909402887,-1.1461082
2017-12-06 01:00:00,-1.2621672777405903,-1.2128644
2017-12-06 01:10:00,-1.3099611240554037,-1.2586097
2017-12-06 01:20:00,-1.3711707864927571,-1.3194883
2017-12-06 01:30:00,-1.3854250911229558,-1.3707938
2017-12-06 01:40:00,-1.41309521325396,-1.4271743
2017-12-06 01:50:00,-1.4516656859845276,-1.4576963
2017-12-06 02:00:00,-1.4784973196078723,-1.4582226
2017-12-06 02:10:00,-1.521260234876734,-1.4848539
2017-12-06 02:20:00,-1.572408035222182,-1.5321434
2017-12-06 02:30:00,-1.5581537292137184,-1.5977416
2017-12-06 02:40:00,-1.590016293883016,-1.6336718
2017-12-06 02:50:00,-1.5967242019442855,-1.6616049
2017-12-06 03:00:00,-1.6302637436289007,-1.6937218
2017-12-06 03:10:00,-1.6176864160140196,-1.740134
2017-12-06 03:20:00,-1.633617697659536,-1.7634859
2017-12-06 03:30:00,-1.6411640942284642,-1.7776055
2017-12-06 03:40:00,-1.6319407206442185,-1.792433
2017-12-06 03:50:00,-1.6235558355676307,-1.8009732
2017-12-06 04:00:00,-1.6168479275063607,-1.6924331
2017-12-06 04:10:00,-1.6260713010906072,-1.923845
2017-12-06 04:20:00,-1.614332461983385,-2.153512
2017-12-06 04:30:00,-1.6185249045216785,-1.9887288
2017-12-06 04:40:00,-1.6084630410515084,-1.7908528
2017-12-06 04:50:00,-1.577438966268135,-1.9582391
2017-12-06 05:00:00,-1.5405454705528845,-1.7331047
2017-12-06 05:10:00,-1.5397069820452263,-1.5849974
2017-12-06 05:20:00,-1.5464148901064956,-1.6234922
2017-12-06 05:30:00,-1.5070059288682698,-1.59354
2017-12-06 05:40:00,-1.395486954593126,-1.6173182
2017-12-06 05:50:00,-1.4147721902692771,-1.1757609
2017-12-06 06:00:00,-1.4273495178841582,-1.1794176
2017-12-06 06:10:00,-1.3871020681382735,-1.1860836
2017-12-06 06:20:00,-1.346016131262995,-1.1920937
2017-12-06 06:30:00,-1.3384697333158007,-1.168199
2017-12-06 06:40:00,-1.4281880063918169,-1.1594191
2017-12-06 06:50:00,-1.5279681429380034,-1.1610711
2017-12-06 07:00:00,-1.5002980208069998,-1.168951
2017-12-06 07:10:00,-1.4793358081155312,-1.1645675
2017-12-06 07:20:00,-1.4365728928466701,-1.1641338
2017-12-06 07:30:00,-1.3988409086237612,-1.1623547
2017-12-06 07:40:00,-1.4298649834071346,-1.1538494
2017-12-06 07:50:00,-1.4508271974768687,-1.155706
2017-12-06 08:00:00,-1.384586602615297,-1.1258059
2017-12-06 08:10:00,-1.278098559386106,-1.1109754
2017-12-06 08:20:00,-1.1799954012335028,-1.0876056
2017-12-06 08:30:00,-1.0953080592034388,-1.065887
2017-12-06 08:40:00,-1.0181671137423036,-1.046249
2017-12-06 08:50:00,-0.9821121065347125,-1.0426667
2017-12-06 09:00:00,-0.9301258176816051,-1.0005835
2017-12-06 09:10:00,-0.8085449799362916,-0.96645975
2017-12-06 09:20:00,-0.7255346149215454,-0.9317862
2017-12-06 09:30:00,-0.7045724022300767,-0.88506866
2017-12-06 09:40:00,-0.6224005257229891,-0.7594006
2017-12-06 09:50:00,-0.6156926176617192,-0.7151904
2017-12-06 10:00:00,-0.5611908632856358,-0.6805965
2017-12-06 10:10:00,-0.5502905113078068,-0.65020466
2017-12-06 10:20:00,-0.5117200399555047,-0.60049534
2017-12-06 10:30:00,-0.4270326979254408,-0.53358674
2017-12-06 10:40:00,-0.39600862176380197,-0.52328634
2017-12-06 10:50:00,-0.36330756858684554,-0.5436431
2017-12-06 11:00:00,-0.37336943067875067,-0.44610322
2017-12-06 11:10:00,-0.33060651678815456,-0.34083903
2017-12-06 11:20:00,-0.28952057853461105,-0.26973617
2017-12-06 11:30:00,-0.255142548342337,-0.210536
2017-12-06 11:40:00,-0.24508068625043233,-0.19123471
2017-12-06 11:50:00,-0.22998789173430934,-0.2455045
2017-12-06 12:00:00,-0.24759615177340874,-0.20691907
2017-12-06 12:10:00,-0.19896381695093598,-0.16349614
2017-12-06 12:20:00,-0.1712936948199324,-0.0988456
2017-12-06 12:30:00,-0.19141741900374223,-0.03367573
2017-12-06 12:40:00,-0.16374729825100362,-0.007396519
2017-12-06 12:50:00,-0.12853077955107126,-0.021864533
2017-12-06 13:00:00,-0.12433833701277723,0.0029827356
2017-12-06 13:10:00,-0.12098438298214251,0.05337006
2017-12-06 13:20:00,-0.13775415313531714,0.09871766
2017-12-06 13:30:00,-0.14194659567361068,0.11181033
2017-12-06 13:40:00,-0.15620090168207487,0.12741917
2017-12-06 13:50:00,-0.1603933442203684,0.10881102
2017-12-06 14:00:00,-0.16793974078929716,0.11454281
2017-12-06 14:10:00,-0.14446206119658708,0.08695841
2017-12-06 14:20:00,-0.1595548557127101,0.07149258
2017-12-06 14:30:00,-0.20483323650454713,0.08134043
2017-12-06 14:40:00,-0.20483323650454713,0.079919934
2017-12-06 14:50:00,-0.23501882278026215,0.06377697
2017-12-06 15:00:00,-0.27778173804912326,0.034109384
2017-12-06 15:10:00,-0.28952057853461105,0.019634604
2017-12-06 15:20:00,-0.3046133716724686,0.019401222
2017-12-06 15:30:00,-0.31551372227203206,0.042375714
2017-12-06 15:40:00,-0.34066837888005974,0.05361709
2017-12-06 15:50:00,-0.38678524817955606,0.05945778
2017-12-06 16:00:00,-0.39600862176380197,0.05794531
2017-12-06 16:10:00,-0.3448608214183533,0.08067235
2017-12-06 16:20:00,-0.34402233291069445,0.113330126
2017-12-06 16:30:00,-0.2836511576027344,0.12926155
2017-12-06 16:40:00,-0.1998023054585948,0.1716119
2017-12-06 16:50:00,-0.1721321833275912,0.24233486
2017-12-06 17:00:00,-0.05390529961291201,0.3090446
2017-12-06 17:10:00,0.18170997793052154,0.40119427
2017-12-06 17:20:00,0.6185625042033795,0.4830308
2017-12-06 17:30:00,0.8726245302935709,0.54325545
2017-12-06 17:40:00,0.9388651237768766,0.61474776
2017-12-06 17:50:00,0.949765475754706,0.6721133
2017-12-06 18:00:00,0.9531194297853403,0.7547222
2017-12-06 18:10:00,0.9489269872470473,0.8029294
2017-12-06 18:20:00,0.9472500088534637,0.8009157
2017-12-06 18:30:00,0.9640197803849048,0.7804676
2017-12-06 18:40:00,0.941380589299853,0.76129174
2017-12-06 18:50:00,0.9145489570547732,0.686307
2017-12-06 19:00:00,0.9204183766083839,0.63873655
2017-12-06 19:10:00,0.911195003024138,0.6121976
2017-12-06 19:20:00,0.9170644225777497,0.6071885
2017-12-06 19:30:00,0.8541777817468131,0.60231954
2017-12-06 19:40:00,0.8105763779702932,0.58882034
2017-12-06 19:50:00,0.7870986997558487,0.5596061
2017-12-06 20:00:00,0.7518821810559158,0.49723244
2017-12-06 20:10:00,0.8248306839787569,0.44885406
2017-12-06 20:20:00,0.8424389426395908,0.38251078
2017-12-06 20:30:00,0.8256691724864157,0.34280118
2017-12-06 20:40:00,0.785421722740531,0.29348558
2017-12-06 20:50:00,0.7024113577257842,0.2024048
2017-12-06 21:00:00,0.6412016952884314,0.0900442
2017-12-06 21:10:00,0.6227549467416736,-0.04512638
2017-12-06 21:20:00,0.5674147038579315,0.080608875
2017-12-06 21:30:00,0.5020125975040185,0.09641948
2017-12-06 21:40:00,0.4433184005896411,0.0399639
2017-12-06 21:50:00,0.4257101419288072,-0.0016316175
2017-12-06 22:00:00,0.36869292065148235,-0.019524843
2017-12-06 22:10:00,0.28903651104563677,-0.20942014
2017-12-06 22:20:00,0.1892563744994498,-0.46389776
2017-12-06 22:30:00,0.0953456588851395,-0.52355146
2017-12-06 22:40:00,-0.03042762139846743,-0.5630723
2017-12-06 22:50:00,-0.12517682552043605,-0.66214705
2017-12-06 23:00:00,-0.2584965023729722,-0.6588099
2017-12-06 23:10:00,-0.3809158286259444,-0.62207866
2017-12-06 23:20:00,-0.5033351535006516,-0.6815953
2017-12-06 23:30:00,-0.6249159912459655,-0.7708
2017-12-06 23:40:00,-0.7037339137224179,-0.8694508
2017-12-06 23:50:00,-0.7850673017218466,-0.97086096
2017-12-07 00:00:00,-0.893232321966355,-1.0422428
2017-12-07 00:10:00,-0.977919663996419,-1.0294304
2017-12-07 00:20:00,-1.0617685175188236,-1.0266361
2017-12-07 00:30:00,-1.1137548063719311,-1.0490316
2017-12-07 00:40:00,-1.1741259816798917,-1.1051902
2017-12-07 00:50:00,-1.2219198279947052,-1.2279475
2017-12-07 01:00:00,-1.314992055101356,-1.3261921
2017-12-07 01:10:00,-1.3367927563004836,-1.36088
2017-12-07 01:20:00,-1.3795556715693447,-1.3829548
2017-12-07 01:30:00,-1.4097412592233247,-1.4050895
2017-12-07 01:40:00,-1.4449577779232576,-1.4314132
2017-12-07 01:50:00,-1.4843667391614834,-1.4798119
2017-12-07 02:00:00,-1.4986210437916823,-1.5269344
2017-12-07 02:10:00,-1.5397069820452263,-1.565439
2017-12-07 02:20:00,-1.6067860640361906,-1.5942488
2017-12-07 02:30:00,-1.7032122465517423,-1.6301084
2017-12-07 02:40:00,-1.6923118945739128,-1.6800675
2017-12-07 02:50:00,-1.6478720022897342,-1.7242362
2017-12-07 03:00:00,-1.6646417738211747,-1.7419205
2017-12-07 03:10:00,-1.6696727048671272,-1.7689962
2017-12-07 03:20:00,-1.6587723542675636,-1.7929208
2017-12-07 03:30:00,-1.6713496818824447,-1.8043799
2017-12-07 03:40:00,-1.7090816661053536,-1.8102031
2017-12-07 03:50:00,-1.6688342163594683,-1.8134644
2017-12-07 04:00:00,-1.6512259563203695,-1.740746
2017-12-07 04:10:00,-1.6688342163594683,-1.9346137
2017-12-07 04:20:00,-1.6663187508364918,-2.238524
2017-12-07 04:30:00,-1.6352946746748531,-1.9797769
2017-12-07 04:40:00,-1.6537414232216108,-1.8509464
2017-12-07 04:50:00,-1.642002582736123,-1.9937978
2017-12-07 05:00:00,-1.6126554849680674,-1.7829335
2017-12-07 05:10:00,-1.6076245525438495,-1.6714153
2017-12-07 05:20:00,-1.622717347059972,-1.6452489
2017-12-07 05:30:00,-1.577438966268135,-1.6167014
2017-12-07 05:40:00,-1.4592120825534558,-1.67067
2017-12-07 05:50:00,-1.4432808009079399,-1.2531799
2017-12-07 06:00:00,-1.4617275480764322,-1.270591
2017-12-07 06:10:00,-1.470950921660678,-1.2799217
2017-12-07 06:20:00,-1.4047103281773723,-1.2807672
2017-12-07 06:30:00,-1.393809977577809,-1.3025966
2017-12-07 06:40:00,-1.4223185868382058,-1.3044958
2017-12-07 06:50:00,-1.5631846602596708,-1.3045369
2017-12-07 07:00:00,-1.535514539506932,-1.2973001
2017-12-07 07:10:00,-1.4935901127457298,-1.284112
2017-12-07 07:20:00,-1.462566036584091,-1.266356
2017-12-07 07:30:00,-1.4558581285228211,-1.2574208
2017-12-07 07:40:00,-1.4852052276691423,-1.2655537
2017-12-07 07:50:00,-1.5111983714065633,-1.2619811
2017-12-07 08:00:00,-1.3837481141076382,-1.2057279
2017-12-07 08:10:00,-1.3107996125630625,-1.1933734
2017-12-07 08:20:00,-1.2126964544104588,-1.1734195
2017-12-07 08:30:00,-1.1732874931722328,-1.1469009
2017-12-07 08:40:00,-1.088600151142169,-1.1327877
2017-12-07 08:50:00,-1.038290839304379,-1.1268663
2017-12-07 09:00:00,-0.9393491912658514,-1.0796415
2017-12-07 09:10:00,-0.8462769641592004,-1.0528882
2017-12-07 09:20:00,-0.7942906753060929,-1.0316316
2017-12-07 09:30:00,-0.6760637915914143,-0.9890373
2017-12-07 09:40:00,-0.6618094869612156,-0.87057126
2017-12-07 09:50:00,-0.588860984038374,-0.81329525
2017-12-07 10:00:00,-0.5938919150843267,-0.7627828
2017-12-07 10:10:00,-0.5133970169708219,-0.7493491
2017-12-07 10:20:00,-0.46224921524710816,-0.716717
2017-12-07 10:30:00,-0.4035550183327307,-0.6965165
2017-12-07 10:40:00,-0.3708539651557743,-0.6800573
2017-12-07 10:50:00,-0.3691769881404567,-0.6668339
2017-12-07 11:00:00,-0.3431838444030357,-0.5688877
2017-12-07 11:10:00,-0.2517885943117023,-0.46901083
2017-12-07 11:20:00,-0.24424219774277353,-0.4091599
2017-12-07 11:30:00,-0.2241184721806982,-0.4126805
2017-12-07 11:40:00,-0.1746476488505671,-0.3982463
2017-12-07 11:50:00,-0.18051706840417825,-0.39897662
2017-12-07 12:00:00,-0.23082638024196814,-0.33425277
2017-12-07 12:10:00,-0.1721321833275912,-0.2706983
2017-12-07 12:20:00,-0.15703939018973367,-0.19348371
2017-12-07 12:30:00,-0.18219404541949585,-0.1415708
2017-12-07 12:40:00,-0.16710125228163836,-0.12549871
2017-12-07 12:50:00,-0.18806346497310703,-0.14946026
2017-12-07 13:00:00,-0.224956960688357,-0.109212756
2017-12-07 13:10:00,-0.26185045640360693,-0.06330931
2017-12-07 13:20:00,-0.26939685297253574,-0.031173974
2017-12-07 13:30:00,-0.26017347938828983,0.014868557
2017-12-07 13:40:00,-0.31215976824139685,0.021497339
2017-12-07 13:50:00,-0.3490532639566473,0.033434838
2017-12-07 14:00:00,-0.29874395211885746,0.022186965
2017-12-07 14:10:00,-0.3062903486877857,0.030401617
2017-12-07 14:20:00,-0.31215976824139685,0.04237348
2017-12-07 14:30:00,-0.3096443027184209,0.06948769
2017-12-07 14:40:00,-0.28616662312571034,0.07410151
2017-12-07 14:50:00,-0.3431838444030357,0.033143908
2017-12-07 15:00:00,-0.3876237366872144,0.0054684877
2017-12-07 15:10:00,-0.3607921030638696,0.0027324557
2017-12-07 15:20:00,-0.36666152261748075,-0.0010097623
2017-12-07 15:30:00,-0.4018780413174131,0.00026911497
2017-12-07 15:40:00,-0.4169708344552706,0.0042568147
2017-12-07 15:50:00,-0.4127783919169766,-0.024727702
2017-12-07 16:00:00,-0.41780932296292944,-0.038473606
2017-12-07 16:10:00,-0.4136168804246354,-0.01625672
2017-12-07 16:20:00,-0.3725309421710919,0.021067679
2017-12-07 16:30:00,-0.3431838444030357,0.03340882
2017-12-07 16:40:00,-0.255142548342337,0.07312733
2017-12-07 16:50:00,-0.15452392466675727,0.1637089
2017-12-07 17:00:00,-0.02204273632188037,0.17911363
2017-12-07 17:10:00,0.19596428256071927,0.22860473
2017-12-07 17:20:00,0.6219164582340149,0.31681255
2017-12-07 17:30:00,0.9095180260088204,0.38656816
2017-12-07 17:40:00,0.9833050160610554,0.44597286
2017-12-07 17:50:00,1.0017517646078131,0.4792556
2017-12-07 18:00:00,0.9749201309844683,0.56509614
2017-12-07 18:10:00,0.9824665275533965,0.5994381
2017-12-07 18:20:00,0.9816280390457377,0.58241045
2017-12-07 18:30:00,0.9724046654614918,0.56973183
2017-12-07 18:40:00,0.9682122229231978,0.545429
2017-12-07 18:50:00,0.9623428033695872,0.49154782
2017-12-07 19:00:00,0.9547964068006579,0.43550897
2017-12-07 19:10:00,0.9556348953083167,0.42590353
2017-12-07 19:20:00,0.8910712774620626,0.41611072
2017-12-07 19:30:00,0.8617241796940074,0.37409678
2017-12-07 19:40:00,0.807222423939658,0.36508036
2017-12-07 19:50:00,0.7996760273707297,0.36443186
2017-12-07 20:00:00,0.781229280202237,0.35547325
2017-12-07 20:10:00,0.8407619656242733,0.3161443
2017-12-07 20:20:00,0.8382465001012969,0.26277673
2017-12-07 20:30:00,0.8307001035323686,0.21155567
2017-12-07 20:40:00,0.8013530043860464,0.14151716
2017-12-07 20:50:00,0.7569131121018676,0.054376483
2017-12-07 21:00:00,0.6713872815641454,-0.02374655
2017-12-07 21:10:00,0.6420401837960902,-0.07608533
2017-12-07 21:20:00,0.5925693590876926,-0.04006505
2017-12-07 21:30:00,0.5196208575431175,-0.078721106
2017-12-07 21:40:00,0.43828746954368825,-0.071653485
2017-12-07 21:50:00,0.404747927859073,-0.04522702
2017-12-07 22:00:00,0.30329081567583444,-0.047011346
2017-12-07 22:10:00,0.24543510726911683,-0.21376234
2017-12-07 22:20:00,0.19093335151476742,-0.45487785
2017-12-07 22:30:00,0.10373054396172757,-0.4923451
2017-12-07 22:40:00,0.006465874316783042,-0.512523
2017-12-07 22:50:00,-0.12769229104341245,-0.68933845
2017-12-07 23:00:00,-0.24424219774277353,-0.66980815
2017-12-07 23:10:00,-0.34234535589537735,-0.6248386
2017-12-07 23:20:00,-0.4555413071858382,-0.6940644
2017-12-07 23:30:00,-0.549452022800148,-0.7792829
2017-12-07 23:40:00,-0.650909136361652,-0.8803015
2017-12-07 23:50:00,-0.7649435761597717,-0.97349
2017-12-08 00:00:00,-0.8529848722204704,-1.0366793
2017-12-08 00:10:00,-0.9301258176816051,-1.0349395
2017-12-08 00:20:00,-1.0064282746350814,-1.056744
2017-12-08 00:30:00,-1.0676379370724347,-1.087748
2017-12-08 00:40:00,-1.1313630664110301,-1.1332693
2017-12-08 00:50:00,-1.1791569127258439,-1.1871669
2017-12-08 01:00:00,-1.2244352935176814,-1.2502695
2017-12-08 01:10:00,-1.2688751858018603,-1.2990764
2017-12-08 01:20:00,-1.3166690321166736,-1.3416662
2017-12-08 01:30:00,-1.365301366939146,-1.3718492
2017-12-08 01:40:00,-1.3736862520157336,-1.4277126
2017-12-08 01:50:00,-1.4080642822080072,-1.4898968
2017-12-08 02:00:00,-1.4508271974768687,-1.5530539
2017-12-08 02:10:00,-1.4659199906147258,-1.5817912
2017-12-08 02:20:00,-1.528806631445662,-1.5897536
2017-12-08 02:30:00,-1.5606691947366944,-1.5992129
2017-12-08 02:40:00,-1.579954431791111,-1.6081531
2017-12-08 02:50:00,-1.5891778053753574,-1.6317639
2017-12-08 03:00:00,-1.622717347059972,-1.6535728
2017-12-08 03:10:00,-1.6319407206442185,-1.6862438
2017-12-08 03:20:00,-1.6378101401978296,-1.7390211
2017-12-08 03:30:00,-1.6713496818824447,-1.7792649
2017-12-08 03:40:00,-1.6721881703901036,-1.7944856
2017-12-08 03:50:00,-1.6545799117292697,-1.8070147
2017-12-08 04:00:00,-1.6352946746748531,-1.7360611
2017-12-08 04:10:00,-1.652902933335687,-1.8550391
2017-12-08 04:20:00,-1.6352946746748531,-2.0247865
2017-12-08 04:30:00,-1.6311022321365596,-1.8219085
2017-12-08 04:40:00,-1.6386486287054882,-1.6882765
2017-12-08 04:50:00,-1.6084630410515084,-1.8997567
2017-12-08 05:00:00,-1.585823851344722,-1.6747031
2017-12-08 05:10:00,-1.5740850122374996,-1.5929298
2017-12-08 05:20:00,-1.586662339852381,-1.6401448
2017-12-08 05:30:00,-1.583308385821746,-1.6060195
2017-12-08 05:40:00,-1.4575351055381387,-1.5643623
2017-12-08 05:50:00,-1.4516656859845276,-1.1682944
2017-12-08 06:00:00,-1.4734663871836544,-1.1624223
2017-12-08 06:10:00,-1.4575351055381387,-1.146017
2017-12-08 06:20:00,-1.4365728928466701,-1.1281884
2017-12-08 06:30:00,-1.3971639316084437,-1.1084937
2017-12-08 06:40:00,-1.4399268468773048,-1.0938866
2017-12-08 06:50:00,-1.5413839590605434,-1.0892773
2017-12-08 07:00:00,-1.528806631445662,-1.0818815
2017-12-08 07:10:00,-1.4659199906147258,-1.073694
2017-12-08 07:20:00,-1.4541811515075034,-1.0595703
2017-12-08 07:30:00,-1.4600505710611147,-1.0474923
2017-12-08 07:40:00,-1.4852052276691423,-1.0237082
2017-12-08 07:50:00,-1.4902361587150945,-1.009759
2017-12-08 08:00:00,-1.4307034719147933,-0.96345353
2017-12-08 08:10:00,-1.3250539171932614,-0.94683015
2017-12-08 08:20:00,-1.2185658739640703,-0.9090487
2017-12-08 08:30:00,-1.1347170204416652,-0.87112486
2017-12-08 08:40:00,-1.0735073566260465,-0.85931325
2017-12-08 08:50:00,-1.0366138622890615,-0.82901144
2017-12-08 09:00:00,-1.004751297619764,-0.7581458
2017-12-08 09:10:00,-0.8588542917740815,-0.716272
2017-12-08 09:20:00,-0.8160913778834854,-0.7015538
2017-12-08 09:30:00,-0.7682975301904065,-0.6866276
2017-12-08 09:40:00,-0.7397889209300095,-0.5914006
2017-12-08 09:50:00,-0.6517476248693108,-0.5665604
2017-12-08 10:00:00,-0.560352374777977,-0.5376302
2017-12-08 10:10:00,-0.5092045744325283,-0.5256589
2017-12-08 10:20:00,-0.5016581764853341,-0.49515057
2017-12-08 10:30:00,-0.452187353155203,-0.44940925
2017-12-08 10:40:00,-0.4035550183327307,-0.42350483
2017-12-08 10:50:00,-0.3901392022101908,-0.40084726
2017-12-08 11:00:00,-0.3364759363417662,-0.29433876
2017-12-08 11:10:00,-0.33228349380347216,-0.20022196
2017-12-08 11:20:00,-0.2937130210729046,-0.17744029
2017-12-08 11:30:00,-0.2534655713270199,-0.1866728
2017-12-08 11:40:00,-0.2148950985964523,-0.19515139
2017-12-08 11:50:00,-0.24508068625043233,-0.2166757
2017-12-08 12:00:00,-0.333121982311131,-0.17410862
2017-12-08 12:10:00,-0.43457909449436954,-0.11759341
2017-12-08 12:20:00,-0.38678524817955606,-0.09448016
2017-12-08 12:30:00,-0.4119399034093183,-0.090815604
2017-12-08 12:40:00,-0.4002010643020955,-0.09780705
2017-12-08 12:50:00,-0.4119399034093183,-0.10187554
2017-12-08 13:00:00,-0.39433164474848437,-0.087791264
2017-12-08 13:10:00,-0.34402233291069445,-0.064250946
2017-12-08 13:20:00,-0.3230601188409608,-0.043089747
2017-12-08 13:30:00,-0.35492268351025846,-0.016263753
2017-12-08 13:40:00,-0.3356374478341074,-0.011840582
2017-12-08 13:50:00,-0.36666152261748075,-0.007541418
2017-12-08 14:00:00,-0.39433164474848437,0.026187897
2017-12-08 14:10:00,-0.37840036310296854,0.057216167
2017-12-08 14:20:00,-0.39349315624082554,0.06497443
2017-12-08 14:30:00,-0.40858594937868303,0.08160508
2017-12-08 14:40:00,-0.3809158286259444,0.096425235
2017-12-08 14:50:00,-0.39349315624082554,0.085336745
2017-12-08 15:00:00,-0.49243480290108815,0.120471776
2017-12-08 15:10:00,-0.452187353155203,0.097544014
2017-12-08 15:20:00,-0.4144553689322942,0.08292931
2017-12-08 15:30:00,-0.43122514046373484,0.0842399
2017-12-08 15:40:00,-0.45721828420115534,0.099755496
2017-12-08 15:50:00,-0.48824236036279417,0.05132222
2017-12-08 16:00:00,-0.46392619364069076,-0.025207937
2017-12-08 16:10:00,-0.4697956131943019,-0.122398674
2017-12-08 16:20:00,-0.47063410170196074,-0.13842666
2017-12-08 16:30:00,-0.3859467596718973,-0.14270312
2017-12-08 16:40:00,-0.3364759363417662,-0.1315465
2017-12-08 16:50:00,-0.2752662725261469,-0.10136497
2017-12-08 17:00:00,-0.16626276377398005,-0.07439101
2017-12-08 17:10:00,0.06599855973881828,-0.044928968
2017-12-08 17:20:00,0.45924968223515744,-0.005242139
2017-12-08 17:30:00,0.785421722740531,0.051182687
2017-12-08 17:40:00,0.8667551107399593,0.13178691
2017-12-08 17:50:00,0.8726245302935709,0.17529333
2017-12-08 18:00:00,0.8265076609940746,0.22420442
2017-12-08 18:10:00,0.8483083621932015,0.35920456
2017-12-08 18:20:00,0.8558547587621308,0.46014217
2017-12-08 18:30:00,0.8726245302935709,0.5021565
2017-12-08 18:40:00,0.881009415370158,0.52511984
2017-12-08 18:50:00,0.8583702242851062,0.52248925
2017-12-08 19:00:00,0.819799752932804,0.51115984
2017-12-08 19:10:00,0.8256691724864157,0.5110402
2017-12-08 19:20:00,0.8122533549856108,0.49297768
2017-12-08 19:30:00,0.7778753261716018,0.49097335
2017-12-08 19:40:00,0.7451742729946453,0.43150872
2017-12-08 19:50:00,0.7543976465788922,0.38371974
2017-12-08 20:00:00,0.7401433419486935,0.34752688
2017-12-08 20:10:00,0.811414866477952,0.32589775
2017-12-08 20:20:00,0.837408011593638,0.29675665
2017-12-08 20:30:00,0.7845832342328722,0.2703466
2017-12-08 20:40:00,0.737627876425717,0.22057597
2017-12-08 20:50:00,0.7049268232487607,0.13555703
2017-12-08 21:00:00,0.6403632067807725,0.041270435
2017-12-08 21:10:00,0.564899238334955,-0.070960104
2017-12-08 21:20:00,0.5380676047116092,-0.020542383
2017-12-08 21:30:00,0.46428061465937526,-0.015504003
2017-12-08 21:40:00,0.44751084312793515,-0.01643604
2017-12-08 21:50:00,0.41480978995097867,-0.03417778
2017-12-08 22:00:00,0.35863105855957766,-0.06649423
2017-12-08 22:10:00,0.30412930418349327,-0.22686535
2017-12-08 22:20:00,0.2026721920002547,-0.4866587
2017-12-08 22:30:00,0.1339161316157076,-0.5397832
2017-12-08 22:40:00,0.03748995047842187,-0.5175911
2017-12-08 22:50:00,-0.07067507114435263,-0.65699637
2017-12-08 23:00:00,-0.1612318327280272,-0.64721584
2017-12-08 23:10:00,-0.25933499088063106,-0.59724474
2017-12-08 23:20:00,-0.33731442484942453,-0.62288046
2017-12-08 23:30:00,-0.4438024680786154,-0.7324656
2017-12-08 23:40:00,-0.5938919150843267,-0.8466768
2017-12-08 23:50:00,-0.7037339137224179,-0.9354819
2017-12-09 00:00:00,-0.7867442787371641,-0.9733428
2017-12-09 00:10:00,-0.8404075446055893,-0.9752008
2017-12-09 00:20:00,-0.9234179096203351,-0.97553635
2017-12-09 00:30:00,-0.9988818780661527,-1.0100219
2017-12-09 00:40:00,-1.0693149140877525,-1.0699542
2017-12-09 00:50:00,-1.1263321353650777,-1.1395241
2017-12-09 01:00:00,-1.2001191254173122,-1.205832
2017-12-09 01:10:00,-1.265521231771225,-1.2874174
2017-12-09 01:20:00,-1.3116381010707214,-1.3314731
2017-12-09 01:30:00,-1.3074456585324274,-1.3854308
2017-12-09 01:40:00,-1.3619474129085112,-1.4127183
2017-12-09 01:50:00,-1.4432808009079399,-1.4338292
2017-12-09 02:00:00,-1.4617275480764322,-1.4418896
2017-12-09 02:10:00,-1.4919131357304123,-1.4659958
2017-12-09 02:20:00,-1.5522843096601073,-1.5010958
2017-12-09 02:30:00,-1.5782774547757932,-1.5260304
2017-12-09 02:40:00,-1.602593621497897,-1.5722928
2017-12-09 02:50:00,-1.626909789598266,-1.6179833
2017-12-09 03:00:00,-1.6017551329902384,-1.6557655
2017-12-09 03:10:00,-1.6235558355676307,-1.695324
2017-12-09 03:20:00,-1.6118169964604085,-1.7382886
2017-12-09 03:30:00,-1.6327792091518771,-1.7533145
2017-12-09 03:40:00,-1.6537414232216108,-1.7730339
2017-12-09 03:50:00,-1.6621263082981983,-1.8013926
2017-12-09 04:00:00,-1.657095377252246,-1.7183456
2017-12-09 04:10:00,-1.6679957278518096,-1.8849242
2017-12-09 04:20:00,-1.6554184002369285,-2.1965036
2017-12-09 04:30:00,-1.6587723542675636,-1.9857717
2017-12-09 04:40:00,-1.6445180482590995,-1.8285294
2017-12-09 04:50:00,-1.6118169964604085,-1.967835
2017-12-09 05:00:00,-1.6285867666135831,-1.731823
2017-12-09 05:10:00,-1.620201881536996,-1.6249342
2017-12-09 05:20:00,-1.6017551329902384,-1.6236665
2017-12-09 05:30:00,-1.5807929202987696,-1.5912385
2017-12-09 05:40:00,-1.4491502204615512,-1.640234
2017-12-09 05:50:00,-1.4047103281773723,-1.2517982
2017-12-09 06:00:00,-1.4499887089692098,-1.2623858
2017-12-09 06:10:00,-1.4416038238926223,-1.2679532
2017-12-09 06:20:00,-1.421480098330547,-1.2577597
2017-12-09 06:30:00,-1.4550196400151623,-1.2373469
2017-12-09 06:40:00,-1.542222447568202,-1.231705
2017-12-09 06:50:00,-1.6688342163594683,-1.2393811
2017-12-09 07:00:00,-1.7216589937202347,-1.2158201
2017-12-09 07:10:00,-1.7040507350594007,-1.2095217
2017-12-09 07:20:00,-1.6696727048671272,-1.1738775
2017-12-09 07:30:00,-1.6436795597514406,-1.1457825
2017-12-09 07:40:00,-1.6503874678127106,-1.1351445
2017-12-09 07:50:00,-1.6076245525438495,-1.1515288
2017-12-09 08:00:00,-1.5111983714065633,-1.1298031
2017-12-09 08:10:00,-1.4843667391614834,-1.1117394
2017-12-09 08:20:00,-1.3963254431007848,-1.0764494
2017-12-09 08:30:00,-1.3242154286856025,-1.0513959
2017-12-09 08:40:00,-1.2529439027780784,-1.0517621
2017-12-09 08:50:00,-1.2126964544104588,-1.0412841
2017-12-09 09:00:00,-1.0793767761796575,-0.9901087
2017-12-09 09:10:00,-0.9376722142505338,-0.9631243
2017-12-09 09:20:00,-0.8756240633055217,-0.92707443
2017-12-09 09:30:00,-0.8194453319141206,-0.8947929
2017-12-09 09:40:00,-0.7515277600372318,-0.7665973
2017-12-09 09:50:00,-0.6961875171534891,-0.7113738
2017-12-09 10:00:00,-0.6743868145760966,-0.68553376
2017-12-09 10:10:00,-0.6123386636310845,-0.67807055
2017-12-09 10:20:00,-0.5528059782090482,-0.6577079
2017-12-09 10:30:00,-0.4697956131943019,-0.6619563
2017-12-09 10:40:00,-0.3909776907178496,-0.6756637
2017-12-09 10:50:00,-0.3574381490332344,-0.67127585
2017-12-09 11:00:00,-0.3364759363417662,-0.6106601
2017-12-09 11:10:00,-0.3062903486877857,-0.54633415
2017-12-09 11:20:00,-0.29874395211885746,-0.4613036
2017-12-09 11:30:00,-0.2769432495414645,-0.4572214
2017-12-09 11:40:00,-0.23082638024196814,-0.4513479
2017-12-09 11:50:00,-0.2400497538262145,-0.42351353
2017-12-09 12:00:00,-0.18387102243481349,-0.34160256
2017-12-09 12:10:00,-0.2132181215811347,-0.29164732
2017-12-09 12:20:00,-0.16207032123568602,-0.25908965
2017-12-09 12:30:00,-0.12266135999745963,-0.1854546
2017-12-09 12:40:00,-0.06145169618184077,-0.12993014
2017-12-09 12:50:00,-0.064805650212476,-0.15401983
2017-12-09 13:00:00,-0.043843437521007333,-0.12930065
2017-12-09 13:10:00,-0.045520414536324945,-0.095256925
2017-12-09 13:20:00,-0.07654449069796378,-0.07775563
2017-12-09 13:30:00,-0.08576786428220964,-0.06272167
2017-12-09 13:40:00,-0.09750670338943193,-0.041669548
2017-12-09 13:50:00,-0.14362357268892828,-0.027618855
2017-12-09 14:00:00,-0.14446206119658708,-0.03154382
2017-12-09 14:10:00,-0.14446206119658708,-0.03541401
2017-12-09 14:20:00,-0.1763246258658847,-0.026845872
2017-12-09 14:30:00,-0.19309439601905934,0.0058178604
2017-12-09 14:40:00,-0.24424219774277353,0.049035996
2017-12-09 14:50:00,-0.22998789173430934,0.05383745
2017-12-09 15:00:00,-0.2257954491960158,0.05484295
2017-12-09 15:10:00,-0.21154114456581707,0.033248007
2017-12-09 15:20:00,-0.26939685297253574,0.00758639
2017-12-09 15:30:00,-0.29119755554992865,-0.01070106
2017-12-09 15:40:00,-0.31551372227203206,-0.024092793
2017-12-09 15:50:00,-0.28448964611039324,-0.070602834
2017-12-09 16:00:00,-0.29874395211885746,-0.047629833
2017-12-09 16:10:00,-0.28616662312571034,-0.054536104
2017-12-09 16:20:00,-0.266042898941901,-0.022831976
2017-12-09 16:30:00,-0.20651021351986473,0.028227836
2017-12-09 16:40:00,-0.11092252089023732,0.11089262
2017-12-09 16:50:00,-0.03378157542910266,0.20276748
2017-12-09 17:00:00,0.04671332406266774,0.2909549
2017-12-09 17:10:00,0.2546584808533627,0.38100946
2017-12-09 17:20:00,0.5976002915119114,0.42717707
2017-12-09 17:30:00,0.8323770805476852,0.47864124
2017-12-09 17:40:00,0.919579888100726,0.53921795
2017-12-09 17:50:00,0.8893943004467451,0.5856502
2017-12-09 18:00:00,0.9053255834705274,0.6782733
2017-12-09 18:10:00,0.8835248808931344,0.7476052
2017-12-09 18:20:00,0.8835248808931344,0.75497186
2017-12-09 18:30:00,0.8927482544773803,0.7556311
2017-12-09 18:40:00,0.885201857908452,0.7239672
2017-12-09 18:50:00,0.8483083621932015,0.69511485
2017-12-09 19:00:00,0.8231537069634394,0.6883958
2017-12-09 19:10:00,0.8650781337246416,0.69652975
2017-12-09 19:20:00,0.8139303320009275,0.68127584
2017-12-09 19:30:00,0.8382465001012969,0.64766914
2017-12-09 19:40:00,0.7996760273707297,0.58777833
2017-12-09 19:50:00,0.7627825316554793,0.57222575
2017-12-09 20:00:00,0.7644595086707969,0.5099523
2017-12-09 20:10:00,0.751043692548257,0.459524
2017-12-09 20:20:00,0.7242120589249121,0.41758025
2017-12-09 20:30:00,0.7141501968330065,0.38561
2017-12-09 20:40:00,0.7284045028414712,0.35722786
2017-12-09 20:50:00,0.6504250688726773,0.26410472
2017-12-09 21:00:00,0.6177240156957208,0.094362676
2017-12-09 21:10:00,0.5875384280417407,-0.020862043
2017-12-09 21:20:00,0.5489679553111727,0.100851595
2017-12-09 21:30:00,0.5070435285499704,0.1462174
2017-12-09 21:40:00,0.47769643078191515,0.09992474
2017-12-09 21:50:00,0.4584111937274986,0.04340279
2017-12-09 22:00:00,0.40642490487439065,0.0032245517
2017-12-09 22:10:00,0.34102279989874373,-0.19872487
2017-12-09 22:20:00,0.25130452682272747,-0.42377996
2017-12-09 22:30:00,0.19177184002242623,-0.4286161
2017-12-09 22:40:00,0.10373054396172757,-0.49782902
2017-12-09 22:50:00,0.03413599644778664,-0.6753516
2017-12-09 23:00:00,-0.10421461145070189,-0.67051244
2017-12-09 23:10:00,-0.1998023054585948,-0.65599823
2017-12-09 23:20:00,-0.29287453256524576,-0.7178631
2017-12-09 23:30:00,-0.40607048385570665,-0.7676858
2017-12-09 23:40:00,-0.4957887569317229,-0.8475187
2017-12-09 23:50:00,-0.597245870493227,-0.94149816
2017-12-10 00:00:00,-0.7196651953679342,-0.9931066
2017-12-10 00:10:00,-0.7582356680985017,-1.0205303
2017-12-10 00:20:00,-0.8404075446055893,-1.0738364
2017-12-10 00:30:00,-0.9183869785743828,-1.1251563
2017-12-10 00:40:00,-0.9871430375806649,-1.147101
2017-12-10 00:50:00,-1.0533836324422365,-1.2149051
2017-12-10 01:00:00,-1.1363939974569828,-1.280928
2017-12-10 01:10:00,-1.2017961024326298,-1.3212008
2017-12-10 01:20:00,-1.2185658739640703,-1.3599684
2017-12-10 01:30:00,-1.2537823912857373,-1.3805004
2017-12-10 01:40:00,-1.302414727486475,-1.3931044
2017-12-10 01:50:00,-1.3166690321166736,-1.421886
2017-12-10 02:00:00,-1.352724039324265,-1.4317248
2017-12-10 02:10:00,-1.4298649834071346,-1.4776419
2017-12-10 02:20:00,-1.4432808009079399,-1.5353855
2017-12-10 02:30:00,-1.4608890595687734,-1.5821986
2017-12-10 02:40:00,-1.4793358081155312,-1.630296
2017-12-10 02:50:00,-1.4977825552840234,-1.6591139
2017-12-10 03:00:00,-1.5388684935375674,-1.694366
2017-12-10 03:10:00,-1.5631846602596708,-1.7377205
2017-12-10 03:20:00,-1.6193633930293372,-1.7618203
2017-12-10 03:30:00,-1.6596108427752225,-1.783901
2017-12-10 03:40:00,-1.683088520989667,-1.8063793
2017-12-10 03:50:00,-1.677219101436056,-1.810349
2017-12-10 04:00:00,-1.6738651474054207,-1.7130995
2017-12-10 04:10:00,-1.6478720022897342,-1.8762395
2017-12-10 04:20:00,-1.6554184002369285,-2.104844
2017-12-10 04:30:00,-1.6118169964604085,-1.9543662
2017-12-10 04:40:00,-1.6042705985132142,-1.729703
2017-12-10 04:50:00,-1.598401178959603,-1.8908353
2017-12-10 05:00:00,-1.6218788585523136,-1.6711218
2017-12-10 05:10:00,-1.6084630410515084,-1.5379055
2017-12-10 05:20:00,-1.6093015295591666,-1.5825305
2017-12-10 05:30:00,-1.584146874329405,-1.5296867
2017-12-10 05:40:00,-1.4885591816997774,-1.4197116
2017-12-10 05:50:00,-1.4642430135994087,-1.1599846
2017-12-10 06:00:00,-1.499459532299341,-1.1660283
2017-12-10 06:10:00,-1.5011365093146587,-1.1915212
2017-12-10 06:20:00,-1.4919131357304123,-1.1932769
2017-12-10 06:30:00,-1.5070059288682698,-1.1790622
2017-12-10 06:40:00,-1.626909789598266,-1.1776631
2017-12-10 06:50:00,-1.806346335750298,-1.171407
2017-12-10 07:00:00,-1.962305203687886,-1.1526452
2017-12-10 07:10:00,-1.9924907899636006,-1.1390883
2017-12-10 07:20:00,-2.034415216724803,-1.1435477
2017-12-10 07:30:00,-2.0168069580639694,-1.1533772
2017-12-10 07:40:00,-1.9950062554865764,-1.153156
2017-12-10 07:50:00,-1.9757210198104254,-1.1559217
2017-12-10 08:00:00,-1.934635081556882,-1.1272012
2017-12-10 08:10:00,-1.8801333271807985,-1.0948193
2017-12-10 08:20:00,-1.7962844736583934,-1.0672195
2017-12-10 08:30:00,-1.756875512420167,-0.9901185
2017-12-10 08:40:00,-1.6814115439743493,-0.94074893
2017-12-10 08:50:00,-1.627748278105925,-0.9278445
2017-12-10 09:00:00,-1.512036859914222,-0.92583203
2017-12-10 09:10:00,-1.4457962664309159,-0.9132507
2017-12-10 09:20:00,-1.3342772907775071,-0.8935822
2017-12-10 09:30:00,-1.2152119199334352,-0.8669641
2017-12-10 09:40:00,-1.1498098135795223,-0.7751328
2017-12-10 09:50:00,-1.0324214183725025,-0.7260388
2017-12-10 10:00:00,-0.9200639555897003,-0.6952268
2017-12-10 10:10:00,-0.8186068434064618,-0.6594361
2017-12-10 10:20:00,-0.7355964783917155,-0.6338699
2017-12-10 10:30:00,-0.6810947226373666,-0.6168312
2017-12-10 10:40:00,-0.6349778533378703,-0.6501144
2017-12-10 10:50:00,-0.5930534265766679,-0.68619895
2017-12-10 11:00:00,-0.49243480290108815,-0.6829064
2017-12-10 11:10:00,-0.45889526121647295,-0.66151047
2017-12-10 11:20:00,-0.40774746087102426,-0.7227206
2017-12-10 11:30:00,-0.3675000111251395,-0.74744034
2017-12-10 11:40:00,-0.3691769881404567,-0.7284783
2017-12-10 11:50:00,-0.3658230341098219,-0.6776583
2017-12-10 12:00:00,-0.3993625757944372,-0.5964434
2017-12-10 12:10:00,-0.4002010643020955,-0.5197731
2017-12-10 12:20:00,-0.4127783919169766,-0.39567673
2017-12-10 12:30:00,-0.4765035212555719,-0.35552812
2017-12-10 12:40:00,-0.5284898101086793,-0.38267946
2017-12-10 12:50:00,-0.5066891075312864,-0.31991184
2017-12-10 13:00:00,-0.48908084887045294,-0.23670638
2017-12-10 13:10:00,-0.5050121305159693,-0.1906169
2017-12-10 13:20:00,-0.5343592296622904,-0.1652568
2017-12-10 13:30:00,-0.5142355054784806,-0.13206333
2017-12-10 13:40:00,-0.5175894595091158,-0.101724625
2017-12-10 13:50:00,-0.4983042224546993,-0.07106125
2017-12-10 14:00:00,-0.47734200976323066,-0.023069292
2017-12-10 14:10:00,-0.4689571246866436,0.0204297
2017-12-10 14:20:00,-0.4555413071858382,0.05354345
2017-12-10 14:30:00,-0.5033351535006516,0.07473269
2017-12-10 14:40:00,-0.579637610454128,0.08101666
2017-12-10 14:50:00,-0.6089847096004493,0.06369603
2017-12-10 15:00:00,-0.6333008763225526,0.07346195
2017-12-10 15:10:00,-0.6735483260684378,0.089239955
2017-12-10 15:20:00,-0.6383318073685055,0.10971987
2017-12-10 15:30:00,-0.6517476248693108,0.117529094
2017-12-10 15:40:00,-0.6819332111450254,0.104186386
2017-12-10 15:50:00,-0.7129572873066642,0.07039258
2017-12-10 16:00:00,-0.7104418217836878,0.025939614
2017-12-10 16:10:00,-0.731404035853422,-0.034918875
2017-12-10 16:20:00,-0.7171497298449577,-0.09256029
2017-12-10 16:30:00,-0.7012184481994419,-0.14263308
2017-12-10 16:40:00,-0.629946922291918,-0.16513419
2017-12-10 16:50:00,-0.5159124824937983,-0.1321171
2017-12-10 17:00:00,-0.4220017668794884,-0.089505315
2017-12-10 17:10:00,-0.2274724262113334,-0.018179715
2017-12-10 17:20:00,0.18170997793052154,0.072840065
2017-12-10 17:30:00,0.4550572396968634,0.1890608
2017-12-10 17:40:00,0.5590298187813434,0.33231068
2017-12-10 17:50:00,0.5967618030042526,0.4367555
2017-12-10 18:00:00,0.6051466880808397,0.5192176
2017-12-10 18:10:00,0.5892154050570584,0.6305429
2017-12-10 18:20:00,0.5623837728119786,0.69489884
2017-12-10 18:30:00,0.595084824610669,0.6957979
2017-12-10 18:40:00,0.5892154050570584,0.6746341
2017-12-10 18:50:00,0.6244319237569902,0.60636044
2017-12-10 19:00:00,0.6370092513718714,0.55151916
2017-12-10 19:10:00,0.68144914365605,0.49405617
2017-12-10 19:20:00,0.6739027470871218,0.49159482
2017-12-10 19:30:00,0.6739027470871218,0.5222099
2017-12-10 19:40:00,0.6537790229033125,0.55340266
2017-12-10 19:50:00,0.6915110071262207,0.5462978
2017-12-10 20:00:00,0.7225350819095946,0.5202527
2017-12-10 20:10:00,0.6898340301109032,0.47611564
2017-12-10 20:20:00,0.6261089007723079,0.42274696
2017-12-10 20:30:00,0.6160470386804032,0.3669675
2017-12-10 20:40:00,0.6110161076344514,0.33149475
2017-12-10 20:50:00,0.5598683072890022,0.2590217
2017-12-10 21:00:00,0.5288442311273633,0.15254462
2017-12-10 21:10:00,0.5137514379895058,0.043315172
2017-12-10 21:20:00,0.4718270112283035,-0.03964919
2017-12-10 21:30:00,0.44751084312793515,-0.14745778
2017-12-10 21:40:00,0.374562340205093,-0.13644707
2017-12-10 21:50:00,0.33263791482215666,-0.13678974
2017-12-10 22:00:00,0.28652104414439433,-0.1934979
2017-12-10 22:10:00,0.2269883587223591,-0.3424998
2017-12-10 22:20:00,0.13810857415400163,-0.66065574
2017-12-10 22:30:00,0.04419785853969132,-0.62118196
2017-12-10 22:40:00,-0.06815960562137621,-0.6679269
2017-12-10 22:50:00,-0.1746476488505671,-0.8647065
2017-12-10 23:00:00,-0.2400497538262145,-0.7278547
2017-12-10 23:10:00,-0.3398298903724009,-0.6113138
2017-12-10 23:20:00,-0.4136168804246354,-0.63230944
2017-12-10 23:30:00,-0.5201049250320918,-0.6874602
2017-12-10 23:40:00,-0.6400087857620881,-0.7659867
2017-12-10 23:50:00,-0.702895425214759,-0.8320894
2017-12-11 00:00:00,-0.7758439281376007,-0.8597033
2017-12-11 00:10:00,-0.8915553449510375,-0.9010737
2017-12-11 00:20:00,-0.9879815260883237,-0.96164703
2017-12-11 00:30:00,-1.0558990979652125,-1.0181786
2017-12-11 00:40:00,-1.1154317833872487,-1.0725508
2017-12-11 00:50:00,-1.1758029586952088,-1.1558712
2017-12-11 01:00:00,-1.2194043624717288,-1.2270374
2017-12-11 01:10:00,-1.2579748352022964,-1.2760607
2017-12-11 01:20:00,-1.2864834444626938,-1.3330867
2017-12-11 01:30:00,-1.3577549703702172,-1.3822025
2017-12-11 01:40:00,-1.3678168324621225,-1.4283934
2017-12-11 01:50:00,-1.4013563741467376,-1.4725313
2017-12-11 02:00:00,-1.4248340523611822,-1.4946264
2017-12-11 02:10:00,-1.4818512736385077,-1.5201021
2017-12-11 02:20:00,-1.5019749978223174,-1.558351
2017-12-11 02:30:00,-1.5036519748376345,-1.6235468
2017-12-11 02:40:00,-1.3686553209697812,-1.6964588
2017-12-11 02:50:00,-1.3552395048472412,-1.7799819
2017-12-11 03:00:00,-1.365301366939146,-1.8012669
2017-12-11 03:10:00,-1.393809977577809,-1.817308
2017-12-11 03:20:00,-1.3871020681382735,-1.8148537
2017-12-11 03:30:00,-1.4281880063918169,-1.8192339
2017-12-11 03:40:00,-1.5028134863299758,-1.8168981
2017-12-11 03:50:00,-1.4944286012533887,-1.8089426
2017-12-11 04:00:00,-1.4717894101683369,-1.7076325
2017-12-11 04:10:00,-1.4474732434462334,-1.9139829
2017-12-11 04:20:00,-1.3921330005624912,-2.1276078
2017-12-11 04:30:00,-1.4784973196078723,-1.988719
2017-12-11 04:40:00,-1.5388684935375674,-1.7339404
2017-12-11 04:50:00,-1.5564767521984009,-1.8871036
2017-12-11 05:00:00,-1.5380300050299085,-1.6618669
2017-12-11 05:10:00,-1.5657001271609121,-1.5150596
2017-12-11 05:20:00,-1.5673771041762299,-1.5853031
2017-12-11 05:30:00,-1.5380300050299085,-1.5517561
2017-12-11 05:40:00,-1.4399268468773048,-1.5051612
2017-12-11 05:50:00,-1.382071137092321,-1.1634586
2017-12-11 06:00:00,-1.3728477635080747,-1.1686263
2017-12-11 06:10:00,-1.4164491672845947,-1.1657076
2017-12-11 06:20:00,-1.3334388022698485,-1.1453966
2017-12-11 06:30:00,-1.31247658957838,-1.1428711
2017-12-11 06:40:00,-1.4055488166850312,-1.1674163
2017-12-11 06:50:00,-1.527129654430345,-1.1653984
2017-12-11 07:00:00,-1.4919131357304123,-1.1371818
2017-12-11 07:10:00,-1.2646827432635663,-1.1105034
2017-12-11 07:20:00,-1.244559017701491,-1.0665361
2017-12-11 07:30:00,-1.1867033092947727,-1.042345
2017-12-11 07:40:00,-1.194249705863701,-1.0423949
2017-12-11 07:50:00,-1.194249705863701,-1.033247
2017-12-11 08:00:00,-1.0424832818426726,-0.9835081
2017-12-11 08:10:00,-0.9200639555897003,-0.9267794
2017-12-11 08:20:00,-0.8462769641592004,-0.829746
2017-12-11 08:30:00,-0.7993216063520453,-0.7378566
2017-12-11 08:40:00,-0.7557202025755253,-0.69958127
2017-12-11 08:50:00,-0.6525861133769691,-0.6890669
2017-12-11 09:00:00,-0.5351977181699493,-0.6820651
2017-12-11 09:10:00,-0.6198850602000132,-0.7187202
2017-12-11 09:20:00,-0.72218066089091,-0.73319983
2017-12-11 09:30:00,-0.6643249524841914,-0.75333655
2017-12-11 09:40:00,-0.5922149380690092,-0.7239671
2017-12-11 09:50:00,-0.5695757483622234,-0.6817322
2017-12-11 10:00:00,-0.4815344523015247,-0.62814665
2017-12-11 10:10:00,-0.4270326979254408,-0.6412189
2017-12-11 10:20:00,-0.3398298903724009,-0.6503124
2017-12-11 10:30:00,-0.2702353414801945,-0.5642618
2017-12-11 10:40:00,-0.23585731128792048,-0.48607123
2017-12-11 10:50:00,-0.19560986154203577,-0.56200385
2017-12-11 11:00:00,-0.12769229104341245,-0.36972737
2017-12-11 11:10:00,-0.09750670338943193,-0.22293353
2017-12-11 11:20:00,-0.02204273632188037,-0.13315213
2017-12-11 11:30:00,0.04922878958564416,-0.08515394
2017-12-11 11:40:00,0.05342123212393719,-0.042179406
2017-12-11 11:50:00,0.09031472783918766,-0.0450525
2017-12-11 12:00:00,0.1339161316157076,-0.025625646
2017-12-11 12:10:00,0.16074776523905238,0.018041342
2017-12-11 12:20:00,0.15907078822373477,0.06507385
2017-12-11 12:30:00,0.1481704362459063,0.14137101
2017-12-11 12:40:00,0.19596428256071927,0.21311407
2017-12-11 12:50:00,0.15571683419310056,0.2127151
2017-12-11 13:00:00,0.13223915460038999,0.3015011
2017-12-11 13:10:00,0.09115321634684648,0.31030798
2017-12-11 13:20:00,0.029105065401833805,0.2661264
2017-12-11 13:30:00,-0.00024203374448741017,0.2308215
2017-12-11 13:40:00,-0.025396690352514593,0.19962096
2017-12-11 13:50:00,-0.03462006393676097,0.16667551
2017-12-11 14:00:00,-0.046358903043983754,0.16570461
2017-12-11 14:10:00,-0.07402902517498736,0.1549868
2017-12-11 14:20:00,-0.12349984850511843,0.15618676
2017-12-11 14:30:00,-0.17884009138886114,0.15967348
2017-12-11 14:40:00,-0.19309439601905934,0.15706533
2017-12-11 14:50:00,-0.2148950985964523,0.10648772
2017-12-11 15:00:00,-0.20986416755049997,-0.0015022755
2017-12-11 15:10:00,-0.16290880974334482,0.022747338
2017-12-11 15:20:00,-0.14781601522722182,0.09630144
2017-12-11 15:30:00,-0.14110810716595237,0.13222045
2017-12-11 15:40:00,-0.17884009138886114,0.15397161
2017-12-11 15:50:00,-0.20902567904284117,0.20513517
2017-12-11 16:00:00,-0.26101196789594866,0.22678423
2017-12-11 16:10:00,-0.2769432495414645,0.2528177
2017-12-11 16:20:00,-0.2425652207274559,0.2391678
2017-12-11 16:30:00,-0.3054518601801269,0.24314469
2017-12-11 16:40:00,-0.3616305915715284,0.31178144
2017-12-11 16:50:00,-0.3197061648103256,0.3199946
2017-12-11 17:00:00,-0.20651021351986473,0.311028
2017-12-11 17:10:00,0.07438344619367135,0.38395905
2017-12-11 17:20:00,0.4340950270053952,0.39014673
2017-12-11 17:30:00,0.7560746235942098,0.50761986
2017-12-11 17:40:00,0.859208712792765,0.61321217
2017-12-11 17:50:00,0.8432774311472496,0.68959856
2017-12-11 18:00:00,0.8751399958165473,0.7611009
2017-12-11 18:10:00,0.8701090647705945,0.8137318
2017-12-11 18:20:00,0.8734630188012297,0.85524374
2017-12-11 18:30:00,0.8525008047314956,0.8955071
2017-12-11 18:40:00,0.8583702242851062,0.90756834
2017-12-11 18:50:00,0.7946450963247769,0.8824356
2017-12-11 19:00:00,0.7845832342328722,0.8645902
2017-12-11 19:10:00,0.8541777817468131,0.7793887
2017-12-11 19:20:00,0.9531194297853403,0.8039129
2017-12-11 19:30:00,0.9271262846696543,0.77183604
2017-12-11 19:40:00,0.8860403464161108,0.7610464
2017-12-11 19:50:00,0.8902327889544038,0.72310346
2017-12-11 20:00:00,0.8625626682016663,0.65296566
2017-12-11 20:10:00,0.9405421007921942,0.5802829
2017-12-11 20:20:00,0.9128719800394556,0.5339995
2017-12-11 20:30:00,0.8919097659697215,0.4847032
2017-12-11 20:40:00,0.8441159196549085,0.4114927
2017-12-11 20:50:00,0.8231537069634394,0.31867093
2017-12-11 21:00:00,0.7493667155329394,0.25868523
2017-12-11 21:10:00,0.7149886853406653,0.23644517
2017-12-11 21:20:00,0.6881570530955855,0.094956696
2017-12-11 21:30:00,0.616885527188062,0.011746258
2017-12-11 21:40:00,0.5254902770967281,-0.0093122125
2017-12-11 21:50:00,0.4953046894427481,-0.057845473
2017-12-11 22:00:00,0.404747927859073,-0.07486224
2017-12-11 22:10:00,0.36869292065148235,-0.2421413
2017-12-11 22:20:00,0.24878906129975104,-0.5033773
2017-12-11 22:30:00,0.15236287878419932,-0.5200292
2017-12-11 22:40:00,0.04252088152437371,-0.5349543
2017-12-11 22:50:00,-0.05558227662822962,-0.6742896
2017-12-11 23:00:00,-0.15200845776551583,-0.6562991
2017-12-11 23:10:00,-0.2509501058040435,-0.6018579
2017-12-11 23:20:00,-0.34402233291069445,-0.5489342
2017-12-11 23:30:00,-0.46392619364069076,-0.57633543
2017-12-11 23:40:00,-0.6014383130315205,-0.6233915
2017-12-11 23:50:00,-0.702895425214759,-0.67035866
2017-12-12 00:00:00,-0.7976446293367276,-0.71163535
2017-12-12 00:10:00,-0.8915553449510375,-0.7458031
2017-12-12 00:20:00,-0.9770811754887602,-0.791517
2017-12-12 00:30:00,-1.039129327812038,-0.84218895
2017-12-12 00:40:00,-1.10117747875705,-0.9287913
2017-12-12 00:50:00,-1.1623871411944033,-1.0237327
2017-12-12 01:00:00,-1.2059885449709238,-1.0940653
2017-12-12 01:10:00,-1.2319816900866098,-1.1221975
2017-12-12 01:20:00,-1.285644955955035,-1.1622012
2017-12-12 01:30:00,-1.329246359731555,-1.2347572
2017-12-12 01:40:00,-1.3686553209697812,-1.3248835
2017-12-12 01:50:00,-1.3988409086237612,-1.3915293
2017-12-12 02:00:00,-1.4298649834071346,-1.4513148
2017-12-12 02:10:00,-1.4449577779232576,-1.4668044
2017-12-12 02:20:00,-1.4600505710611147,-1.4588977
2017-12-12 02:30:00,-1.5086829058835869,-1.4311216
2017-12-12 02:40:00,-1.5170677909601744,-1.411068
2017-12-12 02:50:00,-1.5162293024525155,-1.4104491
2017-12-12 03:00:00,-1.5237757003997099,-1.4195492
2017-12-12 03:10:00,-1.5564767521984009,-1.4489663
2017-12-12 03:20:00,-1.566538615668571,-1.4635516
2017-12-12 03:30:00,-1.622717347059972,-1.4605435
2017-12-12 03:40:00,-1.640325605720806,-1.4706287
2017-12-12 03:50:00,-1.6612878197905396,-1.5089815
2017-12-12 04:00:00,-1.6688342163594683,-1.5381795
2017-12-12 04:10:00,-1.640325605720806,-1.7411294
2017-12-12 04:20:00,-1.639487117213147,-1.8718393
2017-12-12 04:30:00,-1.6260713010906072,-1.6785686
2017-12-12 04:40:00,-1.6009166444825795,-1.5966783
2017-12-12 04:50:00,-1.584146874329405,-1.6906309
2017-12-12 05:00:00,-1.566538615668571,-1.3964425
2017-12-12 05:10:00,-1.5606691947366944,-1.39865
2017-12-12 05:20:00,-1.555638263690742,-1.3078537
2017-12-12 05:30:00,-1.5397069820452263,-1.31116
2017-12-12 05:40:00,-1.465081502107067,-1.1971638
2017-12-12 05:50:00,-1.4005178856390788,-1.17329
2017-12-12 06:00:00,-1.4332189388160348,-1.1042135
2017-12-12 06:10:00,-1.395486954593126,-1.0628444
2017-12-12 06:20:00,-1.3661398554468047,-1.0045938
2017-12-12 06:30:00,-1.3493700852936301,-0.9644319
2017-12-12 06:40:00,-1.36949380947744,-0.9380832
2017-12-12 06:50:00,-1.4659199906147258,-0.9121319
2017-12-12 07:00:00,-1.4667584791223844,-0.86641693
2017-12-12 07:10:00,-1.4164491672845947,-0.84209347
2017-12-12 07:20:00,-1.4332189388160348,-0.819101
2017-12-12 07:30:00,-1.4072257937003487,-0.8040323
2017-12-12 07:40:00,-1.4634045250917498,-0.7876376
2017-12-12 07:50:00,-1.4684354561377022,-0.7800541
2017-12-12 08:00:00,-1.3485315967859715,-0.7460134
2017-12-12 08:10:00,-1.2512669257627609,-0.7242669
2017-12-12 08:20:00,-1.1984421484019951,-0.6966394
2017-12-12 08:30:00,-1.1799954012335028,-0.67287576
2017-12-12 08:40:00,-1.0835692200962166,-0.6424947
2017-12-12 08:50:00,-1.021521067772939,-0.6225287
2017-12-12 09:00:00,-0.9209024440973592,-0.5950029
2017-12-12 09:10:00,-0.7817133476912118,-0.5844327
2017-12-12 09:20:00,-0.6953490286458308,-0.54761136
2017-12-12 09:30:00,-0.6224005257229891,-0.50535464
2017-12-12 09:40:00,-0.6249159912459655,-0.4256485
2017-12-12 09:50:00,-0.5871840070230568,-0.34296215
2017-12-12 10:00:00,-0.5201049250320918,-0.31384933
2017-12-12 10:10:00,-0.42116327837182965,-0.27734172
2017-12-12 10:20:00,-0.3356374478341074,-0.18884134
2017-12-12 10:30:00,-0.28616662312571034,-0.108575225
2017-12-12 10:40:00,-0.24843464028106757,-0.0846349
2017-12-12 10:50:00,-0.24591917475809114,-0.11398685
2017-12-12 11:00:00,-0.18890195348076583,-0.11027706
2017-12-12 11:10:00,-0.16542427526632125,-0.07702261
2017-12-12 11:20:00,-0.1352386876123407,-0.035302997
2017-12-12 11:30:00,-0.09163728383582079,0.012457818
2017-12-12 11:40:00,-0.08996030682050368,0.023052871
2017-12-12 11:50:00,-0.012819361359368507,0.008954704
2017-12-12 12:00:00,-0.020365757928296764,0.057317168
2017-12-12 12:10:00,0.009819828347417266,0.12908953
2017-12-12 12:20:00,-0.0119808728517097,0.17045018
2017-12-12 12:30:00,-0.08157542174391612,0.19107556
2017-12-12 12:40:00,-0.07319053666732855,0.2113306
2017-12-12 12:50:00,-0.06396716170481719,0.20791826
2017-12-12 13:00:00,-0.11846891745916609,0.22993694
2017-12-12 13:10:00,-0.0933142608511384,0.28412265
2017-12-12 13:20:00,-0.0807369332362573,0.33673778
2017-12-12 13:30:00,-0.12853077955107126,0.37447798
2017-12-12 13:40:00,-0.15284694627317466,0.3664961
2017-12-12 13:50:00,-0.16290880974334482,0.36051744
2017-12-12 14:00:00,-0.1344001991046824,0.3674311
2017-12-12 14:10:00,-0.1344001991046824,0.38614637
2017-12-12 14:20:00,-0.1327232220893648,0.4087819
2017-12-12 14:30:00,-0.13691566462765833,0.41916323
2017-12-12 14:40:00,-0.3264140728715955,0.39820006
2017-12-12 14:50:00,-0.281135692079758,0.37322772
2017-12-12 15:00:00,-0.32222163033330203,0.35979173
2017-12-12 15:10:00,-0.32222163033330203,0.3452736
2017-12-12 15:20:00,-0.3297680269022308,0.33893332
2017-12-12 15:30:00,-0.32557558436393674,0.3366689
2017-12-12 15:40:00,-0.3809158286259444,0.32099774
2017-12-12 15:50:00,-0.3431838444030357,0.3213988
2017-12-12 16:00:00,-0.32725256137925435,0.3142529
2017-12-12 16:10:00,-0.2735892955108292,0.30691516
2017-12-12 16:20:00,-0.24088824233387332,0.28873014
2017-12-12 16:30:00,-0.2283109147189922,0.25779003
2017-12-12 16:40:00,-0.15200845776551583,0.23415586
2017-12-12 16:50:00,-0.0924757723434796,0.19946298
2017-12-12 17:00:00,0.02407413435588197,0.157262
2017-12-12 17:10:00,0.21357254259981917,0.1468119
2017-12-12 17:20:00,0.5757995889345184,0.15313107
2017-12-12 17:30:00,0.9547964068006579,0.16405153
2017-12-12 17:40:00,0.9916899011376424,0.25188792
2017-12-12 17:50:00,1.0109751381920589,0.34265625
2017-12-12 18:00:00,1.0118136266997177,0.40829355
2017-12-12 18:10:00,0.993366879531226,0.5359627
2017-12-12 18:20:00,0.9908514126299836,0.6349881
2017-12-12 18:30:00,0.9916899011376424,0.7126914
2017-12-12 18:40:00,0.9874974585993493,0.7137061
2017-12-12 18:50:00,0.9623428033695872,0.6941405
2017-12-12 19:00:00,0.9656967574002214,0.64389926
2017-12-12 19:10:00,0.9774355965074437,0.6088507
2017-12-12 19:20:00,0.9740816424768095,0.5717199
2017-12-12 19:30:00,0.8818479038778168,0.5460856
2017-12-12 19:40:00,0.8323770805476852,0.49031186
2017-12-12 19:50:00,0.7996760273707297,0.48378965
2017-12-12 20:00:00,0.7669749741937734,0.47763246
2017-12-12 20:10:00,0.8248306839787569,0.4605731
2017-12-12 20:20:00,0.8441159196549085,0.45558205
2017-12-12 20:30:00,0.8097378894626345,0.4301306
2017-12-12 20:40:00,0.8122533549856108,0.44371063
2017-12-12 20:50:00,0.7946450963247769,0.38494617
2017-12-12 21:00:00,0.7594285776248441,0.21676363
2017-12-12 21:10:00,0.7040883347411019,0.07327479
2017-12-12 21:20:00,0.6085006421114749,0.12079871
2017-12-12 21:30:00,0.530521208142681,0.21407324
2017-12-12 21:40:00,0.4273871189441248,0.20525084
2017-12-12 21:50:00,0.37540083009101777,0.16125932
2017-12-12 22:00:00,0.3091602352294461,0.131212
2017-12-12 22:10:00,0.23788870932192258,0.038758755
2017-12-12 22:20:00,0.15236287878419932,-0.22797376
2017-12-12 22:30:00,0.026589599878857385,-0.3075294
2017-12-12 22:40:00,-0.07151355965201144,-0.26444113
2017-12-12 22:50:00,-0.19141741900374223,-0.33564222
2017-12-12 23:00:00,-0.2920360440575875,-0.31265235
2017-12-12 23:10:00,-0.3792388516106273,-0.22622663
2017-12-12 23:20:00,-0.48740387185513584,-0.22623861
2017-12-12 23:30:00,-0.6265929682612826,-0.3328479
2017-12-12 23:40:00,-0.7188267068602754,-0.46019197
2017-12-12 23:50:00,-0.7859057902295054,-0.61258864
2017-12-13 00:00:00,-0.8638852241982994,-0.6857281
2017-12-13 00:10:00,-0.9485725662283627,-0.6961374
2017-12-13 00:20:00,-1.0089437401580579,-0.69846463
2017-12-13 00:30:00,-1.0793767761796575,-0.7178235
2017-12-13 00:40:00,-1.1204627144332011,-0.7368623
2017-12-13 00:50:00,-1.1799954012335028,-0.76614606
2017-12-13 01:00:00,-1.2428820406861738,-0.8048123
2017-12-13 01:10:00,-1.291514375508646,-0.86676776
2017-12-13 01:20:00,-1.340985198838777,-0.9913871
2017-12-13 01:30:00,-1.3745247405233925,-1.108552
2017-12-13 01:40:00,-1.4608890595687734,-1.2472907
2017-12-13 01:50:00,-1.4919131357304123,-1.3862374
2017-12-13 02:00:00,-1.5128753484218809,-1.4168553
2017-12-13 02:10:00,-1.5506073326447896,-1.4378493
2017-12-13 02:20:00,-1.590016293883016,-1.4612391
2017-12-13 02:30:00,-1.6118169964604085,-1.5074964
2017-12-13 02:40:00,-1.6151709504910436,-1.5450926
2017-12-13 02:50:00,-1.6260713010906072,-1.5745647
2017-12-13 03:00:00,-1.6352946746748531,-1.6093311
2017-12-13 03:10:00,-1.6847654980049847,-1.6395454
2017-12-13 03:20:00,-1.689796429050937,-1.6664746
2017-12-13 03:30:00,-1.7082431775976947,-1.6946013
2017-12-13 03:40:00,-1.7006967810287659,-1.708138
2017-12-13 03:50:00,-1.696504337112207,-1.7131958
2017-12-13 04:00:00,-1.6931503830815717,-1.569252
2017-12-13 04:10:00,-1.6956658486045482,-1.75295
2017-12-13 04:20:00,-1.7099201546130123,-1.8326843
2017-12-13 04:30:00,-1.7074046890900358,-1.6982846
2017-12-13 04:40:00,-1.689796429050937,-1.4896821
2017-12-13 04:50:00,-1.6805730554666907,-1.5915408
2017-12-13 05:00:00,-1.6713496818824447,-1.3921808
2017-12-13 05:10:00,-1.647033513782076,-1.4965334
2017-12-13 05:20:00,-1.6478720022897342,-1.4260507
2017-12-13 05:30:00,-1.626909789598266,-1.3700727
2017-12-13 05:40:00,-1.5170677909601744,-1.2521739
2017-12-13 05:50:00,-1.4223185868382058,-1.1170368
2017-12-13 06:00:00,-1.4273495178841582,-1.026494
2017-12-13 06:10:00,-1.3854250911229558,-0.9820001
2017-12-13 06:20:00,-1.3476931082783126,-0.93490005
2017-12-13 06:30:00,-1.3300848482392136,-0.89322186
2017-12-13 06:40:00,-1.3594319473855347,-0.85219526
2017-12-13 06:50:00,-1.4600505710611147,-0.8287256
2017-12-13 07:00:00,-1.4634045250917498,-0.80142856
2017-12-13 07:10:00,-1.382071137092321,-0.8021151
2017-12-13 07:20:00,-1.3711707864927571,-0.8087714
2017-12-13 07:30:00,-1.3829096255999793,-0.8269305
2017-12-13 07:40:00,-1.3795556715693447,-0.83853185
2017-12-13 07:50:00,-1.3988409086237612,-0.8418238
2017-12-13 08:00:00,-1.2889989099856696,-0.80745673
2017-12-13 08:10:00,-1.2294662245636339,-0.786623
2017-12-13 08:20:00,-1.1665795837326973,-0.7751293
2017-12-13 08:30:00,-1.1221396914485187,-0.7579856
2017-12-13 08:40:00,-0.9963664125431767,-0.7254256
2017-12-13 08:50:00,-0.9359952372352162,-0.7013242
2017-12-13 09:00:00,-0.9032941840582602,-0.67206347
2017-12-13 09:10:00,-0.813575910982244,-0.6566329
2017-12-13 09:20:00,-0.7641050876521129,-0.6342294
2017-12-13 09:30:00,-0.690318097599878,-0.5905057
2017-12-13 09:40:00,-0.616531106169378,-0.49821347
2017-12-13 09:50:00,-0.6265929682612826,-0.40325212
2017-12-13 10:00:00,-0.5276513216010206,-0.34915066
2017-12-13 10:10:00,-0.46392619364069076,-0.28897196
2017-12-13 10:20:00,-0.3574381490332344,-0.20012134
2017-12-13 10:30:00,-0.3113212797337385,-0.087705255
2017-12-13 10:40:00,-0.29119755554992865,-0.027111828
2017-12-13 10:50:00,-0.2257954491960158,-0.02884069
2017-12-13 11:00:00,-0.22160300665772226,0.008278161
2017-12-13 11:10:00,-0.224956960688357,0.06006992
2017-12-13 11:20:00,-0.15620090168207487,0.10628763
2017-12-13 11:30:00,-0.10673007697367831,0.12316334
2017-12-13 11:40:00,-0.07738297920562258,0.13062507
2017-12-13 11:50:00,-0.0924757723434796,0.110743016
2017-12-13 12:00:00,-0.0790599562209397,0.16883895
2017-12-13 12:10:00,-0.06899809412903501,0.21989882
2017-12-13 12:20:00,-0.043843437521007333,0.25022483
2017-12-13 12:30:00,-0.08409088726689254,0.26390985
2017-12-13 12:40:00,-0.08744484129752726,0.29385152
2017-12-13 12:50:00,-0.0782214677132814,0.29249257
2017-12-13 13:00:00,-0.09582972637411483,0.29176655
2017-12-13 13:10:00,-0.11176100939789614,0.2987884
2017-12-13 13:20:00,-0.09834519189709075,0.30186123
2017-12-13 13:30:00,-0.15116996925785703,0.30276984
2017-12-13 13:40:00,-0.10002216891240835,0.3091379
2017-12-13 13:50:00,-0.15536241317441607,0.29509777
2017-12-13 14:00:00,-0.1729706718352495,0.29570863
2017-12-13 14:10:00,-0.2543040598346787,0.29418
2017-12-13 14:20:00,-0.1746476488505671,0.30520606
2017-12-13 14:30:00,-0.21070265605815877,0.27132377
2017-12-13 14:40:00,-0.2006407939662536,0.23739336
2017-12-13 14:50:00,-0.2140566100887935,0.21776377
2017-12-13 15:00:00,-0.2652044104342422,0.21020815
2017-12-13 15:10:00,-0.27610476103380566,0.2041036
2017-12-13 15:20:00,-0.23837277681089689,0.21232101
2017-12-13 15:30:00,-0.2668813874495598,0.2487429
2017-12-13 15:40:00,-0.28532813461805207,0.30071267
2017-12-13 15:50:00,-0.30125941764183334,0.2912694
2017-12-13 16:00:00,-0.32389860734861964,0.28456786
2017-12-13 16:10:00,-0.29958244062651573,0.27822214
2017-12-13 16:20:00,-0.27275080700317095,0.26036242
2017-12-13 16:30:00,-0.23082638024196814,0.23519745
2017-12-13 16:40:00,-0.16207032123568602,0.22632113
2017-12-13 16:50:00,-0.0933142608511384,0.22250363
2017-12-13 17:00:00,-0.032943086921443855,0.22494663
2017-12-13 17:10:00,0.21105707707684276,0.24967821
2017-12-13 17:20:00,0.5288442311273633,0.32192242
2017-12-13 17:30:00,0.8961022085080155,0.4761703
2017-12-13 17:40:00,1.045353168384333,0.58274096
2017-12-13 17:50:00,1.0738617776447303,0.6438108
2017-12-13 18:00:00,1.0445146798766742,0.7366143
2017-12-13 18:10:00,1.0386452603230636,0.7532431
2017-12-13 18:20:00,1.0361297934218212,0.7703322
2017-12-13 18:30:00,0.9690507114308566,0.7979594
2017-12-13 18:40:00,0.9707276884461742,0.81908756
2017-12-13 18:50:00,0.9765971079997858,0.7768697
2017-12-13 19:00:00,0.9967208335618603,0.72612834
2017-12-13 19:10:00,1.0084596726690835,0.7065069
2017-12-13 19:20:00,0.9992362990848367,0.7270833
2017-12-13 19:30:00,0.9908514126299836,0.78218913
2017-12-13 19:40:00,0.9522809412776815,0.7984622
2017-12-13 19:50:00,0.9514424527700237,0.7917618
2017-12-13 20:00:00,0.9254493076543366,0.68626374
2017-12-13 20:10:00,0.9422190778075118,0.603937
2017-12-13 20:20:00,0.9472500088534637,0.5049618
2017-12-13 20:30:00,0.9321572157156072,0.42386684
2017-12-13 20:40:00,0.8868788349237696,0.37374204
2017-12-13 20:50:00,0.8533392932391544,0.3351495
2017-12-13 21:00:00,0.8063839354319992,0.23875107
2017-12-13 21:10:00,0.7401433419486935,0.12347841
2017-12-13 21:20:00,0.6655178620105348,0.016372383
2017-12-13 21:30:00,0.6235934352493324,0.117780566
2017-12-13 21:40:00,0.5221363230660939,0.1434195
2017-12-13 21:50:00,0.46511910316703403,0.07759777
2017-12-13 22:00:00,0.42654863043646596,0.0024949908
2017-12-13 22:10:00,0.32676849389028,-0.112954974
2017-12-13 22:20:00,0.2420811518602156,-0.39576852
2017-12-13 22:30:00,0.14565497072292988,-0.42313427
2017-12-13 22:40:00,0.02407413435588197,-0.45885175
2017-12-13 22:50:00,-0.10924554249665473,-0.6029508
2017-12-13 23:00:00,-0.23166486874962694,-0.56894505
2017-12-13 23:10:00,-0.3197061648103256,-0.5006697
2017-12-13 23:20:00,-0.41948630135651205,-0.4853059
2017-12-13 23:30:00,-0.5511290011937306,-0.5235007
2017-12-13 23:40:00,-0.6609709984535568,-0.60425377
2017-12-13 23:50:00,-0.7473353174989378,-0.6896932
2017-12-14 00:00:00,-0.8295071940060252,-0.75362325
2017-12-14 00:10:00,-0.9192254670820416,-0.81643367
2017-12-14 00:20:00,-0.9577959398126091,-0.87633514
2017-12-14 00:30:00,-1.0483527013962841,-0.91337955
2017-12-14 00:40:00,-1.1036929442800265,-0.95905876
2017-12-14 00:50:00,-1.1431019055182527,-1.0108187
2017-12-14 01:00:00,-1.1883802863100899,-1.0478711
2017-12-14 01:10:00,-1.2521054142704195,-1.1031117
2017-12-14 01:20:00,-1.298222283569916,-1.1964386
2017-12-14 01:30:00,-1.3166690321166736,-1.2668611
2017-12-14 01:40:00,-1.340985198838777,-1.3605365
2017-12-14 01:50:00,-1.393809977577809,-1.4257596
2017-12-14 02:00:00,-1.4634045250917498,-1.4336609
2017-12-14 02:10:00,-1.512036859914222,-1.4541792
2017-12-14 02:20:00,-1.529645119953321,-1.4707093
2017-12-14 02:30:00,-1.555638263690742,-1.4985605
2017-12-14 02:40:00,-1.5782774547757932,-1.5323842
2017-12-14 02:50:00,-1.6000781559749206,-1.5783725
2017-12-14 03:00:00,-1.6302637436289007,-1.6202028
2017-12-14 03:10:00,-1.6495489793050517,-1.6600513
2017-12-14 03:20:00,-1.647033513782076,-1.6820536
2017-12-14 03:30:00,-1.636133163182512,-1.6858494
2017-12-14 03:40:00,-1.6445180482590995,-1.6859558
2017-12-14 03:50:00,-1.6495489793050517,-1.7038229
2017-12-14 04:00:00,-1.6520644448280282,-1.5566936
2017-12-14 04:10:00,-1.633617697659536,-1.7028451
2017-12-14 04:20:00,-1.6344561861671947,-1.9054604
2017-12-14 04:30:00,-1.614332461983385,-1.7440224
2017-12-14 04:40:00,-1.586662339852381,-1.6415625
2017-12-14 04:50:00,-1.562346171752012,-1.7299988
2017-12-14 05:00:00,-1.533837562491615,-1.4327574
2017-12-14 05:10:00,-1.521260234876734,-1.3706589
2017-12-14 05:20:00,-1.5153908139448569,-1.4303226
2017-12-14 05:30:00,-1.4919131357304123,-1.4104781
2017-12-14 05:40:00,-1.4164491672845947,-1.262728
2017-12-14 05:50:00,-1.365301366939146,-1.0351613
2017-12-14 06:00:00,-1.4172876557922536,-0.98525214
2017-12-14 06:10:00,-1.3904560235471737,-0.942307
2017-12-14 06:20:00,-1.3686553209697812,-0.89985514
2017-12-14 06:30:00,-1.340985198838777,-0.8685839
2017-12-14 06:40:00,-1.372009275000416,-0.85149217
2017-12-14 06:50:00,-1.432380448930111,-0.8462064
2017-12-14 07:00:00,-1.4206416098228882,-0.831915
2017-12-14 07:10:00,-1.3896175350395148,-0.83217883
2017-12-14 07:20:00,-1.3921330005624912,-0.819355
2017-12-14 07:30:00,-1.3736862520157336,-0.8019278
2017-12-14 07:40:00,-1.41309521325396,-0.7907245
2017-12-14 07:50:00,-1.4340574273236937,-0.8006451
2017-12-14 08:00:00,-1.3384697333158007,-0.7987608
2017-12-14 08:10:00,-1.244559017701491,-0.79510283
2017-12-14 08:20:00,-1.1573562101484511,-0.7982261
2017-12-14 08:30:00,-1.11459329487959,-0.77605593
2017-12-14 08:40:00,-1.0064282746350814,-0.7412888
2017-12-14 08:50:00,-0.9485725662283627,-0.7166971
2017-12-14 09:00:00,-0.8655622012136169,-0.66432154
2017-12-14 09:10:00,-0.7607511336214777,-0.62762403
2017-12-14 09:20:00,-0.7037339137224179,-0.59713733
2017-12-14 09:30:00,-0.623239014230648,-0.5616994
2017-12-14 09:40:00,-0.5704142368698817,-0.48828483
2017-12-14 09:50:00,-0.5024966649929928,-0.43980402
2017-12-14 10:00:00,-0.42619420941778197,-0.43820834
2017-12-14 10:10:00,-0.35408419500259963,-0.40767008
2017-12-14 10:20:00,-0.296228486595881,-0.35810423
2017-12-14 10:30:00,-0.24424219774277353,-0.29271948
2017-12-14 10:40:00,-0.21657207561176992,-0.26025945
2017-12-14 10:50:00,-0.20651021351986473,-0.27450448
2017-12-14 11:00:00,-0.24843464028106757,-0.20010138
2017-12-14 11:10:00,-0.1612318327280272,-0.12328786
2017-12-14 11:20:00,-0.1310462450740472,-0.071036994
2017-12-14 11:30:00,-0.14781601522722182,-0.048056424
2017-12-14 11:40:00,-0.20567172501220593,-0.075689554
2017-12-14 11:50:00,-0.15368543478083346,-0.106357634
2017-12-14 12:00:00,-0.1595548557127101,-0.057661414
2017-12-14 12:10:00,-0.17716311437354354,0.0041860044
2017-12-14 12:20:00,-0.1712936948199324,0.041465998
2017-12-14 12:30:00,-0.20399474799688883,0.069538444
2017-12-14 12:40:00,-0.19896381695093598,0.10846132
2017-12-14 12:50:00,-0.23250335725728574,0.11634442
2017-12-14 13:00:00,-0.23250335725728574,0.15836388
2017-12-14 13:10:00,-0.19309439601905934,0.20275004
2017-12-14 13:20:00,-0.18890195348076583,0.2371419
2017-12-14 13:30:00,-0.2241184721806982,0.2654233
2017-12-14 13:40:00,-0.23334184576494454,0.26863584
2017-12-14 13:50:00,-0.2509501058040435,0.2577904
2017-12-14 14:00:00,-0.19141741900374223,0.25194103
2017-12-14 14:10:00,-0.18890195348076583,0.21984655
2017-12-14 14:20:00,-0.1847095109424723,0.202425
2017-12-14 14:30:00,-0.20399474799688883,0.21323249
2017-12-14 14:40:00,-0.22244149516538106,0.22072509
2017-12-14 14:50:00,-0.2425652207274559,0.23295754
2017-12-14 15:00:00,-0.2769432495414645,0.21351402
2017-12-14 15:10:00,-0.3498917524643056,0.2230443
2017-12-14 15:20:00,-0.2425652207274559,0.23676291
2017-12-14 15:30:00,-0.09415274935879721,0.22505814
2017-12-14 15:40:00,-0.09918368040474955,0.21882766
2017-12-14 15:50:00,-0.15033148075019823,0.24696912
2017-12-14 16:00:00,-0.1603933442203684,0.23751698
2017-12-14 16:10:00,-0.14697752671956352,0.21941617
2017-12-14 16:20:00,-0.15703939018973367,0.19212061
2017-12-14 16:30:00,-0.12685380253575365,0.17527887
2017-12-14 16:40:00,-0.038812506475055,0.17924488
2017-12-14 16:50:00,0.060129140185207645,0.18054384
2017-12-14 17:00:00,0.12972368907741355,0.15454614
2017-12-14 17:10:00,0.31754512030603316,0.18013975
2017-12-14 17:20:00,0.6630023964875583,0.22953998
2017-12-14 17:30:00,0.989174435614667,0.3242873
2017-12-14 17:40:00,1.019360023268647,0.46350485
2017-12-14 17:50:00,0.9807895505380789,0.5601546
2017-12-14 18:00:00,0.9942053680388848,0.6903459
2017-12-14 18:10:00,0.9925283896453012,0.7795145
2017-12-14 18:20:00,1.0092981611767413,0.81986034
2017-12-14 18:30:00,1.0185215347609882,0.8150403
2017-12-14 18:40:00,0.997559322069519,0.8105457
2017-12-14 18:50:00,1.0017517646078131,0.75970495
2017-12-14 19:00:00,0.9573118723236343,0.70213974
2017-12-14 19:10:00,0.9791125735227613,0.6359558
2017-12-14 19:20:00,0.9438960548228295,0.60405046
2017-12-14 19:30:00,0.9363496582539002,0.5969031
2017-12-14 19:40:00,0.9044870935846026,0.5898671
2017-12-14 19:50:00,0.9044870935846026,0.58626294
2017-12-14 20:00:00,0.8625626682016663,0.55760854
2017-12-14 20:10:00,0.941380589299853,0.5231531
2017-12-14 20:20:00,0.9438960548228295,0.46876645
2017-12-14 20:30:00,0.9313187272079483,0.410191
2017-12-14 20:40:00,0.8575317357774473,0.36727813
2017-12-14 20:50:00,0.8080609124473168,0.3069423
2017-12-14 21:00:00,0.7829062572175546,0.19544509
2017-12-14 21:10:00,0.7426588074716699,0.06944147
2017-12-14 21:20:00,0.7049268232487607,0.11517903
2017-12-14 21:30:00,0.6202394812186972,0.23288293
2017-12-14 21:40:00,0.5330366736656573,0.15400824
2017-12-14 21:50:00,0.46595759167469286,0.05153981
2017-12-14 22:00:00,0.37540083009101777,-0.06660926
2017-12-14 22:10:00,0.3066447697064697,-0.22878796
2017-12-14 22:20:00,0.20518765752323112,-0.49713683
2017-12-14 22:30:00,0.12972368907741355,-0.42856967
2017-12-14 22:40:00,0.059290651677548836,-0.45648175
2017-12-14 22:50:00,-0.07738297920562258,-0.62727356
2017-12-14 23:00:00,-0.1998023054585948,-0.6085458
2017-12-14 23:10:00,-0.30293639465715094,-0.57603705
2017-12-14 23:20:00,-0.4035550183327307,-0.61025333
2017-12-14 23:30:00,-0.5553214437320246,-0.675918
2017-12-14 23:40:00,-0.653424601884628,-0.76789284
2017-12-14 23:50:00,-0.7540432255602078,-0.84127307
2017-12-15 00:00:00,-0.8378920790826129,-0.89166415
2017-12-15 00:10:00,-0.8923938334586963,-0.89761364
2017-12-15 00:20:00,-0.9250948866356526,-0.9142188
2017-12-15 00:30:00,-0.9846275720576889,-0.942634
2017-12-15 00:40:00,-1.0533836324422365,-0.99872994
2017-12-15 00:50:00,-1.1137548063719311,-1.0678196
2017-12-15 01:00:00,-1.1565177216407923,-1.1183014
2017-12-15 01:10:00,-1.2034730794479473,-1.166883
2017-12-15 01:20:00,-1.272229139832495,-1.2296351
2017-12-15 01:30:00,-1.2831294904320585,-1.2987546
2017-12-15 01:40:00,-1.3116381010707214,-1.363459
2017-12-15 01:50:00,-1.351885550816606,-1.4366596
2017-12-15 02:00:00,-1.3837481141076382,-1.4710437
2017-12-15 02:10:00,-1.3971639316084437,-1.4904337
2017-12-15 02:20:00,-1.421480098330547,-1.499699
2017-12-15 02:30:00,-1.4684354561377022,-1.5130472
2017-12-15 02:40:00,-1.4969440667763645,-1.5272355
2017-12-15 02:50:00,-1.549768844137131,-1.5822256
2017-12-15 03:00:00,-1.5883393168676985,-1.624747
2017-12-15 03:10:00,-1.5942087364213096,-1.6622901
2017-12-15 03:20:00,-1.616009438998702,-1.6926856
2017-12-15 03:30:00,-1.6311022321365596,-1.7052636
2017-12-15 03:40:00,-1.6411640942284642,-1.6988161
2017-12-15 03:50:00,-1.642002582736123,-1.7130804
2017-12-15 04:00:00,-1.6235558355676307,-1.6389785
2017-12-15 04:10:00,-1.616009438998702,-1.7038999
2017-12-15 04:20:00,-1.6344561861671947,-1.8808522
2017-12-15 04:30:00,-1.6344561861671947,-1.6805754
2017-12-15 04:40:00,-1.6352946746748531,-1.5654941
2017-12-15 04:50:00,-1.6109785079527497,-1.6928074
2017-12-15 05:00:00,-1.6084630410515084,-1.4531817
2017-12-15 05:10:00,-1.6009166444825795,-1.4309709
2017-12-15 05:20:00,-1.5573152407060595,-1.4719617
2017-12-15 05:30:00,-1.533837562491615,-1.443581
2017-12-15 05:40:00,-1.486043716176801,-1.3193176
2017-12-15 05:50:00,-1.365301366939146,-1.0408564
2017-12-15 06:00:00,-1.3795556715693447,-0.98046815
2017-12-15 06:10:00,-1.358593458877876,-0.93184257
2017-12-15 06:20:00,-1.3275693827162371,-0.8829198
2017-12-15 06:30:00,-1.3275693827162371,-0.8556063
2017-12-15 06:40:00,-1.315830543609015,-0.8478873
2017-12-15 06:50:00,-1.3829096255999793,-0.86533844
2017-12-15 07:00:00,-1.4172876557922536,-0.874974
2017-12-15 07:10:00,-1.363624389923829,-0.88599336
2017-12-15 07:20:00,-1.3242154286856025,-0.88482046
2017-12-15 07:30:00,-1.3485315967859715,-0.882476
2017-12-15 07:40:00,-1.4038718396697136,-0.88883233
2017-12-15 07:50:00,-1.4483117319538923,-0.88922894
2017-12-15 08:00:00,-1.3879405566459322,-0.85993314
2017-12-15 08:10:00,-1.2755830938631296,-0.83065724
2017-12-15 08:20:00,-1.1850263322794552,-0.8153888
2017-12-15 08:30:00,-1.0491911899039426,-0.7913902
2017-12-15 08:40:00,-1.00726676314274,-0.7726879
2017-12-15 08:50:00,-0.9351567487275574,-0.76662517
2017-12-15 09:00:00,-0.8018370718750217,-0.729372
2017-12-15 09:10:00,-0.6752253030837554,-0.69728184
2017-12-15 09:20:00,-0.6517476248693108,-0.6374048
2017-12-15 09:30:00,-0.5536444667167071,-0.5703583
2017-12-15 09:40:00,-0.5142355054784806,-0.5105679
2017-12-15 09:50:00,-0.48908084887045294,-0.42221177
2017-12-15 10:00:00,-0.4287096749407584,-0.3580376
2017-12-15 10:10:00,-0.39265466773316726,-0.29686236
2017-12-15 10:20:00,-0.34234535589537735,-0.22079581
2017-12-15 10:30:00,-0.21154114456581707,-0.14742225
2017-12-15 10:40:00,-0.20231777098157122,-0.073476374
2017-12-15 10:50:00,-0.19644835004969458,-0.06658542
2017-12-15 11:00:00,-0.19057893049608343,-0.048599124
2017-12-15 11:10:00,-0.11008403238257852,-0.0019764006
2017-12-15 11:20:00,-0.0522283225975949,0.056165457
2017-12-15 11:30:00,-0.07067507114435263,0.086556345
2017-12-15 11:40:00,-0.0656441387201343,0.06307286
2017-12-15 11:50:00,-0.0807369332362573,0.0067631304
2017-12-15 12:00:00,-0.19728683855735338,0.0151616335
2017-12-15 12:10:00,-0.23669579979557928,0.077329695
2017-12-15 12:20:00,-0.26436592192658337,0.13119522
2017-12-15 12:30:00,-0.3473762869413297,0.20511174
2017-12-15 12:40:00,-0.37001547664811546,0.23254786
2017-12-15 12:50:00,-0.3750464090723333,0.22792862
2017-12-15 13:00:00,-0.2945515095805634,0.26851085
2017-12-15 13:10:00,-0.29119755554992865,0.3155768
2017-12-15 13:20:00,-0.3079673257031033,0.32945636
2017-12-15 13:30:00,-0.2970669751035398,0.35449874
2017-12-15 13:40:00,-0.28281266909507563,0.3551022
2017-12-15 13:50:00,-0.33396047081878977,0.35264587
2017-12-15 14:00:00,-0.37840036310296854,0.35017425
2017-12-15 14:10:00,-0.3616305915715284,0.34759724
2017-12-15 14:20:00,-0.35492268351025846,0.3579147
2017-12-15 14:30:00,-0.32222163033330203,0.37627938
2017-12-15 14:40:00,-0.30125941764183334,0.37754476
2017-12-15 14:50:00,-0.28448964611039324,0.36951947
2017-12-15 15:00:00,-0.2702353414801945,0.36234865
2017-12-15 15:10:00,-0.2257954491960158,0.3553844
2017-12-15 15:20:00,-0.2685583644648769,0.3616572
2017-12-15 15:30:00,-0.2769432495414645,0.35277173
2017-12-15 15:40:00,-0.28281266909507563,0.3369543
2017-12-15 15:50:00,-0.27107382998785334,0.3002001
2017-12-15 16:00:00,-0.31467523376437323,0.25723404
2017-12-15 16:10:00,-0.2945515095805634,0.21990943
2017-12-15 16:20:00,-0.23250335725728574,0.19968405
2017-12-15 16:30:00,-0.28532813461805207,0.159477
2017-12-15 16:40:00,-0.30293639465715094,0.1465464
2017-12-15 16:50:00,-0.2283109147189922,0.1447728
2017-12-15 17:00:00,-0.11846891745916609,0.20851165
2017-12-15 17:10:00,0.09786112440811592,0.22334692
2017-12-15 17:20:00,0.4768579422742563,0.21717069
2017-12-15 17:30:00,0.8239921954710981,0.23015699
2017-12-15 17:40:00,0.8860403464161108,0.28884536
2017-12-15 17:50:00,0.8759784843242061,0.2938075
2017-12-15 18:00:00,0.8239921954710981,0.31266975
2017-12-15 18:10:00,0.8147688205085862,0.43157375
2017-12-15 18:20:00,0.8382465001012969,0.506754
2017-12-15 18:30:00,0.8533392932391544,0.55524576
2017-12-15 18:40:00,0.8483083621932015,0.57215875
2017-12-15 18:50:00,0.867593599247618,0.57246554
2017-12-15 19:00:00,0.8868788349237696,0.54114217
2017-12-15 19:10:00,0.8038684699090228,0.5347476
2017-12-15 19:20:00,0.7418203189640111,0.5348282
2017-12-15 19:30:00,0.7024113577257842,0.5087796
2017-12-15 19:40:00,0.6797721666407335,0.4572932
2017-12-15 19:50:00,0.7099577542947135,0.4274617
2017-12-15 20:00:00,0.6822876321637089,0.41936073
2017-12-15 20:10:00,0.7476897385176218,0.40480703
2017-12-15 20:20:00,0.7476897385176218,0.41765767
2017-12-15 20:30:00,0.7367893879180583,0.39048713
2017-12-15 20:40:00,0.7309199683644476,0.31949943
2017-12-15 20:50:00,0.7040883347411019,0.22453514
2017-12-15 21:00:00,0.6965419381721736,0.11220613
2017-12-15 21:10:00,0.6630023964875583,-0.00825876
2017-12-15 21:20:00,0.5355521391886338,0.057786584
2017-12-15 21:30:00,0.4584111937274986,0.15457156
2017-12-15 21:40:00,0.3645004781131883,0.17534927
2017-12-15 21:50:00,0.3301224479209143,0.10992646
2017-12-15 22:00:00,0.2957444191069062,0.06492165
2017-12-15 22:10:00,0.24878906129975104,-0.11637974
2017-12-15 22:20:00,0.15571683419310056,-0.4375472
2017-12-15 22:30:00,0.08528379679323482,-0.40981364
2017-12-15 22:40:00,-0.004434476282781443,-0.415914
2017-12-15 22:50:00,-0.12601531402809485,-0.544273
2017-12-15 23:00:00,-0.1712936948199324,-0.46167564
2017-12-15 23:10:00,-0.28532813461805207,-0.39581066
2017-12-15 23:20:00,-0.4002010643020955,-0.46204084
2017-12-15 23:30:00,-0.5050121305159693,-0.5895121
2017-12-15 23:40:00,-0.5695757483622234,-0.7111945
2017-12-15 23:50:00,-0.657617044422922,-0.7954099
2017-12-16 00:00:00,-0.7355964783917155,-0.8516027
2017-12-16 00:10:00,-0.8160913778834854,-0.8734182
2017-12-16 00:20:00,-0.8898783679357204,-0.9009507
2017-12-16 00:30:00,-0.9745657099657837,-0.9332528
2017-12-16 00:40:00,-1.02068257926528,-0.9652264
2017-12-16 00:50:00,-1.0978235247264152,-1.0147353
2017-12-16 01:00:00,-1.1690950506339388,-1.0492382
2017-12-16 01:10:00,-1.2026345909402887,-1.0831524
2017-12-16 01:20:00,-1.272229139832495,-1.1738312
2017-12-16 01:30:00,-1.3577549703702172,-1.264479
2017-12-16 01:40:00,-1.3896175350395148,-1.3738673
2017-12-16 01:50:00,-1.4273495178841582,-1.4517509
2017-12-16 02:00:00,-1.4566966170304798,-1.4433144
2017-12-16 02:10:00,-1.4642430135994087,-1.448545
2017-12-16 02:20:00,-1.5011365093146587,-1.467091
2017-12-16 02:30:00,-1.528806631445662,-1.479059
2017-12-16 02:40:00,-1.5220987233843923,-1.4954944
2017-12-16 02:50:00,-1.5573152407060595,-1.5421737
2017-12-16 03:00:00,-1.602593621497897,-1.5794353
2017-12-16 03:10:00,-1.6193633930293372,-1.5962834
2017-12-16 03:20:00,-1.626909789598266,-1.6019301
2017-12-16 03:30:00,-1.6436795597514406,-1.6273594
2017-12-16 03:40:00,-1.6445180482590995,-1.6469693
2017-12-16 03:50:00,-1.6478720022897342,-1.668746
2017-12-16 04:00:00,-1.6512259563203695,-1.6023269
2017-12-16 04:10:00,-1.6654802623288336,-1.7712128
2017-12-16 04:20:00,-1.6612878197905396,-1.9173236
2017-12-16 04:30:00,-1.6679957278518096,-1.7636919
2017-12-16 04:40:00,-1.6696727048671272,-1.584382
2017-12-16 04:50:00,-1.6612878197905396,-1.6731994
2017-12-16 05:00:00,-1.648710490797393,-1.4091483
2017-12-16 05:10:00,-1.627748278105925,-1.351573
2017-12-16 05:20:00,-1.616009438998702,-1.4098359
2017-12-16 05:30:00,-1.561507683244353,-1.3644767
2017-12-16 05:40:00,-1.542222447568202,-1.2517276
2017-12-16 05:50:00,-1.4675969676300433,-1.1057434
2017-12-16 06:00:00,-1.4784973196078723,-1.03605
2017-12-16 06:10:00,-1.4717894101683369,-0.96283543
2017-12-16 06:20:00,-1.4675969676300433,-0.90194845
2017-12-16 06:30:00,-1.4348959158313523,-0.8644066
2017-12-16 06:40:00,-1.4885591816997774,-0.83456314
2017-12-16 06:50:00,-1.6017551329902384,-0.8199136
2017-12-16 07:00:00,-1.6562568887445872,-0.79511416
2017-12-16 07:10:00,-1.5975626904519442,-0.78219104
2017-12-16 07:20:00,-1.6537414232216108,-0.7745671
2017-12-16 07:30:00,-1.6235558355676307,-0.76711226
2017-12-16 07:40:00,-1.6218788585523136,-0.7597809
2017-12-16 07:50:00,-1.639487117213147,-0.7575908
2017-12-16 08:00:00,-1.5506073326447896,-0.73777866
2017-12-16 08:10:00,-1.4692739446453609,-0.72831595
2017-12-16 08:20:00,-1.4021948626543959,-0.7145045
2017-12-16 08:30:00,-1.341823687346436,-0.69790745
2017-12-16 08:40:00,-1.2680366972942014,-0.6632197
2017-12-16 08:50:00,-1.2328201785942685,-0.657364
2017-12-16 09:00:00,-1.1389094629799588,-0.62979627
2017-12-16 09:10:00,-1.0399678163196966,-0.6026268
2017-12-16 09:20:00,-0.8605312701676641,-0.5751269
2017-12-16 09:30:00,-0.7951291638137518,-0.5239729
2017-12-16 09:40:00,-0.7716514855993066,-0.4931901
2017-12-16 09:50:00,-0.7188267068602754,-0.42038232
2017-12-16 10:00:00,-0.616531106169378,-0.37239748
2017-12-16 10:10:00,-0.5561599322396834,-0.34610158
2017-12-16 10:20:00,-0.5117200399555047,-0.29938298
2017-12-16 10:30:00,-0.43961002554032186,-0.25302887
2017-12-16 10:40:00,-0.40690897236336543,-0.22181696
2017-12-16 10:50:00,-0.35240721798728203,-0.22927988
2017-12-16 11:00:00,-0.3448608214183533,-0.19464195
2017-12-16 11:10:00,-0.3230601188409608,-0.10883701
2017-12-16 11:20:00,-0.2836511576027344,-0.085701525
2017-12-16 11:30:00,-0.31719069928734966,-0.010469496
2017-12-16 11:40:00,-0.28448964611039324,-0.01121217
2017-12-16 11:50:00,-0.32557558436393674,-0.03483951
2017-12-16 12:00:00,-0.34150686738771857,0.0066415668
2017-12-16 12:10:00,-0.3431838444030357,0.039762914
2017-12-16 12:20:00,-0.3431838444030357,0.090762764
2017-12-16 12:30:00,-0.3431838444030357,0.14452404
2017-12-16 12:40:00,-0.318029187795008,0.15557203
2017-12-16 12:50:00,-0.28952057853461105,0.09144011
2017-12-16 13:00:00,-0.28448964611039324,0.085683495
2017-12-16 13:10:00,-0.2668813874495598,0.09749344
2017-12-16 13:20:00,-0.25765801386531345,0.15418929
2017-12-16 13:30:00,-0.2668813874495598,0.18445355
2017-12-16 13:40:00,-0.2819741805874168,0.18994474
2017-12-16 13:50:00,-0.30293639465715094,0.17316559
2017-12-16 14:00:00,-0.2836511576027344,0.17874268
2017-12-16 14:10:00,-0.2836511576027344,0.20553495
2017-12-16 14:20:00,-0.2677198759572181,0.2342262
2017-12-16 14:30:00,-0.28952057853461105,0.28081706
2017-12-16 14:40:00,-0.2794587150644409,0.25059563
2017-12-16 14:50:00,-0.30042092913417456,0.21172948
2017-12-16 15:00:00,-0.4119399034093183,0.1867877
2017-12-16 15:10:00,-0.4203247898641708,0.17483991
2017-12-16 15:20:00,-0.39181617922550843,0.17021379
2017-12-16 15:30:00,-0.41110141490165947,0.16490147
2017-12-16 15:40:00,-0.4320636289713931,0.16869184
2017-12-16 15:50:00,-0.415293857439953,0.15353069
2017-12-16 16:00:00,-0.43793304852500425,0.15506452
2017-12-16 16:10:00,-0.43961002554032186,0.14401487
2017-12-16 16:20:00,-0.44715642210925066,0.13115576
2017-12-16 16:30:00,-0.3985240872867784,0.1213702
2017-12-16 16:40:00,-0.3658230341098219,0.12718117
2017-12-16 16:50:00,-0.32725256137925435,0.13144147
2017-12-16 17:00:00,-0.2534655713270199,0.13705117
2017-12-16 17:10:00,-0.006111453298098053,0.15112066
2017-12-16 17:20:00,0.3385073343757673,0.17729285
2017-12-16 17:30:00,0.6420401837960902,0.23426126
2017-12-16 17:40:00,0.7862602112481899,0.33673787
2017-12-16 17:50:00,0.8483083621932015,0.42807937
2017-12-16 18:00:00,0.8189612644251463,0.5538321
2017-12-16 18:10:00,0.8038684699090228,0.68945354
2017-12-16 18:20:00,0.7711674167320663,0.7733697
2017-12-16 18:30:00,0.7761983491562842,0.80348295
2017-12-16 18:40:00,0.7409818304563524,0.81869525
2017-12-16 18:50:00,0.7409818304563524,0.79767346
2017-12-16 19:00:00,0.7233735704172534,0.76551104
2017-12-16 19:10:00,0.7577516006095264,0.75064635
2017-12-16 19:20:00,0.7535591580712334,0.75399077
2017-12-16 19:30:00,0.7460127615023041,0.7384082
2017-12-16 19:40:00,0.733435433887423,0.70256495
2017-12-16 19:50:00,0.7242120589249121,0.6572577
2017-12-16 20:00:00,0.6973804266798324,0.5743882
2017-12-16 20:10:00,0.7124732198176889,0.5116495
2017-12-16 20:20:00,0.6663563505181935,0.449831
2017-12-16 20:30:00,0.6143700616650856,0.44439209
2017-12-16 20:40:00,0.586699939534082,0.4110848
2017-12-16 20:50:00,0.5397445817269269,0.29522482
2017-12-16 21:00:00,0.5179438805277998,0.14351037
2017-12-16 21:10:00,0.486919804366161,0.08129734
2017-12-16 21:20:00,0.4617651477581328,0.090139
2017-12-16 21:30:00,0.43493351551305404,0.12623969
2017-12-16 21:40:00,0.352761639005966,0.14817697
2017-12-16 21:50:00,0.30077535015285906,0.11078757
2017-12-16 22:00:00,0.2655588314529262,0.07110229
2017-12-16 22:10:00,0.21105707707684276,-0.042621136
2017-12-16 22:20:00,0.14649345923058868,-0.371607
2017-12-16 22:30:00,0.060129140185207645,-0.42559904
2017-12-16 22:40:00,0.001434943270830203,-0.4674126
2017-12-16 22:50:00,-0.07067507114435263,-0.61916625
2017-12-16 23:00:00,-0.21992602964240465,-0.5269212
2017-12-16 23:10:00,-0.3054518601801269,-0.42465138
2017-12-16 23:20:00,-0.39433164474848437,-0.44978368
2017-12-16 23:30:00,-0.5318437641393146,-0.50670993
2017-12-16 23:40:00,-0.6073077325851322,-0.5737586
2017-12-16 23:50:00,-0.6794177456220489,-0.6513572
2017-12-17 00:00:00,-0.7666205531750888,-0.6961943
2017-12-17 00:10:00,-0.893232321966355,-0.7416532
2017-12-17 00:20:00,-0.9787581525040778,-0.79700804
2017-12-17 00:30:00,-1.058414563488189,-0.8680185
2017-12-17 00:40:00,-1.1229781799561775,-0.9444858
2017-12-17 00:50:00,-1.1908957518330663,-1.0521109
2017-12-17 01:00:00,-1.258813323709955,-1.133896
2017-12-17 01:10:00,-1.2831294904320585,-1.1972802
2017-12-17 01:20:00,-1.3208614746549672,-1.2458749
2017-12-17 01:30:00,-1.3678168324621225,-1.2846439
2017-12-17 01:40:00,-1.4097412592233247,-1.3407042
2017-12-17 01:50:00,-1.4499887089692098,-1.4045906
2017-12-17 02:00:00,-1.5002980208069998,-1.438472
2017-12-17 02:10:00,-1.5111983714065633,-1.4603758
2017-12-17 02:20:00,-1.5564767521984009,-1.4824228
2017-12-17 02:30:00,-1.585823851344722,-1.5097932
2017-12-17 02:40:00,-1.595885713436627,-1.5452648
2017-12-17 02:50:00,-1.6185249045216785,-1.6067486
2017-12-17 03:00:00,-1.6797345669590318,-1.6539636
2017-12-17 03:10:00,-1.7233359707355518,-1.6910586
2017-12-17 03:20:00,-1.7233359707355518,-1.7181206
2017-12-17 03:30:00,-1.7233359707355518,-1.7577851
2017-12-17 03:40:00,-1.7426212077899683,-1.7634869
2017-12-17 03:50:00,-1.7686143515273893,-1.770803
2017-12-17 04:00:00,-1.7769992366039769,-1.6975465
2017-12-17 04:10:00,-1.776160748096318,-1.8129902
2017-12-17 04:20:00,-1.7652603974967547,-2.0006397
2017-12-17 04:30:00,-1.7593909779431434,-1.7985299
2017-12-17 04:40:00,-1.7535215583895323,-1.6428971
2017-12-17 04:50:00,-1.756875512420167,-1.7950287
2017-12-17 05:00:00,-1.7493291158512383,-1.5960562
2017-12-17 05:10:00,-1.7442981848052859,-1.5284238
2017-12-17 05:20:00,-1.7124356201359883,-1.5961156
2017-12-17 05:30:00,-1.7048892235670594,-1.5624771
2017-12-17 05:40:00,-1.663803285313516,-1.5004479
2017-12-17 05:50:00,-1.5539612866754244,-1.1763695
2017-12-17 06:00:00,-1.5916932708983331,-1.1637387
2017-12-17 06:10:00,-1.593370247913651,-1.1120379
2017-12-17 06:20:00,-1.5740850122374996,-1.0600841
2017-12-17 06:30:00,-1.602593621497897,-1.0239524
2017-12-17 06:40:00,-1.6747036359130796,-0.996379
2017-12-17 06:50:00,-1.8206006403804968,-0.98561513
2017-12-17 07:00:00,-1.9589512482789853,-0.9774189
2017-12-17 07:10:00,-1.9874598589176478,-0.9756676
2017-12-17 07:20:00,-2.034415216724803,-0.9615984
2017-12-17 07:30:00,-2.025191843140557,-0.94139314
2017-12-17 07:40:00,-2.003391140563164,-0.928879
2017-12-17 07:50:00,-1.9874598589176478,-0.9442481
2017-12-17 08:00:00,-1.9530818287253742,-0.94220674
2017-12-17 08:10:00,-1.9547588057406917,-0.934258
2017-12-17 08:20:00,-1.8834872812114332,-0.91551435
2017-12-17 08:30:00,-1.8424013429578898,-0.89092875
2017-12-17 08:40:00,-1.7954459851507345,-0.8666601
2017-12-17 08:50:00,-1.7384287638734093,-0.8703569
2017-12-17 09:00:00,-1.6369716516901707,-0.8526077
2017-12-17 09:10:00,-1.535514539506932,-0.8397502
2017-12-17 09:20:00,-1.421480098330547,-0.803236
2017-12-17 09:30:00,-1.350208573801289,-0.76930356
2017-12-17 09:40:00,-1.2873219329703525,-0.72834027
2017-12-17 09:50:00,-1.2202428509793875,-0.6417825
2017-12-17 10:00:00,-1.1665795837326973,-0.5996678
2017-12-17 10:10:00,-1.0894386396498277,-0.57255495
2017-12-17 10:20:00,-1.0265519988188914,-0.55147946
2017-12-17 10:30:00,-0.9888200145959825,-0.5543865
2017-12-17 10:40:00,-0.9603114053355856,-0.5771787
2017-12-17 10:50:00,-0.8856859253974263,-0.60000134
2017-12-17 11:00:00,-0.817768354898803,-0.5746186
2017-12-17 11:10:00,-0.7775209051529183,-0.49031055
2017-12-17 11:20:00,-0.7246961264138865,-0.4415586
2017-12-17 11:30:00,-0.6919950746151956,-0.4160195
2017-12-17 11:40:00,-0.6651634409918503,-0.43755996
2017-12-17 11:50:00,-0.6282699452766003,-0.42767936
2017-12-17 12:00:00,-0.603953778554497,-0.40357804
2017-12-17 12:10:00,-0.588860984038374,-0.41202313
2017-12-17 12:20:00,-0.5813145874694456,-0.36905426
2017-12-17 12:30:00,-0.588860984038374,-0.37417352
2017-12-17 12:40:00,-0.6374933188608467,-0.39227927
2017-12-17 12:50:00,-0.5871840070230568,-0.3367706
2017-12-17 13:00:00,-0.5704142368698817,-0.26288617
2017-12-17 13:10:00,-0.5720912138851992,-0.20328712
2017-12-17 13:20:00,-0.609823198108108,-0.17039078
2017-12-17 13:30:00,-0.6173695946770368,-0.15441608
2017-12-17 13:40:00,-0.629946922291918,-0.14115626
2017-12-17 13:50:00,-0.6282699452766003,-0.13829368
2017-12-17 14:00:00,-0.6115001751234257,-0.14172804
2017-12-17 14:10:00,-0.6198850602000132,-0.14023477
2017-12-17 14:20:00,-0.6081462210927905,-0.13578278
2017-12-17 14:30:00,-0.6005998245238622,-0.15086895
2017-12-17 14:40:00,-0.6215620372153303,-0.1770572
2017-12-17 14:50:00,-0.6148541291540603,-0.18067068
2017-12-17 15:00:00,-0.683610189538608,-0.1679179
2017-12-17 15:10:00,-0.6844486780462669,-0.16764653
2017-12-17 15:20:00,-0.6987029826764655,-0.15123385
2017-12-17 15:30:00,-0.7406274094376678,-0.13690281
2017-12-17 15:40:00,-0.7255346149215454,-0.13287067
2017-12-17 15:50:00,-0.7305655473457632,-0.14110512
2017-12-17 16:00:00,-0.7288885703304455,-0.13357359
2017-12-17 16:10:00,-0.7196651953679342,-0.13562667
2017-12-17 16:20:00,-0.7196651953679342,-0.13908666
2017-12-17 16:30:00,-0.6802562341297078,-0.13100398
2017-12-17 16:40:00,-0.5964073819855682,-0.1474464
2017-12-17 16:50:00,-0.5377131836929258,-0.13584214
2017-12-17 17:00:00,-0.4412870025556395,-0.11832106
2017-12-17 17:10:00,-0.23837277681089689,-0.09881735
2017-12-17 17:20:00,0.07606042320898895,-0.08822656
2017-12-17 17:30:00,0.45002630865091053,-0.060072243
2017-12-17 17:40:00,0.5531603992277327,0.007560611
2017-12-17 17:50:00,0.5682531923655892,0.11160755
2017-12-17 18:00:00,0.5799920314728125,0.19857836
2017-12-17 18:10:00,0.595084824610669,0.32710403
2017-12-17 18:20:00,0.5992772685272281,0.4554636
2017-12-17 18:30:00,0.6344937858488959,0.5455276
2017-12-17 18:40:00,0.6311398318182607,0.5962052
2017-12-17 18:50:00,0.6286243662952843,0.5947561
2017-12-17 19:00:00,0.6588099539492643,0.5687923
2017-12-17 19:10:00,0.6621639079798995,0.54346377
2017-12-17 19:20:00,0.6889955416032443,0.5208995
2017-12-17 19:30:00,0.6437171608114067,0.49787518
2017-12-17 19:40:00,0.7133117083253477,0.4692445
2017-12-17 19:50:00,0.6957034496645148,0.44424468
2017-12-17 20:00:00,0.6915110071262207,0.41478717
2017-12-17 20:10:00,0.7007343807104666,0.39195496
2017-12-17 20:20:00,0.6713872815641454,0.36514145
2017-12-17 20:30:00,0.6378477398795301,0.33172375
2017-12-17 20:40:00,0.6370092513718714,0.30073756
2017-12-17 20:50:00,0.595084824610669,0.22430989
2017-12-17 21:00:00,0.5187823690354586,0.14492384
2017-12-17 21:10:00,0.46595759167469286,0.010355532
2017-12-17 21:20:00,0.4206792108828553,-0.024190307
2017-12-17 21:30:00,0.36701594363616474,-0.08148968
2017-12-17 21:40:00,0.31586814329071555,-0.018575251
2017-12-17 21:50:00,0.27981313608312486,-0.06292677
2017-12-17 22:00:00,0.2261498702147003,-0.101391256
2017-12-17 22:10:00,0.1741635813615923,-0.20582706
2017-12-17 22:20:00,0.07773740022430657,-0.43850988
2017-12-17 22:30:00,0.004788897301465429,-0.59212863
2017-12-17 22:40:00,-0.11679194044384847,-0.49647838
2017-12-17 22:50:00,-0.24675766326574994,-0.7219422
2017-12-17 23:00:00,-0.34066837888005974,-0.63643837
2017-12-17 23:10:00,-0.4446409565862742,-0.48674494
2017-12-17 23:20:00,-0.5578369092550005,-0.4362384
2017-12-17 23:30:00,-0.6475551823310168,-0.5232541
2017-12-17 23:40:00,-0.7406274094376678,-0.5926354
2017-12-17 23:50:00,-0.8144143994899028,-0.6780504
2017-12-18 00:00:00,-0.9041326739441841,-0.7259803
2017-12-18 00:10:00,-0.9946894355278592,-0.78637755
2017-12-18 00:20:00,-1.0953080592034388,-0.8380275
2017-12-18 00:30:00,-1.1690950506339388,-0.90120935
2017-12-18 00:40:00,-1.228627736055975,-0.95197845
2017-12-18 00:50:00,-1.2764215823707885,-1.0166214
2017-12-18 01:00:00,-1.329246359731555,-1.0999025
2017-12-18 01:10:00,-1.3795556715693447,-1.1790441
2017-12-18 01:20:00,-1.4105797477309836,-1.249757
2017-12-18 01:30:00,-1.4491502204615512,-1.310295
2017-12-18 01:40:00,-1.4726278986759958,-1.3652415
2017-12-18 01:50:00,-1.512036859914222,-1.4099637
2017-12-18 02:00:00,-1.5648616372749884,-1.432096
2017-12-18 02:10:00,-1.584146874329405,-1.4529455
2017-12-18 02:20:00,-1.6084630410515084,-1.4767671
2017-12-18 02:30:00,-1.626909789598266,-1.4958642
2017-12-18 02:40:00,-1.6260713010906072,-1.5387952
2017-12-18 02:50:00,-1.6520644448280282,-1.6036267
2017-12-18 03:00:00,-1.6428410712437818,-1.6316853
2017-12-18 03:10:00,-1.6428410712437818,-1.6606848
2017-12-18 03:20:00,-1.652902933335687,-1.6960483
2017-12-18 03:30:00,-1.6629647968058572,-1.7226896
2017-12-18 03:40:00,-1.6755421244207382,-1.7428908
2017-12-18 03:50:00,-1.6730266588977618,-1.7551165
2017-12-18 04:00:00,-1.6671572393441507,-1.6275711
2017-12-18 04:10:00,-1.6671572393441507,-1.7732272
2017-12-18 04:20:00,-1.6495489793050517,-2.0299623
2017-12-18 04:30:00,-1.622717347059972,-1.8895836
2017-12-18 04:40:00,-1.6084630410515084,-1.7003279
2017-12-18 04:50:00,-1.6151709504910436,-1.8045199
2017-12-18 05:00:00,-1.614332461983385,-1.5656428
2017-12-18 05:10:00,-1.6126554849680674,-1.5170736
2017-12-18 05:20:00,-1.5824698973140874,-1.5531819
2017-12-18 05:30:00,-1.5807929202987696,-1.5279064
2017-12-18 05:40:00,-1.518744767975492,-1.537787
2017-12-18 05:50:00,-1.393809977577809,-1.162257
2017-12-18 06:00:00,-1.4181261442999122,-1.1117318
2017-12-18 06:10:00,-1.4021948626543959,-1.0564265
2017-12-18 06:20:00,-1.3896175350395148,-1.0020239
2017-12-18 06:30:00,-1.352724039324265,-0.963501
2017-12-18 06:40:00,-1.3544010163395825,-0.9197154
2017-12-18 06:50:00,-1.421480098330547,-0.91056573
2017-12-18 07:00:00,-1.4181261442999122,-0.876799
2017-12-18 07:10:00,-1.3711707864927571,-0.8575399
2017-12-18 07:20:00,-1.3711707864927571,-0.8466033
2017-12-18 07:30:00,-1.3485315967859715,-0.83886206
2017-12-18 07:40:00,-1.3602704358931936,-0.84666014
2017-12-18 07:50:00,-1.3611089244008525,-0.86755705
2017-12-18 08:00:00,-1.2965453065545984,-0.85523665
2017-12-18 08:10:00,-1.194249705863701,-0.8430226
2017-12-18 08:20:00,-1.1171087604025662,-0.8160372
2017-12-18 08:30:00,-1.0542221209498954,-0.77658486
2017-12-18 08:40:00,-0.9972049010508356,-0.74650216
2017-12-18 08:50:00,-0.9276103521586291,-0.74965787
2017-12-18 09:00:00,-0.8303456825136841,-0.7257441
2017-12-18 09:10:00,-0.8840089483821092,-0.71826553
2017-12-18 09:20:00,-0.7322425243610807,-0.69325876
2017-12-18 09:30:00,-0.6584555329305803,-0.66976976
2017-12-18 09:40:00,-0.6182080831846957,-0.62997174
2017-12-18 09:50:00,-0.560352374777977,-0.5502527
2017-12-18 10:00:00,-0.5050121305159693,-0.5066495
2017-12-18 10:10:00,-0.44883339912456827,-0.46481764
2017-12-18 10:20:00,-0.3758848975799921,-0.42908472
2017-12-18 10:30:00,-0.33060651678815456,-0.3701443
2017-12-18 10:40:00,-0.2517885943117023,-0.31569153
2017-12-18 10:50:00,-0.21237963307347588,-0.31164002
2017-12-18 11:00:00,-0.18387102243481349,-0.22990161
2017-12-18 11:10:00,-0.17800160288120234,-0.15907001
2017-12-18 11:20:00,-0.13775415313531714,-0.12069261
2017-12-18 11:30:00,-0.10086065742006717,-0.0988729
2017-12-18 11:40:00,-0.08912181831284487,-0.09834623
2017-12-18 11:50:00,-0.06732111711371741,-0.109963655
2017-12-18 12:00:00,-0.05893623065886485,-0.057355344
2017-12-18 12:10:00,-0.05725925364354724,0.028155982
2017-12-18 12:20:00,-0.04971285707461848,0.089007884
2017-12-18 12:30:00,-0.019527269420637955,0.14061463
2017-12-18 12:40:00,0.0022734317784890096,0.17126727
2017-12-18 12:50:00,0.02072017894698075,0.15863007
2017-12-18 13:00:00,-0.05725925364354724,0.1879681
2017-12-18 13:10:00,-0.09415274935879721,0.157345
2017-12-18 13:20:00,-0.1058915884660195,0.18483016
2017-12-18 13:30:00,-0.15200845776551583,0.19816926
2017-12-18 13:40:00,-0.1754861373582259,0.19719136
2017-12-18 13:50:00,-0.23082638024196814,0.19205746
2017-12-18 14:00:00,-0.15787787869739248,0.19855481
2017-12-18 14:10:00,-0.13775415313531714,0.19686887
2017-12-18 14:20:00,-0.1461390382119047,0.20871012
2017-12-18 14:30:00,-0.17884009138886114,0.21997753
2017-12-18 14:40:00,-0.19309439601905934,0.23013815
2017-12-18 14:50:00,-0.24088824233387332,0.22832271
2017-12-18 15:00:00,-0.2635274334189246,0.22612683
2017-12-18 15:10:00,-0.2526270828193611,0.22304848
2017-12-18 15:20:00,-0.27275080700317095,0.22285366
2017-12-18 15:30:00,-0.2819741805874168,0.22396511
2017-12-18 15:40:00,-0.28616662312571034,0.2226937
2017-12-18 15:50:00,-0.26101196789594866,0.21887866
2017-12-18 16:00:00,-0.2425652207274559,0.2161238
2017-12-18 16:10:00,-0.1998023054585948,0.21932639
2017-12-18 16:20:00,-0.19393288452671817,0.231089
2017-12-18 16:30:00,-0.20231777098157122,0.2635066
2017-12-18 16:40:00,-0.14781601522722182,0.31307024
2017-12-18 16:50:00,-0.06312867319715838,0.41491997
2017-12-18 17:00:00,0.04503634704735013,0.4571026
2017-12-18 17:10:00,0.2974213961222238,0.5359134
2017-12-18 17:20:00,0.7225350819095946,0.6120926
2017-12-18 17:30:00,0.9656967574002214,0.65720004
2017-12-18 17:40:00,1.0118136266997177,0.72735643
2017-12-18 17:50:00,1.0160060692380117,0.74106836
2017-12-18 18:00:00,1.0134906037150353,0.847895
2017-12-18 18:10:00,1.0512225879379447,0.8899619
2017-12-18 18:20:00,1.122494112467202,0.88758385
2017-12-18 18:30:00,1.1006934112680753,0.85382503
2017-12-18 18:40:00,1.0747002661523892,0.8123853
2017-12-18 18:50:00,1.0755387546600481,0.71091545
2017-12-18 19:00:00,1.0738617776447303,0.66242146
2017-12-18 19:10:00,1.0897930606685118,0.6170015
2017-12-18 19:20:00,1.0856006181302176,0.55828685
2017-12-18 19:30:00,1.0369682833077458,0.49915782
2017-12-18 19:40:00,0.9606658263542696,0.43586227
2017-12-18 19:50:00,0.9506039642623648,0.44379508
2017-12-18 20:00:00,0.9355111697462414,0.43544465
2017-12-18 20:10:00,0.9774355965074437,0.42502886
2017-12-18 20:20:00,0.9522809412776815,0.42945093
2017-12-18 20:30:00,0.9086795375011616,0.4252771
2017-12-18 20:40:00,0.8122533549856108,0.41613796
2017-12-18 20:50:00,0.7552361350865511,0.385856
2017-12-18 21:00:00,0.7208581048942769,0.27953857
2017-12-18 21:10:00,0.6630023964875583,0.16588962
2017-12-18 21:20:00,0.595084824610669,0.24045016
2017-12-18 21:30:00,0.5095589954512127,0.26360473
2017-12-18 21:40:00,0.4257101419288072,0.2066734
2017-12-18 21:50:00,0.36030803557489427,0.16279978
2017-12-18 22:00:00,0.2873595340303191,0.13417965
2017-12-18 22:10:00,0.2026721920002547,0.001920402
2017-12-18 22:20:00,0.13810857415400163,-0.23806274
2017-12-18 22:30:00,0.0819298427626006,-0.37661397
2017-12-18 22:40:00,0.0022734317784890096,-0.3517338
2017-12-18 22:50:00,-0.1201458944744837,-0.5131906
2017-12-18 23:00:00,-0.23334184576494454,-0.45994782
2017-12-18 23:10:00,-0.35240721798728203,-0.3601377
2017-12-18 23:20:00,-0.44631793360159183,-0.3884021
2017-12-18 23:30:00,-0.5628678403009534,-0.47516894
2017-12-18 23:40:00,-0.7104418217836878,-0.57847357
2017-12-18 23:50:00,-0.8026755603826805,-0.6572807
2017-12-19 00:00:00,-0.8949092989816727,-0.69079256
2017-12-19 00:10:00,-0.9619883823509027,-0.7021735
2017-12-19 00:20:00,-1.038290839304379,-0.73898184
2017-12-19 00:30:00,-1.1036929442800265,-0.7801542
2017-12-19 00:40:00,-1.1363939974569828,-0.85958254
2017-12-19 00:50:00,-1.1833493552641374,-0.96852565
2017-12-19 01:00:00,-1.2898373984933285,-1.063785
2017-12-19 01:10:00,-1.3435006643617535,-1.1633229
2017-12-19 01:20:00,-1.3980024201161023,-1.2614806
2017-12-19 01:30:00,-1.4407653353849637,-1.3515608
2017-12-19 01:40:00,-1.4675969676300433,-1.4135005
2017-12-19 01:50:00,-1.4843667391614834,-1.4524529
2017-12-19 02:00:00,-1.48017429662319,-1.450726
2017-12-19 02:10:00,-1.4818512736385077,-1.4625647
2017-12-19 02:20:00,-1.5011365093146587,-1.4806442
2017-12-19 02:30:00,-1.4935901127457298,-1.5008647
2017-12-19 02:40:00,-1.506167440360611,-1.5178009
2017-12-19 02:50:00,-1.5447379130911785,-1.5575547
2017-12-19 03:00:00,-1.5531227981677656,-1.6008124
2017-12-19 03:10:00,-1.566538615668571,-1.6565149
2017-12-19 03:20:00,-1.5975626904519442,-1.6712399
2017-12-19 03:30:00,-1.6151709504910436,-1.6659155
2017-12-19 03:40:00,-1.633617697659536,-1.690094
2017-12-19 03:50:00,-1.605109087020873,-1.7239594
2017-12-19 04:00:00,-1.6042705985132142,-1.6511497
2017-12-19 04:10:00,-1.614332461983385,-1.7302856
2017-12-19 04:20:00,-1.6311022321365596,-1.9071546
2017-12-19 04:30:00,-1.6042705985132142,-1.695081
2017-12-19 04:40:00,-1.602593621497897,-1.5674963
2017-12-19 04:50:00,-1.639487117213147,-1.6847515
2017-12-19 05:00:00,-1.6503874678127106,-1.4679916
2017-12-19 05:10:00,-1.6478720022897342,-1.4812275
2017-12-19 05:20:00,-1.6428410712437818,-1.5271719
2017-12-19 05:30:00,-1.6176864160140196,-1.4995995
2017-12-19 05:40:00,-1.542222447568202,-1.4046452
2017-12-19 05:50:00,-1.4030333511620547,-1.0605936
2017-12-19 06:00:00,-1.3711707864927571,-0.9801254
2017-12-19 06:10:00,-1.346016131262995,-0.91013944
2017-12-19 06:20:00,-1.3326003137621896,-0.8704729
2017-12-19 06:30:00,-1.300737750471158,-0.83643913
2017-12-19 06:40:00,-1.3233769401779436,-0.8179313
2017-12-19 06:50:00,-1.40638730519269,-0.8227985
2017-12-19 07:00:00,-1.3988409086237612,-0.81108093
2017-12-19 07:10:00,-1.3602704358931936,-0.80734396
2017-12-19 07:20:00,-1.365301366939146,-0.81141174
2017-12-19 07:30:00,-1.3602704358931936,-0.8160243
2017-12-19 07:40:00,-1.4013563741467376,-0.8155954
2017-12-19 07:50:00,-1.4013563741467376,-0.8051677
2017-12-19 08:00:00,-1.3208614746549672,-0.77396166
2017-12-19 08:10:00,-1.2202428509793875,-0.7571591
2017-12-19 08:20:00,-1.11459329487959,-0.7472596
2017-12-19 08:30:00,-1.029905952849526,-0.7227963
2017-12-19 08:40:00,-0.9812736180270537,-0.7033583
2017-12-19 08:50:00,-0.9041326739441841,-0.7157655
2017-12-19 09:00:00,-0.8311841710213429,-0.7161013
2017-12-19 09:10:00,-0.7800363706758943,-0.7195308
2017-12-19 09:20:00,-0.6894796090922196,-0.7093618
2017-12-19 09:30:00,-0.6173695946770368,-0.6803874
2017-12-19 09:40:00,-0.5947304035919856,-0.6236799
2017-12-19 09:50:00,-0.5528059782090482,-0.5383525
2017-12-19 10:00:00,-0.5217819020474094,-0.47323692
2017-12-19 10:10:00,-0.4018780413174131,-0.39430964
2017-12-19 10:20:00,-0.35408419500259963,-0.32339615
2017-12-19 10:30:00,-0.3498917524643056,-0.2429598
2017-12-19 10:40:00,-0.3163522107796909,-0.1977427
2017-12-19 10:50:00,-0.2509501058040435,-0.19656324
2017-12-19 11:00:00,-0.19477137303437697,-0.1555568
2017-12-19 11:10:00,-0.16458578675866242,-0.10926473
2017-12-19 11:20:00,-0.1344001991046824,-0.07060993
2017-12-19 11:30:00,-0.0790599562209397,-0.036718965
2017-12-19 11:40:00,-0.05642076513588843,-0.04587862
2017-12-19 11:50:00,-0.08828332980518606,-0.06743914
2017-12-19 12:00:00,-0.09666821488177363,-0.035036385
2017-12-19 12:10:00,-0.06396716170481719,0.04121697
2017-12-19 12:20:00,-0.07570600219030497,0.1024178
2017-12-19 12:30:00,-0.09499123786645602,0.15871152
2017-12-19 12:40:00,-0.0924757723434796,0.18752933
2017-12-19 12:50:00,-0.11343798641321375,0.1944488
2017-12-19 13:00:00,-0.17716311437354354,0.22621778
2017-12-19 13:10:00,-0.20231777098157122,0.23673728
2017-12-19 13:20:00,-0.20734870202752356,0.25964028
2017-12-19 13:30:00,-0.19477137303437697,0.27222627
2017-12-19 13:40:00,-0.24340370923511473,0.26805133
2017-12-19 13:50:00,-0.2534655713270199,0.24059348
2017-12-19 14:00:00,-0.22998789173430934,0.23482373
2017-12-19 14:10:00,-0.18051706840417825,0.25563425
2017-12-19 14:20:00,-0.16710125228163836,0.26200175
2017-12-19 14:30:00,-0.1847095109424723,0.26391906
2017-12-19 14:40:00,-0.19225590751140054,0.26045865
2017-12-19 14:50:00,-0.25765801386531345,0.25473166
2017-12-19 15:00:00,-0.2802972035720992,0.2609326
2017-12-19 15:10:00,-0.28281266909507563,0.25085232
2017-12-19 15:20:00,-0.27610476103380566,0.24616516
2017-12-19 15:30:00,-0.31215976824139685,0.24822834
2017-12-19 15:40:00,-0.3356374478341074,0.24408703
2017-12-19 15:50:00,-0.33396047081878977,0.22678328
2017-12-19 16:00:00,-0.3364759363417662,0.21792631
2017-12-19 16:10:00,-0.31719069928734966,0.2218481
2017-12-19 16:20:00,-0.23250335725728574,0.22655538
2017-12-19 16:30:00,-0.19644835004969458,0.24181108
2017-12-19 16:40:00,-0.1603933442203684,0.27580863
2017-12-19 16:50:00,-0.0933142608511384,0.3162245
2017-12-19 17:00:00,0.04000541600139729,0.33304682
2017-12-19 17:10:00,0.2789746475754661,0.38655877
2017-12-19 17:20:00,0.6177240156957208,0.4568709
2017-12-19 17:30:00,0.919579888100726,0.58097947
2017-12-19 17:40:00,1.0394837488307223,0.64780587
2017-12-19 17:50:00,1.0470301453996507,0.65802985
2017-12-19 18:00:00,1.088954572160853,0.7118143
2017-12-19 18:10:00,1.0897930606685118,0.75044256
2017-12-19 18:20:00,1.0679923580911188,0.7481595
2017-12-19 18:30:00,1.0512225879379447,0.7402941
2017-12-19 18:40:00,1.0185215347609882,0.7134084
2017-12-19 18:50:00,1.0151675807303528,0.6447071
2017-12-19 19:00:00,1.0252294428222577,0.60684425
2017-12-19 19:10:00,1.0403222373383803,0.59078395
2017-12-19 19:20:00,1.0092981611767413,0.59279025
2017-12-19 19:30:00,0.9900129241223248,0.56099683
2017-12-19 19:40:00,0.9522809412776815,0.52960664
2017-12-19 19:50:00,0.928803261684972,0.48811448
2017-12-19 20:00:00,0.8826863923854755,0.4699888
2017-12-19 20:10:00,0.9187413995930672,0.42340738
2017-12-19 20:20:00,0.9506039642623648,0.38812998
2017-12-19 20:30:00,0.919579888100726,0.37094367
2017-12-19 20:40:00,0.8701090647705945,0.30800268
2017-12-19 20:50:00,0.7619440431478205,0.21640965
2017-12-19 21:00:00,0.716665662355983,0.07936603
2017-12-19 21:10:00,0.7099577542947135,0.041169435
2017-12-19 21:20:00,0.6680333275335112,0.08312935
2017-12-19 21:30:00,0.6202394812186972,0.15271166
2017-12-19 21:40:00,0.5422600472499033,0.13377899
2017-12-19 21:50:00,0.46595759167469286,0.08330953
2017-12-19 22:00:00,0.3863011806905813,0.059630334
2017-12-19 22:10:00,0.31922209732135076,-0.04272473
2017-12-19 22:20:00,0.23705022081426377,-0.30794787
2017-12-19 22:30:00,0.1355931086310252,-0.42367578
2017-12-19 22:40:00,0.003111920286147816,-0.43987727
2017-12-19 22:50:00,-0.14530054970424588,-0.6141795
2017-12-19 23:00:00,-0.23166486874962694,-0.6017425
2017-12-19 23:10:00,-0.3901392022101908,-0.53063923
2017-12-19 23:20:00,-0.4798574752862071,-0.570709
2017-12-19 23:30:00,-0.5704142368698817,-0.6262977
2017-12-19 23:40:00,-0.6710328605454614,-0.7013664
2017-12-19 23:50:00,-0.7448198519759619,-0.77459884
2017-12-20 00:00:00,-0.8227992859447554,-0.8515042
2017-12-20 00:10:00,-0.893232321966355,-0.9034939
2017-12-20 00:20:00,-0.9762426869811014,-0.9312177
2017-12-20 00:30:00,-1.039129327812038,-0.9635111
2017-12-20 00:40:00,-1.1330400434263477,-1.0103981
2017-12-20 00:50:00,-1.235335644117245,-1.1110027
2017-12-20 01:00:00,-1.3242154286856025,-1.190974
2017-12-20 01:10:00,-1.3879405566459322,-1.2491806
2017-12-20 01:20:00,-1.4852052276691423,-1.3000658
2017-12-20 01:30:00,-1.527129654430345,-1.3481867
2017-12-20 01:40:00,-1.5053289518529522,-1.3889079
2017-12-20 01:50:00,-1.486043716176801,-1.4467394
2017-12-20 02:00:00,-1.5036519748376345,-1.4791313
2017-12-20 02:10:00,-1.5480918671218133,-1.5016838
2017-12-20 02:20:00,-1.542222447568202,-1.5203837
2017-12-20 02:30:00,-1.5564767521984009,-1.5450319
2017-12-20 02:40:00,-1.570731058206865,-1.5987582
2017-12-20 02:50:00,-1.585823851344722,-1.657332
2017-12-20 03:00:00,-1.5908547823906745,-1.6617677
2017-12-20 03:10:00,-1.6168479275063607,-1.709352
2017-12-20 03:20:00,-1.6243943240752896,-1.7219918
2017-12-20 03:30:00,-1.6151709504910436,-1.7021415
2017-12-20 03:40:00,-1.6017551329902384,-1.6846304
2017-12-20 03:50:00,-1.6009166444825795,-1.6987152
2017-12-20 04:00:00,-1.616009438998702,-1.5535383
2017-12-20 04:10:00,-1.602593621497897,-1.6721864
2017-12-20 04:20:00,-1.620201881536996,-1.8320248
2017-12-20 04:30:00,-1.6009166444825795,-1.6927886
2017-12-20 04:40:00,-1.593370247913651,-1.6036973
2017-12-20 04:50:00,-1.6260713010906072,-1.6986551
2017-12-20 05:00:00,-1.579115943283452,-1.4345847
2017-12-20 05:10:00,-1.5531227981677656,-1.4575102
2017-12-20 05:20:00,-1.561507683244353,-1.4630382
2017-12-20 05:30:00,-1.5455764015988374,-1.4545834
2017-12-20 05:40:00,-1.4952670897610474,-1.3937852
2017-12-20 05:50:00,-1.3644628784314872,-1.0781993
2017-12-20 06:00:00,-1.36949380947744,-0.9950335
2017-12-20 06:10:00,-1.3552395048472412,-0.9396993
2017-12-20 06:20:00,-1.3233769401779436,-0.87759304
2017-12-20 06:30:00,-1.278937047893765,-0.8442316
2017-12-20 06:40:00,-1.3242154286856025,-0.8305038
2017-12-20 06:50:00,-1.382071137092321,-0.8361403
2017-12-20 07:00:00,-1.421480098330547,-0.81861615
2017-12-20 07:10:00,-1.4156106787769358,-0.81524634
2017-12-20 07:20:00,-1.4105797477309836,-0.8118026
2017-12-20 07:30:00,-1.3812326485846622,-0.79485226
2017-12-20 07:40:00,-1.3854250911229558,-0.77186203
2017-12-20 07:50:00,-1.4097412592233247,-0.76173353
2017-12-20 08:00:00,-1.3309233367468725,-0.74171495
2017-12-20 08:10:00,-1.2495899487474438,-0.7245743
2017-12-20 08:20:00,-1.1850263322794552,-0.7149174
2017-12-20 08:30:00,-1.1196242259255422,-0.6861632
2017-12-20 08:40:00,-1.038290839304379,-0.65060544
2017-12-20 08:50:00,-1.004751297619764,-0.65163565
2017-12-20 09:00:00,-0.8915553449510375,-0.616729
2017-12-20 09:10:00,-0.7993216063520453,-0.58870685
2017-12-20 09:20:00,-0.7171497298449577,-0.5624652
2017-12-20 09:30:00,-0.6425242512850645,-0.533814
2017-12-20 09:40:00,-0.6056307555698145,-0.48054183
2017-12-20 09:50:00,-0.5569984207473423,-0.3691668
2017-12-20 10:00:00,-0.505850619023628,-0.31736386
2017-12-20 10:10:00,-0.41948630135651205,-0.25356674
2017-12-20 10:20:00,-0.3876237366872144,-0.17226493
2017-12-20 10:30:00,-0.3046133716724686,-0.07527852
2017-12-20 10:40:00,-0.27610476103380566,-0.04083848
2017-12-20 10:50:00,-0.27610476103380566,-0.06241858
2017-12-20 11:00:00,-0.229149403226651,-0.06603414
2017-12-20 11:10:00,-0.13943113015063474,-0.062213004
2017-12-20 11:20:00,-0.14530054970424588,-0.029302299
2017-12-20 11:30:00,-0.09750670338943193,0.013217837
2017-12-20 11:40:00,-0.10086065742006717,0.020398617
2017-12-20 11:50:00,-0.0807369332362573,-0.01327914
2017-12-20 12:00:00,-0.09582972637411483,0.015276849
2017-12-20 12:10:00,-0.07235204815966974,0.058229506
2017-12-20 12:20:00,-0.022881224829539176,0.08099994
2017-12-20 12:30:00,-0.03378157542910266,0.10762173
2017-12-20 12:40:00,-0.01868878091297915,0.13171962
2017-12-20 12:50:00,-0.029589132890808625,0.105213046
2017-12-20 13:00:00,-0.050551345582277286,0.13985032
2017-12-20 13:10:00,-0.05977471916652315,0.17739153
2017-12-20 13:20:00,-0.05306681110525321,0.22652762
2017-12-20 13:30:00,-0.07738297920562258,0.26217356
2017-12-20 13:40:00,-0.08996030682050368,0.27120942
2017-12-20 13:50:00,-0.13943113015063474,0.2675944
2017-12-20 14:00:00,-0.07486751368264616,0.27114397
2017-12-20 14:10:00,-0.09750670338943193,0.27129
2017-12-20 14:20:00,-0.0807369332362573,0.2613948
2017-12-20 14:30:00,-0.11092252089023732,0.27501363
2017-12-20 14:40:00,-0.1335617105970236,0.2773757
2017-12-20 14:50:00,-0.14697752671956352,0.26027352
2017-12-20 15:00:00,-0.16710125228163836,0.26266843
2017-12-20 15:10:00,-0.18135555691183705,0.28190777
2017-12-20 15:20:00,-0.16877822929695596,0.28293616
2017-12-20 15:30:00,-0.19812532844327768,0.29212835
2017-12-20 15:40:00,-0.24843464028106757,0.2921152
2017-12-20 15:50:00,-0.27778173804912326,0.2804039
2017-12-20 16:00:00,-0.2802972035720992,0.27205002
2017-12-20 16:10:00,-0.27275080700317095,0.2678339
2017-12-20 16:20:00,-0.24675766326574994,0.27530044
2017-12-20 16:30:00,-0.20651021351986473,0.2655138
2017-12-20 16:40:00,-0.11846891745916609,0.24548887
2017-12-20 16:50:00,-0.032943086921443855,0.22509912
2017-12-20 17:00:00,0.008142851332099653,0.21776038
2017-12-20 17:10:00,0.19009486300710862,0.21136281
2017-12-20 17:20:00,0.590892382072376,0.23037224
2017-12-20 17:30:00,0.9556348953083167,0.2792215
2017-12-20 17:40:00,1.0042672301307896,0.38763267
2017-12-20 17:50:00,1.0042672301307896,0.4969428
2017-12-20 18:00:00,1.0160060692380117,0.63077277
2017-12-20 18:10:00,1.071346312121754,0.75853145
2017-12-20 18:20:00,1.0654768925681424,0.84430707
2017-12-20 18:30:00,1.0654768925681424,0.8580697
2017-12-20 18:40:00,1.02355246580694,0.8618635
2017-12-20 18:50:00,1.0201985117763057,0.83364904
2017-12-20 19:00:00,1.0604459615221904,0.79435086
2017-12-20 19:10:00,1.0512225879379447,0.7605219
2017-12-20 19:20:00,0.9967208335618603,0.7319008
2017-12-20 19:30:00,0.9170644225777497,0.71396667
2017-12-20 19:40:00,0.9095180260088204,0.665364
2017-12-20 19:50:00,0.8919097659697215,0.635664
2017-12-20 20:00:00,0.8315385920400273,0.5764675
2017-12-20 20:10:00,0.915387445562432,0.53541255
2017-12-20 20:20:00,0.9430575663151706,0.49393138
2017-12-20 20:30:00,0.9547964068006579,0.4550801
2017-12-20 20:40:00,0.9103565145164791,0.4184013
2017-12-20 20:50:00,0.8499853392085192,0.37102652
2017-12-20 21:00:00,0.7619440431478205,0.26318383
2017-12-20 21:10:00,0.7384663649333759,0.08615655
2017-12-20 21:20:00,0.664679373502876,0.123286664
2017-12-20 21:30:00,0.5665762153502726,0.19743842
2017-12-20 21:40:00,0.5078820184358952,0.14909887
2017-12-20 21:50:00,0.4458338661126175,0.08697611
2017-12-20 22:00:00,0.39468606576716836,0.04401651
2017-12-20 22:10:00,0.31586814329071555,-0.059967518
2017-12-20 22:20:00,0.20351068050791352,-0.2977333
2017-12-20 22:30:00,0.14062403967697704,-0.40239888
2017-12-20 22:40:00,0.05845216316989003,-0.34966552
2017-12-20 22:50:00,-0.06983658263669383,-0.4850334
2017-12-20 23:00:00,-0.20818719053518236,-0.47042394
2017-12-20 23:10:00,-0.33060651678815456,-0.34734654
2017-12-20 23:20:00,-0.4765035212555719,-0.3635347
2017-12-20 23:30:00,-0.5779606334388104,-0.49750817
2017-12-20 23:40:00,-0.6609709984535568,-0.6200167
2017-12-20 23:50:00,-0.7582356680985017,-0.72740054
2017-12-21 00:00:00,-0.8429230101285652,-0.789207
2017-12-21 00:10:00,-0.9183869785743828,-0.81347835
2017-12-21 00:20:00,-0.9980433895584944,-0.8231435
2017-12-21 00:30:00,-1.0617685175188236,-0.84397745
2017-12-21 00:40:00,-1.1120778293566136,-0.8853173
2017-12-21 00:50:00,-1.1481328365642052,-0.94500947
2017-12-21 01:00:00,-1.2034730794479473,-1.0243367
2017-12-21 01:10:00,-1.2797755364014238,-1.0808617
2017-12-21 01:20:00,-1.31918449763965,-1.1596267
2017-12-21 01:30:00,-1.3443391528694124,-1.250984
2017-12-21 01:40:00,-1.4097412592233247,-1.326402
2017-12-21 01:50:00,-1.4315419604224522,-1.3886552
2017-12-21 02:00:00,-1.4717894101683369,-1.3848848
2017-12-21 02:10:00,-1.5002980208069998,-1.3943563
2017-12-21 02:20:00,-1.5246141889073688,-1.4059308
2017-12-21 02:30:00,-1.5237757003997099,-1.4167998
2017-12-21 02:40:00,-1.5480918671218133,-1.4250416
2017-12-21 02:50:00,-1.573246523729841,-1.4437603
2017-12-21 03:00:00,-1.5598307062290355,-1.4675416
2017-12-21 03:10:00,-1.5589922177213766,-1.5080323
2017-12-21 03:20:00,-1.5506073326447896,-1.5257231
2017-12-21 03:30:00,-1.5782774547757932,-1.5338026
2017-12-21 03:40:00,-1.590016293883016,-1.5449672
2017-12-21 03:50:00,-1.6076245525438495,-1.5716577
2017-12-21 04:00:00,-1.6084630410515084,-1.5114105
2017-12-21 04:10:00,-1.6042705985132142,-1.684082
2017-12-21 04:20:00,-1.5816314088064285,-1.8161249
2017-12-21 04:30:00,-1.579115943283452,-1.6087203
2017-12-21 04:40:00,-1.5740850122374996,-1.5412297
2017-12-21 04:50:00,-1.5749235007451585,-1.6576343
2017-12-21 05:00:00,-1.5564767521984009,-1.3878293
2017-12-21 05:10:00,-1.542222447568202,-1.436211
2017-12-21 05:20:00,-1.5816314088064285,-1.3576624
2017-12-21 05:30:00,-1.5682155926838885,-1.3559268
2017-12-21 05:40:00,-1.5313220969686385,-1.279421
2017-12-21 05:50:00,-1.4239955638535233,-1.119072
2017-12-21 06:00:00,-1.3753632290310511,-1.0364554
2017-12-21 06:10:00,-1.3778786945540271,-0.99355125
2017-12-21 06:20:00,-1.340985198838777,-0.97234595
2017-12-21 06:30:00,-1.2822910019243996,-0.93378663
2017-12-21 06:40:00,-1.2705521628171774,-0.8910103
2017-12-21 06:50:00,-1.3258924057009196,-0.8669343
2017-12-21 07:00:00,-1.3367927563004836,-0.82807815
2017-12-21 07:10:00,-1.3535625278319237,-0.8078363
2017-12-21 07:20:00,-1.3803941600770036,-0.7882738
2017-12-21 07:30:00,-1.393809977577809,-0.7691115
2017-12-21 07:40:00,-1.4466347549385747,-0.75895476
2017-12-21 07:50:00,-1.486043716176801,-0.7600769
2017-12-21 08:00:00,-1.3971639316084437,-0.7379415
2017-12-21 08:10:00,-1.2831294904320585,-0.7205231
2017-12-21 08:20:00,-1.1883802863100899,-0.69370365
2017-12-21 08:30:00,-1.1481328365642052,-0.66409993
2017-12-21 08:40:00,-1.1263321353650777,-0.6347333
2017-12-21 08:50:00,-1.1129163178642723,-0.6301491
2017-12-21 09:00:00,-1.0349368838954789,-0.5960276
2017-12-21 09:10:00,-0.9393491912658514,-0.57106626
2017-12-21 09:20:00,-0.8429230101285652,-0.5743034
2017-12-21 09:30:00,-0.8118989339669264,-0.5647441
2017-12-21 09:40:00,-0.7414658979453266,-0.5307997
2017-12-21 09:50:00,-0.6400087857620881,-0.44742578
2017-12-21 10:00:00,-0.5829915644847627,-0.36471903
2017-12-21 10:10:00,-0.5460980687695128,-0.31756508
2017-12-21 10:20:00,-0.47063410170196074,-0.24575591
2017-12-21 10:30:00,-0.4412870025556395,-0.13604945
2017-12-21 10:40:00,-0.3675000111251395,-0.054543495
2017-12-21 10:50:00,-0.3473762869413297,-0.04627472
2017-12-21 11:00:00,-0.31467523376437323,-0.025981009
2017-12-21 11:10:00,-0.3037748831648098,-0.012145251
2017-12-21 11:20:00,-0.28448964611039324,0.022120774
2017-12-21 11:30:00,-0.24675766326574994,0.054806888
2017-12-21 11:40:00,-0.20651021351986473,0.03701842
2017-12-21 11:50:00,-0.17800160288120234,-0.015785664
2017-12-21 12:00:00,-0.2157335871041111,-0.008430064
2017-12-21 12:10:00,-0.17045520631227357,0.06065932
2017-12-21 12:20:00,-0.1302077565663884,0.11975849
2017-12-21 12:30:00,-0.10673007697367831,0.16058439
2017-12-21 12:40:00,-0.05474378812057082,0.17032322
2017-12-21 12:50:00,-0.048035880059300866,0.12086442
2017-12-21 13:00:00,-0.06732111711371741,0.106586635
2017-12-21 13:10:00,-0.11427647492087256,0.103309214
2017-12-21 13:20:00,-0.09834519189709075,0.13344789
2017-12-21 13:30:00,-0.14949299224253942,0.14950049
2017-12-21 13:40:00,-0.16626276377398005,0.16684172
2017-12-21 13:50:00,-0.18890195348076583,0.21128742
2017-12-21 14:00:00,-0.15200845776551583,0.25443125
2017-12-21 14:10:00,-0.15536241317441607,0.2752462
2017-12-21 14:20:00,-0.15620090168207487,0.29824018
2017-12-21 14:30:00,-0.16542427526632125,0.29828995
2017-12-21 14:40:00,-0.16710125228163836,0.3103106
2017-12-21 14:50:00,-0.19057893049608343,0.3113492
2017-12-21 15:00:00,-0.19393288452671817,0.3203577
2017-12-21 15:10:00,-0.19560986154203577,0.31723112
2017-12-21 15:20:00,-0.1998023054585948,0.30807906
2017-12-21 15:30:00,-0.20399474799688883,0.3044475
2017-12-21 15:40:00,-0.23753428830323808,0.30407655
2017-12-21 15:50:00,-0.23501882278026215,0.2924934
2017-12-21 16:00:00,-0.21992602964240465,0.26581502
2017-12-21 16:10:00,-0.229149403226651,0.25696114
2017-12-21 16:20:00,-0.19812532844327768,0.25007844
2017-12-21 16:30:00,-0.19812532844327768,0.24904811
2017-12-21 16:40:00,-0.13943113015063474,0.24808449
2017-12-21 16:50:00,-0.0656441387201343,0.23549365
2017-12-21 17:00:00,0.04587483555500894,0.22075558
2017-12-21 17:10:00,0.2823286016061013,0.19507557
2017-12-21 17:20:00,0.5598683072890022,0.20411156
2017-12-21 17:30:00,0.9137104685471144,0.25316358
2017-12-21 17:40:00,1.0319373508835281,0.37986028
2017-12-21 17:50:00,1.11075527335998,0.5071766
2017-12-21 18:00:00,1.0923085261914882,0.66634667
2017-12-21 18:10:00,1.0562535189838964,0.7971518
2017-12-21 18:20:00,1.0227139772992813,0.8379903
2017-12-21 18:30:00,1.0260679313299164,0.84826434
2017-12-21 18:40:00,1.0629614270451668,0.83897185
2017-12-21 18:50:00,1.0939855032068058,0.80177474
2017-12-21 19:00:00,1.0512225879379447,0.75319755
2017-12-21 19:10:00,1.0931470146991469,0.72971904
2017-12-21 19:20:00,1.0419992143536978,0.70735264
2017-12-21 19:30:00,0.9841435045687141,0.72317505
2017-12-21 19:40:00,0.9573118723236343,0.7146516
2017-12-21 19:50:00,0.9162259340700908,0.69970834
2017-12-21 20:00:00,0.8717860417859121,0.6723754
2017-12-21 20:10:00,0.9204183766083839,0.64530814
2017-12-21 20:20:00,0.928803261684972,0.6175127
2017-12-21 20:30:00,0.8994561625386507,0.56861013
2017-12-21 20:40:00,0.8088994009549756,0.4894365
2017-12-21 20:50:00,0.7502052040405982,0.39346784
2017-12-21 21:00:00,0.7267275244478876,0.31551588
2017-12-21 21:10:00,0.6806106551483923,0.16695404
2017-12-21 21:20:00,0.6353322743565547,0.23944296
2017-12-21 21:30:00,0.5757995889345184,0.30589542
2017-12-21 21:40:00,0.5070435285499704,0.25320205
2017-12-21 21:50:00,0.47434247675127994,0.20844065
2017-12-21 22:00:00,0.39384757725950953,0.1741843
2017-12-21 22:10:00,0.30329081567583444,0.032413423
2017-12-21 22:20:00,0.20770312304620753,-0.24736118
2017-12-21 22:30:00,0.11714636146253246,-0.32831693
2017-12-21 22:40:00,0.03245901943246903,-0.25684506
2017-12-21 22:50:00,-0.10756856548133711,-0.36797738
2017-12-21 23:00:00,-0.23166486874962694,-0.36142433
2017-12-21 23:10:00,-0.35576117201791674,-0.308209
2017-12-21 23:20:00,-0.45889526121647295,-0.31662273
2017-12-21 23:30:00,-0.5569984207473423,-0.4071759
2017-12-21 23:40:00,-0.6257544797536244,-0.4871894
2017-12-21 23:50:00,-0.7154727528296402,-0.57562935
2017-12-22 00:00:00,-0.8202838204217794,-0.6313207
2017-12-22 00:10:00,-0.8789780173361563,-0.6584903
2017-12-22 00:20:00,-0.941026168281169,-0.67745864
2017-12-22 00:30:00,-1.0156516482193279,-0.7009826
2017-12-22 00:40:00,-1.0525451439345777,-0.7615298
2017-12-22 00:50:00,-1.1372324859646412,-0.8551028
2017-12-22 01:00:00,-1.2118579645245349,-0.923185
2017-12-22 01:10:00,-1.314992055101356,-0.9968324
2017-12-22 01:20:00,-1.3242154286856025,-1.0877078
2017-12-22 01:30:00,-1.3611089244008525,-1.1677309
2017-12-22 01:40:00,-1.4164491672845947,-1.2379788
2017-12-22 01:50:00,-1.4508271974768687,-1.3053415
2017-12-22 02:00:00,-1.4835282506538248,-1.3372489
2017-12-22 02:10:00,-1.5019749978223174,-1.370708
2017-12-22 02:20:00,-1.521260234876734,-1.3928983
2017-12-22 02:30:00,-1.5262911659226863,-1.4124626
2017-12-22 02:40:00,-1.5447379130911785,-1.42732
2017-12-22 02:50:00,-1.543060936075861,-1.4453639
2017-12-22 03:00:00,-1.5782774547757932,-1.4772848
2017-12-22 03:10:00,-1.561507683244353,-1.5069963
2017-12-22 03:20:00,-1.561507683244353,-1.5193524
2017-12-22 03:30:00,-1.5631846602596708,-1.5288897
2017-12-22 03:40:00,-1.5942087364213096,-1.5435188
2017-12-22 03:50:00,-1.6235558355676307,-1.5624967
2017-12-22 04:00:00,-1.6168479275063607,-1.5367911
2017-12-22 04:10:00,-1.6235558355676307,-1.706449
2017-12-22 04:20:00,-1.6193633930293372,-1.8397961
2017-12-22 04:30:00,-1.6352946746748531,-1.6785624
2017-12-22 04:40:00,-1.6344561861671947,-1.5967524
2017-12-22 04:50:00,-1.6218788585523136,-1.6729822
2017-12-22 05:00:00,-1.5975626904519442,-1.4017643
2017-12-22 05:10:00,-1.593370247913651,-1.4425915
2017-12-22 05:20:00,-1.5950472249289684,-1.370656
2017-12-22 05:30:00,-1.605109087020873,-1.3708298
2017-12-22 05:40:00,-1.5522843096601073,-1.2852767
2017-12-22 05:50:00,-1.4290264948994758,-1.158139
2017-12-22 06:00:00,-1.3879405566459322,-1.0490143
2017-12-22 06:10:00,-1.3476931082783126,-0.9673209
2017-12-22 06:20:00,-1.300737750471158,-0.91551924
2017-12-22 06:30:00,-1.2328201785942685,-0.876989
2017-12-22 06:40:00,-1.2328201785942685,-0.8509543
2017-12-22 06:50:00,-1.288160421478011,-0.8335593
2017-12-22 07:00:00,-1.3476931082783126,-0.8182783
2017-12-22 07:10:00,-1.3426621758540946,-0.80076575
2017-12-22 07:20:00,-1.3980024201161023,-0.7890079
2017-12-22 07:30:00,-1.4441192894155988,-0.77232563
2017-12-22 07:40:00,-1.4877206931921187,-0.765821
2017-12-22 07:50:00,-1.4868822046844599,-0.7646303
2017-12-22 08:00:00,-1.4080642822080072,-0.73761773
2017-12-22 08:10:00,-1.2688751858018603,-0.7132046
2017-12-22 08:20:00,-1.2336586671019274,-0.6836364
2017-12-22 08:30:00,-1.1892187748177487,-0.65627265
2017-12-22 08:40:00,-1.142263417010594,-0.63659084
2017-12-22 08:50:00,-1.0869231741268512,-0.6176443
2017-12-22 09:00:00,-1.0525451439345777,-0.57175696
2017-12-22 09:10:00,-0.9334797717122403,-0.5514288
2017-12-22 09:20:00,-0.8462769641592004,-0.53915596
2017-12-22 09:30:00,-0.76578206466743,-0.5216981
2017-12-22 09:40:00,-0.7624281106367953,-0.47449756
2017-12-22 09:50:00,-0.6844486780462669,-0.38156557
2017-12-22 10:00:00,-0.6106616866157668,-0.30314696
2017-12-22 10:10:00,-0.5469365572771716,-0.24473763
2017-12-22 10:20:00,-0.5251358560780446,-0.15750694
2017-12-22 10:30:00,-0.4714725902096195,-0.036940843
2017-12-22 10:40:00,-0.3825928056412621,0.04534304
2017-12-22 10:50:00,-0.3742079191864095,0.07933554
2017-12-22 11:00:00,-0.34066837888005974,0.1161322
2017-12-22 11:10:00,-0.30125941764183334,0.14960575
2017-12-22 11:20:00,-0.23334184576494454,0.16410044
2017-12-22 11:30:00,-0.26939685297253574,0.17279205
2017-12-22 11:40:00,-0.2568195253576546,0.15080833
2017-12-22 11:50:00,-0.29119755554992865,0.11923152
2017-12-22 12:00:00,-0.38007734011828614,0.12750775
2017-12-22 12:10:00,-0.38510827116423846,0.19732824
2017-12-22 12:20:00,-0.40774746087102426,0.20992413
2017-12-22 12:30:00,-0.43961002554032186,0.20676349
2017-12-22 12:40:00,-0.4697956131943019,0.19281685
2017-12-22 12:50:00,-0.4538643301705206,0.14985171
2017-12-22 13:00:00,-0.3842697826565797,0.113800704
2017-12-22 13:10:00,-0.33060651678815456,0.09362817
2017-12-22 13:20:00,-0.3398298903724009,0.08652577
2017-12-22 13:30:00,-0.3381529133570833,0.110183954
2017-12-22 13:40:00,-0.38175431713360325,0.116579115
2017-12-22 13:50:00,-0.41948630135651205,0.16591603
2017-12-22 14:00:00,-0.430386651956076,0.22645745
2017-12-22 14:10:00,-0.44631793360159183,0.24915259
2017-12-22 14:20:00,-0.430386651956076,0.25502026
2017-12-22 14:30:00,-0.389300713702532,0.2481701
2017-12-22 14:40:00,-0.41613234594761184,0.24436586
2017-12-22 14:50:00,-0.3708539651557743,0.21970166
2017-12-22 15:00:00,-0.4010395528097543,0.19260323
2017-12-22 15:10:00,-0.44631793360159183,0.16239277
2017-12-22 15:20:00,-0.4404485140479807,0.16185614
2017-12-22 15:30:00,-0.4899193373781118,0.10902929
2017-12-22 15:40:00,-0.5075275974172107,0.08593306
2017-12-22 15:50:00,-0.4991427109623581,0.04571256
2017-12-22 16:00:00,-0.45051037613988537,-0.010249108
2017-12-22 16:10:00,-0.4563797956934965,-0.042639792
2017-12-22 16:20:00,-0.4647646821483496,-0.05132836
2017-12-22 16:30:00,-0.46057223823179055,-0.065727055
2017-12-22 16:40:00,-0.3901392022101908,-0.08738065
2017-12-22 16:50:00,-0.2945515095805634,-0.086722314
2017-12-22 17:00:00,-0.23501882278026215,-0.033922523
2017-12-22 17:10:00,-0.064805650212476,0.008821458
2017-12-22 17:20:00,0.30496779269115204,0.017123342
2017-12-22 17:30:00,0.6286243662952843,0.05164236
2017-12-22 17:40:00,0.781229280202237,0.0928646
2017-12-22 17:50:00,0.811414866477952,0.1396724
2017-12-22 18:00:00,0.8139303320009275,0.17467806
2017-12-22 18:10:00,0.8424389426395908,0.24337849
2017-12-22 18:20:00,0.863401156709325,0.36876994
2017-12-22 18:30:00,0.8357310345783204,0.45911315
2017-12-22 18:40:00,0.811414866477952,0.49184817
2017-12-22 18:50:00,0.8156073090162451,0.5070988
2017-12-22 19:00:00,0.8206382414404629,0.5023343
2017-12-22 19:10:00,0.8147688205085862,0.46579158
2017-12-22 19:20:00,0.7627825316554793,0.41970122
2017-12-22 19:30:00,0.7560746235942098,0.33878115
2017-12-22 19:40:00,0.7225350819095946,0.30492276
2017-12-22 19:50:00,0.7300814798567888,0.3100968
2017-12-22 20:00:00,0.737627876425717,0.2984928
2017-12-22 20:10:00,0.7611055546401617,0.29425412
2017-12-22 20:20:00,0.7619440431478205,0.27402562
2017-12-22 20:30:00,0.7661364856861145,0.24377975
2017-12-22 20:40:00,0.7367893879180583,0.21488419
2017-12-22 20:50:00,0.7175041508636417,0.1533503
2017-12-22 21:00:00,0.7124732198176889,0.0556297
2017-12-22 21:10:00,0.6101776191267926,-0.04659742
2017-12-22 21:20:00,0.5632222613196374,-0.054023862
2017-12-22 21:30:00,0.5355521391886338,-0.04940319
2017-12-22 21:40:00,0.5053665515346527,-0.039702415
2017-12-22 21:50:00,0.43325653849773643,-0.07117629
2017-12-22 22:00:00,0.3167066317983743,-0.09972125
2017-12-22 22:10:00,0.2831670901137601,-0.16847056
2017-12-22 22:20:00,0.23621173230660494,-0.381526
2017-12-22 22:30:00,0.18422544345349698,-0.5881221
2017-12-22 22:40:00,0.07773740022430657,-0.53043425
2017-12-22 22:50:00,-0.03545855244441977,-0.68054485
2017-12-22 23:00:00,-0.12936926805872956,-0.6814059
2017-12-22 23:10:00,-0.20818719053518236,-0.58137393
2017-12-22 23:20:00,-0.29874395211885746,-0.6125493
2017-12-22 23:30:00,-0.3976855987791196,-0.68554616
2017-12-22 23:40:00,-0.5528059782090482,-0.8074639
2017-12-22 23:50:00,-0.6525861133769691,-0.90241945
2017-12-23 00:00:00,-0.7641050876521129,-0.93156946
2017-12-23 00:10:00,-0.8571773147587639,-0.95365024
2017-12-23 00:20:00,-0.9611498938432439,-0.98959327
2017-12-23 00:30:00,-1.0349368838954789,-1.0164902
2017-12-23 00:40:00,-1.098662013234074,-1.0509992
2017-12-23 00:50:00,-1.1858648207871139,-1.1022443
2017-12-23 01:00:00,-1.2177273854564117,-1.1404978
2017-12-23 01:10:00,-1.2755830938631296,-1.2058908
2017-12-23 01:20:00,-1.31918449763965,-1.2688959
2017-12-23 01:30:00,-1.3560779933549,-1.3243814
2017-12-23 01:40:00,-1.384586602615297,-1.3561491
2017-12-23 01:50:00,-1.4172876557922536,-1.4053557
2017-12-23 02:00:00,-1.4634045250917498,-1.4510231
2017-12-23 02:10:00,-1.4944286012533887,-1.4607267
2017-12-23 02:20:00,-1.5128753484218809,-1.472117
2017-12-23 02:30:00,-1.5095213943912456,-1.5055883
2017-12-23 02:40:00,-1.542222447568202,-1.5370111
2017-12-23 02:50:00,-1.599239667467262,-1.5717487
2017-12-23 03:00:00,-1.6176864160140196,-1.6032388
2017-12-23 03:10:00,-1.6453565367667582,-1.648005
2017-12-23 03:20:00,-1.6621263082981983,-1.6754615
2017-12-23 03:30:00,-1.6671572393441507,-1.6813517
2017-12-23 03:40:00,-1.6805730554666907,-1.6936367
2017-12-23 03:50:00,-1.6948273600968893,-1.7212195
2017-12-23 04:00:00,-1.7082431775976947,-1.7142875
2017-12-23 04:10:00,-1.7015352695364248,-1.77321
2017-12-23 04:20:00,-1.6864424750203018,-1.9614899
2017-12-23 04:30:00,-1.6948273600968893,-1.7745962
2017-12-23 04:40:00,-1.6864424750203018,-1.6035821
2017-12-23 04:50:00,-1.6814115439743493,-1.7827094
2017-12-23 05:00:00,-1.6554184002369285,-1.5845895
2017-12-23 05:10:00,-1.647033513782076,-1.485187
2017-12-23 05:20:00,-1.6327792091518771,-1.5802689
2017-12-23 05:30:00,-1.6034321100055555,-1.5531459
2017-12-23 05:40:00,-1.570731058206865,-1.577214
2017-12-23 05:50:00,-1.4466347549385747,-1.1648738
2017-12-23 06:00:00,-1.4189646328075711,-1.1256428
2017-12-23 06:10:00,-1.4206416098228882,-1.0830544
2017-12-23 06:20:00,-1.3829096255999793,-1.0273474
2017-12-23 06:30:00,-1.4047103281773723,-0.9796319
2017-12-23 06:40:00,-1.4089027707156658,-0.96541953
2017-12-23 06:50:00,-1.4105797477309836,-0.9772799
2017-12-23 07:00:00,-1.5145523254371984,-0.95309114
2017-12-23 07:10:00,-1.5204217449908097,-0.9368119
2017-12-23 07:20:00,-1.5455764015988374,-0.9275706
2017-12-23 07:30:00,-1.5455764015988374,-0.9199743
2017-12-23 07:40:00,-1.570731058206865,-0.9355953
2017-12-23 07:50:00,-1.5849853628370631,-0.9723457
2017-12-23 08:00:00,-1.522937211892051,-0.9831693
2017-12-23 08:10:00,-1.4566966170304798,-0.96615744
2017-12-23 08:20:00,-1.3971639316084437,-0.9335213
2017-12-23 08:30:00,-1.3661398554468047,-0.9184942
2017-12-23 08:40:00,-1.3242154286856025,-0.9021616
2017-12-23 08:50:00,-1.194249705863701,-0.9089744
2017-12-23 09:00:00,-1.1120778293566136,-0.8649752
2017-12-23 09:10:00,-0.9913354801189589,-0.8293834
2017-12-23 09:20:00,-0.8882013909204027,-0.7794062
2017-12-23 09:30:00,-0.8144143994899028,-0.73688316
2017-12-23 09:40:00,-0.746496828991279,-0.69829214
2017-12-23 09:50:00,-0.6928335631228544,-0.6004777
2017-12-23 10:00:00,-0.6584555329305803,-0.53135335
2017-12-23 10:10:00,-0.5486135342924892,-0.5017972
2017-12-23 10:20:00,-0.4681186361789848,-0.46023476
2017-12-23 10:30:00,-0.4220017668794884,-0.4411583
2017-12-23 10:40:00,-0.3750464090723333,-0.40797055
2017-12-23 10:50:00,-0.3264140728715955,-0.40229565
2017-12-23 11:00:00,-0.3314450052958134,-0.358971
2017-12-23 11:10:00,-0.23501882278026215,-0.29153645
2017-12-23 11:20:00,-0.229149403226651,-0.22866893
2017-12-23 11:30:00,-0.17716311437354354,-0.14071345
2017-12-23 11:40:00,-0.12601531402809485,-0.14214027
2017-12-23 11:50:00,-0.14446206119658708,-0.14870805
2017-12-23 12:00:00,-0.14026961865829354,-0.12047887
2017-12-23 12:10:00,-0.14110810716595237,-0.06478304
2017-12-23 12:20:00,-0.1302077565663884,-0.029491335
2017-12-23 12:30:00,-0.19896381695093598,-0.019889653
2017-12-23 12:40:00,-0.23334184576494454,-0.024189442
2017-12-23 12:50:00,-0.18051706840417825,-0.014542937
2017-12-23 13:00:00,-0.1872249764654482,0.026177436
2017-12-23 13:10:00,-0.19225590751140054,0.05675465
2017-12-23 13:20:00,-0.22160300665772226,0.07540408
2017-12-23 13:30:00,-0.21824905262708702,0.08642349
2017-12-23 13:40:00,-0.23418033427260335,0.101177335
2017-12-23 13:50:00,-0.26939685297253574,0.0925574
2017-12-23 14:00:00,-0.2769432495414645,0.07358
2017-12-23 14:10:00,-0.27778173804912326,0.0964897
2017-12-23 14:20:00,-0.29874395211885746,0.1405732
2017-12-23 14:30:00,-0.2584965023729722,0.16566908
2017-12-23 14:40:00,-0.31383674525671446,0.16825199
2017-12-23 14:50:00,-0.333121982311131,0.12546408
2017-12-23 15:00:00,-0.3909776907178496,0.08371639
2017-12-23 15:10:00,-0.42619420941778197,0.08148712
2017-12-23 15:20:00,-0.4203247898641708,0.07003349
2017-12-23 15:30:00,-0.46560317065600837,0.076841176
2017-12-23 15:40:00,-0.5024966649929928,0.09139255
2017-12-23 15:50:00,-0.5310052756316558,0.05349046
2017-12-23 16:00:00,-0.6123386636310845,0.0492779
2017-12-23 16:10:00,-0.5746066794081757,0.03128746
2017-12-23 16:20:00,-0.5620293517932946,0.023478895
2017-12-23 16:30:00,-0.5075275974172107,-0.011755586
2017-12-23 16:40:00,-0.445479445093933,-0.025941104
2017-12-23 16:50:00,-0.3465377984336709,0.011805415
2017-12-23 17:00:00,-0.24591917475809114,0.071792305
2017-12-23 17:10:00,-0.09918368040474955,0.16505617
2017-12-23 17:20:00,0.2580124348839979,0.2770306
2017-12-23 17:30:00,0.6797721666407335,0.4047381
2017-12-23 17:40:00,0.8483083621932015,0.51878136
2017-12-23 17:50:00,0.9036486050769438,0.582192
2017-12-23 18:00:00,0.919579888100726,0.6573722
2017-12-23 18:10:00,0.9170644225777497,0.7263218
2017-12-23 18:20:00,0.8768169728318639,0.73415464
2017-12-23 18:30:00,0.8525008047314956,0.7452542
2017-12-23 18:40:00,0.8541777817468131,0.72532916
2017-12-23 18:50:00,0.8449544081625663,0.6552576
2017-12-23 19:00:00,0.8768169728318639,0.5715504
2017-12-23 19:10:00,0.8726245302935709,0.50901204
2017-12-23 19:20:00,0.8793324383548403,0.5059043
2017-12-23 19:30:00,0.8784939498471815,0.5019812
2017-12-23 19:40:00,0.8508238277161779,0.48461524
2017-12-23 19:50:00,0.8265076609940746,0.47487143
2017-12-23 20:00:00,0.798837538863071,0.42511743
2017-12-23 20:10:00,0.7795523031869194,0.39509612
2017-12-23 20:20:00,0.7443357844869866,0.3683535
2017-12-23 20:30:00,0.7158271738483242,0.3246256
2017-12-23 20:40:00,0.6705487930564866,0.25986743
2017-12-23 20:50:00,0.6554559999186301,0.18797791
2017-12-23 21:00:00,0.6244319237569902,0.1178343
2017-12-23 21:10:00,0.5791535429651538,-0.015865803
2017-12-23 21:20:00,0.4969816664580657,-0.064330995
2017-12-23 21:30:00,0.4466723546202763,-0.10954559
2017-12-23 21:40:00,0.35611559303660123,-0.07214773
2017-12-23 21:50:00,0.3217375628443272,-0.061492622
2017-12-23 22:00:00,0.2789746475754661,-0.05343145
2017-12-23 22:10:00,0.23285777827596973,-0.12249386
2017-12-23 22:20:00,0.16829416180798165,-0.37001437
2017-12-23 22:30:00,0.14649345923058868,-0.6100583
2017-12-23 22:40:00,0.052582743616278384,-0.5446099
2017-12-23 22:50:00,-0.00946540732873328,-0.67203176
2017-12-23 23:00:00,-0.09582972637411483,-0.65911746
2017-12-23 23:10:00,-0.20651021351986473,-0.6020789
2017-12-23 23:20:00,-0.3163522107796909,-0.5983697
2017-12-23 23:30:00,-0.41948630135651205,-0.6334106
2017-12-23 23:40:00,-0.4949502684240641,-0.696761
2017-12-23 23:50:00,-0.5813145874694456,-0.7850448
2017-12-24 00:00:00,-0.6676789065148266,-0.8475764
2017-12-24 00:10:00,-0.7481738060065966,-0.91598225
2017-12-24 00:20:00,-0.8563388262511051,-0.9877713
2017-12-24 00:30:00,-0.9443801223118038,-1.0599823
2017-12-24 00:40:00,-1.029905952849526,-1.1498189
2017-12-24 00:50:00,-1.0995005017417323,-1.2256565
2017-12-24 01:00:00,-1.1724490046645741,-1.2732191
2017-12-24 01:10:00,-1.2294662245636339,-1.3179449
2017-12-24 01:20:00,-1.2739061168478125,-1.3615153
2017-12-24 01:30:00,-1.3367927563004836,-1.3979938
2017-12-24 01:40:00,-1.4231570753458647,-1.4526674
2017-12-24 01:50:00,-1.4784973196078723,-1.5100974
2017-12-24 02:00:00,-1.5220987233843923,-1.5279529
2017-12-24 02:10:00,-1.5757619892528174,-1.5198667
2017-12-24 02:20:00,-1.599239667467262,-1.536624
2017-12-24 02:30:00,-1.602593621497897,-1.5510378
2017-12-24 02:40:00,-1.6017551329902384,-1.5954912
2017-12-24 02:50:00,-1.620201881536996,-1.640523
2017-12-24 03:00:00,-1.6386486287054882,-1.6787467
2017-12-24 03:10:00,-1.6696727048671272,-1.7332826
2017-12-24 03:20:00,-1.677219101436056,-1.7682595
2017-12-24 03:30:00,-1.6478720022897342,-1.7901514
2017-12-24 03:40:00,-1.6629647968058572,-1.8088923
2017-12-24 03:50:00,-1.652902933335687,-1.8113372
2017-12-24 04:00:00,-1.6445180482590995,-1.7336457
2017-12-24 04:10:00,-1.6495489793050517,-1.8675711
2017-12-24 04:20:00,-1.6663187508364918,-2.1169653
2017-12-24 04:30:00,-1.6981813155057897,-1.958684
2017-12-24 04:40:00,-1.7048892235670594,-1.7205124
2017-12-24 04:50:00,-1.6948273600968893,-1.876039
2017-12-24 05:00:00,-1.6973428256198657,-1.6707273
2017-12-24 05:10:00,-1.6629647968058572,-1.5583296
2017-12-24 05:20:00,-1.663803285313516,-1.6285491
2017-12-24 05:30:00,-1.6914734060662542,-1.6027598
2017-12-24 05:40:00,-1.7292053902891629,-1.5355885
2017-12-24 05:50:00,-1.6176864160140196,-1.1874433
2017-12-24 06:00:00,-1.6185249045216785,-1.1813574
2017-12-24 06:10:00,-1.633617697659536,-1.1844201
2017-12-24 06:20:00,-1.6302637436289007,-1.1704091
2017-12-24 06:30:00,-1.614332461983385,-1.1494538
2017-12-24 06:40:00,-1.6562568887445872,-1.152865
2017-12-24 06:50:00,-1.7627449319737782,-1.1614707
2017-12-24 07:00:00,-1.8616865786340402,-1.1317681
2017-12-24 07:10:00,-1.9455354321564453,-1.0958126
2017-12-24 07:20:00,-2.015129981048652,-1.0683753
2017-12-24 07:30:00,-2.014291492540993,-1.0262582
2017-12-24 07:40:00,-1.9950062554865764,-1.020145
2017-12-24 07:50:00,-1.9782364853334018,-1.0202372
2017-12-24 08:00:00,-1.9052879824105606,-0.99226964
2017-12-24 08:10:00,-1.874263907627187,-0.97778416
2017-12-24 08:20:00,-1.8390473889272545,-0.96674824
2017-12-24 08:30:00,-1.787061100074147,-0.9608331
2017-12-24 08:40:00,-1.756875512420167,-0.9527044
2017-12-24 08:50:00,-1.6939888715892306,-0.95009923
2017-12-24 09:00:00,-1.572408035222182,-0.9296951
2017-12-24 09:10:00,-1.5397069820452263,-0.8923553
2017-12-24 09:20:00,-1.5153908139448569,-0.8645799
2017-12-24 09:30:00,-1.4248340523611822,-0.85733604
2017-12-24 09:40:00,-1.3141535665936972,-0.88012576
2017-12-24 09:50:00,-1.2277892475483163,-0.81400585
2017-12-24 10:00:00,-1.1472943480565463,-0.75954175
2017-12-24 10:10:00,-1.0408063048273555,-0.75201297
2017-12-24 10:20:00,-0.9494110547360216,-0.7397263
2017-12-24 10:30:00,-0.9049711624518428,-0.72967744
2017-12-24 10:40:00,-0.8965862759969903,-0.70534635
2017-12-24 10:50:00,-0.8295071940060252,-0.693017
2017-12-24 11:00:00,-0.7909367212754577,-0.664129
2017-12-24 11:10:00,-0.757397179590843,-0.5987538
2017-12-24 11:20:00,-0.7607511336214777,-0.5273401
2017-12-24 11:30:00,-0.7179882183526166,-0.4643647
2017-12-24 11:40:00,-0.6668404180071679,-0.48942882
2017-12-24 11:50:00,-0.6643249524841914,-0.45444876
2017-12-24 12:00:00,-0.6936720516305132,-0.35426974
2017-12-24 12:10:00,-0.6676789065148266,-0.3364545
2017-12-24 12:20:00,-0.560352374777977,-0.3301106
2017-12-24 12:30:00,-0.5201049250320918,-0.31091
2017-12-24 12:40:00,-0.5167509710014571,-0.36932456
2017-12-24 12:50:00,-0.545259580261854,-0.32412368
2017-12-24 13:00:00,-0.549452022800148,-0.24406397
2017-12-24 13:10:00,-0.5377131836929258,-0.18654674
2017-12-24 13:20:00,-0.579637610454128,-0.17322564
2017-12-24 13:30:00,-0.5645448173162705,-0.15808386
2017-12-24 13:40:00,-0.5846685415000804,-0.13518292
2017-12-24 13:50:00,-0.5813145874694456,-0.11260593
2017-12-24 14:00:00,-0.5787991219464692,-0.09682059
2017-12-24 14:10:00,-0.5628678403009534,-0.0797928
2017-12-24 14:20:00,-0.5469365572771716,-0.05456865
2017-12-24 14:30:00,-0.5351977181699493,-0.039116204
2017-12-24 14:40:00,-0.5561599322396834,-0.04571283
2017-12-24 14:50:00,-0.6173695946770368,-0.062589586
2017-12-24 15:00:00,-0.6274314567689415,-0.08963776
2017-12-24 15:10:00,-0.6156926176617192,-0.114524186
2017-12-24 15:20:00,-0.6307854107995767,-0.14040983
2017-12-24 15:30:00,-0.7070878677530531,-0.13867885
2017-12-24 15:40:00,-0.7523662485448906,-0.13287252
2017-12-24 15:50:00,-0.7590741566061601,-0.14804667
2017-12-24 16:00:00,-0.7649435761597717,-0.1740793
2017-12-24 16:10:00,-0.7976446293367276,-0.19758666
2017-12-24 16:20:00,-0.7775209051529183,-0.16375458
2017-12-24 16:30:00,-0.7641050876521129,-0.13301271
2017-12-24 16:40:00,-0.7188267068602754,-0.09820056
2017-12-24 16:50:00,-0.6735483260684378,-0.0873363
2017-12-24 17:00:00,-0.5611908632856358,-0.089362085
2017-12-24 17:10:00,-0.4287096749407584,-0.061400235
2017-12-24 17:20:00,-0.09834519189709075,-0.013237178
2017-12-24 17:30:00,0.3376688458681085,0.086517364
2017-12-24 17:40:00,0.4844043388431846,0.17880687
2017-12-24 17:50:00,0.5607067957966609,0.2864248
2017-12-24 18:00:00,0.5841844740111055,0.4146253
2017-12-24 18:10:00,0.6194009927110384,0.5672733
2017-12-24 18:20:00,0.6252704122646491,0.6606848
2017-12-24 18:30:00,0.6118545961421091,0.7343819
2017-12-24 18:40:00,0.6386862283871889,0.7691025
2017-12-24 18:50:00,0.6487480918573596,0.7385155
2017-12-24 19:00:00,0.7024113577257842,0.72825724
2017-12-24 19:10:00,0.6973804266798324,0.7156236
2017-12-24 19:20:00,0.6998958922028078,0.7333243
2017-12-24 19:30:00,0.7443357844869866,0.700838
2017-12-24 19:40:00,0.7476897385176218,0.65986174
2017-12-24 19:50:00,0.7066038002640782,0.6067503
2017-12-24 20:00:00,0.7393048534410347,0.5676955
2017-12-24 20:10:00,0.7963220733400945,0.5115048
2017-12-24 20:20:00,0.7954835848324358,0.47614253
2017-12-24 20:30:00,0.7954835848324358,0.4431239
2017-12-24 20:40:00,0.7535591580712334,0.37893045
2017-12-24 20:50:00,0.7024113577257842,0.29179412
2017-12-24 21:00:00,0.6621639079798995,0.20709725
2017-12-24 21:10:00,0.6001157570348868,0.14705586
2017-12-24 21:20:00,0.5581913302736845,0.027695537
2017-12-24 21:30:00,0.4936277124274305,-0.0721488
2017-12-24 21:40:00,0.41145583592034346,-0.06066537
2017-12-24 21:50:00,0.3519231504983072,-0.09799397
2017-12-24 22:00:00,0.33263791482215666,-0.14053273
2017-12-24 22:10:00,0.27142825100653684,-0.20235121
2017-12-24 22:20:00,0.18506393196115578,-0.31979597
2017-12-24 22:30:00,0.10373054396172757,-0.66903687
2017-12-24 22:40:00,0.005627385809124236,-0.5870677
2017-12-24 22:50:00,-0.08492937577455084,-0.7120409
2017-12-24 23:00:00,-0.18974044198842463,-0.82829285
2017-12-24 23:10:00,-0.2970669751035398,-0.5995171
2017-12-24 23:20:00,-0.4010395528097543,-0.47349095
2017-12-24 23:30:00,-0.5008196879776753,-0.50605786
2017-12-24 23:40:00,-0.6207235487076715,-0.58317304
2017-12-24 23:50:00,-0.6945105401381719,-0.7004621
2017-12-25 00:00:00,-0.7850673017218466,-0.74862576
2017-12-25 00:10:00,-0.8781395288284981,-0.7783332
2017-12-25 00:20:00,-0.934318260219899,-0.8121214
2017-12-25 00:30:00,-1.0324214183725025,-0.8316592
2017-12-25 00:40:00,-1.0936310821881212,-0.8579885
2017-12-25 00:50:00,-1.1540022561178163,-0.8992274
2017-12-25 01:00:00,-1.1925727288483838,-0.9443743
2017-12-25 01:10:00,-1.2512669257627609,-1.0282669
2017-12-25 01:20:00,-1.3175075206243325,-1.1368108
2017-12-25 01:30:00,-1.3334388022698485,-1.2393944
2017-12-25 01:40:00,-1.40638730519269,-1.3498174
2017-12-25 01:50:00,-1.4206416098228882,-1.4460828
2017-12-25 02:00:00,-1.4634045250917498,-1.4839928
2017-12-25 02:10:00,-1.4776588311002135,-1.5252637
2017-12-25 02:20:00,-1.4952670897610474,-1.5729065
2017-12-25 02:30:00,-1.5103598828989044,-1.599834
2017-12-25 02:40:00,-1.5170677909601744,-1.6338725
2017-12-25 02:50:00,-1.5522843096601073,-1.6671033
2017-12-25 03:00:00,-1.5388684935375674,-1.7122405
2017-12-25 03:10:00,-1.5539612866754244,-1.7621565
2017-12-25 03:20:00,-1.5807929202987696,-1.7885883
2017-12-25 03:30:00,-1.5657001271609121,-1.8094866
2017-12-25 03:40:00,-1.579954431791111,-1.813945
2017-12-25 03:50:00,-1.5682155926838885,-1.808744
2017-12-25 04:00:00,-1.5782774547757932,-1.7259164
2017-12-25 04:10:00,-1.5875008283600396,-1.8629832
2017-12-25 04:20:00,-1.6042705985132142,-2.0996857
2017-12-25 04:30:00,-1.579954431791111,-1.9631178
2017-12-25 04:40:00,-1.584146874329405,-1.7086549
2017-12-25 04:50:00,-1.5816314088064285,-1.8796062
2017-12-25 05:00:00,-1.533837562491615,-1.6723242
2017-12-25 05:10:00,-1.5472533786141545,-1.5582743
2017-12-25 05:20:00,-1.5095213943912456,-1.6180387
2017-12-25 05:30:00,-1.4826897621461663,-1.5774963
2017-12-25 05:40:00,-1.470950921660678,-1.4738736
2017-12-25 05:50:00,-1.3468546197706537,-1.1490378
2017-12-25 06:00:00,-1.313315078086039,-1.157696
2017-12-25 06:10:00,-1.2822910019243996,-1.1560528
2017-12-25 06:20:00,-1.2562978568087138,-1.1310012
2017-12-25 06:30:00,-1.2085040104938998,-1.1054041
2017-12-25 06:40:00,-1.2001191254173122,-1.0812658
2017-12-25 06:50:00,-1.248751460239785,-1.0885535
2017-12-25 07:00:00,-1.329246359731555,-1.0486209
2017-12-25 07:10:00,-1.2697136743095185,-1.0350931
2017-12-25 07:20:00,-1.2697136743095185,-1.0148287
2017-12-25 07:30:00,-1.3074456585324274,-0.99778366
2017-12-25 07:40:00,-1.3762017175387096,-0.9903809
2017-12-25 07:50:00,-1.372009275000416,-0.99270344
2017-12-25 08:00:00,-1.2898373984933285,-0.9752499
2017-12-25 08:10:00,-1.2319816900866098,-0.97032666
2017-12-25 08:20:00,-1.1615486526867451,-0.97219515
2017-12-25 08:30:00,-1.0751843336413636,-0.94325554
2017-12-25 08:40:00,-0.9930124585125415,-0.91894424
2017-12-25 08:50:00,-0.9686962904121726,-0.9189013
2017-12-25 09:00:00,-0.8714316207672281,-0.86206555
2017-12-25 09:10:00,-0.7431428749606442,-0.845026
2017-12-25 09:20:00,-0.9301258176816051,-0.798007
2017-12-25 09:30:00,-0.8580158032664227,-0.74223375
2017-12-25 09:40:00,-0.7389504324223507,-0.7086873
2017-12-25 09:50:00,-0.588860984038374,-0.6264993
2017-12-25 10:00:00,-0.44883339912456827,-0.5581994
2017-12-25 10:10:00,-0.3708539651557743,-0.50150645
2017-12-25 10:20:00,-0.3096443027184209,-0.44951308
2017-12-25 10:30:00,-0.2652044104342422,-0.36312073
2017-12-25 10:40:00,-0.19393288452671817,-0.2923453
2017-12-25 10:50:00,-0.19644835004969458,-0.28781658
2017-12-25 11:00:00,-0.19309439601905934,-0.26600796
2017-12-25 11:10:00,-0.1595548557127101,-0.17706287
2017-12-25 11:20:00,-0.12266135999745963,-0.11204803
2017-12-25 11:30:00,-0.05725925364354724,-0.086061954
2017-12-25 11:40:00,-0.051389834089936096,-0.12567401
2017-12-25 11:50:00,-0.027073667367832708,-0.14609331
2017-12-25 12:00:00,-0.04300494901334853,-0.11567813
2017-12-25 12:10:00,-0.04132797199803091,-0.07418668
2017-12-25 12:20:00,-0.043843437521007333,-0.0487566
2017-12-25 12:30:00,-0.019527269420637955,-0.016006708
2017-12-25 12:40:00,-0.05725925364354724,0.009855151
2017-12-25 12:50:00,-0.0782214677132814,-0.037849724
2017-12-25 13:00:00,-0.01617331539000373,0.003671348
2017-12-25 13:10:00,-0.0077884303134156665,0.07430914
2017-12-25 13:20:00,0.009819828347417266,0.0006453693
2017-12-25 13:30:00,-0.0077884303134156665,-0.045895547
2017-12-25 13:40:00,-0.04132797199803091,-0.033599973
2017-12-25 13:50:00,-0.0664826286060586,0.009784162
2017-12-25 14:00:00,-0.03545855244441977,0.08484623
2017-12-25 14:10:00,-0.05893623065886485,0.13926959
2017-12-25 14:20:00,-0.08157542174391612,0.16321182
2017-12-25 14:30:00,-0.04719739155164206,0.17351547
2017-12-25 14:40:00,-0.0396509949827138,0.18008325
2017-12-25 14:50:00,-0.03462006393676097,0.16592324
2017-12-25 15:00:00,-0.06061320767418196,0.16210395
2017-12-25 15:10:00,-0.08492937577455084,0.132061
2017-12-25 15:20:00,-0.10421461145070189,0.13512331
2017-12-25 15:30:00,-0.15368543478083346,0.15634334
2017-12-25 15:40:00,-0.16793974078929716,0.16052717
2017-12-25 15:50:00,-0.19896381695093598,0.1575495
2017-12-25 16:00:00,-0.19560986154203577,0.14469725
2017-12-25 16:10:00,-0.14865450373488062,0.14402431
2017-12-25 16:20:00,-0.1335617105970236,0.14438719
2017-12-25 16:30:00,-0.10924554249665473,0.17005324
2017-12-25 16:40:00,-0.043843437521007333,0.19336313
2017-12-25 16:50:00,0.02407413435588197,0.25184613
2017-12-25 17:00:00,0.11211543041658062,0.35708869
2017-12-25 17:10:00,0.26975127399122023,0.47528434
2017-12-25 17:20:00,0.5732841234115421,0.59519166
2017-12-25 17:30:00,0.9506039642623648,0.66181445
2017-12-25 17:40:00,1.0403222373383803,0.6877207
2017-12-25 17:50:00,1.0906315491761704,0.7017838
2017-12-25 18:00:00,1.0839236411149011,0.771232
2017-12-25 18:10:00,1.0998549227604164,0.7764231
2017-12-25 18:20:00,1.0755387546600481,0.7588315
2017-12-25 18:30:00,1.0856006181302176,0.74942154
2017-12-25 18:40:00,1.0260679313299164,0.73267645
2017-12-25 18:50:00,1.0302603738682106,0.7060363
2017-12-25 19:00:00,1.0419992143536978,0.65763557
2017-12-25 19:10:00,1.0378067718154047,0.63653886
2017-12-25 19:20:00,1.0009132761001542,0.6463062
2017-12-25 19:30:00,0.9648582688925625,0.6199082
2017-12-25 19:40:00,0.8994561625386507,0.606024
2017-12-25 19:50:00,0.8768169728318639,0.5655471
2017-12-25 20:00:00,0.8751399958165473,0.52804375
2017-12-25 20:10:00,0.9547964068006579,0.51997334
2017-12-25 20:20:00,0.9179029110854084,0.51515496
2017-12-25 20:30:00,0.8726245302935709,0.49556035
2017-12-25 20:40:00,0.8499853392085192,0.46141213
2017-12-25 20:50:00,0.8508238277161779,0.4082914
2017-12-25 21:00:00,0.8088994009549756,0.3827504
2017-12-25 21:10:00,0.751043692548257,0.20906582
2017-12-25 21:20:00,0.6579714654416055,0.25175476
2017-12-25 21:30:00,0.5791535429651538,0.34200364
2017-12-25 21:40:00,0.4584111937274986,0.27060622
2017-12-25 21:50:00,0.38043176113696964,0.14724135
2017-12-25 22:00:00,0.27813615906780725,0.08988795
2017-12-25 22:10:00,0.2546584808533627,-0.019787133
2017-12-25 22:20:00,0.16913265031564045,-0.24366844
2017-12-25 22:30:00,0.08444530828557602,-0.3482653
2017-12-25 22:40:00,0.008981339839758459,-0.41591036
2017-12-25 22:50:00,-0.13607717611999953,-0.6165714
2017-12-25 23:00:00,-0.2652044104342422,-0.64390516
2017-12-25 23:10:00,-0.33228349380347216,-0.6037135
2017-12-25 23:20:00,-0.4404485140479807,-0.6391572
2017-12-25 23:30:00,-0.538551672200584,-0.69564545
2017-12-25 23:40:00,-0.650909136361652,-0.79794455
2017-12-25 23:50:00,-0.7347579898840567,-0.9148042
2017-12-26 00:00:00,-0.8253147514677318,-0.96524143
2017-12-26 00:10:00,-0.880654994351474,-0.9276087
2017-12-26 00:20:00,-0.9628268708585614,-0.9501023
2017-12-26 00:30:00,-1.017328625234645,-1.0158108
2017-12-26 00:40:00,-1.092792593680463,-1.0859067
2017-12-26 00:50:00,-1.1581946986561098,-1.134069
2017-12-26 01:00:00,-1.2244352935176814,-1.1825315
2017-12-26 01:10:00,-1.2671982087865425,-1.2331123
2017-12-26 01:20:00,-1.31918449763965,-1.318254
2017-12-26 01:30:00,-1.3577549703702172,-1.3881419
2017-12-26 01:40:00,-1.4038718396697136,-1.4684458
2017-12-26 01:50:00,-1.4348959158313523,-1.5879521
2017-12-26 02:00:00,-1.4499887089692098,-1.6379437
2017-12-26 02:10:00,-1.4692739446453609,-1.6424384
2017-12-26 02:20:00,-1.4810127851308488,-1.6450651
2017-12-26 02:30:00,-1.4910746472227534,-1.6273975
2017-12-26 02:40:00,-1.522937211892051,-1.6208944
2017-12-26 02:50:00,-1.5531227981677656,-1.6417103
2017-12-26 03:00:00,-1.554799775183083,-1.6695657
2017-12-26 03:10:00,-1.5682155926838885,-1.7041397
2017-12-26 03:20:00,-1.555638263690742,-1.753706
2017-12-26 03:30:00,-1.595885713436627,-1.7860172
2017-12-26 03:40:00,-1.6118169964604085,-1.799382
2017-12-26 03:50:00,-1.6252328125829485,-1.806195
2017-12-26 04:00:00,-1.6562568887445872,-1.7115145
2017-12-26 04:10:00,-1.6252328125829485,-1.8810625
2017-12-26 04:20:00,-1.642002582736123,-2.1589475
2017-12-26 04:30:00,-1.646195025274417,-1.9510348
2017-12-26 04:40:00,-1.6587723542675636,-1.7766552
2017-12-26 04:50:00,-1.6478720022897342,-1.9660003
2017-12-26 05:00:00,-1.627748278105925,-1.7261286
2017-12-26 05:10:00,-1.584146874329405,-1.5591516
2017-12-26 05:20:00,-1.5598307062290355,-1.6077552
2017-12-26 05:30:00,-1.529645119953321,-1.5882609
2017-12-26 05:40:00,-1.521260234876734,-1.6098783
2017-12-26 05:50:00,-1.4021948626543959,-1.1680121
2017-12-26 06:00:00,-1.3426621758540946,-1.1812136
2017-12-26 06:10:00,-1.3317618252545311,-1.190675
2017-12-26 06:20:00,-1.3099611240554037,-1.1703403
2017-12-26 06:30:00,-1.300737750471158,-1.1322415
2017-12-26 06:40:00,-1.2940298410316224,-1.1137257
2017-12-26 06:50:00,-1.3250539171932614,-1.1234252
2017-12-26 07:00:00,-1.3443391528694124,-1.1156487
2017-12-26 07:10:00,-1.3510470623089477,-1.118899
2017-12-26 07:20:00,-1.3728477635080747,-1.1058235
2017-12-26 07:30:00,-1.3963254431007848,-1.1087936
2017-12-26 07:40:00,-1.4114182362386423,-1.1149079
2017-12-26 07:50:00,-1.462566036584091,-1.1545489
2017-12-26 08:00:00,-1.3803941600770036,-1.1627092
2017-12-26 08:10:00,-1.302414727486475,-1.1353085
2017-12-26 08:20:00,-1.17496447018755,-1.1185424
2017-12-26 08:30:00,-1.1213012029408598,-1.0904979
2017-12-26 08:40:00,-1.0424832818426726,-1.0824533
2017-12-26 08:50:00,-0.9569574513049504,-1.0771967
2017-12-26 09:00:00,-0.8898783679357204,-1.0274693
2017-12-26 09:10:00,-0.8102219569516087,-0.9801495
2017-12-26 09:20:00,-0.7716514855993066,-0.9179102
2017-12-26 09:30:00,-0.7305655473457632,-0.8420111
2017-12-26 09:40:00,-0.8513078952051527,-0.7965919
2017-12-26 09:50:00,-0.6643249524841914,-0.69681704
2017-12-26 10:00:00,-0.5460980687695128,-0.61950135
2017-12-26 10:10:00,-0.49243480290108815,-0.5797441
2017-12-26 10:20:00,-0.4186478128488537,-0.5542247
2017-12-26 10:30:00,-0.37001547664811546,-0.52608436
2017-12-26 10:40:00,-0.3113212797337385,-0.48959434
2017-12-26 10:50:00,-0.23753428830323808,-0.46094525
2017-12-26 11:00:00,-0.19393288452671817,-0.3811429
2017-12-26 11:10:00,-0.14530054970424588,-0.3091421
2017-12-26 11:20:00,-0.11008403238257852,-0.25928962
2017-12-26 11:30:00,-0.04971285707461848,-0.24264288
2017-12-26 11:40:00,-0.02120424643595557,-0.23601961
2017-12-26 11:50:00,-0.012819361359368507,-0.25796974
2017-12-26 12:00:00,-0.00275749926746383,-0.19690734
2017-12-26 12:10:00,0.04922878958564416,-0.1542697
2017-12-26 12:20:00,0.08444530828557602,-0.10395372
2017-12-26 12:30:00,0.11295391892423944,-0.07277727
2017-12-26 12:40:00,0.08947623933152886,-0.06483263
2017-12-26 12:50:00,0.15823229971607597,-0.0775342
2017-12-26 13:00:00,0.19344881703774383,-0.05146128
2017-12-26 13:10:00,0.21021858856918396,-0.016211808
2017-12-26 13:20:00,0.20351068050791352,0.007279098
2017-12-26 13:30:00,0.0022734317784890096,0.0018221736
2017-12-26 13:40:00,-0.11679194044384847,-0.09129524
2017-12-26 13:50:00,-0.1754861373582259,-0.10811597
2017-12-26 14:00:00,-0.12685380253575365,-0.08665359
2017-12-26 14:10:00,0.003950408793806623,-0.083164334
2017-12-26 14:20:00,0.08444530828557602,-0.087237835
2017-12-26 14:30:00,0.08444530828557602,-0.08553851
2017-12-26 14:40:00,0.10456903246938637,-0.066302
2017-12-26 14:50:00,0.057613674662231225,-0.014235258
2017-12-26 15:00:00,0.057613674662231225,0.057471156
2017-12-26 15:10:00,0.03581297346310426,0.11119193
2017-12-26 15:20:00,0.059290651677548836,0.16235667
2017-12-26 15:30:00,0.03078204241715142,0.20665589
2017-12-26 15:40:00,-0.006111453298098053,0.2390762
2017-12-26 15:50:00,-0.08660635278986846,0.24465618
2017-12-26 16:00:00,-0.13859264164297594,0.25322244
2017-12-26 16:10:00,-0.11511496342853136,0.27001122
2017-12-26 16:20:00,-0.11343798641321375,0.28370208
2017-12-26 16:30:00,-0.07151355965201144,0.3079092
2017-12-26 16:40:00,-0.004434476282781443,0.33432227
2017-12-26 16:50:00,0.02575111137119958,0.41779947
2017-12-26 17:00:00,0.1230157810161441,0.5045567
2017-12-26 17:10:00,0.20518765752323112,0.6087729
2017-12-26 17:20:00,0.4936277124274305,0.63032126
2017-12-26 17:30:00,0.8424389426395908,0.58288383
2017-12-26 17:40:00,1.0554150304762377,0.5563584
2017-12-26 17:50:00,1.1292020219067376,0.5588189
2017-12-26 18:00:00,1.0939855032068058,0.676391
2017-12-26 18:10:00,1.0856006181302176,0.8323089
2017-12-26 18:20:00,1.0906315491761704,0.91078484
2017-12-26 18:30:00,1.088954572160853,0.88579726
2017-12-26 18:40:00,1.09733945723744,0.8751367
2017-12-26 18:50:00,1.0788927086906823,0.84957796
2017-12-26 19:00:00,1.0503840994302858,0.8487762
2017-12-26 19:10:00,1.09733945723744,0.80700135
2017-12-26 19:20:00,1.0487071224149682,0.750753
2017-12-26 19:30:00,1.0151675807303528,0.70257705
2017-12-26 19:40:00,0.9983978105771778,0.6677605
2017-12-26 19:50:00,0.9782740850151025,0.6582104
2017-12-26 20:00:00,0.9480884973611224,0.61886525
2017-12-26 20:10:00,1.0000747875924954,0.5786546
2017-12-26 20:20:00,0.9665352459078802,0.538437
2017-12-26 20:30:00,0.9078410489935037,0.50913703
2017-12-26 20:40:00,0.8860403464161108,0.47959042
2017-12-26 20:50:00,0.8474698736855427,0.42390868
2017-12-26 21:00:00,0.7183426393713005,0.3543443
2017-12-26 21:10:00,0.6764182126100983,0.2585804
2017-12-26 21:20:00,0.6395247168948478,0.18411827
2017-12-26 21:30:00,0.5523219107200739,0.23481862
2017-12-26 21:40:00,0.4936277124274305,0.25471833
2017-12-26 21:50:00,0.41480978995097867,0.17471296
2017-12-26 22:00:00,0.3477307079600132,0.116689354
2017-12-26 22:10:00,0.2420811518602156,-0.04887283
2017-12-26 22:20:00,0.14984741326122392,-0.21867412
2017-12-26 22:30:00,0.04419785853969132,-0.36306077
2017-12-26 22:40:00,-0.01449633837468612,-0.3469231
2017-12-26 22:50:00,-0.11176100939789614,-0.5052584
2017-12-26 23:00:00,-0.24088824233387332,-0.5626614
2017-12-26 23:10:00,-0.3498917524643056,-0.49084634
2017-12-26 23:20:00,-0.452187353155203,-0.5039226
2017-12-26 23:30:00,-0.5695757483622234,-0.55509233
2017-12-26 23:40:00,-0.6584555329305803,-0.62584233
2017-12-26 23:50:00,-0.7456583404836207,-0.72005534
2017-12-27 00:00:00,-0.8412460331132475,-0.7785481
2017-12-27 00:10:00,-0.9049711624518428,-0.8001063
2017-12-27 00:20:00,-0.9955279240355179,-0.8507769
2017-12-27 00:30:00,-1.1028544557723676,-0.92013216
2017-12-27 00:40:00,-1.1531637676101576,-0.9857843
2017-12-27 00:50:00,-1.2085040104938998,-1.0503967
2017-12-27 01:00:00,-1.2806140249090825,-1.1408325
2017-12-27 01:10:00,-1.3393082218234595,-1.2248185
2017-12-27 01:20:00,-1.384586602615297,-1.2903965
2017-12-27 01:30:00,-1.4147721902692771,-1.3661437
2017-12-27 01:40:00,-1.4550196400151623,-1.4185066
2017-12-27 01:50:00,-1.5019749978223174,-1.4727917
2017-12-27 02:00:00,-1.542222447568202,-1.4831641
2017-12-27 02:10:00,-1.562346171752012,-1.4944111
2017-12-27 02:20:00,-1.570731058206865,-1.505465
2017-12-27 02:30:00,-1.585823851344722,-1.5194235
2017-12-27 02:40:00,-1.6126554849680674,-1.5182672
2017-12-27 02:50:00,-1.629425255121242,-1.5390666
2017-12-27 03:00:00,-1.639487117213147,-1.5898046
2017-12-27 03:10:00,-1.6797345669590318,-1.6082208
2017-12-27 03:20:00,-1.6847654980049847,-1.6037464
2017-12-27 03:30:00,-1.6847654980049847,-1.6004469
2017-12-27 03:40:00,-1.6612878197905396,-1.5918136
2017-12-27 03:50:00,-1.6713496818824447,-1.6016994
2017-12-27 04:00:00,-1.689796429050937,-1.5219176
2017-12-27 04:10:00,-1.6847654980049847,-1.6720004
2017-12-27 04:20:00,-1.6847654980049847,-1.8239455
2017-12-27 04:30:00,-1.6780575899437147,-1.6529627
2017-12-27 04:40:00,-1.7183050396895994,-1.5567613
2017-12-27 04:50:00,-1.7149510856589647,-1.6738768
2017-12-27 05:00:00,-1.696504337112207,-1.4126494
2017-12-27 05:10:00,-1.6562568887445872,-1.4201282
2017-12-27 05:20:00,-1.6344561861671947,-1.3764043
2017-12-27 05:30:00,-1.6076245525438495,-1.4187701
2017-12-27 05:40:00,-1.6109785079527497,-1.3874671
2017-12-27 05:50:00,-1.4986210437916823,-1.1416247
2017-12-27 06:00:00,-1.4315419604224522,-1.0971913
2017-12-27 06:10:00,-1.4416038238926223,-1.0309265
2017-12-27 06:20:00,-1.4315419604224522,-0.97901917
2017-12-27 06:30:00,-1.3912945120548326,-0.94990337
2017-12-27 06:40:00,-1.340985198838777,-0.9420936
2017-12-27 06:50:00,-1.3594319473855347,-0.9492264
2017-12-27 07:00:00,-1.4080642822080072,-0.94031
2017-12-27 07:10:00,-1.3778786945540271,-0.9539777
2017-12-27 07:20:00,-1.3275693827162371,-0.95636237
2017-12-27 07:30:00,-1.3175075206243325,-0.9479307
2017-12-27 07:40:00,-1.3644628784314872,-0.91907084
2017-12-27 07:50:00,-1.3711707864927571,-0.90996873
2017-12-27 08:00:00,-1.3057686815171103,-0.8918669
2017-12-27 08:10:00,-1.2185658739640703,-0.8704767
2017-12-27 08:20:00,-1.1783184242181852,-0.8454703
2017-12-27 08:30:00,-1.02068257926528,-0.81266093
2017-12-27 08:40:00,-0.9821121065347125,-0.81169534
2017-12-27 08:50:00,-0.9200639555897003,-0.8094568
2017-12-27 09:00:00,-0.8261532399753906,-0.7799468
2017-12-27 09:10:00,-0.7355964783917155,-0.73811114
2017-12-27 09:20:00,-0.6483936708386756,-0.7073631
2017-12-27 09:30:00,-0.5913764495613503,-0.6705072
2017-12-27 09:40:00,-0.5360362066776081,-0.64651203
2017-12-27 09:50:00,-0.5209434135397506,-0.57813716
2017-12-27 10:00:00,-0.4941117799164053,-0.4954642
2017-12-27 10:10:00,-0.4052319953480483,-0.46163082
2017-12-27 10:20:00,-0.28616662312571034,-0.41646206
2017-12-27 10:30:00,-0.24927312878872587,-0.34535003
2017-12-27 10:40:00,-0.19728683855735338,-0.27898413
2017-12-27 10:50:00,-0.06815960562137621,-0.23235989
2017-12-27 11:00:00,-0.0664826286060586,-0.18787384
2017-12-27 11:10:00,0.03078204241715142,-0.15749991
2017-12-27 11:20:00,0.09953810142343353,-0.121949494
2017-12-27 11:30:00,0.12804671206209595,-0.08664465
2017-12-27 11:40:00,0.19680277106837807,-0.076520145
2017-12-27 11:50:00,0.20518765752323112,-0.09289831
2017-12-27 12:00:00,0.15320136729185813,-0.057039797
2017-12-27 12:10:00,0.13140066609273118,0.01442048
2017-12-27 12:20:00,0.18170997793052154,0.0521248
2017-12-27 12:30:00,0.20351068050791352,0.13698176
2017-12-27 12:40:00,0.15152439027654052,0.16670284
2017-12-27 12:50:00,0.1481704362459063,0.15225744
2017-12-27 13:00:00,0.09283019336216408,0.17669779
2017-12-27 13:10:00,0.05593669764691361,0.19967878
2017-12-27 13:20:00,0.054259720631595995,0.22084904
2017-12-27 13:30:00,0.06096762869286645,0.24469729
2017-12-27 13:40:00,0.059290651677548836,0.2509498
2017-12-27 13:50:00,0.040843904509056096,0.20536217
2017-12-27 14:00:00,0.04252088152437371,0.17992574
2017-12-27 14:10:00,0.03748995047842187,0.18773457
2017-12-27 14:20:00,0.019043201931664137,0.23524222
2017-12-27 14:30:00,-0.02455820184485679,0.25068355
2017-12-27 14:40:00,-0.04132797199803091,0.25707465
2017-12-27 14:50:00,-0.06983658263669383,0.28346485
2017-12-27 15:00:00,-0.08157542174391612,0.29049432
2017-12-27 15:10:00,-0.11008403238257852,0.30273008
2017-12-27 15:20:00,-0.064805650212476,0.31592813
2017-12-27 15:30:00,-0.07319053666732855,0.3252446
2017-12-27 15:40:00,-0.1201458944744837,0.33839834
2017-12-27 15:50:00,-0.15536241317441607,0.33475065
2017-12-27 16:00:00,-0.15703939018973367,0.30958194
2017-12-27 16:10:00,-0.1302077565663884,0.278659
2017-12-27 16:20:00,-0.08996030682050368,0.27565363
2017-12-27 16:30:00,-0.04971285707461848,0.27426335
2017-12-27 16:40:00,-0.027912155875491514,0.2699297
2017-12-27 16:50:00,0.003950408793806623,0.26683325
2017-12-27 17:00:00,0.07773740022430657,0.2519765
2017-12-27 17:10:00,0.24543510726911683,0.24658133
2017-12-27 17:20:00,0.517105392020141,0.29260135
2017-12-27 17:30:00,0.9346726812385826,0.3901996
2017-12-27 17:40:00,1.0688308465987775,0.5288252
2017-12-27 17:50:00,1.0520610764456035,0.5914871
2017-12-27 18:00:00,1.0369682833077458,0.66108096
2017-12-27 18:10:00,1.0352913049141623,0.7674904
2017-12-27 18:20:00,1.0788927086906823,0.8350724
2017-12-27 18:30:00,1.0805696857059999,0.83248216
2017-12-27 18:40:00,1.0352913049141623,0.82166994
2017-12-27 18:50:00,0.9447345433304882,0.77025414
2017-12-27 19:00:00,0.9547964068006579,0.7196709
2017-12-27 19:10:00,0.9514424527700237,0.67252815
2017-12-27 19:20:00,0.9581503608312931,0.65481555
2017-12-27 19:30:00,0.9329957042232649,0.6405344
2017-12-27 19:40:00,0.9044870935846026,0.60173917
2017-12-27 19:50:00,0.8994561625386507,0.5487866
2017-12-27 20:00:00,0.9095180260088204,0.50294286
2017-12-27 20:10:00,0.9229338421313603,0.4765579
2017-12-27 20:20:00,0.9229338421313603,0.45805988
2017-12-27 20:30:00,0.9011331395539683,0.43317834
2017-12-27 20:40:00,0.8692705762629357,0.38047534
2017-12-27 20:50:00,0.7921296308018005,0.30239117
2017-12-27 21:00:00,0.72505054743257,0.2369276
2017-12-27 21:10:00,0.686480076080269,0.16558015
2017-12-27 21:20:00,0.6261089007723079,0.10732323
2017-12-27 21:30:00,0.5774765659498361,0.18043289
2017-12-27 21:40:00,0.5053665515346527,0.16010812
2017-12-27 21:50:00,0.4684730571976683,0.08264679
2017-12-27 22:00:00,0.42487165342114835,0.042943984
2017-12-27 22:10:00,0.35779257005191883,-0.1493985
2017-12-27 22:20:00,0.23537324379894614,-0.2763921
2017-12-27 22:30:00,0.1330776431080488,-0.3540821
2017-12-27 22:40:00,-0.004434476282781443,-0.3850013
2017-12-27 22:50:00,-0.1603933442203684,-0.569978
2017-12-27 23:00:00,-0.28281266909507563,-0.59982824
2017-12-27 23:10:00,-0.38678524817955606,-0.57310045
2017-12-27 23:20:00,-0.5041736420083105,-0.5736207
2017-12-27 23:30:00,-0.5511290011937306,-0.6392553
2017-12-27 23:40:00,-0.5964073819855682,-0.73073363
2017-12-27 23:50:00,-0.7272115919368625,-0.8248404
2017-12-28 00:00:00,-0.8295071940060252,-0.85174584
2017-12-28 00:10:00,-0.8747855747978628,-0.87076175
2017-12-28 00:20:00,-0.973727221458125,-0.9082341
2017-12-28 00:30:00,-1.0475142128886255,-0.9593899
2017-12-28 00:40:00,-1.0877616626345101,-1.0198545
2017-12-28 00:50:00,-1.1514867905948398,-1.0904047
2017-12-28 01:00:00,-1.2303047130712927,-1.15929
2017-12-28 01:10:00,-1.235335644117245,-1.2111789
2017-12-28 01:20:00,-1.2957068180469395,-1.2760906
2017-12-28 01:30:00,-1.3275693827162371,-1.3302152
2017-12-28 01:40:00,-1.3560779933549,-1.3899925
2017-12-28 01:50:00,-1.3762017175387096,-1.4399487
2017-12-28 02:00:00,-1.4114182362386423,-1.4426216
2017-12-28 02:10:00,-1.4835282506538248,-1.4503614
2017-12-28 02:20:00,-1.5002980208069998,-1.468755
2017-12-28 02:30:00,-1.5170677909601744,-1.4899199
2017-12-28 02:40:00,-1.5438994245835198,-1.5285054
2017-12-28 02:50:00,-1.5606691947366944,-1.601794
2017-12-28 03:00:00,-1.5807929202987696,-1.6583722
2017-12-28 03:10:00,-1.602593621497897,-1.6839933
2017-12-28 03:20:00,-1.6126554849680674,-1.685904
2017-12-28 03:30:00,-1.621040370044655,-1.6558981
2017-12-28 03:40:00,-1.6596108427752225,-1.6338892
2017-12-28 03:50:00,-1.6545799117292697,-1.6434965
2017-12-28 04:00:00,-1.6411640942284642,-1.4925748
2017-12-28 04:10:00,-1.6260713010906072,-1.6385064
2017-12-28 04:20:00,-1.6076245525438495,-1.761353
2017-12-28 04:30:00,-1.6428410712437818,-1.6315744
2017-12-28 04:40:00,-1.6093015295591666,-1.5249945
2017-12-28 04:50:00,-1.6093015295591666,-1.6376119
2017-12-28 05:00:00,-1.572408035222182,-1.3968573
2017-12-28 05:10:00,-1.5740850122374996,-1.3995935
2017-12-28 05:20:00,-1.5472533786141545,-1.300729
2017-12-28 05:30:00,-1.5086829058835869,-1.3362958
2017-12-28 05:40:00,-1.4969440667763645,-1.2433219
2017-12-28 05:50:00,-1.3896175350395148,-1.0736194
2017-12-28 06:00:00,-1.2957068180469395,-0.9983971
2017-12-28 06:10:00,-1.3074456585324274,-0.9403058
2017-12-28 06:20:00,-1.2671982087865425,-0.88259435
2017-12-28 06:30:00,-1.250428437255102,-0.8507664
2017-12-28 06:40:00,-1.248751460239785,-0.83895135
2017-12-28 06:50:00,-1.278937047893765,-0.83513165
2017-12-28 07:00:00,-1.322538451670285,-0.8294928
2017-12-28 07:10:00,-1.3393082218234595,-0.83238137
2017-12-28 07:20:00,-1.300737750471158,-0.82550514
2017-12-28 07:30:00,-1.3778786945540271,-0.8244548
2017-12-28 07:40:00,-1.4181261442999122,-0.850857
2017-12-28 07:50:00,-1.4382498698619877,-0.8671527
2017-12-28 08:00:00,-1.384586602615297,-0.8424753
2017-12-28 08:10:00,-1.2940298410316224,-0.8134397
2017-12-28 08:20:00,-1.2034730794479473,-0.7693715
2017-12-28 08:30:00,-1.1095623638336376,-0.75614977
2017-12-28 08:40:00,-1.0542221209498954,-0.7325392
2017-12-28 08:50:00,-1.03409839538782,-0.7198123
2017-12-28 09:00:00,-0.9066481394671605,-0.672832
2017-12-28 09:10:00,-0.8479539411745175,-0.6529796
2017-12-28 09:20:00,-0.7607511336214777,-0.61072874
2017-12-28 09:30:00,-0.7171497298449577,-0.54936314
2017-12-28 09:40:00,-0.6769022800990726,-0.5091616
2017-12-28 09:50:00,-0.6131771521387432,-0.43391597
2017-12-28 10:00:00,-0.5427441147388781,-0.3249054
2017-12-28 10:10:00,-0.45051037613988537,-0.2693138
2017-12-28 10:20:00,-0.36666152261748075,-0.17096889
2017-12-28 10:30:00,-0.296228486595881,-0.08161527
2017-12-28 10:40:00,-0.2140566100887935,-0.021743834
2017-12-28 10:50:00,-0.1855479994501306,-0.013829768
2017-12-28 11:00:00,-0.14697752671956352,-0.018168658
2017-12-28 11:10:00,-0.11679194044384847,-0.02322793
2017-12-28 11:20:00,-0.11511496342853136,0.019339204
2017-12-28 11:30:00,-0.012819361359368507,0.03027466
2017-12-28 11:40:00,-0.00275749926746383,0.0140636265
2017-12-28 11:50:00,-0.02455820184485679,-0.031865418
2017-12-28 12:00:00,-0.03797401796739619,-0.021188408
2017-12-28 12:10:00,0.01568924790102891,0.027098298
2017-12-28 12:20:00,0.07102949216303611,0.06732115
2017-12-28 12:30:00,0.11295391892423944,0.09802452
2017-12-28 12:40:00,0.07438344619367135,0.11852467
2017-12-28 12:50:00,0.10289205545406876,0.0966278
2017-12-28 13:00:00,0.04922878958564416,0.13443431
2017-12-28 13:10:00,0.027428088386516194,0.15164724
2017-12-28 13:20:00,0.057613674662231225,0.1671631
2017-12-28 13:30:00,0.014012270885711298,0.18068284
2017-12-28 13:40:00,-0.05809774215120604,0.1874708
2017-12-28 13:50:00,-0.0782214677132814,0.18388394
2017-12-28 14:00:00,-0.04468192602866614,0.20940979
2017-12-28 14:10:00,-0.05306681110525321,0.24397278
2017-12-28 14:20:00,-0.0798984447285985,0.27701515
2017-12-28 14:30:00,-0.11008403238257852,0.2895866
2017-12-28 14:40:00,-0.08660635278986846,0.29443473
2017-12-28 14:50:00,-0.09499123786645602,0.287857
2017-12-28 15:00:00,-0.06145169618184077,0.2861055
2017-12-28 15:10:00,-0.09499123786645602,0.27841616
2017-12-28 15:20:00,-0.1201458944744837,0.26269722
2017-12-28 15:30:00,-0.1201458944744837,0.27620888
2017-12-28 15:40:00,-0.14530054970424588,0.2764707
2017-12-28 15:50:00,-0.17045520631227357,0.2612587
2017-12-28 16:00:00,-0.14865450373488062,0.26429573
2017-12-28 16:10:00,-0.11008403238257852,0.27277935
2017-12-28 16:20:00,-0.11679194044384847,0.28403905
2017-12-28 16:30:00,-0.05977471916652315,0.30057573
2017-12-28 16:40:00,0.03245901943246903,0.30071393
2017-12-28 16:50:00,0.14481648221527108,0.30818492
2017-12-28 17:00:00,0.23705022081426377,0.29622117
2017-12-28 17:10:00,0.3645004781131883,0.30244792
2017-12-28 17:20:00,0.6043081995731809,0.38308197
2017-12-28 17:30:00,1.02355246580694,0.4675306
2017-12-28 17:40:00,1.412611145764985,0.5620075
2017-12-28 17:50:00,1.5149067464558825,0.65225726
2017-12-28 18:00:00,1.5182607004865176,0.79292166
2017-12-28 18:10:00,1.513229769440565,0.8669507
2017-12-28 18:20:00,1.4713053426793625,0.8692721
2017-12-28 18:30:00,1.4193190538262546,0.8218997
2017-12-28 18:40:00,1.4109341687496675,0.7969156
2017-12-28 18:50:00,1.4444737104342829,0.7390448
2017-12-28 19:00:00,1.4226730078568899,0.6984601
2017-12-28 19:10:00,1.387456489156957,0.66227907
2017-12-28 19:20:00,1.127525044891421,0.6180376
2017-12-28 19:30:00,0.8944252314926978,0.58762246
2017-12-28 19:40:00,0.8726245302935709,0.5773778
2017-12-28 19:50:00,0.8441159196549085,0.5612657
2017-12-28 20:00:00,0.8508238277161779,0.53259355
2017-12-28 20:10:00,0.9229338421313603,0.52156806
2017-12-28 20:20:00,0.8776554613395228,0.48899055
2017-12-28 20:30:00,0.911195003024138,0.45215797
2017-12-28 20:40:00,0.8608856911863486,0.42167324
2017-12-28 20:50:00,0.859208712792765,0.3902822
2017-12-28 21:00:00,0.8558547587621308,0.31969196
2017-12-28 21:10:00,0.8156073090162451,0.14589322
2017-12-28 21:20:00,0.7351124109027407,0.12601757
2017-12-28 21:30:00,0.6630023964875583,0.2834496
2017-12-28 21:40:00,0.5640607498272961,0.35993397
2017-12-28 21:50:00,0.5439370242652208,0.2948597
2017-12-28 22:00:00,0.4684730571976683,0.22471185
2017-12-28 22:10:00,0.42990258446710117,0.06101054
2017-12-28 22:20:00,0.31922209732135076,0.006264776
2017-12-28 22:30:00,0.19177184002242623,0.018813193
2017-12-28 22:40:00,0.09115321634684648,-0.057419717
2017-12-28 22:50:00,0.005627385809124236,-0.2916668
2017-12-28 23:00:00,-0.1335617105970236,-0.26734596
2017-12-28 23:10:00,-0.24759615177340874,-0.26725852
2017-12-28 23:20:00,-0.3901392022101908,-0.31800324
2017-12-28 23:30:00,-0.47566503274791305,-0.3970908
2017-12-28 23:40:00,-0.5578369092550005,-0.4615276
2017-12-28 23:50:00,-0.6601325099458979,-0.53373337
2017-12-29 00:00:00,-0.7842288132141878,-0.58364344
2017-12-29 00:10:00,-0.817768354898803,-0.6287738
2017-12-29 00:20:00,-0.9049711624518428,-0.77296567
2017-12-29 00:30:00,-0.9770811754887602,-0.85277057
2017-12-29 00:40:00,-1.0374523507967202,-0.9310708
2017-12-29 00:50:00,-1.0978235247264152,-1.0043693
2017-12-29 01:00:00,-1.1347170204416652,-1.0596414
2017-12-29 01:10:00,-1.1867033092947727,-1.1075594
2017-12-29 01:20:00,-1.2118579645245349,-1.1745304
2017-12-29 01:30:00,-1.2621672777405903,-1.2561059
2017-12-29 01:40:00,-1.302414727486475,-1.3551505
2017-12-29 01:50:00,-1.3577549703702172,-1.4204528
2017-12-29 02:00:00,-1.4080642822080072,-1.4433565
2017-12-29 02:10:00,-1.4231570753458647,-1.4414408
2017-12-29 02:20:00,-1.4566966170304798,-1.4615026
2017-12-29 02:30:00,-1.4885591816997774,-1.5023571
2017-12-29 02:40:00,-1.5170677909601744,-1.5607648
2017-12-29 02:50:00,-1.5019749978223174,-1.5956879
2017-12-29 03:00:00,-1.5371915165222498,-1.6269617
2017-12-29 03:10:00,-1.555638263690742,-1.6573272
2017-12-29 03:20:00,-1.5589922177213766,-1.7138231
2017-12-29 03:30:00,-1.605947575528532,-1.7180192
2017-12-29 03:40:00,-1.6176864160140196,-1.7074423
2017-12-29 03:50:00,-1.6109785079527497,-1.706342
2017-12-29 04:00:00,-1.6445180482590995,-1.6394739
2017-12-29 04:10:00,-1.6478720022897342,-1.7004795
2017-12-29 04:20:00,-1.6495489793050517,-1.8872819
2017-12-29 04:30:00,-1.6428410712437818,-1.7084496
2017-12-29 04:40:00,-1.6545799117292697,-1.5598285
2017-12-29 04:50:00,-1.6881194520356193,-1.7247348
2017-12-29 05:00:00,-1.6612878197905396,-1.4959333
2017-12-29 05:10:00,-1.6126554849680674,-1.4124737
2017-12-29 05:20:00,-1.6109785079527497,-1.4705963
2017-12-29 05:30:00,-1.5824698973140874,-1.4479877
2017-12-29 05:40:00,-1.5321605854762974,-1.4209485
2017-12-29 05:50:00,-1.4281880063918169,-1.0640674
2017-12-29 06:00:00,-1.3661398554468047,-1.0251427
2017-12-29 06:10:00,-1.3896175350395148,-0.9794054
2017-12-29 06:20:00,-1.3510470623089477,-0.9355593
2017-12-29 06:30:00,-1.3376312448081424,-0.89577734
2017-12-29 06:40:00,-1.3309233367468725,-0.8664465
2017-12-29 06:50:00,-1.322538451670285,-0.84918547
2017-12-29 07:00:00,-1.346016131262995,-0.841069
2017-12-29 07:10:00,-1.352724039324265,-0.84519184
2017-12-29 07:20:00,-1.346016131262995,-0.83934355
2017-12-29 07:30:00,-1.4382498698619877,-0.8500731
2017-12-29 07:40:00,-1.4818512736385077,-0.85902286
2017-12-29 07:50:00,-1.5070059288682698,-0.870309
2017-12-29 08:00:00,-1.4432808009079399,-0.87120104
2017-12-29 08:10:00,-1.3577549703702172,-0.8608582
2017-12-29 08:20:00,-1.2705521628171774,-0.84587073
2017-12-29 08:30:00,-1.1900572633254074,-0.82463515
2017-12-29 08:40:00,-1.1045314327876852,-0.8104291
2017-12-29 08:50:00,-1.0307444413571847,-0.82009673
2017-12-29 09:00:00,-0.9837890835500301,-0.79093146
2017-12-29 09:10:00,-0.893232321966355,-0.7538328
2017-12-29 09:20:00,-0.8026755603826805,-0.73333406
2017-12-29 09:30:00,-0.7288885703304455,-0.69962597
2017-12-29 09:40:00,-0.6802562341297078,-0.648836
2017-12-29 09:50:00,-0.6115001751234257,-0.57472515
2017-12-29 10:00:00,-0.5393901607082429,-0.5004575
2017-12-29 10:10:00,-0.47901898677854826,-0.455083
2017-12-29 10:20:00,-0.4438024680786154,-0.38916683
2017-12-29 10:30:00,-0.37840036310296854,-0.3119073
2017-12-29 10:40:00,-0.333121982311131,-0.23909342
2017-12-29 10:50:00,-0.27610476103380566,-0.19603813
2017-12-29 11:00:00,-0.281135692079758,-0.16494584
2017-12-29 11:10:00,-0.18890195348076583,-0.14645493
2017-12-29 11:20:00,-0.1603933442203684,-0.13546133
2017-12-29 11:30:00,-0.08157542174391612,-0.14117664
2017-12-29 11:40:00,-0.03462006393676097,-0.16405702
2017-12-29 11:50:00,-0.11008403238257852,-0.18612844
2017-12-29 12:00:00,-0.20399474799688883,-0.15944344
2017-12-29 12:10:00,-0.23585731128792048,-0.1353221
2017-12-29 12:20:00,-0.2425652207274559,-0.112666905
2017-12-29 12:30:00,-0.266042898941901,-0.10588753
2017-12-29 12:40:00,-0.27778173804912326,-0.09288406
2017-12-29 12:50:00,-0.3465377984336709,-0.08997083
2017-12-29 13:00:00,-0.3599536145562108,-0.07580525
2017-12-29 13:10:00,-0.3163522107796909,-0.05533564
2017-12-29 13:20:00,-0.2526270828193611,-0.04370916
2017-12-29 13:30:00,-0.23418033427260335,-0.015806079
2017-12-29 13:40:00,-0.266042898941901,0.00889346
2017-12-29 13:50:00,-0.2425652207274559,0.039135277
2017-12-29 14:00:00,-0.24424219774277353,0.0856742
2017-12-29 14:10:00,-0.2543040598346787,0.116651386
2017-12-29 14:20:00,-0.26939685297253574,0.13350448
2017-12-29 14:30:00,-0.2526270828193611,0.16380128
2017-12-29 14:40:00,-0.29119755554992865,0.18372282
2017-12-29 14:50:00,-0.3498917524643056,0.19133389
2017-12-29 15:00:00,-0.3347989593264486,0.18473026
2017-12-29 15:10:00,-0.3498917524643056,0.19373354
2017-12-29 15:20:00,-0.3062903486877857,0.20372197
2017-12-29 15:30:00,-0.3431838444030357,0.22941065
2017-12-29 15:40:00,-0.3431838444030357,0.2459545
2017-12-29 15:50:00,-0.35659966052557557,0.21765696
2017-12-29 16:00:00,-0.36330756858684554,0.15668663
2017-12-29 16:10:00,-0.36330756858684554,0.0991112
2017-12-29 16:20:00,-0.37001547664811546,0.07326645
2017-12-29 16:30:00,-0.37001547664811546,0.060301244
2017-12-29 16:40:00,-0.3297680269022308,0.07186228
2017-12-29 16:50:00,-0.30125941764183334,0.058150172
2017-12-29 17:00:00,-0.23418033427260335,0.08458012
2017-12-29 17:10:00,-0.1335617105970236,0.11606762
2017-12-29 17:20:00,0.17164811583861586,0.17077398
2017-12-29 17:30:00,0.6160470386804032,0.24891815
2017-12-29 17:40:00,0.7552361350865511,0.32028612
2017-12-29 17:50:00,0.8038684699090228,0.38206106
2017-12-29 18:00:00,0.8172842874098287,0.45913702
2017-12-29 18:10:00,0.8575317357774473,0.5415289
2017-12-29 18:20:00,0.9028101165692849,0.5800609
2017-12-29 18:30:00,0.8776554613395228,0.59582335
2017-12-29 18:40:00,0.8743015073088886,0.57467556
2017-12-29 18:50:00,0.8307001035323686,0.5347774
2017-12-29 19:00:00,0.8021914928937052,0.5247471
2017-12-29 19:10:00,0.7904526537864829,0.5451386
2017-12-29 19:20:00,0.7619440431478205,0.5619095
2017-12-29 19:30:00,0.7552361350865511,0.5480658
2017-12-29 19:40:00,0.703249846233443,0.53538966
2017-12-29 19:50:00,0.6730642585794631,0.5203603
2017-12-29 20:00:00,0.651263557380336,0.49182916
2017-12-29 20:10:00,0.7200196163866182,0.46598184
2017-12-29 20:20:00,0.7602670661325028,0.42617783
2017-12-29 20:30:00,0.7451742729946453,0.37409878
2017-12-29 20:40:00,0.7300814798567888,0.30430347
2017-12-29 20:50:00,0.6848030990649513,0.20731701
2017-12-29 21:00:00,0.6294628548029431,0.10548067
2017-12-29 21:10:00,0.5456140012805385,0.010286391
2017-12-29 21:20:00,0.530521208142681,-0.06539476
2017-12-29 21:30:00,0.4936277124274305,-0.047928512
2017-12-29 21:40:00,0.4315795614824188,-0.022017896
2017-12-29 21:50:00,0.3645004781131883,-0.06767589
2017-12-29 22:00:00,0.26388185443760853,-0.10657537
2017-12-29 22:10:00,0.20518765752323112,-0.20413953
2017-12-29 22:20:00,0.1481704362459063,-0.32665086
2017-12-29 22:30:00,0.08779926231621124,-0.59207654
2017-12-29 22:40:00,-0.011142384344050894,-0.58169746
2017-12-29 22:50:00,-0.07486751368264616,-0.7346864
2017-12-29 23:00:00,-0.13859264164297594,-0.80229735
2017-12-29 23:10:00,-0.2274724262113334,-0.7728325
2017-12-29 23:20:00,-0.3079673257031033,-0.7433655
2017-12-29 23:30:00,-0.3616305915715284,-0.822659
2017-12-29 23:40:00,-0.5360362066776081,-0.91185284
2017-12-29 23:50:00,-0.6081462210927905,-1.0019927
2017-12-30 00:00:00,-0.7255346149215454,-1.0560215
2017-12-30 00:10:00,-0.8496309181898352,-1.0463212
2017-12-30 00:20:00,-0.9452186108194626,-1.0473111
2017-12-30 00:30:00,-1.00726676314274,-1.0678405
2017-12-30 00:40:00,-1.086084685619193,-1.1014065
2017-12-30 00:50:00,-1.1514867905948398,-1.1532778
2017-12-30 01:00:00,-1.242043552178515,-1.1960559
2017-12-30 01:10:00,-1.2990607720775749,-1.2425451
2017-12-30 01:20:00,-1.3510470623089477,-1.2753253
2017-12-30 01:30:00,-1.421480098330547,-1.3058417
2017-12-30 01:40:00,-1.4382498698619877,-1.352917
2017-12-30 01:50:00,-1.4952670897610474,-1.4248991
2017-12-30 02:00:00,-1.5506073326447896,-1.4796956
2017-12-30 02:10:00,-1.5388684935375674,-1.4972079
2017-12-30 02:20:00,-1.5606691947366944,-1.4950556
2017-12-30 02:30:00,-1.592531759405992,-1.4962996
2017-12-30 02:40:00,-1.6193633930293372,-1.5155469
2017-12-30 02:50:00,-1.629425255121242,-1.5535669
2017-12-30 03:00:00,-1.6545799117292697,-1.5892642
2017-12-30 03:10:00,-1.6864424750203018,-1.611357
2017-12-30 03:20:00,-1.7065662005823772,-1.6189075
2017-12-30 03:30:00,-1.7266899247661869,-1.609854
2017-12-30 03:40:00,-1.7451366733129448,-1.6034214
2017-12-30 03:50:00,-1.7551985354048494,-1.602808
2017-12-30 04:00:00,-1.7350748098427746,-1.650989
2017-12-30 04:10:00,-1.7468136503282623,-1.718395
2017-12-30 04:20:00,-1.7266899247661869,-1.9188247
2017-12-30 04:30:00,-1.7233359707355518,-1.7754631
2017-12-30 04:40:00,-1.7283669017815046,-1.5670266
2017-12-30 04:50:00,-1.7401057408887268,-1.7999101
2017-12-30 05:00:00,-1.7283669017815046,-1.6033299
2017-12-30 05:10:00,-1.7132741086436472,-1.5324332
2017-12-30 05:20:00,-1.7132741086436472,-1.6505232
2017-12-30 05:30:00,-1.6981813155057897,-1.5447294
2017-12-30 05:40:00,-1.6612878197905396,-1.6324134
2017-12-30 05:50:00,-1.5606691947366944,-1.2537049
2017-12-30 06:00:00,-1.4717894101683369,-1.2408688
2017-12-30 06:10:00,-1.48017429662319,-1.1937547
2017-12-30 06:20:00,-1.4919131357304123,-1.1360816
2017-12-30 06:30:00,-1.4516656859845276,-1.0820186
2017-12-30 06:40:00,-1.4432808009079399,-1.0437598
2017-12-30 06:50:00,-1.5204217449908097,-1.0105977
2017-12-30 07:00:00,-1.5824698973140874,-0.9961226
2017-12-30 07:10:00,-1.6780575899437147,-0.9974804
2017-12-30 07:20:00,-1.7115971316283294,-1.0055108
2017-12-30 07:30:00,-1.7920920311200998,-1.0077913
2017-12-30 07:40:00,-1.8289855254570844,-1.0109731
2017-12-30 07:50:00,-1.8138927323192269,-1.0193453
2017-12-30 08:00:00,-1.7065662005823772,-0.98690987
2017-12-30 08:10:00,-1.683088520989667,-0.96407914
2017-12-30 08:20:00,-1.5657001271609121,-0.9399421
2017-12-30 08:30:00,-1.518744767975492,-0.9170784
2017-12-30 08:40:00,-1.48017429662319,-0.9058794
2017-12-30 08:50:00,-1.3745247405233925,-0.90231276
2017-12-30 09:00:00,-1.2185658739640703,-0.8662019
2017-12-30 09:10:00,-1.0793767761796575,-0.8415246
2017-12-30 09:20:00,-0.9921739700048827,-0.812899
2017-12-30 09:30:00,-0.9267718636509703,-0.7813717
2017-12-30 09:40:00,-0.8865244139050851,-0.742373
2017-12-30 09:50:00,-0.8445999871438828,-0.66659105
2017-12-30 10:00:00,-0.7339195013763978,-0.57255006
2017-12-30 10:10:00,-0.6584555329305803,-0.52985525
2017-12-30 10:20:00,-0.5980843590008857,-0.48523355
2017-12-30 10:30:00,-0.4941117799164053,-0.4293056
2017-12-30 10:40:00,-0.47063410170196074,-0.38712156
2017-12-30 10:50:00,-0.4421254910632983,-0.3530746
2017-12-30 11:00:00,-0.4002010643020955,-0.31547362
2017-12-30 11:10:00,-0.38343129414892085,-0.29206318
2017-12-30 11:20:00,-0.35492268351025846,-0.25621748
2017-12-30 11:30:00,-0.30293639465715094,-0.22815561
2017-12-30 11:40:00,-0.3062903486877857,-0.23422062
2017-12-30 11:50:00,-0.3247370958562779,-0.28433955
2017-12-30 12:00:00,-0.3314450052958134,-0.25592077
2017-12-30 12:10:00,-0.3364759363417662,-0.22891891
2017-12-30 12:20:00,-0.3280910498869132,-0.21600491
2017-12-30 12:30:00,-0.3163522107796909,-0.23436451
2017-12-30 12:40:00,-0.31467523376437323,-0.2445414
2017-12-30 12:50:00,-0.3046133716724686,-0.25605285
2017-12-30 13:00:00,-0.3280910498869132,-0.23039716
2017-12-30 13:10:00,-0.3163522107796909,-0.20564419
2017-12-30 13:20:00,-0.3264140728715955,-0.1946137
2017-12-30 13:30:00,-0.36330756858684554,-0.187172
2017-12-30 13:40:00,-0.4018780413174131,-0.18439299
2017-12-30 13:50:00,-0.4119399034093183,-0.18931568
2017-12-30 14:00:00,-0.4203247898641708,-0.17848599
2017-12-30 14:10:00,-0.38007734011828614,-0.16124892
2017-12-30 14:20:00,-0.4186478128488537,-0.14192533
2017-12-30 14:30:00,-0.4186478128488537,-0.1150049
2017-12-30 14:40:00,-0.44883339912456827,-0.090937674
2017-12-30 14:50:00,-0.5108815514478459,-0.063417494
2017-12-30 15:00:00,-0.5360362066776081,-0.03183037
2017-12-30 15:10:00,-0.5561599322396834,-0.031866074
2017-12-30 15:20:00,-0.5427441147388781,-0.028094769
2017-12-30 15:30:00,-0.5662217943315881,-0.0068359673
2017-12-30 15:40:00,-0.5947304035919856,0.0013374388
2017-12-30 15:50:00,-0.6651634409918503,-0.017700821
2017-12-30 16:00:00,-0.6785792571143902,-0.038263798
2017-12-30 16:10:00,-0.6668404180071679,-0.07213819
2017-12-30 16:20:00,-0.6551015788999456,-0.08372319
2017-12-30 16:30:00,-0.616531106169378,-0.09146905
2017-12-30 16:40:00,-0.5276513216010206,-0.094041705
2017-12-30 16:50:00,-0.5024966649929928,-0.0807457
2017-12-30 17:00:00,-0.44715642210925066,-0.08096278
2017-12-30 17:10:00,-0.318029187795008,-0.06577325
2017-12-30 17:20:00,-0.04468192602866614,-0.020182014
2017-12-30 17:30:00,0.40810188188970825,0.04679519
2017-12-30 17:40:00,0.5724456349038832,0.16145957
2017-12-30 17:50:00,0.6747412355947806,0.25769317
2017-12-30 18:00:00,0.6948649611568559,0.3875273
2017-12-30 18:10:00,0.703249846233443,0.5315125
2017-12-30 18:20:00,0.6982189151874912,0.5685307
2017-12-30 18:30:00,0.6965419381721736,0.565479
2017-12-30 18:40:00,0.6680333275335112,0.56197435
2017-12-30 18:50:00,0.651263557380336,0.54318815
2017-12-30 19:00:00,0.6529405343956537,0.5409858
2017-12-30 19:10:00,0.6529405343956537,0.53642124
2017-12-30 19:20:00,0.651263557380336,0.511151
2017-12-30 19:30:00,0.6328168088335783,0.47915992
2017-12-30 19:40:00,0.5959233144965939,0.4730867
2017-12-30 19:50:00,0.582507496995788,0.45743504
2017-12-30 20:00:00,0.5774765659498361,0.4250354
2017-12-30 20:10:00,0.5841844740111055,0.3793095
2017-12-30 20:20:00,0.5808305199804703,0.34057966
2017-12-30 20:30:00,0.5623837728119786,0.30122173
2017-12-30 20:40:00,0.5405830702345856,0.2522707
2017-12-30 20:50:00,0.5053665515346527,0.18039
2017-12-30 21:00:00,0.4667960801823517,0.12853622
2017-12-30 21:10:00,0.39636304278248596,0.03396517
2017-12-30 21:20:00,0.3661774551285059,-0.1968289
2017-12-30 21:30:00,0.32257605135198597,-0.12258899
2017-12-30 21:40:00,0.22531138170704149,-0.1544857
2017-12-30 21:50:00,0.20854161155386636,-0.17847764
2017-12-30 22:00:00,0.270589762498879,-0.21667093
2017-12-30 22:10:00,0.24543510726911683,-0.33730423
2017-12-30 22:20:00,0.188417885991791,-0.49408752
2017-12-30 22:30:00,0.11295391892423944,-0.72268975
2017-12-30 22:40:00,0.059290651677548836,-0.7610295
2017-12-30 22:50:00,-0.019527269420637955,-0.95086956
2017-12-30 23:00:00,-0.11008403238257852,-1.0015466
2017-12-30 23:10:00,-0.24759615177340874,-0.9188998
2017-12-30 23:20:00,-0.3482147754489885,-0.9374354
2017-12-30 23:30:00,-0.46392619364069076,-1.0281008
2017-12-30 23:40:00,-0.5511290011937306,-1.1352602
2017-12-30 23:50:00,-0.6349778533378703,-1.21106
