,Originales,Predichos
2014-07-06 09:00:00,1.2942044,-0.43808872
2014-07-06 10:00:00,1.2832322,-0.4837922
2014-07-06 11:00:00,1.0528165,-0.4980697
2014-07-06 12:00:00,0.87726176,-0.5264463
2014-07-06 13:00:00,0.62490183,-0.56359977
2014-07-06 14:00:00,0.58101314,-0.6203956
2014-07-06 15:00:00,0.58101314,-0.64467716
2014-07-06 16:00:00,0.5480966,-0.59497666
2014-07-06 17:00:00,0.635874,-0.5711625
2014-07-06 18:00:00,0.7455957,-0.5459586
2014-07-06 19:00:00,0.73462355,-0.49099404
2014-07-06 20:00:00,0.9211505,-0.46226478
2014-07-06 21:00:00,1.0308722,-0.4149273
2014-07-06 22:00:00,0.88823396,-0.2339639
2014-07-06 23:00:00,0.58101314,-0.09607494
2014-07-07 00:00:00,0.4274027,0.07786709
2014-07-07 01:00:00,0.36156967,0.2306807
2014-07-07 02:00:00,0.32865316,0.5047735
2014-07-07 03:00:00,0.17504275,0.50131464
2014-07-07 04:00:00,0.1530984,0.57090133
2014-07-07 05:00:00,-0.011484189,0.57639754
2014-07-07 06:00:00,-0.06634505,0.7937877
2014-07-07 07:00:00,-0.17606677,0.74774945
2014-07-07 08:00:00,-0.21995547,0.69558513
2014-07-07 09:00:00,-0.21995547,0.44072807
2014-07-07 10:00:00,-0.13217808,0.34975767
2014-07-07 11:00:00,0.0324045,0.2224505
2014-07-07 12:00:00,0.3505975,0.08852786
2014-07-07 13:00:00,0.5590688,-0.13556826
2014-07-07 14:00:00,0.7126792,-0.19043827
2014-07-07 15:00:00,0.8992061,-0.23629248
2014-07-07 16:00:00,0.9979557,-0.25617117
2014-07-07 17:00:00,1.0199001,-0.28194475
2014-07-07 18:00:00,1.0089278,-0.23365748
2014-07-07 19:00:00,0.97601134,-0.21460348
2014-07-07 20:00:00,0.9650392,-0.16954005
2014-07-07 21:00:00,1.3490652,-0.12314272
2014-07-07 22:00:00,1.5246199,-0.088606656
2014-07-07 23:00:00,1.4807312,-0.11308378
2014-07-08 00:00:00,1.0528165,-0.13825476
2014-07-08 01:00:00,0.87726176,-0.1768744
2014-07-08 02:00:00,1.0089278,-0.16515696
2014-07-08 03:00:00,0.954067,-0.21664101
2014-07-08 04:00:00,0.701707,-0.2524265
2014-07-08 05:00:00,0.6139296,-0.33295584
2014-07-08 06:00:00,0.69073486,-0.32494748
2014-07-08 07:00:00,0.48226357,-0.36365354
2014-07-08 08:00:00,0.40545836,-0.42316562
2014-07-08 09:00:00,0.33962533,-0.46999502
2014-07-08 10:00:00,0.16407058,-0.44851482
2014-07-08 11:00:00,-0.35162154,-0.44790906
2014-07-08 12:00:00,-0.8124528,-0.4061249
2014-07-08 13:00:00,-0.9221745,-0.35124046
2014-07-08 14:00:00,-0.93314666,-0.23992425
2014-07-08 15:00:00,-0.98800755,-0.11664122
2014-07-08 16:00:00,-0.955091,0.0040609837
2014-07-08 17:00:00,-0.97703534,0.098538816
2014-07-08 18:00:00,-1.009952,0.16818887
2014-07-08 19:00:00,-0.98800755,0.1626054
2014-07-08 20:00:00,-0.9221745,0.18181324
2014-07-08 21:00:00,-0.5600928,0.34889132
2014-07-08 22:00:00,-0.6039815,0.5548338
2014-07-08 23:00:00,-0.63689804,0.6207254
2014-07-09 00:00:00,-0.49425977,0.31401742
2014-07-09 01:00:00,-0.5162041,0.14121902
2014-07-09 02:00:00,-0.1650946,0.06162387
2014-07-09 03:00:00,-0.6917589,0.049196362
2014-07-09 04:00:00,-0.88925797,-0.12328142
2014-07-09 05:00:00,-0.8673136,-0.1909712
2014-07-09 06:00:00,-0.9221745,-0.20698357
2014-07-09 07:00:00,-0.9112023,-0.23919338
2014-07-09 08:00:00,-0.9112023,-0.30270278
2014-07-09 09:00:00,-0.9221745,-0.3779493
2014-07-09 10:00:00,-0.97703534,-0.41557413
2014-07-09 11:00:00,-0.97703534,-0.48421925
2014-07-09 12:00:00,-0.94411886,-0.5633347
2014-07-09 13:00:00,-0.9989797,-0.61592793
2014-07-09 14:00:00,-1.009952,-0.5795456
2014-07-09 15:00:00,-0.98800755,-0.54448617
2014-07-09 16:00:00,-0.94411886,-0.5203025
2014-07-09 17:00:00,-0.94411886,-0.53398955
2014-07-09 18:00:00,-0.8563415,-0.5624517
2014-07-09 19:00:00,-0.74661976,-0.5569306
2014-07-09 20:00:00,-0.7027311,-0.5675433
2014-07-09 21:00:00,-0.77953625,-0.49704617
2014-07-09 22:00:00,-0.7575919,-0.42224967
2014-07-09 23:00:00,-0.7137032,-0.4156564
2014-07-10 00:00:00,-0.7246754,-0.45644718
2014-07-10 01:00:00,-0.79050845,-0.485161
2014-07-10 02:00:00,-0.5271763,-0.42045206
2014-07-10 03:00:00,-0.3296772,-0.48762608
2014-07-10 04:00:00,-0.5271763,-0.6110567
2014-07-10 05:00:00,-0.6698145,-0.66882485
2014-07-10 06:00:00,-0.7575919,-0.6505808
2014-07-10 07:00:00,-0.82342494,-0.6590317
2014-07-10 08:00:00,-0.82342494,-0.6583475
2014-07-10 09:00:00,-0.79050845,-0.69265777
2014-07-10 10:00:00,-0.79050845,-0.6754011
2014-07-10 11:00:00,-0.82342494,-0.7007026
2014-07-10 12:00:00,-0.93314666,-0.71100587
2014-07-10 13:00:00,-0.9112023,-0.72437316
2014-07-10 14:00:00,-0.90023017,-0.7001004
2014-07-10 15:00:00,-0.7137032,-0.671698
2014-07-10 16:00:00,-0.9112023,-0.6606379
2014-07-10 17:00:00,-0.9112023,-0.6372687
2014-07-10 18:00:00,-0.90023017,-0.5949239
2014-07-10 19:00:00,-0.83439714,-0.5633049
2014-07-10 20:00:00,-0.79050845,-0.54300314
2014-07-10 21:00:00,-0.7575919,-0.53338695
2014-07-10 22:00:00,-0.6588424,-0.49610895
2014-07-10 23:00:00,-0.63689804,-0.46424973
2014-07-11 00:00:00,-0.571065,-0.4271086
2014-07-11 01:00:00,-0.5271763,-0.41334355
2014-07-11 02:00:00,-0.5162041,-0.35936558
2014-07-11 03:00:00,-0.46134326,-0.28351825
2014-07-11 04:00:00,-0.46134326,-0.3335985
2014-07-11 05:00:00,-0.39551023,-0.4081152
2014-07-11 06:00:00,-0.42842674,-0.46215177
2014-07-11 07:00:00,-0.6478702,-0.48438472
2014-07-11 08:00:00,-0.7137032,-0.48292923
2014-07-11 09:00:00,-0.90023017,-0.482103
2014-07-11 10:00:00,-0.97703534,-0.46528012
2014-07-11 11:00:00,-0.955091,-0.46644473
2014-07-11 12:00:00,-0.9660632,-0.46378684
2014-07-11 13:00:00,-0.9989797,-0.47911924
2014-07-11 14:00:00,-0.9989797,-0.4632073
2014-07-11 15:00:00,-0.9221745,-0.4096642
2014-07-11 16:00:00,-0.955091,-0.41635418
2014-07-11 17:00:00,-0.9221745,-0.41788918
2014-07-11 18:00:00,-0.9989797,-0.44493282
2014-07-11 19:00:00,-0.90023017,-0.39783114
2014-07-11 20:00:00,-0.79050845,-0.37891847
2014-07-11 21:00:00,-0.74661976,-0.3519383
2014-07-11 22:00:00,-0.73564756,-0.35803932
2014-07-11 23:00:00,-0.7137032,-0.32134396
2014-07-12 00:00:00,-0.59300935,-0.33142442
2014-07-12 01:00:00,-0.88925797,-0.33825105
2014-07-12 02:00:00,-0.8673136,-0.3087682
2014-07-12 03:00:00,-0.9989797,-0.25086576
2014-07-12 04:00:00,-0.9660632,-0.2216385
2014-07-12 05:00:00,-0.9989797,-0.24113071
2014-07-12 06:00:00,-0.98800755,-0.2676289
2014-07-12 07:00:00,-0.9660632,-0.34031004
2014-07-12 08:00:00,-0.98800755,-0.37760657
2014-07-12 09:00:00,-0.98800755,-0.4331609
2014-07-12 10:00:00,-0.9989797,-0.4718055
2014-07-12 11:00:00,-1.0209241,-0.49039233
2014-07-12 12:00:00,-1.0318962,-0.49547344
2014-07-12 13:00:00,-1.0209241,-0.5142056
2014-07-12 14:00:00,-1.009952,-0.5049018
2014-07-12 15:00:00,-0.9989797,-0.50364786
2014-07-12 16:00:00,-0.98800755,-0.4903981
2014-07-12 17:00:00,-0.97703534,-0.47340536
2014-07-12 18:00:00,-0.9660632,-0.48244435
2014-07-12 19:00:00,-0.9112023,-0.45566767
2014-07-12 20:00:00,-0.9221745,-0.42287862
2014-07-12 21:00:00,-0.88925797,-0.37324846
2014-07-12 22:00:00,-0.8563415,-0.36643833
2014-07-12 23:00:00,-0.8782858,-0.31481743
2014-07-13 00:00:00,-0.7027311,-0.31105977
2014-07-13 01:00:00,-0.7137032,-0.34902042
2014-07-13 02:00:00,-0.7685641,-0.37611258
2014-07-13 03:00:00,-0.955091,-0.42415822
2014-07-13 04:00:00,-0.88925797,-0.4075687
2014-07-13 05:00:00,-0.8782858,-0.42831266
2014-07-13 06:00:00,-0.90023017,-0.42258364
2014-07-13 07:00:00,-0.9112023,-0.4783187
2014-07-13 08:00:00,-0.9112023,-0.44974363
2014-07-13 09:00:00,-0.98800755,-0.49257767
2014-07-13 10:00:00,-0.955091,-0.5023621
2014-07-13 11:00:00,-0.955091,-0.5301251
2014-07-13 12:00:00,-0.98800755,-0.5381888
2014-07-13 13:00:00,-0.98800755,-0.5112989
2014-07-13 14:00:00,-0.9660632,-0.53344333
2014-07-13 15:00:00,-0.97703534,-0.507871
2014-07-13 16:00:00,-0.9989797,-0.47625744
2014-07-13 17:00:00,-0.8782858,-0.46750444
2014-07-13 18:00:00,-0.8673136,-0.45018458
2014-07-13 19:00:00,-0.8782858,-0.43704414
2014-07-13 20:00:00,-0.8124528,-0.41584843
2014-07-13 21:00:00,-0.7137032,-0.4033534
2014-07-13 22:00:00,-0.46134326,-0.38542956
2014-07-13 23:00:00,-0.6039815,-0.3695022
2014-07-14 00:00:00,-0.54912066,-0.34555125
2014-07-14 01:00:00,-0.46134326,-0.32365555
2014-07-14 02:00:00,-0.6149537,-0.34755635
2014-07-14 03:00:00,-0.59300935,-0.41715282
2014-07-14 04:00:00,-0.7575919,-0.4371884
2014-07-14 05:00:00,-0.8453693,-0.43755507
2014-07-14 06:00:00,-0.8673136,-0.43481058
2014-07-14 07:00:00,-0.83439714,-0.45054668
2014-07-14 08:00:00,-0.88925797,-0.4314081
2014-07-14 09:00:00,-0.8563415,-0.46193397
2014-07-14 10:00:00,-0.90023017,-0.43528038
2014-07-14 11:00:00,-0.88925797,-0.45830905
2014-07-14 12:00:00,-0.8673136,-0.44736254
2014-07-14 13:00:00,-0.8563415,-0.4386925
2014-07-14 14:00:00,-0.77953625,-0.4385044
2014-07-14 15:00:00,-0.7027311,-0.4259382
2014-07-14 16:00:00,-0.6698145,-0.42476577
2014-07-14 17:00:00,-0.7027311,-0.39637655
2014-07-14 18:00:00,-0.63689804,-0.36622757
2014-07-14 19:00:00,-0.6807867,-0.3718428
2014-07-14 20:00:00,-0.7027311,-0.36632973
2014-07-14 21:00:00,-0.7685641,-0.36435837
2014-07-14 22:00:00,-0.93314666,-0.28542477
2014-07-14 23:00:00,-0.88925797,-0.2850544
2014-07-15 00:00:00,-0.7685641,-0.26955408
2014-07-15 01:00:00,-0.4393989,-0.22700673
2014-07-15 02:00:00,-0.6588424,-0.21628016
2014-07-15 03:00:00,-0.77953625,-0.2565182
2014-07-15 04:00:00,-0.7137032,-0.33064878
2014-07-15 05:00:00,-0.6588424,-0.37365592
2014-07-15 06:00:00,-0.63689804,-0.38899732
2014-07-15 07:00:00,-0.6917589,-0.40713596
2014-07-15 08:00:00,-0.6149537,-0.4361807
2014-07-15 09:00:00,-0.5600928,-0.42502308
2014-07-15 10:00:00,-0.54912066,-0.43745816
2014-07-15 11:00:00,-0.5271763,-0.43791217
2014-07-15 12:00:00,-0.54912066,-0.45611233
2014-07-15 13:00:00,-0.5271763,-0.43706465
2014-07-15 14:00:00,-0.54912066,-0.42584306
2014-07-15 15:00:00,-0.49425977,-0.3831454
2014-07-15 16:00:00,-0.47231543,-0.34498215
2014-07-15 17:00:00,-0.6039815,-0.35109186
2014-07-15 18:00:00,-0.53814846,-0.3097651
2014-07-15 19:00:00,-0.5600928,-0.32020104
2014-07-15 20:00:00,-0.505232,-0.32220292
2014-07-15 21:00:00,-0.41745457,-0.34500003
2014-07-15 22:00:00,-0.29676068,-0.38375586
2014-07-15 23:00:00,-0.2089833,-0.38985658
2014-07-16 00:00:00,-0.07731722,-0.3816061
2014-07-16 01:00:00,0.087265365,-0.31517017
2014-07-16 02:00:00,0.13115406,-0.3218854
2014-07-16 03:00:00,0.14212623,-0.34111422
2014-07-16 04:00:00,-0.1650946,-0.3933406
2014-07-16 05:00:00,-0.11023374,-0.37009102
2014-07-16 06:00:00,-0.1650946,-0.36606336
2014-07-16 07:00:00,0.22990361,-0.3722375
2014-07-16 08:00:00,0.32865316,-0.37711298
2014-07-16 09:00:00,0.36156967,-0.34467638
2014-07-16 10:00:00,0.52615225,-0.3356622
2014-07-16 11:00:00,0.6578183,-0.342444
2014-07-16 12:00:00,0.6468462,-0.36757892
2014-07-16 13:00:00,0.7894844,-0.3416062
2014-07-16 14:00:00,0.46031922,-0.32260394
2014-07-16 15:00:00,0.5042079,-0.3266303
2014-07-16 16:00:00,0.37254184,-0.32346106
2014-07-16 17:00:00,0.12018188,-0.33639443
2014-07-16 18:00:00,-0.11023374,-0.31746924
2014-07-16 19:00:00,-0.4393989,-0.32327336
2014-07-16 20:00:00,-0.4393989,-0.3350631
2014-07-16 21:00:00,-0.3296772,-0.32326186
2014-07-16 22:00:00,-0.21995547,-0.29671514
2014-07-16 23:00:00,-0.2857885,-0.29682523
2014-07-17 00:00:00,-0.39551023,-0.24593347
2014-07-17 01:00:00,-0.19801112,-0.17811209
2014-07-17 02:00:00,0.12018188,-0.11013359
2014-07-17 03:00:00,0.13115406,-0.084404945
2014-07-17 04:00:00,0.3067088,-0.15187371
2014-07-17 05:00:00,0.28476447,-0.17484975
2014-07-17 06:00:00,0.5151801,-0.21377718
2014-07-17 07:00:00,0.38351402,-0.09226024
2014-07-17 08:00:00,0.46031922,-0.058029413
2014-07-17 09:00:00,0.48226357,0.0131059885
2014-07-17 10:00:00,0.46031922,0.008109391
2014-07-17 11:00:00,0.4274027,0.123695195
2014-07-17 12:00:00,0.31768098,0.11938983
2014-07-17 13:00:00,0.3505975,0.19692549
2014-07-17 14:00:00,0.32865316,0.05742705
2014-07-17 15:00:00,0.67976266,0.047076643
2014-07-17 16:00:00,0.67976266,-0.043821573
2014-07-17 17:00:00,0.69073486,-0.1254794
2014-07-17 18:00:00,0.57004094,-0.25157428
2014-07-17 19:00:00,0.5480966,-0.32746983
2014-07-17 20:00:00,0.6578183,-0.35858756
2014-07-17 21:00:00,0.7894844,-0.33167136
2014-07-17 22:00:00,0.9650392,-0.34731096
2014-07-17 23:00:00,1.0418444,-0.36151683
2014-07-18 00:00:00,1.3161486,-0.38043588
2014-07-18 01:00:00,0.9979557,-0.32403284
2014-07-18 02:00:00,0.5919853,-0.22356254
2014-07-18 03:00:00,0.635874,-0.15324688
2014-07-18 04:00:00,0.33962533,-0.11259812
2014-07-18 05:00:00,0.3067088,-0.11888963
2014-07-18 06:00:00,0.25184795,-0.033994377
2014-07-18 07:00:00,0.13115406,-0.0052238703
2014-07-18 08:00:00,0.24087578,0.011931658
2014-07-18 09:00:00,0.14212623,0.004086554
2014-07-18 10:00:00,0.09823754,0.040949404
2014-07-18 11:00:00,0.21893144,0.001691401
2014-07-18 12:00:00,0.2737923,-0.037174642
2014-07-18 13:00:00,0.29573664,-0.13915318
2014-07-18 14:00:00,0.4712914,-0.12804937
2014-07-18 15:00:00,0.09823754,-0.027043343
2014-07-18 16:00:00,-0.044400707,-0.0055702925
2014-07-18 17:00:00,-0.21995547,0.010928273
2014-07-18 18:00:00,-0.044400707,-0.09029931
2014-07-18 19:00:00,0.06532102,-0.10746348
2014-07-18 20:00:00,0.0324045,-0.13634032
2014-07-18 21:00:00,-0.17606677,-0.048766375
2014-07-18 22:00:00,-0.21995547,-0.030069053
2014-07-18 23:00:00,-0.2089833,0.03473264
2014-07-19 00:00:00,-0.14315026,0.1048466
2014-07-19 01:00:00,-0.34064937,0.065662265
2014-07-19 02:00:00,-0.29676068,-0.024060428
2014-07-19 03:00:00,-0.30773285,-0.075811684
2014-07-19 04:00:00,-0.252872,-0.12401557
2014-07-19 05:00:00,-0.252872,-0.1655693
2014-07-19 06:00:00,-0.27481633,-0.18978626
2014-07-19 07:00:00,-0.30773285,-0.255242
2014-07-19 08:00:00,-0.35162154,-0.24809808
2014-07-19 09:00:00,-0.4393989,-0.24019521
2014-07-19 10:00:00,-0.571065,-0.277628
2014-07-19 11:00:00,-0.5271763,-0.2741695
2014-07-19 12:00:00,-0.37356588,-0.28234595
2014-07-19 13:00:00,-0.47231543,-0.2973624
2014-07-19 14:00:00,-0.53814846,-0.26531333
2014-07-19 15:00:00,-0.6039815,-0.33463544
2014-07-19 16:00:00,-0.6807867,-0.3382933
2014-07-19 17:00:00,-0.6039815,-0.368627
2014-07-19 18:00:00,-0.571065,-0.3620509
2014-07-19 19:00:00,-0.5162041,-0.3585949
2014-07-19 20:00:00,-0.39551023,-0.34312934
2014-07-19 21:00:00,-0.30773285,-0.4253685
2014-07-19 22:00:00,-0.2089833,-0.43747246
2014-07-19 23:00:00,-0.37356588,-0.42764956
2014-07-20 00:00:00,-0.6478702,-0.38756424
2014-07-20 01:00:00,-0.59300935,-0.43079257
2014-07-20 02:00:00,-0.4393989,-0.4607492
2014-07-20 03:00:00,-0.47231543,-0.5129168
2014-07-20 04:00:00,-0.38453805,-0.50966066
2014-07-20 05:00:00,-0.39551023,-0.53528726
2014-07-20 06:00:00,-0.41745457,-0.5495866
2014-07-20 07:00:00,-0.49425977,-0.5478332
2014-07-20 08:00:00,-0.5271763,-0.5191122
2014-07-20 09:00:00,-0.49425977,-0.5569648
2014-07-20 10:00:00,-0.4393989,-0.58674324
2014-07-20 11:00:00,-0.5271763,-0.60662216
2014-07-20 12:00:00,-0.49425977,-0.5775385
2014-07-20 13:00:00,-0.3625937,-0.54360986
2014-07-20 14:00:00,-0.1650946,-0.5628761
2014-07-20 15:00:00,-0.14315026,-0.5795024
2014-07-20 16:00:00,-0.23092765,-0.57406145
2014-07-20 17:00:00,-0.4393989,-0.5674716
2014-07-20 18:00:00,-0.34064937,-0.5506323
2014-07-20 19:00:00,-0.4503711,-0.5511378
2014-07-20 20:00:00,-0.5162041,-0.5181077
2014-07-20 21:00:00,-0.49425977,-0.5092599
2014-07-20 22:00:00,-0.5271763,-0.48056853
2014-07-20 23:00:00,-0.571065,-0.5052161
2014-07-21 00:00:00,-0.4832876,-0.5316694
2014-07-21 01:00:00,-0.4503711,-0.54316735
2014-07-21 02:00:00,-0.4393989,-0.514946
2014-07-21 03:00:00,-0.49425977,-0.49352378
2014-07-21 04:00:00,-0.4503711,-0.46336287
2014-07-21 05:00:00,-0.4503711,-0.45949304
2014-07-21 06:00:00,-0.5162041,-0.4451502
2014-07-21 07:00:00,-0.8782858,-0.44461548
2014-07-21 08:00:00,-0.8782858,-0.44370127
2014-07-21 09:00:00,-0.8782858,-0.46734762
2014-07-21 10:00:00,-0.97703534,-0.45942217
2014-07-21 11:00:00,-0.93314666,-0.4808526
2014-07-21 12:00:00,-0.9660632,-0.4868638
2014-07-21 13:00:00,-0.93314666,-0.45517612
2014-07-21 14:00:00,-0.94411886,-0.3699835
2014-07-21 15:00:00,-0.93314666,-0.3287903
2014-07-21 16:00:00,-0.955091,-0.34027934
2014-07-21 17:00:00,-0.97703534,-0.4095713
2014-07-21 18:00:00,-0.94411886,-0.41152227
2014-07-21 19:00:00,-0.93314666,-0.43563735
2014-07-21 20:00:00,-0.9112023,-0.43428665
2014-07-21 21:00:00,-0.94411886,-0.43599564
2014-07-21 22:00:00,-0.97703534,-0.4104979
2014-07-21 23:00:00,-0.9989797,-0.42627943
2014-07-22 00:00:00,-1.0318962,-0.4266973
2014-07-22 01:00:00,-1.0318962,-0.4529397
2014-07-22 02:00:00,-0.955091,-0.44655097
2014-07-22 03:00:00,-0.98800755,-0.4362951
2014-07-22 04:00:00,-0.9221745,-0.4350868
2014-07-22 05:00:00,-0.9221745,-0.45046282
2014-07-22 06:00:00,-0.94411886,-0.43158644
2014-07-22 07:00:00,-0.90023017,-0.49147862
2014-07-22 08:00:00,-0.88925797,-0.51788914
2014-07-22 09:00:00,-0.93314666,-0.53450966
2014-07-22 10:00:00,-0.9660632,-0.52871025
2014-07-22 11:00:00,-0.94411886,-0.5518174
2014-07-22 12:00:00,-0.9221745,-0.5637754
2014-07-22 13:00:00,-0.90023017,-0.5594559
2014-07-22 14:00:00,-0.9112023,-0.5196575
2014-07-22 15:00:00,-0.9221745,-0.5138545
2014-07-22 16:00:00,-0.9221745,-0.5262211
2014-07-22 17:00:00,-0.97703534,-0.51850426
2014-07-22 18:00:00,-0.93314666,-0.5145328
2014-07-22 19:00:00,-1.009952,-0.5269366
2014-07-22 20:00:00,-0.9660632,-0.53351665
2014-07-22 21:00:00,-0.88925797,-0.5270576
2014-07-22 22:00:00,-0.8673136,-0.5249732
2014-07-22 23:00:00,-0.9112023,-0.52233183
2014-07-23 00:00:00,-0.9221745,-0.5386039
2014-07-23 01:00:00,-0.8782858,-0.55810815
2014-07-23 02:00:00,-0.8782858,-0.53203464
2014-07-23 03:00:00,-0.8673136,-0.55474186
2014-07-23 04:00:00,-0.8453693,-0.5341678
2014-07-23 05:00:00,-0.9660632,-0.5097831
2014-07-23 06:00:00,-0.955091,-0.5181248
2014-07-23 07:00:00,-0.88925797,-0.5048992
2014-07-23 08:00:00,-0.8782858,-0.51103544
2014-07-23 09:00:00,-0.9221745,-0.52295023
2014-07-23 10:00:00,-0.90023017,-0.51133776
2014-07-23 11:00:00,-0.88925797,-0.5299599
2014-07-23 12:00:00,-0.955091,-0.5301819
2014-07-23 13:00:00,-0.8563415,-0.5274821
2014-07-23 14:00:00,-0.8782858,-0.50060654
2014-07-23 15:00:00,-0.9221745,-0.51555985
2014-07-23 16:00:00,-0.8782858,-0.507524
2014-07-23 17:00:00,-0.8673136,-0.50470525
2014-07-23 18:00:00,-0.8673136,-0.50557923
2014-07-23 19:00:00,-0.63689804,-0.4986223
2014-07-23 20:00:00,-0.59300935,-0.48267227
2014-07-23 21:00:00,-0.62592584,-0.45142937
2014-07-23 22:00:00,-0.63689804,-0.4320271
2014-07-23 23:00:00,-0.6478702,-0.44635218
2014-07-24 00:00:00,-0.59300935,-0.45339358
2014-07-24 01:00:00,-0.49425977,-0.44996327
2014-07-24 02:00:00,-0.5271763,-0.44125503
2014-07-24 03:00:00,-0.54912066,-0.4390123
2014-07-24 04:00:00,-0.2857885,-0.43888867
2014-07-24 05:00:00,-0.29676068,-0.43766993
2014-07-24 06:00:00,-0.19801112,-0.438035
2014-07-24 07:00:00,-0.2857885,-0.39910853
2014-07-24 08:00:00,-0.26384416,-0.4019755
2014-07-24 09:00:00,-0.19801112,-0.40586764
2014-07-24 10:00:00,-0.11023374,-0.39189202
2014-07-24 11:00:00,0.0324045,-0.4153443
2014-07-24 12:00:00,-0.12120591,-0.40829414
2014-07-24 13:00:00,-0.3625937,-0.41794884
2014-07-24 14:00:00,-0.1650946,-0.40031803
2014-07-24 15:00:00,-0.41745457,-0.41988903
2014-07-24 16:00:00,-0.54912066,-0.39671928
2014-07-24 17:00:00,-0.34064937,-0.39779305
2014-07-24 18:00:00,-0.53814846,-0.4240874
2014-07-24 19:00:00,-0.83439714,-0.38943982
2014-07-24 20:00:00,-0.73564756,-0.34589708
2014-07-24 21:00:00,-0.7137032,-0.32853985
2014-07-24 22:00:00,-0.4064824,-0.33240372
2014-07-24 23:00:00,0.043376673,-0.31841892
2014-07-25 00:00:00,0.3944862,-0.31435663
2014-07-25 01:00:00,0.5042079,-0.27370715
2014-07-25 02:00:00,0.19698709,-0.27881682
2014-07-25 03:00:00,0.29573664,-0.28756648
2014-07-25 04:00:00,0.53712445,-0.25178677
2014-07-25 05:00:00,0.6578183,-0.23076761
2014-07-25 06:00:00,0.17504275,-0.19636601
2014-07-25 07:00:00,-0.09926157,-0.22083342
2014-07-25 08:00:00,-0.033428535,-0.22934389
2014-07-25 09:00:00,-0.42842674,-0.21155214
2014-07-25 10:00:00,-0.5600928,-0.16620481
2014-07-25 11:00:00,-0.6588424,-0.1513148
2014-07-25 12:00:00,-0.7575919,-0.16352665
2014-07-25 13:00:00,-0.8014806,-0.2665698
2014-07-25 14:00:00,-0.74661976,-0.23116231
2014-07-25 15:00:00,-0.79050845,-0.2880631
2014-07-25 16:00:00,-0.7575919,-0.33764178
2014-07-25 17:00:00,-0.6807867,-0.33094776
2014-07-25 18:00:00,-0.6039815,-0.35329252
2014-07-25 19:00:00,-0.6149537,-0.3987249
2014-07-25 20:00:00,-0.49425977,-0.41146892
2014-07-25 21:00:00,-0.42842674,-0.425483
2014-07-25 22:00:00,-0.34064937,-0.34250742
2014-07-25 23:00:00,-0.34064937,-0.21831363
2014-07-26 00:00:00,-0.30773285,-0.0860576
2014-07-26 01:00:00,-0.14315026,0.015402377
2014-07-26 02:00:00,-0.09926157,0.013883948
2014-07-26 03:00:00,0.17504275,0.009951413
2014-07-26 04:00:00,0.3944862,0.08275378
2014-07-26 05:00:00,0.5042079,0.25303742
2014-07-26 06:00:00,0.53712445,0.1382106
2014-07-26 07:00:00,0.46031922,-0.057211697
2014-07-26 08:00:00,0.40545836,-0.17770338
2014-07-26 09:00:00,0.14212623,-0.26573855
2014-07-26 10:00:00,0.20795926,-0.3346513
2014-07-26 11:00:00,0.07629319,-0.41234374
2014-07-26 12:00:00,0.13115406,-0.438708
2014-07-26 13:00:00,-0.21995547,-0.44850653
2014-07-26 14:00:00,-0.41745457,-0.47137946
2014-07-26 15:00:00,-0.3625937,-0.5300487
2014-07-26 16:00:00,-0.41745457,-0.49954933
2014-07-26 17:00:00,-0.26384416,-0.46506917
2014-07-26 18:00:00,-0.30773285,-0.43832397
2014-07-26 19:00:00,-0.4064824,-0.43456006
2014-07-26 20:00:00,-0.47231543,-0.44146627
2014-07-26 21:00:00,-0.41745457,-0.43260586
2014-07-26 22:00:00,-0.4503711,-0.3774395
2014-07-26 23:00:00,-0.47231543,-0.33231002
2014-07-27 00:00:00,-0.4393989,-0.2522928
2014-07-27 01:00:00,-0.35162154,-0.18136048
2014-07-27 02:00:00,-0.26384416,-0.122480094
2014-07-27 03:00:00,-0.15412243,-0.05748099
2014-07-27 04:00:00,-0.033428535,0.046310306
2014-07-27 05:00:00,0.021432329,0.20299035
2014-07-27 06:00:00,0.12018188,0.24317414
2014-07-27 07:00:00,0.07629319,0.16131109
2014-07-27 08:00:00,0.06532102,0.05878538
2014-07-27 09:00:00,0.14212623,-0.06007123
2014-07-27 10:00:00,0.054348845,-0.1329062
2014-07-27 11:00:00,0.1530984,-0.23416221
2014-07-27 12:00:00,0.36156967,-0.2741024
2014-07-27 13:00:00,0.21893144,-0.3784557
2014-07-27 14:00:00,-0.011484189,-0.43529916
2014-07-27 15:00:00,-0.14315026,-0.48992395
2014-07-27 16:00:00,-0.07731722,-0.45522428
2014-07-27 17:00:00,-0.1650946,-0.43353808
2014-07-27 18:00:00,-0.05537288,-0.39661002
2014-07-27 19:00:00,-0.022456361,-0.41514593
2014-07-27 20:00:00,-0.011484189,-0.41715354
2014-07-27 21:00:00,-0.13217808,-0.39327544
2014-07-27 22:00:00,-0.18703894,-0.39027095
2014-07-27 23:00:00,-0.17606677,-0.3737288
2014-07-28 00:00:00,-0.07731722,-0.35252416
2014-07-28 01:00:00,-0.05537288,-0.33078235
2014-07-28 02:00:00,0.14212623,-0.34342217
2014-07-28 03:00:00,0.22990361,-0.303266
2014-07-28 04:00:00,0.29573664,-0.24257535
2014-07-28 05:00:00,0.37254184,-0.16398174
2014-07-28 06:00:00,0.41643053,-0.088015795
2014-07-28 07:00:00,0.44934705,-0.09256011
2014-07-28 08:00:00,0.4712914,-0.107910335
2014-07-28 09:00:00,0.2737923,-0.10907078
2014-07-28 10:00:00,0.12018188,-0.13761598
2014-07-28 11:00:00,0.19698709,-0.13088799
2014-07-28 12:00:00,0.10920971,-0.089425445
2014-07-28 13:00:00,0.010460156,-0.12410694
2014-07-28 14:00:00,-0.29676068,-0.2257995
2014-07-28 15:00:00,-0.42842674,-0.34706837
2014-07-28 16:00:00,-0.3625937,-0.38108027
2014-07-28 17:00:00,-0.21995547,-0.3945428
2014-07-28 18:00:00,-0.2089833,-0.37613988
2014-07-28 19:00:00,-0.252872,-0.38840663
2014-07-28 20:00:00,-0.12120591,-0.36855632
2014-07-28 21:00:00,-0.13217808,-0.37712276
2014-07-28 22:00:00,-0.18703894,-0.37671083
2014-07-28 23:00:00,-0.12120591,-0.40016073
2014-07-29 00:00:00,-0.044400707,-0.35774142
2014-07-29 01:00:00,-0.11023374,-0.32706827
2014-07-29 02:00:00,-0.011484189,-0.29062557
2014-07-29 03:00:00,0.010460156,-0.2686172
2014-07-29 04:00:00,0.1530984,-0.1996072
2014-07-29 05:00:00,0.38351402,-0.1418652
2014-07-29 06:00:00,0.6029575,-0.09682602
2014-07-29 07:00:00,0.97601134,-0.068303466
2014-07-29 08:00:00,0.8662896,-0.043308854
2014-07-29 09:00:00,0.5590688,-0.1259929
2014-07-29 10:00:00,0.2737923,-0.20402253
2014-07-29 11:00:00,0.010460156,-0.22433561
2014-07-29 12:00:00,-0.088289395,-0.20694464
2014-07-29 13:00:00,-0.033428535,-0.23204118
2014-07-29 14:00:00,-0.15412243,-0.33642042
2014-07-29 15:00:00,-0.17606677,-0.43377107
2014-07-29 16:00:00,-0.12120591,-0.4675414
2014-07-29 17:00:00,-0.12120591,-0.4405353
2014-07-29 18:00:00,-0.15412243,-0.4448325
2014-07-29 19:00:00,-0.088289395,-0.4493698
2014-07-29 20:00:00,-0.15412243,-0.42685485
2014-07-29 21:00:00,-0.1650946,-0.38163948
2014-07-29 22:00:00,-0.18703894,-0.39361364
2014-07-29 23:00:00,-0.19801112,-0.40592623
2014-07-30 00:00:00,-0.24189982,-0.3719173
2014-07-30 01:00:00,-0.34064937,-0.35384762
2014-07-30 02:00:00,-0.5271763,-0.32565343
2014-07-30 03:00:00,-0.5162041,-0.33986115
2014-07-30 04:00:00,-0.13217808,-0.27217567
2014-07-30 05:00:00,0.18601492,-0.18172288
2014-07-30 06:00:00,0.14212623,-0.05412227
2014-07-30 07:00:00,0.46031922,0.109962285
2014-07-30 08:00:00,0.37254184,0.17580408
2014-07-30 09:00:00,0.6468462,0.06729108
2014-07-30 10:00:00,0.5590688,-0.14685577
2014-07-30 11:00:00,0.53712445,-0.30320168
2014-07-30 12:00:00,0.52615225,-0.3610258
2014-07-30 13:00:00,0.3505975,-0.36101466
2014-07-30 14:00:00,0.32865316,-0.43874335
2014-07-30 15:00:00,0.24087578,-0.47672528
2014-07-30 16:00:00,0.13115406,-0.49539357
2014-07-30 17:00:00,0.32865316,-0.5014751
2014-07-30 18:00:00,0.48226357,-0.5181741
2014-07-30 19:00:00,0.62490183,-0.49964315
2014-07-30 20:00:00,0.93212265,-0.49052238
2014-07-30 21:00:00,1.085733,-0.46441495
2014-07-30 22:00:00,1.2283713,-0.47091305
2014-07-30 23:00:00,1.2173991,-0.47131163
2014-07-31 00:00:00,1.1076775,-0.46241355
2014-07-31 01:00:00,1.0199001,-0.44398695
2014-07-31 02:00:00,1.0747609,-0.47920924
2014-07-31 03:00:00,0.954067,-0.49724072
2014-07-31 04:00:00,0.9211505,-0.44495493
2014-07-31 05:00:00,1.0089278,-0.3439787
2014-07-31 06:00:00,1.1844826,-0.26602358
2014-07-31 07:00:00,1.3051765,-0.15022594
2014-07-31 08:00:00,1.6453139,-0.08694577
2014-07-31 09:00:00,1.3929539,0.0810613
2014-07-31 10:00:00,1.206427,0.032837093
2014-07-31 11:00:00,0.83337307,0.022524238
2014-07-31 12:00:00,0.87726176,-0.056509674
2014-07-31 13:00:00,0.701707,-0.07178873
2014-07-31 14:00:00,0.69073486,-0.17414206
2014-07-31 15:00:00,0.6029575,-0.22708833
2014-07-31 16:00:00,0.37254184,-0.32280052
2014-07-31 17:00:00,0.37254184,-0.25985563
2014-07-31 18:00:00,0.24087578,-0.24192214
2014-07-31 19:00:00,0.2737923,-0.21175402
2014-07-31 20:00:00,0.38351402,-0.10698986
2014-07-31 21:00:00,0.73462355,-0.003153205
2014-07-31 22:00:00,0.954067,0.16650265
2014-07-31 23:00:00,1.1625383,0.23936096
2014-08-01 00:00:00,1.0528165,0.26657173
2014-08-01 01:00:00,0.5919853,0.22623083
2014-08-01 02:00:00,0.21893144,0.20113811
2014-08-01 03:00:00,0.38351402,0.12153947
2014-08-01 04:00:00,0.3505975,0.056499124
2014-08-01 05:00:00,0.3944862,0.027414441
2014-08-01 06:00:00,0.5042079,0.10471809
2014-08-01 07:00:00,0.6468462,0.16230237
2014-08-01 08:00:00,0.8662896,0.314856
2014-08-01 09:00:00,0.93212265,0.31471086
2014-08-01 10:00:00,0.57004094,0.27413517
2014-08-01 11:00:00,0.13115406,0.105042994
2014-08-01 12:00:00,0.25184795,0.06668389
2014-08-01 13:00:00,0.09823754,-0.02775687
2014-08-01 14:00:00,0.0324045,-0.03385508
2014-08-01 15:00:00,-0.022456361,-0.13552564
2014-08-01 16:00:00,-0.06634505,-0.19214916
2014-08-01 17:00:00,0.06532102,-0.2600258
2014-08-01 18:00:00,0.16407058,-0.30005407
2014-08-01 19:00:00,0.26282012,-0.3394304
2014-08-01 20:00:00,0.37254184,-0.29927188
2014-08-01 21:00:00,0.37254184,-0.22409147
2014-08-01 22:00:00,0.40545836,-0.08894783
2014-08-01 23:00:00,0.010460156,0.058139622
2014-08-02 00:00:00,-0.24189982,0.0873242
2014-08-02 01:00:00,-0.23092765,0.036667943
2014-08-02 02:00:00,-0.1650946,-0.15681332
2014-08-02 03:00:00,-0.07731722,-0.19856471
2014-08-02 04:00:00,-0.13217808,-0.25146037
2014-08-02 05:00:00,-0.24189982,-0.27268708
2014-08-02 06:00:00,-0.34064937,-0.2985751
2014-08-02 07:00:00,-0.41745457,-0.2593314
2014-08-02 08:00:00,-0.47231543,-0.17411113
2014-08-02 09:00:00,-0.252872,-0.09243643
2014-08-02 10:00:00,-0.14315026,-0.19120681
2014-08-02 11:00:00,-0.033428535,-0.3567956
2014-08-02 12:00:00,0.010460156,-0.40345263
2014-08-02 13:00:00,0.13115406,-0.425749
2014-08-02 14:00:00,0.09823754,-0.46551037
2014-08-02 15:00:00,0.10920971,-0.48167628
2014-08-02 16:00:00,0.043376673,-0.4560843
2014-08-02 17:00:00,0.043376673,-0.43430603
2014-08-02 18:00:00,0.010460156,-0.41774982
2014-08-02 19:00:00,-0.0005120168,-0.46121746
2014-08-02 20:00:00,0.14212623,-0.44877607
2014-08-02 21:00:00,0.16407058,-0.43061817
2014-08-02 22:00:00,0.22990361,-0.34749615
2014-08-02 23:00:00,0.20795926,-0.37979716
2014-08-03 00:00:00,0.41643053,-0.438532
2014-08-03 01:00:00,0.5042079,-0.4296595
2014-08-03 02:00:00,0.635874,-0.4213419
2014-08-03 03:00:00,0.9211505,-0.429233
2014-08-03 04:00:00,0.98698354,-0.46938908
2014-08-03 05:00:00,1.1076775,-0.53504175
2014-08-03 06:00:00,0.8224009,-0.57314014
2014-08-03 07:00:00,0.3505975,-0.5725364
2014-08-03 08:00:00,0.021432329,-0.5437549
2014-08-03 09:00:00,-0.13217808,-0.50809926
2014-08-03 10:00:00,-0.2857885,-0.4873274
2014-08-03 11:00:00,-0.2857885,-0.4603601
2014-08-03 12:00:00,-0.19801112,-0.47115064
2014-08-03 13:00:00,-0.29676068,-0.40746045
2014-08-03 14:00:00,-0.05537288,-0.36966884
2014-08-03 15:00:00,-0.26384416,-0.3152582
2014-08-03 16:00:00,0.021432329,-0.33172494
2014-08-03 17:00:00,-0.30773285,-0.31891066
2014-08-03 18:00:00,-0.34064937,-0.35763586
2014-08-03 19:00:00,-0.5271763,-0.3932851
2014-08-03 20:00:00,-0.505232,-0.3958717
2014-08-03 21:00:00,-0.3625937,-0.35648084
2014-08-03 22:00:00,-0.4064824,-0.29562718
2014-08-03 23:00:00,-0.3625937,-0.2798869
2014-08-04 00:00:00,-0.2857885,-0.21758705
2014-08-04 01:00:00,-0.21995547,-0.18497056
2014-08-04 02:00:00,-0.088289395,-0.10977131
2014-08-04 03:00:00,-0.12120591,0.0010131001
2014-08-04 04:00:00,-0.19801112,0.10736269
2014-08-04 05:00:00,-0.088289395,0.19871324
2014-08-04 06:00:00,-0.11023374,0.13617682
2014-08-04 07:00:00,-0.11023374,-0.09671205
2014-08-04 08:00:00,-0.4503711,-0.29823786
2014-08-04 09:00:00,-0.9660632,-0.36546332
2014-08-04 10:00:00,-0.98800755,-0.4202603
2014-08-04 11:00:00,-1.0209241,-0.4247223
2014-08-04 12:00:00,-1.0428684,-0.41904795
2014-08-04 13:00:00,-1.0209241,-0.385266
2014-08-04 14:00:00,-1.0209241,-0.34360856
2014-08-04 15:00:00,-1.0318962,-0.3655262
2014-08-04 16:00:00,-1.0538406,-0.33675534
2014-08-04 17:00:00,-1.0209241,-0.37483853
2014-08-04 18:00:00,-1.0209241,-0.39003336
2014-08-04 19:00:00,-1.0538406,-0.47666723
2014-08-04 20:00:00,-1.0757849,-0.45934796
2014-08-04 21:00:00,-1.0757849,-0.44321346
2014-08-04 22:00:00,-1.0538406,-0.37338078
2014-08-04 23:00:00,-1.0538406,-0.4058159
2014-08-05 00:00:00,-1.0318962,-0.36961454
2014-08-05 01:00:00,-0.94411886,-0.38097346
2014-08-05 02:00:00,-0.955091,-0.3259123
2014-08-05 03:00:00,-0.98800755,-0.32903296
2014-08-05 04:00:00,-1.009952,-0.30686462
2014-08-05 05:00:00,-0.9989797,-0.23957956
2014-08-05 06:00:00,-0.97703534,-0.22288895
2014-08-05 07:00:00,-0.94411886,-0.24966836
2014-08-05 08:00:00,-0.9221745,-0.40242094
2014-08-05 09:00:00,-0.94411886,-0.5781565
2014-08-05 10:00:00,-0.82342494,-0.62308943
2014-08-05 11:00:00,-0.82342494,-0.6711166
2014-08-05 12:00:00,-0.7575919,-0.68696135
2014-08-05 13:00:00,-0.8014806,-0.6737259
2014-08-05 14:00:00,-0.8124528,-0.6760182
2014-08-05 15:00:00,-0.79050845,-0.6760814
2014-08-05 16:00:00,-0.74661976,-0.6623972
2014-08-05 17:00:00,-0.53814846,-0.66052777
2014-08-05 18:00:00,-0.74661976,-0.6289169
2014-08-05 19:00:00,-0.82342494,-0.636741
2014-08-05 20:00:00,-0.8453693,-0.6057975
2014-08-05 21:00:00,-0.8014806,-0.5945106
2014-08-05 22:00:00,-0.79050845,-0.57177883
2014-08-05 23:00:00,-0.8124528,-0.56086737
2014-08-06 00:00:00,-0.74661976,-0.5327417
2014-08-06 01:00:00,-0.7246754,-0.53078437
2014-08-06 02:00:00,-0.571065,-0.5403653
2014-08-06 03:00:00,-0.5600928,-0.5570543
2014-08-06 04:00:00,-0.4393989,-0.58267194
2014-08-06 05:00:00,-0.4064824,-0.5520825
2014-08-06 06:00:00,-0.41745457,-0.5054954
2014-08-06 07:00:00,-0.35162154,-0.46323347
2014-08-06 08:00:00,-0.4064824,-0.4810182
2014-08-06 09:00:00,-0.54912066,-0.49770302
2014-08-06 10:00:00,-0.8453693,-0.507332
2014-08-06 11:00:00,-0.9221745,-0.5093665
2014-08-06 12:00:00,-1.009952,-0.50658095
2014-08-06 13:00:00,-1.0318962,-0.5081438
2014-08-06 14:00:00,-1.0648128,-0.49043423
2014-08-06 15:00:00,-1.0757849,-0.48150295
2014-08-06 16:00:00,-1.0428684,-0.45208025
2014-08-06 17:00:00,-1.0538406,-0.4075395
2014-08-06 18:00:00,-1.009952,-0.39453864
2014-08-06 19:00:00,-0.93314666,-0.42455405
2014-08-06 20:00:00,-0.82342494,-0.43341827
2014-08-06 21:00:00,-0.79050845,-0.41506708
2014-08-06 22:00:00,-0.59300935,-0.40122187
2014-08-06 23:00:00,-0.31870502,-0.39957267
2014-08-07 00:00:00,0.2737923,-0.40922618
2014-08-07 01:00:00,0.46031922,-0.38894856
2014-08-07 02:00:00,0.054348845,-0.36207312
2014-08-07 03:00:00,0.010460156,-0.34258854
2014-08-07 04:00:00,-0.12120591,-0.33753383
2014-08-07 05:00:00,-0.07731722,-0.31928807
2014-08-07 06:00:00,-0.1650946,-0.26041055
2014-08-07 07:00:00,-0.41745457,-0.24848735
2014-08-07 08:00:00,-0.6588424,-0.24027234
2014-08-07 09:00:00,-0.5271763,-0.28580678
2014-08-07 10:00:00,-0.41745457,-0.35672432
2014-08-07 11:00:00,-0.49425977,-0.3982718
2014-08-07 12:00:00,-0.571065,-0.44625157
2014-08-07 13:00:00,-0.6478702,-0.46934974
2014-08-07 14:00:00,-0.6698145,-0.48109382
2014-08-07 15:00:00,-0.62592584,-0.49623442
2014-08-07 16:00:00,-0.62592584,-0.5079138
2014-08-07 17:00:00,-0.6149537,-0.477781
2014-08-07 18:00:00,-0.6917589,-0.47145718
2014-08-07 19:00:00,-0.6588424,-0.4582314
2014-08-07 20:00:00,-0.39551023,-0.42517155
2014-08-07 21:00:00,-0.571065,-0.40112042
2014-08-07 22:00:00,-0.4832876,-0.35286564
2014-08-07 23:00:00,-0.6478702,-0.2992283
2014-08-08 00:00:00,-0.571065,-0.10771793
2014-08-08 01:00:00,-0.77953625,0.10127729
2014-08-08 02:00:00,-0.6588424,0.08137375
2014-08-08 03:00:00,-0.63689804,0.037870944
2014-08-08 04:00:00,-0.58203715,-0.019512653
2014-08-08 05:00:00,-0.53814846,-0.00087457895
2014-08-08 06:00:00,-0.34064937,-0.062916875
2014-08-08 07:00:00,-0.23092765,-0.19130003
2014-08-08 08:00:00,-0.11023374,-0.33415633
2014-08-08 09:00:00,-0.18703894,-0.33404654
2014-08-08 10:00:00,-0.26384416,-0.36437476
2014-08-08 11:00:00,-0.1650946,-0.4008425
2014-08-08 12:00:00,-0.30773285,-0.44148052
2014-08-08 13:00:00,-0.4832876,-0.46387511
2014-08-08 14:00:00,-0.6039815,-0.4639684
2014-08-08 15:00:00,-0.59300935,-0.46947032
2014-08-08 16:00:00,-0.6698145,-0.48474294
2014-08-08 17:00:00,-0.5600928,-0.44204575
2014-08-08 18:00:00,-0.5600928,-0.41281033
2014-08-08 19:00:00,-0.41745457,-0.39369512
2014-08-08 20:00:00,-0.4503711,-0.34129882
2014-08-08 21:00:00,-0.46134326,-0.34469998
2014-08-08 22:00:00,-0.4503711,-0.3269238
2014-08-08 23:00:00,-0.4393989,-0.32355398
2014-08-09 00:00:00,-0.30773285,-0.269979
2014-08-09 01:00:00,-0.31870502,-0.27833182
2014-08-09 02:00:00,-0.11023374,-0.2585501
2014-08-09 03:00:00,0.21893144,-0.32131535
2014-08-09 04:00:00,0.25184795,-0.27465367
2014-08-09 05:00:00,0.3505975,-0.3032145
2014-08-09 06:00:00,0.48226357,-0.25558674
2014-08-09 07:00:00,0.5919853,-0.2905168
2014-08-09 08:00:00,0.6578183,-0.21635199
2014-08-09 09:00:00,0.26282012,-0.2398361
2014-08-09 10:00:00,-0.05537288,-0.25944537
2014-08-09 11:00:00,-0.21995547,-0.26140594
2014-08-09 12:00:00,-0.30773285,-0.29149884
2014-08-09 13:00:00,-0.3296772,-0.3515073
2014-08-09 14:00:00,-0.46134326,-0.4226566
2014-08-09 15:00:00,-0.5162041,-0.4180557
2014-08-09 16:00:00,-0.505232,-0.42338353
2014-08-09 17:00:00,-0.6149537,-0.4126082
2014-08-09 18:00:00,-0.73564756,-0.42625833
2014-08-09 19:00:00,-0.59300935,-0.37778968
2014-08-09 20:00:00,-0.63689804,-0.3599429
2014-08-09 21:00:00,-0.49425977,-0.3653673
2014-08-09 22:00:00,-0.93314666,-0.40170157
2014-08-09 23:00:00,-0.90023017,-0.38637406
2014-08-10 00:00:00,-0.9112023,-0.34769458
2014-08-10 01:00:00,-0.8563415,-0.32470876
2014-08-10 02:00:00,-0.8563415,-0.28740394
2014-08-10 03:00:00,-0.83439714,-0.19935703
2014-08-10 04:00:00,-0.8673136,-0.10213363
2014-08-10 05:00:00,-0.79050845,-0.033123493
2014-08-10 06:00:00,-0.7575919,0.056878984
2014-08-10 07:00:00,-0.7575919,0.13344991
2014-08-10 08:00:00,-0.83439714,0.26946425
2014-08-10 09:00:00,-0.82342494,0.1119107
2014-08-10 10:00:00,-0.6698145,-0.08216339
2014-08-10 11:00:00,-0.6807867,-0.20145613
2014-08-10 12:00:00,-0.6917589,-0.24629772
2014-08-10 13:00:00,-0.7027311,-0.28267246
2014-08-10 14:00:00,-0.74661976,-0.37864047
2014-08-10 15:00:00,-0.7685641,-0.40773445
2014-08-10 16:00:00,-0.8453693,-0.4135694
2014-08-10 17:00:00,-0.8782858,-0.45223594
2014-08-10 18:00:00,-0.79050845,-0.5088758
2014-08-10 19:00:00,-0.62592584,-0.47368664
2014-08-10 20:00:00,-0.5162041,-0.4496823
2014-08-10 21:00:00,-0.5600928,-0.41143858
2014-08-10 22:00:00,-0.5162041,-0.46186888
2014-08-10 23:00:00,-0.24189982,-0.48109788
2014-08-11 00:00:00,-0.15412243,-0.47293
2014-08-11 01:00:00,-0.38453805,-0.42079556
2014-08-11 02:00:00,-0.46134326,-0.41313004
2014-08-11 03:00:00,-0.5162041,-0.39978296
2014-08-11 04:00:00,-0.8124528,-0.41744113
2014-08-11 05:00:00,-0.8782858,-0.37702715
2014-08-11 06:00:00,-0.9660632,-0.38691252
2014-08-11 07:00:00,-0.955091,-0.36352158
2014-08-11 08:00:00,-0.9660632,-0.36661422
2014-08-11 09:00:00,-0.9660632,-0.3804806
2014-08-11 10:00:00,-1.0318962,-0.40754414
2014-08-11 11:00:00,-0.97703534,-0.43957442
2014-08-11 12:00:00,-1.0318962,-0.45054144
2014-08-11 13:00:00,-1.0318962,-0.4685102
2014-08-11 14:00:00,-0.97703534,-0.4899975
2014-08-11 15:00:00,-0.98800755,-0.49230057
2014-08-11 16:00:00,-0.9989797,-0.52654
2014-08-11 17:00:00,-0.9989797,-0.55358243
2014-08-11 18:00:00,-0.94411886,-0.5622522
2014-08-11 19:00:00,-0.8673136,-0.51605076
2014-08-11 20:00:00,-0.8563415,-0.45640522
2014-08-11 21:00:00,-0.8453693,-0.44708908
2014-08-11 22:00:00,-0.8014806,-0.41914338
2014-08-11 23:00:00,-0.63689804,-0.34658128
2014-08-12 00:00:00,-0.54912066,-0.29393542
2014-08-12 01:00:00,-0.47231543,-0.30620492
2014-08-12 02:00:00,-0.77953625,-0.3684907
2014-08-12 03:00:00,-0.8124528,-0.4119783
2014-08-12 04:00:00,-0.8453693,-0.46002138
2014-08-12 05:00:00,-0.90023017,-0.4807335
2014-08-12 06:00:00,-0.93314666,-0.527665
2014-08-12 07:00:00,-0.9660632,-0.51863784
2014-08-12 08:00:00,-0.9112023,-0.5089886
2014-08-12 09:00:00,-1.009952,-0.50386775
2014-08-12 10:00:00,-0.98800755,-0.53695726
2014-08-12 11:00:00,-0.9660632,-0.5109636
2014-08-12 12:00:00,-0.88925797,-0.48639894
2014-08-12 13:00:00,-0.8673136,-0.48252195
2014-08-12 14:00:00,-0.7685641,-0.4816813
2014-08-12 15:00:00,-0.73564756,-0.45908558
2014-08-12 16:00:00,-0.79050845,-0.46459574
2014-08-12 17:00:00,-0.83439714,-0.46731466
2014-08-12 18:00:00,-0.7575919,-0.46509928
2014-08-12 19:00:00,-0.6588424,-0.42607772
2014-08-12 20:00:00,-0.77953625,-0.37607008
2014-08-12 21:00:00,-0.39551023,-0.38497156
2014-08-12 22:00:00,-0.6807867,-0.36125582
2014-08-12 23:00:00,-0.88925797,-0.3267762
2014-08-13 00:00:00,-0.8453693,-0.27922857
2014-08-13 01:00:00,-0.955091,-0.22226691
2014-08-13 02:00:00,-0.93314666,-0.30730003
2014-08-13 03:00:00,-0.8673136,-0.3414542
2014-08-13 04:00:00,-0.90023017,-0.37773973
2014-08-13 05:00:00,-0.88925797,-0.40232354
2014-08-13 06:00:00,-0.6807867,-0.46047997
2014-08-13 07:00:00,-0.7027311,-0.47432595
2014-08-13 08:00:00,-0.7027311,-0.47399312
2014-08-13 09:00:00,-0.5162041,-0.5049884
2014-08-13 10:00:00,-0.49425977,-0.51225954
2014-08-13 11:00:00,-0.62592584,-0.5131439
2014-08-13 12:00:00,-0.6807867,-0.48612213
2014-08-13 13:00:00,-0.8124528,-0.45938253
2014-08-13 14:00:00,-0.9112023,-0.42445505
2014-08-13 15:00:00,-0.9112023,-0.40330243
2014-08-13 16:00:00,-0.93314666,-0.37938595
2014-08-13 17:00:00,-0.88925797,-0.37319934
2014-08-13 18:00:00,-0.8673136,-0.34816658
2014-08-13 19:00:00,-0.83439714,-0.31989264
2014-08-13 20:00:00,-0.83439714,-0.3255151
2014-08-13 21:00:00,-0.8124528,-0.2686069
2014-08-13 22:00:00,-0.83439714,-0.30927402
2014-08-13 23:00:00,-0.8673136,-0.35540694
2014-08-14 00:00:00,-0.77953625,-0.39265293
2014-08-14 01:00:00,-0.88925797,-0.37982816
2014-08-14 02:00:00,-0.8563415,-0.40833324
2014-08-14 03:00:00,-0.8563415,-0.38297313
2014-08-14 04:00:00,-0.9221745,-0.42277992
2014-08-14 05:00:00,-0.79050845,-0.42822713
2014-08-14 06:00:00,-0.7137032,-0.39427948
2014-08-14 07:00:00,-0.9112023,-0.3788408
2014-08-14 08:00:00,-0.82342494,-0.3736651
2014-08-14 09:00:00,-0.8014806,-0.3350076
2014-08-14 10:00:00,-0.8124528,-0.2862702
2014-08-14 11:00:00,-0.8124528,-0.33485448
2014-08-14 12:00:00,-0.79050845,-0.33903188
2014-08-14 13:00:00,-0.63689804,-0.37810886
2014-08-14 14:00:00,-0.571065,-0.38246214
2014-08-14 15:00:00,-0.7575919,-0.37745225
2014-08-14 16:00:00,-0.8014806,-0.39295745
2014-08-14 17:00:00,-0.8124528,-0.3945536
2014-08-14 18:00:00,-0.7137032,-0.4041583
2014-08-14 19:00:00,-0.74661976,-0.40748698
2014-08-14 20:00:00,-0.6807867,-0.3945256
2014-08-14 21:00:00,-0.6917589,-0.37030005
2014-08-14 22:00:00,-0.8124528,-0.3745178
2014-08-14 23:00:00,-0.9112023,-0.373545
2014-08-15 00:00:00,-0.74661976,-0.3863011
2014-08-15 01:00:00,-0.8124528,-0.39897287
2014-08-15 02:00:00,-0.7246754,-0.39685106
2014-08-15 03:00:00,-0.74661976,-0.4059531
2014-08-15 04:00:00,-0.8453693,-0.40578663
2014-08-15 05:00:00,-0.7137032,-0.3781163
2014-08-15 06:00:00,-0.31870502,-0.36511874
2014-08-15 07:00:00,0.021432329,-0.36482644
2014-08-15 08:00:00,0.22990361,-0.3697595
2014-08-15 09:00:00,0.1530984,-0.36704123
2014-08-15 10:00:00,-0.39551023,-0.32554275
2014-08-15 11:00:00,-0.58203715,-0.35152555
2014-08-15 12:00:00,-0.8124528,-0.33524764
2014-08-15 13:00:00,-0.9112023,-0.3228944
2014-08-15 14:00:00,-0.9660632,-0.2860893
2014-08-15 15:00:00,-0.9112023,-0.33136702
2014-08-15 16:00:00,-0.7246754,-0.3760082
2014-08-15 17:00:00,-0.571065,-0.39652836
2014-08-15 18:00:00,-0.8563415,-0.3657505
2014-08-15 19:00:00,-0.7685641,-0.38920993
2014-08-15 20:00:00,-0.8014806,-0.39001477
2014-08-15 21:00:00,-0.83439714,-0.38580424
2014-08-15 22:00:00,-0.79050845,-0.3863417
2014-08-15 23:00:00,-0.73564756,-0.3954913
2014-08-16 00:00:00,-0.49425977,-0.38836277
2014-08-16 01:00:00,-0.3296772,-0.3811822
2014-08-16 02:00:00,-0.31870502,-0.32410473
2014-08-16 03:00:00,-0.13217808,-0.34913665
2014-08-16 04:00:00,-0.19801112,-0.38976395
2014-08-16 05:00:00,-0.5271763,-0.36948067
2014-08-16 06:00:00,-0.59300935,-0.2871632
2014-08-16 07:00:00,-0.73564756,-0.15647572
2014-08-16 08:00:00,-0.6917589,-0.018655896
2014-08-16 09:00:00,-0.5600928,-0.007898152
2014-08-16 10:00:00,-0.31870502,-0.107097685
2014-08-16 11:00:00,-0.35162154,-0.2519207
2014-08-16 12:00:00,-0.571065,-0.36065364
2014-08-16 13:00:00,-0.6149537,-0.3564613
2014-08-16 14:00:00,-0.6807867,-0.40545064
2014-08-16 15:00:00,-0.79050845,-0.40341103
2014-08-16 16:00:00,-0.5271763,-0.3984031
2014-08-16 17:00:00,-0.4064824,-0.38925236
2014-08-16 18:00:00,-0.4832876,-0.4159308
2014-08-16 19:00:00,-0.42842674,-0.41322827
2014-08-16 20:00:00,-0.2857885,-0.42048204
2014-08-16 21:00:00,-0.21995547,-0.38309956
2014-08-16 22:00:00,-0.12120591,-0.3809479
2014-08-16 23:00:00,-0.033428535,-0.41107136
2014-08-17 00:00:00,0.7894844,-0.35282433
2014-08-17 01:00:00,1.1954548,-0.24480891
2014-08-17 02:00:00,-0.30773285,-0.18741626
2014-08-17 03:00:00,-0.88925797,-0.14200538
2014-08-17 04:00:00,-0.8453693,-0.16336107
2014-08-17 05:00:00,-0.7575919,-0.20795733
2014-08-17 06:00:00,-0.8014806,-0.295699
2014-08-17 07:00:00,-0.73564756,-0.34337616
2014-08-17 08:00:00,-0.6807867,-0.28947145
2014-08-17 09:00:00,-0.7027311,-0.26858705
2014-08-17 10:00:00,-0.6698145,-0.22077906
2014-08-17 11:00:00,-0.6149537,-0.26067793
2014-08-17 12:00:00,-0.6917589,-0.34502262
2014-08-17 13:00:00,-0.7027311,-0.39028245
2014-08-17 14:00:00,-0.79050845,-0.43188113
2014-08-17 15:00:00,-0.6807867,-0.46035093
2014-08-17 16:00:00,-0.8453693,-0.39034605
2014-08-17 17:00:00,-0.8782858,-0.36590517
2014-08-17 18:00:00,-0.8782858,-0.3571037
2014-08-17 19:00:00,-0.7137032,-0.3477623
2014-08-17 20:00:00,-0.6149537,-0.34824067
2014-08-17 21:00:00,-0.49425977,-0.2737829
2014-08-17 22:00:00,-0.29676068,-0.1923117
2014-08-17 23:00:00,-0.2089833,-0.17981154
2014-08-18 00:00:00,-0.07731722,0.08711249
2014-08-18 01:00:00,-0.09926157,0.4225255
2014-08-18 02:00:00,-0.53814846,0.14689666
2014-08-18 03:00:00,-0.4832876,-0.22460663
2014-08-18 04:00:00,-0.4832876,-0.37784505
2014-08-18 05:00:00,-0.7246754,-0.33056158
2014-08-18 06:00:00,-0.7137032,-0.3736577
2014-08-18 07:00:00,-0.8014806,-0.4468041
2014-08-18 08:00:00,-0.8124528,-0.5042621
2014-08-18 09:00:00,-0.6698145,-0.43786138
2014-08-18 10:00:00,-0.7137032,-0.41890138
2014-08-18 11:00:00,-0.6807867,-0.41660136
2014-08-18 12:00:00,-0.4503711,-0.43915498
2014-08-18 13:00:00,-0.34064937,-0.37176293
2014-08-18 14:00:00,-0.21995547,-0.39661163
2014-08-18 15:00:00,-0.2857885,-0.47923177
2014-08-18 16:00:00,-0.31870502,-0.48107302
2014-08-18 17:00:00,-0.35162154,-0.43345147
2014-08-18 18:00:00,-0.38453805,-0.38887668
2014-08-18 19:00:00,-0.31870502,-0.33236557
2014-08-18 20:00:00,-0.31870502,-0.34440702
2014-08-18 21:00:00,-0.2857885,-0.3120659
2014-08-18 22:00:00,-0.47231543,-0.32071394
2014-08-18 23:00:00,-0.4393989,-0.27720886
2014-08-19 00:00:00,-0.2857885,-0.1322447
2014-08-19 01:00:00,-0.42842674,-0.023327887
2014-08-19 02:00:00,-0.37356588,-0.12627149
2014-08-19 03:00:00,-0.2857885,-0.2574036
2014-08-19 04:00:00,-0.13217808,-0.3440547
2014-08-19 05:00:00,-0.06634505,-0.3941455
2014-08-19 06:00:00,-0.033428535,-0.44695067
2014-08-19 07:00:00,0.12018188,-0.50771433
2014-08-19 08:00:00,0.07629319,-0.5193665
2014-08-19 09:00:00,0.25184795,-0.46660906
2014-08-19 10:00:00,-0.033428535,-0.4960307
2014-08-19 11:00:00,-0.07731722,-0.48037362
2014-08-19 12:00:00,-0.24189982,-0.48054844
2014-08-19 13:00:00,-0.34064937,-0.3842485
2014-08-19 14:00:00,-0.42842674,-0.30847186
2014-08-19 15:00:00,-0.49425977,-0.31847155
2014-08-19 16:00:00,-0.571065,-0.2480104
2014-08-19 17:00:00,-0.955091,-0.24232459
2014-08-19 18:00:00,-0.4503711,-0.24366629
2014-08-19 19:00:00,-0.2857885,-0.24248523
2014-08-19 20:00:00,-0.21995547,-0.26875675
2014-08-19 21:00:00,-0.17606677,-0.28669184
2014-08-19 22:00:00,-0.24189982,-0.34245676
2014-08-19 23:00:00,-0.3296772,-0.3848526
2014-08-20 00:00:00,-0.29676068,-0.32739478
2014-08-20 01:00:00,-0.31870502,-0.26801223
2014-08-20 02:00:00,-0.35162154,-0.27301574
2014-08-20 03:00:00,-0.13217808,-0.2794249
2014-08-20 04:00:00,-0.011484189,-0.26145554
2014-08-20 05:00:00,0.043376673,-0.2120834
2014-08-20 06:00:00,0.06532102,-0.20213109
2014-08-20 07:00:00,0.16407058,-0.19569331
2014-08-20 08:00:00,0.13115406,-0.14738405
2014-08-20 09:00:00,0.1530984,-0.08221793
2014-08-20 10:00:00,0.07629319,-0.1954363
2014-08-20 11:00:00,-0.011484189,-0.24234807
2014-08-20 12:00:00,-0.2089833,-0.30680084
2014-08-20 13:00:00,-0.34064937,-0.28859675
2014-08-20 14:00:00,-0.34064937,-0.32465446
2014-08-20 15:00:00,-0.252872,-0.33795792
2014-08-20 16:00:00,-0.22873321,-0.35241854
2014-08-20 17:00:00,-0.20459443,-0.4078589
2014-08-20 18:00:00,-0.18045564,-0.39334178
2014-08-20 19:00:00,-0.15631686,-0.34849316
2014-08-20 20:00:00,-0.13217808,-0.29795253
2014-08-20 21:00:00,-0.108039305,-0.3118093
2014-08-20 22:00:00,-0.083900526,-0.30081117
2014-08-20 23:00:00,-0.059761748,-0.3593623
2014-08-21 00:00:00,-0.03562297,-0.30842078
2014-08-21 01:00:00,-0.011484189,-0.3305242
2014-08-21 02:00:00,0.13115406,-0.34265494
2014-08-21 03:00:00,0.20795926,-0.29762143
2014-08-21 04:00:00,0.24087578,-0.2309658
2014-08-21 05:00:00,0.36156967,-0.1899727
2014-08-21 06:00:00,0.36156967,-0.19642603
2014-08-21 07:00:00,0.43837488,-0.112244725
2014-08-21 08:00:00,0.58101314,-0.102345586
2014-08-21 09:00:00,0.8004566,-0.065668344
2014-08-21 10:00:00,0.7565679,-0.13527614
2014-08-21 11:00:00,0.69073486,-0.21410787
2014-08-21 12:00:00,0.41643053,-0.28823805
2014-08-21 13:00:00,0.44934705,-0.3522696
2014-08-21 14:00:00,0.40545836,-0.37682074
2014-08-21 15:00:00,0.37254184,-0.38376254
2014-08-21 16:00:00,0.25184795,-0.3921488
2014-08-21 17:00:00,0.14212623,-0.39860672
2014-08-21 18:00:00,0.16407058,-0.4369887
2014-08-21 19:00:00,0.25184795,-0.41695297
2014-08-21 20:00:00,0.49323574,-0.3601827
2014-08-21 21:00:00,-0.34064937,-0.33049273
2014-08-21 22:00:00,-0.88925797,-0.31800997
2014-08-21 23:00:00,-0.8124528,-0.26732552
2014-08-22 00:00:00,-0.8563415,-0.24930596
2014-08-22 01:00:00,-0.8453693,-0.26696604
2014-08-22 02:00:00,-0.8673136,-0.22199601
2014-08-22 03:00:00,-0.8453693,-0.17921656
2014-08-22 04:00:00,-0.90023017,-0.12886214
2014-08-22 05:00:00,-0.83439714,-0.09102309
2014-08-22 06:00:00,-0.7685641,-0.07783884
2014-08-22 07:00:00,-0.88925797,-0.05545342
2014-08-22 08:00:00,-0.8453693,-0.008112073
2014-08-22 09:00:00,-0.88925797,0.097884476
2014-08-22 10:00:00,-0.8563415,0.13177687
2014-08-22 11:00:00,-0.7575919,0.12452936
2014-08-22 12:00:00,-0.63689804,-0.0067866445
2014-08-22 13:00:00,-0.6478702,-0.051920354
2014-08-22 14:00:00,-0.4832876,-0.11264771
2014-08-22 15:00:00,-0.30773285,-0.121953905
2014-08-22 16:00:00,-0.26384416,-0.2065298
2014-08-22 17:00:00,-0.14315026,-0.2625829
2014-08-22 18:00:00,-0.09926157,-0.3111161
2014-08-22 19:00:00,-0.033428535,-0.27855027
2014-08-22 20:00:00,0.10920971,-0.22142732
2014-08-22 21:00:00,0.26282012,-0.35732877
2014-08-22 22:00:00,0.25184795,-0.48649508
2014-08-22 23:00:00,0.10920971,-0.5141988
2014-08-23 00:00:00,0.16407058,-0.50348306
2014-08-23 01:00:00,0.21893144,-0.50062037
2014-08-23 02:00:00,0.53712445,-0.49806434
2014-08-23 03:00:00,0.46031922,-0.51959884
2014-08-23 04:00:00,0.46031922,-0.49305677
2014-08-23 05:00:00,0.3067088,-0.475111
2014-08-23 06:00:00,0.21893144,-0.48376232
2014-08-23 07:00:00,0.41643053,-0.4881832
2014-08-23 08:00:00,0.37254184,-0.47238463
2014-08-23 09:00:00,0.58101314,-0.44331264
2014-08-23 10:00:00,0.36156967,-0.47013557
2014-08-23 11:00:00,0.37254184,-0.46884894
2014-08-23 12:00:00,0.17504275,-0.4261905
2014-08-23 13:00:00,0.06532102,-0.4242847
2014-08-23 14:00:00,-0.14315026,-0.399772
2014-08-23 15:00:00,-0.18703894,-0.38136077
2014-08-23 16:00:00,0.087265365,-0.3701427
2014-08-23 17:00:00,-0.05537288,-0.38989305
2014-08-23 18:00:00,0.043376673,-0.3557148
2014-08-23 19:00:00,0.19698709,-0.27425838
2014-08-23 20:00:00,0.36156967,-0.20696694
2014-08-23 21:00:00,0.5590688,-0.09912127
2014-08-23 22:00:00,0.77851224,-0.11811876
2014-08-23 23:00:00,-0.7137032,-0.16594952
2014-08-24 00:00:00,-0.8124528,-0.17455596
2014-08-24 01:00:00,-0.8782858,-0.16358429
2014-08-24 02:00:00,-0.82342494,-0.07380241
2014-08-24 03:00:00,-0.7575919,-0.09692621
2014-08-24 04:00:00,-0.7137032,-0.047058046
2014-08-24 05:00:00,-0.6698145,-0.13253629
2014-08-24 06:00:00,-0.6039815,-0.14988893
2014-08-24 07:00:00,-0.77953625,-0.16295105
2014-08-24 08:00:00,-1.0648128,-0.13700926
2014-08-24 09:00:00,-1.0318962,-0.09931761
2014-08-24 10:00:00,-1.0209241,-0.10899502
2014-08-24 11:00:00,-1.0428684,-0.108780086
2014-08-24 12:00:00,-1.0538406,-0.17580253
2014-08-24 13:00:00,-1.009952,-0.19822496
2014-08-24 14:00:00,-1.0318962,-0.27089983
2014-08-24 15:00:00,-0.98800755,-0.25082278
2014-08-24 16:00:00,-1.0209241,-0.23688298
2014-08-24 17:00:00,-1.0318962,-0.24483585
2014-08-24 18:00:00,-1.0209241,-0.2635132
2014-08-24 19:00:00,-0.9660632,-0.20894217
2014-08-24 20:00:00,-0.9112023,-0.113909006
2014-08-24 21:00:00,-0.59300935,-0.0058418512
2014-08-24 22:00:00,-0.6149537,0.113349974
2014-08-24 23:00:00,-0.6807867,-0.22214848
2014-08-25 00:00:00,-0.82342494,-0.37692255
2014-08-25 01:00:00,-0.9221745,-0.4613772
2014-08-25 02:00:00,-0.8014806,-0.4195339
2014-08-25 03:00:00,-0.83439714,-0.4424708
2014-08-25 04:00:00,-0.8014806,-0.4220358
2014-08-25 05:00:00,-0.88925797,-0.48099172
2014-08-25 06:00:00,-0.93314666,-0.41913956
2014-08-25 07:00:00,-0.9221745,-0.48040795
2014-08-25 08:00:00,-0.9112023,-0.5264061
2014-08-25 09:00:00,-0.9112023,-0.5474356
2014-08-25 10:00:00,-0.98800755,-0.50159466
2014-08-25 11:00:00,-1.0209241,-0.5228167
2014-08-25 12:00:00,-1.0209241,-0.5908833
2014-08-25 13:00:00,-0.9989797,-0.61458945
2014-08-25 14:00:00,-1.0209241,-0.601639
2014-08-25 15:00:00,-0.9989797,-0.56847477
2014-08-25 16:00:00,-1.0318962,-0.58696973
2014-08-25 17:00:00,-1.0318962,-0.5935455
2014-08-25 18:00:00,-1.009952,-0.6180962
2014-08-25 19:00:00,-0.97703534,-0.61578196
2014-08-25 20:00:00,-0.90023017,-0.5839483
2014-08-25 21:00:00,-0.8673136,-0.47428775
2014-08-25 22:00:00,-0.7685641,-0.40793842
2014-08-25 23:00:00,-0.8124528,-0.41358662
2014-08-26 00:00:00,-0.8124528,-0.4957928
2014-08-26 01:00:00,-0.6478702,-0.56593984
2014-08-26 02:00:00,-0.7137032,-0.5389713
2014-08-26 03:00:00,-0.6698145,-0.53980434
2014-08-26 04:00:00,-0.6588424,-0.54600644
2014-08-26 05:00:00,-0.8453693,-0.55072045
2014-08-26 06:00:00,-0.8014806,-0.52688605
2014-08-26 07:00:00,-0.93314666,-0.54317147
2014-08-26 08:00:00,-0.88925797,-0.55597174
2014-08-26 09:00:00,-0.88925797,-0.5827781
2014-08-26 10:00:00,-0.9112023,-0.5562273
2014-08-26 11:00:00,-0.9112023,-0.5321088
2014-08-26 12:00:00,-0.955091,-0.54476625
2014-08-26 13:00:00,-0.98800755,-0.5202709
2014-08-26 14:00:00,-1.0318962,-0.49835235
2014-08-26 15:00:00,-1.009952,-0.46654707
2014-08-26 16:00:00,-0.98800755,-0.46880066
2014-08-26 17:00:00,-1.0318962,-0.46881956
2014-08-26 18:00:00,-0.955091,-0.4858572
2014-08-26 19:00:00,-0.88925797,-0.48494697
2014-08-26 20:00:00,-0.8014806,-0.46921784
2014-08-26 21:00:00,-0.7575919,-0.39397836
2014-08-26 22:00:00,-0.77953625,-0.3175965
2014-08-26 23:00:00,-0.6698145,-0.3153596
2014-08-27 00:00:00,-0.47231543,-0.3175097
2014-08-27 01:00:00,-0.31870502,-0.2946368
2014-08-27 02:00:00,-0.35162154,-0.29258585
2014-08-27 03:00:00,-0.23092765,-0.30053884
2014-08-27 04:00:00,-0.12120591,-0.29948193
2014-08-27 05:00:00,-0.6039815,-0.33470482
2014-08-27 06:00:00,-0.7575919,-0.35450178
2014-08-27 07:00:00,-0.8673136,-0.3664773
2014-08-27 08:00:00,-0.8014806,-0.38531142
2014-08-27 09:00:00,-0.83439714,-0.3871684
2014-08-27 10:00:00,-0.7685641,-0.39366895
2014-08-27 11:00:00,-0.82342494,-0.41981637
2014-08-27 12:00:00,-0.6807867,-0.4158075
2014-08-27 13:00:00,-0.62592584,-0.436674
2014-08-27 14:00:00,-0.571065,-0.43329442
2014-08-27 15:00:00,-0.571065,-0.41920167
2014-08-27 16:00:00,-0.58203715,-0.3994298
2014-08-27 17:00:00,-0.4064824,-0.403589
2014-08-27 18:00:00,-0.41745457,-0.3931327
2014-08-27 19:00:00,-0.3625937,-0.3728811
2014-08-27 20:00:00,-0.29676068,-0.3510995
2014-08-27 21:00:00,-0.19801112,-0.30890733
2014-08-27 22:00:00,-0.06634505,-0.30446708
2014-08-27 23:00:00,-0.07731722,-0.27167165
2014-08-28 00:00:00,-0.12120591,-0.22499442
2014-08-28 01:00:00,-0.11023374,-0.18702894
2014-08-28 02:00:00,-0.0005120168,-0.13502496
2014-08-28 03:00:00,0.0324045,-0.10448712
2014-08-28 04:00:00,0.087265365,-0.050378084
2014-08-28 05:00:00,-0.09926157,-0.12397641
2014-08-28 06:00:00,-0.18703894,-0.23726672
2014-08-28 07:00:00,-0.34064937,-0.32800347
2014-08-28 08:00:00,-0.39551023,-0.33513623
2014-08-28 09:00:00,-0.3625937,-0.3438831
2014-08-28 10:00:00,-0.41745457,-0.36825043
2014-08-28 11:00:00,-0.35162154,-0.42270023
2014-08-28 12:00:00,-0.37356588,-0.37155634
2014-08-28 13:00:00,-0.4393989,-0.3554101
2014-08-28 14:00:00,-0.29676068,-0.3245002
2014-08-28 15:00:00,-0.21995547,-0.34720498
2014-08-28 16:00:00,-0.21995547,-0.30115336
2014-08-28 17:00:00,-0.17606677,-0.2599756
2014-08-28 18:00:00,-0.022456361,-0.25143194
2014-08-28 19:00:00,-0.011484189,-0.21920621
2014-08-28 20:00:00,0.31768098,-0.18926698
2014-08-28 21:00:00,0.2737923,-0.11406493
2014-08-28 22:00:00,-0.2857885,-0.06527549
2014-08-28 23:00:00,-0.46134326,-0.05368167
2014-08-29 00:00:00,-0.23092765,-0.097109735
2014-08-29 01:00:00,-0.252872,-0.09736663
2014-08-29 02:00:00,-0.21995547,-0.0583207
2014-08-29 03:00:00,-0.1650946,-0.029947996
2014-08-29 04:00:00,-0.2857885,-0.0001655221
2014-08-29 05:00:00,-0.24189982,-0.06882298
2014-08-29 06:00:00,-0.11023374,-0.14127332
2014-08-29 07:00:00,-0.12120591,-0.24624842
2014-08-29 08:00:00,-0.35162154,-0.27953583
2014-08-29 09:00:00,-0.31870502,-0.30483276
2014-08-29 10:00:00,-0.37356588,-0.3340854
2014-08-29 11:00:00,-0.4503711,-0.33713132
2014-08-29 12:00:00,-0.5600928,-0.3317523
2014-08-29 13:00:00,-0.41745457,-0.3558141
2014-08-29 14:00:00,-0.2857885,-0.32589895
2014-08-29 15:00:00,-0.2089833,-0.28148097
2014-08-29 16:00:00,-0.1650946,-0.24820697
2014-08-29 17:00:00,-0.13217808,-0.20434505
2014-08-29 18:00:00,-0.14315026,-0.15506047
2014-08-29 19:00:00,-0.05537288,-0.11953801
2014-08-29 20:00:00,0.22990361,-0.016386151
2014-08-29 21:00:00,0.4274027,0.0196172
2014-08-29 22:00:00,0.3505975,-0.058861732
2014-08-29 23:00:00,0.12018188,-0.22683561
2014-08-30 00:00:00,0.07629319,-0.2471556
2014-08-30 01:00:00,0.021432329,-0.25254
2014-08-30 02:00:00,0.2737923,-0.26333672
2014-08-30 03:00:00,0.8114287,-0.2758448
2014-08-30 04:00:00,0.5590688,-0.28490567
2014-08-30 05:00:00,0.5919853,-0.2655713
2014-08-30 06:00:00,0.69073486,-0.24353987
2014-08-30 07:00:00,0.52615225,-0.27048278
2014-08-30 08:00:00,0.57004094,-0.32413304
2014-08-30 09:00:00,0.5590688,-0.32979953
2014-08-30 10:00:00,0.6578183,-0.35917842
2014-08-30 11:00:00,0.8004566,-0.39431792
2014-08-30 12:00:00,1.0528165,-0.41563916
2014-08-30 13:00:00,0.88823396,-0.38581187
2014-08-30 14:00:00,0.9101783,-0.34096956
2014-08-30 15:00:00,0.32865316,-0.28431386
2014-08-30 16:00:00,0.635874,-0.2948339
2014-08-30 17:00:00,0.701707,-0.27731186
2014-08-30 18:00:00,0.53712445,-0.2663446
2014-08-30 19:00:00,0.44934705,-0.18599772
2014-08-30 20:00:00,0.4712914,-0.06401479
2014-08-30 21:00:00,0.4712914,0.034969628
2014-08-30 22:00:00,0.41643053,0.082030535
2014-08-30 23:00:00,0.021432329,-0.024803698
2014-08-31 00:00:00,-0.0005120168,-0.12199271
2014-08-31 01:00:00,0.07629319,-0.17308897
2014-08-31 02:00:00,0.33962533,-0.13366503
2014-08-31 03:00:00,0.4274027,0.028720796
2014-08-31 04:00:00,0.22990361,0.047495306
2014-08-31 05:00:00,-0.033428535,0.07377058
2014-08-31 06:00:00,-0.15412243,0.078324854
2014-08-31 07:00:00,-0.1650946,0.06475645
2014-08-31 08:00:00,-0.23092765,0.042646706
2014-08-31 09:00:00,-0.21995547,0.030444503
2014-08-31 10:00:00,0.054348845,0.03587246
2014-08-31 11:00:00,-0.42842674,0.11824322
2014-08-31 12:00:00,-0.46134326,0.17811102
2014-08-31 13:00:00,-0.49425977,0.14049989
2014-08-31 14:00:00,-0.38453805,0.13368332
2014-08-31 15:00:00,-0.24189982,-0.024653316
2014-08-31 16:00:00,-0.23092765,-0.0017237067
2014-08-31 17:00:00,-0.31870502,-0.054628372
2014-08-31 18:00:00,-0.30773285,-0.042401373
2014-08-31 19:00:00,-0.27481633,-0.14566934
2014-08-31 20:00:00,-0.07731722,-0.105149806
2014-08-31 21:00:00,-0.011484189,-0.092944324
2014-08-31 22:00:00,0.043376673,-0.016447544
2014-08-31 23:00:00,0.043376673,-0.1617732
2014-09-01 00:00:00,0.0324045,-0.24293268
2014-09-01 01:00:00,-0.044400707,-0.27493232
2014-09-01 02:00:00,-0.05537288,-0.19275337
2014-09-01 03:00:00,-0.14315026,-0.18230665
2014-09-01 04:00:00,-0.044400707,-0.20136017
2014-09-01 05:00:00,0.021432329,-0.25795406
2014-09-01 06:00:00,0.010460156,-0.2703296
2014-09-01 07:00:00,0.06532102,-0.32295418
2014-09-01 08:00:00,0.09823754,-0.34268707
2014-09-01 09:00:00,0.25184795,-0.3901382
2014-09-01 10:00:00,0.3505975,-0.3299539
2014-09-01 11:00:00,0.4274027,-0.38816625
2014-09-01 12:00:00,0.48226357,-0.42980766
2014-09-01 13:00:00,0.58101314,-0.45261633
2014-09-01 14:00:00,0.5042079,-0.42700988
2014-09-01 15:00:00,0.69073486,-0.42642075
2014-09-01 16:00:00,-0.05537288,-0.38733572
2014-09-01 17:00:00,0.53712445,-0.5014783
2014-09-01 18:00:00,0.62490183,-0.49981844
2014-09-01 19:00:00,0.69073486,-0.5057325
2014-09-01 20:00:00,0.8224009,-0.43842697
2014-09-01 21:00:00,-0.17606677,-0.3821783
2014-09-01 22:00:00,-0.82342494,-0.30967575
2014-09-01 23:00:00,-0.8673136,-0.3400901
2014-09-02 00:00:00,-0.7027311,-0.38016295
2014-09-02 01:00:00,-0.54912066,-0.45268744
2014-09-02 02:00:00,-0.4503711,-0.42922974
2014-09-02 03:00:00,-0.5600928,-0.40123558
2014-09-02 04:00:00,-0.7685641,-0.3684591
2014-09-02 05:00:00,-0.79050845,-0.34279644
2014-09-02 06:00:00,-0.8014806,-0.3241437
2014-09-02 07:00:00,-0.8673136,-0.3605153
2014-09-02 08:00:00,-0.8673136,-0.34629124
2014-09-02 09:00:00,-0.82342494,-0.28444344
2014-09-02 10:00:00,-0.7246754,-0.22690499
2014-09-02 11:00:00,-0.6917589,-0.16057026
2014-09-02 12:00:00,-0.6698145,-0.14614594
2014-09-02 13:00:00,-0.7027311,-0.07821065
2014-09-02 14:00:00,-0.88925797,-0.08554107
2014-09-02 15:00:00,-0.8453693,-0.024264574
2014-09-02 16:00:00,-0.83439714,-0.20993525
2014-09-02 17:00:00,-0.82342494,-0.12740558
2014-09-02 18:00:00,-0.9660632,-0.09879696
2014-09-02 19:00:00,-0.9989797,0.041154027
2014-09-02 20:00:00,-1.009952,0.008838654
2014-09-02 21:00:00,-0.98800755,-0.20262998
2014-09-02 22:00:00,-1.0318962,-0.43014294
2014-09-02 23:00:00,-0.97703534,-0.449189
2014-09-03 00:00:00,-0.98800755,-0.45492947
2014-09-03 01:00:00,-0.9989797,-0.43266428
2014-09-03 02:00:00,-0.9989797,-0.4079575
2014-09-03 03:00:00,-0.9660632,-0.43559074
2014-09-03 04:00:00,-0.9989797,-0.46352
2014-09-03 05:00:00,-1.0209241,-0.4777677
2014-09-03 06:00:00,-1.0318962,-0.45995444
2014-09-03 07:00:00,-0.94411886,-0.4799134
2014-09-03 08:00:00,-0.97703534,-0.4648909
2014-09-03 09:00:00,-0.9112023,-0.44961566
2014-09-03 10:00:00,-0.9221745,-0.47427398
2014-09-03 11:00:00,-0.955091,-0.46131182
2014-09-03 12:00:00,-1.009952,-0.43961632
2014-09-03 13:00:00,-0.9660632,-0.38166082
2014-09-03 14:00:00,-0.98800755,-0.40252066
2014-09-03 15:00:00,-0.9660632,-0.43674392
2014-09-03 16:00:00,-0.97703534,-0.48030746
2014-09-03 17:00:00,-0.9221745,-0.54528797
2014-09-03 18:00:00,-0.9660632,-0.57599074
2014-09-03 19:00:00,-0.97703534,-0.49638402
2014-09-03 20:00:00,-0.93314666,-0.5348645
2014-09-03 21:00:00,-0.8673136,-0.5546116
2014-09-03 22:00:00,-0.88925797,-0.61622024
2014-09-03 23:00:00,-0.8453693,-0.6334319
2014-09-04 00:00:00,-0.8453693,-0.65629286
2014-09-04 01:00:00,-0.53814846,-0.63424134
2014-09-04 02:00:00,-0.6807867,-0.63375026
2014-09-04 03:00:00,-0.58203715,-0.59337705
2014-09-04 04:00:00,-0.54912066,-0.5600881
2014-09-04 05:00:00,-0.505232,-0.5398032
2014-09-04 06:00:00,-0.5162041,-0.5594662
2014-09-04 07:00:00,-0.4832876,-0.5739652
2014-09-04 08:00:00,-0.2089833,-0.56027323
2014-09-04 09:00:00,-0.571065,-0.53571594
2014-09-04 10:00:00,-0.6149537,-0.50787914
2014-09-04 11:00:00,-0.8014806,-0.50064373
2014-09-04 12:00:00,-0.7575919,-0.46960813
2014-09-04 13:00:00,-0.6039815,-0.47275424
2014-09-04 14:00:00,-0.73564756,-0.46964198
2014-09-04 15:00:00,-0.9112023,-0.46627456
2014-09-04 16:00:00,-0.93314666,-0.4838041
2014-09-04 17:00:00,-0.8014806,-0.48354846
2014-09-04 18:00:00,-0.7137032,-0.4882819
2014-09-04 19:00:00,-0.7575919,-0.44347185
2014-09-04 20:00:00,-0.6807867,-0.4150303
2014-09-04 21:00:00,-0.4393989,-0.3837366
2014-09-04 22:00:00,-0.5600928,-0.4009291
2014-09-04 23:00:00,-0.5271763,-0.3877114
2014-09-05 00:00:00,-0.4393989,-0.40804428
2014-09-05 01:00:00,-0.42842674,-0.34621042
2014-09-05 02:00:00,-0.39551023,-0.31692952
2014-09-05 03:00:00,-0.2857885,-0.26992702
2014-09-05 04:00:00,-0.21995547,-0.3017639
2014-09-05 05:00:00,-0.26384416,-0.2337867
2014-09-05 06:00:00,-0.3296772,-0.23863083
2014-09-05 07:00:00,-0.29676068,-0.20375043
2014-09-05 08:00:00,-0.15412243,-0.18682277
2014-09-05 09:00:00,-0.07731722,-0.21797383
2014-09-05 10:00:00,-0.044400707,-0.24891186
2014-09-05 11:00:00,0.09823754,-0.34664404
2014-09-05 12:00:00,0.09823754,-0.353092
2014-09-05 13:00:00,0.1530984,-0.3372128
2014-09-05 14:00:00,-0.11023374,-0.32653117
2014-09-05 15:00:00,-0.2857885,-0.41288525
2014-09-05 16:00:00,-0.27481633,-0.4134884
2014-09-05 17:00:00,-0.35162154,-0.40505254
2014-09-05 18:00:00,-0.3296772,-0.36146218
2014-09-05 19:00:00,-0.13217808,-0.3674906
2014-09-05 20:00:00,0.4712914,-0.3649087
2014-09-05 21:00:00,0.6029575,-0.2867658
2014-09-05 22:00:00,0.5151801,-0.29646063
2014-09-05 23:00:00,0.4712914,-0.28282267
2014-09-06 00:00:00,0.52615225,-0.27378565
2014-09-06 01:00:00,0.62490183,-0.2132675
2014-09-06 02:00:00,0.57004094,-0.16749805
2014-09-06 03:00:00,0.57004094,-0.150738
2014-09-06 04:00:00,0.5151801,-0.17093492
2014-09-06 05:00:00,0.4712914,-0.1449976
2014-09-06 06:00:00,0.4274027,-0.16431683
2014-09-06 07:00:00,0.46031922,-0.18042892
2014-09-06 08:00:00,0.4274027,-0.16182768
2014-09-06 09:00:00,0.36156967,-0.12082386
2014-09-06 10:00:00,0.40545836,-0.13507783
2014-09-06 11:00:00,0.41643053,-0.14778996
2014-09-06 12:00:00,0.41643053,-0.14545143
2014-09-06 13:00:00,0.3505975,-0.081951976
2014-09-06 14:00:00,0.38351402,-0.16620666
2014-09-06 15:00:00,0.29573664,-0.26525748
2014-09-06 16:00:00,0.09823754,-0.28145576
2014-09-06 17:00:00,-0.06634505,-0.30795044
2014-09-06 18:00:00,-0.0005120168,-0.31428814
2014-09-06 19:00:00,0.10920971,-0.29849195
2014-09-06 20:00:00,0.25184795,-0.15575111
2014-09-06 21:00:00,0.3505975,0.024196088
2014-09-06 22:00:00,0.41643053,0.073135555
2014-09-06 23:00:00,0.5590688,0.024846077
2014-09-07 00:00:00,0.67976266,0.05751109
2014-09-07 01:00:00,0.6029575,0.12558872
2014-09-07 02:00:00,0.4712914,0.16763115
2014-09-07 03:00:00,0.49323574,0.079014
2014-09-07 04:00:00,0.5151801,0.06942171
2014-09-07 05:00:00,0.5919853,0.08232319
2014-09-07 06:00:00,0.69073486,0.040531278
2014-09-07 07:00:00,0.76754004,-0.023358047
2014-09-07 08:00:00,0.8114287,-0.06160754
2014-09-07 09:00:00,1.0528165,-0.061180115
2014-09-07 10:00:00,1.1735104,-0.09359789
2014-09-07 11:00:00,1.0747609,-0.13873303
2014-09-07 12:00:00,0.83337307,-0.12972254
2014-09-07 13:00:00,0.12018188,-0.095649004
2014-09-07 14:00:00,-0.1650946,-0.078143656
2014-09-07 15:00:00,-0.23092765,-0.13645762
2014-09-07 16:00:00,-0.0005120168,-0.17444438
2014-09-07 17:00:00,0.054348845,-0.28686965
2014-09-07 18:00:00,0.10920971,-0.31702483
2014-09-07 19:00:00,0.25184795,-0.3075918
2014-09-07 20:00:00,0.26282012,-0.24669379
2014-09-07 21:00:00,0.31768098,-0.15578973
2014-09-07 22:00:00,0.43837488,-0.123307645
2014-09-07 23:00:00,0.6139296,-0.07882404
2014-09-08 00:00:00,0.043376673,-0.005383253
2014-09-08 01:00:00,-1.0757849,0.01569271
2014-09-08 02:00:00,-1.0757849,-0.021526456
2014-09-08 03:00:00,-1.0318962,-0.056857944
2014-09-08 04:00:00,-1.0428684,-0.041054606
2014-09-08 05:00:00,-1.0428684,-0.031907618
2014-09-08 06:00:00,-1.0318962,-0.02275163
2014-09-08 07:00:00,-1.0648128,-0.027043879
2014-09-08 08:00:00,-1.0648128,-0.00908339
2014-09-08 09:00:00,-1.0209241,0.06728566
2014-09-08 10:00:00,-1.0209241,0.10351157
2014-09-08 11:00:00,-1.0648128,0.109433115
2014-09-08 12:00:00,-1.0648128,0.012980938
2014-09-08 13:00:00,-1.0538406,-0.18930209
2014-09-08 14:00:00,-1.0318962,-0.34103078
2014-09-08 15:00:00,-1.0318962,-0.39248645
2014-09-08 16:00:00,-1.0538406,-0.34671104
2014-09-08 17:00:00,-0.98800755,-0.3619184
2014-09-08 18:00:00,-0.93314666,-0.36296636
2014-09-08 19:00:00,-0.9660632,-0.37670237
2014-09-08 20:00:00,-0.94411886,-0.34984446
2014-09-08 21:00:00,-0.8782858,-0.32821774
2014-09-08 22:00:00,-0.88925797,-0.2732076
2014-09-08 23:00:00,-0.8563415,-0.19442707
2014-09-09 00:00:00,-0.7685641,-0.23219723
2014-09-09 01:00:00,-0.6917589,-0.48955286
2014-09-09 02:00:00,-0.6698145,-0.59982157
2014-09-09 03:00:00,-0.6039815,-0.6055545
2014-09-09 04:00:00,-0.63689804,-0.5542211
2014-09-09 05:00:00,-0.6698145,-0.5534498
2014-09-09 06:00:00,-0.82342494,-0.5856418
2014-09-09 07:00:00,-0.8453693,-0.6184696
2014-09-09 08:00:00,-0.9112023,-0.5806316
2014-09-09 09:00:00,-0.8014806,-0.61429566
2014-09-09 10:00:00,-0.88925797,-0.589118
2014-09-09 11:00:00,-0.8563415,-0.5503646
2014-09-09 12:00:00,-0.7575919,-0.54082525
2014-09-09 13:00:00,-0.62592584,-0.6169965
2014-09-09 14:00:00,-0.505232,-0.6762071
2014-09-09 15:00:00,-0.6039815,-0.64951545
2014-09-09 16:00:00,-0.6149537,-0.6104219
2014-09-09 17:00:00,-0.7137032,-0.6017622
2014-09-09 18:00:00,-0.6478702,-0.59098667
2014-09-09 19:00:00,-0.59300935,-0.59086066
2014-09-09 20:00:00,-0.58203715,-0.605441
2014-09-09 21:00:00,-0.42842674,-0.6117495
2014-09-09 22:00:00,-0.21995547,-0.5787495
2014-09-09 23:00:00,-0.5271763,-0.5367245
2014-09-10 00:00:00,-0.6478702,-0.47539902
2014-09-10 01:00:00,-0.59300935,-0.44442302
2014-09-10 02:00:00,-0.6149537,-0.46943521
2014-09-10 03:00:00,-0.505232,-0.4477334
2014-09-10 04:00:00,-0.4503711,-0.44666845
2014-09-10 05:00:00,-0.23092765,-0.46948177
2014-09-10 06:00:00,0.16407058,-0.5020117
2014-09-10 07:00:00,-0.044400707,-0.50655115
2014-09-10 08:00:00,0.087265365,-0.5201556
2014-09-10 09:00:00,0.13115406,-0.52568376
2014-09-10 10:00:00,0.19698709,-0.53935754
2014-09-10 11:00:00,-0.088289395,-0.51013273
2014-09-10 12:00:00,-0.2857885,-0.4503439
2014-09-10 13:00:00,-0.54912066,-0.3836987
2014-09-10 14:00:00,-0.7027311,-0.32422924
2014-09-10 15:00:00,-0.7685641,-0.29600257
2014-09-10 16:00:00,-0.6807867,-0.3122344
2014-09-10 17:00:00,-0.7027311,-0.30813432
2014-09-10 18:00:00,-0.62592584,-0.3138166
2014-09-10 19:00:00,-0.571065,-0.30837917
2014-09-10 20:00:00,-0.47231543,-0.31074315
2014-09-10 21:00:00,-0.38453805,-0.29471225
2014-09-10 22:00:00,-0.18703894,-0.21203727
2014-09-10 23:00:00,-0.05537288,-0.2270096
2014-09-11 00:00:00,-0.19801112,-0.25869173
2014-09-11 01:00:00,-0.42842674,-0.27314705
2014-09-11 02:00:00,-0.29676068,-0.2576623
2014-09-11 03:00:00,-0.252872,-0.24441051
2014-09-11 04:00:00,-0.15412243,-0.24655288
2014-09-11 05:00:00,-0.2089833,-0.2229383
2014-09-11 06:00:00,-0.2089833,-0.08387548
2014-09-11 07:00:00,-0.12120591,-0.055569112
2014-09-11 08:00:00,-0.09926157,-0.029229164
2014-09-11 09:00:00,-0.06634505,-0.038879633
2014-09-11 10:00:00,0.087265365,0.045182407
2014-09-11 11:00:00,0.010460156,-0.029086411
2014-09-11 12:00:00,-0.07731722,-0.1370737
2014-09-11 13:00:00,-0.13217808,-0.29881513
2014-09-11 14:00:00,-0.17606677,-0.30467826
2014-09-11 15:00:00,-0.09926157,-0.3273664
2014-09-11 16:00:00,-0.088289395,-0.33839023
2014-09-11 17:00:00,-0.13217808,-0.37455225
2014-09-11 18:00:00,0.17504275,-0.35044175
2014-09-11 19:00:00,0.21893144,-0.3541391
2014-09-11 20:00:00,0.26282012,-0.34561324
2014-09-11 21:00:00,0.14212623,-0.31564432
2014-09-11 22:00:00,0.043376673,-0.21841043
2014-09-11 23:00:00,0.06532102,-0.15382582
2014-09-12 00:00:00,0.22990361,-0.14741749
2014-09-12 01:00:00,0.26282012,-0.2299754
2014-09-12 02:00:00,0.38351402,-0.21632606
2014-09-12 03:00:00,0.5151801,-0.2196905
2014-09-12 04:00:00,-0.19801112,-0.16914421
2014-09-12 05:00:00,-0.4393989,-0.16799062
2014-09-12 06:00:00,-0.4393989,-0.15108526
2014-09-12 07:00:00,-0.5271763,-0.13256145
2014-09-12 08:00:00,-0.505232,-0.10586947
2014-09-12 09:00:00,-0.4503711,-0.116705894
2014-09-12 10:00:00,-0.4503711,-0.05917263
2014-09-12 11:00:00,-0.2857885,-0.054932415
2014-09-12 12:00:00,-0.35162154,-0.115650654
2014-09-12 13:00:00,-0.38453805,-0.2016555
2014-09-12 14:00:00,-0.35162154,-0.2568093
2014-09-12 15:00:00,-0.6039815,-0.24685007
2014-09-12 16:00:00,-0.7027311,-0.25607014
2014-09-12 17:00:00,-0.4064824,-0.28958946
2014-09-12 18:00:00,-0.505232,-0.24944001
2014-09-12 19:00:00,-0.571065,-0.205531
2014-09-12 20:00:00,-0.47231543,-0.1569249
2014-09-12 21:00:00,-0.46134326,-0.1899209
2014-09-12 22:00:00,-0.4064824,-0.17027515
2014-09-12 23:00:00,-0.53814846,-0.13952523
2014-09-13 00:00:00,-0.5271763,-0.042716622
2014-09-13 01:00:00,-0.54912066,-0.05719906
2014-09-13 02:00:00,-0.505232,-0.023390174
2014-09-13 03:00:00,-0.41745457,0.011167347
2014-09-13 04:00:00,-0.39551023,-0.106690526
2014-09-13 05:00:00,0.087265365,-0.27757967
2014-09-13 06:00:00,-0.05537288,-0.35516077
2014-09-13 07:00:00,-0.07731722,-0.3645708
2014-09-13 08:00:00,-0.06634505,-0.38283587
2014-09-13 09:00:00,-0.044400707,-0.3723445
2014-09-13 10:00:00,-0.53814846,-0.3997844
2014-09-13 11:00:00,-0.4393989,-0.34345615
2014-09-13 12:00:00,-0.54912066,-0.3127591
2014-09-13 13:00:00,-0.59300935,-0.3198406
2014-09-13 14:00:00,-0.6698145,-0.31307226
2014-09-13 15:00:00,-0.6807867,-0.32712722
2014-09-13 16:00:00,-0.58203715,-0.38106775
2014-09-13 17:00:00,-0.59300935,-0.3816812
2014-09-13 18:00:00,-0.571065,-0.37265086
2014-09-13 19:00:00,-0.5162041,-0.34523755
2014-09-13 20:00:00,-0.3625937,-0.32943088
2014-09-13 21:00:00,-0.42842674,-0.33772576
2014-09-13 22:00:00,-0.29676068,-0.33036125
2014-09-13 23:00:00,-0.23092765,-0.3378443
2014-09-14 00:00:00,-0.2857885,-0.38639045
2014-09-14 01:00:00,-0.31870502,-0.40416348
2014-09-14 02:00:00,-0.26384416,-0.34510761
2014-09-14 03:00:00,-0.27481633,-0.3271197
2014-09-14 04:00:00,-0.24189982,-0.32554495
2014-09-14 05:00:00,-0.15412243,-0.2553293
2014-09-14 06:00:00,-0.05537288,-0.24493837
2014-09-14 07:00:00,0.06532102,-0.25526112
2014-09-14 08:00:00,-0.23092765,-0.30258042
2014-09-14 09:00:00,-0.4064824,-0.275299
2014-09-14 10:00:00,-0.5600928,-0.39734793
2014-09-14 11:00:00,-0.8014806,-0.3553692
2014-09-14 12:00:00,-0.97703534,-0.4365402
2014-09-14 13:00:00,-0.98800755,-0.38707113
2014-09-14 14:00:00,-1.0318962,-0.46003157
2014-09-14 15:00:00,-0.97703534,-0.45498002
2014-09-14 16:00:00,-0.9660632,-0.46710682
2014-09-14 17:00:00,-0.955091,-0.4422301
2014-09-14 18:00:00,-0.98800755,-0.4201274
2014-09-14 19:00:00,-0.93314666,-0.4091133
2014-09-14 20:00:00,-0.8453693,-0.37037772
2014-09-14 21:00:00,-0.7246754,-0.3442964
2014-09-14 22:00:00,-0.7027311,-0.29688972
2014-09-14 23:00:00,-0.63689804,-0.30461884
2014-09-15 00:00:00,-0.63689804,-0.28276515
2014-09-15 01:00:00,-0.58203715,-0.277938
2014-09-15 02:00:00,-0.58203715,-0.24515176
2014-09-15 03:00:00,-0.79050845,-0.23424357
2014-09-15 04:00:00,-0.8782858,-0.21352321
2014-09-15 05:00:00,-0.8453693,-0.17487979
2014-09-15 06:00:00,-0.9221745,-0.1308474
2014-09-15 07:00:00,-0.9221745,-0.08661312
2014-09-15 08:00:00,-0.93314666,-0.15321237
2014-09-15 09:00:00,-0.97703534,-0.2350378
2014-09-15 10:00:00,-0.97703534,-0.32549632
2014-09-15 11:00:00,-1.0209241,-0.403525
2014-09-15 12:00:00,-1.0538406,-0.4829954
2014-09-15 13:00:00,-1.0648128,-0.48622507
2014-09-15 14:00:00,-1.0318962,-0.51778644
2014-09-15 15:00:00,-1.009952,-0.50788087
2014-09-15 16:00:00,-1.0318962,-0.50809455
2014-09-15 17:00:00,-0.97703534,-0.4977674
2014-09-15 18:00:00,-0.9221745,-0.49035645
2014-09-15 19:00:00,-0.90023017,-0.46677542
2014-09-15 20:00:00,-0.8782858,-0.42112255
2014-09-15 21:00:00,-0.82342494,-0.3664016
2014-09-15 22:00:00,-0.8782858,-0.3216644
2014-09-15 23:00:00,-0.8124528,-0.27554268
2014-09-16 00:00:00,-0.7685641,-0.24779838
2014-09-16 01:00:00,-0.7246754,-0.2038033
2014-09-16 02:00:00,-0.7685641,-0.20245188
2014-09-16 03:00:00,-0.5162041,-0.2688436
2014-09-16 04:00:00,-0.5600928,-0.32649207
2014-09-16 05:00:00,-0.73564756,-0.33697563
2014-09-16 06:00:00,-0.90023017,-0.37155062
2014-09-16 07:00:00,-0.91668844,-0.3879887
2014-09-16 08:00:00,-0.93314666,-0.39825332
2014-09-16 09:00:00,-0.8782858,-0.40849644
2014-09-16 10:00:00,-0.82342494,-0.4223032
2014-09-16 11:00:00,-0.88925797,-0.4637136
2014-09-16 12:00:00,-0.8563415,-0.47527444
2014-09-16 13:00:00,-0.7685641,-0.48021472
2014-09-16 14:00:00,-0.6039815,-0.4685424
2014-09-16 15:00:00,-0.34064937,-0.44669706
2014-09-16 16:00:00,-0.11023374,-0.44822854
2014-09-16 17:00:00,-0.022456361,-0.4215783
2014-09-16 18:00:00,-0.07731722,-0.403377
2014-09-16 19:00:00,-0.39551023,-0.37824094
2014-09-16 20:00:00,-0.4393989,-0.34686583
2014-09-16 21:00:00,-0.4832876,-0.3246218
2014-09-16 22:00:00,-0.4832876,-0.29772133
2014-09-16 23:00:00,-0.35162154,-0.26994753
2014-09-17 00:00:00,-0.4832876,-0.2518776
2014-09-17 01:00:00,-0.7685641,-0.20613056
2014-09-17 02:00:00,-0.82342494,-0.22142082
2014-09-17 03:00:00,-0.9221745,-0.17214686
2014-09-17 04:00:00,-0.98800755,-0.1914087
2014-09-17 05:00:00,-0.955091,-0.2283014
2014-09-17 06:00:00,-0.88925797,-0.31333607
2014-09-17 07:00:00,-0.82342494,-0.32953352
2014-09-17 08:00:00,-0.8563415,-0.3342476
2014-09-17 09:00:00,-0.90023017,-0.31160086
2014-09-17 10:00:00,-0.88925797,-0.29983532
2014-09-17 11:00:00,-0.77953625,-0.32202816
2014-09-17 12:00:00,-0.6149537,-0.3299185
2014-09-17 13:00:00,-0.27481633,-0.30779546
2014-09-17 14:00:00,-0.4393989,-0.27415305
2014-09-17 15:00:00,-0.4393989,-0.1656487
2014-09-17 16:00:00,-0.4393989,-0.03110224
2014-09-17 17:00:00,-0.6807867,0.048779875
2014-09-17 18:00:00,-0.7137032,0.09125966
2014-09-17 19:00:00,-0.74661976,0.009908378
2014-09-17 20:00:00,-0.6478702,-0.039530814
2014-09-17 21:00:00,-0.5600928,-0.086298525
2014-09-17 22:00:00,-0.5600928,-0.07626784
2014-09-17 23:00:00,-0.49425977,-0.101150334
2014-09-18 00:00:00,-0.4832876,-0.14913762
2014-09-18 01:00:00,-0.41745457,-0.24111974
2014-09-18 02:00:00,-0.21995547,-0.29890883
2014-09-18 03:00:00,-0.011484189,-0.31925637
2014-09-18 04:00:00,0.043376673,-0.32769883
2014-09-18 05:00:00,-0.011484189,-0.32525408
2014-09-18 06:00:00,-0.033428535,-0.33425403
2014-09-18 07:00:00,0.087265365,-0.3427524
2014-09-18 08:00:00,-0.011484189,-0.33763272
2014-09-18 09:00:00,0.20795926,-0.31781083
2014-09-18 10:00:00,-0.07731722,-0.3038299
2014-09-18 11:00:00,-0.24189982,-0.2579531
2014-09-18 12:00:00,-0.3625937,-0.20886791
2014-09-18 13:00:00,-0.34064937,-0.13281405
2014-09-18 14:00:00,-0.53814846,-0.13603497
2014-09-18 15:00:00,-0.6478702,-0.09651464
2014-09-18 16:00:00,-0.7246754,-0.060802102
2014-09-18 17:00:00,-0.8673136,-0.04209882
2014-09-18 18:00:00,-0.8014806,-0.084020495
2014-09-18 19:00:00,-0.7246754,-0.11937094
2014-09-18 20:00:00,-0.6917589,-0.14339244
2014-09-18 21:00:00,-0.53814846,-0.17399764
2014-09-18 22:00:00,-0.42842674,-0.19190419
2014-09-18 23:00:00,-0.4064824,-0.2019844
2014-09-19 00:00:00,-0.4503711,-0.18840009
2014-09-19 01:00:00,-0.3296772,-0.18562824
2014-09-19 02:00:00,-0.24189982,-0.14242357
2014-09-19 03:00:00,-0.17606677,-0.109512866
2014-09-19 04:00:00,-0.033428535,-0.018236637
2014-09-19 05:00:00,0.10920971,-0.0106986165
2014-09-19 06:00:00,0.06532102,0.012347937
2014-09-19 07:00:00,-0.088289395,0.06867558
2014-09-19 08:00:00,0.10920971,0.07209608
2014-09-19 09:00:00,0.22990361,0.16410622
2014-09-19 10:00:00,0.3944862,0.060749114
2014-09-19 11:00:00,0.5480966,-0.03533089
2014-09-19 12:00:00,0.19698709,-0.15481347
2014-09-19 13:00:00,-0.09926157,-0.16756618
2014-09-19 14:00:00,-0.15412243,-0.22595716
2014-09-19 15:00:00,-0.3625937,-0.2465362
2014-09-19 16:00:00,-0.4393989,-0.30144614
2014-09-19 17:00:00,-0.5162041,-0.31483907
2014-09-19 18:00:00,-0.5162041,-0.34043908
2014-09-19 19:00:00,-0.27481633,-0.3390357
2014-09-19 20:00:00,-0.033428535,-0.33873707
2014-09-19 21:00:00,0.054348845,-0.2912339
2014-09-19 22:00:00,0.20795926,-0.26004624
2014-09-19 23:00:00,0.43837488,-0.21402234
2014-09-20 00:00:00,0.48226357,-0.22679543
2014-09-20 01:00:00,0.44934705,-0.18299246
2014-09-20 02:00:00,0.49323574,-0.121622026
2014-09-20 03:00:00,0.46031922,-0.075573325
2014-09-20 04:00:00,0.44934705,0.012503564
2014-09-20 05:00:00,0.3944862,0.06304264
2014-09-20 06:00:00,0.3067088,0.09604728
2014-09-20 07:00:00,0.10920971,0.06502491
2014-09-20 08:00:00,0.17504275,0.06641835
2014-09-20 09:00:00,0.25184795,0.109475315
2014-09-20 10:00:00,0.29573664,0.16861391
2014-09-20 11:00:00,0.26282012,0.18721452
2014-09-20 12:00:00,0.16407058,0.050345838
2014-09-20 13:00:00,0.18601492,-0.13344818
2014-09-20 14:00:00,0.14212623,-0.1989826
2014-09-20 15:00:00,-0.12120591,-0.25664598
2014-09-20 16:00:00,-0.05537288,-0.33524013
2014-09-20 17:00:00,-0.24189982,-0.36343718
2014-09-20 18:00:00,0.43837488,-0.37606102
2014-09-20 19:00:00,0.58101314,-0.36747193
2014-09-20 20:00:00,0.6468462,-0.2920038
2014-09-20 21:00:00,0.87726176,-0.25523758
2014-09-20 22:00:00,1.0967052,-0.16912383
2014-09-20 23:00:00,1.403926,-0.035245776
2014-09-21 00:00:00,1.4148983,0.04285246
2014-09-21 01:00:00,1.0967052,0.067118704
2014-09-21 02:00:00,0.5042079,0.078746736
2014-09-21 03:00:00,0.36156967,0.095455766
2014-09-21 04:00:00,0.2737923,0.16057426
2014-09-21 05:00:00,-0.23092765,0.14534914
2014-09-21 06:00:00,-0.21995547,0.08414656
2014-09-21 07:00:00,-0.30773285,-0.036379755
2014-09-21 08:00:00,-0.4503711,-0.087110996
2014-09-21 09:00:00,-0.4064824,-0.10053831
2014-09-21 10:00:00,-0.39551023,-0.081165016
2014-09-21 11:00:00,-0.5271763,-0.12019074
2014-09-21 12:00:00,-0.3625937,-0.1313895
2014-09-21 13:00:00,-0.24189982,-0.1681549
2014-09-21 14:00:00,-0.12120591,-0.1715787
2014-09-21 15:00:00,-0.13217808,-0.2368632
2014-09-21 16:00:00,-0.044400707,-0.2757035
2014-09-21 17:00:00,-0.0005120168,-0.33775342
2014-09-21 18:00:00,-0.07731722,-0.22052497
2014-09-21 19:00:00,-0.1650946,-0.124806106
2014-09-21 20:00:00,-0.13217808,-0.04183054
2014-09-21 21:00:00,-0.19801112,0.017945468
2014-09-21 22:00:00,-0.21995547,0.21764296
2014-09-21 23:00:00,-0.4503711,0.4267723
2014-09-22 00:00:00,-0.27481633,0.6395331
2014-09-22 01:00:00,-0.252872,0.4961796
2014-09-22 02:00:00,-0.3296772,0.2819748
2014-09-22 03:00:00,-0.21995547,0.09308267
2014-09-22 04:00:00,-0.2089833,0.0066174865
2014-09-22 05:00:00,-0.23092765,-0.15912938
2014-09-22 06:00:00,-0.12120591,-0.26599157
2014-09-22 07:00:00,0.06532102,-0.30113554
2014-09-22 08:00:00,0.13115406,-0.36870033
2014-09-22 09:00:00,0.19698709,-0.41212755
2014-09-22 10:00:00,0.21893144,-0.43262774
2014-09-22 11:00:00,0.20795926,-0.48321307
2014-09-22 12:00:00,0.29573664,-0.40810543
2014-09-22 13:00:00,0.3067088,-0.3962736
2014-09-22 14:00:00,0.38351402,-0.3242327
2014-09-22 15:00:00,0.36156967,-0.32511252
2014-09-22 16:00:00,0.26282012,-0.2809509
2014-09-22 17:00:00,0.13115406,-0.2575972
2014-09-22 18:00:00,0.07629319,-0.23575908
2014-09-22 19:00:00,0.09823754,-0.22836483
2014-09-22 20:00:00,0.087265365,-0.2399705
2014-09-22 21:00:00,0.20795926,-0.2598766
2014-09-22 22:00:00,0.18601492,-0.24448007
2014-09-22 23:00:00,0.21893144,-0.2859671
2014-09-23 00:00:00,0.25184795,-0.25779617
2014-09-23 01:00:00,0.1530984,-0.29861528
2014-09-23 02:00:00,0.09823754,-0.2898301
2014-09-23 03:00:00,-0.044400707,-0.3580202
2014-09-23 04:00:00,0.021432329,-0.3558272
2014-09-23 05:00:00,-0.05537288,-0.37202913
2014-09-23 06:00:00,-0.2089833,-0.3538046
2014-09-23 07:00:00,-0.29676068,-0.31953013
2014-09-23 08:00:00,-0.4064824,-0.2705477
2014-09-23 09:00:00,-0.6039815,-0.20215899
2014-09-23 10:00:00,-0.53814846,-0.198829
2014-09-23 11:00:00,-0.6588424,-0.1929127
2014-09-23 12:00:00,-0.7027311,-0.17354953
2014-09-23 13:00:00,-0.7246754,-0.09894806
2014-09-23 14:00:00,-0.83439714,-0.042215705
2014-09-23 15:00:00,-0.8014806,-0.01618892
2014-09-23 16:00:00,-0.7411337,-0.017126024
2014-09-23 17:00:00,-0.6807867,-0.1054101
2014-09-23 18:00:00,-0.63689804,-0.14774787
2014-09-23 19:00:00,-0.5600928,-0.1827684
2014-09-23 20:00:00,-0.4832876,-0.2074272
2014-09-23 21:00:00,-0.27481633,-0.2102943
2014-09-23 22:00:00,-0.35162154,-0.2305243
2014-09-23 23:00:00,-0.13217808,-0.2385841
2014-09-24 00:00:00,-0.54912066,-0.21400297
2014-09-24 01:00:00,-0.6807867,-0.21486688
2014-09-24 02:00:00,-0.6807867,-0.23283064
2014-09-24 03:00:00,-0.59300935,-0.24503702
2014-09-24 04:00:00,-0.7137032,-0.25553912
2014-09-24 05:00:00,-0.8782858,-0.25900054
2014-09-24 06:00:00,-0.9989797,-0.2789768
2014-09-24 07:00:00,-0.97703534,-0.33520442
2014-09-24 08:00:00,-0.9112023,-0.33215153
2014-09-24 09:00:00,-0.8563415,-0.36525548
2014-09-24 10:00:00,-0.955091,-0.35732585
2014-09-24 11:00:00,-0.9112023,-0.3883043
2014-09-24 12:00:00,-0.94411886,-0.42427993
2014-09-24 13:00:00,-0.9221745,-0.42770517
2014-09-24 14:00:00,-0.94411886,-0.44536883
2014-09-24 15:00:00,-0.97703534,-0.46315366
2014-09-24 16:00:00,-0.98800755,-0.4357702
2014-09-24 17:00:00,-0.98800755,-0.42788523
2014-09-24 18:00:00,-0.7575919,-0.41466492
2014-09-24 19:00:00,-0.6698145,-0.40687615
2014-09-24 20:00:00,-0.4832876,-0.38299465
2014-09-24 21:00:00,-0.42842674,-0.32450825
2014-09-24 22:00:00,-0.39551023,-0.31015092
2014-09-24 23:00:00,0.010460156,-0.23509282
2014-09-25 00:00:00,0.12018188,-0.32038462
2014-09-25 01:00:00,-0.19801112,-0.35833466
2014-09-25 02:00:00,-0.17606677,-0.42859858
2014-09-25 03:00:00,-0.12120591,-0.4022013
2014-09-25 04:00:00,-0.09926157,-0.4618237
2014-09-25 05:00:00,-0.2089833,-0.4990813
2014-09-25 06:00:00,0.0324045,-0.56922317
2014-09-25 07:00:00,-0.011484189,-0.5581622
2014-09-25 08:00:00,0.054348845,-0.56591535
2014-09-25 09:00:00,0.22990361,-0.5324298
2014-09-25 10:00:00,0.4274027,-0.55506
2014-09-25 11:00:00,0.44934705,-0.55972284
2014-09-25 12:00:00,0.52615225,-0.5333773
2014-09-25 13:00:00,0.7455957,-0.5416451
2014-09-25 14:00:00,0.62490183,-0.5396202
2014-09-25 15:00:00,0.6468462,-0.4972775
2014-09-25 16:00:00,0.5590688,-0.4834513
2014-09-25 17:00:00,0.40545836,-0.4451167
2014-09-25 18:00:00,0.3067088,-0.41258013
2014-09-25 19:00:00,0.48226357,-0.3722098
2014-09-25 20:00:00,0.5151801,-0.2962125
2014-09-25 21:00:00,0.62490183,-0.24353212
2014-09-25 22:00:00,0.49323574,-0.19401091
2014-09-25 23:00:00,-0.2857885,-0.06726819
2014-09-26 00:00:00,-0.4393989,0.06007278
2014-09-26 01:00:00,-0.27481633,-0.0033432841
2014-09-26 02:00:00,-0.15412243,-0.04955423
2014-09-26 03:00:00,-0.14315026,-0.08284032
2014-09-26 04:00:00,-0.011484189,-0.023469687
2014-09-26 05:00:00,-0.044400707,-0.09328967
2014-09-26 06:00:00,0.07629319,-0.1083048
2014-09-26 07:00:00,0.12018188,-0.092781365
2014-09-26 08:00:00,0.21893144,-0.04749453
2014-09-26 09:00:00,0.22990361,-0.020169914
2014-09-26 10:00:00,0.28476447,0.039053798
2014-09-26 11:00:00,0.32865316,0.07985455
2014-09-26 12:00:00,0.25184795,0.18420961
2014-09-26 13:00:00,0.31768098,0.24179944
2014-09-26 14:00:00,0.5042079,0.26299602
2014-09-26 15:00:00,0.6029575,0.2799233
2014-09-26 16:00:00,1.0199001,0.22834355
2014-09-26 17:00:00,1.0308722,0.1461631
2014-09-26 18:00:00,1.1296217,0.08520287
2014-09-26 19:00:00,1.2832322,0.10714322
2014-09-26 20:00:00,1.3051765,0.05796963
2014-09-26 21:00:00,1.0528165,0.10341257
2014-09-26 22:00:00,0.72365135,0.051756382
2014-09-26 23:00:00,0.53712445,-0.1112954
2014-09-27 00:00:00,0.20795926,-0.22982925
2014-09-27 01:00:00,0.3505975,-0.23327714
2014-09-27 02:00:00,-0.42842674,-0.1936025
2014-09-27 03:00:00,-0.9989797,-0.20244563
2014-09-27 04:00:00,-0.9989797,-0.17691034
2014-09-27 05:00:00,-0.63689804,-0.20477635
2014-09-27 06:00:00,-0.62592584,-0.16010958
2014-09-27 07:00:00,-0.53814846,-0.14745909
2014-09-27 08:00:00,-0.79050845,-0.100341976
2014-09-27 09:00:00,-0.8124528,-0.08351171
2014-09-27 10:00:00,-0.94411886,-0.034282267
2014-09-27 11:00:00,-0.93314666,-0.02448821
2014-09-27 12:00:00,-0.98800755,-0.046264887
2014-09-27 13:00:00,-1.0318962,-0.048354685
2014-09-27 14:00:00,-0.98800755,0.06811732
2014-09-27 15:00:00,-0.98800755,0.1578896
2014-09-27 16:00:00,-0.9112023,0.3048017
2014-09-27 17:00:00,-0.9221745,0.31364152
2014-09-27 18:00:00,-0.8563415,0.4091056
2014-09-27 19:00:00,-0.74661976,0.45305544
2014-09-27 20:00:00,-0.505232,0.5055529
2014-09-27 21:00:00,-0.5271763,0.4117953
2014-09-27 22:00:00,-0.4503711,0.24379307
2014-09-27 23:00:00,-0.4503711,0.0146154165
2014-09-28 00:00:00,-0.252872,-0.15063447
2014-09-28 01:00:00,-0.18703894,-0.20134276
2014-09-28 02:00:00,-0.18703894,-0.37964845
2014-09-28 03:00:00,-0.37356588,-0.50657946
2014-09-28 04:00:00,-0.4503711,-0.557627
2014-09-28 05:00:00,-0.5600928,-0.46101028
2014-09-28 06:00:00,-0.46134326,-0.44942248
2014-09-28 07:00:00,-0.42842674,-0.4353152
2014-09-28 08:00:00,-0.4064824,-0.49918813
2014-09-28 09:00:00,-0.31870502,-0.47230816
2014-09-28 10:00:00,-0.19801112,-0.46380746
2014-09-28 11:00:00,-0.14315026,-0.46307027
2014-09-28 12:00:00,-0.022456361,-0.48981404
2014-09-28 13:00:00,0.010460156,-0.47651905
2014-09-28 14:00:00,-0.34064937,-0.46165138
2014-09-28 15:00:00,-0.41745457,-0.46061045
2014-09-28 16:00:00,-0.6039815,-0.4401613
2014-09-28 17:00:00,-0.5162041,-0.4283992
2014-09-28 18:00:00,-0.59300935,-0.39172465
2014-09-28 19:00:00,-0.47231543,-0.34724593
2014-09-28 20:00:00,-0.5162041,-0.31801975
2014-09-28 21:00:00,-0.53814846,-0.2870823
2014-09-28 22:00:00,-0.46134326,-0.2882583
2014-09-28 23:00:00,-0.27481633,-0.33436602
2014-09-29 00:00:00,-0.27481633,-0.24701041
2014-09-29 01:00:00,-0.23092765,-0.22787905
2014-09-29 02:00:00,-0.033428535,-0.22171658
2014-09-29 03:00:00,0.054348845,-0.3236816
2014-09-29 04:00:00,0.054348845,-0.37138838
2014-09-29 05:00:00,0.07629319,-0.41395533
2014-09-29 06:00:00,0.0324045,-0.40538937
2014-09-29 07:00:00,0.021432329,-0.41518784
2014-09-29 08:00:00,-0.033428535,-0.3968268
2014-09-29 09:00:00,-0.011484189,-0.35845244
2014-09-29 10:00:00,-0.1650946,-0.28716797
2014-09-29 11:00:00,-0.252872,-0.2516933
2014-09-29 12:00:00,-0.9112023,-0.20436919
2014-09-29 13:00:00,-0.955091,-0.17097867
2014-09-29 14:00:00,-0.98800755,-0.21248293
2014-09-29 15:00:00,-0.98800755,-0.28126472
2014-09-29 16:00:00,-0.9660632,-0.35169023
2014-09-29 17:00:00,-0.955091,-0.34527665
2014-09-29 18:00:00,-0.9660632,-0.35586137
2014-09-29 19:00:00,-0.9660632,-0.32917136
2014-09-29 20:00:00,-0.94411886,-0.34314734
2014-09-29 21:00:00,-0.8673136,-0.29959458
2014-09-29 22:00:00,-0.9112023,-0.29247546
2014-09-29 23:00:00,-0.8453693,-0.23810506
2014-09-30 00:00:00,-0.8124528,-0.1859268
2014-09-30 01:00:00,-0.8782858,-0.09955287
2014-09-30 02:00:00,-0.83439714,-0.060417414
2014-09-30 03:00:00,-0.8563415,-0.016973853
2014-09-30 04:00:00,-0.9112023,-0.0036808252
2014-09-30 05:00:00,-0.9112023,0.0051208735
2014-09-30 06:00:00,-0.8782858,-0.0095460415
2014-09-30 07:00:00,-0.955091,-0.013816655
2014-09-30 08:00:00,-0.90023017,-0.045405984
2014-09-30 09:00:00,-0.93314666,-0.09212589
2014-09-30 10:00:00,-0.9112023,-0.15233248
2014-09-30 11:00:00,-0.8453693,-0.18822873
2014-09-30 12:00:00,-0.8563415,-0.35013717
2014-09-30 13:00:00,-0.9221745,-0.40167207
2014-09-30 14:00:00,-0.8563415,-0.43763697
2014-09-30 15:00:00,-0.8673136,-0.42434573
2014-09-30 16:00:00,-0.8453693,-0.468827
2014-09-30 17:00:00,-0.8782858,-0.46054435
2014-09-30 18:00:00,-0.8124528,-0.46895003
2014-09-30 19:00:00,-0.7575919,-0.4353789
2014-09-30 20:00:00,-0.6149537,-0.44972205
2014-09-30 21:00:00,-0.5162041,-0.39426023
2014-09-30 22:00:00,-0.47231543,-0.39405477
2014-09-30 23:00:00,-0.4393989,-0.34742826
2014-10-01 00:00:00,-0.24189982,-0.32127744
2014-10-01 01:00:00,-0.1650946,-0.3082875
2014-10-01 02:00:00,-0.18703894,-0.2677716
2014-10-01 03:00:00,-0.12120591,-0.19994926
2014-10-01 04:00:00,-0.21995547,-0.18337715
2014-10-01 05:00:00,-0.21995547,-0.19977689
2014-10-01 06:00:00,-0.34064937,-0.206927
2014-10-01 07:00:00,-0.46134326,-0.22475052
2014-10-01 08:00:00,-0.41745457,-0.25356907
2014-10-01 09:00:00,-0.29676068,-0.2830267
2014-10-01 10:00:00,-0.252872,-0.2696966
2014-10-01 11:00:00,-0.11023374,-0.27675456
2014-10-01 12:00:00,-0.09926157,-0.27220637
2014-10-01 13:00:00,-0.044400707,-0.30884337
2014-10-01 14:00:00,-0.31870502,-0.29367387
2014-10-01 15:00:00,-0.252872,-0.29605532
2014-10-01 16:00:00,-0.26384416,-0.26516825
2014-10-01 17:00:00,-0.0005120168,-0.27599376
2014-10-01 18:00:00,-0.0005120168,-0.23243147
2014-10-01 19:00:00,-0.033428535,-0.19625676
2014-10-01 20:00:00,-0.07731722,-0.13437742
2014-10-01 21:00:00,-0.13217808,-0.0905844
2014-10-01 22:00:00,-0.19801112,-0.059803188
2014-10-01 23:00:00,-0.15412243,-0.011183441
2014-10-02 00:00:00,-0.19801112,0.08087233
2014-10-02 01:00:00,-0.34064937,0.12832549
2014-10-02 02:00:00,-0.37356588,0.15989563
2014-10-02 03:00:00,-0.4503711,0.15636858
2014-10-02 04:00:00,-0.41745457,0.12881765
2014-10-02 05:00:00,-0.29676068,0.09631801
2014-10-02 06:00:00,-0.21995547,0.034166932
2014-10-02 07:00:00,-0.2857885,-0.047618985
2014-10-02 08:00:00,-0.23092765,-0.08127463
2014-10-02 09:00:00,-0.39551023,-0.053371847
2014-10-02 10:00:00,-0.42842674,-0.024749875
2014-10-02 11:00:00,-0.27481633,0.0064182878
2014-10-02 12:00:00,-0.39551023,0.019531906
2014-10-02 13:00:00,-0.6698145,0.03923416
2014-10-02 14:00:00,-0.7575919,-0.035069287
2014-10-02 15:00:00,-0.8014806,-0.045662045
2014-10-02 16:00:00,-0.8673136,-0.059719563
2014-10-02 17:00:00,-0.8014806,0.019320905
2014-10-02 18:00:00,-0.73564756,0.029428542
2014-10-02 19:00:00,-0.4393989,0.03520143
2014-10-02 20:00:00,-0.23092765,-0.0044350624
2014-10-02 21:00:00,-0.07731722,0.007586062
2014-10-02 22:00:00,0.31768098,-0.031887174
2014-10-02 23:00:00,0.3505975,-0.016608834
2014-10-03 00:00:00,0.22990361,-0.056416333
2014-10-03 01:00:00,0.16407058,-0.06304675
2014-10-03 02:00:00,0.14212623,-0.09331733
2014-10-03 03:00:00,0.38351402,-0.14287585
2014-10-03 04:00:00,0.16407058,-0.152017
2014-10-03 05:00:00,0.53712445,-0.12067658
2014-10-03 06:00:00,0.09823754,-0.102253854
2014-10-03 07:00:00,-0.29676068,-0.13833922
2014-10-03 08:00:00,-0.47231543,-0.18082428
2014-10-03 09:00:00,-0.5162041,-0.23186487
2014-10-03 10:00:00,-0.4503711,-0.2251736
2014-10-03 11:00:00,-0.47231543,-0.21400666
2014-10-03 12:00:00,-0.17606677,-0.19502288
2014-10-03 13:00:00,-0.09926157,-0.23795676
2014-10-03 14:00:00,0.36156967,-0.316961
2014-10-03 15:00:00,0.7894844,-0.35290295
2014-10-03 16:00:00,0.8992061,-0.36711413
2014-10-03 17:00:00,1.1076775,-0.35014725
2014-10-03 18:00:00,1.1735104,-0.3353896
2014-10-03 19:00:00,1.085733,-0.28445208
2014-10-03 20:00:00,0.8443453,-0.21515542
2014-10-03 21:00:00,0.6687905,-0.14209455
2014-10-03 22:00:00,0.6139296,-0.049686253
2014-10-03 23:00:00,0.57004094,0.0645898
2014-10-04 00:00:00,0.32865316,0.11066556
2014-10-04 01:00:00,-0.06634505,0.105262816
2014-10-04 02:00:00,-0.2089833,0.06596446
2014-10-04 03:00:00,-0.2089833,0.13250548
2014-10-04 04:00:00,-0.24189982,0.11618051
2014-10-04 05:00:00,-0.34064937,0.18609667
2014-10-04 06:00:00,-0.4503711,0.054739773
2014-10-04 07:00:00,-0.49425977,-0.08586556
2014-10-04 08:00:00,-0.505232,-0.25311685
2014-10-04 09:00:00,-0.46134326,-0.32099956
2014-10-04 10:00:00,-0.42842674,-0.3418464
2014-10-04 11:00:00,-0.27481633,-0.30669993
2014-10-04 12:00:00,-0.24189982,-0.27262914
2014-10-04 13:00:00,-0.033428535,-0.22331089
2014-10-04 14:00:00,0.054348845,-0.120105505
2014-10-04 15:00:00,0.0324045,0.07703608
2014-10-04 16:00:00,-0.0005120168,0.26685852
2014-10-04 17:00:00,0.07629319,0.35854262
2014-10-04 18:00:00,0.09823754,0.512875
2014-10-04 19:00:00,0.17504275,0.52529645
2014-10-04 20:00:00,0.13115406,0.5283887
2014-10-04 21:00:00,0.010460156,0.39429796
2014-10-04 22:00:00,-0.21995547,0.35049248
2014-10-04 23:00:00,-0.252872,0.35986847
2014-10-05 00:00:00,-0.23092765,0.24902195
2014-10-05 01:00:00,-0.15412243,0.033863783
2014-10-05 02:00:00,-0.30773285,-0.13803977
2014-10-05 03:00:00,-0.3296772,-0.17323905
2014-10-05 04:00:00,-0.39551023,-0.18781662
2014-10-05 05:00:00,-0.3625937,-0.23701423
2014-10-05 06:00:00,-0.4064824,-0.27612996
2014-10-05 07:00:00,-0.505232,-0.32144678
2014-10-05 08:00:00,-0.54912066,-0.3357318
2014-10-05 09:00:00,-0.8673136,-0.39240623
2014-10-05 10:00:00,-0.97703534,-0.38324517
2014-10-05 11:00:00,-0.98800755,-0.34951335
2014-10-05 12:00:00,-1.009952,-0.32640022
2014-10-05 13:00:00,-1.0209241,-0.24179685
2014-10-05 14:00:00,-0.98800755,-0.19080919
2014-10-05 15:00:00,-0.9660632,-0.06761241
2014-10-05 16:00:00,-1.009952,0.0037861466
2014-10-05 17:00:00,-1.0318962,0.11935991
2014-10-05 18:00:00,-0.97703534,0.15753263
2014-10-05 19:00:00,-0.9112023,0.20499259
2014-10-05 20:00:00,-0.8563415,0.16917717
2014-10-05 21:00:00,-0.8014806,0.05738443
2014-10-05 22:00:00,-0.62592584,-0.09156376
2014-10-05 23:00:00,-0.7246754,-0.16601354
2014-10-06 00:00:00,-0.6698145,-0.21011913
2014-10-06 01:00:00,-0.74661976,-0.24221873
2014-10-06 02:00:00,-0.79050845,-0.3458556
2014-10-06 03:00:00,-0.79050845,-0.3725263
2014-10-06 04:00:00,-0.8563415,-0.40254557
2014-10-06 05:00:00,-0.8014806,-0.37699974
2014-10-06 06:00:00,-0.8563415,-0.3877136
2014-10-06 07:00:00,-0.8563415,-0.36711246
2014-10-06 08:00:00,-0.82342494,-0.37353933
2014-10-06 09:00:00,-0.8673136,-0.40878516
2014-10-06 10:00:00,-0.8563415,-0.4467051
2014-10-06 11:00:00,-0.90023017,-0.4633221
2014-10-06 12:00:00,-0.90023017,-0.44700134
2014-10-06 13:00:00,-0.8563415,-0.43741387
2014-10-06 14:00:00,-0.8782858,-0.41452557
2014-10-06 15:00:00,-0.82342494,-0.41854608
2014-10-06 16:00:00,-0.8563415,-0.41443628
2014-10-06 17:00:00,-0.82342494,-0.41420722
2014-10-06 18:00:00,-0.73564756,-0.38758165
2014-10-06 19:00:00,-0.54912066,-0.35203403
2014-10-06 20:00:00,-0.42842674,-0.3281126
2014-10-06 21:00:00,-0.2857885,-0.30260217
2014-10-06 22:00:00,-0.23092765,-0.30633068
2014-10-06 23:00:00,-0.252872,-0.29275864
2014-10-07 00:00:00,-0.09926157,-0.2586037
2014-10-07 01:00:00,-0.06634505,-0.28040123
2014-10-07 02:00:00,0.07629319,-0.28861976
2014-10-07 03:00:00,0.1530984,-0.30303293
2014-10-07 04:00:00,0.043376673,-0.28306103
2014-10-07 05:00:00,-0.07731722,-0.296669
2014-10-07 06:00:00,-0.1650946,-0.27230418
2014-10-07 07:00:00,-0.27481633,-0.2728051
2014-10-07 08:00:00,-0.27481633,-0.26684773
2014-10-07 09:00:00,-0.37356588,-0.28943282
2014-10-07 10:00:00,-0.37356588,-0.31036705
2014-10-07 11:00:00,-0.19801112,-0.31498104
2014-10-07 12:00:00,0.043376673,-0.3450036
2014-10-07 13:00:00,0.19698709,-0.32666385
2014-10-07 14:00:00,0.43837488,-0.29843718
2014-10-07 15:00:00,0.635874,-0.2670375
2014-10-07 16:00:00,0.8662896,-0.24378037
2014-10-07 17:00:00,0.8992061,-0.24894983
2014-10-07 18:00:00,0.97601134,-0.20084679
2014-10-07 19:00:00,1.3161486,-0.12840915
2014-10-07 20:00:00,1.590453,-0.052354634
2014-10-07 21:00:00,1.7001747,0.041748166
2014-10-07 22:00:00,2.0183678,0.0716669
2014-10-07 23:00:00,2.479199,0.13982794
2014-10-08 00:00:00,2.2048948,0.17796627
2014-10-08 01:00:00,2.0732286,0.22218186
2014-10-08 02:00:00,1.8537852,0.2780433
2014-10-08 03:00:00,1.6343417,0.29898462
2014-10-08 04:00:00,1.4478147,0.27619126
2014-10-08 05:00:00,1.338093,0.16344327
2014-10-08 06:00:00,1.2832322,0.1074844
2014-10-08 07:00:00,1.2612878,0.013169169
2014-10-08 08:00:00,1.5685086,0.011037409
2014-10-08 09:00:00,1.3600373,-0.05726862
2014-10-08 10:00:00,1.4917034,-0.09241283
2014-10-08 11:00:00,1.711147,-0.09814018
2014-10-08 12:00:00,1.8867017,-0.03587997
2014-10-08 13:00:00,1.8208686,0.042808056
2014-10-08 14:00:00,1.9744791,0.15890059
2014-10-08 15:00:00,2.4133658,0.30780646
2014-10-08 16:00:00,2.8961415,0.47712207
2014-10-08 17:00:00,3.1046128,0.5538199
2014-10-08 18:00:00,3.3130841,0.63602966
2014-10-08 19:00:00,3.247251,0.780501
2014-10-08 20:00:00,3.4996111,0.9645218
2014-10-08 21:00:00,3.6422493,1.0848372
2014-10-08 22:00:00,3.6422493,1.1896292
2014-10-08 23:00:00,3.3569727,1.3328705
2014-10-09 00:00:00,3.1594737,1.350883
2014-10-09 01:00:00,2.9400303,1.3087544
2014-10-09 02:00:00,2.797392,1.1160395
2014-10-09 03:00:00,2.731559,0.98858756
2014-10-09 04:00:00,2.7754476,0.8019818
2014-10-09 05:00:00,2.6876702,0.65219975
2014-10-09 06:00:00,2.6437817,0.4712719
2014-10-09 07:00:00,2.5998929,0.3957617
2014-10-09 08:00:00,2.6547537,0.41068822
2014-10-09 09:00:00,2.6547537,0.36230597
2014-10-09 10:00:00,2.5669763,0.31163663
2014-10-09 11:00:00,2.5998929,0.31868577
2014-10-09 12:00:00,2.665726,0.4044654
2014-10-09 13:00:00,2.742531,0.43929484
2014-10-09 14:00:00,2.8961415,0.52202994
2014-10-09 15:00:00,2.9948912,0.6518438
2014-10-09 16:00:00,3.126557,0.9333936
2014-10-09 17:00:00,3.2691953,1.1143426
2014-10-09 18:00:00,3.6203048,1.210785
2014-10-09 19:00:00,3.751971,1.2172426
2014-10-09 20:00:00,3.7629433,1.2954398
2014-10-09 21:00:00,3.7080822,1.3345829
2014-10-09 22:00:00,3.5105832,1.3065816
2014-10-09 23:00:00,3.883637,1.2172967
2014-10-10 00:00:00,3.6203048,1.1220391
2014-10-10 01:00:00,3.247251,0.9616524
2014-10-10 02:00:00,3.1375294,0.8427923
2014-10-10 03:00:00,3.0168355,0.71710753
2014-10-10 04:00:00,2.676698,0.6754549
2014-10-10 05:00:00,2.7205868,0.6138307
2014-10-10 06:00:00,2.610865,0.5904254
2014-10-10 07:00:00,2.4023938,0.5761097
2014-10-10 08:00:00,2.4572546,0.62020135
2014-10-10 09:00:00,2.4462824,0.6221843
2014-10-10 10:00:00,2.5340598,0.6578554
2014-10-10 11:00:00,2.545032,0.7233958
2014-10-10 12:00:00,2.5011432,0.72703695
2014-10-10 13:00:00,2.3036442,0.8399855
2014-10-10 14:00:00,2.1719782,0.9276583
2014-10-10 15:00:00,1.8318408,1.0398806
2014-10-10 16:00:00,1.7660078,1.1862245
2014-10-10 17:00:00,1.5685086,1.3085392
2014-10-10 18:00:00,1.7879521,1.4272392
2014-10-10 19:00:00,2.2158668,1.489756
2014-10-10 20:00:00,2.5340598,1.5079825
2014-10-10 21:00:00,2.5230877,1.4450452
2014-10-10 22:00:00,2.2817,1.326406
2014-10-10 23:00:00,2.4353104,1.3152801
2014-10-11 00:00:00,2.5011432,1.2719959
2014-10-11 01:00:00,2.226839,1.1976024
2014-10-11 02:00:00,2.0842009,1.0718904
2014-10-11 03:00:00,2.3804495,1.0321199
2014-10-11 04:00:00,2.347533,0.9472493
2014-10-11 05:00:00,1.8537852,0.9078014
2014-10-11 06:00:00,1.1405939,0.83035517
2014-10-11 07:00:00,1.2832322,0.81570345
2014-10-11 08:00:00,1.1186496,0.82800543
2014-10-11 09:00:00,1.0528165,0.8113835
2014-10-11 10:00:00,1.4258704,0.8795291
2014-10-11 11:00:00,1.711147,0.9615906
2014-10-11 12:00:00,1.6014252,1.0205626
2014-10-11 13:00:00,1.5685086,1.0222965
2014-10-11 14:00:00,1.5026757,0.98228157
2014-10-11 15:00:00,1.458787,0.85806084
2014-10-11 16:00:00,1.5246199,0.7889277
2014-10-11 17:00:00,1.6782304,0.6608426
2014-10-11 18:00:00,0.087265365,0.69713724
2014-10-11 19:00:00,-0.8673136,0.8046574
2014-10-11 20:00:00,-0.90023017,1.0539092
2014-10-11 21:00:00,-1.0428684,1.0871471
2014-10-11 22:00:00,-1.0318962,1.0987451
2014-10-11 23:00:00,-1.0209241,1.0787807
2014-10-12 00:00:00,-1.009952,1.2392113
2014-10-12 01:00:00,-1.0428684,1.2080488
2014-10-12 02:00:00,-1.0209241,1.0474349
2014-10-12 03:00:00,-0.9989797,1.086645
2014-10-12 04:00:00,-0.9989797,1.1700624
2014-10-12 05:00:00,-0.9989797,1.0728666
2014-10-12 06:00:00,-1.009952,0.6009476
2014-10-12 07:00:00,-1.0209241,0.47478372
2014-10-12 08:00:00,-1.0538406,0.34524268
2014-10-12 09:00:00,-1.0648128,0.3455161
2014-10-12 10:00:00,-1.0538406,0.3175776
2014-10-12 11:00:00,-1.0318962,0.45248806
2014-10-12 12:00:00,-1.0648128,0.53119403
2014-10-12 13:00:00,-1.0428684,0.6327701
2014-10-12 14:00:00,-1.0318962,0.556703
2014-10-12 15:00:00,-1.0318962,0.6087793
2014-10-12 16:00:00,-1.0538406,0.6655303
2014-10-12 17:00:00,-1.0209241,0.8216189
2014-10-12 18:00:00,-1.0318962,0.08017188
2014-10-12 19:00:00,-1.0209241,-0.40102434
2014-10-12 20:00:00,-0.955091,-0.47244394
2014-10-12 21:00:00,-1.009952,-0.4860769
2014-10-12 22:00:00,-0.98800755,-0.5474603
2014-10-12 23:00:00,-0.98800755,-0.5555384
2014-10-13 00:00:00,-1.0209241,-0.6039953
2014-10-13 01:00:00,-1.0428684,-0.63901967
2014-10-13 02:00:00,-1.0648128,-0.66214365
2014-10-13 03:00:00,-1.0648128,-0.64958596
2014-10-13 04:00:00,-1.0209241,-0.60844654
2014-10-13 05:00:00,-0.9989797,-0.5540418
2014-10-13 06:00:00,-1.0209241,-0.5732794
2014-10-13 07:00:00,-1.0428684,-0.6372337
2014-10-13 08:00:00,-1.0428684,-0.63266045
2014-10-13 09:00:00,-1.0209241,-0.57504857
2014-10-13 10:00:00,-0.9989797,-0.5538088
2014-10-13 11:00:00,-1.009952,-0.510161
2014-10-13 12:00:00,-0.9989797,-0.49266124
2014-10-13 13:00:00,-0.9989797,-0.51035666
2014-10-13 14:00:00,-1.009952,-0.5420877
2014-10-13 15:00:00,-0.98800755,-0.513191
2014-10-13 16:00:00,-0.98800755,-0.44256598
2014-10-13 17:00:00,-1.009952,-0.3990218
2014-10-13 18:00:00,-0.955091,-0.43893927
2014-10-13 19:00:00,-0.83439714,-0.42494124
2014-10-13 20:00:00,-0.7137032,-0.4082986
2014-10-13 21:00:00,-0.7137032,-0.4140029
2014-10-13 22:00:00,-0.53814846,-0.40506035
2014-10-13 23:00:00,-0.4503711,-0.420627
2014-10-14 00:00:00,-0.42842674,-0.44498837
2014-10-14 01:00:00,-0.58203715,-0.4180246
2014-10-14 02:00:00,-0.63689804,-0.43328488
2014-10-14 03:00:00,-0.6039815,-0.4604472
2014-10-14 04:00:00,-0.58203715,-0.4351415
2014-10-14 05:00:00,-0.73564756,-0.37722725
2014-10-14 06:00:00,-0.8782858,-0.34332597
2014-10-14 07:00:00,-0.82342494,-0.33113164
2014-10-14 08:00:00,-0.8563415,-0.28881615
2014-10-14 09:00:00,-0.9112023,-0.28068715
2014-10-14 10:00:00,-0.8124528,-0.26706886
2014-10-14 11:00:00,-0.79050845,-0.24341857
2014-10-14 12:00:00,-0.7575919,-0.2542035
2014-10-14 13:00:00,-0.59300935,-0.2650211
2014-10-14 14:00:00,-0.5600928,-0.26563662
2014-10-14 15:00:00,-0.6917589,-0.25570655
2014-10-14 16:00:00,-0.7575919,-0.20915264
2014-10-14 17:00:00,-0.7575919,-0.13329071
2014-10-14 18:00:00,-0.505232,-0.07660979
2014-10-14 19:00:00,-0.3625937,-0.031525254
2014-10-14 20:00:00,-0.27481633,0.003744781
2014-10-14 21:00:00,-0.13217808,0.026213855
2014-10-14 22:00:00,0.1530984,0.07858297
2014-10-14 23:00:00,0.3067088,0.1198878
2014-10-15 00:00:00,0.44934705,0.15903035
2014-10-15 01:00:00,0.53712445,0.1306229
2014-10-15 02:00:00,0.53712445,0.08256692
2014-10-15 03:00:00,0.2737923,0.054635644
2014-10-15 04:00:00,-0.088289395,0.06844288
2014-10-15 05:00:00,0.10920971,0.017204076
2014-10-15 06:00:00,-0.12120591,-0.06974864
2014-10-15 07:00:00,-0.17606677,-0.093207896
2014-10-15 08:00:00,-0.05537288,-0.09411925
2014-10-15 09:00:00,-0.41745457,-0.11074841
2014-10-15 10:00:00,-0.8453693,-0.12746656
2014-10-15 11:00:00,-0.97703534,-0.11379868
2014-10-15 12:00:00,-0.955091,-0.0928151
2014-10-15 13:00:00,-0.9989797,-0.05368042
2014-10-15 14:00:00,-0.9660632,-0.02813977
2014-10-15 15:00:00,-0.9989797,-0.034719586
2014-10-15 16:00:00,-1.009952,-0.058531046
2014-10-15 17:00:00,-0.9989797,-0.056761086
2014-10-15 18:00:00,-1.009952,-0.008986115
2014-10-15 19:00:00,-1.0209241,0.04810247
2014-10-15 20:00:00,-0.9221745,0.08687112
2014-10-15 21:00:00,-0.8782858,0.1244635
2014-10-15 22:00:00,-0.9112023,0.24219844
2014-10-15 23:00:00,-0.8782858,0.36747193
2014-10-16 00:00:00,-0.6588424,0.49848014
2014-10-16 01:00:00,-0.8014806,0.5500914
2014-10-16 02:00:00,-0.8014806,0.6099164
2014-10-16 03:00:00,-0.77953625,0.51242715
2014-10-16 04:00:00,-0.7575919,0.31871766
2014-10-16 05:00:00,-0.6917589,0.205156
2014-10-16 06:00:00,-0.7027311,0.108939976
2014-10-16 07:00:00,-0.62592584,0.051454723
2014-10-16 08:00:00,-0.6149537,0.011193812
2014-10-16 09:00:00,-0.6149537,-0.106423855
2014-10-16 10:00:00,-0.82342494,-0.27206558
2014-10-16 11:00:00,-0.9112023,-0.3330866
2014-10-16 12:00:00,-0.9112023,-0.35471892
2014-10-16 13:00:00,-0.8014806,-0.35121655
2014-10-16 14:00:00,-0.77953625,-0.30900174
2014-10-16 15:00:00,-0.77953625,-0.3165813
2014-10-16 16:00:00,-0.7027311,-0.33223444
2014-10-16 17:00:00,-0.4503711,-0.32069445
2014-10-16 18:00:00,-0.4503711,-0.28504932
2014-10-16 19:00:00,-0.47231543,-0.28191185
2014-10-16 20:00:00,-0.49425977,-0.25463247
2014-10-16 21:00:00,-0.4393989,-0.23864406
2014-10-16 22:00:00,-0.3296772,-0.2216782
2014-10-16 23:00:00,-0.21995547,-0.21139926
2014-10-17 00:00:00,-0.1650946,-0.13769698
2014-10-17 01:00:00,-0.13217808,-0.08148438
2014-10-17 02:00:00,-0.09926157,-0.042185307
2014-10-17 03:00:00,-0.022456361,-0.059128344
2014-10-17 04:00:00,0.0324045,-0.07840794
2014-10-17 05:00:00,0.010460156,-0.113063455
2014-10-17 06:00:00,-0.022456361,-0.13316184
2014-10-17 07:00:00,-0.011484189,-0.14377666
2014-10-17 08:00:00,-0.05537288,-0.13902998
2014-10-17 09:00:00,-0.26384416,-0.15421385
2014-10-17 10:00:00,-0.21995547,-0.22868502
2014-10-17 11:00:00,-0.14315026,-0.30090237
2014-10-17 12:00:00,-0.14315026,-0.35747635
2014-10-17 13:00:00,-0.19801112,-0.3074081
2014-10-17 14:00:00,0.054348845,-0.31362462
2014-10-17 15:00:00,0.17504275,-0.28440905
2014-10-17 16:00:00,0.0324045,-0.26416117
2014-10-17 17:00:00,0.09823754,-0.1600343
2014-10-17 18:00:00,0.19698709,-0.10500711
2014-10-17 19:00:00,0.29573664,-0.08744377
2014-10-17 20:00:00,0.48226357,-0.102366984
2014-10-17 21:00:00,0.97601134,-0.08352339
2014-10-17 22:00:00,0.98698354,-0.03802842
2014-10-17 23:00:00,1.3710096,-0.012247086
2014-10-18 00:00:00,1.2173991,0.018511236
2014-10-18 01:00:00,1.0637888,0.08352789
2014-10-18 02:00:00,1.0967052,0.13690516
2014-10-18 03:00:00,1.0637888,0.15302843
2014-10-18 04:00:00,1.0199001,0.16247272
2014-10-18 05:00:00,0.87726176,0.15784448
2014-10-18 06:00:00,0.18601492,0.13675407
2014-10-18 07:00:00,0.10920971,0.10127145
2014-10-18 08:00:00,0.12018188,0.10569143
2014-10-18 09:00:00,-0.06634505,0.032042086
2014-10-18 10:00:00,0.13115406,-0.0013175607
2014-10-18 11:00:00,0.10920971,-0.02682048
2014-10-18 12:00:00,0.6029575,-0.031092048
2014-10-18 13:00:00,0.94309485,-0.06398207
2014-10-18 14:00:00,1.0308722,-0.035945237
2014-10-18 15:00:00,1.206427,0.019786417
2014-10-18 16:00:00,1.2612878,0.041410804
2014-10-18 17:00:00,1.4258704,0.051636994
2014-10-18 18:00:00,1.5246199,0.09278977
2014-10-18 19:00:00,1.8867017,0.17262721
2014-10-18 20:00:00,2.1500337,0.26215208
2014-10-18 21:00:00,2.358505,0.41799173
2014-10-18 22:00:00,2.8193364,0.5095807
2014-10-18 23:00:00,3.0936406,0.7325442
2014-10-19 00:00:00,3.3569727,0.75630367
2014-10-19 01:00:00,3.3460007,0.7606934
2014-10-19 02:00:00,3.170446,0.66471094
2014-10-19 03:00:00,3.2582233,0.6659697
2014-10-19 04:00:00,3.433778,0.5658325
2014-10-19 05:00:00,2.9948912,0.49255615
2014-10-19 06:00:00,2.8741972,0.16238916
2014-10-19 07:00:00,2.8083642,0.0489344
2014-10-19 08:00:00,2.676698,-0.0243693
2014-10-19 09:00:00,2.7644753,-0.07137662
2014-10-19 10:00:00,2.8193364,-0.09887254
2014-10-19 11:00:00,2.7754476,-0.12650949
2014-10-19 12:00:00,2.1061451,-0.063132286
2014-10-19 13:00:00,1.2393435,0.07078743
2014-10-19 14:00:00,1.206427,0.16292858
2014-10-19 15:00:00,0.9101783,0.28397167
2014-10-19 16:00:00,0.6687905,0.41906208
2014-10-19 17:00:00,0.58101314,0.5220538
2014-10-19 18:00:00,0.7565679,0.6589217
2014-10-19 19:00:00,1.0528165,0.78147733
2014-10-19 20:00:00,1.0967052,0.95096165
2014-10-19 21:00:00,1.0637888,1.1071429
2014-10-19 22:00:00,0.8553174,1.2977759
2014-10-19 23:00:00,0.6687905,1.4643279
2014-10-20 00:00:00,0.6687905,1.5555568
2014-10-20 01:00:00,0.72365135,1.5726027
2014-10-20 02:00:00,0.77851224,1.507588
2014-10-20 03:00:00,0.8443453,1.3614693
2014-10-20 04:00:00,0.8443453,1.2696
2014-10-20 05:00:00,0.97601134,1.1442494
2014-10-20 06:00:00,0.954067,0.9439337
2014-10-20 07:00:00,1.0089278,0.78172064
2014-10-20 08:00:00,1.1296217,0.7230154
2014-10-20 09:00:00,1.4697591,0.6601838
2014-10-20 10:00:00,1.7660078,0.5775908
2014-10-20 11:00:00,1.8098965,0.504349
2014-10-20 12:00:00,1.842813,0.4303838
2014-10-20 13:00:00,2.0293398,0.250287
2014-10-20 14:00:00,1.7989243,0.13825023
2014-10-20 15:00:00,1.6782304,0.10441774
2014-10-20 16:00:00,1.6014252,0.07848477
2014-10-20 17:00:00,1.5246199,0.022583604
2014-10-20 18:00:00,1.711147,0.03657484
2014-10-20 19:00:00,1.6782304,0.056913137
2014-10-20 20:00:00,1.7769799,0.14018053
2014-10-20 21:00:00,1.5246199,0.08376688
2014-10-20 22:00:00,0.4712914,0.04245144
2014-10-20 23:00:00,-0.31870502,0.006454408
2014-10-21 00:00:00,-0.42842674,0.01882118
2014-10-21 01:00:00,-0.7246754,-0.01738286
2014-10-21 02:00:00,-0.7027311,-0.044973075
2014-10-21 03:00:00,-0.73564756,-0.0010944009
2014-10-21 04:00:00,-0.7575919,0.031889617
2014-10-21 05:00:00,-0.83439714,0.10593492
2014-10-21 06:00:00,-0.7575919,0.06683552
2014-10-21 07:00:00,-0.6807867,0.11330575
2014-10-21 08:00:00,-0.6807867,0.1998328
2014-10-21 09:00:00,-0.6807867,0.40715665
2014-10-21 10:00:00,-0.6807867,0.7376081
2014-10-21 11:00:00,-0.7027311,0.9778177
2014-10-21 12:00:00,-0.6807867,1.1250675
2014-10-21 13:00:00,-0.6917589,1.2801055
2014-10-21 14:00:00,-0.7027311,1.2310721
2014-10-21 15:00:00,-0.7137032,1.1635337
2014-10-21 16:00:00,-0.73564756,0.99787295
2014-10-21 17:00:00,-0.6478702,0.8510046
2014-10-21 18:00:00,-0.6807867,0.83533657
2014-10-21 19:00:00,-0.53814846,0.86510915
2014-10-21 20:00:00,-0.3625937,0.850729
2014-10-21 21:00:00,-0.17606677,0.70649105
2014-10-21 22:00:00,-0.09926157,0.25641978
2014-10-21 23:00:00,-0.033428535,-0.17140293
2014-10-22 00:00:00,-0.4393989,-0.32521415
2014-10-22 01:00:00,-0.54912066,-0.4226781
2014-10-22 02:00:00,-0.58203715,-0.4314654
2014-10-22 03:00:00,-0.5271763,-0.4394133
2014-10-22 04:00:00,-0.29676068,-0.45176196
2014-10-22 05:00:00,0.12018188,-0.46824378
2014-10-22 06:00:00,0.043376673,-0.47530603
2014-10-22 07:00:00,-0.11023374,-0.5222637
2014-10-22 08:00:00,-0.17606677,-0.53340715
2014-10-22 09:00:00,-0.23092765,-0.49595356
2014-10-22 10:00:00,-0.18703894,-0.43152535
2014-10-22 11:00:00,-0.088289395,-0.41851914
2014-10-22 12:00:00,0.043376673,-0.36554742
2014-10-22 13:00:00,-0.0005120168,-0.30256534
2014-10-22 14:00:00,0.010460156,-0.25121868
2014-10-22 15:00:00,-0.15412243,-0.24481493
2014-10-22 16:00:00,-0.1650946,-0.30150175
2014-10-22 17:00:00,-0.18703894,-0.34424978
2014-10-22 18:00:00,-0.033428535,-0.40278655
2014-10-22 19:00:00,0.18601492,-0.3647771
2014-10-22 20:00:00,0.26282012,-0.25959903
2014-10-22 21:00:00,0.29573664,-0.1203329
2014-10-22 22:00:00,0.3505975,-0.034415007
2014-10-22 23:00:00,0.32865316,0.051573038
2014-10-23 00:00:00,0.28476447,-0.139696
2014-10-23 01:00:00,0.20795926,-0.17692679
2014-10-23 02:00:00,0.087265365,-0.2324906
2014-10-23 03:00:00,0.087265365,-0.20513225
2014-10-23 04:00:00,0.021432329,-0.16751772
2014-10-23 05:00:00,0.10920971,0.021871358
2014-10-23 06:00:00,0.14212623,0.057461888
2014-10-23 07:00:00,0.087265365,0.006495118
2014-10-23 08:00:00,0.17504275,-0.08572471
2014-10-23 09:00:00,0.32865316,-0.076262474
2014-10-23 10:00:00,0.37254184,-0.06523365
2014-10-23 11:00:00,0.3944862,0.0016111135
2014-10-23 12:00:00,0.49323574,0.089017004
2014-10-23 13:00:00,0.53712445,0.10102472
2014-10-23 14:00:00,0.36156967,0.09317088
2014-10-23 15:00:00,0.4712914,0.030358553
2014-10-23 16:00:00,0.53712445,-0.005147636
2014-10-23 17:00:00,0.701707,-0.051280558
2014-10-23 18:00:00,0.76754004,-0.020080805
2014-10-23 19:00:00,0.8114287,0.006379485
2014-10-23 20:00:00,0.9979557,0.06415516
2014-10-23 21:00:00,1.0528165,0.1460388
2014-10-23 22:00:00,1.0418444,0.25030616
2014-10-23 23:00:00,1.2503157,0.30887702
2014-10-24 00:00:00,1.3929539,0.32540157
2014-10-24 01:00:00,1.2832322,0.25430515
2014-10-24 02:00:00,1.0418444,0.15032127
2014-10-24 03:00:00,0.9101783,0.07906479
2014-10-24 04:00:00,0.8662896,0.03403163
2014-10-24 05:00:00,0.9979557,0.05347866
2014-10-24 06:00:00,0.8553174,0.06621599
2014-10-24 07:00:00,0.9101783,0.07041997
2014-10-24 08:00:00,0.93212265,0.064602435
2014-10-24 09:00:00,1.0089278,0.078401566
2014-10-24 10:00:00,1.085733,0.0964064
2014-10-24 11:00:00,1.4368426,0.09608662
2014-10-24 12:00:00,1.6782304,0.123086214
2014-10-24 13:00:00,1.9854512,0.19747415
2014-10-24 14:00:00,2.1280894,0.18982345
2014-10-24 15:00:00,2.3804495,0.18907034
2014-10-24 16:00:00,2.3914216,0.1812669
2014-10-24 17:00:00,2.4462824,0.23175704
2014-10-24 18:00:00,2.6218371,0.2748693
2014-10-24 19:00:00,2.6437817,0.27408743
2014-10-24 20:00:00,2.6986425,0.2918623
2014-10-24 21:00:00,2.8083642,0.3996495
2014-10-24 22:00:00,3.1046128,0.44182786
2014-10-24 23:00:00,2.8851693,0.5483483
2014-10-25 00:00:00,3.0826685,0.6061845
2014-10-25 01:00:00,2.7644753,0.6064359
2014-10-25 02:00:00,2.4023938,0.4900135
2014-10-25 03:00:00,2.3036442,0.30860826
2014-10-25 04:00:00,2.5340598,0.22852272
2014-10-25 05:00:00,2.545032,0.24709767
2014-10-25 06:00:00,2.358505,0.1839099
2014-10-25 07:00:00,2.3255885,0.14826703
2014-10-25 08:00:00,2.3036442,0.13083571
2014-10-25 09:00:00,2.4572546,0.16247708
2014-10-25 10:00:00,2.5230877,0.16703492
2014-10-25 11:00:00,2.4572546,0.26216406
2014-10-25 12:00:00,2.5340598,0.3686165
2014-10-25 13:00:00,2.6986425,0.62667024
2014-10-25 14:00:00,2.7644753,0.73079383
2014-10-25 15:00:00,3.0278077,0.8821509
2014-10-25 16:00:00,3.3130841,0.9418186
2014-10-25 17:00:00,3.5434997,1.0430709
2014-10-25 18:00:00,3.7300267,1.087113
2014-10-25 19:00:00,3.8287761,1.0543355
2014-10-25 20:00:00,4.081136,1.0479599
2014-10-25 21:00:00,3.872665,1.0211117
2014-10-25 22:00:00,3.433778,1.0700024
2014-10-25 23:00:00,3.247251,1.0064281
2014-10-26 00:00:00,3.2362788,1.0247438
2014-10-26 01:00:00,3.060724,0.9156968
2014-10-26 02:00:00,2.6437817,0.79035485
2014-10-26 03:00:00,2.3255885,0.6262944
2014-10-26 04:00:00,1.7221191,0.6269096
2014-10-26 05:00:00,0.9101783,0.5599397
2014-10-26 06:00:00,-0.6698145,0.5576186
2014-10-26 07:00:00,-0.9221745,0.47375113
2014-10-26 08:00:00,-0.94411886,0.48232222
2014-10-26 09:00:00,-0.9221745,0.5154903
2014-10-26 10:00:00,-0.98800755,0.53663504
2014-10-26 11:00:00,-0.98800755,0.51004636
2014-10-26 12:00:00,-0.9989797,0.57107604
2014-10-26 13:00:00,-1.0209241,0.7054528
2014-10-26 14:00:00,-0.9989797,0.79047763
2014-10-26 15:00:00,-0.9989797,0.9213727
2014-10-26 16:00:00,-0.98800755,1.0534921
2014-10-26 17:00:00,-1.009952,1.2011322
2014-10-26 18:00:00,-0.9989797,1.2738328
2014-10-26 19:00:00,-0.9112023,1.3430684
2014-10-26 20:00:00,-0.93314666,1.3622992
2014-10-26 21:00:00,-0.93314666,1.3420612
2014-10-26 22:00:00,-0.9660632,1.2084087
2014-10-26 23:00:00,-0.9989797,1.0691068
2014-10-27 00:00:00,-0.98800755,0.9731091
2014-10-27 01:00:00,-0.9989797,0.9131387
2014-10-27 02:00:00,-0.9660632,0.80565083
2014-10-27 03:00:00,-0.9989797,0.60084707
2014-10-27 04:00:00,-0.955091,0.41694176
2014-10-27 05:00:00,-0.94411886,0.20088744
2014-10-27 06:00:00,-0.9660632,-0.17066371
2014-10-27 07:00:00,-0.83439714,-0.36649126
2014-10-27 08:00:00,-0.8453693,-0.43635535
2014-10-27 09:00:00,-0.7575919,-0.42372948
2014-10-27 10:00:00,-0.47231543,-0.5150525
2014-10-27 11:00:00,-0.62592584,-0.5692132
2014-10-27 12:00:00,-0.7137032,-0.63457257
2014-10-27 13:00:00,-0.7575919,-0.6203858
2014-10-27 14:00:00,-0.7685641,-0.64550763
2014-10-27 15:00:00,-0.82342494,-0.63857126
2014-10-27 16:00:00,-0.73564756,-0.576859
2014-10-27 17:00:00,-0.6698145,-0.48620003
2014-10-27 18:00:00,-0.6588424,-0.44958252
2014-10-27 19:00:00,-0.4393989,-0.43088293
2014-10-27 20:00:00,-0.35162154,-0.3667097
2014-10-27 21:00:00,-0.47231543,-0.3326667
2014-10-27 22:00:00,-0.53814846,-0.34582376
2014-10-27 23:00:00,-0.8124528,-0.38713205
2014-10-28 00:00:00,-0.54912066,-0.3888182
2014-10-28 01:00:00,-0.63689804,-0.38888234
2014-10-28 02:00:00,-0.62592584,-0.4071617
2014-10-28 03:00:00,-0.2857885,-0.39831024
2014-10-28 04:00:00,-0.14315026,-0.349638
2014-10-28 05:00:00,-0.24189982,-0.32358074
2014-10-28 06:00:00,-0.252872,-0.32625777
2014-10-28 07:00:00,-0.09926157,-0.30731183
2014-10-28 08:00:00,-0.011484189,-0.2575242
2014-10-28 09:00:00,-0.088289395,-0.19668669
2014-10-28 10:00:00,-0.18703894,-0.12250167
2014-10-28 11:00:00,-0.06634505,-0.11471373
2014-10-28 12:00:00,-0.11023374,-0.121720254
2014-10-28 13:00:00,-0.35162154,-0.12901598
2014-10-28 14:00:00,-0.4393989,-0.16836125
2014-10-28 15:00:00,-0.5162041,-0.20916879
2014-10-28 16:00:00,-0.53814846,-0.19479162
2014-10-28 17:00:00,-0.5271763,-0.14806157
2014-10-28 18:00:00,-0.53814846,-0.13732117
2014-10-28 19:00:00,-0.58203715,-0.09267181
2014-10-28 20:00:00,-0.58203715,0.0013830066
2014-10-28 21:00:00,-0.4503711,-0.025784373
2014-10-28 22:00:00,-0.4503711,-0.045580447
2014-10-28 23:00:00,-0.2857885,-0.14285558
2014-10-29 00:00:00,-0.07731722,-0.12547219
2014-10-29 01:00:00,0.010460156,-0.13912386
2014-10-29 02:00:00,0.12018188,-0.088641346
2014-10-29 03:00:00,0.4274027,-0.0010736585
2014-10-29 04:00:00,0.31768098,0.18194827
2014-10-29 05:00:00,0.29573664,0.24205238
2014-10-29 06:00:00,0.1530984,0.24905202
2014-10-29 07:00:00,-0.022456361,0.24948233
2014-10-29 08:00:00,0.021432329,0.3556049
2014-10-29 09:00:00,0.06532102,0.3508537
2014-10-29 10:00:00,0.12018188,0.2975845
2014-10-29 11:00:00,0.06532102,0.29448086
2014-10-29 12:00:00,0.054348845,0.33547917
2014-10-29 13:00:00,0.087265365,0.27454722
2014-10-29 14:00:00,0.07629319,0.11785939
2014-10-29 15:00:00,0.14212623,0.061210155
2014-10-29 16:00:00,0.28476447,0.03868687
2014-10-29 17:00:00,0.44934705,0.006385684
2014-10-29 18:00:00,0.635874,-0.04938191
2014-10-29 19:00:00,0.76754004,-0.0914188
2014-10-29 20:00:00,0.83337307,-0.04837954
2014-10-29 21:00:00,0.9101783,-0.0011826158
2014-10-29 22:00:00,1.0199001,0.012033582
2014-10-29 23:00:00,1.2612878,0.037684143
2014-10-30 00:00:00,1.2612878,0.12460476
2014-10-30 01:00:00,1.206427,0.18823892
2014-10-30 02:00:00,1.2503157,0.24870187
2014-10-30 03:00:00,1.2503157,0.37430432
2014-10-30 04:00:00,1.8867017,0.45686567
2014-10-30 05:00:00,1.0747609,0.5408304
2014-10-30 06:00:00,0.83337307,0.4482439
2014-10-30 07:00:00,0.6468462,0.35400227
2014-10-30 08:00:00,0.635874,0.3108607
2014-10-30 09:00:00,0.40545836,0.27338883
2014-10-30 10:00:00,0.6139296,0.24769521
2014-10-30 11:00:00,0.6687905,0.18735087
2014-10-30 12:00:00,0.69073486,0.16317254
2014-10-30 13:00:00,0.8553174,0.16539395
2014-10-30 14:00:00,0.87726176,0.10784793
2014-10-30 15:00:00,0.8662896,0.10072905
2014-10-30 16:00:00,0.8992061,0.14527154
2014-10-30 17:00:00,1.0089278,0.20567212
2014-10-30 18:00:00,1.085733,0.28896764
2014-10-30 19:00:00,1.1844826,0.36487457
2014-10-30 20:00:00,1.2283713,0.44294617
2014-10-30 21:00:00,1.0199001,0.52086776
2014-10-30 22:00:00,1.1515661,0.6067579
2014-10-30 23:00:00,1.1625383,0.7394287
2014-10-31 00:00:00,1.2283713,0.82164156
2014-10-31 01:00:00,1.27226,0.8126923
2014-10-31 02:00:00,1.4478147,0.810905
2014-10-31 03:00:00,1.3490652,0.8332881
2014-10-31 04:00:00,1.4148983,1.0322021
2014-10-31 05:00:00,1.1625383,0.85838544
2014-10-31 06:00:00,1.0308722,0.6410154
2014-10-31 07:00:00,1.2173991,0.34426633
2014-10-31 08:00:00,1.3710096,0.32365525
2014-10-31 09:00:00,0.7565679,0.16152197
2014-10-31 10:00:00,0.48226357,0.18074697
2014-10-31 11:00:00,0.5480966,0.083194435
2014-10-31 12:00:00,0.48226357,0.16564351
2014-10-31 13:00:00,0.4712914,0.1680392
2014-10-31 14:00:00,0.4712914,0.18741351
2014-10-31 15:00:00,0.49323574,0.15057707
2014-10-31 16:00:00,0.57004094,0.21904951
2014-10-31 17:00:00,0.7126792,0.31384993
2014-10-31 18:00:00,0.83337307,0.4000864
2014-10-31 19:00:00,1.1954548,0.4927477
2014-10-31 20:00:00,1.3600373,0.5620922
2014-10-31 21:00:00,1.0967052,0.52975345
2014-10-31 22:00:00,0.9650392,0.55219436
2014-10-31 23:00:00,0.9211505,0.57573473
2014-11-01 00:00:00,0.87726176,0.5972742
2014-11-01 01:00:00,0.97601134,0.53001857
2014-11-01 02:00:00,1.2612878,0.59232384
2014-11-01 03:00:00,0.87726176,0.5651418
2014-11-01 04:00:00,-0.2089833,0.65611017
2014-11-01 05:00:00,-0.24189982,0.52104783
2014-11-01 06:00:00,-0.83439714,0.43540543
2014-11-01 07:00:00,-0.8124528,0.36322564
2014-11-01 08:00:00,-0.77953625,0.4494497
2014-11-01 09:00:00,-0.8563415,0.24059147
2014-11-01 10:00:00,-0.94411886,0.016646862
2014-11-01 11:00:00,-0.97703534,-0.08297402
2014-11-01 12:00:00,-0.9660632,-0.02407527
2014-11-01 13:00:00,-0.97703534,-0.042501092
2014-11-01 14:00:00,-0.955091,-0.076413095
2014-11-01 15:00:00,-0.9660632,-0.11457127
2014-11-01 16:00:00,-0.9989797,-0.038592458
2014-11-01 17:00:00,-0.98800755,0.0059049726
2014-11-01 18:00:00,-0.98800755,0.07964915
2014-11-01 19:00:00,-0.93314666,0.24976492
2014-11-01 20:00:00,-0.90023017,0.4887485
2014-11-01 21:00:00,-0.90023017,0.5470758
2014-11-01 22:00:00,-0.94411886,0.39688236
2014-11-01 23:00:00,-0.9221745,0.33946228
2014-11-02 00:00:00,-0.98800755,0.28437483
2014-11-02 01:00:00,-0.9989797,0.28535873
2014-11-02 02:00:00,-1.0318962,0.3365016
2014-11-02 03:00:00,-1.009952,0.23445159
2014-11-02 04:00:00,-1.0318962,-0.13114327
2014-11-02 05:00:00,-1.0648128,-0.31553817
2014-11-02 06:00:00,-1.0757849,-0.4598176
2014-11-02 07:00:00,-1.009952,-0.46997732
2014-11-02 08:00:00,-1.009952,-0.45679885
2014-11-02 09:00:00,-1.0209241,-0.45647162
2014-11-02 10:00:00,-1.0318962,-0.5526468
2014-11-02 11:00:00,-1.009952,-0.53174764
2014-11-02 12:00:00,-1.0318962,-0.5698871
2014-11-02 13:00:00,-0.9989797,-0.5380395
2014-11-02 14:00:00,-1.009952,-0.5628265
2014-11-02 15:00:00,-1.0209241,-0.5263291
2014-11-02 16:00:00,-0.98800755,-0.5148029
2014-11-02 17:00:00,-0.98800755,-0.56332344
2014-11-02 18:00:00,-0.97703534,-0.53548306
2014-11-02 19:00:00,-0.98800755,-0.4907984
2014-11-02 20:00:00,-1.0209241,-0.38378024
2014-11-02 21:00:00,-1.009952,-0.3318591
2014-11-02 22:00:00,-1.0209241,-0.37786156
2014-11-02 23:00:00,-0.98800755,-0.42951393
2014-11-03 00:00:00,-0.9112023,-0.49329692
2014-11-03 01:00:00,-0.8563415,-0.4869687
2014-11-03 02:00:00,-0.79050845,-0.50459635
2014-11-03 03:00:00,-0.79050845,-0.4844855
2014-11-03 04:00:00,-0.8124528,-0.50022745
2014-11-03 05:00:00,-0.82342494,-0.5396932
2014-11-03 06:00:00,-0.8782858,-0.5576424
2014-11-03 07:00:00,-0.97703534,-0.5519238
2014-11-03 08:00:00,-0.79050845,-0.53730977
2014-11-03 09:00:00,-0.6698145,-0.5359014
2014-11-03 10:00:00,-0.6807867,-0.5143207
2014-11-03 11:00:00,-0.94411886,-0.47932696
2014-11-03 12:00:00,-0.97703534,-0.4785462
2014-11-03 13:00:00,-0.90023017,-0.45062703
2014-11-03 14:00:00,-1.009952,-0.46077144
2014-11-03 15:00:00,-0.98800755,-0.43804932
2014-11-03 16:00:00,-0.98800755,-0.41879684
2014-11-03 17:00:00,-0.97703534,-0.40401644
2014-11-03 18:00:00,-0.8453693,-0.39960814
2014-11-03 19:00:00,-0.7246754,-0.37498248
2014-11-03 20:00:00,-0.6588424,-0.349824
2014-11-03 21:00:00,-0.62592584,-0.348808
2014-11-03 22:00:00,-0.571065,-0.3512125
2014-11-03 23:00:00,-0.47231543,-0.3404851
2014-11-04 00:00:00,-0.42842674,-0.32099533
2014-11-04 01:00:00,-0.4393989,-0.28784633
2014-11-04 02:00:00,-0.35162154,-0.19798201
2014-11-04 03:00:00,-0.26384416,-0.15316534
2014-11-04 04:00:00,-0.30773285,-0.128376
2014-11-04 05:00:00,-0.21995547,-0.09227443
2014-11-04 06:00:00,-0.21995547,-0.12068182
2014-11-04 07:00:00,-0.37356588,-0.1452825
2014-11-04 08:00:00,-0.39551023,-0.11667198
2014-11-04 09:00:00,-0.1650946,-0.05421436
2014-11-04 10:00:00,-0.044400707,-0.009433985
2014-11-04 11:00:00,0.09823754,-0.09856635
2014-11-04 12:00:00,0.19698709,-0.14644206
2014-11-04 13:00:00,0.44934705,-0.1370014
2014-11-04 14:00:00,0.6468462,-0.14157957
2014-11-04 15:00:00,0.58101314,-0.16013628
2014-11-04 16:00:00,0.58101314,-0.17592406
2014-11-04 17:00:00,0.57004094,-0.17293727
2014-11-04 18:00:00,0.62490183,-0.12458241
2014-11-04 19:00:00,0.6468462,-0.07935619
2014-11-04 20:00:00,1.0528165,-0.05533892
2014-11-04 21:00:00,1.1844826,-0.010145545
2014-11-04 22:00:00,1.2612878,0.0037594438
2014-11-04 23:00:00,1.7001747,0.0522348
2014-11-05 00:00:00,1.5246199,0.059654176
2014-11-05 01:00:00,1.4478147,0.081300735
2014-11-05 02:00:00,1.206427,0.14908734
2014-11-05 03:00:00,0.9211505,0.1845814
2014-11-05 04:00:00,0.8114287,0.18721354
2014-11-05 05:00:00,0.701707,0.17340478
2014-11-05 06:00:00,0.5151801,0.14481041
2014-11-05 07:00:00,-0.022456361,0.093411505
2014-11-05 08:00:00,0.3944862,0.061555833
2014-11-05 09:00:00,0.40545836,0.0954012
2014-11-05 10:00:00,-0.11023374,0.16064465
2014-11-05 11:00:00,-0.94411886,0.21309161
2014-11-05 12:00:00,-1.009952,0.22002739
2014-11-05 13:00:00,-1.009952,0.323645
2014-11-05 14:00:00,-0.97703534,0.43216646
2014-11-05 15:00:00,-0.9989797,0.47545093
2014-11-05 16:00:00,-1.0318962,0.48674375
2014-11-05 17:00:00,-1.0318962,0.4521328
2014-11-05 18:00:00,-0.98800755,0.5085668
2014-11-05 19:00:00,-0.98800755,0.5263097
2014-11-05 20:00:00,-1.0209241,0.6276519
2014-11-05 21:00:00,-1.0318962,0.7094262
2014-11-05 22:00:00,-1.0428684,0.8023472
2014-11-05 23:00:00,-1.0318962,0.9079067
2014-11-06 00:00:00,-1.0538406,0.9296735
2014-11-06 01:00:00,-1.0428684,0.87932634
2014-11-06 02:00:00,-1.0538406,0.7799505
2014-11-06 03:00:00,-1.0648128,0.5973775
2014-11-06 04:00:00,-1.009952,0.44676188
2014-11-06 05:00:00,-0.9989797,0.36373407
2014-11-06 06:00:00,-1.0209241,0.24138084
2014-11-06 07:00:00,-1.0209241,0.07285023
2014-11-06 08:00:00,-0.9989797,0.053114355
2014-11-06 09:00:00,-0.97703534,0.06280011
2014-11-06 10:00:00,-0.98800755,-0.015706718
2014-11-06 11:00:00,-0.9989797,-0.23512626
2014-11-06 12:00:00,-1.0209241,-0.30593252
2014-11-06 13:00:00,-1.0538406,-0.3031127
2014-11-06 14:00:00,-1.0648128,-0.24144298
2014-11-06 15:00:00,-1.0538406,-0.27799338
2014-11-06 16:00:00,-1.0209241,-0.26622772
2014-11-06 17:00:00,-1.0318962,-0.30695248
2014-11-06 18:00:00,-1.0318962,-0.25640076
2014-11-06 19:00:00,-0.73564756,-0.2744226
2014-11-06 20:00:00,-0.6588424,-0.31485873
2014-11-06 21:00:00,-0.6588424,-0.28724754
2014-11-06 22:00:00,-0.571065,-0.24197471
2014-11-06 23:00:00,-0.6149537,-0.2813853
2014-11-07 00:00:00,-0.6478702,-0.316828
2014-11-07 01:00:00,-0.6149537,-0.2872631
2014-11-07 02:00:00,-0.6039815,-0.29034698
2014-11-07 03:00:00,-0.23092765,-0.34348512
2014-11-07 04:00:00,-0.26384416,-0.3643769
2014-11-07 05:00:00,-0.23092765,-0.3858847
2014-11-07 06:00:00,-0.11023374,-0.4193312
2014-11-07 07:00:00,-0.29676068,-0.43997967
2014-11-07 08:00:00,-0.3296772,-0.4213456
2014-11-07 09:00:00,-0.37356588,-0.3729629
2014-11-07 10:00:00,-0.4503711,-0.38409573
2014-11-07 11:00:00,-0.41745457,-0.41209543
2014-11-07 12:00:00,-0.4393989,-0.44735223
2014-11-07 13:00:00,-0.6478702,-0.4380408
2014-11-07 14:00:00,-0.6807867,-0.4152578
2014-11-07 15:00:00,-0.73564756,-0.41840464
2014-11-07 16:00:00,-0.90023017,-0.38997614
2014-11-07 17:00:00,-0.79050845,-0.36166817
2014-11-07 18:00:00,-0.59300935,-0.31714684
2014-11-07 19:00:00,-0.53814846,-0.25517642
2014-11-07 20:00:00,-0.47231543,-0.1857397
2014-11-07 21:00:00,-0.6917589,-0.14288181
2014-11-07 22:00:00,-0.7137032,-0.073129356
2014-11-07 23:00:00,-0.6478702,-0.047397435
2014-11-08 00:00:00,-0.59300935,-0.019662619
2014-11-08 01:00:00,-0.4832876,0.03215325
2014-11-08 02:00:00,-0.34064937,0.030147284
2014-11-08 03:00:00,-0.23092765,0.1628097
2014-11-08 04:00:00,-0.26384416,0.20083782
2014-11-08 05:00:00,-0.38453805,0.27150726
2014-11-08 06:00:00,-0.34064937,0.2920304
2014-11-08 07:00:00,-0.2857885,0.2563302
2014-11-08 08:00:00,-0.23092765,0.21566957
2014-11-08 09:00:00,-0.24189982,0.20134518
2014-11-08 10:00:00,-0.14315026,0.16252574
2014-11-08 11:00:00,-0.19801112,0.14989275
2014-11-08 12:00:00,-0.2857885,0.13655776
2014-11-08 13:00:00,-0.252872,0.06958172
2014-11-08 14:00:00,-0.17606677,0.02199465
2014-11-08 15:00:00,-0.14315026,0.008552074
2014-11-08 16:00:00,-0.09926157,-0.01956594
2014-11-08 17:00:00,-0.252872,-0.05231476
2014-11-08 18:00:00,-0.2857885,-0.019907892
2014-11-08 19:00:00,-0.17606677,0.0487414
2014-11-08 20:00:00,-0.12120591,0.090895
2014-11-08 21:00:00,-0.06634505,0.079151124
2014-11-08 22:00:00,-0.088289395,0.069102645
2014-11-08 23:00:00,-0.033428535,0.1047447
2014-11-09 00:00:00,-0.088289395,0.16189685
2014-11-09 01:00:00,-0.022456361,0.17352292
2014-11-09 02:00:00,0.17504275,0.19914323
2014-11-09 03:00:00,0.14212623,0.23925972
2014-11-09 04:00:00,0.010460156,0.3022713
2014-11-09 05:00:00,-0.14315026,0.26611876
2014-11-09 06:00:00,-0.505232,0.26364386
2014-11-09 07:00:00,-0.54912066,0.28005657
2014-11-09 08:00:00,-0.63689804,0.32107443
2014-11-09 09:00:00,-0.6807867,0.27239957
2014-11-09 10:00:00,-0.6807867,0.23245499
2014-11-09 11:00:00,-0.6698145,0.23227885
2014-11-09 12:00:00,-0.73564756,0.19089511
2014-11-09 13:00:00,-0.7246754,0.16254458
2014-11-09 14:00:00,-0.6588424,0.18017271
2014-11-09 15:00:00,-0.571065,0.21333492
2014-11-09 16:00:00,-0.6039815,0.218128
2014-11-09 17:00:00,-0.6698145,0.119941294
2014-11-09 18:00:00,-0.6149537,0.06980464
2014-11-09 19:00:00,-0.47231543,0.11449629
2014-11-09 20:00:00,-0.252872,0.1827847
2014-11-09 21:00:00,-0.26384416,0.22319108
2014-11-09 22:00:00,-0.022456361,0.20642117
2014-11-09 23:00:00,0.010460156,0.20558491
2014-11-10 00:00:00,0.043376673,0.21010253
2014-11-10 01:00:00,0.06532102,0.21181399
2014-11-10 02:00:00,0.087265365,0.24548659
2014-11-10 03:00:00,-0.022456361,0.30769718
2014-11-10 04:00:00,-0.23092765,0.31286407
2014-11-10 05:00:00,-0.6149537,0.2216847
2014-11-10 06:00:00,-0.73564756,0.060121596
2014-11-10 07:00:00,-0.6039815,-0.0045431256
2014-11-10 08:00:00,-0.5162041,-0.051427305
2014-11-10 09:00:00,-0.58203715,-0.072484374
2014-11-10 10:00:00,-0.63689804,-0.09814286
2014-11-10 11:00:00,-0.7246754,-0.092176974
2014-11-10 12:00:00,-0.6807867,-0.1479789
2014-11-10 13:00:00,-0.6478702,-0.14764619
2014-11-10 14:00:00,-0.4832876,-0.12790263
2014-11-10 15:00:00,-0.4503711,-0.058128178
2014-11-10 16:00:00,-0.35162154,-0.055764854
2014-11-10 17:00:00,-0.23092765,-0.0727455
2014-11-10 18:00:00,-0.23092765,-0.08207053
2014-11-10 19:00:00,0.12018188,-0.02984041
2014-11-10 20:00:00,0.5151801,0.08238888
2014-11-10 21:00:00,0.58101314,0.14205268
2014-11-10 22:00:00,0.49323574,0.21040839
2014-11-10 23:00:00,0.4712914,0.27279538
2014-11-11 00:00:00,0.48226357,0.3475744
2014-11-11 01:00:00,1.0967052,0.28622013
2014-11-11 02:00:00,1.5246199,0.3112231
2014-11-11 03:00:00,0.93212265,0.29515153
2014-11-11 04:00:00,0.69073486,0.24817225
2014-11-11 05:00:00,-0.79050845,0.0075766444
2014-11-11 06:00:00,-0.9660632,-0.13314825
2014-11-11 07:00:00,-0.9989797,-0.15711254
2014-11-11 08:00:00,-0.9989797,-0.14021271
2014-11-11 09:00:00,-0.97703534,-0.17571706
2014-11-11 10:00:00,-0.93314666,-0.20877194
2014-11-11 11:00:00,-0.955091,-0.2599088
2014-11-11 12:00:00,-0.94411886,-0.25211853
2014-11-11 13:00:00,-0.9112023,-0.22243762
2014-11-11 14:00:00,-0.90023017,-0.17336833
2014-11-11 15:00:00,-0.9221745,-0.10492122
2014-11-11 16:00:00,-0.97703534,-0.0024693608
2014-11-11 17:00:00,-1.0209241,0.047948748
2014-11-11 18:00:00,-0.9989797,0.07728547
2014-11-11 19:00:00,-0.955091,0.21074256
2014-11-11 20:00:00,-0.9221745,0.4459552
2014-11-11 21:00:00,-1.009952,0.5801539
2014-11-11 22:00:00,-0.88925797,0.6288206
2014-11-11 23:00:00,-1.009952,0.63955593
2014-11-12 00:00:00,-0.9989797,0.62993073
2014-11-12 01:00:00,-1.0428684,0.86500484
2014-11-12 02:00:00,-1.0757849,1.1011435
2014-11-12 03:00:00,-1.0757849,1.0494578
2014-11-12 04:00:00,-1.0648128,0.8326233
2014-11-12 05:00:00,-1.0648128,0.1392855
2014-11-12 06:00:00,-1.0318962,-0.14303261
2014-11-12 07:00:00,-1.0538406,-0.27416593
2014-11-12 08:00:00,-1.0538406,-0.22305685
2014-11-12 09:00:00,-1.0428684,-0.26409155
2014-11-12 10:00:00,-1.0318962,-0.25604433
2014-11-12 11:00:00,-1.0318962,-0.3376217
2014-11-12 12:00:00,-1.0428684,-0.3126065
2014-11-12 13:00:00,-1.0538406,-0.32372695
2014-11-12 14:00:00,-1.0318962,-0.2821061
2014-11-12 15:00:00,-1.0428684,-0.23032469
2014-11-12 16:00:00,-1.0648128,-0.1899311
2014-11-12 17:00:00,-1.0428684,-0.23621011
2014-11-12 18:00:00,-1.0209241,-0.2619574
2014-11-12 19:00:00,-0.9989797,-0.19633925
2014-11-12 20:00:00,-0.97703534,-0.13251907
2014-11-12 21:00:00,-0.9660632,-0.095603526
2014-11-12 22:00:00,-0.93314666,-0.07718742
2014-11-12 23:00:00,-0.9112023,-0.17597467
2014-11-13 00:00:00,-0.9660632,-0.21877992
2014-11-13 01:00:00,-0.97703534,-0.26735288
2014-11-13 02:00:00,-0.9660632,-0.22266293
2014-11-13 03:00:00,-0.9660632,-0.19822472
2014-11-13 04:00:00,-0.97703534,-0.22968304
2014-11-13 05:00:00,-0.955091,-0.3387552
2014-11-13 06:00:00,-0.93314666,-0.3907959
2014-11-13 07:00:00,-0.8673136,-0.43893707
2014-11-13 08:00:00,-0.8673136,-0.432684
2014-11-13 09:00:00,-0.6588424,-0.4306957
2014-11-13 10:00:00,-0.6588424,-0.4311099
2014-11-13 11:00:00,-0.8782858,-0.4016115
2014-11-13 12:00:00,-0.9221745,-0.37690663
2014-11-13 13:00:00,-0.8124528,-0.40211135
2014-11-13 14:00:00,-0.82342494,-0.38213205
2014-11-13 15:00:00,-0.82342494,-0.37041932
2014-11-13 16:00:00,-0.7137032,-0.33100063
2014-11-13 17:00:00,-0.73564756,-0.31913066
2014-11-13 18:00:00,-0.7575919,-0.29769856
2014-11-13 19:00:00,-0.7685641,-0.25995708
2014-11-13 20:00:00,-0.73564756,-0.25373185
2014-11-13 21:00:00,-0.6039815,-0.23649085
2014-11-13 22:00:00,-0.5162041,-0.24132717
2014-11-13 23:00:00,-0.6149537,-0.25154507
2014-11-14 00:00:00,-0.62592584,-0.28050965
2014-11-14 01:00:00,-0.5271763,-0.2939002
2014-11-14 02:00:00,-0.5271763,-0.25787455
2014-11-14 03:00:00,-0.5271763,-0.18628252
2014-11-14 04:00:00,-0.505232,-0.12970412
2014-11-14 05:00:00,-0.5271763,-0.10339564
2014-11-14 06:00:00,-0.5600928,-0.07605517
2014-11-14 07:00:00,-0.5600928,-0.053037763
2014-11-14 08:00:00,-0.6588424,-0.047234952
2014-11-14 09:00:00,-0.6478702,0.02639708
2014-11-14 10:00:00,-0.83439714,0.06007284
2014-11-14 11:00:00,-0.7685641,0.01688984
2014-11-14 12:00:00,-0.8673136,-0.04137814
2014-11-14 13:00:00,-0.8563415,-0.016738415
2014-11-14 14:00:00,-0.8782858,0.0012033582
2014-11-14 15:00:00,-0.8673136,-0.009516001
2014-11-14 16:00:00,-0.8673136,-0.033549428
2014-11-14 17:00:00,-0.82342494,-0.01398921
2014-11-14 18:00:00,-0.74661976,-0.00852412
2014-11-14 19:00:00,-0.7137032,-0.020804584
2014-11-14 20:00:00,-0.54912066,-0.009417534
2014-11-14 21:00:00,-0.2857885,0.05177149
2014-11-14 22:00:00,-0.39551023,0.1231519
2014-11-14 23:00:00,-0.11023374,0.09014583
2014-11-15 00:00:00,0.41643053,0.06799105
2014-11-15 01:00:00,0.8992061,0.08724442
2014-11-15 02:00:00,1.206427,0.11725697
2014-11-15 03:00:00,1.1844826,0.12593105
2014-11-15 04:00:00,0.57004094,0.103088945
2014-11-15 05:00:00,0.24087578,0.08865279
2014-11-15 06:00:00,-0.14315026,0.09544009
2014-11-15 07:00:00,-0.41745457,0.08311105
2014-11-15 08:00:00,-0.5271763,0.025069475
2014-11-15 09:00:00,-0.5271763,0.023005962
2014-11-15 10:00:00,-0.4503711,-0.0098749995
2014-11-15 11:00:00,-0.044400707,-0.014074445
2014-11-15 12:00:00,0.3067088,-0.07624686
2014-11-15 13:00:00,0.44934705,-0.07004744
2014-11-15 14:00:00,0.73462355,-0.06522721
2014-11-15 15:00:00,1.1625383,-0.03999108
2014-11-15 16:00:00,1.3929539,-0.063247085
2014-11-15 17:00:00,1.6014252,-0.010371447
2014-11-15 18:00:00,1.4258704,0.0028409958
2014-11-15 19:00:00,1.5246199,0.02910757
2014-11-15 20:00:00,1.5136478,0.064730436
2014-11-15 21:00:00,1.6453139,0.19095376
2014-11-15 22:00:00,1.7660078,0.25638017
2014-11-15 23:00:00,2.0073955,0.34203374
2014-11-16 00:00:00,1.8976738,0.56006074
2014-11-16 01:00:00,1.9854512,0.87427604
2014-11-16 02:00:00,1.2942044,1.1311219
2014-11-16 03:00:00,1.338093,1.2347758
2014-11-16 04:00:00,1.1625383,1.1185291
2014-11-16 05:00:00,2.237811,0.9395134
2014-11-16 06:00:00,2.1829503,0.63036704
2014-11-16 07:00:00,2.0183678,0.37359148
2014-11-16 08:00:00,1.8208686,0.14431673
2014-11-16 09:00:00,1.711147,0.091840744
2014-11-16 10:00:00,-0.23092765,0.045202494
2014-11-16 11:00:00,-0.6807867,0.097316384
2014-11-16 12:00:00,-0.8563415,0.17007077
2014-11-16 13:00:00,-0.93314666,0.28592232
2014-11-16 14:00:00,-0.8673136,0.38779992
2014-11-16 15:00:00,-0.90023017,0.6061993
2014-11-16 16:00:00,-0.88925797,0.8289707
2014-11-16 17:00:00,-0.9221745,1.0228039
2014-11-16 18:00:00,-0.9112023,1.0847629
2014-11-16 19:00:00,-0.93314666,1.157371
2014-11-16 20:00:00,-0.83439714,1.1906363
2014-11-16 21:00:00,-0.9660632,1.2605217
2014-11-16 22:00:00,-0.88925797,1.2329116
2014-11-16 23:00:00,-0.955091,1.2547271
2014-11-17 00:00:00,-0.9660632,1.2447294
2014-11-17 01:00:00,-0.955091,1.3194594
2014-11-17 02:00:00,-0.9660632,1.1285014
2014-11-17 03:00:00,-0.955091,1.0346824
2014-11-17 04:00:00,-0.97703534,0.8239287
2014-11-17 05:00:00,-0.97703534,1.021777
2014-11-17 06:00:00,-0.9989797,0.9794403
2014-11-17 07:00:00,-0.97703534,0.9703267
2014-11-17 08:00:00,-0.9112023,0.7409042
2014-11-17 09:00:00,-0.88925797,0.7420732
2014-11-17 10:00:00,-0.88925797,0.2171644
2014-11-17 11:00:00,-0.9221745,-0.037094474
2014-11-17 12:00:00,-0.94411886,-0.2229296
2014-11-17 13:00:00,-0.93314666,-0.16118515
2014-11-17 14:00:00,-0.93314666,-0.19461626
2014-11-17 15:00:00,-1.009952,-0.16484869
2014-11-17 16:00:00,-0.955091,-0.18822783
2014-11-17 17:00:00,-0.9221745,-0.11541897
2014-11-17 18:00:00,-0.8014806,-0.12602603
2014-11-17 19:00:00,-0.58203715,-0.11667639
2014-11-17 20:00:00,-0.505232,-0.14037246
2014-11-17 21:00:00,-0.41745457,-0.12350607
2014-11-17 22:00:00,-0.37356588,-0.16668653
2014-11-17 23:00:00,-0.30773285,-0.26923507
2014-11-18 00:00:00,-0.2089833,-0.28702646
2014-11-18 01:00:00,0.41643053,-0.2747017
2014-11-18 02:00:00,0.22990361,-0.30210686
2014-11-18 03:00:00,-0.24189982,-0.37119198
2014-11-18 04:00:00,-0.24189982,-0.4266407
2014-11-18 05:00:00,-0.4064824,-0.39219427
2014-11-18 06:00:00,-0.6039815,-0.366297
2014-11-18 07:00:00,-0.6698145,-0.30623055
2014-11-18 08:00:00,-0.6588424,-0.28166503
2014-11-18 09:00:00,-0.63689804,-0.19965637
2014-11-18 10:00:00,-0.6478702,-0.25227052
2014-11-18 11:00:00,-0.5162041,-0.3102424
2014-11-18 12:00:00,-0.5271763,-0.32824188
2014-11-18 13:00:00,-0.42842674,-0.2854433
2014-11-18 14:00:00,-0.4503711,-0.28227848
2014-11-18 15:00:00,-0.5162041,-0.3135622
2014-11-18 16:00:00,-0.4503711,-0.29099852
2014-11-18 17:00:00,-0.4064824,-0.22488153
2014-11-18 18:00:00,-0.15412243,-0.23570216
2014-11-18 19:00:00,0.06532102,-0.1960752
2014-11-18 20:00:00,0.3944862,-0.12712598
2014-11-18 21:00:00,0.635874,0.0022971034
2014-11-18 22:00:00,0.97601134,0.06255928
2014-11-18 23:00:00,1.1296217,0.13747439
2014-11-19 00:00:00,1.3271209,0.26233554
2014-11-19 01:00:00,1.7221191,0.57155496
2014-11-19 02:00:00,2.5560043,0.67926294
2014-11-19 03:00:00,2.9729466,0.49032006
2014-11-19 04:00:00,2.7864199,0.23405766
2014-11-19 05:00:00,1.8976738,0.11202425
2014-11-19 06:00:00,1.7001747,0.03216684
2014-11-19 07:00:00,0.7126792,-0.052464426
2014-11-19 08:00:00,1.0747609,-0.079756856
2014-11-19 09:00:00,1.9196181,-0.01927054
2014-11-19 10:00:00,2.4133658,-0.0050219297
2014-11-19 11:00:00,2.0183678,-0.009077311
2014-11-19 12:00:00,2.6986425,-0.03450924
2014-11-19 13:00:00,2.3146164,0.032599747
2014-11-19 14:00:00,2.983919,0.10454479
2014-11-19 15:00:00,3.2801676,0.08556852
2014-11-19 16:00:00,2.9619746,0.07200137
2014-11-19 17:00:00,2.4901712,0.12628353
2014-11-19 18:00:00,2.6986425,0.22657883
2014-11-19 19:00:00,2.7535033,0.34939027
2014-11-19 20:00:00,2.8741972,0.5201804
2014-11-19 21:00:00,3.2253067,0.68718016
2014-11-19 22:00:00,3.3898892,0.92697334
2014-11-19 23:00:00,3.115585,1.0697099
2014-11-20 00:00:00,3.2143345,1.2342882
2014-11-20 01:00:00,3.0716963,1.4127805
2014-11-20 02:00:00,2.5230877,1.6968496
2014-11-20 03:00:00,2.4572546,1.8040721
2014-11-20 04:00:00,2.5669763,1.8302162
2014-11-20 05:00:00,2.5669763,1.7150433
2014-11-20 06:00:00,2.9400303,1.533706
2014-11-20 07:00:00,2.852253,1.1269693
2014-11-20 08:00:00,2.4572546,0.9246349
2014-11-20 09:00:00,2.1829503,0.88688475
2014-11-20 10:00:00,2.2487833,1.0144402
2014-11-20 11:00:00,2.0842009,0.92660445
2014-11-20 12:00:00,2.347533,0.9989259
2014-11-20 13:00:00,2.358505,0.92740434
2014-11-20 14:00:00,2.2597556,1.0928702
2014-11-20 15:00:00,2.1061451,1.0558727
2014-11-20 16:00:00,2.358505,1.0827112
2014-11-20 17:00:00,2.545032,0.9320379
2014-11-20 18:00:00,2.6547537,0.96829015
2014-11-20 19:00:00,2.610865,0.94066995
2014-11-20 20:00:00,3.0168355,1.0907439
2014-11-20 21:00:00,2.9425623,1.0935732
2014-11-20 22:00:00,2.868289,1.1760509
2014-11-20 23:00:00,2.794016,1.1537658
2014-11-21 00:00:00,2.7197428,1.1305532
2014-11-21 01:00:00,2.6454697,1.0377897
2014-11-21 02:00:00,2.5711963,0.96506494
2014-11-21 03:00:00,2.4969232,0.92109454
2014-11-21 04:00:00,2.42265,0.9272144
2014-11-21 05:00:00,2.348377,0.8849106
2014-11-21 06:00:00,2.2741036,0.9313017
2014-11-21 07:00:00,2.1998305,0.8709373
2014-11-21 08:00:00,2.1255574,0.7859818
2014-11-21 09:00:00,2.0512843,0.69321525
2014-11-21 10:00:00,0.8443453,0.71789676
2014-11-21 11:00:00,0.36156967,0.6520431
2014-11-21 12:00:00,-0.07731722,0.67196035
2014-11-21 13:00:00,-0.19801112,0.7003228
2014-11-21 14:00:00,-0.15412243,0.8342044
2014-11-21 15:00:00,-0.13217808,0.8016498
2014-11-21 16:00:00,-0.73564756,0.9505094
2014-11-21 17:00:00,-0.9221745,1.0134975
2014-11-21 18:00:00,-0.88925797,1.2051572
2014-11-21 19:00:00,-0.8563415,1.2391112
2014-11-21 20:00:00,-0.7575919,1.40864
2014-11-21 21:00:00,-0.6917589,1.4444274
2014-11-21 22:00:00,-0.6807867,1.5177621
2014-11-21 23:00:00,-0.7685641,1.4336286
2014-11-22 00:00:00,-0.9112023,1.4221889
2014-11-22 01:00:00,-0.9989797,1.3213682
2014-11-22 02:00:00,-0.9989797,1.2577235
2014-11-22 03:00:00,-0.9660632,1.1341693
2014-11-22 04:00:00,-1.009952,1.079334
2014-11-22 05:00:00,-0.98800755,1.1197451
2014-11-22 06:00:00,-0.955091,1.1779236
2014-11-22 07:00:00,-0.93314666,1.1382827
2014-11-22 08:00:00,-0.77953625,1.0014961
2014-11-22 09:00:00,-0.7575919,1.001645
2014-11-22 10:00:00,-0.6917589,0.609792
2014-11-22 11:00:00,-0.7027311,0.23861796
2014-11-22 12:00:00,-0.7575919,-0.06526667
2014-11-22 13:00:00,-0.8124528,-0.14134842
2014-11-22 14:00:00,-0.79050845,-0.20500332
2014-11-22 15:00:00,-0.8124528,-0.18473649
2014-11-22 16:00:00,-0.6807867,-0.34281087
2014-11-22 17:00:00,-0.571065,-0.42909282
2014-11-22 18:00:00,-0.38453805,-0.49627918
2014-11-22 19:00:00,-0.23092765,-0.49905008
2014-11-22 20:00:00,0.010460156,-0.48744524
2014-11-22 21:00:00,0.25184795,-0.45418054
2014-11-22 22:00:00,0.5042079,-0.45676708
2014-11-22 23:00:00,0.29573664,-0.4530394
2014-11-23 00:00:00,0.07629319,-0.44223094
2014-11-23 01:00:00,0.06532102,-0.42446786
2014-11-23 02:00:00,0.17504275,-0.3872459
2014-11-23 03:00:00,-0.0005120168,-0.37056935
2014-11-23 04:00:00,-0.09926157,-0.35837615
2014-11-23 05:00:00,-0.09926157,-0.41492838
2014-11-23 06:00:00,-0.011484189,-0.42075634
2014-11-23 07:00:00,0.10920971,-0.38478613
2014-11-23 08:00:00,0.12018188,-0.27839166
2014-11-23 09:00:00,0.14212623,-0.23226571
2014-11-23 10:00:00,0.010460156,-0.1883223
2014-11-23 11:00:00,0.010460156,-0.18427068
2014-11-23 12:00:00,0.12018188,-0.19964963
2014-11-23 13:00:00,0.1530984,-0.20760721
2014-11-23 14:00:00,0.20795926,-0.16373247
2014-11-23 15:00:00,0.44934705,-0.13697523
2014-11-23 16:00:00,0.53712445,-0.10126275
2014-11-23 17:00:00,0.37254184,-0.06786132
2014-11-23 18:00:00,0.4712914,-0.022847235
2014-11-23 19:00:00,0.8114287,0.008109719
2014-11-23 20:00:00,0.8992061,0.12844941
2014-11-23 21:00:00,0.88823396,0.2940104
2014-11-23 22:00:00,0.94309485,0.52013135
2014-11-23 23:00:00,1.0199001,0.6004576
2014-11-24 00:00:00,1.5355921,0.50123405
2014-11-24 01:00:00,2.0732286,0.41428402
2014-11-24 02:00:00,1.9964234,0.4385629
2014-11-24 03:00:00,0.9650392,0.34116483
2014-11-24 04:00:00,0.8224009,0.20983303
2014-11-24 05:00:00,0.5480966,0.102751076
2014-11-24 06:00:00,0.17504275,0.11393967
2014-11-24 07:00:00,-0.0005120168,0.13142604
2014-11-24 08:00:00,-0.63689804,0.15907842
2014-11-24 09:00:00,-0.6478702,0.17191851
2014-11-24 10:00:00,-0.7685641,0.17692891
2014-11-24 11:00:00,-0.79050845,0.19006929
2014-11-24 12:00:00,-0.88925797,0.17630732
2014-11-24 13:00:00,-0.8563415,0.19118091
2014-11-24 14:00:00,-0.8563415,0.24219185
2014-11-24 15:00:00,-0.8563415,0.3697432
2014-11-24 16:00:00,-0.7575919,0.44066665
2014-11-24 17:00:00,-0.7575919,0.43830797
2014-11-24 18:00:00,-0.6149537,0.4195077
2014-11-24 19:00:00,-0.59300935,0.52302074
2014-11-24 20:00:00,-0.41745457,0.6678333
2014-11-24 21:00:00,-0.21995547,0.75021285
2014-11-24 22:00:00,0.31768098,0.79531944
2014-11-24 23:00:00,0.19698709,0.82812893
2014-11-25 00:00:00,-0.11023374,1.0368085
2014-11-25 01:00:00,-0.24189982,1.2510618
2014-11-25 02:00:00,-0.15412243,1.3532159
2014-11-25 03:00:00,0.12018188,1.0446415
2014-11-25 04:00:00,0.48226357,0.7781894
2014-11-25 05:00:00,0.22990361,0.5011716
2014-11-25 06:00:00,0.13115406,0.34215403
2014-11-25 07:00:00,0.12018188,0.13001364
2014-11-25 08:00:00,0.5042079,-0.031526208
2014-11-25 09:00:00,0.6468462,-0.12082565
2014-11-25 10:00:00,0.5590688,-0.1365388
2014-11-25 11:00:00,0.4712914,-0.17455387
2014-11-25 12:00:00,0.62490183,-0.26118082
2014-11-25 13:00:00,0.8114287,-0.25727463
2014-11-25 14:00:00,1.085733,-0.2267201
2014-11-25 15:00:00,1.0089278,-0.19998461
2014-11-25 16:00:00,0.97601134,-0.2099337
2014-11-25 17:00:00,0.6468462,-0.16463053
2014-11-25 18:00:00,1.1515661,-0.11575061
2014-11-25 19:00:00,1.4258704,-0.06836057
2014-11-25 20:00:00,1.9744791,0.016637981
2014-11-25 21:00:00,1.8208686,0.105472565
2014-11-25 22:00:00,2.3146164,0.30454546
2014-11-25 23:00:00,2.6547537,0.37689176
2014-11-26 00:00:00,2.4462824,0.40296805
2014-11-26 01:00:00,2.1829503,0.32828802
2014-11-26 02:00:00,2.0073955,0.4071488
2014-11-26 03:00:00,1.7330912,0.48230195
2014-11-26 04:00:00,1.5246199,0.65759027
2014-11-26 05:00:00,1.4917034,0.50357497
2014-11-26 06:00:00,1.5465643,0.4549639
2014-11-26 07:00:00,1.3819817,0.30462557
2014-11-26 08:00:00,1.2612878,0.43053544
2014-11-26 09:00:00,1.1076775,0.48169708
2014-11-26 10:00:00,1.1076775,0.5404891
2014-11-26 11:00:00,1.4697591,0.436139
2014-11-26 12:00:00,1.5465643,0.4646795
2014-11-26 13:00:00,1.6453139,0.48662403
2014-11-26 14:00:00,1.7440634,0.6530531
2014-11-26 15:00:00,2.0732286,0.65342575
2014-11-26 16:00:00,2.5230877,0.7385817
2014-11-26 17:00:00,2.742531,0.6094304
2014-11-26 18:00:00,2.742531,0.68458086
2014-11-26 19:00:00,3.1594737,0.764652
2014-11-26 20:00:00,3.060724,1.0518479
2014-11-26 21:00:00,3.686138,1.0758147
2014-11-26 22:00:00,4.410301,1.2684757
2014-11-26 23:00:00,4.629745,1.3212059
2014-11-27 00:00:00,4.0591917,1.3722075
2014-11-27 01:00:00,3.7190545,1.1826224
2014-11-27 02:00:00,2.8741972,1.0486295
2014-11-27 03:00:00,0.83337307,0.8282676
2014-11-27 04:00:00,-0.022456361,0.77540034
2014-11-27 05:00:00,-0.83439714,0.6268184
2014-11-27 06:00:00,-0.8782858,0.5749922
2014-11-27 07:00:00,-0.97703534,0.53576964
2014-11-27 08:00:00,-0.97703534,0.50497675
2014-11-27 09:00:00,-0.94411886,0.4339126
2014-11-27 10:00:00,-0.94411886,0.35533231
2014-11-27 11:00:00,-0.9221745,0.3828271
2014-11-27 12:00:00,-0.955091,0.4248595
2014-11-27 13:00:00,-0.955091,0.4938733
2014-11-27 14:00:00,-0.94411886,0.5661065
2014-11-27 15:00:00,-0.90023017,0.70520955
2014-11-27 16:00:00,-0.9112023,0.94083357
2014-11-27 17:00:00,-0.9221745,1.1068184
2014-11-27 18:00:00,-0.8782858,1.1659399
2014-11-27 19:00:00,-0.7685641,1.3027377
2014-11-27 20:00:00,-0.83439714,1.3812419
2014-11-27 21:00:00,-0.7246754,1.4976457
2014-11-27 22:00:00,-0.6917589,1.6057901
2014-11-27 23:00:00,-0.6698145,1.7413273
2014-11-28 00:00:00,-0.7246754,1.7491
2014-11-28 01:00:00,-0.6698145,1.6148322
2014-11-28 02:00:00,-0.5600928,1.3321726
2014-11-28 03:00:00,-0.53814846,0.8112159
2014-11-28 04:00:00,-0.5271763,0.30169952
2014-11-28 05:00:00,-0.3296772,-0.011375368
2014-11-28 06:00:00,-0.18703894,-0.10189694
2014-11-28 07:00:00,-0.088289395,-0.14091605
2014-11-28 08:00:00,-0.05537288,-0.19527549
2014-11-28 09:00:00,-0.18703894,-0.28513736
2014-11-28 10:00:00,-0.37356588,-0.348477
2014-11-28 11:00:00,-0.37356588,-0.44543946
2014-11-28 12:00:00,-0.252872,-0.51800686
2014-11-28 13:00:00,-0.2857885,-0.5708852
2014-11-28 14:00:00,-0.3296772,-0.49840355
2014-11-28 15:00:00,-0.15412243,-0.41163456
2014-11-28 16:00:00,-0.11023374,-0.3206271
2014-11-28 17:00:00,-0.09926157,-0.23922795
2014-11-28 18:00:00,-0.011484189,-0.15445209
2014-11-28 19:00:00,0.31768098,-0.052135706
2014-11-28 20:00:00,0.7455957,-0.06521052
2014-11-28 21:00:00,1.0967052,-0.06654042
2014-11-28 22:00:00,1.2503157,-0.09031612
2014-11-28 23:00:00,1.2173991,-0.035221517
2014-11-29 00:00:00,1.3051765,-0.053482592
2014-11-29 01:00:00,1.5026757,-0.09614593
2014-11-29 02:00:00,1.6233696,-0.078822136
2014-11-29 03:00:00,1.6892025,-0.059580326
2014-11-29 04:00:00,1.6892025,-0.10412061
2014-11-29 05:00:00,1.6672583,-0.018959463
2014-11-29 06:00:00,1.9415625,0.051557988
2014-11-29 07:00:00,2.095173,0.17808607
2014-11-29 08:00:00,2.0512843,0.1679976
2014-11-29 09:00:00,2.1390617,0.13435039
2014-11-29 10:00:00,2.0512843,0.07472193
2014-11-29 11:00:00,2.468227,-0.00041157007
2014-11-29 12:00:00,2.2048948,-0.010357976
2014-11-29 13:00:00,2.3146164,-0.049838454
2014-11-29 14:00:00,2.9510024,-0.042759597
2014-11-29 15:00:00,3.0716963,0.011620969
2014-11-29 16:00:00,3.2143345,0.0772489
2014-11-29 17:00:00,2.676698,0.11832127
2014-11-29 18:00:00,2.665726,0.12941355
2014-11-29 19:00:00,2.665726,0.25013766
2014-11-29 20:00:00,2.4462824,0.43504414
2014-11-29 21:00:00,2.5011432,0.6453682
2014-11-29 22:00:00,2.3255885,0.7698784
2014-11-29 23:00:00,1.7989243,0.85555077
2014-11-30 00:00:00,1.5575365,0.9085427
2014-11-30 01:00:00,1.6892025,1.0225111
2014-11-30 02:00:00,1.1405939,1.1453156
2014-11-30 03:00:00,1.0308722,1.2052491
2014-11-30 04:00:00,1.3929539,1.2103604
2014-11-30 05:00:00,1.5575365,1.1777787
2014-11-30 06:00:00,1.4807312,1.1960298
2014-11-30 07:00:00,0.7455957,1.1951095
2014-11-30 08:00:00,-0.8782858,1.1657293
2014-11-30 09:00:00,-0.90023017,1.1338747
2014-11-30 10:00:00,-0.9221745,1.0449967
2014-11-30 11:00:00,-0.83439714,1.0292329
2014-11-30 12:00:00,-0.8453693,0.9539433
2014-11-30 13:00:00,-0.7027311,0.92809576
2014-11-30 14:00:00,-0.62592584,0.9588833
2014-11-30 15:00:00,-0.7685641,1.0470356
2014-11-30 16:00:00,-0.88925797,1.110563
2014-11-30 17:00:00,-0.94411886,1.0276867
2014-11-30 18:00:00,-0.90023017,0.91511047
2014-11-30 19:00:00,-0.8014806,0.8997369
2014-11-30 20:00:00,-0.7575919,0.8790817
2014-11-30 21:00:00,-0.6149537,0.82527006
2014-11-30 22:00:00,-0.74661976,0.81157744
2014-11-30 23:00:00,-0.73564756,0.70867896
2014-12-01 00:00:00,-0.571065,0.6341108
2014-12-01 01:00:00,-0.7027311,0.54925954
2014-12-01 02:00:00,-0.82342494,0.448408
2014-12-01 03:00:00,-0.8673136,0.37859964
2014-12-01 04:00:00,-0.955091,0.356925
2014-12-01 05:00:00,-0.955091,0.3979165
2014-12-01 06:00:00,-0.9660632,0.39812583
2014-12-01 07:00:00,-0.955091,0.25131172
2014-12-01 08:00:00,-0.9660632,-0.19104463
2014-12-01 09:00:00,-0.97703534,-0.34877688
2014-12-01 10:00:00,-0.98800755,-0.37689632
2014-12-01 11:00:00,-0.9660632,-0.37735164
2014-12-01 12:00:00,-0.94411886,-0.43971527
2014-12-01 13:00:00,-0.97703534,-0.45696115
2014-12-01 14:00:00,-0.98800755,-0.45683873
2014-12-01 15:00:00,-0.9989797,-0.37481332
2014-12-01 16:00:00,-0.9989797,-0.42388123
2014-12-01 17:00:00,-1.009952,-0.43467486
2014-12-01 18:00:00,-0.9989797,-0.4641481
2014-12-01 19:00:00,-0.93314666,-0.40100217
2014-12-01 20:00:00,-0.88925797,-0.45666188
2014-12-01 21:00:00,-1.009952,-0.46257848
2014-12-01 22:00:00,-0.93314666,-0.40926003
2014-12-01 23:00:00,-1.009952,-0.33762223
2014-12-02 00:00:00,-0.93314666,-0.2792961
2014-12-02 01:00:00,-0.97703534,-0.29922223
2014-12-02 02:00:00,-0.955091,-0.33151853
2014-12-02 03:00:00,-0.97703534,-0.38976324
2014-12-02 04:00:00,-0.955091,-0.43542194
2014-12-02 05:00:00,-0.97703534,-0.38616407
2014-12-02 06:00:00,-0.9660632,-0.32935482
2014-12-02 07:00:00,-0.955091,-0.31940234
2014-12-02 08:00:00,-0.97703534,-0.37322068
2014-12-02 09:00:00,-0.8124528,-0.39354885
2014-12-02 10:00:00,-0.8453693,-0.38492894
2014-12-02 11:00:00,-0.62592584,-0.41356218
2014-12-02 12:00:00,-0.5271763,-0.41870946
2014-12-02 13:00:00,-0.26384416,-0.41281867
2014-12-02 14:00:00,-0.37356588,-0.3918903
2014-12-02 15:00:00,-0.6588424,-0.37136072
2014-12-02 16:00:00,-0.3625937,-0.3885404
2014-12-02 17:00:00,-0.2089833,-0.41528982
2014-12-02 18:00:00,-0.044400707,-0.42546576
2014-12-02 19:00:00,0.087265365,-0.37367755
2014-12-02 20:00:00,-0.011484189,-0.34895867
2014-12-02 21:00:00,0.12018188,-0.32855076
2014-12-02 22:00:00,0.21893144,-0.28012413
2014-12-02 23:00:00,0.2737923,-0.28595847
2014-12-03 00:00:00,0.25184795,-0.2454052
2014-12-03 01:00:00,0.28476447,-0.24736977
2014-12-03 02:00:00,0.12018188,-0.26289576
2014-12-03 03:00:00,-0.8124528,-0.31782568
2014-12-03 04:00:00,-0.97703534,-0.2898792
2014-12-03 05:00:00,-0.955091,-0.28150707
2014-12-03 06:00:00,-0.9989797,-0.20479017
2014-12-03 07:00:00,-0.9989797,-0.16639996
2014-12-03 08:00:00,-0.955091,-0.13473648
2014-12-03 09:00:00,-0.9112023,-0.09422833
2014-12-03 10:00:00,-0.9221745,-0.08671272
2014-12-03 11:00:00,-0.97703534,-0.015184939
2014-12-03 12:00:00,-0.97703534,0.041048944
2014-12-03 13:00:00,-0.9112023,0.21717125
2014-12-03 14:00:00,-0.9989797,0.2473143
2014-12-03 15:00:00,-0.9989797,0.2264843
2014-12-03 16:00:00,-0.97703534,0.24147424
2014-12-03 17:00:00,-1.009952,0.35797086
2014-12-03 18:00:00,-0.93314666,0.4562898
2014-12-03 19:00:00,-0.94411886,0.51405925
2014-12-03 20:00:00,-0.9989797,0.46402568
2014-12-03 21:00:00,-1.0209241,0.50345737
2014-12-03 22:00:00,-1.0318962,0.58078253
2014-12-03 23:00:00,-1.009952,0.59422964
2014-12-04 00:00:00,-0.97703534,0.6021585
2014-12-04 01:00:00,-0.9989797,0.5727308
2014-12-04 02:00:00,-0.97703534,0.51821506
2014-12-04 03:00:00,-0.9989797,0.15091115
2014-12-04 04:00:00,-1.009952,-0.0617671
2014-12-04 05:00:00,-1.0428684,-0.107308686
2014-12-04 06:00:00,-1.0318962,-0.069422245
2014-12-04 07:00:00,-0.9989797,-0.08667266
2014-12-04 08:00:00,-1.0318962,-0.108501375
2014-12-04 09:00:00,-1.0209241,-0.13927335
2014-12-04 10:00:00,-1.0209241,-0.09820604
2014-12-04 11:00:00,-1.0318962,-0.09928644
2014-12-04 12:00:00,-0.9989797,-0.07205391
2014-12-04 13:00:00,-0.97703534,-0.03372401
2014-12-04 14:00:00,-0.98800755,0.021998763
2014-12-04 15:00:00,-0.98800755,0.011262178
2014-12-04 16:00:00,-1.009952,-0.052565277
2014-12-04 17:00:00,-1.0209241,-0.023785472
2014-12-04 18:00:00,-0.98800755,0.037832916
2014-12-04 19:00:00,-1.009952,0.04906714
2014-12-04 20:00:00,-0.9112023,-0.0035228133
2014-12-04 21:00:00,-0.9989797,-0.02918154
2014-12-04 22:00:00,-0.90023017,-0.049586356
2014-12-04 23:00:00,-0.98800755,-0.08475804
2014-12-05 00:00:00,-1.0318962,-0.07913858
2014-12-05 01:00:00,-1.0318962,-0.08319008
2014-12-05 02:00:00,-0.9989797,-0.08642465
2014-12-05 03:00:00,-1.009952,-0.15374506
2014-12-05 04:00:00,-1.0209241,-0.2087217
2014-12-05 05:00:00,-1.009952,-0.2519369
2014-12-05 06:00:00,-0.94411886,-0.26509452
2014-12-05 07:00:00,-0.9660632,-0.23984963
2014-12-05 08:00:00,-0.82342494,-0.23961705
2014-12-05 09:00:00,-0.97703534,-0.22833234
2014-12-05 10:00:00,-0.9221745,-0.20257396
2014-12-05 11:00:00,-0.9112023,-0.19956672
2014-12-05 12:00:00,-0.955091,-0.18143046
2014-12-05 13:00:00,-0.9989797,-0.14907116
2014-12-05 14:00:00,-0.99166495,-0.10857862
2014-12-05 15:00:00,-0.98435014,-0.10549694
2014-12-05 16:00:00,-0.97703534,-0.11473912
2014-12-05 17:00:00,-0.97703534,-0.104405046
2014-12-05 18:00:00,-0.74661976,-0.08580077
2014-12-05 19:00:00,-0.033428535,-0.0937469
2014-12-05 20:00:00,0.16407058,-0.08484173
2014-12-05 21:00:00,0.32865316,-0.113218725
2014-12-05 22:00:00,0.41643053,-0.103527606
2014-12-05 23:00:00,0.635874,-0.12490362
2014-12-06 00:00:00,0.43837488,-0.11250937
2014-12-06 01:00:00,0.5480966,-0.101700366
2014-12-06 02:00:00,0.53712445,-0.042365313
2014-12-06 03:00:00,0.09823754,-0.043800294
2014-12-06 04:00:00,-0.17606677,-0.019275665
2014-12-06 05:00:00,-0.4393989,-0.042770445
2014-12-06 06:00:00,-0.6807867,-0.013240337
2014-12-06 07:00:00,-0.74661976,-0.007558584
2014-12-06 08:00:00,-0.6149537,0.03820616
2014-12-06 09:00:00,-0.7575919,0.03743118
2014-12-06 10:00:00,-0.7575919,0.021311283
2014-12-06 11:00:00,-0.7685641,0.007142484
2014-12-06 12:00:00,-0.9221745,0.036471963
2014-12-06 13:00:00,-0.9112023,-0.006073296
2014-12-06 14:00:00,-0.88925797,0.0028340816
2014-12-06 15:00:00,-0.73564756,-0.018079698
2014-12-06 16:00:00,-0.31870502,0.0040637255
2014-12-06 17:00:00,-0.37356588,0.0011038184
2014-12-06 18:00:00,-0.42842674,0.04430905
2014-12-06 19:00:00,-0.18703894,0.2660915
2014-12-06 20:00:00,0.24087578,0.5013772
2014-12-06 21:00:00,0.20795926,0.66326475
2014-12-06 22:00:00,-0.05537288,0.7305968
2014-12-06 23:00:00,-0.07731722,0.9196609
2014-12-07 00:00:00,0.021432329,0.94243705
2014-12-07 01:00:00,0.8114287,1.0021443
2014-12-07 02:00:00,0.40545836,0.9328525
2014-12-07 03:00:00,-0.21995547,0.8581078
2014-12-07 04:00:00,-0.4064824,0.5761324
2014-12-07 05:00:00,-0.30773285,0.33067298
2014-12-07 06:00:00,-0.4503711,0.10658383
2014-12-07 07:00:00,-0.4503711,0.040070057
2014-12-07 08:00:00,-0.30773285,0.040166676
2014-12-07 09:00:00,-0.23092765,-0.033378124
2014-12-07 10:00:00,-0.252872,-0.09020507
2014-12-07 11:00:00,-0.044400707,-0.10451871
2014-12-07 12:00:00,-0.505232,-0.119890034
2014-12-07 13:00:00,-0.7246754,-0.1271177
2014-12-07 14:00:00,-0.90023017,-0.07167244
2014-12-07 15:00:00,-0.8563415,-0.010960221
2014-12-07 16:00:00,-0.8673136,0.11219269
2014-12-07 17:00:00,-0.93314666,0.15919474
2014-12-07 18:00:00,-0.955091,0.15882832
2014-12-07 19:00:00,-0.97703534,0.25771704
2014-12-07 20:00:00,-0.9112023,0.49997836
2014-12-07 21:00:00,-0.90023017,0.6533808
2014-12-07 22:00:00,-0.9221745,0.6460339
2014-12-07 23:00:00,-0.9112023,0.5921638
2014-12-08 00:00:00,-0.90023017,0.6742501
2014-12-08 01:00:00,-0.9221745,0.95896304
2014-12-08 02:00:00,-0.93314666,0.9509816
2014-12-08 03:00:00,-0.9112023,0.6397651
2014-12-08 04:00:00,-0.88925797,0.29930368
2014-12-08 05:00:00,-0.93314666,0.26724136
2014-12-08 06:00:00,-0.8563415,0.090467036
2014-12-08 07:00:00,-0.8782858,0.014886737
2014-12-08 08:00:00,-0.8673136,-0.053641498
2014-12-08 09:00:00,-0.74661976,0.030353725
2014-12-08 10:00:00,-0.8782858,0.01658851
2014-12-08 11:00:00,-0.7575919,0.0632278
2014-12-08 12:00:00,-0.6588424,-0.060835898
2014-12-08 13:00:00,0.021432329,-0.10819793
2014-12-08 14:00:00,0.18601492,-0.107617676
2014-12-08 15:00:00,-0.0005120168,-0.10917717
2014-12-08 16:00:00,0.19698709,-0.11931723
2014-12-08 17:00:00,0.3944862,-0.105611324
2014-12-08 18:00:00,0.41094446,-0.12070823
2014-12-08 19:00:00,0.4274027,-0.092558265
2014-12-08 20:00:00,0.44386098,-0.07198101
2014-12-08 21:00:00,0.46031922,4.762411e-05
2014-12-08 22:00:00,0.4767775,-0.0692997
2014-12-08 23:00:00,0.49323574,-0.11368215
2014-12-09 00:00:00,0.87726176,-0.09881866
2014-12-09 01:00:00,1.0226431,-0.05152625
2014-12-09 02:00:00,1.1680243,-0.038059235
2014-12-09 03:00:00,1.3134056,-0.047014892
2014-12-09 04:00:00,1.458787,-0.05795437
2014-12-09 05:00:00,1.6041682,-0.0779472
2014-12-09 06:00:00,1.7495495,-0.08874971
2014-12-09 07:00:00,1.8949308,-0.13063943
2014-12-09 08:00:00,2.040312,-0.16768509
2014-12-09 09:00:00,2.1856933,-0.081790864
2014-12-09 10:00:00,2.3310747,-0.07722205
2014-12-09 11:00:00,2.476456,-0.023189723
2014-12-09 12:00:00,2.6218371,0.014869928
2014-12-09 13:00:00,2.797392,0.26885757
2014-12-09 14:00:00,3.1594737,0.45145637
2014-12-09 15:00:00,3.181418,0.49141276
2014-12-09 16:00:00,3.0168355,0.55126107
2014-12-09 17:00:00,2.929058,0.7115185
2014-12-09 18:00:00,2.7644753,0.7881639
2014-12-09 19:00:00,2.7535033,0.8521635
2014-12-09 20:00:00,2.8083642,0.80538625
2014-12-09 21:00:00,2.929058,0.8532511
2014-12-09 22:00:00,2.863225,0.8658124
2014-12-09 23:00:00,2.742531,0.78724927
2014-12-10 00:00:00,2.3146164,0.7975438
2014-12-10 01:00:00,2.4023938,0.9042621
2014-12-10 02:00:00,2.5340598,1.08097
2014-12-10 03:00:00,2.226839,1.0946331
2014-12-10 04:00:00,2.2048948,1.1601458
2014-12-10 05:00:00,2.2597556,1.2067738
2014-12-10 06:00:00,2.3146164,1.2732424
2014-12-10 07:00:00,2.3914216,1.26397
2014-12-10 08:00:00,2.468227,1.3072481
2014-12-10 09:00:00,0.57004094,1.3165128
2014-12-10 10:00:00,-0.38453805,1.3283155
2014-12-10 11:00:00,-0.47231543,1.3369346
2014-12-10 12:00:00,-0.4064824,1.3009746
2014-12-10 13:00:00,-0.41745457,1.3390113
2014-12-10 14:00:00,-0.6039815,1.4018347
2014-12-10 15:00:00,-0.88925797,1.420603
2014-12-10 16:00:00,-0.8673136,1.3494253
2014-12-10 17:00:00,-0.955091,1.3166579
2014-12-10 18:00:00,-0.7575919,1.2662253
2014-12-10 19:00:00,-0.9112023,1.198705
2014-12-10 20:00:00,-0.94411886,1.1213503
2014-12-10 21:00:00,-0.955091,1.1125917
2014-12-10 22:00:00,-0.9221745,1.0834719
2014-12-10 23:00:00,-0.90023017,1.0310308
2014-12-11 00:00:00,-0.90023017,0.9270293
2014-12-11 01:00:00,-0.8782858,0.91213226
2014-12-11 02:00:00,-0.9112023,0.9172655
2014-12-11 03:00:00,-0.9989797,0.91400945
2014-12-11 04:00:00,-0.9221745,0.8724474
2014-12-11 05:00:00,-0.94411886,0.88413674
2014-12-11 06:00:00,-1.0209241,0.91015685
2014-12-11 07:00:00,-0.93314666,0.98529017
2014-12-11 08:00:00,-0.97703534,1.0642339
2014-12-11 09:00:00,-0.955091,0.71728885
2014-12-11 10:00:00,-0.9221745,0.25068974
2014-12-11 11:00:00,-0.94411886,0.012691081
2014-12-11 12:00:00,-0.94411886,-0.031145215
2014-12-11 13:00:00,-0.94411886,-0.11477232
2014-12-11 14:00:00,-0.94411886,-0.15315521
2014-12-11 15:00:00,-0.9660632,-0.29731828
2014-12-11 16:00:00,-0.77953625,-0.31464958
2014-12-11 17:00:00,-0.6588424,-0.37751585
2014-12-11 18:00:00,-0.088289395,-0.4131183
2014-12-11 19:00:00,-0.26384416,-0.46443754
2014-12-11 20:00:00,-0.2089833,-0.43809354
2014-12-11 21:00:00,-0.74661976,-0.44161868
2014-12-11 22:00:00,-0.9989797,-0.42892802
2014-12-11 23:00:00,-0.9660632,-0.45823395
2014-12-12 00:00:00,-1.009952,-0.3869413
2014-12-12 01:00:00,-1.009952,-0.3487035
2014-12-12 02:00:00,-1.009952,-0.29570502
2014-12-12 03:00:00,-0.9989797,-0.3250879
2014-12-12 04:00:00,-0.9660632,-0.34727663
2014-12-12 05:00:00,-0.94411886,-0.37331063
2014-12-12 06:00:00,-0.9989797,-0.36318785
2014-12-12 07:00:00,-1.0209241,-0.25447196
2014-12-12 08:00:00,-1.009952,-0.24531543
2014-12-12 09:00:00,-0.9660632,-0.26702476
2014-12-12 10:00:00,-0.955091,-0.3069809
2014-12-12 11:00:00,-0.9989797,-0.2924232
2014-12-12 12:00:00,-0.9112023,-0.27606595
2014-12-12 13:00:00,-0.90023017,-0.25827122
2014-12-12 14:00:00,-0.94411886,-0.26156902
2014-12-12 15:00:00,-0.98800755,-0.27479237
2014-12-12 16:00:00,-0.9660632,-0.20365578
2014-12-12 17:00:00,-0.9989797,-0.13839346
2014-12-12 18:00:00,-0.94411886,0.02759558
2014-12-12 19:00:00,-0.9112023,0.043211937
2014-12-12 20:00:00,-0.8673136,0.19084582
2014-12-12 21:00:00,-0.58203715,-0.025961757
2014-12-12 22:00:00,-0.90023017,-0.09592348
2014-12-12 23:00:00,-0.93314666,-0.15378457
2014-12-13 00:00:00,-0.9660632,-0.14010972
2014-12-13 01:00:00,-0.9221745,-0.21464157
2014-12-13 02:00:00,-0.93314666,-0.19492757
2014-12-13 03:00:00,-0.955091,-0.26081073
2014-12-13 04:00:00,-0.9221745,-0.26291943
2014-12-13 05:00:00,-0.9221745,-0.28403187
2014-12-13 06:00:00,-0.98800755,-0.28778738
2014-12-13 07:00:00,-0.955091,-0.21299767
2014-12-13 08:00:00,-0.73564756,-0.15414453
2014-12-13 09:00:00,-0.6917589,-0.09444946
2014-12-13 10:00:00,-0.7027311,-0.114966035
2014-12-13 11:00:00,-0.5162041,-0.1091584
2014-12-13 12:00:00,-0.46134326,-0.051614404
2014-12-13 13:00:00,-0.59300935,-0.0152211785
2014-12-13 14:00:00,-0.62592584,-0.0011498928
2014-12-13 15:00:00,-0.6478702,-0.055434763
2014-12-13 16:00:00,-0.6149537,-0.08804089
2014-12-13 17:00:00,-0.30773285,-0.0995397
2014-12-13 18:00:00,-0.21995547,-0.056242287
2014-12-13 19:00:00,-0.15412243,-0.002887547
2014-12-13 20:00:00,-0.19801112,0.052636623
2014-12-13 21:00:00,-0.15412243,0.127087
2014-12-13 22:00:00,-0.022456361,0.095418274
2014-12-13 23:00:00,0.13115406,0.025888473
2014-12-14 00:00:00,0.28476447,-0.044311702
2014-12-14 01:00:00,1.0089278,-0.005532682
2014-12-14 02:00:00,1.2283713,-0.016478539
2014-12-14 03:00:00,0.48226357,-0.036415994
2014-12-14 04:00:00,0.07629319,-0.0419569
2014-12-14 05:00:00,-0.15412243,-0.017089546
2014-12-14 06:00:00,-0.11023374,-0.016918302
2014-12-14 07:00:00,-0.05537288,-0.012419462
2014-12-14 08:00:00,-0.31870502,0.01769659
2014-12-14 09:00:00,-0.26384416,0.09718028
2014-12-14 10:00:00,-0.27481633,0.14537135
2014-12-14 11:00:00,-0.46134326,0.16624385
2014-12-14 12:00:00,-0.5162041,0.2262117
2014-12-14 13:00:00,-0.4503711,0.25875884
2014-12-14 14:00:00,-0.5600928,0.26064867
2014-12-14 15:00:00,-0.6149537,0.2318835
2014-12-14 16:00:00,-0.54912066,0.21632653
2014-12-14 17:00:00,-0.35162154,0.29871428
2014-12-14 18:00:00,0.10920971,0.34775925
2014-12-14 19:00:00,0.31768098,0.36526227
2014-12-14 20:00:00,0.25184795,0.39647758
2014-12-14 21:00:00,0.09823754,0.4693969
2014-12-14 22:00:00,0.3505975,0.49697405
2014-12-14 23:00:00,0.6578183,0.5618393
2014-12-15 00:00:00,0.73462355,0.62627155
2014-12-15 01:00:00,1.7221191,0.9207803
2014-12-15 02:00:00,2.095173,1.1265157
2014-12-15 03:00:00,2.2487833,1.0245473
2014-12-15 04:00:00,2.2707276,0.68863994
2014-12-15 05:00:00,2.1171172,0.44437099
2014-12-15 06:00:00,1.8537852,0.40440255
2014-12-15 07:00:00,-0.58203715,0.37717456
2014-12-15 08:00:00,-0.83439714,0.21288621
2014-12-15 09:00:00,-0.9112023,0.11464581
2014-12-15 10:00:00,-0.9660632,0.1267443
2014-12-15 11:00:00,-0.9989797,0.08974624
2014-12-15 12:00:00,-0.98800755,0.017392099
2014-12-15 13:00:00,-0.9989797,0.03444445
2014-12-15 14:00:00,-0.97703534,0.040278077
2014-12-15 15:00:00,-1.009952,0.06580746
2014-12-15 16:00:00,-0.955091,0.016446292
2014-12-15 17:00:00,-0.9660632,0.06220579
2014-12-15 18:00:00,-0.98800755,0.24768496
2014-12-15 19:00:00,-0.9989797,0.45686024
2014-12-15 20:00:00,-0.90023017,0.51043326
2014-12-15 21:00:00,-0.98800755,0.47235748
2014-12-15 22:00:00,-0.97703534,0.53383005
2014-12-15 23:00:00,-0.97703534,0.67717946
2014-12-16 00:00:00,-1.0318962,0.80941933
2014-12-16 01:00:00,-1.0318962,1.1699542
2014-12-16 02:00:00,-1.0318962,1.5431762
2014-12-16 03:00:00,-1.0428684,1.7606003
2014-12-16 04:00:00,-0.98800755,1.770604
2014-12-16 05:00:00,-0.9989797,1.7292099
2014-12-16 06:00:00,-0.97703534,1.6333073
2014-12-16 07:00:00,-0.97703534,0.8707395
2014-12-16 08:00:00,-1.009952,0.18229645
2014-12-16 09:00:00,-0.9660632,-0.038702667
2014-12-16 10:00:00,-0.93314666,-0.01553911
2014-12-16 11:00:00,-0.97703534,-0.07543105
2014-12-16 12:00:00,-0.9989797,-0.07908356
2014-12-16 13:00:00,-0.82342494,-0.22082865
2014-12-16 14:00:00,-0.8453693,-0.18037868
2014-12-16 15:00:00,-0.955091,-0.24885255
2014-12-16 16:00:00,-1.009952,-0.30684608
2014-12-16 17:00:00,-0.98800755,-0.29277146
2014-12-16 18:00:00,-0.97703534,-0.15726668
2014-12-16 19:00:00,-0.9660632,-0.100565255
2014-12-16 20:00:00,-0.94411886,-0.09884077
2014-12-16 21:00:00,-0.94411886,-0.06350899
2014-12-16 22:00:00,-0.98800755,-0.04270351
2014-12-16 23:00:00,-1.009952,-0.07683164
2014-12-17 00:00:00,-0.9989797,-0.10850537
2014-12-17 01:00:00,-0.9989797,-0.095498025
2014-12-17 02:00:00,-1.009952,-0.030374587
2014-12-17 03:00:00,-0.9112023,-0.027019203
2014-12-17 04:00:00,-0.7685641,-0.006063044
2014-12-17 05:00:00,-0.62592584,-0.025384665
2014-12-17 06:00:00,-0.47231543,-0.07376391
2014-12-17 07:00:00,-0.38453805,-0.18149722
2014-12-17 08:00:00,-0.21995547,-0.31163174
2014-12-17 09:00:00,-0.13217808,-0.33973217
2014-12-17 10:00:00,-0.044400707,-0.30650228
2014-12-17 11:00:00,0.22990361,-0.2946821
2014-12-17 12:00:00,0.57004094,-0.32854366
2014-12-17 13:00:00,0.7894844,-0.29225612
2014-12-17 14:00:00,0.3067088,-0.2539147
2014-12-17 15:00:00,-0.252872,-0.31367356
2014-12-17 16:00:00,-0.38453805,-0.35618407
2014-12-17 17:00:00,-0.23092765,-0.3737771
2014-12-17 18:00:00,-0.07731722,-0.29409754
2014-12-17 19:00:00,0.043376673,-0.24121279
2014-12-17 20:00:00,1.1186496,-0.22181618
2014-12-17 21:00:00,1.590453,-0.18390262
2014-12-17 22:00:00,1.3710096,-0.19141138
2014-12-17 23:00:00,0.87726176,-0.22339177
2014-12-18 00:00:00,0.87726176,-0.2767862
2014-12-18 01:00:00,0.76754004,-0.30086035
2014-12-18 02:00:00,0.6578183,-0.325902
2014-12-18 03:00:00,0.5042079,-0.29410452
2014-12-18 04:00:00,0.2737923,-0.2339201
2014-12-18 05:00:00,0.32865316,-0.10858363
2014-12-18 06:00:00,0.41643053,0.08719799
2014-12-18 07:00:00,0.5151801,0.17269012
2014-12-18 08:00:00,0.38351402,0.2744512
2014-12-18 09:00:00,0.3944862,0.39563906
2014-12-18 10:00:00,0.26282012,0.48515376
2014-12-18 11:00:00,0.38351402,0.60882103
2014-12-18 12:00:00,0.3505975,0.76043785
2014-12-18 13:00:00,0.36156967,0.9574938
2014-12-18 14:00:00,0.46031922,0.903599
2014-12-18 15:00:00,0.69073486,0.60304964
2014-12-18 16:00:00,0.72365135,0.33941123
2014-12-18 17:00:00,0.97601134,0.32092986
2014-12-18 18:00:00,1.1186496,0.3528786
2014-12-18 19:00:00,1.403926,0.3513407
2014-12-18 20:00:00,1.5355921,0.62448335
2014-12-18 21:00:00,1.4807312,0.95193535
2014-12-18 22:00:00,1.6672583,1.0962583
2014-12-18 23:00:00,1.6892025,0.9484024
2014-12-19 00:00:00,1.908646,0.8957841
2014-12-19 01:00:00,1.6782304,0.84692335
2014-12-19 02:00:00,1.6233696,0.832003
2014-12-19 03:00:00,1.3051765,0.59896976
2014-12-19 04:00:00,1.085733,0.45286483
2014-12-19 05:00:00,1.0747609,0.4347246
2014-12-19 06:00:00,1.1405939,0.50151217
2014-12-19 07:00:00,-0.37356588,0.45922244
2014-12-19 08:00:00,-0.8563415,0.3800449
2014-12-19 09:00:00,-0.88925797,0.37153643
2014-12-19 10:00:00,-0.9221745,0.3172157
2014-12-19 11:00:00,-0.97703534,0.30271462
2014-12-19 12:00:00,-0.9112023,0.28706425
2014-12-19 13:00:00,-0.93314666,0.3889399
2014-12-19 14:00:00,-0.94411886,0.45427227
2014-12-19 15:00:00,-0.9660632,0.53863454
2014-12-19 16:00:00,-1.0209241,0.5061175
2014-12-19 17:00:00,-1.0209241,0.58791584
2014-12-19 18:00:00,-0.93314666,0.6330888
2014-12-19 19:00:00,-1.0209241,0.77808726
2014-12-19 20:00:00,-0.98800755,0.9139781
2014-12-19 21:00:00,-1.009952,1.1023166
2014-12-19 22:00:00,-0.9660632,1.2286898
2014-12-19 23:00:00,-0.97703534,1.264955
2014-12-20 00:00:00,-0.9989797,1.3398298
2014-12-20 01:00:00,-0.94411886,1.3146718
2014-12-20 02:00:00,-1.009952,1.2237904
2014-12-20 03:00:00,-0.9660632,0.9690733
2014-12-20 04:00:00,-0.97703534,0.8299786
2014-12-20 05:00:00,-0.9660632,0.6423126
2014-12-20 06:00:00,-0.93314666,0.62942064
2014-12-20 07:00:00,-0.9660632,0.109668255
2014-12-20 08:00:00,-0.9660632,-0.13429856
2014-12-20 09:00:00,-0.9660632,-0.26814383
2014-12-20 10:00:00,-0.9660632,-0.2825839
2014-12-20 11:00:00,-0.9660632,-0.3302248
2014-12-20 12:00:00,-0.9660632,-0.33649927
2014-12-20 13:00:00,-0.9660632,-0.34788305
2014-12-20 14:00:00,-0.9660632,-0.29244006
2014-12-20 15:00:00,-0.9660632,-0.28288507
2014-12-20 16:00:00,-0.9660632,-0.28722197
2014-12-20 17:00:00,-0.9660632,-0.29062492
2014-12-20 18:00:00,-0.94411886,-0.24167567
2014-12-20 19:00:00,-0.98800755,-0.24446905
2014-12-20 20:00:00,-1.0209241,-0.2694844
2014-12-20 21:00:00,-1.009952,-0.26453424
2014-12-20 22:00:00,-1.0318962,-0.22007596
2014-12-20 23:00:00,-1.0538406,-0.20572567
2014-12-21 00:00:00,-1.0538406,-0.19090855
2014-12-21 01:00:00,-1.0209241,-0.21926552
2014-12-21 02:00:00,-1.0318962,-0.26346183
2014-12-21 03:00:00,-1.009952,-0.3463483
2014-12-21 04:00:00,-1.0209241,-0.38344157
2014-12-21 05:00:00,-1.0318962,-0.39897496
2014-12-21 06:00:00,-0.9989797,-0.3795312
2014-12-21 07:00:00,-0.9989797,-0.39349407
2014-12-21 08:00:00,-0.9989797,-0.39674056
2014-12-21 09:00:00,-1.009952,-0.39905077
2014-12-21 10:00:00,-0.97703534,-0.36665326
2014-12-21 11:00:00,-0.9112023,-0.35176414
2014-12-21 12:00:00,-0.8673136,-0.38130665
2014-12-21 13:00:00,-0.9660632,-0.38218302
2014-12-21 14:00:00,-0.8782858,-0.3321616
2014-12-21 15:00:00,-0.93314666,-0.34369385
2014-12-21 16:00:00,-0.955091,-0.35210806
2014-12-21 17:00:00,-0.94411886,-0.35707587
2014-12-21 18:00:00,-0.8782858,-0.32537377
2014-12-21 19:00:00,-0.74661976,-0.31295043
2014-12-21 20:00:00,-0.73564756,-0.31408483
2014-12-21 21:00:00,-0.59300935,-0.30148143
2014-12-21 22:00:00,-0.5162041,-0.3066482
2014-12-21 23:00:00,-0.39551023,-0.30022877
2014-12-22 00:00:00,-0.5162041,-0.30165654
2014-12-22 01:00:00,-0.30773285,-0.2987138
2014-12-22 02:00:00,-0.1650946,-0.29013836
2014-12-22 03:00:00,-0.05537288,-0.28223467
2014-12-22 04:00:00,-0.022456361,-0.28110695
2014-12-22 05:00:00,0.054348845,-0.24859911
2014-12-22 06:00:00,0.18601492,-0.18564796
2014-12-22 07:00:00,0.18601492,-0.16193181
2014-12-22 08:00:00,0.28476447,-0.16217405
2014-12-22 09:00:00,0.49323574,-0.15978092
2014-12-22 10:00:00,0.3944862,-0.15399683
2014-12-22 11:00:00,-0.05537288,-0.13553971
2014-12-22 12:00:00,-0.21995547,-0.121460974
2014-12-22 13:00:00,-0.53814846,-0.1375559
2014-12-22 14:00:00,-0.3625937,-0.1281529
2014-12-22 15:00:00,-0.31870502,-0.14134675
2014-12-22 16:00:00,-0.4064824,-0.13933122
2014-12-22 17:00:00,-0.21995547,-0.15898603
2014-12-22 18:00:00,-0.27481633,-0.13671255
2014-12-22 19:00:00,-0.14315026,-0.11728543
2014-12-22 20:00:00,0.054348845,-0.078395486
2014-12-22 21:00:00,0.2737923,-0.034594595
2014-12-22 22:00:00,0.16407058,-0.0014790297
2014-12-22 23:00:00,0.25184795,0.09765142
2014-12-23 00:00:00,0.46031922,0.099727124
2014-12-23 01:00:00,0.8553174,0.16393614
2014-12-23 02:00:00,0.69073486,0.24987087
2014-12-23 03:00:00,0.67976266,0.37703812
2014-12-23 04:00:00,0.49323574,0.3884676
2014-12-23 05:00:00,0.1530984,0.427626
2014-12-23 06:00:00,-0.17606677,0.4992048
2014-12-23 07:00:00,0.021432329,0.57970685
2014-12-23 08:00:00,-0.19801112,0.5707526
2014-12-23 09:00:00,-0.13217808,0.6220461
2014-12-23 10:00:00,-0.11023374,0.60812145
2014-12-23 11:00:00,-0.13217808,0.43537143
2014-12-23 12:00:00,-0.05537288,0.24431688
2014-12-23 13:00:00,-0.2089833,0.052960336
2014-12-23 14:00:00,-0.12120591,0.075766474
2014-12-23 15:00:00,-0.05537288,0.08086893
2014-12-23 16:00:00,-0.47231543,0.06892809
2014-12-23 17:00:00,-0.41745457,0.061371893
2014-12-23 18:00:00,1.4697591,0.09541094
2014-12-23 19:00:00,0.19698709,0.113613695
2014-12-23 20:00:00,0.087265365,0.18335271
2014-12-23 21:00:00,-0.73564756,0.2810831
2014-12-23 22:00:00,-0.8673136,0.35579386
2014-12-23 23:00:00,-0.94411886,0.42553228
2014-12-24 00:00:00,-0.955091,0.47535998
2014-12-24 01:00:00,-0.9989797,0.6810356
2014-12-24 02:00:00,-0.98800755,0.72213066
2014-12-24 03:00:00,-0.97703534,0.7673846
2014-12-24 04:00:00,-0.9989797,0.61643505
2014-12-24 05:00:00,-0.93314666,0.49919066
2014-12-24 06:00:00,-0.955091,0.28994066
2014-12-24 07:00:00,-0.9660632,0.24698427
2014-12-24 08:00:00,-0.97703534,0.11956316
2014-12-24 09:00:00,-0.90023017,0.14802277
2014-12-24 10:00:00,-0.9112023,0.10933459
2014-12-24 11:00:00,-0.97703534,0.07666516
2014-12-24 12:00:00,-0.9660632,-0.0027281046
2014-12-24 13:00:00,-0.94411886,-0.028617918
2014-12-24 14:00:00,-0.94411886,-0.03817022
2014-12-24 15:00:00,-0.9660632,-0.02764666
2014-12-24 16:00:00,-0.9221745,-0.08462399
2014-12-24 17:00:00,-0.9221745,-0.1233533
2014-12-24 18:00:00,-0.9660632,0.33814886
2014-12-24 19:00:00,-0.8782858,0.33153692
2014-12-24 20:00:00,-0.8453693,0.34464747
2014-12-24 21:00:00,-0.9221745,-0.104296386
2014-12-24 22:00:00,-0.9112023,-0.09224224
2014-12-24 23:00:00,-0.90023017,-0.19098467
2014-12-25 00:00:00,-0.8782858,-0.09266442
2014-12-25 01:00:00,-0.8563415,-0.25063014
2014-12-25 02:00:00,-0.8563415,-0.15354848
2014-12-25 03:00:00,-0.98800755,-0.1665883
2014-12-25 04:00:00,-0.94411886,-0.15952176
2014-12-25 05:00:00,-0.94411886,-0.26948947
2014-12-25 06:00:00,-0.90023017,-0.26009828
2014-12-25 07:00:00,-0.955091,-0.22264457
2014-12-25 08:00:00,-0.90023017,-0.30566365
2014-12-25 09:00:00,-0.8014806,-0.2921955
2014-12-25 10:00:00,-0.6807867,-0.30087012
2014-12-25 11:00:00,-0.82342494,-0.23456758
2014-12-25 12:00:00,-0.9221745,-0.19742268
2014-12-25 13:00:00,-0.9221745,-0.19564247
2014-12-25 14:00:00,-0.9989797,-0.15305787
2014-12-25 15:00:00,-1.009952,-0.18715769
2014-12-25 16:00:00,-0.90023017,-0.19523728
2014-12-25 17:00:00,-0.7575919,-0.18565214
2014-12-25 18:00:00,-0.6807867,-0.15562838
2014-12-25 19:00:00,-0.5600928,-0.0123954415
2014-12-25 20:00:00,-0.5271763,0.027619004
2014-12-25 21:00:00,-0.54912066,-0.10480142
2014-12-25 22:00:00,-0.53814846,-0.1481899
2014-12-25 23:00:00,-0.34064937,-0.17326045
2014-12-26 00:00:00,-0.07731722,-0.24719012
2014-12-26 01:00:00,-0.06634505,-0.2658438
2014-12-26 02:00:00,0.5151801,-0.22685671
2014-12-26 03:00:00,1.3819817,-0.25228834
2014-12-26 04:00:00,0.8662896,-0.1950385
2014-12-26 05:00:00,0.58101314,-0.22484493
2014-12-26 06:00:00,0.36156967,-0.19669026
2014-12-26 07:00:00,0.29573664,-0.20408452
2014-12-26 08:00:00,0.20795926,-0.17965555
2014-12-26 09:00:00,0.12018188,-0.106309354
2014-12-26 10:00:00,0.19698709,-0.039790273
2014-12-26 11:00:00,0.17504275,-0.026502132
2014-12-26 12:00:00,0.33962533,-0.05263251
2014-12-26 13:00:00,0.57004094,-0.070222795
2014-12-26 14:00:00,0.69073486,-0.061248362
2014-12-26 15:00:00,0.77851224,-0.06767589
2014-12-26 16:00:00,1.0747609,-0.12798673
2014-12-26 17:00:00,1.4697591,-0.09774083
2014-12-26 18:00:00,1.7550356,0.012581706
2014-12-26 19:00:00,1.8757294,0.10069865
2014-12-26 20:00:00,1.5794809,0.16879314
2014-12-26 21:00:00,1.5575365,0.2038832
2014-12-26 22:00:00,1.206427,0.22478801
2014-12-26 23:00:00,1.0308722,0.29930612
2014-12-27 00:00:00,0.69073486,0.4133094
2014-12-27 01:00:00,1.0308722,0.47798938
2014-12-27 02:00:00,0.954067,0.6887282
2014-12-27 03:00:00,1.27226,1.078607
2014-12-27 04:00:00,1.3710096,1.1802113
2014-12-27 05:00:00,1.085733,1.1020236
2014-12-27 06:00:00,1.1735104,0.8987967
2014-12-27 07:00:00,1.3929539,0.8558002
2014-12-27 08:00:00,1.7440634,0.74781495
2014-12-27 09:00:00,0.8992061,0.6383499
2014-12-27 10:00:00,0.93212265,0.49679762
2014-12-27 11:00:00,0.9979557,0.49364698
2014-12-27 12:00:00,1.0308722,0.48324147
2014-12-27 13:00:00,1.0308722,0.5268967
2014-12-27 14:00:00,1.0089278,0.5144225
2014-12-27 15:00:00,1.1844826,0.5759823
2014-12-27 16:00:00,1.3600373,0.7099669
2014-12-27 17:00:00,1.6343417,0.84551823
2014-12-27 18:00:00,2.3804495,1.066232
2014-12-27 19:00:00,2.5011432,1.1827955
2014-12-27 20:00:00,2.731559,1.2181337
2014-12-27 21:00:00,2.4901712,1.1809675
2014-12-27 22:00:00,2.7205868,1.0560929
2014-12-27 23:00:00,2.8851693,0.917083
2014-12-28 00:00:00,3.126557,0.7346905
2014-12-28 01:00:00,3.2143345,0.70239145
2014-12-28 02:00:00,3.1594737,0.6405574
2014-12-28 03:00:00,3.7739153,0.8247515
2014-12-28 04:00:00,2.5669763,0.8344198
2014-12-28 05:00:00,2.0183678,0.80399203
2014-12-28 06:00:00,1.7989243,0.6646108
2014-12-28 07:00:00,1.3271209,0.7422678
2014-12-28 08:00:00,0.6578183,0.79119104
2014-12-28 09:00:00,0.6578183,0.63257396
2014-12-28 10:00:00,-0.088289395,0.5046638
2014-12-28 11:00:00,-0.4503711,0.4545588
2014-12-28 12:00:00,-0.34064937,0.5616813
2014-12-28 13:00:00,-0.571065,0.5206919
2014-12-28 14:00:00,-0.74661976,0.5209112
2014-12-28 15:00:00,-0.73564756,0.48485616
2014-12-28 16:00:00,-0.6039815,0.70089567
2014-12-28 17:00:00,-0.63689804,0.8098709
2014-12-28 18:00:00,-0.6478702,1.1650827
2014-12-28 19:00:00,0.10920971,1.36486
2014-12-28 20:00:00,0.8224009,1.573986
2014-12-28 21:00:00,2.1171172,1.597623
2014-12-28 22:00:00,2.4572546,1.6394268
2014-12-28 23:00:00,2.6437817,1.6552962
2014-12-29 00:00:00,2.8741972,1.6928586
2014-12-29 01:00:00,2.983919,1.7006812
2014-12-29 02:00:00,2.9948912,1.6321241
2014-12-29 03:00:00,2.983919,1.6218143
2014-12-29 04:00:00,2.3914216,1.4845476
2014-12-29 05:00:00,0.9650392,1.2196115
2014-12-29 06:00:00,0.77851224,0.842542
2014-12-29 07:00:00,0.3944862,0.7207666
2014-12-29 08:00:00,0.26282012,0.4545557
2014-12-29 09:00:00,0.44934705,0.37702286
2014-12-29 10:00:00,0.3505975,0.061031282
2014-12-29 11:00:00,0.37254184,-0.011217296
2014-12-29 12:00:00,-0.4832876,-0.08337295
2014-12-29 13:00:00,-0.571065,-0.16697758
2014-12-29 14:00:00,-0.8014806,-0.30235368
2014-12-29 15:00:00,-0.79050845,-0.3734516
2014-12-29 16:00:00,-0.8782858,-0.36796182
2014-12-29 17:00:00,-0.8563415,-0.42283255
2014-12-29 18:00:00,0.21893144,-0.39251512
2014-12-29 19:00:00,0.09823754,-0.21231753
2014-12-29 20:00:00,0.13115406,0.21958649
2014-12-29 21:00:00,0.3067088,0.93725204
2014-12-29 22:00:00,0.701707,1.4187119
2014-12-29 23:00:00,0.6468462,1.6798813
2014-12-30 00:00:00,0.97601134,1.7746351
2014-12-30 01:00:00,-0.033428535,1.8842926
2014-12-30 02:00:00,-0.2089833,1.9219854
2014-12-30 03:00:00,-0.79050845,2.0204532
2014-12-30 04:00:00,-0.82342494,1.9273306
2014-12-30 05:00:00,-0.9989797,1.5670425
2014-12-30 06:00:00,-0.9989797,1.127088
2014-12-30 07:00:00,-0.955091,0.7224321
2014-12-30 08:00:00,-0.9112023,0.5858101
2014-12-30 09:00:00,-0.9221745,0.38845015
2014-12-30 10:00:00,-0.82342494,0.34672683
2014-12-30 11:00:00,-0.571065,0.2111308
2014-12-30 12:00:00,-0.5600928,-0.039506137
2014-12-30 13:00:00,-0.29676068,-0.21436083
2014-12-30 14:00:00,-0.38453805,-0.34146065
2014-12-30 15:00:00,-0.49425977,-0.35546488
2014-12-30 16:00:00,-0.4393989,-0.38008273
2014-12-30 17:00:00,-0.4064824,-0.3475743
2014-12-30 18:00:00,-0.23092765,-0.26169503
2014-12-30 19:00:00,-0.7137032,-0.102726996
2014-12-30 20:00:00,-0.8124528,0.024150431
2014-12-30 21:00:00,-0.8782858,0.25326425
2014-12-30 22:00:00,-1.009952,0.60011363
2014-12-30 23:00:00,-0.9221745,0.7819571
2014-12-31 00:00:00,-0.98800755,0.99303687
2014-12-31 01:00:00,-0.97703534,0.59001476
2014-12-31 02:00:00,-0.8782858,0.453164
2014-12-31 03:00:00,-0.9989797,0.10929185
2014-12-31 04:00:00,-1.009952,0.047858775
2014-12-31 05:00:00,-0.9989797,-0.25832665
2014-12-31 06:00:00,-1.009952,-0.28485805
2014-12-31 07:00:00,-1.009952,-0.3468302
2014-12-31 08:00:00,-1.009952,-0.37014985
2014-12-31 09:00:00,-1.009952,-0.46392494
2014-12-31 10:00:00,-1.0209241,-0.44564015
2014-12-31 11:00:00,-0.9660632,-0.37458265
2014-12-31 12:00:00,-0.9112023,-0.27912968
2014-12-31 13:00:00,-0.97703534,-0.20483994
2014-12-31 14:00:00,-0.9989797,-0.16671443
2014-12-31 15:00:00,-0.97703534,-0.11119139
2014-12-31 16:00:00,-1.009952,-0.07413167
2014-12-31 17:00:00,-0.9989797,0.014869899
2014-12-31 18:00:00,-0.98800755,0.088431954
2014-12-31 19:00:00,-1.009952,0.046221912
2014-12-31 20:00:00,-0.98800755,-0.09136754
2014-12-31 21:00:00,-0.98800755,-0.20779198
2014-12-31 22:00:00,-1.009952,-0.23067898
2014-12-31 23:00:00,-0.9660632,-0.16748106
