,Originales,Predichos
2014-07-04 08:00:00,1.1076774090249004,1.0027243
2014-07-04 09:00:00,0.932122648494237,0.73239434
2014-07-04 10:00:00,0.58101312743291,0.69022405
2014-07-04 11:00:00,0.4932357471675782,0.43610245
2014-07-04 12:00:00,0.5700409548997435,0.49857044
2014-07-04 13:00:00,0.4054583669022464,0.60972637
2014-07-04 14:00:00,0.4054583669022464,0.4253459
2014-07-04 15:00:00,0.4274027119685794,0.47704363
2014-07-04 16:00:00,0.8553174407620717,0.48430455
2014-07-04 17:00:00,1.096705236491734,1.0466099
2014-07-04 18:00:00,1.239343479422898,1.186053
2014-07-04 19:00:00,0.5261522647670777,1.2202067
2014-07-04 20:00:00,1.0308722012927352,0.09532413
2014-07-04 21:00:00,0.7894844055630729,1.1379657
2014-07-04 22:00:00,0.5590687823665771,0.4790365
2014-07-04 23:00:00,0.6139296450324094,0.44676325
2014-07-05 00:00:00,0.745595715430407,0.56301564
2014-07-05 01:00:00,0.7894844055630729,0.70312184
2014-07-05 02:00:00,0.8114287506294059,0.7349011
2014-07-05 03:00:00,0.7565678879635735,0.77606297
2014-07-05 04:00:00,0.6358739900987423,0.69614255
2014-07-05 05:00:00,0.5700409548997435,0.5803243
2014-07-05 06:00:00,0.5371244373002441,0.5300963
2014-07-05 07:00:00,0.5261522647670777,0.50990057
2014-07-05 08:00:00,0.2737922965042488,0.45534152
2014-07-05 09:00:00,0.1311540535730847,0.13780534
2014-07-05 10:00:00,0.0543488458409194,0.07060568
2014-07-05 11:00:00,0.1530983986394176,-0.007654235
2014-07-05 12:00:00,-0.0444007069575787,0.13178696
2014-07-05 13:00:00,-0.2199554674882422,-0.13117985
2014-07-05 14:00:00,-0.3187050202867404,-0.24822472
2014-07-05 15:00:00,-0.3625937104194063,-0.31271845
2014-07-05 16:00:00,-0.2857885026872411,-0.3382663
2014-07-05 17:00:00,-0.329677192819907,-0.25419116
2014-07-05 18:00:00,-0.2528719850877416,-0.2816822
2014-07-05 19:00:00,-0.2528719850877416,-0.17827372
2014-07-05 20:00:00,-0.0992615696234111,-0.18157385
2014-07-05 21:00:00,0.0762931909072524,-0.023554305
2014-07-05 22:00:00,0.6249018175655758,0.1230583
2014-07-05 23:00:00,0.9211504759610706,0.69824183
2014-07-06 00:00:00,0.8992061308947376,0.98629105
2014-07-06 01:00:00,1.1735104442238993,0.8682374
2014-07-06 02:00:00,1.4587869300862275,1.203446
2014-07-06 03:00:00,1.2283713068897315,1.4598904
2014-07-06 04:00:00,1.1954547892902323,1.0766567
2014-07-06 05:00:00,1.5026756202188931,1.0905175
2014-07-06 06:00:00,1.6672582082163905,1.4572165
2014-07-06 07:00:00,1.4587869300862275,1.5978707
2014-07-06 08:00:00,1.5355921378183928,1.2614217
2014-07-06 09:00:00,1.2942043420887306,1.4170619
2014-07-06 10:00:00,1.283232169555564,1.0923195
2014-07-06 11:00:00,1.0528165463590682,1.1294357
2014-07-06 12:00:00,0.8772617858284046,0.85558134
2014-07-06 13:00:00,0.6249018175655758,0.7229872
2014-07-06 14:00:00,0.58101312743291,0.4535464
2014-07-06 15:00:00,0.58101312743291,0.5230031
2014-07-06 16:00:00,0.5480966098334106,0.54931676
2014-07-06 17:00:00,0.6358739900987423,0.49825403
2014-07-06 18:00:00,0.745595715430407,0.63884103
2014-07-06 19:00:00,0.7346235428972405,0.6989391
2014-07-06 20:00:00,0.9211504759610706,0.64833176
2014-07-06 21:00:00,1.0308722012927352,0.8740777
2014-07-06 22:00:00,0.8882339583615712,0.9213014
2014-07-06 23:00:00,0.58101312743291,0.73246324
2014-07-07 00:00:00,0.4274027119685794,0.41677693
2014-07-07 01:00:00,0.3615696767695806,0.3210967
2014-07-07 02:00:00,0.3286531591700812,0.27527517
2014-07-07 03:00:00,0.1750427437057506,0.2337703
2014-07-07 04:00:00,0.1530983986394176,0.09236744
2014-07-07 05:00:00,-0.0114841893580793,0.14625853
2014-07-07 06:00:00,-0.0663450520239117,0.002943506
2014-07-07 07:00:00,-0.1760667773555763,-0.030459395
2014-07-07 08:00:00,-0.2199554674882422,-0.15133435
2014-07-07 09:00:00,-0.2199554674882422,-0.22167037
2014-07-07 10:00:00,-0.1321780872229105,-0.23214884
2014-07-07 11:00:00,0.0324045007745865,-0.15176791
2014-07-07 12:00:00,0.3505975042364141,0.018283624
2014-07-07 13:00:00,0.5590687823665771,0.40143177
2014-07-07 14:00:00,0.7126791978309076,0.6108396
2014-07-07 15:00:00,0.8992061308947376,0.76252663
2014-07-07 16:00:00,0.9979556836932358,0.9664097
2014-07-07 17:00:00,1.0199000287595688,0.999493
2014-07-07 18:00:00,1.0089278562264024,0.9924069
2014-07-07 19:00:00,0.9760113386269028,0.94318306
2014-07-07 20:00:00,0.9650391660937364,0.8962685
2014-07-07 21:00:00,1.3490652047545628,0.84884495
2014-07-07 22:00:00,1.5246199652852264,1.2879022
2014-07-07 23:00:00,1.4807312751525603,1.3964849
2014-07-08 00:00:00,1.0528165463590682,1.2530456
2014-07-08 01:00:00,0.8772617858284046,0.7791703
2014-07-08 02:00:00,1.0089278562264024,0.7684498
2014-07-08 03:00:00,0.95406699356057,1.0171664
2014-07-08 04:00:00,0.7017070252977412,0.8196291
2014-07-08 05:00:00,0.6139296450324094,0.5982146
2014-07-08 06:00:00,0.6907348527645747,0.6083811
2014-07-08 07:00:00,0.4822635746344118,0.5841329
2014-07-08 08:00:00,0.4054583669022464,0.2301955
2014-07-08 09:00:00,0.3396253317032476,0.1926143
2014-07-08 10:00:00,0.1640705711725841,0.16666707
2014-07-08 11:00:00,-0.3516215378862399,-0.102470756
2014-07-08 12:00:00,-0.8124527842792316,-0.5778966
2014-07-08 13:00:00,-0.9221745096108964,-0.86495364
2014-07-08 14:00:00,-0.9331466821440628,-0.8682765
2014-07-08 15:00:00,-0.9880075448098952,-0.897311
2014-07-08 16:00:00,-0.9550910272103956,-0.94278395
2014-07-08 17:00:00,-0.9770353722767288,-0.9036666
2014-07-08 18:00:00,-1.009951889876228,-0.9295672
2014-07-08 19:00:00,-0.9880075448098952,-0.9213834
2014-07-08 20:00:00,-0.9221745096108964,-0.91394675
2014-07-08 21:00:00,-0.5600928160164028,-0.865294
2014-07-08 22:00:00,-0.6039815061490686,-0.61226827
2014-07-08 23:00:00,-0.6368980237485681,-0.6267297
2014-07-09 00:00:00,-0.494259780817404,-0.6304785
2014-07-09 01:00:00,-0.516204125883737,-0.41617838
2014-07-09 02:00:00,-0.1650946048224099,-0.5145041
2014-07-09 03:00:00,-0.6917588864144004,-0.19116397
2014-07-09 04:00:00,-0.8892579920113969,-0.769605
2014-07-09 05:00:00,-0.867313646945064,-0.8702675
2014-07-09 06:00:00,-0.9221745096108964,-0.8759187
2014-07-09 07:00:00,-0.9112023370777298,-0.9250611
2014-07-09 08:00:00,-0.9112023370777298,-0.9178967
2014-07-09 09:00:00,-0.9221745096108964,-0.92391
2014-07-09 10:00:00,-0.9770353722767288,-0.941301
2014-07-09 11:00:00,-0.9770353722767288,-0.9819404
2014-07-09 12:00:00,-0.9441188546772292,-1.0088475
2014-07-09 13:00:00,-0.9989797173430616,-0.9628376
2014-07-09 14:00:00,-1.009951889876228,-0.9818355
2014-07-09 15:00:00,-0.9880075448098952,-0.993721
2014-07-09 16:00:00,-0.9441188546772292,-0.9721831
2014-07-09 17:00:00,-0.9441188546772292,-0.9043205
2014-07-09 18:00:00,-0.8563414744118975,-0.8832394
2014-07-09 19:00:00,-0.7466197490802328,-0.8312727
2014-07-09 20:00:00,-0.7027310589475669,-0.73254335
2014-07-09 21:00:00,-0.7795362666797322,-0.6788924
2014-07-09 22:00:00,-0.7575919216133993,-0.7717122
2014-07-09 23:00:00,-0.7137032314807333,-0.73462576
2014-07-10 00:00:00,-0.7246754040138998,-0.66722643
2014-07-10 01:00:00,-0.7905084392128987,-0.66584283
2014-07-10 02:00:00,-0.5271762984169034,-0.71898985
2014-07-10 03:00:00,-0.329677192819907,-0.51169163
2014-07-10 04:00:00,-0.5271762984169034,-0.29951918
2014-07-10 05:00:00,-0.6698145413480675,-0.5474878
2014-07-10 06:00:00,-0.7575919216133993,-0.66655946
2014-07-10 07:00:00,-0.823424956812398,-0.75645787
2014-07-10 08:00:00,-0.823424956812398,-0.8630506
2014-07-10 09:00:00,-0.7905084392128987,-0.87711275
2014-07-10 10:00:00,-0.7905084392128987,-0.87685454
2014-07-10 11:00:00,-0.823424956812398,-0.8566203
2014-07-10 12:00:00,-0.9331466821440628,-0.84842986
2014-07-10 13:00:00,-0.9112023370777298,-0.9207155
2014-07-10 14:00:00,-0.9002301645445634,-0.88314736
2014-07-10 15:00:00,-0.7137032314807333,-0.8465793
2014-07-10 16:00:00,-0.9112023370777298,-0.6642594
2014-07-10 17:00:00,-0.9112023370777298,-0.8593707
2014-07-10 18:00:00,-0.9002301645445634,-0.7880368
2014-07-10 19:00:00,-0.8343971293455645,-0.79467475
2014-07-10 20:00:00,-0.7905084392128987,-0.7438354
2014-07-10 21:00:00,-0.7575919216133993,-0.7143315
2014-07-10 22:00:00,-0.658842368814901,-0.6810825
2014-07-10 23:00:00,-0.6368980237485681,-0.6111474
2014-07-11 00:00:00,-0.5710649885495693,-0.60412645
2014-07-11 01:00:00,-0.5271762984169034,-0.55011415
2014-07-11 02:00:00,-0.516204125883737,-0.5269233
2014-07-11 03:00:00,-0.4613432632179046,-0.5000505
2014-07-11 04:00:00,-0.4613432632179046,-0.40540624
2014-07-11 05:00:00,-0.3955102280189058,-0.41974407
2014-07-11 06:00:00,-0.4284267456184051,-0.41739976
2014-07-11 07:00:00,-0.6478701962817346,-0.4787003
2014-07-11 08:00:00,-0.7137032314807333,-0.73857164
2014-07-11 09:00:00,-0.9002301645445634,-0.80298245
2014-07-11 10:00:00,-0.9770353722767288,-0.95447767
2014-07-11 11:00:00,-0.9550910272103956,-0.99396944
2014-07-11 12:00:00,-0.966063199743562,-0.94636
2014-07-11 13:00:00,-0.9989797173430616,-0.91278845
2014-07-11 14:00:00,-0.9989797173430616,-0.93548
2014-07-11 15:00:00,-0.9221745096108964,-0.9134722
2014-07-11 16:00:00,-0.9550910272103956,-0.88697875
2014-07-11 17:00:00,-0.9221745096108964,-0.892118
2014-07-11 18:00:00,-0.9989797173430616,-0.9059926
2014-07-11 19:00:00,-0.9002301645445634,-0.94545835
2014-07-11 20:00:00,-0.7905084392128987,-0.85717523
2014-07-11 21:00:00,-0.7466197490802328,-0.7758634
2014-07-11 22:00:00,-0.7356475765470664,-0.7121977
2014-07-11 23:00:00,-0.7137032314807333,-0.6945578
2014-07-12 00:00:00,-0.5930093336159022,-0.6620815
2014-07-12 01:00:00,-0.8892579920113969,-0.5779753
2014-07-12 02:00:00,-0.867313646945064,-0.86793846
2014-07-12 03:00:00,-0.9989797173430616,-0.79716736
2014-07-12 04:00:00,-0.966063199743562,-0.985801
2014-07-12 05:00:00,-0.9989797173430616,-0.9839539
2014-07-12 06:00:00,-0.9880075448098952,-0.9923872
2014-07-12 07:00:00,-0.966063199743562,-0.97997594
2014-07-12 08:00:00,-0.9880075448098952,-0.9516743
2014-07-12 09:00:00,-0.9880075448098952,-0.9722231
2014-07-12 10:00:00,-0.9989797173430616,-0.97161806
2014-07-12 11:00:00,-1.0209240624093945,-0.98024213
2014-07-12 12:00:00,-1.0318962349425609,-0.9955988
2014-07-12 13:00:00,-1.0209240624093945,-0.99888134
2014-07-12 14:00:00,-1.009951889876228,-0.9817103
2014-07-12 15:00:00,-0.9989797173430616,-1.0193603
2014-07-12 16:00:00,-0.9880075448098952,-1.0062325
2014-07-12 17:00:00,-0.9770353722767288,-0.9818089
2014-07-12 18:00:00,-0.966063199743562,-0.9652941
2014-07-12 19:00:00,-0.9112023370777298,-0.93795604
2014-07-12 20:00:00,-0.9221745096108964,-0.87698585
2014-07-12 21:00:00,-0.8892579920113969,-0.8872646
2014-07-12 22:00:00,-0.8563414744118975,-0.8852538
2014-07-12 23:00:00,-0.8782858194782304,-0.83087754
2014-07-13 00:00:00,-0.7027310589475669,-0.8213386
2014-07-13 01:00:00,-0.7137032314807333,-0.66757417
2014-07-13 02:00:00,-0.7685640941465657,-0.68156314
2014-07-13 03:00:00,-0.9550910272103956,-0.72486913
2014-07-13 04:00:00,-0.8892579920113969,-0.8974838
2014-07-13 05:00:00,-0.8782858194782304,-0.8817822
2014-07-13 06:00:00,-0.9002301645445634,-0.8840823
2014-07-13 07:00:00,-0.9112023370777298,-0.8975123
2014-07-13 08:00:00,-0.9112023370777298,-0.9305786
2014-07-13 09:00:00,-0.9880075448098952,-0.94443715
2014-07-13 10:00:00,-0.9550910272103956,-0.99017715
2014-07-13 11:00:00,-0.9550910272103956,-0.9801755
2014-07-13 12:00:00,-0.9880075448098952,-0.9721614
2014-07-13 13:00:00,-0.9880075448098952,-0.98907506
2014-07-13 14:00:00,-0.966063199743562,-0.97845656
2014-07-13 15:00:00,-0.9770353722767288,-0.92124283
2014-07-13 16:00:00,-0.9989797173430616,-0.90539116
2014-07-13 17:00:00,-0.8782858194782304,-0.8578112
2014-07-13 18:00:00,-0.867313646945064,-0.8029259
2014-07-13 19:00:00,-0.8782858194782304,-0.79961836
2014-07-13 20:00:00,-0.8124527842792316,-0.809464
2014-07-13 21:00:00,-0.7137032314807333,-0.71402645
2014-07-13 22:00:00,-0.4613432632179046,-0.7043618
2014-07-13 23:00:00,-0.6039815061490686,-0.4950496
2014-07-14 00:00:00,-0.5491206434832363,-0.6040513
2014-07-14 01:00:00,-0.4613432632179046,-0.53845334
2014-07-14 02:00:00,-0.6149536786822352,-0.4692646
2014-07-14 03:00:00,-0.5930093336159022,-0.61213696
2014-07-14 04:00:00,-0.7575919216133993,-0.6076457
2014-07-14 05:00:00,-0.845369301878731,-0.76466036
2014-07-14 06:00:00,-0.867313646945064,-0.8417965
2014-07-14 07:00:00,-0.8343971293455645,-0.8740629
2014-07-14 08:00:00,-0.8892579920113969,-0.85441077
2014-07-14 09:00:00,-0.8563414744118975,-0.9005374
2014-07-14 10:00:00,-0.9002301645445634,-0.88560843
2014-07-14 11:00:00,-0.8892579920113969,-0.9378136
2014-07-14 12:00:00,-0.867313646945064,-0.91144645
2014-07-14 13:00:00,-0.8563414744118975,-0.86111903
2014-07-14 14:00:00,-0.7795362666797322,-0.81767136
2014-07-14 15:00:00,-0.7027310589475669,-0.7525987
2014-07-14 16:00:00,-0.6698145413480675,-0.6736308
2014-07-14 17:00:00,-0.7027310589475669,-0.63073397
2014-07-14 18:00:00,-0.6368980237485681,-0.66159505
2014-07-14 19:00:00,-0.680786713881234,-0.59536546
2014-07-14 20:00:00,-0.7027310589475669,-0.6058769
2014-07-14 21:00:00,-0.7685640941465657,-0.6357391
2014-07-14 22:00:00,-0.9331466821440628,-0.7107613
2014-07-14 23:00:00,-0.8892579920113969,-0.85990155
2014-07-15 00:00:00,-0.7685640941465657,-0.8089415
2014-07-15 01:00:00,-0.4393989181515716,-0.7675388
2014-07-15 02:00:00,-0.658842368814901,-0.5222349
2014-07-15 03:00:00,-0.7795362666797322,-0.72616833
2014-07-15 04:00:00,-0.7137032314807333,-0.7779194
2014-07-15 05:00:00,-0.658842368814901,-0.72894514
2014-07-15 06:00:00,-0.6368980237485681,-0.6644745
2014-07-15 07:00:00,-0.6917588864144004,-0.6265827
2014-07-15 08:00:00,-0.6149536786822352,-0.67346555
2014-07-15 09:00:00,-0.5600928160164028,-0.5842826
2014-07-15 10:00:00,-0.5491206434832363,-0.54909295
2014-07-15 11:00:00,-0.5271762984169034,-0.5470375
2014-07-15 12:00:00,-0.5491206434832363,-0.53300047
2014-07-15 13:00:00,-0.5271762984169034,-0.5781939
2014-07-15 14:00:00,-0.5491206434832363,-0.54939866
2014-07-15 15:00:00,-0.494259780817404,-0.55409044
2014-07-15 16:00:00,-0.472315435751071,-0.4865879
2014-07-15 17:00:00,-0.6039815061490686,-0.4483862
2014-07-15 18:00:00,-0.5381484709500699,-0.56808585
2014-07-15 19:00:00,-0.5600928160164028,-0.4848448
2014-07-15 20:00:00,-0.5052319533505705,-0.5223468
2014-07-15 21:00:00,-0.4174545730852387,-0.45762476
2014-07-15 22:00:00,-0.2967606752204075,-0.35613313
2014-07-15 23:00:00,-0.2089832949550758,-0.2423037
2014-07-16 00:00:00,-0.0773172245570781,-0.2011889
2014-07-16 01:00:00,0.0872653634404188,-0.10512625
2014-07-16 02:00:00,0.1311540535730847,0.15622553
2014-07-16 03:00:00,0.1421262261062512,0.13515984
2014-07-16 04:00:00,-0.1650946048224099,0.15842775
2014-07-16 05:00:00,-0.1102337421565775,-0.20699306
2014-07-16 06:00:00,-0.1650946048224099,-0.11902808
2014-07-16 07:00:00,0.2299036063715829,-0.20366895
2014-07-16 08:00:00,0.3286531591700812,0.2587952
2014-07-16 09:00:00,0.3615696767695806,0.28550228
2014-07-16 10:00:00,0.5261522647670777,0.36206716
2014-07-16 11:00:00,0.6578183351650753,0.5007095
2014-07-16 12:00:00,0.6468461626319087,0.6954264
2014-07-16 13:00:00,0.7894844055630729,0.5860202
2014-07-16 14:00:00,0.4603192295680788,0.9608829
2014-07-16 15:00:00,0.5042079197007447,0.2076508
2014-07-16 16:00:00,0.3725418493027471,0.5564444
2014-07-16 17:00:00,0.1201818810399182,0.26377
2014-07-16 18:00:00,-0.1102337421565775,0.017398097
2014-07-16 19:00:00,-0.4393989181515716,-0.17919835
2014-07-16 20:00:00,-0.4393989181515716,-0.46067828
2014-07-16 21:00:00,-0.329677192819907,-0.3966183
2014-07-16 22:00:00,-0.2199554674882422,-0.33729783
2014-07-16 23:00:00,-0.2857885026872411,-0.20546047
2014-07-17 00:00:00,-0.3955102280189058,-0.29315728
2014-07-17 01:00:00,-0.1980111224219093,-0.39075565
2014-07-17 02:00:00,0.1201818810399182,-0.17164953
2014-07-17 03:00:00,0.1311540535730847,0.1224485
2014-07-17 04:00:00,0.3067088141037483,0.10704089
2014-07-17 05:00:00,0.2847644690374153,0.30293524
2014-07-17 06:00:00,0.5151800922339111,0.25053304
2014-07-17 07:00:00,0.3835140218359135,0.54503626
2014-07-17 08:00:00,0.4603192295680788,0.3345742
2014-07-17 09:00:00,0.4822635746344118,0.5005676
2014-07-17 10:00:00,0.4603192295680788,0.5221296
2014-07-17 11:00:00,0.4274027119685794,0.43344408
2014-07-17 12:00:00,0.3176809866369147,0.40162808
2014-07-17 13:00:00,0.3505975042364141,0.2422928
2014-07-17 14:00:00,0.3286531591700812,0.3352096
2014-07-17 15:00:00,0.6797626802314082,0.32253337
2014-07-17 16:00:00,0.6797626802314082,0.7711548
2014-07-17 17:00:00,0.6907348527645747,0.6557028
2014-07-17 18:00:00,0.5700409548997435,0.71467125
2014-07-17 19:00:00,0.5480966098334106,0.55652624
2014-07-17 20:00:00,0.6578183351650753,0.59278524
2014-07-17 21:00:00,0.7894844055630729,0.6812565
2014-07-17 22:00:00,0.9650391660937364,0.8955825
2014-07-17 23:00:00,1.0418443738259018,0.98972833
2014-07-18 00:00:00,1.3161486871550634,1.0712156
2014-07-18 01:00:00,0.9979556836932358,1.4176021
2014-07-18 02:00:00,0.5919852999660764,0.7690682
2014-07-18 03:00:00,0.6358739900987423,0.3807428
2014-07-18 04:00:00,0.3396253317032476,0.54716444
2014-07-18 05:00:00,0.3067088141037483,0.031189268
2014-07-18 06:00:00,0.2518479514379159,0.27433595
2014-07-18 07:00:00,0.1311540535730847,0.20371349
2014-07-18 08:00:00,0.2408757789047494,0.04270943
2014-07-18 09:00:00,0.1421262261062512,0.23144788
2014-07-18 10:00:00,0.0982375359735853,0.08333063
2014-07-18 11:00:00,0.2189314338384165,0.068311624
2014-07-18 12:00:00,0.2737922965042488,0.23717813
2014-07-18 13:00:00,0.2957366415705817,0.27684537
2014-07-18 14:00:00,0.4712914021012453,0.32962468
2014-07-18 15:00:00,0.0982375359735853,0.54245985
2014-07-18 16:00:00,-0.0444007069575787,-0.036967646
2014-07-18 17:00:00,-0.2199554674882422,-0.0040118084
2014-07-18 18:00:00,-0.0444007069575787,-0.24149211
2014-07-18 19:00:00,0.0653210183740859,0.012242306
2014-07-18 20:00:00,0.0324045007745865,0.08621207
2014-07-18 21:00:00,-0.1760667773555763,0.018427504
2014-07-18 22:00:00,-0.2199554674882422,-0.18091463
2014-07-18 23:00:00,-0.2089832949550758,-0.15386994
2014-07-19 00:00:00,-0.1431502597560769,-0.16067736
2014-07-19 01:00:00,-0.3406493653530734,-0.10158479
2014-07-19 02:00:00,-0.2967606752204075,-0.3578177
2014-07-19 03:00:00,-0.307732847753574,-0.31819713
2014-07-19 04:00:00,-0.2528719850877416,-0.34320095
2014-07-19 05:00:00,-0.2528719850877416,-0.29363883
2014-07-19 06:00:00,-0.2748163301540746,-0.29255733
2014-07-19 07:00:00,-0.307732847753574,-0.29655278
2014-07-19 08:00:00,-0.3516215378862399,-0.31285447
2014-07-19 09:00:00,-0.4393989181515716,-0.3582261
2014-07-19 10:00:00,-0.5710649885495693,-0.45937204
2014-07-19 11:00:00,-0.5271762984169034,-0.5636426
2014-07-19 12:00:00,-0.3735658829525728,-0.5351831
2014-07-19 13:00:00,-0.472315435751071,-0.3976444
2014-07-19 14:00:00,-0.5381484709500699,-0.48699057
2014-07-19 15:00:00,-0.6039815061490686,-0.5046534
2014-07-19 16:00:00,-0.680786713881234,-0.5613244
2014-07-19 17:00:00,-0.6039815061490686,-0.6383955
2014-07-19 18:00:00,-0.5710649885495693,-0.5531028
2014-07-19 19:00:00,-0.516204125883737,-0.53584296
2014-07-19 20:00:00,-0.3955102280189058,-0.4921122
2014-07-19 21:00:00,-0.307732847753574,-0.36524326
2014-07-19 22:00:00,-0.2089832949550758,-0.2874309
2014-07-19 23:00:00,-0.3735658829525728,-0.19678259
2014-07-20 00:00:00,-0.6478701962817346,-0.37463346
2014-07-20 01:00:00,-0.5930093336159022,-0.60386485
2014-07-20 02:00:00,-0.4393989181515716,-0.5812061
2014-07-20 03:00:00,-0.472315435751071,-0.41914785
2014-07-20 04:00:00,-0.3845380554857393,-0.44904727
2014-07-20 05:00:00,-0.3955102280189058,-0.36260277
2014-07-20 06:00:00,-0.4174545730852387,-0.40918517
2014-07-20 07:00:00,-0.494259780817404,-0.41471985
2014-07-20 08:00:00,-0.5271762984169034,-0.49993974
2014-07-20 09:00:00,-0.494259780817404,-0.5416222
2014-07-20 10:00:00,-0.4393989181515716,-0.5210608
2014-07-20 11:00:00,-0.5271762984169034,-0.4721526
2014-07-20 12:00:00,-0.494259780817404,-0.53734016
2014-07-20 13:00:00,-0.3625937104194063,-0.48126996
2014-07-20 14:00:00,-0.1650946048224099,-0.32409042
2014-07-20 15:00:00,-0.1431502597560769,-0.12523703
2014-07-20 16:00:00,-0.2309276400214087,-0.1259422
2014-07-20 17:00:00,-0.4393989181515716,-0.20581938
2014-07-20 18:00:00,-0.3406493653530734,-0.41569915
2014-07-20 19:00:00,-0.4503710906847381,-0.30027327
2014-07-20 20:00:00,-0.516204125883737,-0.41525874
2014-07-20 21:00:00,-0.494259780817404,-0.45867893
2014-07-20 22:00:00,-0.5271762984169034,-0.44314104
2014-07-20 23:00:00,-0.5710649885495693,-0.48075777
2014-07-21 00:00:00,-0.4832876082842375,-0.50960493
2014-07-21 01:00:00,-0.4503710906847381,-0.43192273
2014-07-21 02:00:00,-0.4393989181515716,-0.40568018
2014-07-21 03:00:00,-0.494259780817404,-0.39953893
2014-07-21 04:00:00,-0.4503710906847381,-0.44191158
2014-07-21 05:00:00,-0.4503710906847381,-0.422253
2014-07-21 06:00:00,-0.516204125883737,-0.42547688
2014-07-21 07:00:00,-0.8782858194782304,-0.5819749
2014-07-21 08:00:00,-0.8782858194782304,-0.8138565
2014-07-21 09:00:00,-0.8782858194782304,-0.8374175
2014-07-21 10:00:00,-0.9770353722767288,-0.84832835
2014-07-21 11:00:00,-0.9331466821440628,-0.932733
2014-07-21 12:00:00,-0.966063199743562,-0.91622293
2014-07-21 13:00:00,-0.9331466821440628,-0.9414716
2014-07-21 14:00:00,-0.9441188546772292,-0.96718144
2014-07-21 15:00:00,-0.9331466821440628,-0.9695675
2014-07-21 16:00:00,-0.9550910272103956,-0.95033836
2014-07-21 17:00:00,-0.9770353722767288,-0.943129
2014-07-21 18:00:00,-0.9441188546772292,-0.97860426
2014-07-21 19:00:00,-0.9331466821440628,-0.9040418
2014-07-21 20:00:00,-0.9112023370777298,-0.9271181
2014-07-21 21:00:00,-0.9441188546772292,-0.89432395
2014-07-21 22:00:00,-0.9770353722767288,-0.914691
2014-07-21 23:00:00,-0.9989797173430616,-0.9586126
2014-07-22 00:00:00,-1.0318962349425609,-0.99555695
2014-07-22 01:00:00,-1.0318962349425609,-1.0002258
2014-07-22 02:00:00,-0.9550910272103956,-1.0130341
2014-07-22 03:00:00,-0.9880075448098952,-0.95824236
2014-07-22 04:00:00,-0.9221745096108964,-0.9718183
2014-07-22 05:00:00,-0.9221745096108964,-0.9411315
2014-07-22 06:00:00,-0.9441188546772292,-0.94203085
2014-07-22 07:00:00,-0.9002301645445634,-0.9548213
2014-07-22 08:00:00,-0.8892579920113969,-0.934334
2014-07-22 09:00:00,-0.9331466821440628,-0.9143554
2014-07-22 10:00:00,-0.966063199743562,-0.9605584
2014-07-22 11:00:00,-0.9441188546772292,-0.971223
2014-07-22 12:00:00,-0.9221745096108964,-0.9282291
2014-07-22 13:00:00,-0.9002301645445634,-0.9322641
2014-07-22 14:00:00,-0.9112023370777298,-0.9006367
2014-07-22 15:00:00,-0.9221745096108964,-0.9208999
2014-07-22 16:00:00,-0.9221745096108964,-0.90671545
2014-07-22 17:00:00,-0.9770353722767288,-0.9099034
2014-07-22 18:00:00,-0.9331466821440628,-0.95148593
2014-07-22 19:00:00,-1.009951889876228,-0.9325659
2014-07-22 20:00:00,-0.966063199743562,-0.98035395
2014-07-22 21:00:00,-0.8892579920113969,-0.9480252
2014-07-22 22:00:00,-0.867313646945064,-0.88887984
2014-07-22 23:00:00,-0.9112023370777298,-0.8855884
2014-07-23 00:00:00,-0.9221745096108964,-0.9146352
2014-07-23 01:00:00,-0.8782858194782304,-0.92575514
2014-07-23 02:00:00,-0.8782858194782304,-0.89153564
2014-07-23 03:00:00,-0.867313646945064,-0.88433075
2014-07-23 04:00:00,-0.845369301878731,-0.85921645
2014-07-23 05:00:00,-0.966063199743562,-0.8358248
2014-07-23 06:00:00,-0.9550910272103956,-0.90115905
2014-07-23 07:00:00,-0.8892579920113969,-0.8992567
2014-07-23 08:00:00,-0.8782858194782304,-0.8667489
2014-07-23 09:00:00,-0.9221745096108964,-0.8463898
2014-07-23 10:00:00,-0.9002301645445634,-0.8915754
2014-07-23 11:00:00,-0.8892579920113969,-0.91676795
2014-07-23 12:00:00,-0.9550910272103956,-0.9106709
2014-07-23 13:00:00,-0.8563414744118975,-0.9695824
2014-07-23 14:00:00,-0.8782858194782304,-0.89543855
2014-07-23 15:00:00,-0.9221745096108964,-0.88779557
2014-07-23 16:00:00,-0.8782858194782304,-0.90222526
2014-07-23 17:00:00,-0.867313646945064,-0.85432756
2014-07-23 18:00:00,-0.867313646945064,-0.844375
2014-07-23 19:00:00,-0.6368980237485681,-0.84124005
2014-07-23 20:00:00,-0.5930093336159022,-0.5951208
2014-07-23 21:00:00,-0.6259258512154017,-0.5796767
2014-07-23 22:00:00,-0.6368980237485681,-0.59489083
2014-07-23 23:00:00,-0.6478701962817346,-0.6081045
2014-07-24 00:00:00,-0.5930093336159022,-0.59005064
2014-07-24 01:00:00,-0.494259780817404,-0.54952437
2014-07-24 02:00:00,-0.5271762984169034,-0.42343986
2014-07-24 03:00:00,-0.5491206434832363,-0.518971
2014-07-24 04:00:00,-0.2857885026872411,-0.54173774
2014-07-24 05:00:00,-0.2967606752204075,-0.29138517
2014-07-24 06:00:00,-0.1980111224219093,-0.34472322
2014-07-24 07:00:00,-0.2857885026872411,-0.2307338
2014-07-24 08:00:00,-0.2638441576209081,-0.33821973
2014-07-24 09:00:00,-0.1980111224219093,-0.30397075
2014-07-24 10:00:00,-0.1102337421565775,-0.1988918
2014-07-24 11:00:00,0.0324045007745865,-0.13186769
2014-07-24 12:00:00,-0.121205914689744,0.027396377
2014-07-24 13:00:00,-0.3625937104194063,-0.2003674
2014-07-24 14:00:00,-0.1650946048224099,-0.39133912
2014-07-24 15:00:00,-0.4174545730852387,-0.17640378
2014-07-24 16:00:00,-0.5491206434832363,-0.45389158
2014-07-24 17:00:00,-0.3406493653530734,-0.5134272
2014-07-24 18:00:00,-0.5381484709500699,-0.28231898
2014-07-24 19:00:00,-0.8343971293455645,-0.5487867
2014-07-24 20:00:00,-0.7356475765470664,-0.77647144
2014-07-24 21:00:00,-0.7137032314807333,-0.6816608
2014-07-24 22:00:00,-0.4064824005520722,-0.6738669
2014-07-24 23:00:00,0.0433766733077529,-0.40355054
2014-07-25 00:00:00,0.39448619436908,0.11758871
2014-07-25 01:00:00,0.5042079197007447,0.513988
2014-07-25 02:00:00,0.1969870887720835,0.5848464
2014-07-25 03:00:00,0.2957366415705817,0.09061896
2014-07-25 04:00:00,0.5371244373002441,0.27437788
2014-07-25 05:00:00,0.6578183351650753,0.51497394
2014-07-25 06:00:00,0.1750427437057506,0.617123
2014-07-25 07:00:00,-0.0992615696234111,-0.019209461
2014-07-25 08:00:00,-0.0334285344244122,-0.20213203
2014-07-25 09:00:00,-0.4284267456184051,-0.08177709
2014-07-25 10:00:00,-0.5600928160164028,-0.59047467
2014-07-25 11:00:00,-0.658842368814901,-0.6201818
2014-07-25 12:00:00,-0.7575919216133993,-0.7153344
2014-07-25 13:00:00,-0.8014806117460651,-0.7382168
2014-07-25 14:00:00,-0.7466197490802328,-0.7413204
2014-07-25 15:00:00,-0.7905084392128987,-0.67954016
2014-07-25 16:00:00,-0.7575919216133993,-0.70141906
2014-07-25 17:00:00,-0.680786713881234,-0.66766244
2014-07-25 18:00:00,-0.6039815061490686,-0.62396955
2014-07-25 19:00:00,-0.6149536786822352,-0.5807221
2014-07-25 20:00:00,-0.494259780817404,-0.5970306
2014-07-25 21:00:00,-0.4284267456184051,-0.49424934
2014-07-25 22:00:00,-0.3406493653530734,-0.43184084
2014-07-25 23:00:00,-0.3406493653530734,-0.34179348
2014-07-26 00:00:00,-0.307732847753574,-0.33356777
2014-07-26 01:00:00,-0.1431502597560769,-0.29605165
2014-07-26 02:00:00,-0.0992615696234111,-0.121475935
2014-07-26 03:00:00,0.1750427437057506,-0.093757205
2014-07-26 04:00:00,0.39448619436908,0.22982872
2014-07-26 05:00:00,0.5042079197007447,0.45385164
2014-07-26 06:00:00,0.5371244373002441,0.5266762
2014-07-26 07:00:00,0.4603192295680788,0.5415454
2014-07-26 08:00:00,0.4054583669022464,0.4159382
2014-07-26 09:00:00,0.1421262261062512,0.3266932
2014-07-26 10:00:00,0.20795926130525,0.030468803
2014-07-26 11:00:00,0.0762931909072524,0.1822726
2014-07-26 12:00:00,0.1311540535730847,0.010283187
2014-07-26 13:00:00,-0.2199554674882422,0.12984222
2014-07-26 14:00:00,-0.4174545730852387,-0.31320935
2014-07-26 15:00:00,-0.3625937104194063,-0.39552465
2014-07-26 16:00:00,-0.4174545730852387,-0.34042698
2014-07-26 17:00:00,-0.2638441576209081,-0.43669376
2014-07-26 18:00:00,-0.307732847753574,-0.22455737
2014-07-26 19:00:00,-0.4064824005520722,-0.32843512
2014-07-26 20:00:00,-0.472315435751071,-0.38862363
2014-07-26 21:00:00,-0.4174545730852387,-0.44202328
2014-07-26 22:00:00,-0.4503710906847381,-0.3687848
2014-07-26 23:00:00,-0.472315435751071,-0.43642512
2014-07-27 00:00:00,-0.4393989181515716,-0.45891476
2014-07-27 01:00:00,-0.3516215378862399,-0.41821933
2014-07-27 02:00:00,-0.2638441576209081,-0.3527823
2014-07-27 03:00:00,-0.1541224322892434,-0.275053
2014-07-27 04:00:00,-0.0334285344244122,-0.17381345
2014-07-27 05:00:00,0.02143232824142,-0.035812665
2014-07-27 06:00:00,0.1201818810399182,0.0133999605
2014-07-27 07:00:00,0.0762931909072524,0.12159087
2014-07-27 08:00:00,0.0653210183740859,0.07748389
2014-07-27 09:00:00,0.1421262261062512,0.07982189
2014-07-27 10:00:00,0.0543488458409194,0.14129405
2014-07-27 11:00:00,0.1530983986394176,0.020602904
2014-07-27 12:00:00,0.3615696767695806,0.14789411
2014-07-27 13:00:00,0.2189314338384165,0.3432654
2014-07-27 14:00:00,-0.0114841893580793,0.096315645
2014-07-27 15:00:00,-0.1431502597560769,-0.11178876
2014-07-27 16:00:00,-0.0773172245570781,-0.13204138
2014-07-27 17:00:00,-0.1650946048224099,-0.001386507
2014-07-27 18:00:00,-0.0553728794907452,-0.17060618
2014-07-27 19:00:00,-0.0224563618912458,0.062004693
2014-07-27 20:00:00,-0.0114841893580793,0.014130108
2014-07-27 21:00:00,-0.1321780872229105,0.04307537
2014-07-27 22:00:00,-0.1870389498887428,-0.121775895
2014-07-27 23:00:00,-0.1760667773555763,-0.15989111
2014-07-28 00:00:00,-0.0773172245570781,-0.1620879
2014-07-28 01:00:00,-0.0553728794907452,-0.06373153
2014-07-28 02:00:00,0.1421262261062512,-0.07327863
2014-07-28 03:00:00,0.2299036063715829,0.14023311
2014-07-28 04:00:00,0.2957366415705817,0.20695674
2014-07-28 05:00:00,0.3725418493027471,0.26716536
2014-07-28 06:00:00,0.4164305394354129,0.34262824
2014-07-28 07:00:00,0.4493470570349123,0.3793354
2014-07-28 08:00:00,0.4712914021012453,0.39149094
2014-07-28 09:00:00,0.2737922965042488,0.3949929
2014-07-28 10:00:00,0.1201818810399182,0.19692473
2014-07-28 11:00:00,0.1969870887720835,0.070681594
2014-07-28 12:00:00,0.1092097085067518,0.17493938
2014-07-28 13:00:00,0.0104601557082535,0.06621807
2014-07-28 14:00:00,-0.2967606752204075,-0.045078572
2014-07-28 15:00:00,-0.4284267456184051,-0.37658048
2014-07-28 16:00:00,-0.3625937104194063,-0.40086776
2014-07-28 17:00:00,-0.2199554674882422,-0.31716275
2014-07-28 18:00:00,-0.2089832949550758,-0.15954222
2014-07-28 19:00:00,-0.2528719850877416,-0.1826631
2014-07-28 20:00:00,-0.121205914689744,-0.17046824
2014-07-28 21:00:00,-0.1321780872229105,-0.07153485
2014-07-28 22:00:00,-0.1870389498887428,-0.117121115
2014-07-28 23:00:00,-0.121205914689744,-0.17338033
2014-07-29 00:00:00,-0.0444007069575787,-0.11425367
2014-07-29 01:00:00,-0.1102337421565775,-0.04661682
2014-07-29 02:00:00,-0.0114841893580793,-0.13228759
2014-07-29 03:00:00,0.0104601557082535,-0.037764188
2014-07-29 04:00:00,0.1530983986394176,-0.027424762
2014-07-29 05:00:00,0.3835140218359135,0.10177135
2014-07-29 06:00:00,0.6029574724992429,0.3256086
2014-07-29 07:00:00,0.9760113386269028,0.5425857
2014-07-29 08:00:00,0.8662896132952382,0.89399004
2014-07-29 09:00:00,0.5590687823665771,0.7132984
2014-07-29 10:00:00,0.2737922965042488,0.4080722
2014-07-29 11:00:00,0.0104601557082535,0.13997716
2014-07-29 12:00:00,-0.0882893970902446,-0.08726178
2014-07-29 13:00:00,-0.0334285344244122,-0.1647938
2014-07-29 14:00:00,-0.1541224322892434,-0.0863
2014-07-29 15:00:00,-0.1760667773555763,-0.18324591
2014-07-29 16:00:00,-0.121205914689744,-0.19056343
2014-07-29 17:00:00,-0.121205914689744,-0.121129215
2014-07-29 18:00:00,-0.1541224322892434,-0.090320475
2014-07-29 19:00:00,-0.0882893970902446,-0.13124351
2014-07-29 20:00:00,-0.1541224322892434,-0.076498255
2014-07-29 21:00:00,-0.1650946048224099,-0.13176848
2014-07-29 22:00:00,-0.1870389498887428,-0.17514858
2014-07-29 23:00:00,-0.1980111224219093,-0.17379546
2014-07-30 00:00:00,-0.2418998125545752,-0.18214267
2014-07-30 01:00:00,-0.3406493653530734,-0.21873133
2014-07-30 02:00:00,-0.5271762984169034,-0.30271497
2014-07-30 03:00:00,-0.516204125883737,-0.5556574
2014-07-30 04:00:00,-0.1321780872229105,-0.49799907
2014-07-30 05:00:00,0.186014916238917,-0.18944617
2014-07-30 06:00:00,0.1421262261062512,0.23156472
2014-07-30 07:00:00,0.4603192295680788,0.19290987
2014-07-30 08:00:00,0.3725418493027471,0.49020153
2014-07-30 09:00:00,0.6468461626319087,0.3125009
2014-07-30 10:00:00,0.5590687823665771,0.64010096
2014-07-30 11:00:00,0.5371244373002441,0.42540836
2014-07-30 12:00:00,0.5261522647670777,0.4572301
2014-07-30 13:00:00,0.3505975042364141,0.45186156
2014-07-30 14:00:00,0.3286531591700812,0.26364416
2014-07-30 15:00:00,0.2408757789047494,0.32051075
2014-07-30 16:00:00,0.1311540535730847,0.20119026
2014-07-30 17:00:00,0.3286531591700812,0.11456429
2014-07-30 18:00:00,0.4822635746344118,0.3637063
2014-07-30 19:00:00,0.6249018175655758,0.53835994
2014-07-30 20:00:00,0.932122648494237,0.67430294
2014-07-30 21:00:00,1.0857330639585676,0.9984115
2014-07-30 22:00:00,1.2283713068897315,1.091446
2014-07-30 23:00:00,1.217399134356565,1.2248206
2014-07-31 00:00:00,1.1076774090249004,1.1882517
2014-07-31 01:00:00,1.0199000287595688,1.0336899
2014-07-31 02:00:00,1.0747608914254012,0.9682415
2014-07-31 03:00:00,0.95406699356057,1.0858458
2014-07-31 04:00:00,0.9211504759610706,0.8453576
2014-07-31 05:00:00,1.0089278562264024,0.84539914
2014-07-31 06:00:00,1.184482616757066,0.99695826
2014-07-31 07:00:00,1.305176514621897,1.17946
2014-07-31 08:00:00,1.6453138631500577,1.2836957
2014-07-31 09:00:00,1.3929538948872286,1.7116542
2014-07-31 10:00:00,1.2064269618233987,1.1814098
2014-07-31 11:00:00,0.8333730956957388,1.0964413
2014-07-31 12:00:00,0.8772617858284046,0.55437636
2014-07-31 13:00:00,0.7017070252977412,0.85089684
2014-07-31 14:00:00,0.6907348527645747,0.5133873
2014-07-31 15:00:00,0.6029574724992429,0.65964437
2014-07-31 16:00:00,0.3725418493027471,0.5307889
2014-07-31 17:00:00,0.3725418493027471,0.29966143
2014-07-31 18:00:00,0.2408757789047494,0.42078653
2014-07-31 19:00:00,0.2737922965042488,0.22101742
2014-07-31 20:00:00,0.3835140218359135,0.31250978
2014-07-31 21:00:00,0.7346235428972405,0.4177893
2014-07-31 22:00:00,0.95406699356057,0.7883177
2014-07-31 23:00:00,1.1625382716907329,0.93128586
2014-08-01 00:00:00,1.0528165463590682,1.1441092
2014-08-01 01:00:00,0.5919852999660764,0.9160699
2014-08-01 02:00:00,0.2189314338384165,0.37510774
2014-08-01 03:00:00,0.3835140218359135,0.12130149
2014-08-01 04:00:00,0.3505975042364141,0.36750793
2014-08-01 05:00:00,0.39448619436908,0.3239902
2014-08-01 06:00:00,0.5042079197007447,0.40191054
2014-08-01 07:00:00,0.6468461626319087,0.5449641
2014-08-01 08:00:00,0.8662896132952382,0.6604867
2014-08-01 09:00:00,0.932122648494237,0.8928864
2014-08-01 10:00:00,0.5700409548997435,0.88316095
2014-08-01 11:00:00,0.1311540535730847,0.349754
2014-08-01 12:00:00,0.2518479514379159,-0.035209414
2014-08-01 13:00:00,0.0982375359735853,0.22688977
2014-08-01 14:00:00,0.0324045007745865,0.02817368
2014-08-01 15:00:00,-0.0224563618912458,0.045240205
2014-08-01 16:00:00,-0.0663450520239117,-0.002714668
2014-08-01 17:00:00,0.0653210183740859,-0.036041293
2014-08-01 18:00:00,0.1640705711725841,0.13914429
2014-08-01 19:00:00,0.2628201239710824,0.23734626
2014-08-01 20:00:00,0.3725418493027471,0.32167357
2014-08-01 21:00:00,0.3725418493027471,0.4268384
2014-08-01 22:00:00,0.4054583669022464,0.36507457
2014-08-01 23:00:00,0.0104601557082535,0.44679534
2014-08-02 00:00:00,-0.2418998125545752,-0.054562982
2014-08-02 01:00:00,-0.2309276400214087,-0.21176513
2014-08-02 02:00:00,-0.1650946048224099,-0.20266229
2014-08-02 03:00:00,-0.0773172245570781,-0.17641683
2014-08-02 04:00:00,-0.1321780872229105,-0.10764307
2014-08-02 05:00:00,-0.2418998125545752,-0.19735695
2014-08-02 06:00:00,-0.3406493653530734,-0.2828027
2014-08-02 07:00:00,-0.4174545730852387,-0.3372141
2014-08-02 08:00:00,-0.472315435751071,-0.39526165
2014-08-02 09:00:00,-0.2528719850877416,-0.44562232
2014-08-02 10:00:00,-0.1431502597560769,-0.24459614
2014-08-02 11:00:00,-0.0334285344244122,-0.115049735
2014-08-02 12:00:00,0.0104601557082535,-0.015998507
2014-08-02 13:00:00,0.1311540535730847,0.011333389
2014-08-02 14:00:00,0.0982375359735853,0.15977944
2014-08-02 15:00:00,0.1092097085067518,0.10831303
2014-08-02 16:00:00,0.0433766733077529,0.17067833
2014-08-02 17:00:00,0.0433766733077529,0.06200887
2014-08-02 18:00:00,0.0104601557082535,0.080999374
2014-08-02 19:00:00,-0.0005120168249128,0.012769349
2014-08-02 20:00:00,0.1421262261062512,0.006452072
2014-08-02 21:00:00,0.1640705711725841,0.19163151
2014-08-02 22:00:00,0.2299036063715829,0.14546235
2014-08-02 23:00:00,0.20795926130525,0.27335864
2014-08-03 00:00:00,0.4164305394354129,0.24501573
2014-08-03 01:00:00,0.5042079197007447,0.48063546
2014-08-03 02:00:00,0.6358739900987423,0.48878634
2014-08-03 03:00:00,0.9211504759610706,0.64101803
2014-08-03 04:00:00,0.9869835111600692,0.900712
2014-08-03 05:00:00,1.1076774090249004,0.9284476
2014-08-03 06:00:00,0.8224009231625723,1.0327715
2014-08-03 07:00:00,0.3505975042364141,0.6500292
2014-08-03 08:00:00,0.02143232824142,0.10059007
2014-08-03 09:00:00,-0.1321780872229105,-0.15664013
2014-08-03 10:00:00,-0.2857885026872411,-0.27243972
2014-08-03 11:00:00,-0.2857885026872411,-0.3430183
2014-08-03 12:00:00,-0.1980111224219093,-0.28944612
2014-08-03 13:00:00,-0.2967606752204075,-0.15917121
2014-08-03 14:00:00,-0.0553728794907452,-0.25637797
2014-08-03 15:00:00,-0.2638441576209081,0.12041209
2014-08-03 16:00:00,0.02143232824142,-0.33613834
2014-08-03 17:00:00,-0.307732847753574,0.1423531
2014-08-03 18:00:00,-0.3406493653530734,-0.44523776
2014-08-03 19:00:00,-0.5271762984169034,-0.30737078
2014-08-03 20:00:00,-0.5052319533505705,-0.49676907
2014-08-03 21:00:00,-0.3625937104194063,-0.44865698
2014-08-03 22:00:00,-0.4064824005520722,-0.36210358
2014-08-03 23:00:00,-0.3625937104194063,-0.42279154
2014-08-04 00:00:00,-0.2857885026872411,-0.3766243
2014-08-04 01:00:00,-0.2199554674882422,-0.24948107
2014-08-04 02:00:00,-0.0882893970902446,-0.24605854
2014-08-04 03:00:00,-0.121205914689744,-0.09149106
2014-08-04 04:00:00,-0.1980111224219093,-0.14174877
2014-08-04 05:00:00,-0.0882893970902446,-0.18919872
2014-08-04 06:00:00,-0.1102337421565775,-0.08361569
2014-08-04 07:00:00,-0.1102337421565775,-0.13944805
2014-08-04 08:00:00,-0.4503710906847381,-0.15945576
2014-08-04 09:00:00,-0.966063199743562,-0.6066792
2014-08-04 10:00:00,-0.9880075448098952,-0.9568431
2014-08-04 11:00:00,-1.0209240624093945,-0.9745297
2014-08-04 12:00:00,-1.0428684074757275,-1.0106325
2014-08-04 13:00:00,-1.0209240624093945,-1.0002679
2014-08-04 14:00:00,-1.0209240624093945,-0.9876561
2014-08-04 15:00:00,-1.0318962349425609,-0.99325264
2014-08-04 16:00:00,-1.053840580008894,-1.0017905
2014-08-04 17:00:00,-1.0209240624093945,-1.0224413
2014-08-04 18:00:00,-1.0209240624093945,-1.0341771
2014-08-04 19:00:00,-1.053840580008894,-1.0613117
2014-08-04 20:00:00,-1.075784925075227,-1.0802821
2014-08-04 21:00:00,-1.075784925075227,-1.1007445
2014-08-04 22:00:00,-1.053840580008894,-1.1035565
2014-08-04 23:00:00,-1.053840580008894,-1.0880876
2014-08-05 00:00:00,-1.0318962349425609,-1.0711792
2014-08-05 01:00:00,-0.9441188546772292,-1.0495477
2014-08-05 02:00:00,-0.9550910272103956,-0.99352777
2014-08-05 03:00:00,-0.9880075448098952,-0.9691621
2014-08-05 04:00:00,-1.009951889876228,-0.9882801
2014-08-05 05:00:00,-0.9989797173430616,-1.0106273
2014-08-05 06:00:00,-0.9770353722767288,-1.0220183
2014-08-05 07:00:00,-0.9441188546772292,-1.0023167
2014-08-05 08:00:00,-0.9221745096108964,-0.9717866
2014-08-05 09:00:00,-0.9441188546772292,-0.95357597
2014-08-05 10:00:00,-0.823424956812398,-0.95529354
2014-08-05 11:00:00,-0.823424956812398,-0.88547814
2014-08-05 12:00:00,-0.7575919216133993,-0.8384153
2014-08-05 13:00:00,-0.8014806117460651,-0.7886792
2014-08-05 14:00:00,-0.8124527842792316,-0.7865565
2014-08-05 15:00:00,-0.7905084392128987,-0.83092964
2014-08-05 16:00:00,-0.7466197490802328,-0.7874321
2014-08-05 17:00:00,-0.5381484709500699,-0.7310808
2014-08-05 18:00:00,-0.7466197490802328,-0.5100391
2014-08-05 19:00:00,-0.823424956812398,-0.69952357
2014-08-05 20:00:00,-0.845369301878731,-0.7315757
2014-08-05 21:00:00,-0.8014806117460651,-0.7812176
2014-08-05 22:00:00,-0.7905084392128987,-0.7366812
2014-08-05 23:00:00,-0.8124527842792316,-0.7303246
2014-08-06 00:00:00,-0.7466197490802328,-0.76518166
2014-08-06 01:00:00,-0.7246754040138998,-0.719869
2014-08-06 02:00:00,-0.5710649885495693,-0.67446953
2014-08-06 03:00:00,-0.5600928160164028,-0.5651899
2014-08-06 04:00:00,-0.4393989181515716,-0.5735141
2014-08-06 05:00:00,-0.4064824005520722,-0.49202645
2014-08-06 06:00:00,-0.4174545730852387,-0.486478
2014-08-06 07:00:00,-0.3516215378862399,-0.4964388
2014-08-06 08:00:00,-0.4064824005520722,-0.4408797
2014-08-06 09:00:00,-0.5491206434832363,-0.48451757
2014-08-06 10:00:00,-0.845369301878731,-0.6526238
2014-08-06 11:00:00,-0.9221745096108964,-0.88105965
2014-08-06 12:00:00,-1.009951889876228,-0.94787955
2014-08-06 13:00:00,-1.0318962349425609,-1.0212024
2014-08-06 14:00:00,-1.0648127525420603,-1.0163461
2014-08-06 15:00:00,-1.075784925075227,-1.0194926
2014-08-06 16:00:00,-1.0428684074757275,-1.0183251
2014-08-06 17:00:00,-1.053840580008894,-0.98481536
2014-08-06 18:00:00,-1.009951889876228,-0.99844503
2014-08-06 19:00:00,-0.9331466821440628,-0.974242
2014-08-06 20:00:00,-0.823424956812398,-0.8353177
2014-08-06 21:00:00,-0.7905084392128987,-0.76921016
2014-08-06 22:00:00,-0.5930093336159022,-0.7440742
2014-08-06 23:00:00,-0.3187050202867404,-0.58196735
2014-08-07 00:00:00,0.2737922965042488,-0.3595038
2014-08-07 01:00:00,0.4603192295680788,0.176928
2014-08-07 02:00:00,0.0543488458409194,0.51522315
2014-08-07 03:00:00,0.0104601557082535,-0.038267206
2014-08-07 04:00:00,-0.121205914689744,0.0065413523
2014-08-07 05:00:00,-0.0773172245570781,-0.17471002
2014-08-07 06:00:00,-0.1650946048224099,-0.1543051
2014-08-07 07:00:00,-0.4174545730852387,-0.24179961
2014-08-07 08:00:00,-0.658842368814901,-0.50131845
2014-08-07 09:00:00,-0.5271762984169034,-0.7161249
2014-08-07 10:00:00,-0.4174545730852387,-0.60578054
2014-08-07 11:00:00,-0.494259780817404,-0.5060311
2014-08-07 12:00:00,-0.5710649885495693,-0.54965353
2014-08-07 13:00:00,-0.6478701962817346,-0.58436644
2014-08-07 14:00:00,-0.6698145413480675,-0.5908067
2014-08-07 15:00:00,-0.6259258512154017,-0.58971065
2014-08-07 16:00:00,-0.6259258512154017,-0.5520522
2014-08-07 17:00:00,-0.6149536786822352,-0.56597173
2014-08-07 18:00:00,-0.6917588864144004,-0.5414653
2014-08-07 19:00:00,-0.658842368814901,-0.6189716
2014-08-07 20:00:00,-0.3955102280189058,-0.5677204
2014-08-07 21:00:00,-0.5710649885495693,-0.35757652
2014-08-07 22:00:00,-0.4832876082842375,-0.56651574
2014-08-07 23:00:00,-0.6478701962817346,-0.45091617
2014-08-08 00:00:00,-0.5710649885495693,-0.6205347
2014-08-08 01:00:00,-0.7795362666797322,-0.54958653
2014-08-08 02:00:00,-0.658842368814901,-0.7257695
2014-08-08 03:00:00,-0.6368980237485681,-0.5944513
2014-08-08 04:00:00,-0.5820371610827357,-0.6079022
2014-08-08 05:00:00,-0.5381484709500699,-0.56568474
2014-08-08 06:00:00,-0.3406493653530734,-0.5424201
2014-08-08 07:00:00,-0.2309276400214087,-0.3303707
2014-08-08 08:00:00,-0.1102337421565775,-0.25159165
2014-08-08 09:00:00,-0.1870389498887428,-0.15966524
2014-08-08 10:00:00,-0.2638441576209081,-0.27131832
2014-08-08 11:00:00,-0.1650946048224099,-0.30758038
2014-08-08 12:00:00,-0.307732847753574,-0.1996774
2014-08-08 13:00:00,-0.4832876082842375,-0.36658996
2014-08-08 14:00:00,-0.6039815061490686,-0.51743895
2014-08-08 15:00:00,-0.5930093336159022,-0.6022734
2014-08-08 16:00:00,-0.6698145413480675,-0.5753059
2014-08-08 17:00:00,-0.5600928160164028,-0.6292238
2014-08-08 18:00:00,-0.5600928160164028,-0.500638
2014-08-08 19:00:00,-0.4174545730852387,-0.49761122
2014-08-08 20:00:00,-0.4503710906847381,-0.34556034
2014-08-08 21:00:00,-0.4613432632179046,-0.39927554
2014-08-08 22:00:00,-0.4503710906847381,-0.38407254
2014-08-08 23:00:00,-0.4393989181515716,-0.38436964
2014-08-09 00:00:00,-0.307732847753574,-0.39542112
2014-08-09 01:00:00,-0.3187050202867404,-0.2747087
2014-08-09 02:00:00,-0.1102337421565775,-0.29635417
2014-08-09 03:00:00,0.2189314338384165,-0.11785004
2014-08-09 04:00:00,0.2518479514379159,0.18721636
2014-08-09 05:00:00,0.3505975042364141,0.23787795
2014-08-09 06:00:00,0.4822635746344118,0.3497269
2014-08-09 07:00:00,0.5919852999660764,0.5747868
2014-08-09 08:00:00,0.6578183351650753,0.6522839
2014-08-09 09:00:00,0.2628201239710824,0.6694698
2014-08-09 10:00:00,-0.0553728794907452,0.12042124
2014-08-09 11:00:00,-0.2199554674882422,-0.17491876
2014-08-09 12:00:00,-0.307732847753574,-0.23263542
2014-08-09 13:00:00,-0.329677192819907,-0.31896794
2014-08-09 14:00:00,-0.4613432632179046,-0.34339267
2014-08-09 15:00:00,-0.516204125883737,-0.48101673
2014-08-09 16:00:00,-0.5052319533505705,-0.4549624
2014-08-09 17:00:00,-0.6149536786822352,-0.4553761
2014-08-09 18:00:00,-0.7356475765470664,-0.5805299
2014-08-09 19:00:00,-0.5930093336159022,-0.6288945
2014-08-09 20:00:00,-0.6368980237485681,-0.5193329
2014-08-09 21:00:00,-0.494259780817404,-0.5782383
2014-08-09 22:00:00,-0.9331466821440628,-0.44058794
2014-08-09 23:00:00,-0.9002301645445634,-0.8540909
2014-08-10 00:00:00,-0.9112023370777298,-0.8183253
2014-08-10 01:00:00,-0.8563414744118975,-0.81082946
2014-08-10 02:00:00,-0.8563414744118975,-0.81326497
2014-08-10 03:00:00,-0.8343971293455645,-0.82848716
2014-08-10 04:00:00,-0.867313646945064,-0.8267051
2014-08-10 05:00:00,-0.7905084392128987,-0.8775129
2014-08-10 06:00:00,-0.7575919216133993,-0.82602715
2014-08-10 07:00:00,-0.7575919216133993,-0.7925904
2014-08-10 08:00:00,-0.8343971293455645,-0.78957766
2014-08-10 09:00:00,-0.823424956812398,-0.83689487
2014-08-10 10:00:00,-0.6698145413480675,-0.8369046
2014-08-10 11:00:00,-0.680786713881234,-0.72332454
2014-08-10 12:00:00,-0.6917588864144004,-0.70510656
2014-08-10 13:00:00,-0.7027310589475669,-0.68840694
2014-08-10 14:00:00,-0.7466197490802328,-0.70165014
2014-08-10 15:00:00,-0.7685640941465657,-0.71950746
2014-08-10 16:00:00,-0.845369301878731,-0.73079383
2014-08-10 17:00:00,-0.8782858194782304,-0.7725024
2014-08-10 18:00:00,-0.7905084392128987,-0.7723119
2014-08-10 19:00:00,-0.6259258512154017,-0.7192233
2014-08-10 20:00:00,-0.516204125883737,-0.5726409
2014-08-10 21:00:00,-0.5600928160164028,-0.46792835
2014-08-10 22:00:00,-0.516204125883737,-0.5255683
2014-08-10 23:00:00,-0.2418998125545752,-0.4480266
2014-08-11 00:00:00,-0.1541224322892434,-0.21192029
2014-08-11 01:00:00,-0.3845380554857393,-0.19927253
2014-08-11 02:00:00,-0.4613432632179046,-0.4245286
2014-08-11 03:00:00,-0.516204125883737,-0.50808525
2014-08-11 04:00:00,-0.8124527842792316,-0.579446
2014-08-11 05:00:00,-0.8782858194782304,-0.815585
2014-08-11 06:00:00,-0.966063199743562,-0.873155
2014-08-11 07:00:00,-0.9550910272103956,-0.9418584
2014-08-11 08:00:00,-0.966063199743562,-0.9529121
2014-08-11 09:00:00,-0.966063199743562,-0.9837707
2014-08-11 10:00:00,-1.0318962349425609,-0.99564874
2014-08-11 11:00:00,-0.9770353722767288,-1.0612168
2014-08-11 12:00:00,-1.0318962349425609,-1.0034336
2014-08-11 13:00:00,-1.0318962349425609,-1.0346919
2014-08-11 14:00:00,-0.9770353722767288,-1.0236399
2014-08-11 15:00:00,-0.9880075448098952,-0.9440133
2014-08-11 16:00:00,-0.9989797173430616,-0.9742216
2014-08-11 17:00:00,-0.9989797173430616,-0.960299
2014-08-11 18:00:00,-0.9441188546772292,-0.9453464
2014-08-11 19:00:00,-0.867313646945064,-0.8983395
2014-08-11 20:00:00,-0.8563414744118975,-0.77318454
2014-08-11 21:00:00,-0.845369301878731,-0.77144706
2014-08-11 22:00:00,-0.8014806117460651,-0.7912658
2014-08-11 23:00:00,-0.6368980237485681,-0.7548932
2014-08-12 00:00:00,-0.5491206434832363,-0.6024284
2014-08-12 01:00:00,-0.472315435751071,-0.5339396
2014-08-12 02:00:00,-0.7795362666797322,-0.46742037
2014-08-12 03:00:00,-0.8124527842792316,-0.7748518
2014-08-12 04:00:00,-0.845369301878731,-0.7959081
2014-08-12 05:00:00,-0.9002301645445634,-0.8524716
2014-08-12 06:00:00,-0.9331466821440628,-0.92777884
2014-08-12 07:00:00,-0.966063199743562,-0.9387213
2014-08-12 08:00:00,-0.9112023370777298,-0.98524773
2014-08-12 09:00:00,-1.009951889876228,-0.97042483
2014-08-12 10:00:00,-0.9880075448098952,-1.0176982
2014-08-12 11:00:00,-0.966063199743562,-0.9809667
2014-08-12 12:00:00,-0.8892579920113969,-0.9385559
2014-08-12 13:00:00,-0.867313646945064,-0.8562648
2014-08-12 14:00:00,-0.7685640941465657,-0.85548854
2014-08-12 15:00:00,-0.7356475765470664,-0.74416673
2014-08-12 16:00:00,-0.7905084392128987,-0.69238675
2014-08-12 17:00:00,-0.8343971293455645,-0.7582158
2014-08-12 18:00:00,-0.7575919216133993,-0.7637309
2014-08-12 19:00:00,-0.658842368814901,-0.6756023
2014-08-12 20:00:00,-0.7795362666797322,-0.60698956
2014-08-12 21:00:00,-0.3955102280189058,-0.70618236
2014-08-12 22:00:00,-0.680786713881234,-0.369218
2014-08-12 23:00:00,-0.8892579920113969,-0.7136407
2014-08-13 00:00:00,-0.845369301878731,-0.85605943
2014-08-13 01:00:00,-0.9550910272103956,-0.8093622
2014-08-13 02:00:00,-0.9331466821440628,-0.89962864
2014-08-13 03:00:00,-0.867313646945064,-0.91070724
2014-08-13 04:00:00,-0.9002301645445634,-0.8405827
2014-08-13 05:00:00,-0.8892579920113969,-0.86977065
2014-08-13 06:00:00,-0.680786713881234,-0.8753105
2014-08-13 07:00:00,-0.7027310589475669,-0.7389926
2014-08-13 08:00:00,-0.7027310589475669,-0.71196616
2014-08-13 09:00:00,-0.516204125883737,-0.7290108
2014-08-13 10:00:00,-0.494259780817404,-0.6143693
2014-08-13 11:00:00,-0.6259258512154017,-0.55291176
2014-08-13 12:00:00,-0.680786713881234,-0.65298826
2014-08-13 13:00:00,-0.8124527842792316,-0.71218425
2014-08-13 14:00:00,-0.9112023370777298,-0.8098587
2014-08-13 15:00:00,-0.9112023370777298,-0.9029927
2014-08-13 16:00:00,-0.9331466821440628,-0.9084449
2014-08-13 17:00:00,-0.8892579920113969,-0.9120362
2014-08-13 18:00:00,-0.867313646945064,-0.8761716
2014-08-13 19:00:00,-0.8343971293455645,-0.86015517
2014-08-13 20:00:00,-0.8343971293455645,-0.82602125
2014-08-13 21:00:00,-0.8124527842792316,-0.8210661
2014-08-13 22:00:00,-0.8343971293455645,-0.8118385
2014-08-13 23:00:00,-0.867313646945064,-0.83000183
2014-08-14 00:00:00,-0.7795362666797322,-0.83872795
2014-08-14 01:00:00,-0.8892579920113969,-0.7966312
2014-08-14 02:00:00,-0.8563414744118975,-0.8629254
2014-08-14 03:00:00,-0.8563414744118975,-0.8549928
2014-08-14 04:00:00,-0.9221745096108964,-0.864929
2014-08-14 05:00:00,-0.7905084392128987,-0.9067445
2014-08-14 06:00:00,-0.7137032314807333,-0.83158165
2014-08-14 07:00:00,-0.9112023370777298,-0.7370196
2014-08-14 08:00:00,-0.823424956812398,-0.85371244
2014-08-14 09:00:00,-0.8014806117460651,-0.8446778
2014-08-14 10:00:00,-0.8124527842792316,-0.828648
2014-08-14 11:00:00,-0.8124527842792316,-0.8117056
2014-08-14 12:00:00,-0.7905084392128987,-0.80033493
2014-08-14 13:00:00,-0.6368980237485681,-0.77027583
2014-08-14 14:00:00,-0.5710649885495693,-0.66207075
2014-08-14 15:00:00,-0.7575919216133993,-0.5753113
2014-08-14 16:00:00,-0.8014806117460651,-0.708464
2014-08-14 17:00:00,-0.8124527842792316,-0.7503132
2014-08-14 18:00:00,-0.7137032314807333,-0.75909793
2014-08-14 19:00:00,-0.7466197490802328,-0.68910944
2014-08-14 20:00:00,-0.680786713881234,-0.7038281
2014-08-14 21:00:00,-0.6917588864144004,-0.6324081
2014-08-14 22:00:00,-0.8124527842792316,-0.67585534
2014-08-14 23:00:00,-0.9112023370777298,-0.76362085
2014-08-15 00:00:00,-0.7466197490802328,-0.8349797
2014-08-15 01:00:00,-0.8124527842792316,-0.7172836
2014-08-15 02:00:00,-0.7246754040138998,-0.76047826
2014-08-15 03:00:00,-0.7466197490802328,-0.66603816
2014-08-15 04:00:00,-0.845369301878731,-0.728225
2014-08-15 05:00:00,-0.7137032314807333,-0.81123745
2014-08-15 06:00:00,-0.3187050202867404,-0.7387686
2014-08-15 07:00:00,0.02143232824142,-0.43480903
2014-08-15 08:00:00,0.2299036063715829,-0.06616881
2014-08-15 09:00:00,0.1530983986394176,0.22878484
2014-08-15 10:00:00,-0.3955102280189058,0.09892357
2014-08-15 11:00:00,-0.5820371610827357,-0.47241774
2014-08-15 12:00:00,-0.8124527842792316,-0.62577444
2014-08-15 13:00:00,-0.9112023370777298,-0.8129733
2014-08-15 14:00:00,-0.966063199743562,-0.86105806
2014-08-15 15:00:00,-0.9112023370777298,-0.9006805
2014-08-15 16:00:00,-0.7246754040138998,-0.8348005
2014-08-15 17:00:00,-0.5710649885495693,-0.67583764
2014-08-15 18:00:00,-0.8563414744118975,-0.5134505
2014-08-15 19:00:00,-0.7685640941465657,-0.7551483
2014-08-15 20:00:00,-0.8014806117460651,-0.6327975
2014-08-15 21:00:00,-0.8343971293455645,-0.6896829
2014-08-15 22:00:00,-0.7905084392128987,-0.73528075
2014-08-15 23:00:00,-0.7356475765470664,-0.7242724
2014-08-16 00:00:00,-0.494259780817404,-0.70816994
2014-08-16 01:00:00,-0.329677192819907,-0.5311256
2014-08-16 02:00:00,-0.3187050202867404,-0.4047934
2014-08-16 03:00:00,-0.1321780872229105,-0.36693034
2014-08-16 04:00:00,-0.1980111224219093,-0.16689955
2014-08-16 05:00:00,-0.5271762984169034,-0.23983587
2014-08-16 06:00:00,-0.5930093336159022,-0.5706458
2014-08-16 07:00:00,-0.7356475765470664,-0.6074829
2014-08-16 08:00:00,-0.6917588864144004,-0.69714844
2014-08-16 09:00:00,-0.5600928160164028,-0.68362415
2014-08-16 10:00:00,-0.3187050202867404,-0.6109152
2014-08-16 11:00:00,-0.3516215378862399,-0.38696527
2014-08-16 12:00:00,-0.5710649885495693,-0.36201334
2014-08-16 13:00:00,-0.6149536786822352,-0.5405459
2014-08-16 14:00:00,-0.680786713881234,-0.5462478
2014-08-16 15:00:00,-0.7905084392128987,-0.62073314
2014-08-16 16:00:00,-0.5271762984169034,-0.72629964
2014-08-16 17:00:00,-0.4064824005520722,-0.46822345
2014-08-16 18:00:00,-0.4832876082842375,-0.37130532
2014-08-16 19:00:00,-0.4284267456184051,-0.44657007
2014-08-16 20:00:00,-0.2857885026872411,-0.35670945
2014-08-16 21:00:00,-0.2199554674882422,-0.25833857
2014-08-16 22:00:00,-0.121205914689744,-0.17436339
2014-08-16 23:00:00,-0.0334285344244122,-0.07923036
2014-08-17 00:00:00,0.7894844055630729,-0.017543029
2014-08-17 01:00:00,1.1954547892902323,0.85710824
2014-08-17 02:00:00,-0.307732847753574,1.2245449
2014-08-17 03:00:00,-0.8892579920113969,-0.83106315
2014-08-17 04:00:00,-0.845369301878731,-0.8162962
2014-08-17 05:00:00,-0.7575919216133993,-0.84027505
2014-08-17 06:00:00,-0.8014806117460651,-0.7880508
2014-08-17 07:00:00,-0.7356475765470664,-0.79198563
2014-08-17 08:00:00,-0.680786713881234,-0.7266909
2014-08-17 09:00:00,-0.7027310589475669,-0.6803281
2014-08-17 10:00:00,-0.6698145413480675,-0.704352
2014-08-17 11:00:00,-0.6149536786822352,-0.69018304
2014-08-17 12:00:00,-0.6917588864144004,-0.6636051
2014-08-17 13:00:00,-0.7027310589475669,-0.70541435
2014-08-17 14:00:00,-0.7905084392128987,-0.70895827
2014-08-17 15:00:00,-0.680786713881234,-0.78008235
2014-08-17 16:00:00,-0.845369301878731,-0.6820049
2014-08-17 17:00:00,-0.8782858194782304,-0.8136173
2014-08-17 18:00:00,-0.8782858194782304,-0.8335799
2014-08-17 19:00:00,-0.7137032314807333,-0.8243775
2014-08-17 20:00:00,-0.6149536786822352,-0.68503237
2014-08-17 21:00:00,-0.494259780817404,-0.5999086
2014-08-17 22:00:00,-0.2967606752204075,-0.50073695
2014-08-17 23:00:00,-0.2089832949550758,-0.22672349
2014-08-18 00:00:00,-0.0773172245570781,-0.2001525
2014-08-18 01:00:00,-0.0992615696234111,-0.06307857
2014-08-18 02:00:00,-0.5381484709500699,-0.11914502
2014-08-18 03:00:00,-0.4832876082842375,-0.5847592
2014-08-18 04:00:00,-0.4832876082842375,-0.53653693
2014-08-18 05:00:00,-0.7246754040138998,-0.52815354
2014-08-18 06:00:00,-0.7137032314807333,-0.72520244
2014-08-18 07:00:00,-0.8014806117460651,-0.72927344
2014-08-18 08:00:00,-0.8124527842792316,-0.8070076
2014-08-18 09:00:00,-0.6698145413480675,-0.8341379
2014-08-18 10:00:00,-0.7137032314807333,-0.73952854
2014-08-18 11:00:00,-0.680786713881234,-0.7115172
2014-08-18 12:00:00,-0.4503710906847381,-0.6727017
2014-08-18 13:00:00,-0.3406493653530734,-0.4827074
2014-08-18 14:00:00,-0.2199554674882422,-0.360308
2014-08-18 15:00:00,-0.2857885026872411,-0.23671824
2014-08-18 16:00:00,-0.3187050202867404,-0.27338034
2014-08-18 17:00:00,-0.3516215378862399,-0.32495183
2014-08-18 18:00:00,-0.3845380554857393,-0.35449487
2014-08-18 19:00:00,-0.3187050202867404,-0.38073346
2014-08-18 20:00:00,-0.3187050202867404,-0.3122032
2014-08-18 21:00:00,-0.2857885026872411,-0.3072635
2014-08-18 22:00:00,-0.472315435751071,-0.26538852
2014-08-18 23:00:00,-0.4393989181515716,-0.48356938
2014-08-19 00:00:00,-0.2857885026872411,-0.43064573
2014-08-19 01:00:00,-0.4284267456184051,-0.2790092
2014-08-19 02:00:00,-0.3735658829525728,-0.39435646
2014-08-19 03:00:00,-0.2857885026872411,-0.34350187
2014-08-19 04:00:00,-0.1321780872229105,-0.21765539
2014-08-19 05:00:00,-0.0663450520239117,-0.09618273
2014-08-19 06:00:00,-0.0334285344244122,-0.053299487
2014-08-19 07:00:00,0.1201818810399182,-0.016405711
2014-08-19 08:00:00,0.0762931909072524,0.12967171
2014-08-19 09:00:00,0.2518479514379159,-0.01943766
2014-08-19 10:00:00,-0.0334285344244122,0.16461252
2014-08-19 11:00:00,-0.0773172245570781,-0.15952402
2014-08-19 12:00:00,-0.2418998125545752,-0.087341815
2014-08-19 13:00:00,-0.3406493653530734,-0.25518137
2014-08-19 14:00:00,-0.4284267456184051,-0.29436982
2014-08-19 15:00:00,-0.494259780817404,-0.4006173
2014-08-19 16:00:00,-0.5710649885495693,-0.46198326
2014-08-19 17:00:00,-0.9550910272103956,-0.5200605
2014-08-19 18:00:00,-0.4503710906847381,-0.8945894
2014-08-19 19:00:00,-0.2857885026872411,-0.41877043
2014-08-19 20:00:00,-0.2199554674882422,-0.28670758
2014-08-19 21:00:00,-0.1760667773555763,-0.17000882
2014-08-19 22:00:00,-0.2418998125545752,-0.14399496
2014-08-19 23:00:00,-0.329677192819907,-0.21424706
2014-08-20 00:00:00,-0.2967606752204075,-0.30307713
2014-08-20 01:00:00,-0.3187050202867404,-0.27551717
2014-08-20 02:00:00,-0.3516215378862399,-0.31064367
2014-08-20 03:00:00,-0.1321780872229105,-0.33535683
2014-08-20 04:00:00,-0.0114841893580793,-0.14043605
2014-08-20 05:00:00,0.0433766733077529,-0.012230124
2014-08-20 06:00:00,0.0653210183740859,0.046152025
2014-08-20 07:00:00,0.1640705711725841,0.06500631
2014-08-20 08:00:00,0.1311540535730847,0.18683212
2014-08-20 09:00:00,0.1530983986394176,0.10459836
2014-08-20 10:00:00,0.0762931909072524,0.14559026
2014-08-20 11:00:00,-0.0114841893580793,0.075635046
2014-08-20 12:00:00,-0.2089832949550758,-0.034732625
2014-08-20 13:00:00,-0.3406493653530734,-0.2646375
2014-08-20 14:00:00,-0.3406493653530734,-0.3592539
2014-08-20 15:00:00,-0.2528719850877416,-0.34786153
2014-08-20 16:00:00,-0.2287332055147754,-0.2523935
2014-08-20 17:00:00,-0.2045944259418091,-0.20357127
2014-08-20 18:00:00,-0.180455646368843,-0.15013623
2014-08-20 19:00:00,-0.1563168667958767,-0.1298436
2014-08-20 20:00:00,-0.1321780872229105,-0.10691602
2014-08-20 21:00:00,-0.1080393076499442,-0.06786314
2014-08-20 22:00:00,-0.0839005280769779,-0.068016954
2014-08-20 23:00:00,-0.0597617485040118,-0.067190744
2014-08-21 00:00:00,-0.0356229689310456,-0.06419266
2014-08-21 01:00:00,-0.0114841893580793,-0.04869056
2014-08-21 02:00:00,0.1311540535730847,-0.020673156
2014-08-21 03:00:00,0.20795926130525,0.13280636
2014-08-21 04:00:00,0.2408757789047494,0.2382264
2014-08-21 05:00:00,0.3615696767695806,0.27347875
2014-08-21 06:00:00,0.3615696767695806,0.39433467
2014-08-21 07:00:00,0.4383748845017459,0.3994987
2014-08-21 08:00:00,0.58101312743291,0.44161135
2014-08-21 09:00:00,0.8004565780962394,0.5955606
2014-08-21 10:00:00,0.7565678879635735,0.7904042
2014-08-21 11:00:00,0.6907348527645747,0.67853826
2014-08-21 12:00:00,0.4164305394354129,0.5912508
2014-08-21 13:00:00,0.4493470570349123,0.30515552
2014-08-21 14:00:00,0.4054583669022464,0.4710276
2014-08-21 15:00:00,0.3725418493027471,0.3649797
2014-08-21 16:00:00,0.2518479514379159,0.35923752
2014-08-21 17:00:00,0.1421262261062512,0.21281175
2014-08-21 18:00:00,0.1640705711725841,0.105627656
2014-08-21 19:00:00,0.2518479514379159,0.1911557
2014-08-21 20:00:00,0.4932357471675782,0.30582708
2014-08-21 21:00:00,-0.3406493653530734,0.5339481
2014-08-21 22:00:00,-0.8892579920113969,-0.6597688
2014-08-21 23:00:00,-0.8124527842792316,-0.79523844
2014-08-22 00:00:00,-0.8563414744118975,-0.7539844
2014-08-22 01:00:00,-0.845369301878731,-0.82560825
2014-08-22 02:00:00,-0.867313646945064,-0.8201867
2014-08-22 03:00:00,-0.845369301878731,-0.86552054
2014-08-22 04:00:00,-0.9002301645445634,-0.83069336
2014-08-22 05:00:00,-0.8343971293455645,-0.8657557
2014-08-22 06:00:00,-0.7685640941465657,-0.81757987
2014-08-22 07:00:00,-0.8892579920113969,-0.7647724
2014-08-22 08:00:00,-0.845369301878731,-0.87165993
2014-08-22 09:00:00,-0.8892579920113969,-0.8730551
2014-08-22 10:00:00,-0.8563414744118975,-0.9021669
2014-08-22 11:00:00,-0.7575919216133993,-0.88212717
2014-08-22 12:00:00,-0.6368980237485681,-0.79313517
2014-08-22 13:00:00,-0.6478701962817346,-0.67761576
2014-08-22 14:00:00,-0.4832876082842375,-0.6333126
2014-08-22 15:00:00,-0.307732847753574,-0.48804796
2014-08-22 16:00:00,-0.2638441576209081,-0.3207795
2014-08-22 17:00:00,-0.1431502597560769,-0.2517658
2014-08-22 18:00:00,-0.0992615696234111,-0.12888597
2014-08-22 19:00:00,-0.0334285344244122,-0.06294441
2014-08-22 20:00:00,0.1092097085067518,-0.013893111
2014-08-22 21:00:00,0.2628201239710824,0.12964867
2014-08-22 22:00:00,0.2518479514379159,0.33183032
2014-08-22 23:00:00,0.1092097085067518,0.25646716
2014-08-23 00:00:00,0.1640705711725841,0.12046506
2014-08-23 01:00:00,0.2189314338384165,0.18552066
2014-08-23 02:00:00,0.5371244373002441,0.2134448
2014-08-23 03:00:00,0.4603192295680788,0.57225215
2014-08-23 04:00:00,0.4603192295680788,0.3900714
2014-08-23 05:00:00,0.3067088141037483,0.44563615
2014-08-23 06:00:00,0.2189314338384165,0.24126016
2014-08-23 07:00:00,0.4164305394354129,0.24614914
2014-08-23 08:00:00,0.3725418493027471,0.4700969
2014-08-23 09:00:00,0.58101312743291,0.3428166
2014-08-23 10:00:00,0.3615696767695806,0.5868415
2014-08-23 11:00:00,0.3725418493027471,0.26639357
2014-08-23 12:00:00,0.1750427437057506,0.3518591
2014-08-23 13:00:00,0.0653210183740859,0.08537525
2014-08-23 14:00:00,-0.1431502597560769,0.034354825
2014-08-23 15:00:00,-0.1870389498887428,-0.15823759
2014-08-23 16:00:00,0.0872653634404188,-0.1085684
2014-08-23 17:00:00,-0.0553728794907452,0.20377965
2014-08-23 18:00:00,0.0433766733077529,-0.07771396
2014-08-23 19:00:00,0.1969870887720835,0.15773757
2014-08-23 20:00:00,0.3615696767695806,0.2523053
2014-08-23 21:00:00,0.5590687823665771,0.44357952
2014-08-23 22:00:00,0.7785122330299065,0.6300393
2014-08-23 23:00:00,-0.7137032314807333,0.81010437
2014-08-24 00:00:00,-0.8124527842792316,-0.94679534
2014-08-24 01:00:00,-0.8782858194782304,-0.81542575
2014-08-24 02:00:00,-0.823424956812398,-0.8725779
2014-08-24 03:00:00,-0.7575919216133993,-0.83441454
2014-08-24 04:00:00,-0.7137032314807333,-0.78066456
2014-08-24 05:00:00,-0.6698145413480675,-0.72010005
2014-08-24 06:00:00,-0.6039815061490686,-0.6785809
2014-08-24 07:00:00,-0.7795362666797322,-0.6119301
2014-08-24 08:00:00,-1.0648127525420603,-0.74454296
2014-08-24 09:00:00,-1.0318962349425609,-0.99697995
2014-08-24 10:00:00,-1.0209240624093945,-1.0542605
2014-08-24 11:00:00,-1.0428684074757275,-1.0788641
2014-08-24 12:00:00,-1.053840580008894,-1.0704999
2014-08-24 13:00:00,-1.009951889876228,-1.0551755
2014-08-24 14:00:00,-1.0318962349425609,-0.987517
2014-08-24 15:00:00,-0.9880075448098952,-0.978292
2014-08-24 16:00:00,-1.0209240624093945,-0.9300846
2014-08-24 17:00:00,-1.0318962349425609,-0.947134
2014-08-24 18:00:00,-1.0209240624093945,-0.94747496
2014-08-24 19:00:00,-0.966063199743562,-0.9187224
2014-08-24 20:00:00,-0.9112023370777298,-0.8824199
2014-08-24 21:00:00,-0.5930093336159022,-0.8452944
2014-08-24 22:00:00,-0.6149536786822352,-0.60601
2014-08-24 23:00:00,-0.680786713881234,-0.65037453
2014-08-25 00:00:00,-0.823424956812398,-0.6822001
2014-08-25 01:00:00,-0.9221745096108964,-0.7958242
2014-08-25 02:00:00,-0.8014806117460651,-0.8682817
2014-08-25 03:00:00,-0.8343971293455645,-0.8043946
2014-08-25 04:00:00,-0.8014806117460651,-0.8464645
2014-08-25 05:00:00,-0.8892579920113969,-0.83677953
2014-08-25 06:00:00,-0.9331466821440628,-0.8909951
2014-08-25 07:00:00,-0.9221745096108964,-0.9342785
2014-08-25 08:00:00,-0.9112023370777298,-0.9440063
2014-08-25 09:00:00,-0.9112023370777298,-0.9642792
2014-08-25 10:00:00,-0.9880075448098952,-0.97925615
2014-08-25 11:00:00,-1.0209240624093945,-1.0208861
2014-08-25 12:00:00,-1.0209240624093945,-1.0503533
2014-08-25 13:00:00,-0.9989797173430616,-1.0454913
2014-08-25 14:00:00,-1.0209240624093945,-1.0222226
2014-08-25 15:00:00,-0.9989797173430616,-1.0041856
2014-08-25 16:00:00,-1.0318962349425609,-0.9595876
2014-08-25 17:00:00,-1.0318962349425609,-0.9896086
2014-08-25 18:00:00,-1.009951889876228,-0.97821295
2014-08-25 19:00:00,-0.9770353722767288,-0.9690177
2014-08-25 20:00:00,-0.9002301645445634,-0.9482769
2014-08-25 21:00:00,-0.867313646945064,-0.8915577
2014-08-25 22:00:00,-0.7685640941465657,-0.8522599
2014-08-25 23:00:00,-0.8124527842792316,-0.77323824
2014-08-26 00:00:00,-0.8124527842792316,-0.75160944
2014-08-26 01:00:00,-0.6478701962817346,-0.7745073
2014-08-26 02:00:00,-0.7137032314807333,-0.63469136
2014-08-26 03:00:00,-0.6698145413480675,-0.6782234
2014-08-26 04:00:00,-0.658842368814901,-0.6489117
2014-08-26 05:00:00,-0.845369301878731,-0.6660955
2014-08-26 06:00:00,-0.8014806117460651,-0.8304816
2014-08-26 07:00:00,-0.9331466821440628,-0.83868605
2014-08-26 08:00:00,-0.8892579920113969,-0.9467523
2014-08-26 09:00:00,-0.8892579920113969,-0.9531852
2014-08-26 10:00:00,-0.9112023370777298,-0.9466175
2014-08-26 11:00:00,-0.9112023370777298,-0.959075
2014-08-26 12:00:00,-0.9550910272103956,-0.92415786
2014-08-26 13:00:00,-0.9880075448098952,-0.9345475
2014-08-26 14:00:00,-1.0318962349425609,-0.9723382
2014-08-26 15:00:00,-1.009951889876228,-1.0365255
2014-08-26 16:00:00,-0.9880075448098952,-1.007515
2014-08-26 17:00:00,-1.0318962349425609,-0.97615623
2014-08-26 18:00:00,-0.9550910272103956,-0.99885535
2014-08-26 19:00:00,-0.8892579920113969,-0.8727125
2014-08-26 20:00:00,-0.8014806117460651,-0.86621094
2014-08-26 21:00:00,-0.7575919216133993,-0.76156247
2014-08-26 22:00:00,-0.7795362666797322,-0.7426302
2014-08-26 23:00:00,-0.6698145413480675,-0.7630566
2014-08-27 00:00:00,-0.472315435751071,-0.5551748
2014-08-27 01:00:00,-0.3187050202867404,-0.44077718
2014-08-27 02:00:00,-0.3516215378862399,-0.29149204
2014-08-27 03:00:00,-0.2309276400214087,-0.33387005
2014-08-27 04:00:00,-0.121205914689744,-0.23786263
2014-08-27 05:00:00,-0.6039815061490686,-0.14096582
2014-08-27 06:00:00,-0.7575919216133993,-0.6263491
2014-08-27 07:00:00,-0.867313646945064,-0.7104597
2014-08-27 08:00:00,-0.8014806117460651,-0.8326166
2014-08-27 09:00:00,-0.8343971293455645,-0.849442
2014-08-27 10:00:00,-0.7685640941465657,-0.87899965
2014-08-27 11:00:00,-0.823424956812398,-0.80352753
2014-08-27 12:00:00,-0.680786713881234,-0.8305818
2014-08-27 13:00:00,-0.6259258512154017,-0.6919035
2014-08-27 14:00:00,-0.5710649885495693,-0.63307595
2014-08-27 15:00:00,-0.5710649885495693,-0.57525533
2014-08-27 16:00:00,-0.5820371610827357,-0.54650134
2014-08-27 17:00:00,-0.4064824005520722,-0.52403665
2014-08-27 18:00:00,-0.4174545730852387,-0.35901767
2014-08-27 19:00:00,-0.3625937104194063,-0.4243523
2014-08-27 20:00:00,-0.2967606752204075,-0.3196991
2014-08-27 21:00:00,-0.1980111224219093,-0.24764328
2014-08-27 22:00:00,-0.0663450520239117,-0.12106162
2014-08-27 23:00:00,-0.0773172245570781,-0.039366562
2014-08-28 00:00:00,-0.121205914689744,-0.06758808
2014-08-28 01:00:00,-0.1102337421565775,-0.10005474
2014-08-28 02:00:00,-0.0005120168249128,-0.12117593
2014-08-28 03:00:00,0.0324045007745865,-0.020832209
2014-08-28 04:00:00,0.0872653634404188,-0.033816658
2014-08-28 05:00:00,-0.0992615696234111,0.12847276
2014-08-28 06:00:00,-0.1870389498887428,-0.20428127
2014-08-28 07:00:00,-0.3406493653530734,-0.19320579
2014-08-28 08:00:00,-0.3955102280189058,-0.33536762
2014-08-28 09:00:00,-0.3625937104194063,-0.40438658
2014-08-28 10:00:00,-0.4174545730852387,-0.36695945
2014-08-28 11:00:00,-0.3516215378862399,-0.44036192
2014-08-28 12:00:00,-0.3735658829525728,-0.360913
2014-08-28 13:00:00,-0.4393989181515716,-0.44528627
2014-08-28 14:00:00,-0.2967606752204075,-0.46793303
2014-08-28 15:00:00,-0.2199554674882422,-0.317679
2014-08-28 16:00:00,-0.2199554674882422,-0.22910447
2014-08-28 17:00:00,-0.1760667773555763,-0.17328799
2014-08-28 18:00:00,-0.0224563618912458,-0.095497295
2014-08-28 19:00:00,-0.0114841893580793,0.058790643
2014-08-28 20:00:00,0.3176809866369147,0.09045608
2014-08-28 21:00:00,0.2737922965042488,0.44001842
2014-08-28 22:00:00,-0.2857885026872411,0.2503763
2014-08-28 23:00:00,-0.4613432632179046,-0.40077305
2014-08-29 00:00:00,-0.2309276400214087,-0.49377048
2014-08-29 01:00:00,-0.2528719850877416,-0.29090458
2014-08-29 02:00:00,-0.2199554674882422,-0.32940152
2014-08-29 03:00:00,-0.1650946048224099,-0.2810551
2014-08-29 04:00:00,-0.2857885026872411,-0.2112571
2014-08-29 05:00:00,-0.2418998125545752,-0.29517794
2014-08-29 06:00:00,-0.1102337421565775,-0.27044085
2014-08-29 07:00:00,-0.121205914689744,-0.1272267
2014-08-29 08:00:00,-0.3516215378862399,-0.15805474
2014-08-29 09:00:00,-0.3187050202867404,-0.36907202
2014-08-29 10:00:00,-0.3735658829525728,-0.33862236
2014-08-29 11:00:00,-0.4503710906847381,-0.3589957
2014-08-29 12:00:00,-0.5600928160164028,-0.46416903
2014-08-29 13:00:00,-0.4174545730852387,-0.5402436
2014-08-29 14:00:00,-0.2857885026872411,-0.41846746
2014-08-29 15:00:00,-0.2089832949550758,-0.259561
2014-08-29 16:00:00,-0.1650946048224099,-0.220632
2014-08-29 17:00:00,-0.1321780872229105,-0.17383134
2014-08-29 18:00:00,-0.1431502597560769,-0.10803655
2014-08-29 19:00:00,-0.0553728794907452,-0.124258175
2014-08-29 20:00:00,0.2299036063715829,-0.026094219
2014-08-29 21:00:00,0.4274027119685794,0.2162356
2014-08-29 22:00:00,0.3505975042364141,0.4025338
2014-08-29 23:00:00,0.1201818810399182,0.35492072
2014-08-30 00:00:00,0.0762931909072524,0.084213
2014-08-30 01:00:00,0.02143232824142,0.032994434
2014-08-30 02:00:00,0.2737922965042488,-0.003179275
2014-08-30 03:00:00,0.8114287506294059,0.20658998
2014-08-30 04:00:00,0.5590687823665771,0.7342318
2014-08-30 05:00:00,0.5919852999660764,0.45574963
2014-08-30 06:00:00,0.6907348527645747,0.65355045
2014-08-30 07:00:00,0.5261522647670777,0.69125694
2014-08-30 08:00:00,0.5700409548997435,0.46805328
2014-08-30 09:00:00,0.5590687823665771,0.59090585
2014-08-30 10:00:00,0.6578183351650753,0.49612236
2014-08-30 11:00:00,0.8004565780962394,0.62695575
2014-08-30 12:00:00,1.0528165463590682,0.9089049
2014-08-30 13:00:00,0.8882339583615712,1.1075842
2014-08-30 14:00:00,0.910178303427904,0.768232
2014-08-30 15:00:00,0.3286531591700812,0.9411136
2014-08-30 16:00:00,0.6358739900987423,0.12540159
2014-08-30 17:00:00,0.7017070252977412,0.776689
2014-08-30 18:00:00,0.5371244373002441,0.83190614
2014-08-30 19:00:00,0.4493470570349123,0.48955235
2014-08-30 20:00:00,0.4712914021012453,0.48336112
2014-08-30 21:00:00,0.4712914021012453,0.46100488
2014-08-30 22:00:00,0.4164305394354129,0.41105574
2014-08-30 23:00:00,0.02143232824142,0.35671604
2014-08-31 00:00:00,-0.0005120168249128,-0.1493843
2014-08-31 01:00:00,0.0762931909072524,-0.027462756
2014-08-31 02:00:00,0.3396253317032476,0.044336703
2014-08-31 03:00:00,0.4274027119685794,0.3465199
2014-08-31 04:00:00,0.2299036063715829,0.48946342
2014-08-31 05:00:00,-0.0334285344244122,0.12927672
2014-08-31 06:00:00,-0.1541224322892434,-0.119743064
2014-08-31 07:00:00,-0.1650946048224099,-0.20352852
2014-08-31 08:00:00,-0.2309276400214087,-0.1776916
2014-08-31 09:00:00,-0.2199554674882422,-0.21873118
2014-08-31 10:00:00,0.0543488458409194,-0.1919414
2014-08-31 11:00:00,-0.4284267456184051,0.119018264
2014-08-31 12:00:00,-0.4613432632179046,-0.580776
2014-08-31 13:00:00,-0.494259780817404,-0.4870854
2014-08-31 14:00:00,-0.3845380554857393,-0.50136405
2014-08-31 15:00:00,-0.2418998125545752,-0.39138782
2014-08-31 16:00:00,-0.2309276400214087,-0.24688898
2014-08-31 17:00:00,-0.3187050202867404,-0.21895681
2014-08-31 18:00:00,-0.307732847753574,-0.2600653
2014-08-31 19:00:00,-0.2748163301540746,-0.2868185
2014-08-31 20:00:00,-0.0773172245570781,-0.23693235
2014-08-31 21:00:00,-0.0114841893580793,-0.082172036
2014-08-31 22:00:00,0.0433766733077529,-0.03244934
2014-08-31 23:00:00,0.0433766733077529,-0.0061463923
2014-09-01 00:00:00,0.0324045007745865,-0.0024443553
2014-09-01 01:00:00,-0.0444007069575787,-0.03478172
2014-09-01 02:00:00,-0.0553728794907452,-0.10632463
2014-09-01 03:00:00,-0.1431502597560769,-0.07284335
2014-09-01 04:00:00,-0.0444007069575787,-0.13936384
2014-09-01 05:00:00,0.02143232824142,-0.03426661
2014-09-01 06:00:00,0.0104601557082535,0.04164371
2014-09-01 07:00:00,0.0653210183740859,0.04230964
2014-09-01 08:00:00,0.0982375359735853,0.058484692
2014-09-01 09:00:00,0.2518479514379159,0.08557594
2014-09-01 10:00:00,0.3505975042364141,0.22285509
2014-09-01 11:00:00,0.4274027119685794,0.31585604
2014-09-01 12:00:00,0.4822635746344118,0.39957488
2014-09-01 13:00:00,0.58101312743291,0.47392964
2014-09-01 14:00:00,0.5042079197007447,0.6000061
2014-09-01 15:00:00,0.6907348527645747,0.5184972
2014-09-01 16:00:00,-0.0553728794907452,0.784551
2014-09-01 17:00:00,0.5371244373002441,-0.2899282
2014-09-01 18:00:00,0.6249018175655758,0.6166434
2014-09-01 19:00:00,0.6907348527645747,0.71757567
2014-09-01 20:00:00,0.8224009231625723,0.7272786
2014-09-01 21:00:00,-0.1760667773555763,0.85971946
2014-09-01 22:00:00,-0.823424956812398,-0.65421927
2014-09-01 23:00:00,-0.867313646945064,-0.808504
2014-09-02 00:00:00,-0.7027310589475669,-0.84993374
2014-09-02 01:00:00,-0.5491206434832363,-0.7312015
2014-09-02 02:00:00,-0.4503710906847381,-0.5551832
2014-09-02 03:00:00,-0.5600928160164028,-0.41683763
2014-09-02 04:00:00,-0.7685640941465657,-0.49775225
2014-09-02 05:00:00,-0.7905084392128987,-0.72820026
2014-09-02 06:00:00,-0.8014806117460651,-0.774636
2014-09-02 07:00:00,-0.867313646945064,-0.8030149
2014-09-02 08:00:00,-0.867313646945064,-0.8611386
2014-09-02 09:00:00,-0.823424956812398,-0.8671182
2014-09-02 10:00:00,-0.7246754040138998,-0.82708365
2014-09-02 11:00:00,-0.6917588864144004,-0.7663572
2014-09-02 12:00:00,-0.6698145413480675,-0.7238618
2014-09-02 13:00:00,-0.7027310589475669,-0.6887093
2014-09-02 14:00:00,-0.8892579920113969,-0.7092541
2014-09-02 15:00:00,-0.845369301878731,-0.87651503
2014-09-02 16:00:00,-0.8343971293455645,-0.8714896
2014-09-02 17:00:00,-0.823424956812398,-0.85078645
2014-09-02 18:00:00,-0.966063199743562,-0.82390213
2014-09-02 19:00:00,-0.9989797173430616,-0.9259087
2014-09-02 20:00:00,-1.009951889876228,-0.9840058
2014-09-02 21:00:00,-0.9880075448098952,-1.0218976
2014-09-02 22:00:00,-1.0318962349425609,-1.0218303
2014-09-02 23:00:00,-0.9770353722767288,-1.0268009
2014-09-03 00:00:00,-0.9880075448098952,-0.9995636
2014-09-03 01:00:00,-0.9989797173430616,-0.99498963
2014-09-03 02:00:00,-0.9989797173430616,-0.9972855
2014-09-03 03:00:00,-0.966063199743562,-0.9987953
2014-09-03 04:00:00,-0.9989797173430616,-0.9983885
2014-09-03 05:00:00,-1.0209240624093945,-1.0114743
2014-09-03 06:00:00,-1.0318962349425609,-1.0422562
2014-09-03 07:00:00,-0.9441188546772292,-1.0514627
2014-09-03 08:00:00,-0.9770353722767288,-1.0167638
2014-09-03 09:00:00,-0.9112023370777298,-1.0024009
2014-09-03 10:00:00,-0.9221745096108964,-0.9639156
2014-09-03 11:00:00,-0.9550910272103956,-0.9566027
2014-09-03 12:00:00,-1.009951889876228,-0.9617828
2014-09-03 13:00:00,-0.966063199743562,-0.9910494
2014-09-03 14:00:00,-0.9880075448098952,-0.96317846
2014-09-03 15:00:00,-0.966063199743562,-0.9759002
2014-09-03 16:00:00,-0.9770353722767288,-0.9568578
2014-09-03 17:00:00,-0.9221745096108964,-0.93680453
2014-09-03 18:00:00,-0.966063199743562,-0.88358516
2014-09-03 19:00:00,-0.9770353722767288,-0.90604943
2014-09-03 20:00:00,-0.9331466821440628,-0.9123341
2014-09-03 21:00:00,-0.867313646945064,-0.8788341
2014-09-03 22:00:00,-0.8892579920113969,-0.8339525
2014-09-03 23:00:00,-0.845369301878731,-0.83519405
2014-09-04 00:00:00,-0.845369301878731,-0.7844823
2014-09-04 01:00:00,-0.5381484709500699,-0.7467419
2014-09-04 02:00:00,-0.680786713881234,-0.49961317
2014-09-04 03:00:00,-0.5820371610827357,-0.6406622
2014-09-04 04:00:00,-0.5491206434832363,-0.5862365
2014-09-04 05:00:00,-0.5052319533505705,-0.57697695
2014-09-04 06:00:00,-0.516204125883737,-0.5507664
2014-09-04 07:00:00,-0.4832876082842375,-0.5806004
2014-09-04 08:00:00,-0.2089832949550758,-0.52929443
2014-09-04 09:00:00,-0.5710649885495693,-0.30484545
2014-09-04 10:00:00,-0.6149536786822352,-0.59764254
2014-09-04 11:00:00,-0.8014806117460651,-0.6221726
2014-09-04 12:00:00,-0.7575919216133993,-0.77691436
2014-09-04 13:00:00,-0.6039815061490686,-0.7405803
2014-09-04 14:00:00,-0.7356475765470664,-0.57856226
2014-09-04 15:00:00,-0.9112023370777298,-0.7304305
2014-09-04 16:00:00,-0.9331466821440628,-0.8445163
2014-09-04 17:00:00,-0.8014806117460651,-0.82683384
2014-09-04 18:00:00,-0.7137032314807333,-0.7124932
2014-09-04 19:00:00,-0.7575919216133993,-0.6283679
2014-09-04 20:00:00,-0.680786713881234,-0.6677722
2014-09-04 21:00:00,-0.4393989181515716,-0.5623374
2014-09-04 22:00:00,-0.5600928160164028,-0.40814555
2014-09-04 23:00:00,-0.5271762984169034,-0.535409
2014-09-05 00:00:00,-0.4393989181515716,-0.4972508
2014-09-05 01:00:00,-0.4284267456184051,-0.4465869
2014-09-05 02:00:00,-0.3955102280189058,-0.46669203
2014-09-05 03:00:00,-0.2857885026872411,-0.43731606
2014-09-05 04:00:00,-0.2199554674882422,-0.31014848
2014-09-05 05:00:00,-0.2638441576209081,-0.24690633
2014-09-05 06:00:00,-0.329677192819907,-0.28137517
2014-09-05 07:00:00,-0.2967606752204075,-0.37202784
2014-09-05 08:00:00,-0.1541224322892434,-0.33871752
2014-09-05 09:00:00,-0.0773172245570781,-0.23687358
2014-09-05 10:00:00,-0.0444007069575787,-0.11245846
2014-09-05 11:00:00,0.0982375359735853,-0.07081473
2014-09-05 12:00:00,0.0982375359735853,0.09741689
2014-09-05 13:00:00,0.1530983986394176,0.08535336
2014-09-05 14:00:00,-0.1102337421565775,0.18193994
2014-09-05 15:00:00,-0.2857885026872411,-0.15978773
2014-09-05 16:00:00,-0.2748163301540746,-0.25900173
2014-09-05 17:00:00,-0.3516215378862399,-0.23985504
2014-09-05 18:00:00,-0.329677192819907,-0.3257282
2014-09-05 19:00:00,-0.1321780872229105,-0.28268316
2014-09-05 20:00:00,0.4712914021012453,-0.06835252
2014-09-05 21:00:00,0.6029574724992429,0.5403807
2014-09-05 22:00:00,0.5151800922339111,0.6029452
2014-09-05 23:00:00,0.4712914021012453,0.5008239
2014-09-06 00:00:00,0.5261522647670777,0.44886082
2014-09-06 01:00:00,0.6249018175655758,0.55254406
2014-09-06 02:00:00,0.5700409548997435,0.6115182
2014-09-06 03:00:00,0.5700409548997435,0.5874479
2014-09-06 04:00:00,0.5151800922339111,0.53059214
2014-09-06 05:00:00,0.4712914021012453,0.48331618
2014-09-06 06:00:00,0.4274027119685794,0.4161821
2014-09-06 07:00:00,0.4603192295680788,0.3655088
2014-09-06 08:00:00,0.4274027119685794,0.4215361
2014-09-06 09:00:00,0.3615696767695806,0.38360995
2014-09-06 10:00:00,0.4054583669022464,0.28808108
2014-09-06 11:00:00,0.4164305394354129,0.39175212
2014-09-06 12:00:00,0.4164305394354129,0.3838715
2014-09-06 13:00:00,0.3505975042364141,0.4180495
2014-09-06 14:00:00,0.3835140218359135,0.32278207
2014-09-06 15:00:00,0.2957366415705817,0.4093635
2014-09-06 16:00:00,0.0982375359735853,0.2804234
2014-09-06 17:00:00,-0.0663450520239117,0.08146733
2014-09-06 18:00:00,-0.0005120168249128,-0.055195346
2014-09-06 19:00:00,0.1092097085067518,0.037820335
2014-09-06 20:00:00,0.2518479514379159,0.11591324
2014-09-06 21:00:00,0.3505975042364141,0.32749337
2014-09-06 22:00:00,0.4164305394354129,0.3813673
2014-09-06 23:00:00,0.5590687823665771,0.4180634
2014-09-07 00:00:00,0.6797626802314082,0.5704344
2014-09-07 01:00:00,0.6029574724992429,0.6673495
2014-09-07 02:00:00,0.4712914021012453,0.54070103
2014-09-07 03:00:00,0.4932357471675782,0.401572
2014-09-07 04:00:00,0.5151800922339111,0.49906215
2014-09-07 05:00:00,0.5919852999660764,0.5005629
2014-09-07 06:00:00,0.6907348527645747,0.5615634
2014-09-07 07:00:00,0.76754006049674,0.71701366
2014-09-07 08:00:00,0.8114287506294059,0.81099045
2014-09-07 09:00:00,1.0528165463590682,0.85339326
2014-09-07 10:00:00,1.1735104442238993,1.1104932
2014-09-07 11:00:00,1.0747608914254012,1.2028387
2014-09-07 12:00:00,0.8333730956957388,0.95679474
2014-09-07 13:00:00,0.1201818810399182,0.6709681
2014-09-07 14:00:00,-0.1650946048224099,-0.19882196
2014-09-07 15:00:00,-0.2309276400214087,-0.26273167
2014-09-07 16:00:00,-0.0005120168249128,-0.26841205
2014-09-07 17:00:00,0.0543488458409194,0.04520351
2014-09-07 18:00:00,0.1092097085067518,0.09978497
2014-09-07 19:00:00,0.2518479514379159,0.21525623
2014-09-07 20:00:00,0.2628201239710824,0.31689095
2014-09-07 21:00:00,0.3176809866369147,0.3366276
2014-09-07 22:00:00,0.4383748845017459,0.4063083
2014-09-07 23:00:00,0.6139296450324094,0.52099866
2014-09-08 00:00:00,0.0433766733077529,0.6568534
2014-09-08 01:00:00,-1.075784925075227,-0.2101315
2014-09-08 02:00:00,-1.075784925075227,-0.9966686
2014-09-08 03:00:00,-1.0318962349425609,-1.0869637
2014-09-08 04:00:00,-1.0428684074757275,-1.0638463
2014-09-08 05:00:00,-1.0428684074757275,-1.0621393
2014-09-08 06:00:00,-1.0318962349425609,-1.0426834
2014-09-08 07:00:00,-1.0648127525420603,-1.0395887
2014-09-08 08:00:00,-1.0648127525420603,-1.059288
2014-09-08 09:00:00,-1.0209240624093945,-1.0759015
2014-09-08 10:00:00,-1.0209240624093945,-1.0465521
2014-09-08 11:00:00,-1.0648127525420603,-1.0509155
2014-09-08 12:00:00,-1.0648127525420603,-1.0858142
2014-09-08 13:00:00,-1.053840580008894,-1.0806081
2014-09-08 14:00:00,-1.0318962349425609,-1.0419184
2014-09-08 15:00:00,-1.0318962349425609,-1.0137132
2014-09-08 16:00:00,-1.053840580008894,-0.9923839
2014-09-08 17:00:00,-0.9880075448098952,-0.9978365
2014-09-08 18:00:00,-0.9331466821440628,-0.92959726
2014-09-08 19:00:00,-0.966063199743562,-0.87875116
2014-09-08 20:00:00,-0.9441188546772292,-0.92099303
2014-09-08 21:00:00,-0.8782858194782304,-0.9045067
2014-09-08 22:00:00,-0.8892579920113969,-0.8053
2014-09-08 23:00:00,-0.8563414744118975,-0.8369265
2014-09-09 00:00:00,-0.7685640941465657,-0.80176115
2014-09-09 01:00:00,-0.6917588864144004,-0.7412329
2014-09-09 02:00:00,-0.6698145413480675,-0.6433579
2014-09-09 03:00:00,-0.6039815061490686,-0.6230267
2014-09-09 04:00:00,-0.6368980237485681,-0.58924097
2014-09-09 05:00:00,-0.6698145413480675,-0.6512847
2014-09-09 06:00:00,-0.823424956812398,-0.68260497
2014-09-09 07:00:00,-0.845369301878731,-0.83540297
2014-09-09 08:00:00,-0.9112023370777298,-0.8734559
2014-09-09 09:00:00,-0.8014806117460651,-0.93508464
2014-09-09 10:00:00,-0.8892579920113969,-0.86516654
2014-09-09 11:00:00,-0.8563414744118975,-0.9053104
2014-09-09 12:00:00,-0.7575919216133993,-0.8604045
2014-09-09 13:00:00,-0.6259258512154017,-0.76494586
2014-09-09 14:00:00,-0.5052319533505705,-0.6319103
2014-09-09 15:00:00,-0.6039815061490686,-0.47728032
2014-09-09 16:00:00,-0.6149536786822352,-0.5722803
2014-09-09 17:00:00,-0.7137032314807333,-0.569947
2014-09-09 18:00:00,-0.6478701962817346,-0.67612475
2014-09-09 19:00:00,-0.5930093336159022,-0.59787863
2014-09-09 20:00:00,-0.5820371610827357,-0.5607601
2014-09-09 21:00:00,-0.4284267456184051,-0.5049013
2014-09-09 22:00:00,-0.2199554674882422,-0.42210007
2014-09-09 23:00:00,-0.5271762984169034,-0.2207769
2014-09-10 00:00:00,-0.6478701962817346,-0.5724556
2014-09-10 01:00:00,-0.5930093336159022,-0.60546243
2014-09-10 02:00:00,-0.6149536786822352,-0.5654049
2014-09-10 03:00:00,-0.5052319533505705,-0.59824634
2014-09-10 04:00:00,-0.4503710906847381,-0.5128859
2014-09-10 05:00:00,-0.2309276400214087,-0.45562923
2014-09-10 06:00:00,0.1640705711725841,-0.27933168
2014-09-10 07:00:00,-0.0444007069575787,0.13583772
2014-09-10 08:00:00,0.0872653634404188,-0.05777103
2014-09-10 09:00:00,0.1311540535730847,0.017188717
2014-09-10 10:00:00,0.1969870887720835,0.067428395
2014-09-10 11:00:00,-0.0882893970902446,0.13583781
2014-09-10 12:00:00,-0.2857885026872411,-0.1586483
2014-09-10 13:00:00,-0.5491206434832363,-0.3045594
2014-09-10 14:00:00,-0.7027310589475669,-0.5747374
2014-09-10 15:00:00,-0.7685640941465657,-0.6815871
2014-09-10 16:00:00,-0.680786713881234,-0.7300737
2014-09-10 17:00:00,-0.7027310589475669,-0.6464746
2014-09-10 18:00:00,-0.6259258512154017,-0.6699584
2014-09-10 19:00:00,-0.5710649885495693,-0.5879288
2014-09-10 20:00:00,-0.472315435751071,-0.51605964
2014-09-10 21:00:00,-0.3845380554857393,-0.4222902
2014-09-10 22:00:00,-0.1870389498887428,-0.3663277
2014-09-10 23:00:00,-0.0553728794907452,-0.19484906
2014-09-11 00:00:00,-0.1980111224219093,-0.042353667
2014-09-11 01:00:00,-0.4284267456184051,-0.21649142
2014-09-11 02:00:00,-0.2967606752204075,-0.42900938
2014-09-11 03:00:00,-0.2528719850877416,-0.32215613
2014-09-11 04:00:00,-0.1541224322892434,-0.2907045
2014-09-11 05:00:00,-0.2089832949550758,-0.19183429
2014-09-11 06:00:00,-0.2089832949550758,-0.23159073
2014-09-11 07:00:00,-0.121205914689744,-0.227329
2014-09-11 08:00:00,-0.0992615696234111,-0.13228904
2014-09-11 09:00:00,-0.0663450520239117,-0.1324983
2014-09-11 10:00:00,0.0872653634404188,-0.06807849
2014-09-11 11:00:00,0.0104601557082535,0.1092377
2014-09-11 12:00:00,-0.0773172245570781,-0.0066691567
2014-09-11 13:00:00,-0.1321780872229105,-0.104035616
2014-09-11 14:00:00,-0.1760667773555763,-0.10077172
2014-09-11 15:00:00,-0.0992615696234111,-0.20872904
2014-09-11 16:00:00,-0.0882893970902446,-0.11663041
2014-09-11 17:00:00,-0.1321780872229105,-0.048905753
2014-09-11 18:00:00,0.1750427437057506,-0.0668036
2014-09-11 19:00:00,0.2189314338384165,0.28196448
2014-09-11 20:00:00,0.2628201239710824,0.327019
2014-09-11 21:00:00,0.1421262261062512,0.3134733
2014-09-11 22:00:00,0.0433766733077529,0.14242162
2014-09-11 23:00:00,0.0653210183740859,0.02835476
2014-09-12 00:00:00,0.2299036063715829,-0.0075624497
2014-09-12 01:00:00,0.2628201239710824,0.18002905
2014-09-12 02:00:00,0.3835140218359135,0.20552811
2014-09-12 03:00:00,0.5151800922339111,0.35214195
2014-09-12 04:00:00,-0.1980111224219093,0.5017377
2014-09-12 05:00:00,-0.4393989181515716,-0.35327187
2014-09-12 06:00:00,-0.4393989181515716,-0.41889897
2014-09-12 07:00:00,-0.5271762984169034,-0.44288528
2014-09-12 08:00:00,-0.5052319533505705,-0.52623314
2014-09-12 09:00:00,-0.4503710906847381,-0.50586206
2014-09-12 10:00:00,-0.4503710906847381,-0.47961253
2014-09-12 11:00:00,-0.2857885026872411,-0.47685435
2014-09-12 12:00:00,-0.3516215378862399,-0.351659
2014-09-12 13:00:00,-0.3845380554857393,-0.3798343
2014-09-12 14:00:00,-0.3516215378862399,-0.4083896
2014-09-12 15:00:00,-0.6039815061490686,-0.370013
2014-09-12 16:00:00,-0.7027310589475669,-0.5820221
2014-09-12 17:00:00,-0.4064824005520722,-0.66423494
2014-09-12 18:00:00,-0.5052319533505705,-0.43395483
2014-09-12 19:00:00,-0.5710649885495693,-0.49178553
2014-09-12 20:00:00,-0.472315435751071,-0.5403094
2014-09-12 21:00:00,-0.4613432632179046,-0.47572786
2014-09-12 22:00:00,-0.4064824005520722,-0.46392018
2014-09-12 23:00:00,-0.5381484709500699,-0.43597788
2014-09-13 00:00:00,-0.5271762984169034,-0.5252856
2014-09-13 01:00:00,-0.5491206434832363,-0.5114986
2014-09-13 02:00:00,-0.5052319533505705,-0.5368037
2014-09-13 03:00:00,-0.4174545730852387,-0.48451185
2014-09-13 04:00:00,-0.3955102280189058,-0.42780405
2014-09-13 05:00:00,0.0872653634404188,-0.4030708
2014-09-13 06:00:00,-0.0553728794907452,-0.040248904
2014-09-13 07:00:00,-0.0773172245570781,-0.049073704
2014-09-13 08:00:00,-0.0663450520239117,-0.117155224
2014-09-13 09:00:00,-0.0444007069575787,-0.10998941
2014-09-13 10:00:00,-0.5381484709500699,-0.09246492
2014-09-13 11:00:00,-0.4393989181515716,-0.6126746
2014-09-13 12:00:00,-0.5491206434832363,-0.5197253
2014-09-13 13:00:00,-0.5930093336159022,-0.5930432
2014-09-13 14:00:00,-0.6698145413480675,-0.6124146
2014-09-13 15:00:00,-0.680786713881234,-0.66533184
2014-09-13 16:00:00,-0.5820371610827357,-0.65230036
2014-09-13 17:00:00,-0.5930093336159022,-0.55848503
2014-09-13 18:00:00,-0.5710649885495693,-0.54927707
2014-09-13 19:00:00,-0.516204125883737,-0.514777
2014-09-13 20:00:00,-0.3625937104194063,-0.45575982
2014-09-13 21:00:00,-0.4284267456184051,-0.34896252
2014-09-13 22:00:00,-0.2967606752204075,-0.3991896
2014-09-13 23:00:00,-0.2309276400214087,-0.25829583
2014-09-14 00:00:00,-0.2857885026872411,-0.19377488
2014-09-14 01:00:00,-0.3187050202867404,-0.23932071
2014-09-14 02:00:00,-0.2638441576209081,-0.28231716
2014-09-14 03:00:00,-0.2748163301540746,-0.25493473
2014-09-14 04:00:00,-0.2418998125545752,-0.27850252
2014-09-14 05:00:00,-0.1541224322892434,-0.22469155
2014-09-14 06:00:00,-0.0553728794907452,-0.20304796
2014-09-14 07:00:00,0.0653210183740859,-0.09514414
2014-09-14 08:00:00,-0.2309276400214087,0.013761688
2014-09-14 09:00:00,-0.4064824005520722,-0.31911343
2014-09-14 10:00:00,-0.5600928160164028,-0.5428526
2014-09-14 11:00:00,-0.8014806117460651,-0.70757395
2014-09-14 12:00:00,-0.9770353722767288,-0.9101764
2014-09-14 13:00:00,-0.9880075448098952,-1.0349596
2014-09-14 14:00:00,-1.0318962349425609,-1.0234157
2014-09-14 15:00:00,-0.9770353722767288,-1.018812
2014-09-14 16:00:00,-0.966063199743562,-0.9745439
2014-09-14 17:00:00,-0.9550910272103956,-0.92850786
2014-09-14 18:00:00,-0.9880075448098952,-0.89125454
2014-09-14 19:00:00,-0.9331466821440628,-0.87940186
2014-09-14 20:00:00,-0.845369301878731,-0.8460394
2014-09-14 21:00:00,-0.7246754040138998,-0.7859958
2014-09-14 22:00:00,-0.7027310589475669,-0.7285706
2014-09-14 23:00:00,-0.6368980237485681,-0.7030523
2014-09-15 00:00:00,-0.6368980237485681,-0.6594816
2014-09-15 01:00:00,-0.5820371610827357,-0.677432
2014-09-15 02:00:00,-0.5820371610827357,-0.6398276
2014-09-15 03:00:00,-0.7905084392128987,-0.6453116
2014-09-15 04:00:00,-0.8782858194782304,-0.8237223
2014-09-15 05:00:00,-0.845369301878731,-0.9092353
2014-09-15 06:00:00,-0.9221745096108964,-0.90879226
2014-09-15 07:00:00,-0.9221745096108964,-0.9381484
2014-09-15 08:00:00,-0.9331466821440628,-0.94904923
2014-09-15 09:00:00,-0.9770353722767288,-0.9589564
2014-09-15 10:00:00,-0.9770353722767288,-0.9968802
2014-09-15 11:00:00,-1.0209240624093945,-1.0287611
2014-09-15 12:00:00,-1.053840580008894,-1.0391941
2014-09-15 13:00:00,-1.0648127525420603,-1.0771434
2014-09-15 14:00:00,-1.0318962349425609,-1.0645763
2014-09-15 15:00:00,-1.009951889876228,-1.0400662
2014-09-15 16:00:00,-1.0318962349425609,-1.0302923
2014-09-15 17:00:00,-0.9770353722767288,-1.0374751
2014-09-15 18:00:00,-0.9221745096108964,-0.9701318
2014-09-15 19:00:00,-0.9002301645445634,-0.88675886
2014-09-15 20:00:00,-0.8782858194782304,-0.8537079
2014-09-15 21:00:00,-0.823424956812398,-0.8461409
2014-09-15 22:00:00,-0.8782858194782304,-0.7933681
2014-09-15 23:00:00,-0.8124527842792316,-0.8586018
2014-09-16 00:00:00,-0.7685640941465657,-0.7443708
2014-09-16 01:00:00,-0.7246754040138998,-0.71351993
2014-09-16 02:00:00,-0.7685640941465657,-0.675441
2014-09-16 03:00:00,-0.516204125883737,-0.67664415
2014-09-16 04:00:00,-0.5600928160164028,-0.49712646
2014-09-16 05:00:00,-0.7356475765470664,-0.54620534
2014-09-16 06:00:00,-0.9002301645445634,-0.7436975
2014-09-16 07:00:00,-0.9166884233443132,-0.8993161
2014-09-16 08:00:00,-0.9331466821440628,-0.9372232
2014-09-16 09:00:00,-0.8782858194782304,-0.9772725
2014-09-16 10:00:00,-0.823424956812398,-0.9503991
2014-09-16 11:00:00,-0.8892579920113969,-0.8822541
2014-09-16 12:00:00,-0.8563414744118975,-0.9059526
2014-09-16 13:00:00,-0.7685640941465657,-0.8517376
2014-09-16 14:00:00,-0.6039815061490686,-0.76529646
2014-09-16 15:00:00,-0.3406493653530734,-0.6131559
2014-09-16 16:00:00,-0.1102337421565775,-0.39002687
2014-09-16 17:00:00,-0.0224563618912458,-0.12800603
2014-09-16 18:00:00,-0.0773172245570781,0.050815497
2014-09-16 19:00:00,-0.3955102280189058,-0.04795875
2014-09-16 20:00:00,-0.4393989181515716,-0.3879524
2014-09-16 21:00:00,-0.4832876082842375,-0.42906433
2014-09-16 22:00:00,-0.4832876082842375,-0.5351534
2014-09-16 23:00:00,-0.3516215378862399,-0.5341939
2014-09-17 00:00:00,-0.4832876082842375,-0.40236908
2014-09-17 01:00:00,-0.7685640941465657,-0.53543234
2014-09-17 02:00:00,-0.823424956812398,-0.7819506
2014-09-17 03:00:00,-0.9221745096108964,-0.79508054
2014-09-17 04:00:00,-0.9880075448098952,-0.8516164
2014-09-17 05:00:00,-0.9550910272103956,-0.91731954
2014-09-17 06:00:00,-0.8892579920113969,-0.91755974
2014-09-17 07:00:00,-0.823424956812398,-0.8931983
2014-09-17 08:00:00,-0.8563414744118975,-0.8675442
2014-09-17 09:00:00,-0.9002301645445634,-0.8867482
2014-09-17 10:00:00,-0.8892579920113969,-0.92166483
2014-09-17 11:00:00,-0.7795362666797322,-0.9061563
2014-09-17 12:00:00,-0.6149536786822352,-0.8539958
2014-09-17 13:00:00,-0.2748163301540746,-0.7243259
2014-09-17 14:00:00,-0.4393989181515716,-0.46632266
2014-09-17 15:00:00,-0.4393989181515716,-0.48201808
2014-09-17 16:00:00,-0.4393989181515716,-0.46618956
2014-09-17 17:00:00,-0.680786713881234,-0.4758839
2014-09-17 18:00:00,-0.7137032314807333,-0.6797285
2014-09-17 19:00:00,-0.7466197490802328,-0.71635777
2014-09-17 20:00:00,-0.6478701962817346,-0.73665553
2014-09-17 21:00:00,-0.5600928160164028,-0.6828672
2014-09-17 22:00:00,-0.5600928160164028,-0.6072017
2014-09-17 23:00:00,-0.494259780817404,-0.5673281
2014-09-18 00:00:00,-0.4832876082842375,-0.5395351
2014-09-18 01:00:00,-0.4174545730852387,-0.44752574
2014-09-18 02:00:00,-0.2199554674882422,-0.42296296
2014-09-18 03:00:00,-0.0114841893580793,-0.28479722
2014-09-18 04:00:00,0.0433766733077529,-0.114749506
2014-09-18 05:00:00,-0.0114841893580793,-0.021279316
2014-09-18 06:00:00,-0.0334285344244122,-0.08651681
2014-09-18 07:00:00,0.0872653634404188,-0.121573105
2014-09-18 08:00:00,-0.0114841893580793,-0.013365649
2014-09-18 09:00:00,0.20795926130525,-0.11082772
2014-09-18 10:00:00,-0.0773172245570781,0.08659481
2014-09-18 11:00:00,-0.2418998125545752,-0.18894213
2014-09-18 12:00:00,-0.3625937104194063,-0.28931832
2014-09-18 13:00:00,-0.3406493653530734,-0.35577905
2014-09-18 14:00:00,-0.5381484709500699,-0.2906794
2014-09-18 15:00:00,-0.6478701962817346,-0.5091816
2014-09-18 16:00:00,-0.7246754040138998,-0.6202892
2014-09-18 17:00:00,-0.867313646945064,-0.6818366
2014-09-18 18:00:00,-0.8014806117460651,-0.79401594
2014-09-18 19:00:00,-0.7246754040138998,-0.7308231
2014-09-18 20:00:00,-0.6917588864144004,-0.640957
2014-09-18 21:00:00,-0.5381484709500699,-0.6286518
2014-09-18 22:00:00,-0.4284267456184051,-0.49414402
2014-09-18 23:00:00,-0.4064824005520722,-0.42347783
2014-09-19 00:00:00,-0.4503710906847381,-0.40458882
2014-09-19 01:00:00,-0.329677192819907,-0.39680725
2014-09-19 02:00:00,-0.2418998125545752,-0.31213558
2014-09-19 03:00:00,-0.1760667773555763,-0.2022448
2014-09-19 04:00:00,-0.0334285344244122,-0.14557737
2014-09-19 05:00:00,0.1092097085067518,0.005992671
2014-09-19 06:00:00,0.0653210183740859,0.119497955
2014-09-19 07:00:00,-0.0882893970902446,0.043992415
2014-09-19 08:00:00,0.1092097085067518,-0.19080754
2014-09-19 09:00:00,0.2299036063715829,0.071329854
2014-09-19 10:00:00,0.39448619436908,0.24147041
2014-09-19 11:00:00,0.5480966098334106,0.42889318
2014-09-19 12:00:00,0.1969870887720835,0.6312599
2014-09-19 13:00:00,-0.0992615696234111,0.16211161
2014-09-19 14:00:00,-0.1541224322892434,-0.055436414
2014-09-19 15:00:00,-0.3625937104194063,-0.077547565
2014-09-19 16:00:00,-0.4393989181515716,-0.34052598
2014-09-19 17:00:00,-0.516204125883737,-0.3585298
2014-09-19 18:00:00,-0.516204125883737,-0.46833494
2014-09-19 19:00:00,-0.2748163301540746,-0.44840118
2014-09-19 20:00:00,-0.0334285344244122,-0.17583929
2014-09-19 21:00:00,0.0543488458409194,0.076309495
2014-09-19 22:00:00,0.20795926130525,0.11889279
2014-09-19 23:00:00,0.4383748845017459,0.2560515
2014-09-20 00:00:00,0.4822635746344118,0.5096015
2014-09-20 01:00:00,0.4493470570349123,0.4872758
2014-09-20 02:00:00,0.4932357471675782,0.4309317
2014-09-20 03:00:00,0.4603192295680788,0.49157348
2014-09-20 04:00:00,0.4493470570349123,0.44644815
2014-09-20 05:00:00,0.39448619436908,0.43496415
2014-09-20 06:00:00,0.3067088141037483,0.36722553
2014-09-20 07:00:00,0.1092097085067518,0.29267517
2014-09-20 08:00:00,0.1750427437057506,0.08209198
2014-09-20 09:00:00,0.2518479514379159,0.18459596
2014-09-20 10:00:00,0.2957366415705817,0.2124917
2014-09-20 11:00:00,0.2628201239710824,0.27783278
2014-09-20 12:00:00,0.1640705711725841,0.27132156
2014-09-20 13:00:00,0.186014916238917,0.11923042
2014-09-20 14:00:00,0.1421262261062512,0.21521409
2014-09-20 15:00:00,-0.121205914689744,0.14507036
2014-09-20 16:00:00,-0.0553728794907452,-0.12795402
2014-09-20 17:00:00,-0.2418998125545752,-0.004054286
2014-09-20 18:00:00,0.4383748845017459,-0.23353052
2014-09-20 19:00:00,0.58101312743291,0.5973656
2014-09-20 20:00:00,0.6468461626319087,0.639867
2014-09-20 21:00:00,0.8772617858284046,0.73610985
2014-09-20 22:00:00,1.096705236491734,1.0090567
2014-09-20 23:00:00,1.4039260674203953,1.2152873
2014-09-21 00:00:00,1.4148982399535617,1.4890214
2014-09-21 01:00:00,1.096705236491734,1.2649546
2014-09-21 02:00:00,0.5042079197007447,0.85025823
2014-09-21 03:00:00,0.3615696767695806,0.17979294
2014-09-21 04:00:00,0.2737922965042488,0.26701722
2014-09-21 05:00:00,-0.2309276400214087,0.17631559
2014-09-21 06:00:00,-0.2199554674882422,-0.31678632
2014-09-21 07:00:00,-0.307732847753574,-0.2095912
2014-09-21 08:00:00,-0.4503710906847381,-0.29427537
2014-09-21 09:00:00,-0.4064824005520722,-0.4390847
2014-09-21 10:00:00,-0.3955102280189058,-0.40827963
2014-09-21 11:00:00,-0.5271762984169034,-0.4210539
2014-09-21 12:00:00,-0.3625937104194063,-0.5680325
2014-09-21 13:00:00,-0.2418998125545752,-0.38541043
2014-09-21 14:00:00,-0.121205914689744,-0.2716769
2014-09-21 15:00:00,-0.1321780872229105,-0.1224858
2014-09-21 16:00:00,-0.0444007069575787,-0.12565306
2014-09-21 17:00:00,-0.0005120168249128,-0.05487289
2014-09-21 18:00:00,-0.0773172245570781,-0.001410184
2014-09-21 19:00:00,-0.1650946048224099,-0.059518736
2014-09-21 20:00:00,-0.1321780872229105,-0.1466163
2014-09-21 21:00:00,-0.1980111224219093,-0.11955233
2014-09-21 22:00:00,-0.2199554674882422,-0.18893261
2014-09-21 23:00:00,-0.4503710906847381,-0.23735829
2014-09-22 00:00:00,-0.2748163301540746,-0.45879918
2014-09-22 01:00:00,-0.2528719850877416,-0.33451015
2014-09-22 02:00:00,-0.329677192819907,-0.2829858
2014-09-22 03:00:00,-0.2199554674882422,-0.3479354
2014-09-22 04:00:00,-0.2089832949550758,-0.24163814
2014-09-22 05:00:00,-0.2309276400214087,-0.23548831
2014-09-22 06:00:00,-0.121205914689744,-0.2496775
2014-09-22 07:00:00,0.0653210183740859,-0.17802708
2014-09-22 08:00:00,0.1311540535730847,-0.019367144
2014-09-22 09:00:00,0.1969870887720835,0.05257637
2014-09-22 10:00:00,0.2189314338384165,0.1660671
2014-09-22 11:00:00,0.20795926130525,0.25105992
2014-09-22 12:00:00,0.2957366415705817,0.199773
2014-09-22 13:00:00,0.3067088141037483,0.2898388
2014-09-22 14:00:00,0.3835140218359135,0.26770836
2014-09-22 15:00:00,0.3615696767695806,0.35134533
2014-09-22 16:00:00,0.2628201239710824,0.3056488
2014-09-22 17:00:00,0.1311540535730847,0.20329465
2014-09-22 18:00:00,0.0762931909072524,0.124024704
2014-09-22 19:00:00,0.0982375359735853,0.09750182
2014-09-22 20:00:00,0.0872653634404188,0.14815246
2014-09-22 21:00:00,0.20795926130525,0.10699649
2014-09-22 22:00:00,0.186014916238917,0.23976833
2014-09-22 23:00:00,0.2189314338384165,0.18030837
2014-09-23 00:00:00,0.2518479514379159,0.2209631
2014-09-23 01:00:00,0.1530983986394176,0.30655292
2014-09-23 02:00:00,0.0982375359735853,0.111852415
2014-09-23 03:00:00,-0.0444007069575787,0.059510622
2014-09-23 04:00:00,0.02143232824142,-0.09239855
2014-09-23 05:00:00,-0.0553728794907452,-0.0017095269
2014-09-23 06:00:00,-0.2089832949550758,-0.08033027
2014-09-23 07:00:00,-0.2967606752204075,-0.24272653
2014-09-23 08:00:00,-0.4064824005520722,-0.3188316
2014-09-23 09:00:00,-0.6039815061490686,-0.44097787
2014-09-23 10:00:00,-0.5381484709500699,-0.632687
2014-09-23 11:00:00,-0.658842368814901,-0.58232045
2014-09-23 12:00:00,-0.7027310589475669,-0.6849972
2014-09-23 13:00:00,-0.7246754040138998,-0.723512
2014-09-23 14:00:00,-0.8343971293455645,-0.73811686
2014-09-23 15:00:00,-0.8014806117460651,-0.7820107
2014-09-23 16:00:00,-0.7411336628136496,-0.7640753
2014-09-23 17:00:00,-0.680786713881234,-0.7203183
2014-09-23 18:00:00,-0.6368980237485681,-0.67452234
2014-09-23 19:00:00,-0.5600928160164028,-0.6470994
2014-09-23 20:00:00,-0.4832876082842375,-0.59605163
2014-09-23 21:00:00,-0.2748163301540746,-0.53558743
2014-09-23 22:00:00,-0.3516215378862399,-0.37695938
2014-09-23 23:00:00,-0.1321780872229105,-0.40376237
2014-09-24 00:00:00,-0.5491206434832363,-0.20899318
2014-09-24 01:00:00,-0.680786713881234,-0.5456326
2014-09-24 02:00:00,-0.680786713881234,-0.67988396
2014-09-24 03:00:00,-0.5930093336159022,-0.718555
2014-09-24 04:00:00,-0.7137032314807333,-0.65330064
2014-09-24 05:00:00,-0.8782858194782304,-0.7104857
2014-09-24 06:00:00,-0.9989797173430616,-0.83133876
2014-09-24 07:00:00,-0.9770353722767288,-0.91101384
2014-09-24 08:00:00,-0.9112023370777298,-0.93739426
2014-09-24 09:00:00,-0.8563414744118975,-0.92380404
2014-09-24 10:00:00,-0.9550910272103956,-0.90371275
2014-09-24 11:00:00,-0.9112023370777298,-0.96014357
2014-09-24 12:00:00,-0.9441188546772292,-0.96166396
2014-09-24 13:00:00,-0.9221745096108964,-0.96242607
2014-09-24 14:00:00,-0.9441188546772292,-0.94501364
2014-09-24 15:00:00,-0.9770353722767288,-0.9413062
2014-09-24 16:00:00,-0.9880075448098952,-0.95604265
2014-09-24 17:00:00,-0.9880075448098952,-0.97793627
2014-09-24 18:00:00,-0.7575919216133993,-0.9610809
2014-09-24 19:00:00,-0.6698145413480675,-0.81135166
2014-09-24 20:00:00,-0.4832876082842375,-0.69437283
2014-09-24 21:00:00,-0.4284267456184051,-0.53909135
2014-09-24 22:00:00,-0.3955102280189058,-0.46307784
2014-09-24 23:00:00,0.0104601557082535,-0.4255597
2014-09-25 00:00:00,0.1201818810399182,-0.13152228
2014-09-25 01:00:00,-0.1980111224219093,0.04176308
2014-09-25 02:00:00,-0.1760667773555763,-0.23229045
2014-09-25 03:00:00,-0.121205914689744,-0.23772244
2014-09-25 04:00:00,-0.0992615696234111,-0.18687122
2014-09-25 05:00:00,-0.2089832949550758,-0.1522697
2014-09-25 06:00:00,0.0324045007745865,-0.20590867
2014-09-25 07:00:00,-0.0114841893580793,-0.010698991
2014-09-25 08:00:00,0.0543488458409194,-0.016009482
2014-09-25 09:00:00,0.2299036063715829,0.09447877
2014-09-25 10:00:00,0.4274027119685794,0.22030422
2014-09-25 11:00:00,0.4493470570349123,0.41565526
2014-09-25 12:00:00,0.5261522647670777,0.45238838
2014-09-25 13:00:00,0.745595715430407,0.5246563
2014-09-25 14:00:00,0.6249018175655758,0.75261354
2014-09-25 15:00:00,0.6468461626319087,0.6051954
2014-09-25 16:00:00,0.5590687823665771,0.64330274
2014-09-25 17:00:00,0.4054583669022464,0.58258724
2014-09-25 18:00:00,0.3067088141037483,0.41262937
2014-09-25 19:00:00,0.4822635746344118,0.36400244
2014-09-25 20:00:00,0.5151800922339111,0.52805305
2014-09-25 21:00:00,0.6249018175655758,0.57456577
2014-09-25 22:00:00,0.4932357471675782,0.66143274
2014-09-25 23:00:00,-0.2857885026872411,0.4661862
2014-09-26 00:00:00,-0.4393989181515716,-0.49917483
2014-09-26 01:00:00,-0.2748163301540746,-0.45154265
2014-09-26 02:00:00,-0.1541224322892434,-0.3068291
2014-09-26 03:00:00,-0.1431502597560769,-0.16867343
2014-09-26 04:00:00,-0.0114841893580793,-0.131967
2014-09-26 05:00:00,-0.0444007069575787,0.019714352
2014-09-26 06:00:00,0.0762931909072524,-0.007767387
2014-09-26 07:00:00,0.1201818810399182,0.12376373
2014-09-26 08:00:00,0.2189314338384165,0.14634742
2014-09-26 09:00:00,0.2299036063715829,0.23209338
2014-09-26 10:00:00,0.2847644690374153,0.2183587
2014-09-26 11:00:00,0.3286531591700812,0.2729848
2014-09-26 12:00:00,0.2518479514379159,0.32046634
2014-09-26 13:00:00,0.3176809866369147,0.2407699
2014-09-26 14:00:00,0.5042079197007447,0.33542508
2014-09-26 15:00:00,0.6029574724992429,0.58453536
2014-09-26 16:00:00,1.0199000287595688,0.67974603
2014-09-26 17:00:00,1.0308722012927352,1.2762144
2014-09-26 18:00:00,1.1296217540912334,1.1458673
2014-09-26 19:00:00,1.283232169555564,1.2565451
2014-09-26 20:00:00,1.305176514621897,1.3627385
2014-09-26 21:00:00,1.0528165463590682,1.279413
2014-09-26 22:00:00,0.7236513703640741,0.9712228
2014-09-26 23:00:00,0.5371244373002441,0.53064156
2014-09-27 00:00:00,0.20795926130525,0.36750594
2014-09-27 01:00:00,0.3505975042364141,-0.05032401
2014-09-27 02:00:00,-0.4284267456184051,0.21664162
2014-09-27 03:00:00,-0.9989797173430616,-0.6823157
2014-09-27 04:00:00,-0.9989797173430616,-0.9680227
2014-09-27 05:00:00,-0.6368980237485681,-0.97714746
2014-09-27 06:00:00,-0.6259258512154017,-0.7523637
2014-09-27 07:00:00,-0.5381484709500699,-0.66052485
2014-09-27 08:00:00,-0.7905084392128987,-0.5795001
2014-09-27 09:00:00,-0.8124527842792316,-0.8083177
2014-09-27 10:00:00,-0.9441188546772292,-0.8990178
2014-09-27 11:00:00,-0.9331466821440628,-1.0071986
2014-09-27 12:00:00,-0.9880075448098952,-1.0028872
2014-09-27 13:00:00,-1.0318962349425609,-0.9589641
2014-09-27 14:00:00,-0.9880075448098952,-0.95767814
2014-09-27 15:00:00,-0.9880075448098952,-0.9422357
2014-09-27 16:00:00,-0.9112023370777298,-0.9329612
2014-09-27 17:00:00,-0.9221745096108964,-0.8795733
2014-09-27 18:00:00,-0.8563414744118975,-0.88857776
2014-09-27 19:00:00,-0.7466197490802328,-0.79423213
2014-09-27 20:00:00,-0.5052319533505705,-0.72046566
2014-09-27 21:00:00,-0.5271762984169034,-0.5204952
2014-09-27 22:00:00,-0.4503710906847381,-0.45077032
2014-09-27 23:00:00,-0.4503710906847381,-0.36905295
2014-09-28 00:00:00,-0.2528719850877416,-0.4158789
2014-09-28 01:00:00,-0.1870389498887428,-0.28702056
2014-09-28 02:00:00,-0.1870389498887428,-0.25194925
2014-09-28 03:00:00,-0.3735658829525728,-0.26968223
2014-09-28 04:00:00,-0.4503710906847381,-0.4363323
2014-09-28 05:00:00,-0.5600928160164028,-0.46530223
2014-09-28 06:00:00,-0.4613432632179046,-0.58277667
2014-09-28 07:00:00,-0.4284267456184051,-0.47220522
2014-09-28 08:00:00,-0.4064824005520722,-0.4304427
2014-09-28 09:00:00,-0.3187050202867404,-0.42841375
2014-09-28 10:00:00,-0.1980111224219093,-0.34472084
2014-09-28 11:00:00,-0.1431502597560769,-0.22745605
2014-09-28 12:00:00,-0.0224563618912458,-0.15886685
2014-09-28 13:00:00,0.0104601557082535,-0.025739634
2014-09-28 14:00:00,-0.3406493653530734,0.026913222
2014-09-28 15:00:00,-0.4174545730852387,-0.36068308
2014-09-28 16:00:00,-0.6039815061490686,-0.41255867
2014-09-28 17:00:00,-0.516204125883737,-0.56054664
2014-09-28 18:00:00,-0.5930093336159022,-0.48405418
2014-09-28 19:00:00,-0.472315435751071,-0.55200654
2014-09-28 20:00:00,-0.516204125883737,-0.45407674
2014-09-28 21:00:00,-0.5381484709500699,-0.46835604
2014-09-28 22:00:00,-0.4613432632179046,-0.4886145
2014-09-28 23:00:00,-0.2748163301540746,-0.4434216
2014-09-29 00:00:00,-0.2748163301540746,-0.28782934
2014-09-29 01:00:00,-0.2309276400214087,-0.21688518
2014-09-29 02:00:00,-0.0334285344244122,-0.21005534
2014-09-29 03:00:00,0.0543488458409194,-0.046850745
2014-09-29 04:00:00,0.0543488458409194,0.01555475
2014-09-29 05:00:00,0.0762931909072524,0.024146069
2014-09-29 06:00:00,0.0324045007745865,0.048891805
2014-09-29 07:00:00,0.02143232824142,-0.012379758
2014-09-29 08:00:00,-0.0334285344244122,0.004349341
2014-09-29 09:00:00,-0.0114841893580793,-0.09719673
2014-09-29 10:00:00,-0.1650946048224099,-0.10035883
2014-09-29 11:00:00,-0.2528719850877416,-0.38679105
2014-09-29 12:00:00,-0.9112023370777298,-0.4481233
2014-09-29 13:00:00,-0.9550910272103956,-1.0176736
2014-09-29 14:00:00,-0.9880075448098952,-1.0072573
2014-09-29 15:00:00,-0.9880075448098952,-1.004741
2014-09-29 16:00:00,-0.966063199743562,-0.9777472
2014-09-29 17:00:00,-0.9550910272103956,-0.94539595
2014-09-29 18:00:00,-0.966063199743562,-0.94251186
2014-09-29 19:00:00,-0.966063199743562,-0.9648125
2014-09-29 20:00:00,-0.9441188546772292,-0.96140176
2014-09-29 21:00:00,-0.867313646945064,-0.9180319
2014-09-29 22:00:00,-0.9112023370777298,-0.8997048
2014-09-29 23:00:00,-0.845369301878731,-0.9415058
2014-09-30 00:00:00,-0.8124527842792316,-0.9206966
2014-09-30 01:00:00,-0.8782858194782304,-0.87120485
2014-09-30 02:00:00,-0.8343971293455645,-0.9141795
2014-09-30 03:00:00,-0.8563414744118975,-0.8903467
2014-09-30 04:00:00,-0.9112023370777298,-0.9041273
2014-09-30 05:00:00,-0.9112023370777298,-0.9399518
2014-09-30 06:00:00,-0.8782858194782304,-0.9412967
2014-09-30 07:00:00,-0.9550910272103956,-0.9112579
2014-09-30 08:00:00,-0.9002301645445634,-0.94686764
2014-09-30 09:00:00,-0.9331466821440628,-0.93386424
2014-09-30 10:00:00,-0.9112023370777298,-0.95658386
2014-09-30 11:00:00,-0.845369301878731,-0.9633547
2014-09-30 12:00:00,-0.8563414744118975,-0.9042834
2014-09-30 13:00:00,-0.9221745096108964,-0.8903295
2014-09-30 14:00:00,-0.8563414744118975,-0.9450286
2014-09-30 15:00:00,-0.867313646945064,-0.90722835
2014-09-30 16:00:00,-0.845369301878731,-0.9090607
2014-09-30 17:00:00,-0.8782858194782304,-0.8736421
2014-09-30 18:00:00,-0.8124527842792316,-0.8753463
2014-09-30 19:00:00,-0.7575919216133993,-0.79524004
2014-09-30 20:00:00,-0.6149536786822352,-0.7458256
2014-09-30 21:00:00,-0.516204125883737,-0.6060194
2014-09-30 22:00:00,-0.472315435751071,-0.52517176
2014-09-30 23:00:00,-0.4393989181515716,-0.49491328
2014-10-01 00:00:00,-0.2418998125545752,-0.47211856
2014-10-01 01:00:00,-0.1650946048224099,-0.27636233
2014-10-01 02:00:00,-0.1870389498887428,-0.1965525
2014-10-01 03:00:00,-0.121205914689744,-0.15744448
2014-10-01 04:00:00,-0.2199554674882422,-0.12660001
2014-10-01 05:00:00,-0.2199554674882422,-0.21511391
2014-10-01 06:00:00,-0.3406493653530734,-0.22137743
2014-10-01 07:00:00,-0.4613432632179046,-0.32928056
2014-10-01 08:00:00,-0.4174545730852387,-0.4459146
2014-10-01 09:00:00,-0.2967606752204075,-0.38499153
2014-10-01 10:00:00,-0.2528719850877416,-0.26348335
2014-10-01 11:00:00,-0.1102337421565775,-0.2245491
2014-10-01 12:00:00,-0.0992615696234111,-0.05122364
2014-10-01 13:00:00,-0.0444007069575787,-0.06008396
2014-10-01 14:00:00,-0.3187050202867404,-0.004265932
2014-10-01 15:00:00,-0.2528719850877416,-0.30429447
2014-10-01 16:00:00,-0.2638441576209081,-0.25072467
2014-10-01 17:00:00,-0.0005120168249128,-0.26336384
2014-10-01 18:00:00,-0.0005120168249128,-0.015274547
2014-10-01 19:00:00,-0.0334285344244122,0.0067381053
2014-10-01 20:00:00,-0.0773172245570781,0.027789949
2014-10-01 21:00:00,-0.1321780872229105,-0.07185728
2014-10-01 22:00:00,-0.1980111224219093,-0.1338001
2014-10-01 23:00:00,-0.1541224322892434,-0.18449047
2014-10-02 00:00:00,-0.1980111224219093,-0.13807385
2014-10-02 01:00:00,-0.3406493653530734,-0.19842921
2014-10-02 02:00:00,-0.3735658829525728,-0.36100334
2014-10-02 03:00:00,-0.4503710906847381,-0.4027239
2014-10-02 04:00:00,-0.4174545730852387,-0.46836156
2014-10-02 05:00:00,-0.2967606752204075,-0.43022466
2014-10-02 06:00:00,-0.2199554674882422,-0.30774263
2014-10-02 07:00:00,-0.2857885026872411,-0.22722624
2014-10-02 08:00:00,-0.2309276400214087,-0.2965299
2014-10-02 09:00:00,-0.3955102280189058,-0.23874617
2014-10-02 10:00:00,-0.4284267456184051,-0.33988553
2014-10-02 11:00:00,-0.2748163301540746,-0.43810496
2014-10-02 12:00:00,-0.3955102280189058,-0.27773315
2014-10-02 13:00:00,-0.6698145413480675,-0.39375114
2014-10-02 14:00:00,-0.7575919216133993,-0.6209309
2014-10-02 15:00:00,-0.8014806117460651,-0.6658417
2014-10-02 16:00:00,-0.867313646945064,-0.72257906
2014-10-02 17:00:00,-0.8014806117460651,-0.77663857
2014-10-02 18:00:00,-0.7356475765470664,-0.739016
2014-10-02 19:00:00,-0.4393989181515716,-0.6890887
2014-10-02 20:00:00,-0.2309276400214087,-0.44949305
2014-10-02 21:00:00,-0.0773172245570781,-0.23984836
2014-10-02 22:00:00,0.3176809866369147,-0.09323236
2014-10-02 23:00:00,0.3505975042364141,0.25851732
2014-10-03 00:00:00,0.2299036063715829,0.3203917
2014-10-03 01:00:00,0.1640705711725841,0.18475203
2014-10-03 02:00:00,0.1421262261062512,0.10469969
2014-10-03 03:00:00,0.3835140218359135,0.1326151
2014-10-03 04:00:00,0.1640705711725841,0.381756
2014-10-03 05:00:00,0.5371244373002441,0.13390452
2014-10-03 06:00:00,0.0982375359735853,0.5221523
2014-10-03 07:00:00,-0.2967606752204075,0.0037604566
2014-10-03 08:00:00,-0.472315435751071,-0.3653818
2014-10-03 09:00:00,-0.516204125883737,-0.52631766
2014-10-03 10:00:00,-0.4503710906847381,-0.5113863
2014-10-03 11:00:00,-0.472315435751071,-0.47183102
2014-10-03 12:00:00,-0.1760667773555763,-0.4641093
2014-10-03 13:00:00,-0.0992615696234111,-0.19503294
2014-10-03 14:00:00,0.3615696767695806,-0.06831509
2014-10-03 15:00:00,0.7894844055630729,0.37602735
2014-10-03 16:00:00,0.8992061308947376,0.8686383
2014-10-03 17:00:00,1.1076774090249004,1.0245725
2014-10-03 18:00:00,1.1735104442238993,1.2355641
2014-10-03 19:00:00,1.0857330639585676,1.3287967
2014-10-03 20:00:00,0.8443452682289052,1.0896002
2014-10-03 21:00:00,0.6687905076982418,0.8275269
2014-10-03 22:00:00,0.6139296450324094,0.63135856
2014-10-03 23:00:00,0.5700409548997435,0.5889052
2014-10-04 00:00:00,0.3286531591700812,0.5525564
2014-10-04 01:00:00,-0.0663450520239117,0.22450961
2014-10-04 02:00:00,-0.2089832949550758,-0.15392329
2014-10-04 03:00:00,-0.2089832949550758,-0.2578882
2014-10-04 04:00:00,-0.2418998125545752,-0.2534569
2014-10-04 05:00:00,-0.3406493653530734,-0.27624953
2014-10-04 06:00:00,-0.4503710906847381,-0.36241794
2014-10-04 07:00:00,-0.494259780817404,-0.4493529
2014-10-04 08:00:00,-0.5052319533505705,-0.48912224
2014-10-04 09:00:00,-0.4613432632179046,-0.50161904
2014-10-04 10:00:00,-0.4284267456184051,-0.465927
2014-10-04 11:00:00,-0.2748163301540746,-0.418218
2014-10-04 12:00:00,-0.2418998125545752,-0.2950065
2014-10-04 13:00:00,-0.0334285344244122,-0.26047564
2014-10-04 14:00:00,0.0543488458409194,-0.07151912
2014-10-04 15:00:00,0.0324045007745865,0.046949763
2014-10-04 16:00:00,-0.0005120168249128,0.045339085
2014-10-04 17:00:00,0.0762931909072524,-0.0116823055
2014-10-04 18:00:00,0.0982375359735853,0.071856946
2014-10-04 19:00:00,0.1750427437057506,0.095830135
2014-10-04 20:00:00,0.1311540535730847,0.1768991
2014-10-04 21:00:00,0.0104601557082535,0.11755531
2014-10-04 22:00:00,-0.2199554674882422,-0.027670262
2014-10-04 23:00:00,-0.2528719850877416,-0.26921695
2014-10-05 00:00:00,-0.2309276400214087,-0.30521756
2014-10-05 01:00:00,-0.1541224322892434,-0.27167135
2014-10-05 02:00:00,-0.307732847753574,-0.20912403
2014-10-05 03:00:00,-0.329677192819907,-0.3481694
2014-10-05 04:00:00,-0.3955102280189058,-0.34377316
2014-10-05 05:00:00,-0.3625937104194063,-0.40441045
2014-10-05 06:00:00,-0.4064824005520722,-0.3617498
2014-10-05 07:00:00,-0.5052319533505705,-0.4333621
2014-10-05 08:00:00,-0.5491206434832363,-0.56615245
2014-10-05 09:00:00,-0.867313646945064,-0.63198113
2014-10-05 10:00:00,-0.9770353722767288,-0.8611368
2014-10-05 11:00:00,-0.9880075448098952,-0.9794805
2014-10-05 12:00:00,-1.009951889876228,-0.9960692
2014-10-05 13:00:00,-1.0209240624093945,-1.008176
2014-10-05 14:00:00,-0.9880075448098952,-0.99546015
2014-10-05 15:00:00,-0.966063199743562,-0.97996056
2014-10-05 16:00:00,-1.009951889876228,-0.9737257
2014-10-05 17:00:00,-1.0318962349425609,-1.0094649
2014-10-05 18:00:00,-0.9770353722767288,-1.0326493
2014-10-05 19:00:00,-0.9112023370777298,-1.0077504
2014-10-05 20:00:00,-0.8563414744118975,-0.9382678
2014-10-05 21:00:00,-0.8014806117460651,-0.90345323
2014-10-05 22:00:00,-0.6259258512154017,-0.8661201
2014-10-05 23:00:00,-0.7246754040138998,-0.7760273
2014-10-06 00:00:00,-0.6698145413480675,-0.7903838
2014-10-06 01:00:00,-0.7466197490802328,-0.7529138
2014-10-06 02:00:00,-0.7905084392128987,-0.7893957
2014-10-06 03:00:00,-0.7905084392128987,-0.82778835
2014-10-06 04:00:00,-0.8563414744118975,-0.86102045
2014-10-06 05:00:00,-0.8014806117460651,-0.8819232
2014-10-06 06:00:00,-0.8563414744118975,-0.85664296
2014-10-06 07:00:00,-0.8563414744118975,-0.88003933
2014-10-06 08:00:00,-0.823424956812398,-0.89440364
2014-10-06 09:00:00,-0.867313646945064,-0.8879839
2014-10-06 10:00:00,-0.8563414744118975,-0.9230386
2014-10-06 11:00:00,-0.9002301645445634,-0.93389344
2014-10-06 12:00:00,-0.9002301645445634,-0.91344714
2014-10-06 13:00:00,-0.8563414744118975,-0.9047966
2014-10-06 14:00:00,-0.8782858194782304,-0.87252444
2014-10-06 15:00:00,-0.823424956812398,-0.8733172
2014-10-06 16:00:00,-0.8563414744118975,-0.82692486
2014-10-06 17:00:00,-0.823424956812398,-0.8326949
2014-10-06 18:00:00,-0.7356475765470664,-0.788389
2014-10-06 19:00:00,-0.5491206434832363,-0.69622564
2014-10-06 20:00:00,-0.4284267456184051,-0.506945
2014-10-06 21:00:00,-0.2857885026872411,-0.37253174
2014-10-06 22:00:00,-0.2309276400214087,-0.24966483
2014-10-06 23:00:00,-0.2528719850877416,-0.23150331
2014-10-07 00:00:00,-0.0992615696234111,-0.23343262
2014-10-07 01:00:00,-0.0663450520239117,-0.10248314
2014-10-07 02:00:00,0.0762931909072524,-0.085517466
2014-10-07 03:00:00,0.1530983986394176,0.08478451
2014-10-07 04:00:00,0.0433766733077529,0.13870303
2014-10-07 05:00:00,-0.0773172245570781,0.018712968
2014-10-07 06:00:00,-0.1650946048224099,-0.13026498
2014-10-07 07:00:00,-0.2748163301540746,-0.21322988
2014-10-07 08:00:00,-0.2748163301540746,-0.27783632
2014-10-07 09:00:00,-0.3735658829525728,-0.2939698
2014-10-07 10:00:00,-0.3735658829525728,-0.45011204
2014-10-07 11:00:00,-0.1980111224219093,-0.4680961
2014-10-07 12:00:00,0.0433766733077529,-0.22178474
2014-10-07 13:00:00,0.1969870887720835,0.06961018
2014-10-07 14:00:00,0.4383748845017459,0.25305718
2014-10-07 15:00:00,0.6358739900987423,0.546417
2014-10-07 16:00:00,0.8662896132952382,0.78895366
2014-10-07 17:00:00,0.8992061308947376,1.0385413
2014-10-07 18:00:00,0.9760113386269028,1.048084
2014-10-07 19:00:00,1.3161486871550634,1.142961
2014-10-07 20:00:00,1.5904530004842252,1.4881196
2014-10-07 21:00:00,1.70017472581589,1.7642368
2014-10-07 22:00:00,2.0183677292777173,1.9194784
2014-10-07 23:00:00,2.4791989756707093,2.2005408
2014-10-08 00:00:00,2.2048946623415477,2.5391676
2014-10-08 01:00:00,2.07322859194355,2.0774236
2014-10-08 02:00:00,1.8537851412802204,1.9246042
2014-10-08 03:00:00,1.634341690616891,1.6342788
2014-10-08 04:00:00,1.447814757553061,1.3631245
2014-10-08 05:00:00,1.3380930322213964,1.2253574
2014-10-08 06:00:00,1.283232169555564,1.1457739
2014-10-08 07:00:00,1.2612878244892312,1.1258447
2014-10-08 08:00:00,1.5685086554178922,1.1977378
2014-10-08 09:00:00,1.3600373772877292,1.7314935
2014-10-08 10:00:00,1.491703447685727,1.263695
2014-10-08 11:00:00,1.7111468983490563,1.6355443
2014-10-08 12:00:00,1.88670165887972,1.9183813
2014-10-08 13:00:00,1.820868623680721,2.1469805
2014-10-08 14:00:00,1.9744790391450515,1.8149598
2014-10-08 15:00:00,2.4133659404717105,2.1971738
2014-10-08 16:00:00,2.896141531931035,2.5541663
2014-10-08 17:00:00,3.104612810061198,2.975627
2014-10-08 18:00:00,3.313084088191361,3.3436918
2014-10-08 19:00:00,3.247251052992362,3.3844292
2014-10-08 20:00:00,3.4996110212551907,3.2181318
2014-10-08 21:00:00,3.642249264186355,3.498674
2014-10-08 22:00:00,3.642249264186355,3.6091948
2014-10-08 23:00:00,3.356972778324027,3.4845047
2014-10-09 00:00:00,3.1594736727270303,3.3866675
2014-10-09 01:00:00,2.940030222063701,2.9619906
2014-10-09 02:00:00,2.797391979132537,2.8376157
2014-10-09 03:00:00,2.731558943933538,2.523625
2014-10-09 04:00:00,2.775447634066204,2.2838457
2014-10-09 05:00:00,2.687670253800872,2.7481482
2014-10-09 06:00:00,2.643781563668206,2.5786626
2014-10-09 07:00:00,2.5998928735355404,2.6794846
2014-10-09 08:00:00,2.6547537362013727,2.802922
2014-10-09 09:00:00,2.6547537362013727,2.9710827
2014-10-09 10:00:00,2.566976355936041,2.6874554
2014-10-09 11:00:00,2.5998928735355404,2.644149
2014-10-09 12:00:00,2.6657259087345397,2.6998765
2014-10-09 13:00:00,2.7425311164667043,2.6621206
2014-10-09 14:00:00,2.896141531931035,2.8664794
2014-10-09 15:00:00,2.994891084729533,2.9864902
2014-10-09 16:00:00,3.126557155127531,3.0539453
2014-10-09 17:00:00,3.2691953980586947,3.112223
2014-10-09 18:00:00,3.620304919120022,3.2641642
2014-10-09 19:00:00,3.75197098951802,3.6092803
2014-10-09 20:00:00,3.762943162051186,3.6008208
2014-10-09 21:00:00,3.708082299385354,3.7226548
2014-10-09 22:00:00,3.5105831937883574,3.532592
2014-10-09 23:00:00,3.883637059916017,3.4373374
2014-10-10 00:00:00,3.620304919120022,3.777742
2014-10-10 01:00:00,3.247251052992362,3.285102
2014-10-10 02:00:00,3.137529327660697,2.9310973
2014-10-10 03:00:00,3.016835429795866,2.9199173
2014-10-10 04:00:00,2.676698081267705,2.9061759
2014-10-10 05:00:00,2.7205867714003715,2.2469432
2014-10-10 06:00:00,2.6108650460687066,2.8416321
2014-10-10 07:00:00,2.402393767938544,2.556318
2014-10-10 08:00:00,2.457254630604376,2.267658
2014-10-10 09:00:00,2.44628245807121,2.678964
2014-10-10 10:00:00,2.5340598383365416,2.6731088
2014-10-10 11:00:00,2.545032010869708,2.7148292
2014-10-10 12:00:00,2.501143320737042,2.5984805
2014-10-10 13:00:00,2.3036442151400456,2.4740236
2014-10-10 14:00:00,2.171978144742048,2.2202055
2014-10-10 15:00:00,1.8318407962138876,2.0727437
2014-10-10 16:00:00,1.7660077610148888,1.5896249
2014-10-10 17:00:00,1.5685086554178922,1.7916858
2014-10-10 18:00:00,1.7879521060812216,1.4843478
2014-10-10 19:00:00,2.215866834874714,2.066027
2014-10-10 20:00:00,2.5340598383365416,2.427464
2014-10-10 21:00:00,2.523087665803375,2.713105
2014-10-10 22:00:00,2.2816998700737128,2.5741065
2014-10-10 23:00:00,2.4353102855380437,2.238438
2014-10-11 00:00:00,2.501143320737042,2.446052
2014-10-11 01:00:00,2.2268390074078805,2.4425042
2014-10-11 02:00:00,2.084200764476716,2.043893
2014-10-11 03:00:00,2.380449422872211,1.9238284
2014-10-11 04:00:00,2.347532905272712,2.2828357
2014-10-11 05:00:00,1.8537851412802204,2.170356
2014-10-11 06:00:00,1.1405939266243998,1.5234141
2014-10-11 07:00:00,1.283232169555564,0.8660823
2014-10-11 08:00:00,1.118649581558067,1.3364655
2014-10-11 09:00:00,1.0528165463590682,0.9367473
2014-10-11 10:00:00,1.425870412486728,0.9974658
2014-10-11 11:00:00,1.7111468983490563,1.484218
2014-10-11 12:00:00,1.6014251730173916,1.7751603
2014-10-11 13:00:00,1.5685086554178922,1.561248
2014-10-11 14:00:00,1.5026756202188931,1.5568309
2014-10-11 15:00:00,1.4587869300862275,1.5090717
2014-10-11 16:00:00,1.5246199652852264,1.5404636
2014-10-11 17:00:00,1.6782303807495569,1.5559644
2014-10-11 18:00:00,0.0872653634404188,1.7641976
2014-10-11 19:00:00,-0.867313646945064,-0.83561105
2014-10-11 20:00:00,-0.9002301645445634,-0.9154523
2014-10-11 21:00:00,-1.0428684074757275,-0.95847255
2014-10-11 22:00:00,-1.0318962349425609,-1.0642968
2014-10-11 23:00:00,-1.0209240624093945,-1.0900303
2014-10-12 00:00:00,-1.009951889876228,-1.0638667
2014-10-12 01:00:00,-1.0428684074757275,-1.0249968
2014-10-12 02:00:00,-1.0209240624093945,-1.0238779
2014-10-12 03:00:00,-0.9989797173430616,-0.9992955
2014-10-12 04:00:00,-0.9989797173430616,-0.9834051
2014-10-12 05:00:00,-0.9989797173430616,-1.0088849
2014-10-12 06:00:00,-1.009951889876228,-1.0688989
2014-10-12 07:00:00,-1.0209240624093945,-1.1108136
2014-10-12 08:00:00,-1.053840580008894,-1.1597162
2014-10-12 09:00:00,-1.0648127525420603,-1.184137
2014-10-12 10:00:00,-1.053840580008894,-1.1884874
2014-10-12 11:00:00,-1.0318962349425609,-1.2025815
2014-10-12 12:00:00,-1.0648127525420603,-1.1907932
2014-10-12 13:00:00,-1.0428684074757275,-1.181102
2014-10-12 14:00:00,-1.0318962349425609,-1.1477456
2014-10-12 15:00:00,-1.0318962349425609,-1.1055297
2014-10-12 16:00:00,-1.053840580008894,-1.0817482
2014-10-12 17:00:00,-1.0209240624093945,-1.071281
2014-10-12 18:00:00,-1.0318962349425609,-1.0741645
2014-10-12 19:00:00,-1.0209240624093945,-1.0798354
2014-10-12 20:00:00,-0.9550910272103956,-1.0575826
2014-10-12 21:00:00,-1.009951889876228,-1.0172533
2014-10-12 22:00:00,-0.9880075448098952,-1.0269237
2014-10-12 23:00:00,-0.9880075448098952,-1.0206468
2014-10-13 00:00:00,-1.0209240624093945,-1.0274179
2014-10-13 01:00:00,-1.0428684074757275,-1.0415387
2014-10-13 02:00:00,-1.0648127525420603,-1.0580448
2014-10-13 03:00:00,-1.0648127525420603,-1.0807831
2014-10-13 04:00:00,-1.0209240624093945,-1.0943239
2014-10-13 05:00:00,-0.9989797173430616,-1.0807813
2014-10-13 06:00:00,-1.0209240624093945,-1.0522764
2014-10-13 07:00:00,-1.0428684074757275,-1.0536072
2014-10-13 08:00:00,-1.0428684074757275,-1.0782578
2014-10-13 09:00:00,-1.0209240624093945,-1.1152637
2014-10-13 10:00:00,-0.9989797173430616,-1.1275733
2014-10-13 11:00:00,-1.009951889876228,-1.1170855
2014-10-13 12:00:00,-0.9989797173430616,-1.0963778
2014-10-13 13:00:00,-0.9989797173430616,-1.0718349
2014-10-13 14:00:00,-1.009951889876228,-1.047559
2014-10-13 15:00:00,-0.9880075448098952,-0.99873054
2014-10-13 16:00:00,-0.9880075448098952,-0.9479033
2014-10-13 17:00:00,-1.009951889876228,-0.9380977
2014-10-13 18:00:00,-0.9550910272103956,-0.9267673
2014-10-13 19:00:00,-0.8343971293455645,-0.8302338
2014-10-13 20:00:00,-0.7137032314807333,-0.7467174
2014-10-13 21:00:00,-0.7137032314807333,-0.6314168
2014-10-13 22:00:00,-0.5381484709500699,-0.651906
2014-10-13 23:00:00,-0.4503710906847381,-0.5234714
2014-10-14 00:00:00,-0.4284267456184051,-0.46829176
2014-10-14 01:00:00,-0.5820371610827357,-0.4548447
2014-10-14 02:00:00,-0.6368980237485681,-0.5305494
2014-10-14 03:00:00,-0.6039815061490686,-0.6345072
2014-10-14 04:00:00,-0.5820371610827357,-0.63756937
2014-10-14 05:00:00,-0.7356475765470664,-0.63735145
2014-10-14 06:00:00,-0.8782858194782304,-0.7537641
2014-10-14 07:00:00,-0.823424956812398,-0.8533749
2014-10-14 08:00:00,-0.8563414744118975,-0.8403656
2014-10-14 09:00:00,-0.9112023370777298,-0.86742747
2014-10-14 10:00:00,-0.8124527842792316,-0.9246646
2014-10-14 11:00:00,-0.7905084392128987,-0.8414867
2014-10-14 12:00:00,-0.7575919216133993,-0.7736137
2014-10-14 13:00:00,-0.5930093336159022,-0.739035
2014-10-14 14:00:00,-0.5600928160164028,-0.6058445
2014-10-14 15:00:00,-0.6917588864144004,-0.5427479
2014-10-14 16:00:00,-0.7575919216133993,-0.65275943
2014-10-14 17:00:00,-0.7575919216133993,-0.70302534
2014-10-14 18:00:00,-0.5052319533505705,-0.68533176
2014-10-14 19:00:00,-0.3625937104194063,-0.460071
2014-10-14 20:00:00,-0.2748163301540746,-0.32631737
2014-10-14 21:00:00,-0.1321780872229105,-0.22663295
2014-10-14 22:00:00,0.1530983986394176,-0.0803007
2014-10-14 23:00:00,0.3067088141037483,0.29119217
2014-10-15 00:00:00,0.4493470570349123,0.4235388
2014-10-15 01:00:00,0.5371244373002441,0.58118665
2014-10-15 02:00:00,0.5371244373002441,0.66573125
2014-10-15 03:00:00,0.2737922965042488,0.6617651
2014-10-15 04:00:00,-0.0882893970902446,0.3602466
2014-10-15 05:00:00,0.1092097085067518,-0.075592496
2014-10-15 06:00:00,-0.121205914689744,0.06906894
2014-10-15 07:00:00,-0.1760667773555763,-0.2321995
2014-10-15 08:00:00,-0.0553728794907452,-0.20543465
2014-10-15 09:00:00,-0.4174545730852387,-0.106895626
2014-10-15 10:00:00,-0.845369301878731,-0.56714535
2014-10-15 11:00:00,-0.9770353722767288,-0.9832591
2014-10-15 12:00:00,-0.9550910272103956,-1.0141871
2014-10-15 13:00:00,-0.9989797173430616,-0.98230475
2014-10-15 14:00:00,-0.966063199743562,-1.0009322
2014-10-15 15:00:00,-0.9989797173430616,-0.9814513
2014-10-15 16:00:00,-1.009951889876228,-1.0099566
2014-10-15 17:00:00,-0.9989797173430616,-1.0248065
2014-10-15 18:00:00,-1.009951889876228,-0.9870369
2014-10-15 19:00:00,-1.0209240624093945,-0.97561145
2014-10-15 20:00:00,-0.9221745096108964,-1.0111076
2014-10-15 21:00:00,-0.8782858194782304,-0.9335002
2014-10-15 22:00:00,-0.9112023370777298,-0.8875805
2014-10-15 23:00:00,-0.8782858194782304,-0.8931432
2014-10-16 00:00:00,-0.658842368814901,-0.84257793
2014-10-16 01:00:00,-0.8014806117460651,-0.6842822
2014-10-16 02:00:00,-0.8014806117460651,-0.7873322
2014-10-16 03:00:00,-0.7795362666797322,-0.77269125
2014-10-16 04:00:00,-0.7575919216133993,-0.764048
2014-10-16 05:00:00,-0.6917588864144004,-0.76234984
2014-10-16 06:00:00,-0.7027310589475669,-0.7230656
2014-10-16 07:00:00,-0.6259258512154017,-0.72631913
2014-10-16 08:00:00,-0.6149536786822352,-0.67393225
2014-10-16 09:00:00,-0.6149536786822352,-0.6809181
2014-10-16 10:00:00,-0.823424956812398,-0.6873529
2014-10-16 11:00:00,-0.9112023370777298,-0.8481904
2014-10-16 12:00:00,-0.9112023370777298,-0.941459
2014-10-16 13:00:00,-0.8014806117460651,-0.9199
2014-10-16 14:00:00,-0.7795362666797322,-0.80341095
2014-10-16 15:00:00,-0.7795362666797322,-0.76577437
2014-10-16 16:00:00,-0.7027310589475669,-0.7574592
2014-10-16 17:00:00,-0.4503710906847381,-0.65791273
2014-10-16 18:00:00,-0.4503710906847381,-0.39603955
2014-10-16 19:00:00,-0.472315435751071,-0.37142104
2014-10-16 20:00:00,-0.494259780817404,-0.39931902
2014-10-16 21:00:00,-0.4393989181515716,-0.41391283
2014-10-16 22:00:00,-0.329677192819907,-0.3625717
2014-10-16 23:00:00,-0.2199554674882422,-0.21686493
2014-10-17 00:00:00,-0.1650946048224099,-0.1283336
2014-10-17 01:00:00,-0.1321780872229105,-0.086005285
2014-10-17 02:00:00,-0.0992615696234111,-0.07505056
2014-10-17 03:00:00,-0.0224563618912458,-0.054081336
2014-10-17 04:00:00,0.0324045007745865,0.03720886
2014-10-17 05:00:00,0.0104601557082535,0.05842934
2014-10-17 06:00:00,-0.0224563618912458,-0.016526004
2014-10-17 07:00:00,-0.0114841893580793,-0.08157051
2014-10-17 08:00:00,-0.0553728794907452,-0.010522997
2014-10-17 09:00:00,-0.2638441576209081,-0.10698185
2014-10-17 10:00:00,-0.2199554674882422,-0.39267188
2014-10-17 11:00:00,-0.1431502597560769,-0.30607134
2014-10-17 12:00:00,-0.1431502597560769,-0.15546018
2014-10-17 13:00:00,-0.1980111224219093,-0.10210192
2014-10-17 14:00:00,0.0543488458409194,-0.15180908
2014-10-17 15:00:00,0.1750427437057506,0.18291049
2014-10-17 16:00:00,0.0324045007745865,0.28089803
2014-10-17 17:00:00,0.0982375359735853,0.07479967
2014-10-17 18:00:00,0.1969870887720835,0.25275588
2014-10-17 19:00:00,0.2957366415705817,0.41442907
2014-10-17 20:00:00,0.4822635746344118,0.485529
2014-10-17 21:00:00,0.9760113386269028,0.63588643
2014-10-17 22:00:00,0.9869835111600692,1.1524185
2014-10-17 23:00:00,1.3710095498208958,1.0209669
2014-10-18 00:00:00,1.217399134356565,1.4269109
2014-10-18 01:00:00,1.0637887188922346,1.1663113
2014-10-18 02:00:00,1.096705236491734,0.9560853
2014-10-18 03:00:00,1.0637887188922346,1.0501071
2014-10-18 04:00:00,1.0199000287595688,0.9404552
2014-10-18 05:00:00,0.8772617858284046,1.0354443
2014-10-18 06:00:00,0.186014916238917,0.7798984
2014-10-18 07:00:00,0.1092097085067518,-0.112087384
2014-10-18 08:00:00,0.1201818810399182,0.009642642
2014-10-18 09:00:00,-0.0663450520239117,0.03635605
2014-10-18 10:00:00,0.1311540535730847,-0.24256773
2014-10-18 11:00:00,0.1092097085067518,0.12725312
2014-10-18 12:00:00,0.6029574724992429,0.14235179
2014-10-18 13:00:00,0.9430948210274036,0.72984856
2014-10-18 14:00:00,1.0308722012927352,1.0992985
2014-10-18 15:00:00,1.2064269618233987,1.1604265
2014-10-18 16:00:00,1.2612878244892312,1.430322
2014-10-18 17:00:00,1.425870412486728,1.3821895
2014-10-18 18:00:00,1.5246199652852264,1.6850374
2014-10-18 19:00:00,1.88670165887972,1.7844617
2014-10-18 20:00:00,2.150033799675715,2.1955469
2014-10-18 21:00:00,2.358505077805878,2.3770998
2014-10-18 22:00:00,2.81933632419887,2.4743135
2014-10-18 23:00:00,3.0936406375280314,2.791849
2014-10-19 00:00:00,3.356972778324027,3.003478
2014-10-19 01:00:00,3.34600060579086,3.1904936
2014-10-19 02:00:00,3.170445845260197,3.1692677
2014-10-19 03:00:00,3.258223225525529,2.9434705
2014-10-19 04:00:00,3.433777986056192,3.1230304
2014-10-19 05:00:00,2.994891084729533,3.3762546
2014-10-19 06:00:00,2.874197186864702,2.4708362
2014-10-19 07:00:00,2.808364151665703,2.996893
2014-10-19 08:00:00,2.676698081267705,2.8497167
2014-10-19 09:00:00,2.7644754615330376,2.6118796
2014-10-19 10:00:00,2.81933632419887,2.801967
2014-10-19 11:00:00,2.775447634066204,2.720788
2014-10-19 12:00:00,2.106145109543049,2.6063893
2014-10-19 13:00:00,1.239343479422898,1.5477256
2014-10-19 14:00:00,1.2064269618233987,0.8384464
2014-10-19 15:00:00,0.910178303427904,1.3406049
2014-10-19 16:00:00,0.6687905076982418,0.67381835
2014-10-19 17:00:00,0.58101312743291,0.6522742
2014-10-19 18:00:00,0.7565678879635735,0.6172869
2014-10-19 19:00:00,1.0528165463590682,0.8826947
2014-10-19 20:00:00,1.096705236491734,1.2638457
2014-10-19 21:00:00,1.0637887188922346,1.2122102
2014-10-19 22:00:00,0.8553174407620717,1.1124206
2014-10-19 23:00:00,0.6687905076982418,0.7984149
2014-10-20 00:00:00,0.6687905076982418,0.5806368
2014-10-20 01:00:00,0.7236513703640741,0.60328174
2014-10-20 02:00:00,0.7785122330299065,0.66197455
2014-10-20 03:00:00,0.8443452682289052,0.7219477
2014-10-20 04:00:00,0.8443452682289052,0.8269348
2014-10-20 05:00:00,0.9760113386269028,0.7986881
2014-10-20 06:00:00,0.95406699356057,1.0606706
2014-10-20 07:00:00,1.0089278562264024,1.0102402
2014-10-20 08:00:00,1.1296217540912334,1.0684832
2014-10-20 09:00:00,1.469759102619394,1.1510086
2014-10-20 10:00:00,1.7660077610148888,1.5332379
2014-10-20 11:00:00,1.8098964511475544,1.8091193
2014-10-20 12:00:00,1.842812968747054,1.8140993
2014-10-20 13:00:00,2.029339901810884,1.8564641
2014-10-20 14:00:00,1.798924278614388,2.0358832
2014-10-20 15:00:00,1.6782303807495569,1.6803385
2014-10-20 16:00:00,1.6014251730173916,1.5840297
2014-10-20 17:00:00,1.5246199652852264,1.5573967
2014-10-20 18:00:00,1.7111468983490563,1.4640722
2014-10-20 19:00:00,1.6782303807495569,1.7668922
2014-10-20 20:00:00,1.7769799335480552,1.6634897
2014-10-20 21:00:00,1.5246199652852264,1.7922405
2014-10-20 22:00:00,0.4712914021012453,1.4168873
2014-10-20 23:00:00,-0.3187050202867404,-0.10161717
2014-10-21 00:00:00,-0.4284267456184051,-0.40105546
2014-10-21 01:00:00,-0.7246754040138998,-0.5206171
2014-10-21 02:00:00,-0.7027310589475669,-0.7705664
2014-10-21 03:00:00,-0.7356475765470664,-0.7863224
2014-10-21 04:00:00,-0.7575919216133993,-0.76888204
2014-10-21 05:00:00,-0.8343971293455645,-0.781535
2014-10-21 06:00:00,-0.7575919216133993,-0.81909573
2014-10-21 07:00:00,-0.680786713881234,-0.76954913
2014-10-21 08:00:00,-0.680786713881234,-0.7049154
2014-10-21 09:00:00,-0.680786713881234,-0.7114931
2014-10-21 10:00:00,-0.680786713881234,-0.7195748
2014-10-21 11:00:00,-0.7027310589475669,-0.71062624
2014-10-21 12:00:00,-0.680786713881234,-0.7282304
2014-10-21 13:00:00,-0.6917588864144004,-0.7153102
2014-10-21 14:00:00,-0.7027310589475669,-0.70077676
2014-10-21 15:00:00,-0.7137032314807333,-0.7074615
2014-10-21 16:00:00,-0.7356475765470664,-0.7184161
2014-10-21 17:00:00,-0.6478701962817346,-0.72510064
2014-10-21 18:00:00,-0.680786713881234,-0.6344234
2014-10-21 19:00:00,-0.5381484709500699,-0.62549394
2014-10-21 20:00:00,-0.3625937104194063,-0.48889744
2014-10-21 21:00:00,-0.1760667773555763,-0.3190375
2014-10-21 22:00:00,-0.0992615696234111,-0.10054264
2014-10-21 23:00:00,-0.0334285344244122,-0.060092706
2014-10-22 00:00:00,-0.4393989181515716,0.067824416
2014-10-22 01:00:00,-0.5491206434832363,-0.45284045
2014-10-22 02:00:00,-0.5820371610827357,-0.5681783
2014-10-22 03:00:00,-0.5271762984169034,-0.62268627
2014-10-22 04:00:00,-0.2967606752204075,-0.5468987
2014-10-22 05:00:00,0.1201818810399182,-0.33969963
2014-10-22 06:00:00,0.0433766733077529,0.04529093
2014-10-22 07:00:00,-0.1102337421565775,0.031410016
2014-10-22 08:00:00,-0.1760667773555763,-0.13298412
2014-10-22 09:00:00,-0.2309276400214087,-0.20212041
2014-10-22 10:00:00,-0.1870389498887428,-0.26388276
2014-10-22 11:00:00,-0.0882893970902446,-0.17831267
2014-10-22 12:00:00,0.0433766733077529,-0.05882867
2014-10-22 13:00:00,-0.0005120168249128,0.13777415
2014-10-22 14:00:00,0.0104601557082535,0.084556624
2014-10-22 15:00:00,-0.1541224322892434,0.07388198
2014-10-22 16:00:00,-0.1650946048224099,-0.13445225
2014-10-22 17:00:00,-0.1870389498887428,-0.13273369
2014-10-22 18:00:00,-0.0334285344244122,-0.16391145
2014-10-22 19:00:00,0.186014916238917,0.010322876
2014-10-22 20:00:00,0.2628201239710824,0.23699199
2014-10-22 21:00:00,0.2957366415705817,0.3169679
2014-10-22 22:00:00,0.3505975042364141,0.33741003
2014-10-22 23:00:00,0.3286531591700812,0.3884353
2014-10-23 00:00:00,0.2847644690374153,0.34966737
2014-10-23 01:00:00,0.20795926130525,0.37539327
2014-10-23 02:00:00,0.0872653634404188,0.2512145
2014-10-23 03:00:00,0.0872653634404188,0.09760673
2014-10-23 04:00:00,0.02143232824142,0.10904534
2014-10-23 05:00:00,0.1092097085067518,0.03523492
2014-10-23 06:00:00,0.1421262261062512,0.10142474
2014-10-23 07:00:00,0.0872653634404188,0.16675313
2014-10-23 08:00:00,0.1750427437057506,0.09752412
2014-10-23 09:00:00,0.3286531591700812,0.21586289
2014-10-23 10:00:00,0.3725418493027471,0.3243403
2014-10-23 11:00:00,0.39448619436908,0.3609594
2014-10-23 12:00:00,0.4932357471675782,0.42397392
2014-10-23 13:00:00,0.5371244373002441,0.55965865
2014-10-23 14:00:00,0.3615696767695806,0.59238213
2014-10-23 15:00:00,0.4712914021012453,0.4258987
2014-10-23 16:00:00,0.5371244373002441,0.6065097
2014-10-23 17:00:00,0.7017070252977412,0.6362302
2014-10-23 18:00:00,0.76754006049674,0.838292
2014-10-23 19:00:00,0.8114287506294059,0.89792216
2014-10-23 20:00:00,0.9979556836932358,0.88520885
2014-10-23 21:00:00,1.0528165463590682,1.088711
2014-10-23 22:00:00,1.0418443738259018,1.1189984
2014-10-23 23:00:00,1.2503156519560643,1.0670033
2014-10-24 00:00:00,1.3929538948872286,1.3169155
2014-10-24 01:00:00,1.283232169555564,1.4508095
2014-10-24 02:00:00,1.0418443738259018,1.3321075
2014-10-24 03:00:00,0.910178303427904,0.8573149
2014-10-24 04:00:00,0.8662896132952382,0.7716663
2014-10-24 05:00:00,0.9979556836932358,0.7895448
2014-10-24 06:00:00,0.8553174407620717,0.96753764
2014-10-24 07:00:00,0.910178303427904,0.76969504
2014-10-24 08:00:00,0.932122648494237,0.905048
2014-10-24 09:00:00,1.0089278562264024,0.91816187
2014-10-24 10:00:00,1.0857330639585676,0.99920356
2014-10-24 11:00:00,1.4368425850198945,1.0773864
2014-10-24 12:00:00,1.6782303807495569,1.6074328
2014-10-24 13:00:00,1.985451211678218,1.8649392
2014-10-24 14:00:00,2.1280894546093823,2.1744459
2014-10-24 15:00:00,2.380449422872211,2.286015
2014-10-24 16:00:00,2.391421595405377,2.5478625
2014-10-24 17:00:00,2.44628245807121,2.4500477
2014-10-24 18:00:00,2.621837218601873,2.4973571
2014-10-24 19:00:00,2.643781563668206,2.565242
2014-10-24 20:00:00,2.6986424263340387,2.7477083
2014-10-24 21:00:00,2.808364151665703,2.6164963
2014-10-24 22:00:00,3.104612810061198,2.8674605
2014-10-24 23:00:00,2.8851693593978687,3.054451
2014-10-25 00:00:00,3.082668464994865,2.8465703
2014-10-25 01:00:00,2.7644754615330376,3.1074138
2014-10-25 02:00:00,2.402393767938544,2.5048063
2014-10-25 03:00:00,2.3036442151400456,2.0773954
2014-10-25 04:00:00,2.5340598383365416,2.0614007
2014-10-25 05:00:00,2.545032010869708,2.4684324
2014-10-25 06:00:00,2.358505077805878,2.4402874
2014-10-25 07:00:00,2.3255885602063784,2.2661808
2014-10-25 08:00:00,2.3036442151400456,2.413108
2014-10-25 09:00:00,2.457254630604376,2.3177032
2014-10-25 10:00:00,2.523087665803375,2.508729
2014-10-25 11:00:00,2.457254630604376,2.554568
2014-10-25 12:00:00,2.5340598383365416,2.6091144
2014-10-25 13:00:00,2.6986424263340387,2.6947916
2014-10-25 14:00:00,2.7644754615330376,2.8480308
2014-10-25 15:00:00,3.027807602329033,2.7804
2014-10-25 16:00:00,3.313084088191361,3.0587752
2014-10-25 17:00:00,3.543499711387857,3.2415094
2014-10-25 18:00:00,3.730026644451687,3.4513242
2014-10-25 19:00:00,3.828776197250185,3.6570423
2014-10-25 20:00:00,4.081136165513014,3.7135782
2014-10-25 21:00:00,3.87266488738285,3.9977622
2014-10-25 22:00:00,3.433777986056192,3.7299452
2014-10-25 23:00:00,3.247251052992362,3.3765857
2014-10-26 00:00:00,3.236278880459196,3.1557553
2014-10-26 01:00:00,3.060724119928532,2.826122
2014-10-26 02:00:00,2.643781563668206,2.5978823
2014-10-26 03:00:00,2.3255885602063784,2.1438951
2014-10-26 04:00:00,1.7221190708822227,2.0084608
2014-10-26 05:00:00,0.910178303427904,1.0557255
2014-10-26 06:00:00,-0.6698145413480675,0.2541243
2014-10-26 07:00:00,-0.9221745096108964,-0.6961446
2014-10-26 08:00:00,-0.9441188546772292,-0.98563987
2014-10-26 09:00:00,-0.9221745096108964,-1.0939002
2014-10-26 10:00:00,-0.9880075448098952,-1.156354
2014-10-26 11:00:00,-0.9880075448098952,-1.1838378
2014-10-26 12:00:00,-0.9989797173430616,-1.1819695
2014-10-26 13:00:00,-1.0209240624093945,-1.1377028
2014-10-26 14:00:00,-0.9989797173430616,-1.0861692
2014-10-26 15:00:00,-0.9989797173430616,-1.0465037
2014-10-26 16:00:00,-0.9880075448098952,-1.0105815
2014-10-26 17:00:00,-1.009951889876228,-1.0010232
2014-10-26 18:00:00,-0.9989797173430616,-0.99392223
2014-10-26 19:00:00,-0.9112023370777298,-0.97948265
2014-10-26 20:00:00,-0.9331466821440628,-0.92905474
2014-10-26 21:00:00,-0.9331466821440628,-0.9225731
2014-10-26 22:00:00,-0.966063199743562,-0.93399084
2014-10-26 23:00:00,-0.9989797173430616,-0.9631278
2014-10-27 00:00:00,-0.9880075448098952,-1.0234938
2014-10-27 01:00:00,-0.9989797173430616,-1.035281
2014-10-27 02:00:00,-0.966063199743562,-1.0397625
2014-10-27 03:00:00,-0.9989797173430616,-0.9983809
2014-10-27 04:00:00,-0.9550910272103956,-1.0152736
2014-10-27 05:00:00,-0.9441188546772292,-0.97408205
2014-10-27 06:00:00,-0.966063199743562,-0.90355873
2014-10-27 07:00:00,-0.8343971293455645,-0.87500155
2014-10-27 08:00:00,-0.845369301878731,-0.80696005
2014-10-27 09:00:00,-0.7575919216133993,-0.84568095
2014-10-27 10:00:00,-0.472315435751071,-0.81621253
2014-10-27 11:00:00,-0.6259258512154017,-0.6028211
2014-10-27 12:00:00,-0.7137032314807333,-0.76396525
2014-10-27 13:00:00,-0.7575919216133993,-0.74763465
2014-10-27 14:00:00,-0.7685640941465657,-0.7931284
2014-10-27 15:00:00,-0.823424956812398,-0.7562579
2014-10-27 16:00:00,-0.7356475765470664,-0.7958065
2014-10-27 17:00:00,-0.6698145413480675,-0.6647875
2014-10-27 18:00:00,-0.658842368814901,-0.6382581
2014-10-27 19:00:00,-0.4393989181515716,-0.6345179
2014-10-27 20:00:00,-0.3516215378862399,-0.43411645
2014-10-27 21:00:00,-0.472315435751071,-0.34685844
2014-10-27 22:00:00,-0.5381484709500699,-0.46339026
2014-10-27 23:00:00,-0.8124527842792316,-0.50143564
2014-10-28 00:00:00,-0.5491206434832363,-0.6943099
2014-10-28 01:00:00,-0.6368980237485681,-0.5263864
2014-10-28 02:00:00,-0.6259258512154017,-0.620531
2014-10-28 03:00:00,-0.2857885026872411,-0.60612005
2014-10-28 04:00:00,-0.1431502597560769,-0.37808442
2014-10-28 05:00:00,-0.2418998125545752,-0.22246353
2014-10-28 06:00:00,-0.2528719850877416,-0.29632372
2014-10-28 07:00:00,-0.0992615696234111,-0.2957781
2014-10-28 08:00:00,-0.0114841893580793,-0.176649
2014-10-28 09:00:00,-0.0882893970902446,-0.0840529
2014-10-28 10:00:00,-0.1870389498887428,-0.13850336
2014-10-28 11:00:00,-0.0663450520239117,-0.18639323
2014-10-28 12:00:00,-0.1102337421565775,-0.05962689
2014-10-28 13:00:00,-0.3516215378862399,-0.07767096
2014-10-28 14:00:00,-0.4393989181515716,-0.2977929
2014-10-28 15:00:00,-0.516204125883737,-0.3451708
2014-10-28 16:00:00,-0.5381484709500699,-0.43150806
2014-10-28 17:00:00,-0.5271762984169034,-0.44517103
2014-10-28 18:00:00,-0.5381484709500699,-0.45982224
2014-10-28 19:00:00,-0.5820371610827357,-0.48450756
2014-10-28 20:00:00,-0.5820371610827357,-0.55906045
2014-10-28 21:00:00,-0.4503710906847381,-0.5716201
2014-10-28 22:00:00,-0.4503710906847381,-0.42336166
2014-10-28 23:00:00,-0.2857885026872411,-0.43525633
2014-10-29 00:00:00,-0.0773172245570781,-0.27193123
2014-10-29 01:00:00,0.0104601557082535,-0.014363132
2014-10-29 02:00:00,0.1201818810399182,0.021831732
2014-10-29 03:00:00,0.4274027119685794,0.10382347
2014-10-29 04:00:00,0.3176809866369147,0.34148842
2014-10-29 05:00:00,0.2957366415705817,0.3021944
2014-10-29 06:00:00,0.1530983986394176,0.2562829
2014-10-29 07:00:00,-0.0224563618912458,0.09762351
2014-10-29 08:00:00,0.02143232824142,-0.11395732
2014-10-29 09:00:00,0.0653210183740859,-0.054851197
2014-10-29 10:00:00,0.1201818810399182,-0.0019038939
2014-10-29 11:00:00,0.0653210183740859,0.039588775
2014-10-29 12:00:00,0.0543488458409194,0.033638097
2014-10-29 13:00:00,0.0872653634404188,0.08410508
2014-10-29 14:00:00,0.0762931909072524,0.14964554
2014-10-29 15:00:00,0.1421262261062512,0.16592523
2014-10-29 16:00:00,0.2847644690374153,0.260184
2014-10-29 17:00:00,0.4493470570349123,0.45589745
2014-10-29 18:00:00,0.6358739900987423,0.75571924
2014-10-29 19:00:00,0.76754006049674,0.87386096
2014-10-29 20:00:00,0.8333730956957388,0.94801134
2014-10-29 21:00:00,0.910178303427904,0.9078027
2014-10-29 22:00:00,1.0199000287595688,0.9158999
2014-10-29 23:00:00,1.2612878244892312,0.9480511
2014-10-30 00:00:00,1.2612878244892312,1.2557511
2014-10-30 01:00:00,1.2064269618233987,1.1840208
2014-10-30 02:00:00,1.2503156519560643,1.1559461
2014-10-30 03:00:00,1.2503156519560643,1.2216083
2014-10-30 04:00:00,1.88670165887972,1.1731102
2014-10-30 05:00:00,1.0747608914254012,2.1043808
2014-10-30 06:00:00,0.8333730956957388,0.4781788
2014-10-30 07:00:00,0.6468461626319087,0.9112941
2014-10-30 08:00:00,0.6358739900987423,0.65682805
2014-10-30 09:00:00,0.4054583669022464,0.66779625
2014-10-30 10:00:00,0.6139296450324094,0.33358982
2014-10-30 11:00:00,0.6687905076982418,0.6080004
2014-10-30 12:00:00,0.6907348527645747,0.6477256
2014-10-30 13:00:00,0.8553174407620717,0.69417226
2014-10-30 14:00:00,0.8772617858284046,0.9724785
2014-10-30 15:00:00,0.8662896132952382,0.86290216
2014-10-30 16:00:00,0.8992061308947376,0.90618956
2014-10-30 17:00:00,1.0089278562264024,0.9528398
2014-10-30 18:00:00,1.0857330639585676,1.1058543
2014-10-30 19:00:00,1.184482616757066,1.1837317
2014-10-30 20:00:00,1.2283713068897315,1.2744473
2014-10-30 21:00:00,1.0199000287595688,1.3551673
2014-10-30 22:00:00,1.1515660991575665,1.0231537
2014-10-30 23:00:00,1.1625382716907329,1.2170607
2014-10-31 00:00:00,1.2283713068897315,1.1424054
2014-10-31 01:00:00,1.2722599970223976,1.3272939
2014-10-31 02:00:00,1.447814757553061,1.2467476
2014-10-31 03:00:00,1.3490652047545628,1.5085108
2014-10-31 04:00:00,1.4148982399535617,1.2613431
2014-10-31 05:00:00,1.1625382716907329,1.431371
2014-10-31 06:00:00,1.0308722012927352,1.0389162
2014-10-31 07:00:00,1.217399134356565,0.9965651
2014-10-31 08:00:00,1.3710095498208958,1.3039963
2014-10-31 09:00:00,0.7565678879635735,1.4017158
2014-10-31 10:00:00,0.4822635746344118,0.5248009
2014-10-31 11:00:00,0.5480966098334106,0.5563727
2014-10-31 12:00:00,0.4822635746344118,0.65205395
2014-10-31 13:00:00,0.4712914021012453,0.5313842
2014-10-31 14:00:00,0.4712914021012453,0.5017866
2014-10-31 15:00:00,0.4932357471675782,0.5064579
2014-10-31 16:00:00,0.5700409548997435,0.48984867
2014-10-31 17:00:00,0.7126791978309076,0.58604705
2014-10-31 18:00:00,0.8333730956957388,0.78793323
2014-10-31 19:00:00,1.1954547892902323,0.8506948
2014-10-31 20:00:00,1.3600373772877292,1.2755742
2014-10-31 21:00:00,1.096705236491734,1.4359217
2014-10-31 22:00:00,0.9650391660937364,1.0817523
2014-10-31 23:00:00,0.9211504759610706,0.99078333
2014-11-01 00:00:00,0.8772617858284046,0.94981617
2014-11-01 01:00:00,0.9760113386269028,0.8606889
2014-11-01 02:00:00,1.2612878244892312,0.9754572
2014-11-01 03:00:00,0.8772617858284046,1.2809936
2014-11-01 04:00:00,-0.2089832949550758,0.7301685
2014-11-01 05:00:00,-0.2418998125545752,-0.48487365
2014-11-01 06:00:00,-0.8343971293455645,-0.29195958
2014-11-01 07:00:00,-0.8124527842792316,-0.89576685
2014-11-01 08:00:00,-0.7795362666797322,-0.8652728
2014-11-01 09:00:00,-0.8563414744118975,-0.78085816
2014-11-01 10:00:00,-0.9441188546772292,-0.8225592
2014-11-01 11:00:00,-0.9770353722767288,-0.94562125
2014-11-01 12:00:00,-0.966063199743562,-1.0061018
2014-11-01 13:00:00,-0.9770353722767288,-1.0014875
2014-11-01 14:00:00,-0.9550910272103956,-0.98571295
2014-11-01 15:00:00,-0.966063199743562,-0.96223235
2014-11-01 16:00:00,-0.9989797173430616,-0.9475368
2014-11-01 17:00:00,-0.9880075448098952,-0.9816052
2014-11-01 18:00:00,-0.9880075448098952,-0.96285886
2014-11-01 19:00:00,-0.9331466821440628,-0.9469434
2014-11-01 20:00:00,-0.9002301645445634,-0.9181448
2014-11-01 21:00:00,-0.9002301645445634,-0.8953544
2014-11-01 22:00:00,-0.9441188546772292,-0.9021119
2014-11-01 23:00:00,-0.9221745096108964,-0.95023274
2014-11-02 00:00:00,-0.9880075448098952,-0.9444134
2014-11-02 01:00:00,-0.9989797173430616,-0.9893202
2014-11-02 02:00:00,-1.0318962349425609,-0.9990251
2014-11-02 03:00:00,-1.009951889876228,-1.0195897
2014-11-02 04:00:00,-1.0318962349425609,-1.008951
2014-11-02 05:00:00,-1.0648127525420603,-1.007025
2014-11-02 06:00:00,-1.075784925075227,-1.0258913
2014-11-02 07:00:00,-1.009951889876228,-1.031863
2014-11-02 08:00:00,-1.009951889876228,-1.0010269
2014-11-02 09:00:00,-1.0209240624093945,-0.9894618
2014-11-02 10:00:00,-1.0318962349425609,-1.0037065
2014-11-02 11:00:00,-1.009951889876228,-1.015109
2014-11-02 12:00:00,-1.0318962349425609,-1.0064216
2014-11-02 13:00:00,-0.9989797173430616,-1.0091541
2014-11-02 14:00:00,-1.009951889876228,-0.99253756
2014-11-02 15:00:00,-1.0209240624093945,-0.9766258
2014-11-02 16:00:00,-0.9880075448098952,-0.9730346
2014-11-02 17:00:00,-0.9880075448098952,-0.9499097
2014-11-02 18:00:00,-0.9770353722767288,-0.9310796
2014-11-02 19:00:00,-0.9880075448098952,-0.910879
2014-11-02 20:00:00,-1.0209240624093945,-0.90805304
2014-11-02 21:00:00,-1.009951889876228,-0.92987645
2014-11-02 22:00:00,-1.0209240624093945,-0.91518974
2014-11-02 23:00:00,-0.9880075448098952,-0.95004725
2014-11-03 00:00:00,-0.9112023370777298,-0.9503194
2014-11-03 01:00:00,-0.8563414744118975,-0.91301376
2014-11-03 02:00:00,-0.7905084392128987,-0.8770765
2014-11-03 03:00:00,-0.7905084392128987,-0.85017145
2014-11-03 04:00:00,-0.8124527842792316,-0.79618764
2014-11-03 05:00:00,-0.823424956812398,-0.8216188
2014-11-03 06:00:00,-0.8782858194782304,-0.8752246
2014-11-03 07:00:00,-0.9770353722767288,-0.91155785
2014-11-03 08:00:00,-0.7905084392128987,-0.99532986
2014-11-03 09:00:00,-0.6698145413480675,-0.8887629
2014-11-03 10:00:00,-0.680786713881234,-0.7675699
2014-11-03 11:00:00,-0.9441188546772292,-0.7654158
2014-11-03 12:00:00,-0.9770353722767288,-0.9323101
2014-11-03 13:00:00,-0.9002301645445634,-0.96053195
2014-11-03 14:00:00,-1.009951889876228,-0.9131094
2014-11-03 15:00:00,-0.9880075448098952,-0.99240303
2014-11-03 16:00:00,-0.9880075448098952,-0.94702995
2014-11-03 17:00:00,-0.9770353722767288,-0.9496824
2014-11-03 18:00:00,-0.845369301878731,-0.9411204
2014-11-03 19:00:00,-0.7246754040138998,-0.83165264
2014-11-03 20:00:00,-0.658842368814901,-0.67381763
2014-11-03 21:00:00,-0.6259258512154017,-0.5378769
2014-11-03 22:00:00,-0.5710649885495693,-0.49412638
2014-11-03 23:00:00,-0.472315435751071,-0.4229844
2014-11-04 00:00:00,-0.4284267456184051,-0.3220396
2014-11-04 01:00:00,-0.4393989181515716,-0.30501425
2014-11-04 02:00:00,-0.3516215378862399,-0.3630765
2014-11-04 03:00:00,-0.2638441576209081,-0.2925673
2014-11-04 04:00:00,-0.307732847753574,-0.22333851
2014-11-04 05:00:00,-0.2199554674882422,-0.25481242
2014-11-04 06:00:00,-0.2199554674882422,-0.23177613
2014-11-04 07:00:00,-0.3735658829525728,-0.2536019
2014-11-04 08:00:00,-0.3955102280189058,-0.37012517
2014-11-04 09:00:00,-0.1650946048224099,-0.4168908
2014-11-04 10:00:00,-0.0444007069575787,-0.19366665
2014-11-04 11:00:00,0.0982375359735853,-0.08979534
2014-11-04 12:00:00,0.1969870887720835,0.057079207
2014-11-04 13:00:00,0.4493470570349123,0.17454244
2014-11-04 14:00:00,0.6468461626319087,0.44206393
2014-11-04 15:00:00,0.58101312743291,0.68441343
2014-11-04 16:00:00,0.58101312743291,0.64510596
2014-11-04 17:00:00,0.5700409548997435,0.6693045
2014-11-04 18:00:00,0.6249018175655758,0.74888885
2014-11-04 19:00:00,0.6468461626319087,0.86845887
2014-11-04 20:00:00,1.0528165463590682,0.8286216
2014-11-04 21:00:00,1.184482616757066,1.2793472
2014-11-04 22:00:00,1.2612878244892312,1.452422
2014-11-04 23:00:00,1.70017472581589,1.4022782
2014-11-05 00:00:00,1.5246199652852264,1.7410554
2014-11-05 01:00:00,1.447814757553061,1.3584633
2014-11-05 02:00:00,1.2064269618233987,1.4142402
2014-11-05 03:00:00,0.9211504759610706,0.96785104
2014-11-05 04:00:00,0.8114287506294059,0.6676975
2014-11-05 05:00:00,0.7017070252977412,0.85884297
2014-11-05 06:00:00,0.5151800922339111,0.602579
2014-11-05 07:00:00,-0.0224563618912458,0.3806938
2014-11-05 08:00:00,0.39448619436908,-0.22024067
2014-11-05 09:00:00,0.4054583669022464,0.37461972
2014-11-05 10:00:00,-0.1102337421565775,0.3165574
2014-11-05 11:00:00,-0.9441188546772292,-0.26773703
2014-11-05 12:00:00,-1.009951889876228,-0.9735286
2014-11-05 13:00:00,-1.009951889876228,-1.0272158
2014-11-05 14:00:00,-0.9770353722767288,-1.0439705
2014-11-05 15:00:00,-0.9989797173430616,-1.0190016
2014-11-05 16:00:00,-1.0318962349425609,-1.0040314
2014-11-05 17:00:00,-1.0318962349425609,-1.0178596
2014-11-05 18:00:00,-0.9880075448098952,-0.99863875
2014-11-05 19:00:00,-0.9880075448098952,-0.9581257
2014-11-05 20:00:00,-1.0209240624093945,-0.9363654
2014-11-05 21:00:00,-1.0318962349425609,-0.99221766
2014-11-05 22:00:00,-1.0428684074757275,-1.0274816
2014-11-05 23:00:00,-1.0318962349425609,-1.0352018
2014-11-06 00:00:00,-1.053840580008894,-1.0399027
2014-11-06 01:00:00,-1.0428684074757275,-1.0625036
2014-11-06 02:00:00,-1.053840580008894,-1.0583489
2014-11-06 03:00:00,-1.0648127525420603,-1.0869937
2014-11-06 04:00:00,-1.009951889876228,-1.0893347
2014-11-06 05:00:00,-0.9989797173430616,-1.073378
2014-11-06 06:00:00,-1.0209240624093945,-1.0768914
2014-11-06 07:00:00,-1.0209240624093945,-1.0805345
2014-11-06 08:00:00,-0.9989797173430616,-1.0663602
2014-11-06 09:00:00,-0.9770353722767288,-1.0498922
2014-11-06 10:00:00,-0.9880075448098952,-1.0426208
2014-11-06 11:00:00,-0.9989797173430616,-1.036616
2014-11-06 12:00:00,-1.0209240624093945,-1.0395004
2014-11-06 13:00:00,-1.053840580008894,-1.0560821
2014-11-06 14:00:00,-1.0648127525420603,-1.0767618
2014-11-06 15:00:00,-1.053840580008894,-1.0845239
2014-11-06 16:00:00,-1.0209240624093945,-1.0743191
2014-11-06 17:00:00,-1.0318962349425609,-1.0515873
2014-11-06 18:00:00,-1.0318962349425609,-1.0165553
2014-11-06 19:00:00,-0.7356475765470664,-0.9429915
2014-11-06 20:00:00,-0.658842368814901,-0.77211004
2014-11-06 21:00:00,-0.658842368814901,-0.6466874
2014-11-06 22:00:00,-0.5710649885495693,-0.6263674
2014-11-06 23:00:00,-0.6149536786822352,-0.5636089
2014-11-07 00:00:00,-0.6478701962817346,-0.58668935
2014-11-07 01:00:00,-0.6149536786822352,-0.6409806
2014-11-07 02:00:00,-0.6039815061490686,-0.6546074
2014-11-07 03:00:00,-0.2309276400214087,-0.69521993
2014-11-07 04:00:00,-0.2638441576209081,-0.3854678
2014-11-07 05:00:00,-0.2309276400214087,-0.3574953
2014-11-07 06:00:00,-0.1102337421565775,-0.20926711
2014-11-07 07:00:00,-0.2967606752204075,0.0027443827
2014-11-07 08:00:00,-0.329677192819907,-0.26297036
2014-11-07 09:00:00,-0.3735658829525728,-0.2985559
2014-11-07 10:00:00,-0.4503710906847381,-0.46141106
2014-11-07 11:00:00,-0.4174545730852387,-0.5285648
2014-11-07 12:00:00,-0.4393989181515716,-0.48271328
2014-11-07 13:00:00,-0.6478701962817346,-0.46619022
2014-11-07 14:00:00,-0.680786713881234,-0.6126735
2014-11-07 15:00:00,-0.7356475765470664,-0.60903144
2014-11-07 16:00:00,-0.9002301645445634,-0.49131078
2014-11-07 17:00:00,-0.7905084392128987,-0.7621299
2014-11-07 18:00:00,-0.5930093336159022,-0.70130837
2014-11-07 19:00:00,-0.5381484709500699,-0.5487803
2014-11-07 20:00:00,-0.472315435751071,-0.53877854
2014-11-07 21:00:00,-0.6917588864144004,-0.46277213
2014-11-07 22:00:00,-0.7137032314807333,-0.7090615
2014-11-07 23:00:00,-0.6478701962817346,-0.71368515
2014-11-08 00:00:00,-0.5930093336159022,-0.63228035
2014-11-08 01:00:00,-0.4832876082842375,-0.59786665
2014-11-08 02:00:00,-0.3406493653530734,-0.43406683
2014-11-08 03:00:00,-0.2309276400214087,-0.31374764
2014-11-08 04:00:00,-0.2638441576209081,-0.2665274
2014-11-08 05:00:00,-0.3845380554857393,-0.3276394
2014-11-08 06:00:00,-0.3406493653530734,-0.47142082
2014-11-08 07:00:00,-0.2857885026872411,-0.47372925
2014-11-08 08:00:00,-0.2309276400214087,-0.39087468
2014-11-08 09:00:00,-0.2418998125545752,-0.30230358
2014-11-08 10:00:00,-0.1431502597560769,-0.29829657
2014-11-08 11:00:00,-0.1980111224219093,-0.22587357
2014-11-08 12:00:00,-0.2857885026872411,-0.22345273
2014-11-08 13:00:00,-0.2528719850877416,-0.25497723
2014-11-08 14:00:00,-0.1760667773555763,-0.20187573
2014-11-08 15:00:00,-0.1431502597560769,-0.059592593
2014-11-08 16:00:00,-0.0992615696234111,-0.033537406
2014-11-08 17:00:00,-0.2528719850877416,0.028107386
2014-11-08 18:00:00,-0.2857885026872411,-0.16794024
2014-11-08 19:00:00,-0.1760667773555763,-0.17989923
2014-11-08 20:00:00,-0.121205914689744,-0.060969617
2014-11-08 21:00:00,-0.0663450520239117,-0.021105474
2014-11-08 22:00:00,-0.0882893970902446,0.150385
2014-11-08 23:00:00,-0.0334285344244122,0.027859934
2014-11-09 00:00:00,-0.0882893970902446,0.060124747
2014-11-09 01:00:00,-0.0224563618912458,-0.09994117
2014-11-09 02:00:00,0.1750427437057506,-0.08282025
2014-11-09 03:00:00,0.1421262261062512,0.09491375
2014-11-09 04:00:00,0.0104601557082535,0.047345925
2014-11-09 05:00:00,-0.1431502597560769,-0.122410476
2014-11-09 06:00:00,-0.5052319533505705,-0.24725653
2014-11-09 07:00:00,-0.5491206434832363,-0.5663751
2014-11-09 08:00:00,-0.6368980237485681,-0.5975822
2014-11-09 09:00:00,-0.680786713881234,-0.6745387
2014-11-09 10:00:00,-0.680786713881234,-0.7168679
2014-11-09 11:00:00,-0.6698145413480675,-0.7490469
2014-11-09 12:00:00,-0.7356475765470664,-0.7371934
2014-11-09 13:00:00,-0.7246754040138998,-0.6977415
2014-11-09 14:00:00,-0.658842368814901,-0.6854402
2014-11-09 15:00:00,-0.5710649885495693,-0.6080628
2014-11-09 16:00:00,-0.6039815061490686,-0.48566145
2014-11-09 17:00:00,-0.6698145413480675,-0.51849365
2014-11-09 18:00:00,-0.6149536786822352,-0.57682
2014-11-09 19:00:00,-0.472315435751071,-0.47943848
2014-11-09 20:00:00,-0.2528719850877416,-0.3283097
2014-11-09 21:00:00,-0.2638441576209081,-0.14010046
2014-11-09 22:00:00,-0.0224563618912458,-0.18481562
2014-11-09 23:00:00,0.0104601557082535,0.049979307
2014-11-10 00:00:00,0.0433766733077529,0.1534931
2014-11-10 01:00:00,0.0653210183740859,0.16555205
2014-11-10 02:00:00,0.0872653634404188,0.16118808
2014-11-10 03:00:00,-0.0224563618912458,0.052705094
2014-11-10 04:00:00,-0.2309276400214087,-0.19876114
2014-11-10 05:00:00,-0.6149536786822352,-0.38605222
2014-11-10 06:00:00,-0.7356475765470664,-0.70917463
2014-11-10 07:00:00,-0.6039815061490686,-0.75907755
2014-11-10 08:00:00,-0.516204125883737,-0.6444333
2014-11-10 09:00:00,-0.5820371610827357,-0.56376886
2014-11-10 10:00:00,-0.6368980237485681,-0.63765144
2014-11-10 11:00:00,-0.7246754040138998,-0.6951823
2014-11-10 12:00:00,-0.680786713881234,-0.695038
2014-11-10 13:00:00,-0.6478701962817346,-0.63974154
2014-11-10 14:00:00,-0.4832876082842375,-0.58698577
2014-11-10 15:00:00,-0.4503710906847381,-0.4374681
2014-11-10 16:00:00,-0.3516215378862399,-0.38680142
2014-11-10 17:00:00,-0.2309276400214087,-0.26837236
2014-11-10 18:00:00,-0.2309276400214087,-0.09113209
2014-11-10 19:00:00,0.1201818810399182,-0.082746685
2014-11-10 20:00:00,0.5151800922339111,0.26706827
2014-11-10 21:00:00,0.58101312743291,0.7185532
2014-11-10 22:00:00,0.4932357471675782,0.723196
2014-11-10 23:00:00,0.4712914021012453,0.6035905
2014-11-11 00:00:00,0.4822635746344118,0.583228
2014-11-11 01:00:00,1.096705236491734,0.57220924
2014-11-11 02:00:00,1.5246199652852264,1.1148567
2014-11-11 03:00:00,0.932122648494237,1.5517001
2014-11-11 04:00:00,0.6907348527645747,0.76560473
2014-11-11 05:00:00,-0.7905084392128987,0.66793686
2014-11-11 06:00:00,-0.966063199743562,-0.97080255
2014-11-11 07:00:00,-0.9989797173430616,-1.0099541
2014-11-11 08:00:00,-0.9989797173430616,-1.0350665
2014-11-11 09:00:00,-0.9770353722767288,-1.0306857
2014-11-11 10:00:00,-0.9331466821440628,-0.98764586
2014-11-11 11:00:00,-0.9550910272103956,-0.94988894
2014-11-11 12:00:00,-0.9441188546772292,-0.94443613
2014-11-11 13:00:00,-0.9112023370777298,-0.9388209
2014-11-11 14:00:00,-0.9002301645445634,-0.88413334
2014-11-11 15:00:00,-0.9221745096108964,-0.87812173
2014-11-11 16:00:00,-0.9770353722767288,-0.9097793
2014-11-11 17:00:00,-1.0209240624093945,-0.966215
2014-11-11 18:00:00,-0.9989797173430616,-0.9930966
2014-11-11 19:00:00,-0.9550910272103956,-0.9811908
2014-11-11 20:00:00,-0.9221745096108964,-0.9559313
2014-11-11 21:00:00,-1.009951889876228,-0.90644896
2014-11-11 22:00:00,-0.8892579920113969,-0.98120356
2014-11-11 23:00:00,-1.009951889876228,-0.95091105
2014-11-12 00:00:00,-0.9989797173430616,-1.0001292
2014-11-12 01:00:00,-1.0428684074757275,-1.0029547
2014-11-12 02:00:00,-1.075784925075227,-1.0219097
2014-11-12 03:00:00,-1.075784925075227,-1.0407916
2014-11-12 04:00:00,-1.0648127525420603,-1.04473
2014-11-12 05:00:00,-1.0648127525420603,-1.0267801
2014-11-12 06:00:00,-1.0318962349425609,-1.0210575
2014-11-12 07:00:00,-1.053840580008894,-1.001224
2014-11-12 08:00:00,-1.053840580008894,-1.006777
2014-11-12 09:00:00,-1.0428684074757275,-1.0234783
2014-11-12 10:00:00,-1.0318962349425609,-1.0287533
2014-11-12 11:00:00,-1.0318962349425609,-1.0279912
2014-11-12 12:00:00,-1.0428684074757275,-1.0187936
2014-11-12 13:00:00,-1.053840580008894,-1.0152199
2014-11-12 14:00:00,-1.0318962349425609,-1.009449
2014-11-12 15:00:00,-1.0428684074757275,-0.9865625
2014-11-12 16:00:00,-1.0648127525420603,-0.9699757
2014-11-12 17:00:00,-1.0428684074757275,-0.9706094
2014-11-12 18:00:00,-1.0209240624093945,-0.94188523
2014-11-12 19:00:00,-0.9989797173430616,-0.9304904
2014-11-12 20:00:00,-0.9770353722767288,-0.91659015
2014-11-12 21:00:00,-0.966063199743562,-0.90725493
2014-11-12 22:00:00,-0.9331466821440628,-0.89113104
2014-11-12 23:00:00,-0.9112023370777298,-0.89770055
2014-11-13 00:00:00,-0.966063199743562,-0.8854058
2014-11-13 01:00:00,-0.9770353722767288,-0.9733027
2014-11-13 02:00:00,-0.966063199743562,-1.0049431
2014-11-13 03:00:00,-0.966063199743562,-0.94863486
2014-11-13 04:00:00,-0.9770353722767288,-0.96548146
2014-11-13 05:00:00,-0.9550910272103956,-0.97700167
2014-11-13 06:00:00,-0.9331466821440628,-0.9353528
2014-11-13 07:00:00,-0.867313646945064,-0.92511386
2014-11-13 08:00:00,-0.867313646945064,-0.86923957
2014-11-13 09:00:00,-0.658842368814901,-0.8763393
2014-11-13 10:00:00,-0.658842368814901,-0.7355186
2014-11-13 11:00:00,-0.8782858194782304,-0.7312572
2014-11-13 12:00:00,-0.9221745096108964,-0.957123
2014-11-13 13:00:00,-0.8124527842792316,-0.98669064
2014-11-13 14:00:00,-0.823424956812398,-0.8663759
2014-11-13 15:00:00,-0.823424956812398,-0.8464342
2014-11-13 16:00:00,-0.7137032314807333,-0.814405
2014-11-13 17:00:00,-0.7356475765470664,-0.6962309
2014-11-13 18:00:00,-0.7575919216133993,-0.71072996
2014-11-13 19:00:00,-0.7685640941465657,-0.6973219
2014-11-13 20:00:00,-0.7356475765470664,-0.7165572
2014-11-13 21:00:00,-0.6039815061490686,-0.69320905
2014-11-13 22:00:00,-0.516204125883737,-0.58402395
2014-11-13 23:00:00,-0.6149536786822352,-0.49710125
2014-11-14 00:00:00,-0.6259258512154017,-0.5645985
2014-11-14 01:00:00,-0.5271762984169034,-0.56713325
2014-11-14 02:00:00,-0.5271762984169034,-0.5065243
2014-11-14 03:00:00,-0.5271762984169034,-0.52709365
2014-11-14 04:00:00,-0.5052319533505705,-0.5563041
2014-11-14 05:00:00,-0.5271762984169034,-0.55799335
2014-11-14 06:00:00,-0.5600928160164028,-0.5935898
2014-11-14 07:00:00,-0.5600928160164028,-0.6256
2014-11-14 08:00:00,-0.658842368814901,-0.63819385
2014-11-14 09:00:00,-0.6478701962817346,-0.72539043
2014-11-14 10:00:00,-0.8343971293455645,-0.7773146
2014-11-14 11:00:00,-0.7685640941465657,-0.8353512
2014-11-14 12:00:00,-0.867313646945064,-0.7791947
2014-11-14 13:00:00,-0.8563414744118975,-0.82039475
2014-11-14 14:00:00,-0.8782858194782304,-0.80020386
2014-11-14 15:00:00,-0.867313646945064,-0.82375765
2014-11-14 16:00:00,-0.867313646945064,-0.78167075
2014-11-14 17:00:00,-0.823424956812398,-0.8008993
2014-11-14 18:00:00,-0.7466197490802328,-0.7296503
2014-11-14 19:00:00,-0.7137032314807333,-0.6936493
2014-11-14 20:00:00,-0.5491206434832363,-0.6631682
2014-11-14 21:00:00,-0.2857885026872411,-0.53037095
2014-11-14 22:00:00,-0.3955102280189058,-0.23684305
2014-11-14 23:00:00,-0.1102337421565775,-0.4267594
2014-11-15 00:00:00,0.4164305394354129,-0.09291574
2014-11-15 01:00:00,0.8992061308947376,0.5127908
2014-11-15 02:00:00,1.2064269618233987,1.0252736
2014-11-15 03:00:00,1.184482616757066,1.23402
2014-11-15 04:00:00,0.5700409548997435,1.1434577
2014-11-15 05:00:00,0.2408757789047494,0.17501788
2014-11-15 06:00:00,-0.1431502597560769,0.08880356
2014-11-15 07:00:00,-0.4174545730852387,-0.23389196
2014-11-15 08:00:00,-0.5271762984169034,-0.47008914
2014-11-15 09:00:00,-0.5271762984169034,-0.5535138
2014-11-15 10:00:00,-0.4503710906847381,-0.5104693
2014-11-15 11:00:00,-0.0444007069575787,-0.41658098
2014-11-15 12:00:00,0.3067088141037483,-0.051344905
2014-11-15 13:00:00,0.4493470570349123,0.38109148
2014-11-15 14:00:00,0.7346235428972405,0.5829728
2014-11-15 15:00:00,1.1625382716907329,0.9490943
2014-11-15 16:00:00,1.3929538948872286,1.4478316
2014-11-15 17:00:00,1.6014251730173916,1.6915685
2014-11-15 18:00:00,1.425870412486728,1.9032193
2014-11-15 19:00:00,1.5246199652852264,1.4355156
2014-11-15 20:00:00,1.51364779275206,1.6057
2014-11-15 21:00:00,1.6453138631500577,1.3958678
2014-11-15 22:00:00,1.7660077610148888,1.492673
2014-11-15 23:00:00,2.007395556744551,1.6414618
2014-11-16 00:00:00,1.8976738314128865,1.895082
2014-11-16 01:00:00,1.985451211678218,1.8919283
2014-11-16 02:00:00,1.2942043420887306,2.016114
2014-11-16 03:00:00,1.3380930322213964,1.1549917
2014-11-16 04:00:00,1.1625382716907329,1.4705088
2014-11-16 05:00:00,2.2378111799410467,1.193641
2014-11-16 06:00:00,2.1829503172752145,2.253419
2014-11-16 07:00:00,2.0183677292777173,2.167191
2014-11-16 08:00:00,1.820868623680721,2.0676138
2014-11-16 09:00:00,1.7111468983490563,1.8366134
2014-11-16 10:00:00,-0.2309276400214087,1.6304091
2014-11-16 11:00:00,-0.680786713881234,-0.78801095
2014-11-16 12:00:00,-0.8563414744118975,-0.8494752
2014-11-16 13:00:00,-0.9331466821440628,-0.91207886
2014-11-16 14:00:00,-0.867313646945064,-1.0009649
2014-11-16 15:00:00,-0.9002301645445634,-0.96494955
2014-11-16 16:00:00,-0.8892579920113969,-0.9373628
2014-11-16 17:00:00,-0.9221745096108964,-0.9058198
2014-11-16 18:00:00,-0.9112023370777298,-0.8949342
2014-11-16 19:00:00,-0.9331466821440628,-0.905602
2014-11-16 20:00:00,-0.8343971293455645,-0.9279634
2014-11-16 21:00:00,-0.966063199743562,-0.8743721
2014-11-16 22:00:00,-0.8892579920113969,-0.95681787
2014-11-16 23:00:00,-0.9550910272103956,-0.94333345
2014-11-17 00:00:00,-0.966063199743562,-0.97060406
2014-11-17 01:00:00,-0.9550910272103956,-0.9859478
2014-11-17 02:00:00,-0.966063199743562,-0.9774139
2014-11-17 03:00:00,-0.9550910272103956,-0.98063016
2014-11-17 04:00:00,-0.9770353722767288,-0.97533566
2014-11-17 05:00:00,-0.9770353722767288,-0.9795364
2014-11-17 06:00:00,-0.9989797173430616,-0.9519365
2014-11-17 07:00:00,-0.9770353722767288,-0.96553266
2014-11-17 08:00:00,-0.9112023370777298,-0.9533713
2014-11-17 09:00:00,-0.8892579920113969,-0.93396187
2014-11-17 10:00:00,-0.8892579920113969,-0.96531665
2014-11-17 11:00:00,-0.9221745096108964,-0.9853289
2014-11-17 12:00:00,-0.9441188546772292,-1.0035799
2014-11-17 13:00:00,-0.9331466821440628,-1.021132
2014-11-17 14:00:00,-0.9331466821440628,-0.99978924
2014-11-17 15:00:00,-1.009951889876228,-0.9653703
2014-11-17 16:00:00,-0.9550910272103956,-0.9889579
2014-11-17 17:00:00,-0.9221745096108964,-0.95286334
2014-11-17 18:00:00,-0.8014806117460651,-0.9290609
2014-11-17 19:00:00,-0.5820371610827357,-0.77777517
2014-11-17 20:00:00,-0.5052319533505705,-0.5667219
2014-11-17 21:00:00,-0.4174545730852387,-0.46001056
2014-11-17 22:00:00,-0.3735658829525728,-0.367634
2014-11-17 23:00:00,-0.307732847753574,-0.28623986
2014-11-18 00:00:00,-0.2089832949550758,-0.23657252
2014-11-18 01:00:00,0.4164305394354129,-0.07806335
2014-11-18 02:00:00,0.2299036063715829,0.5743486
2014-11-18 03:00:00,-0.2418998125545752,0.22538179
2014-11-18 04:00:00,-0.2418998125545752,-0.42893633
2014-11-18 05:00:00,-0.4064824005520722,-0.37610957
2014-11-18 06:00:00,-0.6039815061490686,-0.5264182
2014-11-18 07:00:00,-0.6698145413480675,-0.6607046
2014-11-18 08:00:00,-0.658842368814901,-0.69228745
2014-11-18 09:00:00,-0.6368980237485681,-0.6915022
2014-11-18 10:00:00,-0.6478701962817346,-0.68431985
2014-11-18 11:00:00,-0.516204125883737,-0.71152186
2014-11-18 12:00:00,-0.5271762984169034,-0.56209934
2014-11-18 13:00:00,-0.4284267456184051,-0.5062994
2014-11-18 14:00:00,-0.4503710906847381,-0.38744807
2014-11-18 15:00:00,-0.516204125883737,-0.38630867
2014-11-18 16:00:00,-0.4503710906847381,-0.41769624
2014-11-18 17:00:00,-0.4064824005520722,-0.31657395
2014-11-18 18:00:00,-0.1541224322892434,-0.28649765
2014-11-18 19:00:00,0.0653210183740859,0.065472335
2014-11-18 20:00:00,0.39448619436908,0.20585908
2014-11-18 21:00:00,0.6358739900987423,0.5378231
2014-11-18 22:00:00,0.9760113386269028,0.80884886
2014-11-18 23:00:00,1.1296217540912334,1.1016699
2014-11-19 00:00:00,1.3271208596882298,1.2839963
2014-11-19 01:00:00,1.7221190708822227,1.5699046
2014-11-19 02:00:00,2.5560041834028744,1.8464812
2014-11-19 03:00:00,2.9729467396632003,2.4977362
2014-11-19 04:00:00,2.7864198065993704,2.8417869
2014-11-19 05:00:00,1.8976738314128865,2.7232068
2014-11-19 06:00:00,1.70017472581589,1.7340603
2014-11-19 07:00:00,0.7126791978309076,1.7422462
2014-11-19 08:00:00,1.0747608914254012,0.32030007
2014-11-19 09:00:00,1.9196181764792195,1.1377585
2014-11-19 10:00:00,2.4133659404717105,1.9336709
2014-11-19 11:00:00,2.0183677292777173,2.4220264
2014-11-19 12:00:00,2.6986424263340387,1.9208606
2014-11-19 13:00:00,2.314616387673212,2.7617984
2014-11-19 14:00:00,2.983918912196367,2.1892025
2014-11-19 15:00:00,3.2801675705918614,3.1780117
2014-11-19 16:00:00,2.9619745671300337,3.2522573
2014-11-19 17:00:00,2.4901711482038755,2.9963129
2014-11-19 18:00:00,2.6986424263340387,2.565417
2014-11-19 19:00:00,2.753503288999871,2.888787
2014-11-19 20:00:00,2.874197186864702,2.8321307
2014-11-19 21:00:00,3.225306707926029,2.7992754
2014-11-19 22:00:00,3.3898892959235263,3.409364
2014-11-19 23:00:00,3.115584982594364,3.4722455
2014-11-20 00:00:00,3.2143345353928625,3.0975332
2014-11-20 01:00:00,3.0716962924616986,3.17689
2014-11-20 02:00:00,2.523087665803375,2.835129
2014-11-20 03:00:00,2.457254630604376,2.2568085
2014-11-20 04:00:00,2.566976355936041,2.6806903
2014-11-20 05:00:00,2.566976355936041,2.5687063
2014-11-20 06:00:00,2.940030222063701,2.74447
2014-11-20 07:00:00,2.852252841798369,3.025038
2014-11-20 08:00:00,2.457254630604376,2.9522355
2014-11-20 09:00:00,2.1829503172752145,2.6580594
2014-11-20 10:00:00,2.2487833524742133,2.2898326
2014-11-20 11:00:00,2.084200764476716,2.2322156
2014-11-20 12:00:00,2.347532905272712,2.1065671
2014-11-20 13:00:00,2.358505077805878,2.389066
2014-11-20 14:00:00,2.25975552500738,2.3407152
2014-11-20 15:00:00,2.106145109543049,2.2153742
2014-11-20 16:00:00,2.358505077805878,2.0241125
2014-11-20 17:00:00,2.545032010869708,2.4750097
2014-11-20 18:00:00,2.6547537362013727,2.5792634
2014-11-20 19:00:00,2.6108650460687066,2.798415
2014-11-20 20:00:00,3.016835429795866,2.6670892
2014-11-20 21:00:00,2.942562261879047,3.1279728
2014-11-20 22:00:00,2.868289093962228,2.8143547
2014-11-20 23:00:00,2.7940159260454083,3.0819557
2014-11-21 00:00:00,2.7197427581285893,2.954095
2014-11-21 01:00:00,2.64546959021177,2.5837052
2014-11-21 02:00:00,2.5711964222949506,2.4729075
2014-11-21 03:00:00,2.496923254378132,2.4393585
2014-11-21 04:00:00,2.422650086461313,2.354681
2014-11-21 05:00:00,2.348376918544494,2.5560625
2014-11-21 06:00:00,2.2741037506276744,2.310603
2014-11-21 07:00:00,2.1998305827108555,2.2171843
2014-11-21 08:00:00,2.125557414794036,2.1242478
2014-11-21 09:00:00,2.0512842468772168,2.3098705
2014-11-21 10:00:00,0.8443452682289052,2.2217963
2014-11-21 11:00:00,0.3615696767695806,0.22726715
2014-11-21 12:00:00,-0.0773172245570781,0.48130026
2014-11-21 13:00:00,-0.1980111224219093,-0.07162484
2014-11-21 14:00:00,-0.1541224322892434,-0.13513072
2014-11-21 15:00:00,-0.1321780872229105,-0.09867607
2014-11-21 16:00:00,-0.7356475765470664,-0.2875189
2014-11-21 17:00:00,-0.9221745096108964,-0.90157884
2014-11-21 18:00:00,-0.8892579920113969,-0.90724444
2014-11-21 19:00:00,-0.8563414744118975,-0.88180536
2014-11-21 20:00:00,-0.7575919216133993,-0.8437299
2014-11-21 21:00:00,-0.6917588864144004,-0.73233676
2014-11-21 22:00:00,-0.680786713881234,-0.6831018
2014-11-21 23:00:00,-0.7685640941465657,-0.6822071
2014-11-22 00:00:00,-0.9112023370777298,-0.79682386
2014-11-22 01:00:00,-0.9989797173430616,-0.9142675
2014-11-22 02:00:00,-0.9989797173430616,-1.0136933
2014-11-22 03:00:00,-0.966063199743562,-1.0190403
2014-11-22 04:00:00,-1.009951889876228,-0.9894
2014-11-22 05:00:00,-0.9880075448098952,-0.9895428
2014-11-22 06:00:00,-0.9550910272103956,-1.0079107
2014-11-22 07:00:00,-0.9331466821440628,-0.9661472
2014-11-22 08:00:00,-0.7795362666797322,-0.952355
2014-11-22 09:00:00,-0.7575919216133993,-0.882169
2014-11-22 10:00:00,-0.6917588864144004,-0.8727448
2014-11-22 11:00:00,-0.7027310589475669,-0.83467424
2014-11-22 12:00:00,-0.7575919216133993,-0.82223445
2014-11-22 13:00:00,-0.8124527842792316,-0.83548677
2014-11-22 14:00:00,-0.7905084392128987,-0.80191696
2014-11-22 15:00:00,-0.8124527842792316,-0.7380268
2014-11-22 16:00:00,-0.680786713881234,-0.7643628
2014-11-22 17:00:00,-0.5710649885495693,-0.6217956
2014-11-22 18:00:00,-0.3845380554857393,-0.4845397
2014-11-22 19:00:00,-0.2309276400214087,-0.27674267
2014-11-22 20:00:00,0.0104601557082535,-0.15468659
2014-11-22 21:00:00,0.2518479514379159,0.12477769
2014-11-22 22:00:00,0.5042079197007447,0.39143223
2014-11-22 23:00:00,0.2957366415705817,0.6049351
2014-11-23 00:00:00,0.0762931909072524,0.2987458
2014-11-23 01:00:00,0.0653210183740859,0.098869145
2014-11-23 02:00:00,0.1750427437057506,0.10388404
2014-11-23 03:00:00,-0.0005120168249128,0.20560503
2014-11-23 04:00:00,-0.0992615696234111,-0.012275219
2014-11-23 05:00:00,-0.0992615696234111,-0.10738598
2014-11-23 06:00:00,-0.0114841893580793,-0.109372765
2014-11-23 07:00:00,0.1092097085067518,-0.024641562
2014-11-23 08:00:00,0.1201818810399182,0.13868202
2014-11-23 09:00:00,0.1421262261062512,0.14288849
2014-11-23 10:00:00,0.0104601557082535,0.12788036
2014-11-23 11:00:00,0.0104601557082535,-0.06888905
2014-11-23 12:00:00,0.1201818810399182,-0.00558107
2014-11-23 13:00:00,0.1530983986394176,0.13856575
2014-11-23 14:00:00,0.20795926130525,0.18988077
2014-11-23 15:00:00,0.4493470570349123,0.2982462
2014-11-23 16:00:00,0.5371244373002441,0.57775843
2014-11-23 17:00:00,0.3725418493027471,0.6689208
2014-11-23 18:00:00,0.4712914021012453,0.47719988
2014-11-23 19:00:00,0.8114287506294059,0.5932158
2014-11-23 20:00:00,0.8992061308947376,0.92461115
2014-11-23 21:00:00,0.8882339583615712,0.9981962
2014-11-23 22:00:00,0.9430948210274036,0.96400225
2014-11-23 23:00:00,1.0199000287595688,1.0756061
2014-11-24 00:00:00,1.5355921378183928,1.100726
2014-11-24 01:00:00,2.07322859194355,1.6264021
2014-11-24 02:00:00,1.9964233842113843,2.138976
2014-11-24 03:00:00,0.9650391660937364,1.8288839
2014-11-24 04:00:00,0.8224009231625723,0.36559296
2014-11-24 05:00:00,0.5480966098334106,0.72508156
2014-11-24 06:00:00,0.1750427437057506,0.39005506
2014-11-24 07:00:00,-0.0005120168249128,0.058364775
2014-11-24 08:00:00,-0.6368980237485681,-0.06617487
2014-11-24 09:00:00,-0.6478701962817346,-0.7573824
2014-11-24 10:00:00,-0.7685640941465657,-0.7417485
2014-11-24 11:00:00,-0.7905084392128987,-0.8648306
2014-11-24 12:00:00,-0.8892579920113969,-0.924013
2014-11-24 13:00:00,-0.8563414744118975,-0.96810615
2014-11-24 14:00:00,-0.8563414744118975,-0.81753516
2014-11-24 15:00:00,-0.8563414744118975,-0.7326348
2014-11-24 16:00:00,-0.7575919216133993,-0.7233168
2014-11-24 17:00:00,-0.7575919216133993,-0.59584373
2014-11-24 18:00:00,-0.6149536786822352,-0.61455345
2014-11-24 19:00:00,-0.5930093336159022,-0.4866042
2014-11-24 20:00:00,-0.4174545730852387,-0.49945652
2014-11-24 21:00:00,-0.2199554674882422,-0.30822095
2014-11-24 22:00:00,0.3176809866369147,-0.14911357
2014-11-24 23:00:00,0.1969870887720835,0.324461
2014-11-25 00:00:00,-0.1102337421565775,0.16690443
2014-11-25 01:00:00,-0.2418998125545752,-0.10001834
2014-11-25 02:00:00,-0.1541224322892434,-0.20448388
2014-11-25 03:00:00,0.1201818810399182,-0.10697071
2014-11-25 04:00:00,0.4822635746344118,0.15472592
2014-11-25 05:00:00,0.2299036063715829,0.50312734
2014-11-25 06:00:00,0.1311540535730847,0.1596701
2014-11-25 07:00:00,0.1201818810399182,0.107041225
2014-11-25 08:00:00,0.5042079197007447,0.09113425
2014-11-25 09:00:00,0.6468461626319087,0.5429178
2014-11-25 10:00:00,0.5590687823665771,0.72242296
2014-11-25 11:00:00,0.4712914021012453,0.58292127
2014-11-25 12:00:00,0.6249018175655758,0.47696328
2014-11-25 13:00:00,0.8114287506294059,0.7037605
2014-11-25 14:00:00,1.0857330639585676,0.88315344
2014-11-25 15:00:00,1.0089278562264024,1.2105991
2014-11-25 16:00:00,0.9760113386269028,1.1626376
2014-11-25 17:00:00,0.6468461626319087,1.1345854
2014-11-25 18:00:00,1.1515660991575665,0.7194969
2014-11-25 19:00:00,1.425870412486728,1.3525219
2014-11-25 20:00:00,1.9744790391450515,1.5852298
2014-11-25 21:00:00,1.820868623680721,2.1120374
2014-11-25 22:00:00,2.314616387673212,1.8320892
2014-11-25 23:00:00,2.6547537362013727,2.3755553
2014-11-26 00:00:00,2.44628245807121,2.6790946
2014-11-26 01:00:00,2.1829503172752145,2.3927891
2014-11-26 02:00:00,2.007395556744551,2.1559098
2014-11-26 03:00:00,1.7330912434153891,2.0088334
2014-11-26 04:00:00,1.5246199652852264,1.6191757
2014-11-26 05:00:00,1.491703447685727,1.549098
2014-11-26 06:00:00,1.5465643103515594,1.5469525
2014-11-26 07:00:00,1.3819817223540622,1.596132
2014-11-26 08:00:00,1.2612878244892312,1.3074363
2014-11-26 09:00:00,1.1076774090249004,1.2566571
2014-11-26 10:00:00,1.1076774090249004,1.2042363
2014-11-26 11:00:00,1.469759102619394,1.1829243
2014-11-26 12:00:00,1.5465643103515594,1.5946729
2014-11-26 13:00:00,1.6453138631500577,1.5934559
2014-11-26 14:00:00,1.7440634159485555,1.6939406
2014-11-26 15:00:00,2.07322859194355,1.8424857
2014-11-26 16:00:00,2.523087665803375,2.2096531
2014-11-26 17:00:00,2.7425311164667043,2.6096265
2014-11-26 18:00:00,2.7425311164667043,2.8514955
2014-11-26 19:00:00,3.1594736727270303,2.8253024
2014-11-26 20:00:00,3.060724119928532,3.2810543
2014-11-26 21:00:00,3.6861379543190207,3.0570302
2014-11-26 22:00:00,4.410301341508008,3.6337993
2014-11-26 23:00:00,4.629744792171337,4.1020026
2014-11-27 00:00:00,4.059191820446681,4.3193502
2014-11-27 01:00:00,3.71905447191852,4.010546
2014-11-27 02:00:00,2.874197186864702,3.4868453
2014-11-27 03:00:00,0.8333730956957388,2.300657
2014-11-27 04:00:00,-0.0224563618912458,-0.23993395
2014-11-27 05:00:00,-0.8343971293455645,-0.5142512
2014-11-27 06:00:00,-0.8782858194782304,-0.7635913
2014-11-27 07:00:00,-0.9770353722767288,-1.1303465
2014-11-27 08:00:00,-0.9770353722767288,-1.1508464
2014-11-27 09:00:00,-0.9441188546772292,-1.1258459
2014-11-27 10:00:00,-0.9441188546772292,-1.091691
2014-11-27 11:00:00,-0.9221745096108964,-1.0688641
2014-11-27 12:00:00,-0.9550910272103956,-1.0117223
2014-11-27 13:00:00,-0.9550910272103956,-0.9752439
2014-11-27 14:00:00,-0.9441188546772292,-0.96125597
2014-11-27 15:00:00,-0.9002301645445634,-0.9658643
2014-11-27 16:00:00,-0.9112023370777298,-0.93273145
2014-11-27 17:00:00,-0.9221745096108964,-0.9189075
2014-11-27 18:00:00,-0.8782858194782304,-0.91407824
2014-11-27 19:00:00,-0.7685640941465657,-0.8708346
2014-11-27 20:00:00,-0.8343971293455645,-0.745551
2014-11-27 21:00:00,-0.7246754040138998,-0.8081349
2014-11-27 22:00:00,-0.6917588864144004,-0.7257273
2014-11-27 23:00:00,-0.6698145413480675,-0.67663586
2014-11-28 00:00:00,-0.7246754040138998,-0.6893473
2014-11-28 01:00:00,-0.6698145413480675,-0.7149795
2014-11-28 02:00:00,-0.5600928160164028,-0.6866655
2014-11-28 03:00:00,-0.5381484709500699,-0.5944714
2014-11-28 04:00:00,-0.5271762984169034,-0.57149184
2014-11-28 05:00:00,-0.329677192819907,-0.5378735
2014-11-28 06:00:00,-0.1870389498887428,-0.36279577
2014-11-28 07:00:00,-0.0882893970902446,-0.20867057
2014-11-28 08:00:00,-0.0553728794907452,-0.12236972
2014-11-28 09:00:00,-0.1870389498887428,-0.12578323
2014-11-28 10:00:00,-0.3735658829525728,-0.3093509
2014-11-28 11:00:00,-0.3735658829525728,-0.4794779
2014-11-28 12:00:00,-0.2528719850877416,-0.38466984
2014-11-28 13:00:00,-0.2857885026872411,-0.2209889
2014-11-28 14:00:00,-0.329677192819907,-0.21478416
2014-11-28 15:00:00,-0.1541224322892434,-0.25582784
2014-11-28 16:00:00,-0.1102337421565775,-0.03508718
2014-11-28 17:00:00,-0.0992615696234111,-0.014264053
2014-11-28 18:00:00,-0.0114841893580793,-0.0059295003
2014-11-28 19:00:00,0.3176809866369147,0.08543646
2014-11-28 20:00:00,0.745595715430407,0.405066
2014-11-28 21:00:00,1.096705236491734,0.81990844
2014-11-28 22:00:00,1.2503156519560643,1.1561414
2014-11-28 23:00:00,1.217399134356565,1.2827399
2014-11-29 00:00:00,1.305176514621897,1.2031997
2014-11-29 01:00:00,1.5026756202188931,1.2901592
2014-11-29 02:00:00,1.6233695180837246,1.5245633
2014-11-29 03:00:00,1.6892025532827233,1.6375192
2014-11-29 04:00:00,1.6892025532827233,1.6621653
2014-11-29 05:00:00,1.6672582082163905,1.6907988
2014-11-29 06:00:00,1.941562521545552,1.6121061
2014-11-29 07:00:00,2.095172937009883,1.9400047
2014-11-29 08:00:00,2.0512842468772168,2.1831067
2014-11-29 09:00:00,2.1390616271425484,2.1384404
2014-11-29 10:00:00,2.0512842468772168,2.1879146
2014-11-29 11:00:00,2.4682268031375427,2.1316903
2014-11-29 12:00:00,2.2048946623415477,2.5868556
2014-11-29 13:00:00,2.314616387673212,2.292039
2014-11-29 14:00:00,2.9510023945968675,2.4268448
2014-11-29 15:00:00,3.0716962924616986,2.9773872
2014-11-29 16:00:00,3.2143345353928625,3.0486767
2014-11-29 17:00:00,2.676698081267705,3.2746456
2014-11-29 18:00:00,2.6657259087345397,2.4471
2014-11-29 19:00:00,2.6657259087345397,2.7238863
2014-11-29 20:00:00,2.44628245807121,2.6425495
2014-11-29 21:00:00,2.501143320737042,2.3866708
2014-11-29 22:00:00,2.3255885602063784,2.5802019
2014-11-29 23:00:00,1.798924278614388,2.252192
2014-11-30 00:00:00,1.5575364828847258,1.6782242
2014-11-30 01:00:00,1.6892025532827233,1.7925076
2014-11-30 02:00:00,1.1405939266243998,1.7759418
2014-11-30 03:00:00,1.0308722012927352,0.9040487
2014-11-30 04:00:00,1.3929538948872286,1.0735087
2014-11-30 05:00:00,1.5575364828847258,1.4831114
2014-11-30 06:00:00,1.4807312751525603,1.6325885
2014-11-30 07:00:00,0.745595715430407,1.5109785
2014-11-30 08:00:00,-0.8782858194782304,0.44567972
2014-11-30 09:00:00,-0.9002301645445634,-0.8859818
2014-11-30 10:00:00,-0.9221745096108964,-1.005309
2014-11-30 11:00:00,-0.8343971293455645,-0.9894257
2014-11-30 12:00:00,-0.845369301878731,-0.98710704
2014-11-30 13:00:00,-0.7027310589475669,-0.9928966
2014-11-30 14:00:00,-0.6259258512154017,-0.87896585
2014-11-30 15:00:00,-0.7685640941465657,-0.7554583
2014-11-30 16:00:00,-0.8892579920113969,-0.82907265
2014-11-30 17:00:00,-0.9441188546772292,-0.9204817
2014-11-30 18:00:00,-0.9002301645445634,-0.95424515
2014-11-30 19:00:00,-0.8014806117460651,-0.9269359
2014-11-30 20:00:00,-0.7575919216133993,-0.86177814
2014-11-30 21:00:00,-0.6149536786822352,-0.8248582
2014-11-30 22:00:00,-0.7466197490802328,-0.6929752
2014-11-30 23:00:00,-0.7356475765470664,-0.78940845
2014-12-01 00:00:00,-0.5710649885495693,-0.79409826
2014-12-01 01:00:00,-0.7027310589475669,-0.68168056
2014-12-01 02:00:00,-0.823424956812398,-0.75705016
2014-12-01 03:00:00,-0.867313646945064,-0.85324585
2014-12-01 04:00:00,-0.9550910272103956,-0.89650106
2014-12-01 05:00:00,-0.9550910272103956,-0.95764995
2014-12-01 06:00:00,-0.966063199743562,-0.9805806
2014-12-01 07:00:00,-0.9550910272103956,-0.9905579
2014-12-01 08:00:00,-0.966063199743562,-0.9873383
2014-12-01 09:00:00,-0.9770353722767288,-0.98996633
2014-12-01 10:00:00,-0.9880075448098952,-1.0036054
2014-12-01 11:00:00,-0.966063199743562,-1.018722
2014-12-01 12:00:00,-0.9441188546772292,-1.0093513
2014-12-01 13:00:00,-0.9770353722767288,-0.9878471
2014-12-01 14:00:00,-0.9880075448098952,-0.9949312
2014-12-01 15:00:00,-0.9989797173430616,-1.0041294
2014-12-01 16:00:00,-0.9989797173430616,-0.99038255
2014-12-01 17:00:00,-1.009951889876228,-0.98159957
2014-12-01 18:00:00,-0.9989797173430616,-0.9723961
2014-12-01 19:00:00,-0.9331466821440628,-0.96135545
2014-12-01 20:00:00,-0.8892579920113969,-0.9164401
2014-12-01 21:00:00,-1.009951889876228,-0.8663063
2014-12-01 22:00:00,-0.9331466821440628,-0.94567966
2014-12-01 23:00:00,-1.009951889876228,-0.943735
2014-12-02 00:00:00,-0.9331466821440628,-0.96662676
2014-12-02 01:00:00,-0.9770353722767288,-0.92346305
2014-12-02 02:00:00,-0.9550910272103956,-0.9334413
2014-12-02 03:00:00,-0.9770353722767288,-0.9271178
2014-12-02 04:00:00,-0.9550910272103956,-0.94301546
2014-12-02 05:00:00,-0.9770353722767288,-0.94391716
2014-12-02 06:00:00,-0.966063199743562,-0.9760943
2014-12-02 07:00:00,-0.9550910272103956,-0.9659101
2014-12-02 08:00:00,-0.9770353722767288,-0.94465286
2014-12-02 09:00:00,-0.8124527842792316,-0.9786149
2014-12-02 10:00:00,-0.845369301878731,-0.8930138
2014-12-02 11:00:00,-0.6259258512154017,-0.89391387
2014-12-02 12:00:00,-0.5271762984169034,-0.7093949
2014-12-02 13:00:00,-0.2638441576209081,-0.5367032
2014-12-02 14:00:00,-0.3735658829525728,-0.269307
2014-12-02 15:00:00,-0.658842368814901,-0.3517242
2014-12-02 16:00:00,-0.3625937104194063,-0.5788441
2014-12-02 17:00:00,-0.2089832949550758,-0.18912478
2014-12-02 18:00:00,-0.0444007069575787,-0.12069975
2014-12-02 19:00:00,0.0872653634404188,0.066193625
2014-12-02 20:00:00,-0.0114841893580793,0.22970249
2014-12-02 21:00:00,0.1201818810399182,-0.024487229
2014-12-02 22:00:00,0.2189314338384165,0.20369144
2014-12-02 23:00:00,0.2737922965042488,0.27595997
2014-12-03 00:00:00,0.2518479514379159,0.34269154
2014-12-03 01:00:00,0.2847644690374153,0.25232938
2014-12-03 02:00:00,0.1201818810399182,0.24350141
2014-12-03 03:00:00,-0.8124527842792316,-0.045866705
2014-12-03 04:00:00,-0.9770353722767288,-0.8243488
2014-12-03 05:00:00,-0.9550910272103956,-0.9832525
2014-12-03 06:00:00,-0.9989797173430616,-0.99643564
2014-12-03 07:00:00,-0.9989797173430616,-1.0127401
2014-12-03 08:00:00,-0.9550910272103956,-1.0205605
2014-12-03 09:00:00,-0.9112023370777298,-0.99684215
2014-12-03 10:00:00,-0.9221745096108964,-0.9701762
2014-12-03 11:00:00,-0.9770353722767288,-0.9762285
2014-12-03 12:00:00,-0.9770353722767288,-1.0124427
2014-12-03 13:00:00,-0.9112023370777298,-1.0169508
2014-12-03 14:00:00,-0.9989797173430616,-0.96345425
2014-12-03 15:00:00,-0.9989797173430616,-0.99767184
2014-12-03 16:00:00,-0.9770353722767288,-1.0137804
2014-12-03 17:00:00,-1.009951889876228,-0.9814035
2014-12-03 18:00:00,-0.9331466821440628,-0.9959457
2014-12-03 19:00:00,-0.9441188546772292,-0.9333712
2014-12-03 20:00:00,-0.9989797173430616,-0.9404388
2014-12-03 21:00:00,-1.0209240624093945,-0.9867596
2014-12-03 22:00:00,-1.0318962349425609,-1.0106285
2014-12-03 23:00:00,-1.009951889876228,-1.0306587
2014-12-04 00:00:00,-0.9770353722767288,-1.0346692
2014-12-04 01:00:00,-0.9989797173430616,-1.0189959
2014-12-04 02:00:00,-0.9770353722767288,-1.0188684
2014-12-04 03:00:00,-0.9989797173430616,-1.0044944
2014-12-04 04:00:00,-1.009951889876228,-1.0116565
2014-12-04 05:00:00,-1.0428684074757275,-1.0215685
2014-12-04 06:00:00,-1.0318962349425609,-1.0422497
2014-12-04 07:00:00,-0.9989797173430616,-1.0302305
2014-12-04 08:00:00,-1.0318962349425609,-1.0079303
2014-12-04 09:00:00,-1.0209240624093945,-1.0382326
2014-12-04 10:00:00,-1.0209240624093945,-1.0516958
2014-12-04 11:00:00,-1.0318962349425609,-1.0564471
2014-12-04 12:00:00,-0.9989797173430616,-1.0589392
2014-12-04 13:00:00,-0.9770353722767288,-1.0495074
2014-12-04 14:00:00,-0.9880075448098952,-1.0210247
2014-12-04 15:00:00,-0.9880075448098952,-1.0129172
2014-12-04 16:00:00,-1.009951889876228,-1.0109723
2014-12-04 17:00:00,-1.0209240624093945,-1.0144384
2014-12-04 18:00:00,-0.9880075448098952,-1.0104723
2014-12-04 19:00:00,-1.009951889876228,-0.9847466
2014-12-04 20:00:00,-0.9112023370777298,-0.9872744
2014-12-04 21:00:00,-0.9989797173430616,-0.9455676
2014-12-04 22:00:00,-0.9002301645445634,-0.9847218
2014-12-04 23:00:00,-0.9880075448098952,-0.9552308
2014-12-05 00:00:00,-1.0318962349425609,-1.0050105
2014-12-05 01:00:00,-1.0318962349425609,-1.0466523
2014-12-05 02:00:00,-0.9989797173430616,-1.0479376
2014-12-05 03:00:00,-1.009951889876228,-1.0171165
2014-12-05 04:00:00,-1.0209240624093945,-1.0250567
2014-12-05 05:00:00,-1.009951889876228,-1.0462584
2014-12-05 06:00:00,-0.9441188546772292,-0.97869515
2014-12-05 07:00:00,-0.966063199743562,-0.9497054
2014-12-05 08:00:00,-0.823424956812398,-1.01376
2014-12-05 09:00:00,-0.9770353722767288,-0.91674674
2014-12-05 10:00:00,-0.9221745096108964,-1.0170317
2014-12-05 11:00:00,-0.9112023370777298,-0.9942237
2014-12-05 12:00:00,-0.9550910272103956,-0.9956533
2014-12-05 13:00:00,-0.9989797173430616,-0.99592364
2014-12-05 14:00:00,-0.991664935654284,-1.0115821
2014-12-05 15:00:00,-0.9843501539655064,-0.9926282
2014-12-05 16:00:00,-0.9770353722767288,-0.9812917
2014-12-05 17:00:00,-0.9770353722767288,-0.9087598
2014-12-05 18:00:00,-0.7466197490802328,-0.94601214
2014-12-05 19:00:00,-0.0334285344244122,-0.7034594
2014-12-05 20:00:00,0.1640705711725841,-0.07454279
2014-12-05 21:00:00,0.3286531591700812,0.27379146
2014-12-05 22:00:00,0.4164305394354129,0.3542792
2014-12-05 23:00:00,0.6358739900987423,0.37548053
2014-12-06 00:00:00,0.4383748845017459,0.61383486
2014-12-06 01:00:00,0.5480966098334106,0.45627344
2014-12-06 02:00:00,0.5371244373002441,0.4707415
2014-12-06 03:00:00,0.0982375359735853,0.49349913
2014-12-06 04:00:00,-0.1760667773555763,-0.05715816
2014-12-06 05:00:00,-0.4393989181515716,-0.15732019
2014-12-06 06:00:00,-0.680786713881234,-0.47598854
2014-12-06 07:00:00,-0.7466197490802328,-0.69980603
2014-12-06 08:00:00,-0.6149536786822352,-0.7408674
2014-12-06 09:00:00,-0.7575919216133993,-0.6669525
2014-12-06 10:00:00,-0.7575919216133993,-0.882172
2014-12-06 11:00:00,-0.7685640941465657,-0.90066516
2014-12-06 12:00:00,-0.9221745096108964,-0.87509084
2014-12-06 13:00:00,-0.9112023370777298,-0.8502832
2014-12-06 14:00:00,-0.8892579920113969,-0.7720439
2014-12-06 15:00:00,-0.7356475765470664,-0.77243173
2014-12-06 16:00:00,-0.3187050202867404,-0.64402723
2014-12-06 17:00:00,-0.3735658829525728,-0.21801569
2014-12-06 18:00:00,-0.4284267456184051,-0.33489266
2014-12-06 19:00:00,-0.1870389498887428,-0.36615446
2014-12-06 20:00:00,0.2408757789047494,-0.11781218
2014-12-06 21:00:00,0.20795926130525,0.29249564
2014-12-06 22:00:00,-0.0553728794907452,0.2033789
2014-12-06 23:00:00,-0.0773172245570781,-0.12064965
2014-12-07 00:00:00,0.02143232824142,-0.025248652
2014-12-07 01:00:00,0.8114287506294059,0.084701315
2014-12-07 02:00:00,0.4054583669022464,0.8266722
2014-12-07 03:00:00,-0.2199554674882422,0.24727657
2014-12-07 04:00:00,-0.4064824005520722,-0.2579745
2014-12-07 05:00:00,-0.307732847753574,-0.26214537
2014-12-07 06:00:00,-0.4503710906847381,-0.18944015
2014-12-07 07:00:00,-0.4503710906847381,-0.33978796
2014-12-07 08:00:00,-0.307732847753574,-0.3566561
2014-12-07 09:00:00,-0.2309276400214087,-0.2516107
2014-12-07 10:00:00,-0.2528719850877416,-0.20480181
2014-12-07 11:00:00,-0.0444007069575787,-0.2846469
2014-12-07 12:00:00,-0.5052319533505705,-0.23261906
2014-12-07 13:00:00,-0.7246754040138998,-0.7264776
2014-12-07 14:00:00,-0.9002301645445634,-0.79807436
2014-12-07 15:00:00,-0.8563414744118975,-0.92230546
2014-12-07 16:00:00,-0.867313646945064,-0.847644
2014-12-07 17:00:00,-0.9331466821440628,-0.82502687
2014-12-07 18:00:00,-0.9550910272103956,-0.8705354
2014-12-07 19:00:00,-0.9770353722767288,-0.91382194
2014-12-07 20:00:00,-0.9112023370777298,-0.9431062
2014-12-07 21:00:00,-0.9002301645445634,-0.919996
2014-12-07 22:00:00,-0.9221745096108964,-0.9271431
2014-12-07 23:00:00,-0.9112023370777298,-0.95026016
2014-12-08 00:00:00,-0.9002301645445634,-0.9476589
2014-12-08 01:00:00,-0.9221745096108964,-0.929118
2014-12-08 02:00:00,-0.9331466821440628,-0.9240334
2014-12-08 03:00:00,-0.9112023370777298,-0.9570378
2014-12-08 04:00:00,-0.8892579920113969,-0.94261706
2014-12-08 05:00:00,-0.9331466821440628,-0.93676513
2014-12-08 06:00:00,-0.8563414744118975,-0.9665532
2014-12-08 07:00:00,-0.8782858194782304,-0.9360088
2014-12-08 08:00:00,-0.867313646945064,-0.9357055
2014-12-08 09:00:00,-0.7466197490802328,-0.90576625
2014-12-08 10:00:00,-0.8782858194782304,-0.85874325
2014-12-08 11:00:00,-0.7575919216133993,-0.94301194
2014-12-08 12:00:00,-0.658842368814901,-0.84087026
2014-12-08 13:00:00,0.02143232824142,-0.70623577
2014-12-08 14:00:00,0.186014916238917,-0.15682094
2014-12-08 15:00:00,-0.0005120168249128,0.15645517
2014-12-08 16:00:00,0.1969870887720835,0.05415037
2014-12-08 17:00:00,0.39448619436908,0.37745464
2014-12-08 18:00:00,0.4109444531688297,0.5708971
2014-12-08 19:00:00,0.4274027119685794,0.67277575
2014-12-08 20:00:00,0.4438609707683291,0.64410377
2014-12-08 21:00:00,0.4603192295680788,0.67552173
2014-12-08 22:00:00,0.4767774883678285,0.61427194
2014-12-08 23:00:00,0.4932357471675782,0.6326015
2014-12-09 00:00:00,0.8772617858284046,0.4205678
2014-12-09 01:00:00,1.0226430718928603,0.8449913
2014-12-09 02:00:00,1.1680243579573162,0.854203
2014-12-09 03:00:00,1.3134056440217718,1.1062884
2014-12-09 04:00:00,1.4587869300862275,1.2289302
2014-12-09 05:00:00,1.6041682161506832,1.4637908
2014-12-09 06:00:00,1.749549502215139,1.6054239
2014-12-09 07:00:00,1.8949307882795947,1.8032385
2014-12-09 08:00:00,2.0403120743440506,1.9744263
2014-12-09 09:00:00,2.1856933604085063,2.244921
2014-12-09 10:00:00,2.331074646472962,2.5440607
2014-12-09 11:00:00,2.4764559325374176,2.3820262
2014-12-09 12:00:00,2.621837218601873,2.7226613
2014-12-09 13:00:00,2.797391979132537,2.47255
2014-12-09 14:00:00,3.1594736727270303,2.7289145
2014-12-09 15:00:00,3.181418017793363,3.0852795
2014-12-09 16:00:00,3.016835429795866,2.9846923
2014-12-09 17:00:00,2.9290580495305343,2.9370775
2014-12-09 18:00:00,2.7644754615330376,3.0197725
2014-12-09 19:00:00,2.753503288999871,2.748737
2014-12-09 20:00:00,2.808364151665703,2.7236829
2014-12-09 21:00:00,2.9290580495305343,2.8499746
2014-12-09 22:00:00,2.8632250143315354,2.9009378
2014-12-09 23:00:00,2.7425311164667043,2.7735689
2014-12-10 00:00:00,2.314616387673212,2.6536977
2014-12-10 01:00:00,2.402393767938544,2.450829
2014-12-10 02:00:00,2.5340598383365416,2.6898925
2014-12-10 03:00:00,2.2268390074078805,2.7286317
2014-12-10 04:00:00,2.2048946623415477,2.3850305
2014-12-10 05:00:00,2.25975552500738,2.3333347
2014-12-10 06:00:00,2.314616387673212,2.3885021
2014-12-10 07:00:00,2.391421595405377,2.42386
2014-12-10 08:00:00,2.4682268031375427,2.496772
2014-12-10 09:00:00,0.5700409548997435,2.482162
2014-12-10 10:00:00,-0.3845380554857393,-0.443529
2014-12-10 11:00:00,-0.472315435751071,-0.51891947
2014-12-10 12:00:00,-0.4064824005520722,-0.63470405
2014-12-10 13:00:00,-0.4174545730852387,-0.6137786
2014-12-10 14:00:00,-0.6039815061490686,-0.5620073
2014-12-10 15:00:00,-0.8892579920113969,-0.7051765
2014-12-10 16:00:00,-0.867313646945064,-0.90179765
2014-12-10 17:00:00,-0.9550910272103956,-0.8688183
2014-12-10 18:00:00,-0.7575919216133993,-0.92247474
2014-12-10 19:00:00,-0.9112023370777298,-0.78252673
2014-12-10 20:00:00,-0.9441188546772292,-0.89216167
2014-12-10 21:00:00,-0.9550910272103956,-0.93238544
2014-12-10 22:00:00,-0.9221745096108964,-0.96920615
2014-12-10 23:00:00,-0.9002301645445634,-0.95893157
2014-12-11 00:00:00,-0.9002301645445634,-0.9444537
2014-12-11 01:00:00,-0.8782858194782304,-0.942865
2014-12-11 02:00:00,-0.9112023370777298,-0.9328439
2014-12-11 03:00:00,-0.9989797173430616,-0.9435234
2014-12-11 04:00:00,-0.9221745096108964,-0.99446785
2014-12-11 05:00:00,-0.9441188546772292,-0.9764379
2014-12-11 06:00:00,-1.0209240624093945,-0.97137624
2014-12-11 07:00:00,-0.9331466821440628,-1.0142725
2014-12-11 08:00:00,-0.9770353722767288,-0.99038804
2014-12-11 09:00:00,-0.9550910272103956,-0.9814172
2014-12-11 10:00:00,-0.9221745096108964,-0.97771335
2014-12-11 11:00:00,-0.9441188546772292,-0.965102
2014-12-11 12:00:00,-0.9441188546772292,-0.98739517
2014-12-11 13:00:00,-0.9441188546772292,-0.99688196
2014-12-11 14:00:00,-0.9441188546772292,-0.98184896
2014-12-11 15:00:00,-0.966063199743562,-0.9637138
2014-12-11 16:00:00,-0.7795362666797322,-0.9596058
2014-12-11 17:00:00,-0.658842368814901,-0.81115675
2014-12-11 18:00:00,-0.0882893970902446,-0.6158293
2014-12-11 19:00:00,-0.2638441576209081,-0.09283084
2014-12-11 20:00:00,-0.2089832949550758,-0.2460906
2014-12-11 21:00:00,-0.7466197490802328,-0.15354754
2014-12-11 22:00:00,-0.9989797173430616,-0.8910244
2014-12-11 23:00:00,-0.966063199743562,-0.9354998
2014-12-12 00:00:00,-1.009951889876228,-0.9347659
2014-12-12 01:00:00,-1.009951889876228,-0.9920188
2014-12-12 02:00:00,-1.009951889876228,-1.0039184
2014-12-12 03:00:00,-0.9989797173430616,-1.0036372
2014-12-12 04:00:00,-0.966063199743562,-0.99163425
2014-12-12 05:00:00,-0.9441188546772292,-0.9638026
2014-12-12 06:00:00,-0.9989797173430616,-0.959051
2014-12-12 07:00:00,-1.0209240624093945,-1.0011029
2014-12-12 08:00:00,-1.009951889876228,-1.0386977
2014-12-12 09:00:00,-0.966063199743562,-1.0403845
2014-12-12 10:00:00,-0.9550910272103956,-1.0139767
2014-12-12 11:00:00,-0.9989797173430616,-1.0080652
2014-12-12 12:00:00,-0.9112023370777298,-1.0264091
2014-12-12 13:00:00,-0.9002301645445634,-0.98072964
2014-12-12 14:00:00,-0.9441188546772292,-0.93868244
2014-12-12 15:00:00,-0.9880075448098952,-0.95491475
2014-12-12 16:00:00,-0.966063199743562,-0.9858431
2014-12-12 17:00:00,-0.9989797173430616,-0.9787618
2014-12-12 18:00:00,-0.9441188546772292,-0.9915161
2014-12-12 19:00:00,-0.9112023370777298,-0.9171207
2014-12-12 20:00:00,-0.867313646945064,-0.8486353
2014-12-12 21:00:00,-0.5820371610827357,-0.81731796
2014-12-12 22:00:00,-0.9002301645445634,-0.5990596
2014-12-12 23:00:00,-0.9331466821440628,-0.8435203
2014-12-13 00:00:00,-0.966063199743562,-0.8818178
2014-12-13 01:00:00,-0.9221745096108964,-0.9235091
2014-12-13 02:00:00,-0.9331466821440628,-0.9091416
2014-12-13 03:00:00,-0.9550910272103956,-0.905627
2014-12-13 04:00:00,-0.9221745096108964,-0.9301711
2014-12-13 05:00:00,-0.9221745096108964,-0.907225
2014-12-13 06:00:00,-0.9880075448098952,-0.9235606
2014-12-13 07:00:00,-0.9550910272103956,-0.9942286
2014-12-13 08:00:00,-0.7356475765470664,-0.92834854
2014-12-13 09:00:00,-0.6917588864144004,-0.72647095
2014-12-13 10:00:00,-0.7027310589475669,-0.7178551
2014-12-13 11:00:00,-0.516204125883737,-0.80470145
2014-12-13 12:00:00,-0.4613432632179046,-0.6162361
2014-12-13 13:00:00,-0.5930093336159022,-0.53502125
2014-12-13 14:00:00,-0.6259258512154017,-0.64271146
2014-12-13 15:00:00,-0.6478701962817346,-0.6419308
2014-12-13 16:00:00,-0.6149536786822352,-0.6163609
2014-12-13 17:00:00,-0.307732847753574,-0.5414626
2014-12-13 18:00:00,-0.2199554674882422,-0.1730539
2014-12-13 19:00:00,-0.1541224322892434,-0.1411541
2014-12-13 20:00:00,-0.1980111224219093,-0.08711172
2014-12-13 21:00:00,-0.1541224322892434,-0.0825519
2014-12-13 22:00:00,-0.0224563618912458,-0.029264549
2014-12-13 23:00:00,0.1311540535730847,0.09588316
2014-12-14 00:00:00,0.2847644690374153,0.20615976
2014-12-14 01:00:00,1.0089278562264024,0.323546
2014-12-14 02:00:00,1.2283713068897315,0.97532845
2014-12-14 03:00:00,0.4822635746344118,1.2510896
2014-12-14 04:00:00,0.0762931909072524,0.15198079
2014-12-14 05:00:00,-0.1541224322892434,0.038661968
2014-12-14 06:00:00,-0.1102337421565775,-0.24232389
2014-12-14 07:00:00,-0.0553728794907452,-0.195494
2014-12-14 08:00:00,-0.3187050202867404,-0.13021435
2014-12-14 09:00:00,-0.2638441576209081,-0.42284566
2014-12-14 10:00:00,-0.2748163301540746,-0.42206073
2014-12-14 11:00:00,-0.4613432632179046,-0.43783972
2014-12-14 12:00:00,-0.516204125883737,-0.5912749
2014-12-14 13:00:00,-0.4503710906847381,-0.49323362
2014-12-14 14:00:00,-0.5600928160164028,-0.36905104
2014-12-14 15:00:00,-0.6149536786822352,-0.44232067
2014-12-14 16:00:00,-0.5491206434832363,-0.4745894
2014-12-14 17:00:00,-0.3516215378862399,-0.3849603
2014-12-14 18:00:00,0.1092097085067518,-0.13800654
2014-12-14 19:00:00,0.3176809866369147,0.34297395
2014-12-14 20:00:00,0.2518479514379159,0.46786615
2014-12-14 21:00:00,0.0982375359735853,0.30776107
2014-12-14 22:00:00,0.3505975042364141,0.16009216
2014-12-14 23:00:00,0.6578183351650753,0.40793458
2014-12-15 00:00:00,0.7346235428972405,0.702243
2014-12-15 01:00:00,1.7221190708822227,0.72475445
2014-12-15 02:00:00,2.095172937009883,1.6781795
2014-12-15 03:00:00,2.2487833524742133,2.1213906
2014-12-15 04:00:00,2.270727697540546,2.366161
2014-12-15 05:00:00,2.117117282076216,2.3993683
2014-12-15 06:00:00,1.8537851412802204,2.0300925
2014-12-15 07:00:00,-0.5820371610827357,1.7915258
2014-12-15 08:00:00,-0.8343971293455645,-0.68932796
2014-12-15 09:00:00,-0.9112023370777298,-1.0450842
2014-12-15 10:00:00,-0.966063199743562,-0.9873687
2014-12-15 11:00:00,-0.9989797173430616,-1.0635829
2014-12-15 12:00:00,-0.9880075448098952,-1.0832752
2014-12-15 13:00:00,-0.9989797173430616,-1.0781088
2014-12-15 14:00:00,-0.9770353722767288,-1.0660883
2014-12-15 15:00:00,-1.009951889876228,-1.0236579
2014-12-15 16:00:00,-0.9550910272103956,-1.011676
2014-12-15 17:00:00,-0.966063199743562,-0.9763629
2014-12-15 18:00:00,-0.9880075448098952,-0.965767
2014-12-15 19:00:00,-0.9989797173430616,-1.0020999
2014-12-15 20:00:00,-0.9002301645445634,-1.0132248
2014-12-15 21:00:00,-0.9880075448098952,-0.9653779
2014-12-15 22:00:00,-0.9770353722767288,-0.9950563
2014-12-15 23:00:00,-0.9770353722767288,-1.008497
2014-12-16 00:00:00,-1.0318962349425609,-1.0111822
2014-12-16 01:00:00,-1.0318962349425609,-1.0379639
2014-12-16 02:00:00,-1.0318962349425609,-1.0485948
2014-12-16 03:00:00,-1.0428684074757275,-1.0452938
2014-12-16 04:00:00,-0.9880075448098952,-1.0439274
2014-12-16 05:00:00,-0.9989797173430616,-1.0173899
2014-12-16 06:00:00,-0.9770353722767288,-1.011011
2014-12-16 07:00:00,-0.9770353722767288,-1.0003061
2014-12-16 08:00:00,-1.009951889876228,-1.0026712
2014-12-16 09:00:00,-0.966063199743562,-1.0238917
2014-12-16 10:00:00,-0.9331466821440628,-1.0141048
2014-12-16 11:00:00,-0.9770353722767288,-0.9913393
2014-12-16 12:00:00,-0.9989797173430616,-0.99920964
2014-12-16 13:00:00,-0.823424956812398,-1.0170138
2014-12-16 14:00:00,-0.845369301878731,-0.9318555
2014-12-16 15:00:00,-0.9550910272103956,-0.88391477
2014-12-16 16:00:00,-1.009951889876228,-0.9392803
2014-12-16 17:00:00,-0.9880075448098952,-0.99294066
2014-12-16 18:00:00,-0.9770353722767288,-0.98463833
2014-12-16 19:00:00,-0.966063199743562,-0.9677925
2014-12-16 20:00:00,-0.9441188546772292,-0.95434874
2014-12-16 21:00:00,-0.9441188546772292,-0.93471897
2014-12-16 22:00:00,-0.9880075448098952,-0.9363217
2014-12-16 23:00:00,-1.009951889876228,-0.97954494
2014-12-17 00:00:00,-0.9989797173430616,-0.9998357
2014-12-17 01:00:00,-0.9989797173430616,-0.9885119
2014-12-17 02:00:00,-1.009951889876228,-0.98064196
2014-12-17 03:00:00,-0.9112023370777298,-0.9690294
2014-12-17 04:00:00,-0.7685640941465657,-0.88949156
2014-12-17 05:00:00,-0.6259258512154017,-0.7870066
2014-12-17 06:00:00,-0.472315435751071,-0.6959591
2014-12-17 07:00:00,-0.3845380554857393,-0.5632899
2014-12-17 08:00:00,-0.2199554674882422,-0.49075508
2014-12-17 09:00:00,-0.1321780872229105,-0.3352348
2014-12-17 10:00:00,-0.0444007069575787,-0.24972896
2014-12-17 11:00:00,0.2299036063715829,-0.13362278
2014-12-17 12:00:00,0.5700409548997435,0.1849394
2014-12-17 13:00:00,0.7894844055630729,0.60934216
2014-12-17 14:00:00,0.3067088141037483,0.7326743
2014-12-17 15:00:00,-0.2528719850877416,-0.032141257
2014-12-17 16:00:00,-0.3845380554857393,-0.41605052
2014-12-17 17:00:00,-0.2309276400214087,-0.3386871
2014-12-17 18:00:00,-0.0773172245570781,-0.11506384
2014-12-17 19:00:00,0.0433766733077529,0.025306756
2014-12-17 20:00:00,1.118649581558067,0.0947939
2014-12-17 21:00:00,1.5904530004842252,1.335834
2014-12-17 22:00:00,1.3710095498208958,1.6533195
2014-12-17 23:00:00,0.8772617858284046,1.142891
2014-12-18 00:00:00,0.8772617858284046,0.6535985
2014-12-18 01:00:00,0.76754006049674,0.8181892
2014-12-18 02:00:00,0.6578183351650753,0.7001281
2014-12-18 03:00:00,0.5042079197007447,0.58866775
2014-12-18 04:00:00,0.2737922965042488,0.39854327
2014-12-18 05:00:00,0.3286531591700812,0.13273303
2014-12-18 06:00:00,0.4164305394354129,0.20397219
2014-12-18 07:00:00,0.5151800922339111,0.28936514
2014-12-18 08:00:00,0.3835140218359135,0.43173176
2014-12-18 09:00:00,0.39448619436908,0.28122145
2014-12-18 10:00:00,0.2628201239710824,0.3067721
2014-12-18 11:00:00,0.3835140218359135,0.1235122
2014-12-18 12:00:00,0.3505975042364141,0.28344935
2014-12-18 13:00:00,0.3615696767695806,0.2908765
2014-12-18 14:00:00,0.4603192295680788,0.38627374
2014-12-18 15:00:00,0.6907348527645747,0.60488206
2014-12-18 16:00:00,0.7236513703640741,0.85917383
2014-12-18 17:00:00,0.9760113386269028,0.8770913
2014-12-18 18:00:00,1.118649581558067,1.2058232
2014-12-18 19:00:00,1.4039260674203953,1.300526
2014-12-18 20:00:00,1.5355921378183928,1.5451117
2014-12-18 21:00:00,1.4807312751525603,1.6311588
2014-12-18 22:00:00,1.6672582082163905,1.6610326
2014-12-18 23:00:00,1.6892025532827233,1.8980738
2014-12-19 00:00:00,1.9086460039460529,1.8808705
2014-12-19 01:00:00,1.6782303807495569,1.9660077
2014-12-19 02:00:00,1.6233695180837246,1.4881157
2014-12-19 03:00:00,1.305176514621897,1.5247432
2014-12-19 04:00:00,1.0857330639585676,1.0871097
2014-12-19 05:00:00,1.0747608914254012,0.9446217
2014-12-19 06:00:00,1.1405939266243998,1.0413513
2014-12-19 07:00:00,-0.3735658829525728,1.1051518
2014-12-19 08:00:00,-0.8563414744118975,-0.78091776
2014-12-19 09:00:00,-0.8892579920113969,-0.8620109
2014-12-19 10:00:00,-0.9221745096108964,-0.9289984
2014-12-19 11:00:00,-0.9770353722767288,-0.97868526
2014-12-19 12:00:00,-0.9112023370777298,-1.0280294
2014-12-19 13:00:00,-0.9331466821440628,-0.9948343
2014-12-19 14:00:00,-0.9441188546772292,-0.97959375
2014-12-19 15:00:00,-0.966063199743562,-0.9672367
2014-12-19 16:00:00,-1.0209240624093945,-0.9678798
2014-12-19 17:00:00,-1.0209240624093945,-1.0090424
2014-12-19 18:00:00,-0.9331466821440628,-1.0220512
2014-12-19 19:00:00,-1.0209240624093945,-0.9727112
2014-12-19 20:00:00,-0.9880075448098952,-1.0045729
2014-12-19 21:00:00,-1.009951889876228,-0.99463665
2014-12-19 22:00:00,-0.966063199743562,-1.0062976
2014-12-19 23:00:00,-0.9770353722767288,-0.98973274
2014-12-20 00:00:00,-0.9989797173430616,-0.9896488
2014-12-20 01:00:00,-0.9441188546772292,-1.0032868
2014-12-20 02:00:00,-1.009951889876228,-0.9817234
2014-12-20 03:00:00,-0.966063199743562,-1.0049508
2014-12-20 04:00:00,-0.9770353722767288,-0.99607277
2014-12-20 05:00:00,-0.966063199743562,-0.99223757
2014-12-20 06:00:00,-0.9331466821440628,-0.98681587
2014-12-20 07:00:00,-0.966063199743562,-0.9623454
2014-12-20 08:00:00,-0.966063199743562,-0.9760814
2014-12-20 09:00:00,-0.966063199743562,-0.993217
2014-12-20 10:00:00,-0.966063199743562,-0.99476385
2014-12-20 11:00:00,-0.966063199743562,-1.0012099
2014-12-20 12:00:00,-0.966063199743562,-1.0018778
2014-12-20 13:00:00,-0.966063199743562,-0.9991944
2014-12-20 14:00:00,-0.966063199743562,-0.9958385
2014-12-20 15:00:00,-0.966063199743562,-0.9890066
2014-12-20 16:00:00,-0.966063199743562,-0.97993815
2014-12-20 17:00:00,-0.966063199743562,-0.9688971
2014-12-20 18:00:00,-0.9441188546772292,-0.9561981
2014-12-20 19:00:00,-0.9880075448098952,-0.9327449
2014-12-20 20:00:00,-1.0209240624093945,-0.9491785
2014-12-20 21:00:00,-1.009951889876228,-0.97966385
2014-12-20 22:00:00,-1.0318962349425609,-0.9894612
2014-12-20 23:00:00,-1.053840580008894,-1.0027837
2014-12-21 00:00:00,-1.053840580008894,-1.0214208
2014-12-21 01:00:00,-1.0209240624093945,-1.030776
2014-12-21 02:00:00,-1.0318962349425609,-1.0099907
2014-12-21 03:00:00,-1.009951889876228,-1.0028372
2014-12-21 04:00:00,-1.0209240624093945,-0.9904343
2014-12-21 05:00:00,-1.0318962349425609,-0.9846835
2014-12-21 06:00:00,-0.9989797173430616,-0.9859758
2014-12-21 07:00:00,-0.9989797173430616,-0.97032595
2014-12-21 08:00:00,-0.9989797173430616,-0.95963675
2014-12-21 09:00:00,-1.009951889876228,-0.9576637
2014-12-21 10:00:00,-0.9770353722767288,-0.9733355
2014-12-21 11:00:00,-0.9112023370777298,-0.96725225
2014-12-21 12:00:00,-0.867313646945064,-0.9119947
2014-12-21 13:00:00,-0.966063199743562,-0.8509464
2014-12-21 14:00:00,-0.8782858194782304,-0.8910227
2014-12-21 15:00:00,-0.9331466821440628,-0.845754
2014-12-21 16:00:00,-0.9550910272103956,-0.8527195
2014-12-21 17:00:00,-0.9441188546772292,-0.8565669
2014-12-21 18:00:00,-0.8782858194782304,-0.84107655
2014-12-21 19:00:00,-0.7466197490802328,-0.78116846
2014-12-21 20:00:00,-0.7356475765470664,-0.7837542
2014-12-21 21:00:00,-0.5930093336159022,-0.74465215
2014-12-21 22:00:00,-0.516204125883737,-0.5833407
2014-12-21 23:00:00,-0.3955102280189058,-0.5088812
2014-12-22 00:00:00,-0.516204125883737,-0.41514528
2014-12-22 01:00:00,-0.307732847753574,-0.5711212
2014-12-22 02:00:00,-0.1650946048224099,-0.37713844
2014-12-22 03:00:00,-0.0553728794907452,-0.1931289
2014-12-22 04:00:00,-0.0224563618912458,-0.07674054
2014-12-22 05:00:00,0.0543488458409194,-0.027593547
2014-12-22 06:00:00,0.186014916238917,0.1004376
2014-12-22 07:00:00,0.186014916238917,0.28114253
2014-12-22 08:00:00,0.2847644690374153,0.20294
2014-12-22 09:00:00,0.4932357471675782,0.25348204
2014-12-22 10:00:00,0.39448619436908,0.37858236
2014-12-22 11:00:00,-0.0553728794907452,0.16537793
2014-12-22 12:00:00,-0.2199554674882422,-0.19477609
2014-12-22 13:00:00,-0.5381484709500699,-0.223377
2014-12-22 14:00:00,-0.3625937104194063,-0.4882348
2014-12-22 15:00:00,-0.3187050202867404,-0.24982364
2014-12-22 16:00:00,-0.4064824005520722,-0.24714519
2014-12-22 17:00:00,-0.2199554674882422,-0.32501912
2014-12-22 18:00:00,-0.2748163301540746,-0.07094685
2014-12-22 19:00:00,-0.1431502597560769,-0.23000081
2014-12-22 20:00:00,0.0543488458409194,0.04169093
2014-12-22 21:00:00,0.2737922965042488,0.17251344
2014-12-22 22:00:00,0.1640705711725841,0.41394854
2014-12-22 23:00:00,0.2518479514379159,0.22397983
2014-12-23 00:00:00,0.4603192295680788,0.33965597
2014-12-23 01:00:00,0.8553174407620717,0.5376314
2014-12-23 02:00:00,0.6907348527645747,1.006807
2014-12-23 03:00:00,0.6797626802314082,0.65385896
2014-12-23 04:00:00,0.4932357471675782,0.64714193
2014-12-23 05:00:00,0.1530983986394176,0.31867915
2014-12-23 06:00:00,-0.1760667773555763,-0.07011829
2014-12-23 07:00:00,0.02143232824142,-0.30910492
2014-12-23 08:00:00,-0.1980111224219093,-0.05411311
2014-12-23 09:00:00,-0.1321780872229105,-0.27580154
2014-12-23 10:00:00,-0.1102337421565775,-0.18870862
2014-12-23 11:00:00,-0.1321780872229105,-0.22403805
2014-12-23 12:00:00,-0.0553728794907452,-0.2579218
2014-12-23 13:00:00,-0.2089832949550758,-0.19690299
2014-12-23 14:00:00,-0.121205914689744,-0.36238477
2014-12-23 15:00:00,-0.0553728794907452,-0.20746629
2014-12-23 16:00:00,-0.472315435751071,-0.19250989
2014-12-23 17:00:00,-0.4174545730852387,-0.5588784
2014-12-23 18:00:00,1.469759102619394,-0.28864065
2014-12-23 19:00:00,0.1969870887720835,1.4932219
2014-12-23 20:00:00,0.0872653634404188,-0.6130256
2014-12-23 21:00:00,-0.7356475765470664,0.021593815
2014-12-23 22:00:00,-0.867313646945064,-0.76204515
2014-12-23 23:00:00,-0.9441188546772292,-0.77070093
2014-12-24 00:00:00,-0.9550910272103956,-0.9119706
2014-12-24 01:00:00,-0.9989797173430616,-0.88766104
2014-12-24 02:00:00,-0.9880075448098952,-0.9617923
2014-12-24 03:00:00,-0.9770353722767288,-1.0250595
2014-12-24 04:00:00,-0.9989797173430616,-0.99191225
2014-12-24 05:00:00,-0.9331466821440628,-1.0285745
2014-12-24 06:00:00,-0.9550910272103956,-0.9874901
2014-12-24 07:00:00,-0.966063199743562,-1.0005511
2014-12-24 08:00:00,-0.9770353722767288,-1.0216143
2014-12-24 09:00:00,-0.9002301645445634,-1.0356121
2014-12-24 10:00:00,-0.9112023370777298,-1.0151272
2014-12-24 11:00:00,-0.9770353722767288,-1.0132117
2014-12-24 12:00:00,-0.966063199743562,-1.0425346
2014-12-24 13:00:00,-0.9441188546772292,-1.0152599
2014-12-24 14:00:00,-0.9441188546772292,-0.96993065
2014-12-24 15:00:00,-0.966063199743562,-0.9439444
2014-12-24 16:00:00,-0.9221745096108964,-0.9518858
2014-12-24 17:00:00,-0.9221745096108964,-0.92928845
2014-12-24 18:00:00,-0.966063199743562,-0.9167502
2014-12-24 19:00:00,-0.8782858194782304,-0.94774604
2014-12-24 20:00:00,-0.845369301878731,-0.9140702
2014-12-24 21:00:00,-0.9221745096108964,-0.88197035
2014-12-24 22:00:00,-0.9112023370777298,-0.9346607
2014-12-24 23:00:00,-0.9002301645445634,-0.94374955
2014-12-25 00:00:00,-0.8782858194782304,-0.93789184
2014-12-25 01:00:00,-0.8563414744118975,-0.92405486
2014-12-25 02:00:00,-0.8563414744118975,-0.9002705
2014-12-25 03:00:00,-0.9880075448098952,-0.8953924
2014-12-25 04:00:00,-0.9441188546772292,-0.9552177
2014-12-25 05:00:00,-0.9441188546772292,-0.96458423
2014-12-25 06:00:00,-0.9002301645445634,-0.950809
2014-12-25 07:00:00,-0.9550910272103956,-0.9190961
2014-12-25 08:00:00,-0.9002301645445634,-0.9738403
2014-12-25 09:00:00,-0.8014806117460651,-0.9790318
2014-12-25 10:00:00,-0.680786713881234,-0.9309722
2014-12-25 11:00:00,-0.823424956812398,-0.83669555
2014-12-25 12:00:00,-0.9221745096108964,-0.8589724
2014-12-25 13:00:00,-0.9221745096108964,-0.91455036
2014-12-25 14:00:00,-0.9989797173430616,-0.92360353
2014-12-25 15:00:00,-1.009951889876228,-0.9613005
2014-12-25 16:00:00,-0.9002301645445634,-0.99123985
2014-12-25 17:00:00,-0.7575919216133993,-0.8914053
2014-12-25 18:00:00,-0.680786713881234,-0.7175024
2014-12-25 19:00:00,-0.5600928160164028,-0.5995822
2014-12-25 20:00:00,-0.5271762984169034,-0.48957628
2014-12-25 21:00:00,-0.5491206434832363,-0.46386123
2014-12-25 22:00:00,-0.5381484709500699,-0.50354457
2014-12-25 23:00:00,-0.3406493653530734,-0.48169482
2014-12-26 00:00:00,-0.0773172245570781,-0.30368942
2014-12-26 01:00:00,-0.0663450520239117,-0.053997196
2014-12-26 02:00:00,0.5151800922339111,-0.12146315
2014-12-26 03:00:00,1.3819817223540622,0.463859
2014-12-26 04:00:00,0.8662896132952382,1.4577763
2014-12-26 05:00:00,0.58101312743291,0.6226966
2014-12-26 06:00:00,0.3615696767695806,0.56949145
2014-12-26 07:00:00,0.2957366415705817,0.30590355
2014-12-26 08:00:00,0.20795926130525,0.22470899
2014-12-26 09:00:00,0.1201818810399182,0.16307004
2014-12-26 10:00:00,0.1969870887720835,0.07900164
2014-12-26 11:00:00,0.1750427437057506,0.089313716
2014-12-26 12:00:00,0.3396253317032476,0.1489626
2014-12-26 13:00:00,0.5700409548997435,0.38254258
2014-12-26 14:00:00,0.6907348527645747,0.63386035
2014-12-26 15:00:00,0.7785122330299065,0.7811744
2014-12-26 16:00:00,1.0747608914254012,0.9142561
2014-12-26 17:00:00,1.469759102619394,1.2341197
2014-12-26 18:00:00,1.755035588481722,1.6769124
2014-12-26 19:00:00,1.8757294863465532,2.2624707
2014-12-26 20:00:00,1.5794808279510586,2.1272352
2014-12-26 21:00:00,1.5575364828847258,1.8061088
2014-12-26 22:00:00,1.2064269618233987,1.6373241
2014-12-26 23:00:00,1.0308722012927352,1.1292922
2014-12-27 00:00:00,0.6907348527645747,0.92880386
2014-12-27 01:00:00,1.0308722012927352,0.5145611
2014-12-27 02:00:00,0.95406699356057,0.99601305
2014-12-27 03:00:00,1.2722599970223976,0.8350181
2014-12-27 04:00:00,1.3710095498208958,1.2892281
2014-12-27 05:00:00,1.0857330639585676,1.3445858
2014-12-27 06:00:00,1.1735104442238993,0.94441557
2014-12-27 07:00:00,1.3929538948872286,1.1731069
2014-12-27 08:00:00,1.7440634159485555,1.3766247
2014-12-27 09:00:00,0.8992061308947376,1.7315998
2014-12-27 10:00:00,0.932122648494237,0.49199796
2014-12-27 11:00:00,0.9979556836932358,0.85390395
2014-12-27 12:00:00,1.0308722012927352,0.85260135
2014-12-27 13:00:00,1.0308722012927352,0.894848
2014-12-27 14:00:00,1.0089278562264024,1.0549737
2014-12-27 15:00:00,1.184482616757066,1.0534375
2014-12-27 16:00:00,1.3600373772877292,1.3317971
2014-12-27 17:00:00,1.634341690616891,1.5189693
2014-12-27 18:00:00,2.380449422872211,1.7987807
2014-12-27 19:00:00,2.501143320737042,2.481658
2014-12-27 20:00:00,2.731558943933538,2.5387206
2014-12-27 21:00:00,2.4901711482038755,2.7997162
2014-12-27 22:00:00,2.7205867714003715,2.5965173
2014-12-27 23:00:00,2.8851693593978687,2.9104743
2014-12-28 00:00:00,3.126557155127531,3.0125241
2014-12-28 01:00:00,3.2143345353928625,3.2469823
2014-12-28 02:00:00,3.1594736727270303,3.27719
2014-12-28 03:00:00,3.773915334584352,3.288985
2014-12-28 04:00:00,2.566976355936041,3.737277
2014-12-28 05:00:00,2.0183677292777173,1.9659553
2014-12-28 06:00:00,1.798924278614388,1.9347847
2014-12-28 07:00:00,1.3271208596882298,1.6658279
2014-12-28 08:00:00,0.6578183351650753,1.1978786
2014-12-28 09:00:00,0.6578183351650753,0.41524386
2014-12-28 10:00:00,-0.0882893970902446,0.53415173
2014-12-28 11:00:00,-0.4503710906847381,-0.32351315
2014-12-28 12:00:00,-0.3406493653530734,-0.49634862
2014-12-28 13:00:00,-0.5710649885495693,-0.50166094
2014-12-28 14:00:00,-0.7466197490802328,-0.68279696
2014-12-28 15:00:00,-0.7356475765470664,-0.7847557
2014-12-28 16:00:00,-0.6039815061490686,-0.74493337
2014-12-28 17:00:00,-0.6368980237485681,-0.6075157
2014-12-28 18:00:00,-0.6478701962817346,-0.6270931
2014-12-28 19:00:00,0.1092097085067518,-0.62435234
2014-12-28 20:00:00,0.8224009231625723,0.10198412
2014-12-28 21:00:00,2.117117282076216,0.9359416
2014-12-28 22:00:00,2.457254630604376,2.1127388
2014-12-28 23:00:00,2.643781563668206,2.4064982
2014-12-29 00:00:00,2.874197186864702,2.5416975
2014-12-29 01:00:00,2.983918912196367,2.7948234
2014-12-29 02:00:00,2.994891084729533,3.0111694
2014-12-29 03:00:00,2.983918912196367,3.1407278
2014-12-29 04:00:00,2.391421595405377,3.2249005
2014-12-29 05:00:00,0.9650391660937364,2.72836
2014-12-29 06:00:00,0.7785122330299065,0.93639123
2014-12-29 07:00:00,0.39448619436908,0.6720861
2014-12-29 08:00:00,0.2628201239710824,0.25474814
2014-12-29 09:00:00,0.4493470570349123,0.46768188
2014-12-29 10:00:00,0.3505975042364141,0.6198418
2014-12-29 11:00:00,0.3725418493027471,0.37554398
2014-12-29 12:00:00,-0.4832876082842375,0.4364068
2014-12-29 13:00:00,-0.5710649885495693,-0.7840591
2014-12-29 14:00:00,-0.8014806117460651,-0.62098074
2014-12-29 15:00:00,-0.7905084392128987,-0.8491633
2014-12-29 16:00:00,-0.8782858194782304,-0.79719245
2014-12-29 17:00:00,-0.8563414744118975,-0.8863378
2014-12-29 18:00:00,0.2189314338384165,-0.8662083
2014-12-29 19:00:00,0.0982375359735853,0.2497452
2014-12-29 20:00:00,0.1311540535730847,0.10253089
2014-12-29 21:00:00,0.3067088141037483,0.27171034
2014-12-29 22:00:00,0.7017070252977412,0.4085477
2014-12-29 23:00:00,0.6468461626319087,0.7416105
2014-12-30 00:00:00,0.9760113386269028,0.6776147
2014-12-30 01:00:00,-0.0334285344244122,1.1575781
2014-12-30 02:00:00,-0.2089832949550758,-0.40799457
2014-12-30 03:00:00,-0.7905084392128987,-0.26539904
2014-12-30 04:00:00,-0.823424956812398,-0.8189532
2014-12-30 05:00:00,-0.9989797173430616,-0.8487996
2014-12-30 06:00:00,-0.9989797173430616,-0.98291993
2014-12-30 07:00:00,-0.9550910272103956,-1.0177424
2014-12-30 08:00:00,-0.9112023370777298,-0.90314597
2014-12-30 09:00:00,-0.9221745096108964,-0.86943746
2014-12-30 10:00:00,-0.823424956812398,-0.9515996
2014-12-30 11:00:00,-0.5710649885495693,-0.9446585
2014-12-30 12:00:00,-0.5600928160164028,-0.68419844
2014-12-30 13:00:00,-0.2967606752204075,-0.6144747
2014-12-30 14:00:00,-0.3845380554857393,-0.3421262
2014-12-30 15:00:00,-0.494259780817404,-0.4162987
2014-12-30 16:00:00,-0.4393989181515716,-0.4851752
2014-12-30 17:00:00,-0.4064824005520722,-0.3630901
2014-12-30 18:00:00,-0.2309276400214087,-0.44199306
2014-12-30 19:00:00,-0.7137032314807333,-0.22342727
2014-12-30 20:00:00,-0.8124527842792316,-0.7481252
2014-12-30 21:00:00,-0.8782858194782304,-0.79421175
2014-12-30 22:00:00,-1.009951889876228,-0.8848561
2014-12-30 23:00:00,-0.9221745096108964,-1.0435996
2014-12-31 00:00:00,-0.9880075448098952,-0.99109435
2014-12-31 01:00:00,-0.9770353722767288,-1.0133455
2014-12-31 02:00:00,-0.8782858194782304,-1.0145457
2014-12-31 03:00:00,-0.9989797173430616,-0.9465487
2014-12-31 04:00:00,-1.009951889876228,-1.0131505
2014-12-31 05:00:00,-0.9989797173430616,-1.0414177
2014-12-31 06:00:00,-1.009951889876228,-1.0337198
2014-12-31 07:00:00,-1.009951889876228,-1.0393186
2014-12-31 08:00:00,-1.009951889876228,-1.0374051
2014-12-31 09:00:00,-1.009951889876228,-1.0377542
2014-12-31 10:00:00,-1.0209240624093945,-1.047183
2014-12-31 11:00:00,-0.966063199743562,-1.0571971
2014-12-31 12:00:00,-0.9112023370777298,-1.0290055
2014-12-31 13:00:00,-0.9770353722767288,-0.9857125
2014-12-31 14:00:00,-0.9989797173430616,-1.0138309
2014-12-31 15:00:00,-0.9770353722767288,-1.0362296
2014-12-31 16:00:00,-1.009951889876228,-1.014261
2014-12-31 17:00:00,-0.9989797173430616,-1.0010262
2014-12-31 18:00:00,-0.9880075448098952,-0.9878807
2014-12-31 19:00:00,-1.009951889876228,-0.9782584
2014-12-31 20:00:00,-0.9880075448098952,-1.0009463
2014-12-31 21:00:00,-0.9880075448098952,-0.9961076
2014-12-31 22:00:00,-1.009951889876228,-0.9938657
2014-12-31 23:00:00,-0.966063199743562,-1.007061
