,Originales,Predichos
2017-11-25 01:30:00,-1.35324,-1.158689
2017-11-25 01:40:00,-1.3456066,-1.1988444
2017-11-25 01:50:00,-1.3498474,-1.2287192
2017-11-25 02:00:00,-1.4007372,-1.2333452
2017-11-25 02:10:00,-1.4490825,-1.1821262
2017-11-25 02:20:00,-1.4482343,-1.0999898
2017-11-25 02:30:00,-1.4821609,-1.0059763
2017-11-25 02:40:00,-1.4838572,-0.90127164
2017-11-25 02:50:00,-1.4745274,-0.87469274
2017-11-25 03:00:00,-1.5008205,-0.8494706
2017-11-25 03:10:00,-1.5338988,-0.8159163
2017-11-25 03:20:00,-1.5322025,-0.7419747
2017-11-25 03:30:00,-1.5567993,-0.7209748
2017-11-25 03:40:00,-1.5542548,-0.6422314
2017-11-25 03:50:00,-1.5440768,-0.6041052
2017-11-25 04:00:00,-1.5517102,-0.8272759
2017-11-25 04:10:00,-1.5381397,-0.8573591
2017-11-25 04:20:00,-1.5567993,-0.86244494
2017-11-25 04:30:00,-1.5525584,-0.9199541
2017-11-25 04:40:00,-1.5483177,-1.0771842
2017-11-25 04:50:00,-1.5567993,-1.2128246
2017-11-25 05:00:00,-1.5542548,-1.3023351
2017-11-25 05:10:00,-1.5067576,-1.3553464
2017-11-25 05:20:00,-1.4660457,-1.389668
2017-11-25 05:30:00,-1.3574809,-1.4270476
2017-11-25 05:40:00,-1.3676589,-1.4271376
2017-11-25 05:50:00,-1.3990408,-1.4149448
2017-11-25 06:00:00,-1.4380563,-1.4118538
2017-11-25 06:10:00,-1.4533234,-1.3853197
2017-11-25 06:20:00,-1.493187,-1.3718052
2017-11-25 06:30:00,-1.5746107,-1.349615
2017-11-25 06:40:00,-1.6992908,-1.3213958
2017-11-25 06:50:00,-1.8451748,-1.2970454
2017-11-25 07:00:00,-1.8129447,-1.2895429
2017-11-25 07:10:00,-1.7612066,-1.2376232
2017-11-25 07:20:00,-1.7230393,-1.203233
2017-11-25 07:30:00,-1.7221911,-1.1556268
2017-11-25 07:40:00,-1.6874164,-1.082446
2017-11-25 07:50:00,-1.674694,-1.004991
2017-11-25 08:00:00,-1.571218,-1.0069747
2017-11-25 08:10:00,-1.4796164,-0.8937542
2017-11-25 08:20:00,-1.3422139,-0.82466245
2017-11-25 08:30:00,-1.2412825,-0.7624758
2017-11-25 08:40:00,-1.218382,-0.65674543
2017-11-25 08:50:00,-1.1395029,-0.5464209
2017-11-25 09:00:00,-1.0614718,-0.5083886
2017-11-25 09:10:00,-1.0046449,-0.4099002
2017-11-25 09:20:00,-0.9384881,-0.33140612
2017-11-25 09:30:00,-0.8570644,-0.29736412
2017-11-25 09:40:00,-0.7493477,-0.21024702
2017-11-25 09:50:00,-0.6908244,-0.07294837
2017-11-25 10:00:00,-0.65011257,-0.051078454
2017-11-25 10:10:00,-0.61533785,0.029835694
2017-11-25 10:20:00,-0.56020725,0.17172736
2017-11-25 10:30:00,-0.5084693,0.14956442
2017-11-25 10:40:00,-0.4736946,0.26179153
2017-11-25 10:50:00,-0.48641703,0.3072629
2017-11-25 11:00:00,-0.42619744,0.2864843
2017-11-25 11:10:00,-0.3625852,0.27271724
2017-11-25 11:20:00,-0.3693705,0.26350528
2017-11-25 11:30:00,-0.3456219,0.2522565
2017-11-25 11:40:00,-0.2811615,0.23890115
2017-11-25 11:50:00,-0.31763253,0.2581749
2017-11-25 12:00:00,-0.3227215,0.3332346
2017-11-25 12:10:00,-0.34307742,0.40037102
2017-11-25 12:20:00,-0.34477374,0.49224728
2017-11-25 12:30:00,-0.3320513,0.57888484
2017-11-25 12:40:00,-0.33629212,0.61589724
2017-11-25 12:50:00,-0.32865864,0.61872417
2017-11-25 13:00:00,-0.27013537,0.60591274
2017-11-25 13:10:00,-0.28709865,0.5745633
2017-11-25 13:20:00,-0.2574129,0.5657904
2017-11-25 13:30:00,-0.22857536,0.5300322
2017-11-25 13:40:00,-0.22857536,0.5038354
2017-11-25 13:50:00,-0.27946517,0.50491554
2017-11-25 14:00:00,-0.2506276,0.5018186
2017-11-25 14:10:00,-0.24214597,0.41003108
2017-11-25 14:20:00,-0.23960148,0.27452016
2017-11-25 14:30:00,-0.24129781,0.16445339
2017-11-25 14:40:00,-0.29049128,0.18138686
2017-11-25 14:50:00,-0.35410354,0.12503427
2017-11-25 15:00:00,-0.41262683,0.03914074
2017-11-25 15:10:00,-0.366826,-0.029744133
2017-11-25 15:20:00,-0.3736113,-0.056502454
2017-11-25 15:30:00,-0.44231254,-0.10516341
2017-11-25 15:40:00,-0.4177158,-0.12010211
2017-11-25 15:50:00,-0.40244886,-0.13335888
2017-11-25 16:00:00,-0.4431607,-0.12797454
2017-11-25 16:10:00,-0.5127101,-0.13042255
2017-11-25 16:20:00,-0.46351662,-0.11658619
2017-11-25 16:30:00,-0.38633376,-0.1098557
2017-11-25 16:40:00,-0.2811615,-0.097081706
2017-11-25 16:50:00,-0.23960148,-0.079153225
2017-11-25 17:00:00,-0.20397863,-0.07830027
2017-11-25 17:10:00,-0.013141857,-0.071363896
2017-11-25 17:20:00,0.37616515,-0.06641327
2017-11-25 17:30:00,0.64418477,-0.07201053
2017-11-25 17:40:00,0.7154305,-0.06401807
2017-11-25 17:50:00,0.72136766,-0.031839117
2017-11-25 18:00:00,0.72306395,-0.046940118
2017-11-25 18:10:00,0.7663203,0.002221249
2017-11-25 18:20:00,0.7366346,0.073953584
2017-11-25 18:30:00,0.7374827,0.21987711
2017-11-25 18:40:00,0.7196713,0.48897338
2017-11-25 18:50:00,0.7205195,0.91763747
2017-11-25 19:00:00,0.72815293,1.0699915
2017-11-25 19:10:00,0.72645664,1.209412
2017-11-25 19:20:00,0.71288604,1.2436602
2017-11-25 19:30:00,0.7061007,1.2812042
2017-11-25 19:40:00,0.6653889,1.2827394
2017-11-25 19:50:00,0.65351456,1.3159148
2017-11-25 20:00:00,0.64079213,1.3058789
2017-11-25 20:10:00,0.63061416,1.327813
2017-11-25 20:20:00,0.6111064,1.3361768
2017-11-25 20:30:00,0.6043211,1.3207781
2017-11-25 20:40:00,0.5746354,1.2569813
2017-11-25 20:50:00,0.51696026,1.1673775
2017-11-25 21:00:00,0.4838819,0.9949475
2017-11-25 21:10:00,0.46691862,0.7613931
2017-11-25 21:20:00,0.42451045,0.73114175
2017-11-25 21:30:00,0.39312842,0.646499
2017-11-25 21:40:00,0.30237493,0.421448
2017-11-25 21:50:00,0.29304513,0.17172685
2017-11-25 22:00:00,0.28371534,0.073904656
2017-11-25 22:10:00,0.22264756,-0.049409725
2017-11-25 22:20:00,0.16666879,-0.15832716
2017-11-25 22:30:00,0.085245095,-0.18019134
2017-11-25 22:40:00,0.05640754,-0.12226285
2017-11-25 22:50:00,-0.05894268,-0.009693399
2017-11-25 23:00:00,-0.15308882,-0.035170674
2017-11-25 23:10:00,-0.2599574,-0.5576519
2017-11-25 23:20:00,-0.34053293,1.1846404
2017-11-25 23:30:00,-0.48896152,0.9091026
2017-11-25 23:40:00,-0.56868887,0.31447768
2017-11-25 23:50:00,-0.65011257,-0.41494066
2017-11-26 00:00:00,-0.74171424,-0.02299948
2017-11-26 00:10:00,-0.8570644,-0.39131296
2017-11-26 00:20:00,-0.94103265,-0.58778304
2017-11-26 00:30:00,-1.0368751,-0.7986379
2017-11-26 00:40:00,-1.0580791,-0.97501105
2017-11-26 00:50:00,-1.1182988,-1.0736296
2017-11-26 01:00:00,-1.1411992,-1.1441662
2017-11-26 01:10:00,-1.181911,-1.118663
2017-11-26 01:20:00,-1.1793666,-1.1453127
2017-11-26 01:30:00,-1.2277118,-1.1679274
2017-11-26 01:40:00,-1.3091356,-1.1820467
2017-11-26 01:50:00,-1.3625698,-1.1932346
2017-11-26 02:00:00,-1.389711,-1.2228154
2017-11-26 02:10:00,-1.4075224,-1.2236615
2017-11-26 02:20:00,-1.4389045,-1.2148683
2017-11-26 02:30:00,-1.4643494,-1.2070405
2017-11-26 02:40:00,-1.4592605,-1.1471223
2017-11-26 02:50:00,-1.4677421,-1.069189
2017-11-26 03:00:00,-1.4745274,-1.0906061
2017-11-26 03:10:00,-1.4736792,-1.0593543
2017-11-26 03:20:00,-1.4991242,-1.0596073
2017-11-26 03:30:00,-1.5042131,-1.0095948
2017-11-26 03:40:00,-1.5126947,-1.0139095
2017-11-26 03:50:00,-1.5517102,-1.0136124
2017-11-26 04:00:00,-1.5559511,-0.9510421
2017-11-26 04:10:00,-1.5500139,-0.93959194
2017-11-26 04:20:00,-1.5491657,-0.94172734
2017-11-26 04:30:00,-1.5457731,-1.0213065
2017-11-26 04:40:00,-1.5542548,-1.1414101
2017-11-26 04:50:00,-1.5593437,-1.2493486
2017-11-26 05:00:00,-1.5355952,-1.3319762
2017-11-26 05:10:00,-1.5177838,-1.3855218
2017-11-26 05:20:00,-1.5186319,-1.4036473
2017-11-26 05:30:00,-1.4024335,-1.4335194
2017-11-26 05:40:00,-1.4058262,-1.4307084
2017-11-26 05:50:00,-1.4397527,-1.425691
2017-11-26 06:00:00,-1.4940351,-1.4190915
2017-11-26 06:10:00,-1.4821609,-1.4005147
2017-11-26 06:20:00,-1.5016686,-1.3878204
2017-11-26 06:30:00,-1.6102335,-1.3757933
2017-11-26 06:40:00,-1.7908924,-1.3605106
2017-11-26 06:50:00,-1.9070908,-1.3541466
2017-11-26 07:00:00,-1.9469544,-1.3399704
2017-11-26 07:10:00,-1.9384727,-1.3043767
2017-11-26 07:20:00,-1.924054,-1.2610914
2017-11-26 07:30:00,-1.8655307,-1.2179283
2017-11-26 07:40:00,-1.8324523,-1.1548433
2017-11-26 07:50:00,-1.815489,-1.1053118
2017-11-26 08:00:00,-1.7510287,-1.0668371
2017-11-26 08:10:00,-1.7094686,-0.9506164
2017-11-26 08:20:00,-1.6984426,-0.8695932
2017-11-26 08:30:00,-1.633134,-0.80270016
2017-11-26 08:40:00,-1.5389879,-0.69782907
2017-11-26 08:50:00,-1.4431454,-0.5780613
2017-11-26 09:00:00,-1.3914074,-0.54108876
2017-11-26 09:10:00,-1.3099837,-0.43283308
2017-11-26 09:20:00,-1.2514604,-0.35373038
2017-11-26 09:30:00,-1.1691886,-0.31591725
2017-11-26 09:40:00,-1.057231,-0.21740617
2017-11-26 09:50:00,-1.0182155,-0.08944245
2017-11-26 10:00:00,-0.95036244,-0.07423951
2017-11-26 10:10:00,-0.8630016,-0.006693825
2017-11-26 10:20:00,-0.7934522,0.1413243
2017-11-26 10:30:00,-0.78242606,0.12182948
2017-11-26 10:40:00,-0.6908244,0.21717373
2017-11-26 10:50:00,-0.6255158,0.30018508
2017-11-26 11:00:00,-0.6289085,0.2878313
2017-11-26 11:10:00,-0.5610554,0.29307246
2017-11-26 11:20:00,-0.49574682,0.2551054
2017-11-26 11:30:00,-0.50168395,0.22613211
2017-11-26 11:40:00,-0.5118619,0.21964894
2017-11-26 11:50:00,-0.4940505,0.24867435
2017-11-26 12:00:00,-0.4762391,0.28026313
2017-11-26 12:10:00,-0.4592758,0.33833528
2017-11-26 12:20:00,-0.44485703,0.37225497
2017-11-26 12:30:00,-0.42450112,0.40862942
2017-11-26 12:40:00,-0.3642815,0.4234097
2017-11-26 12:50:00,-0.29049128,0.4403947
2017-11-26 13:00:00,-0.25910923,0.456379
2017-11-26 13:10:00,-0.30575824,0.46660364
2017-11-26 13:20:00,-0.32696232,0.4747579
2017-11-26 13:30:00,-0.29303578,0.47301173
2017-11-26 13:40:00,-0.28370598,0.5182912
2017-11-26 13:50:00,-0.32017702,0.52672887
2017-11-26 14:00:00,-0.25826108,0.51405245
2017-11-26 14:10:00,-0.27776885,0.45643556
2017-11-26 14:20:00,-0.36088884,0.58140767
2017-11-26 14:30:00,-0.38887826,0.53148645
2017-11-26 14:40:00,-0.40414518,0.53542304
2017-11-26 14:50:00,-0.4592758,0.5208526
2017-11-26 15:00:00,-0.49320233,0.46320146
2017-11-26 15:10:00,-0.49489868,0.42733252
2017-11-26 15:20:00,-0.5211917,0.44620413
2017-11-26 15:30:00,-0.5763224,0.34362054
2017-11-26 15:40:00,-0.5805632,0.28116524
2017-11-26 15:50:00,-0.5254325,0.18568602
2017-11-26 16:00:00,-0.5177991,0.13773705
2017-11-26 16:10:00,-0.5356105,0.100379914
2017-11-26 16:20:00,-0.5890448,0.058604583
2017-11-26 16:30:00,-0.5669926,0.0035088584
2017-11-26 16:40:00,-0.4898097,-0.030479796
2017-11-26 16:50:00,-0.42110845,-0.051668227
2017-11-26 17:00:00,-0.29897293,-0.052834652
2017-11-26 17:10:00,-0.10983249,-0.067865476
2017-11-26 17:20:00,0.32951614,-0.0797268
2017-11-26 17:30:00,0.57293904,-0.08145286
2017-11-26 17:40:00,0.67980766,-0.07365513
2017-11-26 17:50:00,0.7332419,-0.068814516
2017-11-26 18:00:00,0.77225745,-0.058518335
2017-11-26 18:10:00,0.7603832,-0.019840851
2017-11-26 18:20:00,0.77649826,0.05632779
2017-11-26 18:30:00,0.7476607,0.18658344
2017-11-26 18:40:00,0.7205195,0.42743534
2017-11-26 18:50:00,0.72815293,0.7321618
2017-11-26 19:00:00,0.7739538,0.98458517
2017-11-26 19:10:00,0.7824354,1.0963782
2017-11-26 19:20:00,0.76716846,1.1024574
2017-11-26 19:30:00,0.7739538,1.1587768
2017-11-26 19:40:00,0.79091704,1.2037001
2017-11-26 19:50:00,0.79346156,1.2464668
2017-11-26 20:00:00,0.7637758,1.2459636
2017-11-26 20:10:00,0.7383309,1.263777
2017-11-26 20:20:00,0.69422644,1.2763245
2017-11-26 20:30:00,0.6645407,1.2792679
2017-11-26 20:40:00,0.6484256,1.2166997
2017-11-26 20:50:00,0.59838396,1.1383234
2017-11-26 21:00:00,0.5339235,1.0037885
2017-11-26 21:10:00,0.4932117,0.7605961
2017-11-26 21:20:00,0.46691862,0.74682987
2017-11-26 21:30:00,0.41178802,0.68978715
2017-11-26 21:40:00,0.36937985,0.5676649
2017-11-26 21:50:00,0.33206064,0.41962922
2017-11-26 22:00:00,0.26675206,0.26212633
2017-11-26 22:10:00,0.21671042,0.09706201
2017-11-26 22:20:00,0.14207205,-0.03664154
2017-11-26 22:30:00,0.019936515,-0.11935477
2017-11-26 22:40:00,-0.08099493,-0.13758479
2017-11-26 22:50:00,-0.1742929,-0.04942152
2017-11-26 23:00:00,-0.26335007,-0.17266612
2017-11-26 23:10:00,-0.34986272,-0.562507
2017-11-26 23:20:00,-0.44061622,0.0012081191
2017-11-26 23:30:00,-0.548333,0.5529862
2017-11-26 23:40:00,-0.6797983,-0.1622785
2017-11-26 23:50:00,-0.75952566,-0.81580436
2017-11-27 00:00:00,-0.8350122,-0.8668981
2017-11-27 00:10:00,-0.89183915,-0.92920125
2017-11-27 00:20:00,-0.92915833,-0.9539061
2017-11-27 00:30:00,-1.0300897,-1.0464349
2017-11-27 00:40:00,-1.0614718,-1.1052709
2017-11-27 00:50:00,-1.1149061,-1.1379321
2017-11-27 01:00:00,-1.1759739,-1.1578103
2017-11-27 01:10:00,-1.217534,-1.1564198
2017-11-27 01:20:00,-1.2251674,-1.1726109
2017-11-27 01:30:00,-1.2557012,-1.1547717
2017-11-27 01:40:00,-1.2709682,-1.1453367
2017-11-27 01:50:00,-1.3125281,-1.1507504
2017-11-27 02:00:00,-1.3405176,-1.1547046
2017-11-27 02:10:00,-1.3922555,-1.1317722
2017-11-27 02:20:00,-1.4329674,-1.1251295
2017-11-27 02:30:00,-1.456716,-1.1151209
2017-11-27 02:40:00,-1.4711348,-1.1072642
2017-11-27 02:50:00,-1.4872499,-1.1168565
2017-11-27 03:00:00,-1.5050613,-1.1287535
2017-11-27 03:10:00,-1.5322025,-1.1331334
2017-11-27 03:20:00,-1.5737625,-1.1447017
2017-11-27 03:30:00,-1.5881813,-1.134833
2017-11-27 03:40:00,-1.5567993,-1.1052707
2017-11-27 03:50:00,-1.5517102,-1.0940765
2017-11-27 04:00:00,-1.555103,-0.99032205
2017-11-27 04:10:00,-1.5440768,-0.9580093
2017-11-27 04:20:00,-1.5432286,-0.90531087
2017-11-27 04:30:00,-1.5254172,-1.0460739
2017-11-27 04:40:00,-1.4965796,-1.1744075
2017-11-27 04:50:00,-1.4855535,-1.2533464
2017-11-27 05:00:00,-1.4601086,-1.3301494
2017-11-27 05:10:00,-1.4592605,-1.3773824
2017-11-27 05:20:00,-1.4312711,-1.4055485
2017-11-27 05:30:00,-1.3311877,-1.4256357
2017-11-27 05:40:00,-1.3260988,-1.4267085
2017-11-27 05:50:00,-1.3820776,-1.4241656
2017-11-27 06:00:00,-1.373596,-1.41763
2017-11-27 06:10:00,-1.3651143,-1.3985282
2017-11-27 06:20:00,-1.3846221,-1.3865883
2017-11-27 06:30:00,-1.4185486,-1.3724387
2017-11-27 06:40:00,-1.5101503,-1.3572658
2017-11-27 06:50:00,-1.5703698,-1.3508899
2017-11-27 07:00:00,-1.4787682,-1.33927
2017-11-27 07:10:00,-1.4177004,-1.3047357
2017-11-27 07:20:00,-1.3744441,-1.2662882
2017-11-27 07:30:00,-1.3176172,-1.2285312
2017-11-27 07:40:00,-1.2726645,-1.1633912
2017-11-27 07:50:00,-1.2667273,-1.1116302
2017-11-27 08:00:00,-1.2031151,-1.0758805
2017-11-27 08:10:00,-1.0835241,-0.96423715
2017-11-27 08:20:00,-0.9800481,-0.88460016
2017-11-27 08:30:00,-1.0758905,-0.8101692
2017-11-27 08:40:00,-0.875724,-0.6928801
2017-11-27 08:50:00,-0.83840483,-0.57472825
2017-11-27 09:00:00,-0.74171424,-0.5284388
2017-11-27 09:10:00,-0.89183915,-0.4141181
2017-11-27 09:20:00,-1.2209265,-0.33028382
2017-11-27 09:30:00,-1.2107486,-0.29257792
2017-11-27 09:40:00,-1.1683404,-0.19235136
2017-11-27 09:50:00,-1.0903094,-0.054583758
2017-11-27 10:00:00,-1.0504457,-0.029188901
2017-11-27 10:10:00,-0.927462,0.038895607
2017-11-27 10:20:00,-0.82737875,0.16589868
2017-11-27 10:30:00,-0.7764889,0.14043804
2017-11-27 10:40:00,-0.7400179,0.2159927
2017-11-27 10:50:00,-0.6670758,0.27422327
2017-11-27 11:00:00,-0.63230115,0.278683
2017-11-27 11:10:00,-0.60091907,0.2941683
2017-11-27 11:20:00,-0.6127934,0.3063197
2017-11-27 11:30:00,-0.59667826,0.2929508
2017-11-27 11:40:00,-0.59074116,0.286763
2017-11-27 11:50:00,-0.60091907,0.27684173
2017-11-27 12:00:00,-0.6297566,0.3059721
2017-11-27 12:10:00,-0.5805632,0.32087427
2017-11-27 12:20:00,-0.5585109,0.3167312
2017-11-27 12:30:00,-0.543244,0.28583047
2017-11-27 12:40:00,-0.50168395,0.30605358
2017-11-27 12:50:00,-0.4618203,0.2990642
2017-11-27 13:00:00,-0.46012396,0.31761456
2017-11-27 13:10:00,-0.4431607,0.19539188
2017-11-27 13:20:00,-0.46012396,-0.05699773
2017-11-27 13:30:00,-0.5127101,-0.20033403
2017-11-27 13:40:00,-0.54154766,-0.1919605
2017-11-27 13:50:00,-0.5729297,-0.23677672
2017-11-27 14:00:00,-0.54578847,-0.16816196
2017-11-27 14:10:00,-0.5152546,-0.2194012
2017-11-27 14:20:00,-0.54154766,-0.11109646
2017-11-27 14:30:00,-0.63739014,-0.080769464
2017-11-27 14:40:00,-0.61109704,-0.05312065
2017-11-27 14:50:00,-0.6034636,-0.022281088
2017-11-27 15:00:00,-0.61448973,0.068068855
2017-11-27 15:10:00,-0.43891987,0.08006898
2017-11-27 15:20:00,-0.38124478,0.08486006
2017-11-27 15:30:00,-0.43213457,0.11678122
2017-11-27 15:40:00,-0.41008234,0.08330187
2017-11-27 15:50:00,-0.44740152,0.03372369
2017-11-27 16:00:00,-0.43807173,0.029254325
2017-11-27 16:10:00,-0.32865864,0.038087413
2017-11-27 16:20:00,-0.27013537,0.047903955
2017-11-27 16:30:00,-0.20821944,0.0474052
2017-11-27 16:40:00,-0.11576963,0.043701965
2017-11-27 16:50:00,-0.05130921,0.024795562
2017-11-27 17:00:00,0.09881571,0.030127756
2017-11-27 17:10:00,0.34563127,0.012393046
2017-11-27 17:20:00,0.74511623,-0.00607346
2017-11-27 17:30:00,0.99871707,-0.01184497
2017-11-27 17:40:00,1.0436697,-0.014325492
2017-11-27 17:50:00,1.1038893,-0.014280409
2017-11-27 18:00:00,1.0623293,-0.039873496
2017-11-27 18:10:00,1.0606331,0.0018646866
2017-11-27 18:20:00,1.045366,0.06088823
2017-11-27 18:30:00,1.0368844,0.20105152
2017-11-27 18:40:00,1.0241619,0.5274528
2017-11-27 18:50:00,1.0317955,0.88073796
2017-11-27 19:00:00,0.987691,1.0502068
2017-11-27 19:10:00,0.96903133,1.1434268
2017-11-27 19:20:00,0.94443464,1.0794442
2017-11-27 19:30:00,0.8799742,1.0192692
2017-11-27 19:40:00,0.8647073,0.85364485
2017-11-27 19:50:00,0.87658155,0.78899235
2017-11-27 20:00:00,0.8239954,0.63852215
2017-11-27 20:10:00,0.86301094,0.46256328
2017-11-27 20:20:00,0.8358697,0.45114863
2017-11-27 20:30:00,0.80872846,0.49744874
2017-11-27 20:40:00,0.8104248,0.6065554
2017-11-27 20:50:00,0.7866762,0.6750847
2017-11-27 21:00:00,0.7239121,0.6962767
2017-11-27 21:10:00,0.65436274,0.6502765
2017-11-27 21:20:00,0.56700194,0.69130975
2017-11-27 21:30:00,0.49575618,0.6233974
2017-11-27 21:40:00,0.44741088,0.41921937
2017-11-27 21:50:00,0.3583537,0.31531006
2017-11-27 22:00:00,0.26929656,0.1831724
2017-11-27 22:10:00,0.22349574,0.052595597
2017-11-27 22:20:00,0.13698307,-0.0655736
2017-11-27 22:30:00,0.03350713,-0.17175585
2017-11-27 22:40:00,-0.021623492,-0.1660157
2017-11-27 22:50:00,-0.15139249,-0.094434366
2017-11-27 23:00:00,-0.25232393,-0.29592615
2017-11-27 23:10:00,-0.3574962,-0.868203
2017-11-27 23:20:00,-0.4736946,-0.88501453
2017-11-27 23:30:00,-0.5491811,-0.959706
2017-11-27 23:40:00,-0.6077044,-1.0295717
2017-11-27 23:50:00,-0.7077877,-1.0402715
2017-11-28 00:00:00,-0.8231379,-1.0558596
2017-11-28 00:10:00,-0.8723314,-1.0431365
2017-11-28 00:20:00,-0.9715665,-1.056757
2017-11-28 00:30:00,-1.0292416,-1.0534177
2017-11-28 00:40:00,-1.0903094,-1.0715525
2017-11-28 00:50:00,-1.1259322,-1.09126
2017-11-28 01:00:00,-1.1751257,-1.1077968
2017-11-28 01:10:00,-1.2132931,-1.1422577
2017-11-28 01:20:00,-1.2811462,-1.2042955
2017-11-28 01:30:00,-1.3354286,-1.2289115
2017-11-28 01:40:00,-1.358329,-1.2455406
2017-11-28 01:50:00,-1.3761405,-1.254214
2017-11-28 02:00:00,-1.399889,-1.2536418
2017-11-28 02:10:00,-1.4168522,-1.2473037
2017-11-28 02:20:00,-1.4329674,-1.2562673
2017-11-28 02:30:00,-1.4770719,-1.2366486
2017-11-28 02:40:00,-1.5008205,-1.2279586
2017-11-28 02:50:00,-1.5135429,-1.2283357
2017-11-28 03:00:00,-1.5423805,-1.2182647
2017-11-28 03:10:00,-1.5847887,-1.1855747
2017-11-28 03:20:00,-1.5703698,-1.1753759
2017-11-28 03:30:00,-1.5703698,-1.1621305
2017-11-28 03:40:00,-1.5695217,-1.1249394
2017-11-28 03:50:00,-1.5669773,-1.1070836
2017-11-28 04:00:00,-1.581396,-1.0634949
2017-11-28 04:10:00,-1.5958147,-1.0190022
2017-11-28 04:20:00,-1.6102335,-0.97519463
2017-11-28 04:30:00,-1.5941185,-1.0938592
2017-11-28 04:40:00,-1.5618882,-1.1799768
2017-11-28 04:50:00,-1.5457731,-1.2346878
2017-11-28 05:00:00,-1.5033649,-1.2987338
2017-11-28 05:10:00,-1.5008205,-1.357216
2017-11-28 05:20:00,-1.4762237,-1.3873625
2017-11-28 05:30:00,-1.3718996,-1.4256198
2017-11-28 05:40:00,-1.3286433,-1.4266415
2017-11-28 05:50:00,-1.3829257,-1.4182059
2017-11-28 06:00:00,-1.3778368,-1.4122093
2017-11-28 06:10:00,-1.3405176,-1.3953
2017-11-28 06:20:00,-1.3557845,-1.3880458
2017-11-28 06:30:00,-1.4168522,-1.3727703
2017-11-28 06:40:00,-1.4770719,-1.3565042
2017-11-28 06:50:00,-1.5355952,-1.351817
2017-11-28 07:00:00,-1.4389045,-1.3390677
2017-11-28 07:10:00,-1.4007372,-1.2964404
2017-11-28 07:20:00,-1.3388213,-1.2570335
2017-11-28 07:30:00,-1.2879314,-1.225895
2017-11-28 07:40:00,-1.2828425,-1.1678109
2017-11-28 07:50:00,-1.2836907,-1.1041707
2017-11-28 08:00:00,-1.2039633,-1.0592673
2017-11-28 08:10:00,-1.088613,-0.9274495
2017-11-28 08:20:00,-1.0504457,-0.8259362
2017-11-28 08:30:00,-0.9953151,-0.74763465
2017-11-28 08:40:00,-0.9401845,-0.6345976
2017-11-28 08:50:00,-0.84688646,-0.5240443
2017-11-28 09:00:00,-0.7900595,-0.47854418
2017-11-28 09:10:00,-0.7484995,-0.38697356
2017-11-28 09:20:00,-0.7756407,-0.31564528
2017-11-28 09:30:00,-0.6882799,-0.28395325
2017-11-28 09:40:00,-0.58310765,-0.1840124
2017-11-28 09:50:00,-0.51016563,-0.052266374
2017-11-28 10:00:00,-0.48811337,-0.025687233
2017-11-28 10:10:00,-0.4524905,0.05614797
2017-11-28 10:20:00,-0.42280477,0.19238019
2017-11-28 10:30:00,-0.31763253,0.16469172
2017-11-28 10:40:00,-0.32017702,0.23420471
2017-11-28 10:50:00,-0.278617,0.2655539
2017-11-28 11:00:00,-0.237057,0.270678
2017-11-28 11:10:00,-0.21330842,0.28340754
2017-11-28 11:20:00,-0.17768556,0.30935615
2017-11-28 11:30:00,-0.14121453,0.29401976
2017-11-28 11:40:00,-0.099654526,0.2759118
2017-11-28 11:50:00,-0.12001044,0.25432462
2017-11-28 12:00:00,-0.13612555,0.30152732
2017-11-28 12:10:00,-0.06827248,0.29618475
2017-11-28 12:20:00,-0.08353942,0.28349927
2017-11-28 12:30:00,-0.0979582,0.28143936
2017-11-28 12:40:00,-0.044523902,0.31438804
2017-11-28 12:50:00,0.025025496,0.35504526
2017-11-28 13:00:00,0.04877407,0.42973077
2017-11-28 13:10:00,0.041988764,0.4360469
2017-11-28 13:20:00,0.013151208,0.42020833
2017-11-28 13:30:00,-0.037738595,0.35646248
2017-11-28 13:40:00,-0.13103656,0.33426303
2017-11-28 13:50:00,-0.21076393,0.3763929
2017-11-28 14:00:00,-0.22009373,0.38501585
2017-11-28 14:10:00,-0.22942352,0.3015709
2017-11-28 14:20:00,-0.24723496,0.23950104
2017-11-28 14:30:00,-0.25147578,0.21408139
2017-11-28 14:40:00,-0.24808311,0.16110893
2017-11-28 14:50:00,-0.23620883,0.07177891
2017-11-28 15:00:00,-0.21415658,0.060855757
2017-11-28 15:10:00,-0.1675076,-0.0116862655
2017-11-28 15:20:00,-0.19380066,-0.12263079
2017-11-28 15:30:00,-0.20058598,-0.24008657
2017-11-28 15:40:00,-0.2065231,-0.29143047
2017-11-28 15:50:00,-0.17853372,-0.27277464
2017-11-28 16:00:00,-0.2022823,-0.21084695
2017-11-28 16:10:00,-0.22518271,-0.19053848
2017-11-28 16:20:00,-0.20143414,-0.16835724
2017-11-28 16:30:00,-0.22348638,-0.13913128
2017-11-28 16:40:00,-0.08184309,-0.09967251
2017-11-28 16:50:00,-0.013141857,-0.08955413
2017-11-28 17:00:00,0.10051204,-0.09169008
2017-11-28 17:10:00,0.33375698,-0.08615461
2017-11-28 17:20:00,0.71373415,-0.084908694
2017-11-28 17:30:00,0.97242403,-0.07268122
2017-11-28 17:40:00,1.045366,-0.051083222
2017-11-28 17:50:00,1.1004966,0.0019143075
2017-11-28 18:00:00,1.0546958,0.0061883777
2017-11-28 18:10:00,1.0114396,0.065445565
2017-11-28 18:20:00,1.0055023,0.15503052
2017-11-28 18:30:00,1.0080469,0.36146212
2017-11-28 18:40:00,1.0122877,0.72184384
2017-11-28 18:50:00,0.9927799,1.1534425
2017-11-28 19:00:00,0.97242403,1.2436488
2017-11-28 19:10:00,0.9647905,1.2856133
2017-11-28 19:20:00,0.96224606,1.280935
2017-11-28 19:30:00,0.89948195,1.2971227
2017-11-28 19:40:00,0.8655554,1.2730398
2017-11-28 19:50:00,0.8825187,1.2789583
2017-11-28 20:00:00,0.86216277,1.2780064
2017-11-28 20:10:00,0.8502885,1.3135242
2017-11-28 20:20:00,0.8613146,1.3312434
2017-11-28 20:30:00,0.76716846,1.3537691
2017-11-28 20:40:00,0.70355624,1.3427702
2017-11-28 20:50:00,0.6602999,1.2714701
2017-11-28 21:00:00,0.58057255,1.0505993
2017-11-28 21:10:00,0.5576721,0.80891097
2017-11-28 21:20:00,0.5288346,0.7797236
2017-11-28 21:30:00,0.5254419,0.6696769
2017-11-28 21:40:00,0.43638474,0.43593705
2017-11-28 21:50:00,0.35920188,0.31146413
2017-11-28 22:00:00,0.27099288,0.20391579
2017-11-28 22:10:00,0.1802394,0.050477944
2017-11-28 22:20:00,0.12765327,-0.07926695
2017-11-28 22:30:00,0.024177331,-0.17597039
2017-11-28 22:40:00,-0.06657615,-0.13522616
2017-11-28 22:50:00,-0.18701535,0.009590469
2017-11-28 23:00:00,-0.27437618,-0.051293984
2017-11-28 23:10:00,-0.3693705,-0.82242614
2017-11-28 23:20:00,-0.47199824,-0.70639056
2017-11-28 23:30:00,-0.5406995,-0.9043927
2017-11-28 23:40:00,-0.621275,-0.96725315
2017-11-28 23:50:00,-0.7026987,-1.039089
2017-11-29 00:00:00,-0.8536718,-1.0022569
2017-11-29 00:10:00,-0.9257657,-1.0309753
2017-11-29 00:20:00,-0.9953151,-1.0000099
2017-11-29 00:30:00,-1.0385714,-1.0564578
2017-11-29 00:40:00,-1.1123617,-1.0531696
2017-11-29 00:50:00,-1.150529,-1.0663161
2017-11-29 01:00:00,-1.2056596,-1.1123445
2017-11-29 01:10:00,-1.2616384,-1.0525192
2017-11-29 01:20:00,-1.3210099,-1.0097214
2017-11-29 01:30:00,-1.3574809,-0.9962577
2017-11-29 01:40:00,-1.358329,-0.9948117
2017-11-29 01:50:00,-1.3769886,-0.99750966
2017-11-29 02:00:00,-1.4117633,-1.0036068
2017-11-29 02:10:00,-1.4278784,-1.0086366
2017-11-29 02:20:00,-1.4584123,-1.0157592
2017-11-29 02:30:00,-1.4601086,-1.0063753
2017-11-29 02:40:00,-1.4397527,-0.9858331
2017-11-29 02:50:00,-1.4575641,-0.96641034
2017-11-29 03:00:00,-1.4796164,-0.931424
2017-11-29 03:10:00,-1.4999723,-0.8970277
2017-11-29 03:20:00,-1.4923388,-0.88341576
2017-11-29 03:30:00,-1.5211763,-0.83845234
2017-11-29 03:40:00,-1.5322025,-0.7713726
2017-11-29 03:50:00,-1.5830923,-0.6857937
2017-11-29 04:00:00,-1.5847887,-0.8431213
2017-11-29 04:10:00,-1.5788515,-0.8726225
2017-11-29 04:20:00,-1.56104,-0.869888
2017-11-29 04:30:00,-1.555103,-0.942452
2017-11-29 04:40:00,-1.5695217,-1.0715477
2017-11-29 04:50:00,-1.5508621,-1.2069199
2017-11-29 05:00:00,-1.5228727,-1.2836854
2017-11-29 05:10:00,-1.5237209,-1.3576976
2017-11-29 05:20:00,-1.4999723,-1.3909664
2017-11-29 05:30:00,-1.4058262,-1.4278791
2017-11-29 05:40:00,-1.3617216,-1.4284564
2017-11-29 05:50:00,-1.3718996,-1.4161737
2017-11-29 06:00:00,-1.3668107,-1.4111413
2017-11-29 06:10:00,-1.3074392,-1.3897816
2017-11-29 06:20:00,-1.3125281,-1.3821354
2017-11-29 06:30:00,-1.3456066,-1.3613482
2017-11-29 06:40:00,-1.3973445,-1.3429472
2017-11-29 06:50:00,-1.4770719,-1.331155
2017-11-29 07:00:00,-1.4431454,-1.321551
2017-11-29 07:10:00,-1.4312711,-1.2733028
2017-11-29 07:20:00,-1.4236376,-1.2341273
2017-11-29 07:30:00,-1.3888628,-1.1922551
2017-11-29 07:40:00,-1.3880147,-1.1272571
2017-11-29 07:50:00,-1.368507,-1.0581255
2017-11-29 08:00:00,-1.2361935,-1.0245425
2017-11-29 08:10:00,-1.1395029,-0.90170854
2017-11-29 08:20:00,-1.0996392,-0.8271871
2017-11-29 08:30:00,-1.0402677,-0.75948423
2017-11-29 08:40:00,-0.96478117,-0.64552325
2017-11-29 08:50:00,-0.74765134,-0.53328335
2017-11-29 09:00:00,-0.6942171,-0.4985671
2017-11-29 09:10:00,-0.6297566,-0.39411855
2017-11-29 09:20:00,-0.5669926,-0.31440336
2017-11-29 09:30:00,-0.51101375,-0.28164858
2017-11-29 09:40:00,-0.47284642,-0.18762943
2017-11-29 09:50:00,-0.46097213,-0.057146333
2017-11-29 10:00:00,-0.39820805,-0.025509126
2017-11-29 10:10:00,-0.33714026,0.06548448
2017-11-29 10:20:00,-0.26335007,0.20119153
2017-11-29 10:30:00,-0.2650464,0.1758574
2017-11-29 10:40:00,-0.16665943,0.23110403
2017-11-29 10:50:00,-0.12679575,0.22913896
2017-11-29 11:00:00,-0.062335335,0.22406666
2017-11-29 11:10:00,0.0318108,0.21802577
2017-11-29 11:20:00,0.07506713,0.1973042
2017-11-29 11:30:00,0.10475285,0.16960928
2017-11-29 11:40:00,0.13952756,0.1425258
2017-11-29 11:50:00,0.18278389,0.11818107
2017-11-29 12:00:00,0.14885736,0.1531055
2017-11-29 12:10:00,0.31340104,0.16669485
2017-11-29 12:20:00,0.370228,0.17624307
2017-11-29 12:30:00,0.3795578,0.18871023
2017-11-29 12:40:00,0.35920188,0.21290337
2017-11-29 12:50:00,0.3558092,0.2530172
2017-11-29 13:00:00,0.3473276,0.28541243
2017-11-29 13:10:00,0.34987208,0.29461378
2017-11-29 13:20:00,0.3422386,0.29482812
2017-11-29 13:30:00,0.29813412,0.26127136
2017-11-29 13:40:00,0.23961084,0.22905658
2017-11-29 13:50:00,0.18787287,0.18817283
2017-11-29 14:00:00,0.09457489,0.3544488
2017-11-29 14:10:00,0.014847535,0.34687322
2017-11-29 14:20:00,0.03605162,0.2878831
2017-11-29 14:30:00,-0.0038120598,0.21406707
2017-11-29 14:40:00,-0.016534511,0.15759483
2017-11-29 14:50:00,-0.002963896,0.12462059
2017-11-29 15:00:00,-0.058094516,0.1183511
2017-11-29 15:10:00,-0.06657615,0.12457074
2017-11-29 15:20:00,-0.032649614,0.13938284
2017-11-29 15:30:00,-0.012293694,0.12388004
2017-11-29 15:40:00,-0.040283088,0.06940124
2017-11-29 15:50:00,0.004669574,-0.0022429153
2017-11-29 16:00:00,0.084396936,-0.0343145
2017-11-29 16:10:00,0.13019776,-0.024870478
2017-11-29 16:20:00,0.14461653,0.022454895
2017-11-29 16:30:00,0.14461653,0.059062082
2017-11-29 16:40:00,0.2243439,0.07704224
2017-11-29 16:50:00,0.2938933,0.058998648
2017-11-29 17:00:00,0.35241657,0.07982533
2017-11-29 17:10:00,0.48642638,0.069274805
2017-11-29 17:20:00,0.91814154,0.05365055
2017-11-29 17:30:00,1.138664,0.029402707
2017-11-29 17:40:00,1.1878575,0.03219267
2017-11-29 17:50:00,1.1878575,0.05418119
2017-11-29 18:00:00,1.1479938,0.09677693
2017-11-29 18:10:00,1.1191562,0.17570078
2017-11-29 18:20:00,1.0945596,0.29002485
2017-11-29 18:30:00,1.092015,0.5136137
2017-11-29 18:40:00,1.1157637,0.84500086
2017-11-29 18:50:00,1.0733554,1.3405293
2017-11-29 19:00:00,1.081837,1.4464016
2017-11-29 19:10:00,1.0775963,1.4886726
2017-11-29 19:20:00,1.0258583,1.4751698
2017-11-29 19:30:00,0.9800575,1.4775752
2017-11-29 19:40:00,0.92577505,1.4327382
2017-11-29 19:50:00,0.89778566,1.4233866
2017-11-29 20:00:00,0.84944034,1.3543655
2017-11-29 20:10:00,0.90881175,1.2454445
2017-11-29 20:20:00,0.8876077,0.8625973
2017-11-29 20:30:00,0.8290844,0.17224763
2017-11-29 20:40:00,0.7917652,0.107768156
2017-11-29 20:50:00,0.76292765,0.11904533
2017-11-29 21:00:00,0.71373415,0.35420877
2017-11-29 21:10:00,0.6577554,0.6104822
2017-11-29 21:20:00,0.55936843,0.814326
2017-11-29 21:30:00,0.47031128,0.7094536
2017-11-29 21:40:00,0.35496107,0.3062086
2017-11-29 21:50:00,0.3074639,0.09200936
2017-11-29 22:00:00,0.19296186,0.071625724
2017-11-29 22:10:00,0.14376837,-0.015196763
2017-11-29 22:20:00,0.061496522,-0.15687042
2017-11-29 22:30:00,-0.002963896,-0.15795778
2017-11-29 22:40:00,-0.11068065,-0.1081935
2017-11-29 22:50:00,-0.18107821,0.05708659
2017-11-29 23:00:00,-0.31254354,-0.1722127
2017-11-29 23:10:00,-0.40753785,-0.8700367
2017-11-29 23:20:00,-0.491506,-0.9551193
2017-11-29 23:30:00,-0.60007095,-0.9496111
2017-11-29 23:40:00,-0.72814363,-0.95343024
2017-11-29 23:50:00,-0.8231379,-0.95267886
2017-11-30 00:00:00,-0.8850538,-0.99218625
2017-11-30 00:10:00,-0.94951427,-0.9942867
2017-11-30 00:20:00,-0.9876816,-1.0199426
2017-11-30 00:30:00,-1.06232,-1.0427033
2017-11-30 00:40:00,-1.1293249,-1.0725547
2017-11-30 00:50:00,-1.1844555,-1.1055123
2017-11-30 01:00:00,-1.2141412,-1.1166897
2017-11-30 01:10:00,-1.2565494,-1.1283709
2017-11-30 01:20:00,-1.2870833,-1.1667508
2017-11-30 01:30:00,-1.3108319,-1.228482
2017-11-30 01:40:00,-1.3498474,-1.2663808
2017-11-30 01:50:00,-1.3506955,-1.2780366
2017-11-30 02:00:00,-1.3939519,-1.2279446
2017-11-30 02:10:00,-1.425334,-1.1490512
2017-11-30 02:20:00,-1.4558678,-1.1160713
2017-11-30 02:30:00,-1.4736792,-1.1071945
2017-11-30 02:40:00,-1.4745274,-1.1042486
2017-11-30 02:50:00,-1.4685903,-1.1172549
2017-11-30 03:00:00,-1.5194801,-1.1281033
2017-11-30 03:10:00,-1.5186319,-1.1210663
2017-11-30 03:20:00,-1.5364434,-1.106693
2017-11-30 03:30:00,-1.555103,-1.0654348
2017-11-30 03:40:00,-1.5830923,-1.0239834
2017-11-30 03:50:00,-1.5584955,-1.0070122
2017-11-30 04:00:00,-1.5483177,-0.9529299
2017-11-30 04:10:00,-1.5542548,-0.92977375
2017-11-30 04:20:00,-1.5822442,-0.866074
2017-11-30 04:30:00,-1.5355952,-1.0323122
2017-11-30 04:40:00,-1.5050613,-1.1646847
2017-11-30 04:50:00,-1.4643494,-1.2447671
2017-11-30 05:00:00,-1.451627,-1.3294308
2017-11-30 05:10:00,-1.4422972,-1.3836112
2017-11-30 05:20:00,-1.4762237,-1.4092408
2017-11-30 05:30:00,-1.3880147,-1.43775
2017-11-30 05:40:00,-1.2845387,-1.4369489
2017-11-30 05:50:00,-1.3159208,-1.4237485
2017-11-30 06:00:00,-1.3557845,-1.4151533
2017-11-30 06:10:00,-1.3277951,-1.3967047
2017-11-30 06:20:00,-1.3227061,-1.3849306
2017-11-30 06:30:00,-1.3829257,-1.3730872
2017-11-30 06:40:00,-1.4499307,-1.3552676
2017-11-30 06:50:00,-1.5839405,-1.3459778
2017-11-30 07:00:00,-1.5135429,-1.3332415
2017-11-30 07:10:00,-1.4601086,-1.2937477
2017-11-30 07:20:00,-1.4160042,-1.2569226
2017-11-30 07:30:00,-1.3964964,-1.219966
2017-11-30 07:40:00,-1.3718996,-1.1546226
2017-11-30 07:50:00,-1.3362768,-1.0970508
2017-11-30 08:00:00,-1.2421306,-1.061618
2017-11-30 08:10:00,-1.1284767,-0.93347794
2017-11-30 08:20:00,-1.0801314,-0.8459881
2017-11-30 08:30:00,-1.0139747,-0.76805663
2017-11-30 08:40:00,-0.9486661,-0.6456247
2017-11-30 08:50:00,-0.8850538,-0.5273343
2017-11-30 09:00:00,-0.79175586,-0.48398924
2017-11-30 09:10:00,-0.7629183,-0.38387996
2017-11-30 09:20:00,-0.66877216,-0.31269288
2017-11-30 09:30:00,-0.59243745,-0.2712615
2017-11-30 09:40:00,-0.5500293,-0.17077944
2017-11-30 09:50:00,-0.5220399,-0.035779595
2017-11-30 10:00:00,-0.4804799,-0.025951847
2017-11-30 10:10:00,-0.3803966,0.029507078
2017-11-30 10:20:00,-0.33374763,0.15329468
2017-11-30 10:30:00,-0.3345958,0.13475019
2017-11-30 10:40:00,-0.3388366,0.20814548
2017-11-30 10:50:00,-0.29049128,0.23260227
2017-11-30 11:00:00,-0.2438423,0.23216407
2017-11-30 11:10:00,-0.190408,0.25250274
2017-11-30 11:20:00,-0.18871169,0.26484048
2017-11-30 11:30:00,-0.18531902,0.25485831
2017-11-30 11:40:00,-0.17768556,0.24200952
2017-11-30 11:50:00,-0.20482679,0.23550093
2017-11-30 12:00:00,-0.15902597,0.28081676
2017-11-30 12:10:00,-0.096261874,0.28592074
2017-11-30 12:20:00,-0.030105125,0.29561174
2017-11-30 12:30:00,-0.041979413,0.2714808
2017-11-30 12:40:00,-0.04113125,0.2927068
2017-11-30 12:50:00,0.0063659004,0.30841386
2017-11-30 13:00:00,-0.0055083865,0.3535434
2017-11-30 13:10:00,-0.008052877,0.35233492
2017-11-30 13:20:00,-0.039434925,0.3177849
2017-11-30 13:30:00,-0.055550028,0.23554015
2017-11-30 13:40:00,-0.11831412,0.09957686
2017-11-30 13:50:00,-0.14545535,-0.060201332
2017-11-30 14:00:00,-0.190408,0.1546455
2017-11-30 14:10:00,-0.17090026,0.12565294
2017-11-30 14:20:00,-0.15648147,0.115224004
2017-11-30 14:30:00,-0.15987413,0.07152943
2017-11-30 14:40:00,-0.14969617,-0.0012152418
2017-11-30 14:50:00,-0.15987413,-0.055211715
2017-11-30 15:00:00,-0.1742929,-0.014019616
2017-11-30 15:10:00,-0.16496311,-0.020331495
2017-11-30 15:20:00,-0.20567495,-0.0008175224
2017-11-30 15:30:00,-0.19125617,0.00033977628
2017-11-30 15:40:00,-0.21246025,-0.008589551
2017-11-30 15:50:00,-0.24893129,-0.05337192
2017-11-30 16:00:00,-0.28370598,-0.059102416
2017-11-30 16:10:00,-0.25656477,-0.076131165
2017-11-30 16:20:00,-0.26335007,-0.08545332
2017-11-30 16:30:00,-0.25402027,-0.08014479
2017-11-30 16:40:00,-0.16326678,-0.09946293
2017-11-30 16:50:00,-0.07845044,-0.0967997
2017-11-30 17:00:00,0.050470397,-0.092196286
2017-11-30 17:10:00,0.30407125,-0.081129074
2017-11-30 17:20:00,0.7332419,-0.077469215
2017-11-30 17:30:00,0.92238235,-0.06846091
2017-11-30 17:40:00,0.9647905,-0.051961936
2017-11-30 17:50:00,1.0080469,-0.013231158
2017-11-30 18:00:00,1.0055023,-0.011608385
2017-11-30 18:10:00,0.99447626,0.0566491
2017-11-30 18:20:00,0.9647905,0.14178395
2017-11-30 18:30:00,0.9113563,0.3224392
2017-11-30 18:40:00,0.93086404,0.5734447
2017-11-30 18:50:00,0.92662317,0.98061734
2017-11-30 19:00:00,0.9283195,1.1143799
2017-11-30 19:10:00,0.9384975,1.2177824
2017-11-30 19:20:00,0.90881175,1.2214043
2017-11-30 19:30:00,0.85877013,1.2726419
2017-11-30 19:40:00,0.8239954,1.281266
2017-11-30 19:50:00,0.8290844,1.3037479
2017-11-30 20:00:00,0.7977024,1.2986354
2017-11-30 20:10:00,0.8451995,1.3179386
2017-11-30 20:20:00,0.8248436,1.2857764
2017-11-30 20:30:00,0.8146656,1.2605164
2017-11-30 20:40:00,0.764624,1.2263291
2017-11-30 20:50:00,0.71203786,1.1586914
2017-11-30 21:00:00,0.66793334,0.94423294
2017-11-30 21:10:00,0.59414315,0.644565
2017-11-30 21:20:00,0.5237456,0.6981288
2017-11-30 21:30:00,0.47964108,0.5795513
2017-11-30 21:40:00,0.40839535,0.3070758
2017-11-30 21:50:00,0.39228025,0.27178633
2017-11-30 22:00:00,0.30237493,0.192969
2017-11-30 22:10:00,0.27353737,0.085373476
2017-11-30 22:20:00,0.21416594,-0.032452896
2017-11-30 22:30:00,0.11662714,-0.1342129
2017-11-30 22:40:00,0.07930795,-0.13537748
2017-11-30 22:50:00,-0.00041940686,0.05786316
2017-11-30 23:00:00,-0.122554936,-0.022781089
2017-11-30 23:10:00,-0.22179006,-0.8077862
2017-11-30 23:20:00,-0.32441783,-0.60624367
2017-11-30 23:30:00,-0.42280477,-0.91229457
2017-11-30 23:40:00,-0.51101375,-1.0132902
2017-11-30 23:50:00,-0.6026154,-1.043605
2017-12-01 00:00:00,-0.7272116,-1.0011735
2017-12-01 00:10:00,-0.8194453,-1.0017345
2017-12-01 00:20:00,-0.89742476,-1.0055525
2017-12-01 00:30:00,-0.9745657,-1.0367904
2017-12-01 00:40:00,-1.0584146,-1.0802116
2017-12-01 00:50:00,-1.1137547,-1.1199024
2017-12-01 01:00:00,-1.1766415,-1.1323769
2017-12-01 01:10:00,-1.2034731,-1.1541405
2017-12-01 01:20:00,-1.283968,-1.1876434
2017-12-01 01:30:00,-1.3351158,-1.1878831
2017-12-01 01:40:00,-1.383748,-1.1785499
2017-12-01 01:50:00,-1.4323804,-1.1701767
2017-12-01 02:00:00,-1.4541812,-1.1745609
2017-12-01 02:10:00,-1.4592121,-1.1750417
2017-12-01 02:20:00,-1.4759818,-1.195045
2017-12-01 02:30:00,-1.5061674,-1.2027113
2017-12-01 02:40:00,-1.5262911,-1.2067974
2017-12-01 02:50:00,-1.5254527,-1.2185186
2017-12-01 03:00:00,-1.5464149,-1.214541
2017-12-01 03:10:00,-1.5455765,-1.1837384
2017-12-01 03:20:00,-1.5539613,-1.1660479
2017-12-01 03:30:00,-1.5615077,-1.1299746
2017-12-01 03:40:00,-1.5732465,-1.1024716
2017-12-01 03:50:00,-1.5673771,-1.0972917
2017-12-01 04:00:00,-1.5690541,-0.9925938
2017-12-01 04:10:00,-1.579116,-1.196539
2017-12-01 04:20:00,-1.5690541,-1.3249528
2017-12-01 04:30:00,-1.5849854,-1.2095455
2017-12-01 04:40:00,-1.5900162,-1.238445
2017-12-01 04:50:00,-1.5858239,-1.2297804
2017-12-01 05:00:00,-1.5942087,-1.2995161
2017-12-01 05:10:00,-1.6076245,-1.310849
2017-12-01 05:20:00,-1.5925318,-1.338087
2017-12-01 05:30:00,-1.5623462,-1.3933225
2017-12-01 05:40:00,-1.4852052,-1.3898925
2017-12-01 05:50:00,-1.5338376,-1.4203516
2017-12-01 06:00:00,-1.536353,-1.4118943
2017-12-01 06:10:00,-1.4885591,-1.393626
2017-12-01 06:20:00,-1.5355146,-1.3798677
2017-12-01 06:30:00,-1.606786,-1.3640648
2017-12-01 06:40:00,-1.7535216,-1.3466809
2017-12-01 06:50:00,-1.9203808,-1.3343354
2017-12-01 07:00:00,-1.9958447,-1.3198171
2017-12-01 07:10:00,-2.0352538,-1.2794753
2017-12-01 07:20:00,-2.0243533,-1.2495093
2017-12-01 07:30:00,-1.984106,-1.211604
2017-12-01 07:40:00,-1.941343,-1.1551133
2017-12-01 07:50:00,-1.9321196,-1.1011002
2017-12-01 08:00:00,-1.8767793,-1.0665499
2017-12-01 08:10:00,-1.8063463,-0.9486844
2017-12-01 08:20:00,-1.7728068,-0.8606695
2017-12-01 08:30:00,-1.6965044,-0.78165805
2017-12-01 08:40:00,-1.6587723,-0.6643299
2017-12-01 08:50:00,-1.6093016,-0.5471602
2017-12-01 09:00:00,-1.5346761,-0.5159391
2017-12-01 09:10:00,-1.4432808,-0.426924
2017-12-01 09:20:00,-1.3820711,-0.35645092
2017-12-01 09:30:00,-1.2739061,-0.33624208
2017-12-01 09:40:00,-1.1514868,-0.25076783
2017-12-01 09:50:00,-1.0617685,-0.13825527
2017-12-01 10:00:00,-0.99468946,-0.1266387
2017-12-01 10:10:00,-0.9837891,-0.055292234
2017-12-01 10:20:00,-0.9460571,0.09510286
2017-12-01 10:30:00,-0.89071685,0.08206828
2017-12-01 10:40:00,-0.83789206,0.18345001
2017-12-01 10:50:00,-0.80938345,0.16886252
2017-12-01 11:00:00,-0.7607511,0.1530697
2017-12-01 11:10:00,-0.7096033,0.13395268
2017-12-01 11:20:00,-0.6810947,0.1246323
2017-12-01 11:30:00,-0.6634865,0.11354566
2017-12-01 11:40:00,-0.57628363,0.13878778
2017-12-01 11:50:00,-0.58131456,0.17979322
2017-12-01 12:00:00,-0.6064693,0.22696993
2017-12-01 12:10:00,-0.64923215,0.28700858
2017-12-01 12:20:00,-0.6685174,0.32890463
2017-12-01 12:30:00,-0.71463424,0.30687866
2017-12-01 12:40:00,-0.7112803,0.2501554
2017-12-01 12:50:00,-0.67103285,0.21134606
2017-12-01 13:00:00,-0.62072355,0.20237425
2017-12-01 13:10:00,-0.5863455,0.20100495
2017-12-01 13:20:00,-0.5519675,0.2021481
2017-12-01 13:30:00,-0.5804761,0.20164923
2017-12-01 13:40:00,-0.5863455,0.19338518
2017-12-01 13:50:00,-0.6115002,0.19272618
2017-12-01 14:00:00,-0.66432494,0.22122343
2017-12-01 14:10:00,-0.697026,0.26854017
2017-12-01 14:20:00,-0.71547276,0.2669949
2017-12-01 14:30:00,-0.7632666,0.23868646
2017-12-01 14:40:00,-0.77416694,0.21123931
2017-12-01 14:50:00,-0.8018371,0.20741452
2017-12-01 15:00:00,-0.8496309,0.21939199
2017-12-01 15:10:00,-0.83118415,0.22525708
2017-12-01 15:20:00,-0.84627694,0.18822469
2017-12-01 15:30:00,-0.842923,0.12329912
2017-12-01 15:40:00,-0.878978,0.113454536
2017-12-01 15:50:00,-0.8982633,0.07488986
2017-12-01 16:00:00,-0.9049712,0.05004564
2017-12-01 16:10:00,-0.9108406,0.012826152
2017-12-01 16:20:00,-0.89323235,-0.02289828
2017-12-01 16:30:00,-0.841246,-0.052764863
2017-12-01 16:40:00,-0.75907415,-0.073825404
2017-12-01 16:50:00,-0.7272116,-0.077412814
2017-12-01 17:00:00,-0.5720912,-0.09606631
2017-12-01 17:10:00,-0.35911512,-0.089083195
2017-12-01 17:20:00,0.034135997,-0.073833674
2017-12-01 17:30:00,0.26388186,-0.06669225
2017-12-01 17:40:00,0.3183836,-0.030782849
2017-12-01 17:50:00,0.32760698,0.020674422
2017-12-01 18:00:00,0.35695407,-0.009887315
2017-12-01 18:10:00,0.36953142,0.014361337
2017-12-01 18:20:00,0.34269977,0.057140544
2017-12-01 18:30:00,0.35946953,0.13802254
2017-12-01 18:40:00,0.3787548,0.291973
2017-12-01 18:50:00,0.35024616,0.6815097
2017-12-01 19:00:00,0.33515337,0.9066767
2017-12-01 19:10:00,0.35024616,1.0421644
2017-12-01 19:20:00,0.35108465,1.0718651
2017-12-01 19:30:00,0.3468922,1.1134156
2017-12-01 19:40:00,0.3049678,1.103001
2017-12-01 19:50:00,0.30832174,1.1291126
2017-12-01 20:00:00,0.28484407,1.1134561
2017-12-01 20:10:00,0.3536001,1.1111299
2017-12-01 20:20:00,0.3787548,1.0723535
2017-12-01 20:30:00,0.3720469,1.0013545
2017-12-01 20:40:00,0.34269977,0.71147245
2017-12-01 20:50:00,0.31670663,0.23708844
2017-12-01 21:00:00,0.28568256,0.45378202
2017-12-01 21:10:00,0.26639733,0.5359062
2017-12-01 21:20:00,0.26388186,0.63046575
2017-12-01 21:30:00,0.18841788,0.6327642
2017-12-01 21:40:00,0.11714636,0.506378
2017-12-01 21:50:00,0.087799266,0.30292922
2017-12-01 22:00:00,0.053421233,0.061049864
2017-12-01 22:10:00,0.007304363,-0.083939165
2017-12-01 22:20:00,-0.0539053,-0.12822822
2017-12-01 22:30:00,-0.095829725,-0.10250528
2017-12-01 22:40:00,-0.149493,-0.021796003
2017-12-01 22:50:00,-0.2660429,0.092035055
2017-12-01 23:00:00,-0.31970617,0.22597893
2017-12-01 23:10:00,-0.35911512,1.4699792
2017-12-01 23:20:00,-0.42619422,1.5602983
2017-12-01 23:30:00,-0.54609805,1.5331267
2017-12-01 23:40:00,-0.66684043,1.4797099
2017-12-01 23:50:00,-0.73978895,1.4516393
2017-12-02 00:00:00,-0.8370536,1.4197419
2017-12-02 00:10:00,-0.9250949,1.3693544
2017-12-02 00:20:00,-1.019844,1.3265396
2017-12-02 00:30:00,-1.1036929,1.1581322
2017-12-02 00:40:00,-1.1732875,0.8281491
2017-12-02 00:50:00,-1.2361741,0.5999207
2017-12-02 01:00:00,-1.2671982,0.5408715
2017-12-02 01:10:00,-1.3124766,0.22644946
2017-12-02 01:20:00,-1.3627859,0.12152016
2017-12-02 01:30:00,-1.392133,-0.37580466
2017-12-02 01:40:00,-1.4290265,-0.713959
2017-12-02 01:50:00,-1.4784973,-0.7610299
2017-12-02 02:00:00,-1.5187448,-1.0666531
2017-12-02 02:10:00,-1.541384,-1.0777646
2017-12-02 02:20:00,-1.5531228,-1.0048665
2017-12-02 02:30:00,-1.5933702,-0.8989775
2017-12-02 02:40:00,-1.575762,-0.69565845
2017-12-02 02:50:00,-1.603432,-0.51150054
2017-12-02 03:00:00,-1.6025937,-0.44439554
2017-12-02 03:10:00,-1.5984012,-0.39964432
2017-12-02 03:20:00,-1.6134939,-0.224207
2017-12-02 03:30:00,-1.6260713,-0.23540603
2017-12-02 03:40:00,-1.6277483,-0.30303252
2017-12-02 03:50:00,-1.6352947,-0.26367778
2017-12-02 04:00:00,-1.6503875,-1.1650302
2017-12-02 04:10:00,-1.6738652,-1.3052771
2017-12-02 04:20:00,-1.6864425,-1.3382578
2017-12-02 04:30:00,-1.6730267,-1.3223368
2017-12-02 04:40:00,-1.6688342,-1.2784489
2017-12-02 04:50:00,-1.6570954,-1.278896
2017-12-02 05:00:00,-1.6512259,-1.2953095
2017-12-02 05:10:00,-1.6344562,-1.3228254
2017-12-02 05:20:00,-1.6361332,-1.3865392
2017-12-02 05:30:00,-1.6051091,-1.4289905
2017-12-02 05:40:00,-1.5220988,-1.4315463
2017-12-02 05:50:00,-1.5422225,-1.4052267
2017-12-02 06:00:00,-1.6361332,-1.3858427
2017-12-02 06:10:00,-1.574085,-1.3634187
2017-12-02 06:20:00,-1.5900162,-1.3568372
2017-12-02 06:30:00,-1.6847655,-1.3495032
2017-12-02 06:40:00,-1.7535216,-1.3427342
2017-12-02 06:50:00,-1.9153498,-1.3374181
2017-12-02 07:00:00,-1.9581127,-1.3256664
2017-12-02 07:10:00,-2.0293844,-1.2908312
2017-12-02 07:20:00,-2.0335767,-1.2631696
2017-12-02 07:30:00,-1.9824289,-1.2345408
2017-12-02 07:40:00,-1.9664977,-1.1750213
2017-12-02 07:50:00,-1.8960646,-1.1178691
2017-12-02 08:00:00,-1.8164082,-1.0805496
2017-12-02 08:10:00,-1.7778378,-0.9617155
2017-12-02 08:20:00,-1.7325593,-0.8877396
2017-12-02 08:30:00,-1.6327792,-0.8254609
2017-12-02 08:40:00,-1.5606692,-0.7249151
2017-12-02 08:50:00,-1.5179063,-0.6041558
2017-12-02 09:00:00,-1.4374114,-0.5635709
2017-12-02 09:10:00,-1.3292464,-0.44567847
2017-12-02 09:20:00,-1.2177274,-0.35882473
2017-12-02 09:30:00,-1.1431019,-0.32862157
2017-12-02 09:40:00,-1.1078854,-0.23218547
2017-12-02 09:50:00,-0.98295057,-0.11812897
2017-12-02 10:00:00,-0.8655622,-0.10511176
2017-12-02 10:10:00,-0.841246,-0.028445907
2017-12-02 10:20:00,-0.7758439,0.123471886
2017-12-02 10:30:00,-0.73727345,0.1070096
2017-12-02 10:40:00,-0.697026,0.2219481
2017-12-02 10:50:00,-0.5955689,0.23802823
2017-12-02 11:00:00,-0.5536445,0.224878
2017-12-02 11:10:00,-0.52010494,0.19738819
2017-12-02 11:20:00,-0.50668913,0.17508413
2017-12-02 11:30:00,-0.41780934,0.15611836
2017-12-02 11:40:00,-0.42367876,0.16492352
2017-12-02 11:50:00,-0.39936256,0.19921207
2017-12-02 12:00:00,-0.39265466,0.25570387
2017-12-02 12:10:00,-0.37923884,0.3196649
2017-12-02 12:20:00,-0.3825928,0.3860696
2017-12-02 12:30:00,-0.41445535,0.36792266
2017-12-02 12:40:00,-0.43961003,0.33796263
2017-12-02 12:50:00,-0.42535573,0.29026723
2017-12-02 13:00:00,-0.40858594,0.27446014
2017-12-02 13:10:00,-0.403555,0.2720245
2017-12-02 13:20:00,-0.4102629,0.2745985
2017-12-02 13:30:00,-0.3742079,0.27164763
2017-12-02 13:40:00,-0.43038666,0.27089322
2017-12-02 13:50:00,-0.5217819,0.28538603
2017-12-02 14:00:00,-0.47231108,0.52367556
2017-12-02 14:10:00,-0.46476468,0.560038
2017-12-02 14:20:00,-0.4714726,0.5466093
2017-12-02 14:30:00,-0.52010494,0.49889976
2017-12-02 14:40:00,-0.5561599,0.4451658
2017-12-02 14:50:00,-0.5729297,0.38843226
2017-12-02 15:00:00,-0.6198851,0.33353317
2017-12-02 15:10:00,-0.59892285,0.27616647
2017-12-02 15:20:00,-0.6039538,0.24265037
2017-12-02 15:30:00,-0.6307854,0.17045787
2017-12-02 15:40:00,-0.6349779,0.09870881
2017-12-02 15:50:00,-0.6240775,0.024375137
2017-12-02 16:00:00,-0.70205694,-0.007862069
2017-12-02 16:10:00,-0.68864113,-0.041145712
2017-12-02 16:20:00,-0.65761703,-0.06392889
2017-12-02 16:30:00,-0.61904657,-0.06745081
2017-12-02 16:40:00,-0.5452596,-0.055040732
2017-12-02 16:50:00,-0.5410671,0.00029040128
2017-12-02 17:00:00,-0.46811864,-0.06320451
2017-12-02 17:10:00,-0.17884009,-0.08352196
2017-12-02 17:20:00,0.25214303,-0.1119241
2017-12-02 17:30:00,0.49111223,-0.109647974
2017-12-02 17:40:00,0.5129129,-0.091546685
2017-12-02 17:50:00,0.5363906,-0.039570063
2017-12-02 18:00:00,0.585023,-0.03429766
2017-12-02 18:10:00,0.57076865,0.02505228
2017-12-02 18:20:00,0.56489927,0.11204973
2017-12-02 18:30:00,0.5632223,0.25878477
2017-12-02 18:40:00,0.54226005,0.49418652
2017-12-02 18:50:00,0.5313597,0.807009
2017-12-02 19:00:00,0.5590298,0.91797346
2017-12-02 19:10:00,0.5514834,1.0024719
2017-12-02 19:20:00,0.57999206,1.067357
2017-12-02 19:30:00,0.5757996,1.1382048
2017-12-02 19:40:00,0.5942463,1.1300945
2017-12-02 19:50:00,0.5749611,1.1633373
2017-12-02 20:00:00,0.547291,1.1782516
2017-12-02 20:10:00,0.53303665,1.2060941
2017-12-02 20:20:00,0.50285107,1.1881597
2017-12-02 20:30:00,0.49278924,1.1472449
2017-12-02 20:40:00,0.43912596,1.0314769
2017-12-02 20:50:00,0.4282256,0.9065289
2017-12-02 21:00:00,0.35192314,0.82699114
2017-12-02 21:10:00,0.32760698,0.66360134
2017-12-02 21:20:00,0.3116757,0.716638
2017-12-02 21:30:00,0.25885093,0.6622892
2017-12-02 21:40:00,0.24375813,0.525509
2017-12-02 21:50:00,0.21608801,0.37204278
2017-12-02 22:00:00,0.1942873,0.16200969
2017-12-02 22:10:00,0.15990928,-0.017613254
2017-12-02 22:20:00,0.1070845,-0.117518485
2017-12-02 22:30:00,0.022397157,-0.0917179
2017-12-02 22:40:00,-0.016173316,0.04900825
2017-12-02 22:50:00,-0.114276476,0.23211811
2017-12-02 23:00:00,-0.2148951,0.33866787
2017-12-02 23:10:00,-0.2786202,1.1089162
2017-12-02 23:20:00,-0.35576117,1.3938887
2017-12-02 23:30:00,-0.45051038,1.3405166
2017-12-02 23:40:00,-0.551129,1.0752228
2017-12-02 23:50:00,-0.69115657,0.8472835
2017-12-03 00:00:00,-0.73895043,0.97166115
2017-12-03 00:10:00,-0.806868,0.90662086
2017-12-03 00:20:00,-0.8680777,0.92323303
2017-12-03 00:30:00,-0.9536035,0.6431346
2017-12-03 00:40:00,-1.0508682,0.0147721395
2017-12-03 00:50:00,-1.0953081,-0.53542525
2017-12-03 01:00:00,-1.1825109,-0.9358141
2017-12-03 01:10:00,-1.2093425,-1.0844891
2017-12-03 01:20:00,-1.2671982,-1.1271864
2017-12-03 01:30:00,-1.3258924,-1.1710945
2017-12-03 01:40:00,-1.3762017,-1.1806723
2017-12-03 01:50:00,-1.4097413,-1.1771587
2017-12-03 02:00:00,-1.4080642,-1.169119
2017-12-03 02:10:00,-1.4390883,-1.1666183
2017-12-03 02:20:00,-1.4701124,-1.1571283
2017-12-03 02:30:00,-1.4919131,-1.112012
2017-12-03 02:40:00,-1.5204217,-0.99156004
2017-12-03 02:50:00,-1.5598307,-0.83925676
2017-12-03 03:00:00,-1.6093016,-0.8630762
2017-12-03 03:10:00,-1.611817,-0.86235386
2017-12-03 03:20:00,-1.6210403,-0.8673781
2017-12-03 03:30:00,-1.6361332,-0.8920086
2017-12-03 03:40:00,-1.6453565,-0.8980538
2017-12-03 03:50:00,-1.6705112,-0.9295413
2017-12-03 04:00:00,-1.6747036,-0.8530487
2017-12-03 04:10:00,-1.685604,-0.8478717
2017-12-03 04:20:00,-1.6805731,-0.9585449
2017-12-03 04:30:00,-1.6780576,-1.0808063
2017-12-03 04:40:00,-1.6939889,-1.1782137
2017-12-03 04:50:00,-1.6780576,-1.21331
2017-12-03 05:00:00,-1.6629648,-1.2387309
2017-12-03 05:10:00,-1.6579338,-1.3436604
2017-12-03 05:20:00,-1.6470336,-1.4034251
2017-12-03 05:30:00,-1.6059476,-1.4272944
2017-12-03 05:40:00,-1.5053289,-1.4288663
2017-12-03 05:50:00,-1.53803,-1.4284335
2017-12-03 06:00:00,-1.5841469,-1.4236541
2017-12-03 06:10:00,-1.5958858,-1.4086525
2017-12-03 06:20:00,-1.6252328,-1.3928561
2017-12-03 06:30:00,-1.683927,-1.3731251
2017-12-03 06:40:00,-1.8365319,-1.3552539
2017-12-03 06:50:00,-1.9924908,-1.3435959
2017-12-03 07:00:00,-2.0360923,-1.3338128
2017-12-03 07:10:00,-2.113233,-1.2918733
2017-12-03 07:20:00,-2.1014943,-1.2516751
2017-12-03 07:30:00,-2.0721471,-1.2104452
2017-12-03 07:40:00,-2.0738242,-1.1521335
2017-12-03 07:50:00,-2.047831,-1.1103743
2017-12-03 08:00:00,-1.9933293,-1.0781612
2017-12-03 08:10:00,-1.939666,-0.97259647
2017-12-03 08:20:00,-1.905288,-0.90729856
2017-12-03 08:30:00,-1.82647,-0.84154886
2017-12-03 08:40:00,-1.7778378,-0.7337946
2017-12-03 08:50:00,-1.7174666,-0.60602045
2017-12-03 09:00:00,-1.6621263,-0.57315946
2017-12-03 09:10:00,-1.5732465,-0.45816022
2017-12-03 09:20:00,-1.5019749,-0.3638891
2017-12-03 09:30:00,-1.433219,-0.32457554
2017-12-03 09:40:00,-1.3451777,-0.22273235
2017-12-03 09:50:00,-1.2646828,-0.101505995
2017-12-03 10:00:00,-1.2219198,-0.08700043
2017-12-03 10:10:00,-1.1355555,-0.009478606
2017-12-03 10:20:00,-1.0768613,0.14145534
2017-12-03 10:30:00,-0.990497,0.12448668
2017-12-03 10:40:00,-0.96953475,0.24135062
2017-12-03 10:50:00,-0.9074866,0.31642187
2017-12-03 11:00:00,-0.89155537,0.29493588
2017-12-03 11:10:00,-0.8345381,0.29707894
2017-12-03 11:20:00,-0.8135759,0.2852338
2017-12-03 11:30:00,-0.7842288,0.23418947
2017-12-03 11:40:00,-0.7272116,0.21765116
2017-12-03 11:50:00,-0.7104418,0.26402754
2017-12-03 12:00:00,-0.70037997,0.2692238
2017-12-03 12:10:00,-0.7070879,0.31949222
2017-12-03 12:20:00,-0.6752253,0.34013367
2017-12-03 12:30:00,-0.67103285,0.38872814
2017-12-03 12:40:00,-0.6467167,0.41285467
2017-12-03 12:50:00,-0.6391703,0.44306004
2017-12-03 13:00:00,-0.6701944,0.44911993
2017-12-03 13:10:00,-0.698703,0.45922536
2017-12-03 13:20:00,-0.71463424,0.46046335
2017-12-03 13:30:00,-0.73978895,0.46107525
2017-12-03 13:40:00,-0.71714973,0.463081
2017-12-03 13:50:00,-0.7028954,0.47231674
2017-12-03 14:00:00,-0.6701944,0.4750616
2017-12-03 14:10:00,-0.68612564,0.46450216
2017-12-03 14:20:00,-0.70792633,0.4313401
2017-12-03 14:30:00,-0.70792633,0.3963279
2017-12-03 14:40:00,-0.6894796,0.41866118
2017-12-03 14:50:00,-0.7137958,0.45986742
2017-12-03 15:00:00,-0.78339034,0.37208712
2017-12-03 15:10:00,-0.8219608,0.3563164
2017-12-03 15:20:00,-0.7884213,0.3343835
2017-12-03 15:30:00,-0.8211223,0.3194942
2017-12-03 15:40:00,-0.8127374,0.29937577
2017-12-03 15:50:00,-0.81860685,0.27566028
2017-12-03 16:00:00,-0.8278302,0.28993186
2017-12-03 16:10:00,-0.83202267,0.26176852
2017-12-03 16:20:00,-0.8219608,0.23395097
2017-12-03 16:30:00,-0.7951292,0.146945
2017-12-03 16:40:00,-0.7112803,0.0856442
2017-12-03 16:50:00,-0.66264796,0.022578325
2017-12-03 17:00:00,-0.54777503,-0.016198397
2017-12-03 17:10:00,-0.29874396,-0.039650634
2017-12-03 17:20:00,0.108761474,-0.028362408
2017-12-03 17:30:00,0.40558642,-0.018738851
2017-12-03 17:40:00,0.50033563,-0.019568756
2017-12-03 17:50:00,0.52884424,0.00823991
2017-12-03 18:00:00,0.5154284,-0.009993017
2017-12-03 18:10:00,0.48943526,0.023569033
2017-12-03 18:20:00,0.4869198,0.08755851
2017-12-03 18:30:00,0.5171054,0.21211936
2017-12-03 18:40:00,0.53555214,0.39479065
2017-12-03 18:50:00,0.55819136,0.6274775
2017-12-03 19:00:00,0.616047,0.7060953
2017-12-03 19:10:00,0.6596484,0.72934353
2017-12-03 19:20:00,0.68228763,0.7967128
2017-12-03 19:30:00,0.6755797,0.93384326
2017-12-03 19:40:00,0.66048694,1.0789509
2017-12-03 19:50:00,0.6596484,1.1631974
2017-12-03 20:00:00,0.67138726,1.1664681
2017-12-03 20:10:00,0.67390275,1.1527842
2017-12-03 20:20:00,0.6412017,1.1057162
2017-12-03 20:30:00,0.6118546,1.0797427
2017-12-03 20:40:00,0.5917309,0.96886295
2017-12-03 20:50:00,0.5607068,0.7710677
2017-12-03 21:00:00,0.53387517,0.60218406
2017-12-03 21:10:00,0.49195072,0.5726241
2017-12-03 21:20:00,0.40894037,0.68734187
2017-12-03 21:30:00,0.34521523,0.67056507
2017-12-03 21:40:00,0.29406744,0.4944983
2017-12-03 21:50:00,0.25801244,0.32527333
2017-12-03 22:00:00,0.17751753,0.15916559
2017-12-03 22:10:00,0.08360682,-0.040847562
2017-12-03 22:20:00,-0.00024203374,-0.15407208
2017-12-03 22:30:00,-0.11846892,-0.16660817
2017-12-03 22:40:00,-0.18722497,-0.13456652
2017-12-03 22:50:00,-0.29958245,0.028755963
2017-12-03 23:00:00,-0.4102629,0.11667724
2017-12-03 23:10:00,-0.5159125,0.8287788
2017-12-03 23:20:00,-0.6131772,1.2257171
2017-12-03 23:30:00,-0.7339195,1.2364808
2017-12-03 23:40:00,-0.8261532,1.0764849
2017-12-03 23:50:00,-0.89071685,0.914591
2017-12-04 00:00:00,-0.9879815,0.7690481
2017-12-04 00:10:00,-1.0215211,0.5730412
2017-12-04 00:20:00,-1.0886002,0.12596236
2017-12-04 00:30:00,-1.1523253,-0.40457553
2017-12-04 00:40:00,-1.2009577,-0.6353571
2017-12-04 00:50:00,-1.2973838,-0.9737944
2017-12-04 01:00:00,-1.3359543,-1.0947542
2017-12-04 01:10:00,-1.3728478,-1.1598516
2017-12-04 01:20:00,-1.4055488,-1.1990217
2017-12-04 01:30:00,-1.4650815,-1.2234575
2017-12-04 01:40:00,-1.4810128,-1.2441965
2017-12-04 01:50:00,-1.5111984,-1.2653165
2017-12-04 02:00:00,-1.5472534,-1.2890369
2017-12-04 02:10:00,-1.5438994,-1.3128724
2017-12-04 02:20:00,-1.574085,-1.3119988
2017-12-04 02:30:00,-1.5732465,-1.2934484
2017-12-04 02:40:00,-1.6294253,-1.2256842
2017-12-04 02:50:00,-1.6394871,-1.1886714
2017-12-04 03:00:00,-1.6814115,-1.1142459
2017-12-04 03:10:00,-1.6537415,-1.0657967
2017-12-04 03:20:00,-1.7048892,-1.0453109
2017-12-04 03:30:00,-1.6990198,-0.9977557
2017-12-04 03:40:00,-1.683927,-0.93750674
2017-12-04 03:50:00,-1.6646417,-0.8629344
2017-12-04 04:00:00,-1.6654803,-0.87543875
2017-12-04 04:10:00,-1.6763806,-0.78525794
2017-12-04 04:20:00,-1.6705112,-0.5394304
2017-12-04 04:30:00,-1.6503875,-0.7370047
2017-12-04 04:40:00,-1.6604494,-1.0057298
2017-12-04 04:50:00,-1.6277483,-1.1504086
2017-12-04 05:00:00,-1.5992397,-1.2657169
2017-12-04 05:10:00,-1.61014,-1.359158
2017-12-04 05:20:00,-1.5547998,-1.4017192
2017-12-04 05:30:00,-1.4852052,-1.4339821
2017-12-04 05:40:00,-1.3803941,-1.4377753
2017-12-04 05:50:00,-1.3845866,-1.4262261
2017-12-04 06:00:00,-1.4021949,-1.4196023
2017-12-04 06:10:00,-1.3929715,-1.4040908
2017-12-04 06:20:00,-1.3795557,-1.3883893
2017-12-04 06:30:00,-1.4307035,-1.3764952
2017-12-04 06:40:00,-1.5304836,-1.3599427
2017-12-04 06:50:00,-1.6378101,-1.3507967
2017-12-04 07:00:00,-1.575762,-1.3356564
2017-12-04 07:10:00,-1.5195832,-1.2964497
2017-12-04 07:20:00,-1.4751433,-1.2579336
2017-12-04 07:30:00,-1.4701124,-1.2236327
2017-12-04 07:40:00,-1.5103599,-1.1651512
2017-12-04 07:50:00,-1.5170678,-1.1206396
2017-12-04 08:00:00,-1.3980024,-1.0921639
2017-12-04 08:10:00,-1.3082842,-0.9815468
2017-12-04 08:20:00,-1.1850263,-0.906957
2017-12-04 08:30:00,-1.1338786,-0.8261845
2017-12-04 08:40:00,-1.0743458,-0.70147055
2017-12-04 08:50:00,-1.0441602,-0.5767282
2017-12-04 09:00:00,-0.95695746,-0.5259246
2017-12-04 09:10:00,-0.8882014,-0.41317034
2017-12-04 09:20:00,-0.8211223,-0.33270895
2017-12-04 09:30:00,-0.7800364,-0.30146962
2017-12-04 09:40:00,-0.73056555,-0.20166133
2017-12-04 09:50:00,-0.67774075,-0.07200314
2017-12-04 10:00:00,-0.57712215,-0.042923212
2017-12-04 10:10:00,-0.49746573,0.04054054
2017-12-04 10:20:00,-0.48824236,0.20133178
2017-12-04 10:30:00,-0.41780934,0.18494196
2017-12-04 10:40:00,-0.34402233,0.28214085
2017-12-04 10:50:00,-0.2895206,0.3516438
2017-12-04 11:00:00,-0.30209792,0.33220643
2017-12-04 11:10:00,-0.2652044,0.35431397
2017-12-04 11:20:00,-0.25681952,0.37424362
2017-12-04 11:30:00,-0.26268893,0.3425883
2017-12-04 11:40:00,-0.24759614,0.3043662
2017-12-04 11:50:00,-0.2073487,0.2940647
2017-12-04 12:00:00,-0.20986417,0.335997
2017-12-04 12:10:00,-0.16793974,0.35835302
2017-12-04 12:20:00,-0.14362358,0.3712873
2017-12-04 12:30:00,-0.15871637,0.37147593
2017-12-04 12:40:00,-0.13943113,0.40989733
2017-12-04 12:50:00,-0.13356172,0.4235896
2017-12-04 13:00:00,-0.13188474,0.43256056
2017-12-04 13:10:00,-0.16458578,0.42829293
2017-12-04 13:20:00,-0.20315626,0.42158955
2017-12-04 13:30:00,-0.22076452,0.39111048
2017-12-04 13:40:00,-0.26268893,0.35429567
2017-12-04 13:50:00,-0.26101196,0.2883657
2017-12-04 14:00:00,-0.19141743,0.26100296
2017-12-04 14:10:00,-0.19560987,0.22461228
2017-12-04 14:20:00,-0.19225591,0.32146966
2017-12-04 14:30:00,-0.20483324,0.25580806
2017-12-04 14:40:00,-0.21154115,0.24246235
2017-12-04 14:50:00,-0.25346556,0.20977122
2017-12-04 15:00:00,-0.2886821,0.18203153
2017-12-04 15:10:00,-0.25262707,0.13107607
2017-12-04 15:20:00,-0.2719123,0.07590492
2017-12-04 15:30:00,-0.29035908,0.020468041
2017-12-04 15:40:00,-0.29790547,-0.030182615
2017-12-04 15:50:00,-0.30042094,-0.097238064
2017-12-04 16:00:00,-0.331445,-0.11154087
2017-12-04 16:10:00,-0.29958245,-0.1251937
2017-12-04 16:20:00,-0.3113213,-0.13938351
2017-12-04 16:30:00,-0.2802972,-0.14158984
2017-12-04 16:40:00,-0.20315626,-0.12345269
2017-12-04 16:50:00,-0.14278509,-0.112798035
2017-12-04 17:00:00,-0.039650995,-0.09139773
2017-12-04 17:10:00,0.2387272,-0.0655006
2017-12-04 17:20:00,0.66467935,-0.06593467
2017-12-04 17:30:00,0.9497655,-0.06822571
2017-12-04 17:40:00,1.0009133,-0.08004576
2017-12-04 17:50:00,1.0051057,-0.032307707
2017-12-04 18:00:00,0.9447345,-0.016721308
2017-12-04 18:10:00,0.95060396,0.05885231
2017-12-04 18:20:00,0.9338342,0.15251347
2017-12-04 18:30:00,0.9355112,0.3622328
2017-12-04 18:40:00,0.9405421,0.6595833
2017-12-04 18:50:00,0.89945614,1.0089711
2017-12-04 19:00:00,0.89107126,1.0629697
2017-12-04 19:10:00,0.8902328,1.1482819
2017-12-04 19:20:00,0.87346303,1.1891305
2017-12-04 19:30:00,0.81225336,1.2555499
2017-12-04 19:40:00,0.7803908,1.2888645
2017-12-04 19:50:00,0.78961414,1.340574
2017-12-04 20:00:00,0.76865196,1.339246
2017-12-04 20:10:00,0.8088994,1.3559707
2017-12-04 20:20:00,0.83405405,1.3468232
2017-12-04 20:30:00,0.82566917,1.3400618
2017-12-04 20:40:00,0.80470693,1.2794794
2017-12-04 20:50:00,0.72672755,1.1653827
2017-12-04 21:00:00,0.6747412,0.9515745
2017-12-04 21:10:00,0.62275493,0.75428534
2017-12-04 21:20:00,0.507882,0.68497497
2017-12-04 21:30:00,0.4290641,0.47975296
2017-12-04 21:40:00,0.3544386,0.22550718
2017-12-04 21:50:00,0.35192314,0.22911306
2017-12-04 22:00:00,0.29574442,0.14072804
2017-12-04 22:10:00,0.22195743,0.016336061
2017-12-04 22:20:00,0.09534566,-0.12944354
2017-12-04 22:30:00,0.045036346,-0.20061018
2017-12-04 22:40:00,-0.08241391,-0.15705442
2017-12-04 22:50:00,-0.22579545,-0.06578907
2017-12-04 23:00:00,-0.31215978,-0.2625031
2017-12-04 23:10:00,-0.42284027,-0.48355907
2017-12-04 23:20:00,-0.5444211,-0.07596859
2017-12-04 23:30:00,-0.624916,-0.5156581
2017-12-04 23:40:00,-0.72134215,-0.73267895
2017-12-04 23:50:00,-0.82447624,-0.9305264
2017-12-05 00:00:00,-0.9049712,-0.8789738
2017-12-05 00:10:00,-0.9812736,-0.9503346
2017-12-05 00:20:00,-1.0508682,-0.9772524
2017-12-05 00:30:00,-1.1439404,-1.0297076
2017-12-05 00:40:00,-1.172449,-1.0548615
2017-12-05 00:50:00,-1.2303047,-1.0931089
2017-12-05 01:00:00,-1.2739061,-1.1012139
2017-12-05 01:10:00,-1.3300848,-1.1331483
2017-12-05 01:20:00,-1.3443391,-1.1995602
2017-12-05 01:30:00,-1.4055488,-1.2111179
2017-12-05 01:40:00,-1.428188,-1.1860523
2017-12-05 01:50:00,-1.4726279,-1.181367
2017-12-05 02:00:00,-1.4826897,-1.1939359
2017-12-05 02:10:00,-1.4885591,-1.1959174
2017-12-05 02:20:00,-1.4961056,-1.204476
2017-12-05 02:30:00,-1.5212603,-1.2081975
2017-12-05 02:40:00,-1.5438994,-1.2187412
2017-12-05 02:50:00,-1.5824699,-1.2175323
2017-12-05 03:00:00,-1.5749235,-1.2159885
2017-12-05 03:10:00,-1.61014,-1.1904973
2017-12-05 03:20:00,-1.6126555,-1.179697
2017-12-05 03:30:00,-1.5975627,-1.1643763
2017-12-05 03:40:00,-1.6344562,-1.1601768
2017-12-05 03:50:00,-1.6394871,-1.1644359
2017-12-05 04:00:00,-1.6218789,-1.0666282
2017-12-05 04:10:00,-1.6185249,-0.9967678
2017-12-05 04:20:00,-1.6210403,-0.91897154
2017-12-05 04:30:00,-1.6319407,-1.01323
2017-12-05 04:40:00,-1.6319407,-1.1529373
2017-12-05 04:50:00,-1.6000781,-1.1829114
2017-12-05 05:00:00,-1.5816314,-1.2812716
2017-12-05 05:10:00,-1.5522844,-1.3321801
2017-12-05 05:20:00,-1.5447379,-1.376292
2017-12-05 05:30:00,-1.4910747,-1.4210322
2017-12-05 05:40:00,-1.3569164,-1.4274774
2017-12-05 05:50:00,-1.3736862,-1.4243808
2017-12-05 06:00:00,-1.3728478,-1.4133998
2017-12-05 06:10:00,-1.359432,-1.4004228
2017-12-05 06:20:00,-1.356078,-1.3863989
2017-12-05 06:30:00,-1.357755,-1.3738015
2017-12-05 06:40:00,-1.4198031,-1.3583798
2017-12-05 06:50:00,-1.5271297,-1.348982
2017-12-05 07:00:00,-1.4793358,-1.334315
2017-12-05 07:10:00,-1.424834,-1.2942084
2017-12-05 07:20:00,-1.3602704,-1.2531047
2017-12-05 07:30:00,-1.3518856,-1.2145988
2017-12-05 07:40:00,-1.4105798,-1.1581812
2017-12-05 07:50:00,-1.4424423,-1.1114215
2017-12-05 08:00:00,-1.2940298,-1.078909
2017-12-05 08:10:00,-1.1883802,-0.96767086
2017-12-05 08:20:00,-1.1221397,-0.89549285
2017-12-05 08:30:00,-1.0743458,-0.82773226
2017-12-05 08:40:00,-1.0416448,-0.70934016
2017-12-05 08:50:00,-0.9770812,-0.58110553
2017-12-05 09:00:00,-0.90832514,-0.5400014
2017-12-05 09:10:00,-0.85298485,-0.43799853
2017-12-05 09:20:00,-0.81189895,-0.35571045
2017-12-05 09:30:00,-0.698703,-0.31992984
2017-12-05 09:40:00,-0.6291084,-0.22093444
2017-12-05 09:50:00,-0.5670603,-0.08667295
2017-12-05 10:00:00,-0.5217819,-0.05195164
2017-12-05 10:10:00,-0.4857269,0.036097832
2017-12-05 10:20:00,-0.4270327,0.19340308
2017-12-05 10:30:00,-0.3540842,0.17497969
2017-12-05 10:40:00,-0.34234536,0.24438715
2017-12-05 10:50:00,-0.27526626,0.29182696
2017-12-05 11:00:00,-0.19980231,0.281785
2017-12-05 11:10:00,-0.17632462,0.28748435
2017-12-05 11:20:00,-0.18219404,0.27338994
2017-12-05 11:30:00,-0.16877823,0.23042968
2017-12-05 11:40:00,-0.12098438,0.1845096
2017-12-05 11:50:00,-0.13104625,0.18401615
2017-12-05 12:00:00,-0.13859265,0.22138403
2017-12-05 12:10:00,-0.12936927,0.22967304
2017-12-05 12:20:00,-0.10253763,0.23381157
2017-12-05 12:30:00,-0.09247577,0.2351648
2017-12-05 12:40:00,-0.057259254,0.23390387
2017-12-05 12:50:00,-0.07486752,0.23179513
2017-12-05 13:00:00,-0.07822147,0.27574846
2017-12-05 13:10:00,-0.08828333,0.29952356
2017-12-05 13:20:00,-0.11343799,0.30812693
2017-12-05 13:30:00,-0.15033148,0.2914955
2017-12-05 13:40:00,-0.20399475,0.27727315
2017-12-05 13:50:00,-0.20986417,0.23956351
2017-12-05 14:00:00,-0.20315626,0.3223737
2017-12-05 14:10:00,-0.1847095,0.2890157
2017-12-05 14:20:00,-0.19980231,0.2424966
2017-12-05 14:30:00,-0.15368544,0.20009197
2017-12-05 14:40:00,-0.17716311,0.15380833
2017-12-05 14:50:00,-0.21154115,0.06374733
2017-12-05 15:00:00,-0.23166487,0.03572834
2017-12-05 15:10:00,-0.28113568,0.00860237
2017-12-05 15:20:00,-0.30209792,-0.023689106
2017-12-05 15:30:00,-0.3255756,-0.058951765
2017-12-05 15:40:00,-0.37756187,-0.07487054
2017-12-05 15:50:00,-0.3893007,-0.08401936
2017-12-05 16:00:00,-0.41277838,-0.09120999
2017-12-05 16:10:00,-0.37169245,-0.09624067
2017-12-05 16:20:00,-0.3456993,-0.10243322
2017-12-05 16:30:00,-0.26688138,-0.10004561
2017-12-05 16:40:00,-0.19728684,-0.10002042
2017-12-05 16:50:00,-0.15200846,-0.09785427
2017-12-05 17:00:00,-0.07905996,-0.09496747
2017-12-05 17:10:00,0.15236288,-0.07671633
2017-12-05 17:20:00,0.5716072,-0.056856126
2017-12-05 17:30:00,0.85166234,-0.028820656
2017-12-05 17:40:00,0.95982736,-0.0020618439
2017-12-05 17:50:00,0.9707277,0.040522903
2017-12-05 18:00:00,0.9405421,0.03963793
2017-12-05 18:10:00,0.9480885,0.08969145
2017-12-05 18:20:00,0.94725,0.15745227
2017-12-05 18:30:00,0.95479643,0.3436616
2017-12-05 18:40:00,0.8969407,0.64843976
2017-12-05 18:50:00,0.90700257,1.0556192
2017-12-05 19:00:00,0.89945614,1.1456743
2017-12-05 19:10:00,0.87094754,1.2096766
2017-12-05 19:20:00,0.8457929,1.221922
2017-12-05 19:30:00,0.8223152,1.2824767
2017-12-05 19:40:00,0.799676,1.3030319
2017-12-05 19:50:00,0.7938066,1.3375411
2017-12-05 20:00:00,0.7787138,1.3463091
2017-12-05 20:10:00,0.81896126,1.3516811
2017-12-05 20:20:00,0.8323771,1.3321162
2017-12-05 20:30:00,0.8038685,1.3197422
2017-12-05 20:40:00,0.77452135,1.24484
2017-12-05 20:50:00,0.69570345,1.1160873
2017-12-05 21:00:00,0.6403632,0.90847594
2017-12-05 21:10:00,0.6043082,0.7357588
2017-12-05 21:20:00,0.5380676,0.71296424
2017-12-05 21:30:00,0.4785349,0.59786016
2017-12-05 21:40:00,0.40474793,0.30231375
2017-12-05 21:50:00,0.3863012,0.24514875
2017-12-05 22:00:00,0.34521523,0.14211786
2017-12-05 22:10:00,0.25382,0.035911363
2017-12-05 22:20:00,0.14146253,-0.09585892
2017-12-05 22:30:00,0.025751112,-0.16180852
2017-12-05 22:40:00,-0.06983658,-0.17258191
2017-12-05 22:50:00,-0.16123183,-0.038229346
2017-12-05 23:00:00,-0.2861666,-0.14768113
2017-12-05 23:10:00,-0.39517012,-0.6911573
2017-12-05 23:20:00,-0.45973375,-0.49932343
2017-12-05 23:30:00,-0.6005998,-0.8800533
2017-12-05 23:40:00,-0.7054109,-0.97697335
2017-12-05 23:50:00,-0.808545,-1.0067308
2017-12-06 00:00:00,-0.9016172,-0.88271856
2017-12-06 00:10:00,-1.0039128,-0.8443793
2017-12-06 00:20:00,-1.0324215,-0.84409076
2017-12-06 00:30:00,-1.0860847,-0.9572471
2017-12-06 00:40:00,-1.1892188,-1.0475078
2017-12-06 00:50:00,-1.2026346,-1.1056741
2017-12-06 01:00:00,-1.2621673,-1.1402395
2017-12-06 01:10:00,-1.3099611,-1.1829239
2017-12-06 01:20:00,-1.3711708,-1.2159349
2017-12-06 01:30:00,-1.3854251,-1.2487305
2017-12-06 01:40:00,-1.4130952,-1.2546986
2017-12-06 01:50:00,-1.4516656,-1.2350211
2017-12-06 02:00:00,-1.4784973,-1.2222074
2017-12-06 02:10:00,-1.5212603,-1.2212592
2017-12-06 02:20:00,-1.5724081,-1.2441108
2017-12-06 02:30:00,-1.5581537,-1.2442514
2017-12-06 02:40:00,-1.5900162,-1.241761
2017-12-06 02:50:00,-1.5967242,-1.2338783
2017-12-06 03:00:00,-1.6302637,-1.2184236
2017-12-06 03:10:00,-1.6176864,-1.1816149
2017-12-06 03:20:00,-1.6336176,-1.1632657
2017-12-06 03:30:00,-1.6411641,-1.1409656
2017-12-06 03:40:00,-1.6319407,-1.1294922
2017-12-06 03:50:00,-1.6235558,-1.1487546
2017-12-06 04:00:00,-1.6168479,-1.0525858
2017-12-06 04:10:00,-1.6260713,-1.0195369
2017-12-06 04:20:00,-1.6143324,-0.96455365
2017-12-06 04:30:00,-1.6185249,-1.0730392
2017-12-06 04:40:00,-1.608463,-1.1597375
2017-12-06 04:50:00,-1.577439,-1.2506671
2017-12-06 05:00:00,-1.5405455,-1.30952
2017-12-06 05:10:00,-1.539707,-1.3340939
2017-12-06 05:20:00,-1.5464149,-1.374095
2017-12-06 05:30:00,-1.5070059,-1.4198742
2017-12-06 05:40:00,-1.395487,-1.4273174
2017-12-06 05:50:00,-1.4147722,-1.4268746
2017-12-06 06:00:00,-1.4273496,-1.4148269
2017-12-06 06:10:00,-1.3871021,-1.4013528
2017-12-06 06:20:00,-1.3460162,-1.3850021
2017-12-06 06:30:00,-1.3384697,-1.3725065
2017-12-06 06:40:00,-1.428188,-1.3581948
2017-12-06 06:50:00,-1.5279682,-1.3521158
2017-12-06 07:00:00,-1.500298,-1.3413038
2017-12-06 07:10:00,-1.4793358,-1.3070049
2017-12-06 07:20:00,-1.4365729,-1.2706951
2017-12-06 07:30:00,-1.3988409,-1.2374226
2017-12-06 07:40:00,-1.429865,-1.1815717
2017-12-06 07:50:00,-1.4508272,-1.1326895
2017-12-06 08:00:00,-1.3845866,-1.0936083
2017-12-06 08:10:00,-1.2780986,-0.97436017
2017-12-06 08:20:00,-1.1799954,-0.8997653
2017-12-06 08:30:00,-1.0953081,-0.8270569
2017-12-06 08:40:00,-1.0181671,-0.7156794
2017-12-06 08:50:00,-0.9821121,-0.5910929
2017-12-06 09:00:00,-0.93012583,-0.53914595
2017-12-06 09:10:00,-0.808545,-0.42355943
2017-12-06 09:20:00,-0.7255346,-0.3406322
2017-12-06 09:30:00,-0.7045724,-0.31318617
2017-12-06 09:40:00,-0.6224005,-0.21774106
2017-12-06 09:50:00,-0.6156926,-0.09596841
2017-12-06 10:00:00,-0.56119084,-0.071749404
2017-12-06 10:10:00,-0.5502905,-0.0040002093
2017-12-06 10:20:00,-0.51172006,0.1415105
2017-12-06 10:30:00,-0.4270327,0.13242418
2017-12-06 10:40:00,-0.3960086,0.21714503
2017-12-06 10:50:00,-0.36330757,0.27169675
2017-12-06 11:00:00,-0.37336943,0.25697076
2017-12-06 11:10:00,-0.33060652,0.25852892
2017-12-06 11:20:00,-0.2895206,0.25087255
2017-12-06 11:30:00,-0.25514254,0.21836887
2017-12-06 11:40:00,-0.24508068,0.18998669
2017-12-06 11:50:00,-0.22998789,0.18647633
2017-12-06 12:00:00,-0.24759614,0.2174394
2017-12-06 12:10:00,-0.19896382,0.23172683
2017-12-06 12:20:00,-0.17129369,0.23489906
2017-12-06 12:30:00,-0.19141743,0.23599099
2017-12-06 12:40:00,-0.1637473,0.24242681
2017-12-06 12:50:00,-0.12853079,0.24827236
2017-12-06 13:00:00,-0.12433834,0.2700315
2017-12-06 13:10:00,-0.12098438,0.26389217
2017-12-06 13:20:00,-0.13775416,0.27007163
2017-12-06 13:30:00,-0.1419466,0.23142038
2017-12-06 13:40:00,-0.1562009,0.15997976
2017-12-06 13:50:00,-0.16039334,0.04752031
2017-12-06 14:00:00,-0.16793974,0.035337947
2017-12-06 14:10:00,-0.14446206,0.10606192
2017-12-06 14:20:00,-0.15955485,0.07238839
2017-12-06 14:30:00,-0.20483324,0.06232719
2017-12-06 14:40:00,-0.20483324,0.072409995
2017-12-06 14:50:00,-0.23501882,0.050494928
2017-12-06 15:00:00,-0.27778172,0.04553981
2017-12-06 15:10:00,-0.2895206,0.0056155063
2017-12-06 15:20:00,-0.30461338,-0.0041390434
2017-12-06 15:30:00,-0.31551373,-0.015884645
2017-12-06 15:40:00,-0.34066838,-0.03048189
2017-12-06 15:50:00,-0.38678524,-0.052340522
2017-12-06 16:00:00,-0.3960086,-0.060848884
2017-12-06 16:10:00,-0.34486082,-0.06396225
2017-12-06 16:20:00,-0.34402233,-0.068751335
2017-12-06 16:30:00,-0.28365114,-0.06365603
2017-12-06 16:40:00,-0.19980231,-0.07212058
2017-12-06 16:50:00,-0.17213218,-0.078748465
2017-12-06 17:00:00,-0.0539053,-0.079167634
2017-12-06 17:10:00,0.18170998,-0.069385216
2017-12-06 17:20:00,0.6185625,-0.05592431
2017-12-06 17:30:00,0.8726245,-0.054020166
2017-12-06 17:40:00,0.9388651,-0.036053494
2017-12-06 17:50:00,0.9497655,0.004531905
2017-12-06 18:00:00,0.95311946,0.012127083
2017-12-06 18:10:00,0.948927,0.05400812
2017-12-06 18:20:00,0.94725,0.116214566
2017-12-06 18:30:00,0.9640198,0.2648965
2017-12-06 18:40:00,0.94138056,0.52355206
2017-12-06 18:50:00,0.91454893,0.889008
2017-12-06 19:00:00,0.9204184,1.0125315
2017-12-06 19:10:00,0.911195,1.0952812
2017-12-06 19:20:00,0.9170644,1.1239812
2017-12-06 19:30:00,0.8541778,1.169008
2017-12-06 19:40:00,0.8105764,1.1926641
2017-12-06 19:50:00,0.7870987,1.244449
2017-12-06 20:00:00,0.7518822,1.2411728
2017-12-06 20:10:00,0.8248307,1.244881
2017-12-06 20:20:00,0.84243894,1.2371218
2017-12-06 20:30:00,0.82566917,1.2732235
2017-12-06 20:40:00,0.7854217,1.2465408
2017-12-06 20:50:00,0.70241135,1.1567907
2017-12-06 21:00:00,0.6412017,0.95988154
2017-12-06 21:10:00,0.62275493,0.7811621
2017-12-06 21:20:00,0.5674147,0.71529466
2017-12-06 21:30:00,0.5020126,0.55897534
2017-12-06 21:40:00,0.4433184,0.28711838
2017-12-06 21:50:00,0.42571014,0.25296044
2017-12-06 22:00:00,0.36869293,0.16054218
2017-12-06 22:10:00,0.2890365,0.044496592
2017-12-06 22:20:00,0.18925637,-0.12751001
2017-12-06 22:30:00,0.09534566,-0.22552894
2017-12-06 22:40:00,-0.030427622,-0.19579627
2017-12-06 22:50:00,-0.12517683,-0.09456824
2017-12-06 23:00:00,-0.2584965,-0.22751181
2017-12-06 23:10:00,-0.38091582,-0.76461
2017-12-06 23:20:00,-0.5033352,-0.6951065
2017-12-06 23:30:00,-0.624916,-0.7724984
2017-12-06 23:40:00,-0.7037339,-0.9704878
2017-12-06 23:50:00,-0.7850673,-1.0694349
2017-12-07 00:00:00,-0.89323235,-1.0856293
2017-12-07 00:10:00,-0.97791964,-1.0502088
2017-12-07 00:20:00,-1.0617685,-0.9895765
2017-12-07 00:30:00,-1.1137547,-0.9928946
2017-12-07 00:40:00,-1.174126,-1.0192479
2017-12-07 00:50:00,-1.2219198,-1.1011709
2017-12-07 01:00:00,-1.3149921,-1.1633122
2017-12-07 01:10:00,-1.3367927,-1.1987623
2017-12-07 01:20:00,-1.3795557,-1.2366366
2017-12-07 01:30:00,-1.4097413,-1.265931
2017-12-07 01:40:00,-1.4449577,-1.2896869
2017-12-07 01:50:00,-1.4843668,-1.30322
2017-12-07 02:00:00,-1.498621,-1.305208
2017-12-07 02:10:00,-1.539707,-1.299886
2017-12-07 02:20:00,-1.606786,-1.3103751
2017-12-07 02:30:00,-1.7032123,-1.3053379
2017-12-07 02:40:00,-1.6923119,-1.2871746
2017-12-07 02:50:00,-1.647872,-1.2611042
2017-12-07 03:00:00,-1.6646417,-1.2324266
2017-12-07 03:10:00,-1.6696727,-1.2020588
2017-12-07 03:20:00,-1.6587723,-1.1885662
2017-12-07 03:30:00,-1.6713496,-1.16896
2017-12-07 03:40:00,-1.7090816,-1.1609902
2017-12-07 03:50:00,-1.6688342,-1.1782104
2017-12-07 04:00:00,-1.6512259,-1.0682796
2017-12-07 04:10:00,-1.6688342,-1.0404837
2017-12-07 04:20:00,-1.6663188,-1.0136497
2017-12-07 04:30:00,-1.6352947,-1.0864846
2017-12-07 04:40:00,-1.6537415,-1.174861
2017-12-07 04:50:00,-1.6420026,-1.2520709
2017-12-07 05:00:00,-1.6126555,-1.3119898
2017-12-07 05:10:00,-1.6076245,-1.3385903
2017-12-07 05:20:00,-1.6227174,-1.378428
2017-12-07 05:30:00,-1.577439,-1.42296
2017-12-07 05:40:00,-1.4592121,-1.4299833
2017-12-07 05:50:00,-1.4432808,-1.4262921
2017-12-07 06:00:00,-1.4617275,-1.4126328
2017-12-07 06:10:00,-1.470951,-1.3977653
2017-12-07 06:20:00,-1.4047103,-1.3839765
2017-12-07 06:30:00,-1.39381,-1.3723032
2017-12-07 06:40:00,-1.4223186,-1.3579308
2017-12-07 06:50:00,-1.5631846,-1.3513812
2017-12-07 07:00:00,-1.5355146,-1.3419796
2017-12-07 07:10:00,-1.4935901,-1.3103734
2017-12-07 07:20:00,-1.462566,-1.2757635
2017-12-07 07:30:00,-1.4558581,-1.2454531
2017-12-07 07:40:00,-1.4852052,-1.1922636
2017-12-07 07:50:00,-1.5111984,-1.148307
2017-12-07 08:00:00,-1.383748,-1.1147045
2017-12-07 08:10:00,-1.3107996,-1.0006838
2017-12-07 08:20:00,-1.2126964,-0.9202422
2017-12-07 08:30:00,-1.1732875,-0.8596931
2017-12-07 08:40:00,-1.0886002,-0.7607581
2017-12-07 08:50:00,-1.0382909,-0.6296497
2017-12-07 09:00:00,-0.9393492,-0.59746116
2017-12-07 09:10:00,-0.84627694,-0.49143362
2017-12-07 09:20:00,-0.79429066,-0.39290386
2017-12-07 09:30:00,-0.6760638,-0.36075395
2017-12-07 09:40:00,-0.6618095,-0.2642429
2017-12-07 09:50:00,-0.588861,-0.14538431
2017-12-07 10:00:00,-0.5938919,-0.1083543
2017-12-07 10:10:00,-0.51339704,-0.034797974
2017-12-07 10:20:00,-0.46224922,0.12281756
2017-12-07 10:30:00,-0.403555,0.105308056
2017-12-07 10:40:00,-0.37085396,0.19766752
2017-12-07 10:50:00,-0.36917698,0.25820655
2017-12-07 11:00:00,-0.34318385,0.23941112
2017-12-07 11:10:00,-0.2517886,0.26054773
2017-12-07 11:20:00,-0.24424219,0.26468754
2017-12-07 11:30:00,-0.22411847,0.23651713
2017-12-07 11:40:00,-0.17464764,0.18477769
2017-12-07 11:50:00,-0.18051706,0.15212724
2017-12-07 12:00:00,-0.23082638,0.19245578
2017-12-07 12:10:00,-0.17213218,0.18111284
2017-12-07 12:20:00,-0.15703939,0.17824551
2017-12-07 12:30:00,-0.18219404,0.16237807
2017-12-07 12:40:00,-0.16710125,0.17837587
2017-12-07 12:50:00,-0.18806346,0.18740006
2017-12-07 13:00:00,-0.22495696,0.21192768
2017-12-07 13:10:00,-0.26185045,0.20251097
2017-12-07 13:20:00,-0.26939684,0.19757102
2017-12-07 13:30:00,-0.26017347,0.20367633
2017-12-07 13:40:00,-0.31215978,0.18714227
2017-12-07 13:50:00,-0.34905326,0.10113637
2017-12-07 14:00:00,-0.29874396,0.016479634
2017-12-07 14:10:00,-0.30629036,-0.044022433
2017-12-07 14:20:00,-0.31215978,0.07313715
2017-12-07 14:30:00,-0.3096443,0.022794858
2017-12-07 14:40:00,-0.2861666,0.00821238
2017-12-07 14:50:00,-0.34318385,-0.048460916
2017-12-07 15:00:00,-0.38762373,-0.07714033
2017-12-07 15:10:00,-0.3607921,-0.06778228
2017-12-07 15:20:00,-0.36666152,-0.096476
2017-12-07 15:30:00,-0.40187803,-0.12493226
2017-12-07 15:40:00,-0.41697085,-0.122834936
2017-12-07 15:50:00,-0.41277838,-0.11258571
2017-12-07 16:00:00,-0.41780934,-0.09016985
2017-12-07 16:10:00,-0.41361687,-0.08077867
2017-12-07 16:20:00,-0.37253094,-0.08219759
2017-12-07 16:30:00,-0.34318385,-0.074814856
2017-12-07 16:40:00,-0.25514254,-0.06279864
2017-12-07 16:50:00,-0.15452392,-0.05039476
2017-12-07 17:00:00,-0.022042736,-0.052444734
2017-12-07 17:10:00,0.19596428,-0.035896853
2017-12-07 17:20:00,0.6219165,-0.0023459569
2017-12-07 17:30:00,0.909518,0.022870976
2017-12-07 17:40:00,0.98330504,0.04525852
2017-12-07 17:50:00,1.0017518,0.0854494
2017-12-07 18:00:00,0.97492015,0.06662395
2017-12-07 18:10:00,0.9824665,0.114807695
2017-12-07 18:20:00,0.98162806,0.14864002
2017-12-07 18:30:00,0.97240466,0.24904196
2017-12-07 18:40:00,0.96821225,0.3437996
2017-12-07 18:50:00,0.9623428,0.4789521
2017-12-07 19:00:00,0.95479643,0.6706694
2017-12-07 19:10:00,0.9556349,0.9072861
2017-12-07 19:20:00,0.89107126,1.0137647
2017-12-07 19:30:00,0.8617242,1.0398563
2017-12-07 19:40:00,0.8072224,1.0899422
2017-12-07 19:50:00,0.799676,1.1770165
2017-12-07 20:00:00,0.78122926,1.1827836
2017-12-07 20:10:00,0.84076196,1.1728598
2017-12-07 20:20:00,0.8382465,1.1142302
2017-12-07 20:30:00,0.8307001,1.03128
2017-12-07 20:40:00,0.801353,0.8657385
2017-12-07 20:50:00,0.7569131,0.6631822
2017-12-07 21:00:00,0.67138726,0.518132
2017-12-07 21:10:00,0.6420402,0.5431177
2017-12-07 21:20:00,0.59256935,0.6650651
2017-12-07 21:30:00,0.51962084,0.55934536
2017-12-07 21:40:00,0.43828747,0.33809775
2017-12-07 21:50:00,0.40474793,0.25854003
2017-12-07 22:00:00,0.3032908,0.14641245
2017-12-07 22:10:00,0.2454351,0.03559695
2017-12-07 22:20:00,0.19093335,-0.08174907
2017-12-07 22:30:00,0.103730544,-0.13525766
2017-12-07 22:40:00,0.006465874,-0.09089047
2017-12-07 22:50:00,-0.1276923,0.050488036
2017-12-07 23:00:00,-0.24424219,-0.12961884
2017-12-07 23:10:00,-0.34234536,-0.74607164
2017-12-07 23:20:00,-0.4555413,-0.83753616
2017-12-07 23:30:00,-0.549452,-0.9426077
2017-12-07 23:40:00,-0.6509091,-1.0599853
2017-12-07 23:50:00,-0.7649436,-1.1025348
2017-12-08 00:00:00,-0.85298485,-1.0981587
2017-12-08 00:10:00,-0.93012583,-1.0719724
2017-12-08 00:20:00,-1.0064282,-1.0047904
2017-12-08 00:30:00,-1.0676379,-1.0165088
2017-12-08 00:40:00,-1.131363,-1.0661452
2017-12-08 00:50:00,-1.1791569,-1.109519
2017-12-08 01:00:00,-1.2244353,-1.14985
2017-12-08 01:10:00,-1.2688752,-1.1760416
2017-12-08 01:20:00,-1.316669,-1.217722
2017-12-08 01:30:00,-1.3653014,-1.2539761
2017-12-08 01:40:00,-1.3736862,-1.2855917
2017-12-08 01:50:00,-1.4080642,-1.2979853
2017-12-08 02:00:00,-1.4508272,-1.3006761
2017-12-08 02:10:00,-1.46592,-1.2870911
2017-12-08 02:20:00,-1.5288067,-1.2857132
2017-12-08 02:30:00,-1.5606692,-1.2779114
2017-12-08 02:40:00,-1.5799544,-1.279409
2017-12-08 02:50:00,-1.5891778,-1.2785192
2017-12-08 03:00:00,-1.6227174,-1.2797487
2017-12-08 03:10:00,-1.6319407,-1.2493671
2017-12-08 03:20:00,-1.6378101,-1.2189279
2017-12-08 03:30:00,-1.6713496,-1.1936951
2017-12-08 03:40:00,-1.6721882,-1.1407975
2017-12-08 03:50:00,-1.6545799,-1.0816523
2017-12-08 04:00:00,-1.6352947,-1.060912
2017-12-08 04:10:00,-1.652903,-1.0028558
2017-12-08 04:20:00,-1.6352947,-0.9364211
2017-12-08 04:30:00,-1.6311022,-1.0865345
2017-12-08 04:40:00,-1.6386486,-1.1853004
2017-12-08 04:50:00,-1.608463,-1.2480843
2017-12-08 05:00:00,-1.5858239,-1.3093668
2017-12-08 05:10:00,-1.574085,-1.3385313
2017-12-08 05:20:00,-1.5866623,-1.3742496
2017-12-08 05:30:00,-1.5833083,-1.420277
2017-12-08 05:40:00,-1.4575351,-1.4256268
2017-12-08 05:50:00,-1.4516656,-1.4242711
2017-12-08 06:00:00,-1.4734664,-1.4152069
2017-12-08 06:10:00,-1.4575351,-1.4006381
2017-12-08 06:20:00,-1.4365729,-1.3874034
2017-12-08 06:30:00,-1.397164,-1.3758087
2017-12-08 06:40:00,-1.4399269,-1.360929
2017-12-08 06:50:00,-1.541384,-1.3523399
2017-12-08 07:00:00,-1.5288067,-1.3376116
2017-12-08 07:10:00,-1.46592,-1.2966717
2017-12-08 07:20:00,-1.4541812,-1.2554976
2017-12-08 07:30:00,-1.4600506,-1.2175109
2017-12-08 07:40:00,-1.4852052,-1.156709
2017-12-08 07:50:00,-1.4902362,-1.1021141
2017-12-08 08:00:00,-1.4307035,-1.0727067
2017-12-08 08:10:00,-1.3250539,-0.95896584
2017-12-08 08:20:00,-1.2185658,-0.87672776
2017-12-08 08:30:00,-1.134717,-0.7990506
2017-12-08 08:40:00,-1.0735073,-0.689545
2017-12-08 08:50:00,-1.0366138,-0.57156134
2017-12-08 09:00:00,-1.0047513,-0.53837144
2017-12-08 09:10:00,-0.8588543,-0.4327395
2017-12-08 09:20:00,-0.81609136,-0.35202348
2017-12-08 09:30:00,-0.76829755,-0.32067633
2017-12-08 09:40:00,-0.73978895,-0.21703441
2017-12-08 09:50:00,-0.65174764,-0.06457713
2017-12-08 10:00:00,-0.5603524,-0.02434919
2017-12-08 10:10:00,-0.50920457,0.06748461
2017-12-08 10:20:00,-0.5016582,0.214545
2017-12-08 10:30:00,-0.45218736,0.18801607
2017-12-08 10:40:00,-0.403555,0.2519503
2017-12-08 10:50:00,-0.3901392,0.29131526
2017-12-08 11:00:00,-0.33647594,0.26493186
2017-12-08 11:10:00,-0.3322835,0.25898775
2017-12-08 11:20:00,-0.29371303,0.23338903
2017-12-08 11:30:00,-0.25346556,0.18525544
2017-12-08 11:40:00,-0.2148951,0.14564338
2017-12-08 11:50:00,-0.24508068,0.13723105
2017-12-08 12:00:00,-0.333122,0.15320408
2017-12-08 12:10:00,-0.4345791,0.14538625
2017-12-08 12:20:00,-0.38678524,0.15336299
2017-12-08 12:30:00,-0.4119399,0.18456504
2017-12-08 12:40:00,-0.40020105,0.19262604
2017-12-08 12:50:00,-0.4119399,0.1710411
2017-12-08 13:00:00,-0.39433163,0.20217425
2017-12-08 13:10:00,-0.34402233,0.27285206
2017-12-08 13:20:00,-0.32306013,0.2606038
2017-12-08 13:30:00,-0.35492268,0.21887605
2017-12-08 13:40:00,-0.33563745,0.19938773
2017-12-08 13:50:00,-0.36666152,0.20126036
2017-12-08 14:00:00,-0.39433163,0.21108729
2017-12-08 14:10:00,-0.37840036,0.20749268
2017-12-08 14:20:00,-0.39349315,0.27961165
2017-12-08 14:30:00,-0.40858594,0.20108956
2017-12-08 14:40:00,-0.38091582,0.15501614
2017-12-08 14:50:00,-0.39349315,0.055779234
2017-12-08 15:00:00,-0.4924348,-0.0066800714
2017-12-08 15:10:00,-0.45218736,-0.026961185
2017-12-08 15:20:00,-0.41445535,-0.034876786
2017-12-08 15:30:00,-0.43122515,-0.04519327
2017-12-08 15:40:00,-0.4572183,-0.07405788
2017-12-08 15:50:00,-0.48824236,-0.109398514
2017-12-08 16:00:00,-0.4639262,-0.10358921
2017-12-08 16:10:00,-0.4697956,-0.08249231
2017-12-08 16:20:00,-0.4706341,-0.07035005
2017-12-08 16:30:00,-0.38594675,-0.05659727
2017-12-08 16:40:00,-0.33647594,-0.043276533
2017-12-08 16:50:00,-0.27526626,-0.038936675
2017-12-08 17:00:00,-0.16626276,-0.06612803
2017-12-08 17:10:00,0.06599856,-0.06870215
2017-12-08 17:20:00,0.45924968,-0.06864609
2017-12-08 17:30:00,0.7854217,-0.061948404
2017-12-08 17:40:00,0.8667551,-0.032349885
2017-12-08 17:50:00,0.8726245,0.0058559254
2017-12-08 18:00:00,0.8265077,-0.019095704
2017-12-08 18:10:00,0.8483084,0.010776967
2017-12-08 18:20:00,0.85585475,0.0657541
2017-12-08 18:30:00,0.8726245,0.17762417
2017-12-08 18:40:00,0.8810094,0.39094776
2017-12-08 18:50:00,0.85837024,0.81766903
2017-12-08 19:00:00,0.8197998,0.94328916
2017-12-08 19:10:00,0.82566917,1.054601
2017-12-08 19:20:00,0.81225336,1.0629361
2017-12-08 19:30:00,0.7778753,1.1341213
2017-12-08 19:40:00,0.7451743,1.1414742
2017-12-08 19:50:00,0.75439763,1.1833363
2017-12-08 20:00:00,0.74014336,1.1808729
2017-12-08 20:10:00,0.81141484,1.1993352
2017-12-08 20:20:00,0.837408,1.2145236
2017-12-08 20:30:00,0.7845832,1.1962928
2017-12-08 20:40:00,0.73762786,1.1234022
2017-12-08 20:50:00,0.70492685,1.0082762
2017-12-08 21:00:00,0.6403632,0.90064514
2017-12-08 21:10:00,0.56489927,0.70457
2017-12-08 21:20:00,0.5380676,0.70848596
2017-12-08 21:30:00,0.4642806,0.633902
2017-12-08 21:40:00,0.44751084,0.40083516
2017-12-08 21:50:00,0.4148098,0.28481913
2017-12-08 22:00:00,0.35863104,0.16809638
2017-12-08 22:10:00,0.3041293,0.0361788
2017-12-08 22:20:00,0.2026722,-0.12052819
2017-12-08 22:30:00,0.13391612,-0.17882185
2017-12-08 22:40:00,0.03748995,-0.1824112
2017-12-08 22:50:00,-0.07067507,-0.018202305
2017-12-08 23:00:00,-0.16123183,-0.06633268
2017-12-08 23:10:00,-0.25933498,-0.72033465
2017-12-08 23:20:00,-0.33731443,-0.5760767
2017-12-08 23:30:00,-0.44380248,-0.8288998
2017-12-08 23:40:00,-0.5938919,-0.8913018
2017-12-08 23:50:00,-0.7037339,-0.98090667
2017-12-09 00:00:00,-0.7867443,-0.94598407
2017-12-09 00:10:00,-0.84040755,-0.83085614
2017-12-09 00:20:00,-0.9234179,-0.6921169
2017-12-09 00:30:00,-0.9988819,-0.88926226
2017-12-09 00:40:00,-1.069315,-1.0181776
2017-12-09 00:50:00,-1.1263322,-1.0916189
2017-12-09 01:00:00,-1.2001191,-1.1376462
2017-12-09 01:10:00,-1.2655213,-1.1910055
2017-12-09 01:20:00,-1.3116381,-1.2290335
2017-12-09 01:30:00,-1.3074456,-1.2564046
2017-12-09 01:40:00,-1.3619474,-1.2676343
2017-12-09 01:50:00,-1.4432808,-1.28168
2017-12-09 02:00:00,-1.4617275,-1.2926699
2017-12-09 02:10:00,-1.4919131,-1.2894913
2017-12-09 02:20:00,-1.5522844,-1.299795
2017-12-09 02:30:00,-1.5782775,-1.2939688
2017-12-09 02:40:00,-1.6025937,-1.2571851
2017-12-09 02:50:00,-1.6269097,-1.2333477
2017-12-09 03:00:00,-1.6017551,-1.2085582
2017-12-09 03:10:00,-1.6235558,-1.1781878
2017-12-09 03:20:00,-1.611817,-1.1791284
2017-12-09 03:30:00,-1.6327792,-1.1855447
2017-12-09 03:40:00,-1.6537415,-1.1826764
2017-12-09 03:50:00,-1.6621263,-1.1874207
2017-12-09 04:00:00,-1.6570954,-1.0632315
2017-12-09 04:10:00,-1.6679957,-1.0294788
2017-12-09 04:20:00,-1.6554184,-1.0093125
2017-12-09 04:30:00,-1.6587723,-1.0796218
2017-12-09 04:40:00,-1.644518,-1.1908221
2017-12-09 04:50:00,-1.611817,-1.2424226
2017-12-09 05:00:00,-1.6285868,-1.283378
2017-12-09 05:10:00,-1.6202018,-1.3371246
2017-12-09 05:20:00,-1.6017551,-1.3715947
2017-12-09 05:30:00,-1.5807929,-1.4203993
2017-12-09 05:40:00,-1.4491502,-1.4257232
2017-12-09 05:50:00,-1.4047103,-1.4231654
2017-12-09 06:00:00,-1.4499887,-1.4176911
2017-12-09 06:10:00,-1.4416038,-1.401762
2017-12-09 06:20:00,-1.4214801,-1.3893741
2017-12-09 06:30:00,-1.4550196,-1.3709239
2017-12-09 06:40:00,-1.5422225,-1.356489
2017-12-09 06:50:00,-1.6688342,-1.3497025
2017-12-09 07:00:00,-1.721659,-1.3391619
2017-12-09 07:10:00,-1.7040508,-1.3052334
2017-12-09 07:20:00,-1.6696727,-1.2727125
2017-12-09 07:30:00,-1.6436796,-1.241648
2017-12-09 07:40:00,-1.6503875,-1.1832403
2017-12-09 07:50:00,-1.6076245,-1.134704
2017-12-09 08:00:00,-1.5111984,-1.0967323
2017-12-09 08:10:00,-1.4843668,-0.98205906
2017-12-09 08:20:00,-1.3963255,-0.90512437
2017-12-09 08:30:00,-1.3242154,-0.83403784
2017-12-09 08:40:00,-1.2529439,-0.72226954
2017-12-09 08:50:00,-1.2126964,-0.59346
2017-12-09 09:00:00,-1.0793768,-0.5595663
2017-12-09 09:10:00,-0.9376722,-0.45693272
2017-12-09 09:20:00,-0.87562406,-0.37180847
2017-12-09 09:30:00,-0.8194453,-0.33987713
2017-12-09 09:40:00,-0.7515278,-0.24409913
2017-12-09 09:50:00,-0.6961875,-0.12311503
2017-12-09 10:00:00,-0.6743868,-0.09526621
2017-12-09 10:10:00,-0.61233866,-0.026454948
2017-12-09 10:20:00,-0.55280596,0.1275935
2017-12-09 10:30:00,-0.4697956,0.11720016
2017-12-09 10:40:00,-0.39097768,0.20659812
2017-12-09 10:50:00,-0.35743815,0.27462777
2017-12-09 11:00:00,-0.33647594,0.2574056
2017-12-09 11:10:00,-0.30629036,0.2736714
2017-12-09 11:20:00,-0.29874396,0.28140217
2017-12-09 11:30:00,-0.27694324,0.25891596
2017-12-09 11:40:00,-0.23082638,0.23893619
2017-12-09 11:50:00,-0.24004975,0.26113814
2017-12-09 12:00:00,-0.18387102,0.31314003
2017-12-09 12:10:00,-0.21321812,0.35198283
2017-12-09 12:20:00,-0.16207032,0.38259172
2017-12-09 12:30:00,-0.12266136,0.4179008
2017-12-09 12:40:00,-0.061451696,0.45827913
2017-12-09 12:50:00,-0.06480565,0.47740227
2017-12-09 13:00:00,-0.043843437,0.49264228
2017-12-09 13:10:00,-0.045520414,0.50191694
2017-12-09 13:20:00,-0.07654449,0.49292827
2017-12-09 13:30:00,-0.085767865,0.44120455
2017-12-09 13:40:00,-0.0975067,0.36274815
2017-12-09 13:50:00,-0.14362358,0.21041535
2017-12-09 14:00:00,-0.14446206,0.12439622
2017-12-09 14:10:00,-0.14446206,0.03135782
2017-12-09 14:20:00,-0.17632462,-0.0005911216
2017-12-09 14:30:00,-0.1930944,-0.03273227
2017-12-09 14:40:00,-0.24424219,0.074196875
2017-12-09 14:50:00,-0.22998789,0.027268719
2017-12-09 15:00:00,-0.22579545,0.022236932
2017-12-09 15:10:00,-0.21154115,0.014339995
2017-12-09 15:20:00,-0.26939684,0.0017716177
2017-12-09 15:30:00,-0.29119757,-0.019463927
2017-12-09 15:40:00,-0.31551373,-0.020761892
2017-12-09 15:50:00,-0.28448963,-0.0375181
2017-12-09 16:00:00,-0.29874396,-0.025130235
2017-12-09 16:10:00,-0.2861666,-0.02301345
2017-12-09 16:20:00,-0.2660429,-0.03150916
2017-12-09 16:30:00,-0.20651022,-0.035199642
2017-12-09 16:40:00,-0.11092252,-0.03959497
2017-12-09 16:50:00,-0.033781577,-0.04937865
2017-12-09 17:00:00,0.046713322,-0.061793506
2017-12-09 17:10:00,0.2546585,-0.06603609
2017-12-09 17:20:00,0.5976003,-0.06392576
2017-12-09 17:30:00,0.8323771,-0.062027104
2017-12-09 17:40:00,0.91957986,-0.048635513
2017-12-09 17:50:00,0.8893943,-0.0007169992
2017-12-09 18:00:00,0.9053256,0.0015430078
2017-12-09 18:10:00,0.8835249,0.07488378
2017-12-09 18:20:00,0.8835249,0.16725902
2017-12-09 18:30:00,0.89274824,0.33332473
2017-12-09 18:40:00,0.8852019,0.5441782
2017-12-09 18:50:00,0.8483084,0.91365516
2017-12-09 19:00:00,0.82315373,1.1134021
2017-12-09 19:10:00,0.86507815,1.2413951
2017-12-09 19:20:00,0.81393033,1.2684416
2017-12-09 19:30:00,0.8382465,1.3146081
2017-12-09 19:40:00,0.799676,1.3106766
2017-12-09 19:50:00,0.7627825,1.3523976
2017-12-09 20:00:00,0.7644595,1.3451469
2017-12-09 20:10:00,0.7510437,1.3518149
2017-12-09 20:20:00,0.72421205,1.3310648
2017-12-09 20:30:00,0.7141502,1.3173094
2017-12-09 20:40:00,0.7284045,1.2347125
2017-12-09 20:50:00,0.6504251,1.084771
2017-12-09 21:00:00,0.617724,0.86492336
2017-12-09 21:10:00,0.5875384,0.724021
2017-12-09 21:20:00,0.54896796,0.72877795
2017-12-09 21:30:00,0.50704354,0.62294847
2017-12-09 21:40:00,0.47769642,0.34811252
2017-12-09 21:50:00,0.4584112,0.21763659
2017-12-09 22:00:00,0.4064249,0.09207632
2017-12-09 22:10:00,0.3410228,-0.06378697
2017-12-09 22:20:00,0.25130454,-0.2565127
2017-12-09 22:30:00,0.19177184,-0.2822255
2017-12-09 22:40:00,0.103730544,-0.20736293
2017-12-09 22:50:00,0.034135997,-0.10761516
2017-12-09 23:00:00,-0.10421461,-0.41083658
2017-12-09 23:10:00,-0.19980231,-0.73932624
2017-12-09 23:20:00,-0.29287454,-0.62898535
2017-12-09 23:30:00,-0.40607047,-0.7808024
2017-12-09 23:40:00,-0.49578875,-0.93986195
2017-12-09 23:50:00,-0.5972459,-1.0343668
2017-12-10 00:00:00,-0.71966517,-0.98078495
2017-12-10 00:10:00,-0.7582357,-0.9469171
2017-12-10 00:20:00,-0.84040755,-0.90234405
2017-12-10 00:30:00,-0.918387,-0.94351894
2017-12-10 00:40:00,-0.98714304,-0.88099295
2017-12-10 00:50:00,-1.0533836,-1.034872
2017-12-10 01:00:00,-1.136394,-1.1230966
2017-12-10 01:10:00,-1.201796,-1.1886832
2017-12-10 01:20:00,-1.2185658,-1.2268519
2017-12-10 01:30:00,-1.2537824,-1.2292261
2017-12-10 01:40:00,-1.3024148,-1.1830392
2017-12-10 01:50:00,-1.316669,-1.1271828
2017-12-10 02:00:00,-1.3527241,-1.0754558
2017-12-10 02:10:00,-1.429865,-1.1878915
2017-12-10 02:20:00,-1.4432808,-1.2758298
2017-12-10 02:30:00,-1.4608891,-1.2966015
2017-12-10 02:40:00,-1.4793358,-1.2066641
2017-12-10 02:50:00,-1.4977826,-1.1740347
2017-12-10 03:00:00,-1.5388685,-1.1256015
2017-12-10 03:10:00,-1.5631846,-1.122832
2017-12-10 03:20:00,-1.6193634,-1.150231
2017-12-10 03:30:00,-1.6596109,-1.1731486
2017-12-10 03:40:00,-1.6830885,-1.1857955
2017-12-10 03:50:00,-1.6772192,-1.2115797
2017-12-10 04:00:00,-1.6738652,-1.066382
2017-12-10 04:10:00,-1.647872,-1.0418335
2017-12-10 04:20:00,-1.6554184,-1.0316685
2017-12-10 04:30:00,-1.611817,-1.0728416
2017-12-10 04:40:00,-1.6042706,-1.1815294
2017-12-10 04:50:00,-1.5984012,-1.2349287
2017-12-10 05:00:00,-1.6218789,-1.3035444
2017-12-10 05:10:00,-1.608463,-1.3544663
2017-12-10 05:20:00,-1.6093016,-1.3681631
2017-12-10 05:30:00,-1.5841469,-1.4160459
2017-12-10 05:40:00,-1.4885591,-1.420259
2017-12-10 05:50:00,-1.464243,-1.4289405
2017-12-10 06:00:00,-1.4994595,-1.425176
2017-12-10 06:10:00,-1.5011365,-1.4107995
2017-12-10 06:20:00,-1.4919131,-1.3949145
2017-12-10 06:30:00,-1.5070059,-1.3813102
2017-12-10 06:40:00,-1.6269097,-1.3555073
2017-12-10 06:50:00,-1.8063463,-1.3475536
2017-12-10 07:00:00,-1.9623052,-1.3381376
2017-12-10 07:10:00,-1.9924908,-1.3049439
2017-12-10 07:20:00,-2.0344152,-1.2684069
2017-12-10 07:30:00,-2.0168068,-1.2347326
2017-12-10 07:40:00,-1.9950062,-1.1882653
2017-12-10 07:50:00,-1.975721,-1.1473079
2017-12-10 08:00:00,-1.934635,-1.1105555
2017-12-10 08:10:00,-1.8801333,-1.0103202
2017-12-10 08:20:00,-1.7962844,-0.9474518
2017-12-10 08:30:00,-1.7568755,-0.88775545
2017-12-10 08:40:00,-1.6814115,-0.7770069
2017-12-10 08:50:00,-1.6277483,-0.64020866
2017-12-10 09:00:00,-1.5120368,-0.6099605
2017-12-10 09:10:00,-1.4457963,-0.48552722
2017-12-10 09:20:00,-1.3342773,-0.38494474
2017-12-10 09:30:00,-1.2152119,-0.35315627
2017-12-10 09:40:00,-1.1498098,-0.2632441
2017-12-10 09:50:00,-1.0324215,-0.15349534
2017-12-10 10:00:00,-0.920064,-0.13339263
2017-12-10 10:10:00,-0.81860685,-0.05744774
2017-12-10 10:20:00,-0.7355965,0.092451446
2017-12-10 10:30:00,-0.6810947,0.08553686
2017-12-10 10:40:00,-0.6349779,0.2076534
2017-12-10 10:50:00,-0.5930534,0.30108267
2017-12-10 11:00:00,-0.4924348,0.2731613
2017-12-10 11:10:00,-0.45889527,0.27050072
2017-12-10 11:20:00,-0.40774745,0.2531178
2017-12-10 11:30:00,-0.3675,0.2062018
2017-12-10 11:40:00,-0.36917698,0.14211738
2017-12-10 11:50:00,-0.36582303,0.16302717
2017-12-10 12:00:00,-0.39936256,0.18373553
2017-12-10 12:10:00,-0.40020105,0.22753851
2017-12-10 12:20:00,-0.41277838,0.27760315
2017-12-10 12:30:00,-0.47650352,0.34705722
2017-12-10 12:40:00,-0.5284898,0.3602745
2017-12-10 12:50:00,-0.50668913,0.4138323
2017-12-10 13:00:00,-0.48908085,0.4368083
2017-12-10 13:10:00,-0.50501215,0.43404186
2017-12-10 13:20:00,-0.5343592,0.43585026
2017-12-10 13:30:00,-0.5142355,0.43024957
2017-12-10 13:40:00,-0.51758945,0.41733915
2017-12-10 13:50:00,-0.49830422,0.41636688
2017-12-10 14:00:00,-0.477342,0.41992843
2017-12-10 14:10:00,-0.46895713,0.5689154
2017-12-10 14:20:00,-0.4555413,0.5528402
2017-12-10 14:30:00,-0.5033352,0.51318955
2017-12-10 14:40:00,-0.5796376,0.46741378
2017-12-10 14:50:00,-0.6089847,0.39527184
2017-12-10 15:00:00,-0.6333009,0.3780536
2017-12-10 15:10:00,-0.67354834,0.33274275
2017-12-10 15:20:00,-0.63833183,0.40457582
2017-12-10 15:30:00,-0.65174764,0.30700716
2017-12-10 15:40:00,-0.6819332,0.25327575
2017-12-10 15:50:00,-0.71295726,0.20298682
2017-12-10 16:00:00,-0.7104418,0.16165152
2017-12-10 16:10:00,-0.731404,0.110241145
2017-12-10 16:20:00,-0.71714973,0.08093192
2017-12-10 16:30:00,-0.7012184,0.05615899
2017-12-10 16:40:00,-0.62994695,0.04131126
2017-12-10 16:50:00,-0.5159125,0.03881607
2017-12-10 17:00:00,-0.42200178,0.025546797
2017-12-10 17:10:00,-0.22747242,0.026261382
2017-12-10 17:20:00,0.18170998,0.012359731
2017-12-10 17:30:00,0.45505723,-0.004785925
2017-12-10 17:40:00,0.5590298,-0.012721673
2017-12-10 17:50:00,0.5967618,0.016046237
2017-12-10 18:00:00,0.6051467,0.0130316615
2017-12-10 18:10:00,0.5892154,0.11231646
2017-12-10 18:20:00,0.5623838,0.25299466
2017-12-10 18:30:00,0.59508485,0.36918223
2017-12-10 18:40:00,0.5892154,0.4401077
2017-12-10 18:50:00,0.6244319,0.64423597
2017-12-10 19:00:00,0.63700926,0.78703153
2017-12-10 19:10:00,0.6814491,0.92911315
2017-12-10 19:20:00,0.67390275,1.0688087
2017-12-10 19:30:00,0.67390275,1.1721152
2017-12-10 19:40:00,0.65377903,1.1921394
2017-12-10 19:50:00,0.69151103,1.2332209
2017-12-10 20:00:00,0.7225351,1.2199941
2017-12-10 20:10:00,0.68983406,1.2140157
2017-12-10 20:20:00,0.6261089,1.1816944
2017-12-10 20:30:00,0.616047,1.1694571
2017-12-10 20:40:00,0.6110161,1.1130646
2017-12-10 20:50:00,0.55986834,0.9711808
2017-12-10 21:00:00,0.52884424,0.84521884
2017-12-10 21:10:00,0.51375145,0.6429309
2017-12-10 21:20:00,0.471827,0.6728038
2017-12-10 21:30:00,0.44751084,0.60921067
2017-12-10 21:40:00,0.37456235,0.41541415
2017-12-10 21:50:00,0.3326379,0.2486671
2017-12-10 22:00:00,0.28652105,0.09759873
2017-12-10 22:10:00,0.22698836,-0.055146575
2017-12-10 22:20:00,0.13810858,-0.17908329
2017-12-10 22:30:00,0.044197857,-0.16482031
2017-12-10 22:40:00,-0.0681596,-0.074439555
2017-12-10 22:50:00,-0.17464764,0.05625392
2017-12-10 23:00:00,-0.24004975,0.044547983
2017-12-10 23:10:00,-0.3398299,0.90314317
2017-12-10 23:20:00,-0.41361687,1.4187589
2017-12-10 23:30:00,-0.52010494,1.097051
2017-12-10 23:40:00,-0.6400088,0.5053539
2017-12-10 23:50:00,-0.7028954,0.285635
2017-12-11 00:00:00,-0.7758439,0.36322498
2017-12-11 00:10:00,-0.89155537,-0.27003026
2017-12-11 00:20:00,-0.9879815,-0.6484274
2017-12-11 00:30:00,-1.0558991,-0.9384474
2017-12-11 00:40:00,-1.1154318,-0.93489593
2017-12-11 00:50:00,-1.175803,-0.9316919
2017-12-11 01:00:00,-1.2194043,-1.028388
2017-12-11 01:10:00,-1.2579749,-1.1579359
2017-12-11 01:20:00,-1.2864834,-1.2177674
2017-12-11 01:30:00,-1.357755,-1.2596954
2017-12-11 01:40:00,-1.3678168,-1.2806169
2017-12-11 01:50:00,-1.4013563,-1.301824
2017-12-11 02:00:00,-1.424834,-1.3200581
2017-12-11 02:10:00,-1.4818512,-1.3357469
2017-12-11 02:20:00,-1.5019749,-1.360106
2017-12-11 02:30:00,-1.503652,-1.3558201
2017-12-11 02:40:00,-1.3686553,-1.3235141
2017-12-11 02:50:00,-1.3552395,-1.2845656
2017-12-11 03:00:00,-1.3653014,-1.2675178
2017-12-11 03:10:00,-1.39381,-1.2311653
2017-12-11 03:20:00,-1.3871021,-1.201689
2017-12-11 03:30:00,-1.428188,-1.1748368
2017-12-11 03:40:00,-1.5028135,-1.1256125
2017-12-11 03:50:00,-1.4944286,-1.0887856
2017-12-11 04:00:00,-1.4717894,-1.0618418
2017-12-11 04:10:00,-1.4474733,-1.0300866
2017-12-11 04:20:00,-1.392133,-1.0027798
2017-12-11 04:30:00,-1.4784973,-1.0914286
2017-12-11 04:40:00,-1.5388685,-1.1682575
2017-12-11 04:50:00,-1.5564767,-1.2372521
2017-12-11 05:00:00,-1.53803,-1.3059363
2017-12-11 05:10:00,-1.5657002,-1.344221
2017-12-11 05:20:00,-1.5673771,-1.3818148
2017-12-11 05:30:00,-1.53803,-1.4232919
2017-12-11 05:40:00,-1.4399269,-1.4265087
2017-12-11 05:50:00,-1.3820711,-1.4264483
2017-12-11 06:00:00,-1.3728478,-1.4167696
2017-12-11 06:10:00,-1.4164492,-1.3986549
2017-12-11 06:20:00,-1.3334388,-1.3847165
2017-12-11 06:30:00,-1.3124766,-1.372124
2017-12-11 06:40:00,-1.4055488,-1.3563844
2017-12-11 06:50:00,-1.5271297,-1.348594
2017-12-11 07:00:00,-1.4919131,-1.3350803
2017-12-11 07:10:00,-1.2646828,-1.2989417
2017-12-11 07:20:00,-1.244559,-1.262026
2017-12-11 07:30:00,-1.1867033,-1.2298521
2017-12-11 07:40:00,-1.1942497,-1.1792618
2017-12-11 07:50:00,-1.1942497,-1.1390898
2017-12-11 08:00:00,-1.0424833,-1.1049545
2017-12-11 08:10:00,-0.920064,-0.99895567
2017-12-11 08:20:00,-0.84627694,-0.91942245
2017-12-11 08:30:00,-0.7993216,-0.84874755
2017-12-11 08:40:00,-0.7557202,-0.7508841
2017-12-11 08:50:00,-0.6525861,-0.621578
2017-12-11 09:00:00,-0.53519773,-0.5952652
2017-12-11 09:10:00,-0.6198851,-0.4779148
2017-12-11 09:20:00,-0.72218066,-0.37668765
2017-12-11 09:30:00,-0.66432494,-0.34137172
2017-12-11 09:40:00,-0.59221494,-0.24950372
2017-12-11 09:50:00,-0.5695757,-0.111439526
2017-12-11 10:00:00,-0.48153445,-0.07619299
2017-12-11 10:10:00,-0.4270327,-0.0049542934
2017-12-11 10:20:00,-0.3398299,0.13727312
2017-12-11 10:30:00,-0.27023533,0.12825376
2017-12-11 10:40:00,-0.23585731,0.20046486
2017-12-11 10:50:00,-0.19560987,0.26421642
2017-12-11 11:00:00,-0.1276923,0.23352419
2017-12-11 11:10:00,-0.0975067,0.26239192
2017-12-11 11:20:00,-0.022042736,0.27374935
2017-12-11 11:30:00,0.04922879,0.28376108
2017-12-11 11:40:00,0.053421233,0.2810844
2017-12-11 11:50:00,0.09031473,0.30716455
2017-12-11 12:00:00,0.13391612,0.36437386
2017-12-11 12:10:00,0.16074777,0.41179758
2017-12-11 12:20:00,0.15907079,0.44697696
2017-12-11 12:30:00,0.14817044,0.48393196
2017-12-11 12:40:00,0.19596428,0.5113764
2017-12-11 12:50:00,0.15571684,0.5277813
2017-12-11 13:00:00,0.13223915,0.5040864
2017-12-11 13:10:00,0.09115322,0.48844057
2017-12-11 13:20:00,0.029105065,0.47572267
2017-12-11 13:30:00,-0.00024203374,0.41111356
2017-12-11 13:40:00,-0.02539669,0.22603266
2017-12-11 13:50:00,-0.034620065,-0.15295568
2017-12-11 14:00:00,-0.046358902,-0.41188067
2017-12-11 14:10:00,-0.07402903,-0.5229451
2017-12-11 14:20:00,-0.12349985,-0.44743782
2017-12-11 14:30:00,-0.17884009,-0.38505983
2017-12-11 14:40:00,-0.1930944,-0.37273812
2017-12-11 14:50:00,-0.2148951,-0.34554827
2017-12-11 15:00:00,-0.20986417,0.038022187
2017-12-11 15:10:00,-0.1629088,0.110644676
2017-12-11 15:20:00,-0.14781602,0.082499556
2017-12-11 15:30:00,-0.14110811,0.20919411
2017-12-11 15:40:00,-0.17884009,0.20479976
2017-12-11 15:50:00,-0.20902568,0.2494782
2017-12-11 16:00:00,-0.26101196,0.17148328
2017-12-11 16:10:00,-0.27694324,0.15449242
2017-12-11 16:20:00,-0.24256521,0.17987421
2017-12-11 16:30:00,-0.30545187,-0.07539697
2017-12-11 16:40:00,-0.3616306,-0.06262476
2017-12-11 16:50:00,-0.31970617,-0.11179049
2017-12-11 17:00:00,-0.20651022,0.014367428
2017-12-11 17:10:00,0.074383445,0.04244209
2017-12-11 17:20:00,0.43409503,0.0654007
2017-12-11 17:30:00,0.7560746,0.100479364
2017-12-11 17:40:00,0.8592087,0.1480856
2017-12-11 17:50:00,0.84327745,0.21144162
2017-12-11 18:00:00,0.87514,0.20344673
2017-12-11 18:10:00,0.8701091,0.26229578
2017-12-11 18:20:00,0.87346303,0.3243298
2017-12-11 18:30:00,0.8525008,0.5079794
2017-12-11 18:40:00,0.85837024,0.79829943
2017-12-11 18:50:00,0.7946451,1.148453
2017-12-11 19:00:00,0.7845832,1.2693448
2017-12-11 19:10:00,0.8541778,1.3760887
2017-12-11 19:20:00,0.95311946,1.4330785
2017-12-11 19:30:00,0.9271263,1.4684514
2017-12-11 19:40:00,0.88604033,1.476347
2017-12-11 19:50:00,0.8902328,1.4933752
2017-12-11 20:00:00,0.86256266,1.4807376
2017-12-11 20:10:00,0.9405421,1.4933962
2017-12-11 20:20:00,0.91287196,1.4786276
2017-12-11 20:30:00,0.8919098,1.4650023
2017-12-11 20:40:00,0.8441159,1.4363832
2017-12-11 20:50:00,0.82315373,1.4081079
2017-12-11 21:00:00,0.7493667,1.2916868
2017-12-11 21:10:00,0.7149887,1.0011162
2017-12-11 21:20:00,0.6881571,0.7778591
2017-12-11 21:30:00,0.61688554,0.6846202
2017-12-11 21:40:00,0.5254903,0.39033443
2017-12-11 21:50:00,0.4953047,0.15296027
2017-12-11 22:00:00,0.40474793,0.12606421
2017-12-11 22:10:00,0.36869293,0.078332946
2017-12-11 22:20:00,0.24878906,-0.059732005
2017-12-11 22:30:00,0.15236288,-0.110360175
2017-12-11 22:40:00,0.04252088,-0.13264075
2017-12-11 22:50:00,-0.055582277,-0.02130939
2017-12-11 23:00:00,-0.15200846,-0.25344878
2017-12-11 23:10:00,-0.2509501,-0.8181958
2017-12-11 23:20:00,-0.34402233,-0.8945776
2017-12-11 23:30:00,-0.4639262,-0.8930677
2017-12-11 23:40:00,-0.6014383,-0.9050867
2017-12-11 23:50:00,-0.7028954,-0.8654795
2017-12-12 00:00:00,-0.7976446,-0.82314605
2017-12-12 00:10:00,-0.89155537,-0.75362146
2017-12-12 00:20:00,-0.9770812,-0.7859064
2017-12-12 00:30:00,-1.0391294,-0.83302265
2017-12-12 00:40:00,-1.1011775,-0.8674723
2017-12-12 00:50:00,-1.1623871,-0.82082194
2017-12-12 01:00:00,-1.2059885,-0.41185266
2017-12-12 01:10:00,-1.2319816,-0.421575
2017-12-12 01:20:00,-1.285645,-0.2164099
2017-12-12 01:30:00,-1.3292464,-0.6729257
2017-12-12 01:40:00,-1.3686553,-0.8909541
2017-12-12 01:50:00,-1.3988409,-1.1107196
2017-12-12 02:00:00,-1.429865,-1.1970859
2017-12-12 02:10:00,-1.4449577,-1.1814505
2017-12-12 02:20:00,-1.4600506,-1.0891798
2017-12-12 02:30:00,-1.5086828,-1.114145
2017-12-12 02:40:00,-1.5170678,-1.1151961
2017-12-12 02:50:00,-1.5162293,-1.0963898
2017-12-12 03:00:00,-1.5237757,-1.0790311
2017-12-12 03:10:00,-1.5564767,-1.0228932
2017-12-12 03:20:00,-1.5665386,-0.97782534
2017-12-12 03:30:00,-1.6227174,-0.8832645
2017-12-12 03:40:00,-1.6403255,-0.7353236
2017-12-12 03:50:00,-1.6612878,-0.4655351
2017-12-12 04:00:00,-1.6688342,-0.87889504
2017-12-12 04:10:00,-1.6403255,-0.93198913
2017-12-12 04:20:00,-1.6394871,-0.933524
2017-12-12 04:30:00,-1.6260713,-0.96839756
2017-12-12 04:40:00,-1.6009166,-1.0142158
2017-12-12 04:50:00,-1.5841469,-1.1913742
2017-12-12 05:00:00,-1.5665386,-1.2806412
2017-12-12 05:10:00,-1.5606692,-1.3564693
2017-12-12 05:20:00,-1.5556383,-1.3911347
2017-12-12 05:30:00,-1.539707,-1.4289383
2017-12-12 05:40:00,-1.4650815,-1.4290342
2017-12-12 05:50:00,-1.400518,-1.4076124
2017-12-12 06:00:00,-1.433219,-1.4058222
2017-12-12 06:10:00,-1.395487,-1.3852662
2017-12-12 06:20:00,-1.3661399,-1.374968
2017-12-12 06:30:00,-1.3493701,-1.3495705
2017-12-12 06:40:00,-1.3694938,-1.3308108
2017-12-12 06:50:00,-1.46592,-1.323116
2017-12-12 07:00:00,-1.4667585,-1.3199474
2017-12-12 07:10:00,-1.4164492,-1.2816085
2017-12-12 07:20:00,-1.433219,-1.2475245
2017-12-12 07:30:00,-1.4072258,-1.2088065
2017-12-12 07:40:00,-1.4634045,-1.153651
2017-12-12 07:50:00,-1.4684354,-1.105299
2017-12-12 08:00:00,-1.3485316,-1.0748348
2017-12-12 08:10:00,-1.251267,-0.95428663
2017-12-12 08:20:00,-1.1984421,-0.86656857
2017-12-12 08:30:00,-1.1799954,-0.7898839
2017-12-12 08:40:00,-1.0835692,-0.66634893
2017-12-12 08:50:00,-1.0215211,-0.5388095
2017-12-12 09:00:00,-0.92090243,-0.48801142
2017-12-12 09:10:00,-0.78171337,-0.3847952
2017-12-12 09:20:00,-0.69534904,-0.30966157
2017-12-12 09:30:00,-0.6224005,-0.28625095
2017-12-12 09:40:00,-0.624916,-0.19775237
2017-12-12 09:50:00,-0.587184,-0.07335658
2017-12-12 10:00:00,-0.52010494,-0.041346736
2017-12-12 10:10:00,-0.4211633,0.036115468
2017-12-12 10:20:00,-0.33563745,0.2121571
2017-12-12 10:30:00,-0.2861666,0.20864435
2017-12-12 10:40:00,-0.24843463,0.28406176
2017-12-12 10:50:00,-0.24591917,0.25623852
2017-12-12 11:00:00,-0.18890196,0.23577462
2017-12-12 11:10:00,-0.16542427,0.21437664
2017-12-12 11:20:00,-0.13523869,0.17364152
2017-12-12 11:30:00,-0.09163728,0.11410792
2017-12-12 11:40:00,-0.08996031,0.031164523
2017-12-12 11:50:00,-0.012819361,0.01427041
2017-12-12 12:00:00,-0.020365758,0.07417317
2017-12-12 12:10:00,0.009819828,0.11658974
2017-12-12 12:20:00,-0.011980873,0.16406037
2017-12-12 12:30:00,-0.08157542,0.22041649
2017-12-12 12:40:00,-0.07319054,0.30447012
2017-12-12 12:50:00,-0.06396716,0.35300976
2017-12-12 13:00:00,-0.11846892,0.39615905
2017-12-12 13:10:00,-0.09331426,0.41165817
2017-12-12 13:20:00,-0.080736935,0.39193404
2017-12-12 13:30:00,-0.12853079,0.3401422
2017-12-12 13:40:00,-0.15284695,0.2829975
2017-12-12 13:50:00,-0.1629088,0.18150504
2017-12-12 14:00:00,-0.1344002,0.13606492
2017-12-12 14:10:00,-0.1344002,0.095985994
2017-12-12 14:20:00,-0.13272323,0.20065682
2017-12-12 14:30:00,-0.13691567,0.13897806
2017-12-12 14:40:00,-0.32641408,0.09292249
2017-12-12 14:50:00,-0.28113568,0.034433313
2017-12-12 15:00:00,-0.32222164,0.018820725
2017-12-12 15:10:00,-0.32222164,0.0003850311
2017-12-12 15:20:00,-0.32976803,-0.030949824
2017-12-12 15:30:00,-0.3255756,-0.0610722
2017-12-12 15:40:00,-0.38091582,-0.08813144
2017-12-12 15:50:00,-0.34318385,-0.10211696
2017-12-12 16:00:00,-0.32725257,-0.10808833
2017-12-12 16:10:00,-0.27358928,-0.11207844
2017-12-12 16:20:00,-0.24088824,-0.11481072
2017-12-12 16:30:00,-0.22831091,-0.11050826
2017-12-12 16:40:00,-0.15200846,-0.0939953
2017-12-12 16:50:00,-0.09247577,-0.07440472
2017-12-12 17:00:00,0.024074133,-0.06661941
2017-12-12 17:10:00,0.21357255,-0.051932573
2017-12-12 17:20:00,0.5757996,-0.06930913
2017-12-12 17:30:00,0.95479643,-0.06788041
2017-12-12 17:40:00,0.9916899,-0.059737004
2017-12-12 17:50:00,1.0109751,-0.0015969127
2017-12-12 18:00:00,1.0118136,0.011745788
2017-12-12 18:10:00,0.9933669,0.074220195
2017-12-12 18:20:00,0.9908514,0.1678053
2017-12-12 18:30:00,0.9916899,0.37311852
2017-12-12 18:40:00,0.98749745,0.6074686
2017-12-12 18:50:00,0.9623428,0.9950544
2017-12-12 19:00:00,0.96569675,1.1113685
2017-12-12 19:10:00,0.9774356,1.1863917
2017-12-12 19:20:00,0.97408164,1.2425331
2017-12-12 19:30:00,0.8818479,1.3129443
2017-12-12 19:40:00,0.8323771,1.295772
2017-12-12 19:50:00,0.799676,1.3305306
2017-12-12 20:00:00,0.766975,1.3326877
2017-12-12 20:10:00,0.8248307,1.3299407
2017-12-12 20:20:00,0.8441159,1.2954352
2017-12-12 20:30:00,0.80973786,1.2551377
2017-12-12 20:40:00,0.81225336,1.2208163
2017-12-12 20:50:00,0.7946451,1.1371993
2017-12-12 21:00:00,0.75942856,0.95272
2017-12-12 21:10:00,0.70408833,0.7582782
2017-12-12 21:20:00,0.60850066,0.73431355
2017-12-12 21:30:00,0.5305212,0.6114861
2017-12-12 21:40:00,0.42738712,0.37599975
2017-12-12 21:50:00,0.37540084,0.26598644
2017-12-12 22:00:00,0.30916023,0.18602386
2017-12-12 22:10:00,0.23788871,0.05917352
2017-12-12 22:20:00,0.15236288,-0.06881568
2017-12-12 22:30:00,0.0265896,-0.15435009
2017-12-12 22:40:00,-0.071513556,-0.17131823
2017-12-12 22:50:00,-0.19141743,0.0011698231
2017-12-12 23:00:00,-0.29203606,-0.10840033
2017-12-12 23:10:00,-0.37923884,-0.5694424
2017-12-12 23:20:00,-0.48740387,-1.0255175
2017-12-12 23:30:00,-0.626593,-1.0506572
2017-12-12 23:40:00,-0.7188267,-1.0841045
2017-12-12 23:50:00,-0.7859058,-1.1330504
2017-12-13 00:00:00,-0.8638852,-1.160562
2017-12-13 00:10:00,-0.9485726,-1.1553416
2017-12-13 00:20:00,-1.0089438,-1.1478875
2017-12-13 00:30:00,-1.0793768,-1.1305149
2017-12-13 00:40:00,-1.1204627,-1.1121454
2017-12-13 00:50:00,-1.1799954,-1.1155386
2017-12-13 01:00:00,-1.242882,-1.0887793
2017-12-13 01:10:00,-1.2915144,-1.0872582
2017-12-13 01:20:00,-1.3409852,-1.1296698
2017-12-13 01:30:00,-1.3745247,-1.18132
2017-12-13 01:40:00,-1.4608891,-1.1771915
2017-12-13 01:50:00,-1.4919131,-1.189417
2017-12-13 02:00:00,-1.5128753,-1.1979771
2017-12-13 02:10:00,-1.5506073,-1.1910582
2017-12-13 02:20:00,-1.5900162,-1.1936822
2017-12-13 02:30:00,-1.611817,-1.1672229
2017-12-13 02:40:00,-1.615171,-1.1352448
2017-12-13 02:50:00,-1.6260713,-1.103868
2017-12-13 03:00:00,-1.6352947,-1.0613732
2017-12-13 03:10:00,-1.6847655,-1.0291591
2017-12-13 03:20:00,-1.6897964,-1.0150607
2017-12-13 03:30:00,-1.7082431,-0.9996558
2017-12-13 03:40:00,-1.7006968,-1.0036461
2017-12-13 03:50:00,-1.6965044,-1.0047688
2017-12-13 04:00:00,-1.6931504,-0.9515794
2017-12-13 04:10:00,-1.6956658,-0.9373215
2017-12-13 04:20:00,-1.7099202,-0.88846695
2017-12-13 04:30:00,-1.7074047,-0.9622727
2017-12-13 04:40:00,-1.6897964,-1.1328653
2017-12-13 04:50:00,-1.6805731,-1.257831
2017-12-13 05:00:00,-1.6713496,-1.3355577
2017-12-13 05:10:00,-1.6470336,-1.3852992
2017-12-13 05:20:00,-1.647872,-1.4097217
2017-12-13 05:30:00,-1.6269097,-1.436021
2017-12-13 05:40:00,-1.5170678,-1.4320917
2017-12-13 05:50:00,-1.4223186,-1.4243897
2017-12-13 06:00:00,-1.4273496,-1.4153457
2017-12-13 06:10:00,-1.3854251,-1.40054
2017-12-13 06:20:00,-1.3476931,-1.3880401
2017-12-13 06:30:00,-1.3300848,-1.3778266
2017-12-13 06:40:00,-1.359432,-1.3642128
2017-12-13 06:50:00,-1.4600506,-1.3589705
2017-12-13 07:00:00,-1.4634045,-1.3485379
2017-12-13 07:10:00,-1.3820711,-1.3152962
2017-12-13 07:20:00,-1.3711708,-1.2770549
2017-12-13 07:30:00,-1.3829097,-1.2363816
2017-12-13 07:40:00,-1.3795557,-1.1711959
2017-12-13 07:50:00,-1.3988409,-1.1188282
2017-12-13 08:00:00,-1.288999,-1.0797335
2017-12-13 08:10:00,-1.2294662,-0.961508
2017-12-13 08:20:00,-1.1665796,-0.8805521
2017-12-13 08:30:00,-1.1221397,-0.8098848
2017-12-13 08:40:00,-0.99636644,-0.69658923
2017-12-13 08:50:00,-0.9359952,-0.5808047
2017-12-13 09:00:00,-0.9032942,-0.53539366
2017-12-13 09:10:00,-0.8135759,-0.42620522
2017-12-13 09:20:00,-0.7641051,-0.34321767
2017-12-13 09:30:00,-0.6903181,-0.31303298
2017-12-13 09:40:00,-0.61653113,-0.21008293
2017-12-13 09:50:00,-0.626593,-0.0679393
2017-12-13 10:00:00,-0.5276513,-0.030103564
2017-12-13 10:10:00,-0.4639262,0.06877765
2017-12-13 10:20:00,-0.35743815,0.23120654
2017-12-13 10:30:00,-0.3113213,0.22356057
2017-12-13 10:40:00,-0.29119757,0.32799447
2017-12-13 10:50:00,-0.22579545,0.3967455
2017-12-13 11:00:00,-0.221603,0.36429846
2017-12-13 11:10:00,-0.22495696,0.36974573
2017-12-13 11:20:00,-0.1562009,0.38620824
2017-12-13 11:30:00,-0.10673007,0.36361128
2017-12-13 11:40:00,-0.07738298,0.34019595
2017-12-13 11:50:00,-0.09247577,0.3242638
2017-12-13 12:00:00,-0.07905996,0.34265417
2017-12-13 12:10:00,-0.06899809,0.3605522
2017-12-13 12:20:00,-0.043843437,0.373823
2017-12-13 12:30:00,-0.08409089,0.3714906
2017-12-13 12:40:00,-0.08744484,0.38303626
2017-12-13 12:50:00,-0.07822147,0.41300023
2017-12-13 13:00:00,-0.095829725,0.45274282
2017-12-13 13:10:00,-0.11176101,0.4386822
2017-12-13 13:20:00,-0.09834519,0.40291405
2017-12-13 13:30:00,-0.15116997,0.3510285
2017-12-13 13:40:00,-0.10002217,0.2960599
2017-12-13 13:50:00,-0.15536241,0.20613174
2017-12-13 14:00:00,-0.17297067,0.12611966
2017-12-13 14:10:00,-0.25430405,0.16070019
2017-12-13 14:20:00,-0.17464764,0.20244788
2017-12-13 14:30:00,-0.21070266,0.21569736
2017-12-13 14:40:00,-0.2006408,0.17047207
2017-12-13 14:50:00,-0.21405661,0.129471
2017-12-13 15:00:00,-0.2652044,0.115805835
2017-12-13 15:10:00,-0.27610475,0.07624732
2017-12-13 15:20:00,-0.23837277,0.050631236
2017-12-13 15:30:00,-0.26688138,-0.0061699897
2017-12-13 15:40:00,-0.28532812,-0.013001755
2017-12-13 15:50:00,-0.30125943,-0.06192863
2017-12-13 16:00:00,-0.3238986,-0.12869342
2017-12-13 16:10:00,-0.29958245,-0.28620237
2017-12-13 16:20:00,-0.2727508,-0.52414733
2017-12-13 16:30:00,-0.23082638,-0.55512017
2017-12-13 16:40:00,-0.16207032,-0.48570424
2017-12-13 16:50:00,-0.09331426,-0.40980494
2017-12-13 17:00:00,-0.03294309,-0.28036743
2017-12-13 17:10:00,0.21105708,-0.12157944
2017-12-13 17:20:00,0.52884424,-0.06344856
2017-12-13 17:30:00,0.8961022,-0.022481985
2017-12-13 17:40:00,1.0453532,-0.049397454
2017-12-13 17:50:00,1.0738617,-0.028402507
2017-12-13 18:00:00,1.0445147,0.002204772
2017-12-13 18:10:00,1.0386453,0.0930541
2017-12-13 18:20:00,1.0361298,0.21913126
2017-12-13 18:30:00,0.9690507,0.38364857
2017-12-13 18:40:00,0.9707277,0.52650434
2017-12-13 18:50:00,0.97659713,0.5618493
2017-12-13 19:00:00,0.99672085,0.6217239
2017-12-13 19:10:00,1.0084597,0.74351966
2017-12-13 19:20:00,0.9992363,0.8986405
2017-12-13 19:30:00,0.9908514,1.0481678
2017-12-13 19:40:00,0.95228094,1.160685
2017-12-13 19:50:00,0.9514425,1.312469
2017-12-13 20:00:00,0.9254493,1.3457538
2017-12-13 20:10:00,0.9422191,1.3339982
2017-12-13 20:20:00,0.94725,1.2503159
2017-12-13 20:30:00,0.9321572,1.1841947
2017-12-13 20:40:00,0.88687885,1.1673372
2017-12-13 20:50:00,0.8533393,1.0530697
2017-12-13 21:00:00,0.8063839,0.8820137
2017-12-13 21:10:00,0.74014336,0.6161893
2017-12-13 21:20:00,0.66551787,0.4097523
2017-12-13 21:30:00,0.62359345,0.35887766
2017-12-13 21:40:00,0.52213633,0.10917333
2017-12-13 21:50:00,0.4651191,0.24180476
2017-12-13 22:00:00,0.42654863,0.21424916
2017-12-13 22:10:00,0.3267685,0.12781611
2017-12-13 22:20:00,0.24208115,0.036511693
2017-12-13 22:30:00,0.14565498,-0.060637392
2017-12-13 22:40:00,0.024074133,-0.10602251
2017-12-13 22:50:00,-0.109245546,0.004368264
2017-12-13 23:00:00,-0.23166487,-0.081316605
2017-12-13 23:10:00,-0.31970617,-0.45517808
2017-12-13 23:20:00,-0.4194863,-0.9471057
2017-12-13 23:30:00,-0.551129,-0.9356889
2017-12-13 23:40:00,-0.660971,-0.8815464
2017-12-13 23:50:00,-0.7473353,-0.8588698
2017-12-14 00:00:00,-0.8295072,-0.8554295
2017-12-14 00:10:00,-0.91922545,-0.9070677
2017-12-14 00:20:00,-0.9577959,-0.92072123
2017-12-14 00:30:00,-1.0483527,-1.0095382
2017-12-14 00:40:00,-1.1036929,-1.062662
2017-12-14 00:50:00,-1.1431019,-1.0773878
2017-12-14 01:00:00,-1.1883802,-1.1068922
2017-12-14 01:10:00,-1.2521054,-1.1384083
2017-12-14 01:20:00,-1.2982223,-1.1916001
2017-12-14 01:30:00,-1.316669,-1.2165285
2017-12-14 01:40:00,-1.3409852,-1.2524222
2017-12-14 01:50:00,-1.39381,-1.2745904
2017-12-14 02:00:00,-1.4634045,-1.2830242
2017-12-14 02:10:00,-1.5120368,-1.2958404
2017-12-14 02:20:00,-1.5296451,-1.3020573
2017-12-14 02:30:00,-1.5556383,-1.2868874
2017-12-14 02:40:00,-1.5782775,-1.268583
2017-12-14 02:50:00,-1.6000781,-1.2500379
2017-12-14 03:00:00,-1.6302637,-1.2018982
2017-12-14 03:10:00,-1.649549,-1.1496856
2017-12-14 03:20:00,-1.6470336,-1.1408613
2017-12-14 03:30:00,-1.6361332,-1.1320604
2017-12-14 03:40:00,-1.644518,-1.1199105
2017-12-14 03:50:00,-1.649549,-1.1250906
2017-12-14 04:00:00,-1.6520644,-1.0019135
2017-12-14 04:10:00,-1.6336176,-0.9729518
2017-12-14 04:20:00,-1.6344562,-0.9283594
2017-12-14 04:30:00,-1.6143324,-1.0287061
2017-12-14 04:40:00,-1.5866623,-1.1695518
2017-12-14 04:50:00,-1.5623462,-1.2406898
2017-12-14 05:00:00,-1.5338376,-1.325422
2017-12-14 05:10:00,-1.5212603,-1.3790109
2017-12-14 05:20:00,-1.5153909,-1.4052016
2017-12-14 05:30:00,-1.4919131,-1.4358422
2017-12-14 05:40:00,-1.4164492,-1.4352059
2017-12-14 05:50:00,-1.3653014,-1.4265833
2017-12-14 06:00:00,-1.4172877,-1.4187384
2017-12-14 06:10:00,-1.3904561,-1.4028913
2017-12-14 06:20:00,-1.3686553,-1.3880043
2017-12-14 06:30:00,-1.3409852,-1.3756287
2017-12-14 06:40:00,-1.3720093,-1.358097
2017-12-14 06:50:00,-1.4323804,-1.3495649
2017-12-14 07:00:00,-1.4206417,-1.3358417
2017-12-14 07:10:00,-1.3896176,-1.2987157
2017-12-14 07:20:00,-1.392133,-1.2667907
2017-12-14 07:30:00,-1.3736862,-1.2341106
2017-12-14 07:40:00,-1.4130952,-1.1752293
2017-12-14 07:50:00,-1.4340575,-1.1296935
2017-12-14 08:00:00,-1.3384697,-1.0958579
2017-12-14 08:10:00,-1.244559,-0.9804142
2017-12-14 08:20:00,-1.1573563,-0.88741356
2017-12-14 08:30:00,-1.1145933,-0.8019267
2017-12-14 08:40:00,-1.0064282,-0.685201
2017-12-14 08:50:00,-0.9485726,-0.571935
2017-12-14 09:00:00,-0.8655622,-0.5243984
2017-12-14 09:10:00,-0.7607511,-0.41306514
2017-12-14 09:20:00,-0.7037339,-0.33276278
2017-12-14 09:30:00,-0.62323904,-0.30434
2017-12-14 09:40:00,-0.57041425,-0.20922999
2017-12-14 09:50:00,-0.50249666,-0.068356946
2017-12-14 10:00:00,-0.42619422,-0.030718118
2017-12-14 10:10:00,-0.3540842,0.0605039
2017-12-14 10:20:00,-0.2962285,0.21452968
2017-12-14 10:30:00,-0.24424219,0.20041195
2017-12-14 10:40:00,-0.21657208,0.27362671
2017-12-14 10:50:00,-0.20651022,0.30643445
2017-12-14 11:00:00,-0.24843463,0.2808079
2017-12-14 11:10:00,-0.16123183,0.2623213
2017-12-14 11:20:00,-0.13104625,0.24167511
2017-12-14 11:30:00,-0.14781602,0.18360409
2017-12-14 11:40:00,-0.20567173,0.14466618
2017-12-14 11:50:00,-0.15368544,0.13311684
2017-12-14 12:00:00,-0.15955485,0.15666369
2017-12-14 12:10:00,-0.17716311,0.17846136
2017-12-14 12:20:00,-0.17129369,0.1978573
2017-12-14 12:30:00,-0.20399475,0.19726346
2017-12-14 12:40:00,-0.19896382,0.23014271
2017-12-14 12:50:00,-0.23250335,0.23859225
2017-12-14 13:00:00,-0.23250335,0.2939519
2017-12-14 13:10:00,-0.1930944,0.30386433
2017-12-14 13:20:00,-0.18890196,0.29862082
2017-12-14 13:30:00,-0.22411847,0.27808332
2017-12-14 13:40:00,-0.23334184,0.2384935
2017-12-14 13:50:00,-0.2509501,0.16062638
2017-12-14 14:00:00,-0.19141743,0.18005928
2017-12-14 14:10:00,-0.18890196,0.33868313
2017-12-14 14:20:00,-0.1847095,0.33368182
2017-12-14 14:30:00,-0.20399475,0.24372433
2017-12-14 14:40:00,-0.2224415,0.19432308
2017-12-14 14:50:00,-0.24256521,0.1118817
2017-12-14 15:00:00,-0.27694324,0.09574926
2017-12-14 15:10:00,-0.34989175,0.044793118
2017-12-14 15:20:00,-0.24256521,0.005798787
2017-12-14 15:30:00,-0.09415275,-0.02716484
2017-12-14 15:40:00,-0.09918368,-0.06576814
2017-12-14 15:50:00,-0.15033148,-0.11515708
2017-12-14 16:00:00,-0.16039334,-0.12723328
2017-12-14 16:10:00,-0.14697753,-0.14334507
2017-12-14 16:20:00,-0.15703939,-0.1445055
2017-12-14 16:30:00,-0.12685381,-0.18103708
2017-12-14 16:40:00,-0.038812507,-0.21546723
2017-12-14 16:50:00,0.06012914,-0.27859235
2017-12-14 17:00:00,0.12972368,-0.18802388
2017-12-14 17:10:00,0.31754512,-0.13166001
2017-12-14 17:20:00,0.6630024,-0.09209949
2017-12-14 17:30:00,0.9891744,-0.047555447
2017-12-14 17:40:00,1.0193601,-0.031276748
2017-12-14 17:50:00,0.98078954,-0.009806357
2017-12-14 18:00:00,0.99420536,-0.04165916
2017-12-14 18:10:00,0.9925284,0.021320447
2017-12-14 18:20:00,1.0092982,0.15113929
2017-12-14 18:30:00,1.0185215,0.37996006
2017-12-14 18:40:00,0.9975593,0.53707963
2017-12-14 18:50:00,1.0017518,0.92816556
2017-12-14 19:00:00,0.95731187,1.0524486
2017-12-14 19:10:00,0.97911257,0.99169016
2017-12-14 19:20:00,0.94389606,0.9507574
2017-12-14 19:30:00,0.93634963,0.9262219
2017-12-14 19:40:00,0.9044871,0.891696
2017-12-14 19:50:00,0.9044871,1.0054955
2017-12-14 20:00:00,0.86256266,1.2898667
2017-12-14 20:10:00,0.94138056,1.2600048
2017-12-14 20:20:00,0.94389606,1.1507913
2017-12-14 20:30:00,0.9313187,0.9672235
2017-12-14 20:40:00,0.8575317,1.0200185
2017-12-14 20:50:00,0.8080609,0.99329334
2017-12-14 21:00:00,0.78290623,0.9435756
2017-12-14 21:10:00,0.7426588,0.7736949
2017-12-14 21:20:00,0.70492685,0.70136315
2017-12-14 21:30:00,0.6202395,0.51363295
2017-12-14 21:40:00,0.53303665,0.08024964
2017-12-14 21:50:00,0.46595758,0.1308153
2017-12-14 22:00:00,0.37540084,0.13703084
2017-12-14 22:10:00,0.30664477,0.012804445
2017-12-14 22:20:00,0.20518766,-0.1326042
2017-12-14 22:30:00,0.12972368,-0.19070207
2017-12-14 22:40:00,0.05929065,-0.15174806
2017-12-14 22:50:00,-0.07738298,0.08864537
2017-12-14 23:00:00,-0.19980231,0.03768105
2017-12-14 23:10:00,-0.3029364,-0.7349073
2017-12-14 23:20:00,-0.403555,-0.7255669
2017-12-14 23:30:00,-0.55532146,-0.8589806
2017-12-14 23:40:00,-0.6534246,-0.9500547
2017-12-14 23:50:00,-0.7540432,-1.005712
2017-12-15 00:00:00,-0.83789206,-0.9954135
2017-12-15 00:10:00,-0.8923938,-0.99919564
2017-12-15 00:20:00,-0.9250949,-0.9687819
2017-12-15 00:30:00,-0.98462754,-0.97182804
2017-12-15 00:40:00,-1.0533836,-1.0367477
2017-12-15 00:50:00,-1.1137547,-1.063123
2017-12-15 01:00:00,-1.1565177,-1.081629
2017-12-15 01:10:00,-1.2034731,-1.1216872
2017-12-15 01:20:00,-1.2722292,-1.1656661
2017-12-15 01:30:00,-1.2831295,-1.2064465
2017-12-15 01:40:00,-1.3116381,-1.245945
2017-12-15 01:50:00,-1.3518856,-1.2710186
2017-12-15 02:00:00,-1.383748,-1.2841146
2017-12-15 02:10:00,-1.397164,-1.2808601
2017-12-15 02:20:00,-1.4214801,-1.279205
2017-12-15 02:30:00,-1.4684354,-1.2714455
2017-12-15 02:40:00,-1.4969441,-1.2601284
2017-12-15 02:50:00,-1.5497688,-1.2397496
2017-12-15 03:00:00,-1.5883393,-1.2143567
2017-12-15 03:10:00,-1.5942087,-1.1832845
2017-12-15 03:20:00,-1.6160095,-1.1666652
2017-12-15 03:30:00,-1.6311022,-1.1361119
2017-12-15 03:40:00,-1.6411641,-1.107161
2017-12-15 03:50:00,-1.6420026,-1.1060787
2017-12-15 04:00:00,-1.6235558,-0.9994729
2017-12-15 04:10:00,-1.6160095,-0.9606262
2017-12-15 04:20:00,-1.6344562,-0.90840787
2017-12-15 04:30:00,-1.6344562,-1.0461206
2017-12-15 04:40:00,-1.6352947,-1.1858182
2017-12-15 04:50:00,-1.6109785,-1.2437949
2017-12-15 05:00:00,-1.608463,-1.3274528
2017-12-15 05:10:00,-1.6009166,-1.3799523
2017-12-15 05:20:00,-1.5573152,-1.4061663
2017-12-15 05:30:00,-1.5338376,-1.4363667
2017-12-15 05:40:00,-1.4860437,-1.4354533
2017-12-15 05:50:00,-1.3653014,-1.4228888
2017-12-15 06:00:00,-1.3795557,-1.4180474
2017-12-15 06:10:00,-1.3585935,-1.403717
2017-12-15 06:20:00,-1.3275694,-1.3912656
2017-12-15 06:30:00,-1.3275694,-1.3777977
2017-12-15 06:40:00,-1.3158306,-1.3612664
2017-12-15 06:50:00,-1.3829097,-1.3497263
2017-12-15 07:00:00,-1.4172877,-1.3319126
2017-12-15 07:10:00,-1.3636243,-1.2882737
2017-12-15 07:20:00,-1.3242154,-1.2516768
2017-12-15 07:30:00,-1.3485316,-1.2106124
2017-12-15 07:40:00,-1.4038719,-1.1477625
2017-12-15 07:50:00,-1.4483117,-1.0959021
2017-12-15 08:00:00,-1.3879405,-1.0736233
2017-12-15 08:10:00,-1.2755831,-0.96030885
2017-12-15 08:20:00,-1.1850263,-0.86931986
2017-12-15 08:30:00,-1.0491912,-0.78090286
2017-12-15 08:40:00,-1.0072668,-0.6560764
2017-12-15 08:50:00,-0.93515676,-0.53990287
2017-12-15 09:00:00,-0.8018371,-0.5059268
2017-12-15 09:10:00,-0.6752253,-0.397969
2017-12-15 09:20:00,-0.65174764,-0.32653838
2017-12-15 09:30:00,-0.5536445,-0.29912645
2017-12-15 09:40:00,-0.5142355,-0.21100439
2017-12-15 09:50:00,-0.48908085,-0.07141386
2017-12-15 10:00:00,-0.4287097,-0.027865037
2017-12-15 10:10:00,-0.39265466,0.07884191
2017-12-15 10:20:00,-0.34234536,0.25239348
2017-12-15 10:30:00,-0.21154115,0.22401391
2017-12-15 10:40:00,-0.20231777,0.3013268
2017-12-15 10:50:00,-0.19644836,0.3320204
2017-12-15 11:00:00,-0.19057894,0.30468017
2017-12-15 11:10:00,-0.110084035,0.28914577
2017-12-15 11:20:00,-0.052228324,0.27804327
2017-12-15 11:30:00,-0.07067507,0.24388458
2017-12-15 11:40:00,-0.06564414,0.21548651
2017-12-15 11:50:00,-0.080736935,0.18578264
2017-12-15 12:00:00,-0.19728684,0.21722174
2017-12-15 12:10:00,-0.2366958,0.25836855
2017-12-15 12:20:00,-0.2643659,0.2847615
2017-12-15 12:30:00,-0.3473763,0.31382537
2017-12-15 12:40:00,-0.37001547,0.33134913
2017-12-15 12:50:00,-0.3750464,0.36178845
2017-12-15 13:00:00,-0.29455152,0.4115765
2017-12-15 13:10:00,-0.29119757,0.44731873
2017-12-15 13:20:00,-0.30796733,0.45693833
2017-12-15 13:30:00,-0.297067,0.40694547
2017-12-15 13:40:00,-0.28281265,0.34903008
2017-12-15 13:50:00,-0.33396047,0.26778007
2017-12-15 14:00:00,-0.37840036,0.21130799
2017-12-15 14:10:00,-0.3616306,0.24614313
2017-12-15 14:20:00,-0.35492268,0.15378453
2017-12-15 14:30:00,-0.32222164,0.12727076
2017-12-15 14:40:00,-0.30125943,0.08143968
2017-12-15 14:50:00,-0.28448963,0.0075868815
2017-12-15 15:00:00,-0.27023533,-0.046190977
2017-12-15 15:10:00,-0.22579545,-0.07396342
2017-12-15 15:20:00,-0.26855835,-0.067555144
2017-12-15 15:30:00,-0.27694324,-0.091422945
2017-12-15 15:40:00,-0.28281265,-0.13292755
2017-12-15 15:50:00,-0.27107382,-0.14372908
2017-12-15 16:00:00,-0.31467524,-0.12625995
2017-12-15 16:10:00,-0.29455152,-0.110838845
2017-12-15 16:20:00,-0.23250335,-0.08147459
2017-12-15 16:30:00,-0.28532812,-0.060103893
2017-12-15 16:40:00,-0.3029364,-0.045368075
2017-12-15 16:50:00,-0.22831091,-0.020756222
2017-12-15 17:00:00,-0.11846892,-0.07820448
2017-12-15 17:10:00,0.097861126,-0.084661946
2017-12-15 17:20:00,0.47685793,-0.08888905
2017-12-15 17:30:00,0.8239922,-0.069256574
2017-12-15 17:40:00,0.88604033,-0.028837644
2017-12-15 17:50:00,0.87597847,0.023098953
2017-12-15 18:00:00,0.8239922,-0.004381366
2017-12-15 18:10:00,0.8147688,0.038276333
2017-12-15 18:20:00,0.8382465,0.0846517
2017-12-15 18:30:00,0.8533393,0.1859099
2017-12-15 18:40:00,0.8483084,0.40792775
2017-12-15 18:50:00,0.8675936,0.86873925
2017-12-15 19:00:00,0.88687885,0.9983319
2017-12-15 19:10:00,0.8038685,1.0346017
2017-12-15 19:20:00,0.74182034,1.0251907
2017-12-15 19:30:00,0.70241135,1.0678064
2017-12-15 19:40:00,0.67977214,1.0267926
2017-12-15 19:50:00,0.7099578,0.95768577
2017-12-15 20:00:00,0.68228763,1.0970421
2017-12-15 20:10:00,0.7476897,1.1770144
2017-12-15 20:20:00,0.7476897,1.2070166
2017-12-15 20:30:00,0.7367894,1.2227588
2017-12-15 20:40:00,0.73091996,1.1959426
2017-12-15 20:50:00,0.70408833,1.1435978
2017-12-15 21:00:00,0.69654197,0.96823215
2017-12-15 21:10:00,0.6630024,0.71644634
2017-12-15 21:20:00,0.53555214,0.7329223
2017-12-15 21:30:00,0.4584112,0.690172
2017-12-15 21:40:00,0.3645005,0.4970538
2017-12-15 21:50:00,0.33012244,0.31300187
2017-12-15 22:00:00,0.29574442,0.1926529
2017-12-15 22:10:00,0.24878906,0.047725078
2017-12-15 22:20:00,0.15571684,-0.11667904
2017-12-15 22:30:00,0.08528379,-0.15452914
2017-12-15 22:40:00,-0.004434476,-0.15116076
2017-12-15 22:50:00,-0.12601532,0.0043522343
2017-12-15 23:00:00,-0.17129369,-0.09181398
2017-12-15 23:10:00,-0.28532812,-0.78531075
2017-12-15 23:20:00,-0.40020105,0.27810144
2017-12-15 23:30:00,-0.50501215,-0.17692192
2017-12-15 23:40:00,-0.5695757,-0.57315326
2017-12-15 23:50:00,-0.65761703,-0.61913687
2017-12-16 00:00:00,-0.7355965,-0.2813422
2017-12-16 00:10:00,-0.81609136,-0.2876371
2017-12-16 00:20:00,-0.8898784,-0.43557703
2017-12-16 00:30:00,-0.9745657,-0.6616656
2017-12-16 00:40:00,-1.0206826,-0.7769897
2017-12-16 00:50:00,-1.0978235,-0.9688148
2017-12-16 01:00:00,-1.169095,-1.0271995
2017-12-16 01:10:00,-1.2026346,-1.0761688
2017-12-16 01:20:00,-1.2722292,-1.1099194
2017-12-16 01:30:00,-1.357755,-1.1831175
2017-12-16 01:40:00,-1.3896176,-1.22398
2017-12-16 01:50:00,-1.4273496,-1.2198944
2017-12-16 02:00:00,-1.4566966,-1.2175636
2017-12-16 02:10:00,-1.464243,-1.217633
2017-12-16 02:20:00,-1.5011365,-1.2426603
2017-12-16 02:30:00,-1.5288067,-1.2438633
2017-12-16 02:40:00,-1.5220988,-1.2427723
2017-12-16 02:50:00,-1.5573152,-1.2301706
2017-12-16 03:00:00,-1.6025937,-1.2086604
2017-12-16 03:10:00,-1.6193634,-1.1507636
2017-12-16 03:20:00,-1.6269097,-1.1091776
2017-12-16 03:30:00,-1.6436796,-1.0560998
2017-12-16 03:40:00,-1.644518,-1.0193263
2017-12-16 03:50:00,-1.647872,-1.0089393
2017-12-16 04:00:00,-1.6512259,-0.9598295
2017-12-16 04:10:00,-1.6654803,-0.932954
2017-12-16 04:20:00,-1.6612878,-0.89715445
2017-12-16 04:30:00,-1.6679957,-1.018393
2017-12-16 04:40:00,-1.6696727,-1.1614127
2017-12-16 04:50:00,-1.6612878,-1.2462896
2017-12-16 05:00:00,-1.6487105,-1.3241246
2017-12-16 05:10:00,-1.6277483,-1.3766116
2017-12-16 05:20:00,-1.6160095,-1.4030037
2017-12-16 05:30:00,-1.5615077,-1.432756
2017-12-16 05:40:00,-1.5422225,-1.4307133
2017-12-16 05:50:00,-1.467597,-1.4264928
2017-12-16 06:00:00,-1.4784973,-1.4212995
2017-12-16 06:10:00,-1.4717894,-1.4069645
2017-12-16 06:20:00,-1.467597,-1.3933146
2017-12-16 06:30:00,-1.4348959,-1.3801172
2017-12-16 06:40:00,-1.4885591,-1.3585672
2017-12-16 06:50:00,-1.6017551,-1.352889
2017-12-16 07:00:00,-1.6562569,-1.3425835
2017-12-16 07:10:00,-1.5975627,-1.3081465
2017-12-16 07:20:00,-1.6537415,-1.269733
2017-12-16 07:30:00,-1.6235558,-1.2363739
2017-12-16 07:40:00,-1.6218789,-1.1772302
2017-12-16 07:50:00,-1.6394871,-1.1268137
2017-12-16 08:00:00,-1.5506073,-1.0900685
2017-12-16 08:10:00,-1.4692739,-0.9767676
2017-12-16 08:20:00,-1.4021949,-0.9009208
2017-12-16 08:30:00,-1.3418237,-0.83579993
2017-12-16 08:40:00,-1.2680367,-0.7206102
2017-12-16 08:50:00,-1.2328202,-0.59645724
2017-12-16 09:00:00,-1.1389095,-0.5597718
2017-12-16 09:10:00,-1.0399678,-0.45235032
2017-12-16 09:20:00,-0.8605313,-0.36663944
2017-12-16 09:30:00,-0.7951292,-0.330244
2017-12-16 09:40:00,-0.7716515,-0.23130031
2017-12-16 09:50:00,-0.7188267,-0.09803884
2017-12-16 10:00:00,-0.61653113,-0.070676565
2017-12-16 10:10:00,-0.5561599,0.018465877
2017-12-16 10:20:00,-0.51172006,0.18737556
2017-12-16 10:30:00,-0.43961003,0.17712906
2017-12-16 10:40:00,-0.40690896,0.2842094
2017-12-16 10:50:00,-0.35240722,0.3715353
2017-12-16 11:00:00,-0.34486082,0.33504808
2017-12-16 11:10:00,-0.32306013,0.35716164
2017-12-16 11:20:00,-0.28365114,0.35707402
2017-12-16 11:30:00,-0.3171907,0.32217717
2017-12-16 11:40:00,-0.28448963,0.2859963
2017-12-16 11:50:00,-0.3255756,0.29454315
2017-12-16 12:00:00,-0.34150687,0.32622123
2017-12-16 12:10:00,-0.34318385,0.36337417
2017-12-16 12:20:00,-0.34318385,0.4036227
2017-12-16 12:30:00,-0.34318385,0.46567643
2017-12-16 12:40:00,-0.3180292,0.5204823
2017-12-16 12:50:00,-0.2895206,0.5659279
2017-12-16 13:00:00,-0.28448963,0.5894764
2017-12-16 13:10:00,-0.26688138,0.6031895
2017-12-16 13:20:00,-0.257658,0.61768323
2017-12-16 13:30:00,-0.26688138,0.57831705
2017-12-16 13:40:00,-0.28197417,0.5446567
2017-12-16 13:50:00,-0.3029364,0.47049737
2017-12-16 14:00:00,-0.28365114,0.43926895
2017-12-16 14:10:00,-0.28365114,0.40979683
2017-12-16 14:20:00,-0.26771986,0.37040204
2017-12-16 14:30:00,-0.2895206,0.2872743
2017-12-16 14:40:00,-0.2794587,0.29338473
2017-12-16 14:50:00,-0.30042094,0.25917014
2017-12-16 15:00:00,-0.4119399,0.14071077
2017-12-16 15:10:00,-0.4203248,0.06083105
2017-12-16 15:20:00,-0.39181617,0.0062379465
2017-12-16 15:30:00,-0.4111014,-0.021481872
2017-12-16 15:40:00,-0.43206364,-0.051957518
2017-12-16 15:50:00,-0.41529384,-0.09541558
2017-12-16 16:00:00,-0.43793306,-0.107035756
2017-12-16 16:10:00,-0.43961003,-0.10012287
2017-12-16 16:20:00,-0.44715643,-0.07932018
2017-12-16 16:30:00,-0.39852408,-0.07182576
2017-12-16 16:40:00,-0.36582303,-0.060642987
2017-12-16 16:50:00,-0.32725257,-0.041138023
2017-12-16 17:00:00,-0.25346556,-0.050051056
2017-12-16 17:10:00,-0.0061114533,-0.043537945
2017-12-16 17:20:00,0.33850732,-0.048200622
2017-12-16 17:30:00,0.6420402,-0.070999786
2017-12-16 17:40:00,0.7862602,-0.07979576
2017-12-16 17:50:00,0.8483084,-0.06151524
2017-12-16 18:00:00,0.81896126,-0.05144149
2017-12-16 18:10:00,0.8038685,-0.010877706
2017-12-16 18:20:00,0.7711674,0.04878159
2017-12-16 18:30:00,0.7761983,0.1512079
2017-12-16 18:40:00,0.7409818,0.3521825
2017-12-16 18:50:00,0.7409818,0.6546578
2017-12-16 19:00:00,0.7233736,0.84997314
2017-12-16 19:10:00,0.7577516,0.9760055
2017-12-16 19:20:00,0.7535592,1.0704421
2017-12-16 19:30:00,0.74601275,1.151084
2017-12-16 19:40:00,0.73343545,1.1818362
2017-12-16 19:50:00,0.72421205,1.2488151
2017-12-16 20:00:00,0.6973804,1.2306495
2017-12-16 20:10:00,0.7124732,1.2260802
2017-12-16 20:20:00,0.6663563,1.2036896
2017-12-16 20:30:00,0.61437005,1.199319
2017-12-16 20:40:00,0.58669996,1.1416035
2017-12-16 20:50:00,0.53974456,1.0324928
2017-12-16 21:00:00,0.51794386,0.91951835
2017-12-16 21:10:00,0.4869198,0.704881
2017-12-16 21:20:00,0.46176514,0.6984336
2017-12-16 21:30:00,0.4349335,0.5944266
2017-12-16 21:40:00,0.35276163,0.38802493
2017-12-16 21:50:00,0.30077535,0.27451605
2017-12-16 22:00:00,0.26555884,0.17489615
2017-12-16 22:10:00,0.21105708,0.06985161
2017-12-16 22:20:00,0.14649346,-0.091835365
2017-12-16 22:30:00,0.06012914,-0.167776
2017-12-16 22:40:00,0.0014349433,-0.15425012
2017-12-16 22:50:00,-0.07067507,-0.00393264
2017-12-16 23:00:00,-0.21992603,-0.1075903
2017-12-16 23:10:00,-0.30545187,-0.54979956
2017-12-16 23:20:00,-0.39433163,1.2035664
2017-12-16 23:30:00,-0.5318438,0.69652957
2017-12-16 23:40:00,-0.60730773,0.08536688
2017-12-16 23:50:00,-0.6794177,-0.6608307
2017-12-17 00:00:00,-0.7666206,-0.46969736
2017-12-17 00:10:00,-0.89323235,-0.6634905
2017-12-17 00:20:00,-0.97875816,-0.84349483
2017-12-17 00:30:00,-1.0584146,-1.0120143
2017-12-17 00:40:00,-1.1229782,-1.0591137
2017-12-17 00:50:00,-1.1908958,-1.0853853
2017-12-17 01:00:00,-1.2588134,-1.162887
2017-12-17 01:10:00,-1.2831295,-1.2056574
2017-12-17 01:20:00,-1.3208615,-1.2251047
2017-12-17 01:30:00,-1.3678168,-1.232881
2017-12-17 01:40:00,-1.4097413,-1.2504982
2017-12-17 01:50:00,-1.4499887,-1.2587092
2017-12-17 02:00:00,-1.500298,-1.2642659
2017-12-17 02:10:00,-1.5111984,-1.2682095
2017-12-17 02:20:00,-1.5564767,-1.2989427
2017-12-17 02:30:00,-1.5858239,-1.2989693
2017-12-17 02:40:00,-1.5958858,-1.2760794
2017-12-17 02:50:00,-1.6185249,-1.2478604
2017-12-17 03:00:00,-1.6797346,-1.212608
2017-12-17 03:10:00,-1.723336,-1.174128
2017-12-17 03:20:00,-1.723336,-1.1674381
2017-12-17 03:30:00,-1.723336,-1.1326255
2017-12-17 03:40:00,-1.7426212,-1.1014113
2017-12-17 03:50:00,-1.7686143,-1.1270496
2017-12-17 04:00:00,-1.7769992,-1.056414
2017-12-17 04:10:00,-1.7761607,-1.019597
2017-12-17 04:20:00,-1.7652603,-0.989562
2017-12-17 04:30:00,-1.759391,-1.0834397
2017-12-17 04:40:00,-1.7535216,-1.1678344
2017-12-17 04:50:00,-1.7568755,-1.2288827
2017-12-17 05:00:00,-1.7493291,-1.2878151
2017-12-17 05:10:00,-1.7442982,-1.3443681
2017-12-17 05:20:00,-1.7124356,-1.3797996
2017-12-17 05:30:00,-1.7048892,-1.4219413
2017-12-17 05:40:00,-1.6638033,-1.4236804
2017-12-17 05:50:00,-1.5539613,-1.4269208
2017-12-17 06:00:00,-1.5916933,-1.4176401
2017-12-17 06:10:00,-1.5933702,-1.4017601
2017-12-17 06:20:00,-1.574085,-1.3866718
2017-12-17 06:30:00,-1.6025937,-1.3738825
2017-12-17 06:40:00,-1.6747036,-1.3570566
2017-12-17 06:50:00,-1.8206006,-1.3501173
2017-12-17 07:00:00,-1.9589512,-1.3398665
2017-12-17 07:10:00,-1.9874599,-1.3044654
2017-12-17 07:20:00,-2.0344152,-1.2657645
2017-12-17 07:30:00,-2.0251918,-1.233001
2017-12-17 07:40:00,-2.003391,-1.1791269
2017-12-17 07:50:00,-1.9874599,-1.1374272
2017-12-17 08:00:00,-1.9530818,-1.1009383
2017-12-17 08:10:00,-1.9547588,-0.98950726
2017-12-17 08:20:00,-1.8834872,-0.9152877
2017-12-17 08:30:00,-1.8424014,-0.8508473
2017-12-17 08:40:00,-1.795446,-0.73814964
2017-12-17 08:50:00,-1.7384287,-0.60359
2017-12-17 09:00:00,-1.6369716,-0.5630511
2017-12-17 09:10:00,-1.5355146,-0.45543444
2017-12-17 09:20:00,-1.4214801,-0.3697614
2017-12-17 09:30:00,-1.3502085,-0.33583045
2017-12-17 09:40:00,-1.2873219,-0.2401564
2017-12-17 09:50:00,-1.2202429,-0.114252836
2017-12-17 10:00:00,-1.1665796,-0.097870275
2017-12-17 10:10:00,-1.0894387,-0.016184762
2017-12-17 10:20:00,-1.026552,0.15027595
2017-12-17 10:30:00,-0.98882,0.14379151
2017-12-17 10:40:00,-0.9603114,0.26207763
2017-12-17 10:50:00,-0.8856859,0.3368994
2017-12-17 11:00:00,-0.81776834,0.29214817
2017-12-17 11:10:00,-0.7775209,0.30228597
2017-12-17 11:20:00,-0.7246961,0.2831235
2017-12-17 11:30:00,-0.6919951,0.23808992
2017-12-17 11:40:00,-0.66516346,0.16867013
2017-12-17 11:50:00,-0.62827,0.18173987
2017-12-17 12:00:00,-0.6039538,0.18218574
2017-12-17 12:10:00,-0.588861,0.18616244
2017-12-17 12:20:00,-0.58131456,0.22761758
2017-12-17 12:30:00,-0.588861,0.29024428
2017-12-17 12:40:00,-0.6374933,0.30929422
2017-12-17 12:50:00,-0.587184,0.36665708
2017-12-17 13:00:00,-0.57041425,0.40165353
2017-12-17 13:10:00,-0.5720912,0.43552828
2017-12-17 13:20:00,-0.6098232,0.44567716
2017-12-17 13:30:00,-0.6173696,0.44487208
2017-12-17 13:40:00,-0.62994695,0.43767613
2017-12-17 13:50:00,-0.62827,0.43281448
2017-12-17 14:00:00,-0.6115002,0.43718624
2017-12-17 14:10:00,-0.6198851,0.4306686
2017-12-17 14:20:00,-0.60814625,0.5747054
2017-12-17 14:30:00,-0.6005998,0.5023096
2017-12-17 14:40:00,-0.62156206,0.4556902
2017-12-17 14:50:00,-0.61485416,0.41000837
2017-12-17 15:00:00,-0.6836102,0.3912968
2017-12-17 15:10:00,-0.68444866,0.37105727
2017-12-17 15:20:00,-0.698703,0.3389969
2017-12-17 15:30:00,-0.7406274,0.31683558
2017-12-17 15:40:00,-0.7255346,0.2908793
2017-12-17 15:50:00,-0.73056555,0.29063952
2017-12-17 16:00:00,-0.7288886,0.25648224
2017-12-17 16:10:00,-0.71966517,0.19669026
2017-12-17 16:20:00,-0.71966517,0.17240663
2017-12-17 16:30:00,-0.68025625,0.09774232
2017-12-17 16:40:00,-0.59640735,0.025593966
2017-12-17 16:50:00,-0.53771317,-0.028092295
2017-12-17 17:00:00,-0.441287,-0.05132191
2017-12-17 17:10:00,-0.23837277,-0.056276515
2017-12-17 17:20:00,0.07606042,-0.057501793
2017-12-17 17:30:00,0.4500263,-0.05299353
2017-12-17 17:40:00,0.5531604,-0.045597717
2017-12-17 17:50:00,0.5682532,-0.033753745
2017-12-17 18:00:00,0.57999206,-0.040716834
2017-12-17 18:10:00,0.59508485,-0.01653435
2017-12-17 18:20:00,0.59927726,0.026112445
2017-12-17 18:30:00,0.63449377,0.06721235
2017-12-17 18:40:00,0.6311398,0.14163435
2017-12-17 18:50:00,0.6286244,0.25659943
2017-12-17 19:00:00,0.65880996,0.4341793
2017-12-17 19:10:00,0.6621639,0.49561954
2017-12-17 19:20:00,0.68899554,0.5437543
2017-12-17 19:30:00,0.64371717,0.64096004
2017-12-17 19:40:00,0.71331173,0.7818544
2017-12-17 19:50:00,0.69570345,0.91764915
2017-12-17 20:00:00,0.69151103,0.9991571
2017-12-17 20:10:00,0.7007344,1.0231074
2017-12-17 20:20:00,0.67138726,1.0657693
2017-12-17 20:30:00,0.6378477,1.0582132
2017-12-17 20:40:00,0.63700926,1.015182
2017-12-17 20:50:00,0.59508485,0.90406615
2017-12-17 21:00:00,0.5187824,0.840631
2017-12-17 21:10:00,0.46595758,0.62535024
2017-12-17 21:20:00,0.4206792,0.6606439
2017-12-17 21:30:00,0.36701596,0.60931647
2017-12-17 21:40:00,0.31586814,0.4387545
2017-12-17 21:50:00,0.27981314,0.2619908
2017-12-17 22:00:00,0.22614987,0.10897467
2017-12-17 22:10:00,0.17416358,-0.043858796
2017-12-17 22:20:00,0.0777374,-0.16220087
2017-12-17 22:30:00,0.0047888975,-0.16973712
2017-12-17 22:40:00,-0.11679194,-0.11782049
2017-12-17 22:50:00,-0.24675766,0.06186667
2017-12-17 23:00:00,-0.34066838,0.07629268
2017-12-17 23:10:00,-0.44464096,0.124871254
2017-12-17 23:20:00,-0.5578369,1.282432
2017-12-17 23:30:00,-0.6475552,0.94583535
2017-12-17 23:40:00,-0.7406274,0.37691325
2017-12-17 23:50:00,-0.8144144,0.14817445
2017-12-18 00:00:00,-0.90413266,-0.17353787
2017-12-18 00:10:00,-0.99468946,-0.3477679
2017-12-18 00:20:00,-1.0953081,-0.71325904
2017-12-18 00:30:00,-1.169095,-0.84841305
2017-12-18 00:40:00,-1.2286277,-0.9093417
2017-12-18 00:50:00,-1.2764215,-0.9525469
2017-12-18 01:00:00,-1.3292464,-1.1259342
2017-12-18 01:10:00,-1.3795557,-1.1938006
2017-12-18 01:20:00,-1.4105798,-1.2241828
2017-12-18 01:30:00,-1.4491502,-1.2349752
2017-12-18 01:40:00,-1.4726279,-1.2324984
2017-12-18 01:50:00,-1.5120368,-1.2303298
2017-12-18 02:00:00,-1.5648617,-1.2505422
2017-12-18 02:10:00,-1.5841469,-1.261884
2017-12-18 02:20:00,-1.608463,-1.2948487
2017-12-18 02:30:00,-1.6269097,-1.2865388
2017-12-18 02:40:00,-1.6260713,-1.247315
2017-12-18 02:50:00,-1.6520644,-1.1977525
2017-12-18 03:00:00,-1.6428411,-1.156986
2017-12-18 03:10:00,-1.6428411,-1.1218996
2017-12-18 03:20:00,-1.652903,-1.1234033
2017-12-18 03:30:00,-1.6629648,-1.1118487
2017-12-18 03:40:00,-1.6755421,-1.1012549
2017-12-18 03:50:00,-1.6730267,-1.1261818
2017-12-18 04:00:00,-1.6671573,-1.0171793
2017-12-18 04:10:00,-1.6671573,-0.9632451
2017-12-18 04:20:00,-1.649549,-0.92428166
2017-12-18 04:30:00,-1.6227174,-1.0787467
2017-12-18 04:40:00,-1.608463,-1.12779
2017-12-18 04:50:00,-1.615171,-1.2096306
2017-12-18 05:00:00,-1.6143324,-1.2937782
2017-12-18 05:10:00,-1.6126555,-1.3520048
2017-12-18 05:20:00,-1.5824699,-1.3882788
2017-12-18 05:30:00,-1.5807929,-1.4270406
2017-12-18 05:40:00,-1.5187448,-1.4297192
2017-12-18 05:50:00,-1.39381,-1.4259369
2017-12-18 06:00:00,-1.4181261,-1.4165525
2017-12-18 06:10:00,-1.4021949,-1.4009044
2017-12-18 06:20:00,-1.3896176,-1.3857344
2017-12-18 06:30:00,-1.3527241,-1.372989
2017-12-18 06:40:00,-1.354401,-1.3572439
2017-12-18 06:50:00,-1.4214801,-1.3508748
2017-12-18 07:00:00,-1.4181261,-1.339509
2017-12-18 07:10:00,-1.3711708,-1.304494
2017-12-18 07:20:00,-1.3711708,-1.2652463
2017-12-18 07:30:00,-1.3485316,-1.2300435
2017-12-18 07:40:00,-1.3602704,-1.1699224
2017-12-18 07:50:00,-1.3611089,-1.1187491
2017-12-18 08:00:00,-1.2965453,-1.078126
2017-12-18 08:10:00,-1.1942497,-0.9570438
2017-12-18 08:20:00,-1.1171087,-0.8787225
2017-12-18 08:30:00,-1.0542221,-0.8097509
2017-12-18 08:40:00,-0.9972049,-0.70003587
2017-12-18 08:50:00,-0.92761034,-0.5786854
2017-12-18 09:00:00,-0.8303457,-0.5357749
2017-12-18 09:10:00,-0.88400894,-0.42998427
2017-12-18 09:20:00,-0.7322425,-0.34952593
2017-12-18 09:30:00,-0.65845555,-0.3193727
2017-12-18 09:40:00,-0.6182081,-0.22400399
2017-12-18 09:50:00,-0.5603524,-0.08425175
2017-12-18 10:00:00,-0.50501215,-0.048963726
2017-12-18 10:10:00,-0.4488334,0.047171377
2017-12-18 10:20:00,-0.3758849,0.21269807
2017-12-18 10:30:00,-0.33060652,0.21008669
2017-12-18 10:40:00,-0.2517886,0.2984321
2017-12-18 10:50:00,-0.21237963,0.31907022
2017-12-18 11:00:00,-0.18387102,0.28529477
2017-12-18 11:10:00,-0.1780016,0.267209
2017-12-18 11:20:00,-0.13775416,0.25752175
2017-12-18 11:30:00,-0.100860655,0.22787447
2017-12-18 11:40:00,-0.08912182,0.18107313
2017-12-18 11:50:00,-0.067321114,0.16903076
2017-12-18 12:00:00,-0.05893623,0.20152725
2017-12-18 12:10:00,-0.057259254,0.2503879
2017-12-18 12:20:00,-0.049712855,0.26554513
2017-12-18 12:30:00,-0.01952727,0.2714023
2017-12-18 12:40:00,0.0022734317,0.29104942
2017-12-18 12:50:00,0.020720178,0.2966551
2017-12-18 13:00:00,-0.057259254,0.34869683
2017-12-18 13:10:00,-0.09415275,0.31747252
2017-12-18 13:20:00,-0.105891585,0.27078998
2017-12-18 13:30:00,-0.15200846,0.1900983
2017-12-18 13:40:00,-0.17548613,0.14641142
2017-12-18 13:50:00,-0.23082638,0.070297875
2017-12-18 14:00:00,-0.15787788,0.14763972
2017-12-18 14:10:00,-0.13775416,0.10115705
2017-12-18 14:20:00,-0.14613904,0.073270395
2017-12-18 14:30:00,-0.17884009,0.024171978
2017-12-18 14:40:00,-0.1930944,-8.769333e-06
2017-12-18 14:50:00,-0.24088824,-0.043742813
2017-12-18 15:00:00,-0.26352742,-0.039405018
2017-12-18 15:10:00,-0.25262707,-0.061992154
2017-12-18 15:20:00,-0.2727508,-0.07713272
2017-12-18 15:30:00,-0.28197417,-0.10076487
2017-12-18 15:40:00,-0.2861666,-0.09759785
2017-12-18 15:50:00,-0.26101196,-0.09481375
2017-12-18 16:00:00,-0.24256521,-0.0967208
2017-12-18 16:10:00,-0.19980231,-0.09302406
2017-12-18 16:20:00,-0.19393289,-0.08828272
2017-12-18 16:30:00,-0.20231777,-0.08513917
2017-12-18 16:40:00,-0.14781602,-0.08662395
2017-12-18 16:50:00,-0.06312867,-0.07934451
2017-12-18 17:00:00,0.045036346,-0.07375939
2017-12-18 17:10:00,0.2974214,-0.052592665
2017-12-18 17:20:00,0.7225351,-0.02778086
2017-12-18 17:30:00,0.96569675,0.009507209
2017-12-18 17:40:00,1.0118136,0.05167156
2017-12-18 17:50:00,1.0160061,0.12383141
2017-12-18 18:00:00,1.0134906,0.11030328
2017-12-18 18:10:00,1.0512226,0.16285849
2017-12-18 18:20:00,1.1224941,0.2047816
2017-12-18 18:30:00,1.1006935,0.3080095
2017-12-18 18:40:00,1.0747002,0.44200587
2017-12-18 18:50:00,1.0755388,0.4955004
2017-12-18 19:00:00,1.0738617,0.66390604
2017-12-18 19:10:00,1.0897931,0.75944585
2017-12-18 19:20:00,1.0856006,0.72700346
2017-12-18 19:30:00,1.0369682,0.7179769
2017-12-18 19:40:00,0.9606658,0.5352657
2017-12-18 19:50:00,0.95060396,0.42924732
2017-12-18 20:00:00,0.9355112,0.5564852
2017-12-18 20:10:00,0.9774356,0.6504287
2017-12-18 20:20:00,0.95228094,0.89409846
2017-12-18 20:30:00,0.90867954,0.99085945
2017-12-18 20:40:00,0.81225336,1.0057153
2017-12-18 20:50:00,0.75523615,1.0682955
2017-12-18 21:00:00,0.7208581,0.9787621
2017-12-18 21:10:00,0.6630024,0.7495955
2017-12-18 21:20:00,0.59508485,0.7367125
2017-12-18 21:30:00,0.509559,0.5992702
2017-12-18 21:40:00,0.42571014,0.31479734
2017-12-18 21:50:00,0.36030802,0.25410998
2017-12-18 22:00:00,0.28735954,0.17054819
2017-12-18 22:10:00,0.2026722,0.045382906
2017-12-18 22:20:00,0.13810858,-0.08398843
2017-12-18 22:30:00,0.08192984,-0.16311577
2017-12-18 22:40:00,0.0022734317,-0.19952936
2017-12-18 22:50:00,-0.120145895,-0.056807548
2017-12-18 23:00:00,-0.23334184,-0.17970577
2017-12-18 23:10:00,-0.35240722,-0.5880809
2017-12-18 23:20:00,-0.44631794,-0.75008893
2017-12-18 23:30:00,-0.5628678,-0.8364321
2017-12-18 23:40:00,-0.7104418,-0.94465476
2017-12-18 23:50:00,-0.80267555,-0.9766615
2017-12-19 00:00:00,-0.8949093,-1.007681
2017-12-19 00:10:00,-0.9619884,-1.0147141
2017-12-19 00:20:00,-1.0382909,-1.0142322
2017-12-19 00:30:00,-1.1036929,-1.0199955
2017-12-19 00:40:00,-1.136394,-1.08499
2017-12-19 00:50:00,-1.1833494,-1.1418632
2017-12-19 01:00:00,-1.2898374,-1.1653309
2017-12-19 01:10:00,-1.3435006,-1.188818
2017-12-19 01:20:00,-1.3980024,-1.2155564
2017-12-19 01:30:00,-1.4407654,-1.2102795
2017-12-19 01:40:00,-1.467597,-1.2013906
2017-12-19 01:50:00,-1.4843668,-1.2009077
2017-12-19 02:00:00,-1.4801743,-1.1996943
2017-12-19 02:10:00,-1.4818512,-1.18929
2017-12-19 02:20:00,-1.5011365,-1.2068719
2017-12-19 02:30:00,-1.4935901,-1.216992
2017-12-19 02:40:00,-1.5061674,-1.21616
2017-12-19 02:50:00,-1.5447379,-1.2134955
2017-12-19 03:00:00,-1.5531228,-1.2063901
2017-12-19 03:10:00,-1.5665386,-1.1746995
2017-12-19 03:20:00,-1.5975627,-1.151066
2017-12-19 03:30:00,-1.615171,-1.1124784
2017-12-19 03:40:00,-1.6336176,-1.0718393
2017-12-19 03:50:00,-1.6051091,-1.0694063
2017-12-19 04:00:00,-1.6042706,-0.9899028
2017-12-19 04:10:00,-1.6143324,-0.95946234
2017-12-19 04:20:00,-1.6311022,-0.9142757
2017-12-19 04:30:00,-1.6042706,-1.0511131
2017-12-19 04:40:00,-1.6025937,-1.1676073
2017-12-19 04:50:00,-1.6394871,-1.2436131
2017-12-19 05:00:00,-1.6503875,-1.3285955
2017-12-19 05:10:00,-1.647872,-1.3816693
2017-12-19 05:20:00,-1.6428411,-1.4081417
2017-12-19 05:30:00,-1.6176864,-1.4376452
2017-12-19 05:40:00,-1.5422225,-1.4368064
2017-12-19 05:50:00,-1.4030334,-1.424645
2017-12-19 06:00:00,-1.3711708,-1.4153664
2017-12-19 06:10:00,-1.3460162,-1.3992425
2017-12-19 06:20:00,-1.3326004,-1.3871133
2017-12-19 06:30:00,-1.3007377,-1.3755101
2017-12-19 06:40:00,-1.3233769,-1.3589212
2017-12-19 06:50:00,-1.4063873,-1.349741
2017-12-19 07:00:00,-1.3988409,-1.3359464
2017-12-19 07:10:00,-1.3602704,-1.2967131
2017-12-19 07:20:00,-1.3653014,-1.2559564
2017-12-19 07:30:00,-1.3602704,-1.2151551
2017-12-19 07:40:00,-1.4013563,-1.1565511
2017-12-19 07:50:00,-1.4013563,-1.107595
2017-12-19 08:00:00,-1.3208615,-1.0780711
2017-12-19 08:10:00,-1.2202429,-0.9656188
2017-12-19 08:20:00,-1.1145933,-0.8878673
2017-12-19 08:30:00,-1.0299059,-0.81283814
2017-12-19 08:40:00,-0.9812736,-0.700632
2017-12-19 08:50:00,-0.90413266,-0.5803914
2017-12-19 09:00:00,-0.83118415,-0.53534216
2017-12-19 09:10:00,-0.7800364,-0.4244215
2017-12-19 09:20:00,-0.6894796,-0.34697533
2017-12-19 09:30:00,-0.6173696,-0.31710142
2017-12-19 09:40:00,-0.5947304,-0.224624
2017-12-19 09:50:00,-0.55280596,-0.075736225
2017-12-19 10:00:00,-0.5217819,-0.03354326
2017-12-19 10:10:00,-0.40187803,0.075163685
2017-12-19 10:20:00,-0.3540842,0.26754868
2017-12-19 10:30:00,-0.34989175,0.26226437
2017-12-19 10:40:00,-0.31635222,0.34770662
2017-12-19 10:50:00,-0.2509501,0.34141755
2017-12-19 11:00:00,-0.19477138,0.30069986
2017-12-19 11:10:00,-0.16458578,0.28274602
2017-12-19 11:20:00,-0.1344002,0.26877445
2017-12-19 11:30:00,-0.07905996,0.22085372
2017-12-19 11:40:00,-0.056420766,0.15993159
2017-12-19 11:50:00,-0.08828333,0.12766331
2017-12-19 12:00:00,-0.09666821,0.17587124
2017-12-19 12:10:00,-0.06396716,0.22689207
2017-12-19 12:20:00,-0.075706005,0.25988078
2017-12-19 12:30:00,-0.09499124,0.2797025
2017-12-19 12:40:00,-0.09247577,0.3018111
2017-12-19 12:50:00,-0.11343799,0.32540184
2017-12-19 13:00:00,-0.17716311,0.35796052
2017-12-19 13:10:00,-0.20231777,0.3718369
2017-12-19 13:20:00,-0.2073487,0.3330558
2017-12-19 13:30:00,-0.19477138,0.23089464
2017-12-19 13:40:00,-0.2434037,0.087366916
2017-12-19 13:50:00,-0.25346556,-0.03466414
2017-12-19 14:00:00,-0.22998789,0.09409094
2017-12-19 14:10:00,-0.18051706,0.02619889
2017-12-19 14:20:00,-0.16710125,-0.0023634583
2017-12-19 14:30:00,-0.1847095,-0.058030725
2017-12-19 14:40:00,-0.19225591,-0.078779265
2017-12-19 14:50:00,-0.257658,-0.11110942
2017-12-19 15:00:00,-0.2802972,-0.10355081
2017-12-19 15:10:00,-0.28281265,-0.1106274
2017-12-19 15:20:00,-0.27610475,-0.116417095
2017-12-19 15:30:00,-0.31215978,-0.0934995
2017-12-19 15:40:00,-0.33563745,-0.08961244
2017-12-19 15:50:00,-0.33396047,-0.08136518
2017-12-19 16:00:00,-0.33647594,-0.085536435
2017-12-19 16:10:00,-0.3171907,-0.0834492
2017-12-19 16:20:00,-0.23250335,-0.083134085
2017-12-19 16:30:00,-0.19644836,-0.09150231
2017-12-19 16:40:00,-0.16039334,-0.08511093
2017-12-19 16:50:00,-0.09331426,-0.062115155
2017-12-19 17:00:00,0.040005416,-0.063798904
2017-12-19 17:10:00,0.27897465,-0.041087024
2017-12-19 17:20:00,0.617724,-0.019744813
2017-12-19 17:30:00,0.91957986,0.004318878
2017-12-19 17:40:00,1.0394838,0.027202517
2017-12-19 17:50:00,1.0470301,0.07543669
2017-12-19 18:00:00,1.0889546,0.054027077
2017-12-19 18:10:00,1.0897931,0.10759295
2017-12-19 18:20:00,1.0679923,0.18078542
2017-12-19 18:30:00,1.0512226,0.30911064
2017-12-19 18:40:00,1.0185215,0.37917084
2017-12-19 18:50:00,1.0151676,0.43119156
2017-12-19 19:00:00,1.0252295,0.4722001
2017-12-19 19:10:00,1.0403222,0.46479535
2017-12-19 19:20:00,1.0092982,0.48837292
2017-12-19 19:30:00,0.99001294,0.5103542
2017-12-19 19:40:00,0.95228094,0.6169342
2017-12-19 19:50:00,0.92880327,0.6837527
2017-12-19 20:00:00,0.8826864,1.0059315
2017-12-19 20:10:00,0.9187414,1.1242365
2017-12-19 20:20:00,0.95060396,1.2009921
2017-12-19 20:30:00,0.91957986,1.2260704
2017-12-19 20:40:00,0.8701091,1.140202
2017-12-19 20:50:00,0.76194406,1.0353439
2017-12-19 21:00:00,0.7166657,0.87000895
2017-12-19 21:10:00,0.7099578,0.7120613
2017-12-19 21:20:00,0.6680333,0.66818297
2017-12-19 21:30:00,0.6202395,0.51563495
2017-12-19 21:40:00,0.54226005,0.25811166
2017-12-19 21:50:00,0.46595758,0.2548073
2017-12-19 22:00:00,0.3863012,0.18442789
2017-12-19 22:10:00,0.3192221,0.08749966
2017-12-19 22:20:00,0.23705022,-0.03869936
2017-12-19 22:30:00,0.1355931,-0.15301682
2017-12-19 22:40:00,0.0031119203,-0.20721312
2017-12-19 22:50:00,-0.14530055,-0.15018007
2017-12-19 23:00:00,-0.23166487,-0.26141107
2017-12-19 23:10:00,-0.3901392,-0.6426298
2017-12-19 23:20:00,-0.47985747,-0.8512914
2017-12-19 23:30:00,-0.57041425,-0.8691033
2017-12-19 23:40:00,-0.67103285,-0.9047309
2017-12-19 23:50:00,-0.7448199,-0.9208953
2017-12-20 00:00:00,-0.82279927,-0.94605106
2017-12-20 00:10:00,-0.89323235,-0.94979113
2017-12-20 00:20:00,-0.97624266,-0.91881806
2017-12-20 00:30:00,-1.0391294,-0.9270672
2017-12-20 00:40:00,-1.1330401,-0.992022
2017-12-20 00:50:00,-1.2353356,-1.1006613
2017-12-20 01:00:00,-1.3242154,-1.1381541
2017-12-20 01:10:00,-1.3879405,-1.1752326
2017-12-20 01:20:00,-1.4852052,-1.1954764
2017-12-20 01:30:00,-1.5271297,-1.2260753
2017-12-20 01:40:00,-1.5053289,-1.2561244
2017-12-20 01:50:00,-1.4860437,-1.2790009
2017-12-20 02:00:00,-1.503652,-1.2829688
2017-12-20 02:10:00,-1.5480919,-1.2923046
2017-12-20 02:20:00,-1.5422225,-1.3056995
2017-12-20 02:30:00,-1.5564767,-1.3168418
2017-12-20 02:40:00,-1.570731,-1.3158128
2017-12-20 02:50:00,-1.5858239,-1.3225389
2017-12-20 03:00:00,-1.5908548,-1.2807889
2017-12-20 03:10:00,-1.6168479,-1.212436
2017-12-20 03:20:00,-1.6243943,-1.1619465
2017-12-20 03:30:00,-1.615171,-1.1119246
2017-12-20 03:40:00,-1.6017551,-1.0696329
2017-12-20 03:50:00,-1.6009166,-1.0463278
2017-12-20 04:00:00,-1.6160095,-0.98741275
2017-12-20 04:10:00,-1.6025937,-0.9460582
2017-12-20 04:20:00,-1.6202018,-0.8838405
2017-12-20 04:30:00,-1.6009166,-1.0062029
2017-12-20 04:40:00,-1.5933702,-1.148444
2017-12-20 04:50:00,-1.6260713,-1.2436817
2017-12-20 05:00:00,-1.579116,-1.3291178
2017-12-20 05:10:00,-1.5531228,-1.3789747
2017-12-20 05:20:00,-1.5615077,-1.4023323
2017-12-20 05:30:00,-1.5455765,-1.4325781
2017-12-20 05:40:00,-1.495267,-1.4311591
2017-12-20 05:50:00,-1.3644629,-1.4282137
2017-12-20 06:00:00,-1.3694938,-1.4203196
2017-12-20 06:10:00,-1.3552395,-1.4080362
2017-12-20 06:20:00,-1.3233769,-1.3903167
2017-12-20 06:30:00,-1.2789371,-1.3775638
2017-12-20 06:40:00,-1.3242154,-1.3596119
2017-12-20 06:50:00,-1.3820711,-1.3483661
2017-12-20 07:00:00,-1.4214801,-1.3345323
2017-12-20 07:10:00,-1.4156107,-1.2922697
2017-12-20 07:20:00,-1.4105798,-1.2531252
2017-12-20 07:30:00,-1.3812326,-1.2164468
2017-12-20 07:40:00,-1.3854251,-1.1573161
2017-12-20 07:50:00,-1.4097413,-1.1055636
2017-12-20 08:00:00,-1.3309233,-1.0726395
2017-12-20 08:10:00,-1.2495899,-0.9506131
2017-12-20 08:20:00,-1.1850263,-0.86712414
2017-12-20 08:30:00,-1.1196243,-0.7955957
2017-12-20 08:40:00,-1.0382909,-0.68558586
2017-12-20 08:50:00,-1.0047513,-0.5662049
2017-12-20 09:00:00,-0.89155537,-0.5187
2017-12-20 09:10:00,-0.7993216,-0.41289884
2017-12-20 09:20:00,-0.71714973,-0.33852237
2017-12-20 09:30:00,-0.64252424,-0.31178963
2017-12-20 09:40:00,-0.60563076,-0.21687634
2017-12-20 09:50:00,-0.55699843,-0.077007785
2017-12-20 10:00:00,-0.5058506,-0.037104987
2017-12-20 10:10:00,-0.4194863,0.05962746
2017-12-20 10:20:00,-0.38762373,0.25367135
2017-12-20 10:30:00,-0.30461338,0.25602168
2017-12-20 10:40:00,-0.27610475,0.36783063
2017-12-20 10:50:00,-0.27610475,0.39720654
2017-12-20 11:00:00,-0.2291494,0.34213376
2017-12-20 11:10:00,-0.13943113,0.3129856
2017-12-20 11:20:00,-0.14530055,0.29567575
2017-12-20 11:30:00,-0.0975067,0.24303477
2017-12-20 11:40:00,-0.100860655,0.17760347
2017-12-20 11:50:00,-0.080736935,0.16007599
2017-12-20 12:00:00,-0.095829725,0.18265408
2017-12-20 12:10:00,-0.07235205,0.21967576
2017-12-20 12:20:00,-0.022881225,0.22654726
2017-12-20 12:30:00,-0.033781577,0.23112504
2017-12-20 12:40:00,-0.018688781,0.2546612
2017-12-20 12:50:00,-0.029589133,0.2674335
2017-12-20 13:00:00,-0.050551347,0.32331836
2017-12-20 13:10:00,-0.05977472,0.34545618
2017-12-20 13:20:00,-0.053066812,0.3581286
2017-12-20 13:30:00,-0.07738298,0.361045
2017-12-20 13:40:00,-0.08996031,0.33731604
2017-12-20 13:50:00,-0.13943113,0.26988983
2017-12-20 14:00:00,-0.07486752,0.19906425
2017-12-20 14:10:00,-0.0975067,0.19810651
2017-12-20 14:20:00,-0.080736935,0.25057638
2017-12-20 14:30:00,-0.11092252,0.18818043
2017-12-20 14:40:00,-0.13356172,0.14935094
2017-12-20 14:50:00,-0.14697753,0.04753755
2017-12-20 15:00:00,-0.16710125,0.026450515
2017-12-20 15:10:00,-0.18135555,0.009450324
2017-12-20 15:20:00,-0.16877823,-0.008638158
2017-12-20 15:30:00,-0.19812533,-0.045720197
2017-12-20 15:40:00,-0.24843463,-0.09097399
2017-12-20 15:50:00,-0.27778172,-0.10039659
2017-12-20 16:00:00,-0.2802972,-0.106380105
2017-12-20 16:10:00,-0.2727508,-0.10690907
2017-12-20 16:20:00,-0.24675766,-0.10010333
2017-12-20 16:30:00,-0.20651022,-0.096755475
2017-12-20 16:40:00,-0.11846892,-0.10177611
2017-12-20 16:50:00,-0.03294309,-0.08509755
2017-12-20 17:00:00,0.008142851,-0.07931307
2017-12-20 17:10:00,0.19009486,-0.07830411
2017-12-20 17:20:00,0.5908924,-0.08730933
2017-12-20 17:30:00,0.9556349,-0.09131147
2017-12-20 17:40:00,1.0042672,-0.079953626
2017-12-20 17:50:00,1.0042672,-0.03889036
2017-12-20 18:00:00,1.0160061,-0.01783666
2017-12-20 18:10:00,1.0713463,0.054422155
2017-12-20 18:20:00,1.0654769,0.1537643
2017-12-20 18:30:00,1.0654769,0.36503798
2017-12-20 18:40:00,1.0235524,0.6664561
2017-12-20 18:50:00,1.0201985,1.0559978
2017-12-20 19:00:00,1.0604459,1.178574
2017-12-20 19:10:00,1.0512226,1.2701275
2017-12-20 19:20:00,0.99672085,1.2941493
2017-12-20 19:30:00,0.9170644,1.3492051
2017-12-20 19:40:00,0.909518,1.3471421
2017-12-20 19:50:00,0.8919098,1.3710504
2017-12-20 20:00:00,0.8315386,1.3618076
2017-12-20 20:10:00,0.91538745,1.3740052
2017-12-20 20:20:00,0.94305754,1.3663139
2017-12-20 20:30:00,0.95479643,1.3583729
2017-12-20 20:40:00,0.9103565,1.3168625
2017-12-20 20:50:00,0.84998536,1.2260141
2017-12-20 21:00:00,0.76194406,1.0279628
2017-12-20 21:10:00,0.7384664,0.7891417
2017-12-20 21:20:00,0.66467935,0.7591718
2017-12-20 21:30:00,0.56657624,0.66054404
2017-12-20 21:40:00,0.507882,0.4080168
2017-12-20 21:50:00,0.44583386,0.2932669
2017-12-20 22:00:00,0.39468607,0.20283602
2017-12-20 22:10:00,0.31586814,0.08784071
2017-12-20 22:20:00,0.20351069,-0.026888296
2017-12-20 22:30:00,0.14062405,-0.10559863
2017-12-20 22:40:00,0.058452163,-0.15417393
2017-12-20 22:50:00,-0.06983658,-0.012082711
2017-12-20 23:00:00,-0.2081872,0.0072128735
2017-12-20 23:10:00,-0.33060652,-0.44000024
2017-12-20 23:20:00,-0.47650352,-0.87387544
2017-12-20 23:30:00,-0.5779606,-0.9428757
2017-12-20 23:40:00,-0.660971,-0.97691613
2017-12-20 23:50:00,-0.7582357,-1.0094831
2017-12-21 00:00:00,-0.842923,-0.9817385
2017-12-21 00:10:00,-0.918387,-0.98298925
2017-12-21 00:20:00,-0.9980434,-0.9248207
2017-12-21 00:30:00,-1.0617685,-0.96590525
2017-12-21 00:40:00,-1.1120778,-1.0141574
2017-12-21 00:50:00,-1.1481328,-1.0259755
2017-12-21 01:00:00,-1.2034731,-1.017299
2017-12-21 01:10:00,-1.2797755,-1.0232102
2017-12-21 01:20:00,-1.3191845,-1.0702338
2017-12-21 01:30:00,-1.3443391,-1.1398511
2017-12-21 01:40:00,-1.4097413,-1.1308851
2017-12-21 01:50:00,-1.4315419,-1.1332257
2017-12-21 02:00:00,-1.4717894,-1.1310564
2017-12-21 02:10:00,-1.500298,-1.0999963
2017-12-21 02:20:00,-1.5246142,-1.0919243
2017-12-21 02:30:00,-1.5237757,-1.0901184
2017-12-21 02:40:00,-1.5480919,-1.091249
2017-12-21 02:50:00,-1.5732465,-1.088021
2017-12-21 03:00:00,-1.5598307,-1.0652943
2017-12-21 03:10:00,-1.5589923,-1.0178324
2017-12-21 03:20:00,-1.5506073,-0.9766268
2017-12-21 03:30:00,-1.5782775,-0.9387236
2017-12-21 03:40:00,-1.5900162,-0.9001329
2017-12-21 03:50:00,-1.6076245,-0.889984
2017-12-21 04:00:00,-1.608463,-0.90691996
2017-12-21 04:10:00,-1.6042706,-0.90415794
2017-12-21 04:20:00,-1.5816314,-0.8994642
2017-12-21 04:30:00,-1.579116,-0.9695421
2017-12-21 04:40:00,-1.574085,-1.100413
2017-12-21 04:50:00,-1.5749235,-1.2200117
2017-12-21 05:00:00,-1.5564767,-1.3112332
2017-12-21 05:10:00,-1.5422225,-1.3739119
2017-12-21 05:20:00,-1.5816314,-1.399297
2017-12-21 05:30:00,-1.5682156,-1.431589
2017-12-21 05:40:00,-1.5313221,-1.4302995
2017-12-21 05:50:00,-1.4239956,-1.420719
2017-12-21 06:00:00,-1.3753632,-1.4141498
2017-12-21 06:10:00,-1.3778787,-1.3945129
2017-12-21 06:20:00,-1.3409852,-1.3802854
2017-12-21 06:30:00,-1.282291,-1.3657528
2017-12-21 06:40:00,-1.2705522,-1.3468928
2017-12-21 06:50:00,-1.3258924,-1.3352187
2017-12-21 07:00:00,-1.3367927,-1.3257188
2017-12-21 07:10:00,-1.3535625,-1.2858242
2017-12-21 07:20:00,-1.3803941,-1.250864
2017-12-21 07:30:00,-1.39381,-1.209703
2017-12-21 07:40:00,-1.4466348,-1.1442033
2017-12-21 07:50:00,-1.4860437,-1.0810431
2017-12-21 08:00:00,-1.397164,-1.0479906
2017-12-21 08:10:00,-1.2831295,-0.92776716
2017-12-21 08:20:00,-1.1883802,-0.8429829
2017-12-21 08:30:00,-1.1481328,-0.76572424
2017-12-21 08:40:00,-1.1263322,-0.65046746
2017-12-21 08:50:00,-1.1129164,-0.543373
2017-12-21 09:00:00,-1.0349369,-0.5066256
2017-12-21 09:10:00,-0.9393492,-0.39793313
2017-12-21 09:20:00,-0.842923,-0.32011074
2017-12-21 09:30:00,-0.81189895,-0.290882
2017-12-21 09:40:00,-0.7414659,-0.20645796
2017-12-21 09:50:00,-0.6400088,-0.06949705
2017-12-21 10:00:00,-0.58299154,-0.026791714
2017-12-21 10:10:00,-0.54609805,0.07409411
2017-12-21 10:20:00,-0.4706341,0.24607606
2017-12-21 10:30:00,-0.441287,0.2377281
2017-12-21 10:40:00,-0.3675,0.3149346
2017-12-21 10:50:00,-0.3473763,0.30536166
2017-12-21 11:00:00,-0.31467524,0.27247804
2017-12-21 11:10:00,-0.3037749,0.24162082
2017-12-21 11:20:00,-0.28448963,0.21281284
2017-12-21 11:30:00,-0.24675766,0.16410227
2017-12-21 11:40:00,-0.20651022,0.1122614
2017-12-21 11:50:00,-0.1780016,0.06619421
2017-12-21 12:00:00,-0.21573359,0.119324684
2017-12-21 12:10:00,-0.1704552,0.17570516
2017-12-21 12:20:00,-0.13020776,0.23771422
2017-12-21 12:30:00,-0.10673007,0.25551385
2017-12-21 12:40:00,-0.05474379,0.24952309
2017-12-21 12:50:00,-0.04803588,0.25529093
2017-12-21 13:00:00,-0.067321114,0.27780676
2017-12-21 13:10:00,-0.114276476,0.3190645
2017-12-21 13:20:00,-0.09834519,0.34747475
2017-12-21 13:30:00,-0.149493,0.3370701
2017-12-21 13:40:00,-0.16626276,0.3292879
2017-12-21 13:50:00,-0.18890196,0.28592342
2017-12-21 14:00:00,-0.15200846,0.24462818
2017-12-21 14:10:00,-0.15536241,0.14983697
2017-12-21 14:20:00,-0.1562009,0.2362975
2017-12-21 14:30:00,-0.16542427,0.1921732
2017-12-21 14:40:00,-0.16710125,0.17397024
2017-12-21 14:50:00,-0.19057894,0.062913984
2017-12-21 15:00:00,-0.19393289,0.0041815676
2017-12-21 15:10:00,-0.19560987,-0.03270834
2017-12-21 15:20:00,-0.19980231,-0.051917657
2017-12-21 15:30:00,-0.20399475,-0.07500805
2017-12-21 15:40:00,-0.23753428,-0.10890995
2017-12-21 15:50:00,-0.23501882,-0.14997837
2017-12-21 16:00:00,-0.21992603,-0.16068816
2017-12-21 16:10:00,-0.2291494,-0.15578923
2017-12-21 16:20:00,-0.19812533,-0.14496313
2017-12-21 16:30:00,-0.19812533,-0.14709456
2017-12-21 16:40:00,-0.13943113,-0.1340325
2017-12-21 16:50:00,-0.06564414,-0.115257695
2017-12-21 17:00:00,0.045874834,-0.07647422
2017-12-21 17:10:00,0.2823286,-0.0659229
2017-12-21 17:20:00,0.55986834,-0.062392272
2017-12-21 17:30:00,0.9137105,-0.08555184
2017-12-21 17:40:00,1.0319374,-0.08593525
2017-12-21 17:50:00,1.1107553,-0.033953257
2017-12-21 18:00:00,1.0923085,-0.018616587
2017-12-21 18:10:00,1.0562536,0.05709467
2017-12-21 18:20:00,1.022714,0.15960415
2017-12-21 18:30:00,1.026068,0.36678642
2017-12-21 18:40:00,1.0629615,0.6309299
2017-12-21 18:50:00,1.0939856,0.95310336
2017-12-21 19:00:00,1.0512226,1.05976
2017-12-21 19:10:00,1.093147,1.1645148
2017-12-21 19:20:00,1.0419992,1.1969515
2017-12-21 19:30:00,0.9841435,1.2698035
2017-12-21 19:40:00,0.95731187,1.2893503
2017-12-21 19:50:00,0.9162259,1.3198621
2017-12-21 20:00:00,0.87178606,1.3232728
2017-12-21 20:10:00,0.9204184,1.3369243
2017-12-21 20:20:00,0.92880327,1.3190331
2017-12-21 20:30:00,0.89945614,1.2969178
2017-12-21 20:40:00,0.8088994,1.226902
2017-12-21 20:50:00,0.7502052,1.1524028
2017-12-21 21:00:00,0.72672755,0.9737461
2017-12-21 21:10:00,0.68061066,0.7351329
2017-12-21 21:20:00,0.6353323,0.70091265
2017-12-21 21:30:00,0.5757996,0.6131497
2017-12-21 21:40:00,0.50704354,0.35460383
2017-12-21 21:50:00,0.47434247,0.314246
2017-12-21 22:00:00,0.39384758,0.24150221
2017-12-21 22:10:00,0.3032908,0.1250474
2017-12-21 22:20:00,0.20770313,-0.014868036
2017-12-21 22:30:00,0.11714636,-0.1161093
2017-12-21 22:40:00,0.03245902,-0.13823737
2017-12-21 22:50:00,-0.10756856,0.04497268
2017-12-21 23:00:00,-0.23166487,0.05669359
2017-12-21 23:10:00,-0.35576117,-0.32207364
2017-12-21 23:20:00,-0.45889527,-0.81233233
2017-12-21 23:30:00,-0.55699843,-0.9222655
2017-12-21 23:40:00,-0.6257545,-0.9787263
2017-12-21 23:50:00,-0.71547276,-1.0252042
2017-12-22 00:00:00,-0.82028383,-1.0351852
2017-12-22 00:10:00,-0.878978,-1.0433246
2017-12-22 00:20:00,-0.94102615,-1.0027478
2017-12-22 00:30:00,-1.0156517,-1.022726
2017-12-22 00:40:00,-1.0525452,-1.0848911
2017-12-22 00:50:00,-1.1372325,-1.1417546
2017-12-22 01:00:00,-1.2118579,-1.1533823
2017-12-22 01:10:00,-1.3149921,-1.1621245
2017-12-22 01:20:00,-1.3242154,-1.1702447
2017-12-22 01:30:00,-1.3611089,-1.199676
2017-12-22 01:40:00,-1.4164492,-1.2014034
2017-12-22 01:50:00,-1.4508272,-1.1975753
2017-12-22 02:00:00,-1.4835283,-1.1759298
2017-12-22 02:10:00,-1.5019749,-1.1421111
2017-12-22 02:20:00,-1.5212603,-1.1393316
2017-12-22 02:30:00,-1.5262911,-1.1304611
2017-12-22 02:40:00,-1.5447379,-1.1226034
2017-12-22 02:50:00,-1.5430609,-1.1145473
2017-12-22 03:00:00,-1.5782775,-1.093319
2017-12-22 03:10:00,-1.5615077,-1.0502814
2017-12-22 03:20:00,-1.5615077,-1.0225898
2017-12-22 03:30:00,-1.5631846,-0.9870501
2017-12-22 03:40:00,-1.5942087,-0.945128
2017-12-22 03:50:00,-1.6235558,-0.9144443
2017-12-22 04:00:00,-1.6168479,-0.9192213
2017-12-22 04:10:00,-1.6235558,-0.9094255
2017-12-22 04:20:00,-1.6193634,-0.8838584
2017-12-22 04:30:00,-1.6352947,-0.9729561
2017-12-22 04:40:00,-1.6344562,-1.1013935
2017-12-22 04:50:00,-1.6218789,-1.2253944
2017-12-22 05:00:00,-1.5975627,-1.3170959
2017-12-22 05:10:00,-1.5933702,-1.3736069
2017-12-22 05:20:00,-1.5950472,-1.3986233
2017-12-22 05:30:00,-1.6051091,-1.4302158
2017-12-22 05:40:00,-1.5522844,-1.4283313
2017-12-22 05:50:00,-1.4290265,-1.4244899
2017-12-22 06:00:00,-1.3879405,-1.4197426
2017-12-22 06:10:00,-1.3476931,-1.4049351
2017-12-22 06:20:00,-1.3007377,-1.392766
2017-12-22 06:30:00,-1.2328202,-1.3752203
2017-12-22 06:40:00,-1.2328202,-1.3589605
2017-12-22 06:50:00,-1.2881604,-1.3478743
2017-12-22 07:00:00,-1.3476931,-1.3335865
2017-12-22 07:10:00,-1.3426622,-1.290905
2017-12-22 07:20:00,-1.3980024,-1.2529479
2017-12-22 07:30:00,-1.4441193,-1.2079078
2017-12-22 07:40:00,-1.4877207,-1.1410815
2017-12-22 07:50:00,-1.4868822,-1.0779732
2017-12-22 08:00:00,-1.4080642,-1.0502553
2017-12-22 08:10:00,-1.2688752,-0.9382548
2017-12-22 08:20:00,-1.2336587,-0.8657758
2017-12-22 08:30:00,-1.1892188,-0.79239565
2017-12-22 08:40:00,-1.1422634,-0.6803864
2017-12-22 08:50:00,-1.0869231,-0.566264
2017-12-22 09:00:00,-1.0525452,-0.53492594
2017-12-22 09:10:00,-0.9334798,-0.42530316
2017-12-22 09:20:00,-0.84627694,-0.34231132
2017-12-22 09:30:00,-0.76578206,-0.31077868
2017-12-22 09:40:00,-0.7624281,-0.2227941
2017-12-22 09:50:00,-0.68444866,-0.09081371
2017-12-22 10:00:00,-0.6106617,-0.055933982
2017-12-22 10:10:00,-0.5469366,0.032780048
2017-12-22 10:20:00,-0.5251359,0.2057151
2017-12-22 10:30:00,-0.4714726,0.20651533
2017-12-22 10:40:00,-0.3825928,0.32486987
2017-12-22 10:50:00,-0.3742079,0.39416176
2017-12-22 11:00:00,-0.34066838,0.3620994
2017-12-22 11:10:00,-0.30125943,0.34529823
2017-12-22 11:20:00,-0.23334184,0.3262307
2017-12-22 11:30:00,-0.26939684,0.2803947
2017-12-22 11:40:00,-0.25681952,0.22947524
2017-12-22 11:50:00,-0.29119757,0.1969006
2017-12-22 12:00:00,-0.38007733,0.2141147
2017-12-22 12:10:00,-0.38510826,0.23856585
2017-12-22 12:20:00,-0.40774745,0.2647887
2017-12-22 12:30:00,-0.43961003,0.30374143
2017-12-22 12:40:00,-0.4697956,0.33112454
2017-12-22 12:50:00,-0.45386434,0.34759814
2017-12-22 13:00:00,-0.38426977,0.37426233
2017-12-22 13:10:00,-0.33060652,0.3784505
2017-12-22 13:20:00,-0.3398299,0.39893824
2017-12-22 13:30:00,-0.33815292,0.40186304
2017-12-22 13:40:00,-0.3817543,0.3000541
2017-12-22 13:50:00,-0.4194863,0.13425964
2017-12-22 14:00:00,-0.43038666,0.017812971
2017-12-22 14:10:00,-0.44631794,-0.034049496
2017-12-22 14:20:00,-0.43038666,-0.05265949
2017-12-22 14:30:00,-0.3893007,0.10905353
2017-12-22 14:40:00,-0.41613236,0.13240126
2017-12-22 14:50:00,-0.37085396,0.10259119
2017-12-22 15:00:00,-0.40103954,0.102619804
2017-12-22 15:10:00,-0.44631794,0.087087266
2017-12-22 15:20:00,-0.44044852,0.074857324
2017-12-22 15:30:00,-0.48991933,0.047965232
2017-12-22 15:40:00,-0.5075276,0.008547433
2017-12-22 15:50:00,-0.4991427,-0.038119495
2017-12-22 16:00:00,-0.45051038,-0.05625981
2017-12-22 16:10:00,-0.4563798,-0.06099361
2017-12-22 16:20:00,-0.46476468,-0.061002687
2017-12-22 16:30:00,-0.46057224,-0.052478552
2017-12-22 16:40:00,-0.3901392,-0.04496169
2017-12-22 16:50:00,-0.29455152,-0.06491548
2017-12-22 17:00:00,-0.23501882,-0.09019412
2017-12-22 17:10:00,-0.06480565,-0.09529343
2017-12-22 17:20:00,0.3049678,-0.1009976
2017-12-22 17:30:00,0.6286244,-0.10853657
2017-12-22 17:40:00,0.78122926,-0.09430739
2017-12-22 17:50:00,0.81141484,-0.042935334
2017-12-22 18:00:00,0.81393033,-0.03965603
2017-12-22 18:10:00,0.84243894,0.009965446
2017-12-22 18:20:00,0.8634012,0.07093521
2017-12-22 18:30:00,0.835731,0.19739798
2017-12-22 18:40:00,0.81141484,0.43250656
2017-12-22 18:50:00,0.8156073,0.86299324
2017-12-22 19:00:00,0.82063824,0.9810274
2017-12-22 19:10:00,0.8147688,1.0541706
2017-12-22 19:20:00,0.7627825,1.0629147
2017-12-22 19:30:00,0.7560746,1.1251843
2017-12-22 19:40:00,0.7225351,1.1452721
2017-12-22 19:50:00,0.7300815,1.1974174
2017-12-22 20:00:00,0.73762786,1.2280358
2017-12-22 20:10:00,0.76110554,1.2302195
2017-12-22 20:20:00,0.76194406,1.2075948
2017-12-22 20:30:00,0.76613647,1.1906874
2017-12-22 20:40:00,0.7367894,1.1288618
2017-12-22 20:50:00,0.71750414,1.0013119
2017-12-22 21:00:00,0.7124732,0.83859587
2017-12-22 21:10:00,0.61017764,0.6555072
2017-12-22 21:20:00,0.5632223,0.6770488
2017-12-22 21:30:00,0.53555214,0.6752992
2017-12-22 21:40:00,0.50536656,0.52042043
2017-12-22 21:50:00,0.43325654,0.28738368
2017-12-22 22:00:00,0.31670663,0.16970724
2017-12-22 22:10:00,0.2831671,0.06978777
2017-12-22 22:20:00,0.23621173,-0.07064319
2017-12-22 22:30:00,0.18422544,-0.15927894
2017-12-22 22:40:00,0.0777374,-0.17307828
2017-12-22 22:50:00,-0.035458554,0.0059583
2017-12-22 23:00:00,-0.12936927,0.0841358
2017-12-22 23:10:00,-0.2081872,-0.08239634
2017-12-22 23:20:00,-0.29874396,0.20880851
2017-12-22 23:30:00,-0.3976856,-0.36790252
2017-12-22 23:40:00,-0.55280596,-0.7313928
2017-12-22 23:50:00,-0.6525861,-0.86162835
2017-12-23 00:00:00,-0.7641051,-0.5261679
2017-12-23 00:10:00,-0.8571773,-0.67962873
2017-12-23 00:20:00,-0.9611499,-0.74513096
2017-12-23 00:30:00,-1.0349369,-0.9509787
2017-12-23 00:40:00,-1.098662,-0.9957519
2017-12-23 00:50:00,-1.1858648,-1.0375928
2017-12-23 01:00:00,-1.2177274,-1.0560863
2017-12-23 01:10:00,-1.2755831,-1.121733
2017-12-23 01:20:00,-1.3191845,-1.1656674
2017-12-23 01:30:00,-1.356078,-1.1984057
2017-12-23 01:40:00,-1.3845866,-1.2208657
2017-12-23 01:50:00,-1.4172877,-1.2206701
2017-12-23 02:00:00,-1.4634045,-1.2028188
2017-12-23 02:10:00,-1.4944286,-1.1978421
2017-12-23 02:20:00,-1.5128753,-1.2220321
2017-12-23 02:30:00,-1.5095214,-1.2274578
2017-12-23 02:40:00,-1.5422225,-1.2386771
2017-12-23 02:50:00,-1.5992397,-1.2703884
2017-12-23 03:00:00,-1.6176864,-1.3110597
2017-12-23 03:10:00,-1.6453565,-1.2750131
2017-12-23 03:20:00,-1.6621263,-1.2198057
2017-12-23 03:30:00,-1.6671573,-1.1592607
2017-12-23 03:40:00,-1.6805731,-1.0782583
2017-12-23 03:50:00,-1.6948273,-1.0542722
2017-12-23 04:00:00,-1.7082431,-1.0439824
2017-12-23 04:10:00,-1.7015352,-1.0171335
2017-12-23 04:20:00,-1.6864425,-0.979081
2017-12-23 04:30:00,-1.6948273,-1.0364178
2017-12-23 04:40:00,-1.6864425,-1.1585535
2017-12-23 04:50:00,-1.6814115,-1.2472088
2017-12-23 05:00:00,-1.6554184,-1.3270566
2017-12-23 05:10:00,-1.6470336,-1.3792238
2017-12-23 05:20:00,-1.6327792,-1.3979758
2017-12-23 05:30:00,-1.603432,-1.4325355
2017-12-23 05:40:00,-1.570731,-1.4324491
2017-12-23 05:50:00,-1.4466348,-1.4251914
2017-12-23 06:00:00,-1.4189646,-1.4152563
2017-12-23 06:10:00,-1.4206417,-1.3977406
2017-12-23 06:20:00,-1.3829097,-1.3818172
2017-12-23 06:30:00,-1.4047103,-1.3701432
2017-12-23 06:40:00,-1.4089028,-1.355308
2017-12-23 06:50:00,-1.4105798,-1.3511595
2017-12-23 07:00:00,-1.5145524,-1.3432677
2017-12-23 07:10:00,-1.5204217,-1.3100941
2017-12-23 07:20:00,-1.5455765,-1.2733465
2017-12-23 07:30:00,-1.5455765,-1.2427489
2017-12-23 07:40:00,-1.570731,-1.1859478
2017-12-23 07:50:00,-1.5849854,-1.1393627
2017-12-23 08:00:00,-1.5229372,-1.0970838
2017-12-23 08:10:00,-1.4566966,-0.9891824
2017-12-23 08:20:00,-1.397164,-0.917776
2017-12-23 08:30:00,-1.3661399,-0.8457102
2017-12-23 08:40:00,-1.3242154,-0.7242404
2017-12-23 08:50:00,-1.1942497,-0.59087753
2017-12-23 09:00:00,-1.1120778,-0.5524144
2017-12-23 09:10:00,-0.99133545,-0.4474907
2017-12-23 09:20:00,-0.8882014,-0.3641404
2017-12-23 09:30:00,-0.8144144,-0.32695127
2017-12-23 09:40:00,-0.74649686,-0.23227169
2017-12-23 09:50:00,-0.69283354,-0.08803992
2017-12-23 10:00:00,-0.65845555,-0.051059462
2017-12-23 10:10:00,-0.54861355,0.042939007
2017-12-23 10:20:00,-0.46811864,0.20956437
2017-12-23 10:30:00,-0.42200178,0.19078653
2017-12-23 10:40:00,-0.3750464,0.27399313
2017-12-23 10:50:00,-0.32641408,0.33843845
2017-12-23 11:00:00,-0.331445,0.31189036
2017-12-23 11:10:00,-0.23501882,0.31377453
2017-12-23 11:20:00,-0.2291494,0.30345863
2017-12-23 11:30:00,-0.17716311,0.26671666
2017-12-23 11:40:00,-0.12601532,0.22637972
2017-12-23 11:50:00,-0.14446206,0.22111093
2017-12-23 12:00:00,-0.14026962,0.25015873
2017-12-23 12:10:00,-0.14110811,0.28314066
2017-12-23 12:20:00,-0.13020776,0.3120907
2017-12-23 12:30:00,-0.19896382,0.35344553
2017-12-23 12:40:00,-0.23334184,0.41042995
2017-12-23 12:50:00,-0.18051706,0.4891606
2017-12-23 13:00:00,-0.18722497,0.5158094
2017-12-23 13:10:00,-0.19225591,0.54748046
2017-12-23 13:20:00,-0.221603,0.56299096
2017-12-23 13:30:00,-0.21824905,0.56302625
2017-12-23 13:40:00,-0.23418033,0.5253565
2017-12-23 13:50:00,-0.26939684,0.4322306
2017-12-23 14:00:00,-0.27694324,0.31066486
2017-12-23 14:10:00,-0.27778172,0.109589756
2017-12-23 14:20:00,-0.29874396,-0.08486782
2017-12-23 14:30:00,-0.2584965,-0.23024599
2017-12-23 14:40:00,-0.31383675,-0.029806301
2017-12-23 14:50:00,-0.333122,-0.044958457
2017-12-23 15:00:00,-0.39097768,-0.016390234
2017-12-23 15:10:00,-0.42619422,0.01304524
2017-12-23 15:20:00,-0.4203248,0.008034173
2017-12-23 15:30:00,-0.46560317,0.0064458363
2017-12-23 15:40:00,-0.50249666,0.010419972
2017-12-23 15:50:00,-0.53100526,-0.018311612
2017-12-23 16:00:00,-0.61233866,-0.022176944
2017-12-23 16:10:00,-0.57460666,-0.03725466
2017-12-23 16:20:00,-0.56202936,-0.03576857
2017-12-23 16:30:00,-0.5075276,-0.036373325
2017-12-23 16:40:00,-0.44547945,-0.027855441
2017-12-23 16:50:00,-0.3465378,-0.021799728
2017-12-23 17:00:00,-0.24591917,-0.0038320944
2017-12-23 17:10:00,-0.09918368,-0.007992312
2017-12-23 17:20:00,0.25801244,-0.028161459
2017-12-23 17:30:00,0.67977214,-0.045815565
2017-12-23 17:40:00,0.8483084,-0.05254653
2017-12-23 17:50:00,0.9036486,-0.023954637
2017-12-23 18:00:00,0.91957986,-0.021150015
2017-12-23 18:10:00,0.9170644,0.03994014
2017-12-23 18:20:00,0.876817,0.12442374
2017-12-23 18:30:00,0.8525008,0.31481296
2017-12-23 18:40:00,0.8541778,0.6141684
2017-12-23 18:50:00,0.84495443,0.9864948
2017-12-23 19:00:00,0.876817,1.0549992
2017-12-23 19:10:00,0.8726245,1.1298441
2017-12-23 19:20:00,0.8793324,1.1604415
2017-12-23 19:30:00,0.87849396,1.2240651
2017-12-23 19:40:00,0.8508238,1.2377019
2017-12-23 19:50:00,0.8265077,1.2798009
2017-12-23 20:00:00,0.79883754,1.2832328
2017-12-23 20:10:00,0.7795523,1.2974079
2017-12-23 20:20:00,0.7443358,1.2848526
2017-12-23 20:30:00,0.71582717,1.2759846
2017-12-23 20:40:00,0.6705488,1.2208272
2017-12-23 20:50:00,0.655456,1.1264312
2017-12-23 21:00:00,0.6244319,0.94081926
2017-12-23 21:10:00,0.57915354,0.73186785
2017-12-23 21:20:00,0.49698168,0.7041991
2017-12-23 21:30:00,0.44667235,0.67942536
2017-12-23 21:40:00,0.35611558,0.5450599
2017-12-23 21:50:00,0.32173756,0.39556968
2017-12-23 22:00:00,0.27897465,0.26310572
2017-12-23 22:10:00,0.23285778,0.1432736
2017-12-23 22:20:00,0.16829416,-0.0065000653
2017-12-23 22:30:00,0.14649346,-0.13768548
2017-12-23 22:40:00,0.052582745,-0.15799879
2017-12-23 22:50:00,-0.009465408,-0.094280526
2017-12-23 23:00:00,-0.095829725,-0.13046497
2017-12-23 23:10:00,-0.20651022,-0.43434846
2017-12-23 23:20:00,-0.31635222,-0.6490158
2017-12-23 23:30:00,-0.4194863,-0.6716717
2017-12-23 23:40:00,-0.49495026,-0.79216564
2017-12-23 23:50:00,-0.58131456,-0.9182968
2017-12-24 00:00:00,-0.6676789,-0.9210571
2017-12-24 00:10:00,-0.74817383,-0.9774421
2017-12-24 00:20:00,-0.8563388,-0.98600835
2017-12-24 00:30:00,-0.9443801,-1.0654876
2017-12-24 00:40:00,-1.0299059,-1.1258817
2017-12-24 00:50:00,-1.0995005,-1.1789399
2017-12-24 01:00:00,-1.172449,-1.1702007
2017-12-24 01:10:00,-1.2294662,-1.2049762
2017-12-24 01:20:00,-1.2739061,-1.2372005
2017-12-24 01:30:00,-1.3367927,-1.2595446
2017-12-24 01:40:00,-1.4231571,-1.2854927
2017-12-24 01:50:00,-1.4784973,-1.30079
2017-12-24 02:00:00,-1.5220988,-1.2921519
2017-12-24 02:10:00,-1.575762,-1.277934
2017-12-24 02:20:00,-1.5992397,-1.2909439
2017-12-24 02:30:00,-1.6025937,-1.2912686
2017-12-24 02:40:00,-1.6017551,-1.2789612
2017-12-24 02:50:00,-1.6202018,-1.2773473
2017-12-24 03:00:00,-1.6386486,-1.2702252
2017-12-24 03:10:00,-1.6696727,-1.2103157
2017-12-24 03:20:00,-1.6772192,-1.1609651
2017-12-24 03:30:00,-1.647872,-1.1098094
2017-12-24 03:40:00,-1.6629648,-1.0850086
2017-12-24 03:50:00,-1.652903,-1.1134001
2017-12-24 04:00:00,-1.644518,-1.0450728
2017-12-24 04:10:00,-1.649549,-1.0269887
2017-12-24 04:20:00,-1.6663188,-1.0216277
2017-12-24 04:30:00,-1.6981813,-1.0761824
2017-12-24 04:40:00,-1.7048892,-1.1834491
2017-12-24 04:50:00,-1.6948273,-1.2336539
2017-12-24 05:00:00,-1.6973429,-1.313074
2017-12-24 05:10:00,-1.6629648,-1.3644698
2017-12-24 05:20:00,-1.6638033,-1.3955355
2017-12-24 05:30:00,-1.6914734,-1.417142
2017-12-24 05:40:00,-1.7292054,-1.4190446
2017-12-24 05:50:00,-1.6176864,-1.4256654
2017-12-24 06:00:00,-1.6185249,-1.42108
2017-12-24 06:10:00,-1.6336176,-1.4088364
2017-12-24 06:20:00,-1.6302637,-1.3953912
2017-12-24 06:30:00,-1.6143324,-1.3735697
2017-12-24 06:40:00,-1.6562569,-1.3587455
2017-12-24 06:50:00,-1.7627449,-1.3550963
2017-12-24 07:00:00,-1.8616866,-1.3462038
2017-12-24 07:10:00,-1.9455354,-1.3156055
2017-12-24 07:20:00,-2.01513,-1.2802768
2017-12-24 07:30:00,-2.0142915,-1.2487781
2017-12-24 07:40:00,-1.9950062,-1.1905898
2017-12-24 07:50:00,-1.9782364,-1.1396782
2017-12-24 08:00:00,-1.905288,-1.09548
2017-12-24 08:10:00,-1.8742639,-0.97751623
2017-12-24 08:20:00,-1.8390474,-0.90379804
2017-12-24 08:30:00,-1.7870611,-0.8403297
2017-12-24 08:40:00,-1.7568755,-0.729165
2017-12-24 08:50:00,-1.6939889,-0.6036674
2017-12-24 09:00:00,-1.5724081,-0.5696017
2017-12-24 09:10:00,-1.539707,-0.46735436
2017-12-24 09:20:00,-1.5153909,-0.3813064
2017-12-24 09:30:00,-1.424834,-0.34731215
2017-12-24 09:40:00,-1.3141536,-0.25566983
2017-12-24 09:50:00,-1.2277893,-0.13474087
2017-12-24 10:00:00,-1.1472944,-0.11185244
2017-12-24 10:10:00,-1.0408063,-0.022752948
2017-12-24 10:20:00,-0.94941103,0.14663394
2017-12-24 10:30:00,-0.9049712,0.13417795
2017-12-24 10:40:00,-0.8965863,0.25457913
2017-12-24 10:50:00,-0.8295072,0.353895
2017-12-24 11:00:00,-0.7909367,0.3083716
2017-12-24 11:10:00,-0.7573972,0.3011127
2017-12-24 11:20:00,-0.7607511,0.2676583
2017-12-24 11:30:00,-0.7179882,0.21006311
2017-12-24 11:40:00,-0.66684043,0.14023387
2017-12-24 11:50:00,-0.66432494,0.1342221
2017-12-24 12:00:00,-0.69367206,0.14922239
2017-12-24 12:10:00,-0.6676789,0.1910272
2017-12-24 12:20:00,-0.5603524,0.23680289
2017-12-24 12:30:00,-0.52010494,0.30071193
2017-12-24 12:40:00,-0.516751,0.32516825
2017-12-24 12:50:00,-0.5452596,0.37861186
2017-12-24 13:00:00,-0.549452,0.40827322
2017-12-24 13:10:00,-0.53771317,0.41698366
2017-12-24 13:20:00,-0.5796376,0.41709888
2017-12-24 13:30:00,-0.5645448,0.41552395
2017-12-24 13:40:00,-0.5846685,0.41000313
2017-12-24 13:50:00,-0.58131456,0.4093517
2017-12-24 14:00:00,-0.5787991,0.41550738
2017-12-24 14:10:00,-0.5628678,0.42013
2017-12-24 14:20:00,-0.5469366,0.40907586
2017-12-24 14:30:00,-0.53519773,0.5278511
2017-12-24 14:40:00,-0.5561599,0.48480856
2017-12-24 14:50:00,-0.6173696,0.40558863
2017-12-24 15:00:00,-0.62743145,0.3643365
2017-12-24 15:10:00,-0.6156926,0.32714123
2017-12-24 15:20:00,-0.6307854,0.28255635
2017-12-24 15:30:00,-0.7070879,0.2412665
2017-12-24 15:40:00,-0.75236624,0.24791837
2017-12-24 15:50:00,-0.75907415,0.22295082
2017-12-24 16:00:00,-0.7649436,0.15427184
2017-12-24 16:10:00,-0.7976446,0.08867434
2017-12-24 16:20:00,-0.7775209,0.06229171
2017-12-24 16:30:00,-0.7641051,0.05358302
2017-12-24 16:40:00,-0.7188267,0.0380971
2017-12-24 16:50:00,-0.67354834,0.01532894
2017-12-24 17:00:00,-0.56119084,0.012976464
2017-12-24 17:10:00,-0.4287097,0.023503106
2017-12-24 17:20:00,-0.09834519,0.019726884
2017-12-24 17:30:00,0.33766884,0.01576414
2017-12-24 17:40:00,0.48440433,0.031702526
2017-12-24 17:50:00,0.5607068,0.06658131
2017-12-24 18:00:00,0.58418447,0.041363515
2017-12-24 18:10:00,0.619401,0.06297151
2017-12-24 18:20:00,0.6252704,0.08542225
2017-12-24 18:30:00,0.6118546,0.12194009
2017-12-24 18:40:00,0.63868624,0.17147309
2017-12-24 18:50:00,0.6487481,0.28441697
2017-12-24 19:00:00,0.70241135,0.45004797
2017-12-24 19:10:00,0.6973804,0.5016138
2017-12-24 19:20:00,0.6998959,0.6751711
2017-12-24 19:30:00,0.7443358,0.83569276
2017-12-24 19:40:00,0.7476897,0.983522
2017-12-24 19:50:00,0.7066038,1.0558487
2017-12-24 20:00:00,0.73930484,1.1465231
2017-12-24 20:10:00,0.79632205,1.1944124
2017-12-24 20:20:00,0.7954836,1.1972722
2017-12-24 20:30:00,0.7954836,1.2017013
2017-12-24 20:40:00,0.7535592,1.1495438
2017-12-24 20:50:00,0.70241135,1.0526297
2017-12-24 21:00:00,0.6621639,0.87503135
2017-12-24 21:10:00,0.6001158,0.66825426
2017-12-24 21:20:00,0.55819136,0.6570783
2017-12-24 21:30:00,0.49362773,0.68074495
2017-12-24 21:40:00,0.41145584,0.61415255
2017-12-24 21:50:00,0.35192314,0.45230675
2017-12-24 22:00:00,0.3326379,0.25891268
2017-12-24 22:10:00,0.27142826,0.09863037
2017-12-24 22:20:00,0.18506393,-0.038073793
2017-12-24 22:30:00,0.103730544,-0.121972084
2017-12-24 22:40:00,0.005627386,-0.1340616
2017-12-24 22:50:00,-0.08492938,0.02404973
2017-12-24 23:00:00,-0.18974045,0.08362432
2017-12-24 23:10:00,-0.297067,0.029306635
2017-12-24 23:20:00,-0.40103954,0.65129745
2017-12-24 23:30:00,-0.5008197,1.0794904
2017-12-24 23:40:00,-0.62072355,0.8861353
2017-12-24 23:50:00,-0.6945105,0.33592612
2017-12-25 00:00:00,-0.7850673,-0.51676375
2017-12-25 00:10:00,-0.87813956,-0.61310583
2017-12-25 00:20:00,-0.93431824,-0.71581256
2017-12-25 00:30:00,-1.0324215,-0.9025992
2017-12-25 00:40:00,-1.093631,-1.0074003
2017-12-25 00:50:00,-1.1540023,-1.0524113
2017-12-25 01:00:00,-1.1925727,-1.0662818
2017-12-25 01:10:00,-1.251267,-1.1053632
2017-12-25 01:20:00,-1.3175075,-1.1697149
2017-12-25 01:30:00,-1.3334388,-1.1840395
2017-12-25 01:40:00,-1.4063873,-1.1913806
2017-12-25 01:50:00,-1.4206417,-1.2018595
2017-12-25 02:00:00,-1.4634045,-1.217758
2017-12-25 02:10:00,-1.4776589,-1.2222904
2017-12-25 02:20:00,-1.495267,-1.2407508
2017-12-25 02:30:00,-1.5103599,-1.2572254
2017-12-25 02:40:00,-1.5170678,-1.266853
2017-12-25 02:50:00,-1.5522844,-1.2677525
2017-12-25 03:00:00,-1.5388685,-1.2580663
2017-12-25 03:10:00,-1.5539613,-1.228769
2017-12-25 03:20:00,-1.5807929,-1.2215291
2017-12-25 03:30:00,-1.5657002,-1.2038643
2017-12-25 03:40:00,-1.5799544,-1.1773493
2017-12-25 03:50:00,-1.5682156,-1.1920404
2017-12-25 04:00:00,-1.5782775,-1.0748184
2017-12-25 04:10:00,-1.5875008,-1.0376745
2017-12-25 04:20:00,-1.6042706,-1.0165668
2017-12-25 04:30:00,-1.5799544,-1.0903866
2017-12-25 04:40:00,-1.5841469,-1.1787318
2017-12-25 04:50:00,-1.5816314,-1.2256553
2017-12-25 05:00:00,-1.5338376,-1.2933235
2017-12-25 05:10:00,-1.5472534,-1.349044
2017-12-25 05:20:00,-1.5095214,-1.3811624
2017-12-25 05:30:00,-1.4826897,-1.4217787
2017-12-25 05:40:00,-1.470951,-1.422173
2017-12-25 05:50:00,-1.3468546,-1.4267347
2017-12-25 06:00:00,-1.313315,-1.4191055
2017-12-25 06:10:00,-1.282291,-1.4071168
2017-12-25 06:20:00,-1.2562978,-1.38834
2017-12-25 06:30:00,-1.208504,-1.3765488
2017-12-25 06:40:00,-1.2001191,-1.3617022
2017-12-25 06:50:00,-1.2487514,-1.353769
2017-12-25 07:00:00,-1.3292464,-1.3416739
2017-12-25 07:10:00,-1.2697136,-1.3044583
2017-12-25 07:20:00,-1.2697136,-1.2647247
2017-12-25 07:30:00,-1.3074456,-1.2288293
2017-12-25 07:40:00,-1.3762017,-1.1717434
2017-12-25 07:50:00,-1.3720093,-1.1215483
2017-12-25 08:00:00,-1.2898374,-1.08857
2017-12-25 08:10:00,-1.2319816,-0.9786683
2017-12-25 08:20:00,-1.1615486,-0.90866077
2017-12-25 08:30:00,-1.0751843,-0.8409495
2017-12-25 08:40:00,-0.9930125,-0.7290735
2017-12-25 08:50:00,-0.9686963,-0.60118085
2017-12-25 09:00:00,-0.87143165,-0.5663739
2017-12-25 09:10:00,-0.7431429,-0.46136457
2017-12-25 09:20:00,-0.93012583,-0.3723666
2017-12-25 09:30:00,-0.8580158,-0.33714962
2017-12-25 09:40:00,-0.73895043,-0.24361517
2017-12-25 09:50:00,-0.588861,-0.11140478
2017-12-25 10:00:00,-0.4488334,-0.06960961
2017-12-25 10:10:00,-0.37085396,0.036772657
2017-12-25 10:20:00,-0.3096443,0.21954365
2017-12-25 10:30:00,-0.2652044,0.23530795
2017-12-25 10:40:00,-0.19393289,0.32408154
2017-12-25 10:50:00,-0.19644836,0.3297001
2017-12-25 11:00:00,-0.1930944,0.27218413
2017-12-25 11:10:00,-0.15955485,0.23972172
2017-12-25 11:20:00,-0.12266136,0.22629558
2017-12-25 11:30:00,-0.057259254,0.17107898
2017-12-25 11:40:00,-0.051389836,0.09666225
2017-12-25 11:50:00,-0.027073666,0.024068851
2017-12-25 12:00:00,-0.04300495,0.05304147
2017-12-25 12:10:00,-0.041327972,0.07841363
2017-12-25 12:20:00,-0.043843437,0.105115995
2017-12-25 12:30:00,-0.01952727,0.08100512
2017-12-25 12:40:00,-0.057259254,0.11589646
2017-12-25 12:50:00,-0.07822147,0.15476455
2017-12-25 13:00:00,-0.016173316,0.16893998
2017-12-25 13:10:00,-0.0077884304,0.15872642
2017-12-25 13:20:00,0.009819828,0.09496193
2017-12-25 13:30:00,-0.0077884304,0.063280605
2017-12-25 13:40:00,-0.041327972,-0.005168639
2017-12-25 13:50:00,-0.066482626,-0.07257648
2017-12-25 14:00:00,-0.035458554,-0.033682495
2017-12-25 14:10:00,-0.05893623,0.06136194
2017-12-25 14:20:00,-0.08157542,0.06614916
2017-12-25 14:30:00,-0.04719739,0.084442616
2017-12-25 14:40:00,-0.039650995,0.075232685
2017-12-25 14:50:00,-0.034620065,-0.0055262446
2017-12-25 15:00:00,-0.060613208,-0.03089998
2017-12-25 15:10:00,-0.08492938,-0.0578785
2017-12-25 15:20:00,-0.10421461,-0.055859014
2017-12-25 15:30:00,-0.15368544,-0.055205196
2017-12-25 15:40:00,-0.16793974,-0.06536713
2017-12-25 15:50:00,-0.19896382,-0.06820667
2017-12-25 16:00:00,-0.19560987,-0.04374872
2017-12-25 16:10:00,-0.1486545,-0.034278482
2017-12-25 16:20:00,-0.13356172,-0.039555073
2017-12-25 16:30:00,-0.109245546,-0.042049497
2017-12-25 16:40:00,-0.043843437,-0.036059737
2017-12-25 16:50:00,0.024074133,-0.03316553
2017-12-25 17:00:00,0.11211543,-0.0363198
2017-12-25 17:10:00,0.26975128,-0.034503862
2017-12-25 17:20:00,0.57328415,-0.021340534
2017-12-25 17:30:00,0.95060396,-0.008323997
2017-12-25 17:40:00,1.0403222,0.017991412
2017-12-25 17:50:00,1.0906316,0.05357626
2017-12-25 18:00:00,1.0839237,0.038190678
2017-12-25 18:10:00,1.099855,0.07668996
2017-12-25 18:20:00,1.0755388,0.14672916
2017-12-25 18:30:00,1.0856006,0.2507794
2017-12-25 18:40:00,1.026068,0.40802872
2017-12-25 18:50:00,1.0302603,0.72257835
2017-12-25 19:00:00,1.0419992,0.93747306
2017-12-25 19:10:00,1.0378067,1.0573001
2017-12-25 19:20:00,1.0009133,1.1198927
2017-12-25 19:30:00,0.9648583,1.1401309
2017-12-25 19:40:00,0.89945614,1.2304515
2017-12-25 19:50:00,0.876817,1.3563782
2017-12-25 20:00:00,0.87514,1.402331
2017-12-25 20:10:00,0.95479643,1.433739
2017-12-25 20:20:00,0.9179029,1.4242514
2017-12-25 20:30:00,0.8726245,1.4051948
2017-12-25 20:40:00,0.84998536,1.3660866
2017-12-25 20:50:00,0.8508238,1.2962322
2017-12-25 21:00:00,0.8088994,1.092227
2017-12-25 21:10:00,0.7510437,0.82562226
2017-12-25 21:20:00,0.65797144,0.7699504
2017-12-25 21:30:00,0.57915354,0.63935184
2017-12-25 21:40:00,0.4584112,0.33207357
2017-12-25 21:50:00,0.38043177,0.20862167
2017-12-25 22:00:00,0.27813616,0.17299068
2017-12-25 22:10:00,0.2546585,0.08570408
2017-12-25 22:20:00,0.16913265,-0.06324822
2017-12-25 22:30:00,0.084445305,-0.16815978
2017-12-25 22:40:00,0.00898134,-0.21258907
2017-12-25 22:50:00,-0.13607718,-0.11758423
2017-12-25 23:00:00,-0.2652044,-0.24371977
2017-12-25 23:10:00,-0.3322835,-0.570949
2017-12-25 23:20:00,-0.44044852,-0.8034116
2017-12-25 23:30:00,-0.5385517,-0.8441426
2017-12-25 23:40:00,-0.6509091,-0.9803267
2017-12-25 23:50:00,-0.734758,-1.0515202
2017-12-26 00:00:00,-0.82531476,-1.0870688
2017-12-26 00:10:00,-0.880655,-1.0189538
2017-12-26 00:20:00,-0.96282685,-1.045266
2017-12-26 00:30:00,-1.0173286,-1.0195773
2017-12-26 00:40:00,-1.0927926,-1.0263865
2017-12-26 00:50:00,-1.1581947,-1.0158135
2017-12-26 01:00:00,-1.2244353,-1.0147655
2017-12-26 01:10:00,-1.2671982,-1.0919559
2017-12-26 01:20:00,-1.3191845,-1.204251
2017-12-26 01:30:00,-1.357755,-1.2317384
2017-12-26 01:40:00,-1.4038719,-1.2641591
2017-12-26 01:50:00,-1.4348959,-1.2818556
2017-12-26 02:00:00,-1.4499887,-1.2495011
2017-12-26 02:10:00,-1.4692739,-1.2208884
2017-12-26 02:20:00,-1.4810128,-1.2280432
2017-12-26 02:30:00,-1.4910747,-1.2476922
2017-12-26 02:40:00,-1.5229372,-1.2513957
2017-12-26 02:50:00,-1.5531228,-1.2535416
2017-12-26 03:00:00,-1.5547998,-1.262258
2017-12-26 03:10:00,-1.5682156,-1.2271874
2017-12-26 03:20:00,-1.5556383,-1.211137
2017-12-26 03:30:00,-1.5958858,-1.1794704
2017-12-26 03:40:00,-1.611817,-1.1241124
2017-12-26 03:50:00,-1.6252328,-1.0743507
2017-12-26 04:00:00,-1.6562569,-1.0656943
2017-12-26 04:10:00,-1.6252328,-1.0213325
2017-12-26 04:20:00,-1.6420026,-0.99329406
2017-12-26 04:30:00,-1.646195,-1.0913833
2017-12-26 04:40:00,-1.6587723,-1.1813723
2017-12-26 04:50:00,-1.647872,-1.2341249
2017-12-26 05:00:00,-1.6277483,-1.2955948
2017-12-26 05:10:00,-1.5841469,-1.3509612
2017-12-26 05:20:00,-1.5598307,-1.3826827
2017-12-26 05:30:00,-1.5296451,-1.4233572
2017-12-26 05:40:00,-1.5212603,-1.4243734
2017-12-26 05:50:00,-1.4021949,-1.4248685
2017-12-26 06:00:00,-1.3426622,-1.4168367
2017-12-26 06:10:00,-1.3317618,-1.4016304
2017-12-26 06:20:00,-1.3099611,-1.3855015
2017-12-26 06:30:00,-1.3007377,-1.3745487
2017-12-26 06:40:00,-1.2940298,-1.358525
2017-12-26 06:50:00,-1.3250539,-1.3513993
2017-12-26 07:00:00,-1.3443391,-1.3405813
2017-12-26 07:10:00,-1.351047,-1.3041908
2017-12-26 07:20:00,-1.3728478,-1.2664388
2017-12-26 07:30:00,-1.3963255,-1.232091
2017-12-26 07:40:00,-1.4114182,-1.177469
2017-12-26 07:50:00,-1.462566,-1.1298908
2017-12-26 08:00:00,-1.3803941,-1.0955477
2017-12-26 08:10:00,-1.3024148,-0.9850506
2017-12-26 08:20:00,-1.1749644,-0.9122727
2017-12-26 08:30:00,-1.1213012,-0.83749235
2017-12-26 08:40:00,-1.0424833,-0.72454864
2017-12-26 08:50:00,-0.95695746,-0.58968616
2017-12-26 09:00:00,-0.8898784,-0.54970354
2017-12-26 09:10:00,-0.81022197,-0.43950158
2017-12-26 09:20:00,-0.7716515,-0.3540336
2017-12-26 09:30:00,-0.73056555,-0.32553983
2017-12-26 09:40:00,-0.85130787,-0.23357911
2017-12-26 09:50:00,-0.66432494,-0.09573963
2017-12-26 10:00:00,-0.54609805,-0.055621423
2017-12-26 10:10:00,-0.4924348,0.03970812
2017-12-26 10:20:00,-0.41864783,0.18778874
2017-12-26 10:30:00,-0.37001547,0.1687593
2017-12-26 10:40:00,-0.3113213,0.24733025
2017-12-26 10:50:00,-0.23753428,0.28551888
2017-12-26 11:00:00,-0.19393289,0.26311833
2017-12-26 11:10:00,-0.14530055,0.22455029
2017-12-26 11:20:00,-0.110084035,0.18921696
2017-12-26 11:30:00,-0.049712855,0.15066674
2017-12-26 11:40:00,-0.021204246,0.095748134
2017-12-26 11:50:00,-0.012819361,0.064424686
2017-12-26 12:00:00,-0.0027574992,0.104016945
2017-12-26 12:10:00,0.04922879,0.14992583
2017-12-26 12:20:00,0.084445305,0.18753764
2017-12-26 12:30:00,0.112953916,0.19060214
2017-12-26 12:40:00,0.08947624,0.23468463
2017-12-26 12:50:00,0.1582323,0.25372612
2017-12-26 13:00:00,0.19344881,0.29599154
2017-12-26 13:10:00,0.2102186,0.3180685
2017-12-26 13:20:00,0.20351069,0.30990154
2017-12-26 13:30:00,0.0022734317,0.29571778
2017-12-26 13:40:00,-0.11679194,0.25475
2017-12-26 13:50:00,-0.17548613,0.19157378
2017-12-26 14:00:00,-0.12685381,0.19557649
2017-12-26 14:10:00,0.0039504087,0.23972353
2017-12-26 14:20:00,0.084445305,0.35697442
2017-12-26 14:30:00,0.084445305,0.26508605
2017-12-26 14:40:00,0.10456903,0.19871181
2017-12-26 14:50:00,0.057613675,0.16269629
2017-12-26 15:00:00,0.057613675,0.135777
2017-12-26 15:10:00,0.035812974,0.109817386
2017-12-26 15:20:00,0.05929065,0.07624295
2017-12-26 15:30:00,0.030782042,0.06530483
2017-12-26 15:40:00,-0.0061114533,0.06837796
2017-12-26 15:50:00,-0.08660635,0.014839448
2017-12-26 16:00:00,-0.13859265,-0.004349299
2017-12-26 16:10:00,-0.115114965,-0.0153924525
2017-12-26 16:20:00,-0.11343799,-0.015940905
2017-12-26 16:30:00,-0.071513556,-0.022627339
2017-12-26 16:40:00,-0.004434476,-0.061167747
2017-12-26 16:50:00,0.025751112,-0.08398305
2017-12-26 17:00:00,0.123015784,-0.07994434
2017-12-26 17:10:00,0.20518766,-0.079299584
2017-12-26 17:20:00,0.49362773,-0.086270794
2017-12-26 17:30:00,0.84243894,-0.056449756
2017-12-26 17:40:00,1.055415,-0.014357217
2017-12-26 17:50:00,1.129202,0.056241564
2017-12-26 18:00:00,1.0939856,0.070702985
2017-12-26 18:10:00,1.0856006,0.13840315
2017-12-26 18:20:00,1.0906316,0.25978956
2017-12-26 18:30:00,1.0889546,0.51462644
2017-12-26 18:40:00,1.0973395,0.9570794
2017-12-26 18:50:00,1.0788927,1.2770143
2017-12-26 19:00:00,1.050384,1.299819
2017-12-26 19:10:00,1.0973395,1.279166
2017-12-26 19:20:00,1.0487071,1.1690935
2017-12-26 19:30:00,1.0151676,1.2904763
2017-12-26 19:40:00,0.9983978,1.383105
2017-12-26 19:50:00,0.9782741,1.4679805
2017-12-26 20:00:00,0.9480885,1.511492
2017-12-26 20:10:00,1.0000747,1.531552
2017-12-26 20:20:00,0.9665353,1.5169693
2017-12-26 20:30:00,0.907841,1.5070106
2017-12-26 20:40:00,0.88604033,1.4893196
2017-12-26 20:50:00,0.84746987,1.4659809
2017-12-26 21:00:00,0.71834266,1.3229139
2017-12-26 21:10:00,0.6764182,1.0375141
2017-12-26 21:20:00,0.6395247,0.8150425
2017-12-26 21:30:00,0.5523219,0.72734684
2017-12-26 21:40:00,0.49362773,0.47986597
2017-12-26 21:50:00,0.4148098,0.23443647
2017-12-26 22:00:00,0.3477307,0.20471185
2017-12-26 22:10:00,0.24208115,0.15052539
2017-12-26 22:20:00,0.14984742,0.02676946
2017-12-26 22:30:00,0.044197857,-0.07363081
2017-12-26 22:40:00,-0.014496339,-0.1426152
2017-12-26 22:50:00,-0.11176101,-0.064567596
2017-12-26 23:00:00,-0.24088824,-0.08724329
2017-12-26 23:10:00,-0.34989175,-0.31749588
2017-12-26 23:20:00,-0.45218736,-0.7753644
2017-12-26 23:30:00,-0.5695757,-0.84459406
2017-12-26 23:40:00,-0.65845555,-0.8977252
2017-12-26 23:50:00,-0.74565834,-0.91153586
2017-12-27 00:00:00,-0.841246,-0.8316313
2017-12-27 00:10:00,-0.9049712,-0.8322412
2017-12-27 00:20:00,-0.9955279,-0.91114944
2017-12-27 00:30:00,-1.1028545,-1.0136447
2017-12-27 00:40:00,-1.1531638,-1.057896
2017-12-27 00:50:00,-1.208504,-1.0757003
2017-12-27 01:00:00,-1.280614,-1.1474249
2017-12-27 01:10:00,-1.3393083,-1.1704204
2017-12-27 01:20:00,-1.3845866,-1.188205
2017-12-27 01:30:00,-1.4147722,-1.213961
2017-12-27 01:40:00,-1.4550196,-1.221146
2017-12-27 01:50:00,-1.5019749,-1.2242081
2017-12-27 02:00:00,-1.5422225,-1.2104715
2017-12-27 02:10:00,-1.5623462,-1.1936411
2017-12-27 02:20:00,-1.570731,-1.1978769
2017-12-27 02:30:00,-1.5858239,-1.1867931
2017-12-27 02:40:00,-1.6126555,-1.1756403
2017-12-27 02:50:00,-1.6294253,-1.1705364
2017-12-27 03:00:00,-1.6394871,-1.1413214
2017-12-27 03:10:00,-1.6797346,-1.0859591
2017-12-27 03:20:00,-1.6847655,-1.0445642
2017-12-27 03:30:00,-1.6847655,-0.9830393
2017-12-27 03:40:00,-1.6612878,-0.90511906
2017-12-27 03:50:00,-1.6713496,-0.8475989
2017-12-27 04:00:00,-1.6897964,-0.9037301
2017-12-27 04:10:00,-1.6847655,-0.8888069
2017-12-27 04:20:00,-1.6847655,-0.8643101
2017-12-27 04:30:00,-1.6780576,-0.9781937
2017-12-27 04:40:00,-1.718305,-1.120997
2017-12-27 04:50:00,-1.714951,-1.2496558
2017-12-27 05:00:00,-1.6965044,-1.3265252
2017-12-27 05:10:00,-1.6562569,-1.3776636
2017-12-27 05:20:00,-1.6344562,-1.4000976
2017-12-27 05:30:00,-1.6076245,-1.4318594
2017-12-27 05:40:00,-1.6109785,-1.4305075
2017-12-27 05:50:00,-1.498621,-1.4243789
2017-12-27 06:00:00,-1.4315419,-1.4154743
2017-12-27 06:10:00,-1.4416038,-1.3984909
2017-12-27 06:20:00,-1.4315419,-1.3844807
2017-12-27 06:30:00,-1.3912945,-1.3729495
2017-12-27 06:40:00,-1.3409852,-1.358305
2017-12-27 06:50:00,-1.359432,-1.3501443
2017-12-27 07:00:00,-1.4080642,-1.3375463
2017-12-27 07:10:00,-1.3778787,-1.2973351
2017-12-27 07:20:00,-1.3275694,-1.2566835
2017-12-27 07:30:00,-1.3175075,-1.2167631
2017-12-27 07:40:00,-1.3644629,-1.1537458
2017-12-27 07:50:00,-1.3711708,-1.0981458
2017-12-27 08:00:00,-1.3057687,-1.0639223
2017-12-27 08:10:00,-1.2185658,-0.9474732
2017-12-27 08:20:00,-1.1783184,-0.8676083
2017-12-27 08:30:00,-1.0206826,-0.79456013
2017-12-27 08:40:00,-0.9821121,-0.67777514
2017-12-27 08:50:00,-0.920064,-0.5573733
2017-12-27 09:00:00,-0.8261532,-0.51816213
2017-12-27 09:10:00,-0.7355965,-0.41410047
2017-12-27 09:20:00,-0.6483937,-0.3362863
2017-12-27 09:30:00,-0.5913764,-0.3040232
2017-12-27 09:40:00,-0.5360362,-0.21220939
2017-12-27 09:50:00,-0.5209434,-0.06364481
2017-12-27 10:00:00,-0.49411178,-0.005317226
2017-12-27 10:10:00,-0.40523198,0.108361796
2017-12-27 10:20:00,-0.2861666,0.28765708
2017-12-27 10:30:00,-0.24927312,0.27818164
2017-12-27 10:40:00,-0.19728684,0.3362642
2017-12-27 10:50:00,-0.0681596,0.3365485
2017-12-27 11:00:00,-0.066482626,0.29524752
2017-12-27 11:10:00,0.030782042,0.27359068
2017-12-27 11:20:00,0.0995381,0.23517753
2017-12-27 11:30:00,0.1280467,0.20108132
2017-12-27 11:40:00,0.19680277,0.15498163
2017-12-27 11:50:00,0.20518766,0.1324394
2017-12-27 12:00:00,0.15320137,0.14371161
2017-12-27 12:10:00,0.13140066,0.16893807
2017-12-27 12:20:00,0.18170998,0.17995824
2017-12-27 12:30:00,0.20351069,0.19849183
2017-12-27 12:40:00,0.1515244,0.21703541
2017-12-27 12:50:00,0.14817044,0.26442307
2017-12-27 13:00:00,0.092830196,0.31917012
2017-12-27 13:10:00,0.055936698,0.39834738
2017-12-27 13:20:00,0.05425972,0.45152247
2017-12-27 13:30:00,0.060967628,0.4374627
2017-12-27 13:40:00,0.05929065,0.34610844
2017-12-27 13:50:00,0.040843904,0.24381004
2017-12-27 14:00:00,0.04252088,0.17067154
2017-12-27 14:10:00,0.03748995,0.2523325
2017-12-27 14:20:00,0.019043202,0.21632199
2017-12-27 14:30:00,-0.024558201,0.17974448
2017-12-27 14:40:00,-0.041327972,0.14420585
2017-12-27 14:50:00,-0.06983658,0.12680902
2017-12-27 15:00:00,-0.08157542,0.11804767
2017-12-27 15:10:00,-0.110084035,0.10023247
2017-12-27 15:20:00,-0.06480565,0.101560004
2017-12-27 15:30:00,-0.07319054,0.08232273
2017-12-27 15:40:00,-0.120145895,0.059268102
2017-12-27 15:50:00,-0.15536241,-0.0018576086
2017-12-27 16:00:00,-0.15703939,-0.024781853
2017-12-27 16:10:00,-0.13020776,-0.04749959
2017-12-27 16:20:00,-0.08996031,-0.050656185
2017-12-27 16:30:00,-0.049712855,-0.056249723
2017-12-27 16:40:00,-0.027912157,-0.07578714
2017-12-27 16:50:00,0.0039504087,-0.07090138
2017-12-27 17:00:00,0.0777374,-0.05675538
2017-12-27 17:10:00,0.2454351,-0.038005836
2017-12-27 17:20:00,0.5171054,-0.020075083
2017-12-27 17:30:00,0.93467265,-0.015572056
2017-12-27 17:40:00,1.0688308,-0.017223388
2017-12-27 17:50:00,1.0520611,0.032938235
2017-12-27 18:00:00,1.0369682,0.046452314
2017-12-27 18:10:00,1.0352913,0.13417615
2017-12-27 18:20:00,1.0788927,0.24612974
2017-12-27 18:30:00,1.0805697,0.4364667
2017-12-27 18:40:00,1.0352913,0.7960145
2017-12-27 18:50:00,0.9447345,1.2211621
2017-12-27 19:00:00,0.95479643,1.3154485
2017-12-27 19:10:00,0.9514425,1.3871002
2017-12-27 19:20:00,0.9581504,1.395664
2017-12-27 19:30:00,0.9329957,1.4167217
2017-12-27 19:40:00,0.9044871,1.4111603
2017-12-27 19:50:00,0.89945614,1.434896
2017-12-27 20:00:00,0.909518,1.4373336
2017-12-27 20:10:00,0.9229338,1.4460188
2017-12-27 20:20:00,0.9229338,1.4433385
2017-12-27 20:30:00,0.9011331,1.4449879
2017-12-27 20:40:00,0.86927056,1.4046707
2017-12-27 20:50:00,0.79212964,1.3225663
2017-12-27 21:00:00,0.72505057,1.1443846
2017-12-27 21:10:00,0.6864801,0.85243183
2017-12-27 21:20:00,0.6261089,0.76128626
2017-12-27 21:30:00,0.57747656,0.700435
2017-12-27 21:40:00,0.50536656,0.46146
2017-12-27 21:50:00,0.46847305,0.23271902
2017-12-27 22:00:00,0.42487165,0.17340705
2017-12-27 22:10:00,0.35779256,0.11570819
2017-12-27 22:20:00,0.23537324,-0.0045577735
2017-12-27 22:30:00,0.13307764,-0.08622567
2017-12-27 22:40:00,-0.004434476,-0.11103973
2017-12-27 22:50:00,-0.16039334,-0.011868045
2017-12-27 23:00:00,-0.28281265,0.017114982
2017-12-27 23:10:00,-0.38678524,-0.37332058
2017-12-27 23:20:00,-0.50417364,-0.8273966
2017-12-27 23:30:00,-0.551129,-0.90580225
2017-12-27 23:40:00,-0.59640735,-1.0065265
2017-12-27 23:50:00,-0.7272116,-1.019785
2017-12-28 00:00:00,-0.8295072,-0.8753011
2017-12-28 00:10:00,-0.8747856,-0.8485866
2017-12-28 00:20:00,-0.9737272,-0.8313114
2017-12-28 00:30:00,-1.0475142,-0.90325934
2017-12-28 00:40:00,-1.0877616,-1.0006652
2017-12-28 00:50:00,-1.1514868,-1.0463927
2017-12-28 01:00:00,-1.2303047,-1.0988536
2017-12-28 01:10:00,-1.2353356,-1.1251724
2017-12-28 01:20:00,-1.2957069,-1.148793
2017-12-28 01:30:00,-1.3275694,-1.1693231
2017-12-28 01:40:00,-1.356078,-1.1544521
2017-12-28 01:50:00,-1.3762017,-1.1458335
2017-12-28 02:00:00,-1.4114182,-1.141415
2017-12-28 02:10:00,-1.4835283,-1.1473815
2017-12-28 02:20:00,-1.500298,-1.1793534
2017-12-28 02:30:00,-1.5170678,-1.1904961
2017-12-28 02:40:00,-1.5438994,-1.1733747
2017-12-28 02:50:00,-1.5606692,-1.1524549
2017-12-28 03:00:00,-1.5807929,-1.1186402
2017-12-28 03:10:00,-1.6025937,-1.0654383
2017-12-28 03:20:00,-1.6126555,-1.0234367
2017-12-28 03:30:00,-1.6210403,-0.9787393
2017-12-28 03:40:00,-1.6596109,-0.8894537
2017-12-28 03:50:00,-1.6545799,-0.80143744
2017-12-28 04:00:00,-1.6411641,-0.88996357
2017-12-28 04:10:00,-1.6260713,-0.8851896
2017-12-28 04:20:00,-1.6076245,-0.8771476
2017-12-28 04:30:00,-1.6428411,-0.9747568
2017-12-28 04:40:00,-1.6093016,-1.1083279
2017-12-28 04:50:00,-1.6093016,-1.2448804
2017-12-28 05:00:00,-1.5724081,-1.3260188
2017-12-28 05:10:00,-1.574085,-1.3796833
2017-12-28 05:20:00,-1.5472534,-1.3964524
2017-12-28 05:30:00,-1.5086828,-1.4295133
2017-12-28 05:40:00,-1.4969441,-1.428556
2017-12-28 05:50:00,-1.3896176,-1.4266809
2017-12-28 06:00:00,-1.2957069,-1.4187531
2017-12-28 06:10:00,-1.3074456,-1.401923
2017-12-28 06:20:00,-1.2671982,-1.3873497
2017-12-28 06:30:00,-1.2504284,-1.3752192
2017-12-28 06:40:00,-1.2487514,-1.358938
2017-12-28 06:50:00,-1.2789371,-1.3510718
2017-12-28 07:00:00,-1.3225385,-1.3385543
2017-12-28 07:10:00,-1.3393083,-1.2992926
2017-12-28 07:20:00,-1.3007377,-1.2630318
2017-12-28 07:30:00,-1.3778787,-1.226804
2017-12-28 07:40:00,-1.4181261,-1.160946
2017-12-28 07:50:00,-1.4382498,-1.1027
2017-12-28 08:00:00,-1.3845866,-1.0653192
2017-12-28 08:10:00,-1.2940298,-0.9544763
2017-12-28 08:20:00,-1.2034731,-0.87610275
2017-12-28 08:30:00,-1.1095624,-0.7979436
2017-12-28 08:40:00,-1.0542221,-0.6814241
2017-12-28 08:50:00,-1.0340984,-0.5669691
2017-12-28 09:00:00,-0.90664816,-0.525606
2017-12-28 09:10:00,-0.8479539,-0.42025024
2017-12-28 09:20:00,-0.7607511,-0.3368553
2017-12-28 09:30:00,-0.71714973,-0.30051857
2017-12-28 09:40:00,-0.6769023,-0.21042709
2017-12-28 09:50:00,-0.6131772,-0.065799326
2017-12-28 10:00:00,-0.5427441,-0.011857927
2017-12-28 10:10:00,-0.45051038,0.0940437
2017-12-28 10:20:00,-0.36666152,0.2800805
2017-12-28 10:30:00,-0.2962285,0.26191336
2017-12-28 10:40:00,-0.21405661,0.3427397
2017-12-28 10:50:00,-0.185548,0.36222297
2017-12-28 11:00:00,-0.14697753,0.32733464
2017-12-28 11:10:00,-0.11679194,0.30168062
2017-12-28 11:20:00,-0.115114965,0.2818489
2017-12-28 11:30:00,-0.012819361,0.2379201
2017-12-28 11:40:00,-0.0027574992,0.19820412
2017-12-28 11:50:00,-0.024558201,0.15024084
2017-12-28 12:00:00,-0.03797402,0.17047447
2017-12-28 12:10:00,0.015689248,0.1985306
2017-12-28 12:20:00,0.07102949,0.22456561
2017-12-28 12:30:00,0.112953916,0.26816174
2017-12-28 12:40:00,0.074383445,0.28214735
2017-12-28 12:50:00,0.102892056,0.25498182
2017-12-28 13:00:00,0.04922879,0.29075146
2017-12-28 13:10:00,0.027428089,0.3229971
2017-12-28 13:20:00,0.057613675,0.32748032
2017-12-28 13:30:00,0.014012271,0.28346944
2017-12-28 13:40:00,-0.058097742,0.21512702
2017-12-28 13:50:00,-0.07822147,0.1472103
2017-12-28 14:00:00,-0.044681925,0.10701345
2017-12-28 14:10:00,-0.053066812,0.07749015
2017-12-28 14:20:00,-0.07989845,0.13912165
2017-12-28 14:30:00,-0.110084035,0.10504642
2017-12-28 14:40:00,-0.08660635,0.10702671
2017-12-28 14:50:00,-0.09499124,0.037795033
2017-12-28 15:00:00,-0.061451696,0.042361327
2017-12-28 15:10:00,-0.09499124,0.034711517
2017-12-28 15:20:00,-0.120145895,0.018034756
2017-12-28 15:30:00,-0.120145895,-0.0004439354
2017-12-28 15:40:00,-0.14530055,-0.013803348
2017-12-28 15:50:00,-0.1704552,-0.048229314
2017-12-28 16:00:00,-0.1486545,-0.0684561
2017-12-28 16:10:00,-0.110084035,-0.07260607
2017-12-28 16:20:00,-0.11679194,-0.08241399
2017-12-28 16:30:00,-0.05977472,-0.09235196
2017-12-28 16:40:00,0.03245902,-0.10649943
2017-12-28 16:50:00,0.14481649,-0.09793036
2017-12-28 17:00:00,0.23705022,-0.10054539
2017-12-28 17:10:00,0.3645005,-0.09109245
2017-12-28 17:20:00,0.6043082,-0.0756958
2017-12-28 17:30:00,1.0235524,-0.05603814
2017-12-28 17:40:00,1.4126111,-0.024999812
2017-12-28 17:50:00,1.5149068,0.0328925
2017-12-28 18:00:00,1.5182607,0.027426071
2017-12-28 18:10:00,1.5132297,0.10161464
2017-12-28 18:20:00,1.4713054,0.20459385
2017-12-28 18:30:00,1.419319,0.41395366
2017-12-28 18:40:00,1.4109342,0.7578486
2017-12-28 18:50:00,1.4444737,1.1246226
2017-12-28 19:00:00,1.422673,1.2040606
2017-12-28 19:10:00,1.3874565,1.2439164
2017-12-28 19:20:00,1.1275251,1.2471572
2017-12-28 19:30:00,0.8944252,1.2807386
2017-12-28 19:40:00,0.8726245,1.2787828
2017-12-28 19:50:00,0.8441159,1.3205459
2017-12-28 20:00:00,0.8508238,1.3803682
2017-12-28 20:10:00,0.9229338,1.4140413
2017-12-28 20:20:00,0.87765545,1.4049268
2017-12-28 20:30:00,0.911195,1.4020952
2017-12-28 20:40:00,0.8608857,1.3514432
2017-12-28 20:50:00,0.8592087,1.2125511
2017-12-28 21:00:00,0.85585475,0.9880504
2017-12-28 21:10:00,0.8156073,0.7699594
2017-12-28 21:20:00,0.7351124,0.7197314
2017-12-28 21:30:00,0.6630024,0.6504244
2017-12-28 21:40:00,0.56406075,0.50310457
2017-12-28 21:50:00,0.543937,0.43918955
2017-12-28 22:00:00,0.46847305,0.32353336
2017-12-28 22:10:00,0.42990258,0.25920558
2017-12-28 22:20:00,0.3192221,0.16700983
2017-12-28 22:30:00,0.19177184,0.08796081
2017-12-28 22:40:00,0.09115322,0.012196619
2017-12-28 22:50:00,0.005627386,0.02964291
2017-12-28 23:00:00,-0.13356172,-0.09075317
2017-12-28 23:10:00,-0.24759614,-0.27187884
2017-12-28 23:20:00,-0.3901392,-0.7460928
2017-12-28 23:30:00,-0.47566503,-1.0308199
2017-12-28 23:40:00,-0.5578369,-1.1490822
2017-12-28 23:50:00,-0.6601325,-1.1831731
2017-12-29 00:00:00,-0.7842288,-1.1744126
2017-12-29 00:10:00,-0.81776834,-1.1284555
2017-12-29 00:20:00,-0.9049712,-1.0960886
2017-12-29 00:30:00,-0.9770812,-1.0926285
2017-12-29 00:40:00,-1.0374523,-1.139383
2017-12-29 00:50:00,-1.0978235,-1.1229434
2017-12-29 01:00:00,-1.134717,-1.0865539
2017-12-29 01:10:00,-1.1867033,-1.0659912
2017-12-29 01:20:00,-1.2118579,-1.0529779
2017-12-29 01:30:00,-1.2621673,-1.1292337
2017-12-29 01:40:00,-1.3024148,-1.1938908
2017-12-29 01:50:00,-1.357755,-1.2417451
2017-12-29 02:00:00,-1.4080642,-1.2600422
2017-12-29 02:10:00,-1.4231571,-1.2518352
2017-12-29 02:20:00,-1.4566966,-1.2577437
2017-12-29 02:30:00,-1.4885591,-1.2482325
2017-12-29 02:40:00,-1.5170678,-1.2345223
2017-12-29 02:50:00,-1.5019749,-1.2255081
2017-12-29 03:00:00,-1.5371915,-1.2081639
2017-12-29 03:10:00,-1.5556383,-1.1704258
2017-12-29 03:20:00,-1.5589923,-1.1502265
2017-12-29 03:30:00,-1.6059476,-1.1323591
2017-12-29 03:40:00,-1.6176864,-1.1095217
2017-12-29 03:50:00,-1.6109785,-1.1049078
2017-12-29 04:00:00,-1.644518,-0.9997427
2017-12-29 04:10:00,-1.647872,-0.9690208
2017-12-29 04:20:00,-1.649549,-0.9368488
2017-12-29 04:30:00,-1.6428411,-1.034992
2017-12-29 04:40:00,-1.6545799,-1.1736653
2017-12-29 04:50:00,-1.6881194,-1.2516727
2017-12-29 05:00:00,-1.6612878,-1.3319614
2017-12-29 05:10:00,-1.6126555,-1.3755565
2017-12-29 05:20:00,-1.6109785,-1.4005864
2017-12-29 05:30:00,-1.5824699,-1.4324651
2017-12-29 05:40:00,-1.5321606,-1.4305037
2017-12-29 05:50:00,-1.428188,-1.4236662
2017-12-29 06:00:00,-1.3661399,-1.4187801
2017-12-29 06:10:00,-1.3896176,-1.4036083
2017-12-29 06:20:00,-1.351047,-1.3910239
2017-12-29 06:30:00,-1.3376312,-1.374548
2017-12-29 06:40:00,-1.3309233,-1.3588018
2017-12-29 06:50:00,-1.3225385,-1.3512199
2017-12-29 07:00:00,-1.3460162,-1.3383604
2017-12-29 07:10:00,-1.3527241,-1.3015301
2017-12-29 07:20:00,-1.3460162,-1.264626
2017-12-29 07:30:00,-1.4382498,-1.226544
2017-12-29 07:40:00,-1.4818512,-1.1616874
2017-12-29 07:50:00,-1.5070059,-1.1059657
2017-12-29 08:00:00,-1.4432808,-1.0707456
2017-12-29 08:10:00,-1.357755,-0.96114737
2017-12-29 08:20:00,-1.2705522,-0.88137144
2017-12-29 08:30:00,-1.1900573,-0.80172133
2017-12-29 08:40:00,-1.1045314,-0.6932191
2017-12-29 08:50:00,-1.0307444,-0.56884366
2017-12-29 09:00:00,-0.9837891,-0.53160685
2017-12-29 09:10:00,-0.89323235,-0.4190778
2017-12-29 09:20:00,-0.80267555,-0.3363989
2017-12-29 09:30:00,-0.7288886,-0.3039351
2017-12-29 09:40:00,-0.68025625,-0.21442224
2017-12-29 09:50:00,-0.6115002,-0.06330113
2017-12-29 10:00:00,-0.53939015,-0.0071285665
2017-12-29 10:10:00,-0.479019,0.096095145
2017-12-29 10:20:00,-0.44380248,0.26189196
2017-12-29 10:30:00,-0.37840036,0.25809035
2017-12-29 10:40:00,-0.333122,0.30949876
2017-12-29 10:50:00,-0.27610475,0.29487824
2017-12-29 11:00:00,-0.28113568,0.2579298
2017-12-29 11:10:00,-0.18890196,0.22202022
2017-12-29 11:20:00,-0.16039334,0.20418936
2017-12-29 11:30:00,-0.08157542,0.17904635
2017-12-29 11:40:00,-0.034620065,0.12689394
2017-12-29 11:50:00,-0.110084035,0.052312434
2017-12-29 12:00:00,-0.20399475,0.08763239
2017-12-29 12:10:00,-0.23585731,0.1548232
2017-12-29 12:20:00,-0.24256521,0.23355019
2017-12-29 12:30:00,-0.2660429,0.22865199
2017-12-29 12:40:00,-0.27778172,0.26620418
2017-12-29 12:50:00,-0.3465378,0.29216743
2017-12-29 13:00:00,-0.3599536,0.3376264
2017-12-29 13:10:00,-0.31635222,0.35148925
2017-12-29 13:20:00,-0.25262707,0.35106754
2017-12-29 13:30:00,-0.23418033,0.30929282
2017-12-29 13:40:00,-0.2660429,0.24971946
2017-12-29 13:50:00,-0.24256521,0.16885373
2017-12-29 14:00:00,-0.24424219,0.14413275
2017-12-29 14:10:00,-0.25430405,0.082327
2017-12-29 14:20:00,-0.26939684,0.17747441
2017-12-29 14:30:00,-0.25262707,0.14134178
2017-12-29 14:40:00,-0.29119757,0.09892514
2017-12-29 14:50:00,-0.34989175,0.030747216
2017-12-29 15:00:00,-0.33479896,0.010184947
2017-12-29 15:10:00,-0.34989175,-0.020237513
2017-12-29 15:20:00,-0.30629036,-0.049015738
2017-12-29 15:30:00,-0.34318385,-0.05553721
2017-12-29 15:40:00,-0.34318385,-0.061853603
2017-12-29 15:50:00,-0.35659966,-0.092971936
2017-12-29 16:00:00,-0.36330757,-0.08979012
2017-12-29 16:10:00,-0.36330757,-0.07602461
2017-12-29 16:20:00,-0.37001547,-0.066676676
2017-12-29 16:30:00,-0.37001547,-0.05938024
2017-12-29 16:40:00,-0.32976803,-0.06798492
2017-12-29 16:50:00,-0.30125943,-0.07405783
2017-12-29 17:00:00,-0.23418033,-0.10364883
2017-12-29 17:10:00,-0.13356172,-0.09981559
2017-12-29 17:20:00,0.17164811,-0.09620194
2017-12-29 17:30:00,0.616047,-0.088856876
2017-12-29 17:40:00,0.75523615,-0.06471588
2017-12-29 17:50:00,0.8038685,0.024516392
2017-12-29 18:00:00,0.8172843,0.007286776
2017-12-29 18:10:00,0.8575317,0.03413554
2017-12-29 18:20:00,0.9028101,0.073389895
2017-12-29 18:30:00,0.87765545,0.18026094
2017-12-29 18:40:00,0.8743015,0.32200205
2017-12-29 18:50:00,0.8307001,0.6943453
2017-12-29 19:00:00,0.8021915,0.94207907
2017-12-29 19:10:00,0.79045266,1.0796659
2017-12-29 19:20:00,0.76194406,1.1209775
2017-12-29 19:30:00,0.75523615,1.1709124
2017-12-29 19:40:00,0.7032499,1.191292
2017-12-29 19:50:00,0.67306423,1.2175361
2017-12-29 20:00:00,0.65126354,1.2259051
2017-12-29 20:10:00,0.72001964,1.2369305
2017-12-29 20:20:00,0.7602671,1.2283095
2017-12-29 20:30:00,0.7451743,1.2164675
2017-12-29 20:40:00,0.7300815,1.1682653
2017-12-29 20:50:00,0.6848031,1.1272557
2017-12-29 21:00:00,0.62946284,0.999579
2017-12-29 21:10:00,0.545614,0.8233677
2017-12-29 21:20:00,0.5305212,0.68619984
2017-12-29 21:30:00,0.49362773,0.70629334
2017-12-29 21:40:00,0.43157956,0.53115034
2017-12-29 21:50:00,0.3645005,0.26490355
2017-12-29 22:00:00,0.26388186,0.1686193
2017-12-29 22:10:00,0.20518766,0.11647503
2017-12-29 22:20:00,0.14817044,0.016689256
2017-12-29 22:30:00,0.087799266,-0.11936119
2017-12-29 22:40:00,-0.011142384,-0.17860273
2017-12-29 22:50:00,-0.07486752,-0.056178734
2017-12-29 23:00:00,-0.13859265,0.031658597
2017-12-29 23:10:00,-0.22747242,0.0069519095
2017-12-29 23:20:00,-0.30796733,-0.11611755
2017-12-29 23:30:00,-0.3616306,-0.4497193
2017-12-29 23:40:00,-0.5360362,-0.5560732
2017-12-29 23:50:00,-0.60814625,-0.7511318
2017-12-30 00:00:00,-0.7255346,-0.5534206
2017-12-30 00:10:00,-0.8496309,-0.484806
2017-12-30 00:20:00,-0.9452186,-0.25634032
2017-12-30 00:30:00,-1.0072668,-0.6220783
2017-12-30 00:40:00,-1.0860847,-0.7672455
2017-12-30 00:50:00,-1.1514868,-0.878629
2017-12-30 01:00:00,-1.2420435,-0.95368093
2017-12-30 01:10:00,-1.2990608,-1.080992
2017-12-30 01:20:00,-1.351047,-1.1347299
2017-12-30 01:30:00,-1.4214801,-1.1748674
2017-12-30 01:40:00,-1.4382498,-1.2195064
2017-12-30 01:50:00,-1.495267,-1.2681633
2017-12-30 02:00:00,-1.5506073,-1.2759458
2017-12-30 02:10:00,-1.5388685,-1.2556839
2017-12-30 02:20:00,-1.5606692,-1.2646968
2017-12-30 02:30:00,-1.5925318,-1.2603396
2017-12-30 02:40:00,-1.6193634,-1.244481
2017-12-30 02:50:00,-1.6294253,-1.2371086
2017-12-30 03:00:00,-1.6545799,-1.2176543
2017-12-30 03:10:00,-1.6864425,-1.1766821
2017-12-30 03:20:00,-1.7065662,-1.1379724
2017-12-30 03:30:00,-1.7266899,-1.0561587
2017-12-30 03:40:00,-1.7451366,-0.93410003
2017-12-30 03:50:00,-1.7551985,-0.8055143
2017-12-30 04:00:00,-1.7350748,-0.8968676
2017-12-30 04:10:00,-1.7468137,-0.90518606
2017-12-30 04:20:00,-1.7266899,-0.88498443
2017-12-30 04:30:00,-1.723336,-1.0155282
2017-12-30 04:40:00,-1.7283669,-1.1480147
2017-12-30 04:50:00,-1.7401057,-1.2469403
2017-12-30 05:00:00,-1.7283669,-1.3296239
2017-12-30 05:10:00,-1.7132741,-1.3800112
2017-12-30 05:20:00,-1.7132741,-1.405401
2017-12-30 05:30:00,-1.6981813,-1.4290471
2017-12-30 05:40:00,-1.6612878,-1.4284294
2017-12-30 05:50:00,-1.5606692,-1.4254512
2017-12-30 06:00:00,-1.4717894,-1.4176863
2017-12-30 06:10:00,-1.4801743,-1.4054568
2017-12-30 06:20:00,-1.4919131,-1.3944453
2017-12-30 06:30:00,-1.4516656,-1.3760746
2017-12-30 06:40:00,-1.4432808,-1.3601649
2017-12-30 06:50:00,-1.5204217,-1.3518597
2017-12-30 07:00:00,-1.5824699,-1.3390677
2017-12-30 07:10:00,-1.6780576,-1.3029246
2017-12-30 07:20:00,-1.7115971,-1.2613058
2017-12-30 07:30:00,-1.7920921,-1.2224455
2017-12-30 07:40:00,-1.8289856,-1.1604048
2017-12-30 07:50:00,-1.8138927,-1.1105176
2017-12-30 08:00:00,-1.7065662,-1.0800678
2017-12-30 08:10:00,-1.6830885,-0.9725885
2017-12-30 08:20:00,-1.5657002,-0.8944577
2017-12-30 08:30:00,-1.5187448,-0.82168394
2017-12-30 08:40:00,-1.4801743,-0.71334106
2017-12-30 08:50:00,-1.3745247,-0.58217067
2017-12-30 09:00:00,-1.2185658,-0.537807
2017-12-30 09:10:00,-1.0793768,-0.42542052
2017-12-30 09:20:00,-0.99217397,-0.3464588
2017-12-30 09:30:00,-0.9267719,-0.31508958
2017-12-30 09:40:00,-0.88652444,-0.22618066
2017-12-30 09:50:00,-0.84459996,-0.08897412
2017-12-30 10:00:00,-0.7339195,-0.030993491
2017-12-30 10:10:00,-0.65845555,0.07575332
2017-12-30 10:20:00,-0.59808433,0.25654
2017-12-30 10:30:00,-0.49411178,0.24287371
2017-12-30 10:40:00,-0.4706341,0.30179647
2017-12-30 10:50:00,-0.4421255,0.32084036
2017-12-30 11:00:00,-0.40020105,0.2982854
2017-12-30 11:10:00,-0.3834313,0.2831542
2017-12-30 11:20:00,-0.35492268,0.24428011
2017-12-30 11:30:00,-0.3029364,0.19207783
2017-12-30 11:40:00,-0.30629036,0.15437172
2017-12-30 11:50:00,-0.3247371,0.14805263
2017-12-30 12:00:00,-0.331445,0.19260103
2017-12-30 12:10:00,-0.33647594,0.2487575
2017-12-30 12:20:00,-0.32809106,0.30348593
2017-12-30 12:30:00,-0.31635222,0.35515338
2017-12-30 12:40:00,-0.31467524,0.40642595
2017-12-30 12:50:00,-0.30461338,0.45166993
2017-12-30 13:00:00,-0.32809106,0.49382824
2017-12-30 13:10:00,-0.31635222,0.5132276
2017-12-30 13:20:00,-0.32641408,0.5373824
2017-12-30 13:30:00,-0.36330757,0.5179753
2017-12-30 13:40:00,-0.40187803,0.47247714
2017-12-30 13:50:00,-0.4119399,0.38498122
2017-12-30 14:00:00,-0.4203248,0.32848763
2017-12-30 14:10:00,-0.38007733,0.22232985
2017-12-30 14:20:00,-0.41864783,0.1744063
2017-12-30 14:30:00,-0.41864783,0.13356651
2017-12-30 14:40:00,-0.4488334,0.108963154
2017-12-30 14:50:00,-0.51088154,0.20800026
2017-12-30 15:00:00,-0.5360362,0.14181018
2017-12-30 15:10:00,-0.5561599,0.063685216
2017-12-30 15:20:00,-0.5427441,0.00742352
2017-12-30 15:30:00,-0.5662218,-0.051282138
2017-12-30 15:40:00,-0.5947304,-0.0918604
2017-12-30 15:50:00,-0.66516346,-0.13918899
2017-12-30 16:00:00,-0.6785793,-0.12605505
2017-12-30 16:10:00,-0.66684043,-0.11117248
2017-12-30 16:20:00,-0.6551016,-0.107659325
2017-12-30 16:30:00,-0.61653113,-0.08816932
2017-12-30 16:40:00,-0.5276513,-0.08060835
2017-12-30 16:50:00,-0.50249666,-0.059667982
2017-12-30 17:00:00,-0.44715643,-0.067608654
2017-12-30 17:10:00,-0.3180292,-0.060078517
2017-12-30 17:20:00,-0.044681925,-0.056625903
2017-12-30 17:30:00,0.4081019,-0.052383445
2017-12-30 17:40:00,0.57244563,-0.046960533
2017-12-30 17:50:00,0.6747412,-0.018413857
2017-12-30 18:00:00,0.694865,-0.01816675
2017-12-30 18:10:00,0.7032499,0.040505897
2017-12-30 18:20:00,0.69821894,0.11445238
2017-12-30 18:30:00,0.69654197,0.25447702
2017-12-30 18:40:00,0.6680333,0.45162755
2017-12-30 18:50:00,0.65126354,0.73517084
2017-12-30 19:00:00,0.6529405,0.87939954
2017-12-30 19:10:00,0.6529405,0.9935281
2017-12-30 19:20:00,0.65126354,1.0709051
2017-12-30 19:30:00,0.6328168,1.1462811
2017-12-30 19:40:00,0.5959233,1.1832587
2017-12-30 19:50:00,0.5825075,1.2227787
2017-12-30 20:00:00,0.57747656,1.2235858
2017-12-30 20:10:00,0.58418447,1.2346606
2017-12-30 20:20:00,0.5808305,1.2040486
2017-12-30 20:30:00,0.5623838,1.1834037
2017-12-30 20:40:00,0.5405831,1.125031
2017-12-30 20:50:00,0.50536656,1.0529164
2017-12-30 21:00:00,0.46679607,0.9115023
2017-12-30 21:10:00,0.39636305,0.7421868
2017-12-30 21:20:00,0.36617747,0.674048
2017-12-30 21:30:00,0.32257605,0.6728224
2017-12-30 21:40:00,0.22531138,0.5129399
2017-12-30 21:50:00,0.20854162,0.22185828
2017-12-30 22:00:00,0.27058977,0.06997742
2017-12-30 22:10:00,0.2454351,-0.005491838
2017-12-30 22:20:00,0.18841788,-0.12902428
2017-12-30 22:30:00,0.112953916,-0.20113675
2017-12-30 22:40:00,0.05929065,-0.1690223
2017-12-30 22:50:00,-0.01952727,-0.027634561
2017-12-30 23:00:00,-0.110084035,0.088586286
2017-12-30 23:10:00,-0.24759614,0.025998794
2017-12-30 23:20:00,-0.34821478,0.4488054
2017-12-30 23:30:00,-0.4639262,-0.44834185
2017-12-30 23:40:00,-0.551129,-0.2132219
2017-12-30 23:50:00,-0.6349779,-0.119230375
