,Originales,Predichos
2017-11-24 23:10:00,-0.3083027211061668,-0.21072106
2017-11-24 23:20:00,-0.40329702218689667,-0.3283521
2017-11-24 23:30:00,-0.5254325525416259,-0.4429279
2017-11-24 23:40:00,-0.6161860353423114,-0.5941398
2017-11-24 23:50:00,-0.6899762519141456,-0.6952659
2017-11-25 00:00:00,-0.7917558603133754,-0.7626639
2017-11-25 00:10:00,-0.8672424033702688,-0.81584907
2017-11-25 00:20:00,-0.9613885405193368,-0.97050905
2017-11-25 00:30:00,-1.0182154881057894,-1.0608462
2017-11-25 00:40:00,-1.080131416525683,-1.0898674
2017-11-25 00:50:00,-1.1378065280437977,-1.1470186
2017-11-25 01:00:00,-1.1853036778950299,-1.2086201
2017-11-25 01:10:00,-1.2930204296810972,-1.2182505
2017-11-25 01:20:00,-1.3337322735920953,-1.3459105
2017-11-25 01:30:00,-1.3532400316159323,-1.3818705
2017-11-25 01:40:00,-1.345606561744036,-1.3858895
2017-11-25 01:50:00,-1.3498473786458154,-1.3815751
2017-11-25 02:00:00,-1.40073718284543,-1.3674175
2017-11-25 02:10:00,-1.4490824966283247,-1.409594
2017-11-25 02:20:00,-1.448234332696663,-1.4673008
2017-11-25 02:30:00,-1.482160869289161,-1.4733107
2017-11-25 02:40:00,-1.4838571957742193,-1.514732
2017-11-25 02:50:00,-1.4745273980389992,-1.4990568
2017-11-25 03:00:00,-1.5008204633813362,-1.4876561
2017-11-25 03:10:00,-1.5338988360421726,-1.5120759
2017-11-25 03:20:00,-1.532202509557114,-1.5541979
2017-11-25 03:30:00,-1.556799248414392,-1.5503627
2017-11-25 03:40:00,-1.5542547579976715,-1.5864768
2017-11-25 03:50:00,-1.5440767977090546,-1.5547901
2017-11-25 04:00:00,-1.5517102675809509,-1.540642
2017-11-25 04:10:00,-1.5381396529439515,-1.5523274
2017-11-25 04:20:00,-1.556799248414392,-1.5416481
2017-11-25 04:30:00,-1.5525584315126126,-1.5791568
2017-11-25 04:40:00,-1.548317614610834,-1.5650735
2017-11-25 04:50:00,-1.556799248414392,-1.549717
2017-11-25 05:00:00,-1.5542547579976715,-1.5444717
2017-11-25 05:10:00,-1.5067576081464393,-1.5333683
2017-11-25 05:20:00,-1.466045764235441,-1.4921052
2017-11-25 05:30:00,-1.3574808485177117,-1.460104
2017-11-25 05:40:00,-1.3676588101845937,-1.2994831
2017-11-25 05:50:00,-1.3990408549821063,-1.3688617
2017-11-25 06:00:00,-1.438056372408046,-1.3835026
2017-11-25 06:10:00,-1.4533233135301036,-1.4142885
2017-11-25 06:20:00,-1.49318699350944,-1.4336601
2017-11-25 06:30:00,-1.5746106799531703,-1.5052111
2017-11-25 06:40:00,-1.6992906993463546,-1.605763
2017-11-25 06:50:00,-1.8451748046266996,-1.7437431
2017-11-25 07:00:00,-1.8129445958975252,-1.8707108
2017-11-25 07:10:00,-1.7612066277662481,-1.7712686
2017-11-25 07:20:00,-1.7230392742719705,-1.7393285
2017-11-25 07:30:00,-1.7221911117185742,-1.6930652
2017-11-25 07:40:00,-1.687416412572679,-1.7024245
2017-11-25 07:50:00,-1.6746939604890765,-1.6491615
2017-11-25 08:00:00,-1.5712180256047878,-1.6375135
2017-11-25 08:10:00,-1.4796163788724406,-1.4820831
2017-11-25 08:20:00,-1.3422139073956536,-1.428088
2017-11-25 08:30:00,-1.2412824629280856,-1.292803
2017-11-25 08:40:00,-1.2183820505558662,-1.2067332
2017-11-25 08:50:00,-1.1395028545288564,-1.188409
2017-11-25 09:00:00,-1.0614718210552423,-1.1057665
2017-11-25 09:10:00,-1.00464487346879,-1.0204451
2017-11-25 09:20:00,-0.9384881281471172,-0.971964
2017-11-25 09:30:00,-0.8570644417033864,-0.90383947
2017-11-25 09:40:00,-0.7493476899173189,-0.8232779
2017-11-25 09:50:00,-0.6908244158458079,-0.72042465
2017-11-25 10:00:00,-0.6501125719348096,-0.6609976
2017-11-25 10:10:00,-0.6153378727889145,-0.6010816
2017-11-25 10:20:00,-0.5602072516875205,-0.5679611
2017-11-25 10:30:00,-0.508469283556244,-0.51894534
2017-11-25 10:40:00,-0.47369458441034884,-0.46725604
2017-11-25 10:50:00,-0.4864170351156864,-0.43307036
2017-11-25 11:00:00,-0.4261974345591167,-0.4419554
2017-11-25 11:10:00,-0.362585178275899,-0.37519997
2017-11-25 11:20:00,-0.36937048559439845,-0.31880286
2017-11-25 11:30:00,-0.34562191066878256,-0.33330783
2017-11-25 11:40:00,-0.281161491832168,-0.31365544
2017-11-25 11:50:00,-0.3176325188413869,-0.2565339
2017-11-25 12:00:00,-0.3227214982965626,-0.28290436
2017-11-25 12:10:00,-0.34307742025206195,-0.27807277
2017-11-25 12:20:00,-0.3447737467371202,-0.30603957
2017-11-25 12:30:00,-0.3320512960317832,-0.31825045
2017-11-25 12:40:00,-0.33629211293356204,-0.31228504
2017-11-25 12:50:00,-0.3286586430616657,-0.31391641
2017-11-25 13:00:00,-0.2701353676118892,-0.3083253
2017-11-25 13:10:00,-0.2870986365972711,-0.23650084
2017-11-25 13:20:00,-0.25741291690655216,-0.26935285
2017-11-25 13:30:00,-0.2285753611474946,-0.25147396
2017-11-25 13:40:00,-0.2285753611474946,-0.22579126
2017-11-25 13:50:00,-0.27946516534710975,-0.23069783
2017-11-25 14:00:00,-0.2506276095880522,-0.28794432
2017-11-25 14:10:00,-0.242145975784494,-0.24663635
2017-11-25 14:20:00,-0.2396014853677734,-0.24353169
2017-11-25 14:30:00,-0.24129781185283214,-0.24722227
2017-11-25 14:40:00,-0.29049128956738857,-0.25750703
2017-11-25 14:50:00,-0.35410354447234077,-0.30961946
2017-11-25 15:00:00,-0.41262681992211725,-0.3720923
2017-11-25 15:10:00,-0.36682599517767783,-0.4160577
2017-11-25 15:20:00,-0.3736113024961778,-0.3713076
2017-11-25 15:30:00,-0.4423125382345712,-0.38626617
2017-11-25 15:40:00,-0.417715799377293,-0.4684266
2017-11-25 15:50:00,-0.40244885825523485,-0.43756968
2017-11-25 16:00:00,-0.44316070216623304,-0.41886142
2017-11-25 16:10:00,-0.5127101004580229,-0.46061254
2017-11-25 16:20:00,-0.46351662412173195,-0.5450021
2017-11-25 16:30:00,-0.3863337545797803,-0.47989607
2017-11-25 16:40:00,-0.281161491832168,-0.3853433
2017-11-25 16:50:00,-0.2396014853677734,-0.24934772
2017-11-25 17:00:00,-0.2039786222902164,-0.1806258
2017-11-25 17:10:00,-0.013141857575359272,-0.044077005
2017-11-25 17:20:00,0.37616514448278127,0.27376062
2017-11-25 17:30:00,0.644184778739589,0.6377053
2017-11-25 17:40:00,0.7154305048947031,0.80644554
2017-11-25 17:50:00,0.7213676482815407,0.77207565
2017-11-25 18:00:00,0.7230639747665993,0.7473525
2017-11-25 18:10:00,0.7663203090943183,0.7867607
2017-11-25 18:20:00,0.7366345894035993,0.8377918
2017-11-25 18:30:00,0.7374827533352606,0.7627235
2017-11-25 18:40:00,0.7196713217964819,0.745831
2017-11-25 18:50:00,0.7205194843498792,0.7408924
2017-11-25 19:00:00,0.7281529556000406,0.74733925
2017-11-25 19:10:00,0.7264566291149819,0.7694105
2017-11-25 19:20:00,0.7128860144779829,0.75718105
2017-11-25 19:30:00,0.7061007071594829,0.72417325
2017-11-25 19:40:00,0.6653888632484852,0.7040988
2017-11-25 19:50:00,0.653514576474809,0.66095805
2017-11-25 20:00:00,0.6407921257694725,0.66425014
2017-11-25 20:10:00,0.6306141641025901,0.66806996
2017-11-25 20:20:00,0.6111064060787526,0.65714854
2017-11-25 20:30:00,0.6043210987602536,0.62367576
2017-11-25 20:40:00,0.5746353804477997,0.61541975
2017-11-25 20:50:00,0.5169602689296846,0.59217346
2017-11-25 21:00:00,0.4838818962688482,0.51459354
2017-11-25 21:10:00,0.46691862728346684,0.3941317
2017-11-25 21:20:00,0.42451045826567535,0.51369977
2017-11-25 21:30:00,0.3931284120898977,0.44309416
2017-11-25 21:40:00,0.30237492791094617,0.39827612
2017-11-25 21:50:00,0.2930451301757261,0.26279414
2017-11-25 22:00:00,0.283715333818771,0.2737713
2017-11-25 22:10:00,0.22264756795227442,0.2728631
2017-11-25 22:20:00,0.16666878429748402,0.21652752
2017-11-25 22:30:00,0.08524509785375257,0.15794875
2017-11-25 22:40:00,0.05640754209469601,0.069737926
2017-11-25 22:50:00,-0.05894268094153372,0.030841555
2017-11-25 23:00:00,-0.15308881809060174,-0.14982717
2017-11-25 23:10:00,-0.25995740732327227,-0.20355499
2017-11-25 23:20:00,-0.3405329298353414,-0.32615092
2017-11-25 23:30:00,-0.488961525532407,-0.40165395
2017-11-25 23:40:00,-0.5686888854910788,-0.5645286
2017-11-25 23:50:00,-0.6501125719348096,-0.6423267
2017-11-26 00:00:00,-0.7417142186671571,-0.73939943
2017-11-26 00:10:00,-0.8570644417033864,-0.8063745
2017-11-26 00:20:00,-0.9410326185638379,-0.98488563
2017-11-26 00:30:00,-1.0368750835762297,-1.0422907
2017-11-26 00:40:00,-1.0580791680851254,-1.1176181
2017-11-26 00:50:00,-1.1182987700199607,-1.1009852
2017-11-26 01:00:00,-1.1411991810139146,-1.174643
2017-11-26 01:10:00,-1.1819110249249127,-1.1579424
2017-11-26 01:20:00,-1.1793665345081923,-1.2131554
2017-11-26 01:30:00,-1.2277118482910867,-1.2020943
2017-11-26 01:40:00,-1.3091355347348173,-1.2712089
2017-11-26 01:50:00,-1.3625698293511526,-1.3405364
2017-11-26 02:00:00,-1.3897110586251513,-1.3820835
2017-11-26 02:10:00,-1.40752249016393,-1.4006052
2017-11-26 02:20:00,-1.4389045349614422,-1.4385381
2017-11-26 02:30:00,-1.4643494377503823,-1.4691046
2017-11-26 02:40:00,-1.4592604569169416,-1.4911658
2017-11-26 02:50:00,-1.4677420907204999,-1.471408
2017-11-26 03:00:00,-1.4745273980389992,-1.4826522
2017-11-26 03:10:00,-1.473679235485603,-1.480535
2017-11-26 03:20:00,-1.4991241368962775,-1.483881
2017-11-26 03:30:00,-1.5042131177297187,-1.5233605
2017-11-26 03:40:00,-1.512694751533277,-1.5131581
2017-11-26 03:50:00,-1.5517102675809509,-1.5118375
2017-11-26 04:00:00,-1.5559510844827302,-1.5739291
2017-11-26 04:10:00,-1.5500139410958922,-1.5566993
2017-11-26 04:20:00,-1.5491657771642302,-1.5455096
2017-11-26 04:30:00,-1.5457731241941133,-1.5536008
2017-11-26 04:40:00,-1.5542547579976715,-1.5365036
2017-11-26 04:50:00,-1.5593437388311127,-1.5451497
2017-11-26 05:00:00,-1.5355951625272308,-1.5476835
2017-11-26 05:10:00,-1.517783732366718,-1.5027041
2017-11-26 05:20:00,-1.5186318949201145,-1.4969891
2017-11-26 05:30:00,-1.402433509330489,-1.5154572
2017-11-26 05:40:00,-1.4058261623006059,-1.326913
2017-11-26 05:50:00,-1.4397526988931042,-1.3989059
2017-11-26 06:00:00,-1.4940351560628362,-1.4273636
2017-11-26 06:10:00,-1.482160869289161,-1.4751117
2017-11-26 06:20:00,-1.501668627312998,-1.4691775
2017-11-26 06:30:00,-1.6102335430307273,-1.5257275
2017-11-26 06:40:00,-1.7908923474569676,-1.6681979
2017-11-26 06:50:00,-1.9070907330465932,-1.8723972
2017-11-26 07:00:00,-1.946954413025929,-1.9381313
2017-11-26 07:10:00,-1.9384727792223708,-1.9389946
2017-11-26 07:20:00,-1.9240540006537095,-1.9198503
2017-11-26 07:30:00,-1.8655307265821985,-1.9008032
2017-11-26 07:40:00,-1.8324523539213622,-1.8106186
2017-11-26 07:50:00,-1.8154890863142457,-1.7785844
2017-11-26 08:00:00,-1.7510286674776312,-1.7656664
2017-11-26 08:10:00,-1.7094686610132366,-1.682126
2017-11-26 08:20:00,-1.6984425367929579,-1.6610366
2017-11-26 08:30:00,-1.6331339540246819,-1.6334816
2017-11-26 08:40:00,-1.5389878168756133,-1.5542221
2017-11-26 08:50:00,-1.4431453518632216,-1.4620342
2017-11-26 09:00:00,-1.39140738511021,-1.3673451
2017-11-26 09:10:00,-1.309983698666479,-1.31754
2017-11-26 09:20:00,-1.2514604232167026,-1.2440546
2017-11-26 09:30:00,-1.1691885742195753,-1.1965212
2017-11-26 09:40:00,-1.0572310041534636,-1.1093659
2017-11-26 09:50:00,-1.0182154881057894,-1.0051965
2017-11-26 10:00:00,-0.9503624162990579,-0.97647357
2017-11-26 10:10:00,-0.863001585090224,-0.89871013
2017-11-26 10:20:00,-0.7934521867984341,-0.8280086
2017-11-26 10:30:00,-0.7824260625781553,-0.7678482
2017-11-26 10:40:00,-0.6908244158458079,-0.7553607
2017-11-26 10:50:00,-0.6255158330775314,-0.669847
2017-11-26 11:00:00,-0.628908487425914,-0.6088432
2017-11-26 11:10:00,-0.5610554142409174,-0.5936266
2017-11-26 11:20:00,-0.4957468328509065,-0.54006416
2017-11-26 11:30:00,-0.5016839762377441,-0.48233056
2017-11-26 11:40:00,-0.5118619379046265,-0.48389474
2017-11-26 11:50:00,-0.49405050636584774,-0.49344504
2017-11-26 12:00:00,-0.47623907482706945,-0.47855884
2017-11-26 12:10:00,-0.4592758072199531,-0.45036715
2017-11-26 12:20:00,-0.4448570286512918,-0.443336
2017-11-26 12:30:00,-0.42450110669579244,-0.43794638
2017-11-26 12:40:00,-0.3642815061392227,-0.4229177
2017-11-26 12:50:00,-0.29049128956738857,-0.36920738
2017-11-26 13:00:00,-0.2591092433916104,-0.29648235
2017-11-26 13:10:00,-0.30575823068944624,-0.25374317
2017-11-26 13:20:00,-0.32696231657660746,-0.30695188
2017-11-26 13:30:00,-0.2930357799841087,-0.3372156
2017-11-26 13:40:00,-0.2837059822488886,-0.31096458
2017-11-26 13:50:00,-0.3201770092581075,-0.30234218
2017-11-26 14:00:00,-0.25826108083821403,-0.33771694
2017-11-26 14:10:00,-0.277768838862051,-0.2713195
2017-11-26 14:20:00,-0.36088885179084024,-0.29493737
2017-11-26 14:30:00,-0.3888782436182354,-0.38596737
2017-11-26 14:40:00,-0.40414518611855904,-0.4154979
2017-11-26 14:50:00,-0.4592758072199531,-0.42586127
2017-11-26 15:00:00,-0.49320234243418587,-0.47644648
2017-11-26 15:10:00,-0.4948986689192446,-0.49363375
2017-11-26 15:20:00,-0.521191734261581,-0.49991232
2017-11-26 15:30:00,-0.576322355362975,-0.5336576
2017-11-26 15:40:00,-0.5805631736430199,-0.5925256
2017-11-26 15:50:00,-0.5254325525416259,-0.5963634
2017-11-26 16:00:00,-0.517799081291464,-0.53161675
2017-11-26 16:10:00,-0.5356105128302423,-0.5151979
2017-11-26 16:20:00,-0.5890448074465781,-0.5476876
2017-11-26 16:30:00,-0.5669925590060205,-0.61222386
2017-11-26 16:40:00,-0.4898096894640689,-0.5776555
2017-11-26 16:50:00,-0.42110845372567546,-0.470194
2017-11-26 17:00:00,-0.2989729233709468,-0.35265768
2017-11-26 17:10:00,-0.10983248514114839,-0.124383315
2017-11-26 17:20:00,0.329516157184945,0.20240892
2017-11-26 17:30:00,0.572939052584475,0.59318316
2017-11-26 17:40:00,0.6798076418171465,0.7103361
2017-11-26 17:50:00,0.7332419364334818,0.7225451
2017-11-26 18:00:00,0.7722574524811557,0.764063
2017-11-26 18:10:00,0.7603831643292146,0.82466304
2017-11-26 18:20:00,0.7764982693829346,0.79872894
2017-11-26 18:30:00,0.7476607136238781,0.80806154
2017-11-26 18:40:00,0.7205194843498792,0.77939063
2017-11-26 18:50:00,0.7281529556000406,0.7597329
2017-11-26 19:00:00,0.7739537789662145,0.7516937
2017-11-26 19:10:00,0.7824354127697722,0.81543136
2017-11-26 19:20:00,0.7671684716477146,0.8158612
2017-11-26 19:30:00,0.7739537789662145,0.7928388
2017-11-26 19:40:00,0.7909170479515959,0.7932335
2017-11-26 19:50:00,0.7934615369900511,0.8082468
2017-11-26 20:00:00,0.7637758186775971,0.8084461
2017-11-26 20:10:00,0.738330915888657,0.8000166
2017-11-26 20:20:00,0.6942264190075418,0.76779854
2017-11-26 20:30:00,0.6645407006950879,0.7227936
2017-11-26 20:40:00,0.6484255956413688,0.6770524
2017-11-26 20:50:00,0.598383955373415,0.65641
2017-11-26 21:00:00,0.533923536536801,0.5914071
2017-11-26 21:10:00,0.4932116940040682,0.54449767
2017-11-26 21:20:00,0.46691862728346684,0.50346357
2017-11-26 21:30:00,0.4117880061820728,0.4683145
2017-11-26 21:40:00,0.3693798371642813,0.37304717
2017-11-26 21:50:00,0.3320606476016661,0.3407512
2017-11-26 22:00:00,0.26675206483338965,0.3157113
2017-11-26 22:10:00,0.21671042456543682,0.28212678
2017-11-26 22:20:00,0.14207204544020532,0.22544368
2017-11-26 22:30:00,0.019936515085477134,0.104202434
2017-11-26 22:40:00,-0.08099492938209132,-0.063028306
2017-11-26 22:50:00,-0.17429290397776245,-0.15373294
2017-11-26 23:00:00,-0.26335006029338975,-0.24900652
2017-11-26 23:10:00,-0.3498627275705614,-0.3312267
2017-11-26 23:20:00,-0.44061621174951243,-0.42578802
2017-11-26 23:30:00,-0.5483329635355799,-0.5095617
2017-11-26 23:40:00,-0.6797982916255291,-0.62034047
2017-11-26 23:50:00,-0.7595256502059359,-0.7550286
2017-11-27 00:00:00,-0.8350121932628287,-0.8222817
2017-11-27 00:10:00,-0.8918391408492815,-0.88214153
2017-11-27 00:20:00,-0.9291583304118968,-1.0270593
2017-11-27 00:30:00,-1.0300897762577301,-1.0446216
2017-11-27 00:40:00,-1.0614718210552423,-1.1310415
2017-11-27 00:50:00,-1.114906115671578,-1.1179556
2017-11-27 01:00:00,-1.1759738815380751,-1.1664681
2017-11-27 01:10:00,-1.2175338880024698,-1.2036538
2017-11-27 01:20:00,-1.225167357874366,-1.2387189
2017-11-27 01:30:00,-1.255701240118482,-1.2440264
2017-11-27 01:40:00,-1.2709681812405396,-1.2869364
2017-11-27 01:50:00,-1.3125281890831997,-1.2944808
2017-11-27 02:00:00,-1.340517580910595,-1.3383512
2017-11-27 02:10:00,-1.3922555476636065,-1.3465642
2017-11-27 02:20:00,-1.4329673915746046,-1.4260193
2017-11-27 02:30:00,-1.456715966500221,-1.4594109
2017-11-27 02:40:00,-1.4711347450688823,-1.4810125
2017-11-27 02:50:00,-1.4872498487443369,-1.4898548
2017-11-27 03:00:00,-1.5050612802831151,-1.4938982
2017-11-27 03:10:00,-1.532202509557114,-1.5045588
2017-11-27 03:20:00,-1.5737625160215085,-1.5385771
2017-11-27 03:30:00,-1.5881812945901697,-1.5988923
2017-11-27 03:40:00,-1.556799248414392,-1.5894043
2017-11-27 03:50:00,-1.5517102675809509,-1.549877
2017-11-27 04:00:00,-1.5551029219293333,-1.5448484
2017-11-27 04:10:00,-1.5440767977090546,-1.5326352
2017-11-27 04:20:00,-1.5432286337773926,-1.5357144
2017-11-27 04:30:00,-1.5254172022386143,-1.5383781
2017-11-27 04:40:00,-1.4965796464795569,-1.5192385
2017-11-27 04:50:00,-1.485553522259278,-1.4548976
2017-11-27 05:00:00,-1.4601086208486034,-1.4538821
2017-11-27 05:10:00,-1.4592604569169416,-1.4123166
2017-11-27 05:20:00,-1.431271065089546,-1.4364736
2017-11-27 05:30:00,-1.331187783175375,-1.3954848
2017-11-27 05:40:00,-1.3260988023419336,-1.256728
2017-11-27 05:50:00,-1.38207758737499,-1.3001635
2017-11-27 06:00:00,-1.3735959535714313,-1.3610064
2017-11-27 06:10:00,-1.365114319767873,-1.3129927
2017-11-27 06:20:00,-1.38462207779171,-1.3342822
2017-11-27 06:30:00,-1.4185486143842088,-1.3821212
2017-11-27 06:40:00,-1.5101502611165563,-1.4067171
2017-11-27 06:50:00,-1.5703698630513916,-1.5160184
2017-11-27 07:00:00,-1.4787682149407786,-1.5328788
2017-11-27 07:10:00,-1.4177004504525466,-1.3631
2017-11-27 07:20:00,-1.3744441175030937,-1.3478675
2017-11-27 07:30:00,-1.3176171685383755,-1.3178029
2017-11-27 07:40:00,-1.2726645091038638,-1.2551742
2017-11-27 07:50:00,-1.2667273643387607,-1.2065465
2017-11-27 08:00:00,-1.2031151094338086,-1.1959727
2017-11-27 08:10:00,-1.0835240694958,-1.1006253
2017-11-27 08:20:00,-0.9800481346115119,-1.0137275
2017-11-27 08:30:00,-1.0758905996239037,-0.9333763
2017-11-27 08:40:00,-0.875724037173827,-1.0111793
2017-11-27 08:50:00,-0.8384048476112111,-0.80891395
2017-11-27 09:00:00,-0.7417142186671571,-0.7890401
2017-11-27 09:10:00,-0.8918391408492815,-0.6783464
2017-11-27 09:20:00,-1.220926540972587,-0.8020848
2017-11-27 09:30:00,-1.21074858068397,-1.061581
2017-11-27 09:40:00,-1.1683404102879134,-1.042439
2017-11-27 09:50:00,-1.0903093768143,-1.0536952
2017-11-27 10:00:00,-1.0504456968349636,-0.9887439
2017-11-27 10:10:00,-0.9274620039268385,-0.9400377
2017-11-27 10:20:00,-0.8273787233909324,-0.8462688
2017-11-27 10:30:00,-0.7764889191913177,-0.781683
2017-11-27 10:40:00,-0.7400178921820989,-0.7458878
2017-11-27 10:50:00,-0.6670758395419261,-0.7025001
2017-11-27 11:00:00,-0.6323011403960315,-0.6244454
2017-11-27 11:10:00,-0.6009190942202532,-0.5736189
2017-11-27 11:20:00,-0.6127933823721939,-0.5464225
2017-11-27 11:30:00,-0.5966782773184744,-0.55974984
2017-11-27 11:40:00,-0.5907411339316363,-0.5465748
2017-11-27 11:50:00,-0.6009190942202532,-0.54570585
2017-11-27 12:00:00,-0.6297566499793108,-0.55912757
2017-11-27 12:10:00,-0.5805631736430199,-0.577116
2017-11-27 12:20:00,-0.5585109252024623,-0.5376352
2017-11-27 12:30:00,-0.5432439827021387,-0.52776116
2017-11-27 12:40:00,-0.5016839762377441,-0.5201547
2017-11-27 12:50:00,-0.4618202962584082,-0.4811806
2017-11-27 13:00:00,-0.46012396977334946,-0.44476628
2017-11-27 13:10:00,-0.44316070216623304,-0.43887064
2017-11-27 13:20:00,-0.46012396977334946,-0.43157172
2017-11-27 13:30:00,-0.5127101004580229,-0.45443776
2017-11-27 13:40:00,-0.5415476562170805,-0.5126703
2017-11-27 13:50:00,-0.5729297023928581,-0.54082584
2017-11-27 14:00:00,-0.5457884731188593,-0.5698147
2017-11-27 14:10:00,-0.5152545908747435,-0.5234381
2017-11-27 14:20:00,-0.5415476562170805,-0.5167679
2017-11-27 14:30:00,-0.6373901212294721,-0.56293905
2017-11-27 14:40:00,-0.6110970558871357,-0.66527194
2017-11-27 14:50:00,-0.6034635846369739,-0.6205685
2017-11-27 15:00:00,-0.6144897088572526,-0.6125107
2017-11-27 15:10:00,-0.4389198852644537,-0.61104375
2017-11-27 15:20:00,-0.3812447737463391,-0.43311346
2017-11-27 15:30:00,-0.4321345779459543,-0.38577765
2017-11-27 15:40:00,-0.41008232950539664,-0.4528579
2017-11-27 15:50:00,-0.4474015190680119,-0.4300382
2017-11-27 16:00:00,-0.4380717213327918,-0.46811256
2017-11-27 16:10:00,-0.3286586430616657,-0.4445471
2017-11-27 16:20:00,-0.2701353676118892,-0.32651162
2017-11-27 16:30:00,-0.20821943919199573,-0.2635894
2017-11-27 16:40:00,-0.11576962852798597,-0.20486598
2017-11-27 16:50:00,-0.051309211069637393,-0.10081492
2017-11-27 17:00:00,0.09881571111248649,-0.013086837
2017-11-27 17:10:00,0.34563126086039997,0.25347355
2017-11-27 17:20:00,0.745116223207157,0.6591631
2017-11-27 17:30:00,0.9987170802735694,1.0000491
2017-11-27 17:40:00,1.043669741086347,1.1079848
2017-11-27 17:50:00,1.1038893430211822,1.0721264
2017-11-27 18:00:00,1.0623293351785221,1.1205375
2017-11-27 18:10:00,1.0606330086934634,1.1151404
2017-11-27 18:20:00,1.0453660675714058,1.1160967
2017-11-27 18:30:00,1.0368844337678471,1.0730158
2017-11-27 18:40:00,1.0241619830625095,1.0540855
2017-11-27 18:50:00,1.0317954529344058,1.0380255
2017-11-27 19:00:00,0.9876909560532906,1.0514605
2017-11-27 19:10:00,0.9690313619611155,1.0186917
2017-11-27 19:20:00,0.9444346231038377,0.985234
2017-11-27 19:30:00,0.8799742042672237,0.94775426
2017-11-27 19:40:00,0.8647072631451651,0.86327386
2017-11-27 19:50:00,0.8765815512971062,0.83754516
2017-11-27 20:00:00,0.8239954206124324,0.8536673
2017-11-27 20:10:00,0.8630109366601063,0.8316388
2017-11-27 20:20:00,0.8358697073861084,0.89475596
2017-11-27 20:30:00,0.8087284781121097,0.85981274
2017-11-27 20:40:00,0.8104248059754334,0.7956019
2017-11-27 20:50:00,0.786676229671552,0.7977021
2017-11-27 21:00:00,0.7239121386982618,0.74860024
2017-11-27 21:10:00,0.6543627390282064,0.6990398
2017-11-27 21:20:00,0.5670019091976374,0.6328859
2017-11-27 21:30:00,0.4957561830425234,0.52794224
2017-11-27 21:40:00,0.4474108692596293,0.44667965
2017-11-27 21:50:00,0.35835371294400253,0.4045475
2017-11-27 22:00:00,0.26929655525010976,0.3049217
2017-11-27 22:10:00,0.2234957318839358,0.21316476
2017-11-27 22:20:00,0.1369830646067641,0.16267498
2017-11-27 22:30:00,0.03350712972247604,0.057722185
2017-11-27 22:40:00,-0.021623491378917968,-0.058431905
2017-11-27 22:50:00,-0.151392491605543,-0.09321673
2017-11-27 23:00:00,-0.25232393607311093,-0.24047534
2017-11-27 23:10:00,-0.35749619882072325,-0.3097602
2017-11-27 23:20:00,-0.47369458441034884,-0.42070836
2017-11-27 23:30:00,-0.5491811274672417,-0.5440881
2017-11-27 23:40:00,-0.6077044015387533,-0.62315214
2017-11-27 23:50:00,-0.7077876834529243,-0.68013465
2017-11-28 00:00:00,-0.8231379064891535,-0.7918948
2017-11-28 00:10:00,-0.8723313828254444,-0.891659
2017-11-28 00:20:00,-0.9715665008079537,-1.012529
2017-11-28 00:30:00,-1.0292416123260684,-1.0883446
2017-11-28 00:40:00,-1.0903093768143,-1.1047372
2017-11-28 00:50:00,-1.125932239891857,-1.1512301
2017-11-28 01:00:00,-1.175125717606413,-1.165561
2017-11-28 01:10:00,-1.2132930711006904,-1.2012948
2017-11-28 01:20:00,-1.281146142907422,-1.2374461
2017-11-28 01:30:00,-1.3354286000771542,-1.3125865
2017-11-28 01:40:00,-1.3583290124493737,-1.3626814
2017-11-28 01:50:00,-1.376140443988152,-1.3783836
2017-11-28 02:00:00,-1.3998890189137683,-1.3918345
2017-11-28 02:10:00,-1.4168522865208846,-1.4156677
2017-11-28 02:20:00,-1.4329673915746046,-1.439278
2017-11-28 02:30:00,-1.47707188845572,-1.4520704
2017-11-28 02:40:00,-1.5008204633813362,-1.5059516
2017-11-28 02:50:00,-1.5135429140866732,-1.5179838
2017-11-28 03:00:00,-1.5423804698457309,-1.527476
2017-11-28 03:10:00,-1.5847886402417872,-1.542237
2017-11-28 03:20:00,-1.5703698630513916,-1.6067344
2017-11-28 03:30:00,-1.5703698630513916,-1.5772903
2017-11-28 03:40:00,-1.5695216991197296,-1.5828893
2017-11-28 03:50:00,-1.566977208703009,-1.5663195
2017-11-28 04:00:00,-1.5813959872716703,-1.5765624
2017-11-28 04:10:00,-1.5958147644620662,-1.5691125
2017-11-28 04:20:00,-1.6102335430307273,-1.5985669
2017-11-28 04:30:00,-1.5941184379770073,-1.6346185
2017-11-28 04:40:00,-1.5618882292478333,-1.5973572
2017-11-28 04:50:00,-1.5457731241941133,-1.5480859
2017-11-28 05:00:00,-1.503364953798057,-1.5369523
2017-11-28 05:10:00,-1.5008204633813362,-1.4699353
2017-11-28 05:20:00,-1.476223724524058,-1.4999928
2017-11-28 05:30:00,-1.371899627086373,-1.4589217
2017-11-28 05:40:00,-1.3286432927586542,-1.3236945
2017-11-28 05:50:00,-1.3829257513066517,-1.3068383
2017-11-28 06:00:00,-1.3778367704732106,-1.3751547
2017-11-28 06:10:00,-1.340517580910595,-1.3441026
2017-11-28 06:20:00,-1.355784522032653,-1.3158935
2017-11-28 06:30:00,-1.4168522865208846,-1.3564347
2017-11-28 06:40:00,-1.47707188845572,-1.4341171
2017-11-28 06:50:00,-1.5355951625272308,-1.4916283
2017-11-28 07:00:00,-1.4389045349614422,-1.5248895
2017-11-28 07:10:00,-1.40073718284543,-1.3518124
2017-11-28 07:20:00,-1.3388212544255367,-1.3601192
2017-11-28 07:30:00,-1.2879314502259214,-1.3092366
2017-11-28 07:40:00,-1.2828424693924807,-1.2598438
2017-11-28 07:50:00,-1.2836906333241427,-1.2516471
2017-11-28 08:00:00,-1.2039632733654704,-1.2412577
2017-11-28 08:10:00,-1.0886130503292413,-1.13906
2017-11-28 08:20:00,-1.0504456968349636,-1.0446653
2017-11-28 08:30:00,-0.9953150757335696,-1.0226171
2017-11-28 08:40:00,-0.9401844546321755,-0.9610919
2017-11-28 08:50:00,-0.8468864814147694,-0.9082185
2017-11-28 09:00:00,-0.7900595338283172,-0.8160576
2017-11-28 09:10:00,-0.748499525985657,-0.7445891
2017-11-28 09:20:00,-0.7756407552596558,-0.7048751
2017-11-28 09:30:00,-0.6882799254290873,-0.7221627
2017-11-28 09:40:00,-0.583107662681475,-0.6400396
2017-11-28 09:50:00,-0.5101656100413022,-0.5334517
2017-11-28 10:00:00,-0.48811336160074464,-0.4550277
2017-11-28 10:10:00,-0.4524904999014531,-0.42031354
2017-11-28 10:20:00,-0.4228047802107342,-0.4004058
2017-11-28 10:30:00,-0.3176325188413869,-0.3826406
2017-11-28 10:40:00,-0.3201770092581075,-0.28840625
2017-11-28 10:50:00,-0.2786170014154474,-0.29212856
2017-11-28 11:00:00,-0.23705699495105279,-0.2495477
2017-11-28 11:10:00,-0.21330842002543696,-0.1945304
2017-11-28 11:20:00,-0.17768555694787994,-0.17834416
2017-11-28 11:30:00,-0.14121453131692605,-0.15106024
2017-11-28 11:40:00,-0.09965452485253146,-0.11701509
2017-11-28 11:50:00,-0.12001044542976533,-0.076601274
2017-11-28 12:00:00,-0.13612555048348535,-0.09213877
2017-11-28 12:10:00,-0.06827247867675379,-0.09178378
2017-11-28 12:20:00,-0.08353941979881144,-0.035974585
2017-11-28 12:30:00,-0.09795819698920771,-0.056502897
2017-11-28 12:40:00,-0.04452390375113744,-0.07808224
2017-11-28 12:50:00,0.025025495918917347,-0.034715153
2017-11-28 13:00:00,0.04877407084453369,0.035920326
2017-11-28 13:10:00,0.041988763526034735,0.07747117
2017-11-28 13:20:00,0.013151207766977178,0.058172446
2017-11-28 13:30:00,-0.03773859643263799,0.01747334
2017-11-28 13:40:00,-0.13103656965004412,-0.03979803
2017-11-28 13:50:00,-0.21076392960871634,-0.13241291
2017-11-28 14:00:00,-0.2200937273439364,-0.20414391
2017-11-28 14:10:00,-0.22942352507915648,-0.19913898
2017-11-28 14:20:00,-0.24723495661793524,-0.21666922
2017-11-28 14:30:00,-0.25147577351971406,-0.2451788
2017-11-28 14:40:00,-0.2480831191713316,-0.25755188
2017-11-28 14:50:00,-0.23620883239765642,-0.25905362
2017-11-28 15:00:00,-0.21415658395709883,-0.24531868
2017-11-28 15:10:00,-0.16750759665926301,-0.20923246
2017-11-28 15:20:00,-0.19380066200159946,-0.168475
2017-11-28 15:30:00,-0.20058596932009942,-0.21208794
2017-11-28 15:40:00,-0.206523112706937,-0.22398043
2017-11-28 15:50:00,-0.1785337208795418,-0.22383144
2017-11-28 16:00:00,-0.20228229580515816,-0.19146942
2017-11-28 16:10:00,-0.22518270817737762,-0.20373209
2017-11-28 16:20:00,-0.2014341318734958,-0.23418732
2017-11-28 16:30:00,-0.22348638031405338,-0.2143831
2017-11-28 16:40:00,-0.0818430933137532,-0.23705511
2017-11-28 16:50:00,-0.013141857575359272,-0.06229685
2017-11-28 17:00:00,0.10051203897581122,0.040241018
2017-11-28 17:10:00,0.3337569740867238,0.27158666
2017-11-28 17:20:00,0.7137341784096443,0.6348672
2017-11-28 17:30:00,0.972424014931233,1.0067658
2017-11-28 17:40:00,1.0453660675714058,1.1206694
2017-11-28 17:50:00,1.1004966886727998,1.0745732
2017-11-28 18:00:00,1.0546958653066258,1.1217316
2017-11-28 18:10:00,1.0114395323571719,1.1205906
2017-11-28 18:20:00,1.0055023875920694,1.0622811
2017-11-28 18:30:00,1.0080468780087894,1.0546849
2017-11-28 18:40:00,1.0122876949105692,1.0418639
2017-11-28 18:50:00,0.9927799368867318,1.0315554
2017-11-28 19:00:00,0.972424014931233,1.003499
2017-11-28 19:10:00,0.9647905450593366,0.9911547
2017-11-28 19:20:00,0.9622460546426155,0.97402406
2017-11-28 19:30:00,0.8994819622910601,0.95583165
2017-11-28 19:40:00,0.8655554270768274,0.8675901
2017-11-28 19:50:00,0.8825186946839438,0.8313556
2017-11-28 20:00:00,0.862162772728445,0.8662985
2017-11-28 20:10:00,0.8502884859547698,0.88141024
2017-11-28 20:20:00,0.8613146101750486,0.87890255
2017-11-28 20:30:00,0.7671684716477146,0.88675725
2017-11-28 20:40:00,0.7035562167427629,0.7568332
2017-11-28 20:50:00,0.6602998837933091,0.6972926
2017-11-28 21:00:00,0.5805725238346373,0.65697026
2017-11-28 21:10:00,0.5576721114624174,0.5671654
2017-11-28 21:20:00,0.5288345557033598,0.54121906
2017-11-28 21:30:00,0.5254419027332433,0.50899583
2017-11-28 21:40:00,0.4363847450393505,0.5080448
2017-11-28 21:50:00,0.3592018754973989,0.4157785
2017-11-28 22:00:00,0.2709928817351685,0.29822826
2017-11-28 22:10:00,0.18023939755621796,0.22266592
2017-11-28 22:20:00,0.12765326687154405,0.13873401
2017-11-28 22:30:00,0.02417733198725598,0.09752604
2017-11-28 22:40:00,-0.06657615219169505,-0.043609478
2017-11-28 22:50:00,-0.1870153546831,-0.110513255
2017-11-28 23:00:00,-0.2743761845136686,-0.2386204
2017-11-28 23:10:00,-0.36937048559439845,-0.30107686
2017-11-28 23:20:00,-0.4719982579252901,-0.41077214
2017-11-28 23:30:00,-0.5406994936636835,-0.5177193
2017-11-28 23:40:00,-0.6212750161757526,-0.5976914
2017-11-28 23:50:00,-0.7026987026194831,-0.66989076
2017-11-29 00:00:00,-0.8536717887332693,-0.74573064
2017-11-29 00:10:00,-0.9257656774417797,-0.88195807
2017-11-29 00:20:00,-0.9953150757335696,-1.0400482
2017-11-29 00:30:00,-1.0385714100612884,-1.0987995
2017-11-29 00:40:00,-1.1123616252548576,-1.1178478
2017-11-29 00:50:00,-1.150528978749135,-1.1790438
2017-11-29 01:00:00,-1.205659599850529,-1.200415
2017-11-29 01:10:00,-1.261638384883585,-1.2408247
2017-11-29 01:20:00,-1.321009822886758,-1.3043032
2017-11-29 01:30:00,-1.3574808485177117,-1.3707592
2017-11-29 01:40:00,-1.3583290124493737,-1.3929107
2017-11-29 01:50:00,-1.3769886065415489,-1.3881204
2017-11-29 02:00:00,-1.411763307065709,-1.3921504
2017-11-29 02:10:00,-1.4278784107411635,-1.420133
2017-11-29 02:20:00,-1.4584122929852792,-1.4487079
2017-11-29 02:30:00,-1.4601086208486034,-1.4854081
2017-11-29 02:40:00,-1.4397526988931042,-1.4849899
2017-11-29 02:50:00,-1.457564130431883,-1.453237
2017-11-29 03:00:00,-1.4796163788724406,-1.4708381
2017-11-29 03:10:00,-1.4999723008279393,-1.484319
2017-11-29 03:20:00,-1.492338829577778,-1.5199873
2017-11-29 03:30:00,-1.521176385336835,-1.5152206
2017-11-29 03:40:00,-1.532202509557114,-1.5508921
2017-11-29 03:50:00,-1.5830923137567285,-1.5343114
2017-11-29 04:00:00,-1.5847886402417872,-1.6019908
2017-11-29 04:10:00,-1.5788514968549496,-1.5802805
2017-11-29 04:20:00,-1.561040065316171,-1.5929357
2017-11-29 04:30:00,-1.5551029219293333,-1.5758388
2017-11-29 04:40:00,-1.5695216991197296,-1.5582341
2017-11-29 04:50:00,-1.5508621050275544,-1.5755583
2017-11-29 05:00:00,-1.5228727118218939,-1.5329387
2017-11-29 05:10:00,-1.5237208757535556,-1.501438
2017-11-29 05:20:00,-1.4999723008279393,-1.5258653
2017-11-29 05:30:00,-1.4058261623006059,-1.4941596
2017-11-29 05:40:00,-1.3617216654194906,-1.3665518
2017-11-29 05:50:00,-1.371899627086373,-1.3272347
2017-11-29 06:00:00,-1.366810646252932,-1.3591304
2017-11-29 06:10:00,-1.3074392082497586,-1.3423854
2017-11-29 06:20:00,-1.3125281890831997,-1.2783387
2017-11-29 06:30:00,-1.345606561744036,-1.316068
2017-11-29 06:40:00,-1.3973445284970476,-1.3562312
2017-11-29 06:50:00,-1.47707188845572,-1.4097393
2017-11-29 07:00:00,-1.4431453518632216,-1.4832246
2017-11-29 07:10:00,-1.431271065089546,-1.3924263
2017-11-29 07:20:00,-1.4236375938393846,-1.403855
2017-11-29 07:30:00,-1.3888628946934893,-1.4010884
2017-11-29 07:40:00,-1.3880147307618276,-1.3580422
2017-11-29 07:50:00,-1.3685069727379906,-1.3576324
2017-11-29 08:00:00,-1.236193482094645,-1.330291
2017-11-29 08:10:00,-1.1395028545288564,-1.1675551
2017-11-29 08:20:00,-1.09963917454952,-1.1060857
2017-11-29 08:30:00,-1.040267736546347,-1.0783507
2017-11-29 08:40:00,-0.9647811934894538,-1.0122508
2017-11-29 08:50:00,-0.7476513634322601,-0.9374841
2017-11-29 09:00:00,-0.6942170688159249,-0.73093605
2017-11-29 09:10:00,-0.6297566499793108,-0.6666806
2017-11-29 09:20:00,-0.5669925590060205,-0.60521394
2017-11-29 09:30:00,-0.5110137739729647,-0.5436971
2017-11-29 09:40:00,-0.47284642047868697,-0.48511752
2017-11-29 09:50:00,-0.46097213370501133,-0.44244397
2017-11-29 10:00:00,-0.398208041353456,-0.42241699
2017-11-29 10:10:00,-0.3371402768652239,-0.35083392
2017-11-29 10:20:00,-0.26335006029338975,-0.2971119
2017-11-29 10:30:00,-0.2650463881567135,-0.23354055
2017-11-29 10:40:00,-0.16665943272760114,-0.223875
2017-11-29 10:50:00,-0.12679575274826477,-0.13233191
2017-11-29 11:00:00,-0.062335335289916194,-0.07820597
2017-11-29 11:10:00,0.0318108032374173,0.0054746717
2017-11-29 11:20:00,0.07506713618687115,0.09636924
2017-11-29 11:30:00,0.10475285587759008,0.13783862
2017-11-29 11:40:00,0.1395275550234852,0.15595739
2017-11-29 11:50:00,0.18278388797293807,0.17868556
2017-11-29 12:00:00,0.1488573527587053,0.22152774
2017-11-29 12:10:00,0.31340105213122493,0.2027951
2017-11-29 12:20:00,0.37022799971767767,0.35034752
2017-11-29 12:30:00,0.37955779745289775,0.3946393
2017-11-29 12:40:00,0.3592018754973989,0.37852222
2017-11-29 12:50:00,0.3558092225272814,0.34660512
2017-11-29 13:00:00,0.3473275887237237,0.34359238
2017-11-29 13:10:00,0.3498720791404438,0.34339893
2017-11-29 13:20:00,0.3422386078902825,0.3353794
2017-11-29 13:30:00,0.2981341110091673,0.31842345
2017-11-29 13:40:00,0.2396108369376558,0.2775187
2017-11-29 13:50:00,0.18787286880637927,0.22178166
2017-11-29 14:00:00,0.09457489421070764,0.1709962
2017-11-29 14:10:00,0.014847534252035919,0.095883965
2017-11-29 14:20:00,0.03605162013919615,0.023003198
2017-11-29 14:30:00,-0.0038120598401392117,0.044463623
2017-11-29 14:40:00,-0.016534510545476756,0.0013749525
2017-11-29 14:50:00,-0.002963895908477847,-0.01711277
2017-11-29 15:00:00,-0.05809451700987136,-0.0056646187
2017-11-29 15:10:00,-0.06657615219169505,-0.051010665
2017-11-29 15:20:00,-0.03264961559919677,-0.06622057
2017-11-29 15:30:00,-0.012293693643697909,-0.036245294
2017-11-29 15:40:00,-0.04028308684935859,-0.009358945
2017-11-29 15:50:00,0.004669573963418482,-0.04431737
2017-11-29 16:00:00,0.0843969339220912,0.007766206
2017-11-29 16:10:00,0.13019775728826516,0.11441226
2017-11-29 16:20:00,0.14461653585692644,0.15773441
2017-11-29 16:30:00,0.14461653585692644,0.15432194
2017-11-29 16:40:00,0.22434389443733316,0.13732499
2017-11-29 16:50:00,0.29389329410738846,0.23125581
2017-11-29 17:00:00,0.35241656817889894,0.32805085
2017-11-29 17:10:00,0.4864263866855693,0.48044035
2017-11-29 17:20:00,0.9181415577615003,0.7288222
2017-11-29 17:30:00,1.1386640421670764,1.2406902
2017-11-29 17:40:00,1.1878575198816328,1.3130267
2017-11-29 17:50:00,1.1878575198816328,1.2171184
2017-11-29 18:00:00,1.1479938399022975,1.2108511
2017-11-29 18:10:00,1.1191562841432399,1.2093697
2017-11-29 18:20:00,1.094559545285961,1.1615039
2017-11-29 18:30:00,1.092015054869241,1.1247573
2017-11-29 18:40:00,1.1157636297948574,1.1191646
2017-11-29 18:50:00,1.0733554593988008,1.1372193
2017-11-29 19:00:00,1.0818370945806246,1.0781474
2017-11-29 19:10:00,1.0775962776788448,1.0980327
2017-11-29 19:20:00,1.0258583095475682,1.0836806
2017-11-29 19:30:00,0.9800574861813943,1.0034641
2017-11-29 19:40:00,0.9257750276333967,0.9459724
2017-11-29 19:50:00,0.8977856358060015,0.8840492
2017-11-29 20:00:00,0.8494403220231074,0.860278
2017-11-29 20:10:00,0.9088117600262803,0.8366647
2017-11-29 20:20:00,0.8876076755173851,0.9152635
2017-11-29 20:30:00,0.8290844000676085,0.8899196
2017-11-29 20:40:00,0.7917652105049933,0.806411
2017-11-29 20:50:00,0.7629276547459357,0.76840913
2017-11-29 21:00:00,0.7137341784096443,0.748212
2017-11-29 21:10:00,0.657755393376589,0.714746
2017-11-29 21:20:00,0.5593684393257411,0.63352823
2017-11-29 21:30:00,0.47031128163184927,0.51903653
2017-11-29 21:40:00,0.35496105859562005,0.42765528
2017-11-29 21:50:00,0.30746390874438734,0.28876558
2017-11-29 22:00:00,0.1929618496398205,0.22508653
2017-11-29 22:10:00,0.14376837192526407,0.11496039
2017-11-29 22:20:00,0.06149652154987123,0.07856317
2017-11-29 22:30:00,-0.002963895908477847,0.00043563917
2017-11-29 22:40:00,-0.11068064907281025,-0.06239396
2017-11-29 22:50:00,-0.18107821129626242,-0.18215136
2017-11-29 23:00:00,-0.31254353800794615,-0.23569115
2017-11-29 23:10:00,-0.407537839088676,-0.37291795
2017-11-29 23:20:00,-0.49150601594912713,-0.45269686
2017-11-29 23:30:00,-0.6000709316668569,-0.53440773
2017-11-29 23:40:00,-0.7281436054084232,-0.6643567
2017-11-29 23:50:00,-0.8231379064891535,-0.8099727
2017-11-30 00:00:00,-0.8850538335307815,-0.8873408
2017-11-30 00:10:00,-0.9495142523673961,-0.9123794
2017-11-30 00:20:00,-0.9876816058616732,-1.0800126
2017-11-30 00:30:00,-1.0623199849869047,-1.099945
2017-11-30 00:40:00,-1.1293248942402394,-1.168702
2017-11-30 00:50:00,-1.1844555153416334,-1.1950197
2017-11-30 01:00:00,-1.2141412336540873,-1.2355654
2017-11-30 01:10:00,-1.2565494040501437,-1.2414267
2017-11-30 01:20:00,-1.2870832862942596,-1.2835723
2017-11-30 01:30:00,-1.310831861219876,-1.3171799
2017-11-30 01:40:00,-1.3498473786458154,-1.334074
2017-11-30 01:50:00,-1.3506955411992119,-1.3690133
2017-11-30 02:00:00,-1.3939518755269307,-1.3640964
2017-11-30 02:10:00,-1.4253339203244428,-1.4032031
2017-11-30 02:20:00,-1.455867803946824,-1.4453975
2017-11-30 02:30:00,-1.473679235485603,-1.4866375
2017-11-30 02:40:00,-1.4745273980389992,-1.491689
2017-11-30 02:50:00,-1.4685902546521616,-1.4864725
2017-11-30 03:00:00,-1.5194800588517763,-1.4837128
2017-11-30 03:10:00,-1.5186318949201145,-1.5284711
2017-11-30 03:20:00,-1.5364433264588933,-1.525232
2017-11-30 03:30:00,-1.5551029219293333,-1.5562074
2017-11-30 03:40:00,-1.5830923137567285,-1.5506214
2017-11-30 03:50:00,-1.558495574899451,-1.5886751
2017-11-30 04:00:00,-1.548317614610834,-1.5524313
2017-11-30 04:10:00,-1.5542547579976715,-1.5376995
2017-11-30 04:20:00,-1.5822441498250666,-1.5630511
2017-11-30 04:30:00,-1.5355951625272308,-1.5895208
2017-11-30 04:40:00,-1.5050612802831151,-1.5160935
2017-11-30 04:50:00,-1.4643494377503823,-1.500628
2017-11-30 05:00:00,-1.4516269870450453,-1.4395006
2017-11-30 05:10:00,-1.4422971893098246,-1.4183791
2017-11-30 05:20:00,-1.476223724524058,-1.4294488
2017-11-30 05:30:00,-1.3880147307618276,-1.4693297
2017-11-30 05:40:00,-1.284538795877539,-1.3150761
2017-11-30 05:50:00,-1.3159208420533173,-1.2365974
2017-11-30 06:00:00,-1.355784522032653,-1.3174329
2017-11-30 06:10:00,-1.3277951302052577,-1.3182013
2017-11-30 06:20:00,-1.3227061493718166,-1.2876369
2017-11-30 06:30:00,-1.3829257513066517,-1.3005637
2017-11-30 06:40:00,-1.449930659181721,-1.3783975
2017-11-30 06:50:00,-1.583940477688391,-1.4414406
2017-11-30 07:00:00,-1.5135429140866732,-1.5745683
2017-11-30 07:10:00,-1.4601086208486034,-1.4027681
2017-11-30 07:20:00,-1.4160041239674883,-1.4016259
2017-11-30 07:30:00,-1.3964963659436513,-1.3655418
2017-11-30 07:40:00,-1.371899627086373,-1.34109
2017-11-30 07:50:00,-1.336276764008816,-1.3137326
2017-11-30 08:00:00,-1.242130626859748,-1.2653668
2017-11-30 08:10:00,-1.1284767303085774,-1.1520419
2017-11-30 08:20:00,-1.080131416525683,-1.0661975
2017-11-30 08:30:00,-1.01397467120401,-1.0359265
2017-11-30 08:40:00,-0.9486660898139992,-0.96454334
2017-11-30 08:50:00,-0.8850538335307815,-0.901983
2017-11-30 09:00:00,-0.7917558603133754,-0.8391338
2017-11-30 09:10:00,-0.7629183045543183,-0.7377404
2017-11-30 09:20:00,-0.6687721674052504,-0.71265686
2017-11-30 09:30:00,-0.5924374604166951,-0.6281316
2017-11-30 09:40:00,-0.5500292900206386,-0.55628264
2017-11-30 09:50:00,-0.5220398981932434,-0.51106346
2017-11-30 10:00:00,-0.4804798917288483,-0.47763878
2017-11-30 10:10:00,-0.3803966098146772,-0.41939312
2017-11-30 10:20:00,-0.3337476225168414,-0.3366391
2017-11-30 10:30:00,-0.3345957864485038,-0.2912323
2017-11-30 10:40:00,-0.33883660335028265,-0.28232497
2017-11-30 10:50:00,-0.29049128956738857,-0.27466992
2017-11-30 11:00:00,-0.24384230226955275,-0.23050322
2017-11-30 11:10:00,-0.19040800765321697,-0.16893356
2017-11-30 11:20:00,-0.18871168116815873,-0.123747915
2017-11-30 11:30:00,-0.18531902819804127,-0.12459831
2017-11-30 11:40:00,-0.17768555694787994,-0.1261352
2017-11-30 11:50:00,-0.20482678622187825,-0.12054895
2017-11-30 12:00:00,-0.1590259628557048,-0.15238166
2017-11-30 12:10:00,-0.09626187050414897,-0.0959474
2017-11-30 12:20:00,-0.030105125182476163,-0.03956172
2017-11-30 12:30:00,-0.041979413334416835,0.015333787
2017-11-30 12:40:00,-0.04113124940275496,-0.0027210526
2017-11-30 12:50:00,0.006365900448477223,-0.011632827
2017-11-30 13:00:00,-0.005508386325197952,0.03407002
2017-11-30 13:10:00,-0.008052876741919061,0.038738962
2017-11-30 13:20:00,-0.03943492291769623,0.027118303
2017-11-30 13:30:00,-0.05555002797141624,-0.015578398
2017-11-30 13:40:00,-0.11831411894470659,-0.03772963
2017-11-30 13:50:00,-0.1454553482187054,-0.10164243
2017-11-30 14:00:00,-0.19040800765321697,-0.13469523
2017-11-30 14:10:00,-0.17090024962938,-0.1704076
2017-11-30 14:20:00,-0.1564814724389842,-0.16206945
2017-11-30 14:30:00,-0.15987412540910118,-0.15773094
2017-11-30 14:40:00,-0.14969616512048425,-0.17232077
2017-11-30 14:50:00,-0.15987412540910118,-0.16729975
2017-11-30 15:00:00,-0.17429290397776245,-0.18791293
2017-11-30 15:10:00,-0.1649631062425424,-0.18919192
2017-11-30 15:20:00,-0.20567495015354062,-0.19359006
2017-11-30 15:30:00,-0.19125617158487934,-0.23927143
2017-11-30 15:40:00,-0.21246025609377459,-0.22524555
2017-11-30 15:50:00,-0.24893128310299348,-0.24938421
2017-11-30 16:00:00,-0.2837059822488886,-0.28618714
2017-11-30 16:10:00,-0.2565647529748898,-0.30499434
2017-11-30 16:20:00,-0.26335006029338975,-0.27850592
2017-11-30 16:30:00,-0.2540202639364347,-0.2815507
2017-11-30 16:40:00,-0.16326677975748366,-0.26551655
2017-11-30 16:50:00,-0.07845043896537073,-0.15851961
2017-11-30 17:00:00,0.05047039732959243,-0.04370289
2017-11-30 17:10:00,0.3040712543960049,0.19798155
2017-11-30 17:20:00,0.7332419364334818,0.6335993
2017-11-30 17:30:00,0.9223823746632802,1.023739
2017-11-30 17:40:00,0.9647905450593366,1.0126504
2017-11-30 17:50:00,1.0080468780087894,0.9344187
2017-11-30 18:00:00,1.0055023875920694,1.013701
2017-11-30 18:10:00,0.9944762633717906,1.0654893
2017-11-30 18:20:00,0.9647905450593366,1.0596853
2017-11-30 18:30:00,0.9113562504430014,1.0273777
2017-11-30 18:40:00,0.9308640084668378,0.95742816
2017-11-30 18:50:00,0.926623191565059,0.97164226
2017-11-30 19:00:00,0.9283195180501178,0.9521754
2017-11-30 19:10:00,0.9384974797170001,0.95774406
2017-11-30 19:20:00,0.9088117600262803,0.95577085
2017-11-30 19:30:00,0.8587701197583275,0.89896894
2017-11-30 19:40:00,0.8239954206124324,0.8320967
2017-11-30 19:50:00,0.8290844000676085,0.80151284
2017-11-30 20:00:00,0.7977023538918309,0.8242126
2017-11-30 20:10:00,0.8451995051213286,0.81473625
2017-11-30 20:20:00,0.8248435831658297,0.89560026
2017-11-30 20:30:00,0.8146656228772122,0.84417623
2017-11-30 20:40:00,0.7646239812309945,0.8039038
2017-11-30 20:50:00,0.7120378505463205,0.74809515
2017-11-30 21:00:00,0.6679333536652053,0.7087482
2017-11-30 21:10:00,0.5941431384716362,0.6840069
2017-11-30 21:20:00,0.5237455762481845,0.5962269
2017-11-30 21:30:00,0.47964107936706935,0.50837153
2017-11-30 21:40:00,0.4083953532119553,0.4555351
2017-11-30 21:50:00,0.3922802481582353,0.36128384
2017-11-30 22:00:00,0.30237492791094617,0.33740103
2017-11-30 22:10:00,0.27353737215188956,0.26261872
2017-11-30 22:20:00,0.21416593414871574,0.25432014
2017-11-30 22:30:00,0.11662714265126524,0.17594887
2017-11-30 22:40:00,0.07930795308864999,0.051487055
2017-11-30 22:50:00,-0.0004194068700227325,0.01710834
2017-11-30 23:00:00,-0.12255493584648593,-0.05561882
2017-11-30 23:10:00,-0.22179005382899514,-0.18104534
2017-11-30 23:20:00,-0.32441782615988685,-0.29263347
2017-11-30 23:30:00,-0.4228047802107342,-0.39462346
2017-11-30 23:40:00,-0.5110137739729647,-0.5012851
2017-11-30 23:50:00,-0.6026154220835775,-0.5913325
2017-12-01 00:00:00,-0.7272115919368625,-0.6773442
2017-12-01 00:10:00,-0.8194453319141206,-0.8379817
2017-12-01 00:20:00,-0.8974247645046486,-0.9303229
2017-12-01 00:30:00,-0.9745657099657837,-0.9924468
2017-12-01 00:40:00,-1.058414563488189,-1.0578752
2017-12-01 00:50:00,-1.1137548063719311,-1.1275333
2017-12-01 01:00:00,-1.1766414472028677,-1.1612766
2017-12-01 01:10:00,-1.2034730794479473,-1.2061337
2017-12-01 01:20:00,-1.2839679789397174,-1.2343245
2017-12-01 01:30:00,-1.335115779285166,-1.3446755
2017-12-01 01:40:00,-1.3837481141076382,-1.3856142
2017-12-01 01:50:00,-1.432380448930111,-1.4242963
2017-12-01 02:00:00,-1.4541811515075034,-1.4513327
2017-12-01 02:10:00,-1.4592120825534558,-1.4642516
2017-12-01 02:20:00,-1.4759818527066308,-1.4754792
2017-12-01 02:30:00,-1.506167440360611,-1.509776
2017-12-01 02:40:00,-1.5262911659226863,-1.5367477
2017-12-01 02:50:00,-1.5254526774150274,-1.5457704
2017-12-01 03:00:00,-1.5464148901064956,-1.5330033
2017-12-01 03:10:00,-1.5455764015988374,-1.5579655
2017-12-01 03:20:00,-1.5539612866754244,-1.56287
2017-12-01 03:30:00,-1.561507683244353,-1.5800405
2017-12-01 03:40:00,-1.573246523729841,-1.579239
2017-12-01 03:50:00,-1.5673771041762299,-1.5787723
2017-12-01 04:00:00,-1.5690540811915474,-1.5747751
2017-12-01 04:10:00,-1.579115943283452,-1.5651782
2017-12-01 04:20:00,-1.5690540811915474,-1.5893824
2017-12-01 04:30:00,-1.5849853628370631,-1.5785354
2017-12-01 04:40:00,-1.590016293883016,-1.5910876
2017-12-01 04:50:00,-1.585823851344722,-1.586164
2017-12-01 05:00:00,-1.5942087364213096,-1.5719402
2017-12-01 05:10:00,-1.6076245525438495,-1.5849643
2017-12-01 05:20:00,-1.592531759405992,-1.6136215
2017-12-01 05:30:00,-1.562346171752012,-1.592526
2017-12-01 05:40:00,-1.4852052276691423,-1.5403749
2017-12-01 05:50:00,-1.533837562491615,-1.4370037
2017-12-01 06:00:00,-1.536353028014591,-1.539439
2017-12-01 06:10:00,-1.4885591816997774,-1.5152228
2017-12-01 06:20:00,-1.535514539506932,-1.4781222
2017-12-01 06:30:00,-1.6067860640361906,-1.5690255
2017-12-01 06:40:00,-1.7535215583895323,-1.6474235
2017-12-01 06:50:00,-1.9203807769266832,-1.8238473
2017-12-01 07:00:00,-1.9958447439942353,-1.9744703
2017-12-01 07:10:00,-2.0352537052324617,-1.9994478
2017-12-01 07:20:00,-2.0243533546328982,-2.0554683
2017-12-01 07:30:00,-1.984105904887013,-2.0136375
2017-12-01 07:40:00,-1.9413429896181518,-1.940556
2017-12-01 07:50:00,-1.9321196160339056,-1.879399
2017-12-01 08:00:00,-1.8767793731501632,-1.8841832
2017-12-01 08:10:00,-1.806346335750298,-1.8173828
2017-12-01 08:20:00,-1.7728067940656833,-1.7607116
2017-12-01 08:30:00,-1.696504337112207,-1.7284726
2017-12-01 08:40:00,-1.6587723542675636,-1.639363
2017-12-01 08:50:00,-1.6093015295591666,-1.6000142
2017-12-01 09:00:00,-1.5346760509992734,-1.5422448
2017-12-01 09:10:00,-1.4432808009079399,-1.463136
2017-12-01 09:20:00,-1.382071137092321,-1.3862362
2017-12-01 09:30:00,-1.2739061168478125,-1.3371558
2017-12-01 09:40:00,-1.1514867905948398,-1.2249446
2017-12-01 09:50:00,-1.0617685175188236,-1.1141713
2017-12-01 10:00:00,-0.9946894355278592,-1.032728
2017-12-01 10:10:00,-0.9837890835500301,-0.95763266
2017-12-01 10:20:00,-0.9460570993271213,-0.95527565
2017-12-01 10:30:00,-0.8907168564433792,-0.91834855
2017-12-01 10:40:00,-0.8378920790826129,-0.8662617
2017-12-01 10:50:00,-0.8093834684439499,-0.8145406
2017-12-01 11:00:00,-0.7607511336214777,-0.7832556
2017-12-01 11:10:00,-0.709603333276029,-0.725117
2017-12-01 11:20:00,-0.6810947226373666,-0.6862891
2017-12-01 11:30:00,-0.6634864639765331,-0.66467386
2017-12-01 11:40:00,-0.5762836564234928,-0.64989793
2017-12-01 11:50:00,-0.5813145874694456,-0.572573
2017-12-01 12:00:00,-0.6064692440774734,-0.56987965
2017-12-01 12:10:00,-0.6492321593463345,-0.58207405
2017-12-01 12:20:00,-0.6685173950224855,-0.628782
2017-12-01 12:30:00,-0.7146342643219813,-0.65684354
2017-12-01 12:40:00,-0.7112803102913466,-0.7040048
2017-12-01 12:50:00,-0.6710328605454614,-0.70736635
2017-12-01 13:00:00,-0.6207235487076715,-0.6705136
2017-12-01 13:10:00,-0.586345518515398,-0.6117465
2017-12-01 13:20:00,-0.5519674897013894,-0.59177166
2017-12-01 13:30:00,-0.5804760989617869,-0.5693432
2017-12-01 13:40:00,-0.586345518515398,-0.59957767
2017-12-01 13:50:00,-0.6115001751234257,-0.6063715
2017-12-01 14:00:00,-0.6643249524841914,-0.6270168
2017-12-01 14:10:00,-0.6970260056611479,-0.6662329
2017-12-01 14:20:00,-0.7154727528296402,-0.7076647
2017-12-01 14:30:00,-0.763266599144454,-0.73141074
2017-12-01 14:40:00,-0.7741669511222831,-0.77779824
2017-12-01 14:50:00,-0.8018370718750217,-0.78993475
2017-12-01 15:00:00,-0.8496309181898352,-0.8147602
2017-12-01 15:10:00,-0.8311841710213429,-0.85512894
2017-12-01 15:20:00,-0.8462769641592004,-0.84780014
2017-12-01 15:30:00,-0.8429230101285652,-0.86536205
2017-12-01 15:40:00,-0.8789780173361563,-0.8629427
2017-12-01 15:50:00,-0.8982632530123074,-0.8958576
2017-12-01 16:00:00,-0.9049711624518428,-0.9068608
2017-12-01 16:10:00,-0.910840582005454,-0.8997138
2017-12-01 16:20:00,-0.893232321966355,-0.9089975
2017-12-01 16:30:00,-0.8412460331132475,-0.8944279
2017-12-01 16:40:00,-0.7590741566061601,-0.8324954
2017-12-01 16:50:00,-0.7272115919368625,-0.725211
2017-12-01 17:00:00,-0.5720912138851992,-0.6615793
2017-12-01 17:10:00,-0.359115126048552,-0.39245874
2017-12-01 17:20:00,0.03413599644778664,-0.099332824
2017-12-01 17:30:00,0.26388185443760853,0.24607243
2017-12-01 17:40:00,0.318383608813692,0.38820884
2017-12-01 17:50:00,0.32760698239793884,0.35153192
2017-12-01 18:00:00,0.35695408154426006,0.34508252
2017-12-01 18:10:00,0.3695314091591411,0.40636528
2017-12-01 18:20:00,0.34269977691406134,0.40305236
2017-12-01 18:30:00,0.3594695470672365,0.36308414
2017-12-01 18:40:00,0.37875478412165203,0.38550225
2017-12-01 18:50:00,0.3502461734829896,0.3947217
2017-12-01 19:00:00,0.3351533803451321,0.36078715
2017-12-01 19:10:00,0.3502461734829896,0.3732497
2017-12-01 19:20:00,0.3510846619906484,0.39366424
2017-12-01 19:30:00,0.3468922194523554,0.37926054
2017-12-01 19:40:00,0.30496779269115204,0.36916864
2017-12-01 19:50:00,0.3083217467217873,0.3247444
2017-12-01 20:00:00,0.28484406712907673,0.33967865
2017-12-01 20:10:00,0.35360012751362485,0.33621225
2017-12-01 20:20:00,0.37875478412165203,0.4364966
2017-12-01 20:30:00,0.37204687468211656,0.4414395
2017-12-01 20:40:00,0.34269977691406134,0.4138004
2017-12-01 20:50:00,0.3167066317983743,0.36720186
2017-12-01 21:00:00,0.2856825556367355,0.3359033
2017-12-01 21:10:00,0.26639731996058497,0.32398325
2017-12-01 21:20:00,0.26388185443760853,0.3031823
2017-12-01 21:30:00,0.188417885991791,0.29700822
2017-12-01 21:40:00,0.11714636146253246,0.18032639
2017-12-01 21:50:00,0.08779926231621124,0.08959408
2017-12-01 22:00:00,0.05342123212393719,0.060019884
2017-12-01 22:10:00,0.007304362824440846,0.047698427
2017-12-01 22:20:00,-0.05390529961291201,-0.008039307
2017-12-01 22:30:00,-0.09582972637411483,-0.07097857
2017-12-01 22:40:00,-0.14949299224253942,-0.10973972
2017-12-01 22:50:00,-0.266042898941901,-0.1805222
2017-12-01 23:00:00,-0.3197061648103256,-0.32816014
2017-12-01 23:10:00,-0.359115126048552,-0.36230576
2017-12-01 23:20:00,-0.42619420941778197,-0.40034798
2017-12-01 23:30:00,-0.5460980687695128,-0.497032
2017-12-01 23:40:00,-0.6668404180071679,-0.64369875
2017-12-01 23:50:00,-0.7397889209300095,-0.7564844
2017-12-02 00:00:00,-0.8370535905749541,-0.8220749
2017-12-02 00:10:00,-0.9250948866356526,-0.87999666
2017-12-02 00:20:00,-1.0198440907576214,-1.0570554
2017-12-02 00:30:00,-1.1036929442800265,-1.1328206
2017-12-02 00:40:00,-1.1732874931722328,-1.1858656
2017-12-02 00:50:00,-1.2361741326249038,-1.2344409
2017-12-02 01:00:00,-1.2671982087865425,-1.2778933
2017-12-02 01:10:00,-1.31247658957838,-1.2886902
2017-12-02 01:20:00,-1.36278590141617,-1.3543081
2017-12-02 01:30:00,-1.3921330005624912,-1.4014404
2017-12-02 01:40:00,-1.4290264948994758,-1.4324338
2017-12-02 01:50:00,-1.4784973196078723,-1.4555936
2017-12-02 02:00:00,-1.518744767975492,-1.5057006
2017-12-02 02:10:00,-1.5413839590605434,-1.5453665
2017-12-02 02:20:00,-1.5531227981677656,-1.5695963
2017-12-02 02:30:00,-1.593370247913651,-1.5842817
2017-12-02 02:40:00,-1.5757619892528174,-1.629875
2017-12-02 02:50:00,-1.6034321100055555,-1.5898995
2017-12-02 03:00:00,-1.602593621497897,-1.623333
2017-12-02 03:10:00,-1.598401178959603,-1.6111295
2017-12-02 03:20:00,-1.613493973475726,-1.6271622
2017-12-02 03:30:00,-1.6260713010906072,-1.6348467
2017-12-02 03:40:00,-1.627748278105925,-1.6385108
2017-12-02 03:50:00,-1.6352946746748531,-1.6254206
2017-12-02 04:00:00,-1.6503874678127106,-1.6309528
2017-12-02 04:10:00,-1.6738651474054207,-1.6406016
2017-12-02 04:20:00,-1.6864424750203018,-1.678736
2017-12-02 04:30:00,-1.6730266588977618,-1.6941059
2017-12-02 04:40:00,-1.6688342163594683,-1.6648238
2017-12-02 04:50:00,-1.657095377252246,-1.6608443
2017-12-02 05:00:00,-1.6512259563203695,-1.6361332
2017-12-02 05:10:00,-1.6344561861671947,-1.6200063
2017-12-02 05:20:00,-1.636133163182512,-1.6088445
2017-12-02 05:30:00,-1.605109087020873,-1.6299585
2017-12-02 05:40:00,-1.5220987233843923,-1.5712163
2017-12-02 05:50:00,-1.542222447568202,-1.474654
2017-12-02 06:00:00,-1.636133163182512,-1.5431414
2017-12-02 06:10:00,-1.5740850122374996,-1.6392257
2017-12-02 06:20:00,-1.590016293883016,-1.542059
2017-12-02 06:30:00,-1.6847654980049847,-1.6012561
2017-12-02 06:40:00,-1.7535215583895323,-1.7255139
2017-12-02 06:50:00,-1.9153498445024655,-1.7813413
2017-12-02 07:00:00,-1.9581127597713266,-1.9709045
2017-12-02 07:10:00,-2.0293842856788507,-1.9434853
2017-12-02 07:20:00,-2.033576728217144,-2.056197
2017-12-02 07:30:00,-1.9824289278716953,-2.014454
2017-12-02 07:40:00,-1.9664976462261796,-1.9275944
2017-12-02 07:50:00,-1.8960646088263144,-1.9145427
2017-12-02 08:00:00,-1.8164081978422033,-1.8365957
2017-12-02 08:10:00,-1.7778377251116357,-1.7480447
2017-12-02 08:20:00,-1.7325593443197982,-1.7334082
2017-12-02 08:30:00,-1.6327792091518771,-1.6873121
2017-12-02 08:40:00,-1.5606691947366944,-1.5770174
2017-12-02 08:50:00,-1.5179062794678333,-1.5006266
2017-12-02 09:00:00,-1.4374113813543288,-1.4609747
2017-12-02 09:10:00,-1.329246359731555,-1.368742
2017-12-02 09:20:00,-1.2177273854564117,-1.2776194
2017-12-02 09:30:00,-1.1431019055182527,-1.1782367
2017-12-02 09:40:00,-1.10788538681832,-1.1096992
2017-12-02 09:50:00,-0.9829505950423714,-1.0720608
2017-12-02 10:00:00,-0.8655622012136169,-0.94982874
2017-12-02 10:10:00,-0.8412460331132475,-0.83679575
2017-12-02 10:20:00,-0.7758439281376007,-0.8165938
2017-12-02 10:30:00,-0.7372734554070332,-0.75490403
2017-12-02 10:40:00,-0.6970260056611479,-0.715004
2017-12-02 10:50:00,-0.5955688934779093,-0.6735413
2017-12-02 11:00:00,-0.5536444667167071,-0.5811268
2017-12-02 11:10:00,-0.5201049250320918,-0.52278894
2017-12-02 11:20:00,-0.5066891075312864,-0.4940511
2017-12-02 11:30:00,-0.41780932296292944,-0.4838658
2017-12-02 11:40:00,-0.4236787438948061,-0.41011316
2017-12-02 11:50:00,-0.3993625757944372,-0.40841132
2017-12-02 12:00:00,-0.39265466773316726,-0.39008266
2017-12-02 12:10:00,-0.3792388516106273,-0.37280697
2017-12-02 12:20:00,-0.3825928056412621,-0.36954445
2017-12-02 12:30:00,-0.4144553689322942,-0.38049668
2017-12-02 12:40:00,-0.43961002554032186,-0.41663712
2017-12-02 12:50:00,-0.4253557209101232,-0.44264916
2017-12-02 13:00:00,-0.40858594937868303,-0.4307982
2017-12-02 13:10:00,-0.4035550183327307,-0.40240502
2017-12-02 13:20:00,-0.4102629263940007,-0.40745568
2017-12-02 13:30:00,-0.3742079191864095,-0.42211026
2017-12-02 13:40:00,-0.430386651956076,-0.39209822
2017-12-02 13:50:00,-0.5217819020474094,-0.4460247
2017-12-02 14:00:00,-0.47231107871727834,-0.53252923
2017-12-02 14:10:00,-0.4647646821483496,-0.47164288
2017-12-02 14:20:00,-0.4714725902096195,-0.47686356
2017-12-02 14:30:00,-0.5201049250320918,-0.49283442
2017-12-02 14:40:00,-0.5561599322396834,-0.53868353
2017-12-02 14:50:00,-0.5729297023928581,-0.5717615
2017-12-02 15:00:00,-0.6198850602000132,-0.5850399
2017-12-02 15:10:00,-0.5989228475085445,-0.62105465
2017-12-02 15:20:00,-0.603953778554497,-0.60970414
2017-12-02 15:30:00,-0.6307854107995767,-0.61727595
2017-12-02 15:40:00,-0.6349778533378703,-0.6492685
2017-12-02 15:50:00,-0.6240775027383068,-0.64768404
2017-12-02 16:00:00,-0.7020569367071008,-0.6308727
2017-12-02 16:10:00,-0.6886411205845608,-0.7002247
2017-12-02 16:20:00,-0.657617044422922,-0.6895783
2017-12-02 16:30:00,-0.6190465716923544,-0.658787
2017-12-02 16:40:00,-0.545259580261854,-0.59572136
2017-12-02 16:50:00,-0.5410671377235604,-0.49352568
2017-12-02 17:00:00,-0.4681186361789848,-0.4615278
2017-12-02 17:10:00,-0.17884009138886114,-0.2698968
2017-12-02 17:20:00,0.25214301533038624,0.091633484
2017-12-02 17:30:00,0.49111224690445504,0.4553045
2017-12-02 17:40:00,0.512912949481847,0.61608016
2017-12-02 17:50:00,0.5363906276962916,0.56140554
2017-12-02 18:00:00,0.5850229625187644,0.54891557
2017-12-02 18:10:00,0.5707686578885657,0.6373193
2017-12-02 18:20:00,0.564899238334955,0.60110664
2017-12-02 18:30:00,0.5632222613196374,0.58361727
2017-12-02 18:40:00,0.5422600472499033,0.5822991
2017-12-02 18:50:00,0.5313596966503398,0.5586133
2017-12-02 19:00:00,0.5590298187813434,0.5528406
2017-12-02 19:10:00,0.5514834208341491,0.60213464
2017-12-02 19:20:00,0.5799920314728125,0.58534324
2017-12-02 19:30:00,0.5757995889345184,0.6116757
2017-12-02 19:40:00,0.5942463361030103,0.59160316
2017-12-02 19:50:00,0.5749611004268597,0.6169028
2017-12-02 20:00:00,0.547290978295856,0.5883961
2017-12-02 20:10:00,0.5330366736656573,0.5850191
2017-12-02 20:20:00,0.5028510860116774,0.57891345
2017-12-02 20:30:00,0.49278922391977165,0.5352051
2017-12-02 20:40:00,0.4391259580513471,0.5046575
2017-12-02 20:50:00,0.42822560745178356,0.44008073
2017-12-02 21:00:00,0.3519231504983072,0.44608468
2017-12-02 21:10:00,0.32760698239793884,0.36890674
2017-12-02 21:20:00,0.3116757007524225,0.35375172
2017-12-02 21:30:00,0.2588509233916557,0.32146043
2017-12-02 21:40:00,0.2437581302537992,0.24227197
2017-12-02 21:50:00,0.2160880081227946,0.2359436
2017-12-02 22:00:00,0.19428730554540263,0.20306706
2017-12-02 22:10:00,0.15990927673139357,0.19223534
2017-12-02 22:20:00,0.10708449799236279,0.14560843
2017-12-02 22:30:00,0.02239715596229836,0.09058118
2017-12-02 22:40:00,-0.01617331539000373,-0.014230896
2017-12-02 22:50:00,-0.11427647492087256,-0.05153453
2017-12-02 23:00:00,-0.2148950985964523,-0.1758177
2017-12-02 23:10:00,-0.2786202265567821,-0.27018622
2017-12-02 23:20:00,-0.35576117201791674,-0.32374746
2017-12-02 23:30:00,-0.45051037613988537,-0.42922744
2017-12-02 23:40:00,-0.5511290011937306,-0.5312678
2017-12-02 23:50:00,-0.6911565861075367,-0.63313055
2017-12-03 00:00:00,-0.7389504324223507,-0.7737677
2017-12-03 00:10:00,-0.806868002920974,-0.7702745
2017-12-03 00:20:00,-0.8680776667365929,-0.9222461
2017-12-03 00:30:00,-0.9536034972743156,-0.9777033
2017-12-03 00:40:00,-1.05086816691926,-1.0545841
2017-12-03 00:50:00,-1.0953080592034388,-1.1449473
2017-12-03 01:00:00,-1.1825108667564788,-1.1447456
2017-12-03 01:10:00,-1.2093424990015584,-1.2273662
2017-12-03 01:20:00,-1.2671982087865425,-1.2296872
2017-12-03 01:30:00,-1.3258924057009196,-1.3010582
2017-12-03 01:40:00,-1.3762017175387096,-1.3638301
2017-12-03 01:50:00,-1.4097412592233247,-1.4117514
2017-12-03 02:00:00,-1.4080642822080072,-1.4352887
2017-12-03 02:10:00,-1.4390883583696463,-1.4223111
2017-12-03 02:20:00,-1.4701124331530198,-1.4725168
2017-12-03 02:30:00,-1.4919131357304123,-1.5105314
2017-12-03 02:40:00,-1.5204217449908097,-1.5199697
2017-12-03 02:50:00,-1.5598307062290355,-1.5403545
2017-12-03 03:00:00,-1.6093015295591666,-1.583148
2017-12-03 03:10:00,-1.6118169964604085,-1.6196802
2017-12-03 03:20:00,-1.621040370044655,-1.6257129
2017-12-03 03:30:00,-1.636133163182512,-1.640801
2017-12-03 03:40:00,-1.6453565367667582,-1.6585736
2017-12-03 03:50:00,-1.670511193374786,-1.6611799
2017-12-03 04:00:00,-1.6747036359130796,-1.669405
2017-12-03 04:10:00,-1.6856039865126429,-1.6688088
2017-12-03 04:20:00,-1.6805730554666907,-1.6998136
2017-12-03 04:30:00,-1.6780575899437147,-1.6813991
2017-12-03 04:40:00,-1.6939888715892306,-1.6707203
2017-12-03 04:50:00,-1.6780575899437147,-1.6908946
2017-12-03 05:00:00,-1.6629647968058572,-1.6518757
2017-12-03 05:10:00,-1.6579338657599048,-1.6339227
2017-12-03 05:20:00,-1.647033513782076,-1.6401436
2017-12-03 05:30:00,-1.605947575528532,-1.6342107
2017-12-03 05:40:00,-1.5053289518529522,-1.5653615
2017-12-03 05:50:00,-1.5380300050299085,-1.4389007
2017-12-03 06:00:00,-1.584146874329405,-1.5389237
2017-12-03 06:10:00,-1.595885713436627,-1.571471
2017-12-03 06:20:00,-1.6252328125829485,-1.5901632
2017-12-03 06:30:00,-1.6839270094973258,-1.6264796
2017-12-03 06:40:00,-1.836531923404278,-1.7150211
2017-12-03 06:50:00,-1.9924907899636006,-1.9083033
2017-12-03 07:00:00,-2.0360921937401204,-2.0359051
2017-12-03 07:10:00,-2.1132331392012556,-2.0262249
2017-12-03 07:20:00,-2.101494300094033,-2.14056
2017-12-03 07:30:00,-2.0721472009477115,-2.078415
2017-12-03 07:40:00,-2.0738241779630293,-2.025122
2017-12-03 07:50:00,-2.0478310328473426,-2.0215495
2017-12-03 08:00:00,-1.9933292784712593,-1.9883933
2017-12-03 08:10:00,-1.9396660126028342,-1.9337362
2017-12-03 08:20:00,-1.9052879824105606,-1.8984905
2017-12-03 08:30:00,-1.826470059934108,-1.8558861
2017-12-03 08:40:00,-1.7778377251116357,-1.7526782
2017-12-03 08:50:00,-1.7174665511819407,-1.7066417
2017-12-03 09:00:00,-1.6621263082981983,-1.635736
2017-12-03 09:10:00,-1.573246523729841,-1.579335
2017-12-03 09:20:00,-1.5019749978223174,-1.4936919
2017-12-03 09:30:00,-1.4332189388160348,-1.4321918
2017-12-03 09:40:00,-1.3451776427553361,-1.3560165
2017-12-03 09:50:00,-1.2646827432635663,-1.2715142
2017-12-03 10:00:00,-1.2219198279947052,-1.2016274
2017-12-03 10:10:00,-1.135555508949324,-1.1582513
2017-12-03 10:20:00,-1.0768613106566811,-1.0804126
2017-12-03 10:30:00,-0.9904969916113001,-1.0318301
2017-12-03 10:40:00,-0.9695347789198314,-0.94494224
2017-12-03 10:50:00,-0.9074866279748193,-0.92737705
2017-12-03 11:00:00,-0.8915553449510375,-0.8664321
2017-12-03 11:10:00,-0.8345381250519777,-0.8427845
2017-12-03 11:20:00,-0.813575910982244,-0.7952852
2017-12-03 11:30:00,-0.7842288132141878,-0.7786337
2017-12-03 11:40:00,-0.7272115919368625,-0.75176716
2017-12-03 11:50:00,-0.7104418217836878,-0.7020126
2017-12-03 12:00:00,-0.7003799596917831,-0.6869899
2017-12-03 12:10:00,-0.7070878677530531,-0.6668737
2017-12-03 12:20:00,-0.6752253030837554,-0.68118036
2017-12-03 12:30:00,-0.6710328605454614,-0.66094697
2017-12-03 12:40:00,-0.6467166938233581,-0.66053164
2017-12-03 12:50:00,-0.6391702972544298,-0.6398942
2017-12-03 13:00:00,-0.6701943720378031,-0.632555
2017-12-03 13:10:00,-0.6987029826764655,-0.6506431
2017-12-03 13:20:00,-0.7146342643219813,-0.6883264
2017-12-03 13:30:00,-0.7397889209300095,-0.7086953
2017-12-03 13:40:00,-0.7171497298449577,-0.7343241
2017-12-03 13:50:00,-0.702895425214759,-0.7153059
2017-12-03 14:00:00,-0.6701943720378031,-0.6986002
2017-12-03 14:10:00,-0.6861256550615844,-0.6567764
2017-12-03 14:20:00,-0.7079263562607119,-0.686641
2017-12-03 14:30:00,-0.7079263562607119,-0.7156633
2017-12-03 14:40:00,-0.6894796090922196,-0.7155626
2017-12-03 14:50:00,-0.7137957758143231,-0.6977601
2017-12-03 15:00:00,-0.7833903247065295,-0.71868944
2017-12-03 15:10:00,-0.8219607974370965,-0.7698512
2017-12-03 15:20:00,-0.7884212557524818,-0.81050843
2017-12-03 15:30:00,-0.8211223089294383,-0.786623
2017-12-03 15:40:00,-0.8127374224745851,-0.8209809
2017-12-03 15:50:00,-0.8186068434064618,-0.80844057
2017-12-03 16:00:00,-0.8278302169907081,-0.8141628
2017-12-03 16:10:00,-0.8320226595290017,-0.8139343
2017-12-03 16:20:00,-0.8219607974370965,-0.8236122
2017-12-03 16:30:00,-0.7951291638137518,-0.80953825
2017-12-03 16:40:00,-0.7112803102913466,-0.7739376
2017-12-03 16:50:00,-0.6626479754688743,-0.67041117
2017-12-03 17:00:00,-0.5477750457848304,-0.57704145
2017-12-03 17:10:00,-0.29874395211885746,-0.34052572
2017-12-03 17:20:00,0.10876147500767941,-0.025692869
2017-12-03 17:30:00,0.4055864163667318,0.3044212
2017-12-03 17:40:00,0.500335620488701,0.4927646
2017-12-03 17:50:00,0.5288442311273633,0.538561
2017-12-03 18:00:00,0.5154284150048234,0.5455233
2017-12-03 18:10:00,0.48943526988913744,0.55510914
2017-12-03 18:20:00,0.486919804366161,0.5188051
2017-12-03 18:30:00,0.517105392020141,0.5096537
2017-12-03 18:40:00,0.5355521391886338,0.5290148
2017-12-03 18:50:00,0.5581913302736845,0.5541166
2017-12-03 19:00:00,0.6160470386804032,0.5808034
2017-12-03 19:10:00,0.6596484424569231,0.67098665
2017-12-03 19:20:00,0.6822876321637089,0.70714104
2017-12-03 19:30:00,0.6755797241024394,0.7148142
2017-12-03 19:40:00,0.6604869309645819,0.68352306
2017-12-03 19:50:00,0.6596484424569231,0.6823365
2017-12-03 20:00:00,0.6713872815641454,0.67490363
2017-12-03 20:10:00,0.6739027470871218,0.714788
2017-12-03 20:20:00,0.6412016952884314,0.7174316
2017-12-03 20:30:00,0.6118545961421091,0.65526366
2017-12-03 20:40:00,0.5917308705800348,0.6215221
2017-12-03 20:50:00,0.5607067957966609,0.60057557
2017-12-03 21:00:00,0.5338751621733162,0.55213064
2017-12-03 21:10:00,0.49195073541211287,0.55133325
2017-12-03 21:20:00,0.408940370397367,0.4903559
2017-12-03 21:30:00,0.3452152424370378,0.3668229
2017-12-03 21:40:00,0.2940674420915886,0.29729253
2017-12-03 21:50:00,0.2580124348839979,0.24477349
2017-12-03 22:00:00,0.1775175353922275,0.20909052
2017-12-03 22:10:00,0.08360681977791722,0.15311633
2017-12-03 22:20:00,-0.00024203374448741017,0.059744116
2017-12-03 22:30:00,-0.11846891745916609,-0.022081427
2017-12-03 22:40:00,-0.1872249764654482,-0.1744323
2017-12-03 22:50:00,-0.29958244062651573,-0.24989386
2017-12-03 23:00:00,-0.4102629263940007,-0.36995244
2017-12-03 23:10:00,-0.5159124824937983,-0.4777764
2017-12-03 23:20:00,-0.6131771521387432,-0.5875293
2017-12-03 23:30:00,-0.7339195013763978,-0.6827226
2017-12-03 23:40:00,-0.8261532399753906,-0.8002477
2017-12-03 23:50:00,-0.8907168564433792,-0.88926995
2017-12-04 00:00:00,-0.9879815260883237,-0.95306104
2017-12-04 00:10:00,-1.021521067772939,-1.0111521
2017-12-04 00:20:00,-1.088600151142169,-1.1578631
2017-12-04 00:30:00,-1.1523252791024987,-1.2024119
2017-12-04 00:40:00,-1.200957613924971,-1.2388364
2017-12-04 00:50:00,-1.297383795062257,-1.2632462
2017-12-04 01:00:00,-1.3359542677928247,-1.3598423
2017-12-04 01:10:00,-1.3728477635080747,-1.3534735
2017-12-04 01:20:00,-1.4055488166850312,-1.402668
2017-12-04 01:30:00,-1.465081502107067,-1.4345982
2017-12-04 01:40:00,-1.4810127851308488,-1.4981492
2017-12-04 01:50:00,-1.5111983714065633,-1.5005379
2017-12-04 02:00:00,-1.5472533786141545,-1.5361736
2017-12-04 02:10:00,-1.5438994245835198,-1.5582784
2017-12-04 02:20:00,-1.5740850122374996,-1.5652711
2017-12-04 02:30:00,-1.573246523729841,-1.62501
2017-12-04 02:40:00,-1.629425255121242,-1.595111
2017-12-04 02:50:00,-1.639487117213147,-1.6690471
2017-12-04 03:00:00,-1.6814115439743493,-1.6556188
2017-12-04 03:10:00,-1.6537414232216108,-1.7100904
2017-12-04 03:20:00,-1.7048892235670594,-1.6594131
2017-12-04 03:30:00,-1.6990198040134483,-1.7374318
2017-12-04 03:40:00,-1.6839270094973258,-1.7021761
2017-12-04 03:50:00,-1.6646417738211747,-1.6814187
2017-12-04 04:00:00,-1.6654802623288336,-1.6505665
2017-12-04 04:10:00,-1.6763806129283971,-1.6415205
2017-12-04 04:20:00,-1.670511193374786,-1.671935
2017-12-04 04:30:00,-1.6503874678127106,-1.6589683
2017-12-04 04:40:00,-1.6604493312828807,-1.6354086
2017-12-04 04:50:00,-1.627748278105925,-1.6558926
2017-12-04 05:00:00,-1.599239667467262,-1.5989894
2017-12-04 05:10:00,-1.610140019445091,-1.572674
2017-12-04 05:20:00,-1.554799775183083,-1.6000292
2017-12-04 05:30:00,-1.4852052276691423,-1.524637
2017-12-04 05:40:00,-1.3803941600770036,-1.4487479
2017-12-04 05:50:00,-1.384586602615297,-1.3053108
2017-12-04 06:00:00,-1.4021948626543959,-1.3699414
2017-12-04 06:10:00,-1.3929714890701501,-1.3702213
2017-12-04 06:20:00,-1.3795556715693447,-1.3624177
2017-12-04 06:30:00,-1.4307034719147933,-1.3528016
2017-12-04 06:40:00,-1.5304836084609799,-1.4272039
2017-12-04 06:50:00,-1.6378101401978296,-1.5355341
2017-12-04 07:00:00,-1.5757619892528174,-1.6190147
2017-12-04 07:10:00,-1.5195832564831508,-1.4771439
2017-12-04 07:20:00,-1.4751433641989722,-1.4740729
2017-12-04 07:30:00,-1.4701124331530198,-1.4350556
2017-12-04 07:40:00,-1.5103598828989044,-1.4427903
2017-12-04 07:50:00,-1.5170677909601744,-1.4718677
2017-12-04 08:00:00,-1.3980024201161023,-1.4545082
2017-12-04 08:10:00,-1.308284147040086,-1.305097
2017-12-04 08:20:00,-1.1850263322794552,-1.2610006
2017-12-04 08:30:00,-1.1338785319340066,-1.141493
2017-12-04 08:40:00,-1.0743458451337047,-1.1021138
2017-12-04 08:50:00,-1.0441602588579901,-1.0365189
2017-12-04 09:00:00,-0.9569574513049504,-1.0047048
2017-12-04 09:10:00,-0.8882013909204027,-0.90233654
2017-12-04 09:20:00,-0.8211223089294383,-0.84683454
2017-12-04 09:30:00,-0.7800363706758943,-0.7855381
2017-12-04 09:40:00,-0.7305655473457632,-0.7439866
2017-12-04 09:50:00,-0.6777407686067314,-0.6942363
2017-12-04 10:00:00,-0.5771221449311517,-0.64210004
2017-12-04 10:10:00,-0.4974657339470405,-0.535645
2017-12-04 10:20:00,-0.48824236036279417,-0.4658918
2017-12-04 10:30:00,-0.41780932296292944,-0.45245844
2017-12-04 10:40:00,-0.34402233291069445,-0.39245978
2017-12-04 10:50:00,-0.28952057853461105,-0.32306746
2017-12-04 11:00:00,-0.30209790614949217,-0.26918328
2017-12-04 11:10:00,-0.2652044104342422,-0.2538996
2017-12-04 11:20:00,-0.2568195253576546,-0.22785102
2017-12-04 11:30:00,-0.26268894491126576,-0.22309424
2017-12-04 11:40:00,-0.24759615177340874,-0.23063664
2017-12-04 11:50:00,-0.20734870202752356,-0.22124106
2017-12-04 12:00:00,-0.20986416755049997,-0.18577628
2017-12-04 12:10:00,-0.16793974078929716,-0.17312944
2017-12-04 12:20:00,-0.14362357268892828,-0.1414152
2017-12-04 12:30:00,-0.15871636720505128,-0.12332091
2017-12-04 12:40:00,-0.13943113015063474,-0.1474687
2017-12-04 12:50:00,-0.1335617105970236,-0.1349214
2017-12-04 13:00:00,-0.131884733581706,-0.12903719
2017-12-04 13:10:00,-0.16458578675866242,-0.11771612
2017-12-04 13:20:00,-0.20315625948923002,-0.15725169
2017-12-04 13:30:00,-0.22076451815006345,-0.20513876
2017-12-04 13:40:00,-0.26268894491126576,-0.22418897
2017-12-04 13:50:00,-0.26101196789594866,-0.26753256
2017-12-04 14:00:00,-0.19141741900374223,-0.26756987
2017-12-04 14:10:00,-0.19560986154203577,-0.18691881
2017-12-04 14:20:00,-0.19225590751140054,-0.2023183
2017-12-04 14:30:00,-0.20483323650454713,-0.20944682
2017-12-04 14:40:00,-0.21154114456581707,-0.22809298
2017-12-04 14:50:00,-0.2534655713270199,-0.23462152
2017-12-04 15:00:00,-0.2886820900269523,-0.27023548
2017-12-04 15:10:00,-0.2526270828193611,-0.29261482
2017-12-04 15:20:00,-0.2719123184955121,-0.26355028
2017-12-04 15:30:00,-0.2903590670422699,-0.28562808
2017-12-04 15:40:00,-0.29790546361119863,-0.30892164
2017-12-04 15:50:00,-0.30042092913417456,-0.31625786
2017-12-04 16:00:00,-0.3314450052958134,-0.31828663
2017-12-04 16:10:00,-0.29958244062651573,-0.34188914
2017-12-04 16:20:00,-0.3113212797337385,-0.31456727
2017-12-04 16:30:00,-0.2802972035720992,-0.3310932
2017-12-04 16:40:00,-0.20315625948923002,-0.2855201
2017-12-04 16:50:00,-0.14278508418126948,-0.1711516
2017-12-04 17:00:00,-0.0396509949827138,-0.0666441
2017-12-04 17:10:00,0.23872719782958138,0.18821996
2017-12-04 17:20:00,0.664679373502876,0.55846626
2017-12-04 17:30:00,0.949765475754706,0.8824427
2017-12-04 17:40:00,1.0009132761001542,1.0606322
2017-12-04 17:50:00,1.0051057186384482,1.0308771
2017-12-04 18:00:00,0.9447345433304882,0.9968846
2017-12-04 18:10:00,0.9506039642623648,0.99069333
2017-12-04 18:20:00,0.9338341927309237,1.0030974
2017-12-04 18:30:00,0.9355111697462414,0.9642593
2017-12-04 18:40:00,0.9405421007921942,0.9575738
2017-12-04 18:50:00,0.8994561625386507,0.95653296
2017-12-04 19:00:00,0.8910712774620626,0.911265
2017-12-04 19:10:00,0.8902327889544038,0.91351575
2017-12-04 19:20:00,0.8734630188012297,0.901558
2017-12-04 19:30:00,0.8122533549856108,0.8630308
2017-12-04 19:40:00,0.7803907916945783,0.7829534
2017-12-04 19:50:00,0.7896141652788241,0.75323296
2017-12-04 20:00:00,0.7686519512090909,0.77431524
2017-12-04 20:10:00,0.8088994009549756,0.7794278
2017-12-04 20:20:00,0.8340540575630028,0.841296
2017-12-04 20:30:00,0.8256691724864157,0.8515171
2017-12-04 20:40:00,0.8047069584166816,0.82318974
2017-12-04 20:50:00,0.7267275244478876,0.78616357
2017-12-04 21:00:00,0.6747412355947806,0.70986116
2017-12-04 21:10:00,0.6227549467416736,0.69299257
2017-12-04 21:20:00,0.5078820184358952,0.6229168
2017-12-04 21:30:00,0.4290640959594424,0.48720884
2017-12-04 21:40:00,0.3544386160212836,0.39454338
2017-12-04 21:50:00,0.3519231504983072,0.30330837
2017-12-04 22:00:00,0.2957444191069062,0.29311687
2017-12-04 22:10:00,0.22195742767640625,0.24705125
2017-12-04 22:20:00,0.0953456588851395,0.17306729
2017-12-04 22:30:00,0.04503634704735013,0.03934079
2017-12-04 22:40:00,-0.08241391025157492,0.0017872136
2017-12-04 22:50:00,-0.2257954491960158,-0.15443462
2017-12-04 23:00:00,-0.31215976824139685,-0.30469266
2017-12-04 23:10:00,-0.42284025538714726,-0.3790814
2017-12-04 23:20:00,-0.5444210917541956,-0.5049908
2017-12-04 23:30:00,-0.6249159912459655,-0.6345345
2017-12-04 23:40:00,-0.7213421723832513,-0.70734966
2017-12-04 23:50:00,-0.8244762629600729,-0.80407923
2017-12-05 00:00:00,-0.9049711624518428,-0.9046712
2017-12-05 00:10:00,-0.9812736180270537,-0.940886
2017-12-05 00:20:00,-1.05086816691926,-1.1085787
2017-12-05 00:30:00,-1.1439403940259112,-1.1659921
2017-12-05 00:40:00,-1.1724490046645741,-1.2434664
2017-12-05 00:50:00,-1.2303047130712927,-1.2330748
2017-12-05 01:00:00,-1.2739061168478125,-1.283859
2017-12-05 01:10:00,-1.3300848482392136,-1.2926962
2017-12-05 01:20:00,-1.3443391528694124,-1.3598571
2017-12-05 01:30:00,-1.4055488166850312,-1.3547425
2017-12-05 01:40:00,-1.4281880063918169,-1.4303266
2017-12-05 01:50:00,-1.4726278986759958,-1.4400105
2017-12-05 02:00:00,-1.4826897621461663,-1.4890338
2017-12-05 02:10:00,-1.4885591816997774,-1.4848645
2017-12-05 02:20:00,-1.4961055782687058,-1.5194612
2017-12-05 02:30:00,-1.521260234876734,-1.5197489
2017-12-05 02:40:00,-1.5438994245835198,-1.5461051
2017-12-05 02:50:00,-1.5824698973140874,-1.5584984
2017-12-05 03:00:00,-1.5749235007451585,-1.6045141
2017-12-05 03:10:00,-1.610140019445091,-1.5764437
2017-12-05 03:20:00,-1.6126554849680674,-1.6324832
2017-12-05 03:30:00,-1.5975626904519442,-1.6199484
2017-12-05 03:40:00,-1.6344561861671947,-1.6077952
2017-12-05 03:50:00,-1.639487117213147,-1.6480241
2017-12-05 04:00:00,-1.6218788585523136,-1.6276798
2017-12-05 04:10:00,-1.6185249045216785,-1.5877215
2017-12-05 04:20:00,-1.621040370044655,-1.6146588
2017-12-05 04:30:00,-1.6319407206442185,-1.6192453
2017-12-05 04:40:00,-1.6319407206442185,-1.6276445
2017-12-05 04:50:00,-1.6000781559749206,-1.6108594
2017-12-05 05:00:00,-1.5816314088064285,-1.5584015
2017-12-05 05:10:00,-1.5522843096601073,-1.5447559
2017-12-05 05:20:00,-1.5447379130911785,-1.5270927
2017-12-05 05:30:00,-1.4910746472227534,-1.5154378
2017-12-05 05:40:00,-1.356916481862559,-1.4353461
2017-12-05 05:50:00,-1.3736862520157336,-1.2697564
2017-12-05 06:00:00,-1.3728477635080747,-1.3588178
2017-12-05 06:10:00,-1.3594319473855347,-1.3134094
2017-12-05 06:20:00,-1.3560779933549,-1.3143318
2017-12-05 06:30:00,-1.3577549703702172,-1.3098073
2017-12-05 06:40:00,-1.4198031213152298,-1.3240461
2017-12-05 06:50:00,-1.527129654430345,-1.4104589
2017-12-05 07:00:00,-1.4793358081155312,-1.4946624
2017-12-05 07:10:00,-1.4248340523611822,-1.3560379
2017-12-05 07:20:00,-1.3602704358931936,-1.3576448
2017-12-05 07:30:00,-1.351885550816606,-1.2881149
2017-12-05 07:40:00,-1.4105797477309836,-1.2944717
2017-12-05 07:50:00,-1.4424423124002812,-1.3499331
2017-12-05 08:00:00,-1.2940298410316224,-1.3591405
2017-12-05 08:10:00,-1.1883802863100899,-1.1618245
2017-12-05 08:20:00,-1.1221396914485187,-1.1169678
2017-12-05 08:30:00,-1.0743458451337047,-1.0672389
2017-12-05 08:40:00,-1.0416447933350144,-1.0210869
2017-12-05 08:50:00,-0.9770811754887602,-0.9832475
2017-12-05 09:00:00,-0.908325116482478,-0.9151014
2017-12-05 09:10:00,-0.8529848722204704,-0.83500266
2017-12-05 09:20:00,-0.8118989339669264,-0.79053074
2017-12-05 09:30:00,-0.6987029826764655,-0.7539386
2017-12-05 09:40:00,-0.6291084337842591,-0.65583605
2017-12-05 09:50:00,-0.5670602828392469,-0.59310997
2017-12-05 10:00:00,-0.5217819020474094,-0.5332352
2017-12-05 10:10:00,-0.48572689483981824,-0.47002545
2017-12-05 10:20:00,-0.4270326979254408,-0.4372834
2017-12-05 10:30:00,-0.35408419500259963,-0.38804346
2017-12-05 10:40:00,-0.34234535589537735,-0.32560137
2017-12-05 10:50:00,-0.2752662725261469,-0.30969134
2017-12-05 11:00:00,-0.1998023054585948,-0.25285622
2017-12-05 11:10:00,-0.1763246258658847,-0.16980416
2017-12-05 11:20:00,-0.18219404541949585,-0.14647044
2017-12-05 11:30:00,-0.16877822929695596,-0.1512802
2017-12-05 11:40:00,-0.12098438298214251,-0.144052
2017-12-05 11:50:00,-0.1310462450740472,-0.10580611
2017-12-05 12:00:00,-0.13859264164297594,-0.113539115
2017-12-05 12:10:00,-0.12936926805872956,-0.10790375
2017-12-05 12:20:00,-0.10253763443538477,-0.10797013
2017-12-05 12:30:00,-0.0924757723434796,-0.08854616
2017-12-05 12:40:00,-0.05725925364354724,-0.07833929
2017-12-05 12:50:00,-0.07486751368264616,-0.048732877
2017-12-05 13:00:00,-0.0782214677132814,-0.062194016
2017-12-05 13:10:00,-0.08828332980518606,-0.05442185
2017-12-05 13:20:00,-0.11343798641321375,-0.0743541
2017-12-05 13:30:00,-0.15033148075019823,-0.10528973
2017-12-05 13:40:00,-0.20399474799688883,-0.14529023
2017-12-05 13:50:00,-0.20986416755049997,-0.20205495
2017-12-05 14:00:00,-0.20315625948923002,-0.21039315
2017-12-05 14:10:00,-0.1847095109424723,-0.19275148
2017-12-05 14:20:00,-0.1998023054585948,-0.18890668
2017-12-05 14:30:00,-0.15368543478083346,-0.21678345
2017-12-05 14:40:00,-0.17716311437354354,-0.1768844
2017-12-05 14:50:00,-0.21154114456581707,-0.20300631
2017-12-05 15:00:00,-0.23166486874962694,-0.23487833
2017-12-05 15:10:00,-0.281135692079758,-0.24512562
2017-12-05 15:20:00,-0.30209790614949217,-0.3033501
2017-12-05 15:30:00,-0.32557558436393674,-0.32370445
2017-12-05 15:40:00,-0.3775618745953097,-0.3428027
2017-12-05 15:50:00,-0.389300713702532,-0.3939035
2017-12-05 16:00:00,-0.4127783919169766,-0.40676373
2017-12-05 16:10:00,-0.37169245366343306,-0.41813853
2017-12-05 16:20:00,-0.3456993099260121,-0.375202
2017-12-05 16:30:00,-0.2668813874495598,-0.34794992
2017-12-05 16:40:00,-0.19728683855735338,-0.26570526
2017-12-05 16:50:00,-0.15200845776551583,-0.1864476
2017-12-05 17:00:00,-0.0790599562209397,-0.09598203
2017-12-05 17:10:00,0.15236287878419932,0.11298323
2017-12-05 17:20:00,0.5716071463962245,0.47327405
2017-12-05 17:30:00,0.8516623162238367,0.83433366
2017-12-05 17:40:00,0.9598273378466108,0.99453616
2017-12-05 17:50:00,0.9707276884461742,0.97844064
2017-12-05 18:00:00,0.9405421007921942,0.96434045
2017-12-05 18:10:00,0.9480884973611224,0.97240293
2017-12-05 18:20:00,0.9472500088534637,0.99506366
2017-12-05 18:30:00,0.9547964068006579,0.9915217
2017-12-05 18:40:00,0.8969406970156742,0.9834347
2017-12-05 18:50:00,0.9070025604858449,0.9206405
2017-12-05 19:00:00,0.8994561625386507,0.9227927
2017-12-05 19:10:00,0.8709475532782532,0.9366598
2017-12-05 19:20:00,0.8457928966702251,0.9008936
2017-12-05 19:30:00,0.8223152184557805,0.85293186
2017-12-05 19:40:00,0.7996760273707297,0.81178355
2017-12-05 19:50:00,0.7938066078171181,0.7790584
2017-12-05 20:00:00,0.7787138146792606,0.77770346
2017-12-05 20:10:00,0.8189612644251463,0.782348
2017-12-05 20:20:00,0.8323770805476852,0.85173714
2017-12-05 20:30:00,0.8038684699090228,0.85052407
2017-12-05 20:40:00,0.7745213721409676,0.7975467
2017-12-05 20:50:00,0.6957034496645148,0.7689589
2017-12-05 21:00:00,0.6403632067807725,0.6858213
2017-12-05 21:10:00,0.6043081995731809,0.63969314
2017-12-05 21:20:00,0.5380676047116092,0.59997916
2017-12-05 21:30:00,0.478534919289574,0.5146524
2017-12-05 21:40:00,0.404747927859073,0.44676167
2017-12-05 21:50:00,0.3863011806905813,0.36218274
2017-12-05 22:00:00,0.3452152424370378,0.3404235
2017-12-05 22:10:00,0.2538199923457039,0.3089478
2017-12-05 22:20:00,0.14146252818463584,0.19811474
2017-12-05 22:30:00,0.02575111137119958,0.09280254
2017-12-05 22:40:00,-0.06983658263669383,-0.0313746
2017-12-05 22:50:00,-0.1612318327280272,-0.1362927
2017-12-05 23:00:00,-0.28616662312571034,-0.23297846
2017-12-05 23:10:00,-0.39517013325614314,-0.35638416
2017-12-05 23:20:00,-0.4597337497241317,-0.4620521
2017-12-05 23:30:00,-0.6005998245238622,-0.5364441
2017-12-05 23:40:00,-0.7054108907377354,-0.6908615
2017-12-05 23:50:00,-0.8085449799362916,-0.771731
2017-12-06 00:00:00,-0.9016172070429427,-0.8801751
2017-12-06 00:10:00,-1.0039128091121055,-0.94279057
2017-12-06 00:20:00,-1.0324214183725025,-1.138262
2017-12-06 00:30:00,-1.086084685619193,-1.1417602
2017-12-06 00:40:00,-1.1892187748177487,-1.183481
2017-12-06 00:50:00,-1.2026345909402887,-1.2788458
2017-12-06 01:00:00,-1.2621672777405903,-1.2437828
2017-12-06 01:10:00,-1.3099611240554037,-1.2969432
2017-12-06 01:20:00,-1.3711707864927571,-1.3276892
2017-12-06 01:30:00,-1.3854250911229558,-1.3903956
2017-12-06 01:40:00,-1.41309521325396,-1.3948991
2017-12-06 01:50:00,-1.4516656859845276,-1.438034
2017-12-06 02:00:00,-1.4784973196078723,-1.4528878
2017-12-06 02:10:00,-1.521260234876734,-1.4853556
2017-12-06 02:20:00,-1.572408035222182,-1.5383976
2017-12-06 02:30:00,-1.5581537292137184,-1.610267
2017-12-06 02:40:00,-1.590016293883016,-1.5696372
2017-12-06 02:50:00,-1.5967242019442855,-1.6219372
2017-12-06 03:00:00,-1.6302637436289007,-1.5927823
2017-12-06 03:10:00,-1.6176864160140196,-1.6336858
2017-12-06 03:20:00,-1.633617697659536,-1.6077114
2017-12-06 03:30:00,-1.6411640942284642,-1.6381073
2017-12-06 03:40:00,-1.6319407206442185,-1.6435809
2017-12-06 03:50:00,-1.6235558355676307,-1.6232405
2017-12-06 04:00:00,-1.6168479275063607,-1.6169174
2017-12-06 04:10:00,-1.6260713010906072,-1.5899851
2017-12-06 04:20:00,-1.614332461983385,-1.6246114
2017-12-06 04:30:00,-1.6185249045216785,-1.5979912
2017-12-06 04:40:00,-1.6084630410515084,-1.6115541
2017-12-06 04:50:00,-1.577438966268135,-1.576417
2017-12-06 05:00:00,-1.5405454705528845,-1.547257
2017-12-06 05:10:00,-1.5397069820452263,-1.4994454
2017-12-06 05:20:00,-1.5464148901064956,-1.5095671
2017-12-06 05:30:00,-1.5070059288682698,-1.5199764
2017-12-06 05:40:00,-1.395486954593126,-1.4580356
2017-12-06 05:50:00,-1.4147721902692771,-1.3060092
2017-12-06 06:00:00,-1.4273495178841582,-1.3909338
2017-12-06 06:10:00,-1.3871020681382735,-1.3742524
2017-12-06 06:20:00,-1.346016131262995,-1.3387202
2017-12-06 06:30:00,-1.3384697333158007,-1.3065073
2017-12-06 06:40:00,-1.4281880063918169,-1.3076773
2017-12-06 06:50:00,-1.5279681429380034,-1.4285839
2017-12-06 07:00:00,-1.5002980208069998,-1.4955313
2017-12-06 07:10:00,-1.4793358081155312,-1.3825347
2017-12-06 07:20:00,-1.4365728928466701,-1.408123
2017-12-06 07:30:00,-1.3988409086237612,-1.351965
2017-12-06 07:40:00,-1.4298649834071346,-1.321096
2017-12-06 07:50:00,-1.4508271974768687,-1.3601613
2017-12-06 08:00:00,-1.384586602615297,-1.3488114
2017-12-06 08:10:00,-1.278098559386106,-1.2440413
2017-12-06 08:20:00,-1.1799954012335028,-1.1822832
2017-12-06 08:30:00,-1.0953080592034388,-1.1063391
2017-12-06 08:40:00,-1.0181671137423036,-1.0251926
2017-12-06 08:50:00,-0.9821121065347125,-0.9534358
2017-12-06 09:00:00,-0.9301258176816051,-0.9180615
2017-12-06 09:10:00,-0.8085449799362916,-0.8396456
2017-12-06 09:20:00,-0.7255346149215454,-0.7400971
2017-12-06 09:30:00,-0.7045724022300767,-0.6747253
2017-12-06 09:40:00,-0.6224005257229891,-0.6498842
2017-12-06 09:50:00,-0.6156926176617192,-0.57312673
2017-12-06 10:00:00,-0.5611908632856358,-0.5565773
2017-12-06 10:10:00,-0.5502905113078068,-0.48733187
2017-12-06 10:20:00,-0.5117200399555047,-0.47386596
2017-12-06 10:30:00,-0.4270326979254408,-0.4416393
2017-12-06 10:40:00,-0.39600862176380197,-0.37638682
2017-12-06 10:50:00,-0.36330756858684554,-0.3485667
2017-12-06 11:00:00,-0.37336943067875067,-0.32089317
2017-12-06 11:10:00,-0.33060651678815456,-0.30967426
2017-12-06 11:20:00,-0.28952057853461105,-0.27763015
2017-12-06 11:30:00,-0.255142548342337,-0.24901249
2017-12-06 11:40:00,-0.24508068625043233,-0.22168243
2017-12-06 11:50:00,-0.22998789173430934,-0.21520974
2017-12-06 12:00:00,-0.24759615177340874,-0.2037822
2017-12-06 12:10:00,-0.19896381695093598,-0.20507143
2017-12-06 12:20:00,-0.1712936948199324,-0.17141744
2017-12-06 12:30:00,-0.19141741900374223,-0.15496258
2017-12-06 12:40:00,-0.16374729825100362,-0.17884201
2017-12-06 12:50:00,-0.12853077955107126,-0.1512275
2017-12-06 13:00:00,-0.12433833701277723,-0.11754276
2017-12-06 13:10:00,-0.12098438298214251,-0.09911963
2017-12-06 13:20:00,-0.13775415313531714,-0.10502696
2017-12-06 13:30:00,-0.14194659567361068,-0.128883
2017-12-06 13:40:00,-0.15620090168207487,-0.14031613
2017-12-06 13:50:00,-0.1603933442203684,-0.15942767
2017-12-06 14:00:00,-0.16793974078929716,-0.16630818
2017-12-06 14:10:00,-0.14446206119658708,-0.1615984
2017-12-06 14:20:00,-0.1595548557127101,-0.14780311
2017-12-06 14:30:00,-0.20483323650454713,-0.1760195
2017-12-06 14:40:00,-0.20483323650454713,-0.22772074
2017-12-06 14:50:00,-0.23501882278026215,-0.22632375
2017-12-06 15:00:00,-0.27778173804912326,-0.24804671
2017-12-06 15:10:00,-0.28952057853461105,-0.27685198
2017-12-06 15:20:00,-0.3046133716724686,-0.29810646
2017-12-06 15:30:00,-0.31551372227203206,-0.3213741
2017-12-06 15:40:00,-0.34066837888005974,-0.33308858
2017-12-06 15:50:00,-0.38678524817955606,-0.3576277
2017-12-06 16:00:00,-0.39600862176380197,-0.40225178
2017-12-06 16:10:00,-0.3448608214183533,-0.39445478
2017-12-06 16:20:00,-0.34402233291069445,-0.34540308
2017-12-06 16:30:00,-0.2836511576027344,-0.34857172
2017-12-06 16:40:00,-0.1998023054585948,-0.28204867
2017-12-06 16:50:00,-0.1721321833275912,-0.1787178
2017-12-06 17:00:00,-0.05390529961291201,-0.11388785
2017-12-06 17:10:00,0.18170997793052154,0.1409077
2017-12-06 17:20:00,0.6185625042033795,0.457079
2017-12-06 17:30:00,0.8726245302935709,0.8742273
2017-12-06 17:40:00,0.9388651237768766,1.0344949
2017-12-06 17:50:00,0.949765475754706,0.9917116
2017-12-06 18:00:00,0.9531194297853403,0.97236365
2017-12-06 18:10:00,0.9489269872470473,0.99953604
2017-12-06 18:20:00,0.9472500088534637,0.97111475
2017-12-06 18:30:00,0.9640197803849048,0.9736732
2017-12-06 18:40:00,0.941380589299853,0.99982
2017-12-06 18:50:00,0.9145489570547732,0.9546861
2017-12-06 19:00:00,0.9204183766083839,0.91675663
2017-12-06 19:10:00,0.911195003024138,0.93892145
2017-12-06 19:20:00,0.9170644225777497,0.91663295
2017-12-06 19:30:00,0.8541777817468131,0.9193834
2017-12-06 19:40:00,0.8105763779702932,0.8414179
2017-12-06 19:50:00,0.7870986997558487,0.78692645
2017-12-06 20:00:00,0.7518821810559158,0.769837
2017-12-06 20:10:00,0.8248306839787569,0.7627808
2017-12-06 20:20:00,0.8424389426395908,0.8694101
2017-12-06 20:30:00,0.8256691724864157,0.87407935
2017-12-06 20:40:00,0.785421722740531,0.8372275
2017-12-06 20:50:00,0.7024113577257842,0.78169864
2017-12-06 21:00:00,0.6412016952884314,0.6794593
2017-12-06 21:10:00,0.6227549467416736,0.6307577
2017-12-06 21:20:00,0.5674147038579315,0.6093077
2017-12-06 21:30:00,0.5020125975040185,0.535437
2017-12-06 21:40:00,0.4433184005896411,0.46883687
2017-12-06 21:50:00,0.4257101419288072,0.41463035
2017-12-06 22:00:00,0.36869292065148235,0.38146687
2017-12-06 22:10:00,0.28903651104563677,0.31920537
2017-12-06 22:20:00,0.1892563744994498,0.2264752
2017-12-06 22:30:00,0.0953456588851395,0.12564188
2017-12-06 22:40:00,-0.03042762139846743,0.013158131
2017-12-06 22:50:00,-0.12517682552043605,-0.11592369
2017-12-06 23:00:00,-0.2584965023729722,-0.20641805
2017-12-06 23:10:00,-0.3809158286259444,-0.33264834
2017-12-06 23:20:00,-0.5033351535006516,-0.45345107
2017-12-06 23:30:00,-0.6249159912459655,-0.59037936
2017-12-06 23:40:00,-0.7037339137224179,-0.70485055
2017-12-06 23:50:00,-0.7850673017218466,-0.77861416
2017-12-07 00:00:00,-0.893232321966355,-0.85645795
2017-12-07 00:10:00,-0.977919663996419,-0.9393915
2017-12-07 00:20:00,-1.0617685175188236,-1.1118565
2017-12-07 00:30:00,-1.1137548063719311,-1.1822915
2017-12-07 00:40:00,-1.1741259816798917,-1.2083721
2017-12-07 00:50:00,-1.2219198279947052,-1.2501388
2017-12-07 01:00:00,-1.314992055101356,-1.281092
2017-12-07 01:10:00,-1.3367927563004836,-1.3527567
2017-12-07 01:20:00,-1.3795556715693447,-1.3325082
2017-12-07 01:30:00,-1.4097412592233247,-1.3860233
2017-12-07 01:40:00,-1.4449577779232576,-1.4296706
2017-12-07 01:50:00,-1.4843667391614834,-1.4559782
2017-12-07 02:00:00,-1.4986210437916823,-1.499113
2017-12-07 02:10:00,-1.5397069820452263,-1.5143266
2017-12-07 02:20:00,-1.6067860640361906,-1.5664631
2017-12-07 02:30:00,-1.7032122465517423,-1.6457543
2017-12-07 02:40:00,-1.6923118945739128,-1.7391593
2017-12-07 02:50:00,-1.6478720022897342,-1.6823834
2017-12-07 03:00:00,-1.6646417738211747,-1.6502349
2017-12-07 03:10:00,-1.6696727048671272,-1.679615
2017-12-07 03:20:00,-1.6587723542675636,-1.6741624
2017-12-07 03:30:00,-1.6713496818824447,-1.6626354
2017-12-07 03:40:00,-1.7090816661053536,-1.6734546
2017-12-07 03:50:00,-1.6688342163594683,-1.6989657
2017-12-07 04:00:00,-1.6512259563203695,-1.6367308
2017-12-07 04:10:00,-1.6688342163594683,-1.6171405
2017-12-07 04:20:00,-1.6663187508364918,-1.670394
2017-12-07 04:30:00,-1.6352946746748531,-1.6420348
2017-12-07 04:40:00,-1.6537414232216108,-1.6106267
2017-12-07 04:50:00,-1.642002582736123,-1.6299866
2017-12-07 05:00:00,-1.6126554849680674,-1.5902412
2017-12-07 05:10:00,-1.6076245525438495,-1.5559304
2017-12-07 05:20:00,-1.622717347059972,-1.5716064
2017-12-07 05:30:00,-1.577438966268135,-1.5916927
2017-12-07 05:40:00,-1.4592120825534558,-1.5099251
2017-12-07 05:50:00,-1.4432808009079399,-1.3598061
2017-12-07 06:00:00,-1.4617275480764322,-1.3999509
2017-12-07 06:10:00,-1.470950921660678,-1.4070914
2017-12-07 06:20:00,-1.4047103281773723,-1.4322454
2017-12-07 06:30:00,-1.393809977577809,-1.3383491
2017-12-07 06:40:00,-1.4223185868382058,-1.3730516
2017-12-07 06:50:00,-1.5631846602596708,-1.3988535
2017-12-07 07:00:00,-1.535514539506932,-1.5490272
2017-12-07 07:10:00,-1.4935901127457298,-1.3898914
2017-12-07 07:20:00,-1.462566036584091,-1.4119384
2017-12-07 07:30:00,-1.4558581285228211,-1.3768346
2017-12-07 07:40:00,-1.4852052276691423,-1.3729558
2017-12-07 07:50:00,-1.5111983714065633,-1.4009999
2017-12-07 08:00:00,-1.3837481141076382,-1.3929996
2017-12-07 08:10:00,-1.3107996125630625,-1.2292309
2017-12-07 08:20:00,-1.2126964544104588,-1.2175696
2017-12-07 08:30:00,-1.1732874931722328,-1.1203176
2017-12-07 08:40:00,-1.088600151142169,-1.0977235
2017-12-07 08:50:00,-1.038290839304379,-1.0033833
2017-12-07 09:00:00,-0.9393491912658514,-0.9582351
2017-12-07 09:10:00,-0.8462769641592004,-0.8445636
2017-12-07 09:20:00,-0.7942906753060929,-0.7785093
2017-12-07 09:30:00,-0.6760637915914143,-0.73103815
2017-12-07 09:40:00,-0.6618094869612156,-0.62442744
2017-12-07 09:50:00,-0.588860984038374,-0.6045844
2017-12-07 10:00:00,-0.5938919150843267,-0.5375675
2017-12-07 10:10:00,-0.5133970169708219,-0.5124312
2017-12-07 10:20:00,-0.46224921524710816,-0.44847113
2017-12-07 10:30:00,-0.4035550183327307,-0.40477833
2017-12-07 10:40:00,-0.3708539651557743,-0.35489333
2017-12-07 10:50:00,-0.3691769881404567,-0.322047
2017-12-07 11:00:00,-0.3431838444030357,-0.31187537
2017-12-07 11:10:00,-0.2517885943117023,-0.2618573
2017-12-07 11:20:00,-0.24424219774277353,-0.19576903
2017-12-07 11:30:00,-0.2241184721806982,-0.18864112
2017-12-07 11:40:00,-0.1746476488505671,-0.17219053
2017-12-07 11:50:00,-0.18051706840417825,-0.1311312
2017-12-07 12:00:00,-0.23082638024196814,-0.13908605
2017-12-07 12:10:00,-0.1721321833275912,-0.16808736
2017-12-07 12:20:00,-0.15703939018973367,-0.123193964
2017-12-07 12:30:00,-0.18219404541949585,-0.11949782
2017-12-07 12:40:00,-0.16710125228163836,-0.14668688
2017-12-07 12:50:00,-0.18806346497310703,-0.1380322
2017-12-07 13:00:00,-0.224956960688357,-0.15293573
2017-12-07 13:10:00,-0.26185045640360693,-0.17466573
2017-12-07 13:20:00,-0.26939685297253574,-0.22131224
2017-12-07 13:30:00,-0.26017347938828983,-0.23878218
2017-12-07 13:40:00,-0.31215976824139685,-0.23747703
2017-12-07 13:50:00,-0.3490532639566473,-0.2945463
2017-12-07 14:00:00,-0.29874395211885746,-0.34025607
2017-12-07 14:10:00,-0.3062903486877857,-0.27703562
2017-12-07 14:20:00,-0.31215976824139685,-0.30344322
2017-12-07 14:30:00,-0.3096443027184209,-0.31786838
2017-12-07 14:40:00,-0.28616662312571034,-0.32457718
2017-12-07 14:50:00,-0.3431838444030357,-0.30032718
2017-12-07 15:00:00,-0.3876237366872144,-0.35928726
2017-12-07 15:10:00,-0.3607921030638696,-0.38601714
2017-12-07 15:20:00,-0.36666152261748075,-0.3660637
2017-12-07 15:30:00,-0.4018780413174131,-0.38229278
2017-12-07 15:40:00,-0.4169708344552706,-0.422363
2017-12-07 15:50:00,-0.4127783919169766,-0.4355871
2017-12-07 16:00:00,-0.41780932296292944,-0.42542985
2017-12-07 16:10:00,-0.4136168804246354,-0.42323726
2017-12-07 16:20:00,-0.3725309421710919,-0.43310624
2017-12-07 16:30:00,-0.3431838444030357,-0.37123936
2017-12-07 16:40:00,-0.255142548342337,-0.31771532
2017-12-07 16:50:00,-0.15452392466675727,-0.20662771
2017-12-07 17:00:00,-0.02204273632188037,-0.06526281
2017-12-07 17:10:00,0.19596428256071927,0.186406
2017-12-07 17:20:00,0.6219164582340149,0.498021
2017-12-07 17:30:00,0.9095180260088204,0.8431721
2017-12-07 17:40:00,0.9833050160610554,0.9999404
2017-12-07 17:50:00,1.0017517646078131,1.0121651
2017-12-07 18:00:00,0.9749201309844683,1.0013182
2017-12-07 18:10:00,0.9824665275533965,1.0330896
2017-12-07 18:20:00,0.9816280390457377,1.033812
2017-12-07 18:30:00,0.9724046654614918,1.0013359
2017-12-07 18:40:00,0.9682122229231978,0.98517585
2017-12-07 18:50:00,0.9623428033695872,0.9865403
2017-12-07 19:00:00,0.9547964068006579,0.98237824
2017-12-07 19:10:00,0.9556348953083167,0.9804407
2017-12-07 19:20:00,0.8910712774620626,0.97189134
2017-12-07 19:30:00,0.8617241796940074,0.89126307
2017-12-07 19:40:00,0.807222423939658,0.8571177
2017-12-07 19:50:00,0.7996760273707297,0.80661184
2017-12-07 20:00:00,0.781229280202237,0.7914454
2017-12-07 20:10:00,0.8407619656242733,0.7901328
2017-12-07 20:20:00,0.8382465001012969,0.8719109
2017-12-07 20:30:00,0.8307001035323686,0.85875624
2017-12-07 20:40:00,0.8013530043860464,0.82646483
2017-12-07 20:50:00,0.7569131121018676,0.7805593
2017-12-07 21:00:00,0.6713872815641454,0.7447644
2017-12-07 21:10:00,0.6420401837960902,0.6837534
2017-12-07 21:20:00,0.5925693590876926,0.6414571
2017-12-07 21:30:00,0.5196208575431175,0.56772214
2017-12-07 21:40:00,0.43828746954368825,0.4942009
2017-12-07 21:50:00,0.404747927859073,0.37808272
2017-12-07 22:00:00,0.30329081567583444,0.33144328
2017-12-07 22:10:00,0.24543510726911683,0.24429356
2017-12-07 22:20:00,0.19093335151476742,0.18629797
2017-12-07 22:30:00,0.10373054396172757,0.13658243
2017-12-07 22:40:00,0.006465874316783042,0.04550733
2017-12-07 22:50:00,-0.12769229104341245,-0.05074813
2017-12-07 23:00:00,-0.24424219774277353,-0.20763694
2017-12-07 23:10:00,-0.34234535589537735,-0.31329283
2017-12-07 23:20:00,-0.4555413071858382,-0.42313397
2017-12-07 23:30:00,-0.549452022800148,-0.53523594
2017-12-07 23:40:00,-0.650909136361652,-0.61656034
2017-12-07 23:50:00,-0.7649435761597717,-0.747184
2017-12-08 00:00:00,-0.8529848722204704,-0.86144745
2017-12-08 00:10:00,-0.9301258176816051,-0.890517
2017-12-08 00:20:00,-1.0064282746350814,-1.0423857
2017-12-08 00:30:00,-1.0676379370724347,-1.1159039
2017-12-08 00:40:00,-1.1313630664110301,-1.1626492
2017-12-08 00:50:00,-1.1791569127258439,-1.2155447
2017-12-08 01:00:00,-1.2244352935176814,-1.234097
2017-12-08 01:10:00,-1.2688751858018603,-1.258385
2017-12-08 01:20:00,-1.3166690321166736,-1.3019257
2017-12-08 01:30:00,-1.365301366939146,-1.3448827
2017-12-08 01:40:00,-1.3736862520157336,-1.384102
2017-12-08 01:50:00,-1.4080642822080072,-1.3832469
2017-12-08 02:00:00,-1.4508271974768687,-1.4307578
2017-12-08 02:10:00,-1.4659199906147258,-1.4611057
2017-12-08 02:20:00,-1.528806631445662,-1.480032
2017-12-08 02:30:00,-1.5606691947366944,-1.5554357
2017-12-08 02:40:00,-1.579954431791111,-1.5808934
2017-12-08 02:50:00,-1.5891778053753574,-1.6005583
2017-12-08 03:00:00,-1.622717347059972,-1.6014742
2017-12-08 03:10:00,-1.6319407206442185,-1.6317775
2017-12-08 03:20:00,-1.6378101401978296,-1.649962
2017-12-08 03:30:00,-1.6713496818824447,-1.6605778
2017-12-08 03:40:00,-1.6721881703901036,-1.6844877
2017-12-08 03:50:00,-1.6545799117292697,-1.6525395
2017-12-08 04:00:00,-1.6352946746748531,-1.6463099
2017-12-08 04:10:00,-1.652902933335687,-1.6183717
2017-12-08 04:20:00,-1.6352946746748531,-1.6769788
2017-12-08 04:30:00,-1.6311022321365596,-1.6278269
2017-12-08 04:40:00,-1.6386486287054882,-1.6111712
2017-12-08 04:50:00,-1.6084630410515084,-1.6375917
2017-12-08 05:00:00,-1.585823851344722,-1.5747947
2017-12-08 05:10:00,-1.5740850122374996,-1.540757
2017-12-08 05:20:00,-1.586662339852381,-1.5374959
2017-12-08 05:30:00,-1.583308385821746,-1.5642602
2017-12-08 05:40:00,-1.4575351055381387,-1.5380971
2017-12-08 05:50:00,-1.4516656859845276,-1.3552113
2017-12-08 06:00:00,-1.4734663871836544,-1.4279737
2017-12-08 06:10:00,-1.4575351055381387,-1.4316397
2017-12-08 06:20:00,-1.4365728928466701,-1.4213662
2017-12-08 06:30:00,-1.3971639316084437,-1.4077237
2017-12-08 06:40:00,-1.4399268468773048,-1.3722641
2017-12-08 06:50:00,-1.5413839590605434,-1.4402356
2017-12-08 07:00:00,-1.528806631445662,-1.5229318
2017-12-08 07:10:00,-1.4659199906147258,-1.4309382
2017-12-08 07:20:00,-1.4541811515075034,-1.3968439
2017-12-08 07:30:00,-1.4600505710611147,-1.4086635
2017-12-08 07:40:00,-1.4852052276691423,-1.4018636
2017-12-08 07:50:00,-1.4902361587150945,-1.422921
2017-12-08 08:00:00,-1.4307034719147933,-1.4190333
2017-12-08 08:10:00,-1.3250539171932614,-1.3225995
2017-12-08 08:20:00,-1.2185658739640703,-1.2476034
2017-12-08 08:30:00,-1.1347170204416652,-1.167203
2017-12-08 08:40:00,-1.0735073566260465,-1.0945361
2017-12-08 08:50:00,-1.0366138622890615,-1.0339632
2017-12-08 09:00:00,-1.004751297619764,-0.9849513
2017-12-08 09:10:00,-0.8588542917740815,-0.9292317
2017-12-08 09:20:00,-0.8160913778834854,-0.80231637
2017-12-08 09:30:00,-0.7682975301904065,-0.7772273
2017-12-08 09:40:00,-0.7397889209300095,-0.71994096
2017-12-08 09:50:00,-0.6517476248693108,-0.6839703
2017-12-08 10:00:00,-0.560352374777977,-0.60246617
2017-12-08 10:10:00,-0.5092045744325283,-0.50720215
2017-12-08 10:20:00,-0.5016581764853341,-0.46288598
2017-12-08 10:30:00,-0.452187353155203,-0.45539528
2017-12-08 10:40:00,-0.4035550183327307,-0.41147622
2017-12-08 10:50:00,-0.3901392022101908,-0.36710727
2017-12-08 11:00:00,-0.3364759363417662,-0.34965327
2017-12-08 11:10:00,-0.33228349380347216,-0.2812729
2017-12-08 11:20:00,-0.2937130210729046,-0.27708203
2017-12-08 11:30:00,-0.2534655713270199,-0.24723019
2017-12-08 11:40:00,-0.2148950985964523,-0.21245621
2017-12-08 11:50:00,-0.24508068625043233,-0.17901336
2017-12-08 12:00:00,-0.333121982311131,-0.21014434
2017-12-08 12:10:00,-0.43457909449436954,-0.2806039
2017-12-08 12:20:00,-0.38678524817955606,-0.38660064
2017-12-08 12:30:00,-0.4119399034093183,-0.3454514
2017-12-08 12:40:00,-0.4002010643020955,-0.3791621
2017-12-08 12:50:00,-0.4119399034093183,-0.37599027
2017-12-08 13:00:00,-0.39433164474848437,-0.39310858
2017-12-08 13:10:00,-0.34402233291069445,-0.3618517
2017-12-08 13:20:00,-0.3230601188409608,-0.32050213
2017-12-08 13:30:00,-0.35492268351025846,-0.31430617
2017-12-08 13:40:00,-0.3356374478341074,-0.35703853
2017-12-08 13:50:00,-0.36666152261748075,-0.33939958
2017-12-08 14:00:00,-0.39433164474848437,-0.36839232
2017-12-08 14:10:00,-0.37840036310296854,-0.3871817
2017-12-08 14:20:00,-0.39349315624082554,-0.38022363
2017-12-08 14:30:00,-0.40858594937868303,-0.4063817
2017-12-08 14:40:00,-0.3809158286259444,-0.42640635
2017-12-08 14:50:00,-0.39349315624082554,-0.3969386
2017-12-08 15:00:00,-0.49243480290108815,-0.41382414
2017-12-08 15:10:00,-0.452187353155203,-0.50491244
2017-12-08 15:20:00,-0.4144553689322942,-0.4596381
2017-12-08 15:30:00,-0.43122514046373484,-0.42299154
2017-12-08 15:40:00,-0.45721828420115534,-0.45477024
2017-12-08 15:50:00,-0.48824236036279417,-0.48741063
2017-12-08 16:00:00,-0.46392619364069076,-0.51017046
2017-12-08 16:10:00,-0.4697956131943019,-0.46344423
2017-12-08 16:20:00,-0.47063410170196074,-0.4781375
2017-12-08 16:30:00,-0.3859467596718973,-0.4856603
2017-12-08 16:40:00,-0.3364759363417662,-0.38659492
2017-12-08 16:50:00,-0.2752662725261469,-0.3053333
2017-12-08 17:00:00,-0.16626276377398005,-0.20448157
2017-12-08 17:10:00,0.06599855973881828,0.0155131705
2017-12-08 17:20:00,0.45924968223515744,0.36040163
2017-12-08 17:30:00,0.785421722740531,0.7143975
2017-12-08 17:40:00,0.8667551107399593,0.9165777
2017-12-08 17:50:00,0.8726245302935709,0.8776492
2017-12-08 18:00:00,0.8265076609940746,0.8784069
2017-12-08 18:10:00,0.8483083621932015,0.8749106
2017-12-08 18:20:00,0.8558547587621308,0.90210456
2017-12-08 18:30:00,0.8726245302935709,0.8938745
2017-12-08 18:40:00,0.881009415370158,0.90157914
2017-12-08 18:50:00,0.8583702242851062,0.90856546
2017-12-08 19:00:00,0.819799752932804,0.885027
2017-12-08 19:10:00,0.8256691724864157,0.8690255
2017-12-08 19:20:00,0.8122533549856108,0.8607624
2017-12-08 19:30:00,0.7778753261716018,0.8198361
2017-12-08 19:40:00,0.7451742729946453,0.7664539
2017-12-08 19:50:00,0.7543976465788922,0.72883236
2017-12-08 20:00:00,0.7401433419486935,0.74358386
2017-12-08 20:10:00,0.811414866477952,0.7573584
2017-12-08 20:20:00,0.837408011593638,0.86135775
2017-12-08 20:30:00,0.7845832342328722,0.8944596
2017-12-08 20:40:00,0.737627876425717,0.8114772
2017-12-08 20:50:00,0.7049268232487607,0.74617743
2017-12-08 21:00:00,0.6403632067807725,0.6998324
2017-12-08 21:10:00,0.564899238334955,0.6442932
2017-12-08 21:20:00,0.5380676047116092,0.5552158
2017-12-08 21:30:00,0.46428061465937526,0.5255159
2017-12-08 21:40:00,0.44751084312793515,0.43118817
2017-12-08 21:50:00,0.41480978995097867,0.41030002
2017-12-08 22:00:00,0.35863105855957766,0.37618214
2017-12-08 22:10:00,0.30412930418349327,0.32329535
2017-12-08 22:20:00,0.2026721920002547,0.25217563
2017-12-08 22:30:00,0.1339161316157076,0.1395249
2017-12-08 22:40:00,0.03748995047842187,0.08497545
2017-12-08 22:50:00,-0.07067507114435263,-0.028148033
2017-12-08 23:00:00,-0.1612318327280272,-0.15279345
2017-12-08 23:10:00,-0.25933499088063106,-0.23263104
2017-12-08 23:20:00,-0.33731442484942453,-0.3327613
2017-12-08 23:30:00,-0.4438024680786154,-0.4085178
2017-12-08 23:40:00,-0.5938919150843267,-0.5130905
2017-12-08 23:50:00,-0.7037339137224179,-0.6953422
2017-12-09 00:00:00,-0.7867442787371641,-0.7946681
2017-12-09 00:10:00,-0.8404075446055893,-0.82385993
2017-12-09 00:20:00,-0.9234179096203351,-0.9558265
2017-12-09 00:30:00,-0.9988818780661527,-1.0382845
2017-12-09 00:40:00,-1.0693149140877525,-1.1065229
2017-12-09 00:50:00,-1.1263321353650777,-1.1612107
2017-12-09 01:00:00,-1.2001191254173122,-1.1743034
2017-12-09 01:10:00,-1.265521231771225,-1.2391601
2017-12-09 01:20:00,-1.3116381010707214,-1.2825894
2017-12-09 01:30:00,-1.3074456585324274,-1.3201704
2017-12-09 01:40:00,-1.3619474129085112,-1.317497
2017-12-09 01:50:00,-1.4432808009079399,-1.3967153
2017-12-09 02:00:00,-1.4617275480764322,-1.4753048
2017-12-09 02:10:00,-1.4919131357304123,-1.4779845
2017-12-09 02:20:00,-1.5522843096601073,-1.516685
2017-12-09 02:30:00,-1.5782774547757932,-1.5827388
2017-12-09 02:40:00,-1.602593621497897,-1.6036241
2017-12-09 02:50:00,-1.626909789598266,-1.6270872
2017-12-09 03:00:00,-1.6017551329902384,-1.6335453
2017-12-09 03:10:00,-1.6235558355676307,-1.5845859
2017-12-09 03:20:00,-1.6118169964604085,-1.6457459
2017-12-09 03:30:00,-1.6327792091518771,-1.616644
2017-12-09 03:40:00,-1.6537414232216108,-1.6345707
2017-12-09 03:50:00,-1.6621263082981983,-1.6391292
2017-12-09 04:00:00,-1.657095377252246,-1.6548557
2017-12-09 04:10:00,-1.6679957278518096,-1.6352804
2017-12-09 04:20:00,-1.6554184002369285,-1.6707604
2017-12-09 04:30:00,-1.6587723542675636,-1.6339601
2017-12-09 04:40:00,-1.6445180482590995,-1.646132
2017-12-09 04:50:00,-1.6118169964604085,-1.6178987
2017-12-09 05:00:00,-1.6285867666135831,-1.5768039
2017-12-09 05:10:00,-1.620201881536996,-1.5918903
2017-12-09 05:20:00,-1.6017551329902384,-1.5842485
2017-12-09 05:30:00,-1.5807929202987696,-1.5741024
2017-12-09 05:40:00,-1.4491502204615512,-1.5429568
2017-12-09 05:50:00,-1.4047103281773723,-1.34636
2017-12-09 06:00:00,-1.4499887089692098,-1.3737035
2017-12-09 06:10:00,-1.4416038238926223,-1.4136235
2017-12-09 06:20:00,-1.421480098330547,-1.3954959
2017-12-09 06:30:00,-1.4550196400151623,-1.3813453
2017-12-09 06:40:00,-1.542222447568202,-1.4357824
2017-12-09 06:50:00,-1.6688342163594683,-1.5347062
2017-12-09 07:00:00,-1.7216589937202347,-1.6636882
2017-12-09 07:10:00,-1.7040507350594007,-1.6458223
2017-12-09 07:20:00,-1.6696727048671272,-1.6509781
2017-12-09 07:30:00,-1.6436795597514406,-1.6152816
2017-12-09 07:40:00,-1.6503874678127106,-1.5739081
2017-12-09 07:50:00,-1.6076245525438495,-1.5782437
2017-12-09 08:00:00,-1.5111983714065633,-1.5211821
2017-12-09 08:10:00,-1.4843667391614834,-1.395906
2017-12-09 08:20:00,-1.3963254431007848,-1.3989761
2017-12-09 08:30:00,-1.3242154286856025,-1.3061705
2017-12-09 08:40:00,-1.2529439027780784,-1.2441202
2017-12-09 08:50:00,-1.2126964544104588,-1.1668563
2017-12-09 09:00:00,-1.0793767761796575,-1.1311203
2017-12-09 09:10:00,-0.9376722142505338,-0.98755527
2017-12-09 09:20:00,-0.8756240633055217,-0.877211
2017-12-09 09:30:00,-0.8194453319141206,-0.8265847
2017-12-09 09:40:00,-0.7515277600372318,-0.7662192
2017-12-09 09:50:00,-0.6961875171534891,-0.6998914
2017-12-09 10:00:00,-0.6743868145760966,-0.64555275
2017-12-09 10:10:00,-0.6123386636310845,-0.59999007
2017-12-09 10:20:00,-0.5528059782090482,-0.5456109
2017-12-09 10:30:00,-0.4697956131943019,-0.49465975
2017-12-09 10:40:00,-0.3909776907178496,-0.42372128
2017-12-09 10:50:00,-0.3574381490332344,-0.35293072
2017-12-09 11:00:00,-0.3364759363417662,-0.31679368
2017-12-09 11:10:00,-0.3062903486877857,-0.27554828
2017-12-09 11:20:00,-0.29874395211885746,-0.25032514
2017-12-09 11:30:00,-0.2769432495414645,-0.24441625
2017-12-09 11:40:00,-0.23082638024196814,-0.22801952
2017-12-09 11:50:00,-0.2400497538262145,-0.18956636
2017-12-09 12:00:00,-0.18387102243481349,-0.19947329
2017-12-09 12:10:00,-0.2132181215811347,-0.13132674
2017-12-09 12:20:00,-0.16207032123568602,-0.17085628
2017-12-09 12:30:00,-0.12266135999745963,-0.1317162
2017-12-09 12:40:00,-0.06145169618184077,-0.10563767
2017-12-09 12:50:00,-0.064805650212476,-0.052693322
2017-12-09 13:00:00,-0.043843437521007333,-0.056597885
2017-12-09 13:10:00,-0.045520414536324945,-0.023093278
2017-12-09 13:20:00,-0.07654449069796378,-0.03203415
2017-12-09 13:30:00,-0.08576786428220964,-0.07413563
2017-12-09 13:40:00,-0.09750670338943193,-0.08637585
2017-12-09 13:50:00,-0.14362357268892828,-0.1003634
2017-12-09 14:00:00,-0.14446206119658708,-0.14846765
2017-12-09 14:10:00,-0.14446206119658708,-0.13699263
2017-12-09 14:20:00,-0.1763246258658847,-0.14556985
2017-12-09 14:30:00,-0.19309439601905934,-0.19077076
2017-12-09 14:40:00,-0.24424219774277353,-0.2101532
2017-12-09 14:50:00,-0.22998789173430934,-0.26151142
2017-12-09 15:00:00,-0.2257954491960158,-0.24356486
2017-12-09 15:10:00,-0.21154114456581707,-0.22681461
2017-12-09 15:20:00,-0.26939685297253574,-0.2280334
2017-12-09 15:30:00,-0.29119755554992865,-0.29629338
2017-12-09 15:40:00,-0.31551372227203206,-0.3117783
2017-12-09 15:50:00,-0.28448964611039324,-0.32827017
2017-12-09 16:00:00,-0.29874395211885746,-0.29916683
2017-12-09 16:10:00,-0.28616662312571034,-0.30552053
2017-12-09 16:20:00,-0.266042898941901,-0.2949835
2017-12-09 16:30:00,-0.20651021351986473,-0.27190125
2017-12-09 16:40:00,-0.11092252089023732,-0.20406441
2017-12-09 16:50:00,-0.03378157542910266,-0.07886036
2017-12-09 17:00:00,0.04671332406266774,0.03556071
2017-12-09 17:10:00,0.2546584808533627,0.25088823
2017-12-09 17:20:00,0.5976002915119114,0.53035676
2017-12-09 17:30:00,0.8323770805476852,0.80734324
2017-12-09 17:40:00,0.919579888100726,0.97805315
2017-12-09 17:50:00,0.8893943004467451,0.976897
2017-12-09 18:00:00,0.9053255834705274,0.9325398
2017-12-09 18:10:00,0.8835248808931344,0.9688306
2017-12-09 18:20:00,0.8835248808931344,0.93254346
2017-12-09 18:30:00,0.8927482544773803,0.9233959
2017-12-09 18:40:00,0.885201857908452,0.92511773
2017-12-09 18:50:00,0.8483083621932015,0.90318155
2017-12-09 19:00:00,0.8231537069634394,0.85824955
2017-12-09 19:10:00,0.8650781337246416,0.84500253
2017-12-09 19:20:00,0.8139303320009275,0.89372873
2017-12-09 19:30:00,0.8382465001012969,0.8226162
2017-12-09 19:40:00,0.7996760273707297,0.8296355
2017-12-09 19:50:00,0.7627825316554793,0.7817586
2017-12-09 20:00:00,0.7644595086707969,0.7354177
2017-12-09 20:10:00,0.751043692548257,0.7772413
2017-12-09 20:20:00,0.7242120589249121,0.77550685
2017-12-09 20:30:00,0.7141501968330065,0.71606976
2017-12-09 20:40:00,0.7284045028414712,0.69833446
2017-12-09 20:50:00,0.6504250688726773,0.72113097
2017-12-09 21:00:00,0.6177240156957208,0.6331887
2017-12-09 21:10:00,0.5875384280417407,0.6054933
2017-12-09 21:20:00,0.5489679553111727,0.5599062
2017-12-09 21:30:00,0.5070435285499704,0.52223
2017-12-09 21:40:00,0.47769643078191515,0.4760905
2017-12-09 21:50:00,0.4584111937274986,0.43948513
2017-12-09 22:00:00,0.40642490487439065,0.39435324
2017-12-09 22:10:00,0.34102279989874373,0.36609197
2017-12-09 22:20:00,0.25130452682272747,0.2900113
2017-12-09 22:30:00,0.19177184002242623,0.20970733
2017-12-09 22:40:00,0.10373054396172757,0.15081455
2017-12-09 22:50:00,0.03413599644778664,0.05024324
2017-12-09 23:00:00,-0.10421461145070189,-0.022625554
2017-12-09 23:10:00,-0.1998023054585948,-0.16134188
2017-12-09 23:20:00,-0.29287453256524576,-0.26696277
2017-12-09 23:30:00,-0.40607048385570665,-0.38962924
2017-12-09 23:40:00,-0.4957887569317229,-0.5193848
2017-12-09 23:50:00,-0.597245870493227,-0.6010629
2017-12-10 00:00:00,-0.7196651953679342,-0.68202245
2017-12-10 00:10:00,-0.7582356680985017,-0.7777811
2017-12-10 00:20:00,-0.8404075446055893,-0.8807552
2017-12-10 00:30:00,-0.9183869785743828,-0.95138055
2017-12-10 00:40:00,-0.9871430375806649,-1.0127883
2017-12-10 00:50:00,-1.0533836324422365,-1.0704142
2017-12-10 01:00:00,-1.1363939974569828,-1.1111372
2017-12-10 01:10:00,-1.2017961024326298,-1.1771288
2017-12-10 01:20:00,-1.2185658739640703,-1.2124035
2017-12-10 01:30:00,-1.2537823912857373,-1.2266996
2017-12-10 01:40:00,-1.302414727486475,-1.2811668
2017-12-10 01:50:00,-1.3166690321166736,-1.3224825
2017-12-10 02:00:00,-1.352724039324265,-1.3218435
2017-12-10 02:10:00,-1.4298649834071346,-1.3583776
2017-12-10 02:20:00,-1.4432808009079399,-1.4508271
2017-12-10 02:30:00,-1.4608890595687734,-1.4587231
2017-12-10 02:40:00,-1.4793358081155312,-1.4748485
2017-12-10 02:50:00,-1.4977825552840234,-1.5086037
2017-12-10 03:00:00,-1.5388684935375674,-1.514127
2017-12-10 03:10:00,-1.5631846602596708,-1.5501332
2017-12-10 03:20:00,-1.6193633930293372,-1.5624413
2017-12-10 03:30:00,-1.6596108427752225,-1.6461487
2017-12-10 03:40:00,-1.683088520989667,-1.6624193
2017-12-10 03:50:00,-1.677219101436056,-1.6778185
2017-12-10 04:00:00,-1.6738651474054207,-1.6604102
2017-12-10 04:10:00,-1.6478720022897342,-1.650471
2017-12-10 04:20:00,-1.6554184002369285,-1.6298645
2017-12-10 04:30:00,-1.6118169964604085,-1.6576085
2017-12-10 04:40:00,-1.6042705985132142,-1.5882344
2017-12-10 04:50:00,-1.598401178959603,-1.5870883
2017-12-10 05:00:00,-1.6218788585523136,-1.552096
2017-12-10 05:10:00,-1.6084630410515084,-1.5917387
2017-12-10 05:20:00,-1.6093015295591666,-1.5795245
2017-12-10 05:30:00,-1.584146874329405,-1.5822465
2017-12-10 05:40:00,-1.4885591816997774,-1.5328596
2017-12-10 05:50:00,-1.4642430135994087,-1.3935549
2017-12-10 06:00:00,-1.499459532299341,-1.4253489
2017-12-10 06:10:00,-1.5011365093146587,-1.460601
2017-12-10 06:20:00,-1.4919131357304123,-1.4580421
2017-12-10 06:30:00,-1.5070059288682698,-1.4732535
2017-12-10 06:40:00,-1.626909789598266,-1.4947138
2017-12-10 06:50:00,-1.806346335750298,-1.6428307
2017-12-10 07:00:00,-1.962305203687886,-1.8389087
2017-12-10 07:10:00,-1.9924907899636006,-1.9635727
2017-12-10 07:20:00,-2.034415216724803,-1.9813457
2017-12-10 07:30:00,-2.0168069580639694,-2.0313566
2017-12-10 07:40:00,-1.9950062554865764,-1.9543949
2017-12-10 07:50:00,-1.9757210198104254,-1.915314
2017-12-10 08:00:00,-1.934635081556882,-1.8994579
2017-12-10 08:10:00,-1.8801333271807985,-1.8455426
2017-12-10 08:20:00,-1.7962844736583934,-1.7924283
2017-12-10 08:30:00,-1.756875512420167,-1.7035393
2017-12-10 08:40:00,-1.6814115439743493,-1.6648502
2017-12-10 08:50:00,-1.627748278105925,-1.5710161
2017-12-10 09:00:00,-1.512036859914222,-1.5299733
2017-12-10 09:10:00,-1.4457962664309159,-1.3877295
2017-12-10 09:20:00,-1.3342772907775071,-1.3578875
2017-12-10 09:30:00,-1.2152119199334352,-1.2397089
2017-12-10 09:40:00,-1.1498098135795223,-1.126828
2017-12-10 09:50:00,-1.0324214183725025,-1.0773451
2017-12-10 10:00:00,-0.9200639555897003,-0.9635076
2017-12-10 10:10:00,-0.8186068434064618,-0.86307144
2017-12-10 10:20:00,-0.7355964783917155,-0.77050954
2017-12-10 10:30:00,-0.6810947226373666,-0.6953255
2017-12-10 10:40:00,-0.6349778533378703,-0.6437166
2017-12-10 10:50:00,-0.5930534265766679,-0.5969643
2017-12-10 11:00:00,-0.49243480290108815,-0.55440664
2017-12-10 11:10:00,-0.45889526121647295,-0.4521779
2017-12-10 11:20:00,-0.40774746087102426,-0.42170578
2017-12-10 11:30:00,-0.3675000111251395,-0.3791085
2017-12-10 11:40:00,-0.3691769881404567,-0.3437706
2017-12-10 11:50:00,-0.3658230341098219,-0.34191602
2017-12-10 12:00:00,-0.3993625757944372,-0.33803564
2017-12-10 12:10:00,-0.4002010643020955,-0.35276502
2017-12-10 12:20:00,-0.4127783919169766,-0.3660078
2017-12-10 12:30:00,-0.4765035212555719,-0.38829207
2017-12-10 12:40:00,-0.5284898101086793,-0.45136148
2017-12-10 12:50:00,-0.5066891075312864,-0.5025851
2017-12-10 13:00:00,-0.48908084887045294,-0.48848403
2017-12-10 13:10:00,-0.5050121305159693,-0.46353737
2017-12-10 13:20:00,-0.5343592296622904,-0.4938403
2017-12-10 13:30:00,-0.5142355054784806,-0.5317732
2017-12-10 13:40:00,-0.5175894595091158,-0.51553303
2017-12-10 13:50:00,-0.4983042224546993,-0.52115536
2017-12-10 14:00:00,-0.47734200976323066,-0.5005367
2017-12-10 14:10:00,-0.4689571246866436,-0.46578678
2017-12-10 14:20:00,-0.4555413071858382,-0.4640125
2017-12-10 14:30:00,-0.5033351535006516,-0.4596792
2017-12-10 14:40:00,-0.579637610454128,-0.5118557
2017-12-10 14:50:00,-0.6089847096004493,-0.58778524
2017-12-10 15:00:00,-0.6333008763225526,-0.60565937
2017-12-10 15:10:00,-0.6735483260684378,-0.61797404
2017-12-10 15:20:00,-0.6383318073685055,-0.6714698
2017-12-10 15:30:00,-0.6517476248693108,-0.641872
2017-12-10 15:40:00,-0.6819332111450254,-0.66102195
2017-12-10 15:50:00,-0.7129572873066642,-0.6920853
2017-12-10 16:00:00,-0.7104418217836878,-0.72487664
2017-12-10 16:10:00,-0.731404035853422,-0.707084
2017-12-10 16:20:00,-0.7171497298449577,-0.73487806
2017-12-10 16:30:00,-0.7012184481994419,-0.70380104
2017-12-10 16:40:00,-0.629946922291918,-0.6788201
2017-12-10 16:50:00,-0.5159124824937983,-0.58263844
2017-12-10 17:00:00,-0.4220017668794884,-0.43209577
2017-12-10 17:10:00,-0.2274724262113334,-0.21541314
2017-12-10 17:20:00,0.18170997793052154,0.06490357
2017-12-10 17:30:00,0.4550572396968634,0.39008436
2017-12-10 17:40:00,0.5590298187813434,0.5429971
2017-12-10 17:50:00,0.5967618030042526,0.5867481
2017-12-10 18:00:00,0.6051466880808397,0.6045311
2017-12-10 18:10:00,0.5892154050570584,0.6268012
2017-12-10 18:20:00,0.5623837728119786,0.6142161
2017-12-10 18:30:00,0.595084824610669,0.6012771
2017-12-10 18:40:00,0.5892154050570584,0.6291115
2017-12-10 18:50:00,0.6244319237569902,0.6089357
2017-12-10 19:00:00,0.6370092513718714,0.63796693
2017-12-10 19:10:00,0.68144914365605,0.6829917
2017-12-10 19:20:00,0.6739027470871218,0.7335641
2017-12-10 19:30:00,0.6739027470871218,0.71711516
2017-12-10 19:40:00,0.6537790229033125,0.6850247
2017-12-10 19:50:00,0.6915110071262207,0.64790505
2017-12-10 20:00:00,0.7225350819095946,0.7013081
2017-12-10 20:10:00,0.6898340301109032,0.7666471
2017-12-10 20:20:00,0.6261089007723079,0.71546423
2017-12-10 20:30:00,0.6160470386804032,0.6284533
2017-12-10 20:40:00,0.6110161076344514,0.6129514
2017-12-10 20:50:00,0.5598683072890022,0.6061128
2017-12-10 21:00:00,0.5288442311273633,0.5538185
2017-12-10 21:10:00,0.5137514379895058,0.5220424
2017-12-10 21:20:00,0.4718270112283035,0.49904048
2017-12-10 21:30:00,0.44751084312793515,0.4554445
2017-12-10 21:40:00,0.374562340205093,0.45359775
2017-12-10 21:50:00,0.33263791482215666,0.3636048
2017-12-10 22:00:00,0.28652104414439433,0.2953449
2017-12-10 22:10:00,0.2269883587223591,0.2561287
2017-12-10 22:20:00,0.13810857415400163,0.18465884
2017-12-10 22:30:00,0.04419785853969132,0.09850386
2017-12-10 22:40:00,-0.06815960562137621,-0.041993946
2017-12-10 22:50:00,-0.1746476488505671,-0.16780084
2017-12-10 23:00:00,-0.2400497538262145,-0.26341194
2017-12-10 23:10:00,-0.3398298903724009,-0.31262517
2017-12-10 23:20:00,-0.4136168804246354,-0.42055416
2017-12-10 23:30:00,-0.5201049250320918,-0.49962443
2017-12-10 23:40:00,-0.6400087857620881,-0.6142305
2017-12-10 23:50:00,-0.702895425214759,-0.721814
2017-12-11 00:00:00,-0.7758439281376007,-0.78253174
2017-12-11 00:10:00,-0.8915553449510375,-0.84718317
2017-12-11 00:20:00,-0.9879815260883237,-1.0390568
2017-12-11 00:30:00,-1.0558990979652125,-1.101745
2017-12-11 00:40:00,-1.1154317833872487,-1.1461935
2017-12-11 00:50:00,-1.1758029586952088,-1.1816689
2017-12-11 01:00:00,-1.2194043624717288,-1.2210004
2017-12-11 01:10:00,-1.2579748352022964,-1.2261144
2017-12-11 01:20:00,-1.2864834444626938,-1.2609024
2017-12-11 01:30:00,-1.3577549703702172,-1.300412
2017-12-11 01:40:00,-1.3678168324621225,-1.3774468
2017-12-11 01:50:00,-1.4013563741467376,-1.3813101
2017-12-11 02:00:00,-1.4248340523611822,-1.4039102
2017-12-11 02:10:00,-1.4818512736385077,-1.4302782
2017-12-11 02:20:00,-1.5019749978223174,-1.5105877
2017-12-11 02:30:00,-1.5036519748376345,-1.529079
2017-12-11 02:40:00,-1.3686553209697812,-1.5617564
2017-12-11 02:50:00,-1.3552395048472412,-1.4677815
2017-12-11 03:00:00,-1.365301366939146,-1.4241185
2017-12-11 03:10:00,-1.393809977577809,-1.3953431
2017-12-11 03:20:00,-1.3871020681382735,-1.3766373
2017-12-11 03:30:00,-1.4281880063918169,-1.337621
2017-12-11 03:40:00,-1.5028134863299758,-1.4062986
2017-12-11 03:50:00,-1.4944286012533887,-1.4816691
2017-12-11 04:00:00,-1.4717894101683369,-1.4669783
2017-12-11 04:10:00,-1.4474732434462334,-1.445888
2017-12-11 04:20:00,-1.3921330005624912,-1.4415123
2017-12-11 04:30:00,-1.4784973196078723,-1.3654282
2017-12-11 04:40:00,-1.5388684935375674,-1.4512279
2017-12-11 04:50:00,-1.5564767521984009,-1.455447
2017-12-11 05:00:00,-1.5380300050299085,-1.4887235
2017-12-11 05:10:00,-1.5657001271609121,-1.4791207
2017-12-11 05:20:00,-1.5673771041762299,-1.544249
2017-12-11 05:30:00,-1.5380300050299085,-1.5364883
2017-12-11 05:40:00,-1.4399268468773048,-1.5005543
2017-12-11 05:50:00,-1.382071137092321,-1.353075
2017-12-11 06:00:00,-1.3728477635080747,-1.3225918
2017-12-11 06:10:00,-1.4164491672845947,-1.323023
2017-12-11 06:20:00,-1.3334388022698485,-1.384383
2017-12-11 06:30:00,-1.31247658957838,-1.2772688
2017-12-11 06:40:00,-1.4055488166850312,-1.285501
2017-12-11 06:50:00,-1.527129654430345,-1.3821208
2017-12-11 07:00:00,-1.4919131357304123,-1.4789474
2017-12-11 07:10:00,-1.2646827432635663,-1.4059712
2017-12-11 07:20:00,-1.244559017701491,-1.146296
2017-12-11 07:30:00,-1.1867033092947727,-1.2314731
2017-12-11 07:40:00,-1.194249705863701,-1.1213831
2017-12-11 07:50:00,-1.194249705863701,-1.1337173
2017-12-11 08:00:00,-1.0424832818426726,-1.1116946
2017-12-11 08:10:00,-0.9200639555897003,-0.9385713
2017-12-11 08:20:00,-0.8462769641592004,-0.86620164
2017-12-11 08:30:00,-0.7993216063520453,-0.8018067
2017-12-11 08:40:00,-0.7557202025755253,-0.748259
2017-12-11 08:50:00,-0.6525861133769691,-0.69937265
2017-12-11 09:00:00,-0.5351977181699493,-0.60526115
2017-12-11 09:10:00,-0.6198850602000132,-0.4925772
2017-12-11 09:20:00,-0.72218066089091,-0.542948
2017-12-11 09:30:00,-0.6643249524841914,-0.607518
2017-12-11 09:40:00,-0.5922149380690092,-0.5682202
2017-12-11 09:50:00,-0.5695757483622234,-0.52199435
2017-12-11 10:00:00,-0.4815344523015247,-0.49248877
2017-12-11 10:10:00,-0.4270326979254408,-0.38521907
2017-12-11 10:20:00,-0.3398298903724009,-0.33424485
2017-12-11 10:30:00,-0.2702353414801945,-0.25870562
2017-12-11 10:40:00,-0.23585731128792048,-0.20037374
2017-12-11 10:50:00,-0.19560986154203577,-0.16902761
2017-12-11 11:00:00,-0.12769229104341245,-0.13463336
2017-12-11 11:10:00,-0.09750670338943193,-0.14797471
2017-12-11 11:20:00,-0.02204273632188037,-0.031114819
2017-12-11 11:30:00,0.04922878958564416,0.046751227
2017-12-11 11:40:00,0.05342123212393719,0.07408397
2017-12-11 11:50:00,0.09031472783918766,0.06389533
2017-12-11 12:00:00,0.1339161316157076,0.09312563
2017-12-11 12:10:00,0.16074776523905238,0.15361768
2017-12-11 12:20:00,0.15907078822373477,0.19074821
2017-12-11 12:30:00,0.1481704362459063,0.20286079
2017-12-11 12:40:00,0.19596428256071927,0.19555993
2017-12-11 12:50:00,0.15571683419310056,0.24099742
2017-12-11 13:00:00,0.13223915460038999,0.19763789
2017-12-11 13:10:00,0.09115321634684648,0.17137958
2017-12-11 13:20:00,0.029105065401833805,0.110942736
2017-12-11 13:30:00,-0.00024203374448741017,0.05489056
2017-12-11 13:40:00,-0.025396690352514593,0.0103453025
2017-12-11 13:50:00,-0.03462006393676097,-0.0097359605
2017-12-11 14:00:00,-0.046358903043983754,-0.031255893
2017-12-11 14:10:00,-0.07402902517498736,-0.033162884
2017-12-11 14:20:00,-0.12349984850511843,-0.07823734
2017-12-11 14:30:00,-0.17884009138886114,-0.13347887
2017-12-11 14:40:00,-0.19309439601905934,-0.18926807
2017-12-11 14:50:00,-0.2148950985964523,-0.1984316
2017-12-11 15:00:00,-0.20986416755049997,-0.218457
2017-12-11 15:10:00,-0.16290880974334482,-0.19778849
2017-12-11 15:20:00,-0.14781601522722182,-0.16059954
2017-12-11 15:30:00,-0.14110810716595237,-0.16188091
2017-12-11 15:40:00,-0.17884009138886114,-0.16174485
2017-12-11 15:50:00,-0.20902567904284117,-0.21138014
2017-12-11 16:00:00,-0.26101196789594866,-0.24222252
2017-12-11 16:10:00,-0.2769432495414645,-0.27585244
2017-12-11 16:20:00,-0.2425652207274559,-0.2841217
2017-12-11 16:30:00,-0.3054518601801269,-0.23746601
2017-12-11 16:40:00,-0.3616305915715284,-0.30700833
2017-12-11 16:50:00,-0.3197061648103256,-0.35688764
2017-12-11 17:00:00,-0.20651021351986473,-0.25664696
2017-12-11 17:10:00,0.07438344619367135,-0.017045911
2017-12-11 17:20:00,0.4340950270053952,0.43861055
2017-12-11 17:30:00,0.7560746235942098,0.7340677
2017-12-11 17:40:00,0.859208712792765,0.91379815
2017-12-11 17:50:00,0.8432774311472496,0.9090142
2017-12-11 18:00:00,0.8751399958165473,0.8270827
2017-12-11 18:10:00,0.8701090647705945,0.89352036
2017-12-11 18:20:00,0.8734630188012297,0.8948071
2017-12-11 18:30:00,0.8525008047314956,0.8860339
2017-12-11 18:40:00,0.8583702242851062,0.8643976
2017-12-11 18:50:00,0.7946450963247769,0.8786162
2017-12-11 19:00:00,0.7845832342328722,0.79736257
2017-12-11 19:10:00,0.8541777817468131,0.8046677
2017-12-11 19:20:00,0.9531194297853403,0.8646956
2017-12-11 19:30:00,0.9271262846696543,0.98175013
2017-12-11 19:40:00,0.8860403464161108,0.925336
2017-12-11 19:50:00,0.8902327889544038,0.85207534
2017-12-11 20:00:00,0.8625626682016663,0.8695965
2017-12-11 20:10:00,0.9405421007921942,0.863766
2017-12-11 20:20:00,0.9128719800394556,0.987036
2017-12-11 20:30:00,0.8919097659697215,0.9189731
2017-12-11 20:40:00,0.8441159196549085,0.8600594
2017-12-11 20:50:00,0.8231537069634394,0.7978033
2017-12-11 21:00:00,0.7493667155329394,0.7909896
2017-12-11 21:10:00,0.7149886853406653,0.74304926
2017-12-11 21:20:00,0.6881570530955855,0.69584125
2017-12-11 21:30:00,0.616885527188062,0.6606116
2017-12-11 21:40:00,0.5254902770967281,0.56814396
2017-12-11 21:50:00,0.4953046894427481,0.4716171
2017-12-11 22:00:00,0.404747927859073,0.44113404
2017-12-11 22:10:00,0.36869292065148235,0.33231726
2017-12-11 22:20:00,0.24878906129975104,0.30372122
2017-12-11 22:30:00,0.15236287878419932,0.18443899
2017-12-11 22:40:00,0.04252088152437371,0.08129783
2017-12-11 22:50:00,-0.05558227662822962,-0.023879424
2017-12-11 23:00:00,-0.15200845776551583,-0.122904
2017-12-11 23:10:00,-0.2509501058040435,-0.19699544
2017-12-11 23:20:00,-0.34402233291069445,-0.29625767
2017-12-11 23:30:00,-0.46392619364069076,-0.39024904
2017-12-11 23:40:00,-0.6014383130315205,-0.521467
2017-12-11 23:50:00,-0.702895425214759,-0.66818005
2017-12-12 00:00:00,-0.7976446293367276,-0.7589338
2017-12-12 00:10:00,-0.8915553449510375,-0.8102361
2017-12-12 00:20:00,-0.9770811754887602,-1.0150877
2017-12-12 00:30:00,-1.039129327812038,-1.0665098
2017-12-12 00:40:00,-1.10117747875705,-1.1146007
2017-12-12 00:50:00,-1.1623871411944033,-1.1597409
2017-12-12 01:00:00,-1.2059885449709238,-1.2116953
2017-12-12 01:10:00,-1.2319816900866098,-1.2292008
2017-12-12 01:20:00,-1.285644955955035,-1.2611833
2017-12-12 01:30:00,-1.329246359731555,-1.3401827
2017-12-12 01:40:00,-1.3686553209697812,-1.3798631
2017-12-12 01:50:00,-1.3988409086237612,-1.412328
2017-12-12 02:00:00,-1.4298649834071346,-1.410237
2017-12-12 02:10:00,-1.4449577779232576,-1.4364121
2017-12-12 02:20:00,-1.4600505710611147,-1.4776914
2017-12-12 02:30:00,-1.5086829058835869,-1.4980779
2017-12-12 02:40:00,-1.5170677909601744,-1.5373678
2017-12-12 02:50:00,-1.5162293024525155,-1.535109
2017-12-12 03:00:00,-1.5237757003997099,-1.5302294
2017-12-12 03:10:00,-1.5564767521984009,-1.5352054
2017-12-12 03:20:00,-1.566538615668571,-1.5894985
2017-12-12 03:30:00,-1.622717347059972,-1.5827777
2017-12-12 03:40:00,-1.640325605720806,-1.6461557
2017-12-12 03:50:00,-1.6612878197905396,-1.6413088
2017-12-12 04:00:00,-1.6688342163594683,-1.6796559
2017-12-12 04:10:00,-1.640325605720806,-1.6595883
2017-12-12 04:20:00,-1.639487117213147,-1.6428232
2017-12-12 04:30:00,-1.6260713010906072,-1.635797
2017-12-12 04:40:00,-1.6009166444825795,-1.6282178
2017-12-12 04:50:00,-1.584146874329405,-1.5957049
2017-12-12 05:00:00,-1.566538615668571,-1.5620387
2017-12-12 05:10:00,-1.5606691947366944,-1.5387976
2017-12-12 05:20:00,-1.555638263690742,-1.5556657
2017-12-12 05:30:00,-1.5397069820452263,-1.5523527
2017-12-12 05:40:00,-1.465081502107067,-1.5280774
2017-12-12 05:50:00,-1.4005178856390788,-1.4127247
2017-12-12 06:00:00,-1.4332189388160348,-1.3621633
2017-12-12 06:10:00,-1.395486954593126,-1.4132951
2017-12-12 06:20:00,-1.3661398554468047,-1.3800232
2017-12-12 06:30:00,-1.3493700852936301,-1.3448008
2017-12-12 06:40:00,-1.36949380947744,-1.3273194
2017-12-12 06:50:00,-1.4659199906147258,-1.3646097
2017-12-12 07:00:00,-1.4667584791223844,-1.4750307
2017-12-12 07:10:00,-1.4164491672845947,-1.4193926
2017-12-12 07:20:00,-1.4332189388160348,-1.3927754
2017-12-12 07:30:00,-1.4072257937003487,-1.4331539
2017-12-12 07:40:00,-1.4634045250917498,-1.3847737
2017-12-12 07:50:00,-1.4684354561377022,-1.4578128
2017-12-12 08:00:00,-1.3485315967859715,-1.4383283
2017-12-12 08:10:00,-1.2512669257627609,-1.2803838
2017-12-12 08:20:00,-1.1984421484019951,-1.2194718
2017-12-12 08:30:00,-1.1799954012335028,-1.1821342
2017-12-12 08:40:00,-1.0835692200962166,-1.1609426
2017-12-12 08:50:00,-1.021521067772939,-1.057497
2017-12-12 09:00:00,-0.9209024440973592,-0.9966649
2017-12-12 09:10:00,-0.7817133476912118,-0.8844135
2017-12-12 09:20:00,-0.6953490286458308,-0.76345396
2017-12-12 09:30:00,-0.6224005257229891,-0.68223214
2017-12-12 09:40:00,-0.6249159912459655,-0.6052538
2017-12-12 09:50:00,-0.5871840070230568,-0.5938101
2017-12-12 10:00:00,-0.5201049250320918,-0.55306995
2017-12-12 10:10:00,-0.42116327837182965,-0.47300127
2017-12-12 10:20:00,-0.3356374478341074,-0.3875703
2017-12-12 10:30:00,-0.28616662312571034,-0.30947453
2017-12-12 10:40:00,-0.24843464028106757,-0.2589652
2017-12-12 10:50:00,-0.24591917475809114,-0.21872148
2017-12-12 11:00:00,-0.18890195348076583,-0.21507908
2017-12-12 11:10:00,-0.16542427526632125,-0.14767872
2017-12-12 11:20:00,-0.1352386876123407,-0.12566046
2017-12-12 11:30:00,-0.09163728383582079,-0.10018274
2017-12-12 11:40:00,-0.08996030682050368,-0.060557175
2017-12-12 11:50:00,-0.012819361359368507,-0.057279184
2017-12-12 12:00:00,-0.020365757928296764,0.0052234754
2017-12-12 12:10:00,0.009819828347417266,0.015955023
2017-12-12 12:20:00,-0.0119808728517097,0.03612384
2017-12-12 12:30:00,-0.08157542174391612,0.0027273837
2017-12-12 12:40:00,-0.07319053666732855,-0.0676032
2017-12-12 12:50:00,-0.06396716170481719,-0.06854108
2017-12-12 13:00:00,-0.11846891745916609,-0.05449609
2017-12-12 13:10:00,-0.0933142608511384,-0.094473034
2017-12-12 13:20:00,-0.0807369332362573,-0.08263147
2017-12-12 13:30:00,-0.12853077955107126,-0.07379682
2017-12-12 13:40:00,-0.15284694627317466,-0.13007042
2017-12-12 13:50:00,-0.16290880974334482,-0.15953684
2017-12-12 14:00:00,-0.1344001991046824,-0.17140849
2017-12-12 14:10:00,-0.1344001991046824,-0.13594966
2017-12-12 14:20:00,-0.1327232220893648,-0.14276442
2017-12-12 14:30:00,-0.13691566462765833,-0.15255651
2017-12-12 14:40:00,-0.3264140728715955,-0.16670944
2017-12-12 14:50:00,-0.281135692079758,-0.35618138
2017-12-12 15:00:00,-0.32222163033330203,-0.3031692
2017-12-12 15:10:00,-0.32222163033330203,-0.32285273
2017-12-12 15:20:00,-0.3297680269022308,-0.3315158
2017-12-12 15:30:00,-0.32557558436393674,-0.34620768
2017-12-12 15:40:00,-0.3809158286259444,-0.3475692
2017-12-12 15:50:00,-0.3431838444030357,-0.40175277
2017-12-12 16:00:00,-0.32725256137925435,-0.35810995
2017-12-12 16:10:00,-0.2735892955108292,-0.33266366
2017-12-12 16:20:00,-0.24088824233387332,-0.29119247
2017-12-12 16:30:00,-0.2283109147189922,-0.26875892
2017-12-12 16:40:00,-0.15200845776551583,-0.26186636
2017-12-12 16:50:00,-0.0924757723434796,-0.16423412
2017-12-12 17:00:00,0.02407413435588197,-0.074661225
2017-12-12 17:10:00,0.21357254259981917,0.1789868
2017-12-12 17:20:00,0.5757995889345184,0.528351
2017-12-12 17:30:00,0.9547964068006579,0.8347716
2017-12-12 17:40:00,0.9916899011376424,1.0846468
2017-12-12 17:50:00,1.0109751381920589,1.0556462
2017-12-12 18:00:00,1.0118136266997177,1.020587
2017-12-12 18:10:00,0.993366879531226,1.0825518
2017-12-12 18:20:00,0.9908514126299836,1.0545713
2017-12-12 18:30:00,0.9916899011376424,1.0361172
2017-12-12 18:40:00,0.9874974585993493,1.0261018
2017-12-12 18:50:00,0.9623428033695872,1.0249393
2017-12-12 19:00:00,0.9656967574002214,0.98331094
2017-12-12 19:10:00,0.9774355965074437,0.99975705
2017-12-12 19:20:00,0.9740816424768095,1.0053129
2017-12-12 19:30:00,0.8818479038778168,0.9793707
2017-12-12 19:40:00,0.8323770805476852,0.86231357
2017-12-12 19:50:00,0.7996760273707297,0.80227923
2017-12-12 20:00:00,0.7669749741937734,0.7759054
2017-12-12 20:10:00,0.8248306839787569,0.77639085
2017-12-12 20:20:00,0.8441159196549085,0.8872742
2017-12-12 20:30:00,0.8097378894626345,0.88664263
2017-12-12 20:40:00,0.8122533549856108,0.81323314
2017-12-12 20:50:00,0.7946450963247769,0.8296311
2017-12-12 21:00:00,0.7594285776248441,0.8240777
2017-12-12 21:10:00,0.7040883347411019,0.7901186
2017-12-12 21:20:00,0.6085006421114749,0.7026653
2017-12-12 21:30:00,0.530521208142681,0.5999039
2017-12-12 21:40:00,0.4273871189441248,0.5198602
2017-12-12 21:50:00,0.37540083009101777,0.3659915
2017-12-12 22:00:00,0.3091602352294461,0.3591484
2017-12-12 22:10:00,0.23788870932192258,0.28794724
2017-12-12 22:20:00,0.15236287878419932,0.20473212
2017-12-12 22:30:00,0.026589599878857385,0.11303109
2017-12-12 22:40:00,-0.07151355965201144,-0.021112073
2017-12-12 22:50:00,-0.19141741900374223,-0.14059189
2017-12-12 23:00:00,-0.2920360440575875,-0.26784548
2017-12-12 23:10:00,-0.3792388516106273,-0.34902352
2017-12-12 23:20:00,-0.48740387185513584,-0.4198982
2017-12-12 23:30:00,-0.6265929682612826,-0.5625646
2017-12-12 23:40:00,-0.7188267068602754,-0.70830774
2017-12-12 23:50:00,-0.7859057902295054,-0.78085697
2017-12-13 00:00:00,-0.8638852241982994,-0.83928347
2017-12-13 00:10:00,-0.9485725662283627,-0.8903711
2017-12-13 00:20:00,-1.0089437401580579,-1.0864407
2017-12-13 00:30:00,-1.0793767761796575,-1.1174726
2017-12-13 00:40:00,-1.1204627144332011,-1.1687733
2017-12-13 00:50:00,-1.1799954012335028,-1.1795952
2017-12-13 01:00:00,-1.2428820406861738,-1.2330372
2017-12-13 01:10:00,-1.291514375508646,-1.282212
2017-12-13 01:20:00,-1.340985198838777,-1.3236883
2017-12-13 01:30:00,-1.3745247405233925,-1.374548
2017-12-13 01:40:00,-1.4608890595687734,-1.4083835
2017-12-13 01:50:00,-1.4919131357304123,-1.5006716
2017-12-13 02:00:00,-1.5128753484218809,-1.5039164
2017-12-13 02:10:00,-1.5506073326447896,-1.5268822
2017-12-13 02:20:00,-1.590016293883016,-1.5865177
2017-12-13 02:30:00,-1.6118169964604085,-1.6389542
2017-12-13 02:40:00,-1.6151709504910436,-1.6409938
2017-12-13 02:50:00,-1.6260713010906072,-1.6246378
2017-12-13 03:00:00,-1.6352946746748531,-1.6343417
2017-12-13 03:10:00,-1.6847654980049847,-1.6383749
2017-12-13 03:20:00,-1.689796429050937,-1.708849
2017-12-13 03:30:00,-1.7082431775976947,-1.6985059
2017-12-13 03:40:00,-1.7006967810287659,-1.7241306
2017-12-13 03:50:00,-1.696504337112207,-1.693981
2017-12-13 04:00:00,-1.6931503830815717,-1.6991355
2017-12-13 04:10:00,-1.6956658486045482,-1.6757355
2017-12-13 04:20:00,-1.7099201546130123,-1.6890885
2017-12-13 04:30:00,-1.7074046890900358,-1.7133532
2017-12-13 04:40:00,-1.689796429050937,-1.6921451
2017-12-13 04:50:00,-1.6805730554666907,-1.6721282
2017-12-13 05:00:00,-1.6713496818824447,-1.6531342
2017-12-13 05:10:00,-1.647033513782076,-1.6364751
2017-12-13 05:20:00,-1.6478720022897342,-1.623182
2017-12-13 05:30:00,-1.626909789598266,-1.6398877
2017-12-13 05:40:00,-1.5170677909601744,-1.590349
2017-12-13 05:50:00,-1.4223185868382058,-1.438935
2017-12-13 06:00:00,-1.4273495178841582,-1.3732066
2017-12-13 06:10:00,-1.3854250911229558,-1.4020116
2017-12-13 06:20:00,-1.3476931082783126,-1.3579061
2017-12-13 06:30:00,-1.3300848482392136,-1.3334005
2017-12-13 06:40:00,-1.3594319473855347,-1.3078103
2017-12-13 06:50:00,-1.4600505710611147,-1.3554733
2017-12-13 07:00:00,-1.4634045250917498,-1.4680399
2017-12-13 07:10:00,-1.382071137092321,-1.3961915
2017-12-13 07:20:00,-1.3711707864927571,-1.3236034
2017-12-13 07:30:00,-1.3829096255999793,-1.3463795
2017-12-13 07:40:00,-1.3795556715693447,-1.3417413
2017-12-13 07:50:00,-1.3988409086237612,-1.34128
2017-12-13 08:00:00,-1.2889989099856696,-1.3542383
2017-12-13 08:10:00,-1.2294662245636339,-1.1956458
2017-12-13 08:20:00,-1.1665795837326973,-1.1808803
2017-12-13 08:30:00,-1.1221396914485187,-1.1296287
2017-12-13 08:40:00,-0.9963664125431767,-1.084764
2017-12-13 08:50:00,-0.9359952372352162,-0.9563803
2017-12-13 09:00:00,-0.9032941840582602,-0.9042262
2017-12-13 09:10:00,-0.813575910982244,-0.8569089
2017-12-13 09:20:00,-0.7641050876521129,-0.78041285
2017-12-13 09:30:00,-0.690318097599878,-0.7326827
2017-12-13 09:40:00,-0.616531106169378,-0.6635517
2017-12-13 09:50:00,-0.6265929682612826,-0.593984
2017-12-13 10:00:00,-0.5276513216010206,-0.59038484
2017-12-13 10:10:00,-0.46392619364069076,-0.48848563
2017-12-13 10:20:00,-0.3574381490332344,-0.42963463
2017-12-13 10:30:00,-0.3113212797337385,-0.34148103
2017-12-13 10:40:00,-0.29119755554992865,-0.29201695
2017-12-13 10:50:00,-0.2257954491960158,-0.26809487
2017-12-13 11:00:00,-0.22160300665772226,-0.20857605
2017-12-13 11:10:00,-0.224956960688357,-0.18477271
2017-12-13 11:20:00,-0.15620090168207487,-0.19573879
2017-12-13 11:30:00,-0.10673007697367831,-0.14600594
2017-12-13 11:40:00,-0.07738297920562258,-0.10767546
2017-12-13 11:50:00,-0.0924757723434796,-0.08159238
2017-12-13 12:00:00,-0.0790599562209397,-0.08963862
2017-12-13 12:10:00,-0.06899809412903501,-0.066579446
2017-12-13 12:20:00,-0.043843437521007333,-0.05888486
2017-12-13 12:30:00,-0.08409088726689254,-0.037774086
2017-12-13 12:40:00,-0.08744484129752726,-0.072103344
2017-12-13 12:50:00,-0.0782214677132814,-0.076720476
2017-12-13 13:00:00,-0.09582972637411483,-0.066066094
2017-12-13 13:10:00,-0.11176100939789614,-0.06679879
2017-12-13 13:20:00,-0.09834519189709075,-0.0954496
2017-12-13 13:30:00,-0.15116996925785703,-0.093769774
2017-12-13 13:40:00,-0.10002216891240835,-0.14956124
2017-12-13 13:50:00,-0.15536241317441607,-0.104049325
2017-12-13 14:00:00,-0.1729706718352495,-0.16198419
2017-12-13 14:10:00,-0.2543040598346787,-0.17134123
2017-12-13 14:20:00,-0.1746476488505671,-0.24927963
2017-12-13 14:30:00,-0.21070265605815877,-0.17334928
2017-12-13 14:40:00,-0.2006407939662536,-0.21904807
2017-12-13 14:50:00,-0.2140566100887935,-0.21126808
2017-12-13 15:00:00,-0.2652044104342422,-0.2219378
2017-12-13 15:10:00,-0.27610476103380566,-0.26058453
2017-12-13 15:20:00,-0.23837277681089689,-0.27998933
2017-12-13 15:30:00,-0.2668813874495598,-0.24644816
2017-12-13 15:40:00,-0.28532813461805207,-0.28929225
2017-12-13 15:50:00,-0.30125941764183334,-0.31835052
2017-12-13 16:00:00,-0.32389860734861964,-0.32478184
2017-12-13 16:10:00,-0.29958244062651573,-0.33278066
2017-12-13 16:20:00,-0.27275080700317095,-0.31853727
2017-12-13 16:30:00,-0.23082638024196814,-0.29470664
2017-12-13 16:40:00,-0.16207032123568602,-0.23714317
2017-12-13 16:50:00,-0.0933142608511384,-0.15437572
2017-12-13 17:00:00,-0.032943086921443855,-0.043954626
2017-12-13 17:10:00,0.21105707707684276,0.15464981
2017-12-13 17:20:00,0.5288442311273633,0.5060078
2017-12-13 17:30:00,0.8961022085080155,0.76460576
2017-12-13 17:40:00,1.045353168384333,0.954965
2017-12-13 17:50:00,1.0738617776447303,1.0536373
2017-12-13 18:00:00,1.0445146798766742,1.0635445
2017-12-13 18:10:00,1.0386452603230636,1.0695628
2017-12-13 18:20:00,1.0361297934218212,1.0593091
2017-12-13 18:30:00,0.9690507114308566,1.0254714
2017-12-13 18:40:00,0.9707276884461742,0.9631432
2017-12-13 18:50:00,0.9765971079997858,0.9749583
2017-12-13 19:00:00,0.9967208335618603,0.994472
2017-12-13 19:10:00,1.0084596726690835,1.0272183
2017-12-13 19:20:00,0.9992362990848367,1.0243125
2017-12-13 19:30:00,0.9908514126299836,0.9877306
2017-12-13 19:40:00,0.9522809412776815,0.96831465
2017-12-13 19:50:00,0.9514424527700237,0.9197229
2017-12-13 20:00:00,0.9254493076543366,0.9229617
2017-12-13 20:10:00,0.9422190778075118,0.93211716
2017-12-13 20:20:00,0.9472500088534637,0.97060645
2017-12-13 20:30:00,0.9321572157156072,0.9681975
2017-12-13 20:40:00,0.8868788349237696,0.9225135
2017-12-13 20:50:00,0.8533392932391544,0.8747653
2017-12-13 21:00:00,0.8063839354319992,0.8447692
2017-12-13 21:10:00,0.7401433419486935,0.8330461
2017-12-13 21:20:00,0.6655178620105348,0.7342329
2017-12-13 21:30:00,0.6235934352493324,0.6288814
2017-12-13 21:40:00,0.5221363230660939,0.590129
2017-12-13 21:50:00,0.46511910316703403,0.46138158
2017-12-13 22:00:00,0.42654863043646596,0.41061318
2017-12-13 22:10:00,0.32676849389028,0.3818568
2017-12-13 22:20:00,0.2420811518602156,0.26652372
2017-12-13 22:30:00,0.14565497072292988,0.181561
2017-12-13 22:40:00,0.02407413435588197,0.07511464
2017-12-13 22:50:00,-0.10924554249665473,-0.055290047
2017-12-13 23:00:00,-0.23166486874962694,-0.19501151
2017-12-13 23:10:00,-0.3197061648103256,-0.3004632
2017-12-13 23:20:00,-0.41948630135651205,-0.37757105
2017-12-13 23:30:00,-0.5511290011937306,-0.4676867
2017-12-13 23:40:00,-0.6609709984535568,-0.6233573
2017-12-13 23:50:00,-0.7473353174989378,-0.72922516
2017-12-14 00:00:00,-0.8295071940060252,-0.8209013
2017-12-14 00:10:00,-0.9192254670820416,-0.85652184
2017-12-14 00:20:00,-0.9577959398126091,-1.0426013
2017-12-14 00:30:00,-1.0483527013962841,-1.0668008
2017-12-14 00:40:00,-1.1036929442800265,-1.1414776
2017-12-14 00:50:00,-1.1431019055182527,-1.1670079
2017-12-14 01:00:00,-1.1883802863100899,-1.1895672
2017-12-14 01:10:00,-1.2521054142704195,-1.2137927
2017-12-14 01:20:00,-1.298222283569916,-1.2801015
2017-12-14 01:30:00,-1.3166690321166736,-1.3317277
2017-12-14 01:40:00,-1.340985198838777,-1.3376236
2017-12-14 01:50:00,-1.393809977577809,-1.3650349
2017-12-14 02:00:00,-1.4634045250917498,-1.4089108
2017-12-14 02:10:00,-1.512036859914222,-1.4650003
2017-12-14 02:20:00,-1.529645119953321,-1.5330476
2017-12-14 02:30:00,-1.555638263690742,-1.5578966
2017-12-14 02:40:00,-1.5782774547757932,-1.5893137
2017-12-14 02:50:00,-1.6000781559749206,-1.6003711
2017-12-14 03:00:00,-1.6302637436289007,-1.617331
2017-12-14 03:10:00,-1.6495489793050517,-1.6315937
2017-12-14 03:20:00,-1.647033513782076,-1.6709789
2017-12-14 03:30:00,-1.636133163182512,-1.6746402
2017-12-14 03:40:00,-1.6445180482590995,-1.6395087
2017-12-14 03:50:00,-1.6495489793050517,-1.6397946
2017-12-14 04:00:00,-1.6520644448280282,-1.6444876
2017-12-14 04:10:00,-1.633617697659536,-1.6428182
2017-12-14 04:20:00,-1.6344561861671947,-1.6251463
2017-12-14 04:30:00,-1.614332461983385,-1.6323953
2017-12-14 04:40:00,-1.586662339852381,-1.5950613
2017-12-14 04:50:00,-1.562346171752012,-1.5720024
2017-12-14 05:00:00,-1.533837562491615,-1.5401642
2017-12-14 05:10:00,-1.521260234876734,-1.4938428
2017-12-14 05:20:00,-1.5153908139448569,-1.4995298
2017-12-14 05:30:00,-1.4919131357304123,-1.4882429
2017-12-14 05:40:00,-1.4164491672845947,-1.4705746
2017-12-14 05:50:00,-1.365301366939146,-1.357517
2017-12-14 06:00:00,-1.4172876557922536,-1.3118958
2017-12-14 06:10:00,-1.3904560235471737,-1.3807924
2017-12-14 06:20:00,-1.3686553209697812,-1.3475438
2017-12-14 06:30:00,-1.340985198838777,-1.3386413
2017-12-14 06:40:00,-1.372009275000416,-1.3038179
2017-12-14 06:50:00,-1.432380448930111,-1.3547261
2017-12-14 07:00:00,-1.4206416098228882,-1.4129598
2017-12-14 07:10:00,-1.3896175350395148,-1.3460598
2017-12-14 07:20:00,-1.3921330005624912,-1.3362362
2017-12-14 07:30:00,-1.3736862520157336,-1.3542086
2017-12-14 07:40:00,-1.41309521325396,-1.3180702
2017-12-14 07:50:00,-1.4340574273236937,-1.3659251
2017-12-14 08:00:00,-1.3384697333158007,-1.3768158
2017-12-14 08:10:00,-1.244559017701491,-1.2318552
2017-12-14 08:20:00,-1.1573562101484511,-1.1803626
2017-12-14 08:30:00,-1.11459329487959,-1.1160215
2017-12-14 08:40:00,-1.0064282746350814,-1.0748202
2017-12-14 08:50:00,-0.9485725662283627,-0.96838164
2017-12-14 09:00:00,-0.8655622012136169,-0.9152561
2017-12-14 09:10:00,-0.7607511336214777,-0.8154267
2017-12-14 09:20:00,-0.7037339137224179,-0.72693616
2017-12-14 09:30:00,-0.623239014230648,-0.6729698
2017-12-14 09:40:00,-0.5704142368698817,-0.59748566
2017-12-14 09:50:00,-0.5024966649929928,-0.5448384
2017-12-14 10:00:00,-0.42619420941778197,-0.48217875
2017-12-14 10:10:00,-0.35408419500259963,-0.39700574
2017-12-14 10:20:00,-0.296228486595881,-0.3301583
2017-12-14 10:30:00,-0.24424219774277353,-0.27414376
2017-12-14 10:40:00,-0.21657207561176992,-0.22719349
2017-12-14 10:50:00,-0.20651021351986473,-0.20003736
2017-12-14 11:00:00,-0.24843464028106757,-0.18923365
2017-12-14 11:10:00,-0.1612318327280272,-0.20734505
2017-12-14 11:20:00,-0.1310462450740472,-0.14312303
2017-12-14 11:30:00,-0.14781601522722182,-0.121392
2017-12-14 11:40:00,-0.20567172501220593,-0.14042096
2017-12-14 11:50:00,-0.15368543478083346,-0.19018279
2017-12-14 12:00:00,-0.1595548557127101,-0.14509302
2017-12-14 12:10:00,-0.17716311437354354,-0.13082066
2017-12-14 12:20:00,-0.1712936948199324,-0.15274082
2017-12-14 12:30:00,-0.20399474799688883,-0.14710678
2017-12-14 12:40:00,-0.19896381695093598,-0.17183647
2017-12-14 12:50:00,-0.23250335725728574,-0.16749267
2017-12-14 13:00:00,-0.23250335725728574,-0.19934255
2017-12-14 13:10:00,-0.19309439601905934,-0.18742228
2017-12-14 13:20:00,-0.18890195348076583,-0.16191307
2017-12-14 13:30:00,-0.2241184721806982,-0.16940881
2017-12-14 13:40:00,-0.23334184576494454,-0.21697266
2017-12-14 13:50:00,-0.2509501058040435,-0.23102812
2017-12-14 14:00:00,-0.19141741900374223,-0.25035715
2017-12-14 14:10:00,-0.18890195348076583,-0.18132396
2017-12-14 14:20:00,-0.1847095109424723,-0.19516356
2017-12-14 14:30:00,-0.20399474799688883,-0.19209413
2017-12-14 14:40:00,-0.22244149516538106,-0.2118698
2017-12-14 14:50:00,-0.2425652207274559,-0.2426222
2017-12-14 15:00:00,-0.2769432495414645,-0.2571194
2017-12-14 15:10:00,-0.3498917524643056,-0.26771083
2017-12-14 15:20:00,-0.2425652207274559,-0.34116122
2017-12-14 15:30:00,-0.09415274935879721,-0.23319487
2017-12-14 15:40:00,-0.09918368040474955,-0.105159864
2017-12-14 15:50:00,-0.15033148075019823,-0.12632677
2017-12-14 16:00:00,-0.1603933442203684,-0.17965302
2017-12-14 16:10:00,-0.14697752671956352,-0.16876312
2017-12-14 16:20:00,-0.15703939018973367,-0.15596478
2017-12-14 16:30:00,-0.12685380253575365,-0.16820504
2017-12-14 16:40:00,-0.038812506475055,-0.14773686
2017-12-14 16:50:00,0.060129140185207645,-0.0351049
2017-12-14 17:00:00,0.12972368907741355,0.10507546
2017-12-14 17:10:00,0.31754512030603316,0.29210126
2017-12-14 17:20:00,0.6630023964875583,0.6001847
2017-12-14 17:30:00,0.989174435614667,0.9338894
2017-12-14 17:40:00,1.019360023268647,1.1125872
2017-12-14 17:50:00,0.9807895505380789,1.0824218
2017-12-14 18:00:00,0.9942053680388848,0.9688711
2017-12-14 18:10:00,0.9925283896453012,1.021751
2017-12-14 18:20:00,1.0092981611767413,1.0288401
2017-12-14 18:30:00,1.0185215347609882,1.0324577
2017-12-14 18:40:00,0.997559322069519,1.0363111
2017-12-14 18:50:00,1.0017517646078131,1.0004498
2017-12-14 19:00:00,0.9573118723236343,1.0065802
2017-12-14 19:10:00,0.9791125735227613,0.9805702
2017-12-14 19:20:00,0.9438960548228295,0.99156046
2017-12-14 19:30:00,0.9363496582539002,0.9323559
2017-12-14 19:40:00,0.9044870935846026,0.90883005
2017-12-14 19:50:00,0.9044870935846026,0.8748495
2017-12-14 20:00:00,0.8625626682016663,0.8795884
2017-12-14 20:10:00,0.941380589299853,0.86810637
2017-12-14 20:20:00,0.9438960548228295,0.985595
2017-12-14 20:30:00,0.9313187272079483,0.9811962
2017-12-14 20:40:00,0.8575317357774473,0.9375898
2017-12-14 20:50:00,0.8080609124473168,0.8321482
2017-12-14 21:00:00,0.7829062572175546,0.7910024
2017-12-14 21:10:00,0.7426588074716699,0.78627235
2017-12-14 21:20:00,0.7049268232487607,0.72913575
2017-12-14 21:30:00,0.6202394812186972,0.67551243
2017-12-14 21:40:00,0.5330366736656573,0.5782621
2017-12-14 21:50:00,0.46595759167469286,0.48360896
2017-12-14 22:00:00,0.37540083009101777,0.40376186
2017-12-14 22:10:00,0.3066447697064697,0.31022608
2017-12-14 22:20:00,0.20518765752323112,0.23637198
2017-12-14 22:30:00,0.12972368907741355,0.1469327
2017-12-14 22:40:00,0.059290651677548836,0.083446845
2017-12-14 22:50:00,-0.07738297920562258,0.013533533
2017-12-14 23:00:00,-0.1998023054585948,-0.15779895
2017-12-14 23:10:00,-0.30293639465715094,-0.26598477
2017-12-14 23:20:00,-0.4035550183327307,-0.36280143
2017-12-14 23:30:00,-0.5553214437320246,-0.46003133
2017-12-14 23:40:00,-0.653424601884628,-0.6439595
2017-12-14 23:50:00,-0.7540432255602078,-0.72664
2017-12-15 00:00:00,-0.8378920790826129,-0.8282919
2017-12-15 00:10:00,-0.8923938334586963,-0.8534305
2017-12-15 00:20:00,-0.9250948866356526,-1.0057483
2017-12-15 00:30:00,-0.9846275720576889,-1.0318357
2017-12-15 00:40:00,-1.0533836324422365,-1.0815811
2017-12-15 00:50:00,-1.1137548063719311,-1.1357756
2017-12-15 01:00:00,-1.1565177216407923,-1.1752394
2017-12-15 01:10:00,-1.2034730794479473,-1.198379
2017-12-15 01:20:00,-1.272229139832495,-1.2339071
2017-12-15 01:30:00,-1.2831294904320585,-1.3088782
2017-12-15 01:40:00,-1.3116381010707214,-1.308718
2017-12-15 01:50:00,-1.351885550816606,-1.3448741
2017-12-15 02:00:00,-1.3837481141076382,-1.3740147
2017-12-15 02:10:00,-1.3971639316084437,-1.3825731
2017-12-15 02:20:00,-1.421480098330547,-1.4083695
2017-12-15 02:30:00,-1.4684354561377022,-1.4409301
2017-12-15 02:40:00,-1.4969440667763645,-1.4884701
2017-12-15 02:50:00,-1.549768844137131,-1.5186086
2017-12-15 03:00:00,-1.5883393168676985,-1.5772505
2017-12-15 03:10:00,-1.5942087364213096,-1.6067574
2017-12-15 03:20:00,-1.616009438998702,-1.606318
2017-12-15 03:30:00,-1.6311022321365596,-1.6606522
2017-12-15 03:40:00,-1.6411640942284642,-1.6476738
2017-12-15 03:50:00,-1.642002582736123,-1.6546578
2017-12-15 04:00:00,-1.6235558355676307,-1.651304
2017-12-15 04:10:00,-1.616009438998702,-1.6034778
2017-12-15 04:20:00,-1.6344561861671947,-1.6273098
2017-12-15 04:30:00,-1.6344561861671947,-1.6445612
2017-12-15 04:40:00,-1.6352946746748531,-1.6288909
2017-12-15 04:50:00,-1.6109785079527497,-1.6316302
2017-12-15 05:00:00,-1.6084630410515084,-1.600332
2017-12-15 05:10:00,-1.6009166444825795,-1.5949719
2017-12-15 05:20:00,-1.5573152407060595,-1.5824242
2017-12-15 05:30:00,-1.533837562491615,-1.5476061
2017-12-15 05:40:00,-1.486043716176801,-1.5147245
2017-12-15 05:50:00,-1.365301366939146,-1.4489021
2017-12-15 06:00:00,-1.3795556715693447,-1.2982931
2017-12-15 06:10:00,-1.358593458877876,-1.3568068
2017-12-15 06:20:00,-1.3275693827162371,-1.3323092
2017-12-15 06:30:00,-1.3275693827162371,-1.3075947
2017-12-15 06:40:00,-1.315830543609015,-1.3171182
2017-12-15 06:50:00,-1.3829096255999793,-1.2973286
2017-12-15 07:00:00,-1.4172876557922536,-1.3929085
2017-12-15 07:10:00,-1.363624389923829,-1.3751378
2017-12-15 07:20:00,-1.3242154286856025,-1.318828
2017-12-15 07:30:00,-1.3485315967859715,-1.3014342
2017-12-15 07:40:00,-1.4038718396697136,-1.330323
2017-12-15 07:50:00,-1.4483117319538923,-1.3792663
2017-12-15 08:00:00,-1.3879405566459322,-1.410633
2017-12-15 08:10:00,-1.2755830938631296,-1.3107297
2017-12-15 08:20:00,-1.1850263322794552,-1.2258387
2017-12-15 08:30:00,-1.0491911899039426,-1.1551566
2017-12-15 08:40:00,-1.00726676314274,-1.0199978
2017-12-15 08:50:00,-0.9351567487275574,-0.9908928
2017-12-15 09:00:00,-0.8018370718750217,-0.9120195
2017-12-15 09:10:00,-0.6752253030837554,-0.77056503
2017-12-15 09:20:00,-0.6517476248693108,-0.6595948
2017-12-15 09:30:00,-0.5536444667167071,-0.63248026
2017-12-15 09:40:00,-0.5142355054784806,-0.53968513
2017-12-15 09:50:00,-0.48908084887045294,-0.49165517
2017-12-15 10:00:00,-0.4287096749407584,-0.46005267
2017-12-15 10:10:00,-0.39265466773316726,-0.38926288
2017-12-15 10:20:00,-0.34234535589537735,-0.3549152
2017-12-15 10:30:00,-0.21154114456581707,-0.31211612
2017-12-15 10:40:00,-0.20231777098157122,-0.20035125
2017-12-15 10:50:00,-0.19644835004969458,-0.1784071
2017-12-15 11:00:00,-0.19057893049608343,-0.17302929
2017-12-15 11:10:00,-0.11008403238257852,-0.1496047
2017-12-15 11:20:00,-0.0522283225975949,-0.08553362
2017-12-15 11:30:00,-0.07067507114435263,-0.033587184
2017-12-15 11:40:00,-0.0656441387201343,-0.045343764
2017-12-15 11:50:00,-0.0807369332362573,-0.04640892
2017-12-15 12:00:00,-0.19728683855735338,-0.06170653
2017-12-15 12:10:00,-0.23669579979557928,-0.15498365
2017-12-15 12:20:00,-0.26436592192658337,-0.19971758
2017-12-15 12:30:00,-0.3473762869413297,-0.23186482
2017-12-15 12:40:00,-0.37001547664811546,-0.31394547
2017-12-15 12:50:00,-0.3750464090723333,-0.3416279
2017-12-15 13:00:00,-0.2945515095805634,-0.3487217
2017-12-15 13:10:00,-0.29119755554992865,-0.259198
2017-12-15 13:20:00,-0.3079673257031033,-0.26920754
2017-12-15 13:30:00,-0.2970669751035398,-0.30290833
2017-12-15 13:40:00,-0.28281266909507563,-0.30037364
2017-12-15 13:50:00,-0.33396047081878977,-0.28777832
2017-12-15 14:00:00,-0.37840036310296854,-0.34070593
2017-12-15 14:10:00,-0.3616305915715284,-0.3704636
2017-12-15 14:20:00,-0.35492268351025846,-0.35963398
2017-12-15 14:30:00,-0.32222163033330203,-0.36277187
2017-12-15 14:40:00,-0.30125941764183334,-0.33968997
2017-12-15 14:50:00,-0.28448964611039324,-0.31955767
2017-12-15 15:00:00,-0.2702353414801945,-0.30316955
2017-12-15 15:10:00,-0.2257954491960158,-0.281873
2017-12-15 15:20:00,-0.2685583644648769,-0.24879621
2017-12-15 15:30:00,-0.2769432495414645,-0.29921854
2017-12-15 15:40:00,-0.28281266909507563,-0.3063509
2017-12-15 15:50:00,-0.27107382998785334,-0.31236482
2017-12-15 16:00:00,-0.31467523376437323,-0.3027186
2017-12-15 16:10:00,-0.2945515095805634,-0.3359339
2017-12-15 16:20:00,-0.23250335725728574,-0.30589747
2017-12-15 16:30:00,-0.28532813461805207,-0.23865364
2017-12-15 16:40:00,-0.30293639465715094,-0.30639958
2017-12-15 16:50:00,-0.2283109147189922,-0.30377644
2017-12-15 17:00:00,-0.11846891745916609,-0.18078543
2017-12-15 17:10:00,0.09786112440811592,0.06571251
2017-12-15 17:20:00,0.4768579422742563,0.41487288
2017-12-15 17:30:00,0.8239921954710981,0.724283
2017-12-15 17:40:00,0.8860403464161108,0.9298713
2017-12-15 17:50:00,0.8759784843242061,0.94184554
2017-12-15 18:00:00,0.8239921954710981,0.8807266
2017-12-15 18:10:00,0.8147688205085862,0.86042416
2017-12-15 18:20:00,0.8382465001012969,0.8579466
2017-12-15 18:30:00,0.8533392932391544,0.87412226
2017-12-15 18:40:00,0.8483083621932015,0.8825038
2017-12-15 18:50:00,0.867593599247618,0.8627583
2017-12-15 19:00:00,0.8868788349237696,0.89365077
2017-12-15 19:10:00,0.8038684699090228,0.93000054
2017-12-15 19:20:00,0.7418203189640111,0.83123505
2017-12-15 19:30:00,0.7024113577257842,0.74836755
2017-12-15 19:40:00,0.6797721666407335,0.70223665
2017-12-15 19:50:00,0.7099577542947135,0.6728929
2017-12-15 20:00:00,0.6822876321637089,0.7128667
2017-12-15 20:10:00,0.7476897385176218,0.70827585
2017-12-15 20:20:00,0.7476897385176218,0.7904246
2017-12-15 20:30:00,0.7367893879180583,0.7726094
2017-12-15 20:40:00,0.7309199683644476,0.74544775
2017-12-15 20:50:00,0.7040883347411019,0.74289745
2017-12-15 21:00:00,0.6965419381721736,0.69806576
2017-12-15 21:10:00,0.6630023964875583,0.72030914
2017-12-15 21:20:00,0.5355521391886338,0.6783106
2017-12-15 21:30:00,0.4584111937274986,0.5152248
2017-12-15 21:40:00,0.3645004781131883,0.42835987
2017-12-15 21:50:00,0.3301224479209143,0.30157647
2017-12-15 22:00:00,0.2957444191069062,0.2680323
2017-12-15 22:10:00,0.24878906129975104,0.2609532
2017-12-15 22:20:00,0.15571683419310056,0.23172872
2017-12-15 22:30:00,0.08528379679323482,0.11899625
2017-12-15 22:40:00,-0.004434476282781443,0.03546289
2017-12-15 22:50:00,-0.12601531402809485,-0.050399724
2017-12-15 23:00:00,-0.1712936948199324,-0.18193398
2017-12-15 23:10:00,-0.28532813461805207,-0.19572969
2017-12-15 23:20:00,-0.4002010643020955,-0.34868392
2017-12-15 23:30:00,-0.5050121305159693,-0.46688575
2017-12-15 23:40:00,-0.5695757483622234,-0.5960605
2017-12-15 23:50:00,-0.657617044422922,-0.6262429
2017-12-16 00:00:00,-0.7355964783917155,-0.7329279
2017-12-16 00:10:00,-0.8160913778834854,-0.8040528
2017-12-16 00:20:00,-0.8898783679357204,-0.9524454
2017-12-16 00:30:00,-0.9745657099657837,-1.0009431
2017-12-16 00:40:00,-1.02068257926528,-1.0646157
2017-12-16 00:50:00,-1.0978235247264152,-1.0840607
2017-12-16 01:00:00,-1.1690950506339388,-1.1507274
2017-12-16 01:10:00,-1.2026345909402887,-1.1912168
2017-12-16 01:20:00,-1.272229139832495,-1.21857
2017-12-16 01:30:00,-1.3577549703702172,-1.3031805
2017-12-16 01:40:00,-1.3896175350395148,-1.3877741
2017-12-16 01:50:00,-1.4273495178841582,-1.4146879
2017-12-16 02:00:00,-1.4566966170304798,-1.4491067
2017-12-16 02:10:00,-1.4642430135994087,-1.4917011
2017-12-16 02:20:00,-1.5011365093146587,-1.5033126
2017-12-16 02:30:00,-1.528806631445662,-1.5435936
2017-12-16 02:40:00,-1.5220987233843923,-1.5601691
2017-12-16 02:50:00,-1.5573152407060595,-1.5355468
2017-12-16 03:00:00,-1.602593621497897,-1.5823519
2017-12-16 03:10:00,-1.6193633930293372,-1.6091911
2017-12-16 03:20:00,-1.626909789598266,-1.6263138
2017-12-16 03:30:00,-1.6436795597514406,-1.6435177
2017-12-16 03:40:00,-1.6445180482590995,-1.6516807
2017-12-16 03:50:00,-1.6478720022897342,-1.650485
2017-12-16 04:00:00,-1.6512259563203695,-1.6450882
2017-12-16 04:10:00,-1.6654802623288336,-1.6349821
2017-12-16 04:20:00,-1.6612878197905396,-1.6724561
2017-12-16 04:30:00,-1.6679957278518096,-1.6656089
2017-12-16 04:40:00,-1.6696727048671272,-1.6789652
2017-12-16 04:50:00,-1.6612878197905396,-1.6393085
2017-12-16 05:00:00,-1.648710490797393,-1.6340189
2017-12-16 05:10:00,-1.627748278105925,-1.6133523
2017-12-16 05:20:00,-1.616009438998702,-1.6061816
2017-12-16 05:30:00,-1.561507683244353,-1.5987116
2017-12-16 05:40:00,-1.542222447568202,-1.5204048
2017-12-16 05:50:00,-1.4675969676300433,-1.4992131
2017-12-16 06:00:00,-1.4784973196078723,-1.3993905
2017-12-16 06:10:00,-1.4717894101683369,-1.4477754
2017-12-16 06:20:00,-1.4675969676300433,-1.4424299
2017-12-16 06:30:00,-1.4348959158313523,-1.4454846
2017-12-16 06:40:00,-1.4885591816997774,-1.403936
2017-12-16 06:50:00,-1.6017551329902384,-1.4994044
2017-12-16 07:00:00,-1.6562568887445872,-1.6150843
2017-12-16 07:10:00,-1.5975626904519442,-1.6157277
2017-12-16 07:20:00,-1.6537414232216108,-1.5492162
2017-12-16 07:30:00,-1.6235558355676307,-1.6646813
2017-12-16 07:40:00,-1.6218788585523136,-1.5756636
2017-12-16 07:50:00,-1.639487117213147,-1.580754
2017-12-16 08:00:00,-1.5506073326447896,-1.5929279
2017-12-16 08:10:00,-1.4692739446453609,-1.4559803
2017-12-16 08:20:00,-1.4021948626543959,-1.4099488
2017-12-16 08:30:00,-1.341823687346436,-1.3449876
2017-12-16 08:40:00,-1.2680366972942014,-1.2883041
2017-12-16 08:50:00,-1.2328201785942685,-1.2139566
2017-12-16 09:00:00,-1.1389094629799588,-1.1830897
2017-12-16 09:10:00,-1.0399678163196966,-1.0735168
2017-12-16 09:20:00,-0.8605312701676641,-0.99426126
2017-12-16 09:30:00,-0.7951291638137518,-0.8333845
2017-12-16 09:40:00,-0.7716514855993066,-0.7783308
2017-12-16 09:50:00,-0.7188267068602754,-0.74463546
2017-12-16 10:00:00,-0.616531106169378,-0.68799937
2017-12-16 10:10:00,-0.5561599322396834,-0.5835946
2017-12-16 10:20:00,-0.5117200399555047,-0.5279251
2017-12-16 10:30:00,-0.43961002554032186,-0.483533
2017-12-16 10:40:00,-0.40690897236336543,-0.41929674
2017-12-16 10:50:00,-0.35240721798728203,-0.3800764
2017-12-16 11:00:00,-0.3448608214183533,-0.32867357
2017-12-16 11:10:00,-0.3230601188409608,-0.2952876
2017-12-16 11:20:00,-0.2836511576027344,-0.2757299
2017-12-16 11:30:00,-0.31719069928734966,-0.24432383
2017-12-16 11:40:00,-0.28448964611039324,-0.27844605
2017-12-16 11:50:00,-0.32557558436393674,-0.25785398
2017-12-16 12:00:00,-0.34150686738771857,-0.2958468
2017-12-16 12:10:00,-0.3431838444030357,-0.29941878
2017-12-16 12:20:00,-0.3431838444030357,-0.31391406
2017-12-16 12:30:00,-0.3431838444030357,-0.32433674
2017-12-16 12:40:00,-0.318029187795008,-0.33057848
2017-12-16 12:50:00,-0.28952057853461105,-0.3085283
2017-12-16 13:00:00,-0.28448964611039324,-0.2825045
2017-12-16 13:10:00,-0.2668813874495598,-0.26568788
2017-12-16 13:20:00,-0.25765801386531345,-0.26234636
2017-12-16 13:30:00,-0.2668813874495598,-0.2634112
2017-12-16 13:40:00,-0.2819741805874168,-0.27926496
2017-12-16 13:50:00,-0.30293639465715094,-0.29826307
2017-12-16 14:00:00,-0.2836511576027344,-0.319827
2017-12-16 14:10:00,-0.2836511576027344,-0.29255038
2017-12-16 14:20:00,-0.2677198759572181,-0.29985812
2017-12-16 14:30:00,-0.28952057853461105,-0.29276663
2017-12-16 14:40:00,-0.2794587150644409,-0.31889212
2017-12-16 14:50:00,-0.30042092913417456,-0.30866987
2017-12-16 15:00:00,-0.4119399034093183,-0.3283822
2017-12-16 15:10:00,-0.4203247898641708,-0.430053
2017-12-16 15:20:00,-0.39181617922550843,-0.4410829
2017-12-16 15:30:00,-0.41110141490165947,-0.4128664
2017-12-16 15:40:00,-0.4320636289713931,-0.43292624
2017-12-16 15:50:00,-0.415293857439953,-0.45386785
2017-12-16 16:00:00,-0.43793304852500425,-0.4344919
2017-12-16 16:10:00,-0.43961002554032186,-0.4469851
2017-12-16 16:20:00,-0.44715642210925066,-0.45361617
2017-12-16 16:30:00,-0.3985240872867784,-0.45624426
2017-12-16 16:40:00,-0.3658230341098219,-0.40127406
2017-12-16 16:50:00,-0.32725256137925435,-0.34433377
2017-12-16 17:00:00,-0.2534655713270199,-0.25959146
2017-12-16 17:10:00,-0.006111453298098053,-0.06634836
2017-12-16 17:20:00,0.3385073343757673,0.25803056
2017-12-16 17:30:00,0.6420401837960902,0.533858
2017-12-16 17:40:00,0.7862602112481899,0.740108
2017-12-16 17:50:00,0.8483083621932015,0.86611265
2017-12-16 18:00:00,0.8189612644251463,0.88956976
2017-12-16 18:10:00,0.8038684699090228,0.85258186
2017-12-16 18:20:00,0.7711674167320663,0.8395163
2017-12-16 18:30:00,0.7761983491562842,0.7839174
2017-12-16 18:40:00,0.7409818304563524,0.79951817
2017-12-16 18:50:00,0.7409818304563524,0.7519483
2017-12-16 19:00:00,0.7233735704172534,0.74976903
2017-12-16 19:10:00,0.7577516006095264,0.7600266
2017-12-16 19:20:00,0.7535591580712334,0.81190497
2017-12-16 19:30:00,0.7460127615023041,0.7908832
2017-12-16 19:40:00,0.733435433887423,0.7468276
2017-12-16 19:50:00,0.7242120589249121,0.72851884
2017-12-16 20:00:00,0.6973804266798324,0.7190038
2017-12-16 20:10:00,0.7124732198176889,0.7356835
2017-12-16 20:20:00,0.6663563505181935,0.76185036
2017-12-16 20:30:00,0.6143700616650856,0.67640114
2017-12-16 20:40:00,0.586699939534082,0.62511575
2017-12-16 20:50:00,0.5397445817269269,0.60179627
2017-12-16 21:00:00,0.5179438805277998,0.5463946
2017-12-16 21:10:00,0.486919804366161,0.52583706
2017-12-16 21:20:00,0.4617651477581328,0.48745763
2017-12-16 21:30:00,0.43493351551305404,0.44823557
2017-12-16 21:40:00,0.352761639005966,0.43417692
2017-12-16 21:50:00,0.30077535015285906,0.33502176
2017-12-16 22:00:00,0.2655588314529262,0.27613413
2017-12-16 22:10:00,0.21105707707684276,0.24909152
2017-12-16 22:20:00,0.14649345923058868,0.18711005
2017-12-16 22:30:00,0.060129140185207645,0.12858365
2017-12-16 22:40:00,0.001434943270830203,0.00784979
2017-12-16 22:50:00,-0.07067507114435263,-0.048542462
2017-12-16 23:00:00,-0.21992602964240465,-0.12984157
2017-12-16 23:10:00,-0.3054518601801269,-0.2804492
2017-12-16 23:20:00,-0.39433164474848437,-0.3921265
2017-12-16 23:30:00,-0.5318437641393146,-0.49823466
2017-12-16 23:40:00,-0.6073077325851322,-0.6427202
2017-12-16 23:50:00,-0.6794177456220489,-0.6747178
2017-12-17 00:00:00,-0.7666205531750888,-0.7376663
2017-12-17 00:10:00,-0.893232321966355,-0.8195015
2017-12-17 00:20:00,-0.9787581525040778,-1.021355
2017-12-17 00:30:00,-1.058414563488189,-1.0888324
2017-12-17 00:40:00,-1.1229781799561775,-1.145256
2017-12-17 00:50:00,-1.1908957518330663,-1.1955318
2017-12-17 01:00:00,-1.258813323709955,-1.247359
2017-12-17 01:10:00,-1.2831294904320585,-1.2857451
2017-12-17 01:20:00,-1.3208614746549672,-1.2924821
2017-12-17 01:30:00,-1.3678168324621225,-1.3461201
2017-12-17 01:40:00,-1.4097412592233247,-1.4050766
2017-12-17 01:50:00,-1.4499887089692098,-1.4301035
2017-12-17 02:00:00,-1.5002980208069998,-1.4666859
2017-12-17 02:10:00,-1.5111983714065633,-1.5121748
2017-12-17 02:20:00,-1.5564767521984009,-1.5413525
2017-12-17 02:30:00,-1.585823851344722,-1.5874741
2017-12-17 02:40:00,-1.595885713436627,-1.6109524
2017-12-17 02:50:00,-1.6185249045216785,-1.6151321
2017-12-17 03:00:00,-1.6797345669590318,-1.6382147
2017-12-17 03:10:00,-1.7233359707355518,-1.7023128
2017-12-17 03:20:00,-1.7233359707355518,-1.7381405
2017-12-17 03:30:00,-1.7233359707355518,-1.7401164
2017-12-17 03:40:00,-1.7426212077899683,-1.7268807
2017-12-17 03:50:00,-1.7686143515273893,-1.7510457
2017-12-17 04:00:00,-1.7769992366039769,-1.7589339
2017-12-17 04:10:00,-1.776160748096318,-1.7595768
2017-12-17 04:20:00,-1.7652603974967547,-1.7686584
2017-12-17 04:30:00,-1.7593909779431434,-1.7611214
2017-12-17 04:40:00,-1.7535215583895323,-1.7546076
2017-12-17 04:50:00,-1.756875512420167,-1.7227223
2017-12-17 05:00:00,-1.7493291158512383,-1.731908
2017-12-17 05:10:00,-1.7442981848052859,-1.7177391
2017-12-17 05:20:00,-1.7124356201359883,-1.7326605
2017-12-17 05:30:00,-1.7048892235670594,-1.686358
2017-12-17 05:40:00,-1.663803285313516,-1.6722329
2017-12-17 05:50:00,-1.5539612866754244,-1.5957526
2017-12-17 06:00:00,-1.5916932708983331,-1.4785185
2017-12-17 06:10:00,-1.593370247913651,-1.5871464
2017-12-17 06:20:00,-1.5740850122374996,-1.5466759
2017-12-17 06:30:00,-1.602593621497897,-1.5460966
2017-12-17 06:40:00,-1.6747036359130796,-1.5846069
2017-12-17 06:50:00,-1.8206006403804968,-1.6811407
2017-12-17 07:00:00,-1.9589512482789853,-1.8617774
2017-12-17 07:10:00,-1.9874598589176478,-1.9735191
2017-12-17 07:20:00,-2.034415216724803,-1.9705561
2017-12-17 07:30:00,-2.025191843140557,-2.0542958
2017-12-17 07:40:00,-2.003391140563164,-1.9946437
2017-12-17 07:50:00,-1.9874598589176478,-1.9290954
2017-12-17 08:00:00,-1.9530818287253742,-1.9201585
2017-12-17 08:10:00,-1.9547588057406917,-1.8755186
2017-12-17 08:20:00,-1.8834872812114332,-1.9047937
2017-12-17 08:30:00,-1.8424013429578898,-1.7938657
2017-12-17 08:40:00,-1.7954459851507345,-1.771928
2017-12-17 08:50:00,-1.7384287638734093,-1.7093167
2017-12-17 09:00:00,-1.6369716516901707,-1.6450096
2017-12-17 09:10:00,-1.535514539506932,-1.533026
2017-12-17 09:20:00,-1.421480098330547,-1.4464222
2017-12-17 09:30:00,-1.350208573801289,-1.3392074
2017-12-17 09:40:00,-1.2873219329703525,-1.2791538
2017-12-17 09:50:00,-1.2202428509793875,-1.2131553
2017-12-17 10:00:00,-1.1665795837326973,-1.1518245
2017-12-17 10:10:00,-1.0894386396498277,-1.0917711
2017-12-17 10:20:00,-1.0265519988188914,-1.0260764
2017-12-17 10:30:00,-0.9888200145959825,-0.97283244
2017-12-17 10:40:00,-0.9603114053355856,-0.94195807
2017-12-17 10:50:00,-0.8856859253974263,-0.9098282
2017-12-17 11:00:00,-0.817768354898803,-0.8417574
2017-12-17 11:10:00,-0.7775209051529183,-0.7709671
2017-12-17 11:20:00,-0.7246961264138865,-0.7442716
2017-12-17 11:30:00,-0.6919950746151956,-0.6999302
2017-12-17 11:40:00,-0.6651634409918503,-0.67046547
2017-12-17 11:50:00,-0.6282699452766003,-0.6443964
2017-12-17 12:00:00,-0.603953778554497,-0.6099607
2017-12-17 12:10:00,-0.588860984038374,-0.57404613
2017-12-17 12:20:00,-0.5813145874694456,-0.5675274
2017-12-17 12:30:00,-0.588860984038374,-0.5671432
2017-12-17 12:40:00,-0.6374933188608467,-0.57720107
2017-12-17 12:50:00,-0.5871840070230568,-0.6219834
2017-12-17 13:00:00,-0.5704142368698817,-0.582026
2017-12-17 13:10:00,-0.5720912138851992,-0.55211014
2017-12-17 13:20:00,-0.609823198108108,-0.56358725
2017-12-17 13:30:00,-0.6173695946770368,-0.60585177
2017-12-17 13:40:00,-0.629946922291918,-0.61696446
2017-12-17 13:50:00,-0.6282699452766003,-0.6315634
2017-12-17 14:00:00,-0.6115001751234257,-0.6327021
2017-12-17 14:10:00,-0.6198850602000132,-0.6070381
2017-12-17 14:20:00,-0.6081462210927905,-0.62805223
2017-12-17 14:30:00,-0.6005998245238622,-0.6258601
2017-12-17 14:40:00,-0.6215620372153303,-0.620879
2017-12-17 14:50:00,-0.6148541291540603,-0.6396386
2017-12-17 15:00:00,-0.683610189538608,-0.62730503
2017-12-17 15:10:00,-0.6844486780462669,-0.6860684
2017-12-17 15:20:00,-0.6987029826764655,-0.6936133
2017-12-17 15:30:00,-0.7406274094376678,-0.7080636
2017-12-17 15:40:00,-0.7255346149215454,-0.747893
2017-12-17 15:50:00,-0.7305655473457632,-0.7346984
2017-12-17 16:00:00,-0.7288885703304455,-0.73853296
2017-12-17 16:10:00,-0.7196651953679342,-0.72680724
2017-12-17 16:20:00,-0.7196651953679342,-0.72498107
2017-12-17 16:30:00,-0.6802562341297078,-0.72347504
2017-12-17 16:40:00,-0.5964073819855682,-0.6794076
2017-12-17 16:50:00,-0.5377131836929258,-0.583525
2017-12-17 17:00:00,-0.4412870025556395,-0.49321166
2017-12-17 17:10:00,-0.23837277681089689,-0.27432582
2017-12-17 17:20:00,0.07606042320898895,0.023529217
2017-12-17 17:30:00,0.45002630865091053,0.30130696
2017-12-17 17:40:00,0.5531603992277327,0.55319214
2017-12-17 17:50:00,0.5682531923655892,0.6277581
2017-12-17 18:00:00,0.5799920314728125,0.6045511
2017-12-17 18:10:00,0.595084824610669,0.6077452
2017-12-17 18:20:00,0.5992772685272281,0.63815534
2017-12-17 18:30:00,0.6344937858488959,0.615272
2017-12-17 18:40:00,0.6311398318182607,0.66651297
2017-12-17 18:50:00,0.6286243662952843,0.6520568
2017-12-17 19:00:00,0.6588099539492643,0.6562865
2017-12-17 19:10:00,0.6621639079798995,0.72535205
2017-12-17 19:20:00,0.6889955416032443,0.72525555
2017-12-17 19:30:00,0.6437171608114067,0.73753065
2017-12-17 19:40:00,0.7133117083253477,0.63409543
2017-12-17 19:50:00,0.6957034496645148,0.7251649
2017-12-17 20:00:00,0.6915110071262207,0.7300358
2017-12-17 20:10:00,0.7007343807104666,0.7679399
2017-12-17 20:20:00,0.6713872815641454,0.75895953
2017-12-17 20:30:00,0.6378477398795301,0.6879996
2017-12-17 20:40:00,0.6370092513718714,0.6547309
2017-12-17 20:50:00,0.595084824610669,0.6653357
2017-12-17 21:00:00,0.5187823690354586,0.60848105
2017-12-17 21:10:00,0.46595759167469286,0.5136215
2017-12-17 21:20:00,0.4206792108828553,0.45435566
2017-12-17 21:30:00,0.36701594363616474,0.40314025
2017-12-17 21:40:00,0.31586814329071555,0.35607293
2017-12-17 21:50:00,0.27981313608312486,0.28517833
2017-12-17 22:00:00,0.2261498702147003,0.2406217
2017-12-17 22:10:00,0.1741635813615923,0.20470239
2017-12-17 22:20:00,0.07773740022430657,0.15274951
2017-12-17 22:30:00,0.004788897301465429,0.057007622
2017-12-17 22:40:00,-0.11679194044384847,-0.048719108
2017-12-17 22:50:00,-0.24675766326574994,-0.19151187
2017-12-17 23:00:00,-0.34066837888005974,-0.32100558
2017-12-17 23:10:00,-0.4446409565862742,-0.37897006
2017-12-17 23:20:00,-0.5578369092550005,-0.50570697
2017-12-17 23:30:00,-0.6475551823310168,-0.63535625
2017-12-17 23:40:00,-0.7406274094376678,-0.71363103
2017-12-17 23:50:00,-0.8144143994899028,-0.8238869
2017-12-18 00:00:00,-0.9041326739441841,-0.8844001
2017-12-18 00:10:00,-0.9946894355278592,-0.957098
2017-12-18 00:20:00,-1.0953080592034388,-1.1357143
2017-12-18 00:30:00,-1.1690950506339388,-1.2137986
2017-12-18 00:40:00,-1.228627736055975,-1.261429
2017-12-18 00:50:00,-1.2764215823707885,-1.2970958
2017-12-18 01:00:00,-1.329246359731555,-1.3225839
2017-12-18 01:10:00,-1.3795556715693447,-1.346519
2017-12-18 01:20:00,-1.4105797477309836,-1.3963404
2017-12-18 01:30:00,-1.4491502204615512,-1.4272611
2017-12-18 01:40:00,-1.4726278986759958,-1.4767746
2017-12-18 01:50:00,-1.512036859914222,-1.4912059
2017-12-18 02:00:00,-1.5648616372749884,-1.5324483
2017-12-18 02:10:00,-1.584146874329405,-1.5690157
2017-12-18 02:20:00,-1.6084630410515084,-1.6236289
2017-12-18 02:30:00,-1.626909789598266,-1.6450323
2017-12-18 02:40:00,-1.6260713010906072,-1.6497762
2017-12-18 02:50:00,-1.6520644448280282,-1.6327388
2017-12-18 03:00:00,-1.6428410712437818,-1.6631392
2017-12-18 03:10:00,-1.6428410712437818,-1.6300821
2017-12-18 03:20:00,-1.652902933335687,-1.6624707
2017-12-18 03:30:00,-1.6629647968058572,-1.660598
2017-12-18 03:40:00,-1.6755421244207382,-1.6660562
2017-12-18 03:50:00,-1.6730266588977618,-1.6628848
2017-12-18 04:00:00,-1.6671572393441507,-1.6663555
2017-12-18 04:10:00,-1.6671572393441507,-1.6413059
2017-12-18 04:20:00,-1.6495489793050517,-1.6530366
2017-12-18 04:30:00,-1.622717347059972,-1.6356361
2017-12-18 04:40:00,-1.6084630410515084,-1.6012509
2017-12-18 04:50:00,-1.6151709504910436,-1.5936096
2017-12-18 05:00:00,-1.614332461983385,-1.5829822
2017-12-18 05:10:00,-1.6126554849680674,-1.5676432
2017-12-18 05:20:00,-1.5824698973140874,-1.5863042
2017-12-18 05:30:00,-1.5807929202987696,-1.5538552
2017-12-18 05:40:00,-1.518744767975492,-1.5543175
2017-12-18 05:50:00,-1.393809977577809,-1.447557
2017-12-18 06:00:00,-1.4181261442999122,-1.3110456
2017-12-18 06:10:00,-1.4021948626543959,-1.386111
2017-12-18 06:20:00,-1.3896175350395148,-1.3547969
2017-12-18 06:30:00,-1.352724039324265,-1.3517947
2017-12-18 06:40:00,-1.3544010163395825,-1.297301
2017-12-18 06:50:00,-1.421480098330547,-1.3126932
2017-12-18 07:00:00,-1.4181261442999122,-1.3996675
2017-12-18 07:10:00,-1.3711707864927571,-1.3245245
2017-12-18 07:20:00,-1.3711707864927571,-1.3024359
2017-12-18 07:30:00,-1.3485315967859715,-1.3294075
2017-12-18 07:40:00,-1.3602704358931936,-1.2952502
2017-12-18 07:50:00,-1.3611089244008525,-1.2998927
2017-12-18 08:00:00,-1.2965453065545984,-1.2997055
2017-12-18 08:10:00,-1.194249705863701,-1.1857243
2017-12-18 08:20:00,-1.1171087604025662,-1.1100445
2017-12-18 08:30:00,-1.0542221209498954,-1.0641282
2017-12-18 08:40:00,-0.9972049010508356,-1.0127704
2017-12-18 08:50:00,-0.9276103521586291,-0.9480488
2017-12-18 09:00:00,-0.8303456825136841,-0.8777814
2017-12-18 09:10:00,-0.8840089483821092,-0.7704755
2017-12-18 09:20:00,-0.7322425243610807,-0.81281185
2017-12-18 09:30:00,-0.6584555329305803,-0.6793807
2017-12-18 09:40:00,-0.6182080831846957,-0.61739075
2017-12-18 09:50:00,-0.560352374777977,-0.5775497
2017-12-18 10:00:00,-0.5050121305159693,-0.52271307
2017-12-18 10:10:00,-0.44883339912456827,-0.45568606
2017-12-18 10:20:00,-0.3758848975799921,-0.4077477
2017-12-18 10:30:00,-0.33060651678815456,-0.34522247
2017-12-18 10:40:00,-0.2517885943117023,-0.30192697
2017-12-18 10:50:00,-0.21237963307347588,-0.233768
2017-12-18 11:00:00,-0.18387102243481349,-0.19334643
2017-12-18 11:10:00,-0.17800160288120234,-0.14754309
2017-12-18 11:20:00,-0.13775415313531714,-0.14011542
2017-12-18 11:30:00,-0.10086065742006717,-0.11070442
2017-12-18 11:40:00,-0.08912181831284487,-0.082771465
2017-12-18 11:50:00,-0.06732111711371741,-0.07479081
2017-12-18 12:00:00,-0.05893623065886485,-0.056065373
2017-12-18 12:10:00,-0.05725925364354724,-0.03308496
2017-12-18 12:20:00,-0.04971285707461848,-0.03945782
2017-12-18 12:30:00,-0.019527269420637955,-0.03986139
2017-12-18 12:40:00,0.0022734317784890096,-0.016558824
2017-12-18 12:50:00,0.02072017894698075,0.0022523794
2017-12-18 13:00:00,-0.05725925364354724,0.019912984
2017-12-18 13:10:00,-0.09415274935879721,-0.03499162
2017-12-18 13:20:00,-0.1058915884660195,-0.077455655
2017-12-18 13:30:00,-0.15200845776551583,-0.095524624
2017-12-18 13:40:00,-0.1754861373582259,-0.14538296
2017-12-18 13:50:00,-0.23082638024196814,-0.17340925
2017-12-18 14:00:00,-0.15787787869739248,-0.22696106
2017-12-18 14:10:00,-0.13775415313531714,-0.14750715
2017-12-18 14:20:00,-0.1461390382119047,-0.14383583
2017-12-18 14:30:00,-0.17884009138886114,-0.17160852
2017-12-18 14:40:00,-0.19309439601905934,-0.21237125
2017-12-18 14:50:00,-0.24088824233387332,-0.22534846
2017-12-18 15:00:00,-0.2635274334189246,-0.2675062
2017-12-18 15:10:00,-0.2526270828193611,-0.2729254
2017-12-18 15:20:00,-0.27275080700317095,-0.26227355
2017-12-18 15:30:00,-0.2819741805874168,-0.28624433
2017-12-18 15:40:00,-0.28616662312571034,-0.30157292
2017-12-18 15:50:00,-0.26101196789594866,-0.30742568
2017-12-18 16:00:00,-0.2425652207274559,-0.2850867
2017-12-18 16:10:00,-0.1998023054585948,-0.2571647
2017-12-18 16:20:00,-0.19393288452671817,-0.22003582
2017-12-18 16:30:00,-0.20231777098157122,-0.22229743
2017-12-18 16:40:00,-0.14781601522722182,-0.22198689
2017-12-18 16:50:00,-0.06312867319715838,-0.15007599
2017-12-18 17:00:00,0.04503634704735013,-0.03455498
2017-12-18 17:10:00,0.2974213961222238,0.19933288
2017-12-18 17:20:00,0.7225350819095946,0.63109493
2017-12-18 17:30:00,0.9656967574002214,1.0218798
2017-12-18 17:40:00,1.0118136266997177,1.1242044
2017-12-18 17:50:00,1.0160060692380117,1.0573335
2017-12-18 18:00:00,1.0134906037150353,1.0477835
2017-12-18 18:10:00,1.0512225879379447,1.0958673
2017-12-18 18:20:00,1.122494112467202,1.1024212
2017-12-18 18:30:00,1.1006934112680753,1.1571035
2017-12-18 18:40:00,1.0747002661523892,1.1140683
2017-12-18 18:50:00,1.0755387546600481,1.0866054
2017-12-18 19:00:00,1.0738617776447303,1.0952033
2017-12-18 19:10:00,1.0897930606685118,1.102431
2017-12-18 19:20:00,1.0856006181302176,1.092727
2017-12-18 19:30:00,1.0369682833077458,1.0631964
2017-12-18 19:40:00,0.9606658263542696,0.9994085
2017-12-18 19:50:00,0.9506039642623648,0.91650444
2017-12-18 20:00:00,0.9355111697462414,0.92339295
2017-12-18 20:10:00,0.9774355965074437,0.94066983
2017-12-18 20:20:00,0.9522809412776815,1.0057544
2017-12-18 20:30:00,0.9086795375011616,0.95562017
2017-12-18 20:40:00,0.8122533549856108,0.8830401
2017-12-18 20:50:00,0.7552361350865511,0.7956979
2017-12-18 21:00:00,0.7208581048942769,0.74560344
2017-12-18 21:10:00,0.6630023964875583,0.73614955
2017-12-18 21:20:00,0.595084824610669,0.64792615
2017-12-18 21:30:00,0.5095589954512127,0.5739774
2017-12-18 21:40:00,0.4257101419288072,0.47275668
2017-12-18 21:50:00,0.36030803557489427,0.38073608
2017-12-18 22:00:00,0.2873595340303191,0.30040926
2017-12-18 22:10:00,0.2026721920002547,0.23868908
2017-12-18 22:20:00,0.13810857415400163,0.15956257
2017-12-18 22:30:00,0.0819298427626006,0.094132304
2017-12-18 22:40:00,0.0022734317784890096,0.039708205
2017-12-18 22:50:00,-0.1201458944744837,-0.06467086
2017-12-18 23:00:00,-0.23334184576494454,-0.19897304
2017-12-18 23:10:00,-0.35240721798728203,-0.29262325
2017-12-18 23:20:00,-0.44631793360159183,-0.4030484
2017-12-18 23:30:00,-0.5628678403009534,-0.4965844
2017-12-18 23:40:00,-0.7104418217836878,-0.63898945
2017-12-18 23:50:00,-0.8026755603826805,-0.7922245
2017-12-19 00:00:00,-0.8949092989816727,-0.8611663
2017-12-19 00:10:00,-0.9619883823509027,-0.90791154
2017-12-19 00:20:00,-1.038290839304379,-1.0994399
2017-12-19 00:30:00,-1.1036929442800265,-1.1527598
2017-12-19 00:40:00,-1.1363939974569828,-1.1936033
2017-12-19 00:50:00,-1.1833493552641374,-1.1915992
2017-12-19 01:00:00,-1.2898373984933285,-1.2393935
2017-12-19 01:10:00,-1.3435006643617535,-1.3303146
2017-12-19 01:20:00,-1.3980024201161023,-1.3613032
2017-12-19 01:30:00,-1.4407653353849637,-1.4249974
2017-12-19 01:40:00,-1.4675969676300433,-1.4697949
2017-12-19 01:50:00,-1.4843667391614834,-1.500675
2017-12-19 02:00:00,-1.48017429662319,-1.4981568
2017-12-19 02:10:00,-1.4818512736385077,-1.4919
2017-12-19 02:20:00,-1.5011365093146587,-1.5040649
2017-12-19 02:30:00,-1.4935901127457298,-1.5363365
2017-12-19 02:40:00,-1.506167440360611,-1.516127
2017-12-19 02:50:00,-1.5447379130911785,-1.5240974
2017-12-19 03:00:00,-1.5531227981677656,-1.5647612
2017-12-19 03:10:00,-1.566538615668571,-1.5505025
2017-12-19 03:20:00,-1.5975626904519442,-1.591755
2017-12-19 03:30:00,-1.6151709504910436,-1.623181
2017-12-19 03:40:00,-1.633617697659536,-1.6287065
2017-12-19 03:50:00,-1.605109087020873,-1.6357315
2017-12-19 04:00:00,-1.6042705985132142,-1.6021252
2017-12-19 04:10:00,-1.614332461983385,-1.6014675
2017-12-19 04:20:00,-1.6311022321365596,-1.6086276
2017-12-19 04:30:00,-1.6042705985132142,-1.6337266
2017-12-19 04:40:00,-1.602593621497897,-1.5943985
2017-12-19 04:50:00,-1.639487117213147,-1.6065861
2017-12-19 05:00:00,-1.6503874678127106,-1.6253878
2017-12-19 05:10:00,-1.6478720022897342,-1.6156318
2017-12-19 05:20:00,-1.6428410712437818,-1.628537
2017-12-19 05:30:00,-1.6176864160140196,-1.6336174
2017-12-19 05:40:00,-1.542222447568202,-1.590324
2017-12-19 05:50:00,-1.4030333511620547,-1.4864979
2017-12-19 06:00:00,-1.3711707864927571,-1.326467
2017-12-19 06:10:00,-1.346016131262995,-1.3400118
2017-12-19 06:20:00,-1.3326003137621896,-1.3154734
2017-12-19 06:30:00,-1.300737750471158,-1.2988364
2017-12-19 06:40:00,-1.3233769401779436,-1.2624286
2017-12-19 06:50:00,-1.40638730519269,-1.2923702
2017-12-19 07:00:00,-1.3988409086237612,-1.3928196
2017-12-19 07:10:00,-1.3602704358931936,-1.3268402
2017-12-19 07:20:00,-1.365301366939146,-1.3064187
2017-12-19 07:30:00,-1.3602704358931936,-1.3357658
2017-12-19 07:40:00,-1.4013563741467376,-1.3218421
2017-12-19 07:50:00,-1.4013563741467376,-1.3594294
2017-12-19 08:00:00,-1.3208614746549672,-1.3416216
2017-12-19 08:10:00,-1.2202428509793875,-1.2255712
2017-12-19 08:20:00,-1.11459329487959,-1.161685
2017-12-19 08:30:00,-1.029905952849526,-1.0676532
2017-12-19 08:40:00,-0.9812736180270537,-0.99869937
2017-12-19 08:50:00,-0.9041326739441841,-0.9514641
2017-12-19 09:00:00,-0.8311841710213429,-0.871929
2017-12-19 09:10:00,-0.7800363706758943,-0.78377676
2017-12-19 09:20:00,-0.6894796090922196,-0.7360133
2017-12-19 09:30:00,-0.6173695946770368,-0.6557426
2017-12-19 09:40:00,-0.5947304035919856,-0.58625925
2017-12-19 09:50:00,-0.5528059782090482,-0.55304587
2017-12-19 10:00:00,-0.5217819020474094,-0.51043135
2017-12-19 10:10:00,-0.4018780413174131,-0.4620942
2017-12-19 10:20:00,-0.35408419500259963,-0.36741936
2017-12-19 10:30:00,-0.3498917524643056,-0.32413575
2017-12-19 10:40:00,-0.3163522107796909,-0.31598878
2017-12-19 10:50:00,-0.2509501058040435,-0.28657895
2017-12-19 11:00:00,-0.19477137303437697,-0.23062536
2017-12-19 11:10:00,-0.16458578675866242,-0.16303359
2017-12-19 11:20:00,-0.1344001991046824,-0.13459282
2017-12-19 11:30:00,-0.0790599562209397,-0.111732066
2017-12-19 11:40:00,-0.05642076513588843,-0.068217896
2017-12-19 11:50:00,-0.08828332980518606,-0.04631608
2017-12-19 12:00:00,-0.09666821488177363,-0.07236419
2017-12-19 12:10:00,-0.06396716170481719,-0.06915984
2017-12-19 12:20:00,-0.07570600219030497,-0.048643537
2017-12-19 12:30:00,-0.09499123786645602,-0.06150719
2017-12-19 12:40:00,-0.0924757723434796,-0.08305743
2017-12-19 12:50:00,-0.11343798641321375,-0.080531865
2017-12-19 13:00:00,-0.17716311437354354,-0.0985654
2017-12-19 13:10:00,-0.20231777098157122,-0.14261663
2017-12-19 13:20:00,-0.20734870202752356,-0.17247501
2017-12-19 13:30:00,-0.19477137303437697,-0.18475781
2017-12-19 13:40:00,-0.24340370923511473,-0.1807728
2017-12-19 13:50:00,-0.2534655713270199,-0.23111428
2017-12-19 14:00:00,-0.22998789173430934,-0.24664403
2017-12-19 14:10:00,-0.18051706840417825,-0.2148932
2017-12-19 14:20:00,-0.16710125228163836,-0.18104967
2017-12-19 14:30:00,-0.1847095109424723,-0.18080522
2017-12-19 14:40:00,-0.19225590751140054,-0.21196166
2017-12-19 14:50:00,-0.25765801386531345,-0.22074024
2017-12-19 15:00:00,-0.2802972035720992,-0.27942818
2017-12-19 15:10:00,-0.28281266909507563,-0.28724116
2017-12-19 15:20:00,-0.27610476103380566,-0.29744178
2017-12-19 15:30:00,-0.31215976824139685,-0.29651916
2017-12-19 15:40:00,-0.3356374478341074,-0.33277115
2017-12-19 15:50:00,-0.33396047081878977,-0.35723984
2017-12-19 16:00:00,-0.3364759363417662,-0.35572523
2017-12-19 16:10:00,-0.31719069928734966,-0.34688175
2017-12-19 16:20:00,-0.23250335725728574,-0.32967144
2017-12-19 16:30:00,-0.19644835004969458,-0.23782372
2017-12-19 16:40:00,-0.1603933442203684,-0.20062919
2017-12-19 16:50:00,-0.0933142608511384,-0.14232264
2017-12-19 17:00:00,0.04000541600139729,-0.010011012
2017-12-19 17:10:00,0.2789746475754661,0.23664899
2017-12-19 17:20:00,0.6177240156957208,0.566748
2017-12-19 17:30:00,0.919579888100726,0.8336945
2017-12-19 17:40:00,1.0394837488307223,1.0384905
2017-12-19 17:50:00,1.0470301453996507,1.1106446
2017-12-19 18:00:00,1.088954572160853,1.0633953
2017-12-19 18:10:00,1.0897930606685118,1.1584396
2017-12-19 18:20:00,1.0679923580911188,1.1352953
2017-12-19 18:30:00,1.0512225879379447,1.0957687
2017-12-19 18:40:00,1.0185215347609882,1.0782671
2017-12-19 18:50:00,1.0151675807303528,1.0501333
2017-12-19 19:00:00,1.0252294428222577,1.0409077
2017-12-19 19:10:00,1.0403222373383803,1.0642614
2017-12-19 19:20:00,1.0092981611767413,1.0640972
2017-12-19 19:30:00,0.9900129241223248,0.9989021
2017-12-19 19:40:00,0.9522809412776815,0.9629126
2017-12-19 19:50:00,0.928803261684972,0.91623944
2017-12-19 20:00:00,0.8826863923854755,0.89275753
2017-12-19 20:10:00,0.9187413995930672,0.8677863
2017-12-19 20:20:00,0.9506039642623648,0.92161924
2017-12-19 20:30:00,0.919579888100726,0.9627764
2017-12-19 20:40:00,0.8701090647705945,0.9225032
2017-12-19 20:50:00,0.7619440431478205,0.87215227
2017-12-19 21:00:00,0.716665662355983,0.7427828
2017-12-19 21:10:00,0.7099577542947135,0.7285102
2017-12-19 21:20:00,0.6680333275335112,0.6948209
2017-12-19 21:30:00,0.6202394812186972,0.641607
2017-12-19 21:40:00,0.5422600472499033,0.57609963
2017-12-19 21:50:00,0.46595759167469286,0.48628032
2017-12-19 22:00:00,0.3863011806905813,0.39464864
2017-12-19 22:10:00,0.31922209732135076,0.3228533
2017-12-19 22:20:00,0.23705022081426377,0.2546385
2017-12-19 22:30:00,0.1355931086310252,0.17221738
2017-12-19 22:40:00,0.003111920286147816,0.05918261
2017-12-19 22:50:00,-0.14530054970424588,-0.10601157
2017-12-19 23:00:00,-0.23166486874962694,-0.24700758
2017-12-19 23:10:00,-0.3901392022101908,-0.28332892
2017-12-19 23:20:00,-0.4798574752862071,-0.44829506
2017-12-19 23:30:00,-0.5704142368698817,-0.5315875
2017-12-19 23:40:00,-0.6710328605454614,-0.61757255
2017-12-19 23:50:00,-0.7448198519759619,-0.7187442
2017-12-20 00:00:00,-0.8227992859447554,-0.7816339
2017-12-20 00:10:00,-0.893232321966355,-0.83694893
2017-12-20 00:20:00,-0.9762426869811014,-1.0369041
2017-12-20 00:30:00,-1.039129327812038,-1.0914999
2017-12-20 00:40:00,-1.1330400434263477,-1.126487
2017-12-20 00:50:00,-1.235335644117245,-1.213075
2017-12-20 01:00:00,-1.3242154286856025,-1.3024311
2017-12-20 01:10:00,-1.3879405566459322,-1.3664982
2017-12-20 01:20:00,-1.4852052276691423,-1.4162569
2017-12-20 01:30:00,-1.527129654430345,-1.5082135
2017-12-20 01:40:00,-1.5053289518529522,-1.5580474
2017-12-20 01:50:00,-1.486043716176801,-1.5397408
2017-12-20 02:00:00,-1.5036519748376345,-1.5034657
2017-12-20 02:10:00,-1.5480918671218133,-1.507904
2017-12-20 02:20:00,-1.542222447568202,-1.5731071
2017-12-20 02:30:00,-1.5564767521984009,-1.5715255
2017-12-20 02:40:00,-1.570731058206865,-1.5841832
2017-12-20 02:50:00,-1.585823851344722,-1.5892215
2017-12-20 03:00:00,-1.5908547823906745,-1.6060008
2017-12-20 03:10:00,-1.6168479275063607,-1.6054499
2017-12-20 03:20:00,-1.6243943240752896,-1.6423807
2017-12-20 03:30:00,-1.6151709504910436,-1.6430762
2017-12-20 03:40:00,-1.6017551329902384,-1.6213744
2017-12-20 03:50:00,-1.6009166444825795,-1.5984533
2017-12-20 04:00:00,-1.616009438998702,-1.6094114
2017-12-20 04:10:00,-1.602593621497897,-1.6112032
2017-12-20 04:20:00,-1.620201881536996,-1.5936973
2017-12-20 04:30:00,-1.6009166444825795,-1.6297987
2017-12-20 04:40:00,-1.593370247913651,-1.5932968
2017-12-20 04:50:00,-1.6260713010906072,-1.5866504
2017-12-20 05:00:00,-1.579115943283452,-1.6175427
2017-12-20 05:10:00,-1.5531227981677656,-1.532778
2017-12-20 05:20:00,-1.561507683244353,-1.5371995
2017-12-20 05:30:00,-1.5455764015988374,-1.5526497
2017-12-20 05:40:00,-1.4952670897610474,-1.5324075
2017-12-20 05:50:00,-1.3644628784314872,-1.4554191
2017-12-20 06:00:00,-1.36949380947744,-1.2857658
2017-12-20 06:10:00,-1.3552395048472412,-1.3409932
2017-12-20 06:20:00,-1.3233769401779436,-1.3301662
2017-12-20 06:30:00,-1.278937047893765,-1.2922517
2017-12-20 06:40:00,-1.3242154286856025,-1.2449694
2017-12-20 06:50:00,-1.382071137092321,-1.3125063
2017-12-20 07:00:00,-1.421480098330547,-1.3680534
2017-12-20 07:10:00,-1.4156106787769358,-1.368809
2017-12-20 07:20:00,-1.4105797477309836,-1.3730783
2017-12-20 07:30:00,-1.3812326485846622,-1.388098
2017-12-20 07:40:00,-1.3854250911229558,-1.3475864
2017-12-20 07:50:00,-1.4097412592233247,-1.3538108
2017-12-20 08:00:00,-1.3309233367468725,-1.3766092
2017-12-20 08:10:00,-1.2495899487474438,-1.2491012
2017-12-20 08:20:00,-1.1850263322794552,-1.2070708
2017-12-20 08:30:00,-1.1196242259255422,-1.1589885
2017-12-20 08:40:00,-1.038290839304379,-1.0904498
2017-12-20 08:50:00,-1.004751297619764,-1.0104097
2017-12-20 09:00:00,-0.8915553449510375,-0.97531116
2017-12-20 09:10:00,-0.7993216063520453,-0.84851086
2017-12-20 09:20:00,-0.7171497298449577,-0.7724221
2017-12-20 09:30:00,-0.6425242512850645,-0.69704133
2017-12-20 09:40:00,-0.6056307555698145,-0.6231315
2017-12-20 09:50:00,-0.5569984207473423,-0.5796002
2017-12-20 10:00:00,-0.505850619023628,-0.5281477
2017-12-20 10:10:00,-0.41948630135651205,-0.45722604
2017-12-20 10:20:00,-0.3876237366872144,-0.37890482
2017-12-20 10:30:00,-0.3046133716724686,-0.34426022
2017-12-20 10:40:00,-0.27610476103380566,-0.27164927
2017-12-20 10:50:00,-0.27610476103380566,-0.2382638
2017-12-20 11:00:00,-0.229149403226651,-0.23329467
2017-12-20 11:10:00,-0.13943113015063474,-0.1800266
2017-12-20 11:20:00,-0.14530054970424588,-0.100661844
2017-12-20 11:30:00,-0.09750670338943193,-0.10779992
2017-12-20 11:40:00,-0.10086065742006717,-0.0744316
2017-12-20 11:50:00,-0.0807369332362573,-0.077755556
2017-12-20 12:00:00,-0.09582972637411483,-0.060920406
2017-12-20 12:10:00,-0.07235204815966974,-0.062350202
2017-12-20 12:20:00,-0.022881224829539176,-0.050789665
2017-12-20 12:30:00,-0.03378157542910266,-0.009900362
2017-12-20 12:40:00,-0.01868878091297915,-0.023787187
2017-12-20 12:50:00,-0.029589132890808625,-0.014128321
2017-12-20 13:00:00,-0.050551345582277286,-0.026535312
2017-12-20 13:10:00,-0.05977471916652315,-0.03541016
2017-12-20 13:20:00,-0.05306681110525321,-0.050633308
2017-12-20 13:30:00,-0.07738297920562258,-0.05540791
2017-12-20 13:40:00,-0.08996030682050368,-0.08411576
2017-12-20 13:50:00,-0.13943113015063474,-0.10275471
2017-12-20 14:00:00,-0.07486751368264616,-0.15299506
2017-12-20 14:10:00,-0.09750670338943193,-0.08134642
2017-12-20 14:20:00,-0.0807369332362573,-0.11088948
2017-12-20 14:30:00,-0.11092252089023732,-0.10794781
2017-12-20 14:40:00,-0.1335617105970236,-0.14087589
2017-12-20 14:50:00,-0.14697752671956352,-0.16667025
2017-12-20 15:00:00,-0.16710125228163836,-0.1736556
2017-12-20 15:10:00,-0.18135555691183705,-0.17760877
2017-12-20 15:20:00,-0.16877822929695596,-0.19659154
2017-12-20 15:30:00,-0.19812532844327768,-0.18874241
2017-12-20 15:40:00,-0.24843464028106757,-0.2242818
2017-12-20 15:50:00,-0.27778173804912326,-0.27585837
2017-12-20 16:00:00,-0.2802972035720992,-0.3019497
2017-12-20 16:10:00,-0.27275080700317095,-0.28767133
2017-12-20 16:20:00,-0.24675766326574994,-0.2867462
2017-12-20 16:30:00,-0.20651021351986473,-0.26303643
2017-12-20 16:40:00,-0.11846891745916609,-0.22110009
2017-12-20 16:50:00,-0.032943086921443855,-0.107941836
2017-12-20 17:00:00,0.008142851332099653,0.00875221
2017-12-20 17:10:00,0.19009486300710862,0.14656286
2017-12-20 17:20:00,0.590892382072376,0.5209128
2017-12-20 17:30:00,0.9556348953083167,0.92120916
2017-12-20 17:40:00,1.0042672301307896,1.0988715
2017-12-20 17:50:00,1.0042672301307896,1.0364468
2017-12-20 18:00:00,1.0160060692380117,1.0111864
2017-12-20 18:10:00,1.071346312121754,1.0891523
2017-12-20 18:20:00,1.0654768925681424,1.1443366
2017-12-20 18:30:00,1.0654768925681424,1.0713587
2017-12-20 18:40:00,1.02355246580694,1.0789858
2017-12-20 18:50:00,1.0201985117763057,1.0411398
2017-12-20 19:00:00,1.0604459615221904,1.0381415
2017-12-20 19:10:00,1.0512225879379447,1.1059036
2017-12-20 19:20:00,0.9967208335618603,1.0633433
2017-12-20 19:30:00,0.9170644225777497,0.9776565
2017-12-20 19:40:00,0.9095180260088204,0.89791113
2017-12-20 19:50:00,0.8919097659697215,0.8977903
2017-12-20 20:00:00,0.8315385920400273,0.88025314
2017-12-20 20:10:00,0.915387445562432,0.8369112
2017-12-20 20:20:00,0.9430575663151706,0.9514172
2017-12-20 20:30:00,0.9547964068006579,0.96986073
2017-12-20 20:40:00,0.9103565145164791,0.9532579
2017-12-20 20:50:00,0.8499853392085192,0.87018424
2017-12-20 21:00:00,0.7619440431478205,0.8161962
2017-12-20 21:10:00,0.7384663649333759,0.75418836
2017-12-20 21:20:00,0.664679373502876,0.74973565
2017-12-20 21:30:00,0.5665762153502726,0.6526098
2017-12-20 21:40:00,0.5078820184358952,0.5006338
2017-12-20 21:50:00,0.4458338661126175,0.44947025
2017-12-20 22:00:00,0.39468606576716836,0.40298504
2017-12-20 22:10:00,0.31586814329071555,0.37268686
2017-12-20 22:20:00,0.20351068050791352,0.26286647
2017-12-20 22:30:00,0.14062403967697704,0.13730384
2017-12-20 22:40:00,0.05845216316989003,0.09769152
2017-12-20 22:50:00,-0.06983658263669383,0.023264047
2017-12-20 23:00:00,-0.20818719053518236,-0.117752716
2017-12-20 23:10:00,-0.33060651678815456,-0.25959477
2017-12-20 23:20:00,-0.4765035212555719,-0.3868723
2017-12-20 23:30:00,-0.5779606334388104,-0.5497286
2017-12-20 23:40:00,-0.6609709984535568,-0.6195396
2017-12-20 23:50:00,-0.7582356680985017,-0.71475506
2017-12-21 00:00:00,-0.8429230101285652,-0.83450055
2017-12-21 00:10:00,-0.9183869785743828,-0.8465873
2017-12-21 00:20:00,-0.9980433895584944,-1.0234277
2017-12-21 00:30:00,-1.0617685175188236,-1.0951308
2017-12-21 00:40:00,-1.1120778293566136,-1.1404233
2017-12-21 00:50:00,-1.1481328365642052,-1.1742073
2017-12-21 01:00:00,-1.2034730794479473,-1.2087972
2017-12-21 01:10:00,-1.2797755364014238,-1.2458824
2017-12-21 01:20:00,-1.31918449763965,-1.3337032
2017-12-21 01:30:00,-1.3443391528694124,-1.3611681
2017-12-21 01:40:00,-1.4097412592233247,-1.3792528
2017-12-21 01:50:00,-1.4315419604224522,-1.4411108
2017-12-21 02:00:00,-1.4717894101683369,-1.4547582
2017-12-21 02:10:00,-1.5002980208069998,-1.4846752
2017-12-21 02:20:00,-1.5246141889073688,-1.5311773
2017-12-21 02:30:00,-1.5237757003997099,-1.5590103
2017-12-21 02:40:00,-1.5480918671218133,-1.5555618
2017-12-21 02:50:00,-1.573246523729841,-1.5638468
2017-12-21 03:00:00,-1.5598307062290355,-1.5809073
2017-12-21 03:10:00,-1.5589922177213766,-1.5568528
2017-12-21 03:20:00,-1.5506073326447896,-1.5717914
2017-12-21 03:30:00,-1.5782774547757932,-1.574951
2017-12-21 03:40:00,-1.590016293883016,-1.5954084
2017-12-21 03:50:00,-1.6076245525438495,-1.5923209
2017-12-21 04:00:00,-1.6084630410515084,-1.6140617
2017-12-21 04:10:00,-1.6042705985132142,-1.5995959
2017-12-21 04:20:00,-1.5816314088064285,-1.6152651
2017-12-21 04:30:00,-1.579115943283452,-1.5806342
2017-12-21 04:40:00,-1.5740850122374996,-1.5799351
2017-12-21 04:50:00,-1.5749235007451585,-1.560956
2017-12-21 05:00:00,-1.5564767521984009,-1.5702477
2017-12-21 05:10:00,-1.542222447568202,-1.5348289
2017-12-21 05:20:00,-1.5816314088064285,-1.5284232
2017-12-21 05:30:00,-1.5682155926838885,-1.5869658
2017-12-21 05:40:00,-1.5313220969686385,-1.5554819
2017-12-21 05:50:00,-1.4239955638535233,-1.5101223
2017-12-21 06:00:00,-1.3753632290310511,-1.3602505
2017-12-21 06:10:00,-1.3778786945540271,-1.3395259
2017-12-21 06:20:00,-1.340985198838777,-1.3643024
2017-12-21 06:30:00,-1.2822910019243996,-1.3237484
2017-12-21 06:40:00,-1.2705521628171774,-1.2555269
2017-12-21 06:50:00,-1.3258924057009196,-1.2518654
2017-12-21 07:00:00,-1.3367927563004836,-1.3294114
2017-12-21 07:10:00,-1.3535625278319237,-1.2936125
2017-12-21 07:20:00,-1.3803941600770036,-1.3318837
2017-12-21 07:30:00,-1.393809977577809,-1.3615863
2017-12-21 07:40:00,-1.4466347549385747,-1.3677937
2017-12-21 07:50:00,-1.486043716176801,-1.4248165
2017-12-21 08:00:00,-1.3971639316084437,-1.4518342
2017-12-21 08:10:00,-1.2831294904320585,-1.3243996
2017-12-21 08:20:00,-1.1883802863100899,-1.2427832
2017-12-21 08:30:00,-1.1481328365642052,-1.1674619
2017-12-21 08:40:00,-1.1263321353650777,-1.132709
2017-12-21 08:50:00,-1.1129163178642723,-1.1055939
2017-12-21 09:00:00,-1.0349368838954789,-1.0792564
2017-12-21 09:10:00,-0.9393491912658514,-0.986482
2017-12-21 09:20:00,-0.8429230101285652,-0.90784246
2017-12-21 09:30:00,-0.8118989339669264,-0.82276607
2017-12-21 09:40:00,-0.7414658979453266,-0.7878962
2017-12-21 09:50:00,-0.6400087857620881,-0.71631885
2017-12-21 10:00:00,-0.5829915644847627,-0.61849064
2017-12-21 10:10:00,-0.5460980687695128,-0.5435511
2017-12-21 10:20:00,-0.47063410170196074,-0.5084981
2017-12-21 10:30:00,-0.4412870025556395,-0.44382733
2017-12-21 10:40:00,-0.3675000111251395,-0.4129898
2017-12-21 10:50:00,-0.3473762869413297,-0.35006556
2017-12-21 11:00:00,-0.31467523376437323,-0.32707143
2017-12-21 11:10:00,-0.3037748831648098,-0.28265548
2017-12-21 11:20:00,-0.28448964611039324,-0.27486947
2017-12-21 11:30:00,-0.24675766326574994,-0.26277187
2017-12-21 11:40:00,-0.20651021351986473,-0.23177506
2017-12-21 11:50:00,-0.17800160288120234,-0.19262184
2017-12-21 12:00:00,-0.2157335871041111,-0.15962824
2017-12-21 12:10:00,-0.17045520631227357,-0.17355008
2017-12-21 12:20:00,-0.1302077565663884,-0.14607456
2017-12-21 12:30:00,-0.10673007697367831,-0.11482781
2017-12-21 12:40:00,-0.05474378812057082,-0.0977667
2017-12-21 12:50:00,-0.048035880059300866,-0.05419687
2017-12-21 13:00:00,-0.06732111711371741,-0.048801202
2017-12-21 13:10:00,-0.11427647492087256,-0.059455995
2017-12-21 13:20:00,-0.09834519189709075,-0.112327114
2017-12-21 13:30:00,-0.14949299224253942,-0.1090374
2017-12-21 13:40:00,-0.16626276377398005,-0.16015945
2017-12-21 13:50:00,-0.18890195348076583,-0.18263212
2017-12-21 14:00:00,-0.15200845776551583,-0.20116356
2017-12-21 14:10:00,-0.15536241317441607,-0.15354891
2017-12-21 14:20:00,-0.15620090168207487,-0.16650534
2017-12-21 14:30:00,-0.16542427526632125,-0.17952414
2017-12-21 14:40:00,-0.16710125228163836,-0.19206582
2017-12-21 14:50:00,-0.19057893049608343,-0.19485413
2017-12-21 15:00:00,-0.19393288452671817,-0.22060622
2017-12-21 15:10:00,-0.19560986154203577,-0.2095727
2017-12-21 15:20:00,-0.1998023054585948,-0.21437813
2017-12-21 15:30:00,-0.20399474799688883,-0.22899657
2017-12-21 15:40:00,-0.23753428830323808,-0.24371786
2017-12-21 15:50:00,-0.23501882278026215,-0.27830172
2017-12-21 16:00:00,-0.21992602964240465,-0.26901972
2017-12-21 16:10:00,-0.229149403226651,-0.23383732
2017-12-21 16:20:00,-0.19812532844327768,-0.25202283
2017-12-21 16:30:00,-0.19812532844327768,-0.2136197
2017-12-21 16:40:00,-0.13943113015063474,-0.20510943
2017-12-21 16:50:00,-0.0656441387201343,-0.11869779
2017-12-21 17:00:00,0.04587483555500894,-0.012573034
2017-12-21 17:10:00,0.2823286016061013,0.18807288
2017-12-21 17:20:00,0.5598683072890022,0.55224377
2017-12-21 17:30:00,0.9137104685471144,0.8304157
2017-12-21 17:40:00,1.0319373508835281,1.0751128
2017-12-21 17:50:00,1.11075527335998,1.0744492
2017-12-21 18:00:00,1.0923085261914882,1.1113433
2017-12-21 18:10:00,1.0562535189838964,1.1271063
2017-12-21 18:20:00,1.0227139772992813,1.1016715
2017-12-21 18:30:00,1.0260679313299164,1.0475
2017-12-21 18:40:00,1.0629614270451668,1.044068
2017-12-21 18:50:00,1.0939855032068058,1.0797188
2017-12-21 19:00:00,1.0512225879379447,1.1033521
2017-12-21 19:10:00,1.0931470146991469,1.064525
2017-12-21 19:20:00,1.0419992143536978,1.0991302
2017-12-21 19:30:00,0.9841435045687141,1.0259432
2017-12-21 19:40:00,0.9573118723236343,0.9458005
2017-12-21 19:50:00,0.9162259340700908,0.93679816
2017-12-21 20:00:00,0.8717860417859121,0.9070688
2017-12-21 20:10:00,0.9204183766083839,0.880429
2017-12-21 20:20:00,0.928803261684972,0.9519492
2017-12-21 20:30:00,0.8994561625386507,0.95065445
2017-12-21 20:40:00,0.8088994009549756,0.90105385
2017-12-21 20:50:00,0.7502052040405982,0.78960246
2017-12-21 21:00:00,0.7267275244478876,0.7292212
2017-12-21 21:10:00,0.6806106551483923,0.7421429
2017-12-21 21:20:00,0.6353322743565547,0.6977462
2017-12-21 21:30:00,0.5757995889345184,0.6212911
2017-12-21 21:40:00,0.5070435285499704,0.542148
2017-12-21 21:50:00,0.47434247675127994,0.46942356
2017-12-21 22:00:00,0.39384757725950953,0.4193129
2017-12-21 22:10:00,0.30329081567583444,0.35492432
2017-12-21 22:20:00,0.20770312304620753,0.24845923
2017-12-21 22:30:00,0.11714636146253246,0.15356553
2017-12-21 22:40:00,0.03245901943246903,0.069811046
2017-12-21 22:50:00,-0.10756856548133711,0.0058119893
2017-12-21 23:00:00,-0.23166486874962694,-0.16780107
2017-12-21 23:10:00,-0.35576117201791674,-0.27881157
2017-12-21 23:20:00,-0.45889526121647295,-0.41456723
2017-12-21 23:30:00,-0.5569984207473423,-0.5218474
2017-12-21 23:40:00,-0.6257544797536244,-0.60725904
2017-12-21 23:50:00,-0.7154727528296402,-0.6867035
2017-12-22 00:00:00,-0.8202838204217794,-0.7882995
2017-12-22 00:10:00,-0.8789780173361563,-0.85120344
2017-12-22 00:20:00,-0.941026168281169,-0.9885236
2017-12-22 00:30:00,-1.0156516482193279,-1.0396687
2017-12-22 00:40:00,-1.0525451439345777,-1.1012876
2017-12-22 00:50:00,-1.1372324859646412,-1.1166128
2017-12-22 01:00:00,-1.2118579645245349,-1.1990099
2017-12-22 01:10:00,-1.314992055101356,-1.2444535
2017-12-22 01:20:00,-1.3242154286856025,-1.3632761
2017-12-22 01:30:00,-1.3611089244008525,-1.3659108
2017-12-22 01:40:00,-1.4164491672845947,-1.403877
2017-12-22 01:50:00,-1.4508271974768687,-1.4614722
2017-12-22 02:00:00,-1.4835282506538248,-1.481041
2017-12-22 02:10:00,-1.5019749978223174,-1.4926729
2017-12-22 02:20:00,-1.521260234876734,-1.5133297
2017-12-22 02:30:00,-1.5262911659226863,-1.5422406
2017-12-22 02:40:00,-1.5447379130911785,-1.5399226
2017-12-22 02:50:00,-1.543060936075861,-1.5661231
2017-12-22 03:00:00,-1.5782774547757932,-1.5531318
2017-12-22 03:10:00,-1.561507683244353,-1.5951368
2017-12-22 03:20:00,-1.561507683244353,-1.5684826
2017-12-22 03:30:00,-1.5631846602596708,-1.5970838
2017-12-22 03:40:00,-1.5942087364213096,-1.5821718
2017-12-22 03:50:00,-1.6235558355676307,-1.6094201
2017-12-22 04:00:00,-1.6168479275063607,-1.631689
2017-12-22 04:10:00,-1.6235558355676307,-1.6041756
2017-12-22 04:20:00,-1.6193633930293372,-1.6315646
2017-12-22 04:30:00,-1.6352946746748531,-1.6121217
2017-12-22 04:40:00,-1.6344561861671947,-1.6271745
2017-12-22 04:50:00,-1.6218788585523136,-1.6210345
2017-12-22 05:00:00,-1.5975626904519442,-1.6098614
2017-12-22 05:10:00,-1.593370247913651,-1.5671562
2017-12-22 05:20:00,-1.5950472249289684,-1.591327
2017-12-22 05:30:00,-1.605109087020873,-1.5983956
2017-12-22 05:40:00,-1.5522843096601073,-1.5979701
2017-12-22 05:50:00,-1.4290264948994758,-1.5107794
2017-12-22 06:00:00,-1.3879405566459322,-1.3538445
2017-12-22 06:10:00,-1.3476931082783126,-1.3555286
2017-12-22 06:20:00,-1.300737750471158,-1.3269233
2017-12-22 06:30:00,-1.2328201785942685,-1.2826482
2017-12-22 06:40:00,-1.2328201785942685,-1.2004662
2017-12-22 06:50:00,-1.288160421478011,-1.2154839
2017-12-22 07:00:00,-1.3476931082783126,-1.2774838
2017-12-22 07:10:00,-1.3426621758540946,-1.3040068
2017-12-22 07:20:00,-1.3980024201161023,-1.2985934
2017-12-22 07:30:00,-1.4441192894155988,-1.3779542
2017-12-22 07:40:00,-1.4877206931921187,-1.4196734
2017-12-22 07:50:00,-1.4868822046844599,-1.4478426
2017-12-22 08:00:00,-1.4080642822080072,-1.432842
2017-12-22 08:10:00,-1.2688751858018603,-1.3217
2017-12-22 08:20:00,-1.2336586671019274,-1.2134322
2017-12-22 08:30:00,-1.1892187748177487,-1.210177
2017-12-22 08:40:00,-1.142263417010594,-1.1550139
2017-12-22 08:50:00,-1.0869231741268512,-1.104256
2017-12-22 09:00:00,-1.0525451439345777,-1.0437889
2017-12-22 09:10:00,-0.9334797717122403,-0.9948074
2017-12-22 09:20:00,-0.8462769641592004,-0.89170057
2017-12-22 09:30:00,-0.76578206466743,-0.81774426
2017-12-22 09:40:00,-0.7624281106367953,-0.7428834
2017-12-22 09:50:00,-0.6844486780462669,-0.7309207
2017-12-22 10:00:00,-0.6106616866157668,-0.6571355
2017-12-22 10:10:00,-0.5469365572771716,-0.5698089
2017-12-22 10:20:00,-0.5251358560780446,-0.5095969
2017-12-22 10:30:00,-0.4714725902096195,-0.48269424
2017-12-22 10:40:00,-0.3825928056412621,-0.4298664
2017-12-22 10:50:00,-0.3742079191864095,-0.34953165
2017-12-22 11:00:00,-0.34066837888005974,-0.33666635
2017-12-22 11:10:00,-0.30125941764183334,-0.29066497
2017-12-22 11:20:00,-0.23334184576494454,-0.25837737
2017-12-22 11:30:00,-0.26939685297253574,-0.20251763
2017-12-22 11:40:00,-0.2568195253576546,-0.23149228
2017-12-22 11:50:00,-0.29119755554992865,-0.22840767
2017-12-22 12:00:00,-0.38007734011828614,-0.25547412
2017-12-22 12:10:00,-0.38510827116423846,-0.32201505
2017-12-22 12:20:00,-0.40774746087102426,-0.34465444
2017-12-22 12:30:00,-0.43961002554032186,-0.37261373
2017-12-22 12:40:00,-0.4697956131943019,-0.41300383
2017-12-22 12:50:00,-0.4538643301705206,-0.44581363
2017-12-22 13:00:00,-0.3842697826565797,-0.43439558
2017-12-22 13:10:00,-0.33060651678815456,-0.3531615
2017-12-22 13:20:00,-0.3398298903724009,-0.3216775
2017-12-22 13:30:00,-0.3381529133570833,-0.34503043
2017-12-22 13:40:00,-0.38175431713360325,-0.34931266
2017-12-22 13:50:00,-0.41948630135651205,-0.39667714
2017-12-22 14:00:00,-0.430386651956076,-0.43381584
2017-12-22 14:10:00,-0.44631793360159183,-0.4291832
2017-12-22 14:20:00,-0.430386651956076,-0.4505561
2017-12-22 14:30:00,-0.389300713702532,-0.4418416
2017-12-22 14:40:00,-0.41613234594761184,-0.4014693
2017-12-22 14:50:00,-0.3708539651557743,-0.43544465
2017-12-22 15:00:00,-0.4010395528097543,-0.390545
2017-12-22 15:10:00,-0.44631793360159183,-0.4108867
2017-12-22 15:20:00,-0.4404485140479807,-0.4625194
2017-12-22 15:30:00,-0.4899193373781118,-0.4572272
2017-12-22 15:40:00,-0.5075275974172107,-0.5072186
2017-12-22 15:50:00,-0.4991427109623581,-0.52604604
2017-12-22 16:00:00,-0.45051037613988537,-0.51926565
2017-12-22 16:10:00,-0.4563797956934965,-0.45607287
2017-12-22 16:20:00,-0.4647646821483496,-0.46769518
2017-12-22 16:30:00,-0.46057223823179055,-0.4787469
2017-12-22 16:40:00,-0.3901392022101908,-0.47389174
2017-12-22 16:50:00,-0.2945515095805634,-0.37978345
2017-12-22 17:00:00,-0.23501882278026215,-0.24793868
2017-12-22 17:10:00,-0.064805650212476,-0.08380589
2017-12-22 17:20:00,0.30496779269115204,0.20181324
2017-12-22 17:30:00,0.6286243662952843,0.5878311
2017-12-22 17:40:00,0.781229280202237,0.7844692
2017-12-22 17:50:00,0.811414866477952,0.87098753
2017-12-22 18:00:00,0.8139303320009275,0.8351885
2017-12-22 18:10:00,0.8424389426395908,0.84726083
2017-12-22 18:20:00,0.863401156709325,0.88120776
2017-12-22 18:30:00,0.8357310345783204,0.8907946
2017-12-22 18:40:00,0.811414866477952,0.8647198
2017-12-22 18:50:00,0.8156073090162451,0.84265125
2017-12-22 19:00:00,0.8206382414404629,0.8456334
2017-12-22 19:10:00,0.8147688205085862,0.8698616
2017-12-22 19:20:00,0.7627825316554793,0.85335916
2017-12-22 19:30:00,0.7560746235942098,0.7774805
2017-12-22 19:40:00,0.7225350819095946,0.76266205
2017-12-22 19:50:00,0.7300814798567888,0.7182222
2017-12-22 20:00:00,0.737627876425717,0.7305249
2017-12-22 20:10:00,0.7611055546401617,0.7838651
2017-12-22 20:20:00,0.7619440431478205,0.8064215
2017-12-22 20:30:00,0.7661364856861145,0.78996736
2017-12-22 20:40:00,0.7367893879180583,0.79253787
2017-12-22 20:50:00,0.7175041508636417,0.7757296
2017-12-22 21:00:00,0.7124732198176889,0.72631115
2017-12-22 21:10:00,0.6101776191267926,0.71967494
2017-12-22 21:20:00,0.5632222613196374,0.58700734
2017-12-22 21:30:00,0.5355521391886338,0.5394386
2017-12-22 21:40:00,0.5053665515346527,0.5032298
2017-12-22 21:50:00,0.43325653849773643,0.46930617
2017-12-22 22:00:00,0.3167066317983743,0.38257584
2017-12-22 22:10:00,0.2831670901137601,0.26805326
2017-12-22 22:20:00,0.23621173230660494,0.25873217
2017-12-22 22:30:00,0.18422544345349698,0.21174061
2017-12-22 22:40:00,0.07773740022430657,0.118887916
2017-12-22 22:50:00,-0.03545855244441977,-0.0028769225
2017-12-22 23:00:00,-0.12936926805872956,-0.10968351
2017-12-22 23:10:00,-0.20818719053518236,-0.19302595
2017-12-22 23:20:00,-0.29874395211885746,-0.2829752
2017-12-22 23:30:00,-0.3976855987791196,-0.35885
2017-12-22 23:40:00,-0.5528059782090482,-0.45923132
2017-12-22 23:50:00,-0.6525861133769691,-0.61476606
2017-12-23 00:00:00,-0.7641050876521129,-0.7134409
2017-12-23 00:10:00,-0.8571773147587639,-0.7994617
2017-12-23 00:20:00,-0.9611498938432439,-0.96828306
2017-12-23 00:30:00,-1.0349368838954789,-1.0705098
2017-12-23 00:40:00,-1.098662013234074,-1.1270216
2017-12-23 00:50:00,-1.1858648207871139,-1.1804302
2017-12-23 01:00:00,-1.2177273854564117,-1.248292
2017-12-23 01:10:00,-1.2755830938631296,-1.2383052
2017-12-23 01:20:00,-1.31918449763965,-1.3018134
2017-12-23 01:30:00,-1.3560779933549,-1.3515753
2017-12-23 01:40:00,-1.384586602615297,-1.3950369
2017-12-23 01:50:00,-1.4172876557922536,-1.4210105
2017-12-23 02:00:00,-1.4634045250917498,-1.4448614
2017-12-23 02:10:00,-1.4944286012533887,-1.4738822
2017-12-23 02:20:00,-1.5128753484218809,-1.5292127
2017-12-23 02:30:00,-1.5095213943912456,-1.539056
2017-12-23 02:40:00,-1.542222447568202,-1.5359303
2017-12-23 02:50:00,-1.599239667467262,-1.5719188
2017-12-23 03:00:00,-1.6176864160140196,-1.6222506
2017-12-23 03:10:00,-1.6453565367667582,-1.6222711
2017-12-23 03:20:00,-1.6621263082981983,-1.6579461
2017-12-23 03:30:00,-1.6671572393441507,-1.6749241
2017-12-23 03:40:00,-1.6805730554666907,-1.6685269
2017-12-23 03:50:00,-1.6948273600968893,-1.6905129
2017-12-23 04:00:00,-1.7082431775976947,-1.6877148
2017-12-23 04:10:00,-1.7015352695364248,-1.6923332
2017-12-23 04:20:00,-1.6864424750203018,-1.699125
2017-12-23 04:30:00,-1.6948273600968893,-1.6840539
2017-12-23 04:40:00,-1.6864424750203018,-1.6907277
2017-12-23 04:50:00,-1.6814115439743493,-1.6569338
2017-12-23 05:00:00,-1.6554184002369285,-1.6568947
2017-12-23 05:10:00,-1.647033513782076,-1.6104109
2017-12-23 05:20:00,-1.6327792091518771,-1.6240333
2017-12-23 05:30:00,-1.6034321100055555,-1.5980177
2017-12-23 05:40:00,-1.570731058206865,-1.5602255
2017-12-23 05:50:00,-1.4466347549385747,-1.5197089
2017-12-23 06:00:00,-1.4189646328075711,-1.3487139
2017-12-23 06:10:00,-1.4206416098228882,-1.3868835
2017-12-23 06:20:00,-1.3829096255999793,-1.3910631
2017-12-23 06:30:00,-1.4047103281773723,-1.346101
2017-12-23 06:40:00,-1.4089027707156658,-1.3856485
2017-12-23 06:50:00,-1.4105797477309836,-1.3829818
2017-12-23 07:00:00,-1.5145523254371984,-1.3978721
2017-12-23 07:10:00,-1.5204217449908097,-1.5046282
2017-12-23 07:20:00,-1.5455764015988374,-1.4571543
2017-12-23 07:30:00,-1.5455764015988374,-1.5296566
2017-12-23 07:40:00,-1.570731058206865,-1.4997119
2017-12-23 07:50:00,-1.5849853628370631,-1.5202593
2017-12-23 08:00:00,-1.522937211892051,-1.5293592
2017-12-23 08:10:00,-1.4566966170304798,-1.4158022
2017-12-23 08:20:00,-1.3971639316084437,-1.377715
2017-12-23 08:30:00,-1.3661398554468047,-1.3271092
2017-12-23 08:40:00,-1.3242154286856025,-1.3005815
2017-12-23 08:50:00,-1.194249705863701,-1.2528892
2017-12-23 09:00:00,-1.1120778293566136,-1.1282151
2017-12-23 09:10:00,-0.9913354801189589,-1.044162
2017-12-23 09:20:00,-0.8882013909204027,-0.93436646
2017-12-23 09:30:00,-0.8144143994899028,-0.85308963
2017-12-23 09:40:00,-0.746496828991279,-0.78208274
2017-12-23 09:50:00,-0.6928335631228544,-0.71758187
2017-12-23 10:00:00,-0.6584555329305803,-0.66181177
2017-12-23 10:10:00,-0.5486135342924892,-0.60396343
2017-12-23 10:20:00,-0.4681186361789848,-0.50885737
2017-12-23 10:30:00,-0.4220017668794884,-0.4325049
2017-12-23 10:40:00,-0.3750464090723333,-0.37970406
2017-12-23 10:50:00,-0.3264140728715955,-0.3285004
2017-12-23 11:00:00,-0.3314450052958134,-0.27813312
2017-12-23 11:10:00,-0.23501882278026215,-0.2562312
2017-12-23 11:20:00,-0.229149403226651,-0.17909521
2017-12-23 11:30:00,-0.17716311437354354,-0.17358948
2017-12-23 11:40:00,-0.12601531402809485,-0.13288535
2017-12-23 11:50:00,-0.14446206119658708,-0.0907
2017-12-23 12:00:00,-0.14026961865829354,-0.111386895
2017-12-23 12:10:00,-0.14110810716595237,-0.09869942
2017-12-23 12:20:00,-0.1302077565663884,-0.105520725
2017-12-23 12:30:00,-0.19896381695093598,-0.106207415
2017-12-23 12:40:00,-0.23334184576494454,-0.17963168
2017-12-23 12:50:00,-0.18051706840417825,-0.21654269
2017-12-23 13:00:00,-0.1872249764654482,-0.16732891
2017-12-23 13:10:00,-0.19225590751140054,-0.16774133
2017-12-23 13:20:00,-0.22160300665772226,-0.19113918
2017-12-23 13:30:00,-0.21824905262708702,-0.2319138
2017-12-23 13:40:00,-0.23418033427260335,-0.23359074
2017-12-23 13:50:00,-0.26939685297253574,-0.2514982
2017-12-23 14:00:00,-0.2769432495414645,-0.28659156
2017-12-23 14:10:00,-0.27778173804912326,-0.2784713
2017-12-23 14:20:00,-0.29874395211885746,-0.28257427
2017-12-23 14:30:00,-0.2584965023729722,-0.30951384
2017-12-23 14:40:00,-0.31383674525671446,-0.27095208
2017-12-23 14:50:00,-0.333121982311131,-0.32721466
2017-12-23 15:00:00,-0.3909776907178496,-0.33988073
2017-12-23 15:10:00,-0.42619420941778197,-0.38231432
2017-12-23 15:20:00,-0.4203247898641708,-0.42271367
2017-12-23 15:30:00,-0.46560317065600837,-0.42401245
2017-12-23 15:40:00,-0.5024966649929928,-0.47634354
2017-12-23 15:50:00,-0.5310052756316558,-0.50880545
2017-12-23 16:00:00,-0.6123386636310845,-0.5362438
2017-12-23 16:10:00,-0.5746066794081757,-0.6113008
2017-12-23 16:20:00,-0.5620293517932946,-0.5685365
2017-12-23 16:30:00,-0.5075275974172107,-0.5610359
2017-12-23 16:40:00,-0.445479445093933,-0.49624398
2017-12-23 16:50:00,-0.3465377984336709,-0.41547856
2017-12-23 17:00:00,-0.24591917475809114,-0.27295282
2017-12-23 17:10:00,-0.09918368040474955,-0.08004122
2017-12-23 17:20:00,0.2580124348839979,0.19422974
2017-12-23 17:30:00,0.6797721666407335,0.5095358
2017-12-23 17:40:00,0.8483083621932015,0.79225135
2017-12-23 17:50:00,0.9036486050769438,0.92260945
2017-12-23 18:00:00,0.919579888100726,0.9230275
2017-12-23 18:10:00,0.9170644225777497,0.94515115
2017-12-23 18:20:00,0.8768169728318639,0.94592625
2017-12-23 18:30:00,0.8525008047314956,0.88998413
2017-12-23 18:40:00,0.8541777817468131,0.8626447
2017-12-23 18:50:00,0.8449544081625663,0.86948735
2017-12-23 19:00:00,0.8768169728318639,0.8585113
2017-12-23 19:10:00,0.8726245302935709,0.9040046
2017-12-23 19:20:00,0.8793324383548403,0.8944986
2017-12-23 19:30:00,0.8784939498471815,0.88310456
2017-12-23 19:40:00,0.8508238277161779,0.8732052
2017-12-23 19:50:00,0.8265076609940746,0.83277994
2017-12-23 20:00:00,0.798837538863071,0.8106274
2017-12-23 20:10:00,0.7795523031869194,0.8130681
2017-12-23 20:20:00,0.7443357844869866,0.80233294
2017-12-23 20:30:00,0.7158271738483242,0.7588783
2017-12-23 20:40:00,0.6705487930564866,0.71047467
2017-12-23 20:50:00,0.6554559999186301,0.64422643
2017-12-23 21:00:00,0.6244319237569902,0.6314076
2017-12-23 21:10:00,0.5791535429651538,0.61962974
2017-12-23 21:20:00,0.4969816664580657,0.554375
2017-12-23 21:30:00,0.4466723546202763,0.48161328
2017-12-23 21:40:00,0.35611559303660123,0.42013663
2017-12-23 21:50:00,0.3217375628443272,0.30032542
2017-12-23 22:00:00,0.2789746475754661,0.26328143
2017-12-23 22:10:00,0.23285777827596973,0.23569445
2017-12-23 22:20:00,0.16829416180798165,0.21007542
2017-12-23 22:30:00,0.14649345923058868,0.13290158
2017-12-23 22:40:00,0.052582743616278384,0.102789134
2017-12-23 22:50:00,-0.00946540732873328,-0.01300915
2017-12-23 23:00:00,-0.09582972637411483,-0.07261412
2017-12-23 23:10:00,-0.20651021351986473,-0.13735673
2017-12-23 23:20:00,-0.3163522107796909,-0.27455842
2017-12-23 23:30:00,-0.41948630135651205,-0.39867646
2017-12-23 23:40:00,-0.4949502684240641,-0.51050127
2017-12-23 23:50:00,-0.5813145874694456,-0.57388085
2017-12-24 00:00:00,-0.6676789065148266,-0.6690911
2017-12-24 00:10:00,-0.7481738060065966,-0.7444211
2017-12-24 00:20:00,-0.8563388262511051,-0.88115543
2017-12-24 00:30:00,-0.9443801223118038,-0.9760432
2017-12-24 00:40:00,-1.029905952849526,-1.0479159
2017-12-24 00:50:00,-1.0995005017417323,-1.1151655
2017-12-24 01:00:00,-1.1724490046645741,-1.1570035
2017-12-24 01:10:00,-1.2294662245636339,-1.2040164
2017-12-24 01:20:00,-1.2739061168478125,-1.2412633
2017-12-24 01:30:00,-1.3367927563004836,-1.3020407
2017-12-24 01:40:00,-1.4231570753458647,-1.3709486
2017-12-24 01:50:00,-1.4784973196078723,-1.4608357
2017-12-24 02:00:00,-1.5220987233843923,-1.5026644
2017-12-24 02:10:00,-1.5757619892528174,-1.5340642
2017-12-24 02:20:00,-1.599239667467262,-1.6142578
2017-12-24 02:30:00,-1.602593621497897,-1.6309903
2017-12-24 02:40:00,-1.6017551329902384,-1.6322563
2017-12-24 02:50:00,-1.620201881536996,-1.6183817
2017-12-24 03:00:00,-1.6386486287054882,-1.6358492
2017-12-24 03:10:00,-1.6696727048671272,-1.6442399
2017-12-24 03:20:00,-1.677219101436056,-1.6720488
2017-12-24 03:30:00,-1.6478720022897342,-1.6825545
2017-12-24 03:40:00,-1.6629647968058572,-1.6422272
2017-12-24 03:50:00,-1.652902933335687,-1.6729105
2017-12-24 04:00:00,-1.6445180482590995,-1.6320293
2017-12-24 04:10:00,-1.6495489793050517,-1.6313441
2017-12-24 04:20:00,-1.6663187508364918,-1.6440792
2017-12-24 04:30:00,-1.6981813155057897,-1.6600794
2017-12-24 04:40:00,-1.7048892235670594,-1.6932466
2017-12-24 04:50:00,-1.6948273600968893,-1.6701264
2017-12-24 05:00:00,-1.6973428256198657,-1.6665565
2017-12-24 05:10:00,-1.6629647968058572,-1.6661378
2017-12-24 05:20:00,-1.663803285313516,-1.6293724
2017-12-24 05:30:00,-1.6914734060662542,-1.641482
2017-12-24 05:40:00,-1.7292053902891629,-1.6614026
2017-12-24 05:50:00,-1.6176864160140196,-1.6889541
2017-12-24 06:00:00,-1.6185249045216785,-1.507657
2017-12-24 06:10:00,-1.633617697659536,-1.5871625
2017-12-24 06:20:00,-1.6302637436289007,-1.6089246
2017-12-24 06:30:00,-1.614332461983385,-1.6121205
2017-12-24 06:40:00,-1.6562568887445872,-1.5978796
2017-12-24 06:50:00,-1.7627449319737782,-1.6657641
2017-12-24 07:00:00,-1.8616865786340402,-1.7940898
2017-12-24 07:10:00,-1.9455354321564453,-1.8957611
2017-12-24 07:20:00,-2.015129981048652,-1.9535024
2017-12-24 07:30:00,-2.014291492540993,-2.0242054
2017-12-24 07:40:00,-1.9950062554865764,-1.9617218
2017-12-24 07:50:00,-1.9782364853334018,-1.9285125
2017-12-24 08:00:00,-1.9052879824105606,-1.9009228
2017-12-24 08:10:00,-1.874263907627187,-1.8141057
2017-12-24 08:20:00,-1.8390473889272545,-1.8125558
2017-12-24 08:30:00,-1.787061100074147,-1.769558
2017-12-24 08:40:00,-1.756875512420167,-1.7042521
2017-12-24 08:50:00,-1.6939888715892306,-1.6560249
2017-12-24 09:00:00,-1.572408035222182,-1.5921005
2017-12-24 09:10:00,-1.5397069820452263,-1.4616367
2017-12-24 09:20:00,-1.5153908139448569,-1.4622068
2017-12-24 09:30:00,-1.4248340523611822,-1.420957
2017-12-24 09:40:00,-1.3141535665936972,-1.3239526
2017-12-24 09:50:00,-1.2277892475483163,-1.2236003
2017-12-24 10:00:00,-1.1472943480565463,-1.1501741
2017-12-24 10:10:00,-1.0408063048273555,-1.0654165
2017-12-24 10:20:00,-0.9494110547360216,-0.9738897
2017-12-24 10:30:00,-0.9049711624518428,-0.9023656
2017-12-24 10:40:00,-0.8965862759969903,-0.85562986
2017-12-24 10:50:00,-0.8295071940060252,-0.841789
2017-12-24 11:00:00,-0.7909367212754577,-0.7735846
2017-12-24 11:10:00,-0.757397179590843,-0.72602725
2017-12-24 11:20:00,-0.7607511336214777,-0.7041662
2017-12-24 11:30:00,-0.7179882183526166,-0.70893216
2017-12-24 11:40:00,-0.6668404180071679,-0.67240274
2017-12-24 11:50:00,-0.6643249524841914,-0.62963337
2017-12-24 12:00:00,-0.6936720516305132,-0.6289897
2017-12-24 12:10:00,-0.6676789065148266,-0.639607
2017-12-24 12:20:00,-0.560352374777977,-0.6270058
2017-12-24 12:30:00,-0.5201049250320918,-0.5390495
2017-12-24 12:40:00,-0.5167509710014571,-0.5070089
2017-12-24 12:50:00,-0.545259580261854,-0.5068615
2017-12-24 13:00:00,-0.549452022800148,-0.53336966
2017-12-24 13:10:00,-0.5377131836929258,-0.52555853
2017-12-24 13:20:00,-0.579637610454128,-0.5241648
2017-12-24 13:30:00,-0.5645448173162705,-0.57163006
2017-12-24 13:40:00,-0.5846685415000804,-0.5620385
2017-12-24 13:50:00,-0.5813145874694456,-0.5846433
2017-12-24 14:00:00,-0.5787991219464692,-0.5837503
2017-12-24 14:10:00,-0.5628678403009534,-0.5706816
2017-12-24 14:20:00,-0.5469365572771716,-0.56875813
2017-12-24 14:30:00,-0.5351977181699493,-0.56112814
2017-12-24 14:40:00,-0.5561599322396834,-0.5516757
2017-12-24 14:50:00,-0.6173695946770368,-0.56753767
2017-12-24 15:00:00,-0.6274314567689415,-0.6274489
2017-12-24 15:10:00,-0.6156926176617192,-0.62624896
2017-12-24 15:20:00,-0.6307854107995767,-0.6253942
2017-12-24 15:30:00,-0.7070878677530531,-0.64581263
2017-12-24 15:40:00,-0.7523662485448906,-0.72167355
2017-12-24 15:50:00,-0.7590741566061601,-0.76200956
2017-12-24 16:00:00,-0.7649435761597717,-0.76311177
2017-12-24 16:10:00,-0.7976446293367276,-0.7608415
2017-12-24 16:20:00,-0.7775209051529183,-0.7976631
2017-12-24 16:30:00,-0.7641050876521129,-0.7767361
2017-12-24 16:40:00,-0.7188267068602754,-0.7535901
2017-12-24 16:50:00,-0.6735483260684378,-0.690458
2017-12-24 17:00:00,-0.5611908632856358,-0.60726213
2017-12-24 17:10:00,-0.4287096749407584,-0.40533537
2017-12-24 17:20:00,-0.09834519189709075,-0.1553299
2017-12-24 17:30:00,0.3376688458681085,0.15533367
2017-12-24 17:40:00,0.4844043388431846,0.43758154
2017-12-24 17:50:00,0.5607067957966609,0.55205256
2017-12-24 18:00:00,0.5841844740111055,0.5972731
2017-12-24 18:10:00,0.6194009927110384,0.6362782
2017-12-24 18:20:00,0.6252704122646491,0.6554791
2017-12-24 18:30:00,0.6118545961421091,0.6477338
2017-12-24 18:40:00,0.6386862283871889,0.6275125
2017-12-24 18:50:00,0.6487480918573596,0.6601407
2017-12-24 19:00:00,0.7024113577257842,0.67909753
2017-12-24 19:10:00,0.6973804266798324,0.7587857
2017-12-24 19:20:00,0.6998958922028078,0.7571161
2017-12-24 19:30:00,0.7443357844869866,0.73806095
2017-12-24 19:40:00,0.7476897385176218,0.78044236
2017-12-24 19:50:00,0.7066038002640782,0.7689282
2017-12-24 20:00:00,0.7393048534410347,0.71401536
2017-12-24 20:10:00,0.7963220733400945,0.8002604
2017-12-24 20:20:00,0.7954835848324358,0.8457141
2017-12-24 20:30:00,0.7954835848324358,0.80467784
2017-12-24 20:40:00,0.7535591580712334,0.79765713
2017-12-24 20:50:00,0.7024113577257842,0.7613821
2017-12-24 21:00:00,0.6621639079798995,0.70051754
2017-12-24 21:10:00,0.6001157570348868,0.6822951
2017-12-24 21:20:00,0.5581913302736845,0.600767
2017-12-24 21:30:00,0.4936277124274305,0.537848
2017-12-24 21:40:00,0.41145583592034346,0.45912594
2017-12-24 21:50:00,0.3519231504983072,0.36492765
2017-12-24 22:00:00,0.33263791482215666,0.30693287
2017-12-24 22:10:00,0.27142825100653684,0.28832707
2017-12-24 22:20:00,0.18506393196115578,0.20801474
2017-12-24 22:30:00,0.10373054396172757,0.1062087
2017-12-24 22:40:00,0.005627385809124236,0.043254565
2017-12-24 22:50:00,-0.08492937577455084,-0.07459677
2017-12-24 23:00:00,-0.18974044198842463,-0.16183507
2017-12-24 23:10:00,-0.2970669751035398,-0.25672188
2017-12-24 23:20:00,-0.4010395528097543,-0.37538338
2017-12-24 23:30:00,-0.5008196879776753,-0.4773489
2017-12-24 23:40:00,-0.6207235487076715,-0.59152365
2017-12-24 23:50:00,-0.6945105401381719,-0.6971355
2017-12-25 00:00:00,-0.7850673017218466,-0.7698754
2017-12-25 00:10:00,-0.8781395288284981,-0.8378964
2017-12-25 00:20:00,-0.934318260219899,-1.0115031
2017-12-25 00:30:00,-1.0324214183725025,-1.0529157
2017-12-25 00:40:00,-1.0936310821881212,-1.1378824
2017-12-25 00:50:00,-1.1540022561178163,-1.1705403
2017-12-25 01:00:00,-1.1925727288483838,-1.2031715
2017-12-25 01:10:00,-1.2512669257627609,-1.2156453
2017-12-25 01:20:00,-1.3175075206243325,-1.2681592
2017-12-25 01:30:00,-1.3334388022698485,-1.3349261
2017-12-25 01:40:00,-1.40638730519269,-1.355222
2017-12-25 01:50:00,-1.4206416098228882,-1.4254758
2017-12-25 02:00:00,-1.4634045250917498,-1.4220548
2017-12-25 02:10:00,-1.4776588311002135,-1.481561
2017-12-25 02:20:00,-1.4952670897610474,-1.4914638
2017-12-25 02:30:00,-1.5103598828989044,-1.5129414
2017-12-25 02:40:00,-1.5170677909601744,-1.519407
2017-12-25 02:50:00,-1.5522843096601073,-1.5137086
2017-12-25 03:00:00,-1.5388684935375674,-1.5673139
2017-12-25 03:10:00,-1.5539612866754244,-1.5143871
2017-12-25 03:20:00,-1.5807929202987696,-1.5714749
2017-12-25 03:30:00,-1.5657001271609121,-1.5768209
2017-12-25 03:40:00,-1.579954431791111,-1.5643313
2017-12-25 03:50:00,-1.5682155926838885,-1.5859914
2017-12-25 04:00:00,-1.5782774547757932,-1.5604172
2017-12-25 04:10:00,-1.5875008283600396,-1.5636508
2017-12-25 04:20:00,-1.6042705985132142,-1.571845
2017-12-25 04:30:00,-1.579954431791111,-1.6079988
2017-12-25 04:40:00,-1.584146874329405,-1.5489228
2017-12-25 04:50:00,-1.5816314088064285,-1.5637165
2017-12-25 05:00:00,-1.533837562491615,-1.5378294
2017-12-25 05:10:00,-1.5472533786141545,-1.4782128
2017-12-25 05:20:00,-1.5095213943912456,-1.5261948
2017-12-25 05:30:00,-1.4826897621461663,-1.4690771
2017-12-25 05:40:00,-1.470950921660678,-1.4390252
2017-12-25 05:50:00,-1.3468546197706537,-1.4181975
2017-12-25 06:00:00,-1.313315078086039,-1.2362591
2017-12-25 06:10:00,-1.2822910019243996,-1.259551
2017-12-25 06:20:00,-1.2562978568087138,-1.2292807
2017-12-25 06:30:00,-1.2085040104938998,-1.2071812
2017-12-25 06:40:00,-1.2001191254173122,-1.1355729
2017-12-25 06:50:00,-1.248751460239785,-1.1487057
2017-12-25 07:00:00,-1.329246359731555,-1.204269
2017-12-25 07:10:00,-1.2697136743095185,-1.2434006
2017-12-25 07:20:00,-1.2697136743095185,-1.1563585
2017-12-25 07:30:00,-1.3074456585324274,-1.2189811
2017-12-25 07:40:00,-1.3762017175387096,-1.240652
2017-12-25 07:50:00,-1.372009275000416,-1.2972472
2017-12-25 08:00:00,-1.2898373984933285,-1.255946
2017-12-25 08:10:00,-1.2319816900866098,-1.1597078
2017-12-25 08:20:00,-1.1615486526867451,-1.1440618
2017-12-25 08:30:00,-1.0751843336413636,-1.0809104
2017-12-25 08:40:00,-0.9930124585125415,-1.0022321
2017-12-25 08:50:00,-0.9686962904121726,-0.93233687
2017-12-25 09:00:00,-0.8714316207672281,-0.9081395
2017-12-25 09:10:00,-0.7431428749606442,-0.78956896
2017-12-25 09:20:00,-0.9301258176816051,-0.6922641
2017-12-25 09:30:00,-0.8580158032664227,-0.8360336
2017-12-25 09:40:00,-0.7389504324223507,-0.7550101
2017-12-25 09:50:00,-0.588860984038374,-0.6608919
2017-12-25 10:00:00,-0.44883339912456827,-0.5438497
2017-12-25 10:10:00,-0.3708539651557743,-0.4072191
2017-12-25 10:20:00,-0.3096443027184209,-0.34013292
2017-12-25 10:30:00,-0.2652044104342422,-0.28253615
2017-12-25 10:40:00,-0.19393288452671817,-0.23738553
2017-12-25 10:50:00,-0.19644835004969458,-0.17426981
2017-12-25 11:00:00,-0.19309439601905934,-0.1639577
2017-12-25 11:10:00,-0.1595548557127101,-0.13608235
2017-12-25 11:20:00,-0.12266135999745963,-0.10637388
2017-12-25 11:30:00,-0.05725925364354724,-0.0766294
2017-12-25 11:40:00,-0.051389834089936096,-0.02197222
2017-12-25 11:50:00,-0.027073667367832708,-0.017388346
2017-12-25 12:00:00,-0.04300494901334853,0.0016735718
2017-12-25 12:10:00,-0.04132797199803091,0.0037811734
2017-12-25 12:20:00,-0.043843437521007333,-0.0016830657
2017-12-25 12:30:00,-0.019527269420637955,-0.013166341
2017-12-25 12:40:00,-0.05725925364354724,0.0026288908
2017-12-25 12:50:00,-0.0782214677132814,-0.03554915
2017-12-25 13:00:00,-0.01617331539000373,-0.05367611
2017-12-25 13:10:00,-0.0077884303134156665,0.02022598
2017-12-25 13:20:00,0.009819828347417266,0.018654738
2017-12-25 13:30:00,-0.0077884303134156665,0.023615692
2017-12-25 13:40:00,-0.04132797199803091,-0.004544601
2017-12-25 13:50:00,-0.0664826286060586,-0.04232516
2017-12-25 14:00:00,-0.03545855244441977,-0.07172067
2017-12-25 14:10:00,-0.05893623065886485,-0.029119594
2017-12-25 14:20:00,-0.08157542174391612,-0.06600014
2017-12-25 14:30:00,-0.04719739155164206,-0.097975925
2017-12-25 14:40:00,-0.0396509949827138,-0.064820364
2017-12-25 14:50:00,-0.03462006393676097,-0.058531553
2017-12-25 15:00:00,-0.06061320767418196,-0.053352326
2017-12-25 15:10:00,-0.08492937577455084,-0.06611729
2017-12-25 15:20:00,-0.10421461145070189,-0.09780808
2017-12-25 15:30:00,-0.15368543478083346,-0.12821913
2017-12-25 15:40:00,-0.16793974078929716,-0.18120699
2017-12-25 15:50:00,-0.19896381695093598,-0.19524378
2017-12-25 16:00:00,-0.19560986154203577,-0.22079842
2017-12-25 16:10:00,-0.14865450373488062,-0.20347421
2017-12-25 16:20:00,-0.1335617105970236,-0.16480485
2017-12-25 16:30:00,-0.10924554249665473,-0.15485261
2017-12-25 16:40:00,-0.043843437521007333,-0.116213396
2017-12-25 16:50:00,0.02407413435588197,-0.038699277
2017-12-25 17:00:00,0.11211543041658062,0.056940522
2017-12-25 17:10:00,0.26975127399122023,0.22829005
2017-12-25 17:20:00,0.5732841234115421,0.5676232
2017-12-25 17:30:00,0.9506039642623648,0.8892284
2017-12-25 17:40:00,1.0403222373383803,1.0872204
2017-12-25 17:50:00,1.0906315491761704,1.1245282
2017-12-25 18:00:00,1.0839236411149011,1.1697927
2017-12-25 18:10:00,1.0998549227604164,1.1688948
2017-12-25 18:20:00,1.0755387546600481,1.1250083
2017-12-25 18:30:00,1.0856006181302176,1.0765707
2017-12-25 18:40:00,1.0260679313299164,1.0900013
2017-12-25 18:50:00,1.0302603738682106,1.0446259
2017-12-25 19:00:00,1.0419992143536978,1.0587301
2017-12-25 19:10:00,1.0378067718154047,1.0835323
2017-12-25 19:20:00,1.0009132761001542,1.0578208
2017-12-25 19:30:00,0.9648582688925625,0.9933506
2017-12-25 19:40:00,0.8994561625386507,0.9462093
2017-12-25 19:50:00,0.8768169728318639,0.86861694
2017-12-25 20:00:00,0.8751399958165473,0.8456588
2017-12-25 20:10:00,0.9547964068006579,0.8743857
2017-12-25 20:20:00,0.9179029110854084,0.98923516
2017-12-25 20:30:00,0.8726245302935709,0.9382882
2017-12-25 20:40:00,0.8499853392085192,0.85829353
2017-12-25 20:50:00,0.8508238277161779,0.83655196
2017-12-25 21:00:00,0.8088994009549756,0.84043825
2017-12-25 21:10:00,0.751043692548257,0.81093407
2017-12-25 21:20:00,0.6579714654416055,0.72905135
2017-12-25 21:30:00,0.5791535429651538,0.6287307
2017-12-25 21:40:00,0.4584111937274986,0.5363209
2017-12-25 21:50:00,0.38043176113696964,0.40741393
2017-12-25 22:00:00,0.27813615906780725,0.31720564
2017-12-25 22:10:00,0.2546584808533627,0.2260424
2017-12-25 22:20:00,0.16913265031564045,0.19767365
2017-12-25 22:30:00,0.08444530828557602,0.083024785
2017-12-25 22:40:00,0.008981339839758459,0.010101665
2017-12-25 22:50:00,-0.13607717611999953,-0.07273735
2017-12-25 23:00:00,-0.2652044104342422,-0.23164062
2017-12-25 23:10:00,-0.33228349380347216,-0.34628186
2017-12-25 23:20:00,-0.4404485140479807,-0.39681745
2017-12-25 23:30:00,-0.538551672200584,-0.5116395
2017-12-25 23:40:00,-0.650909136361652,-0.6184975
2017-12-25 23:50:00,-0.7347579898840567,-0.7417823
2017-12-26 00:00:00,-0.8253147514677318,-0.80812585
2017-12-26 00:10:00,-0.880654994351474,-0.8607364
2017-12-26 00:20:00,-0.9628268708585614,-1.0153035
2017-12-26 00:30:00,-1.017328625234645,-1.0845811
2017-12-26 00:40:00,-1.092792593680463,-1.1181955
2017-12-26 00:50:00,-1.1581946986561098,-1.1808283
2017-12-26 01:00:00,-1.2244352935176814,-1.2236941
2017-12-26 01:10:00,-1.2671982087865425,-1.2534921
2017-12-26 01:20:00,-1.31918449763965,-1.2697272
2017-12-26 01:30:00,-1.3577549703702172,-1.3333007
2017-12-26 01:40:00,-1.4038718396697136,-1.3713355
2017-12-26 01:50:00,-1.4348959158313523,-1.4293565
2017-12-26 02:00:00,-1.4499887089692098,-1.4440856
2017-12-26 02:10:00,-1.4692739446453609,-1.4551275
2017-12-26 02:20:00,-1.4810127851308488,-1.4896939
2017-12-26 02:30:00,-1.4910746472227534,-1.5038205
2017-12-26 02:40:00,-1.522937211892051,-1.5067154
2017-12-26 02:50:00,-1.5531227981677656,-1.5334128
2017-12-26 03:00:00,-1.554799775183083,-1.5593807
2017-12-26 03:10:00,-1.5682155926838885,-1.5466177
2017-12-26 03:20:00,-1.555638263690742,-1.5823097
2017-12-26 03:30:00,-1.595885713436627,-1.5616763
2017-12-26 03:40:00,-1.6118169964604085,-1.6094613
2017-12-26 03:50:00,-1.6252328125829485,-1.5927513
2017-12-26 04:00:00,-1.6562568887445872,-1.6283113
2017-12-26 04:10:00,-1.6252328125829485,-1.6452909
2017-12-26 04:20:00,-1.642002582736123,-1.592149
2017-12-26 04:30:00,-1.646195025274417,-1.6478157
2017-12-26 04:40:00,-1.6587723542675636,-1.6176503
2017-12-26 04:50:00,-1.6478720022897342,-1.6501949
2017-12-26 05:00:00,-1.627748278105925,-1.6039438
2017-12-26 05:10:00,-1.584146874329405,-1.5826746
2017-12-26 05:20:00,-1.5598307062290355,-1.5488596
2017-12-26 05:30:00,-1.529645119953321,-1.5356693
2017-12-26 05:40:00,-1.521260234876734,-1.4834776
2017-12-26 05:50:00,-1.4021948626543959,-1.4747508
2017-12-26 06:00:00,-1.3426621758540946,-1.2934706
2017-12-26 06:10:00,-1.3317618252545311,-1.287049
2017-12-26 06:20:00,-1.3099611240554037,-1.2994103
2017-12-26 06:30:00,-1.300737750471158,-1.2711163
2017-12-26 06:40:00,-1.2940298410316224,-1.2495475
2017-12-26 06:50:00,-1.3250539171932614,-1.2476437
2017-12-26 07:00:00,-1.3443391528694124,-1.2884493
2017-12-26 07:10:00,-1.3510470623089477,-1.2653403
2017-12-26 07:20:00,-1.3728477635080747,-1.278889
2017-12-26 07:30:00,-1.3963254431007848,-1.3114493
2017-12-26 07:40:00,-1.4114182362386423,-1.3314096
2017-12-26 07:50:00,-1.462566036584091,-1.3307152
2017-12-26 08:00:00,-1.3803941600770036,-1.3854465
2017-12-26 08:10:00,-1.302414727486475,-1.2319732
2017-12-26 08:20:00,-1.17496447018755,-1.2108462
2017-12-26 08:30:00,-1.1213012029408598,-1.0967216
2017-12-26 08:40:00,-1.0424832818426726,-1.0646179
2017-12-26 08:50:00,-0.9569574513049504,-0.98256195
2017-12-26 09:00:00,-0.8898783679357204,-0.900246
2017-12-26 09:10:00,-0.8102219569516087,-0.81840086
2017-12-26 09:20:00,-0.7716514855993066,-0.7489402
2017-12-26 09:30:00,-0.7305655473457632,-0.7125793
2017-12-26 09:40:00,-0.8513078952051527,-0.66393274
2017-12-26 09:50:00,-0.6643249524841914,-0.7511077
2017-12-26 10:00:00,-0.5460980687695128,-0.5918441
2017-12-26 10:10:00,-0.49243480290108815,-0.47779495
2017-12-26 10:20:00,-0.4186478128488537,-0.42923707
2017-12-26 10:30:00,-0.37001547664811546,-0.36199796
2017-12-26 10:40:00,-0.3113212797337385,-0.31762642
2017-12-26 10:50:00,-0.23753428830323808,-0.26477695
2017-12-26 11:00:00,-0.19393288452671817,-0.20201604
2017-12-26 11:10:00,-0.14530054970424588,-0.14790145
2017-12-26 11:20:00,-0.11008403238257852,-0.10909814
2017-12-26 11:30:00,-0.04971285707461848,-0.08364062
2017-12-26 11:40:00,-0.02120424643595557,-0.03476815
2017-12-26 11:50:00,-0.012819361359368507,-0.011704255
2017-12-26 12:00:00,-0.00275749926746383,-0.0022952594
2017-12-26 12:10:00,0.04922878958564416,0.020269465
2017-12-26 12:20:00,0.08444530828557602,0.061704185
2017-12-26 12:30:00,0.11295391892423944,0.09373604
2017-12-26 12:40:00,0.08947623933152886,0.11810149
2017-12-26 12:50:00,0.15823229971607597,0.09685995
2017-12-26 13:00:00,0.19344881703774383,0.15893613
2017-12-26 13:10:00,0.21021858856918396,0.21814495
2017-12-26 13:20:00,0.20351068050791352,0.22893788
2017-12-26 13:30:00,0.0022734317784890096,0.20866634
2017-12-26 13:40:00,-0.11679194044384847,0.0067633986
2017-12-26 13:50:00,-0.1754861373582259,-0.09591338
2017-12-26 14:00:00,-0.12685380253575365,-0.14066173
2017-12-26 14:10:00,0.003950408793806623,-0.08631182
2017-12-26 14:20:00,0.08444530828557602,0.035951395
2017-12-26 14:30:00,0.08444530828557602,0.09832485
2017-12-26 14:40:00,0.10456903246938637,0.07246813
2017-12-26 14:50:00,0.057613674662231225,0.08350152
2017-12-26 15:00:00,0.057613674662231225,0.032880094
2017-12-26 15:10:00,0.03581297346310426,0.045542236
2017-12-26 15:20:00,0.059290651677548836,0.017959163
2017-12-26 15:30:00,0.03078204241715142,0.03622613
2017-12-26 15:40:00,-0.006111453298098053,0.0009667091
2017-12-26 15:50:00,-0.08660635278986846,-0.039966583
2017-12-26 16:00:00,-0.13859264164297594,-0.11795357
2017-12-26 16:10:00,-0.11511496342853136,-0.15085004
2017-12-26 16:20:00,-0.11343798641321375,-0.1254141
2017-12-26 16:30:00,-0.07151355965201144,-0.13495927
2017-12-26 16:40:00,-0.004434476282781443,-0.09253979
2017-12-26 16:50:00,0.02575111137119958,-0.009709978
2017-12-26 17:00:00,0.1230157810161441,0.045522813
2017-12-26 17:10:00,0.20518765752323112,0.23416038
2017-12-26 17:20:00,0.4936277124274305,0.4873973
2017-12-26 17:30:00,0.8424389426395908,0.8372147
2017-12-26 17:40:00,1.0554150304762377,1.029062
2017-12-26 17:50:00,1.1292020219067376,1.1233644
2017-12-26 18:00:00,1.0939855032068058,1.150372
2017-12-26 18:10:00,1.0856006181302176,1.1198947
2017-12-26 18:20:00,1.0906315491761704,1.1237524
2017-12-26 18:30:00,1.088954572160853,1.1258006
2017-12-26 18:40:00,1.09733945723744,1.1031196
2017-12-26 18:50:00,1.0788927086906823,1.1147596
2017-12-26 19:00:00,1.0503840994302858,1.0893679
2017-12-26 19:10:00,1.09733945723744,1.076067
2017-12-26 19:20:00,1.0487071224149682,1.1181998
2017-12-26 19:30:00,1.0151675807303528,1.0313072
2017-12-26 19:40:00,0.9983978105771778,0.9757997
2017-12-26 19:50:00,0.9782740850151025,0.96193755
2017-12-26 20:00:00,0.9480884973611224,0.9464409
2017-12-26 20:10:00,1.0000747875924954,0.9381467
2017-12-26 20:20:00,0.9665352459078802,1.0097195
2017-12-26 20:30:00,0.9078410489935037,0.96675974
2017-12-26 20:40:00,0.8860403464161108,0.8883179
2017-12-26 20:50:00,0.8474698736855427,0.8769142
2017-12-26 21:00:00,0.7183426393713005,0.83158946
2017-12-26 21:10:00,0.6764182126100983,0.7033963
2017-12-26 21:20:00,0.6395247168948478,0.65264314
2017-12-26 21:30:00,0.5523219107200739,0.61166453
2017-12-26 21:40:00,0.4936277124274305,0.5090772
2017-12-26 21:50:00,0.41480978995097867,0.44675577
2017-12-26 22:00:00,0.3477307079600132,0.36111683
2017-12-26 22:10:00,0.2420811518602156,0.3060632
2017-12-26 22:20:00,0.14984741326122392,0.19969247
2017-12-26 22:30:00,0.04419785853969132,0.08554453
2017-12-26 22:40:00,-0.01449633837468612,-0.0222205
2017-12-26 22:50:00,-0.11176100939789614,-0.06100584
2017-12-26 23:00:00,-0.24088824233387332,-0.16657427
2017-12-26 23:10:00,-0.3498917524643056,-0.30383998
2017-12-26 23:20:00,-0.452187353155203,-0.4114535
2017-12-26 23:30:00,-0.5695757483622234,-0.49977708
2017-12-26 23:40:00,-0.6584555329305803,-0.62220275
2017-12-26 23:50:00,-0.7456583404836207,-0.6945571
2017-12-27 00:00:00,-0.8412460331132475,-0.8030212
2017-12-27 00:10:00,-0.9049711624518428,-0.861809
2017-12-27 00:20:00,-0.9955279240355179,-1.014467
2017-12-27 00:30:00,-1.1028544557723676,-1.1039724
2017-12-27 00:40:00,-1.1531637676101576,-1.2088675
2017-12-27 00:50:00,-1.2085040104938998,-1.2325743
2017-12-27 01:00:00,-1.2806140249090825,-1.2627271
2017-12-27 01:10:00,-1.3393082218234595,-1.3148615
2017-12-27 01:20:00,-1.384586602615297,-1.378072
2017-12-27 01:30:00,-1.4147721902692771,-1.4209365
2017-12-27 01:40:00,-1.4550196400151623,-1.4617171
2017-12-27 01:50:00,-1.5019749978223174,-1.4900999
2017-12-27 02:00:00,-1.542222447568202,-1.5253458
2017-12-27 02:10:00,-1.562346171752012,-1.5557716
2017-12-27 02:20:00,-1.570731058206865,-1.5942323
2017-12-27 02:30:00,-1.585823851344722,-1.6001616
2017-12-27 02:40:00,-1.6126554849680674,-1.6159735
2017-12-27 02:50:00,-1.629425255121242,-1.6340795
2017-12-27 03:00:00,-1.639487117213147,-1.6530006
2017-12-27 03:10:00,-1.6797345669590318,-1.6518092
2017-12-27 03:20:00,-1.6847654980049847,-1.7043848
2017-12-27 03:30:00,-1.6847654980049847,-1.7049046
2017-12-27 03:40:00,-1.6612878197905396,-1.7053311
2017-12-27 03:50:00,-1.6713496818824447,-1.6653636
2017-12-27 04:00:00,-1.689796429050937,-1.6749635
2017-12-27 04:10:00,-1.6847654980049847,-1.6868496
2017-12-27 04:20:00,-1.6847654980049847,-1.686837
2017-12-27 04:30:00,-1.6780575899437147,-1.6959921
2017-12-27 04:40:00,-1.7183050396895994,-1.673612
2017-12-27 04:50:00,-1.7149510856589647,-1.723679
2017-12-27 05:00:00,-1.696504337112207,-1.6916239
2017-12-27 05:10:00,-1.6562568887445872,-1.6702237
2017-12-27 05:20:00,-1.6344561861671947,-1.6325381
2017-12-27 05:30:00,-1.6076245525438495,-1.6277933
2017-12-27 05:40:00,-1.6109785079527497,-1.5923364
2017-12-27 05:50:00,-1.4986210437916823,-1.5885389
2017-12-27 06:00:00,-1.4315419604224522,-1.4272192
2017-12-27 06:10:00,-1.4416038238926223,-1.3834206
2017-12-27 06:20:00,-1.4315419604224522,-1.4289451
2017-12-27 06:30:00,-1.3912945120548326,-1.4168406
2017-12-27 06:40:00,-1.340985198838777,-1.3623023
2017-12-27 06:50:00,-1.3594319473855347,-1.3176622
2017-12-27 07:00:00,-1.4080642822080072,-1.3563013
2017-12-27 07:10:00,-1.3778786945540271,-1.3798546
2017-12-27 07:20:00,-1.3275693827162371,-1.3386494
2017-12-27 07:30:00,-1.3175075206243325,-1.302181
2017-12-27 07:40:00,-1.3644628784314872,-1.2951491
2017-12-27 07:50:00,-1.3711707864927571,-1.342934
2017-12-27 08:00:00,-1.3057686815171103,-1.3335083
2017-12-27 08:10:00,-1.2185658739640703,-1.229789
2017-12-27 08:20:00,-1.1783184242181852,-1.166361
2017-12-27 08:30:00,-1.02068257926528,-1.1464047
2017-12-27 08:40:00,-0.9821121065347125,-0.98636
2017-12-27 08:50:00,-0.9200639555897003,-0.96020544
2017-12-27 09:00:00,-0.8261532399753906,-0.889296
2017-12-27 09:10:00,-0.7355964783917155,-0.77975476
2017-12-27 09:20:00,-0.6483936708386756,-0.699106
2017-12-27 09:30:00,-0.5913764495613503,-0.6173697
2017-12-27 09:40:00,-0.5360362066776081,-0.55971646
2017-12-27 09:50:00,-0.5209434135397506,-0.50172514
2017-12-27 10:00:00,-0.4941117799164053,-0.47688302
2017-12-27 10:10:00,-0.4052319953480483,-0.43029505
2017-12-27 10:20:00,-0.28616662312571034,-0.35295576
2017-12-27 10:30:00,-0.24927312878872587,-0.24704553
2017-12-27 10:40:00,-0.19728683855735338,-0.20572242
2017-12-27 10:50:00,-0.06815960562137621,-0.15758237
2017-12-27 11:00:00,-0.0664826286060586,-0.040463854
2017-12-27 11:10:00,0.03078204241715142,-0.010180853
2017-12-27 11:20:00,0.09953810142343353,0.07048504
2017-12-27 11:30:00,0.12804671206209595,0.13151409
2017-12-27 11:40:00,0.19680277106837807,0.1598226
2017-12-27 11:50:00,0.20518765752323112,0.220131
2017-12-27 12:00:00,0.15320136729185813,0.2285724
2017-12-27 12:10:00,0.13140066609273118,0.19059949
2017-12-27 12:20:00,0.18170997793052154,0.15850772
2017-12-27 12:30:00,0.20351068050791352,0.19939758
2017-12-27 12:40:00,0.15152439027654052,0.22304286
2017-12-27 12:50:00,0.1481704362459063,0.16721953
2017-12-27 13:00:00,0.09283019336216408,0.1603853
2017-12-27 13:10:00,0.05593669764691361,0.12730633
2017-12-27 13:20:00,0.054259720631595995,0.08835609
2017-12-27 13:30:00,0.06096762869286645,0.07840189
2017-12-27 13:40:00,0.059290651677548836,0.07742663
2017-12-27 13:50:00,0.040843904509056096,0.06609681
2017-12-27 14:00:00,0.04252088152437371,0.039625917
2017-12-27 14:10:00,0.03748995047842187,0.04877628
2017-12-27 14:20:00,0.019043201931664137,0.035542402
2017-12-27 14:30:00,-0.02455820184485679,0.003685994
2017-12-27 14:40:00,-0.04132797199803091,-0.043908976
2017-12-27 14:50:00,-0.06983658263669383,-0.058239624
2017-12-27 15:00:00,-0.08157542174391612,-0.08665809
2017-12-27 15:10:00,-0.11008403238257852,-0.080273
2017-12-27 15:20:00,-0.064805650212476,-0.1129953
2017-12-27 15:30:00,-0.07319053666732855,-0.06806704
2017-12-27 15:40:00,-0.1201458944744837,-0.084476784
2017-12-27 15:50:00,-0.15536241317441607,-0.14338322
2017-12-27 16:00:00,-0.15703939018973367,-0.17847355
2017-12-27 16:10:00,-0.1302077565663884,-0.16197318
2017-12-27 16:20:00,-0.08996030682050368,-0.14148219
2017-12-27 16:30:00,-0.04971285707461848,-0.1078272
2017-12-27 16:40:00,-0.027912155875491514,-0.05388574
2017-12-27 16:50:00,0.003950408793806623,-0.015393795
2017-12-27 17:00:00,0.07773740022430657,0.050669756
2017-12-27 17:10:00,0.24543510726911683,0.20422494
2017-12-27 17:20:00,0.517105392020141,0.50928414
2017-12-27 17:30:00,0.9346726812385826,0.80574954
2017-12-27 17:40:00,1.0688308465987775,1.0920837
2017-12-27 17:50:00,1.0520610764456035,1.1529031
2017-12-27 18:00:00,1.0369682833077458,1.0755186
2017-12-27 18:10:00,1.0352913049141623,1.0819716
2017-12-27 18:20:00,1.0788927086906823,1.0969169
2017-12-27 18:30:00,1.0805696857059999,1.1124549
2017-12-27 18:40:00,1.0352913049141623,1.0991477
2017-12-27 18:50:00,0.9447345433304882,1.0495805
2017-12-27 19:00:00,0.9547964068006579,0.95768887
2017-12-27 19:10:00,0.9514424527700237,0.9946792
2017-12-27 19:20:00,0.9581503608312931,0.9814832
2017-12-27 19:30:00,0.9329957042232649,0.9613447
2017-12-27 19:40:00,0.9044870935846026,0.9139011
2017-12-27 19:50:00,0.8994561625386507,0.87230396
2017-12-27 20:00:00,0.9095180260088204,0.87814593
2017-12-27 20:10:00,0.9229338421313603,0.92116857
2017-12-27 20:20:00,0.9229338421313603,0.94064474
2017-12-27 20:30:00,0.9011331395539683,0.9254996
2017-12-27 20:40:00,0.8692705762629357,0.89776266
2017-12-27 20:50:00,0.7921296308018005,0.8523822
2017-12-27 21:00:00,0.72505054743257,0.76124036
2017-12-27 21:10:00,0.686480076080269,0.7148955
2017-12-27 21:20:00,0.6261089007723079,0.6803837
2017-12-27 21:30:00,0.5774765659498361,0.5990988
2017-12-27 21:40:00,0.5053665515346527,0.54426944
2017-12-27 21:50:00,0.4684730571976683,0.46167627
2017-12-27 22:00:00,0.42487165342114835,0.4265377
2017-12-27 22:10:00,0.35779257005191883,0.39228648
2017-12-27 22:20:00,0.23537324379894614,0.31750846
2017-12-27 22:30:00,0.1330776431080488,0.17964111
2017-12-27 22:40:00,-0.004434476282781443,0.084347814
2017-12-27 22:50:00,-0.1603933442203684,-0.07552705
2017-12-27 23:00:00,-0.28281266909507563,-0.23593353
2017-12-27 23:10:00,-0.38678524817955606,-0.3402796
2017-12-27 23:20:00,-0.5041736420083105,-0.44534022
2017-12-27 23:30:00,-0.5511290011937306,-0.5619945
2017-12-27 23:40:00,-0.5964073819855682,-0.5742075
2017-12-27 23:50:00,-0.7272115919368625,-0.6202812
2017-12-28 00:00:00,-0.8295071940060252,-0.80776846
2017-12-28 00:10:00,-0.8747855747978628,-0.8505715
2017-12-28 00:20:00,-0.973727221458125,-0.9893679
2017-12-28 00:30:00,-1.0475142128886255,-1.0841079
2017-12-28 00:40:00,-1.0877616626345101,-1.1393927
2017-12-28 00:50:00,-1.1514867905948398,-1.1638035
2017-12-28 01:00:00,-1.2303047130712927,-1.225551
2017-12-28 01:10:00,-1.235335644117245,-1.2701828
2017-12-28 01:20:00,-1.2957068180469395,-1.2608391
2017-12-28 01:30:00,-1.3275693827162371,-1.3335311
2017-12-28 01:40:00,-1.3560779933549,-1.363254
2017-12-28 01:50:00,-1.3762017175387096,-1.3883574
2017-12-28 02:00:00,-1.4114182362386423,-1.3896501
2017-12-28 02:10:00,-1.4835282506538248,-1.4180245
2017-12-28 02:20:00,-1.5002980208069998,-1.5082359
2017-12-28 02:30:00,-1.5170677909601744,-1.5207243
2017-12-28 02:40:00,-1.5438994245835198,-1.5473013
2017-12-28 02:50:00,-1.5606691947366944,-1.5820266
2017-12-28 03:00:00,-1.5807929202987696,-1.574255
2017-12-28 03:10:00,-1.602593621497897,-1.5887353
2017-12-28 03:20:00,-1.6126554849680674,-1.6230855
2017-12-28 03:30:00,-1.621040370044655,-1.6242075
2017-12-28 03:40:00,-1.6596108427752225,-1.6320201
2017-12-28 03:50:00,-1.6545799117292697,-1.6816907
2017-12-28 04:00:00,-1.6411640942284642,-1.6500962
2017-12-28 04:10:00,-1.6260713010906072,-1.636409
2017-12-28 04:20:00,-1.6076245525438495,-1.6398537
2017-12-28 04:30:00,-1.6428410712437818,-1.6104827
2017-12-28 04:40:00,-1.6093015295591666,-1.6487973
2017-12-28 04:50:00,-1.6093015295591666,-1.5940857
2017-12-28 05:00:00,-1.572408035222182,-1.5994344
2017-12-28 05:10:00,-1.5740850122374996,-1.5298538
2017-12-28 05:20:00,-1.5472533786141545,-1.5681617
2017-12-28 05:30:00,-1.5086829058835869,-1.5248395
2017-12-28 05:40:00,-1.4969440667763645,-1.4809093
2017-12-28 05:50:00,-1.3896175350395148,-1.4683272
2017-12-28 06:00:00,-1.2957068180469395,-1.3198445
2017-12-28 06:10:00,-1.3074456585324274,-1.2449805
2017-12-28 06:20:00,-1.2671982087865425,-1.2942727
2017-12-28 06:30:00,-1.250428437255102,-1.2333164
2017-12-28 06:40:00,-1.248751460239785,-1.2252915
2017-12-28 06:50:00,-1.278937047893765,-1.2215711
2017-12-28 07:00:00,-1.322538451670285,-1.2536367
2017-12-28 07:10:00,-1.3393082218234595,-1.2843008
2017-12-28 07:20:00,-1.300737750471158,-1.3050444
2017-12-28 07:30:00,-1.3778786945540271,-1.2653574
2017-12-28 07:40:00,-1.4181261442999122,-1.3647594
2017-12-28 07:50:00,-1.4382498698619877,-1.3771517
2017-12-28 08:00:00,-1.384586602615297,-1.3882478
2017-12-28 08:10:00,-1.2940298410316224,-1.3052235
2017-12-28 08:20:00,-1.2034730794479473,-1.2270038
2017-12-28 08:30:00,-1.1095623638336376,-1.1571988
2017-12-28 08:40:00,-1.0542221209498954,-1.0795754
2017-12-28 08:50:00,-1.03409839538782,-1.0291879
2017-12-28 09:00:00,-0.9066481394671605,-0.99849474
2017-12-28 09:10:00,-0.8479539411745175,-0.85026777
2017-12-28 09:20:00,-0.7607511336214777,-0.80626965
2017-12-28 09:30:00,-0.7171497298449577,-0.72589517
2017-12-28 09:40:00,-0.6769022800990726,-0.68157077
2017-12-28 09:50:00,-0.6131771521387432,-0.6382667
2017-12-28 10:00:00,-0.5427441147388781,-0.5762365
2017-12-28 10:10:00,-0.45051037613988537,-0.49487677
2017-12-28 10:20:00,-0.36666152261748075,-0.41512984
2017-12-28 10:30:00,-0.296228486595881,-0.337936
2017-12-28 10:40:00,-0.2140566100887935,-0.26936078
2017-12-28 10:50:00,-0.1855479994501306,-0.19109465
2017-12-28 11:00:00,-0.14697752671956352,-0.15498956
2017-12-28 11:10:00,-0.11679194044384847,-0.101200506
2017-12-28 11:20:00,-0.11511496342853136,-0.074242786
2017-12-28 11:30:00,-0.012819361359368507,-0.07806307
2017-12-28 11:40:00,-0.00275749926746383,0.0037112664
2017-12-28 11:50:00,-0.02455820184485679,0.013841171
2017-12-28 12:00:00,-0.03797401796739619,-0.010214112
2017-12-28 12:10:00,0.01568924790102891,-0.011303542
2017-12-28 12:20:00,0.07102949216303611,0.03101417
2017-12-28 12:30:00,0.11295391892423944,0.07735589
2017-12-28 12:40:00,0.07438344619367135,0.11200334
2017-12-28 12:50:00,0.10289205545406876,0.07761501
2017-12-28 13:00:00,0.04922878958564416,0.101625696
2017-12-28 13:10:00,0.027428088386516194,0.06972423
2017-12-28 13:20:00,0.057613674662231225,0.043759663
2017-12-28 13:30:00,0.014012270885711298,0.064741015
2017-12-28 13:40:00,-0.05809774215120604,0.019520305
2017-12-28 13:50:00,-0.0782214677132814,-0.05471828
2017-12-28 14:00:00,-0.04468192602866614,-0.07517336
2017-12-28 14:10:00,-0.05306681110525321,-0.029978143
2017-12-28 14:20:00,-0.0798984447285985,-0.048921283
2017-12-28 14:30:00,-0.11008403238257852,-0.08749016
2017-12-28 14:40:00,-0.08660635278986846,-0.118654504
2017-12-28 14:50:00,-0.09499123786645602,-0.09263037
2017-12-28 15:00:00,-0.06145169618184077,-0.105759054
2017-12-28 15:10:00,-0.09499123786645602,-0.054234874
2017-12-28 15:20:00,-0.1201458944744837,-0.09544784
2017-12-28 15:30:00,-0.1201458944744837,-0.12979342
2017-12-28 15:40:00,-0.14530054970424588,-0.135594
2017-12-28 15:50:00,-0.17045520631227357,-0.16604163
2017-12-28 16:00:00,-0.14865450373488062,-0.18854801
2017-12-28 16:10:00,-0.11008403238257852,-0.15287144
2017-12-28 16:20:00,-0.11679194044384847,-0.12586
2017-12-28 16:30:00,-0.05977471916652315,-0.13959222
2017-12-28 16:40:00,0.03245901943246903,-0.066871
2017-12-28 16:50:00,0.14481648221527108,0.041215885
2017-12-28 17:00:00,0.23705022081426377,0.1795245
2017-12-28 17:10:00,0.3645004781131883,0.35905463
2017-12-28 17:20:00,0.6043081995731809,0.59648037
2017-12-28 17:30:00,1.02355246580694,0.86261684
2017-12-28 17:40:00,1.412611145764985,1.1550007
2017-12-28 17:50:00,1.5149067464558825,1.3271762
2017-12-28 18:00:00,1.5182607004865176,1.413567
2017-12-28 18:10:00,1.513229769440565,1.4818377
2017-12-28 18:20:00,1.4713053426793625,1.5149317
2017-12-28 18:30:00,1.4193190538262546,1.4385178
2017-12-28 18:40:00,1.4109341687496675,1.397143
2017-12-28 18:50:00,1.4444737104342829,1.400058
2017-12-28 19:00:00,1.4226730078568899,1.4339079
2017-12-28 19:10:00,1.387456489156957,1.4174628
2017-12-28 19:20:00,1.127525044891421,1.375721
2017-12-28 19:30:00,0.8944252314926978,1.1166409
2017-12-28 19:40:00,0.8726245302935709,0.91384405
2017-12-28 19:50:00,0.8441159196549085,0.9249724
2017-12-28 20:00:00,0.8508238277161779,0.86099887
2017-12-28 20:10:00,0.9229338421313603,0.87497395
2017-12-28 20:20:00,0.8776554613395228,0.9603231
2017-12-28 20:30:00,0.911195003024138,0.89472306
2017-12-28 20:40:00,0.8608856911863486,0.9012116
2017-12-28 20:50:00,0.859208712792765,0.8311908
2017-12-28 21:00:00,0.8558547587621308,0.8436422
2017-12-28 21:10:00,0.8156073090162451,0.8683664
2017-12-28 21:20:00,0.7351124109027407,0.8195735
2017-12-28 21:30:00,0.6630023964875583,0.70078325
2017-12-28 21:40:00,0.5640607498272961,0.61146307
2017-12-28 21:50:00,0.5439370242652208,0.50235283
2017-12-28 22:00:00,0.4684730571976683,0.4935904
2017-12-28 22:10:00,0.42990258446710117,0.4307332
2017-12-28 22:20:00,0.31922209732135076,0.39656594
2017-12-28 22:30:00,0.19177184002242623,0.26671112
2017-12-28 22:40:00,0.09115321634684648,0.12031056
2017-12-28 22:50:00,0.005627385809124236,0.019845087
2017-12-28 23:00:00,-0.1335617105970236,-0.06682877
2017-12-28 23:10:00,-0.24759615177340874,-0.20731483
2017-12-28 23:20:00,-0.3901392022101908,-0.3157378
2017-12-28 23:30:00,-0.47566503274791305,-0.4487679
2017-12-28 23:40:00,-0.5578369092550005,-0.52830446
2017-12-28 23:50:00,-0.6601325099458979,-0.6232765
2017-12-29 00:00:00,-0.7842288132141878,-0.7412958
2017-12-29 00:10:00,-0.817768354898803,-0.80698264
2017-12-29 00:20:00,-0.9049711624518428,-0.9161117
2017-12-29 00:30:00,-0.9770811754887602,-1.015453
2017-12-29 00:40:00,-1.0374523507967202,-1.0754081
2017-12-29 00:50:00,-1.0978235247264152,-1.1205814
2017-12-29 01:00:00,-1.1347170204416652,-1.1652007
2017-12-29 01:10:00,-1.1867033092947727,-1.1713665
2017-12-29 01:20:00,-1.2118579645245349,-1.2218955
2017-12-29 01:30:00,-1.2621672777405903,-1.2428756
2017-12-29 01:40:00,-1.302414727486475,-1.2891065
2017-12-29 01:50:00,-1.3577549703702172,-1.3386911
2017-12-29 02:00:00,-1.4080642822080072,-1.370944
2017-12-29 02:10:00,-1.4231570753458647,-1.4193735
2017-12-29 02:20:00,-1.4566966170304798,-1.4407732
2017-12-29 02:30:00,-1.4885591816997774,-1.4812758
2017-12-29 02:40:00,-1.5170677909601744,-1.5153052
2017-12-29 02:50:00,-1.5019749978223174,-1.5365357
2017-12-29 03:00:00,-1.5371915165222498,-1.503392
2017-12-29 03:10:00,-1.555638263690742,-1.5388874
2017-12-29 03:20:00,-1.5589922177213766,-1.579198
2017-12-29 03:30:00,-1.605947575528532,-1.5788813
2017-12-29 03:40:00,-1.6176864160140196,-1.6312919
2017-12-29 03:50:00,-1.6109785079527497,-1.613391
2017-12-29 04:00:00,-1.6445180482590995,-1.612766
2017-12-29 04:10:00,-1.6478720022897342,-1.6512654
2017-12-29 04:20:00,-1.6495489793050517,-1.649359
2017-12-29 04:30:00,-1.6428410712437818,-1.6583729
2017-12-29 04:40:00,-1.6545799117292697,-1.6339891
2017-12-29 04:50:00,-1.6881194520356193,-1.6469691
2017-12-29 05:00:00,-1.6612878197905396,-1.6772621
2017-12-29 05:10:00,-1.6126554849680674,-1.6256258
2017-12-29 05:20:00,-1.6109785079527497,-1.5843532
2017-12-29 05:30:00,-1.5824698973140874,-1.6061022
2017-12-29 05:40:00,-1.5321605854762974,-1.5576205
2017-12-29 05:50:00,-1.4281880063918169,-1.4979031
2017-12-29 06:00:00,-1.3661398554468047,-1.3543594
2017-12-29 06:10:00,-1.3896175350395148,-1.315423
2017-12-29 06:20:00,-1.3510470623089477,-1.3765118
2017-12-29 06:30:00,-1.3376312448081424,-1.3147545
2017-12-29 06:40:00,-1.3309233367468725,-1.3009322
2017-12-29 06:50:00,-1.322538451670285,-1.2927403
2017-12-29 07:00:00,-1.346016131262995,-1.2854912
2017-12-29 07:10:00,-1.352724039324265,-1.2987316
2017-12-29 07:20:00,-1.346016131262995,-1.3065038
2017-12-29 07:30:00,-1.4382498698619877,-1.3097953
2017-12-29 07:40:00,-1.4818512736385077,-1.4138768
2017-12-29 07:50:00,-1.5070059288682698,-1.426849
2017-12-29 08:00:00,-1.4432808009079399,-1.4487748
2017-12-29 08:10:00,-1.3577549703702172,-1.3466413
2017-12-29 08:20:00,-1.2705521628171774,-1.2895638
2017-12-29 08:30:00,-1.1900572633254074,-1.2210009
2017-12-29 08:40:00,-1.1045314327876852,-1.1479065
2017-12-29 08:50:00,-1.0307444413571847,-1.0675662
2017-12-29 09:00:00,-0.9837890835500301,-0.99486613
2017-12-29 09:10:00,-0.893232321966355,-0.93204737
2017-12-29 09:20:00,-0.8026755603826805,-0.8495204
2017-12-29 09:30:00,-0.7288885703304455,-0.7633631
2017-12-29 09:40:00,-0.6802562341297078,-0.69194436
2017-12-29 09:50:00,-0.6115001751234257,-0.64066446
2017-12-29 10:00:00,-0.5393901607082429,-0.57369787
2017-12-29 10:10:00,-0.47901898677854826,-0.4896531
2017-12-29 10:20:00,-0.4438024680786154,-0.4361275
2017-12-29 10:30:00,-0.37840036310296854,-0.40204036
2017-12-29 10:40:00,-0.333121982311131,-0.34245315
2017-12-29 10:50:00,-0.27610476103380566,-0.2976693
2017-12-29 11:00:00,-0.281135692079758,-0.2425682
2017-12-29 11:10:00,-0.18890195348076583,-0.2215916
2017-12-29 11:20:00,-0.1603933442203684,-0.14572148
2017-12-29 11:30:00,-0.08157542174391612,-0.11906494
2017-12-29 11:40:00,-0.03462006393676097,-0.049819335
2017-12-29 11:50:00,-0.11008403238257852,-0.005925252
2017-12-29 12:00:00,-0.20399474799688883,-0.07973011
2017-12-29 12:10:00,-0.23585731128792048,-0.15610741
2017-12-29 12:20:00,-0.2425652207274559,-0.19253568
2017-12-29 12:30:00,-0.266042898941901,-0.20761943
2017-12-29 12:40:00,-0.27778173804912326,-0.23711258
2017-12-29 12:50:00,-0.3465377984336709,-0.2505807
2017-12-29 13:00:00,-0.3599536145562108,-0.32346457
2017-12-29 13:10:00,-0.3163522107796909,-0.3237999
2017-12-29 13:20:00,-0.2526270828193611,-0.28901076
2017-12-29 13:30:00,-0.23418033427260335,-0.23580584
2017-12-29 13:40:00,-0.266042898941901,-0.23064482
2017-12-29 13:50:00,-0.2425652207274559,-0.26909286
2017-12-29 14:00:00,-0.24424219774277353,-0.24407817
2017-12-29 14:10:00,-0.2543040598346787,-0.23728812
2017-12-29 14:20:00,-0.26939685297253574,-0.25987625
2017-12-29 14:30:00,-0.2526270828193611,-0.28100067
2017-12-29 14:40:00,-0.29119755554992865,-0.26987854
2017-12-29 14:50:00,-0.3498917524643056,-0.30901554
2017-12-29 15:00:00,-0.3347989593264486,-0.36284885
2017-12-29 15:10:00,-0.3498917524643056,-0.33262795
2017-12-29 15:20:00,-0.3062903486877857,-0.35900724
2017-12-29 15:30:00,-0.3431838444030357,-0.31806386
2017-12-29 15:40:00,-0.3431838444030357,-0.3622118
2017-12-29 15:50:00,-0.35659966052557557,-0.36282304
2017-12-29 16:00:00,-0.36330756858684554,-0.3819395
2017-12-29 16:10:00,-0.36330756858684554,-0.3769521
2017-12-29 16:20:00,-0.37001547664811546,-0.38101885
2017-12-29 16:30:00,-0.37001547664811546,-0.37487748
2017-12-29 16:40:00,-0.3297680269022308,-0.36040944
2017-12-29 16:50:00,-0.30125941764183334,-0.30869463
2017-12-29 17:00:00,-0.23418033427260335,-0.2583312
2017-12-29 17:10:00,-0.1335617105970236,-0.13172407
2017-12-29 17:20:00,0.17164811583861586,0.11994304
2017-12-29 17:30:00,0.6160470386804032,0.4946435
2017-12-29 17:40:00,0.7552361350865511,0.7945642
2017-12-29 17:50:00,0.8038684699090228,0.8557881
2017-12-29 18:00:00,0.8172842874098287,0.83905125
2017-12-29 18:10:00,0.8575317357774473,0.87563217
2017-12-29 18:20:00,0.9028101165692849,0.89602846
2017-12-29 18:30:00,0.8776554613395228,0.9193255
2017-12-29 18:40:00,0.8743015073088886,0.8843392
2017-12-29 18:50:00,0.8307001035323686,0.8958183
2017-12-29 19:00:00,0.8021914928937052,0.8487303
2017-12-29 19:10:00,0.7904526537864829,0.84481895
2017-12-29 19:20:00,0.7619440431478205,0.82062155
2017-12-29 19:30:00,0.7552361350865511,0.7727907
2017-12-29 19:40:00,0.703249846233443,0.7487336
2017-12-29 19:50:00,0.6730642585794631,0.6860086
2017-12-29 20:00:00,0.651263557380336,0.657215
2017-12-29 20:10:00,0.7200196163866182,0.66770136
2017-12-29 20:20:00,0.7602670661325028,0.76385087
2017-12-29 20:30:00,0.7451742729946453,0.78716725
2017-12-29 20:40:00,0.7300814798567888,0.7445154
2017-12-29 20:50:00,0.6848030990649513,0.7271201
2017-12-29 21:00:00,0.6294628548029431,0.68114704
2017-12-29 21:10:00,0.5456140012805385,0.63744915
2017-12-29 21:20:00,0.530521208142681,0.5467938
2017-12-29 21:30:00,0.4936277124274305,0.5272068
2017-12-29 21:40:00,0.4315795614824188,0.48245603
2017-12-29 21:50:00,0.3645004781131883,0.4078185
2017-12-29 22:00:00,0.26388185443760853,0.31230995
2017-12-29 22:10:00,0.20518765752323112,0.21120685
2017-12-29 22:20:00,0.1481704362459063,0.1595399
2017-12-29 22:30:00,0.08779926231621124,0.11072399
2017-12-29 22:40:00,-0.011142384344050894,0.052056577
2017-12-29 22:50:00,-0.07486751368264616,-0.06343516
2017-12-29 23:00:00,-0.13859264164297594,-0.11570741
2017-12-29 23:10:00,-0.2274724262113334,-0.16717406
2017-12-29 23:20:00,-0.3079673257031033,-0.261146
2017-12-29 23:30:00,-0.3616305915715284,-0.33771068
2017-12-29 23:40:00,-0.5360362066776081,-0.397377
2017-12-29 23:50:00,-0.6081462210927905,-0.6058709
2017-12-30 00:00:00,-0.7255346149215454,-0.65820897
2017-12-30 00:10:00,-0.8496309181898352,-0.74648577
2017-12-30 00:20:00,-0.9452186108194626,-0.9617771
2017-12-30 00:30:00,-1.00726676314274,-1.0569749
2017-12-30 00:40:00,-1.086084685619193,-1.1112349
2017-12-30 00:50:00,-1.1514867905948398,-1.1906585
2017-12-30 01:00:00,-1.242043552178515,-1.230117
2017-12-30 01:10:00,-1.2990607720775749,-1.3002818
2017-12-30 01:20:00,-1.3510470623089477,-1.3419895
2017-12-30 01:30:00,-1.421480098330547,-1.3635664
2017-12-30 01:40:00,-1.4382498698619877,-1.4493413
2017-12-30 01:50:00,-1.4952670897610474,-1.4937184
2017-12-30 02:00:00,-1.5506073326447896,-1.5266466
2017-12-30 02:10:00,-1.5388684935375674,-1.5661247
2017-12-30 02:20:00,-1.5606691947366944,-1.5634027
2017-12-30 02:30:00,-1.592531759405992,-1.5958506
2017-12-30 02:40:00,-1.6193633930293372,-1.6202495
2017-12-30 02:50:00,-1.629425255121242,-1.6410052
2017-12-30 03:00:00,-1.6545799117292697,-1.6280848
2017-12-30 03:10:00,-1.6864424750203018,-1.6702194
2017-12-30 03:20:00,-1.7065662005823772,-1.7179296
2017-12-30 03:30:00,-1.7266899247661869,-1.7527914
2017-12-30 03:40:00,-1.7451366733129448,-1.7439691
2017-12-30 03:50:00,-1.7551985354048494,-1.7525134
2017-12-30 04:00:00,-1.7350748098427746,-1.7630577
2017-12-30 04:10:00,-1.7468136503282623,-1.7171905
2017-12-30 04:20:00,-1.7266899247661869,-1.7518144
2017-12-30 04:30:00,-1.7233359707355518,-1.7279342
2017-12-30 04:40:00,-1.7283669017815046,-1.7242577
2017-12-30 04:50:00,-1.7401057408887268,-1.7250481
2017-12-30 05:00:00,-1.7283669017815046,-1.73104
2017-12-30 05:10:00,-1.7132741086436472,-1.6957762
2017-12-30 05:20:00,-1.7132741086436472,-1.6992536
2017-12-30 05:30:00,-1.6981813155057897,-1.7029071
2017-12-30 05:40:00,-1.6612878197905396,-1.6690593
2017-12-30 05:50:00,-1.5606691947366944,-1.6277888
2017-12-30 06:00:00,-1.4717894101683369,-1.4781406
2017-12-30 06:10:00,-1.48017429662319,-1.4120946
2017-12-30 06:20:00,-1.4919131357304123,-1.4701991
2017-12-30 06:30:00,-1.4516656859845276,-1.4755317
2017-12-30 06:40:00,-1.4432808009079399,-1.4099836
2017-12-30 06:50:00,-1.5204217449908097,-1.4287993
2017-12-30 07:00:00,-1.5824698973140874,-1.529577
2017-12-30 07:10:00,-1.6780575899437147,-1.563344
2017-12-30 07:20:00,-1.7115971316283294,-1.679955
2017-12-30 07:30:00,-1.7920920311200998,-1.6916704
2017-12-30 07:40:00,-1.8289855254570844,-1.7764572
2017-12-30 07:50:00,-1.8138927323192269,-1.7878857
2017-12-30 08:00:00,-1.7065662005823772,-1.7562289
2017-12-30 08:10:00,-1.683088520989667,-1.6059557
2017-12-30 08:20:00,-1.5657001271609121,-1.6281315
2017-12-30 08:30:00,-1.518744767975492,-1.4986466
2017-12-30 08:40:00,-1.48017429662319,-1.4696112
2017-12-30 08:50:00,-1.3745247405233925,-1.4240296
2017-12-30 09:00:00,-1.2185658739640703,-1.3050846
2017-12-30 09:10:00,-1.0793767761796575,-1.1492238
2017-12-30 09:20:00,-0.9921739700048827,-1.0392191
2017-12-30 09:30:00,-0.9267718636509703,-0.96104586
2017-12-30 09:40:00,-0.8865244139050851,-0.8959824
2017-12-30 09:50:00,-0.8445999871438828,-0.8454218
2017-12-30 10:00:00,-0.7339195013763978,-0.79662853
2017-12-30 10:10:00,-0.6584555329305803,-0.6775172
2017-12-30 10:20:00,-0.5980843590008857,-0.6123417
2017-12-30 10:30:00,-0.4941117799164053,-0.5551559
2017-12-30 10:40:00,-0.47063410170196074,-0.46137875
2017-12-30 10:50:00,-0.4421254910632983,-0.43368283
2017-12-30 11:00:00,-0.4002010643020955,-0.4035828
2017-12-30 11:10:00,-0.38343129414892085,-0.34647217
2017-12-30 11:20:00,-0.35492268351025846,-0.33284935
2017-12-30 11:30:00,-0.30293639465715094,-0.3094021
2017-12-30 11:40:00,-0.3062903486877857,-0.26473013
2017-12-30 11:50:00,-0.3247370958562779,-0.26826122
2017-12-30 12:00:00,-0.3314450052958134,-0.28766727
2017-12-30 12:10:00,-0.3364759363417662,-0.27679718
2017-12-30 12:20:00,-0.3280910498869132,-0.29216447
2017-12-30 12:30:00,-0.3163522107796909,-0.29283223
2017-12-30 12:40:00,-0.31467523376437323,-0.2884441
2017-12-30 12:50:00,-0.3046133716724686,-0.29089937
2017-12-30 13:00:00,-0.3280910498869132,-0.28140846
2017-12-30 13:10:00,-0.3163522107796909,-0.29316148
2017-12-30 13:20:00,-0.3264140728715955,-0.2913547
2017-12-30 13:30:00,-0.36330756858684554,-0.31050593
2017-12-30 13:40:00,-0.4018780413174131,-0.35156626
2017-12-30 13:50:00,-0.4119399034093183,-0.39280963
2017-12-30 14:00:00,-0.4203247898641708,-0.40415764
2017-12-30 14:10:00,-0.38007734011828614,-0.39855462
2017-12-30 14:20:00,-0.4186478128488537,-0.3652245
2017-12-30 14:30:00,-0.4186478128488537,-0.4177372
2017-12-30 14:40:00,-0.44883339912456827,-0.4184665
2017-12-30 14:50:00,-0.5108815514478459,-0.45571864
2017-12-30 15:00:00,-0.5360362066776081,-0.51822656
2017-12-30 15:10:00,-0.5561599322396834,-0.5217385
2017-12-30 15:20:00,-0.5427441147388781,-0.5494282
2017-12-30 15:30:00,-0.5662217943315881,-0.54034007
2017-12-30 15:40:00,-0.5947304035919856,-0.57737994
2017-12-30 15:50:00,-0.6651634409918503,-0.60293937
2017-12-30 16:00:00,-0.6785792571143902,-0.6684747
2017-12-30 16:10:00,-0.6668404180071679,-0.6618751
2017-12-30 16:20:00,-0.6551015788999456,-0.661903
2017-12-30 16:30:00,-0.616531106169378,-0.64604414
2017-12-30 16:40:00,-0.5276513216010206,-0.5997501
2017-12-30 16:50:00,-0.5024966649929928,-0.49267864
2017-12-30 17:00:00,-0.44715642210925066,-0.45317918
2017-12-30 17:10:00,-0.318029187795008,-0.32441974
2017-12-30 17:20:00,-0.04468192602866614,-0.054653104
2017-12-30 17:30:00,0.40810188188970825,0.24890406
2017-12-30 17:40:00,0.5724456349038832,0.5729913
2017-12-30 17:50:00,0.6747412355947806,0.6612897
2017-12-30 18:00:00,0.6948649611568559,0.7038696
2017-12-30 18:10:00,0.703249846233443,0.7517864
2017-12-30 18:20:00,0.6982189151874912,0.7232889
2017-12-30 18:30:00,0.6965419381721736,0.7006751
2017-12-30 18:40:00,0.6680333275335112,0.70555925
2017-12-30 18:50:00,0.651263557380336,0.68390006
2017-12-30 19:00:00,0.6529405343956537,0.6731105
2017-12-30 19:10:00,0.6529405343956537,0.69486594
2017-12-30 19:20:00,0.651263557380336,0.6903719
2017-12-30 19:30:00,0.6328168088335783,0.67332494
2017-12-30 19:40:00,0.5959233144965939,0.64125705
2017-12-30 19:50:00,0.582507496995788,0.5932766
2017-12-30 20:00:00,0.5774765659498361,0.5822029
2017-12-30 20:10:00,0.5841844740111055,0.60720444
2017-12-30 20:20:00,0.5808305199804703,0.6122947
2017-12-30 20:30:00,0.5623837728119786,0.5881839
2017-12-30 20:40:00,0.5405830702345856,0.55295485
2017-12-30 20:50:00,0.5053665515346527,0.5284605
2017-12-30 21:00:00,0.4667960801823517,0.49838722
2017-12-30 21:10:00,0.39636304278248596,0.47254968
2017-12-30 21:20:00,0.3661774551285059,0.39600888
2017-12-30 21:30:00,0.32257605135198597,0.3621536
2017-12-30 21:40:00,0.22531138170704149,0.30163682
2017-12-30 21:50:00,0.20854161155386636,0.19058858
2017-12-30 22:00:00,0.270589762498879,0.15258655
2017-12-30 22:10:00,0.24543510726911683,0.23515876
2017-12-30 22:20:00,0.188417885991791,0.20126061
2017-12-30 22:30:00,0.11295391892423944,0.13636623
2017-12-30 22:40:00,0.059290651677548836,0.05975649
2017-12-30 22:50:00,-0.019527269420637955,0.0069539025
2017-12-30 23:00:00,-0.11008403238257852,-0.0804192
2017-12-30 23:10:00,-0.24759615177340874,-0.1603963
2017-12-30 23:20:00,-0.3482147754489885,-0.31443098
2017-12-30 23:30:00,-0.46392619364069076,-0.43683887
2017-12-30 23:40:00,-0.5511290011937306,-0.58212453
2017-12-30 23:50:00,-0.6349778533378703,-0.6681587
