,Originales,Predichos
2014-07-04 11:00:00,0.49323574716757823,0.22044963
2014-07-04 12:00:00,0.5700409548997435,0.20565903
2014-07-04 13:00:00,0.40545836690224646,0.14326538
2014-07-04 14:00:00,0.40545836690224646,0.107180685
2014-07-04 15:00:00,0.42740271196857943,0.075588636
2014-07-04 16:00:00,0.8553174407620717,0.09687659
2014-07-04 17:00:00,1.096705236491734,0.12577455
2014-07-04 18:00:00,1.2393434794228981,0.15463075
2014-07-04 19:00:00,0.5261522647670777,0.17278461
2014-07-04 20:00:00,1.0308722012927352,0.19485937
2014-07-04 21:00:00,0.7894844055630729,0.33496183
2014-07-04 22:00:00,0.5590687823665771,0.43728983
2014-07-04 23:00:00,0.6139296450324094,0.47856528
2014-07-05 00:00:00,0.745595715430407,0.50828254
2014-07-05 01:00:00,0.7894844055630729,0.45541692
2014-07-05 02:00:00,0.8114287506294059,0.4332769
2014-07-05 03:00:00,0.7565678879635735,0.39716458
2014-07-05 04:00:00,0.6358739900987423,0.3273545
2014-07-05 05:00:00,0.5700409548997435,0.25911826
2014-07-05 06:00:00,0.5371244373002441,0.19298726
2014-07-05 07:00:00,0.5261522647670777,0.12691511
2014-07-05 08:00:00,0.27379229650424886,0.069319114
2014-07-05 09:00:00,0.13115405357308474,0.10062002
2014-07-05 10:00:00,0.054348845840919466,0.17517167
2014-07-05 11:00:00,0.15309839863941768,0.19633566
2014-07-05 12:00:00,-0.04440070695757876,0.22936636
2014-07-05 13:00:00,-0.21995546748824227,0.24015799
2014-07-05 14:00:00,-0.31870502028674047,0.27007297
2014-07-05 15:00:00,-0.36259371041940636,0.27157018
2014-07-05 16:00:00,-0.2857885026872411,0.36750025
2014-07-05 17:00:00,-0.329677192819907,0.47271907
2014-07-05 18:00:00,-0.25287198508774167,0.55078787
2014-07-05 19:00:00,-0.25287198508774167,0.41736346
2014-07-05 20:00:00,-0.09926156962341111,0.47025034
2014-07-05 21:00:00,0.07629319090725241,0.44820774
2014-07-05 22:00:00,0.6249018175655758,0.37369508
2014-07-05 23:00:00,0.9211504759610706,0.30276117
2014-07-06 00:00:00,0.8992061308947376,0.38073498
2014-07-06 01:00:00,1.1735104442238993,0.44834805
2014-07-06 02:00:00,1.4587869300862275,0.44814724
2014-07-06 03:00:00,1.2283713068897317,0.41443884
2014-07-06 04:00:00,1.1954547892902323,0.35775095
2014-07-06 05:00:00,1.5026756202188933,0.28277427
2014-07-06 06:00:00,1.6672582082163905,0.19699602
2014-07-06 07:00:00,1.4587869300862275,0.24165805
2014-07-06 08:00:00,1.5355921378183928,0.2093062
2014-07-06 09:00:00,1.2942043420887306,0.16148043
2014-07-06 10:00:00,1.283232169555564,0.13244028
2014-07-06 11:00:00,1.0528165463590682,0.1589778
2014-07-06 12:00:00,0.8772617858284046,0.124723084
2014-07-06 13:00:00,0.6249018175655758,0.06715252
2014-07-06 14:00:00,0.58101312743291,0.022106517
2014-07-06 15:00:00,0.58101312743291,-0.0035800552
2014-07-06 16:00:00,0.5480966098334106,0.06290397
2014-07-06 17:00:00,0.6358739900987423,0.026795799
2014-07-06 18:00:00,0.745595715430407,0.023592798
2014-07-06 19:00:00,0.7346235428972405,0.024755161
2014-07-06 20:00:00,0.9211504759610706,0.06962684
2014-07-06 21:00:00,1.0308722012927352,0.14630373
2014-07-06 22:00:00,0.8882339583615712,0.34156874
2014-07-06 23:00:00,0.58101312743291,0.51432085
2014-07-07 00:00:00,0.42740271196857943,0.56786907
2014-07-07 01:00:00,0.36156967676958063,0.6239531
2014-07-07 02:00:00,0.3286531591700812,0.67929584
2014-07-07 03:00:00,0.17504274370575063,0.6044026
2014-07-07 04:00:00,0.15309839863941768,0.50885236
2014-07-07 05:00:00,-0.011484189358079351,0.49604428
2014-07-07 06:00:00,-0.0663450520239117,0.49888542
2014-07-07 07:00:00,-0.17606677735557638,0.43662402
2014-07-07 08:00:00,-0.21995546748824227,0.4013739
2014-07-07 09:00:00,-0.21995546748824227,0.34607846
2014-07-07 10:00:00,-0.13217808722291052,0.3224719
2014-07-07 11:00:00,0.03240450077458652,0.28948572
2014-07-07 12:00:00,0.3505975042364141,0.25973746
2014-07-07 13:00:00,0.5590687823665771,0.22466639
2014-07-07 14:00:00,0.7126791978309076,0.22326876
2014-07-07 15:00:00,0.8992061308947376,0.24997796
2014-07-07 16:00:00,0.9979556836932358,0.27424332
2014-07-07 17:00:00,1.0199000287595688,0.31114325
2014-07-07 18:00:00,1.0089278562264024,0.35701105
2014-07-07 19:00:00,0.9760113386269029,0.38026857
2014-07-07 20:00:00,0.9650391660937364,0.431424
2014-07-07 21:00:00,1.3490652047545628,0.48606148
2014-07-07 22:00:00,1.5246199652852264,0.47544456
2014-07-07 23:00:00,1.4807312751525605,0.39536822
2014-07-08 00:00:00,1.0528165463590682,0.3167595
2014-07-08 01:00:00,0.8772617858284046,0.27373496
2014-07-08 02:00:00,1.0089278562264024,0.25529683
2014-07-08 03:00:00,0.9540669935605699,0.27190056
2014-07-08 04:00:00,0.7017070252977412,0.25217924
2014-07-08 05:00:00,0.6139296450324094,0.16391453
2014-07-08 06:00:00,0.6907348527645747,0.109493874
2014-07-08 07:00:00,0.4822635746344118,0.071145646
2014-07-08 08:00:00,0.40545836690224646,0.0455418
2014-07-08 09:00:00,0.33962533170324766,0.032195114
2014-07-08 10:00:00,0.16407057117258417,0.050370418
2014-07-08 11:00:00,-0.3516215378862399,0.1031454
2014-07-08 12:00:00,-0.8124527842792316,0.20300601
2014-07-08 13:00:00,-0.9221745096108963,0.29371786
2014-07-08 14:00:00,-0.9331466821440627,0.3567728
2014-07-08 15:00:00,-0.9880075448098952,0.4040054
2014-07-08 16:00:00,-0.9550910272103957,0.43440267
2014-07-08 17:00:00,-0.9770353722767287,0.430538
2014-07-08 18:00:00,-1.009951889876228,0.40599358
2014-07-08 19:00:00,-0.9880075448098952,0.36932945
2014-07-08 20:00:00,-0.9221745096108963,0.3385226
2014-07-08 21:00:00,-0.5600928160164028,0.39171696
2014-07-08 22:00:00,-0.6039815061490686,0.4351874
2014-07-08 23:00:00,-0.6368980237485681,0.4223048
2014-07-09 00:00:00,-0.494259780817404,0.37461278
2014-07-09 01:00:00,-0.516204125883737,0.2752174
2014-07-09 02:00:00,-0.16509460482240992,0.28356946
2014-07-09 03:00:00,-0.6917588864144004,0.2125631
2014-07-09 04:00:00,-0.8892579920113969,0.229859
2014-07-09 05:00:00,-0.867313646945064,0.21133818
2014-07-09 06:00:00,-0.9221745096108963,0.15533344
2014-07-09 07:00:00,-0.9112023370777298,0.098671354
2014-07-09 08:00:00,-0.9112023370777298,0.08400031
2014-07-09 09:00:00,-0.9221745096108963,0.082864545
2014-07-09 10:00:00,-0.9770353722767287,0.09651702
2014-07-09 11:00:00,-0.9770353722767287,-0.03377837
2014-07-09 12:00:00,-0.9441188546772292,-0.1320395
2014-07-09 13:00:00,-0.9989797173430616,-0.18109775
2014-07-09 14:00:00,-1.009951889876228,-0.25576282
2014-07-09 15:00:00,-0.9880075448098952,-0.25864235
2014-07-09 16:00:00,-0.9441188546772292,-0.3285712
2014-07-09 17:00:00,-0.9441188546772292,-0.3233989
2014-07-09 18:00:00,-0.8563414744118975,-0.3060132
2014-07-09 19:00:00,-0.7466197490802328,-0.33189207
2014-07-09 20:00:00,-0.7027310589475669,-0.33555245
2014-07-09 21:00:00,-0.7795362666797322,-0.18846619
2014-07-09 22:00:00,-0.7575919216133993,-0.14303043
2014-07-09 23:00:00,-0.7137032314807333,-0.13689885
2014-07-10 00:00:00,-0.7246754040138998,-0.19656625
2014-07-10 01:00:00,-0.7905084392128987,-0.22996694
2014-07-10 02:00:00,-0.5271762984169034,-0.09586397
2014-07-10 03:00:00,-0.329677192819907,-0.20491402
2014-07-10 04:00:00,-0.5271762984169034,-0.33979422
2014-07-10 05:00:00,-0.6698145413480675,-0.38332772
2014-07-10 06:00:00,-0.7575919216133993,-0.40947425
2014-07-10 07:00:00,-0.823424956812398,-0.40319988
2014-07-10 08:00:00,-0.823424956812398,-0.3950324
2014-07-10 09:00:00,-0.7905084392128987,-0.39709938
2014-07-10 10:00:00,-0.7905084392128987,-0.44301677
2014-07-10 11:00:00,-0.823424956812398,-0.47186705
2014-07-10 12:00:00,-0.9331466821440627,-0.42374313
2014-07-10 13:00:00,-0.9112023370777298,-0.49725497
2014-07-10 14:00:00,-0.9002301645445634,-0.5406014
2014-07-10 15:00:00,-0.7137032314807333,-0.34368867
2014-07-10 16:00:00,-0.9112023370777298,-0.35931757
2014-07-10 17:00:00,-0.9112023370777298,-0.30298045
2014-07-10 18:00:00,-0.9002301645445634,-0.3229964
2014-07-10 19:00:00,-0.8343971293455645,-0.28652948
2014-07-10 20:00:00,-0.7905084392128987,-0.23748478
2014-07-10 21:00:00,-0.7575919216133993,-0.24091607
2014-07-10 22:00:00,-0.658842368814901,-0.23953798
2014-07-10 23:00:00,-0.6368980237485681,-0.2472871
2014-07-11 00:00:00,-0.5710649885495693,-0.27717835
2014-07-11 01:00:00,-0.5271762984169034,-0.3553265
2014-07-11 02:00:00,-0.516204125883737,-0.14582711
2014-07-11 03:00:00,-0.4613432632179046,-0.15773734
2014-07-11 04:00:00,-0.4613432632179046,-0.18913648
2014-07-11 05:00:00,-0.3955102280189058,-0.25769132
2014-07-11 06:00:00,-0.42842674561840516,-0.30565152
2014-07-11 07:00:00,-0.6478701962817346,-0.32429427
2014-07-11 08:00:00,-0.7137032314807333,-0.30847406
2014-07-11 09:00:00,-0.9002301645445634,-0.28548563
2014-07-11 10:00:00,-0.9770353722767287,-0.2640889
2014-07-11 11:00:00,-0.9550910272103957,-0.14440124
2014-07-11 12:00:00,-0.9660631997435621,-0.20121318
2014-07-11 13:00:00,-0.9989797173430616,-0.22736093
2014-07-11 14:00:00,-0.9989797173430616,-0.22152606
2014-07-11 15:00:00,-0.9221745096108963,-0.15947962
2014-07-11 16:00:00,-0.9550910272103957,-0.1920492
2014-07-11 17:00:00,-0.9221745096108963,-0.22516257
2014-07-11 18:00:00,-0.9989797173430616,-0.23636782
2014-07-11 19:00:00,-0.9002301645445634,-0.22439817
2014-07-11 20:00:00,-0.7905084392128987,-0.20969945
2014-07-11 21:00:00,-0.7466197490802328,-0.19805934
2014-07-11 22:00:00,-0.7356475765470664,-0.17038265
2014-07-11 23:00:00,-0.7137032314807333,-0.14896816
2014-07-12 00:00:00,-0.5930093336159022,-0.1354173
2014-07-12 01:00:00,-0.8892579920113969,-0.050623775
2014-07-12 02:00:00,-0.867313646945064,-0.037347093
2014-07-12 03:00:00,-0.9989797173430616,-0.1232874
2014-07-12 04:00:00,-0.9660631997435621,-0.16275617
2014-07-12 05:00:00,-0.9989797173430616,-0.117496975
2014-07-12 06:00:00,-0.9880075448098952,-0.12539846
2014-07-12 07:00:00,-0.9660631997435621,-0.18361416
2014-07-12 08:00:00,-0.9880075448098952,-0.25488472
2014-07-12 09:00:00,-0.9880075448098952,-0.3113449
2014-07-12 10:00:00,-0.9989797173430616,-0.34431782
2014-07-12 11:00:00,-1.0209240624093945,-0.16754851
2014-07-12 12:00:00,-1.0318962349425609,-0.28400347
2014-07-12 13:00:00,-1.0209240624093945,-0.24446952
2014-07-12 14:00:00,-1.009951889876228,-0.33777377
2014-07-12 15:00:00,-0.9989797173430616,-0.32304588
2014-07-12 16:00:00,-0.9880075448098952,-0.3772903
2014-07-12 17:00:00,-0.9770353722767287,-0.19832599
2014-07-12 18:00:00,-0.9660631997435621,-0.26150602
2014-07-12 19:00:00,-0.9112023370777298,-0.28339422
2014-07-12 20:00:00,-0.9221745096108963,-0.20502554
2014-07-12 21:00:00,-0.8892579920113969,-0.16232976
2014-07-12 22:00:00,-0.8563414744118975,-0.13547403
2014-07-12 23:00:00,-0.8782858194782304,-0.12319534
2014-07-13 00:00:00,-0.7027310589475669,-0.18941289
2014-07-13 01:00:00,-0.7137032314807333,-0.16352111
2014-07-13 02:00:00,-0.7685640941465657,-0.31542617
2014-07-13 03:00:00,-0.9550910272103957,-0.42442843
2014-07-13 04:00:00,-0.8892579920113969,-0.4583011
2014-07-13 05:00:00,-0.8782858194782304,-0.4938202
2014-07-13 06:00:00,-0.9002301645445634,-0.49977052
2014-07-13 07:00:00,-0.9112023370777298,-0.48674545
2014-07-13 08:00:00,-0.9112023370777298,-0.4949118
2014-07-13 09:00:00,-0.9880075448098952,-0.5024735
2014-07-13 10:00:00,-0.9550910272103957,-0.50408745
2014-07-13 11:00:00,-0.9550910272103957,-0.51544964
2014-07-13 12:00:00,-0.9880075448098952,-0.5344031
2014-07-13 13:00:00,-0.9880075448098952,-0.5415665
2014-07-13 14:00:00,-0.9660631997435621,-0.38351122
2014-07-13 15:00:00,-0.9770353722767287,-0.35954183
2014-07-13 16:00:00,-0.9989797173430616,-0.36487085
2014-07-13 17:00:00,-0.8782858194782304,-0.35747448
2014-07-13 18:00:00,-0.867313646945064,-0.34606606
2014-07-13 19:00:00,-0.8782858194782304,-0.3306685
2014-07-13 20:00:00,-0.8124527842792316,-0.33081043
2014-07-13 21:00:00,-0.7137032314807333,-0.23447883
2014-07-13 22:00:00,-0.4613432632179046,-0.2354604
2014-07-13 23:00:00,-0.6039815061490686,-0.2557269
2014-07-14 00:00:00,-0.5491206434832363,-0.22259718
2014-07-14 01:00:00,-0.4613432632179046,-0.26149684
2014-07-14 02:00:00,-0.6149536786822352,-0.3282326
2014-07-14 03:00:00,-0.5930093336159022,-0.3761732
2014-07-14 04:00:00,-0.7575919216133993,-0.39605615
2014-07-14 05:00:00,-0.845369301878731,-0.43394148
2014-07-14 06:00:00,-0.867313646945064,-0.26080832
2014-07-14 07:00:00,-0.8343971293455645,-0.32469475
2014-07-14 08:00:00,-0.8892579920113969,-0.35423464
2014-07-14 09:00:00,-0.8563414744118975,-0.41485256
2014-07-14 10:00:00,-0.9002301645445634,-0.3621841
2014-07-14 11:00:00,-0.8892579920113969,-0.3424982
2014-07-14 12:00:00,-0.867313646945064,-0.370553
2014-07-14 13:00:00,-0.8563414744118975,-0.25589827
2014-07-14 14:00:00,-0.7795362666797322,-0.22055054
2014-07-14 15:00:00,-0.7027310589475669,-0.22289509
2014-07-14 16:00:00,-0.6698145413480675,-0.35961318
2014-07-14 17:00:00,-0.7027310589475669,-0.3801008
2014-07-14 18:00:00,-0.6368980237485681,-0.30721593
2014-07-14 19:00:00,-0.680786713881234,-0.28338498
2014-07-14 20:00:00,-0.7027310589475669,-0.36686474
2014-07-14 21:00:00,-0.7685640941465657,-0.19229966
2014-07-14 22:00:00,-0.9331466821440627,-0.07618589
2014-07-14 23:00:00,-0.8892579920113969,-0.07496074
2014-07-15 00:00:00,-0.7685640941465657,-0.14570263
2014-07-15 01:00:00,-0.43939891815157167,-0.06601594
2014-07-15 02:00:00,-0.658842368814901,-0.15855655
2014-07-15 03:00:00,-0.7795362666797322,-0.21338946
2014-07-15 04:00:00,-0.7137032314807333,-0.27118218
2014-07-15 05:00:00,-0.658842368814901,-0.32499018
2014-07-15 06:00:00,-0.6368980237485681,-0.34394953
2014-07-15 07:00:00,-0.6917588864144004,-0.3311471
2014-07-15 08:00:00,-0.6149536786822352,-0.3596615
2014-07-15 09:00:00,-0.5600928160164028,-0.3578245
2014-07-15 10:00:00,-0.5491206434832363,-0.37422517
2014-07-15 11:00:00,-0.5271762984169034,-0.19348729
2014-07-15 12:00:00,-0.5491206434832363,-0.16582313
2014-07-15 13:00:00,-0.5271762984169034,-0.21594054
2014-07-15 14:00:00,-0.5491206434832363,-0.21441719
2014-07-15 15:00:00,-0.494259780817404,-0.18408905
2014-07-15 16:00:00,-0.47231543575107104,-0.15767175
2014-07-15 17:00:00,-0.6039815061490686,-0.1629102
2014-07-15 18:00:00,-0.5381484709500699,-0.14688821
2014-07-15 19:00:00,-0.5600928160164028,-0.1610837
2014-07-15 20:00:00,-0.5052319533505705,-0.11925603
2014-07-15 21:00:00,-0.4174545730852387,-0.22501406
2014-07-15 22:00:00,-0.29676067522040755,-0.386256
2014-07-15 23:00:00,-0.2089832949550758,-0.42363292
2014-07-16 00:00:00,-0.07731722455707817,-0.26013047
2014-07-16 01:00:00,0.08726536344041887,-0.12880193
2014-07-16 02:00:00,0.13115405357308474,-0.17262381
2014-07-16 03:00:00,0.14212622610625122,-0.24163789
2014-07-16 04:00:00,-0.16509460482240992,-0.25196964
2014-07-16 05:00:00,-0.11023374215657758,-0.2339488
2014-07-16 06:00:00,-0.16509460482240992,-0.14874685
2014-07-16 07:00:00,0.22990360637158297,-0.13302463
2014-07-16 08:00:00,0.3286531591700812,-0.18856844
2014-07-16 09:00:00,0.36156967676958063,-0.22386612
2014-07-16 10:00:00,0.5261522647670777,-0.12223778
2014-07-16 11:00:00,0.6578183351650753,-0.09280969
2014-07-16 12:00:00,0.6468461626319087,-0.10151093
2014-07-16 13:00:00,0.7894844055630729,-0.10568143
2014-07-16 14:00:00,0.4603192295680788,-0.117142074
2014-07-16 15:00:00,0.5042079197007447,-0.09783117
2014-07-16 16:00:00,0.3725418493027471,-0.08443905
2014-07-16 17:00:00,0.12018188103991828,-0.11610731
2014-07-16 18:00:00,-0.11023374215657758,-0.11778758
2014-07-16 19:00:00,-0.43939891815157167,-0.1246193
2014-07-16 20:00:00,-0.43939891815157167,-0.1011083
2014-07-16 21:00:00,-0.329677192819907,-0.066219516
2014-07-16 22:00:00,-0.21995546748824227,-0.019082738
2014-07-16 23:00:00,-0.2857885026872411,0.03638582
2014-07-17 00:00:00,-0.3955102280189058,0.16188075
2014-07-17 01:00:00,-0.19801112242190932,0.1386309
2014-07-17 02:00:00,0.12018188103991828,0.19584873
2014-07-17 03:00:00,0.13115405357308474,0.206687
2014-07-17 04:00:00,0.3067088141037483,0.15422074
2014-07-17 05:00:00,0.2847644690374153,0.07621079
2014-07-17 06:00:00,0.5151800922339111,0.074311085
2014-07-17 07:00:00,0.38351402183591354,0.07857423
2014-07-17 08:00:00,0.4603192295680788,0.1790118
2014-07-17 09:00:00,0.4822635746344118,0.2630375
2014-07-17 10:00:00,0.4603192295680788,0.30973727
2014-07-17 11:00:00,0.42740271196857943,0.31004378
2014-07-17 12:00:00,0.31768098663691474,0.33457306
2014-07-17 13:00:00,0.3505975042364141,0.29224592
2014-07-17 14:00:00,0.3286531591700812,0.22492164
2014-07-17 15:00:00,0.6797626802314082,0.23908918
2014-07-17 16:00:00,0.6797626802314082,0.21106134
2014-07-17 17:00:00,0.6907348527645747,0.13118312
2014-07-17 18:00:00,0.5700409548997435,0.05469709
2014-07-17 19:00:00,0.5480966098334106,-0.02355828
2014-07-17 20:00:00,0.6578183351650753,-0.041872136
2014-07-17 21:00:00,0.7894844055630729,-0.009450942
2014-07-17 22:00:00,0.9650391660937364,0.08459793
2014-07-17 23:00:00,1.0418443738259018,0.024352781
2014-07-18 00:00:00,1.3161486871550634,0.023303771
2014-07-18 01:00:00,0.9979556836932358,-0.030614806
2014-07-18 02:00:00,0.5919852999660764,0.095912345
2014-07-18 03:00:00,0.6358739900987423,0.07991919
2014-07-18 04:00:00,0.33962533170324766,0.17045443
2014-07-18 05:00:00,0.3067088141037483,0.23040824
2014-07-18 06:00:00,0.2518479514379159,0.27595332
2014-07-18 07:00:00,0.13115405357308474,0.25246993
2014-07-18 08:00:00,0.24087577890474945,0.24669893
2014-07-18 09:00:00,0.14212622610625122,0.17736845
2014-07-18 10:00:00,0.09823753597358534,0.20871024
2014-07-18 11:00:00,0.2189314338384165,0.2265377
2014-07-18 12:00:00,0.27379229650424886,0.204601
2014-07-18 13:00:00,0.29573664157058177,0.20688044
2014-07-18 14:00:00,0.4712914021012453,0.20659041
2014-07-18 15:00:00,0.09823753597358534,0.2894947
2014-07-18 16:00:00,-0.04440070695757876,0.3327822
2014-07-18 17:00:00,-0.21995546748824227,0.3930111
2014-07-18 18:00:00,-0.04440070695757876,0.38219237
2014-07-18 19:00:00,0.06532101837408594,0.36696196
2014-07-18 20:00:00,0.03240450077458652,0.37949806
2014-07-18 21:00:00,-0.17606677735557638,0.34841102
2014-07-18 22:00:00,-0.21995546748824227,0.3739131
2014-07-18 23:00:00,-0.2089832949550758,0.5209882
2014-07-19 00:00:00,-0.14315025975607698,0.51143265
2014-07-19 01:00:00,-0.34064936535307344,0.517916
2014-07-19 02:00:00,-0.29676067522040755,0.35517055
2014-07-19 03:00:00,-0.307732847753574,0.21532333
2014-07-19 04:00:00,-0.25287198508774167,0.11274265
2014-07-19 05:00:00,-0.25287198508774167,0.21685839
2014-07-19 06:00:00,-0.27481633015407464,0.19666204
2014-07-19 07:00:00,-0.307732847753574,0.15279138
2014-07-19 08:00:00,-0.3516215378862399,0.16860092
2014-07-19 09:00:00,-0.43939891815157167,0.17513686
2014-07-19 10:00:00,-0.5710649885495693,0.17035842
2014-07-19 11:00:00,-0.5271762984169034,0.20321682
2014-07-19 12:00:00,-0.3735658829525728,0.28479254
2014-07-19 13:00:00,-0.47231543575107104,0.32174784
2014-07-19 14:00:00,-0.5381484709500699,0.33518302
2014-07-19 15:00:00,-0.6039815061490686,0.25100383
2014-07-19 16:00:00,-0.680786713881234,0.1774105
2014-07-19 17:00:00,-0.6039815061490686,0.101642065
2014-07-19 18:00:00,-0.5710649885495693,0.1332778
2014-07-19 19:00:00,-0.516204125883737,0.18702394
2014-07-19 20:00:00,-0.3955102280189058,0.20170265
2014-07-19 21:00:00,-0.307732847753574,0.20072255
2014-07-19 22:00:00,-0.2089832949550758,0.12085247
2014-07-19 23:00:00,-0.3735658829525728,0.09052064
2014-07-20 00:00:00,-0.6478701962817346,0.09592194
2014-07-20 01:00:00,-0.5930093336159022,0.033089183
2014-07-20 02:00:00,-0.43939891815157167,0.011191556
2014-07-20 03:00:00,-0.47231543575107104,-0.00905971
2014-07-20 04:00:00,-0.3845380554857393,0.004034752
2014-07-20 05:00:00,-0.3955102280189058,0.008462345
2014-07-20 06:00:00,-0.4174545730852387,0.059874825
2014-07-20 07:00:00,-0.494259780817404,0.0149221495
2014-07-20 08:00:00,-0.5271762984169034,-0.019010996
2014-07-20 09:00:00,-0.494259780817404,-1.3254583e-05
2014-07-20 10:00:00,-0.43939891815157167,-0.09560302
2014-07-20 11:00:00,-0.5271762984169034,-0.13306344
2014-07-20 12:00:00,-0.494259780817404,-0.083855845
2014-07-20 13:00:00,-0.36259371041940636,-0.05233162
2014-07-20 14:00:00,-0.16509460482240992,-0.13003294
2014-07-20 15:00:00,-0.14315025975607698,-0.1944882
2014-07-20 16:00:00,-0.23092764002140873,-0.24711025
2014-07-20 17:00:00,-0.43939891815157167,-0.2408643
2014-07-20 18:00:00,-0.34064936535307344,-0.22984125
2014-07-20 19:00:00,-0.45037109068473813,-0.20397049
2014-07-20 20:00:00,-0.516204125883737,-0.14500383
2014-07-20 21:00:00,-0.494259780817404,-0.081780225
2014-07-20 22:00:00,-0.5271762984169034,-0.01644381
2014-07-20 23:00:00,-0.5710649885495693,-0.049522303
2014-07-21 00:00:00,-0.4832876082842375,-0.17613974
2014-07-21 01:00:00,-0.45037109068473813,-0.14406702
2014-07-21 02:00:00,-0.43939891815157167,-0.13724229
2014-07-21 03:00:00,-0.494259780817404,-0.14767694
2014-07-21 04:00:00,-0.45037109068473813,-0.12169223
2014-07-21 05:00:00,-0.45037109068473813,-0.056262113
2014-07-21 06:00:00,-0.516204125883737,-0.089947335
2014-07-21 07:00:00,-0.8782858194782304,-0.1268098
2014-07-21 08:00:00,-0.8782858194782304,-0.14172721
2014-07-21 09:00:00,-0.8782858194782304,-0.13063326
2014-07-21 10:00:00,-0.9770353722767287,-0.104609735
2014-07-21 11:00:00,-0.9331466821440627,-0.12409482
2014-07-21 12:00:00,-0.9660631997435621,-0.120198734
2014-07-21 13:00:00,-0.9331466821440627,-0.07492327
2014-07-21 14:00:00,-0.9441188546772292,0.013112495
2014-07-21 15:00:00,-0.9331466821440627,0.061383978
2014-07-21 16:00:00,-0.9550910272103957,0.05517809
2014-07-21 17:00:00,-0.9770353722767287,-0.027998602
2014-07-21 18:00:00,-0.9441188546772292,-0.017036749
2014-07-21 19:00:00,-0.9331466821440627,-0.0352695
2014-07-21 20:00:00,-0.9112023370777298,-0.064327165
2014-07-21 21:00:00,-0.9441188546772292,-0.06294393
2014-07-21 22:00:00,-0.9770353722767287,-0.066242926
2014-07-21 23:00:00,-0.9989797173430616,-0.08796412
2014-07-22 00:00:00,-1.0318962349425609,-0.06147646
2014-07-22 01:00:00,-1.0318962349425609,-0.04396279
2014-07-22 02:00:00,-0.9550910272103957,-0.037057884
2014-07-22 03:00:00,-0.9880075448098952,-0.0528941
2014-07-22 04:00:00,-0.9221745096108963,-0.039581075
2014-07-22 05:00:00,-0.9221745096108963,-0.02811513
2014-07-22 06:00:00,-0.9441188546772292,-0.06887409
2014-07-22 07:00:00,-0.9002301645445634,-0.24823365
2014-07-22 08:00:00,-0.8892579920113969,-0.32908204
2014-07-22 09:00:00,-0.9331466821440627,-0.3487103
2014-07-22 10:00:00,-0.9660631997435621,-0.38731077
2014-07-22 11:00:00,-0.9441188546772292,-0.38578746
2014-07-22 12:00:00,-0.9221745096108963,-0.40726292
2014-07-22 13:00:00,-0.9002301645445634,-0.3879363
2014-07-22 14:00:00,-0.9112023370777298,-0.39037883
2014-07-22 15:00:00,-0.9221745096108963,-0.39465863
2014-07-22 16:00:00,-0.9221745096108963,-0.44649282
2014-07-22 17:00:00,-0.9770353722767287,-0.2788852
2014-07-22 18:00:00,-0.9331466821440627,-0.42882127
2014-07-22 19:00:00,-1.009951889876228,-0.31008685
2014-07-22 20:00:00,-0.9660631997435621,-0.44471776
2014-07-22 21:00:00,-0.8892579920113969,-0.51136076
2014-07-22 22:00:00,-0.867313646945064,-0.49047196
2014-07-22 23:00:00,-0.9112023370777298,-0.5001081
2014-07-23 00:00:00,-0.9221745096108963,-0.5147903
2014-07-23 01:00:00,-0.8782858194782304,-0.5320348
2014-07-23 02:00:00,-0.8782858194782304,-0.5048704
2014-07-23 03:00:00,-0.867313646945064,-0.5473864
2014-07-23 04:00:00,-0.845369301878731,-0.47951373
2014-07-23 05:00:00,-0.9660631997435621,-0.47330755
2014-07-23 06:00:00,-0.9550910272103957,-0.47965047
2014-07-23 07:00:00,-0.8892579920113969,-0.47312424
2014-07-23 08:00:00,-0.8782858194782304,-0.45716965
2014-07-23 09:00:00,-0.9221745096108963,-0.46162233
2014-07-23 10:00:00,-0.9002301645445634,-0.34110874
2014-07-23 11:00:00,-0.8892579920113969,-0.4675164
2014-07-23 12:00:00,-0.9550910272103957,-0.4692068
2014-07-23 13:00:00,-0.8563414744118975,-0.46556792
2014-07-23 14:00:00,-0.8782858194782304,-0.47165364
2014-07-23 15:00:00,-0.9221745096108963,-0.492997
2014-07-23 16:00:00,-0.8782858194782304,-0.5007114
2014-07-23 17:00:00,-0.867313646945064,-0.5229161
2014-07-23 18:00:00,-0.867313646945064,-0.519682
2014-07-23 19:00:00,-0.6368980237485681,-0.40161705
2014-07-23 20:00:00,-0.5930093336159022,-0.4826291
2014-07-23 21:00:00,-0.6259258512154017,-0.48517963
2014-07-23 22:00:00,-0.6368980237485681,-0.47558868
2014-07-23 23:00:00,-0.6478701962817346,-0.4836964
2014-07-24 00:00:00,-0.5930093336159022,-0.49673712
2014-07-24 01:00:00,-0.494259780817404,-0.48646957
2014-07-24 02:00:00,-0.5271762984169034,-0.47502404
2014-07-24 03:00:00,-0.5491206434832363,-0.46441647
2014-07-24 04:00:00,-0.2857885026872411,-0.31727546
2014-07-24 05:00:00,-0.29676067522040755,-0.32380837
2014-07-24 06:00:00,-0.19801112242190932,-0.3351519
2014-07-24 07:00:00,-0.2857885026872411,-0.39314845
2014-07-24 08:00:00,-0.2638441576209081,-0.29669994
2014-07-24 09:00:00,-0.19801112242190932,-0.3733762
2014-07-24 10:00:00,-0.11023374215657758,-0.40104565
2014-07-24 11:00:00,0.03240450077458652,-0.403288
2014-07-24 12:00:00,-0.12120591468974404,-0.42409557
2014-07-24 13:00:00,-0.36259371041940636,-0.3295297
2014-07-24 14:00:00,-0.16509460482240992,-0.31402874
2014-07-24 15:00:00,-0.4174545730852387,-0.38305935
2014-07-24 16:00:00,-0.5491206434832363,-0.3878255
2014-07-24 17:00:00,-0.34064936535307344,-0.38156286
2014-07-24 18:00:00,-0.5381484709500699,-0.37777784
2014-07-24 19:00:00,-0.8343971293455645,-0.23341611
2014-07-24 20:00:00,-0.7356475765470664,-0.18156433
2014-07-24 21:00:00,-0.7137032314807333,-0.16284846
2014-07-24 22:00:00,-0.40648240055207224,-0.1211848
2014-07-24 23:00:00,0.043376673307752994,-0.16304155
2014-07-25 00:00:00,0.39448619436908,-0.10846541
2014-07-25 01:00:00,0.5042079197007447,-0.17467466
2014-07-25 02:00:00,0.19698708877208357,-0.07701986
2014-07-25 03:00:00,0.29573664157058177,-0.06472226
2014-07-25 04:00:00,0.5371244373002441,-0.10729467
2014-07-25 05:00:00,0.6578183351650753,-0.094367966
2014-07-25 06:00:00,0.17504274370575063,-0.097469024
2014-07-25 07:00:00,-0.09926156962341111,0.024113936
2014-07-25 08:00:00,-0.03342853442441229,0.04709211
2014-07-25 09:00:00,-0.42842674561840516,-0.04022923
2014-07-25 10:00:00,-0.5600928160164028,0.071014136
2014-07-25 11:00:00,-0.658842368814901,0.10820696
2014-07-25 12:00:00,-0.7575919216133993,0.044775106
2014-07-25 13:00:00,-0.8014806117460651,-0.049984008
2014-07-25 14:00:00,-0.7466197490802328,0.07072961
2014-07-25 15:00:00,-0.7905084392128987,0.050062843
2014-07-25 16:00:00,-0.7575919216133993,-0.06254249
2014-07-25 17:00:00,-0.680786713881234,-0.042945184
2014-07-25 18:00:00,-0.6039815061490686,-0.07427635
2014-07-25 19:00:00,-0.6149536786822352,-0.19548853
2014-07-25 20:00:00,-0.494259780817404,-0.22587386
2014-07-25 21:00:00,-0.42842674561840516,-0.21762957
2014-07-25 22:00:00,-0.34064936535307344,-0.07056486
2014-07-25 23:00:00,-0.34064936535307344,0.013752254
2014-07-26 00:00:00,-0.307732847753574,0.16134575
2014-07-26 01:00:00,-0.14315025975607698,0.35434586
2014-07-26 02:00:00,-0.09926156962341111,0.22700673
2014-07-26 03:00:00,0.17504274370575063,0.1942437
2014-07-26 04:00:00,0.39448619436908,0.3086101
2014-07-26 05:00:00,0.5042079197007447,0.2718606
2014-07-26 06:00:00,0.5371244373002441,0.10860587
2014-07-26 07:00:00,0.4603192295680788,-0.03003087
2014-07-26 08:00:00,0.40545836690224646,-0.047101438
2014-07-26 09:00:00,0.14212622610625122,-0.110786304
2014-07-26 10:00:00,0.20795926130525003,-0.14672664
2014-07-26 11:00:00,0.07629319090725241,-0.19366686
2014-07-26 12:00:00,0.13115405357308474,-0.08181078
2014-07-26 13:00:00,-0.21995546748824227,-0.13540502
2014-07-26 14:00:00,-0.4174545730852387,-0.16525632
2014-07-26 15:00:00,-0.36259371041940636,-0.18968466
2014-07-26 16:00:00,-0.4174545730852387,-0.20867759
2014-07-26 17:00:00,-0.2638441576209081,-0.20704855
2014-07-26 18:00:00,-0.307732847753574,-0.19304876
2014-07-26 19:00:00,-0.40648240055207224,-0.19574839
2014-07-26 20:00:00,-0.47231543575107104,-0.16410404
2014-07-26 21:00:00,-0.4174545730852387,-0.11523653
2014-07-26 22:00:00,-0.45037109068473813,-0.06369422
2014-07-26 23:00:00,-0.47231543575107104,-0.03355062
2014-07-27 00:00:00,-0.43939891815157167,-0.014571531
2014-07-27 01:00:00,-0.3516215378862399,0.053338155
2014-07-27 02:00:00,-0.2638441576209081,0.15921949
2014-07-27 03:00:00,-0.15412243228924344,0.22756621
2014-07-27 04:00:00,-0.03342853442441229,0.2539692
2014-07-27 05:00:00,0.021432328241420058,0.28165185
2014-07-27 06:00:00,0.12018188103991828,0.2886529
2014-07-27 07:00:00,0.07629319090725241,0.40015596
2014-07-27 08:00:00,0.06532101837408594,0.3778863
2014-07-27 09:00:00,0.14212622610625122,0.2709103
2014-07-27 10:00:00,0.054348845840919466,0.2362155
2014-07-27 11:00:00,0.15309839863941768,0.17253861
2014-07-27 12:00:00,0.36156967676958063,0.22455339
2014-07-27 13:00:00,0.2189314338384165,0.17614463
2014-07-27 14:00:00,-0.011484189358079351,0.050042793
2014-07-27 15:00:00,-0.14315025975607698,0.023264432
2014-07-27 16:00:00,-0.07731722455707817,-0.0004204251
2014-07-27 17:00:00,-0.16509460482240992,0.034500025
2014-07-27 18:00:00,-0.05537287949074523,0.025320599
2014-07-27 19:00:00,-0.02245636189124582,-0.028632713
2014-07-27 20:00:00,-0.011484189358079351,-0.0768482
2014-07-27 21:00:00,-0.13217808722291052,-0.0721376
2014-07-27 22:00:00,-0.18703894988874287,-0.09036686
2014-07-27 23:00:00,-0.17606677735557638,-0.109277986
2014-07-28 00:00:00,-0.07731722455707817,-0.10656897
2014-07-28 01:00:00,-0.05537287949074523,-0.06983233
2014-07-28 02:00:00,0.14212622610625122,-0.021870999
2014-07-28 03:00:00,0.22990360637158297,0.040986076
2014-07-28 04:00:00,0.29573664157058177,0.11248826
2014-07-28 05:00:00,0.3725418493027471,0.16601004
2014-07-28 06:00:00,0.41643053943541297,0.29023087
2014-07-28 07:00:00,0.44934705703491234,0.30368635
2014-07-28 08:00:00,0.4712914021012453,0.24264626
2014-07-28 09:00:00,0.27379229650424886,0.27861023
2014-07-28 10:00:00,0.12018188103991828,0.26512682
2014-07-28 11:00:00,0.19698708877208357,0.28504342
2014-07-28 12:00:00,0.10920970850675181,0.31218773
2014-07-28 13:00:00,0.010460155708253588,0.2757671
2014-07-28 14:00:00,-0.29676067522040755,0.19332665
2014-07-28 15:00:00,-0.42842674561840516,0.12918578
2014-07-28 16:00:00,-0.36259371041940636,0.13557163
2014-07-28 17:00:00,-0.21995546748824227,0.11447675
2014-07-28 18:00:00,-0.2089832949550758,0.14132723
2014-07-28 19:00:00,-0.25287198508774167,0.1672425
2014-07-28 20:00:00,-0.12120591468974404,0.18409307
2014-07-28 21:00:00,-0.13217808722291052,0.15178479
2014-07-28 22:00:00,-0.18703894988874287,0.11519397
2014-07-28 23:00:00,-0.12120591468974404,0.105940424
2014-07-29 00:00:00,-0.04440070695757876,0.13030703
2014-07-29 01:00:00,-0.11023374215657758,0.14618088
2014-07-29 02:00:00,-0.011484189358079351,0.20402467
2014-07-29 03:00:00,0.010460155708253588,0.25109008
2014-07-29 04:00:00,0.15309839863941768,0.28270367
2014-07-29 05:00:00,0.38351402183591354,0.30517462
2014-07-29 06:00:00,0.6029574724992429,0.31716326
2014-07-29 07:00:00,0.9760113386269029,0.32319662
2014-07-29 08:00:00,0.8662896132952382,0.32474443
2014-07-29 09:00:00,0.5590687823665771,0.3273471
2014-07-29 10:00:00,0.27379229650424886,0.2627456
2014-07-29 11:00:00,0.010460155708253588,0.25034288
2014-07-29 12:00:00,-0.08828939709024464,0.19780946
2014-07-29 13:00:00,-0.03342853442441229,0.16176562
2014-07-29 14:00:00,-0.15412243228924344,0.08174734
2014-07-29 15:00:00,-0.17606677735557638,0.02121026
2014-07-29 16:00:00,-0.12120591468974404,0.02209214
2014-07-29 17:00:00,-0.12120591468974404,0.06218434
2014-07-29 18:00:00,-0.15412243228924344,0.086201794
2014-07-29 19:00:00,-0.08828939709024464,0.090174764
2014-07-29 20:00:00,-0.15412243228924344,0.12117057
2014-07-29 21:00:00,-0.16509460482240992,0.13604598
2014-07-29 22:00:00,-0.18703894988874287,0.11334044
2014-07-29 23:00:00,-0.19801112242190932,0.122553885
2014-07-30 00:00:00,-0.2418998125545752,0.15465146
2014-07-30 01:00:00,-0.34064936535307344,0.1481048
2014-07-30 02:00:00,-0.5271762984169034,0.1641697
2014-07-30 03:00:00,-0.516204125883737,0.17208686
2014-07-30 04:00:00,-0.13217808722291052,0.21075794
2014-07-30 05:00:00,0.18601491623891708,0.28578097
2014-07-30 06:00:00,0.14212622610625122,0.37341058
2014-07-30 07:00:00,0.4603192295680788,0.4958957
2014-07-30 08:00:00,0.3725418493027471,0.5142878
2014-07-30 09:00:00,0.6468461626319087,0.42120892
2014-07-30 10:00:00,0.5590687823665771,0.29856667
2014-07-30 11:00:00,0.5371244373002441,0.18342397
2014-07-30 12:00:00,0.5261522647670777,0.12575565
2014-07-30 13:00:00,0.3505975042364141,0.145394
2014-07-30 14:00:00,0.3286531591700812,0.14518164
2014-07-30 15:00:00,0.24087577890474945,0.14205198
2014-07-30 16:00:00,0.13115405357308474,0.1641661
2014-07-30 17:00:00,0.3286531591700812,0.18702424
2014-07-30 18:00:00,0.4822635746344118,0.19279033
2014-07-30 19:00:00,0.6249018175655758,0.21780188
2014-07-30 20:00:00,0.932122648494237,0.2184665
2014-07-30 21:00:00,1.0857330639585676,0.22242501
2014-07-30 22:00:00,1.2283713068897317,0.22574677
2014-07-30 23:00:00,1.217399134356565,0.23100416
2014-07-31 00:00:00,1.1076774090249004,0.22461276
2014-07-31 01:00:00,1.0199000287595688,0.20192945
2014-07-31 02:00:00,1.0747608914254012,0.1292412
2014-07-31 03:00:00,0.9540669935605699,-0.0053790417
2014-07-31 04:00:00,0.9211504759610706,0.07005419
2014-07-31 05:00:00,1.0089278562264024,0.13417093
2014-07-31 06:00:00,1.184482616757066,0.14014812
2014-07-31 07:00:00,1.305176514621897,0.18339494
2014-07-31 08:00:00,1.6453138631500575,0.28933993
2014-07-31 09:00:00,1.3929538948872286,0.26240802
2014-07-31 10:00:00,1.2064269618233987,0.27377588
2014-07-31 11:00:00,0.8333730956957388,0.2522675
2014-07-31 12:00:00,0.8772617858284046,0.22775105
2014-07-31 13:00:00,0.7017070252977412,0.18083113
2014-07-31 14:00:00,0.6907348527645747,0.16457045
2014-07-31 15:00:00,0.6029574724992429,0.15478647
2014-07-31 16:00:00,0.3725418493027471,0.13456467
2014-07-31 17:00:00,0.3725418493027471,0.17875472
2014-07-31 18:00:00,0.24087577890474945,0.24512784
2014-07-31 19:00:00,0.27379229650424886,0.3108207
2014-07-31 20:00:00,0.38351402183591354,0.4032756
2014-07-31 21:00:00,0.7346235428972405,0.48120546
2014-07-31 22:00:00,0.9540669935605699,0.5333656
2014-07-31 23:00:00,1.1625382716907329,0.58059275
2014-08-01 00:00:00,1.0528165463590682,0.55359703
2014-08-01 01:00:00,0.5919852999660764,0.497703
2014-08-01 02:00:00,0.2189314338384165,0.44141847
2014-08-01 03:00:00,0.38351402183591354,0.39011413
2014-08-01 04:00:00,0.3505975042364141,0.3595844
2014-08-01 05:00:00,0.39448619436908,0.41043139
2014-08-01 06:00:00,0.5042079197007447,0.43183225
2014-08-01 07:00:00,0.6468461626319087,0.4548198
2014-08-01 08:00:00,0.8662896132952382,0.51971245
2014-08-01 09:00:00,0.932122648494237,0.4855795
2014-08-01 10:00:00,0.5700409548997435,0.4173776
2014-08-01 11:00:00,0.13115405357308474,0.31344822
2014-08-01 12:00:00,0.2518479514379159,0.2926043
2014-08-01 13:00:00,0.09823753597358534,0.272468
2014-08-01 14:00:00,0.03240450077458652,0.28015107
2014-08-01 15:00:00,-0.02245636189124582,0.28250885
2014-08-01 16:00:00,-0.0663450520239117,0.2472305
2014-08-01 17:00:00,0.06532101837408594,0.24339771
2014-08-01 18:00:00,0.16407057117258417,0.22799024
2014-08-01 19:00:00,0.2628201239710824,0.23799115
2014-08-01 20:00:00,0.3725418493027471,0.27412808
2014-08-01 21:00:00,0.3725418493027471,0.3790282
2014-08-01 22:00:00,0.40545836690224646,0.48489514
2014-08-01 23:00:00,0.010460155708253588,0.56874996
2014-08-02 00:00:00,-0.2418998125545752,0.56629753
2014-08-02 01:00:00,-0.23092764002140873,0.43238223
2014-08-02 02:00:00,-0.16509460482240992,0.26549906
2014-08-02 03:00:00,-0.07731722455707817,0.29779565
2014-08-02 04:00:00,-0.13217808722291052,0.2672798
2014-08-02 05:00:00,-0.2418998125545752,0.25733778
2014-08-02 06:00:00,-0.34064936535307344,0.2538997
2014-08-02 07:00:00,-0.4174545730852387,0.32074702
2014-08-02 08:00:00,-0.47231543575107104,0.38818818
2014-08-02 09:00:00,-0.25287198508774167,0.4165065
2014-08-02 10:00:00,-0.14315025975607698,0.33396024
2014-08-02 11:00:00,-0.03342853442441229,0.18890211
2014-08-02 12:00:00,0.010460155708253588,0.2171936
2014-08-02 13:00:00,0.13115405357308474,0.21313149
2014-08-02 14:00:00,0.09823753597358534,0.1654957
2014-08-02 15:00:00,0.10920970850675181,0.14271024
2014-08-02 16:00:00,0.043376673307752994,0.13826303
2014-08-02 17:00:00,0.043376673307752994,0.17826149
2014-08-02 18:00:00,0.010460155708253588,0.22606662
2014-08-02 19:00:00,-0.0005120168249128817,0.2695341
2014-08-02 20:00:00,0.14212622610625122,0.31453106
2014-08-02 21:00:00,0.16407057117258417,0.38655347
2014-08-02 22:00:00,0.22990360637158297,0.41441965
2014-08-02 23:00:00,0.20795926130525003,0.26773947
2014-08-03 00:00:00,0.41643053943541297,0.1172208
2014-08-03 01:00:00,0.5042079197007447,0.06171608
2014-08-03 02:00:00,0.6358739900987423,0.06582951
2014-08-03 03:00:00,0.9211504759610706,0.090876356
2014-08-03 04:00:00,0.9869835111600693,0.07749935
2014-08-03 05:00:00,1.1076774090249004,0.08525899
2014-08-03 06:00:00,0.8224009231625723,0.054721884
2014-08-03 07:00:00,0.3505975042364141,-0.021753669
2014-08-03 08:00:00,0.021432328241420058,-0.063846104
2014-08-03 09:00:00,-0.13217808722291052,0.028347997
2014-08-03 10:00:00,-0.2857885026872411,0.09578163
2014-08-03 11:00:00,-0.2857885026872411,0.15415283
2014-08-03 12:00:00,-0.19801112242190932,0.18593669
2014-08-03 13:00:00,-0.29676067522040755,0.22870544
2014-08-03 14:00:00,-0.05537287949074523,0.24240169
2014-08-03 15:00:00,-0.2638441576209081,0.2173033
2014-08-03 16:00:00,0.021432328241420058,0.19516858
2014-08-03 17:00:00,-0.307732847753574,0.19117223
2014-08-03 18:00:00,-0.34064936535307344,0.17604138
2014-08-03 19:00:00,-0.5271762984169034,0.17089233
2014-08-03 20:00:00,-0.5052319533505705,0.25553852
2014-08-03 21:00:00,-0.36259371041940636,0.2569559
2014-08-03 22:00:00,-0.40648240055207224,0.29799306
2014-08-03 23:00:00,-0.36259371041940636,0.20947514
2014-08-04 00:00:00,-0.2857885026872411,0.212021
2014-08-04 01:00:00,-0.21995546748824227,0.31198168
2014-08-04 02:00:00,-0.08828939709024464,0.38449448
2014-08-04 03:00:00,-0.12120591468974404,0.3906927
2014-08-04 04:00:00,-0.19801112242190932,0.40638447
2014-08-04 05:00:00,-0.08828939709024464,0.39435107
2014-08-04 06:00:00,-0.11023374215657758,0.31111467
2014-08-04 07:00:00,-0.11023374215657758,0.11049864
2014-08-04 08:00:00,-0.45037109068473813,-0.0070056077
2014-08-04 09:00:00,-0.9660631997435621,0.003878722
2014-08-04 10:00:00,-0.9880075448098952,0.0852733
2014-08-04 11:00:00,-1.0209240624093945,0.11928757
2014-08-04 12:00:00,-1.0428684074757275,0.14753939
2014-08-04 13:00:00,-1.0209240624093945,0.14112197
2014-08-04 14:00:00,-1.0209240624093945,0.11648188
2014-08-04 15:00:00,-1.0318962349425609,0.06526383
2014-08-04 16:00:00,-1.053840580008894,0.10372777
2014-08-04 17:00:00,-1.0209240624093945,0.06448764
2014-08-04 18:00:00,-1.0209240624093945,0.0674151
2014-08-04 19:00:00,-1.053840580008894,0.024300028
2014-08-04 20:00:00,-1.075784925075227,-0.03970725
2014-08-04 21:00:00,-1.075784925075227,-0.021184448
2014-08-04 22:00:00,-1.053840580008894,-0.018286236
2014-08-04 23:00:00,-1.053840580008894,0.030021334
2014-08-05 00:00:00,-1.0318962349425609,-0.044125088
2014-08-05 01:00:00,-0.9441188546772292,0.057293378
2014-08-05 02:00:00,-0.9550910272103957,0.073096596
2014-08-05 03:00:00,-0.9880075448098952,0.10111812
2014-08-05 04:00:00,-1.009951889876228,0.015536457
2014-08-05 05:00:00,-0.9989797173430616,0.0019094255
2014-08-05 06:00:00,-0.9770353722767287,0.085155986
2014-08-05 07:00:00,-0.9441188546772292,0.004322814
2014-08-05 08:00:00,-0.9221745096108963,-0.1228426
2014-08-05 09:00:00,-0.9441188546772292,-0.32882035
2014-08-05 10:00:00,-0.823424956812398,-0.40865916
2014-08-05 11:00:00,-0.823424956812398,-0.44108856
2014-08-05 12:00:00,-0.7575919216133993,-0.49887288
2014-08-05 13:00:00,-0.8014806117460651,-0.52429706
2014-08-05 14:00:00,-0.8124527842792316,-0.47120652
2014-08-05 15:00:00,-0.7905084392128987,-0.53871894
2014-08-05 16:00:00,-0.7466197490802328,-0.58089155
2014-08-05 17:00:00,-0.5381484709500699,-0.53451395
2014-08-05 18:00:00,-0.7466197490802328,-0.55000806
2014-08-05 19:00:00,-0.823424956812398,-0.60807776
2014-08-05 20:00:00,-0.845369301878731,-0.58912396
2014-08-05 21:00:00,-0.8014806117460651,-0.5932764
2014-08-05 22:00:00,-0.7905084392128987,-0.5903139
2014-08-05 23:00:00,-0.8124527842792316,-0.5917698
2014-08-06 00:00:00,-0.7466197490802328,-0.5919751
2014-08-06 01:00:00,-0.7246754040138998,-0.5926616
2014-08-06 02:00:00,-0.5710649885495693,-0.42715135
2014-08-06 03:00:00,-0.5600928160164028,-0.49971366
2014-08-06 04:00:00,-0.43939891815157167,-0.53703177
2014-08-06 05:00:00,-0.40648240055207224,-0.5446182
2014-08-06 06:00:00,-0.4174545730852387,-0.54051745
2014-08-06 07:00:00,-0.3516215378862399,-0.5151577
2014-08-06 08:00:00,-0.40648240055207224,-0.48955268
2014-08-06 09:00:00,-0.5491206434832363,-0.4748021
2014-08-06 10:00:00,-0.845369301878731,-0.301939
2014-08-06 11:00:00,-0.9221745096108963,-0.25599158
2014-08-06 12:00:00,-1.009951889876228,-0.24460635
2014-08-06 13:00:00,-1.0318962349425609,-0.29778564
2014-08-06 14:00:00,-1.0648127525420603,-0.3173892
2014-08-06 15:00:00,-1.075784925075227,-0.31473833
2014-08-06 16:00:00,-1.0428684074757275,-0.2899687
2014-08-06 17:00:00,-1.053840580008894,-0.2070534
2014-08-06 18:00:00,-1.009951889876228,-0.2419582
2014-08-06 19:00:00,-0.9331466821440627,-0.28589168
2014-08-06 20:00:00,-0.823424956812398,-0.3153017
2014-08-06 21:00:00,-0.7905084392128987,-0.31058627
2014-08-06 22:00:00,-0.5930093336159022,-0.31691685
2014-08-06 23:00:00,-0.31870502028674047,-0.26715985
2014-08-07 00:00:00,0.27379229650424886,-0.29004246
2014-08-07 01:00:00,0.4603192295680788,-0.3736752
2014-08-07 02:00:00,0.054348845840919466,-0.35339296
2014-08-07 03:00:00,0.010460155708253588,-0.2848589
2014-08-07 04:00:00,-0.12120591468974404,-0.24002378
2014-08-07 05:00:00,-0.07731722455707817,-0.21358462
2014-08-07 06:00:00,-0.16509460482240992,-0.21115392
2014-08-07 07:00:00,-0.4174545730852387,-0.18292354
2014-08-07 08:00:00,-0.658842368814901,-0.17215265
2014-08-07 09:00:00,-0.5271762984169034,-0.24613106
2014-08-07 10:00:00,-0.4174545730852387,-0.30824095
2014-08-07 11:00:00,-0.494259780817404,-0.42353168
2014-08-07 12:00:00,-0.5710649885495693,-0.49997783
2014-08-07 13:00:00,-0.6478701962817346,-0.5313237
2014-08-07 14:00:00,-0.6698145413480675,-0.58264434
2014-08-07 15:00:00,-0.6259258512154017,-0.6183162
2014-08-07 16:00:00,-0.6259258512154017,-0.45100772
2014-08-07 17:00:00,-0.6149536786822352,-0.44955707
2014-08-07 18:00:00,-0.6917588864144004,-0.45742935
2014-08-07 19:00:00,-0.658842368814901,-0.4309162
2014-08-07 20:00:00,-0.3955102280189058,-0.39149427
2014-08-07 21:00:00,-0.5710649885495693,-0.36497754
2014-08-07 22:00:00,-0.4832876082842375,-0.2866286
2014-08-07 23:00:00,-0.6478701962817346,-0.15307127
2014-08-08 00:00:00,-0.5710649885495693,0.18726113
2014-08-08 01:00:00,-0.7795362666797322,0.3256963
2014-08-08 02:00:00,-0.658842368814901,0.34639966
2014-08-08 03:00:00,-0.6368980237485681,0.2482134
2014-08-08 04:00:00,-0.5820371610827357,0.06480594
2014-08-08 05:00:00,-0.5381484709500699,0.025164092
2014-08-08 06:00:00,-0.34064936535307344,-0.01731403
2014-08-08 07:00:00,-0.23092764002140873,-0.109037414
2014-08-08 08:00:00,-0.11023374215657758,-0.22283018
2014-08-08 09:00:00,-0.18703894988874287,-0.21205693
2014-08-08 10:00:00,-0.2638441576209081,-0.19616762
2014-08-08 11:00:00,-0.16509460482240992,-0.050463073
2014-08-08 12:00:00,-0.307732847753574,-0.11910523
2014-08-08 13:00:00,-0.4832876082842375,-0.10962718
2014-08-08 14:00:00,-0.6039815061490686,-0.18036956
2014-08-08 15:00:00,-0.5930093336159022,-0.18839204
2014-08-08 16:00:00,-0.6698145413480675,-0.20036095
2014-08-08 17:00:00,-0.5600928160164028,-0.19672108
2014-08-08 18:00:00,-0.5600928160164028,-0.23085143
2014-08-08 19:00:00,-0.4174545730852387,-0.22729579
2014-08-08 20:00:00,-0.45037109068473813,-0.13549288
2014-08-08 21:00:00,-0.4613432632179046,-0.15856503
2014-08-08 22:00:00,-0.45037109068473813,-0.14546925
2014-08-08 23:00:00,-0.43939891815157167,-0.20345744
2014-08-09 00:00:00,-0.307732847753574,-0.20174341
2014-08-09 01:00:00,-0.31870502028674047,-0.20068413
2014-08-09 02:00:00,-0.11023374215657758,-0.30650294
2014-08-09 03:00:00,0.2189314338384165,-0.1945549
2014-08-09 04:00:00,0.2518479514379159,-0.15296794
2014-08-09 05:00:00,0.3505975042364141,-0.124283426
2014-08-09 06:00:00,0.4822635746344118,-0.15093143
2014-08-09 07:00:00,0.5919852999660764,0.012909202
2014-08-09 08:00:00,0.6578183351650753,0.10805584
2014-08-09 09:00:00,0.2628201239710824,0.10261992
2014-08-09 10:00:00,-0.05537287949074523,0.0292378
2014-08-09 11:00:00,-0.21995546748824227,0.030666713
2014-08-09 12:00:00,-0.307732847753574,0.00089428946
2014-08-09 13:00:00,-0.329677192819907,-0.07750354
2014-08-09 14:00:00,-0.4613432632179046,-0.14311233
2014-08-09 15:00:00,-0.516204125883737,-0.16455911
2014-08-09 16:00:00,-0.5052319533505705,-0.18849923
2014-08-09 17:00:00,-0.6149536786822352,-0.16934046
2014-08-09 18:00:00,-0.7356475765470664,-0.15983002
2014-08-09 19:00:00,-0.5930093336159022,-0.10432226
2014-08-09 20:00:00,-0.6368980237485681,-0.09756849
2014-08-09 21:00:00,-0.494259780817404,-0.09951668
2014-08-09 22:00:00,-0.9331466821440627,-0.091251105
2014-08-09 23:00:00,-0.9002301645445634,-0.08291038
2014-08-10 00:00:00,-0.9112023370777298,-0.047751613
2014-08-10 01:00:00,-0.8563414744118975,-0.027287519
2014-08-10 02:00:00,-0.8563414744118975,0.044322602
2014-08-10 03:00:00,-0.8343971293455645,0.17443377
2014-08-10 04:00:00,-0.867313646945064,0.2966876
2014-08-10 05:00:00,-0.7905084392128987,0.3434723
2014-08-10 06:00:00,-0.7575919216133993,0.29919535
2014-08-10 07:00:00,-0.7575919216133993,0.34770358
2014-08-10 08:00:00,-0.8343971293455645,0.36554408
2014-08-10 09:00:00,-0.823424956812398,0.24836355
2014-08-10 10:00:00,-0.6698145413480675,0.152019
2014-08-10 11:00:00,-0.680786713881234,0.08023616
2014-08-10 12:00:00,-0.6917588864144004,0.0128134135
2014-08-10 13:00:00,-0.7027310589475669,0.0047792327
2014-08-10 14:00:00,-0.7466197490802328,-0.023304848
2014-08-10 15:00:00,-0.7685640941465657,-0.045595467
2014-08-10 16:00:00,-0.845369301878731,-0.059635893
2014-08-10 17:00:00,-0.8782858194782304,-0.10033292
2014-08-10 18:00:00,-0.7905084392128987,-0.16069931
2014-08-10 19:00:00,-0.6259258512154017,-0.15589815
2014-08-10 20:00:00,-0.516204125883737,-0.15595224
2014-08-10 21:00:00,-0.5600928160164028,-0.11485564
2014-08-10 22:00:00,-0.516204125883737,-0.28468037
2014-08-10 23:00:00,-0.2418998125545752,-0.26340488
2014-08-11 00:00:00,-0.15412243228924344,-0.3977514
2014-08-11 01:00:00,-0.3845380554857393,-0.39849836
2014-08-11 02:00:00,-0.4613432632179046,-0.4440819
2014-08-11 03:00:00,-0.516204125883737,-0.30051994
2014-08-11 04:00:00,-0.8124527842792316,-0.38674995
2014-08-11 05:00:00,-0.8782858194782304,-0.40571505
2014-08-11 06:00:00,-0.9660631997435621,-0.4268911
2014-08-11 07:00:00,-0.9550910272103957,-0.36767513
2014-08-11 08:00:00,-0.9660631997435621,-0.25588527
2014-08-11 09:00:00,-0.9660631997435621,-0.28382617
2014-08-11 10:00:00,-1.0318962349425609,-0.20697023
2014-08-11 11:00:00,-0.9770353722767287,-0.16162246
2014-08-11 12:00:00,-1.0318962349425609,-0.22564927
2014-08-11 13:00:00,-1.0318962349425609,-0.20134798
2014-08-11 14:00:00,-0.9770353722767287,-0.13942945
2014-08-11 15:00:00,-0.9880075448098952,-0.13789514
2014-08-11 16:00:00,-0.9989797173430616,-0.21105257
2014-08-11 17:00:00,-0.9989797173430616,-0.23893045
2014-08-11 18:00:00,-0.9441188546772292,-0.22919004
2014-08-11 19:00:00,-0.867313646945064,-0.17247672
2014-08-11 20:00:00,-0.8563414744118975,-0.12327533
2014-08-11 21:00:00,-0.845369301878731,-0.12319016
2014-08-11 22:00:00,-0.8014806117460651,-0.17527427
2014-08-11 23:00:00,-0.6368980237485681,-0.11892659
2014-08-12 00:00:00,-0.5491206434832363,-0.020785617
2014-08-12 01:00:00,-0.47231543575107104,-0.071216635
2014-08-12 02:00:00,-0.7795362666797322,-0.14475948
2014-08-12 03:00:00,-0.8124527842792316,-0.2042675
2014-08-12 04:00:00,-0.845369301878731,-0.3086279
2014-08-12 05:00:00,-0.9002301645445634,-0.37037405
2014-08-12 06:00:00,-0.9331466821440627,-0.41133606
2014-08-12 07:00:00,-0.9660631997435621,-0.399301
2014-08-12 08:00:00,-0.9112023370777298,-0.39271247
2014-08-12 09:00:00,-1.009951889876228,-0.4133088
2014-08-12 10:00:00,-0.9880075448098952,-0.4097128
2014-08-12 11:00:00,-0.9660631997435621,-0.4058322
2014-08-12 12:00:00,-0.8892579920113969,-0.49963677
2014-08-12 13:00:00,-0.867313646945064,-0.32882744
2014-08-12 14:00:00,-0.7685640941465657,-0.46803004
2014-08-12 15:00:00,-0.7356475765470664,-0.39748967
2014-08-12 16:00:00,-0.7905084392128987,-0.38533723
2014-08-12 17:00:00,-0.8343971293455645,-0.37733394
2014-08-12 18:00:00,-0.7575919216133993,-0.2850406
2014-08-12 19:00:00,-0.658842368814901,-0.24299219
2014-08-12 20:00:00,-0.7795362666797322,-0.23532888
2014-08-12 21:00:00,-0.3955102280189058,-0.3028219
2014-08-12 22:00:00,-0.680786713881234,-0.259682
2014-08-12 23:00:00,-0.8892579920113969,-0.26736692
2014-08-13 00:00:00,-0.845369301878731,-0.12325799
2014-08-13 01:00:00,-0.9550910272103957,-0.05333469
2014-08-13 02:00:00,-0.9331466821440627,-0.21630262
2014-08-13 03:00:00,-0.867313646945064,-0.317963
2014-08-13 04:00:00,-0.9002301645445634,-0.36588013
2014-08-13 05:00:00,-0.8892579920113969,-0.42677405
2014-08-13 06:00:00,-0.680786713881234,-0.4049639
2014-08-13 07:00:00,-0.7027310589475669,-0.3966264
2014-08-13 08:00:00,-0.7027310589475669,-0.41751474
2014-08-13 09:00:00,-0.516204125883737,-0.4431191
2014-08-13 10:00:00,-0.494259780817404,-0.24862462
2014-08-13 11:00:00,-0.6259258512154017,-0.27471516
2014-08-13 12:00:00,-0.680786713881234,-0.29088077
2014-08-13 13:00:00,-0.8124527842792316,-0.29363263
2014-08-13 14:00:00,-0.9112023370777298,-0.19699469
2014-08-13 15:00:00,-0.9112023370777298,-0.22475523
2014-08-13 16:00:00,-0.9331466821440627,-0.2584812
2014-08-13 17:00:00,-0.8892579920113969,-0.28375936
2014-08-13 18:00:00,-0.867313646945064,-0.2608977
2014-08-13 19:00:00,-0.8343971293455645,-0.15638909
2014-08-13 20:00:00,-0.8343971293455645,-0.21394727
2014-08-13 21:00:00,-0.8124527842792316,-0.11469821
2014-08-13 22:00:00,-0.8343971293455645,-0.20304722
2014-08-13 23:00:00,-0.867313646945064,-0.32860005
2014-08-14 00:00:00,-0.7795362666797322,-0.32487285
2014-08-14 01:00:00,-0.8892579920113969,-0.4687879
2014-08-14 02:00:00,-0.8563414744118975,-0.34344524
2014-08-14 03:00:00,-0.8563414744118975,-0.4439197
2014-08-14 04:00:00,-0.9221745096108963,-0.49504137
2014-08-14 05:00:00,-0.7905084392128987,-0.39932644
2014-08-14 06:00:00,-0.7137032314807333,-0.2671763
2014-08-14 07:00:00,-0.9112023370777298,-0.35349858
2014-08-14 08:00:00,-0.823424956812398,-0.30689043
2014-08-14 09:00:00,-0.8014806117460651,-0.24097449
2014-08-14 10:00:00,-0.8124527842792316,-0.2770307
2014-08-14 11:00:00,-0.8124527842792316,-0.29108232
2014-08-14 12:00:00,-0.7905084392128987,-0.32351562
2014-08-14 13:00:00,-0.6368980237485681,-0.38789588
2014-08-14 14:00:00,-0.5710649885495693,-0.48175582
2014-08-14 15:00:00,-0.7575919216133993,-0.467361
2014-08-14 16:00:00,-0.8014806117460651,-0.46840626
2014-08-14 17:00:00,-0.8124527842792316,-0.33925956
2014-08-14 18:00:00,-0.7137032314807333,-0.39742017
2014-08-14 19:00:00,-0.7466197490802328,-0.38311768
2014-08-14 20:00:00,-0.680786713881234,-0.3819008
2014-08-14 21:00:00,-0.6917588864144004,-0.32154238
2014-08-14 22:00:00,-0.8124527842792316,-0.31555194
2014-08-14 23:00:00,-0.9112023370777298,-0.43928885
2014-08-15 00:00:00,-0.7466197490802328,-0.42642093
2014-08-15 01:00:00,-0.8124527842792316,-0.34668562
2014-08-15 02:00:00,-0.7246754040138998,-0.45031816
2014-08-15 03:00:00,-0.7466197490802328,-0.45801502
2014-08-15 04:00:00,-0.845369301878731,-0.4839109
2014-08-15 05:00:00,-0.7137032314807333,-0.3545139
2014-08-15 06:00:00,-0.31870502028674047,-0.28428096
2014-08-15 07:00:00,0.021432328241420058,-0.38450718
2014-08-15 08:00:00,0.22990360637158297,-0.39556026
2014-08-15 09:00:00,0.15309839863941768,-0.37916717
2014-08-15 10:00:00,-0.3955102280189058,-0.25580138
2014-08-15 11:00:00,-0.5820371610827357,-0.23726454
2014-08-15 12:00:00,-0.8124527842792316,-0.27821603
2014-08-15 13:00:00,-0.9112023370777298,-0.24549043
2014-08-15 14:00:00,-0.9660631997435621,-0.20569122
2014-08-15 15:00:00,-0.9112023370777298,-0.24538028
2014-08-15 16:00:00,-0.7246754040138998,-0.29103002
2014-08-15 17:00:00,-0.5710649885495693,-0.31694484
2014-08-15 18:00:00,-0.8563414744118975,-0.29850277
2014-08-15 19:00:00,-0.7685640941465657,-0.28627247
2014-08-15 20:00:00,-0.8014806117460651,-0.2607529
2014-08-15 21:00:00,-0.8343971293455645,-0.27727434
2014-08-15 22:00:00,-0.7905084392128987,-0.2506248
2014-08-15 23:00:00,-0.7356475765470664,-0.29120958
2014-08-16 00:00:00,-0.494259780817404,-0.30635828
2014-08-16 01:00:00,-0.329677192819907,-0.27252862
2014-08-16 02:00:00,-0.31870502028674047,-0.34873852
2014-08-16 03:00:00,-0.13217808722291052,-0.35324234
2014-08-16 04:00:00,-0.19801112242190932,-0.2866776
2014-08-16 05:00:00,-0.5271762984169034,-0.3578331
2014-08-16 06:00:00,-0.5930093336159022,-0.13862418
2014-08-16 07:00:00,-0.7356475765470664,0.05076737
2014-08-16 08:00:00,-0.6917588864144004,0.097436674
2014-08-16 09:00:00,-0.5600928160164028,0.07807844
2014-08-16 10:00:00,-0.31870502028674047,0.059814416
2014-08-16 11:00:00,-0.3516215378862399,-0.1780875
2014-08-16 12:00:00,-0.5710649885495693,-0.16107139
2014-08-16 13:00:00,-0.6149536786822352,-0.18298756
2014-08-16 14:00:00,-0.680786713881234,-0.26281422
2014-08-16 15:00:00,-0.7905084392128987,-0.27319783
2014-08-16 16:00:00,-0.5271762984169034,-0.21911447
2014-08-16 17:00:00,-0.40648240055207224,-0.15958372
2014-08-16 18:00:00,-0.4832876082842375,-0.27003586
2014-08-16 19:00:00,-0.42842674561840516,-0.22804227
2014-08-16 20:00:00,-0.2857885026872411,-0.21948573
2014-08-16 21:00:00,-0.21995546748824227,-0.23196295
2014-08-16 22:00:00,-0.12120591468974404,-0.26752934
2014-08-16 23:00:00,-0.03342853442441229,-0.25941193
2014-08-17 00:00:00,0.7894844055630729,-0.18100819
2014-08-17 01:00:00,1.1954547892902323,-0.053078078
2014-08-17 02:00:00,-0.307732847753574,-0.0023913216
2014-08-17 03:00:00,-0.8892579920113969,-0.009668438
2014-08-17 04:00:00,-0.845369301878731,-0.030019691
2014-08-17 05:00:00,-0.7575919216133993,-0.15266606
2014-08-17 06:00:00,-0.8014806117460651,-0.23301217
2014-08-17 07:00:00,-0.7356475765470664,-0.1753639
2014-08-17 08:00:00,-0.680786713881234,-0.27586427
2014-08-17 09:00:00,-0.7027310589475669,-0.2783469
2014-08-17 10:00:00,-0.6698145413480675,-0.03220661
2014-08-17 11:00:00,-0.6149536786822352,0.03475139
2014-08-17 12:00:00,-0.6917588864144004,-0.035209924
2014-08-17 13:00:00,-0.7027310589475669,-0.07941622
2014-08-17 14:00:00,-0.7905084392128987,-0.118902095
2014-08-17 15:00:00,-0.680786713881234,-0.22064987
2014-08-17 16:00:00,-0.845369301878731,-0.16894653
2014-08-17 17:00:00,-0.8782858194782304,-0.099352725
2014-08-17 18:00:00,-0.8782858194782304,-0.10042707
2014-08-17 19:00:00,-0.7137032314807333,-0.095516935
2014-08-17 20:00:00,-0.6149536786822352,0.027767362
2014-08-17 21:00:00,-0.494259780817404,0.04347323
2014-08-17 22:00:00,-0.29676067522040755,0.09517155
2014-08-17 23:00:00,-0.2089832949550758,0.19217685
2014-08-18 00:00:00,-0.07731722455707817,0.43718505
2014-08-18 01:00:00,-0.09926156962341111,0.65796816
2014-08-18 02:00:00,-0.5381484709500699,0.2762971
2014-08-18 03:00:00,-0.4832876082842375,-0.14511585
2014-08-18 04:00:00,-0.4832876082842375,-0.2753389
2014-08-18 05:00:00,-0.7246754040138998,-0.2641008
2014-08-18 06:00:00,-0.7137032314807333,-0.33351165
2014-08-18 07:00:00,-0.8014806117460651,-0.18368556
2014-08-18 08:00:00,-0.8124527842792316,-0.27655432
2014-08-18 09:00:00,-0.6698145413480675,-0.3422494
2014-08-18 10:00:00,-0.7137032314807333,-0.29662502
2014-08-18 11:00:00,-0.680786713881234,-0.27641052
2014-08-18 12:00:00,-0.45037109068473813,-0.18198162
2014-08-18 13:00:00,-0.34064936535307344,-0.24617997
2014-08-18 14:00:00,-0.21995546748824227,-0.31696805
2014-08-18 15:00:00,-0.2857885026872411,-0.30167997
2014-08-18 16:00:00,-0.31870502028674047,-0.34785873
2014-08-18 17:00:00,-0.3516215378862399,-0.38104928
2014-08-18 18:00:00,-0.3845380554857393,-0.40808517
2014-08-18 19:00:00,-0.31870502028674047,-0.3597765
2014-08-18 20:00:00,-0.31870502028674047,-0.30239993
2014-08-18 21:00:00,-0.2857885026872411,-0.16585124
2014-08-18 22:00:00,-0.47231543575107104,-0.15773709
2014-08-18 23:00:00,-0.43939891815157167,0.02177644
2014-08-19 00:00:00,-0.2857885026872411,0.07915096
2014-08-19 01:00:00,-0.42842674561840516,0.09540319
2014-08-19 02:00:00,-0.3735658829525728,-0.15286556
2014-08-19 03:00:00,-0.2857885026872411,-0.2557379
2014-08-19 04:00:00,-0.13217808722291052,-0.10618851
2014-08-19 05:00:00,-0.0663450520239117,-0.27238223
2014-08-19 06:00:00,-0.03342853442441229,-0.34834528
2014-08-19 07:00:00,0.12018188103991828,-0.389047
2014-08-19 08:00:00,0.07629319090725241,-0.43479547
2014-08-19 09:00:00,0.2518479514379159,-0.4042926
2014-08-19 10:00:00,-0.03342853442441229,-0.21324906
2014-08-19 11:00:00,-0.07731722455707817,-0.24527124
2014-08-19 12:00:00,-0.2418998125545752,-0.20197082
2014-08-19 13:00:00,-0.34064936535307344,-0.1374279
2014-08-19 14:00:00,-0.42842674561840516,-0.07277953
2014-08-19 15:00:00,-0.494259780817404,-0.060055643
2014-08-19 16:00:00,-0.5710649885495693,-0.07273366
2014-08-19 17:00:00,-0.9550910272103957,-0.08404151
2014-08-19 18:00:00,-0.45037109068473813,-0.09892449
2014-08-19 19:00:00,-0.2857885026872411,-0.07647738
2014-08-19 20:00:00,-0.21995546748824227,-0.063569635
2014-08-19 21:00:00,-0.17606677735557638,-0.04612284
2014-08-19 22:00:00,-0.2418998125545752,-0.112842314
2014-08-19 23:00:00,-0.329677192819907,-0.1294752
2014-08-20 00:00:00,-0.29676067522040755,-0.077355765
2014-08-20 01:00:00,-0.31870502028674047,-0.09720855
2014-08-20 02:00:00,-0.3516215378862399,-0.018544985
2014-08-20 03:00:00,-0.13217808722291052,-0.075512275
2014-08-20 04:00:00,-0.011484189358079351,0.023962384
2014-08-20 05:00:00,0.043376673307752994,0.13581985
2014-08-20 06:00:00,0.06532101837408594,0.13370138
2014-08-20 07:00:00,0.16407057117258417,0.105340235
2014-08-20 08:00:00,0.13115405357308474,0.115057625
2014-08-20 09:00:00,0.15309839863941768,0.16425386
2014-08-20 10:00:00,0.07629319090725241,0.1990965
2014-08-20 11:00:00,-0.011484189358079351,0.17035016
2014-08-20 12:00:00,-0.2089832949550758,0.098567076
2014-08-20 13:00:00,-0.34064936535307344,-0.0016105063
2014-08-20 14:00:00,-0.34064936535307344,-0.06346566
2014-08-20 15:00:00,-0.25287198508774167,-0.10645548
2014-08-20 16:00:00,-0.2287332055147754,-0.1571839
2014-08-20 17:00:00,-0.20459442594180915,-0.32636312
2014-08-20 18:00:00,-0.18045564636884304,-0.20672461
2014-08-20 19:00:00,-0.15631686679587678,-0.09848909
2014-08-20 20:00:00,-0.13217808722291052,-0.020858636
2014-08-20 21:00:00,-0.10803930764994425,0.029196711
2014-08-20 22:00:00,-0.08390052807697798,0.019315066
2014-08-20 23:00:00,-0.05976174850401188,-0.016481174
2014-08-21 00:00:00,-0.035622968931045614,-0.02073138
2014-08-21 01:00:00,-0.011484189358079351,-0.025440333
2014-08-21 02:00:00,0.13115405357308474,-0.045763366
2014-08-21 03:00:00,0.20795926130525003,0.022869961
2014-08-21 04:00:00,0.24087577890474945,0.10176308
2014-08-21 05:00:00,0.36156967676958063,0.1514326
2014-08-21 06:00:00,0.36156967676958063,0.17412695
2014-08-21 07:00:00,0.4383748845017459,0.17605802
2014-08-21 08:00:00,0.58101312743291,0.26587644
2014-08-21 09:00:00,0.8004565780962394,0.2742104
2014-08-21 10:00:00,0.7565678879635735,0.19494468
2014-08-21 11:00:00,0.6907348527645747,0.18292278
2014-08-21 12:00:00,0.41643053943541297,0.07587768
2014-08-21 13:00:00,0.44934705703491234,-0.0073085763
2014-08-21 14:00:00,0.40545836690224646,-0.025188921
2014-08-21 15:00:00,0.3725418493027471,0.00093878806
2014-08-21 16:00:00,0.2518479514379159,0.030112706
2014-08-21 17:00:00,0.14212622610625122,0.0502647
2014-08-21 18:00:00,0.16407057117258417,0.0645037
2014-08-21 19:00:00,0.2518479514379159,0.07618476
2014-08-21 20:00:00,0.49323574716757823,0.09293572
2014-08-21 21:00:00,-0.34064936535307344,0.112515666
2014-08-21 22:00:00,-0.8892579920113969,0.12937081
2014-08-21 23:00:00,-0.8124527842792316,0.14371896
2014-08-22 00:00:00,-0.8563414744118975,0.15235026
2014-08-22 01:00:00,-0.845369301878731,0.15813789
2014-08-22 02:00:00,-0.867313646945064,0.2668385
2014-08-22 03:00:00,-0.845369301878731,0.276751
2014-08-22 04:00:00,-0.9002301645445634,0.27292848
2014-08-22 05:00:00,-0.8343971293455645,0.3328274
2014-08-22 06:00:00,-0.7685640941465657,0.25163794
2014-08-22 07:00:00,-0.8892579920113969,0.3295696
2014-08-22 08:00:00,-0.845369301878731,0.37783718
2014-08-22 09:00:00,-0.8892579920113969,0.4233089
2014-08-22 10:00:00,-0.8563414744118975,0.41950518
2014-08-22 11:00:00,-0.7575919216133993,0.38712648
2014-08-22 12:00:00,-0.6368980237485681,0.27622885
2014-08-22 13:00:00,-0.6478701962817346,0.25190538
2014-08-22 14:00:00,-0.4832876082842375,0.25332946
2014-08-22 15:00:00,-0.307732847753574,0.2612363
2014-08-22 16:00:00,-0.2638441576209081,0.24804655
2014-08-22 17:00:00,-0.14315025975607698,0.22130664
2014-08-22 18:00:00,-0.09926156962341111,0.22864664
2014-08-22 19:00:00,-0.03342853442441229,0.25710583
2014-08-22 20:00:00,0.10920970850675181,0.28372705
2014-08-22 21:00:00,0.2628201239710824,0.115117274
2014-08-22 22:00:00,0.2518479514379159,-0.14957666
2014-08-22 23:00:00,0.10920970850675181,-0.27895436
2014-08-23 00:00:00,0.16407057117258417,-0.32973832
2014-08-23 01:00:00,0.2189314338384165,-0.38688272
2014-08-23 02:00:00,0.5371244373002441,-0.43310225
2014-08-23 03:00:00,0.4603192295680788,-0.2780665
2014-08-23 04:00:00,0.4603192295680788,-0.28799903
2014-08-23 05:00:00,0.3067088141037483,-0.3851589
2014-08-23 06:00:00,0.2189314338384165,-0.40060002
2014-08-23 07:00:00,0.41643053943541297,-0.42099795
2014-08-23 08:00:00,0.3725418493027471,-0.452724
2014-08-23 09:00:00,0.58101312743291,-0.30613112
2014-08-23 10:00:00,0.36156967676958063,-0.27819365
2014-08-23 11:00:00,0.3725418493027471,-0.25048292
2014-08-23 12:00:00,0.17504274370575063,-0.21192598
2014-08-23 13:00:00,0.06532101837408594,-0.24270588
2014-08-23 14:00:00,-0.14315025975607698,-0.19363506
2014-08-23 15:00:00,-0.18703894988874287,-0.057265565
2014-08-23 16:00:00,0.08726536344041887,-0.029837197
2014-08-23 17:00:00,-0.05537287949074523,0.07342819
2014-08-23 18:00:00,0.043376673307752994,0.08439566
2014-08-23 19:00:00,0.19698708877208357,0.113464035
2014-08-23 20:00:00,0.36156967676958063,0.21466164
2014-08-23 21:00:00,0.5590687823665771,0.25921977
2014-08-23 22:00:00,0.7785122330299065,0.31271863
2014-08-23 23:00:00,-0.7137032314807333,0.24334584
2014-08-24 00:00:00,-0.8124527842792316,0.2103585
2014-08-24 01:00:00,-0.8782858194782304,0.21057667
2014-08-24 02:00:00,-0.823424956812398,0.28609818
2014-08-24 03:00:00,-0.7575919216133993,0.32800603
2014-08-24 04:00:00,-0.7137032314807333,0.32189542
2014-08-24 05:00:00,-0.6698145413480675,0.26581347
2014-08-24 06:00:00,-0.6039815061490686,0.13404155
2014-08-24 07:00:00,-0.7795362666797322,0.2241558
2014-08-24 08:00:00,-1.0648127525420603,0.25121805
2014-08-24 09:00:00,-1.0318962349425609,0.28644055
2014-08-24 10:00:00,-1.0209240624093945,0.25813708
2014-08-24 11:00:00,-1.0428684074757275,0.24533756
2014-08-24 12:00:00,-1.053840580008894,0.17642438
2014-08-24 13:00:00,-1.009951889876228,0.17883354
2014-08-24 14:00:00,-1.0318962349425609,0.14705452
2014-08-24 15:00:00,-0.9880075448098952,0.09805427
2014-08-24 16:00:00,-1.0209240624093945,0.15385313
2014-08-24 17:00:00,-1.0318962349425609,0.1667444
2014-08-24 18:00:00,-1.0209240624093945,0.19434437
2014-08-24 19:00:00,-0.9660631997435621,0.24332325
2014-08-24 20:00:00,-0.9112023370777298,0.30265516
2014-08-24 21:00:00,-0.5930093336159022,0.42820027
2014-08-24 22:00:00,-0.6149536786822352,0.4890468
2014-08-24 23:00:00,-0.680786713881234,0.02559524
2014-08-25 00:00:00,-0.823424956812398,-0.2203898
2014-08-25 01:00:00,-0.9221745096108963,-0.34525
2014-08-25 02:00:00,-0.8014806117460651,-0.31123543
2014-08-25 03:00:00,-0.8343971293455645,-0.28831738
2014-08-25 04:00:00,-0.8014806117460651,-0.17174727
2014-08-25 05:00:00,-0.8892579920113969,-0.19047925
2014-08-25 06:00:00,-0.9331466821440627,-0.19724765
2014-08-25 07:00:00,-0.9221745096108963,-0.20224041
2014-08-25 08:00:00,-0.9112023370777298,-0.383385
2014-08-25 09:00:00,-0.9112023370777298,-0.46525437
2014-08-25 10:00:00,-0.9880075448098952,-0.5021922
2014-08-25 11:00:00,-1.0209240624093945,-0.48930046
2014-08-25 12:00:00,-1.0209240624093945,-0.36752045
2014-08-25 13:00:00,-0.9989797173430616,-0.33269972
2014-08-25 14:00:00,-1.0209240624093945,-0.34000152
2014-08-25 15:00:00,-0.9989797173430616,-0.33460152
2014-08-25 16:00:00,-1.0318962349425609,-0.3403379
2014-08-25 17:00:00,-1.0318962349425609,-0.40480465
2014-08-25 18:00:00,-1.009951889876228,-0.42540705
2014-08-25 19:00:00,-0.9770353722767287,-0.41816235
2014-08-25 20:00:00,-0.9002301645445634,-0.3945055
2014-08-25 21:00:00,-0.867313646945064,-0.27049077
2014-08-25 22:00:00,-0.7685640941465657,-0.24380353
2014-08-25 23:00:00,-0.8124527842792316,-0.19502288
2014-08-26 00:00:00,-0.8124527842792316,-0.30041122
2014-08-26 01:00:00,-0.6478701962817346,-0.47673655
2014-08-26 02:00:00,-0.7137032314807333,-0.5006449
2014-08-26 03:00:00,-0.6698145413480675,-0.4668279
2014-08-26 04:00:00,-0.658842368814901,-0.4621895
2014-08-26 05:00:00,-0.845369301878731,-0.49884814
2014-08-26 06:00:00,-0.8014806117460651,-0.52979684
2014-08-26 07:00:00,-0.9331466821440627,-0.50679946
2014-08-26 08:00:00,-0.8892579920113969,-0.5339644
2014-08-26 09:00:00,-0.8892579920113969,-0.48514822
2014-08-26 10:00:00,-0.9112023370777298,-0.509342
2014-08-26 11:00:00,-0.9112023370777298,-0.5917239
2014-08-26 12:00:00,-0.9550910272103957,-0.55935216
2014-08-26 13:00:00,-0.9880075448098952,-0.56287074
2014-08-26 14:00:00,-1.0318962349425609,-0.43427688
2014-08-26 15:00:00,-1.009951889876228,-0.4776665
2014-08-26 16:00:00,-0.9880075448098952,-0.5104351
2014-08-26 17:00:00,-1.0318962349425609,-0.51755077
2014-08-26 18:00:00,-0.9550910272103957,-0.5127292
2014-08-26 19:00:00,-0.8892579920113969,-0.49735403
2014-08-26 20:00:00,-0.8014806117460651,-0.46263507
2014-08-26 21:00:00,-0.7575919216133993,-0.43089572
2014-08-26 22:00:00,-0.7795362666797322,-0.38169438
2014-08-26 23:00:00,-0.6698145413480675,-0.4693603
2014-08-27 00:00:00,-0.47231543575107104,-0.31096262
2014-08-27 01:00:00,-0.31870502028674047,-0.21151744
2014-08-27 02:00:00,-0.3516215378862399,-0.25504628
2014-08-27 03:00:00,-0.23092764002140873,-0.3093918
2014-08-27 04:00:00,-0.12120591468974404,-0.32680118
2014-08-27 05:00:00,-0.6039815061490686,-0.41078675
2014-08-27 06:00:00,-0.7575919216133993,-0.42648414
2014-08-27 07:00:00,-0.867313646945064,-0.46144736
2014-08-27 08:00:00,-0.8014806117460651,-0.45622435
2014-08-27 09:00:00,-0.8343971293455645,-0.45999014
2014-08-27 10:00:00,-0.7685640941465657,-0.4758584
2014-08-27 11:00:00,-0.823424956812398,-0.33501896
2014-08-27 12:00:00,-0.680786713881234,-0.35117584
2014-08-27 13:00:00,-0.6259258512154017,-0.5691283
2014-08-27 14:00:00,-0.5710649885495693,-0.46297902
2014-08-27 15:00:00,-0.5710649885495693,-0.45366997
2014-08-27 16:00:00,-0.5820371610827357,-0.44846654
2014-08-27 17:00:00,-0.40648240055207224,-0.4603104
2014-08-27 18:00:00,-0.4174545730852387,-0.48603508
2014-08-27 19:00:00,-0.36259371041940636,-0.47658235
2014-08-27 20:00:00,-0.29676067522040755,-0.42469394
2014-08-27 21:00:00,-0.19801112242190932,-0.36991438
2014-08-27 22:00:00,-0.0663450520239117,-0.36801538
2014-08-27 23:00:00,-0.07731722455707817,-0.40514797
2014-08-28 00:00:00,-0.12120591468974404,-0.19782794
2014-08-28 01:00:00,-0.11023374215657758,0.01571189
2014-08-28 02:00:00,-0.0005120168249128817,0.078880616
2014-08-28 03:00:00,0.03240450077458652,0.13287213
2014-08-28 04:00:00,0.08726536344041887,0.18644005
2014-08-28 05:00:00,-0.09926156962341111,0.025597489
2014-08-28 06:00:00,-0.18703894988874287,-0.20945196
2014-08-28 07:00:00,-0.34064936535307344,-0.34190375
2014-08-28 08:00:00,-0.3955102280189058,-0.35491845
2014-08-28 09:00:00,-0.36259371041940636,-0.40739104
2014-08-28 10:00:00,-0.4174545730852387,-0.22106127
2014-08-28 11:00:00,-0.3516215378862399,-0.22011411
2014-08-28 12:00:00,-0.3735658829525728,-0.253844
2014-08-28 13:00:00,-0.43939891815157167,-0.18813527
2014-08-28 14:00:00,-0.29676067522040755,-0.22650525
2014-08-28 15:00:00,-0.21995546748824227,-0.24317905
2014-08-28 16:00:00,-0.21995546748824227,-0.25473017
2014-08-28 17:00:00,-0.17606677735557638,-0.18599844
2014-08-28 18:00:00,-0.02245636189124582,-0.17350751
2014-08-28 19:00:00,-0.011484189358079351,-0.13743503
2014-08-28 20:00:00,0.31768098663691474,-0.0023348536
2014-08-28 21:00:00,0.27379229650424886,0.0451727
2014-08-28 22:00:00,-0.2857885026872411,0.1234001
2014-08-28 23:00:00,-0.4613432632179046,0.1462485
2014-08-29 00:00:00,-0.23092764002140873,0.13205388
2014-08-29 01:00:00,-0.25287198508774167,0.12521233
2014-08-29 02:00:00,-0.21995546748824227,0.16006394
2014-08-29 03:00:00,-0.16509460482240992,0.2416557
2014-08-29 04:00:00,-0.2857885026872411,0.16928579
2014-08-29 05:00:00,-0.2418998125545752,0.03710714
2014-08-29 06:00:00,-0.11023374215657758,0.12741154
2014-08-29 07:00:00,-0.12120591468974404,0.08609365
2014-08-29 08:00:00,-0.3516215378862399,0.023872588
2014-08-29 09:00:00,-0.31870502028674047,-0.08535727
2014-08-29 10:00:00,-0.3735658829525728,-0.042598285
2014-08-29 11:00:00,-0.45037109068473813,-0.1154645
2014-08-29 12:00:00,-0.5600928160164028,-0.15491813
2014-08-29 13:00:00,-0.4174545730852387,-0.06488682
2014-08-29 14:00:00,-0.2857885026872411,-0.003926305
2014-08-29 15:00:00,-0.2089832949550758,0.042107984
2014-08-29 16:00:00,-0.16509460482240992,0.071061745
2014-08-29 17:00:00,-0.13217808722291052,0.059632376
2014-08-29 18:00:00,-0.14315025975607698,0.11333396
2014-08-29 19:00:00,-0.05537287949074523,0.15190446
2014-08-29 20:00:00,0.22990360637158297,0.2443367
2014-08-29 21:00:00,0.42740271196857943,0.32727817
2014-08-29 22:00:00,0.3505975042364141,0.084364824
2014-08-29 23:00:00,0.12018188103991828,-0.048034407
2014-08-30 00:00:00,0.07629319090725241,-0.104227915
2014-08-30 01:00:00,0.021432328241420058,-0.08232016
2014-08-30 02:00:00,0.27379229650424886,-0.012901787
2014-08-30 03:00:00,0.8114287506294059,0.06321734
2014-08-30 04:00:00,0.5590687823665771,-0.08283075
2014-08-30 05:00:00,0.5919852999660764,-0.10232101
2014-08-30 06:00:00,0.6907348527645747,-0.09680136
2014-08-30 07:00:00,0.5261522647670777,-0.093253
2014-08-30 08:00:00,0.5700409548997435,0.0033454923
2014-08-30 09:00:00,0.5590687823665771,0.009091144
2014-08-30 10:00:00,0.6578183351650753,-0.11373962
2014-08-30 11:00:00,0.8004565780962394,-0.085955255
2014-08-30 12:00:00,1.0528165463590682,-0.123155884
2014-08-30 13:00:00,0.8882339583615712,-0.09931619
2014-08-30 14:00:00,0.9101783034279041,-0.07901341
2014-08-30 15:00:00,0.3286531591700812,0.0068785604
2014-08-30 16:00:00,0.6358739900987423,0.06178829
2014-08-30 17:00:00,0.7017070252977412,0.046106927
2014-08-30 18:00:00,0.5371244373002441,0.043451987
2014-08-30 19:00:00,0.44934705703491234,0.08291878
2014-08-30 20:00:00,0.4712914021012453,0.27147937
2014-08-30 21:00:00,0.4712914021012453,0.42831355
2014-08-30 22:00:00,0.41643053943541297,0.42591596
2014-08-30 23:00:00,0.021432328241420058,0.31376684
2014-08-31 00:00:00,-0.0005120168249128817,0.23606695
2014-08-31 01:00:00,0.07629319090725241,0.1000955
2014-08-31 02:00:00,0.33962533170324766,0.29166687
2014-08-31 03:00:00,0.42740271196857943,0.53302765
2014-08-31 04:00:00,0.22990360637158297,0.53747046
2014-08-31 05:00:00,-0.03342853442441229,0.42712379
2014-08-31 06:00:00,-0.15412243228924344,0.38728392
2014-08-31 07:00:00,-0.16509460482240992,0.4682659
2014-08-31 08:00:00,-0.23092764002140873,0.4025774
2014-08-31 09:00:00,-0.21995546748824227,0.462487
2014-08-31 10:00:00,0.054348845840919466,0.50730604
2014-08-31 11:00:00,-0.42842674561840516,0.4558745
2014-08-31 12:00:00,-0.4613432632179046,0.49179044
2014-08-31 13:00:00,-0.494259780817404,0.44623733
2014-08-31 14:00:00,-0.3845380554857393,0.54186785
2014-08-31 15:00:00,-0.2418998125545752,0.4426391
2014-08-31 16:00:00,-0.23092764002140873,0.48424917
2014-08-31 17:00:00,-0.31870502028674047,0.41326797
2014-08-31 18:00:00,-0.307732847753574,0.39701205
2014-08-31 19:00:00,-0.27481633015407464,0.4115821
2014-08-31 20:00:00,-0.07731722455707817,0.37129274
2014-08-31 21:00:00,-0.011484189358079351,0.3477204
2014-08-31 22:00:00,0.043376673307752994,0.37194055
2014-08-31 23:00:00,0.043376673307752994,0.21798486
2014-09-01 00:00:00,0.03240450077458652,0.06259078
2014-09-01 01:00:00,-0.04440070695757876,0.17705846
2014-09-01 02:00:00,-0.05537287949074523,0.29317546
2014-09-01 03:00:00,-0.14315025975607698,0.26238933
2014-09-01 04:00:00,-0.04440070695757876,0.16274297
2014-09-01 05:00:00,0.021432328241420058,0.07799283
2014-09-01 06:00:00,0.010460155708253588,-0.0030123629
2014-09-01 07:00:00,0.06532101837408594,0.069071315
2014-09-01 08:00:00,0.09823753597358534,0.06322238
2014-09-01 09:00:00,0.2518479514379159,0.015656162
2014-09-01 10:00:00,0.3505975042364141,0.007779563
2014-09-01 11:00:00,0.42740271196857943,-0.1535995
2014-09-01 12:00:00,0.4822635746344118,-0.06460834
2014-09-01 13:00:00,0.58101312743291,-0.118540354
2014-09-01 14:00:00,0.5042079197007447,-0.11320399
2014-09-01 15:00:00,0.6907348527645747,-0.07052847
2014-09-01 16:00:00,-0.05537287949074523,-0.04466188
2014-09-01 17:00:00,0.5371244373002441,-0.14894873
2014-09-01 18:00:00,0.6249018175655758,-0.08448114
2014-09-01 19:00:00,0.6907348527645747,-0.13264933
2014-09-01 20:00:00,0.8224009231625723,-0.032251626
2014-09-01 21:00:00,-0.17606677735557638,0.028514858
2014-09-01 22:00:00,-0.823424956812398,0.063941255
2014-09-01 23:00:00,-0.867313646945064,0.035668954
2014-09-02 00:00:00,-0.7027310589475669,0.01011231
2014-09-02 01:00:00,-0.5491206434832363,0.07602768
2014-09-02 02:00:00,-0.45037109068473813,0.13663101
2014-09-02 03:00:00,-0.5600928160164028,0.06268102
2014-09-02 04:00:00,-0.7685640941465657,0.09839811
2014-09-02 05:00:00,-0.7905084392128987,0.094287805
2014-09-02 06:00:00,-0.8014806117460651,0.023874175
2014-09-02 07:00:00,-0.867313646945064,0.147939
2014-09-02 08:00:00,-0.867313646945064,0.15764412
2014-09-02 09:00:00,-0.823424956812398,0.20038
2014-09-02 10:00:00,-0.7246754040138998,0.2516143
2014-09-02 11:00:00,-0.6917588864144004,0.29558522
2014-09-02 12:00:00,-0.6698145413480675,0.3276147
2014-09-02 13:00:00,-0.7027310589475669,0.36924362
2014-09-02 14:00:00,-0.8892579920113969,0.3666852
2014-09-02 15:00:00,-0.845369301878731,0.46156663
2014-09-02 16:00:00,-0.8343971293455645,0.15993595
2014-09-02 17:00:00,-0.823424956812398,0.34391394
2014-09-02 18:00:00,-0.9660631997435621,0.35060716
2014-09-02 19:00:00,-0.9989797173430616,0.37824848
2014-09-02 20:00:00,-1.009951889876228,0.3722425
2014-09-02 21:00:00,-0.9880075448098952,0.08814577
2014-09-02 22:00:00,-1.0318962349425609,-0.17650604
2014-09-02 23:00:00,-0.9770353722767287,-0.29063144
2014-09-03 00:00:00,-0.9880075448098952,-0.21242154
2014-09-03 01:00:00,-0.9989797173430616,-0.14298736
2014-09-03 02:00:00,-0.9989797173430616,-0.08896398
2014-09-03 03:00:00,-0.9660631997435621,-0.21023963
2014-09-03 04:00:00,-0.9989797173430616,-0.31084806
2014-09-03 05:00:00,-1.0209240624093945,-0.41215926
2014-09-03 06:00:00,-1.0318962349425609,-0.40983558
2014-09-03 07:00:00,-0.9441188546772292,-0.44088185
2014-09-03 08:00:00,-0.9770353722767287,-0.40570688
2014-09-03 09:00:00,-0.9112023370777298,-0.47076565
2014-09-03 10:00:00,-0.9221745096108963,-0.4531166
2014-09-03 11:00:00,-0.9550910272103957,-0.4375381
2014-09-03 12:00:00,-1.009951889876228,-0.26384795
2014-09-03 13:00:00,-0.9660631997435621,-0.38040492
2014-09-03 14:00:00,-0.9880075448098952,-0.48476774
2014-09-03 15:00:00,-0.9660631997435621,-0.41968316
2014-09-03 16:00:00,-0.9770353722767287,-0.4984187
2014-09-03 17:00:00,-0.9221745096108963,-0.35857123
2014-09-03 18:00:00,-0.9660631997435621,-0.5192307
2014-09-03 19:00:00,-0.9770353722767287,-0.55726504
2014-09-03 20:00:00,-0.9331466821440627,-0.6162527
2014-09-03 21:00:00,-0.867313646945064,-0.63446033
2014-09-03 22:00:00,-0.8892579920113969,-0.6076306
2014-09-03 23:00:00,-0.845369301878731,-0.59610444
2014-09-04 00:00:00,-0.845369301878731,-0.4873624
2014-09-04 01:00:00,-0.5381484709500699,-0.57807314
2014-09-04 02:00:00,-0.680786713881234,-0.61094785
2014-09-04 03:00:00,-0.5820371610827357,-0.6378058
2014-09-04 04:00:00,-0.5491206434832363,-0.6048424
2014-09-04 05:00:00,-0.5052319533505705,-0.6059015
2014-09-04 06:00:00,-0.516204125883737,-0.611812
2014-09-04 07:00:00,-0.4832876082842375,-0.5641613
2014-09-04 08:00:00,-0.2089832949550758,-0.5391141
2014-09-04 09:00:00,-0.5710649885495693,-0.50640994
2014-09-04 10:00:00,-0.6149536786822352,-0.49829412
2014-09-04 11:00:00,-0.8014806117460651,-0.37967306
2014-09-04 12:00:00,-0.7575919216133993,-0.39085913
2014-09-04 13:00:00,-0.6039815061490686,-0.4963014
2014-09-04 14:00:00,-0.7356475765470664,-0.48197025
2014-09-04 15:00:00,-0.9112023370777298,-0.38972878
2014-09-04 16:00:00,-0.9331466821440627,-0.42779726
2014-09-04 17:00:00,-0.8014806117460651,-0.41583377
2014-09-04 18:00:00,-0.7137032314807333,-0.4271477
2014-09-04 19:00:00,-0.7575919216133993,-0.4388476
2014-09-04 20:00:00,-0.680786713881234,-0.4282684
2014-09-04 21:00:00,-0.43939891815157167,-0.39385226
2014-09-04 22:00:00,-0.5600928160164028,-0.31694022
2014-09-04 23:00:00,-0.5271762984169034,-0.2903199
2014-09-05 00:00:00,-0.43939891815157167,-0.4004694
2014-09-05 01:00:00,-0.42842674561840516,-0.34402198
2014-09-05 02:00:00,-0.3955102280189058,-0.3555696
2014-09-05 03:00:00,-0.2857885026872411,-0.1931436
2014-09-05 04:00:00,-0.21995546748824227,-0.15999049
2014-09-05 05:00:00,-0.2638441576209081,-0.23490357
2014-09-05 06:00:00,-0.329677192819907,-0.26991725
2014-09-05 07:00:00,-0.29676067522040755,-0.2415483
2014-09-05 08:00:00,-0.15412243228924344,-0.15441649
2014-09-05 09:00:00,-0.07731722455707817,-0.1029203
2014-09-05 10:00:00,-0.04440070695757876,-0.10959985
2014-09-05 11:00:00,0.09823753597358534,-0.18967025
2014-09-05 12:00:00,0.09823753597358534,-0.14917013
2014-09-05 13:00:00,0.15309839863941768,-0.12139828
2014-09-05 14:00:00,-0.11023374215657758,-0.143917
2014-09-05 15:00:00,-0.2857885026872411,-0.20628585
2014-09-05 16:00:00,-0.27481633015407464,-0.23710881
2014-09-05 17:00:00,-0.3516215378862399,-0.2195566
2014-09-05 18:00:00,-0.329677192819907,-0.20984513
2014-09-05 19:00:00,-0.13217808722291052,-0.2296599
2014-09-05 20:00:00,0.4712914021012453,-0.2383073
2014-09-05 21:00:00,0.6029574724992429,-0.08504393
2014-09-05 22:00:00,0.5151800922339111,-0.10313336
2014-09-05 23:00:00,0.4712914021012453,-0.1218173
2014-09-06 00:00:00,0.5261522647670777,-0.103743516
2014-09-06 01:00:00,0.6249018175655758,-0.09941915
2014-09-06 02:00:00,0.5700409548997435,-0.041171476
2014-09-06 03:00:00,0.5700409548997435,-0.09314319
2014-09-06 04:00:00,0.5151800922339111,0.01906291
2014-09-06 05:00:00,0.4712914021012453,-0.06533917
2014-09-06 06:00:00,0.42740271196857943,-0.1399418
2014-09-06 07:00:00,0.4603192295680788,-0.14720273
2014-09-06 08:00:00,0.42740271196857943,-0.109529026
2014-09-06 09:00:00,0.36156967676958063,0.08241415
2014-09-06 10:00:00,0.40545836690224646,0.092007615
2014-09-06 11:00:00,0.41643053943541297,0.11173887
2014-09-06 12:00:00,0.41643053943541297,0.1258315
2014-09-06 13:00:00,0.3505975042364141,0.15602672
2014-09-06 14:00:00,0.38351402183591354,0.09246787
2014-09-06 15:00:00,0.29573664157058177,0.014846055
2014-09-06 16:00:00,0.09823753597358534,-0.0057418942
2014-09-06 17:00:00,-0.0663450520239117,-0.030479813
2014-09-06 18:00:00,-0.0005120168249128817,-0.03421688
2014-09-06 19:00:00,0.10920970850675181,0.032507952
2014-09-06 20:00:00,0.2518479514379159,0.26176336
2014-09-06 21:00:00,0.3505975042364141,0.4174784
2014-09-06 22:00:00,0.41643053943541297,0.44628277
2014-09-06 23:00:00,0.5590687823665771,0.43335998
2014-09-07 00:00:00,0.6797626802314082,0.3976938
2014-09-07 01:00:00,0.6029574724992429,0.51535016
2014-09-07 02:00:00,0.4712914021012453,0.47760633
2014-09-07 03:00:00,0.49323574716757823,0.42492777
2014-09-07 04:00:00,0.5151800922339111,0.3697108
2014-09-07 05:00:00,0.5919852999660764,0.32430202
2014-09-07 06:00:00,0.6907348527645747,0.2880282
2014-09-07 07:00:00,0.76754006049674,0.32563287
2014-09-07 08:00:00,0.8114287506294059,0.23422854
2014-09-07 09:00:00,1.0528165463590682,0.2921125
2014-09-07 10:00:00,1.1735104442238993,0.27936518
2014-09-07 11:00:00,1.0747608914254012,0.3195548
2014-09-07 12:00:00,0.8333730956957388,0.2945612
2014-09-07 13:00:00,0.12018188103991828,0.26717353
2014-09-07 14:00:00,-0.16509460482240992,0.2732836
2014-09-07 15:00:00,-0.23092764002140873,0.26059914
2014-09-07 16:00:00,-0.0005120168249128817,0.20231584
2014-09-07 17:00:00,0.054348845840919466,0.1357039
2014-09-07 18:00:00,0.10920970850675181,0.13052769
2014-09-07 19:00:00,0.2518479514379159,0.16792755
2014-09-07 20:00:00,0.2628201239710824,0.23387043
2014-09-07 21:00:00,0.31768098663691474,0.29256094
2014-09-07 22:00:00,0.4383748845017459,0.33005366
2014-09-07 23:00:00,0.6139296450324094,0.38043454
2014-09-08 00:00:00,0.043376673307752994,0.43087357
2014-09-08 01:00:00,-1.075784925075227,0.4190069
2014-09-08 02:00:00,-1.075784925075227,0.36146498
2014-09-08 03:00:00,-1.0318962349425609,0.33264786
2014-09-08 04:00:00,-1.0428684074757275,0.32317278
2014-09-08 05:00:00,-1.0428684074757275,0.32861924
2014-09-08 06:00:00,-1.0318962349425609,0.40183476
2014-09-08 07:00:00,-1.0648127525420603,0.4327574
2014-09-08 08:00:00,-1.0648127525420603,0.40595
2014-09-08 09:00:00,-1.0209240624093945,0.4623842
2014-09-08 10:00:00,-1.0209240624093945,0.47189307
2014-09-08 11:00:00,-1.0648127525420603,0.43182802
2014-09-08 12:00:00,-1.0648127525420603,0.3507449
2014-09-08 13:00:00,-1.053840580008894,0.16063075
2014-09-08 14:00:00,-1.0318962349425609,0.028745184
2014-09-08 15:00:00,-1.0318962349425609,0.0040583257
2014-09-08 16:00:00,-1.053840580008894,0.07754823
2014-09-08 17:00:00,-0.9880075448098952,0.13974053
2014-09-08 18:00:00,-0.9331466821440627,0.17281392
2014-09-08 19:00:00,-0.9660631997435621,0.22592653
2014-09-08 20:00:00,-0.9441188546772292,0.30731797
2014-09-08 21:00:00,-0.8782858194782304,0.2767879
2014-09-08 22:00:00,-0.8892579920113969,0.28620067
2014-09-08 23:00:00,-0.8563414744118975,0.34419098
2014-09-09 00:00:00,-0.7685640941465657,0.19123822
2014-09-09 01:00:00,-0.6917588864144004,-0.2627816
2014-09-09 02:00:00,-0.6698145413480675,-0.4697498
2014-09-09 03:00:00,-0.6039815061490686,-0.50017244
2014-09-09 04:00:00,-0.6368980237485681,-0.37152326
2014-09-09 05:00:00,-0.6698145413480675,-0.43495318
2014-09-09 06:00:00,-0.823424956812398,-0.47941768
2014-09-09 07:00:00,-0.845369301878731,-0.50321007
2014-09-09 08:00:00,-0.9112023370777298,-0.5102103
2014-09-09 09:00:00,-0.8014806117460651,-0.4930644
2014-09-09 10:00:00,-0.8892579920113969,-0.5346824
2014-09-09 11:00:00,-0.8563414744118975,-0.5332276
2014-09-09 12:00:00,-0.7575919216133993,-0.5492226
2014-09-09 13:00:00,-0.6259258512154017,-0.40889966
2014-09-09 14:00:00,-0.5052319533505705,-0.5095768
2014-09-09 15:00:00,-0.6039815061490686,-0.40429553
2014-09-09 16:00:00,-0.6149536786822352,-0.4398713
2014-09-09 17:00:00,-0.7137032314807333,-0.4341888
2014-09-09 18:00:00,-0.6478701962817346,-0.41110122
2014-09-09 19:00:00,-0.5930093336159022,-0.4172221
2014-09-09 20:00:00,-0.5820371610827357,-0.40304923
2014-09-09 21:00:00,-0.42842674561840516,-0.29482597
2014-09-09 22:00:00,-0.21995546748824227,-0.2670795
2014-09-09 23:00:00,-0.5271762984169034,-0.2492185
2014-09-10 00:00:00,-0.6478701962817346,-0.21407335
2014-09-10 01:00:00,-0.5930093336159022,-0.28991294
2014-09-10 02:00:00,-0.6149536786822352,-0.32306433
2014-09-10 03:00:00,-0.5052319533505705,-0.27240744
2014-09-10 04:00:00,-0.45037109068473813,-0.2839304
2014-09-10 05:00:00,-0.23092764002140873,-0.21070416
2014-09-10 06:00:00,0.16407057117258417,-0.32807815
2014-09-10 07:00:00,-0.04440070695757876,-0.3829801
2014-09-10 08:00:00,0.08726536344041887,-0.3962672
2014-09-10 09:00:00,0.13115405357308474,-0.35708338
2014-09-10 10:00:00,0.19698708877208357,-0.3173961
2014-09-10 11:00:00,-0.08828939709024464,-0.24498105
2014-09-10 12:00:00,-0.2857885026872411,-0.25360322
2014-09-10 13:00:00,-0.5491206434832363,-0.22188576
2014-09-10 14:00:00,-0.7027310589475669,-0.11394889
2014-09-10 15:00:00,-0.7685640941465657,-0.15608513
2014-09-10 16:00:00,-0.680786713881234,-0.18631649
2014-09-10 17:00:00,-0.7027310589475669,-0.23469818
2014-09-10 18:00:00,-0.6259258512154017,-0.22875842
2014-09-10 19:00:00,-0.5710649885495693,-0.21074218
2014-09-10 20:00:00,-0.47231543575107104,-0.19533709
2014-09-10 21:00:00,-0.3845380554857393,-0.124840565
2014-09-10 22:00:00,-0.18703894988874287,-0.027703924
2014-09-10 23:00:00,-0.05537287949074523,-0.0987517
2014-09-11 00:00:00,-0.19801112242190932,-0.18920763
2014-09-11 01:00:00,-0.42842674561840516,-0.2693932
2014-09-11 02:00:00,-0.29676067522040755,-0.31518945
2014-09-11 03:00:00,-0.25287198508774167,-0.1275999
2014-09-11 04:00:00,-0.15412243228924344,-0.11327866
2014-09-11 05:00:00,-0.2089832949550758,-0.058925964
2014-09-11 06:00:00,-0.2089832949550758,0.032397553
2014-09-11 07:00:00,-0.12120591468974404,0.15095007
2014-09-11 08:00:00,-0.09926156962341111,0.20744103
2014-09-11 09:00:00,-0.0663450520239117,0.22800107
2014-09-11 10:00:00,0.08726536344041887,0.24727719
2014-09-11 11:00:00,0.010460155708253588,0.12640469
2014-09-11 12:00:00,-0.07731722455707817,0.009320503
2014-09-11 13:00:00,-0.13217808722291052,-0.12231598
2014-09-11 14:00:00,-0.17606677735557638,-0.22522767
2014-09-11 15:00:00,-0.09926156962341111,-0.28460047
2014-09-11 16:00:00,-0.08828939709024464,-0.2708593
2014-09-11 17:00:00,-0.13217808722291052,-0.28062168
2014-09-11 18:00:00,0.17504274370575063,-0.27714008
2014-09-11 19:00:00,0.2189314338384165,-0.24858522
2014-09-11 20:00:00,0.2628201239710824,-0.20396885
2014-09-11 21:00:00,0.14212622610625122,-0.146249
2014-09-11 22:00:00,0.043376673307752994,0.03244245
2014-09-11 23:00:00,0.06532101837408594,0.11048819
2014-09-12 00:00:00,0.22990360637158297,0.07556185
2014-09-12 01:00:00,0.2628201239710824,-0.040777825
2014-09-12 02:00:00,0.38351402183591354,0.015395889
2014-09-12 03:00:00,0.5151800922339111,0.058536828
2014-09-12 04:00:00,-0.19801112242190932,0.105275065
2014-09-12 05:00:00,-0.43939891815157167,0.10382274
2014-09-12 06:00:00,-0.43939891815157167,0.09686372
2014-09-12 07:00:00,-0.5271762984169034,0.124448314
2014-09-12 08:00:00,-0.5052319533505705,0.13926898
2014-09-12 09:00:00,-0.45037109068473813,0.11382977
2014-09-12 10:00:00,-0.45037109068473813,0.15558845
2014-09-12 11:00:00,-0.2857885026872411,0.14990269
2014-09-12 12:00:00,-0.3516215378862399,0.16635504
2014-09-12 13:00:00,-0.3845380554857393,0.023075616
2014-09-12 14:00:00,-0.3516215378862399,-0.065226816
2014-09-12 15:00:00,-0.6039815061490686,-0.0637844
2014-09-12 16:00:00,-0.7027310589475669,0.13201004
2014-09-12 17:00:00,-0.40648240055207224,0.16225444
2014-09-12 18:00:00,-0.5052319533505705,0.20609626
2014-09-12 19:00:00,-0.5710649885495693,0.20907754
2014-09-12 20:00:00,-0.47231543575107104,0.2185248
2014-09-12 21:00:00,-0.4613432632179046,0.29316485
2014-09-12 22:00:00,-0.40648240055207224,0.18669362
2014-09-12 23:00:00,-0.5381484709500699,0.12981734
2014-09-13 00:00:00,-0.5271762984169034,0.16347829
2014-09-13 01:00:00,-0.5491206434832363,0.2922957
2014-09-13 02:00:00,-0.5052319533505705,0.35878903
2014-09-13 03:00:00,-0.4174545730852387,0.40418994
2014-09-13 04:00:00,-0.3955102280189058,0.12156656
2014-09-13 05:00:00,0.08726536344041887,-0.0026617888
2014-09-13 06:00:00,-0.05537287949074523,-0.044202343
2014-09-13 07:00:00,-0.07731722455707817,-0.07979306
2014-09-13 08:00:00,-0.0663450520239117,-0.1300601
2014-09-13 09:00:00,-0.04440070695757876,-0.13282816
2014-09-13 10:00:00,-0.5381484709500699,-0.13709894
2014-09-13 11:00:00,-0.43939891815157167,-0.040613584
2014-09-13 12:00:00,-0.5491206434832363,-0.027379474
2014-09-13 13:00:00,-0.5930093336159022,-0.04234173
2014-09-13 14:00:00,-0.6698145413480675,-0.04065457
2014-09-13 15:00:00,-0.680786713881234,-0.17776188
2014-09-13 16:00:00,-0.5820371610827357,-0.27562153
2014-09-13 17:00:00,-0.5930093336159022,-0.19233629
2014-09-13 18:00:00,-0.5710649885495693,-0.18692568
2014-09-13 19:00:00,-0.516204125883737,-0.21295579
2014-09-13 20:00:00,-0.36259371041940636,-0.1850651
2014-09-13 21:00:00,-0.42842674561840516,-0.16993748
2014-09-13 22:00:00,-0.29676067522040755,-0.14433263
2014-09-13 23:00:00,-0.23092764002140873,-0.120595075
2014-09-14 00:00:00,-0.2857885026872411,-0.16495654
2014-09-14 01:00:00,-0.31870502028674047,-0.1989404
2014-09-14 02:00:00,-0.2638441576209081,-0.27325433
2014-09-14 03:00:00,-0.27481633015407464,-0.26827273
2014-09-14 04:00:00,-0.2418998125545752,-0.08560654
2014-09-14 05:00:00,-0.15412243228924344,0.11715147
2014-09-14 06:00:00,-0.05537287949074523,0.04849241
2014-09-14 07:00:00,0.06532101837408594,-0.021348134
2014-09-14 08:00:00,-0.23092764002140873,0.11369043
2014-09-14 09:00:00,-0.40648240055207224,0.10318916
2014-09-14 10:00:00,-0.5600928160164028,-0.098741226
2014-09-14 11:00:00,-0.8014806117460651,-0.16362596
2014-09-14 12:00:00,-0.9770353722767287,-0.20862913
2014-09-14 13:00:00,-0.9880075448098952,-0.23432589
2014-09-14 14:00:00,-1.0318962349425609,-0.27179268
2014-09-14 15:00:00,-0.9770353722767287,-0.29155117
2014-09-14 16:00:00,-0.9660631997435621,-0.26152268
2014-09-14 17:00:00,-0.9550910272103957,-0.25863358
2014-09-14 18:00:00,-0.9880075448098952,-0.25042427
2014-09-14 19:00:00,-0.9331466821440627,-0.22093019
2014-09-14 20:00:00,-0.845369301878731,-0.14191331
2014-09-14 21:00:00,-0.7246754040138998,-0.1275096
2014-09-14 22:00:00,-0.7027310589475669,0.010545114
2014-09-14 23:00:00,-0.6368980237485681,0.08462664
2014-09-15 00:00:00,-0.6368980237485681,0.094243445
2014-09-15 01:00:00,-0.5820371610827357,0.027145172
2014-09-15 02:00:00,-0.5820371610827357,0.052655138
2014-09-15 03:00:00,-0.7905084392128987,0.017069196
2014-09-15 04:00:00,-0.8782858194782304,-0.062477782
2014-09-15 05:00:00,-0.845369301878731,-0.07726285
2014-09-15 06:00:00,-0.9221745096108963,0.1061381
2014-09-15 07:00:00,-0.9221745096108963,0.105167225
2014-09-15 08:00:00,-0.9331466821440627,-0.022467261
2014-09-15 09:00:00,-0.9770353722767287,-0.21093017
2014-09-15 10:00:00,-0.9770353722767287,-0.35451755
2014-09-15 11:00:00,-1.0209240624093945,-0.5137718
2014-09-15 12:00:00,-1.053840580008894,-0.6507841
2014-09-15 13:00:00,-1.0648127525420603,-0.6896602
2014-09-15 14:00:00,-1.0318962349425609,-0.71075886
2014-09-15 15:00:00,-1.009951889876228,-0.59418696
2014-09-15 16:00:00,-1.0318962349425609,-0.5764438
2014-09-15 17:00:00,-0.9770353722767287,-0.4220953
2014-09-15 18:00:00,-0.9221745096108963,-0.4061604
2014-09-15 19:00:00,-0.9002301645445634,-0.4525866
2014-09-15 20:00:00,-0.8782858194782304,-0.52944744
2014-09-15 21:00:00,-0.823424956812398,-0.39873737
2014-09-15 22:00:00,-0.8782858194782304,-0.26613706
2014-09-15 23:00:00,-0.8124527842792316,-0.34891188
2014-09-16 00:00:00,-0.7685640941465657,-0.34638783
2014-09-16 01:00:00,-0.7246754040138998,-0.19443409
2014-09-16 02:00:00,-0.7685640941465657,-0.24596715
2014-09-16 03:00:00,-0.516204125883737,-0.38542932
2014-09-16 04:00:00,-0.5600928160164028,-0.48260558
2014-09-16 05:00:00,-0.7356475765470664,-0.5082562
2014-09-16 06:00:00,-0.9002301645445634,-0.5461018
2014-09-16 07:00:00,-0.9166884233443131,-0.54773086
2014-09-16 08:00:00,-0.9331466821440627,-0.55298096
2014-09-16 09:00:00,-0.8782858194782304,-0.6064009
2014-09-16 10:00:00,-0.823424956812398,-0.58933794
2014-09-16 11:00:00,-0.8892579920113969,-0.61707735
2014-09-16 12:00:00,-0.8563414744118975,-0.6946745
2014-09-16 13:00:00,-0.7685640941465657,-0.53945905
2014-09-16 14:00:00,-0.6039815061490686,-0.6321537
2014-09-16 15:00:00,-0.34064936535307344,-0.67143315
2014-09-16 16:00:00,-0.11023374215657758,-0.6694849
2014-09-16 17:00:00,-0.02245636189124582,-0.5487378
2014-09-16 18:00:00,-0.07731722455707817,-0.48797005
2014-09-16 19:00:00,-0.3955102280189058,-0.4465167
2014-09-16 20:00:00,-0.43939891815157167,-0.4289999
2014-09-16 21:00:00,-0.4832876082842375,-0.39160767
2014-09-16 22:00:00,-0.4832876082842375,-0.40269175
2014-09-16 23:00:00,-0.3516215378862399,-0.26454955
2014-09-17 00:00:00,-0.4832876082842375,-0.2513501
2014-09-17 01:00:00,-0.7685640941465657,-0.16474375
2014-09-17 02:00:00,-0.823424956812398,-0.28641322
2014-09-17 03:00:00,-0.9221745096108963,-0.099075116
2014-09-17 04:00:00,-0.9880075448098952,-0.15027072
2014-09-17 05:00:00,-0.9550910272103957,-0.28945836
2014-09-17 06:00:00,-0.8892579920113969,-0.4164278
2014-09-17 07:00:00,-0.823424956812398,-0.3375568
2014-09-17 08:00:00,-0.8563414744118975,-0.4408859
2014-09-17 09:00:00,-0.9002301645445634,-0.5215369
2014-09-17 10:00:00,-0.8892579920113969,-0.52334803
2014-09-17 11:00:00,-0.7795362666797322,-0.5598538
2014-09-17 12:00:00,-0.6149536786822352,-0.4271664
2014-09-17 13:00:00,-0.27481633015407464,-0.3034082
2014-09-17 14:00:00,-0.43939891815157167,-0.20983106
2014-09-17 15:00:00,-0.43939891815157167,-0.13189968
2014-09-17 16:00:00,-0.43939891815157167,0.05772356
2014-09-17 17:00:00,-0.680786713881234,0.065971635
2014-09-17 18:00:00,-0.7137032314807333,0.17529419
2014-09-17 19:00:00,-0.7466197490802328,0.02623655
2014-09-17 20:00:00,-0.6478701962817346,-0.059195913
2014-09-17 21:00:00,-0.5600928160164028,-0.12274886
2014-09-17 22:00:00,-0.5600928160164028,-0.1511501
2014-09-17 23:00:00,-0.494259780817404,-0.10592363
2014-09-18 00:00:00,-0.4832876082842375,-0.14686611
2014-09-18 01:00:00,-0.4174545730852387,-0.3003614
2014-09-18 02:00:00,-0.21995546748824227,-0.30632526
2014-09-18 03:00:00,-0.011484189358079351,-0.4889375
2014-09-18 04:00:00,0.043376673307752994,-0.42418596
2014-09-18 05:00:00,-0.011484189358079351,-0.46666402
2014-09-18 06:00:00,-0.03342853442441229,-0.46121055
2014-09-18 07:00:00,0.08726536344041887,-0.43551967
2014-09-18 08:00:00,-0.011484189358079351,-0.3756458
2014-09-18 09:00:00,0.20795926130525003,-0.38247856
2014-09-18 10:00:00,-0.07731722455707817,-0.5321276
2014-09-18 11:00:00,-0.2418998125545752,-0.3865953
2014-09-18 12:00:00,-0.36259371041940636,-0.2807694
2014-09-18 13:00:00,-0.34064936535307344,-0.103309035
2014-09-18 14:00:00,-0.5381484709500699,-0.09543766
2014-09-18 15:00:00,-0.6478701962817346,-0.14314434
2014-09-18 16:00:00,-0.7246754040138998,-0.16993752
2014-09-18 17:00:00,-0.867313646945064,-0.28761944
2014-09-18 18:00:00,-0.8014806117460651,-0.3511234
2014-09-18 19:00:00,-0.7246754040138998,-0.3875276
2014-09-18 20:00:00,-0.6917588864144004,-0.34643996
2014-09-18 21:00:00,-0.5381484709500699,-0.21746618
2014-09-18 22:00:00,-0.42842674561840516,-0.21884301
2014-09-18 23:00:00,-0.40648240055207224,-0.14285178
2014-09-19 00:00:00,-0.45037109068473813,-0.21558708
2014-09-19 01:00:00,-0.329677192819907,-0.2434957
2014-09-19 02:00:00,-0.2418998125545752,0.0050665755
2014-09-19 03:00:00,-0.17606677735557638,0.1723996
2014-09-19 04:00:00,-0.03342853442441229,0.17104132
2014-09-19 05:00:00,0.10920970850675181,0.11500555
2014-09-19 06:00:00,0.06532101837408594,0.07088016
2014-09-19 07:00:00,-0.08828939709024464,0.098526105
2014-09-19 08:00:00,0.10920970850675181,0.05706668
2014-09-19 09:00:00,0.22990360637158297,0.101854585
2014-09-19 10:00:00,0.39448619436908,0.0018749814
2014-09-19 11:00:00,0.5480966098334106,0.021001555
2014-09-19 12:00:00,0.19698708877208357,-0.13806203
2014-09-19 13:00:00,-0.09926156962341111,-0.05747267
2014-09-19 14:00:00,-0.15412243228924344,-0.18437803
2014-09-19 15:00:00,-0.36259371041940636,-0.28918877
2014-09-19 16:00:00,-0.43939891815157167,-0.34544972
2014-09-19 17:00:00,-0.516204125883737,-0.42026913
2014-09-19 18:00:00,-0.516204125883737,-0.41550314
2014-09-19 19:00:00,-0.27481633015407464,-0.36520344
2014-09-19 20:00:00,-0.03342853442441229,-0.32337758
2014-09-19 21:00:00,0.054348845840919466,-0.22954847
2014-09-19 22:00:00,0.20795926130525003,-0.1368714
2014-09-19 23:00:00,0.4383748845017459,-0.09281053
2014-09-20 00:00:00,0.4822635746344118,-0.093711436
2014-09-20 01:00:00,0.44934705703491234,-0.036526173
2014-09-20 02:00:00,0.49323574716757823,-0.024195103
2014-09-20 03:00:00,0.4603192295680788,0.12949485
2014-09-20 04:00:00,0.44934705703491234,0.10167068
2014-09-20 05:00:00,0.39448619436908,0.097682886
2014-09-20 06:00:00,0.3067088141037483,0.06743007
2014-09-20 07:00:00,0.10920970850675181,-0.02080186
2014-09-20 08:00:00,0.17504274370575063,0.084521875
2014-09-20 09:00:00,0.2518479514379159,0.14326358
2014-09-20 10:00:00,0.29573664157058177,0.18147334
2014-09-20 11:00:00,0.2628201239710824,0.26410842
2014-09-20 12:00:00,0.16407057117258417,0.21144246
2014-09-20 13:00:00,0.18601491623891708,0.065375224
2014-09-20 14:00:00,0.14212622610625122,0.0035577994
2014-09-20 15:00:00,-0.12120591468974404,-0.045786656
2014-09-20 16:00:00,-0.05537287949074523,-0.07230281
2014-09-20 17:00:00,-0.2418998125545752,-0.098184474
2014-09-20 18:00:00,0.4383748845017459,-0.17448094
2014-09-20 19:00:00,0.58101312743291,-0.048829734
2014-09-20 20:00:00,0.6468461626319087,0.00034704618
2014-09-20 21:00:00,0.8772617858284046,0.18605287
2014-09-20 22:00:00,1.096705236491734,0.28058296
2014-09-20 23:00:00,1.4039260674203953,0.26429895
2014-09-21 00:00:00,1.4148982399535617,0.35507792
2014-09-21 01:00:00,1.096705236491734,0.26204324
2014-09-21 02:00:00,0.5042079197007447,0.31490204
2014-09-21 03:00:00,0.36156967676958063,0.30135325
2014-09-21 04:00:00,0.27379229650424886,0.25944278
2014-09-21 05:00:00,-0.23092764002140873,0.20807815
2014-09-21 06:00:00,-0.21995546748824227,0.110979594
2014-09-21 07:00:00,-0.307732847753574,0.10560537
2014-09-21 08:00:00,-0.45037109068473813,0.07033593
2014-09-21 09:00:00,-0.40648240055207224,0.080226034
2014-09-21 10:00:00,-0.3955102280189058,0.18874682
2014-09-21 11:00:00,-0.5271762984169034,0.22284237
2014-09-21 12:00:00,-0.36259371041940636,0.19393267
2014-09-21 13:00:00,-0.2418998125545752,0.19221897
2014-09-21 14:00:00,-0.12120591468974404,0.15329684
2014-09-21 15:00:00,-0.13217808722291052,0.12490498
2014-09-21 16:00:00,-0.04440070695757876,0.13282244
2014-09-21 17:00:00,-0.0005120168249128817,0.06025525
2014-09-21 18:00:00,-0.07731722455707817,0.25711906
2014-09-21 19:00:00,-0.16509460482240992,0.37312016
2014-09-21 20:00:00,-0.13217808722291052,0.4797501
2014-09-21 21:00:00,-0.19801112242190932,0.5504891
2014-09-21 22:00:00,-0.21995546748824227,0.6263865
2014-09-21 23:00:00,-0.45037109068473813,0.71328026
2014-09-22 00:00:00,-0.27481633015407464,0.70124924
2014-09-22 01:00:00,-0.25287198508774167,0.5724697
2014-09-22 02:00:00,-0.329677192819907,0.35004282
2014-09-22 03:00:00,-0.21995546748824227,0.30466345
2014-09-22 04:00:00,-0.2089832949550758,0.28820342
2014-09-22 05:00:00,-0.23092764002140873,0.1588384
2014-09-22 06:00:00,-0.12120591468974404,0.06616261
2014-09-22 07:00:00,0.06532101837408594,0.070493735
2014-09-22 08:00:00,0.13115405357308474,-0.017592408
2014-09-22 09:00:00,0.19698708877208357,0.00024883077
2014-09-22 10:00:00,0.2189314338384165,0.0051807314
2014-09-22 11:00:00,0.20795926130525003,-0.11294749
2014-09-22 12:00:00,0.29573664157058177,-0.10276222
2014-09-22 13:00:00,0.3067088141037483,-0.04897192
2014-09-22 14:00:00,0.38351402183591354,0.026048886
2014-09-22 15:00:00,0.36156967676958063,0.05392968
2014-09-22 16:00:00,0.2628201239710824,0.08669948
2014-09-22 17:00:00,0.13115405357308474,0.11642813
2014-09-22 18:00:00,0.07629319090725241,0.104264475
2014-09-22 19:00:00,0.09823753597358534,0.06334284
2014-09-22 20:00:00,0.08726536344041887,0.06395849
2014-09-22 21:00:00,0.20795926130525003,0.04553429
2014-09-22 22:00:00,0.18601491623891708,0.016233483
2014-09-22 23:00:00,0.2189314338384165,-0.09840039
2014-09-23 00:00:00,0.2518479514379159,-0.0860124
2014-09-23 01:00:00,0.15309839863941768,0.010917181
2014-09-23 02:00:00,0.09823753597358534,0.0015080925
2014-09-23 03:00:00,-0.04440070695757876,-0.016304111
2014-09-23 04:00:00,0.021432328241420058,-0.027167907
2014-09-23 05:00:00,-0.05537287949074523,-0.036992528
2014-09-23 06:00:00,-0.2089832949550758,0.06346628
2014-09-23 07:00:00,-0.29676067522040755,0.17817499
2014-09-23 08:00:00,-0.40648240055207224,0.25181893
2014-09-23 09:00:00,-0.6039815061490686,0.2661206
2014-09-23 10:00:00,-0.5381484709500699,0.19796965
2014-09-23 11:00:00,-0.658842368814901,0.14218362
2014-09-23 12:00:00,-0.7027310589475669,0.15890326
2014-09-23 13:00:00,-0.7246754040138998,0.17432214
2014-09-23 14:00:00,-0.8343971293455645,0.21348602
2014-09-23 15:00:00,-0.8014806117460651,0.21542153
2014-09-23 16:00:00,-0.7411336628136496,0.17162783
2014-09-23 17:00:00,-0.680786713881234,0.16799438
2014-09-23 18:00:00,-0.6368980237485681,0.12918754
2014-09-23 19:00:00,-0.5600928160164028,0.06978173
2014-09-23 20:00:00,-0.4832876082842375,0.0896657
2014-09-23 21:00:00,-0.27481633015407464,0.1387758
2014-09-23 22:00:00,-0.3516215378862399,0.14821261
2014-09-23 23:00:00,-0.13217808722291052,0.2767502
2014-09-24 00:00:00,-0.5491206434832363,0.20052683
2014-09-24 01:00:00,-0.680786713881234,0.10787137
2014-09-24 02:00:00,-0.680786713881234,0.106050275
2014-09-24 03:00:00,-0.5930093336159022,0.0490316
2014-09-24 04:00:00,-0.7137032314807333,0.04580234
2014-09-24 05:00:00,-0.8782858194782304,0.018990148
2014-09-24 06:00:00,-0.9989797173430616,-0.049718685
2014-09-24 07:00:00,-0.9770353722767287,-0.113013394
2014-09-24 08:00:00,-0.9112023370777298,-0.18566744
2014-09-24 09:00:00,-0.8563414744118975,-0.2979673
2014-09-24 10:00:00,-0.9550910272103957,-0.31558323
2014-09-24 11:00:00,-0.9112023370777298,-0.39585972
2014-09-24 12:00:00,-0.9441188546772292,-0.40451336
2014-09-24 13:00:00,-0.9221745096108963,-0.47847867
2014-09-24 14:00:00,-0.9441188546772292,-0.364088
2014-09-24 15:00:00,-0.9770353722767287,-0.3445564
2014-09-24 16:00:00,-0.9880075448098952,-0.3307883
2014-09-24 17:00:00,-0.9880075448098952,-0.34658647
2014-09-24 18:00:00,-0.7575919216133993,-0.27986562
2014-09-24 19:00:00,-0.6698145413480675,-0.21670169
2014-09-24 20:00:00,-0.4832876082842375,-0.20994808
2014-09-24 21:00:00,-0.42842674561840516,-0.124813624
2014-09-24 22:00:00,-0.3955102280189058,-0.111455604
2014-09-24 23:00:00,0.010460155708253588,-0.09141464
2014-09-25 00:00:00,0.12018188103991828,-0.09253047
2014-09-25 01:00:00,-0.19801112242190932,-0.31659997
2014-09-25 02:00:00,-0.17606677735557638,-0.41936508
2014-09-25 03:00:00,-0.12120591468974404,-0.41216373
2014-09-25 04:00:00,-0.09926156962341111,-0.4549387
2014-09-25 05:00:00,-0.2089832949550758,-0.47095498
2014-09-25 06:00:00,0.03240450077458652,-0.41696107
2014-09-25 07:00:00,-0.011484189358079351,-0.5236368
2014-09-25 08:00:00,0.054348845840919466,-0.5565108
2014-09-25 09:00:00,0.22990360637158297,-0.5302739
2014-09-25 10:00:00,0.42740271196857943,-0.5943743
2014-09-25 11:00:00,0.44934705703491234,-0.51216173
2014-09-25 12:00:00,0.5261522647670777,-0.45781124
2014-09-25 13:00:00,0.745595715430407,-0.46214908
2014-09-25 14:00:00,0.6249018175655758,-0.475529
2014-09-25 15:00:00,0.6468461626319087,-0.54668486
2014-09-25 16:00:00,0.5590687823665771,-0.51067287
2014-09-25 17:00:00,0.40545836690224646,-0.5545751
2014-09-25 18:00:00,0.3067088141037483,-0.4811277
2014-09-25 19:00:00,0.4822635746344118,-0.40188575
2014-09-25 20:00:00,0.5151800922339111,-0.28439623
2014-09-25 21:00:00,0.6249018175655758,-0.204094
2014-09-25 22:00:00,0.49323574716757823,-0.15231244
2014-09-25 23:00:00,-0.2857885026872411,0.101109475
2014-09-26 00:00:00,-0.43939891815157167,0.21295567
2014-09-26 01:00:00,-0.27481633015407464,0.12255305
2014-09-26 02:00:00,-0.15412243228924344,0.064221226
2014-09-26 03:00:00,-0.14315025975607698,0.11264396
2014-09-26 04:00:00,-0.011484189358079351,0.13724428
2014-09-26 05:00:00,-0.04440070695757876,-0.0030961363
2014-09-26 06:00:00,0.07629319090725241,0.13059135
2014-09-26 07:00:00,0.12018188103991828,0.1763184
2014-09-26 08:00:00,0.2189314338384165,0.1005713
2014-09-26 09:00:00,0.22990360637158297,0.102255635
2014-09-26 10:00:00,0.2847644690374153,0.31431592
2014-09-26 11:00:00,0.3286531591700812,0.34416008
2014-09-26 12:00:00,0.2518479514379159,0.36039662
2014-09-26 13:00:00,0.31768098663691474,0.43758076
2014-09-26 14:00:00,0.5042079197007447,0.4308654
2014-09-26 15:00:00,0.6029574724992429,0.48257306
2014-09-26 16:00:00,1.0199000287595688,0.43324718
2014-09-26 17:00:00,1.0308722012927352,0.3618666
2014-09-26 18:00:00,1.1296217540912334,0.3082576
2014-09-26 19:00:00,1.283232169555564,0.3408935
2014-09-26 20:00:00,1.305176514621897,0.30560833
2014-09-26 21:00:00,1.0528165463590682,0.3923412
2014-09-26 22:00:00,0.7236513703640741,0.3770519
2014-09-26 23:00:00,0.5371244373002441,0.10977731
2014-09-27 00:00:00,0.20795926130525003,-0.05867455
2014-09-27 01:00:00,0.3505975042364141,-0.060342424
2014-09-27 02:00:00,-0.42842674561840516,-0.009347791
2014-09-27 03:00:00,-0.9989797173430616,0.07443857
2014-09-27 04:00:00,-0.9989797173430616,0.09660999
2014-09-27 05:00:00,-0.6368980237485681,0.08616143
2014-09-27 06:00:00,-0.6259258512154017,0.10845312
2014-09-27 07:00:00,-0.5381484709500699,0.13021412
2014-09-27 08:00:00,-0.7905084392128987,0.16041717
2014-09-27 09:00:00,-0.8124527842792316,0.16946451
2014-09-27 10:00:00,-0.9441188546772292,0.17715946
2014-09-27 11:00:00,-0.9331466821440627,0.18512951
2014-09-27 12:00:00,-0.9880075448098952,0.16409884
2014-09-27 13:00:00,-1.0318962349425609,0.16402185
2014-09-27 14:00:00,-0.9880075448098952,0.25993997
2014-09-27 15:00:00,-0.9880075448098952,0.3147072
2014-09-27 16:00:00,-0.9112023370777298,0.34498137
2014-09-27 17:00:00,-0.9221745096108963,0.45185137
2014-09-27 18:00:00,-0.8563414744118975,0.43853992
2014-09-27 19:00:00,-0.7466197490802328,0.44594184
2014-09-27 20:00:00,-0.5052319533505705,0.44667572
2014-09-27 21:00:00,-0.5271762984169034,0.46049318
2014-09-27 22:00:00,-0.45037109068473813,0.30860204
2014-09-27 23:00:00,-0.45037109068473813,0.19064131
2014-09-28 00:00:00,-0.25287198508774167,0.04968161
2014-09-28 01:00:00,-0.18703894988874287,0.05027163
2014-09-28 02:00:00,-0.18703894988874287,-0.08766788
2014-09-28 03:00:00,-0.3735658829525728,-0.31425324
2014-09-28 04:00:00,-0.45037109068473813,-0.29389435
2014-09-28 05:00:00,-0.5600928160164028,-0.2862122
2014-09-28 06:00:00,-0.4613432632179046,-0.28657848
2014-09-28 07:00:00,-0.42842674561840516,-0.25740793
2014-09-28 08:00:00,-0.40648240055207224,-0.3225929
2014-09-28 09:00:00,-0.31870502028674047,-0.427346
2014-09-28 10:00:00,-0.19801112242190932,-0.53634983
2014-09-28 11:00:00,-0.14315025975607698,-0.5874112
2014-09-28 12:00:00,-0.02245636189124582,-0.41422528
2014-09-28 13:00:00,0.010460155708253588,-0.42420757
2014-09-28 14:00:00,-0.34064936535307344,-0.4989251
2014-09-28 15:00:00,-0.4174545730852387,-0.4520886
2014-09-28 16:00:00,-0.6039815061490686,-0.45709267
2014-09-28 17:00:00,-0.516204125883737,-0.46712947
2014-09-28 18:00:00,-0.5930093336159022,-0.36427358
2014-09-28 19:00:00,-0.47231543575107104,-0.28396678
2014-09-28 20:00:00,-0.516204125883737,-0.1483651
2014-09-28 21:00:00,-0.5381484709500699,-0.20534433
2014-09-28 22:00:00,-0.4613432632179046,-0.22113806
2014-09-28 23:00:00,-0.27481633015407464,-0.23525605
2014-09-29 00:00:00,-0.27481633015407464,-0.050086647
2014-09-29 01:00:00,-0.23092764002140873,0.026626864
2014-09-29 02:00:00,-0.03342853442441229,0.0902896
2014-09-29 03:00:00,0.054348845840919466,0.032557756
2014-09-29 04:00:00,0.054348845840919466,-0.14448468
2014-09-29 05:00:00,0.07629319090725241,-0.27587304
2014-09-29 06:00:00,0.03240450077458652,-0.12142653
2014-09-29 07:00:00,0.021432328241420058,-0.058470897
2014-09-29 08:00:00,-0.03342853442441229,-0.12612551
2014-09-29 09:00:00,-0.011484189358079351,-0.03536644
2014-09-29 10:00:00,-0.16509460482240992,0.045056716
2014-09-29 11:00:00,-0.25287198508774167,0.043035895
2014-09-29 12:00:00,-0.9112023370777298,0.07986785
2014-09-29 13:00:00,-0.9550910272103957,0.115509614
2014-09-29 14:00:00,-0.9880075448098952,-0.0031054188
2014-09-29 15:00:00,-0.9880075448098952,-0.09161443
2014-09-29 16:00:00,-0.9660631997435621,-0.18531775
2014-09-29 17:00:00,-0.9550910272103957,-0.19032814
2014-09-29 18:00:00,-0.9660631997435621,-0.21175398
2014-09-29 19:00:00,-0.9660631997435621,-0.17840199
2014-09-29 20:00:00,-0.9441188546772292,-0.17571446
2014-09-29 21:00:00,-0.867313646945064,-0.113302276
2014-09-29 22:00:00,-0.9112023370777298,-0.083289616
2014-09-29 23:00:00,-0.845369301878731,-0.012806291
2014-09-30 00:00:00,-0.8124527842792316,-0.07487834
2014-09-30 01:00:00,-0.8782858194782304,-0.105613545
2014-09-30 02:00:00,-0.8343971293455645,0.09035713
2014-09-30 03:00:00,-0.8563414744118975,0.16832897
2014-09-30 04:00:00,-0.9112023370777298,0.17889248
2014-09-30 05:00:00,-0.9112023370777298,0.10763178
2014-09-30 06:00:00,-0.8782858194782304,0.12435139
2014-09-30 07:00:00,-0.9550910272103957,0.061907478
2014-09-30 08:00:00,-0.9002301645445634,-0.018684687
2014-09-30 09:00:00,-0.9331466821440627,-0.0039595123
2014-09-30 10:00:00,-0.9112023370777298,-0.11003951
2014-09-30 11:00:00,-0.845369301878731,-0.19877467
2014-09-30 12:00:00,-0.8563414744118975,-0.5017371
2014-09-30 13:00:00,-0.9221745096108963,-0.63654363
2014-09-30 14:00:00,-0.8563414744118975,-0.6875169
2014-09-30 15:00:00,-0.867313646945064,-0.5310198
2014-09-30 16:00:00,-0.845369301878731,-0.66181856
2014-09-30 17:00:00,-0.8782858194782304,-0.73422265
2014-09-30 18:00:00,-0.8124527842792316,-0.7672453
2014-09-30 19:00:00,-0.7575919216133993,-0.6020222
2014-09-30 20:00:00,-0.6149536786822352,-0.52180904
2014-09-30 21:00:00,-0.516204125883737,-0.47343418
2014-09-30 22:00:00,-0.47231543575107104,-0.49554175
2014-09-30 23:00:00,-0.43939891815157167,-0.49245453
2014-10-01 00:00:00,-0.2418998125545752,-0.45314535
2014-10-01 01:00:00,-0.16509460482240992,-0.48398876
2014-10-01 02:00:00,-0.18703894988874287,-0.47176886
2014-10-01 03:00:00,-0.12120591468974404,-0.4875788
2014-10-01 04:00:00,-0.21995546748824227,-0.529552
2014-10-01 05:00:00,-0.21995546748824227,-0.5436911
2014-10-01 06:00:00,-0.34064936535307344,-0.5301308
2014-10-01 07:00:00,-0.4613432632179046,-0.5730211
2014-10-01 08:00:00,-0.4174545730852387,-0.44127917
2014-10-01 09:00:00,-0.29676067522040755,-0.41944307
2014-10-01 10:00:00,-0.25287198508774167,-0.41448236
2014-10-01 11:00:00,-0.11023374215657758,-0.43067062
2014-10-01 12:00:00,-0.09926156962341111,-0.45418578
2014-10-01 13:00:00,-0.04440070695757876,-0.41773757
2014-10-01 14:00:00,-0.31870502028674047,-0.42367196
2014-10-01 15:00:00,-0.25287198508774167,-0.3547708
2014-10-01 16:00:00,-0.2638441576209081,-0.36479473
2014-10-01 17:00:00,-0.0005120168249128817,-0.37706023
2014-10-01 18:00:00,-0.0005120168249128817,-0.33175638
2014-10-01 19:00:00,-0.03342853442441229,-0.28751212
2014-10-01 20:00:00,-0.07731722455707817,-0.19199286
2014-10-01 21:00:00,-0.13217808722291052,-0.03634733
2014-10-01 22:00:00,-0.19801112242190932,0.043825038
2014-10-01 23:00:00,-0.15412243228924344,0.016587878
2014-10-02 00:00:00,-0.19801112242190932,0.063732676
2014-10-02 01:00:00,-0.34064936535307344,0.16060576
2014-10-02 02:00:00,-0.3735658829525728,0.07161205
2014-10-02 03:00:00,-0.45037109068473813,0.101092376
2014-10-02 04:00:00,-0.4174545730852387,0.077452
2014-10-02 05:00:00,-0.29676067522040755,0.10174741
2014-10-02 06:00:00,-0.21995546748824227,0.06971156
2014-10-02 07:00:00,-0.2857885026872411,-0.0012802863
2014-10-02 08:00:00,-0.23092764002140873,-0.018571222
2014-10-02 09:00:00,-0.3955102280189058,0.017218389
2014-10-02 10:00:00,-0.42842674561840516,0.0076276734
2014-10-02 11:00:00,-0.27481633015407464,0.0061007338
2014-10-02 12:00:00,-0.3955102280189058,-0.029481327
2014-10-02 13:00:00,-0.6698145413480675,0.008457159
2014-10-02 14:00:00,-0.7575919216133993,-0.06351917
2014-10-02 15:00:00,-0.8014806117460651,-0.08738067
2014-10-02 16:00:00,-0.867313646945064,-0.10347367
2014-10-02 17:00:00,-0.8014806117460651,-0.04457826
2014-10-02 18:00:00,-0.7356475765470664,-0.020444645
2014-10-02 19:00:00,-0.43939891815157167,0.0682625
2014-10-02 20:00:00,-0.23092764002140873,-0.0010176115
2014-10-02 21:00:00,-0.07731722455707817,-0.064923815
2014-10-02 22:00:00,0.31768098663691474,-0.023787444
2014-10-02 23:00:00,0.3505975042364141,-0.06613683
2014-10-03 00:00:00,0.22990360637158297,-0.10754232
2014-10-03 01:00:00,0.16407057117258417,-0.1650126
2014-10-03 02:00:00,0.14212622610625122,-0.20509164
2014-10-03 03:00:00,0.38351402183591354,-0.23496631
2014-10-03 04:00:00,0.16407057117258417,-0.24455479
2014-10-03 05:00:00,0.5371244373002441,-0.22027996
2014-10-03 06:00:00,0.09823753597358534,-0.19389476
2014-10-03 07:00:00,-0.29676067522040755,-0.1976203
2014-10-03 08:00:00,-0.47231543575107104,-0.18356466
2014-10-03 09:00:00,-0.516204125883737,-0.10748719
2014-10-03 10:00:00,-0.45037109068473813,-0.17585638
2014-10-03 11:00:00,-0.47231543575107104,-0.09559299
2014-10-03 12:00:00,-0.17606677735557638,-0.14975256
2014-10-03 13:00:00,-0.09926156962341111,-0.15461473
2014-10-03 14:00:00,0.36156967676958063,-0.2251142
2014-10-03 15:00:00,0.7894844055630729,-0.2144968
2014-10-03 16:00:00,0.8992061308947376,-0.2692334
2014-10-03 17:00:00,1.1076774090249004,-0.28034237
2014-10-03 18:00:00,1.1735104442238993,-0.27546185
2014-10-03 19:00:00,1.0857330639585676,-0.18142979
2014-10-03 20:00:00,0.8443452682289052,-0.015161576
2014-10-03 21:00:00,0.6687905076982418,0.07474419
2014-10-03 22:00:00,0.6139296450324094,0.22754446
2014-10-03 23:00:00,0.5700409548997435,0.30698836
2014-10-04 00:00:00,0.3286531591700812,0.33140182
2014-10-04 01:00:00,-0.0663450520239117,0.29688805
2014-10-04 02:00:00,-0.2089832949550758,0.17319646
2014-10-04 03:00:00,-0.2089832949550758,0.28296104
2014-10-04 04:00:00,-0.2418998125545752,0.2651397
2014-10-04 05:00:00,-0.34064936535307344,0.33321774
2014-10-04 06:00:00,-0.45037109068473813,0.17798808
2014-10-04 07:00:00,-0.494259780817404,-0.037448615
2014-10-04 08:00:00,-0.5052319533505705,-0.17466334
2014-10-04 09:00:00,-0.4613432632179046,-0.10987421
2014-10-04 10:00:00,-0.42842674561840516,-0.15884832
2014-10-04 11:00:00,-0.27481633015407464,-0.09626045
2014-10-04 12:00:00,-0.2418998125545752,0.022247493
2014-10-04 13:00:00,-0.03342853442441229,0.10265712
2014-10-04 14:00:00,0.054348845840919466,0.2368937
2014-10-04 15:00:00,0.03240450077458652,0.42642483
2014-10-04 16:00:00,-0.0005120168249128817,0.53559893
2014-10-04 17:00:00,0.07629319090725241,0.6198662
2014-10-04 18:00:00,0.09823753597358534,0.60556614
2014-10-04 19:00:00,0.17504274370575063,0.6668681
2014-10-04 20:00:00,0.13115405357308474,0.61969644
2014-10-04 21:00:00,0.010460155708253588,0.53944725
2014-10-04 22:00:00,-0.21995546748824227,0.48858708
2014-10-04 23:00:00,-0.25287198508774167,0.41708642
2014-10-05 00:00:00,-0.23092764002140873,0.3092009
2014-10-05 01:00:00,-0.15412243228924344,0.15567863
2014-10-05 02:00:00,-0.307732847753574,0.056639582
2014-10-05 03:00:00,-0.329677192819907,0.022808893
2014-10-05 04:00:00,-0.3955102280189058,0.00028508063
2014-10-05 05:00:00,-0.36259371041940636,-0.0497223
2014-10-05 06:00:00,-0.40648240055207224,-0.11204327
2014-10-05 07:00:00,-0.5052319533505705,-0.1555759
2014-10-05 08:00:00,-0.5491206434832363,-0.17823735
2014-10-05 09:00:00,-0.867313646945064,-0.17416665
2014-10-05 10:00:00,-0.9770353722767287,-0.20825559
2014-10-05 11:00:00,-0.9880075448098952,-0.17680198
2014-10-05 12:00:00,-1.009951889876228,-0.06637019
2014-10-05 13:00:00,-1.0209240624093945,0.08809431
2014-10-05 14:00:00,-0.9880075448098952,0.12950687
2014-10-05 15:00:00,-0.9660631997435621,0.055758797
2014-10-05 16:00:00,-1.009951889876228,0.1406653
2014-10-05 17:00:00,-1.0318962349425609,0.1983389
2014-10-05 18:00:00,-0.9770353722767287,0.22754566
2014-10-05 19:00:00,-0.9112023370777298,0.22197652
2014-10-05 20:00:00,-0.8563414744118975,0.1986772
2014-10-05 21:00:00,-0.8014806117460651,0.14429204
2014-10-05 22:00:00,-0.6259258512154017,0.034924977
2014-10-05 23:00:00,-0.7246754040138998,-0.025174232
2014-10-06 00:00:00,-0.6698145413480675,0.038504213
2014-10-06 01:00:00,-0.7466197490802328,0.04623811
2014-10-06 02:00:00,-0.7905084392128987,0.027550912
2014-10-06 03:00:00,-0.7905084392128987,-0.027757538
2014-10-06 04:00:00,-0.8563414744118975,-0.07928315
2014-10-06 05:00:00,-0.8014806117460651,-0.162967
2014-10-06 06:00:00,-0.8563414744118975,-0.17757827
2014-10-06 07:00:00,-0.8563414744118975,-0.28917646
2014-10-06 08:00:00,-0.823424956812398,-0.30948782
2014-10-06 09:00:00,-0.867313646945064,-0.47863176
2014-10-06 10:00:00,-0.8563414744118975,-0.63145536
2014-10-06 11:00:00,-0.9002301645445634,-0.6893681
2014-10-06 12:00:00,-0.9002301645445634,-0.7234463
2014-10-06 13:00:00,-0.8563414744118975,-0.7532608
2014-10-06 14:00:00,-0.8782858194782304,-0.7509234
2014-10-06 15:00:00,-0.823424956812398,-0.74779177
2014-10-06 16:00:00,-0.8563414744118975,-0.8255543
2014-10-06 17:00:00,-0.823424956812398,-0.8709005
2014-10-06 18:00:00,-0.7356475765470664,-0.8438536
2014-10-06 19:00:00,-0.5491206434832363,-0.7695962
2014-10-06 20:00:00,-0.42842674561840516,-0.60702956
2014-10-06 21:00:00,-0.2857885026872411,-0.58613205
2014-10-06 22:00:00,-0.23092764002140873,-0.4202276
2014-10-06 23:00:00,-0.25287198508774167,-0.2794553
2014-10-07 00:00:00,-0.09926156962341111,-0.20621985
2014-10-07 01:00:00,-0.0663450520239117,-0.29499805
2014-10-07 02:00:00,0.07629319090725241,-0.2540106
2014-10-07 03:00:00,0.15309839863941768,-0.35850626
2014-10-07 04:00:00,0.043376673307752994,-0.32292533
2014-10-07 05:00:00,-0.07731722455707817,-0.38061178
2014-10-07 06:00:00,-0.16509460482240992,-0.443123
2014-10-07 07:00:00,-0.27481633015407464,-0.46582848
2014-10-07 08:00:00,-0.27481633015407464,-0.45768127
2014-10-07 09:00:00,-0.3735658829525728,-0.50548905
2014-10-07 10:00:00,-0.3735658829525728,-0.590662
2014-10-07 11:00:00,-0.19801112242190932,-0.43777952
2014-10-07 12:00:00,0.043376673307752994,-0.43973237
2014-10-07 13:00:00,0.19698708877208357,-0.48835567
2014-10-07 14:00:00,0.4383748845017459,-0.5063194
2014-10-07 15:00:00,0.6358739900987423,-0.4740382
2014-10-07 16:00:00,0.8662896132952382,-0.464171
2014-10-07 17:00:00,0.8992061308947376,-0.42022157
2014-10-07 18:00:00,0.9760113386269029,-0.34222728
2014-10-07 19:00:00,1.3161486871550634,-0.20128736
2014-10-07 20:00:00,1.5904530004842252,-0.06525094
2014-10-07 21:00:00,1.70017472581589,0.13566566
2014-10-07 22:00:00,2.0183677292777173,0.22403374
2014-10-07 23:00:00,2.4791989756707093,0.18734649
2014-10-08 00:00:00,2.2048946623415473,0.2010847
2014-10-08 01:00:00,2.07322859194355,0.20467062
2014-10-08 02:00:00,1.8537851412802204,0.17686309
2014-10-08 03:00:00,1.634341690616891,0.2991104
2014-10-08 04:00:00,1.447814757553061,0.21994856
2014-10-08 05:00:00,1.3380930322213964,0.10785608
2014-10-08 06:00:00,1.283232169555564,0.022050709
2014-10-08 07:00:00,1.2612878244892312,0.049173184
2014-10-08 08:00:00,1.5685086554178922,-0.030107165
2014-10-08 09:00:00,1.3600373772877292,-0.16409333
2014-10-08 10:00:00,1.491703447685727,-0.22317828
2014-10-08 11:00:00,1.7111468983490563,-0.009376034
2014-10-08 12:00:00,1.8867016588797199,0.1433331
2014-10-08 13:00:00,1.820868623680721,0.23644643
2014-10-08 14:00:00,1.9744790391450515,0.34831002
2014-10-08 15:00:00,2.4133659404717105,0.42373174
2014-10-08 16:00:00,2.896141531931035,0.5230541
2014-10-08 17:00:00,3.104612810061198,0.5859264
2014-10-08 18:00:00,3.313084088191361,0.7123079
2014-10-08 19:00:00,3.247251052992362,0.90013355
2014-10-08 20:00:00,3.4996110212551907,1.0181019
2014-10-08 21:00:00,3.642249264186355,0.9841336
2014-10-08 22:00:00,3.642249264186355,1.1108102
2014-10-08 23:00:00,3.356972778324027,1.2724258
2014-10-09 00:00:00,3.1594736727270303,1.1843363
2014-10-09 01:00:00,2.940030222063701,1.1166562
2014-10-09 02:00:00,2.7973919791325366,1.0313098
2014-10-09 03:00:00,2.731558943933538,0.8623194
2014-10-09 04:00:00,2.7754476340662038,0.7359952
2014-10-09 05:00:00,2.687670253800872,0.6705182
2014-10-09 06:00:00,2.643781563668206,0.62262046
2014-10-09 07:00:00,2.5998928735355404,0.6317125
2014-10-09 08:00:00,2.6547537362013727,0.7328932
2014-10-09 09:00:00,2.6547537362013727,0.65687513
2014-10-09 10:00:00,2.566976355936041,0.7701041
2014-10-09 11:00:00,2.5998928735355404,0.82721186
2014-10-09 12:00:00,2.6657259087345393,0.813797
2014-10-09 13:00:00,2.7425311164667043,0.8721348
2014-10-09 14:00:00,2.896141531931035,0.937523
2014-10-09 15:00:00,2.994891084729533,1.0790854
2014-10-09 16:00:00,3.126557155127531,1.2661997
2014-10-09 17:00:00,3.2691953980586947,1.262822
2014-10-09 18:00:00,3.620304919120022,1.2476088
2014-10-09 19:00:00,3.7519709895180196,1.2331885
2014-10-09 20:00:00,3.762943162051186,1.5281631
2014-10-09 21:00:00,3.708082299385354,1.5537282
2014-10-09 22:00:00,3.5105831937883574,1.6120042
2014-10-09 23:00:00,3.8836370599160173,1.6591264
2014-10-10 00:00:00,3.620304919120022,1.5469432
2014-10-10 01:00:00,3.247251052992362,1.5429019
2014-10-10 02:00:00,3.1375293276606975,1.5156621
2014-10-10 03:00:00,3.016835429795866,1.416025
2014-10-10 04:00:00,2.6766980812677055,1.503359
2014-10-10 05:00:00,2.7205867714003715,1.4117079
2014-10-10 06:00:00,2.6108650460687066,1.3653127
2014-10-10 07:00:00,2.402393767938544,1.4343418
2014-10-10 08:00:00,2.457254630604376,1.4102684
2014-10-10 09:00:00,2.44628245807121,1.2412028
2014-10-10 10:00:00,2.5340598383365416,1.2817702
2014-10-10 11:00:00,2.5450320108697078,1.2071942
2014-10-10 12:00:00,2.501143320737042,1.2815744
2014-10-10 13:00:00,2.3036442151400456,1.3743495
2014-10-10 14:00:00,2.171978144742048,1.438011
2014-10-10 15:00:00,1.8318407962138874,1.4333345
2014-10-10 16:00:00,1.7660077610148888,1.4968816
2014-10-10 17:00:00,1.5685086554178922,1.5716597
2014-10-10 18:00:00,1.7879521060812216,1.7185392
2014-10-10 19:00:00,2.215866834874714,1.77117
2014-10-10 20:00:00,2.5340598383365416,1.7112755
2014-10-10 21:00:00,2.523087665803375,1.607572
2014-10-10 22:00:00,2.2816998700737128,1.66773
2014-10-10 23:00:00,2.4353102855380433,1.9200181
2014-10-11 00:00:00,2.501143320737042,1.8086402
2014-10-11 01:00:00,2.2268390074078805,1.6410533
2014-10-11 02:00:00,2.084200764476716,1.6200634
2014-10-11 03:00:00,2.380449422872211,1.7112687
2014-10-11 04:00:00,2.3475329052727116,1.5155553
2014-10-11 05:00:00,1.8537851412802204,1.6051102
2014-10-11 06:00:00,1.1405939266243998,1.5614015
2014-10-11 07:00:00,1.283232169555564,1.3512611
2014-10-11 08:00:00,1.118649581558067,1.4796418
2014-10-11 09:00:00,1.0528165463590682,1.5327438
2014-10-11 10:00:00,1.425870412486728,1.4955374
2014-10-11 11:00:00,1.7111468983490563,1.4112623
2014-10-11 12:00:00,1.6014251730173916,1.420993
2014-10-11 13:00:00,1.5685086554178922,1.3082073
2014-10-11 14:00:00,1.5026756202188933,1.2501038
2014-10-11 15:00:00,1.4587869300862275,1.122841
2014-10-11 16:00:00,1.5246199652852264,1.1268444
2014-10-11 17:00:00,1.6782303807495569,1.0775459
2014-10-11 18:00:00,0.08726536344041887,1.1180264
2014-10-11 19:00:00,-0.867313646945064,1.3211813
2014-10-11 20:00:00,-0.9002301645445634,1.4480594
2014-10-11 21:00:00,-1.0428684074757275,1.4195312
2014-10-11 22:00:00,-1.0318962349425609,1.3767128
2014-10-11 23:00:00,-1.0209240624093945,1.4766369
2014-10-12 00:00:00,-1.009951889876228,1.4512241
2014-10-12 01:00:00,-1.0428684074757275,1.2992827
2014-10-12 02:00:00,-1.0209240624093945,1.2965714
2014-10-12 03:00:00,-0.9989797173430616,1.4100959
2014-10-12 04:00:00,-0.9989797173430616,1.3304166
2014-10-12 05:00:00,-0.9989797173430616,1.0953727
2014-10-12 06:00:00,-1.009951889876228,0.87067366
2014-10-12 07:00:00,-1.0209240624093945,0.87987417
2014-10-12 08:00:00,-1.053840580008894,0.78484774
2014-10-12 09:00:00,-1.0648127525420603,0.71229494
2014-10-12 10:00:00,-1.053840580008894,0.8065148
2014-10-12 11:00:00,-1.0318962349425609,0.89851177
2014-10-12 12:00:00,-1.0648127525420603,0.8479924
2014-10-12 13:00:00,-1.0428684074757275,0.86596334
2014-10-12 14:00:00,-1.0318962349425609,0.87026197
2014-10-12 15:00:00,-1.0318962349425609,0.78298366
2014-10-12 16:00:00,-1.053840580008894,0.7522419
2014-10-12 17:00:00,-1.0209240624093945,0.8175243
2014-10-12 18:00:00,-1.0318962349425609,0.1086731
2014-10-12 19:00:00,-1.0209240624093945,-0.4813081
2014-10-12 20:00:00,-0.9550910272103957,-0.6095569
2014-10-12 21:00:00,-1.009951889876228,-0.70618224
2014-10-12 22:00:00,-0.9880075448098952,-0.7320653
2014-10-12 23:00:00,-0.9880075448098952,-0.75239897
2014-10-13 00:00:00,-1.0209240624093945,-0.76218486
2014-10-13 01:00:00,-1.0428684074757275,-0.8094826
2014-10-13 02:00:00,-1.0648127525420603,-0.79995286
2014-10-13 03:00:00,-1.0648127525420603,-0.7468035
2014-10-13 04:00:00,-1.0209240624093945,-0.72835344
2014-10-13 05:00:00,-0.9989797173430616,-0.7552891
2014-10-13 06:00:00,-1.0209240624093945,-0.80794275
2014-10-13 07:00:00,-1.0428684074757275,-0.91265726
2014-10-13 08:00:00,-1.0428684074757275,-0.9352352
2014-10-13 09:00:00,-1.0209240624093945,-0.93450904
2014-10-13 10:00:00,-0.9989797173430616,-0.9808816
2014-10-13 11:00:00,-1.009951889876228,-0.9666188
2014-10-13 12:00:00,-0.9989797173430616,-1.0068661
2014-10-13 13:00:00,-0.9989797173430616,-0.88058007
2014-10-13 14:00:00,-1.009951889876228,-0.8601058
2014-10-13 15:00:00,-0.9880075448098952,-0.84575295
2014-10-13 16:00:00,-0.9880075448098952,-0.8194887
2014-10-13 17:00:00,-1.009951889876228,-0.8163425
2014-10-13 18:00:00,-0.9550910272103957,-0.8179406
2014-10-13 19:00:00,-0.8343971293455645,-0.78138053
2014-10-13 20:00:00,-0.7137032314807333,-0.7270206
2014-10-13 21:00:00,-0.7137032314807333,-0.73792136
2014-10-13 22:00:00,-0.5381484709500699,-0.72873306
2014-10-13 23:00:00,-0.45037109068473813,-0.7367413
2014-10-14 00:00:00,-0.42842674561840516,-0.75171983
2014-10-14 01:00:00,-0.5820371610827357,-0.7506672
2014-10-14 02:00:00,-0.6368980237485681,-0.74984205
2014-10-14 03:00:00,-0.6039815061490686,-0.7386894
2014-10-14 04:00:00,-0.5820371610827357,-0.69959724
2014-10-14 05:00:00,-0.7356475765470664,-0.6471214
2014-10-14 06:00:00,-0.8782858194782304,-0.5812101
2014-10-14 07:00:00,-0.823424956812398,-0.56349987
2014-10-14 08:00:00,-0.8563414744118975,-0.60089743
2014-10-14 09:00:00,-0.9112023370777298,-0.6609739
2014-10-14 10:00:00,-0.8124527842792316,-0.7019353
2014-10-14 11:00:00,-0.7905084392128987,-0.714681
2014-10-14 12:00:00,-0.7575919216133993,-0.7036493
2014-10-14 13:00:00,-0.5930093336159022,-0.68742347
2014-10-14 14:00:00,-0.5600928160164028,-0.4602499
2014-10-14 15:00:00,-0.6917588864144004,-0.360348
2014-10-14 16:00:00,-0.7575919216133993,-0.37550187
2014-10-14 17:00:00,-0.7575919216133993,-0.3684257
2014-10-14 18:00:00,-0.5052319533505705,-0.29348257
2014-10-14 19:00:00,-0.36259371041940636,-0.20750509
2014-10-14 20:00:00,-0.27481633015407464,-0.037265137
2014-10-14 21:00:00,-0.13217808722291052,0.026507253
2014-10-14 22:00:00,0.15309839863941768,0.10579496
2014-10-14 23:00:00,0.3067088141037483,0.15024431
2014-10-15 00:00:00,0.44934705703491234,0.15594256
2014-10-15 01:00:00,0.5371244373002441,-0.039146565
2014-10-15 02:00:00,0.5371244373002441,-0.07415431
2014-10-15 03:00:00,0.27379229650424886,-0.17280091
2014-10-15 04:00:00,-0.08828939709024464,-0.23403844
2014-10-15 05:00:00,0.10920970850675181,-0.31446955
2014-10-15 06:00:00,-0.12120591468974404,-0.28548786
2014-10-15 07:00:00,-0.17606677735557638,-0.34801093
2014-10-15 08:00:00,-0.05537287949074523,-0.39481187
2014-10-15 09:00:00,-0.4174545730852387,-0.4377923
2014-10-15 10:00:00,-0.845369301878731,-0.30942574
2014-10-15 11:00:00,-0.9770353722767287,-0.24798667
2014-10-15 12:00:00,-0.9550910272103957,-0.22061571
2014-10-15 13:00:00,-0.9989797173430616,-0.20836753
2014-10-15 14:00:00,-0.9660631997435621,-0.17903078
2014-10-15 15:00:00,-0.9989797173430616,-0.20895666
2014-10-15 16:00:00,-1.009951889876228,-0.25359574
2014-10-15 17:00:00,-0.9989797173430616,-0.2605533
2014-10-15 18:00:00,-1.009951889876228,-0.16083443
2014-10-15 19:00:00,-1.0209240624093945,-0.053878255
2014-10-15 20:00:00,-0.9221745096108963,0.029952565
2014-10-15 21:00:00,-0.8782858194782304,0.20842445
2014-10-15 22:00:00,-0.9112023370777298,0.40050942
2014-10-15 23:00:00,-0.8782858194782304,0.53595245
2014-10-16 00:00:00,-0.658842368814901,0.6104046
2014-10-16 01:00:00,-0.8014806117460651,0.61713547
2014-10-16 02:00:00,-0.8014806117460651,0.5047152
2014-10-16 03:00:00,-0.7795362666797322,0.3776765
2014-10-16 04:00:00,-0.7575919216133993,0.188719
2014-10-16 05:00:00,-0.6917588864144004,0.11022604
2014-10-16 06:00:00,-0.7027310589475669,-0.03280765
2014-10-16 07:00:00,-0.6259258512154017,-0.050657675
2014-10-16 08:00:00,-0.6149536786822352,-0.07901775
2014-10-16 09:00:00,-0.6149536786822352,-0.19455124
2014-10-16 10:00:00,-0.823424956812398,-0.3146416
2014-10-16 11:00:00,-0.9112023370777298,-0.38990778
2014-10-16 12:00:00,-0.9112023370777298,-0.4084118
2014-10-16 13:00:00,-0.8014806117460651,-0.4270643
2014-10-16 14:00:00,-0.7795362666797322,-0.45626706
2014-10-16 15:00:00,-0.7795362666797322,-0.5100502
2014-10-16 16:00:00,-0.7027310589475669,-0.5685016
2014-10-16 17:00:00,-0.45037109068473813,-0.59565514
2014-10-16 18:00:00,-0.45037109068473813,-0.62039584
2014-10-16 19:00:00,-0.47231543575107104,-0.6541607
2014-10-16 20:00:00,-0.494259780817404,-0.61708397
2014-10-16 21:00:00,-0.43939891815157167,-0.5712205
2014-10-16 22:00:00,-0.329677192819907,-0.44504863
2014-10-16 23:00:00,-0.21995546748824227,-0.22090122
2014-10-17 00:00:00,-0.16509460482240992,-0.050086193
2014-10-17 01:00:00,-0.13217808722291052,-0.09774644
2014-10-17 02:00:00,-0.09926156962341111,-0.077466436
2014-10-17 03:00:00,-0.02245636189124582,-0.06213037
2014-10-17 04:00:00,0.03240450077458652,-0.06952477
2014-10-17 05:00:00,0.010460155708253588,-0.068121724
2014-10-17 06:00:00,-0.02245636189124582,-0.07406389
2014-10-17 07:00:00,-0.011484189358079351,-0.06857702
2014-10-17 08:00:00,-0.05537287949074523,-0.08760431
2014-10-17 09:00:00,-0.2638441576209081,-0.12556323
2014-10-17 10:00:00,-0.21995546748824227,-0.22970904
2014-10-17 11:00:00,-0.14315025975607698,-0.3899829
2014-10-17 12:00:00,-0.14315025975607698,-0.4512433
2014-10-17 13:00:00,-0.19801112242190932,-0.4111069
2014-10-17 14:00:00,0.054348845840919466,-0.37238258
2014-10-17 15:00:00,0.17504274370575063,-0.35017827
2014-10-17 16:00:00,0.03240450077458652,-0.304038
2014-10-17 17:00:00,0.09823753597358534,-0.17191303
2014-10-17 18:00:00,0.19698708877208357,-0.09297631
2014-10-17 19:00:00,0.29573664157058177,-0.055580042
2014-10-17 20:00:00,0.4822635746344118,-0.04766559
2014-10-17 21:00:00,0.9760113386269029,-0.018008819
2014-10-17 22:00:00,0.9869835111600693,0.17451045
2014-10-17 23:00:00,1.3710095498208958,0.24363078
2014-10-18 00:00:00,1.217399134356565,0.2990803
2014-10-18 01:00:00,1.0637887188922346,0.30203688
2014-10-18 02:00:00,1.096705236491734,0.20855345
2014-10-18 03:00:00,1.0637887188922346,0.22707808
2014-10-18 04:00:00,1.0199000287595688,0.165263
2014-10-18 05:00:00,0.8772617858284046,0.082529925
2014-10-18 06:00:00,0.18601491623891708,0.01678033
2014-10-18 07:00:00,0.10920970850675181,0.05986227
2014-10-18 08:00:00,0.12018188103991828,-0.008030577
2014-10-18 09:00:00,-0.0663450520239117,-0.12049521
2014-10-18 10:00:00,0.13115405357308474,-0.15068813
2014-10-18 11:00:00,0.10920970850675181,-0.025606511
2014-10-18 12:00:00,0.6029574724992429,0.03870336
2014-10-18 13:00:00,0.9430948210274035,0.047285296
2014-10-18 14:00:00,1.0308722012927352,0.08385434
2014-10-18 15:00:00,1.2064269618233987,0.15645896
2014-10-18 16:00:00,1.2612878244892312,0.15796466
2014-10-18 17:00:00,1.425870412486728,0.19027045
2014-10-18 18:00:00,1.5246199652852264,0.33000988
2014-10-18 19:00:00,1.8867016588797199,0.40921658
2014-10-18 20:00:00,2.150033799675715,0.49551895
2014-10-18 21:00:00,2.358505077805878,0.66476536
2014-10-18 22:00:00,2.81933632419887,0.7504098
2014-10-18 23:00:00,3.0936406375280314,0.8500607
2014-10-19 00:00:00,3.356972778324027,0.74552107
2014-10-19 01:00:00,3.3460006057908602,0.58051443
2014-10-19 02:00:00,3.170445845260197,0.4886475
2014-10-19 03:00:00,3.2582232255255286,0.46255058
2014-10-19 04:00:00,3.433777986056192,0.5304785
2014-10-19 05:00:00,2.994891084729533,0.42918587
2014-10-19 06:00:00,2.874197186864702,0.17229904
2014-10-19 07:00:00,2.808364151665703,0.058352716
2014-10-19 08:00:00,2.6766980812677055,0.04779075
2014-10-19 09:00:00,2.7644754615330376,-0.028250078
2014-10-19 10:00:00,2.81933632419887,0.13721265
2014-10-19 11:00:00,2.7754476340662038,0.19441517
2014-10-19 12:00:00,2.106145109543049,0.3178044
2014-10-19 13:00:00,1.2393434794228981,0.45494023
2014-10-19 14:00:00,1.2064269618233987,0.5315615
2014-10-19 15:00:00,0.9101783034279041,0.5747329
2014-10-19 16:00:00,0.6687905076982418,0.6110714
2014-10-19 17:00:00,0.58101312743291,0.7116444
2014-10-19 18:00:00,0.7565678879635735,0.7587625
2014-10-19 19:00:00,1.0528165463590682,0.8902373
2014-10-19 20:00:00,1.096705236491734,1.086417
2014-10-19 21:00:00,1.0637887188922346,1.1880203
2014-10-19 22:00:00,0.8553174407620717,1.3315138
2014-10-19 23:00:00,0.6687905076982418,1.3551319
2014-10-20 00:00:00,0.6687905076982418,1.3314718
2014-10-20 01:00:00,0.7236513703640741,1.2295555
2014-10-20 02:00:00,0.7785122330299065,1.0412644
2014-10-20 03:00:00,0.8443452682289052,1.0211028
2014-10-20 04:00:00,0.8443452682289052,1.115146
2014-10-20 05:00:00,0.9760113386269029,0.939291
2014-10-20 06:00:00,0.9540669935605699,0.97547174
2014-10-20 07:00:00,1.0089278562264024,1.0250745
2014-10-20 08:00:00,1.1296217540912334,0.9659352
2014-10-20 09:00:00,1.469759102619394,0.97996503
2014-10-20 10:00:00,1.7660077610148888,0.9414909
2014-10-20 11:00:00,1.8098964511475546,0.87179995
2014-10-20 12:00:00,1.842812968747054,0.6782743
2014-10-20 13:00:00,2.029339901810884,0.45333797
2014-10-20 14:00:00,1.798924278614388,0.46617568
2014-10-20 15:00:00,1.6782303807495569,0.44077402
2014-10-20 16:00:00,1.6014251730173916,0.3969738
2014-10-20 17:00:00,1.5246199652852264,0.37191567
2014-10-20 18:00:00,1.7111468983490563,0.38049936
2014-10-20 19:00:00,1.6782303807495569,0.5790554
2014-10-20 20:00:00,1.7769799335480552,0.60917675
2014-10-20 21:00:00,1.5246199652852264,0.57806504
2014-10-20 22:00:00,0.4712914021012453,0.49158114
2014-10-20 23:00:00,-0.31870502028674047,0.39847514
2014-10-21 00:00:00,-0.42842674561840516,0.3639305
2014-10-21 01:00:00,-0.7246754040138998,0.37374675
2014-10-21 02:00:00,-0.7027310589475669,0.39476478
2014-10-21 03:00:00,-0.7356475765470664,0.36898232
2014-10-21 04:00:00,-0.7575919216133993,0.34350044
2014-10-21 05:00:00,-0.8343971293455645,0.48346022
2014-10-21 06:00:00,-0.7575919216133993,0.52422166
2014-10-21 07:00:00,-0.680786713881234,0.4853192
2014-10-21 08:00:00,-0.680786713881234,0.50081545
2014-10-21 09:00:00,-0.680786713881234,0.5696781
2014-10-21 10:00:00,-0.680786713881234,0.55001825
2014-10-21 11:00:00,-0.7027310589475669,0.56505954
2014-10-21 12:00:00,-0.680786713881234,0.59974885
2014-10-21 13:00:00,-0.6917588864144004,0.68500066
2014-10-21 14:00:00,-0.7027310589475669,0.6775309
2014-10-21 15:00:00,-0.7137032314807333,0.6732826
2014-10-21 16:00:00,-0.7356475765470664,0.6926843
2014-10-21 17:00:00,-0.6478701962817346,0.71041346
2014-10-21 18:00:00,-0.680786713881234,0.8520694
2014-10-21 19:00:00,-0.5381484709500699,0.86070657
2014-10-21 20:00:00,-0.36259371041940636,0.8721148
2014-10-21 21:00:00,-0.17606677735557638,0.80077416
2014-10-21 22:00:00,-0.09926156962341111,0.39434564
2014-10-21 23:00:00,-0.03342853442441229,0.03692581
2014-10-22 00:00:00,-0.43939891815157167,-0.08526185
2014-10-22 01:00:00,-0.5491206434832363,-0.22504184
2014-10-22 02:00:00,-0.5820371610827357,-0.2661039
2014-10-22 03:00:00,-0.5271762984169034,-0.28954542
2014-10-22 04:00:00,-0.29676067522040755,-0.33271587
2014-10-22 05:00:00,0.12018188103991828,-0.38853896
2014-10-22 06:00:00,0.043376673307752994,-0.38163757
2014-10-22 07:00:00,-0.11023374215657758,-0.34950018
2014-10-22 08:00:00,-0.17606677735557638,-0.35144383
2014-10-22 09:00:00,-0.23092764002140873,-0.35902828
2014-10-22 10:00:00,-0.18703894988874287,-0.3493944
2014-10-22 11:00:00,-0.08828939709024464,-0.35595793
2014-10-22 12:00:00,0.043376673307752994,-0.35266182
2014-10-22 13:00:00,-0.0005120168249128817,-0.33828804
2014-10-22 14:00:00,0.010460155708253588,-0.21193896
2014-10-22 15:00:00,-0.15412243228924344,-0.23040275
2014-10-22 16:00:00,-0.16509460482240992,-0.25047594
2014-10-22 17:00:00,-0.18703894988874287,-0.20985653
2014-10-22 18:00:00,-0.03342853442441229,-0.09481814
2014-10-22 19:00:00,0.18601491623891708,0.03883533
2014-10-22 20:00:00,0.2628201239710824,0.11258607
2014-10-22 21:00:00,0.29573664157058177,0.205302
2014-10-22 22:00:00,0.3505975042364141,0.239787
2014-10-22 23:00:00,0.3286531591700812,0.19977632
2014-10-23 00:00:00,0.2847644690374153,0.12423284
2014-10-23 01:00:00,0.20795926130525003,0.049881533
2014-10-23 02:00:00,0.08726536344041887,0.0018375386
2014-10-23 03:00:00,0.08726536344041887,-0.1202439
2014-10-23 04:00:00,0.021432328241420058,0.015453501
2014-10-23 05:00:00,0.10920970850675181,0.21037336
2014-10-23 06:00:00,0.14212622610625122,0.26304406
2014-10-23 07:00:00,0.08726536344041887,0.21304101
2014-10-23 08:00:00,0.17504274370575063,0.15350436
2014-10-23 09:00:00,0.3286531591700812,0.10340081
2014-10-23 10:00:00,0.3725418493027471,0.113955185
2014-10-23 11:00:00,0.39448619436908,0.16329199
2014-10-23 12:00:00,0.49323574716757823,0.2086775
2014-10-23 13:00:00,0.5371244373002441,0.20213613
2014-10-23 14:00:00,0.36156967676958063,0.19328718
2014-10-23 15:00:00,0.4712914021012453,0.120315745
2014-10-23 16:00:00,0.5371244373002441,0.093240514
2014-10-23 17:00:00,0.7017070252977412,0.07637121
2014-10-23 18:00:00,0.76754006049674,0.05853703
2014-10-23 19:00:00,0.8114287506294059,0.11970605
2014-10-23 20:00:00,0.9979556836932358,0.31672394
2014-10-23 21:00:00,1.0528165463590682,0.38758552
2014-10-23 22:00:00,1.0418443738259018,0.41672695
2014-10-23 23:00:00,1.2503156519560645,0.409878
2014-10-24 00:00:00,1.3929538948872286,0.28525567
2014-10-24 01:00:00,1.283232169555564,0.30018562
2014-10-24 02:00:00,1.0418443738259018,0.23063648
2014-10-24 03:00:00,0.9101783034279041,0.24026398
2014-10-24 04:00:00,0.8662896132952382,0.1573218
2014-10-24 05:00:00,0.9979556836932358,0.12912144
2014-10-24 06:00:00,0.8553174407620717,0.21301255
2014-10-24 07:00:00,0.9101783034279041,0.22284672
2014-10-24 08:00:00,0.932122648494237,0.13370459
2014-10-24 09:00:00,1.0089278562264024,0.1419388
2014-10-24 10:00:00,1.0857330639585676,0.13074502
2014-10-24 11:00:00,1.4368425850198945,0.25752896
2014-10-24 12:00:00,1.6782303807495569,0.32007173
2014-10-24 13:00:00,1.9854512116782181,0.33833748
2014-10-24 14:00:00,2.1280894546093823,0.29470438
2014-10-24 15:00:00,2.380449422872211,0.2605905
2014-10-24 16:00:00,2.3914215954053772,0.26220626
2014-10-24 17:00:00,2.44628245807121,0.30490023
2014-10-24 18:00:00,2.6218372186018732,0.38231564
2014-10-24 19:00:00,2.643781563668206,0.4158569
2014-10-24 20:00:00,2.6986424263340387,0.45443666
2014-10-24 21:00:00,2.808364151665703,0.43843055
2014-10-24 22:00:00,3.104612810061198,0.3936418
2014-10-24 23:00:00,2.8851693593978687,0.348344
2014-10-25 00:00:00,3.082668464994865,0.35557333
2014-10-25 01:00:00,2.7644754615330376,0.3781358
2014-10-25 02:00:00,2.402393767938544,0.24967766
2014-10-25 03:00:00,2.3036442151400456,0.1438578
2014-10-25 04:00:00,2.5340598383365416,0.10054175
2014-10-25 05:00:00,2.5450320108697078,0.11417294
2014-10-25 06:00:00,2.358505077805878,0.095654584
2014-10-25 07:00:00,2.3255885602063784,0.09343638
2014-10-25 08:00:00,2.3036442151400456,0.09886154
2014-10-25 09:00:00,2.457254630604376,0.11403517
2014-10-25 10:00:00,2.523087665803375,0.13527608
2014-10-25 11:00:00,2.457254630604376,0.27645975
2014-10-25 12:00:00,2.5340598383365416,0.35617995
2014-10-25 13:00:00,2.6986424263340387,0.39956188
2014-10-25 14:00:00,2.7644754615330376,0.3897184
2014-10-25 15:00:00,3.0278076023290326,0.40448618
2014-10-25 16:00:00,3.313084088191361,0.40254474
2014-10-25 17:00:00,3.543499711387857,0.40777838
2014-10-25 18:00:00,3.7300266444516867,0.4103905
2014-10-25 19:00:00,3.828776197250185,0.49920166
2014-10-25 20:00:00,4.081136165513014,0.48459417
2014-10-25 21:00:00,3.8726648873828506,0.56082755
2014-10-25 22:00:00,3.433777986056192,0.580848
2014-10-25 23:00:00,3.247251052992362,0.57949924
2014-10-26 00:00:00,3.2362788804591958,0.6208751
2014-10-26 01:00:00,3.060724119928532,0.5166502
2014-10-26 02:00:00,2.643781563668206,0.39858696
2014-10-26 03:00:00,2.3255885602063784,0.37156075
2014-10-26 04:00:00,1.7221190708822227,0.45484582
2014-10-26 05:00:00,0.9101783034279041,0.48471928
2014-10-26 06:00:00,-0.6698145413480675,0.4400457
2014-10-26 07:00:00,-0.9221745096108963,0.419641
2014-10-26 08:00:00,-0.9441188546772292,0.39173204
2014-10-26 09:00:00,-0.9221745096108963,0.40575784
2014-10-26 10:00:00,-0.9880075448098952,0.40305603
2014-10-26 11:00:00,-0.9880075448098952,0.45774746
2014-10-26 12:00:00,-0.9989797173430616,0.47401795
2014-10-26 13:00:00,-1.0209240624093945,0.46594796
2014-10-26 14:00:00,-0.9989797173430616,0.45869577
2014-10-26 15:00:00,-0.9989797173430616,0.49530566
2014-10-26 16:00:00,-0.9880075448098952,0.547068
2014-10-26 17:00:00,-1.009951889876228,0.59921956
2014-10-26 18:00:00,-0.9989797173430616,0.6766796
2014-10-26 19:00:00,-0.9112023370777298,0.707415
2014-10-26 20:00:00,-0.9331466821440627,0.7434951
2014-10-26 21:00:00,-0.9331466821440627,0.74169534
2014-10-26 22:00:00,-0.9660631997435621,0.7083068
2014-10-26 23:00:00,-0.9989797173430616,0.7190001
2014-10-27 00:00:00,-0.9880075448098952,0.7078554
2014-10-27 01:00:00,-0.9989797173430616,0.66195047
2014-10-27 02:00:00,-0.9660631997435621,0.6048045
2014-10-27 03:00:00,-0.9989797173430616,0.59749043
2014-10-27 04:00:00,-0.9550910272103957,0.47037125
2014-10-27 05:00:00,-0.9441188546772292,0.25477436
2014-10-27 06:00:00,-0.9660631997435621,-0.27325705
2014-10-27 07:00:00,-0.8343971293455645,-0.4726954
2014-10-27 08:00:00,-0.845369301878731,-0.5144567
2014-10-27 09:00:00,-0.7575919216133993,-0.5250087
2014-10-27 10:00:00,-0.47231543575107104,-0.62049055
2014-10-27 11:00:00,-0.6259258512154017,-0.68726623
2014-10-27 12:00:00,-0.7137032314807333,-0.76429445
2014-10-27 13:00:00,-0.7575919216133993,-0.7970349
2014-10-27 14:00:00,-0.7685640941465657,-0.8132867
2014-10-27 15:00:00,-0.823424956812398,-0.8068192
2014-10-27 16:00:00,-0.7356475765470664,-0.8303228
2014-10-27 17:00:00,-0.6698145413480675,-0.83365506
2014-10-27 18:00:00,-0.658842368814901,-0.83111
2014-10-27 19:00:00,-0.43939891815157167,-0.7876235
2014-10-27 20:00:00,-0.3516215378862399,-0.55717564
2014-10-27 21:00:00,-0.47231543575107104,-0.58554757
2014-10-27 22:00:00,-0.5381484709500699,-0.6212816
2014-10-27 23:00:00,-0.8124527842792316,-0.6706698
2014-10-28 00:00:00,-0.5491206434832363,-0.69412893
2014-10-28 01:00:00,-0.6368980237485681,-0.72433543
2014-10-28 02:00:00,-0.6259258512154017,-0.6911252
2014-10-28 03:00:00,-0.2857885026872411,-0.7011814
2014-10-28 04:00:00,-0.14315025975607698,-0.6600629
2014-10-28 05:00:00,-0.2418998125545752,-0.30518165
2014-10-28 06:00:00,-0.25287198508774167,-0.16565825
2014-10-28 07:00:00,-0.09926156962341111,-0.045826294
2014-10-28 08:00:00,-0.011484189358079351,-0.09464785
2014-10-28 09:00:00,-0.08828939709024464,-0.14460178
2014-10-28 10:00:00,-0.18703894988874287,-0.03350801
2014-10-28 11:00:00,-0.0663450520239117,-0.13050304
2014-10-28 12:00:00,-0.11023374215657758,-0.2414332
2014-10-28 13:00:00,-0.3516215378862399,-0.3317443
2014-10-28 14:00:00,-0.43939891815157167,-0.34488702
2014-10-28 15:00:00,-0.516204125883737,-0.36137503
2014-10-28 16:00:00,-0.5381484709500699,-0.3026775
2014-10-28 17:00:00,-0.5271762984169034,-0.25191337
2014-10-28 18:00:00,-0.5381484709500699,-0.23002678
2014-10-28 19:00:00,-0.5820371610827357,-0.10350456
2014-10-28 20:00:00,-0.5820371610827357,-0.001958033
2014-10-28 21:00:00,-0.45037109068473813,-0.028764775
2014-10-28 22:00:00,-0.45037109068473813,-0.06250608
2014-10-28 23:00:00,-0.2857885026872411,-0.24179259
2014-10-29 00:00:00,-0.07731722455707817,-0.10142226
2014-10-29 01:00:00,0.010460155708253588,-0.041391574
2014-10-29 02:00:00,0.12018188103991828,-0.15041019
2014-10-29 03:00:00,0.42740271196857943,0.075992905
2014-10-29 04:00:00,0.31768098663691474,0.17946362
2014-10-29 05:00:00,0.29573664157058177,0.15416405
2014-10-29 06:00:00,0.15309839863941768,0.051801406
2014-10-29 07:00:00,-0.02245636189124582,0.03579238
2014-10-29 08:00:00,0.021432328241420058,0.057789095
2014-10-29 09:00:00,0.06532101837408594,0.16779931
2014-10-29 10:00:00,0.12018188103991828,0.15742485
2014-10-29 11:00:00,0.06532101837408594,0.20280771
2014-10-29 12:00:00,0.054348845840919466,0.1971059
2014-10-29 13:00:00,0.08726536344041887,0.09001093
2014-10-29 14:00:00,0.07629319090725241,-0.035711378
2014-10-29 15:00:00,0.14212622610625122,-0.053256072
2014-10-29 16:00:00,0.2847644690374153,-0.10670846
2014-10-29 17:00:00,0.44934705703491234,-0.12340779
2014-10-29 18:00:00,0.6358739900987423,-0.13768718
2014-10-29 19:00:00,0.76754006049674,-0.168212
2014-10-29 20:00:00,0.8333730956957388,-0.09345537
2014-10-29 21:00:00,0.9101783034279041,-0.033951454
2014-10-29 22:00:00,1.0199000287595688,-0.019873342
2014-10-29 23:00:00,1.2612878244892312,0.05903113
2014-10-30 00:00:00,1.2612878244892312,0.09931286
2014-10-30 01:00:00,1.2064269618233987,0.27119115
2014-10-30 02:00:00,1.2503156519560645,0.38960552
2014-10-30 03:00:00,1.2503156519560645,0.5387976
2014-10-30 04:00:00,1.8867016588797199,0.46875307
2014-10-30 05:00:00,1.0747608914254012,0.36497784
2014-10-30 06:00:00,0.8333730956957388,0.25699228
2014-10-30 07:00:00,0.6468461626319087,0.12675719
2014-10-30 08:00:00,0.6358739900987423,0.09350982
2014-10-30 09:00:00,0.40545836690224646,0.09648874
2014-10-30 10:00:00,0.6139296450324094,0.09618852
2014-10-30 11:00:00,0.6687905076982418,0.17875022
2014-10-30 12:00:00,0.6907348527645747,0.20315658
2014-10-30 13:00:00,0.8553174407620717,0.22634311
2014-10-30 14:00:00,0.8772617858284046,0.24638516
2014-10-30 15:00:00,0.8662896132952382,0.29252225
2014-10-30 16:00:00,0.8992061308947376,0.34027323
2014-10-30 17:00:00,1.0089278562264024,0.36390465
2014-10-30 18:00:00,1.0857330639585676,0.52242464
2014-10-30 19:00:00,1.184482616757066,0.6591922
2014-10-30 20:00:00,1.2283713068897317,0.7345865
2014-10-30 21:00:00,1.0199000287595688,0.7771143
2014-10-30 22:00:00,1.1515660991575665,0.85091686
2014-10-30 23:00:00,1.1625382716907329,0.91565204
2014-10-31 00:00:00,1.2283713068897317,0.88556933
2014-10-31 01:00:00,1.2722599970223976,0.8324986
2014-10-31 02:00:00,1.447814757553061,0.8280329
2014-10-31 03:00:00,1.3490652047545628,0.8625641
2014-10-31 04:00:00,1.4148982399535617,1.0125629
2014-10-31 05:00:00,1.1625382716907329,0.6603418
2014-10-31 06:00:00,1.0308722012927352,0.6836815
2014-10-31 07:00:00,1.217399134356565,0.6781963
2014-10-31 08:00:00,1.3710095498208958,0.6688202
2014-10-31 09:00:00,0.7565678879635735,0.42181975
2014-10-31 10:00:00,0.4822635746344118,0.35645774
2014-10-31 11:00:00,0.5480966098334106,0.5070124
2014-10-31 12:00:00,0.4822635746344118,0.5796584
2014-10-31 13:00:00,0.4712914021012453,0.55651116
2014-10-31 14:00:00,0.4712914021012453,0.6349404
2014-10-31 15:00:00,0.49323574716757823,0.6287632
2014-10-31 16:00:00,0.5700409548997435,0.6881952
2014-10-31 17:00:00,0.7126791978309076,0.77394915
2014-10-31 18:00:00,0.8333730956957388,0.8367214
2014-10-31 19:00:00,1.1954547892902323,0.89101136
2014-10-31 20:00:00,1.3600373772877292,0.82909846
2014-10-31 21:00:00,1.096705236491734,0.7685299
2014-10-31 22:00:00,0.9650391660937364,0.8365413
2014-10-31 23:00:00,0.9211504759610706,0.87023723
2014-11-01 00:00:00,0.8772617858284046,0.80869126
2014-11-01 01:00:00,0.9760113386269029,0.84429586
2014-11-01 02:00:00,1.2612878244892312,0.8213408
2014-11-01 03:00:00,0.8772617858284046,0.75592947
2014-11-01 04:00:00,-0.2089832949550758,0.8384457
2014-11-01 05:00:00,-0.2418998125545752,0.7465677
2014-11-01 06:00:00,-0.8343971293455645,0.7729169
2014-11-01 07:00:00,-0.8124527842792316,0.7380253
2014-11-01 08:00:00,-0.7795362666797322,0.70137644
2014-11-01 09:00:00,-0.8563414744118975,0.60363185
2014-11-01 10:00:00,-0.9441188546772292,0.5179012
2014-11-01 11:00:00,-0.9770353722767287,0.5391797
2014-11-01 12:00:00,-0.9660631997435621,0.47437683
2014-11-01 13:00:00,-0.9770353722767287,0.43355
2014-11-01 14:00:00,-0.9550910272103957,0.41547376
2014-11-01 15:00:00,-0.9660631997435621,0.41059324
2014-11-01 16:00:00,-0.9989797173430616,0.43158942
2014-11-01 17:00:00,-0.9880075448098952,0.54459894
2014-11-01 18:00:00,-0.9880075448098952,0.6134021
2014-11-01 19:00:00,-0.9331466821440627,0.7249658
2014-11-01 20:00:00,-0.9002301645445634,0.79573846
2014-11-01 21:00:00,-0.9002301645445634,0.67716
2014-11-01 22:00:00,-0.9441188546772292,0.57300204
2014-11-01 23:00:00,-0.9221745096108963,0.54569936
2014-11-02 00:00:00,-0.9880075448098952,0.5028465
2014-11-02 01:00:00,-0.9989797173430616,0.605372
2014-11-02 02:00:00,-1.0318962349425609,0.7405504
2014-11-02 03:00:00,-1.009951889876228,0.59466434
2014-11-02 04:00:00,-1.0318962349425609,0.24638888
2014-11-02 05:00:00,-1.0648127525420603,0.04622419
2014-11-02 06:00:00,-1.075784925075227,-0.26435852
2014-11-02 07:00:00,-1.009951889876228,-0.21943504
2014-11-02 08:00:00,-1.009951889876228,-0.18425053
2014-11-02 09:00:00,-1.0209240624093945,-0.20948167
2014-11-02 10:00:00,-1.0318962349425609,-0.36859408
2014-11-02 11:00:00,-1.009951889876228,-0.48914158
2014-11-02 12:00:00,-1.0318962349425609,-0.5529301
2014-11-02 13:00:00,-0.9989797173430616,-0.57242775
2014-11-02 14:00:00,-1.009951889876228,-0.5680467
2014-11-02 15:00:00,-1.0209240624093945,-0.5655235
2014-11-02 16:00:00,-0.9880075448098952,-0.58670825
2014-11-02 17:00:00,-0.9880075448098952,-0.5803095
2014-11-02 18:00:00,-0.9770353722767287,-0.5680758
2014-11-02 19:00:00,-0.9880075448098952,-0.5334374
2014-11-02 20:00:00,-1.0209240624093945,-0.50086594
2014-11-02 21:00:00,-1.009951889876228,-0.49486637
2014-11-02 22:00:00,-1.0209240624093945,-0.5375465
2014-11-02 23:00:00,-0.9880075448098952,-0.5685833
2014-11-03 00:00:00,-0.9112023370777298,-0.62720996
2014-11-03 01:00:00,-0.8563414744118975,-0.65334016
2014-11-03 02:00:00,-0.7905084392128987,-0.67798567
2014-11-03 03:00:00,-0.7905084392128987,-0.6793905
2014-11-03 04:00:00,-0.8124527842792316,-0.68191886
2014-11-03 05:00:00,-0.823424956812398,-0.69631374
2014-11-03 06:00:00,-0.8782858194782304,-0.6991857
2014-11-03 07:00:00,-0.9770353722767287,-0.66172004
2014-11-03 08:00:00,-0.7905084392128987,-0.64195067
2014-11-03 09:00:00,-0.6698145413480675,-0.65421045
2014-11-03 10:00:00,-0.680786713881234,-0.6772259
2014-11-03 11:00:00,-0.9441188546772292,-0.6776165
2014-11-03 12:00:00,-0.9770353722767287,-0.6885458
2014-11-03 13:00:00,-0.9002301645445634,-0.6888467
2014-11-03 14:00:00,-1.009951889876228,-0.68592376
2014-11-03 15:00:00,-0.9880075448098952,-0.68321955
2014-11-03 16:00:00,-0.9880075448098952,-0.66058636
2014-11-03 17:00:00,-0.9770353722767287,-0.64204824
2014-11-03 18:00:00,-0.845369301878731,-0.61370295
2014-11-03 19:00:00,-0.7246754040138998,-0.59666115
2014-11-03 20:00:00,-0.658842368814901,-0.59819245
2014-11-03 21:00:00,-0.6259258512154017,-0.5435438
2014-11-03 22:00:00,-0.5710649885495693,-0.2908958
2014-11-03 23:00:00,-0.47231543575107104,-0.24313182
2014-11-04 00:00:00,-0.42842674561840516,-0.2056691
2014-11-04 01:00:00,-0.43939891815157167,-0.1862196
2014-11-04 02:00:00,-0.3516215378862399,-0.18466628
2014-11-04 03:00:00,-0.2638441576209081,-0.27644324
2014-11-04 04:00:00,-0.307732847753574,-0.23243752
2014-11-04 05:00:00,-0.21995546748824227,-0.30412686
2014-11-04 06:00:00,-0.21995546748824227,-0.2635508
2014-11-04 07:00:00,-0.3735658829525728,-0.26716673
2014-11-04 08:00:00,-0.3955102280189058,-0.25981474
2014-11-04 09:00:00,-0.16509460482240992,-0.19657579
2014-11-04 10:00:00,-0.04440070695757876,-0.27303866
2014-11-04 11:00:00,0.09823753597358534,-0.2929057
2014-11-04 12:00:00,0.19698708877208357,-0.30314177
2014-11-04 13:00:00,0.44934705703491234,-0.33367628
2014-11-04 14:00:00,0.6468461626319087,-0.37913075
2014-11-04 15:00:00,0.58101312743291,-0.37974483
2014-11-04 16:00:00,0.58101312743291,-0.37051728
2014-11-04 17:00:00,0.5700409548997435,-0.36228004
2014-11-04 18:00:00,0.6249018175655758,-0.3066433
2014-11-04 19:00:00,0.6468461626319087,-0.12126804
2014-11-04 20:00:00,1.0528165463590682,0.033109583
2014-11-04 21:00:00,1.184482616757066,0.13403186
2014-11-04 22:00:00,1.2612878244892312,0.19392271
2014-11-04 23:00:00,1.70017472581589,0.2271006
2014-11-05 00:00:00,1.5246199652852264,0.21234804
2014-11-05 01:00:00,1.447814757553061,0.15161751
2014-11-05 02:00:00,1.2064269618233987,0.021203758
2014-11-05 03:00:00,0.9211504759610706,-0.06010738
2014-11-05 04:00:00,0.8114287506294059,-0.009616055
2014-11-05 05:00:00,0.7017070252977412,0.0030850805
2014-11-05 06:00:00,0.5151800922339111,-0.027897602
2014-11-05 07:00:00,-0.02245636189124582,-0.09011749
2014-11-05 08:00:00,0.39448619436908,-0.20002314
2014-11-05 09:00:00,0.40545836690224646,-0.11588334
2014-11-05 10:00:00,-0.11023374215657758,-0.07678641
2014-11-05 11:00:00,-0.9441188546772292,-0.037399806
2014-11-05 12:00:00,-1.009951889876228,0.010976395
2014-11-05 13:00:00,-1.009951889876228,0.08779322
2014-11-05 14:00:00,-0.9770353722767287,0.16930768
2014-11-05 15:00:00,-0.9989797173430616,0.24465999
2014-11-05 16:00:00,-1.0318962349425609,0.2485388
2014-11-05 17:00:00,-1.0318962349425609,0.30275673
2014-11-05 18:00:00,-0.9880075448098952,0.37527514
2014-11-05 19:00:00,-0.9880075448098952,0.4256947
2014-11-05 20:00:00,-1.0209240624093945,0.4613239
2014-11-05 21:00:00,-1.0318962349425609,0.54940766
2014-11-05 22:00:00,-1.0428684074757275,0.57501566
2014-11-05 23:00:00,-1.0318962349425609,0.6341506
2014-11-06 00:00:00,-1.053840580008894,0.51922673
2014-11-06 01:00:00,-1.0428684074757275,0.4542281
2014-11-06 02:00:00,-1.053840580008894,0.30936837
2014-11-06 03:00:00,-1.0648127525420603,0.18939328
2014-11-06 04:00:00,-1.009951889876228,0.2236448
2014-11-06 05:00:00,-0.9989797173430616,0.17696092
2014-11-06 06:00:00,-1.0209240624093945,0.107592545
2014-11-06 07:00:00,-1.0209240624093945,-0.03161992
2014-11-06 08:00:00,-0.9989797173430616,0.030173944
2014-11-06 09:00:00,-0.9770353722767287,0.08088463
2014-11-06 10:00:00,-0.9880075448098952,0.04938776
2014-11-06 11:00:00,-0.9989797173430616,-0.2766505
2014-11-06 12:00:00,-1.0209240624093945,-0.42629388
2014-11-06 13:00:00,-1.053840580008894,-0.42915773
2014-11-06 14:00:00,-1.0648127525420603,-0.41655675
2014-11-06 15:00:00,-1.053840580008894,-0.42523736
2014-11-06 16:00:00,-1.0209240624093945,-0.45852986
2014-11-06 17:00:00,-1.0318962349425609,-0.4906048
2014-11-06 18:00:00,-1.0318962349425609,-0.50294983
2014-11-06 19:00:00,-0.7356475765470664,-0.50645125
2014-11-06 20:00:00,-0.658842368814901,-0.511333
2014-11-06 21:00:00,-0.658842368814901,-0.4780498
2014-11-06 22:00:00,-0.5710649885495693,-0.49027878
2014-11-06 23:00:00,-0.6149536786822352,-0.5395293
2014-11-07 00:00:00,-0.6478701962817346,-0.50865763
2014-11-07 01:00:00,-0.6149536786822352,-0.49370432
2014-11-07 02:00:00,-0.6039815061490686,-0.50265706
2014-11-07 03:00:00,-0.23092764002140873,-0.5041487
2014-11-07 04:00:00,-0.2638441576209081,-0.51740354
2014-11-07 05:00:00,-0.23092764002140873,-0.54668105
2014-11-07 06:00:00,-0.11023374215657758,-0.591655
2014-11-07 07:00:00,-0.29676067522040755,-0.6153948
2014-11-07 08:00:00,-0.329677192819907,-0.6292896
2014-11-07 09:00:00,-0.3735658829525728,-0.6677251
2014-11-07 10:00:00,-0.45037109068473813,-0.7062162
2014-11-07 11:00:00,-0.4174545730852387,-0.75107956
2014-11-07 12:00:00,-0.43939891815157167,-0.8076154
2014-11-07 13:00:00,-0.6478701962817346,-0.85294205
2014-11-07 14:00:00,-0.680786713881234,-0.8790957
2014-11-07 15:00:00,-0.7356475765470664,-0.86290646
2014-11-07 16:00:00,-0.9002301645445634,-0.8503812
2014-11-07 17:00:00,-0.7905084392128987,-0.81134766
2014-11-07 18:00:00,-0.5930093336159022,-0.38737482
2014-11-07 19:00:00,-0.5381484709500699,-0.10903837
2014-11-07 20:00:00,-0.47231543575107104,0.05417388
2014-11-07 21:00:00,-0.6917588864144004,0.043340035
2014-11-07 22:00:00,-0.7137032314807333,0.08692055
2014-11-07 23:00:00,-0.6478701962817346,0.04230476
2014-11-08 00:00:00,-0.5930093336159022,-0.0328471
2014-11-08 01:00:00,-0.4832876082842375,-0.01124925
2014-11-08 02:00:00,-0.34064936535307344,-0.0008470472
2014-11-08 03:00:00,-0.23092764002140873,0.18883058
2014-11-08 04:00:00,-0.2638441576209081,0.236087
2014-11-08 05:00:00,-0.3845380554857393,0.22215186
2014-11-08 06:00:00,-0.34064936535307344,0.18885818
2014-11-08 07:00:00,-0.2857885026872411,0.027831594
2014-11-08 08:00:00,-0.23092764002140873,-0.09062135
2014-11-08 09:00:00,-0.2418998125545752,-0.036115162
2014-11-08 10:00:00,-0.14315025975607698,-0.041224226
2014-11-08 11:00:00,-0.19801112242190932,-0.0073009487
2014-11-08 12:00:00,-0.2857885026872411,0.007901626
2014-11-08 13:00:00,-0.25287198508774167,-0.062719814
2014-11-08 14:00:00,-0.17606677735557638,-0.09765019
2014-11-08 15:00:00,-0.14315025975607698,-0.25656128
2014-11-08 16:00:00,-0.09926156962341111,-0.2606796
2014-11-08 17:00:00,-0.25287198508774167,-0.17808864
2014-11-08 18:00:00,-0.2857885026872411,-0.016950613
2014-11-08 19:00:00,-0.17606677735557638,-0.009889504
2014-11-08 20:00:00,-0.12120591468974404,-0.011615252
2014-11-08 21:00:00,-0.0663450520239117,-0.05563017
2014-11-08 22:00:00,-0.08828939709024464,-0.04592821
2014-11-08 23:00:00,-0.03342853442441229,-0.044841282
2014-11-09 00:00:00,-0.08828939709024464,0.021436395
2014-11-09 01:00:00,-0.02245636189124582,0.021437863
2014-11-09 02:00:00,0.17504274370575063,0.028790595
2014-11-09 03:00:00,0.14212622610625122,0.17533013
2014-11-09 04:00:00,0.010460155708253588,0.12949331
2014-11-09 05:00:00,-0.14315025975607698,0.0072116386
2014-11-09 06:00:00,-0.5052319533505705,-0.056813195
2014-11-09 07:00:00,-0.5491206434832363,-0.06535519
2014-11-09 08:00:00,-0.6368980237485681,-0.06240347
2014-11-09 09:00:00,-0.680786713881234,-0.08773055
2014-11-09 10:00:00,-0.680786713881234,-0.07836396
2014-11-09 11:00:00,-0.6698145413480675,-0.09671907
2014-11-09 12:00:00,-0.7356475765470664,0.005827261
2014-11-09 13:00:00,-0.7246754040138998,0.063018486
2014-11-09 14:00:00,-0.658842368814901,0.09474861
2014-11-09 15:00:00,-0.5710649885495693,0.116255395
2014-11-09 16:00:00,-0.6039815061490686,0.14388454
2014-11-09 17:00:00,-0.6698145413480675,0.09842311
2014-11-09 18:00:00,-0.6149536786822352,0.16186695
2014-11-09 19:00:00,-0.47231543575107104,0.2708103
2014-11-09 20:00:00,-0.25287198508774167,0.37070957
2014-11-09 21:00:00,-0.2638441576209081,0.32841414
2014-11-09 22:00:00,-0.02245636189124582,0.28984103
2014-11-09 23:00:00,0.010460155708253588,0.37389052
2014-11-10 00:00:00,0.043376673307752994,0.29336494
2014-11-10 01:00:00,0.06532101837408594,0.22780342
2014-11-10 02:00:00,0.08726536344041887,0.36234576
2014-11-10 03:00:00,-0.02245636189124582,0.32204318
2014-11-10 04:00:00,-0.23092764002140873,0.18740913
2014-11-10 05:00:00,-0.6149536786822352,0.054731816
2014-11-10 06:00:00,-0.7356475765470664,-0.12899593
2014-11-10 07:00:00,-0.6039815061490686,-0.2150035
2014-11-10 08:00:00,-0.516204125883737,-0.27779126
2014-11-10 09:00:00,-0.5820371610827357,-0.33225033
2014-11-10 10:00:00,-0.6368980237485681,-0.38559288
2014-11-10 11:00:00,-0.7246754040138998,-0.41330475
2014-11-10 12:00:00,-0.680786713881234,-0.27326232
2014-11-10 13:00:00,-0.6478701962817346,-0.31225532
2014-11-10 14:00:00,-0.4832876082842375,-0.2392694
2014-11-10 15:00:00,-0.45037109068473813,-0.15308173
2014-11-10 16:00:00,-0.3516215378862399,-0.13001099
2014-11-10 17:00:00,-0.23092764002140873,-0.14257908
2014-11-10 18:00:00,-0.23092764002140873,-0.0990671
2014-11-10 19:00:00,0.12018188103991828,0.104922034
2014-11-10 20:00:00,0.5151800922339111,0.30301416
2014-11-10 21:00:00,0.58101312743291,0.37440282
2014-11-10 22:00:00,0.49323574716757823,0.46586263
2014-11-10 23:00:00,0.4712914021012453,0.3868711
2014-11-11 00:00:00,0.4822635746344118,0.25880072
2014-11-11 01:00:00,1.096705236491734,0.32436007
2014-11-11 02:00:00,1.5246199652852264,0.27592567
2014-11-11 03:00:00,0.932122648494237,0.1457461
2014-11-11 04:00:00,0.6907348527645747,-0.008949695
2014-11-11 05:00:00,-0.7905084392128987,-0.20974803
2014-11-11 06:00:00,-0.9660631997435621,-0.31177932
2014-11-11 07:00:00,-0.9989797173430616,-0.28950673
2014-11-11 08:00:00,-0.9989797173430616,-0.24176684
2014-11-11 09:00:00,-0.9770353722767287,-0.25757235
2014-11-11 10:00:00,-0.9331466821440627,-0.29893303
2014-11-11 11:00:00,-0.9550910272103957,-0.21944112
2014-11-11 12:00:00,-0.9441188546772292,-0.1745348
2014-11-11 13:00:00,-0.9112023370777298,-0.1690925
2014-11-11 14:00:00,-0.9002301645445634,-0.11409753
2014-11-11 15:00:00,-0.9221745096108963,-0.06761881
2014-11-11 16:00:00,-0.9770353722767287,-0.00849927
2014-11-11 17:00:00,-1.0209240624093945,0.15254551
2014-11-11 18:00:00,-0.9989797173430616,0.2582587
2014-11-11 19:00:00,-0.9550910272103957,0.36659688
2014-11-11 20:00:00,-0.9221745096108963,0.5426444
2014-11-11 21:00:00,-1.009951889876228,0.67561924
2014-11-11 22:00:00,-0.8892579920113969,0.6878351
2014-11-11 23:00:00,-1.009951889876228,0.6525325
2014-11-12 00:00:00,-0.9989797173430616,0.60580087
2014-11-12 01:00:00,-1.0428684074757275,0.69292045
2014-11-12 02:00:00,-1.075784925075227,0.76902604
2014-11-12 03:00:00,-1.075784925075227,0.5686176
2014-11-12 04:00:00,-1.0648127525420603,0.3827124
2014-11-12 05:00:00,-1.0648127525420603,-0.16965787
2014-11-12 06:00:00,-1.0318962349425609,-0.4063257
2014-11-12 07:00:00,-1.053840580008894,-0.45459175
2014-11-12 08:00:00,-1.053840580008894,-0.436027
2014-11-12 09:00:00,-1.0428684074757275,-0.42385635
2014-11-12 10:00:00,-1.0318962349425609,-0.4256297
2014-11-12 11:00:00,-1.0318962349425609,-0.44284785
2014-11-12 12:00:00,-1.0428684074757275,-0.46679798
2014-11-12 13:00:00,-1.053840580008894,-0.47437987
2014-11-12 14:00:00,-1.0318962349425609,-0.49027362
2014-11-12 15:00:00,-1.0428684074757275,-0.5169509
2014-11-12 16:00:00,-1.0648127525420603,-0.5612284
2014-11-12 17:00:00,-1.0428684074757275,-0.5989002
2014-11-12 18:00:00,-1.0209240624093945,-0.6021836
2014-11-12 19:00:00,-0.9989797173430616,-0.578097
2014-11-12 20:00:00,-0.9770353722767287,-0.54133093
2014-11-12 21:00:00,-0.9660631997435621,-0.5885737
2014-11-12 22:00:00,-0.9331466821440627,-0.59439504
2014-11-12 23:00:00,-0.9112023370777298,-0.66031456
2014-11-13 00:00:00,-0.9660631997435621,-0.67536414
2014-11-13 01:00:00,-0.9770353722767287,-0.6985959
2014-11-13 02:00:00,-0.9660631997435621,-0.7143684
2014-11-13 03:00:00,-0.9660631997435621,-0.7189262
2014-11-13 04:00:00,-0.9770353722767287,-0.69606304
2014-11-13 05:00:00,-0.9550910272103957,-0.6939331
2014-11-13 06:00:00,-0.9331466821440627,-0.67658955
2014-11-13 07:00:00,-0.867313646945064,-0.69309413
2014-11-13 08:00:00,-0.867313646945064,-0.7214601
2014-11-13 09:00:00,-0.658842368814901,-0.7454604
2014-11-13 10:00:00,-0.658842368814901,-0.76916707
2014-11-13 11:00:00,-0.8782858194782304,-0.778826
2014-11-13 12:00:00,-0.9221745096108963,-0.7878892
2014-11-13 13:00:00,-0.8124527842792316,-0.779087
2014-11-13 14:00:00,-0.823424956812398,-0.75735873
2014-11-13 15:00:00,-0.823424956812398,-0.7344024
2014-11-13 16:00:00,-0.7137032314807333,-0.71975887
2014-11-13 17:00:00,-0.7356475765470664,-0.66244113
2014-11-13 18:00:00,-0.7575919216133993,-0.64540756
2014-11-13 19:00:00,-0.7685640941465657,-0.61407435
2014-11-13 20:00:00,-0.7356475765470664,-0.59830725
2014-11-13 21:00:00,-0.6039815061490686,-0.55626345
2014-11-13 22:00:00,-0.516204125883737,-0.32333475
2014-11-13 23:00:00,-0.6149536786822352,-0.32551697
2014-11-14 00:00:00,-0.6259258512154017,-0.4359663
2014-11-14 01:00:00,-0.5271762984169034,-0.5092183
2014-11-14 02:00:00,-0.5271762984169034,-0.3341335
2014-11-14 03:00:00,-0.5271762984169034,-0.2590757
2014-11-14 04:00:00,-0.5052319533505705,-0.29109037
2014-11-14 05:00:00,-0.5271762984169034,-0.19226557
2014-11-14 06:00:00,-0.5600928160164028,-0.13449821
2014-11-14 07:00:00,-0.5600928160164028,-0.19364138
2014-11-14 08:00:00,-0.658842368814901,-0.2860865
2014-11-14 09:00:00,-0.6478701962817346,-0.21365827
2014-11-14 10:00:00,-0.8343971293455645,-0.21110746
2014-11-14 11:00:00,-0.7685640941465657,-0.36225766
2014-11-14 12:00:00,-0.867313646945064,-0.45327088
2014-11-14 13:00:00,-0.8563414744118975,-0.43300003
2014-11-14 14:00:00,-0.8782858194782304,-0.41939926
2014-11-14 15:00:00,-0.867313646945064,-0.40859944
2014-11-14 16:00:00,-0.867313646945064,-0.36087194
2014-11-14 17:00:00,-0.823424956812398,-0.33420333
2014-11-14 18:00:00,-0.7466197490802328,-0.18503363
2014-11-14 19:00:00,-0.7137032314807333,-0.1345099
2014-11-14 20:00:00,-0.5491206434832363,-0.10597961
2014-11-14 21:00:00,-0.2857885026872411,-0.047407515
2014-11-14 22:00:00,-0.3955102280189058,0.013819592
2014-11-14 23:00:00,-0.11023374215657758,0.0049396697
2014-11-15 00:00:00,0.41643053943541297,-0.0165527
2014-11-15 01:00:00,0.8992061308947376,-0.011070987
2014-11-15 02:00:00,1.2064269618233987,-0.031467557
2014-11-15 03:00:00,1.184482616757066,-0.06185969
2014-11-15 04:00:00,0.5700409548997435,-0.08547135
2014-11-15 05:00:00,0.24087577890474945,-0.12017649
2014-11-15 06:00:00,-0.14315025975607698,-0.15985629
2014-11-15 07:00:00,-0.4174545730852387,-0.19721138
2014-11-15 08:00:00,-0.5271762984169034,-0.26081896
2014-11-15 09:00:00,-0.5271762984169034,-0.3256663
2014-11-15 10:00:00,-0.45037109068473813,-0.26884225
2014-11-15 11:00:00,-0.04440070695757876,-0.24350947
2014-11-15 12:00:00,0.3067088141037483,-0.2424429
2014-11-15 13:00:00,0.44934705703491234,-0.21293047
2014-11-15 14:00:00,0.7346235428972405,-0.20108886
2014-11-15 15:00:00,1.1625382716907329,-0.3244124
2014-11-15 16:00:00,1.3929538948872286,-0.29081553
2014-11-15 17:00:00,1.6014251730173916,-0.2287648
2014-11-15 18:00:00,1.425870412486728,-0.14993005
2014-11-15 19:00:00,1.5246199652852264,0.017909968
2014-11-15 20:00:00,1.51364779275206,0.114404686
2014-11-15 21:00:00,1.6453138631500575,0.26604885
2014-11-15 22:00:00,1.7660077610148888,0.23287995
2014-11-15 23:00:00,2.007395556744551,0.30487126
2014-11-16 00:00:00,1.8976738314128863,0.46234605
2014-11-16 01:00:00,1.9854512116782181,0.77320117
2014-11-16 02:00:00,1.2942043420887306,0.8755862
2014-11-16 03:00:00,1.3380930322213964,0.7584192
2014-11-16 04:00:00,1.1625382716907329,0.45688587
2014-11-16 05:00:00,2.2378111799410467,0.33554688
2014-11-16 06:00:00,2.1829503172752145,0.18914676
2014-11-16 07:00:00,2.0183677292777173,0.003696056
2014-11-16 08:00:00,1.820868623680721,-0.06677952
2014-11-16 09:00:00,1.7111468983490563,0.027391447
2014-11-16 10:00:00,-0.23092764002140873,0.08658602
2014-11-16 11:00:00,-0.680786713881234,0.2392227
2014-11-16 12:00:00,-0.8563414744118975,0.40238968
2014-11-16 13:00:00,-0.9331466821440627,0.46095836
2014-11-16 14:00:00,-0.867313646945064,0.59987587
2014-11-16 15:00:00,-0.9002301645445634,0.7606494
2014-11-16 16:00:00,-0.8892579920113969,0.8194682
2014-11-16 17:00:00,-0.9221745096108963,0.879787
2014-11-16 18:00:00,-0.9112023370777298,0.8230976
2014-11-16 19:00:00,-0.9331466821440627,0.9214659
2014-11-16 20:00:00,-0.8343971293455645,0.9583873
2014-11-16 21:00:00,-0.9660631997435621,1.0126637
2014-11-16 22:00:00,-0.8892579920113969,1.0829619
2014-11-16 23:00:00,-0.9550910272103957,1.2966651
2014-11-17 00:00:00,-0.9660631997435621,1.3743206
2014-11-17 01:00:00,-0.9550910272103957,1.4627153
2014-11-17 02:00:00,-0.9660631997435621,1.1581935
2014-11-17 03:00:00,-0.9550910272103957,1.1565604
2014-11-17 04:00:00,-0.9770353722767287,1.0797884
2014-11-17 05:00:00,-0.9770353722767287,1.5245297
2014-11-17 06:00:00,-0.9989797173430616,1.3685273
2014-11-17 07:00:00,-0.9770353722767287,1.2087495
2014-11-17 08:00:00,-0.9112023370777298,1.1114887
2014-11-17 09:00:00,-0.8892579920113969,0.9638715
2014-11-17 10:00:00,-0.8892579920113969,0.014595723
2014-11-17 11:00:00,-0.9221745096108963,-0.25063
2014-11-17 12:00:00,-0.9441188546772292,-0.39228547
2014-11-17 13:00:00,-0.9331466821440627,-0.46238756
2014-11-17 14:00:00,-0.9331466821440627,-0.44894278
2014-11-17 15:00:00,-1.009951889876228,-0.46949524
2014-11-17 16:00:00,-0.9550910272103957,-0.4832083
2014-11-17 17:00:00,-0.9221745096108963,-0.51103765
2014-11-17 18:00:00,-0.8014806117460651,-0.5533848
2014-11-17 19:00:00,-0.5820371610827357,-0.589169
2014-11-17 20:00:00,-0.5052319533505705,-0.55835557
2014-11-17 21:00:00,-0.4174545730852387,-0.6165781
2014-11-17 22:00:00,-0.3735658829525728,-0.6099981
2014-11-17 23:00:00,-0.307732847753574,-0.65228236
2014-11-18 00:00:00,-0.2089832949550758,-0.674179
2014-11-18 01:00:00,0.41643053943541297,-0.6701772
2014-11-18 02:00:00,0.22990360637158297,-0.6802852
2014-11-18 03:00:00,-0.2418998125545752,-0.67967194
2014-11-18 04:00:00,-0.2418998125545752,-0.68396664
2014-11-18 05:00:00,-0.40648240055207224,-0.3961369
2014-11-18 06:00:00,-0.6039815061490686,-0.3332132
2014-11-18 07:00:00,-0.6698145413480675,-0.39840797
2014-11-18 08:00:00,-0.658842368814901,-0.47772962
2014-11-18 09:00:00,-0.6368980237485681,-0.50287986
2014-11-18 10:00:00,-0.6478701962817346,-0.5435492
2014-11-18 11:00:00,-0.516204125883737,-0.57154983
2014-11-18 12:00:00,-0.5271762984169034,-0.6048282
2014-11-18 13:00:00,-0.42842674561840516,-0.6002476
2014-11-18 14:00:00,-0.45037109068473813,-0.5871242
2014-11-18 15:00:00,-0.516204125883737,-0.6258523
2014-11-18 16:00:00,-0.45037109068473813,-0.61441624
2014-11-18 17:00:00,-0.40648240055207224,-0.5887973
2014-11-18 18:00:00,-0.15412243228924344,-0.25281125
2014-11-18 19:00:00,0.06532101837408594,0.01876844
2014-11-18 20:00:00,0.39448619436908,0.20441265
2014-11-18 21:00:00,0.6358739900987423,0.30980578
2014-11-18 22:00:00,0.9760113386269029,0.29782066
2014-11-18 23:00:00,1.1296217540912334,0.3149236
2014-11-19 00:00:00,1.3271208596882298,0.29461452
2014-11-19 01:00:00,1.7221190708822227,0.50053865
2014-11-19 02:00:00,2.5560041834028744,0.4419235
2014-11-19 03:00:00,2.9729467396632003,0.17460476
2014-11-19 04:00:00,2.7864198065993704,0.083733514
2014-11-19 05:00:00,1.8976738314128863,-0.033941403
2014-11-19 06:00:00,1.70017472581589,-0.16006194
2014-11-19 07:00:00,0.7126791978309076,-0.22877944
2014-11-19 08:00:00,1.0747608914254012,-0.26550823
2014-11-19 09:00:00,1.9196181764792193,-0.290867
2014-11-19 10:00:00,2.4133659404717105,-0.33786187
2014-11-19 11:00:00,2.0183677292777173,-0.15569149
2014-11-19 12:00:00,2.6986424263340387,-0.08845436
2014-11-19 13:00:00,2.314616387673212,-0.021451829
2014-11-19 14:00:00,2.983918912196367,0.0047397483
2014-11-19 15:00:00,3.2801675705918614,-0.046302803
2014-11-19 16:00:00,2.9619745671300337,-0.037471265
2014-11-19 17:00:00,2.4901711482038755,0.082272656
2014-11-19 18:00:00,2.6986424263340387,0.25729108
2014-11-19 19:00:00,2.753503288999871,0.48127353
2014-11-19 20:00:00,2.874197186864702,0.7184112
2014-11-19 21:00:00,3.225306707926029,0.8442075
2014-11-19 22:00:00,3.3898892959235263,0.986821
2014-11-19 23:00:00,3.1155849825943642,1.0437356
2014-11-20 00:00:00,3.2143345353928625,0.9934272
2014-11-20 01:00:00,3.0716962924616986,1.1266781
2014-11-20 02:00:00,2.523087665803375,1.4493331
2014-11-20 03:00:00,2.457254630604376,1.5310892
2014-11-20 04:00:00,2.566976355936041,1.3388515
2014-11-20 05:00:00,2.566976355936041,1.0557225
2014-11-20 06:00:00,2.940030222063701,1.2147872
2014-11-20 07:00:00,2.8522528417983692,0.8150141
2014-11-20 08:00:00,2.457254630604376,1.0173551
2014-11-20 09:00:00,2.1829503172752145,1.2843498
2014-11-20 10:00:00,2.2487833524742133,1.3714885
2014-11-20 11:00:00,2.084200764476716,1.1659684
2014-11-20 12:00:00,2.3475329052727116,1.308362
2014-11-20 13:00:00,2.358505077805878,1.1186031
2014-11-20 14:00:00,2.25975552500738,1.3002765
2014-11-20 15:00:00,2.106145109543049,1.3607243
2014-11-20 16:00:00,2.358505077805878,1.251396
2014-11-20 17:00:00,2.5450320108697078,1.2143763
2014-11-20 18:00:00,2.6547537362013727,1.4635571
2014-11-20 19:00:00,2.6108650460687066,1.539421
2014-11-20 20:00:00,3.016835429795866,1.4870409
2014-11-20 21:00:00,2.942562261879047,1.5373813
2014-11-20 22:00:00,2.8682890939622276,1.6541764
2014-11-20 23:00:00,2.7940159260454083,1.5606445
2014-11-21 00:00:00,2.7197427581285893,1.5523604
2014-11-21 01:00:00,2.64546959021177,1.3747293
2014-11-21 02:00:00,2.5711964222949506,1.1876857
2014-11-21 03:00:00,2.496923254378132,1.3102996
2014-11-21 04:00:00,2.422650086461313,1.348054
2014-11-21 05:00:00,2.348376918544494,1.339126
2014-11-21 06:00:00,2.2741037506276744,1.3675367
2014-11-21 07:00:00,2.1998305827108555,1.2481974
2014-11-21 08:00:00,2.125557414794036,1.0605501
2014-11-21 09:00:00,2.0512842468772168,0.9158053
2014-11-21 10:00:00,0.8443452682289052,0.79214036
2014-11-21 11:00:00,0.36156967676958063,0.7107859
2014-11-21 12:00:00,-0.07731722455707817,0.70760155
2014-11-21 13:00:00,-0.19801112242190932,0.67742324
2014-11-21 14:00:00,-0.15412243228924344,0.6118679
2014-11-21 15:00:00,-0.13217808722291052,0.56194794
2014-11-21 16:00:00,-0.7356475765470664,0.62452495
2014-11-21 17:00:00,-0.9221745096108963,0.70948744
2014-11-21 18:00:00,-0.8892579920113969,0.80090207
2014-11-21 19:00:00,-0.8563414744118975,0.8187884
2014-11-21 20:00:00,-0.7575919216133993,0.9682548
2014-11-21 21:00:00,-0.6917588864144004,0.9304223
2014-11-21 22:00:00,-0.680786713881234,0.9324931
2014-11-21 23:00:00,-0.7685640941465657,1.0596998
2014-11-22 00:00:00,-0.9112023370777298,1.0626625
2014-11-22 01:00:00,-0.9989797173430616,1.0021063
2014-11-22 02:00:00,-0.9989797173430616,1.008727
2014-11-22 03:00:00,-0.9660631997435621,1.0295732
2014-11-22 04:00:00,-1.009951889876228,1.1083704
2014-11-22 05:00:00,-0.9880075448098952,1.0737396
2014-11-22 06:00:00,-0.9550910272103957,0.99219227
2014-11-22 07:00:00,-0.9331466821440627,0.9143455
2014-11-22 08:00:00,-0.7795362666797322,0.9652033
2014-11-22 09:00:00,-0.7575919216133993,0.9468721
2014-11-22 10:00:00,-0.6917588864144004,0.48567283
2014-11-22 11:00:00,-0.7027310589475669,0.3524874
2014-11-22 12:00:00,-0.7575919216133993,0.23715605
2014-11-22 13:00:00,-0.8124527842792316,0.18574078
2014-11-22 14:00:00,-0.7905084392128987,0.19064322
2014-11-22 15:00:00,-0.8124527842792316,0.07650082
2014-11-22 16:00:00,-0.680786713881234,-0.20816988
2014-11-22 17:00:00,-0.5710649885495693,-0.35924345
2014-11-22 18:00:00,-0.3845380554857393,-0.3669905
2014-11-22 19:00:00,-0.23092764002140873,-0.3455834
2014-11-22 20:00:00,0.010460155708253588,-0.23542169
2014-11-22 21:00:00,0.2518479514379159,-0.17417741
2014-11-22 22:00:00,0.5042079197007447,-0.15280126
2014-11-22 23:00:00,0.29573664157058177,-0.19431783
2014-11-23 00:00:00,0.07629319090725241,-0.28078052
2014-11-23 01:00:00,0.06532101837408594,-0.3725015
2014-11-23 02:00:00,0.17504274370575063,-0.4046219
2014-11-23 03:00:00,-0.0005120168249128817,-0.35672557
2014-11-23 04:00:00,-0.09926156962341111,-0.33632776
2014-11-23 05:00:00,-0.09926156962341111,-0.36500028
2014-11-23 06:00:00,-0.011484189358079351,-0.3583405
2014-11-23 07:00:00,0.10920970850675181,-0.35731244
2014-11-23 08:00:00,0.12018188103991828,-0.31888837
2014-11-23 09:00:00,0.14212622610625122,-0.33742657
2014-11-23 10:00:00,0.010460155708253588,-0.35540038
2014-11-23 11:00:00,0.010460155708253588,-0.3889237
2014-11-23 12:00:00,0.12018188103991828,-0.4239731
2014-11-23 13:00:00,0.15309839863941768,-0.2799683
2014-11-23 14:00:00,0.20795926130525003,-0.19078349
2014-11-23 15:00:00,0.44934705703491234,-0.21425319
2014-11-23 16:00:00,0.5371244373002441,-0.15648013
2014-11-23 17:00:00,0.3725418493027471,-0.062009722
2014-11-23 18:00:00,0.4712914021012453,0.07927535
2014-11-23 19:00:00,0.8114287506294059,0.19928342
2014-11-23 20:00:00,0.8992061308947376,0.35761526
2014-11-23 21:00:00,0.8882339583615712,0.52206963
2014-11-23 22:00:00,0.9430948210274035,0.64290136
2014-11-23 23:00:00,1.0199000287595688,0.5558088
2014-11-24 00:00:00,1.5355921378183928,0.4164775
2014-11-24 01:00:00,2.07322859194355,0.36161888
2014-11-24 02:00:00,1.9964233842113845,0.46821803
2014-11-24 03:00:00,0.9650391660937364,0.3485204
2014-11-24 04:00:00,0.8224009231625723,0.29803932
2014-11-24 05:00:00,0.5480966098334106,0.28452182
2014-11-24 06:00:00,0.17504274370575063,0.30063254
2014-11-24 07:00:00,-0.0005120168249128817,0.24519798
2014-11-24 08:00:00,-0.6368980237485681,0.164811
2014-11-24 09:00:00,-0.6478701962817346,0.11456612
2014-11-24 10:00:00,-0.7685640941465657,0.03138887
2014-11-24 11:00:00,-0.7905084392128987,0.075061984
2014-11-24 12:00:00,-0.8892579920113969,0.1562816
2014-11-24 13:00:00,-0.8563414744118975,0.2526853
2014-11-24 14:00:00,-0.8563414744118975,0.32529175
2014-11-24 15:00:00,-0.8563414744118975,0.38539228
2014-11-24 16:00:00,-0.7575919216133993,0.42247513
2014-11-24 17:00:00,-0.7575919216133993,0.43220487
2014-11-24 18:00:00,-0.6149536786822352,0.5024579
2014-11-24 19:00:00,-0.5930093336159022,0.6659889
2014-11-24 20:00:00,-0.4174545730852387,0.7057409
2014-11-24 21:00:00,-0.21995546748824227,0.6606574
2014-11-24 22:00:00,0.31768098663691474,0.59003776
2014-11-24 23:00:00,0.19698708877208357,0.67671037
2014-11-25 00:00:00,-0.11023374215657758,0.8510493
2014-11-25 01:00:00,-0.2418998125545752,0.9873714
2014-11-25 02:00:00,-0.15412243228924344,0.88734806
2014-11-25 03:00:00,0.12018188103991828,0.49741793
2014-11-25 04:00:00,0.4822635746344118,0.5183947
2014-11-25 05:00:00,0.22990360637158297,0.46103668
2014-11-25 06:00:00,0.13115405357308474,0.30895066
2014-11-25 07:00:00,0.12018188103991828,0.20638365
2014-11-25 08:00:00,0.5042079197007447,-0.17066464
2014-11-25 09:00:00,0.6468461626319087,-0.24021871
2014-11-25 10:00:00,0.5590687823665771,-0.40493855
2014-11-25 11:00:00,0.4712914021012453,-0.49310023
2014-11-25 12:00:00,0.6249018175655758,-0.5581627
2014-11-25 13:00:00,0.8114287506294059,-0.30653083
2014-11-25 14:00:00,1.0857330639585676,-0.21291667
2014-11-25 15:00:00,1.0089278562264024,-0.22301403
2014-11-25 16:00:00,0.9760113386269029,-0.16348279
2014-11-25 17:00:00,0.6468461626319087,-0.12376114
2014-11-25 18:00:00,1.1515660991575665,-0.03582014
2014-11-25 19:00:00,1.425870412486728,0.017226705
2014-11-25 20:00:00,1.9744790391450515,0.13060592
2014-11-25 21:00:00,1.820868623680721,0.3278389
2014-11-25 22:00:00,2.314616387673212,0.59193087
2014-11-25 23:00:00,2.6547537362013727,0.6123593
2014-11-26 00:00:00,2.44628245807121,0.34021157
2014-11-26 01:00:00,2.1829503172752145,0.18597554
2014-11-26 02:00:00,2.007395556744551,0.10463584
2014-11-26 03:00:00,1.7330912434153893,0.2774478
2014-11-26 04:00:00,1.5246199652852264,0.46887314
2014-11-26 05:00:00,1.491703447685727,0.4338768
2014-11-26 06:00:00,1.5465643103515594,0.2560843
2014-11-26 07:00:00,1.3819817223540622,0.11292769
2014-11-26 08:00:00,1.2612878244892312,0.17279781
2014-11-26 09:00:00,1.1076774090249004,0.33898252
2014-11-26 10:00:00,1.1076774090249004,0.36097527
2014-11-26 11:00:00,1.469759102619394,0.32515284
2014-11-26 12:00:00,1.5465643103515594,0.35433418
2014-11-26 13:00:00,1.6453138631500575,0.41097176
2014-11-26 14:00:00,1.7440634159485557,0.48680264
2014-11-26 15:00:00,2.07322859194355,0.4652921
2014-11-26 16:00:00,2.523087665803375,0.4295975
2014-11-26 17:00:00,2.7425311164667043,0.33994806
2014-11-26 18:00:00,2.7425311164667043,0.44672844
2014-11-26 19:00:00,3.1594736727270303,0.60208297
2014-11-26 20:00:00,3.060724119928532,0.7297585
2014-11-26 21:00:00,3.6861379543190207,0.6714523
2014-11-26 22:00:00,4.410301341508008,0.71376574
2014-11-26 23:00:00,4.629744792171337,0.75413156
2014-11-27 00:00:00,4.059191820446681,0.6742318
2014-11-27 01:00:00,3.71905447191852,0.6177968
2014-11-27 02:00:00,2.874197186864702,0.5930332
2014-11-27 03:00:00,0.8333730956957388,0.50035185
2014-11-27 04:00:00,-0.02245636189124582,0.44197184
2014-11-27 05:00:00,-0.8343971293455645,0.42887574
2014-11-27 06:00:00,-0.8782858194782304,0.41010225
2014-11-27 07:00:00,-0.9770353722767287,0.32976106
2014-11-27 08:00:00,-0.9770353722767287,0.25315073
2014-11-27 09:00:00,-0.9441188546772292,0.21965602
2014-11-27 10:00:00,-0.9441188546772292,0.20197868
2014-11-27 11:00:00,-0.9221745096108963,0.2406043
2014-11-27 12:00:00,-0.9550910272103957,0.25259724
2014-11-27 13:00:00,-0.9550910272103957,0.24089652
2014-11-27 14:00:00,-0.9441188546772292,0.26785544
2014-11-27 15:00:00,-0.9002301645445634,0.3434438
2014-11-27 16:00:00,-0.9112023370777298,0.4235931
2014-11-27 17:00:00,-0.9221745096108963,0.4825229
2014-11-27 18:00:00,-0.8782858194782304,0.5044812
2014-11-27 19:00:00,-0.7685640941465657,0.6339911
2014-11-27 20:00:00,-0.8343971293455645,0.68364215
2014-11-27 21:00:00,-0.7246754040138998,0.92044324
2014-11-27 22:00:00,-0.6917588864144004,1.1577631
2014-11-27 23:00:00,-0.6698145413480675,1.2266198
2014-11-28 00:00:00,-0.7246754040138998,1.1475242
2014-11-28 01:00:00,-0.6698145413480675,1.1836902
2014-11-28 02:00:00,-0.5600928160164028,1.0080656
2014-11-28 03:00:00,-0.5381484709500699,0.19740885
2014-11-28 04:00:00,-0.5271762984169034,-0.03908152
2014-11-28 05:00:00,-0.329677192819907,-0.48692548
2014-11-28 06:00:00,-0.18703894988874287,-0.528311
2014-11-28 07:00:00,-0.08828939709024464,-0.43412507
2014-11-28 08:00:00,-0.05537287949074523,-0.41646662
2014-11-28 09:00:00,-0.18703894988874287,-0.44007653
2014-11-28 10:00:00,-0.3735658829525728,-0.46801248
2014-11-28 11:00:00,-0.3735658829525728,-0.46700433
2014-11-28 12:00:00,-0.25287198508774167,-0.38623452
2014-11-28 13:00:00,-0.2857885026872411,-0.4106642
2014-11-28 14:00:00,-0.329677192819907,-0.42790362
2014-11-28 15:00:00,-0.15412243228924344,-0.42851475
2014-11-28 16:00:00,-0.11023374215657758,-0.4297883
2014-11-28 17:00:00,-0.09926156962341111,-0.44472802
2014-11-28 18:00:00,-0.011484189358079351,-0.43022242
2014-11-28 19:00:00,0.31768098663691474,-0.263578
2014-11-28 20:00:00,0.745595715430407,-0.22495104
2014-11-28 21:00:00,1.096705236491734,-0.1801044
2014-11-28 22:00:00,1.2503156519560645,-0.037378326
2014-11-28 23:00:00,1.217399134356565,-0.085846685
2014-11-29 00:00:00,1.305176514621897,-0.13324684
2014-11-29 01:00:00,1.5026756202188933,-0.1447247
2014-11-29 02:00:00,1.6233695180837246,-0.12000837
2014-11-29 03:00:00,1.6892025532827233,-0.11183454
2014-11-29 04:00:00,1.6892025532827233,-0.10679816
2014-11-29 05:00:00,1.6672582082163905,-0.049977437
2014-11-29 06:00:00,1.941562521545552,0.0074907597
2014-11-29 07:00:00,2.095172937009883,0.038704623
2014-11-29 08:00:00,2.0512842468772168,0.021149244
2014-11-29 09:00:00,2.1390616271425484,-0.06502918
2014-11-29 10:00:00,2.0512842468772168,-0.17340136
2014-11-29 11:00:00,2.4682268031375427,-0.08024869
2014-11-29 12:00:00,2.2048946623415473,0.02515978
2014-11-29 13:00:00,2.314616387673212,0.06828369
2014-11-29 14:00:00,2.9510023945968675,0.027559593
2014-11-29 15:00:00,3.0716962924616986,0.054308705
2014-11-29 16:00:00,3.2143345353928625,0.08954436
2014-11-29 17:00:00,2.6766980812677055,0.11029372
2014-11-29 18:00:00,2.6657259087345393,0.15181647
2014-11-29 19:00:00,2.6657259087345393,0.27006418
2014-11-29 20:00:00,2.44628245807121,0.44542557
2014-11-29 21:00:00,2.501143320737042,0.59926826
2014-11-29 22:00:00,2.3255885602063784,0.66244125
2014-11-29 23:00:00,1.798924278614388,0.63967407
2014-11-30 00:00:00,1.5575364828847258,0.64918554
2014-11-30 01:00:00,1.6892025532827233,0.75599885
2014-11-30 02:00:00,1.1405939266243998,0.7897502
2014-11-30 03:00:00,1.0308722012927352,0.70158887
2014-11-30 04:00:00,1.3929538948872286,0.6139858
2014-11-30 05:00:00,1.5575364828847258,0.5802947
2014-11-30 06:00:00,1.4807312751525605,0.6636815
2014-11-30 07:00:00,0.745595715430407,0.8277532
2014-11-30 08:00:00,-0.8782858194782304,0.87682134
2014-11-30 09:00:00,-0.9002301645445634,0.8064539
2014-11-30 10:00:00,-0.9221745096108963,0.7855017
2014-11-30 11:00:00,-0.8343971293455645,0.9570656
2014-11-30 12:00:00,-0.845369301878731,0.94045764
2014-11-30 13:00:00,-0.7027310589475669,1.0043585
2014-11-30 14:00:00,-0.6259258512154017,1.1519144
2014-11-30 15:00:00,-0.7685640941465657,1.1590376
2014-11-30 16:00:00,-0.8892579920113969,1.13194
2014-11-30 17:00:00,-0.9441188546772292,0.90754676
2014-11-30 18:00:00,-0.9002301645445634,0.96394175
2014-11-30 19:00:00,-0.8014806117460651,1.0659219
2014-11-30 20:00:00,-0.7575919216133993,1.0876669
2014-11-30 21:00:00,-0.6149536786822352,1.1341108
2014-11-30 22:00:00,-0.7466197490802328,1.0885978
2014-11-30 23:00:00,-0.7356475765470664,0.9263017
2014-12-01 00:00:00,-0.5710649885495693,1.0102715
2014-12-01 01:00:00,-0.7027310589475669,1.0115101
2014-12-01 02:00:00,-0.823424956812398,0.7503448
2014-12-01 03:00:00,-0.867313646945064,0.6726738
2014-12-01 04:00:00,-0.9550910272103957,0.73925585
2014-12-01 05:00:00,-0.9550910272103957,0.77023643
2014-12-01 06:00:00,-0.9660631997435621,0.6979259
2014-12-01 07:00:00,-0.9550910272103957,0.41301912
2014-12-01 08:00:00,-0.9660631997435621,-0.28531066
2014-12-01 09:00:00,-0.9770353722767287,-0.45494115
2014-12-01 10:00:00,-0.9880075448098952,-0.47926086
2014-12-01 11:00:00,-0.9660631997435621,-0.48152712
2014-12-01 12:00:00,-0.9441188546772292,-0.52302754
2014-12-01 13:00:00,-0.9770353722767287,-0.51683986
2014-12-01 14:00:00,-0.9880075448098952,-0.48543417
2014-12-01 15:00:00,-0.9989797173430616,-0.5294737
2014-12-01 16:00:00,-0.9989797173430616,-0.60833025
2014-12-01 17:00:00,-1.009951889876228,-0.6475636
2014-12-01 18:00:00,-0.9989797173430616,-0.63910115
2014-12-01 19:00:00,-0.9331466821440627,-0.6026935
2014-12-01 20:00:00,-0.8892579920113969,-0.6009354
2014-12-01 21:00:00,-1.009951889876228,-0.51829135
2014-12-01 22:00:00,-0.9331466821440627,-0.5535525
2014-12-01 23:00:00,-1.009951889876228,-0.5627002
2014-12-02 00:00:00,-0.9331466821440627,-0.4784833
2014-12-02 01:00:00,-0.9770353722767287,-0.49670488
2014-12-02 02:00:00,-0.9550910272103957,-0.5512592
2014-12-02 03:00:00,-0.9770353722767287,-0.5726802
2014-12-02 04:00:00,-0.9550910272103957,-0.6131574
2014-12-02 05:00:00,-0.9770353722767287,-0.6465438
2014-12-02 06:00:00,-0.9660631997435621,-0.6700222
2014-12-02 07:00:00,-0.9550910272103957,-0.6808373
2014-12-02 08:00:00,-0.9770353722767287,-0.69148004
2014-12-02 09:00:00,-0.8124527842792316,-0.7091607
2014-12-02 10:00:00,-0.845369301878731,-0.7336549
2014-12-02 11:00:00,-0.6259258512154017,-0.72689456
2014-12-02 12:00:00,-0.5271762984169034,-0.71631896
2014-12-02 13:00:00,-0.2638441576209081,-0.7359746
2014-12-02 14:00:00,-0.3735658829525728,-0.7533144
2014-12-02 15:00:00,-0.658842368814901,-0.73844767
2014-12-02 16:00:00,-0.36259371041940636,-0.74636763
2014-12-02 17:00:00,-0.2089832949550758,-0.72664356
2014-12-02 18:00:00,-0.04440070695757876,-0.710492
2014-12-02 19:00:00,0.08726536344041887,-0.6591655
2014-12-02 20:00:00,-0.011484189358079351,-0.60158193
2014-12-02 21:00:00,0.12018188103991828,-0.67091167
2014-12-02 22:00:00,0.2189314338384165,-0.6535692
2014-12-02 23:00:00,0.27379229650424886,-0.6486229
2014-12-03 00:00:00,0.2518479514379159,-0.5794267
2014-12-03 01:00:00,0.2847644690374153,-0.58655554
2014-12-03 02:00:00,0.12018188103991828,-0.30752015
2014-12-03 03:00:00,-0.8124527842792316,-0.34818566
2014-12-03 04:00:00,-0.9770353722767287,-0.3966137
2014-12-03 05:00:00,-0.9550910272103957,-0.50009716
2014-12-03 06:00:00,-0.9989797173430616,-0.56248164
2014-12-03 07:00:00,-0.9989797173430616,-0.5084511
2014-12-03 08:00:00,-0.9550910272103957,-0.5035305
2014-12-03 09:00:00,-0.9112023370777298,-0.44556716
2014-12-03 10:00:00,-0.9221745096108963,-0.42691714
2014-12-03 11:00:00,-0.9770353722767287,-0.22628188
2014-12-03 12:00:00,-0.9770353722767287,-0.06504192
2014-12-03 13:00:00,-0.9112023370777298,0.10395291
2014-12-03 14:00:00,-0.9989797173430616,0.10211837
2014-12-03 15:00:00,-0.9989797173430616,-0.01719316
2014-12-03 16:00:00,-0.9770353722767287,0.040740214
2014-12-03 17:00:00,-1.009951889876228,0.11029325
2014-12-03 18:00:00,-0.9331466821440627,0.18188378
2014-12-03 19:00:00,-0.9441188546772292,0.32729
2014-12-03 20:00:00,-0.9989797173430616,0.34628308
2014-12-03 21:00:00,-1.0209240624093945,0.3982324
2014-12-03 22:00:00,-1.0318962349425609,0.35468507
2014-12-03 23:00:00,-1.009951889876228,0.28898984
2014-12-04 00:00:00,-0.9770353722767287,0.22974509
2014-12-04 01:00:00,-0.9989797173430616,0.21505661
2014-12-04 02:00:00,-0.9770353722767287,0.14781961
2014-12-04 03:00:00,-0.9989797173430616,-0.055624343
2014-12-04 04:00:00,-1.009951889876228,-0.29218063
2014-12-04 05:00:00,-1.0428684074757275,-0.38573638
2014-12-04 06:00:00,-1.0318962349425609,-0.41098225
2014-12-04 07:00:00,-0.9989797173430616,-0.41336027
2014-12-04 08:00:00,-1.0318962349425609,-0.4037348
2014-12-04 09:00:00,-1.0209240624093945,-0.38843513
2014-12-04 10:00:00,-1.0209240624093945,-0.40704194
2014-12-04 11:00:00,-1.0318962349425609,-0.44662032
2014-12-04 12:00:00,-0.9989797173430616,-0.4837975
2014-12-04 13:00:00,-0.9770353722767287,-0.48604944
2014-12-04 14:00:00,-0.9880075448098952,-0.51373804
2014-12-04 15:00:00,-0.9880075448098952,-0.5396686
2014-12-04 16:00:00,-1.009951889876228,-0.53925407
2014-12-04 17:00:00,-1.0209240624093945,-0.56257373
2014-12-04 18:00:00,-0.9880075448098952,-0.5285825
2014-12-04 19:00:00,-1.009951889876228,-0.52614087
2014-12-04 20:00:00,-0.9112023370777298,-0.5581547
2014-12-04 21:00:00,-0.9989797173430616,-0.57775223
2014-12-04 22:00:00,-0.9002301645445634,-0.5925124
2014-12-04 23:00:00,-0.9880075448098952,-0.6100544
2014-12-05 00:00:00,-1.0318962349425609,-0.627754
2014-12-05 01:00:00,-1.0318962349425609,-0.6374154
2014-12-05 02:00:00,-0.9989797173430616,-0.632344
2014-12-05 03:00:00,-1.009951889876228,-0.6399571
2014-12-05 04:00:00,-1.0209240624093945,-0.6456721
2014-12-05 05:00:00,-1.009951889876228,-0.66611016
2014-12-05 06:00:00,-0.9441188546772292,-0.4748388
2014-12-05 07:00:00,-0.9660631997435621,-0.4187521
2014-12-05 08:00:00,-0.823424956812398,-0.4574471
2014-12-05 09:00:00,-0.9770353722767287,-0.49176592
2014-12-05 10:00:00,-0.9221745096108963,-0.5084002
2014-12-05 11:00:00,-0.9112023370777298,-0.5167973
2014-12-05 12:00:00,-0.9550910272103957,-0.53080285
2014-12-05 13:00:00,-0.9989797173430616,-0.5273216
2014-12-05 14:00:00,-0.9916649356542839,-0.53115046
2014-12-05 15:00:00,-0.9843501539655063,-0.53538936
2014-12-05 16:00:00,-0.9770353722767287,-0.54096854
2014-12-05 17:00:00,-0.9770353722767287,-0.5366616
2014-12-05 18:00:00,-0.7466197490802328,-0.52437574
2014-12-05 19:00:00,-0.03342853442441229,-0.5233819
2014-12-05 20:00:00,0.16407057117258417,-0.38866243
2014-12-05 21:00:00,0.3286531591700812,-0.35222986
2014-12-05 22:00:00,0.41643053943541297,-0.36062264
2014-12-05 23:00:00,0.6358739900987423,-0.4049663
2014-12-06 00:00:00,0.4383748845017459,-0.44460595
2014-12-06 01:00:00,0.5480966098334106,-0.45309275
2014-12-06 02:00:00,0.5371244373002441,-0.42857376
2014-12-06 03:00:00,0.09823753597358534,-0.43686035
2014-12-06 04:00:00,-0.17606677735557638,-0.4035952
2014-12-06 05:00:00,-0.43939891815157167,-0.2514748
2014-12-06 06:00:00,-0.680786713881234,-0.23558556
2014-12-06 07:00:00,-0.7466197490802328,-0.3173631
2014-12-06 08:00:00,-0.6149536786822352,-0.29634845
2014-12-06 09:00:00,-0.7575919216133993,-0.36887005
2014-12-06 10:00:00,-0.7575919216133993,-0.39800942
2014-12-06 11:00:00,-0.7685640941465657,-0.43396124
2014-12-06 12:00:00,-0.9221745096108963,-0.45822898
2014-12-06 13:00:00,-0.9112023370777298,-0.4796658
2014-12-06 14:00:00,-0.8892579920113969,-0.47223234
2014-12-06 15:00:00,-0.7356475765470664,-0.42170525
2014-12-06 16:00:00,-0.31870502028674047,-0.29208866
2014-12-06 17:00:00,-0.3735658829525728,-0.3322451
2014-12-06 18:00:00,-0.42842674561840516,-0.14222012
2014-12-06 19:00:00,-0.18703894988874287,0.16198952
2014-12-06 20:00:00,0.24087577890474945,0.43752366
2014-12-06 21:00:00,0.20795926130525003,0.5360259
2014-12-06 22:00:00,-0.05537287949074523,0.48921946
2014-12-06 23:00:00,-0.07731722455707817,0.4640421
2014-12-07 00:00:00,0.021432328241420058,0.46775502
2014-12-07 01:00:00,0.8114287506294059,0.45808172
2014-12-07 02:00:00,0.40545836690224646,0.4724315
2014-12-07 03:00:00,-0.21995546748824227,0.31167382
2014-12-07 04:00:00,-0.40648240055207224,0.21761219
2014-12-07 05:00:00,-0.307732847753574,0.05366642
2014-12-07 06:00:00,-0.45037109068473813,-0.122331984
2014-12-07 07:00:00,-0.45037109068473813,-0.20543408
2014-12-07 08:00:00,-0.307732847753574,-0.18461421
2014-12-07 09:00:00,-0.23092764002140873,-0.29298788
2014-12-07 10:00:00,-0.25287198508774167,-0.39234608
2014-12-07 11:00:00,-0.04440070695757876,-0.4425157
2014-12-07 12:00:00,-0.5052319533505705,-0.30113953
2014-12-07 13:00:00,-0.7246754040138998,-0.21653897
2014-12-07 14:00:00,-0.9002301645445634,-0.20215808
2014-12-07 15:00:00,-0.8563414744118975,-0.14842096
2014-12-07 16:00:00,-0.867313646945064,0.038258404
2014-12-07 17:00:00,-0.9331466821440627,0.10831507
2014-12-07 18:00:00,-0.9550910272103957,0.09715564
2014-12-07 19:00:00,-0.9770353722767287,0.17743911
2014-12-07 20:00:00,-0.9112023370777298,0.36294043
2014-12-07 21:00:00,-0.9002301645445634,0.48058134
2014-12-07 22:00:00,-0.9221745096108963,0.32670656
2014-12-07 23:00:00,-0.9112023370777298,0.30444312
2014-12-08 00:00:00,-0.9002301645445634,0.38302737
2014-12-08 01:00:00,-0.9221745096108963,0.68229187
2014-12-08 02:00:00,-0.9331466821440627,0.6244099
2014-12-08 03:00:00,-0.9112023370777298,0.33729094
2014-12-08 04:00:00,-0.8892579920113969,0.23320931
2014-12-08 05:00:00,-0.9331466821440627,0.2148838
2014-12-08 06:00:00,-0.8563414744118975,0.19731306
2014-12-08 07:00:00,-0.8782858194782304,0.14139837
2014-12-08 08:00:00,-0.867313646945064,0.11257402
2014-12-08 09:00:00,-0.7466197490802328,0.10275214
2014-12-08 10:00:00,-0.8782858194782304,0.10032352
2014-12-08 11:00:00,-0.7575919216133993,-0.0042112507
2014-12-08 12:00:00,-0.658842368814901,-0.26817265
2014-12-08 13:00:00,0.021432328241420058,-0.42794016
2014-12-08 14:00:00,0.18601491623891708,-0.50684303
2014-12-08 15:00:00,-0.0005120168249128817,-0.47554833
2014-12-08 16:00:00,0.19698708877208357,-0.4352252
2014-12-08 17:00:00,0.39448619436908,-0.4354506
2014-12-08 18:00:00,0.4109444531688297,-0.45199034
2014-12-08 19:00:00,0.42740271196857943,-0.47295552
2014-12-08 20:00:00,0.44386097076832914,-0.4743399
2014-12-08 21:00:00,0.4603192295680788,-0.49191904
2014-12-08 22:00:00,0.4767774883678285,-0.50943655
2014-12-08 23:00:00,0.49323574716757823,-0.51051795
2014-12-09 00:00:00,0.8772617858284046,-0.49163055
2014-12-09 01:00:00,1.0226430718928603,-0.3555342
2014-12-09 02:00:00,1.1680243579573162,-0.3337476
2014-12-09 03:00:00,1.3134056440217718,-0.33019182
2014-12-09 04:00:00,1.4587869300862275,-0.33637202
2014-12-09 05:00:00,1.6041682161506832,-0.36094487
2014-12-09 06:00:00,1.749549502215139,-0.34456426
2014-12-09 07:00:00,1.8949307882795947,-0.34565318
2014-12-09 08:00:00,2.0403120743440506,-0.22498217
2014-12-09 09:00:00,2.1856933604085063,-0.23995999
2014-12-09 10:00:00,2.331074646472962,-0.36504838
2014-12-09 11:00:00,2.4764559325374176,-0.26242805
2014-12-09 12:00:00,2.6218372186018732,-0.14586988
2014-12-09 13:00:00,2.7973919791325366,0.18348368
2014-12-09 14:00:00,3.1594736727270303,0.3655233
2014-12-09 15:00:00,3.181418017793363,0.29356667
2014-12-09 16:00:00,3.016835429795866,0.4052279
2014-12-09 17:00:00,2.9290580495305343,0.5775283
2014-12-09 18:00:00,2.7644754615330376,0.6535964
2014-12-09 19:00:00,2.753503288999871,0.6349536
2014-12-09 20:00:00,2.808364151665703,0.65068233
2014-12-09 21:00:00,2.9290580495305343,0.67703295
2014-12-09 22:00:00,2.8632250143315354,0.60182595
2014-12-09 23:00:00,2.7425311164667043,0.61005175
2014-12-10 00:00:00,2.314616387673212,0.85056454
2014-12-10 01:00:00,2.402393767938544,0.94069946
2014-12-10 02:00:00,2.5340598383365416,1.0219163
2014-12-10 03:00:00,2.2268390074078805,1.0674016
2014-12-10 04:00:00,2.2048946623415473,1.2036587
2014-12-10 05:00:00,2.25975552500738,1.2488247
2014-12-10 06:00:00,2.314616387673212,1.315504
2014-12-10 07:00:00,2.3914215954053772,1.3827955
2014-12-10 08:00:00,2.4682268031375427,1.3978539
2014-12-10 09:00:00,0.5700409548997435,1.2871062
2014-12-10 10:00:00,-0.3845380554857393,1.3051666
2014-12-10 11:00:00,-0.47231543575107104,1.4377415
2014-12-10 12:00:00,-0.40648240055207224,1.4178092
2014-12-10 13:00:00,-0.4174545730852387,1.7239156
2014-12-10 14:00:00,-0.6039815061490686,1.8351423
2014-12-10 15:00:00,-0.8892579920113969,1.773491
2014-12-10 16:00:00,-0.867313646945064,1.8261465
2014-12-10 17:00:00,-0.9550910272103957,1.7286893
2014-12-10 18:00:00,-0.7575919216133993,1.4978235
2014-12-10 19:00:00,-0.9112023370777298,1.6639639
2014-12-10 20:00:00,-0.9441188546772292,1.7517334
2014-12-10 21:00:00,-0.9550910272103957,1.7955874
2014-12-10 22:00:00,-0.9221745096108963,1.6955574
2014-12-10 23:00:00,-0.9002301645445634,1.5951474
2014-12-11 00:00:00,-0.9002301645445634,1.6366276
2014-12-11 01:00:00,-0.8782858194782304,1.8793856
2014-12-11 02:00:00,-0.9112023370777298,1.8768768
2014-12-11 03:00:00,-0.9989797173430616,1.6943465
2014-12-11 04:00:00,-0.9221745096108963,1.72409
2014-12-11 05:00:00,-0.9441188546772292,1.7674624
2014-12-11 06:00:00,-1.0209240624093945,1.8920597
2014-12-11 07:00:00,-0.9331466821440627,1.8654132
2014-12-11 08:00:00,-0.9770353722767287,1.7057334
2014-12-11 09:00:00,-0.9550910272103957,0.54659873
2014-12-11 10:00:00,-0.9221745096108963,0.0042300913
2014-12-11 11:00:00,-0.9441188546772292,-0.16859779
2014-12-11 12:00:00,-0.9441188546772292,-0.17493041
2014-12-11 13:00:00,-0.9441188546772292,-0.17380108
2014-12-11 14:00:00,-0.9441188546772292,-0.28743
2014-12-11 15:00:00,-0.9660631997435621,-0.44560492
2014-12-11 16:00:00,-0.7795362666797322,-0.47423124
2014-12-11 17:00:00,-0.658842368814901,-0.51186365
2014-12-11 18:00:00,-0.08828939709024464,-0.43918613
2014-12-11 19:00:00,-0.2638441576209081,-0.48132506
2014-12-11 20:00:00,-0.2089832949550758,-0.5197494
2014-12-11 21:00:00,-0.7466197490802328,-0.5538295
2014-12-11 22:00:00,-0.9989797173430616,-0.56691694
2014-12-11 23:00:00,-0.9660631997435621,-0.57914656
2014-12-12 00:00:00,-1.009951889876228,-0.59522724
2014-12-12 01:00:00,-1.009951889876228,-0.6030221
2014-12-12 02:00:00,-1.009951889876228,-0.62098205
2014-12-12 03:00:00,-0.9989797173430616,-0.6672757
2014-12-12 04:00:00,-0.9660631997435621,-0.64278173
2014-12-12 05:00:00,-0.9441188546772292,-0.64325833
2014-12-12 06:00:00,-0.9989797173430616,-0.67967165
2014-12-12 07:00:00,-1.0209240624093945,-0.6461529
2014-12-12 08:00:00,-1.009951889876228,-0.6396129
2014-12-12 09:00:00,-0.9660631997435621,-0.43905386
2014-12-12 10:00:00,-0.9550910272103957,-0.466846
2014-12-12 11:00:00,-0.9989797173430616,-0.5062369
2014-12-12 12:00:00,-0.9112023370777298,-0.5408374
2014-12-12 13:00:00,-0.9002301645445634,-0.5461052
2014-12-12 14:00:00,-0.9441188546772292,-0.5377165
2014-12-12 15:00:00,-0.9880075448098952,-0.5194946
2014-12-12 16:00:00,-0.9660631997435621,-0.31275222
2014-12-12 17:00:00,-0.9989797173430616,-0.076469295
2014-12-12 18:00:00,-0.9441188546772292,0.2138636
2014-12-12 19:00:00,-0.9112023370777298,0.23454419
2014-12-12 20:00:00,-0.867313646945064,0.19481039
2014-12-12 21:00:00,-0.5820371610827357,-0.1765894
2014-12-12 22:00:00,-0.9002301645445634,-0.4042251
2014-12-12 23:00:00,-0.9331466821440627,-0.40782326
2014-12-13 00:00:00,-0.9660631997435621,-0.411837
2014-12-13 01:00:00,-0.9221745096108963,-0.42119485
2014-12-13 02:00:00,-0.9331466821440627,-0.44822788
2014-12-13 03:00:00,-0.9550910272103957,-0.46348166
2014-12-13 04:00:00,-0.9221745096108963,-0.46383762
2014-12-13 05:00:00,-0.9221745096108963,-0.46997893
2014-12-13 06:00:00,-0.9880075448098952,-0.5073631
2014-12-13 07:00:00,-0.9550910272103957,-0.54672873
2014-12-13 08:00:00,-0.7356475765470664,-0.56221575
2014-12-13 09:00:00,-0.6917588864144004,-0.5599756
2014-12-13 10:00:00,-0.7027310589475669,-0.5874164
2014-12-13 11:00:00,-0.516204125883737,-0.6341021
2014-12-13 12:00:00,-0.4613432632179046,-0.6273694
2014-12-13 13:00:00,-0.5930093336159022,-0.6109153
2014-12-13 14:00:00,-0.6259258512154017,-0.62712556
2014-12-13 15:00:00,-0.6478701962817346,-0.6514614
2014-12-13 16:00:00,-0.6149536786822352,-0.6515027
2014-12-13 17:00:00,-0.307732847753574,-0.6631053
2014-12-13 18:00:00,-0.21995546748824227,-0.3497883
2014-12-13 19:00:00,-0.15412243228924344,-0.17656016
2014-12-13 20:00:00,-0.19801112242190932,-0.07600637
2014-12-13 21:00:00,-0.15412243228924344,0.031190755
2014-12-13 22:00:00,-0.02245636189124582,-0.010209395
2014-12-13 23:00:00,0.13115405357308474,-0.048771076
2014-12-14 00:00:00,0.2847644690374153,-0.08220038
2014-12-14 01:00:00,1.0089278562264024,-0.09198076
2014-12-14 02:00:00,1.2283713068897317,-0.12644002
2014-12-14 03:00:00,0.4822635746344118,-0.12609556
2014-12-14 04:00:00,0.07629319090725241,-0.1551567
2014-12-14 05:00:00,-0.15412243228924344,-0.15595192
2014-12-14 06:00:00,-0.11023374215657758,-0.18356262
2014-12-14 07:00:00,-0.05537287949074523,-0.2534523
2014-12-14 08:00:00,-0.31870502028674047,-0.2965832
2014-12-14 09:00:00,-0.2638441576209081,-0.20899795
2014-12-14 10:00:00,-0.27481633015407464,-0.27823502
2014-12-14 11:00:00,-0.4613432632179046,-0.21831849
2014-12-14 12:00:00,-0.516204125883737,-0.11157265
2014-12-14 13:00:00,-0.45037109068473813,-0.13932753
2014-12-14 14:00:00,-0.5600928160164028,-0.1280941
2014-12-14 15:00:00,-0.6149536786822352,-0.14484617
2014-12-14 16:00:00,-0.5491206434832363,-0.12043994
2014-12-14 17:00:00,-0.3516215378862399,0.032548077
2014-12-14 18:00:00,0.10920970850675181,0.1486841
2014-12-14 19:00:00,0.31768098663691474,0.20831586
2014-12-14 20:00:00,0.2518479514379159,0.32928482
2014-12-14 21:00:00,0.09823753597358534,0.33119223
2014-12-14 22:00:00,0.3505975042364141,0.4113863
2014-12-14 23:00:00,0.6578183351650753,0.51188076
2014-12-15 00:00:00,0.7346235428972405,0.6103093
2014-12-15 01:00:00,1.7221190708822227,0.8180743
2014-12-15 02:00:00,2.095172937009883,0.79408824
2014-12-15 03:00:00,2.2487833524742133,0.3949345
2014-12-15 04:00:00,2.270727697540546,0.19997336
2014-12-15 05:00:00,2.1171172820762156,0.09835372
2014-12-15 06:00:00,1.8537851412802204,0.095023885
2014-12-15 07:00:00,-0.5820371610827357,0.10535545
2014-12-15 08:00:00,-0.8343971293455645,-0.0037358943
2014-12-15 09:00:00,-0.9112023370777298,-0.087421715
2014-12-15 10:00:00,-0.9660631997435621,-0.13388366
2014-12-15 11:00:00,-0.9989797173430616,-0.22822198
2014-12-15 12:00:00,-0.9880075448098952,-0.14621866
2014-12-15 13:00:00,-0.9989797173430616,-0.04076074
2014-12-15 14:00:00,-0.9770353722767287,-0.010528689
2014-12-15 15:00:00,-1.009951889876228,-0.03802766
2014-12-15 16:00:00,-0.9550910272103957,-0.014652079
2014-12-15 17:00:00,-0.9660631997435621,0.107315786
2014-12-15 18:00:00,-0.9880075448098952,0.3294991
2014-12-15 19:00:00,-0.9989797173430616,0.4954205
2014-12-15 20:00:00,-0.9002301645445634,0.5632557
2014-12-15 21:00:00,-0.9880075448098952,0.5092914
2014-12-15 22:00:00,-0.9770353722767287,0.5235565
2014-12-15 23:00:00,-0.9770353722767287,0.5941289
2014-12-16 00:00:00,-1.0318962349425609,0.6425096
2014-12-16 01:00:00,-1.0318962349425609,0.93467194
2014-12-16 02:00:00,-1.0318962349425609,0.9844928
2014-12-16 03:00:00,-1.0428684074757275,0.8980949
2014-12-16 04:00:00,-0.9880075448098952,0.99371016
2014-12-16 05:00:00,-0.9989797173430616,1.0141276
2014-12-16 06:00:00,-0.9770353722767287,0.9938781
2014-12-16 07:00:00,-0.9770353722767287,-0.10647515
2014-12-16 08:00:00,-1.009951889876228,-0.28111327
2014-12-16 09:00:00,-0.9660631997435621,-0.36213464
2014-12-16 10:00:00,-0.9331466821440627,-0.40516263
2014-12-16 11:00:00,-0.9770353722767287,-0.46197364
2014-12-16 12:00:00,-0.9989797173430616,-0.49306327
2014-12-16 13:00:00,-0.823424956812398,-0.5466708
2014-12-16 14:00:00,-0.845369301878731,-0.5910611
2014-12-16 15:00:00,-0.9550910272103957,-0.6339983
2014-12-16 16:00:00,-1.009951889876228,-0.63709927
2014-12-16 17:00:00,-0.9880075448098952,-0.64311653
2014-12-16 18:00:00,-0.9770353722767287,-0.6718215
2014-12-16 19:00:00,-0.9660631997435621,-0.700345
2014-12-16 20:00:00,-0.9441188546772292,-0.6769761
2014-12-16 21:00:00,-0.9441188546772292,-0.7060559
2014-12-16 22:00:00,-0.9880075448098952,-0.71246696
2014-12-16 23:00:00,-1.009951889876228,-0.71376693
2014-12-17 00:00:00,-0.9989797173430616,-0.72929335
2014-12-17 01:00:00,-0.9989797173430616,-0.72456956
2014-12-17 02:00:00,-1.009951889876228,-0.7121184
2014-12-17 03:00:00,-0.9112023370777298,-0.6967741
2014-12-17 04:00:00,-0.7685640941465657,-0.6604776
2014-12-17 05:00:00,-0.6259258512154017,-0.6534201
2014-12-17 06:00:00,-0.47231543575107104,-0.6258636
2014-12-17 07:00:00,-0.3845380554857393,-0.63240635
2014-12-17 08:00:00,-0.21995546748824227,-0.6497354
2014-12-17 09:00:00,-0.13217808722291052,-0.64312035
2014-12-17 10:00:00,-0.04440070695757876,-0.6417595
2014-12-17 11:00:00,0.22990360637158297,-0.6574108
2014-12-17 12:00:00,0.5700409548997435,-0.6782853
2014-12-17 13:00:00,0.7894844055630729,-0.6012098
2014-12-17 14:00:00,0.3067088141037483,-0.5830598
2014-12-17 15:00:00,-0.25287198508774167,-0.6363195
2014-12-17 16:00:00,-0.3845380554857393,-0.66471314
2014-12-17 17:00:00,-0.23092764002140873,-0.6319454
2014-12-17 18:00:00,-0.07731722455707817,-0.61665535
2014-12-17 19:00:00,0.043376673307752994,-0.59550035
2014-12-17 20:00:00,1.118649581558067,-0.55786496
2014-12-17 21:00:00,1.5904530004842252,-0.5511689
2014-12-17 22:00:00,1.3710095498208958,-0.58986485
2014-12-17 23:00:00,0.8772617858284046,-0.5817884
2014-12-18 00:00:00,0.8772617858284046,-0.5580828
2014-12-18 01:00:00,0.76754006049674,-0.5455322
2014-12-18 02:00:00,0.6578183351650753,-0.27938306
2014-12-18 03:00:00,0.5042079197007447,-0.17653757
2014-12-18 04:00:00,0.27379229650424886,-0.12159572
2014-12-18 05:00:00,0.3286531591700812,-0.12170296
2014-12-18 06:00:00,0.41643053943541297,-0.099702336
2014-12-18 07:00:00,0.5151800922339111,-0.034711353
2014-12-18 08:00:00,0.38351402183591354,0.053967334
2014-12-18 09:00:00,0.39448619436908,0.097757205
2014-12-18 10:00:00,0.2628201239710824,0.012450129
2014-12-18 11:00:00,0.38351402183591354,-0.0146077275
2014-12-18 12:00:00,0.3505975042364141,0.20334765
2014-12-18 13:00:00,0.36156967676958063,0.363886
2014-12-18 14:00:00,0.4603192295680788,0.24897023
2014-12-18 15:00:00,0.6907348527645747,0.041004762
2014-12-18 16:00:00,0.7236513703640741,0.02000911
2014-12-18 17:00:00,0.9760113386269029,0.21491766
2014-12-18 18:00:00,1.118649581558067,0.2724317
2014-12-18 19:00:00,1.4039260674203953,0.24169932
2014-12-18 20:00:00,1.5355921378183928,0.78555876
2014-12-18 21:00:00,1.4807312751525605,1.1179554
2014-12-18 22:00:00,1.6672582082163905,1.0297269
2014-12-18 23:00:00,1.6892025532827233,0.77150434
2014-12-19 00:00:00,1.9086460039460527,0.68126523
2014-12-19 01:00:00,1.6782303807495569,0.6498501
2014-12-19 02:00:00,1.6233695180837246,0.65589106
2014-12-19 03:00:00,1.305176514621897,0.5989579
2014-12-19 04:00:00,1.0857330639585676,0.49126047
2014-12-19 05:00:00,1.0747608914254012,0.46904215
2014-12-19 06:00:00,1.1405939266243998,0.4652118
2014-12-19 07:00:00,-0.3735658829525728,0.48337054
2014-12-19 08:00:00,-0.8563414744118975,0.40514237
2014-12-19 09:00:00,-0.8892579920113969,0.3503672
2014-12-19 10:00:00,-0.9221745096108963,0.24285175
2014-12-19 11:00:00,-0.9770353722767287,0.25861806
2014-12-19 12:00:00,-0.9112023370777298,0.24224098
2014-12-19 13:00:00,-0.9331466821440627,0.33825308
2014-12-19 14:00:00,-0.9441188546772292,0.46016365
2014-12-19 15:00:00,-0.9660631997435621,0.5930164
2014-12-19 16:00:00,-1.0209240624093945,0.63496387
2014-12-19 17:00:00,-1.0209240624093945,0.79658496
2014-12-19 18:00:00,-0.9331466821440627,0.90643936
2014-12-19 19:00:00,-1.0209240624093945,0.99600804
2014-12-19 20:00:00,-0.9880075448098952,1.0327786
2014-12-19 21:00:00,-1.009951889876228,0.9214777
2014-12-19 22:00:00,-0.9660631997435621,0.88239634
2014-12-19 23:00:00,-0.9770353722767287,0.9681039
2014-12-20 00:00:00,-0.9989797173430616,1.0220883
2014-12-20 01:00:00,-0.9441188546772292,0.871591
2014-12-20 02:00:00,-1.009951889876228,0.83657104
2014-12-20 03:00:00,-0.9660631997435621,0.71522987
2014-12-20 04:00:00,-0.9770353722767287,0.62421745
2014-12-20 05:00:00,-0.9660631997435621,0.6126368
2014-12-20 06:00:00,-0.9331466821440627,0.5954317
2014-12-20 07:00:00,-0.9660631997435621,-0.026809836
2014-12-20 08:00:00,-0.9660631997435621,-0.3809415
2014-12-20 09:00:00,-0.9660631997435621,-0.47036833
2014-12-20 10:00:00,-0.9660631997435621,-0.47608718
2014-12-20 11:00:00,-0.9660631997435621,-0.48500702
2014-12-20 12:00:00,-0.9660631997435621,-0.4834332
2014-12-20 13:00:00,-0.9660631997435621,-0.50944996
2014-12-20 14:00:00,-0.9660631997435621,-0.53963935
2014-12-20 15:00:00,-0.9660631997435621,-0.57333165
2014-12-20 16:00:00,-0.9660631997435621,-0.631274
2014-12-20 17:00:00,-0.9660631997435621,-0.66628426
2014-12-20 18:00:00,-0.9441188546772292,-0.6456145
2014-12-20 19:00:00,-0.9880075448098952,-0.677972
2014-12-20 20:00:00,-1.0209240624093945,-0.6679338
2014-12-20 21:00:00,-1.009951889876228,-0.6778978
2014-12-20 22:00:00,-1.0318962349425609,-0.66250074
2014-12-20 23:00:00,-1.053840580008894,-0.66530764
2014-12-21 00:00:00,-1.053840580008894,-0.672284
2014-12-21 01:00:00,-1.0209240624093945,-0.6458809
2014-12-21 02:00:00,-1.0318962349425609,-0.66356134
2014-12-21 03:00:00,-1.009951889876228,-0.6425606
2014-12-21 04:00:00,-1.0209240624093945,-0.6390155
2014-12-21 05:00:00,-1.0318962349425609,-0.62316793
2014-12-21 06:00:00,-0.9989797173430616,-0.58193684
2014-12-21 07:00:00,-0.9989797173430616,-0.59246594
2014-12-21 08:00:00,-0.9989797173430616,-0.60356677
2014-12-21 09:00:00,-1.009951889876228,-0.5949248
2014-12-21 10:00:00,-0.9770353722767287,-0.6112393
2014-12-21 11:00:00,-0.9112023370777298,-0.61572814
2014-12-21 12:00:00,-0.867313646945064,-0.62141246
2014-12-21 13:00:00,-0.9660631997435621,-0.62692744
2014-12-21 14:00:00,-0.8782858194782304,-0.63670313
2014-12-21 15:00:00,-0.9331466821440627,-0.6353041
2014-12-21 16:00:00,-0.9550910272103957,-0.634504
2014-12-21 17:00:00,-0.9441188546772292,-0.620433
2014-12-21 18:00:00,-0.8782858194782304,-0.5900181
2014-12-21 19:00:00,-0.7466197490802328,-0.5997974
2014-12-21 20:00:00,-0.7356475765470664,-0.6107687
2014-12-21 21:00:00,-0.5930093336159022,-0.619645
2014-12-21 22:00:00,-0.516204125883737,-0.63827467
2014-12-21 23:00:00,-0.3955102280189058,-0.6602895
2014-12-22 00:00:00,-0.516204125883737,-0.6761311
2014-12-22 01:00:00,-0.307732847753574,-0.6514013
2014-12-22 02:00:00,-0.16509460482240992,-0.6539454
2014-12-22 03:00:00,-0.05537287949074523,-0.643237
2014-12-22 04:00:00,-0.02245636189124582,-0.62324506
2014-12-22 05:00:00,0.054348845840919466,-0.6115136
2014-12-22 06:00:00,0.18601491623891708,-0.58582306
2014-12-22 07:00:00,0.18601491623891708,-0.57013667
2014-12-22 08:00:00,0.2847644690374153,-0.5650097
2014-12-22 09:00:00,0.49323574716757823,-0.5885676
2014-12-22 10:00:00,0.39448619436908,-0.5967752
2014-12-22 11:00:00,-0.05537287949074523,-0.5548573
2014-12-22 12:00:00,-0.21995546748824227,-0.5090271
2014-12-22 13:00:00,-0.5381484709500699,-0.54831064
2014-12-22 14:00:00,-0.36259371041940636,-0.49769545
2014-12-22 15:00:00,-0.31870502028674047,-0.5191633
2014-12-22 16:00:00,-0.40648240055207224,-0.5183629
2014-12-22 17:00:00,-0.21995546748824227,-0.50495446
2014-12-22 18:00:00,-0.27481633015407464,-0.45271778
2014-12-22 19:00:00,-0.14315025975607698,-0.26215073
2014-12-22 20:00:00,0.054348845840919466,-0.15643774
2014-12-22 21:00:00,0.27379229650424886,-0.002706742
2014-12-22 22:00:00,0.16407057117258417,0.044464372
2014-12-22 23:00:00,0.2518479514379159,0.12651679
2014-12-23 00:00:00,0.4603192295680788,0.08471435
2014-12-23 01:00:00,0.8553174407620717,0.095552936
2014-12-23 02:00:00,0.6907348527645747,0.13479951
2014-12-23 03:00:00,0.6797626802314082,0.15611482
2014-12-23 04:00:00,0.49323574716757823,0.16199456
2014-12-23 05:00:00,0.15309839863941768,0.13969737
2014-12-23 06:00:00,-0.17606677735557638,0.16400546
2014-12-23 07:00:00,0.021432328241420058,0.09855258
2014-12-23 08:00:00,-0.19801112242190932,0.051281378
2014-12-23 09:00:00,-0.13217808722291052,0.054947972
2014-12-23 10:00:00,-0.11023374215657758,0.04166252
2014-12-23 11:00:00,-0.13217808722291052,0.018794306
2014-12-23 12:00:00,-0.05537287949074523,0.009009628
2014-12-23 13:00:00,-0.2089832949550758,-0.04805263
2014-12-23 14:00:00,-0.12120591468974404,-0.024583029
2014-12-23 15:00:00,-0.05537287949074523,0.016911974
2014-12-23 16:00:00,-0.47231543575107104,0.02406939
2014-12-23 17:00:00,-0.4174545730852387,0.10708677
2014-12-23 18:00:00,1.469759102619394,0.13337116
2014-12-23 19:00:00,0.19698708877208357,0.29169652
2014-12-23 20:00:00,0.08726536344041887,0.4118278
2014-12-23 21:00:00,-0.7356475765470664,0.5576027
2014-12-23 22:00:00,-0.867313646945064,0.56130815
2014-12-23 23:00:00,-0.9441188546772292,0.54701626
2014-12-24 00:00:00,-0.9550910272103957,0.47423315
2014-12-24 01:00:00,-0.9989797173430616,0.4477749
2014-12-24 02:00:00,-0.9880075448098952,0.32643253
2014-12-24 03:00:00,-0.9770353722767287,0.28596562
2014-12-24 04:00:00,-0.9989797173430616,0.22311316
2014-12-24 05:00:00,-0.9331466821440627,0.08919463
2014-12-24 06:00:00,-0.9550910272103957,-0.054239847
2014-12-24 07:00:00,-0.9660631997435621,-0.04108858
2014-12-24 08:00:00,-0.9770353722767287,-0.091398805
2014-12-24 09:00:00,-0.9002301645445634,-0.105385445
2014-12-24 10:00:00,-0.9112023370777298,-0.12584804
2014-12-24 11:00:00,-0.9770353722767287,-0.1470269
2014-12-24 12:00:00,-0.9660631997435621,-0.15138878
2014-12-24 13:00:00,-0.9441188546772292,-0.19095683
2014-12-24 14:00:00,-0.9441188546772292,-0.17803621
2014-12-24 15:00:00,-0.9660631997435621,-0.15272175
2014-12-24 16:00:00,-0.9221745096108963,-0.22227423
2014-12-24 17:00:00,-0.9221745096108963,-0.09428922
2014-12-24 18:00:00,-0.9660631997435621,0.5029767
2014-12-24 19:00:00,-0.8782858194782304,0.39956757
2014-12-24 20:00:00,-0.845369301878731,0.19004689
2014-12-24 21:00:00,-0.9221745096108963,-0.09082294
2014-12-24 22:00:00,-0.9112023370777298,-0.19730471
2014-12-24 23:00:00,-0.9002301645445634,-0.27408263
2014-12-25 00:00:00,-0.8782858194782304,-0.15809971
2014-12-25 01:00:00,-0.8563414744118975,-0.21936572
2014-12-25 02:00:00,-0.8563414744118975,-0.3035766
2014-12-25 03:00:00,-0.9880075448098952,-0.32677042
2014-12-25 04:00:00,-0.9441188546772292,-0.36365116
2014-12-25 05:00:00,-0.9441188546772292,-0.36147743
2014-12-25 06:00:00,-0.9002301645445634,-0.3826462
2014-12-25 07:00:00,-0.9550910272103957,-0.41441298
2014-12-25 08:00:00,-0.9002301645445634,-0.44382834
2014-12-25 09:00:00,-0.8014806117460651,-0.43634588
2014-12-25 10:00:00,-0.680786713881234,-0.48740152
2014-12-25 11:00:00,-0.823424956812398,-0.57664657
2014-12-25 12:00:00,-0.9221745096108963,-0.5301611
2014-12-25 13:00:00,-0.9221745096108963,-0.5089085
2014-12-25 14:00:00,-0.9989797173430616,-0.49977398
2014-12-25 15:00:00,-1.009951889876228,-0.51227343
2014-12-25 16:00:00,-0.9002301645445634,-0.4997682
2014-12-25 17:00:00,-0.7575919216133993,-0.492298
2014-12-25 18:00:00,-0.680786713881234,-0.51739293
2014-12-25 19:00:00,-0.5600928160164028,-0.49380177
2014-12-25 20:00:00,-0.5271762984169034,-0.47218478
2014-12-25 21:00:00,-0.5491206434832363,-0.5222359
2014-12-25 22:00:00,-0.5381484709500699,-0.5507494
2014-12-25 23:00:00,-0.34064936535307344,-0.5624505
2014-12-26 00:00:00,-0.07731722455707817,-0.5542365
2014-12-26 01:00:00,-0.0663450520239117,-0.53872
2014-12-26 02:00:00,0.5151800922339111,-0.5477449
2014-12-26 03:00:00,1.3819817223540622,-0.5913106
2014-12-26 04:00:00,0.8662896132952382,-0.5855633
2014-12-26 05:00:00,0.58101312743291,-0.55425143
2014-12-26 06:00:00,0.36156967676958063,-0.37227702
2014-12-26 07:00:00,0.29573664157058177,-0.4257277
2014-12-26 08:00:00,0.20795926130525003,-0.47447434
2014-12-26 09:00:00,0.12018188103991828,-0.5007356
2014-12-26 10:00:00,0.19698708877208357,-0.47835678
2014-12-26 11:00:00,0.17504274370575063,-0.46853822
2014-12-26 12:00:00,0.33962533170324766,-0.5012399
2014-12-26 13:00:00,0.5700409548997435,-0.5082185
2014-12-26 14:00:00,0.6907348527645747,-0.55712926
2014-12-26 15:00:00,0.7785122330299065,-0.58166265
2014-12-26 16:00:00,1.0747608914254012,-0.37562212
2014-12-26 17:00:00,1.469759102619394,-0.12998864
2014-12-26 18:00:00,1.7550355884817221,0.045711853
2014-12-26 19:00:00,1.8757294863465535,0.1960959
2014-12-26 20:00:00,1.5794808279510586,0.21493377
2014-12-26 21:00:00,1.5575364828847258,0.18773484
2014-12-26 22:00:00,1.2064269618233987,0.14343682
2014-12-26 23:00:00,1.0308722012927352,0.18120965
2014-12-27 00:00:00,0.6907348527645747,0.2911269
2014-12-27 01:00:00,1.0308722012927352,0.35383856
2014-12-27 02:00:00,0.9540669935605699,0.6219153
2014-12-27 03:00:00,1.2722599970223976,0.9499768
2014-12-27 04:00:00,1.3710095498208958,0.69112456
2014-12-27 05:00:00,1.0857330639585676,0.5089079
2014-12-27 06:00:00,1.1735104442238993,0.43342584
2014-12-27 07:00:00,1.3929538948872286,0.42077124
2014-12-27 08:00:00,1.7440634159485557,0.4951412
2014-12-27 09:00:00,0.8992061308947376,0.39348763
2014-12-27 10:00:00,0.932122648494237,0.26554006
2014-12-27 11:00:00,0.9979556836932358,0.29331934
2014-12-27 12:00:00,1.0308722012927352,0.45625225
2014-12-27 13:00:00,1.0308722012927352,0.6066905
2014-12-27 14:00:00,1.0089278562264024,0.683424
2014-12-27 15:00:00,1.184482616757066,0.7092602
2014-12-27 16:00:00,1.3600373772877292,0.8204443
2014-12-27 17:00:00,1.634341690616891,1.0104568
2014-12-27 18:00:00,2.380449422872211,1.0798454
2014-12-27 19:00:00,2.501143320737042,1.0682718
2014-12-27 20:00:00,2.731558943933538,1.023256
2014-12-27 21:00:00,2.4901711482038755,1.1001229
2014-12-27 22:00:00,2.7205867714003715,1.0972096
2014-12-27 23:00:00,2.8851693593978687,1.0989708
2014-12-28 00:00:00,3.126557155127531,0.87689316
2014-12-28 01:00:00,3.2143345353928625,0.91344905
2014-12-28 02:00:00,3.1594736727270303,0.8241689
2014-12-28 03:00:00,3.7739153345843524,0.9248805
2014-12-28 04:00:00,2.566976355936041,0.92514986
2014-12-28 05:00:00,2.0183677292777173,0.79533064
2014-12-28 06:00:00,1.798924278614388,0.8154626
2014-12-28 07:00:00,1.3271208596882298,0.8881271
2014-12-28 08:00:00,0.6578183351650753,0.9782785
2014-12-28 09:00:00,0.6578183351650753,0.57244635
2014-12-28 10:00:00,-0.08828939709024464,0.5856654
2014-12-28 11:00:00,-0.45037109068473813,0.5930909
2014-12-28 12:00:00,-0.34064936535307344,0.5927493
2014-12-28 13:00:00,-0.5710649885495693,0.75012153
2014-12-28 14:00:00,-0.7466197490802328,0.8139565
2014-12-28 15:00:00,-0.7356475765470664,0.8615053
2014-12-28 16:00:00,-0.6039815061490686,0.9046416
2014-12-28 17:00:00,-0.6368980237485681,1.0083063
2014-12-28 18:00:00,-0.6478701962817346,1.3142351
2014-12-28 19:00:00,0.10920970850675181,1.3991452
2014-12-28 20:00:00,0.8224009231625723,1.5292532
2014-12-28 21:00:00,2.1171172820762156,1.4845026
2014-12-28 22:00:00,2.457254630604376,1.6861695
2014-12-28 23:00:00,2.643781563668206,1.7350217
2014-12-29 00:00:00,2.874197186864702,1.800928
2014-12-29 01:00:00,2.983918912196367,1.6981477
2014-12-29 02:00:00,2.994891084729533,1.4900135
2014-12-29 03:00:00,2.983918912196367,1.7900369
2014-12-29 04:00:00,2.3914215954053772,1.2354733
2014-12-29 05:00:00,0.9650391660937364,1.2640266
2014-12-29 06:00:00,0.7785122330299065,1.2328922
2014-12-29 07:00:00,0.39448619436908,1.0656537
2014-12-29 08:00:00,0.2628201239710824,0.76972026
2014-12-29 09:00:00,0.44934705703491234,0.70237476
2014-12-29 10:00:00,0.3505975042364141,0.3177928
2014-12-29 11:00:00,0.3725418493027471,0.028346637
2014-12-29 12:00:00,-0.4832876082842375,-0.07399784
2014-12-29 13:00:00,-0.5710649885495693,-0.16152447
2014-12-29 14:00:00,-0.8014806117460651,-0.25389332
2014-12-29 15:00:00,-0.7905084392128987,-0.2885254
2014-12-29 16:00:00,-0.8782858194782304,-0.24963596
2014-12-29 17:00:00,-0.8563414744118975,-0.23633549
2014-12-29 18:00:00,0.2189314338384165,-0.2406598
2014-12-29 19:00:00,0.09823753597358534,-0.030211138
2014-12-29 20:00:00,0.13115405357308474,0.38292438
2014-12-29 21:00:00,0.3067088141037483,0.8313582
2014-12-29 22:00:00,0.7017070252977412,0.9927992
2014-12-29 23:00:00,0.6468461626319087,0.9871944
2014-12-30 00:00:00,0.9760113386269029,0.99207515
2014-12-30 01:00:00,-0.03342853442441229,0.9802826
2014-12-30 02:00:00,-0.2089832949550758,0.941928
2014-12-30 03:00:00,-0.7905084392128987,0.89933467
2014-12-30 04:00:00,-0.823424956812398,0.74343103
2014-12-30 05:00:00,-0.9989797173430616,0.40332744
2014-12-30 06:00:00,-0.9989797173430616,0.2806801
2014-12-30 07:00:00,-0.9550910272103957,0.13888328
2014-12-30 08:00:00,-0.9112023370777298,0.16487864
2014-12-30 09:00:00,-0.9221745096108963,0.19680236
2014-12-30 10:00:00,-0.823424956812398,0.137756
2014-12-30 11:00:00,-0.5710649885495693,0.088215195
2014-12-30 12:00:00,-0.5600928160164028,-0.1397083
2014-12-30 13:00:00,-0.29676067522040755,-0.23789358
2014-12-30 14:00:00,-0.3845380554857393,-0.28265244
2014-12-30 15:00:00,-0.494259780817404,-0.28674257
2014-12-30 16:00:00,-0.43939891815157167,-0.3088795
2014-12-30 17:00:00,-0.40648240055207224,-0.31319898
2014-12-30 18:00:00,-0.23092764002140873,0.022688564
2014-12-30 19:00:00,-0.7137032314807333,0.19075933
2014-12-30 20:00:00,-0.8124527842792316,0.26148412
2014-12-30 21:00:00,-0.8782858194782304,0.30299318
2014-12-30 22:00:00,-1.009951889876228,0.32119203
2014-12-30 23:00:00,-0.9221745096108963,0.27167904
2014-12-31 00:00:00,-0.9880075448098952,0.3438745
2014-12-31 01:00:00,-0.9770353722767287,0.083915375
2014-12-31 02:00:00,-0.8782858194782304,-0.09117585
2014-12-31 03:00:00,-0.9989797173430616,-0.26839527
2014-12-31 04:00:00,-1.009951889876228,-0.31582338
2014-12-31 05:00:00,-0.9989797173430616,-0.35085845
2014-12-31 06:00:00,-1.009951889876228,-0.37798107
2014-12-31 07:00:00,-1.009951889876228,-0.27110612
2014-12-31 08:00:00,-1.009951889876228,-0.23042063
2014-12-31 09:00:00,-1.009951889876228,-0.2885184
2014-12-31 10:00:00,-1.0209240624093945,-0.3470875
2014-12-31 11:00:00,-0.9660631997435621,-0.23957098
2014-12-31 12:00:00,-0.9112023370777298,-0.18397239
2014-12-31 13:00:00,-0.9770353722767287,-0.10326457
2014-12-31 14:00:00,-0.9989797173430616,-0.07506337
2014-12-31 15:00:00,-0.9770353722767287,-0.08683752
2014-12-31 16:00:00,-1.009951889876228,-0.010177139
2014-12-31 17:00:00,-0.9989797173430616,-0.06019
2014-12-31 18:00:00,-0.9880075448098952,-0.051854275
2014-12-31 19:00:00,-1.009951889876228,-0.12522298
2014-12-31 20:00:00,-0.9880075448098952,-0.22550121
2014-12-31 21:00:00,-0.9880075448098952,-0.30514967
2014-12-31 22:00:00,-1.009951889876228,-0.45162353
2014-12-31 23:00:00,-0.9660631997435621,-0.47745037
