,Originales,Predichos
2014-07-04 11:00:00,0.49323574716757823,0.58049476
2014-07-04 12:00:00,0.5700409548997435,0.60090274
2014-07-04 13:00:00,0.40545836690224646,0.4943884
2014-07-04 14:00:00,0.40545836690224646,0.41764915
2014-07-04 15:00:00,0.42740271196857943,0.28755376
2014-07-04 16:00:00,0.8553174407620717,0.24700387
2014-07-04 17:00:00,1.096705236491734,0.20409597
2014-07-04 18:00:00,1.2393434794228981,0.17701784
2014-07-04 19:00:00,0.5261522647670777,0.14048529
2014-07-04 20:00:00,1.0308722012927352,0.1483493
2014-07-04 21:00:00,0.7894844055630729,0.42079794
2014-07-04 22:00:00,0.5590687823665771,0.5553579
2014-07-04 23:00:00,0.6139296450324094,0.599092
2014-07-05 00:00:00,0.745595715430407,0.7268531
2014-07-05 01:00:00,0.7894844055630729,0.6059527
2014-07-05 02:00:00,0.8114287506294059,0.61475414
2014-07-05 03:00:00,0.7565678879635735,0.635274
2014-07-05 04:00:00,0.6358739900987423,0.5780965
2014-07-05 05:00:00,0.5700409548997435,0.51874745
2014-07-05 06:00:00,0.5371244373002441,0.45118302
2014-07-05 07:00:00,0.5261522647670777,0.33247852
2014-07-05 08:00:00,0.27379229650424886,0.17525867
2014-07-05 09:00:00,0.13115405357308474,0.14241524
2014-07-05 10:00:00,0.054348845840919466,0.16284373
2014-07-05 11:00:00,0.15309839863941768,0.2209686
2014-07-05 12:00:00,-0.04440070695757876,0.26708555
2014-07-05 13:00:00,-0.21995546748824227,0.24984153
2014-07-05 14:00:00,-0.31870502028674047,0.25002664
2014-07-05 15:00:00,-0.36259371041940636,0.2025003
2014-07-05 16:00:00,-0.2857885026872411,0.3138541
2014-07-05 17:00:00,-0.329677192819907,0.39827156
2014-07-05 18:00:00,-0.25287198508774167,0.42524624
2014-07-05 19:00:00,-0.25287198508774167,0.21765287
2014-07-05 20:00:00,-0.09926156962341111,0.39875674
2014-07-05 21:00:00,0.07629319090725241,0.2958485
2014-07-05 22:00:00,0.6249018175655758,0.23034899
2014-07-05 23:00:00,0.9211504759610706,0.21086808
2014-07-06 00:00:00,0.8992061308947376,0.2993291
2014-07-06 01:00:00,1.1735104442238993,0.36791837
2014-07-06 02:00:00,1.4587869300862275,0.41767812
2014-07-06 03:00:00,1.2283713068897317,0.43238014
2014-07-06 04:00:00,1.1954547892902323,0.39681548
2014-07-06 05:00:00,1.5026756202188933,0.3319221
2014-07-06 06:00:00,1.6672582082163905,0.16477022
2014-07-06 07:00:00,1.4587869300862275,0.1938367
2014-07-06 08:00:00,1.5355921378183928,0.12394285
2014-07-06 09:00:00,1.2942043420887306,0.111326426
2014-07-06 10:00:00,1.283232169555564,0.08772059
2014-07-06 11:00:00,1.0528165463590682,0.09852338
2014-07-06 12:00:00,0.8772617858284046,0.010922775
2014-07-06 13:00:00,0.6249018175655758,-0.07419754
2014-07-06 14:00:00,0.58101312743291,-0.113731936
2014-07-06 15:00:00,0.58101312743291,-0.14386545
2014-07-06 16:00:00,0.5480966098334106,-0.040266626
2014-07-06 17:00:00,0.6358739900987423,-0.08612031
2014-07-06 18:00:00,0.745595715430407,-0.08872302
2014-07-06 19:00:00,0.7346235428972405,-0.093691304
2014-07-06 20:00:00,0.9211504759610706,-0.05046031
2014-07-06 21:00:00,1.0308722012927352,-0.00038014725
2014-07-06 22:00:00,0.8882339583615712,0.1818632
2014-07-06 23:00:00,0.58101312743291,0.30764133
2014-07-07 00:00:00,0.42740271196857943,0.30885917
2014-07-07 01:00:00,0.36156967676958063,0.4208408
2014-07-07 02:00:00,0.3286531591700812,0.5137641
2014-07-07 03:00:00,0.17504274370575063,0.4295298
2014-07-07 04:00:00,0.15309839863941768,0.38955677
2014-07-07 05:00:00,-0.011484189358079351,0.48177445
2014-07-07 06:00:00,-0.0663450520239117,0.5246518
2014-07-07 07:00:00,-0.17606677735557638,0.4645316
2014-07-07 08:00:00,-0.21995546748824227,0.49571234
2014-07-07 09:00:00,-0.21995546748824227,0.4549625
2014-07-07 10:00:00,-0.13217808722291052,0.4373275
2014-07-07 11:00:00,0.03240450077458652,0.37616348
2014-07-07 12:00:00,0.3505975042364141,0.33075345
2014-07-07 13:00:00,0.5590687823665771,0.24668397
2014-07-07 14:00:00,0.7126791978309076,0.21635994
2014-07-07 15:00:00,0.8992061308947376,0.21714763
2014-07-07 16:00:00,0.9979556836932358,0.18602349
2014-07-07 17:00:00,1.0199000287595688,0.20841098
2014-07-07 18:00:00,1.0089278562264024,0.2158861
2014-07-07 19:00:00,0.9760113386269029,0.19231243
2014-07-07 20:00:00,0.9650391660937364,0.24091952
2014-07-07 21:00:00,1.3490652047545628,0.27436894
2014-07-07 22:00:00,1.5246199652852264,0.23552355
2014-07-07 23:00:00,1.4807312751525605,0.15841056
2014-07-08 00:00:00,1.0528165463590682,0.12345108
2014-07-08 01:00:00,0.8772617858284046,0.09582455
2014-07-08 02:00:00,1.0089278562264024,0.0547364
2014-07-08 03:00:00,0.9540669935605699,0.16578645
2014-07-08 04:00:00,0.7017070252977412,0.17955412
2014-07-08 05:00:00,0.6139296450324094,0.07710825
2014-07-08 06:00:00,0.6907348527645747,0.02898937
2014-07-08 07:00:00,0.4822635746344118,-0.012962863
2014-07-08 08:00:00,0.40545836690224646,-0.04889971
2014-07-08 09:00:00,0.33962533170324766,-0.05163253
2014-07-08 10:00:00,0.16407057117258417,-0.061188936
2014-07-08 11:00:00,-0.3516215378862399,-0.029597238
2014-07-08 12:00:00,-0.8124527842792316,0.070374966
2014-07-08 13:00:00,-0.9221745096108963,0.12816972
2014-07-08 14:00:00,-0.9331466821440627,0.13131608
2014-07-08 15:00:00,-0.9880075448098952,0.18490727
2014-07-08 16:00:00,-0.9550910272103957,0.20644508
2014-07-08 17:00:00,-0.9770353722767287,0.2206548
2014-07-08 18:00:00,-1.009951889876228,0.21881936
2014-07-08 19:00:00,-0.9880075448098952,0.21197416
2014-07-08 20:00:00,-0.9221745096108963,0.1974828
2014-07-08 21:00:00,-0.5600928160164028,0.30781102
2014-07-08 22:00:00,-0.6039815061490686,0.38892096
2014-07-08 23:00:00,-0.6368980237485681,0.3854295
2014-07-09 00:00:00,-0.494259780817404,0.38623375
2014-07-09 01:00:00,-0.516204125883737,0.3236518
2014-07-09 02:00:00,-0.16509460482240992,0.4127006
2014-07-09 03:00:00,-0.6917588864144004,0.24433401
2014-07-09 04:00:00,-0.8892579920113969,0.22877522
2014-07-09 05:00:00,-0.867313646945064,0.24981229
2014-07-09 06:00:00,-0.9221745096108963,0.16905548
2014-07-09 07:00:00,-0.9112023370777298,-0.01768469
2014-07-09 08:00:00,-0.9112023370777298,-0.12022634
2014-07-09 09:00:00,-0.9221745096108963,-0.14945075
2014-07-09 10:00:00,-0.9770353722767287,-0.23079915
2014-07-09 11:00:00,-0.9770353722767287,-0.44194943
2014-07-09 12:00:00,-0.9441188546772292,-0.64398235
2014-07-09 13:00:00,-0.9989797173430616,-0.62869805
2014-07-09 14:00:00,-1.009951889876228,-0.7017148
2014-07-09 15:00:00,-0.9880075448098952,-0.7412763
2014-07-09 16:00:00,-0.9441188546772292,-0.76654834
2014-07-09 17:00:00,-0.9441188546772292,-0.71671766
2014-07-09 18:00:00,-0.8563414744118975,-0.5885534
2014-07-09 19:00:00,-0.7466197490802328,-0.49909192
2014-07-09 20:00:00,-0.7027310589475669,-0.431754
2014-07-09 21:00:00,-0.7795362666797322,-0.2820791
2014-07-09 22:00:00,-0.7575919216133993,-0.2275383
2014-07-09 23:00:00,-0.7137032314807333,-0.2096472
2014-07-10 00:00:00,-0.7246754040138998,-0.27464658
2014-07-10 01:00:00,-0.7905084392128987,-0.36688358
2014-07-10 02:00:00,-0.5271762984169034,-0.26286894
2014-07-10 03:00:00,-0.329677192819907,-0.42260033
2014-07-10 04:00:00,-0.5271762984169034,-0.51867884
2014-07-10 05:00:00,-0.6698145413480675,-0.5249021
2014-07-10 06:00:00,-0.7575919216133993,-0.5863884
2014-07-10 07:00:00,-0.823424956812398,-0.62025195
2014-07-10 08:00:00,-0.823424956812398,-0.65820193
2014-07-10 09:00:00,-0.7905084392128987,-0.6931356
2014-07-10 10:00:00,-0.7905084392128987,-0.7343225
2014-07-10 11:00:00,-0.823424956812398,-0.7908757
2014-07-10 12:00:00,-0.9331466821440627,-0.7116826
2014-07-10 13:00:00,-0.9112023370777298,-0.74461013
2014-07-10 14:00:00,-0.9002301645445634,-0.80104387
2014-07-10 15:00:00,-0.7137032314807333,-0.6350139
2014-07-10 16:00:00,-0.9112023370777298,-0.54954785
2014-07-10 17:00:00,-0.9112023370777298,-0.4392774
2014-07-10 18:00:00,-0.9002301645445634,-0.44266397
2014-07-10 19:00:00,-0.8343971293455645,-0.4067887
2014-07-10 20:00:00,-0.7905084392128987,-0.371875
2014-07-10 21:00:00,-0.7575919216133993,-0.40238523
2014-07-10 22:00:00,-0.658842368814901,-0.3728941
2014-07-10 23:00:00,-0.6368980237485681,-0.34896213
2014-07-11 00:00:00,-0.5710649885495693,-0.35373724
2014-07-11 01:00:00,-0.5271762984169034,-0.44771403
2014-07-11 02:00:00,-0.516204125883737,-0.25336242
2014-07-11 03:00:00,-0.4613432632179046,-0.31461966
2014-07-11 04:00:00,-0.4613432632179046,-0.41455865
2014-07-11 05:00:00,-0.3955102280189058,-0.46723944
2014-07-11 06:00:00,-0.42842674561840516,-0.5063605
2014-07-11 07:00:00,-0.6478701962817346,-0.6032767
2014-07-11 08:00:00,-0.7137032314807333,-0.63174766
2014-07-11 09:00:00,-0.9002301645445634,-0.66316724
2014-07-11 10:00:00,-0.9770353722767287,-0.7184777
2014-07-11 11:00:00,-0.9550910272103957,-0.60857975
2014-07-11 12:00:00,-0.9660631997435621,-0.67291766
2014-07-11 13:00:00,-0.9989797173430616,-0.669096
2014-07-11 14:00:00,-0.9989797173430616,-0.63314897
2014-07-11 15:00:00,-0.9221745096108963,-0.56693214
2014-07-11 16:00:00,-0.9550910272103957,-0.59178185
2014-07-11 17:00:00,-0.9221745096108963,-0.54512304
2014-07-11 18:00:00,-0.9989797173430616,-0.4969659
2014-07-11 19:00:00,-0.9002301645445634,-0.46507144
2014-07-11 20:00:00,-0.7905084392128987,-0.4290849
2014-07-11 21:00:00,-0.7466197490802328,-0.41130292
2014-07-11 22:00:00,-0.7356475765470664,-0.37582332
2014-07-11 23:00:00,-0.7137032314807333,-0.3506105
2014-07-12 00:00:00,-0.5930093336159022,-0.3031047
2014-07-12 01:00:00,-0.8892579920113969,-0.14262342
2014-07-12 02:00:00,-0.867313646945064,-0.13109294
2014-07-12 03:00:00,-0.9989797173430616,-0.3083114
2014-07-12 04:00:00,-0.9660631997435621,-0.40727848
2014-07-12 05:00:00,-0.9989797173430616,-0.42771268
2014-07-12 06:00:00,-0.9880075448098952,-0.44418883
2014-07-12 07:00:00,-0.9660631997435621,-0.55571187
2014-07-12 08:00:00,-0.9880075448098952,-0.66810673
2014-07-12 09:00:00,-0.9880075448098952,-0.80219144
2014-07-12 10:00:00,-0.9989797173430616,-0.8919584
2014-07-12 11:00:00,-1.0209240624093945,-0.7010378
2014-07-12 12:00:00,-1.0318962349425609,-0.799875
2014-07-12 13:00:00,-1.0209240624093945,-0.7248888
2014-07-12 14:00:00,-1.009951889876228,-0.7904021
2014-07-12 15:00:00,-0.9989797173430616,-0.7851774
2014-07-12 16:00:00,-0.9880075448098952,-0.8117452
2014-07-12 17:00:00,-0.9770353722767287,-0.6288672
2014-07-12 18:00:00,-0.9660631997435621,-0.56961155
2014-07-12 19:00:00,-0.9112023370777298,-0.51048225
2014-07-12 20:00:00,-0.9221745096108963,-0.36641228
2014-07-12 21:00:00,-0.8892579920113969,-0.3171308
2014-07-12 22:00:00,-0.8563414744118975,-0.27916908
2014-07-12 23:00:00,-0.8782858194782304,-0.22487257
2014-07-13 00:00:00,-0.7027310589475669,-0.37825012
2014-07-13 01:00:00,-0.7137032314807333,-0.3914165
2014-07-13 02:00:00,-0.7685640941465657,-0.44602847
2014-07-13 03:00:00,-0.9550910272103957,-0.6243029
2014-07-13 04:00:00,-0.8892579920113969,-0.70716876
2014-07-13 05:00:00,-0.8782858194782304,-0.7393327
2014-07-13 06:00:00,-0.9002301645445634,-0.7645913
2014-07-13 07:00:00,-0.9112023370777298,-0.7807799
2014-07-13 08:00:00,-0.9112023370777298,-0.80138075
2014-07-13 09:00:00,-0.9880075448098952,-0.8372085
2014-07-13 10:00:00,-0.9550910272103957,-0.84312797
2014-07-13 11:00:00,-0.9550910272103957,-0.86844236
2014-07-13 12:00:00,-0.9880075448098952,-0.8937368
2014-07-13 13:00:00,-0.9880075448098952,-0.8809441
2014-07-13 14:00:00,-0.9660631997435621,-0.72123545
2014-07-13 15:00:00,-0.9770353722767287,-0.671844
2014-07-13 16:00:00,-0.9989797173430616,-0.628292
2014-07-13 17:00:00,-0.8782858194782304,-0.60369784
2014-07-13 18:00:00,-0.867313646945064,-0.5774389
2014-07-13 19:00:00,-0.8782858194782304,-0.5256606
2014-07-13 20:00:00,-0.8124527842792316,-0.5144887
2014-07-13 21:00:00,-0.7137032314807333,-0.43163997
2014-07-13 22:00:00,-0.4613432632179046,-0.3923496
2014-07-13 23:00:00,-0.6039815061490686,-0.34186685
2014-07-14 00:00:00,-0.5491206434832363,-0.25623077
2014-07-14 01:00:00,-0.4613432632179046,-0.31066436
2014-07-14 02:00:00,-0.6149536786822352,-0.41896242
2014-07-14 03:00:00,-0.5930093336159022,-0.49871868
2014-07-14 04:00:00,-0.7575919216133993,-0.5140017
2014-07-14 05:00:00,-0.845369301878731,-0.57670635
2014-07-14 06:00:00,-0.867313646945064,-0.44616824
2014-07-14 07:00:00,-0.8343971293455645,-0.52589625
2014-07-14 08:00:00,-0.8892579920113969,-0.5950324
2014-07-14 09:00:00,-0.8563414744118975,-0.71505034
2014-07-14 10:00:00,-0.9002301645445634,-0.72549874
2014-07-14 11:00:00,-0.8892579920113969,-0.71498126
2014-07-14 12:00:00,-0.867313646945064,-0.7191743
2014-07-14 13:00:00,-0.8563414744118975,-0.6030671
2014-07-14 14:00:00,-0.7795362666797322,-0.53413445
2014-07-14 15:00:00,-0.7027310589475669,-0.46136314
2014-07-14 16:00:00,-0.6698145413480675,-0.5490124
2014-07-14 17:00:00,-0.7027310589475669,-0.5784004
2014-07-14 18:00:00,-0.6368980237485681,-0.48131484
2014-07-14 19:00:00,-0.680786713881234,-0.43259203
2014-07-14 20:00:00,-0.7027310589475669,-0.43868905
2014-07-14 21:00:00,-0.7685640941465657,-0.29458416
2014-07-14 22:00:00,-0.9331466821440627,-0.15300472
2014-07-14 23:00:00,-0.8892579920113969,-0.14775264
2014-07-15 00:00:00,-0.7685640941465657,-0.25117612
2014-07-15 01:00:00,-0.43939891815157167,-0.16186357
2014-07-15 02:00:00,-0.658842368814901,-0.30844247
2014-07-15 03:00:00,-0.7795362666797322,-0.3714999
2014-07-15 04:00:00,-0.7137032314807333,-0.44988704
2014-07-15 05:00:00,-0.658842368814901,-0.544787
2014-07-15 06:00:00,-0.6368980237485681,-0.58154744
2014-07-15 07:00:00,-0.6917588864144004,-0.6004993
2014-07-15 08:00:00,-0.6149536786822352,-0.67645276
2014-07-15 09:00:00,-0.5600928160164028,-0.7343835
2014-07-15 10:00:00,-0.5491206434832363,-0.8203027
2014-07-15 11:00:00,-0.5271762984169034,-0.6798242
2014-07-15 12:00:00,-0.5491206434832363,-0.5770054
2014-07-15 13:00:00,-0.5271762984169034,-0.5619144
2014-07-15 14:00:00,-0.5491206434832363,-0.5546183
2014-07-15 15:00:00,-0.494259780817404,-0.52635854
2014-07-15 16:00:00,-0.47231543575107104,-0.47470713
2014-07-15 17:00:00,-0.6039815061490686,-0.43647373
2014-07-15 18:00:00,-0.5381484709500699,-0.3766839
2014-07-15 19:00:00,-0.5600928160164028,-0.3252269
2014-07-15 20:00:00,-0.5052319533505705,-0.22329538
2014-07-15 21:00:00,-0.4174545730852387,-0.3718326
2014-07-15 22:00:00,-0.29676067522040755,-0.5456085
2014-07-15 23:00:00,-0.2089832949550758,-0.53950423
2014-07-16 00:00:00,-0.07731722455707817,-0.41081417
2014-07-16 01:00:00,0.08726536344041887,-0.2768312
2014-07-16 02:00:00,0.13115405357308474,-0.33404124
2014-07-16 03:00:00,0.14212622610625122,-0.36751336
2014-07-16 04:00:00,-0.16509460482240992,-0.35509777
2014-07-16 05:00:00,-0.11023374215657758,-0.34576106
2014-07-16 06:00:00,-0.16509460482240992,-0.24233626
2014-07-16 07:00:00,0.22990360637158297,-0.23454191
2014-07-16 08:00:00,0.3286531591700812,-0.28681815
2014-07-16 09:00:00,0.36156967676958063,-0.37072283
2014-07-16 10:00:00,0.5261522647670777,-0.33054417
2014-07-16 11:00:00,0.6578183351650753,-0.32094103
2014-07-16 12:00:00,0.6468461626319087,-0.32685798
2014-07-16 13:00:00,0.7894844055630729,-0.3332374
2014-07-16 14:00:00,0.4603192295680788,-0.34446537
2014-07-16 15:00:00,0.5042079197007447,-0.33750033
2014-07-16 16:00:00,0.3725418493027471,-0.32491034
2014-07-16 17:00:00,0.12018188103991828,-0.35550153
2014-07-16 18:00:00,-0.11023374215657758,-0.3316114
2014-07-16 19:00:00,-0.43939891815157167,-0.32289886
2014-07-16 20:00:00,-0.43939891815157167,-0.30383623
2014-07-16 21:00:00,-0.329677192819907,-0.24548714
2014-07-16 22:00:00,-0.21995546748824227,-0.1790817
2014-07-16 23:00:00,-0.2857885026872411,-0.17183928
2014-07-17 00:00:00,-0.3955102280189058,0.0021893717
2014-07-17 01:00:00,-0.19801112242190932,-0.060619503
2014-07-17 02:00:00,0.12018188103991828,-0.024480022
2014-07-17 03:00:00,0.13115405357308474,0.0014077388
2014-07-17 04:00:00,0.3067088141037483,-0.03562267
2014-07-17 05:00:00,0.2847644690374153,-0.039642528
2014-07-17 06:00:00,0.5151800922339111,-0.037501894
2014-07-17 07:00:00,0.38351402183591354,-0.09410828
2014-07-17 08:00:00,0.4603192295680788,-0.0490596
2014-07-17 09:00:00,0.4822635746344118,0.06486446
2014-07-17 10:00:00,0.4603192295680788,0.13474132
2014-07-17 11:00:00,0.42740271196857943,0.17903973
2014-07-17 12:00:00,0.31768098663691474,0.19965531
2014-07-17 13:00:00,0.3505975042364141,0.15877661
2014-07-17 14:00:00,0.3286531591700812,0.022332443
2014-07-17 15:00:00,0.6797626802314082,0.075525686
2014-07-17 16:00:00,0.6797626802314082,0.05475652
2014-07-17 17:00:00,0.6907348527645747,-0.041122116
2014-07-17 18:00:00,0.5700409548997435,-0.1256326
2014-07-17 19:00:00,0.5480966098334106,-0.26549947
2014-07-17 20:00:00,0.6578183351650753,-0.2871521
2014-07-17 21:00:00,0.7894844055630729,-0.25555748
2014-07-17 22:00:00,0.9650391660937364,-0.09346594
2014-07-17 23:00:00,1.0418443738259018,-0.178206
2014-07-18 00:00:00,1.3161486871550634,-0.10136886
2014-07-18 01:00:00,0.9979556836932358,-0.17182392
2014-07-18 02:00:00,0.5919852999660764,-0.04093594
2014-07-18 03:00:00,0.6358739900987423,-0.1466315
2014-07-18 04:00:00,0.33962533170324766,-0.04497339
2014-07-18 05:00:00,0.3067088141037483,0.014005039
2014-07-18 06:00:00,0.2518479514379159,0.123896465
2014-07-18 07:00:00,0.13115405357308474,0.12045956
2014-07-18 08:00:00,0.24087577890474945,0.15883929
2014-07-18 09:00:00,0.14212622610625122,0.029536616
2014-07-18 10:00:00,0.09823753597358534,0.03520741
2014-07-18 11:00:00,0.2189314338384165,0.06844072
2014-07-18 12:00:00,0.27379229650424886,0.048811935
2014-07-18 13:00:00,0.29573664157058177,0.10155925
2014-07-18 14:00:00,0.4712914021012453,0.104070656
2014-07-18 15:00:00,0.09823753597358534,0.20103033
2014-07-18 16:00:00,-0.04440070695757876,0.17410018
2014-07-18 17:00:00,-0.21995546748824227,0.26745546
2014-07-18 18:00:00,-0.04440070695757876,0.2680627
2014-07-18 19:00:00,0.06532101837408594,0.30167335
2014-07-18 20:00:00,0.03240450077458652,0.3482861
2014-07-18 21:00:00,-0.17606677735557638,0.24712239
2014-07-18 22:00:00,-0.21995546748824227,0.21088709
2014-07-18 23:00:00,-0.2089832949550758,0.36658132
2014-07-19 00:00:00,-0.14315025975607698,0.39350873
2014-07-19 01:00:00,-0.34064936535307344,0.4245608
2014-07-19 02:00:00,-0.29676067522040755,0.2911485
2014-07-19 03:00:00,-0.307732847753574,0.15476537
2014-07-19 04:00:00,-0.25287198508774167,-0.044524312
2014-07-19 05:00:00,-0.25287198508774167,0.050242405
2014-07-19 06:00:00,-0.27481633015407464,0.07902662
2014-07-19 07:00:00,-0.307732847753574,0.037121594
2014-07-19 08:00:00,-0.3516215378862399,0.094505414
2014-07-19 09:00:00,-0.43939891815157167,0.06204192
2014-07-19 10:00:00,-0.5710649885495693,0.048699737
2014-07-19 11:00:00,-0.5271762984169034,0.10403863
2014-07-19 12:00:00,-0.3735658829525728,0.19956698
2014-07-19 13:00:00,-0.47231543575107104,0.23627017
2014-07-19 14:00:00,-0.5381484709500699,0.25526172
2014-07-19 15:00:00,-0.6039815061490686,0.09281887
2014-07-19 16:00:00,-0.680786713881234,0.018247854
2014-07-19 17:00:00,-0.6039815061490686,-0.048803292
2014-07-19 18:00:00,-0.5710649885495693,0.0061492696
2014-07-19 19:00:00,-0.516204125883737,0.04910248
2014-07-19 20:00:00,-0.3955102280189058,0.03204792
2014-07-19 21:00:00,-0.307732847753574,0.058748644
2014-07-19 22:00:00,-0.2089832949550758,0.039558105
2014-07-19 23:00:00,-0.3735658829525728,0.039401587
2014-07-20 00:00:00,-0.6478701962817346,0.06395195
2014-07-20 01:00:00,-0.5930093336159022,0.010102015
2014-07-20 02:00:00,-0.43939891815157167,-0.026458293
2014-07-20 03:00:00,-0.47231543575107104,-0.035013266
2014-07-20 04:00:00,-0.3845380554857393,-0.028000861
2014-07-20 05:00:00,-0.3955102280189058,-0.033696942
2014-07-20 06:00:00,-0.4174545730852387,0.03271787
2014-07-20 07:00:00,-0.494259780817404,-0.016855355
2014-07-20 08:00:00,-0.5271762984169034,-0.05936616
2014-07-20 09:00:00,-0.494259780817404,-0.053772047
2014-07-20 10:00:00,-0.43939891815157167,-0.114828244
2014-07-20 11:00:00,-0.5271762984169034,-0.12981312
2014-07-20 12:00:00,-0.494259780817404,-0.11008984
2014-07-20 13:00:00,-0.36259371041940636,-0.07934083
2014-07-20 14:00:00,-0.16509460482240992,-0.118262485
2014-07-20 15:00:00,-0.14315025975607698,-0.13491373
2014-07-20 16:00:00,-0.23092764002140873,-0.17032214
2014-07-20 17:00:00,-0.43939891815157167,-0.15599258
2014-07-20 18:00:00,-0.34064936535307344,-0.14873962
2014-07-20 19:00:00,-0.45037109068473813,-0.15575977
2014-07-20 20:00:00,-0.516204125883737,-0.10539447
2014-07-20 21:00:00,-0.494259780817404,-0.07243307
2014-07-20 22:00:00,-0.5271762984169034,-0.01779009
2014-07-20 23:00:00,-0.5710649885495693,-0.05279392
2014-07-21 00:00:00,-0.4832876082842375,-0.13055901
2014-07-21 01:00:00,-0.45037109068473813,-0.0075459965
2014-07-21 02:00:00,-0.43939891815157167,0.02040591
2014-07-21 03:00:00,-0.494259780817404,-0.038236886
2014-07-21 04:00:00,-0.45037109068473813,-0.043377742
2014-07-21 05:00:00,-0.45037109068473813,-0.016918242
2014-07-21 06:00:00,-0.516204125883737,-0.057363555
2014-07-21 07:00:00,-0.8782858194782304,-0.10174437
2014-07-21 08:00:00,-0.8782858194782304,-0.13264613
2014-07-21 09:00:00,-0.8782858194782304,-0.13193788
2014-07-21 10:00:00,-0.9770353722767287,-0.13936739
2014-07-21 11:00:00,-0.9331466821440627,-0.18493563
2014-07-21 12:00:00,-0.9660631997435621,-0.18257903
2014-07-21 13:00:00,-0.9331466821440627,-0.14015298
2014-07-21 14:00:00,-0.9441188546772292,-0.1061144
2014-07-21 15:00:00,-0.9331466821440627,-0.12443592
2014-07-21 16:00:00,-0.9550910272103957,-0.15127775
2014-07-21 17:00:00,-0.9770353722767287,-0.2239194
2014-07-21 18:00:00,-0.9441188546772292,-0.21829413
2014-07-21 19:00:00,-0.9331466821440627,-0.25569236
2014-07-21 20:00:00,-0.9112023370777298,-0.28094256
2014-07-21 21:00:00,-0.9441188546772292,-0.27002215
2014-07-21 22:00:00,-0.9770353722767287,-0.27889645
2014-07-21 23:00:00,-0.9989797173430616,-0.27482706
2014-07-22 00:00:00,-1.0318962349425609,-0.23132576
2014-07-22 01:00:00,-1.0318962349425609,-0.21239932
2014-07-22 02:00:00,-0.9550910272103957,-0.23023926
2014-07-22 03:00:00,-0.9880075448098952,-0.26491475
2014-07-22 04:00:00,-0.9221745096108963,-0.29091787
2014-07-22 05:00:00,-0.9221745096108963,-0.32029164
2014-07-22 06:00:00,-0.9441188546772292,-0.39521176
2014-07-22 07:00:00,-0.9002301645445634,-0.5683581
2014-07-22 08:00:00,-0.8892579920113969,-0.60724986
2014-07-22 09:00:00,-0.9331466821440627,-0.5983422
2014-07-22 10:00:00,-0.9660631997435621,-0.6311557
2014-07-22 11:00:00,-0.9441188546772292,-0.5812906
2014-07-22 12:00:00,-0.9221745096108963,-0.60439914
2014-07-22 13:00:00,-0.9002301645445634,-0.67214006
2014-07-22 14:00:00,-0.9112023370777298,-0.69225544
2014-07-22 15:00:00,-0.9221745096108963,-0.6948141
2014-07-22 16:00:00,-0.9221745096108963,-0.7381658
2014-07-22 17:00:00,-0.9770353722767287,-0.6291368
2014-07-22 18:00:00,-0.9331466821440627,-0.69283783
2014-07-22 19:00:00,-1.009951889876228,-0.5646592
2014-07-22 20:00:00,-0.9660631997435621,-0.68564457
2014-07-22 21:00:00,-0.8892579920113969,-0.7242047
2014-07-22 22:00:00,-0.867313646945064,-0.6715194
2014-07-22 23:00:00,-0.9112023370777298,-0.6641795
2014-07-23 00:00:00,-0.9221745096108963,-0.5742236
2014-07-23 01:00:00,-0.8782858194782304,-0.5733915
2014-07-23 02:00:00,-0.8782858194782304,-0.51873225
2014-07-23 03:00:00,-0.867313646945064,-0.6145488
2014-07-23 04:00:00,-0.845369301878731,-0.58645517
2014-07-23 05:00:00,-0.9660631997435621,-0.589317
2014-07-23 06:00:00,-0.9550910272103957,-0.57556516
2014-07-23 07:00:00,-0.8892579920113969,-0.54882085
2014-07-23 08:00:00,-0.8782858194782304,-0.5549266
2014-07-23 09:00:00,-0.9221745096108963,-0.5955987
2014-07-23 10:00:00,-0.9002301645445634,-0.45308214
2014-07-23 11:00:00,-0.8892579920113969,-0.54276603
2014-07-23 12:00:00,-0.9550910272103957,-0.5589197
2014-07-23 13:00:00,-0.8563414744118975,-0.53794616
2014-07-23 14:00:00,-0.8782858194782304,-0.5600497
2014-07-23 15:00:00,-0.9221745096108963,-0.53447664
2014-07-23 16:00:00,-0.8782858194782304,-0.52158666
2014-07-23 17:00:00,-0.867313646945064,-0.53967005
2014-07-23 18:00:00,-0.867313646945064,-0.5607722
2014-07-23 19:00:00,-0.6368980237485681,-0.41724813
2014-07-23 20:00:00,-0.5930093336159022,-0.48137122
2014-07-23 21:00:00,-0.6259258512154017,-0.49275464
2014-07-23 22:00:00,-0.6368980237485681,-0.5146554
2014-07-23 23:00:00,-0.6478701962817346,-0.5398217
2014-07-24 00:00:00,-0.5930093336159022,-0.5443546
2014-07-24 01:00:00,-0.494259780817404,-0.5157246
2014-07-24 02:00:00,-0.5271762984169034,-0.5175618
2014-07-24 03:00:00,-0.5491206434832363,-0.5167887
2014-07-24 04:00:00,-0.2857885026872411,-0.35932094
2014-07-24 05:00:00,-0.29676067522040755,-0.34097975
2014-07-24 06:00:00,-0.19801112242190932,-0.31029648
2014-07-24 07:00:00,-0.2857885026872411,-0.41052032
2014-07-24 08:00:00,-0.2638441576209081,-0.3138793
2014-07-24 09:00:00,-0.19801112242190932,-0.4206795
2014-07-24 10:00:00,-0.11023374215657758,-0.4978003
2014-07-24 11:00:00,0.03240450077458652,-0.5136197
2014-07-24 12:00:00,-0.12120591468974404,-0.5724303
2014-07-24 13:00:00,-0.36259371041940636,-0.49807525
2014-07-24 14:00:00,-0.16509460482240992,-0.5071301
2014-07-24 15:00:00,-0.4174545730852387,-0.5651502
2014-07-24 16:00:00,-0.5491206434832363,-0.5906185
2014-07-24 17:00:00,-0.34064936535307344,-0.58389586
2014-07-24 18:00:00,-0.5381484709500699,-0.6036836
2014-07-24 19:00:00,-0.8343971293455645,-0.42709947
2014-07-24 20:00:00,-0.7356475765470664,-0.37405097
2014-07-24 21:00:00,-0.7137032314807333,-0.35503346
2014-07-24 22:00:00,-0.40648240055207224,-0.26260102
2014-07-24 23:00:00,0.043376673307752994,-0.2602781
2014-07-25 00:00:00,0.39448619436908,-0.18430467
2014-07-25 01:00:00,0.5042079197007447,-0.27512026
2014-07-25 02:00:00,0.19698708877208357,-0.19903915
2014-07-25 03:00:00,0.29573664157058177,-0.16283904
2014-07-25 04:00:00,0.5371244373002441,-0.2220458
2014-07-25 05:00:00,0.6578183351650753,-0.27657086
2014-07-25 06:00:00,0.17504274370575063,-0.35826343
2014-07-25 07:00:00,-0.09926156962341111,-0.28396887
2014-07-25 08:00:00,-0.03342853442441229,-0.22729038
2014-07-25 09:00:00,-0.42842674561840516,-0.29249346
2014-07-25 10:00:00,-0.5600928160164028,-0.18157525
2014-07-25 11:00:00,-0.658842368814901,-0.15045972
2014-07-25 12:00:00,-0.7575919216133993,-0.2571364
2014-07-25 13:00:00,-0.8014806117460651,-0.33550578
2014-07-25 14:00:00,-0.7466197490802328,-0.14879495
2014-07-25 15:00:00,-0.7905084392128987,-0.15478127
2014-07-25 16:00:00,-0.7575919216133993,-0.21147193
2014-07-25 17:00:00,-0.680786713881234,-0.13278987
2014-07-25 18:00:00,-0.6039815061490686,-0.24563868
2014-07-25 19:00:00,-0.6149536786822352,-0.35723257
2014-07-25 20:00:00,-0.494259780817404,-0.33786732
2014-07-25 21:00:00,-0.42842674561840516,-0.31830823
2014-07-25 22:00:00,-0.34064936535307344,-0.12511186
2014-07-25 23:00:00,-0.34064936535307344,-0.10020229
2014-07-26 00:00:00,-0.307732847753574,-0.040739104
2014-07-26 01:00:00,-0.14315025975607698,0.09178856
2014-07-26 02:00:00,-0.09926156962341111,-0.076125935
2014-07-26 03:00:00,0.17504274370575063,-0.010767475
2014-07-26 04:00:00,0.39448619436908,0.1715898
2014-07-26 05:00:00,0.5042079197007447,0.11181462
2014-07-26 06:00:00,0.5371244373002441,-0.106788635
2014-07-26 07:00:00,0.4603192295680788,-0.22665574
2014-07-26 08:00:00,0.40545836690224646,-0.20992626
2014-07-26 09:00:00,0.14212622610625122,-0.37897652
2014-07-26 10:00:00,0.20795926130525003,-0.4122578
2014-07-26 11:00:00,0.07629319090725241,-0.4952162
2014-07-26 12:00:00,0.13115405357308474,-0.43995446
2014-07-26 13:00:00,-0.21995546748824227,-0.45513678
2014-07-26 14:00:00,-0.4174545730852387,-0.45421112
2014-07-26 15:00:00,-0.36259371041940636,-0.4188944
2014-07-26 16:00:00,-0.4174545730852387,-0.3863265
2014-07-26 17:00:00,-0.2638441576209081,-0.35857195
2014-07-26 18:00:00,-0.307732847753574,-0.3409478
2014-07-26 19:00:00,-0.40648240055207224,-0.30661523
2014-07-26 20:00:00,-0.47231543575107104,-0.28491944
2014-07-26 21:00:00,-0.4174545730852387,-0.24009158
2014-07-26 22:00:00,-0.45037109068473813,-0.19667368
2014-07-26 23:00:00,-0.47231543575107104,-0.16123411
2014-07-27 00:00:00,-0.43939891815157167,-0.11138444
2014-07-27 01:00:00,-0.3516215378862399,-0.021883786
2014-07-27 02:00:00,-0.2638441576209081,0.107036754
2014-07-27 03:00:00,-0.15412243228924344,0.17194824
2014-07-27 04:00:00,-0.03342853442441229,0.06596358
2014-07-27 05:00:00,0.021432328241420058,-0.010421447
2014-07-27 06:00:00,0.12018188103991828,-0.03894972
2014-07-27 07:00:00,0.07629319090725241,0.102111146
2014-07-27 08:00:00,0.06532101837408594,0.18973139
2014-07-27 09:00:00,0.14212622610625122,0.16426566
2014-07-27 10:00:00,0.054348845840919466,0.19725412
2014-07-27 11:00:00,0.15309839863941768,0.082005076
2014-07-27 12:00:00,0.36156967676958063,0.09965974
2014-07-27 13:00:00,0.2189314338384165,0.0028205663
2014-07-27 14:00:00,-0.011484189358079351,-0.08023487
2014-07-27 15:00:00,-0.14315025975607698,-0.06371949
2014-07-27 16:00:00,-0.07731722455707817,-0.08987017
2014-07-27 17:00:00,-0.16509460482240992,-0.045997784
2014-07-27 18:00:00,-0.05537287949074523,-0.067970194
2014-07-27 19:00:00,-0.02245636189124582,-0.09327932
2014-07-27 20:00:00,-0.011484189358079351,-0.12621221
2014-07-27 21:00:00,-0.13217808722291052,-0.09809232
2014-07-27 22:00:00,-0.18703894988874287,-0.10760619
2014-07-27 23:00:00,-0.17606677735557638,-0.10684548
2014-07-28 00:00:00,-0.07731722455707817,-0.08243406
2014-07-28 01:00:00,-0.05537287949074523,-0.048808664
2014-07-28 02:00:00,0.14212622610625122,-0.010504801
2014-07-28 03:00:00,0.22990360637158297,0.025736881
2014-07-28 04:00:00,0.29573664157058177,0.07203366
2014-07-28 05:00:00,0.3725418493027471,0.07838427
2014-07-28 06:00:00,0.41643053943541297,0.24767299
2014-07-28 07:00:00,0.44934705703491234,0.24510475
2014-07-28 08:00:00,0.4712914021012453,0.17145276
2014-07-28 09:00:00,0.27379229650424886,0.24049276
2014-07-28 10:00:00,0.12018188103991828,0.22089261
2014-07-28 11:00:00,0.19698708877208357,0.26551652
2014-07-28 12:00:00,0.10920970850675181,0.27721405
2014-07-28 13:00:00,0.010460155708253588,0.17815492
2014-07-28 14:00:00,-0.29676067522040755,0.071704105
2014-07-28 15:00:00,-0.42842674561840516,0.03860212
2014-07-28 16:00:00,-0.36259371041940636,0.077050164
2014-07-28 17:00:00,-0.21995546748824227,0.0073709115
2014-07-28 18:00:00,-0.2089832949550758,0.04964289
2014-07-28 19:00:00,-0.25287198508774167,0.047689654
2014-07-28 20:00:00,-0.12120591468974404,0.04571711
2014-07-28 21:00:00,-0.13217808722291052,0.0019329563
2014-07-28 22:00:00,-0.18703894988874287,-0.02358143
2014-07-28 23:00:00,-0.12120591468974404,0.0055959597
2014-07-29 00:00:00,-0.04440070695757876,0.05517842
2014-07-29 01:00:00,-0.11023374215657758,0.048599757
2014-07-29 02:00:00,-0.011484189358079351,0.09030768
2014-07-29 03:00:00,0.010460155708253588,0.09281058
2014-07-29 04:00:00,0.15309839863941768,0.08427328
2014-07-29 05:00:00,0.38351402183591354,0.090692624
2014-07-29 06:00:00,0.6029574724992429,0.09030578
2014-07-29 07:00:00,0.9760113386269029,0.074105546
2014-07-29 08:00:00,0.8662896132952382,0.071546584
2014-07-29 09:00:00,0.5590687823665771,0.17339621
2014-07-29 10:00:00,0.27379229650424886,0.14439282
2014-07-29 11:00:00,0.010460155708253588,0.15354702
2014-07-29 12:00:00,-0.08828939709024464,0.05905357
2014-07-29 13:00:00,-0.03342853442441229,-0.041789368
2014-07-29 14:00:00,-0.15412243228924344,-0.17504905
2014-07-29 15:00:00,-0.17606677735557638,-0.21306561
2014-07-29 16:00:00,-0.12120591468974404,-0.19744785
2014-07-29 17:00:00,-0.12120591468974404,-0.13227658
2014-07-29 18:00:00,-0.15412243228924344,-0.11947745
2014-07-29 19:00:00,-0.08828939709024464,-0.11584486
2014-07-29 20:00:00,-0.15412243228924344,-0.10430217
2014-07-29 21:00:00,-0.16509460482240992,-0.09867118
2014-07-29 22:00:00,-0.18703894988874287,-0.10420495
2014-07-29 23:00:00,-0.19801112242190932,-0.074465856
2014-07-30 00:00:00,-0.2418998125545752,-0.032966234
2014-07-30 01:00:00,-0.34064936535307344,-0.056969255
2014-07-30 02:00:00,-0.5271762984169034,-0.041113384
2014-07-30 03:00:00,-0.516204125883737,-0.046017684
2014-07-30 04:00:00,-0.13217808722291052,-0.02424445
2014-07-30 05:00:00,0.18601491623891708,0.020096105
2014-07-30 06:00:00,0.14212622610625122,0.074600875
2014-07-30 07:00:00,0.4603192295680788,0.19504216
2014-07-30 08:00:00,0.3725418493027471,0.14563552
2014-07-30 09:00:00,0.6468461626319087,0.09093619
2014-07-30 10:00:00,0.5590687823665771,0.015235465
2014-07-30 11:00:00,0.5371244373002441,-0.09759791
2014-07-30 12:00:00,0.5261522647670777,-0.1859799
2014-07-30 13:00:00,0.3505975042364141,-0.18466899
2014-07-30 14:00:00,0.3286531591700812,-0.22457154
2014-07-30 15:00:00,0.24087577890474945,-0.25166357
2014-07-30 16:00:00,0.13115405357308474,-0.21494998
2014-07-30 17:00:00,0.3286531591700812,-0.18039854
2014-07-30 18:00:00,0.4822635746344118,-0.18182828
2014-07-30 19:00:00,0.6249018175655758,-0.16723886
2014-07-30 20:00:00,0.932122648494237,-0.18630861
2014-07-30 21:00:00,1.0857330639585676,-0.23407032
2014-07-30 22:00:00,1.2283713068897317,-0.23329572
2014-07-30 23:00:00,1.217399134356565,-0.2185473
2014-07-31 00:00:00,1.1076774090249004,-0.22574414
2014-07-31 01:00:00,1.0199000287595688,-0.26681763
2014-07-31 02:00:00,1.0747608914254012,-0.048914284
2014-07-31 03:00:00,0.9540669935605699,-0.08844091
2014-07-31 04:00:00,0.9211504759610706,0.007957615
2014-07-31 05:00:00,1.0089278562264024,0.0029544048
2014-07-31 06:00:00,1.184482616757066,-0.09467797
2014-07-31 07:00:00,1.305176514621897,-0.097496524
2014-07-31 08:00:00,1.6453138631500575,-0.022249483
2014-07-31 09:00:00,1.3929538948872286,-0.065869674
2014-07-31 10:00:00,1.2064269618233987,-0.0023288764
2014-07-31 11:00:00,0.8333730956957388,0.044630345
2014-07-31 12:00:00,0.8772617858284046,0.045898385
2014-07-31 13:00:00,0.7017070252977412,-0.0047630966
2014-07-31 14:00:00,0.6907348527645747,0.00839591
2014-07-31 15:00:00,0.6029574724992429,0.007907357
2014-07-31 16:00:00,0.3725418493027471,-0.011085741
2014-07-31 17:00:00,0.3725418493027471,0.05796735
2014-07-31 18:00:00,0.24087577890474945,0.116385154
2014-07-31 19:00:00,0.27379229650424886,0.16416442
2014-07-31 20:00:00,0.38351402183591354,0.2638324
2014-07-31 21:00:00,0.7346235428972405,0.31111658
2014-07-31 22:00:00,0.9540669935605699,0.36998904
2014-07-31 23:00:00,1.1625382716907329,0.49347132
2014-08-01 00:00:00,1.0528165463590682,0.5003547
2014-08-01 01:00:00,0.5919852999660764,0.5023462
2014-08-01 02:00:00,0.2189314338384165,0.5050498
2014-08-01 03:00:00,0.38351402183591354,0.44505072
2014-08-01 04:00:00,0.3505975042364141,0.42208016
2014-08-01 05:00:00,0.39448619436908,0.51227427
2014-08-01 06:00:00,0.5042079197007447,0.5314622
2014-08-01 07:00:00,0.6468461626319087,0.55989456
2014-08-01 08:00:00,0.8662896132952382,0.6641405
2014-08-01 09:00:00,0.932122648494237,0.5807616
2014-08-01 10:00:00,0.5700409548997435,0.5144563
2014-08-01 11:00:00,0.13115405357308474,0.38003695
2014-08-01 12:00:00,0.2518479514379159,0.39179623
2014-08-01 13:00:00,0.09823753597358534,0.31585288
2014-08-01 14:00:00,0.03240450077458652,0.30296665
2014-08-01 15:00:00,-0.02245636189124582,0.26066545
2014-08-01 16:00:00,-0.0663450520239117,0.17568462
2014-08-01 17:00:00,0.06532101837408594,0.16882087
2014-08-01 18:00:00,0.16407057117258417,0.13359766
2014-08-01 19:00:00,0.2628201239710824,0.13046336
2014-08-01 20:00:00,0.3725418493027471,0.14723232
2014-08-01 21:00:00,0.3725418493027471,0.23910095
2014-08-01 22:00:00,0.40545836690224646,0.29617906
2014-08-01 23:00:00,0.010460155708253588,0.39627182
2014-08-02 00:00:00,-0.2418998125545752,0.37296438
2014-08-02 01:00:00,-0.23092764002140873,0.23940082
2014-08-02 02:00:00,-0.16509460482240992,0.14301811
2014-08-02 03:00:00,-0.07731722455707817,0.30499184
2014-08-02 04:00:00,-0.13217808722291052,0.24838464
2014-08-02 05:00:00,-0.2418998125545752,0.20763545
2014-08-02 06:00:00,-0.34064936535307344,0.17098431
2014-08-02 07:00:00,-0.4174545730852387,0.22028947
2014-08-02 08:00:00,-0.47231543575107104,0.307962
2014-08-02 09:00:00,-0.25287198508774167,0.3351819
2014-08-02 10:00:00,-0.14315025975607698,0.2380787
2014-08-02 11:00:00,-0.03342853442441229,0.094020985
2014-08-02 12:00:00,0.010460155708253588,0.17131658
2014-08-02 13:00:00,0.13115405357308474,0.13719812
2014-08-02 14:00:00,0.09823753597358534,0.067788735
2014-08-02 15:00:00,0.10920970850675181,0.032592684
2014-08-02 16:00:00,0.043376673307752994,-0.005314309
2014-08-02 17:00:00,0.043376673307752994,0.025410162
2014-08-02 18:00:00,0.010460155708253588,0.07318984
2014-08-02 19:00:00,-0.0005120168249128817,0.117172964
2014-08-02 20:00:00,0.14212622610625122,0.16668984
2014-08-02 21:00:00,0.16407057117258417,0.228061
2014-08-02 22:00:00,0.22990360637158297,0.28183687
2014-08-02 23:00:00,0.20795926130525003,0.13461441
2014-08-03 00:00:00,0.41643053943541297,0.05077581
2014-08-03 01:00:00,0.5042079197007447,0.039116427
2014-08-03 02:00:00,0.6358739900987423,0.032799594
2014-08-03 03:00:00,0.9211504759610706,0.03267196
2014-08-03 04:00:00,0.9869835111600693,-0.025317743
2014-08-03 05:00:00,1.1076774090249004,-0.012681812
2014-08-03 06:00:00,0.8224009231625723,-0.017007727
2014-08-03 07:00:00,0.3505975042364141,-0.08971113
2014-08-03 08:00:00,0.021432328241420058,-0.15321822
2014-08-03 09:00:00,-0.13217808722291052,-0.0538131
2014-08-03 10:00:00,-0.2857885026872411,0.016253475
2014-08-03 11:00:00,-0.2857885026872411,0.05393102
2014-08-03 12:00:00,-0.19801112242190932,0.0684593
2014-08-03 13:00:00,-0.29676067522040755,0.106487274
2014-08-03 14:00:00,-0.05537287949074523,0.079453394
2014-08-03 15:00:00,-0.2638441576209081,0.037847288
2014-08-03 16:00:00,0.021432328241420058,-0.024223074
2014-08-03 17:00:00,-0.307732847753574,-0.04876645
2014-08-03 18:00:00,-0.34064936535307344,-0.06555685
2014-08-03 19:00:00,-0.5271762984169034,-0.08521126
2014-08-03 20:00:00,-0.5052319533505705,0.054165814
2014-08-03 21:00:00,-0.36259371041940636,0.015751924
2014-08-03 22:00:00,-0.40648240055207224,0.114040345
2014-08-03 23:00:00,-0.36259371041940636,-0.02313003
2014-08-04 00:00:00,-0.2857885026872411,-0.031428196
2014-08-04 01:00:00,-0.21995546748824227,0.07145171
2014-08-04 02:00:00,-0.08828939709024464,0.21849725
2014-08-04 03:00:00,-0.12120591468974404,0.28785557
2014-08-04 04:00:00,-0.19801112242190932,0.35515195
2014-08-04 05:00:00,-0.08828939709024464,0.3951128
2014-08-04 06:00:00,-0.11023374215657758,0.28834373
2014-08-04 07:00:00,-0.11023374215657758,-0.028425485
2014-08-04 08:00:00,-0.45037109068473813,-0.22130431
2014-08-04 09:00:00,-0.9660631997435621,-0.2669084
2014-08-04 10:00:00,-0.9880075448098952,-0.17692386
2014-08-04 11:00:00,-1.0209240624093945,-0.10244994
2014-08-04 12:00:00,-1.0428684074757275,-0.068948574
2014-08-04 13:00:00,-1.0209240624093945,-0.09364155
2014-08-04 14:00:00,-1.0209240624093945,-0.14097919
2014-08-04 15:00:00,-1.0318962349425609,-0.29773986
2014-08-04 16:00:00,-1.053840580008894,-0.25160736
2014-08-04 17:00:00,-1.0209240624093945,-0.28102
2014-08-04 18:00:00,-1.0209240624093945,-0.18916552
2014-08-04 19:00:00,-1.053840580008894,-0.16197886
2014-08-04 20:00:00,-1.075784925075227,-0.18919888
2014-08-04 21:00:00,-1.075784925075227,-0.19654039
2014-08-04 22:00:00,-1.053840580008894,-0.23891766
2014-08-04 23:00:00,-1.053840580008894,-0.14767787
2014-08-05 00:00:00,-1.0318962349425609,-0.2292232
2014-08-05 01:00:00,-0.9441188546772292,-0.12089583
2014-08-05 02:00:00,-0.9550910272103957,-0.112266645
2014-08-05 03:00:00,-0.9880075448098952,-0.08839513
2014-08-05 04:00:00,-1.009951889876228,-0.20598753
2014-08-05 05:00:00,-0.9989797173430616,-0.23560746
2014-08-05 06:00:00,-0.9770353722767287,-0.18965448
2014-08-05 07:00:00,-0.9441188546772292,-0.34649855
2014-08-05 08:00:00,-0.9221745096108963,-0.5435161
2014-08-05 09:00:00,-0.9441188546772292,-0.7722067
2014-08-05 10:00:00,-0.823424956812398,-0.7944316
2014-08-05 11:00:00,-0.823424956812398,-0.849679
2014-08-05 12:00:00,-0.7575919216133993,-0.8321194
2014-08-05 13:00:00,-0.8014806117460651,-0.82375914
2014-08-05 14:00:00,-0.8124527842792316,-0.7280415
2014-08-05 15:00:00,-0.7905084392128987,-0.7333047
2014-08-05 16:00:00,-0.7466197490802328,-0.7577793
2014-08-05 17:00:00,-0.5381484709500699,-0.69016856
2014-08-05 18:00:00,-0.7466197490802328,-0.6839907
2014-08-05 19:00:00,-0.823424956812398,-0.7443648
2014-08-05 20:00:00,-0.845369301878731,-0.742593
2014-08-05 21:00:00,-0.8014806117460651,-0.75994104
2014-08-05 22:00:00,-0.7905084392128987,-0.7527451
2014-08-05 23:00:00,-0.8124527842792316,-0.7129816
2014-08-06 00:00:00,-0.7466197490802328,-0.685582
2014-08-06 01:00:00,-0.7246754040138998,-0.72036546
2014-08-06 02:00:00,-0.5710649885495693,-0.55934995
2014-08-06 03:00:00,-0.5600928160164028,-0.6051732
2014-08-06 04:00:00,-0.43939891815157167,-0.63145953
2014-08-06 05:00:00,-0.40648240055207224,-0.6481069
2014-08-06 06:00:00,-0.4174545730852387,-0.6414828
2014-08-06 07:00:00,-0.3516215378862399,-0.6379623
2014-08-06 08:00:00,-0.40648240055207224,-0.653628
2014-08-06 09:00:00,-0.5491206434832363,-0.63332254
2014-08-06 10:00:00,-0.845369301878731,-0.48447734
2014-08-06 11:00:00,-0.9221745096108963,-0.3921051
2014-08-06 12:00:00,-1.009951889876228,-0.35987175
2014-08-06 13:00:00,-1.0318962349425609,-0.3964861
2014-08-06 14:00:00,-1.0648127525420603,-0.47383815
2014-08-06 15:00:00,-1.075784925075227,-0.45419723
2014-08-06 16:00:00,-1.0428684074757275,-0.4119835
2014-08-06 17:00:00,-1.053840580008894,-0.2896104
2014-08-06 18:00:00,-1.009951889876228,-0.31063813
2014-08-06 19:00:00,-0.9331466821440627,-0.29814804
2014-08-06 20:00:00,-0.823424956812398,-0.32367092
2014-08-06 21:00:00,-0.7905084392128987,-0.3040853
2014-08-06 22:00:00,-0.5930093336159022,-0.28241855
2014-08-06 23:00:00,-0.31870502028674047,-0.18772858
2014-08-07 00:00:00,0.27379229650424886,-0.19830748
2014-08-07 01:00:00,0.4603192295680788,-0.3147468
2014-08-07 02:00:00,0.054348845840919466,-0.36325675
2014-08-07 03:00:00,0.010460155708253588,-0.3634255
2014-08-07 04:00:00,-0.12120591468974404,-0.32504606
2014-08-07 05:00:00,-0.07731722455707817,-0.34818143
2014-08-07 06:00:00,-0.16509460482240992,-0.38961273
2014-08-07 07:00:00,-0.4174545730852387,-0.398875
2014-08-07 08:00:00,-0.658842368814901,-0.43054563
2014-08-07 09:00:00,-0.5271762984169034,-0.55366784
2014-08-07 10:00:00,-0.4174545730852387,-0.6294603
2014-08-07 11:00:00,-0.494259780817404,-0.71870124
2014-08-07 12:00:00,-0.5710649885495693,-0.7839152
2014-08-07 13:00:00,-0.6478701962817346,-0.8084324
2014-08-07 14:00:00,-0.6698145413480675,-0.82097894
2014-08-07 15:00:00,-0.6259258512154017,-0.8245309
2014-08-07 16:00:00,-0.6259258512154017,-0.6458886
2014-08-07 17:00:00,-0.6149536786822352,-0.5689188
2014-08-07 18:00:00,-0.6917588864144004,-0.51937175
2014-08-07 19:00:00,-0.658842368814901,-0.33990967
2014-08-07 20:00:00,-0.3955102280189058,-0.2885188
2014-08-07 21:00:00,-0.5710649885495693,-0.27421284
2014-08-07 22:00:00,-0.4832876082842375,-0.1894739
2014-08-07 23:00:00,-0.6478701962817346,-0.107439294
2014-08-08 00:00:00,-0.5710649885495693,0.17657234
2014-08-08 01:00:00,-0.7795362666797322,0.14151233
2014-08-08 02:00:00,-0.658842368814901,0.113376535
2014-08-08 03:00:00,-0.6368980237485681,0.09628755
2014-08-08 04:00:00,-0.5820371610827357,-0.045489743
2014-08-08 05:00:00,-0.5381484709500699,-0.10316153
2014-08-08 06:00:00,-0.34064936535307344,-0.17432559
2014-08-08 07:00:00,-0.23092764002140873,-0.26739484
2014-08-08 08:00:00,-0.11023374215657758,-0.37639064
2014-08-08 09:00:00,-0.18703894988874287,-0.3327244
2014-08-08 10:00:00,-0.2638441576209081,-0.37493986
2014-08-08 11:00:00,-0.16509460482240992,-0.30632943
2014-08-08 12:00:00,-0.307732847753574,-0.32619852
2014-08-08 13:00:00,-0.4832876082842375,-0.26825494
2014-08-08 14:00:00,-0.6039815061490686,-0.2700135
2014-08-08 15:00:00,-0.5930093336159022,-0.2613504
2014-08-08 16:00:00,-0.6698145413480675,-0.25390548
2014-08-08 17:00:00,-0.5600928160164028,-0.23277022
2014-08-08 18:00:00,-0.5600928160164028,-0.22037904
2014-08-08 19:00:00,-0.4174545730852387,-0.18282777
2014-08-08 20:00:00,-0.45037109068473813,-0.090388
2014-08-08 21:00:00,-0.4613432632179046,-0.15654437
2014-08-08 22:00:00,-0.45037109068473813,-0.10999842
2014-08-08 23:00:00,-0.43939891815157167,-0.15102668
2014-08-09 00:00:00,-0.307732847753574,-0.1332452
2014-08-09 01:00:00,-0.31870502028674047,-0.080994055
2014-08-09 02:00:00,-0.11023374215657758,-0.19259058
2014-08-09 03:00:00,0.2189314338384165,-0.11522704
2014-08-09 04:00:00,0.2518479514379159,-0.071435936
2014-08-09 05:00:00,0.3505975042364141,-0.05526574
2014-08-09 06:00:00,0.4822635746344118,-0.151046
2014-08-09 07:00:00,0.5919852999660764,-0.020417586
2014-08-09 08:00:00,0.6578183351650753,0.044013593
2014-08-09 09:00:00,0.2628201239710824,0.01799699
2014-08-09 10:00:00,-0.05537287949074523,-0.026375696
2014-08-09 11:00:00,-0.21995546748824227,-0.036500506
2014-08-09 12:00:00,-0.307732847753574,-0.12928756
2014-08-09 13:00:00,-0.329677192819907,-0.22885247
2014-08-09 14:00:00,-0.4613432632179046,-0.2701832
2014-08-09 15:00:00,-0.516204125883737,-0.27385288
2014-08-09 16:00:00,-0.5052319533505705,-0.26315248
2014-08-09 17:00:00,-0.6149536786822352,-0.20681642
2014-08-09 18:00:00,-0.7356475765470664,-0.1871951
2014-08-09 19:00:00,-0.5930093336159022,-0.1491509
2014-08-09 20:00:00,-0.6368980237485681,-0.15537338
2014-08-09 21:00:00,-0.494259780817404,-0.13945626
2014-08-09 22:00:00,-0.9331466821440627,-0.11951186
2014-08-09 23:00:00,-0.9002301645445634,-0.112811044
2014-08-10 00:00:00,-0.9112023370777298,-0.048682272
2014-08-10 01:00:00,-0.8563414744118975,-0.053493686
2014-08-10 02:00:00,-0.8563414744118975,-0.011545248
2014-08-10 03:00:00,-0.8343971293455645,0.068320714
2014-08-10 04:00:00,-0.867313646945064,0.18605493
2014-08-10 05:00:00,-0.7905084392128987,0.2175156
2014-08-10 06:00:00,-0.7575919216133993,0.09542962
2014-08-10 07:00:00,-0.7575919216133993,0.15997878
2014-08-10 08:00:00,-0.8343971293455645,0.18938042
2014-08-10 09:00:00,-0.823424956812398,0.09176783
2014-08-10 10:00:00,-0.6698145413480675,0.019100431
2014-08-10 11:00:00,-0.680786713881234,0.014250327
2014-08-10 12:00:00,-0.6917588864144004,-0.05182779
2014-08-10 13:00:00,-0.7027310589475669,-0.12610666
2014-08-10 14:00:00,-0.7466197490802328,-0.20561741
2014-08-10 15:00:00,-0.7685640941465657,-0.22538383
2014-08-10 16:00:00,-0.845369301878731,-0.21581398
2014-08-10 17:00:00,-0.8782858194782304,-0.26551056
2014-08-10 18:00:00,-0.7905084392128987,-0.27761585
2014-08-10 19:00:00,-0.6259258512154017,-0.25985777
2014-08-10 20:00:00,-0.516204125883737,-0.28933972
2014-08-10 21:00:00,-0.5600928160164028,-0.25630265
2014-08-10 22:00:00,-0.516204125883737,-0.40820962
2014-08-10 23:00:00,-0.2418998125545752,-0.296593
2014-08-11 00:00:00,-0.15412243228924344,-0.3748834
2014-08-11 01:00:00,-0.3845380554857393,-0.38835937
2014-08-11 02:00:00,-0.4613432632179046,-0.4854725
2014-08-11 03:00:00,-0.516204125883737,-0.361746
2014-08-11 04:00:00,-0.8124527842792316,-0.44576246
2014-08-11 05:00:00,-0.8782858194782304,-0.47333825
2014-08-11 06:00:00,-0.9660631997435621,-0.54413253
2014-08-11 07:00:00,-0.9550910272103957,-0.57624406
2014-08-11 08:00:00,-0.9660631997435621,-0.5150612
2014-08-11 09:00:00,-0.9660631997435621,-0.51395327
2014-08-11 10:00:00,-1.0318962349425609,-0.39891744
2014-08-11 11:00:00,-0.9770353722767287,-0.3978436
2014-08-11 12:00:00,-1.0318962349425609,-0.49858218
2014-08-11 13:00:00,-1.0318962349425609,-0.5190482
2014-08-11 14:00:00,-0.9770353722767287,-0.45047772
2014-08-11 15:00:00,-0.9880075448098952,-0.39934665
2014-08-11 16:00:00,-0.9989797173430616,-0.4137702
2014-08-11 17:00:00,-0.9989797173430616,-0.4029631
2014-08-11 18:00:00,-0.9441188546772292,-0.42371976
2014-08-11 19:00:00,-0.867313646945064,-0.39119458
2014-08-11 20:00:00,-0.8563414744118975,-0.33086556
2014-08-11 21:00:00,-0.845369301878731,-0.33510238
2014-08-11 22:00:00,-0.8014806117460651,-0.37655222
2014-08-11 23:00:00,-0.6368980237485681,-0.3356555
2014-08-12 00:00:00,-0.5491206434832363,-0.3029936
2014-08-12 01:00:00,-0.47231543575107104,-0.34701836
2014-08-12 02:00:00,-0.7795362666797322,-0.3610586
2014-08-12 03:00:00,-0.8124527842792316,-0.3947279
2014-08-12 04:00:00,-0.845369301878731,-0.5116532
2014-08-12 05:00:00,-0.9002301645445634,-0.58054256
2014-08-12 06:00:00,-0.9331466821440627,-0.6262102
2014-08-12 07:00:00,-0.9660631997435621,-0.63577855
2014-08-12 08:00:00,-0.9112023370777298,-0.6839375
2014-08-12 09:00:00,-1.009951889876228,-0.7285215
2014-08-12 10:00:00,-0.9880075448098952,-0.785594
2014-08-12 11:00:00,-0.9660631997435621,-0.72737515
2014-08-12 12:00:00,-0.8892579920113969,-0.8121614
2014-08-12 13:00:00,-0.867313646945064,-0.657905
2014-08-12 14:00:00,-0.7685640941465657,-0.7015758
2014-08-12 15:00:00,-0.7356475765470664,-0.6539015
2014-08-12 16:00:00,-0.7905084392128987,-0.6024758
2014-08-12 17:00:00,-0.8343971293455645,-0.53503674
2014-08-12 18:00:00,-0.7575919216133993,-0.40681946
2014-08-12 19:00:00,-0.658842368814901,-0.2758934
2014-08-12 20:00:00,-0.7795362666797322,-0.23567249
2014-08-12 21:00:00,-0.3955102280189058,-0.4043979
2014-08-12 22:00:00,-0.680786713881234,-0.35702902
2014-08-12 23:00:00,-0.8892579920113969,-0.31824446
2014-08-13 00:00:00,-0.845369301878731,-0.14765945
2014-08-13 01:00:00,-0.9550910272103957,-0.04784576
2014-08-13 02:00:00,-0.9331466821440627,-0.25470394
2014-08-13 03:00:00,-0.867313646945064,-0.3475204
2014-08-13 04:00:00,-0.9002301645445634,-0.43488973
2014-08-13 05:00:00,-0.8892579920113969,-0.58229023
2014-08-13 06:00:00,-0.680786713881234,-0.58766484
2014-08-13 07:00:00,-0.7027310589475669,-0.587799
2014-08-13 08:00:00,-0.7027310589475669,-0.67835623
2014-08-13 09:00:00,-0.516204125883737,-0.7598938
2014-08-13 10:00:00,-0.494259780817404,-0.606925
2014-08-13 11:00:00,-0.6259258512154017,-0.5637892
2014-08-13 12:00:00,-0.680786713881234,-0.4876091
2014-08-13 13:00:00,-0.8124527842792316,-0.4918275
2014-08-13 14:00:00,-0.9112023370777298,-0.36208832
2014-08-13 15:00:00,-0.9112023370777298,-0.33263057
2014-08-13 16:00:00,-0.9331466821440627,-0.36219352
2014-08-13 17:00:00,-0.8892579920113969,-0.3415017
2014-08-13 18:00:00,-0.867313646945064,-0.27348208
2014-08-13 19:00:00,-0.8343971293455645,-0.13549352
2014-08-13 20:00:00,-0.8343971293455645,-0.18713479
2014-08-13 21:00:00,-0.8124527842792316,-0.08806589
2014-08-13 22:00:00,-0.8343971293455645,-0.25490713
2014-08-13 23:00:00,-0.867313646945064,-0.38773036
2014-08-14 00:00:00,-0.7795362666797322,-0.30826563
2014-08-14 01:00:00,-0.8892579920113969,-0.4243874
2014-08-14 02:00:00,-0.8563414744118975,-0.3159691
2014-08-14 03:00:00,-0.8563414744118975,-0.39197403
2014-08-14 04:00:00,-0.9221745096108963,-0.48575115
2014-08-14 05:00:00,-0.7905084392128987,-0.45005202
2014-08-14 06:00:00,-0.7137032314807333,-0.29516912
2014-08-14 07:00:00,-0.9112023370777298,-0.40586823
2014-08-14 08:00:00,-0.823424956812398,-0.36374784
2014-08-14 09:00:00,-0.8014806117460651,-0.3244657
2014-08-14 10:00:00,-0.8124527842792316,-0.46166903
2014-08-14 11:00:00,-0.8124527842792316,-0.49012756
2014-08-14 12:00:00,-0.7905084392128987,-0.5015777
2014-08-14 13:00:00,-0.6368980237485681,-0.52104706
2014-08-14 14:00:00,-0.5710649885495693,-0.57920605
2014-08-14 15:00:00,-0.7575919216133993,-0.55886465
2014-08-14 16:00:00,-0.8014806117460651,-0.5794299
2014-08-14 17:00:00,-0.8124527842792316,-0.45407188
2014-08-14 18:00:00,-0.7137032314807333,-0.50040853
2014-08-14 19:00:00,-0.7466197490802328,-0.47441816
2014-08-14 20:00:00,-0.680786713881234,-0.4618855
2014-08-14 21:00:00,-0.6917588864144004,-0.41054153
2014-08-14 22:00:00,-0.8124527842792316,-0.37933272
2014-08-14 23:00:00,-0.9112023370777298,-0.5050834
2014-08-15 00:00:00,-0.7466197490802328,-0.46906132
2014-08-15 01:00:00,-0.8124527842792316,-0.4091081
2014-08-15 02:00:00,-0.7246754040138998,-0.47366422
2014-08-15 03:00:00,-0.7466197490802328,-0.4769501
2014-08-15 04:00:00,-0.845369301878731,-0.5028138
2014-08-15 05:00:00,-0.7137032314807333,-0.38207573
2014-08-15 06:00:00,-0.31870502028674047,-0.3152774
2014-08-15 07:00:00,0.021432328241420058,-0.45514894
2014-08-15 08:00:00,0.22990360637158297,-0.48985082
2014-08-15 09:00:00,0.15309839863941768,-0.5161505
2014-08-15 10:00:00,-0.3955102280189058,-0.40092582
2014-08-15 11:00:00,-0.5820371610827357,-0.3510008
2014-08-15 12:00:00,-0.8124527842792316,-0.34446734
2014-08-15 13:00:00,-0.9112023370777298,-0.33402872
2014-08-15 14:00:00,-0.9660631997435621,-0.3428886
2014-08-15 15:00:00,-0.9112023370777298,-0.38484085
2014-08-15 16:00:00,-0.7246754040138998,-0.39350647
2014-08-15 17:00:00,-0.5710649885495693,-0.37586015
2014-08-15 18:00:00,-0.8563414744118975,-0.36396563
2014-08-15 19:00:00,-0.7685640941465657,-0.37312955
2014-08-15 20:00:00,-0.8014806117460651,-0.33527362
2014-08-15 21:00:00,-0.8343971293455645,-0.37384224
2014-08-15 22:00:00,-0.7905084392128987,-0.3009172
2014-08-15 23:00:00,-0.7356475765470664,-0.2673248
2014-08-16 00:00:00,-0.494259780817404,-0.21318258
2014-08-16 01:00:00,-0.329677192819907,-0.16928686
2014-08-16 02:00:00,-0.31870502028674047,-0.29721963
2014-08-16 03:00:00,-0.13217808722291052,-0.3614182
2014-08-16 04:00:00,-0.19801112242190932,-0.32423145
2014-08-16 05:00:00,-0.5271762984169034,-0.39684725
2014-08-16 06:00:00,-0.5930093336159022,-0.20028496
2014-08-16 07:00:00,-0.7356475765470664,-0.034686595
2014-08-16 08:00:00,-0.6917588864144004,-0.12017222
2014-08-16 09:00:00,-0.5600928160164028,-0.24648125
2014-08-16 10:00:00,-0.31870502028674047,-0.2951793
2014-08-16 11:00:00,-0.3516215378862399,-0.46318698
2014-08-16 12:00:00,-0.5710649885495693,-0.46095902
2014-08-16 13:00:00,-0.6149536786822352,-0.42317748
2014-08-16 14:00:00,-0.680786713881234,-0.48612815
2014-08-16 15:00:00,-0.7905084392128987,-0.46211982
2014-08-16 16:00:00,-0.5271762984169034,-0.39588052
2014-08-16 17:00:00,-0.40648240055207224,-0.3132249
2014-08-16 18:00:00,-0.4832876082842375,-0.3490178
2014-08-16 19:00:00,-0.42842674561840516,-0.18152122
2014-08-16 20:00:00,-0.2857885026872411,-0.1494885
2014-08-16 21:00:00,-0.21995546748824227,-0.13090824
2014-08-16 22:00:00,-0.12120591468974404,-0.1545302
2014-08-16 23:00:00,-0.03342853442441229,-0.17471813
2014-08-17 00:00:00,0.7894844055630729,-0.121153235
2014-08-17 01:00:00,1.1954547892902323,-0.041693248
2014-08-17 02:00:00,-0.307732847753574,-0.014147185
2014-08-17 03:00:00,-0.8892579920113969,-0.0896499
2014-08-17 04:00:00,-0.845369301878731,-0.20706445
2014-08-17 05:00:00,-0.7575919216133993,-0.3752436
2014-08-17 06:00:00,-0.8014806117460651,-0.40087283
2014-08-17 07:00:00,-0.7356475765470664,-0.30665183
2014-08-17 08:00:00,-0.680786713881234,-0.38889098
2014-08-17 09:00:00,-0.7027310589475669,-0.42412418
2014-08-17 10:00:00,-0.6698145413480675,-0.26022863
2014-08-17 11:00:00,-0.6149536786822352,-0.19607371
2014-08-17 12:00:00,-0.6917588864144004,-0.21668138
2014-08-17 13:00:00,-0.7027310589475669,-0.1844507
2014-08-17 14:00:00,-0.7905084392128987,-0.19389044
2014-08-17 15:00:00,-0.680786713881234,-0.3028986
2014-08-17 16:00:00,-0.845369301878731,-0.23500575
2014-08-17 17:00:00,-0.8782858194782304,-0.18187906
2014-08-17 18:00:00,-0.8782858194782304,-0.18286577
2014-08-17 19:00:00,-0.7137032314807333,-0.110768795
2014-08-17 20:00:00,-0.6149536786822352,0.021282112
2014-08-17 21:00:00,-0.494259780817404,0.023751149
2014-08-17 22:00:00,-0.29676067522040755,0.03807984
2014-08-17 23:00:00,-0.2089832949550758,0.12196311
2014-08-18 00:00:00,-0.07731722455707817,0.38695312
2014-08-18 01:00:00,-0.09926156962341111,0.49864686
2014-08-18 02:00:00,-0.5381484709500699,0.010260966
2014-08-18 03:00:00,-0.4832876082842375,-0.22489353
2014-08-18 04:00:00,-0.4832876082842375,-0.2600093
2014-08-18 05:00:00,-0.7246754040138998,-0.2896102
2014-08-18 06:00:00,-0.7137032314807333,-0.40515864
2014-08-18 07:00:00,-0.8014806117460651,-0.24267532
2014-08-18 08:00:00,-0.8124527842792316,-0.31823778
2014-08-18 09:00:00,-0.6698145413480675,-0.37825125
2014-08-18 10:00:00,-0.7137032314807333,-0.35820138
2014-08-18 11:00:00,-0.680786713881234,-0.35240012
2014-08-18 12:00:00,-0.45037109068473813,-0.27971435
2014-08-18 13:00:00,-0.34064936535307344,-0.34027827
2014-08-18 14:00:00,-0.21995546748824227,-0.36138856
2014-08-18 15:00:00,-0.2857885026872411,-0.3512044
2014-08-18 16:00:00,-0.31870502028674047,-0.38352513
2014-08-18 17:00:00,-0.3516215378862399,-0.39729518
2014-08-18 18:00:00,-0.3845380554857393,-0.3457269
2014-08-18 19:00:00,-0.31870502028674047,-0.22986703
2014-08-18 20:00:00,-0.31870502028674047,-0.18650164
2014-08-18 21:00:00,-0.2857885026872411,-0.045372374
2014-08-18 22:00:00,-0.47231543575107104,-0.074435875
2014-08-18 23:00:00,-0.43939891815157167,0.04653664
2014-08-19 00:00:00,-0.2857885026872411,0.09723675
2014-08-19 01:00:00,-0.42842674561840516,0.07964366
2014-08-19 02:00:00,-0.3735658829525728,-0.17084803
2014-08-19 03:00:00,-0.2857885026872411,-0.24770285
2014-08-19 04:00:00,-0.13217808722291052,-0.13712713
2014-08-19 05:00:00,-0.0663450520239117,-0.28130627
2014-08-19 06:00:00,-0.03342853442441229,-0.29714155
2014-08-19 07:00:00,0.12018188103991828,-0.36998385
2014-08-19 08:00:00,0.07629319090725241,-0.44685775
2014-08-19 09:00:00,0.2518479514379159,-0.46154708
2014-08-19 10:00:00,-0.03342853442441229,-0.3130685
2014-08-19 11:00:00,-0.07731722455707817,-0.2331462
2014-08-19 12:00:00,-0.2418998125545752,-0.15808614
2014-08-19 13:00:00,-0.34064936535307344,-0.14473064
2014-08-19 14:00:00,-0.42842674561840516,-0.12766531
2014-08-19 15:00:00,-0.494259780817404,-0.124793306
2014-08-19 16:00:00,-0.5710649885495693,-0.13543893
2014-08-19 17:00:00,-0.9550910272103957,-0.11354217
2014-08-19 18:00:00,-0.45037109068473813,-0.11341575
2014-08-19 19:00:00,-0.2857885026872411,-0.09093186
2014-08-19 20:00:00,-0.21995546748824227,-0.08369434
2014-08-19 21:00:00,-0.17606677735557638,-0.07439906
2014-08-19 22:00:00,-0.2418998125545752,-0.1419803
2014-08-19 23:00:00,-0.329677192819907,-0.10564929
2014-08-20 00:00:00,-0.29676067522040755,-0.012764491
2014-08-20 01:00:00,-0.31870502028674047,-0.027363382
2014-08-20 02:00:00,-0.3516215378862399,0.109779164
2014-08-20 03:00:00,-0.13217808722291052,-0.016913611
2014-08-20 04:00:00,-0.011484189358079351,0.04257057
2014-08-20 05:00:00,0.043376673307752994,0.110716574
2014-08-20 06:00:00,0.06532101837408594,0.11380547
2014-08-20 07:00:00,0.16407057117258417,0.039700143
2014-08-20 08:00:00,0.13115405357308474,-0.01463642
2014-08-20 09:00:00,0.15309839863941768,0.0061331987
2014-08-20 10:00:00,0.07629319090725241,0.01317798
2014-08-20 11:00:00,-0.011484189358079351,0.09851893
2014-08-20 12:00:00,-0.2089832949550758,0.057270736
2014-08-20 13:00:00,-0.34064936535307344,-0.019629844
2014-08-20 14:00:00,-0.34064936535307344,-0.09155002
2014-08-20 15:00:00,-0.25287198508774167,-0.14428899
2014-08-20 16:00:00,-0.2287332055147754,-0.16424783
2014-08-20 17:00:00,-0.20459442594180915,-0.269181
2014-08-20 18:00:00,-0.18045564636884304,-0.07798801
2014-08-20 19:00:00,-0.15631686679587678,-0.016593061
2014-08-20 20:00:00,-0.13217808722291052,0.011739118
2014-08-20 21:00:00,-0.10803930764994425,0.024315674
2014-08-20 22:00:00,-0.08390052807697798,0.012772407
2014-08-20 23:00:00,-0.05976174850401188,0.0012393445
2014-08-21 00:00:00,-0.035622968931045614,0.007832825
2014-08-21 01:00:00,-0.011484189358079351,-0.0031548962
2014-08-21 02:00:00,0.13115405357308474,-0.03047762
2014-08-21 03:00:00,0.20795926130525003,0.026077598
2014-08-21 04:00:00,0.24087577890474945,0.051969104
2014-08-21 05:00:00,0.36156967676958063,0.053702377
2014-08-21 06:00:00,0.36156967676958063,0.05257319
2014-08-21 07:00:00,0.4383748845017459,0.022412451
2014-08-21 08:00:00,0.58101312743291,0.09609113
2014-08-21 09:00:00,0.8004565780962394,0.16149692
2014-08-21 10:00:00,0.7565678879635735,0.12428213
2014-08-21 11:00:00,0.6907348527645747,0.11905545
2014-08-21 12:00:00,0.41643053943541297,-0.022764571
2014-08-21 13:00:00,0.44934705703491234,-0.10537884
2014-08-21 14:00:00,0.40545836690224646,-0.14037167
2014-08-21 15:00:00,0.3725418493027471,-0.11381872
2014-08-21 16:00:00,0.2518479514379159,-0.09393506
2014-08-21 17:00:00,0.14212622610625122,-0.061038613
2014-08-21 18:00:00,0.16407057117258417,-0.052283086
2014-08-21 19:00:00,0.2518479514379159,-0.059239335
2014-08-21 20:00:00,0.49323574716757823,-0.02959966
2014-08-21 21:00:00,-0.34064936535307344,-0.013337158
2014-08-21 22:00:00,-0.8892579920113969,-0.0038303882
2014-08-21 23:00:00,-0.8124527842792316,0.012476467
2014-08-22 00:00:00,-0.8563414744118975,0.026080329
2014-08-22 01:00:00,-0.845369301878731,0.05529696
2014-08-22 02:00:00,-0.867313646945064,0.2349992
2014-08-22 03:00:00,-0.845369301878731,0.20532097
2014-08-22 04:00:00,-0.9002301645445634,0.16926757
2014-08-22 05:00:00,-0.8343971293455645,0.2417106
2014-08-22 06:00:00,-0.7685640941465657,0.095551565
2014-08-22 07:00:00,-0.8892579920113969,0.19712833
2014-08-22 08:00:00,-0.845369301878731,0.28984457
2014-08-22 09:00:00,-0.8892579920113969,0.37745196
2014-08-22 10:00:00,-0.8563414744118975,0.37773496
2014-08-22 11:00:00,-0.7575919216133993,0.3557673
2014-08-22 12:00:00,-0.6368980237485681,0.25097442
2014-08-22 13:00:00,-0.6478701962817346,0.22366412
2014-08-22 14:00:00,-0.4832876082842375,0.21048725
2014-08-22 15:00:00,-0.307732847753574,0.1593921
2014-08-22 16:00:00,-0.2638441576209081,0.11406413
2014-08-22 17:00:00,-0.14315025975607698,0.05130979
2014-08-22 18:00:00,-0.09926156962341111,0.055727083
2014-08-22 19:00:00,-0.03342853442441229,0.09071874
2014-08-22 20:00:00,0.10920970850675181,0.052931868
2014-08-22 21:00:00,0.2628201239710824,-0.20667572
2014-08-22 22:00:00,0.2518479514379159,-0.33323777
2014-08-22 23:00:00,0.10920970850675181,-0.26863432
2014-08-23 00:00:00,0.16407057117258417,-0.2826097
2014-08-23 01:00:00,0.2189314338384165,-0.32315964
2014-08-23 02:00:00,0.5371244373002441,-0.4109586
2014-08-23 03:00:00,0.4603192295680788,-0.29026902
2014-08-23 04:00:00,0.4603192295680788,-0.24599077
2014-08-23 05:00:00,0.3067088141037483,-0.31509274
2014-08-23 06:00:00,0.2189314338384165,-0.3599053
2014-08-23 07:00:00,0.41643053943541297,-0.45689833
2014-08-23 08:00:00,0.3725418493027471,-0.5335656
2014-08-23 09:00:00,0.58101312743291,-0.4250505
2014-08-23 10:00:00,0.36156967676958063,-0.33033866
2014-08-23 11:00:00,0.3725418493027471,-0.25147808
2014-08-23 12:00:00,0.17504274370575063,-0.20829757
2014-08-23 13:00:00,0.06532101837408594,-0.26025063
2014-08-23 14:00:00,-0.14315025975607698,-0.25810528
2014-08-23 15:00:00,-0.18703894988874287,-0.1405154
2014-08-23 16:00:00,0.08726536344041887,-0.1216006
2014-08-23 17:00:00,-0.05537287949074523,-0.005770039
2014-08-23 18:00:00,0.043376673307752994,0.00590457
2014-08-23 19:00:00,0.19698708877208357,-0.009046473
2014-08-23 20:00:00,0.36156967676958063,0.07559253
2014-08-23 21:00:00,0.5590687823665771,0.11007589
2014-08-23 22:00:00,0.7785122330299065,0.14045936
2014-08-23 23:00:00,-0.7137032314807333,0.09772064
2014-08-24 00:00:00,-0.8124527842792316,0.11838154
2014-08-24 01:00:00,-0.8782858194782304,0.120637804
2014-08-24 02:00:00,-0.823424956812398,0.22192
2014-08-24 03:00:00,-0.7575919216133993,0.23037456
2014-08-24 04:00:00,-0.7137032314807333,0.24585618
2014-08-24 05:00:00,-0.6698145413480675,0.19704716
2014-08-24 06:00:00,-0.6039815061490686,0.014560953
2014-08-24 07:00:00,-0.7795362666797322,0.15766811
2014-08-24 08:00:00,-1.0648127525420603,0.17156811
2014-08-24 09:00:00,-1.0318962349425609,0.27210718
2014-08-24 10:00:00,-1.0209240624093945,0.23669077
2014-08-24 11:00:00,-1.0428684074757275,0.24070911
2014-08-24 12:00:00,-1.053840580008894,0.12124461
2014-08-24 13:00:00,-1.009951889876228,0.07786867
2014-08-24 14:00:00,-1.0318962349425609,0.022289945
2014-08-24 15:00:00,-0.9880075448098952,-0.039429694
2014-08-24 16:00:00,-1.0209240624093945,0.017788883
2014-08-24 17:00:00,-1.0318962349425609,-0.043471016
2014-08-24 18:00:00,-1.0209240624093945,0.008368749
2014-08-24 19:00:00,-0.9660631997435621,0.05322159
2014-08-24 20:00:00,-0.9112023370777298,0.12910044
2014-08-24 21:00:00,-0.5930093336159022,0.26540482
2014-08-24 22:00:00,-0.6149536786822352,0.29480302
2014-08-24 23:00:00,-0.680786713881234,-0.29038662
2014-08-25 00:00:00,-0.823424956812398,-0.33861637
2014-08-25 01:00:00,-0.9221745096108963,-0.41847485
2014-08-25 02:00:00,-0.8014806117460651,-0.38385135
2014-08-25 03:00:00,-0.8343971293455645,-0.35970598
2014-08-25 04:00:00,-0.8014806117460651,-0.24005978
2014-08-25 05:00:00,-0.8892579920113969,-0.25763994
2014-08-25 06:00:00,-0.9331466821440627,-0.26258355
2014-08-25 07:00:00,-0.9221745096108963,-0.27008587
2014-08-25 08:00:00,-0.9112023370777298,-0.5030384
2014-08-25 09:00:00,-0.9112023370777298,-0.580308
2014-08-25 10:00:00,-0.9880075448098952,-0.67886275
2014-08-25 11:00:00,-1.0209240624093945,-0.6937147
2014-08-25 12:00:00,-1.0209240624093945,-0.574632
2014-08-25 13:00:00,-0.9989797173430616,-0.45053035
2014-08-25 14:00:00,-1.0209240624093945,-0.41806573
2014-08-25 15:00:00,-0.9989797173430616,-0.3801744
2014-08-25 16:00:00,-1.0318962349425609,-0.3737461
2014-08-25 17:00:00,-1.0318962349425609,-0.42717957
2014-08-25 18:00:00,-1.009951889876228,-0.39152038
2014-08-25 19:00:00,-0.9770353722767287,-0.34501904
2014-08-25 20:00:00,-0.9002301645445634,-0.2651372
2014-08-25 21:00:00,-0.867313646945064,-0.13950652
2014-08-25 22:00:00,-0.7685640941465657,-0.17704882
2014-08-25 23:00:00,-0.8124527842792316,-0.09759869
2014-08-26 00:00:00,-0.8124527842792316,-0.16279571
2014-08-26 01:00:00,-0.6478701962817346,-0.3118767
2014-08-26 02:00:00,-0.7137032314807333,-0.35809863
2014-08-26 03:00:00,-0.6698145413480675,-0.40161878
2014-08-26 04:00:00,-0.658842368814901,-0.4150293
2014-08-26 05:00:00,-0.845369301878731,-0.44519842
2014-08-26 06:00:00,-0.8014806117460651,-0.46259815
2014-08-26 07:00:00,-0.9331466821440627,-0.4787714
2014-08-26 08:00:00,-0.8892579920113969,-0.57322854
2014-08-26 09:00:00,-0.8892579920113969,-0.5890792
2014-08-26 10:00:00,-0.9112023370777298,-0.64192903
2014-08-26 11:00:00,-0.9112023370777298,-0.69597214
2014-08-26 12:00:00,-0.9550910272103957,-0.6569567
2014-08-26 13:00:00,-0.9880075448098952,-0.66562265
2014-08-26 14:00:00,-1.0318962349425609,-0.5389273
2014-08-26 15:00:00,-1.009951889876228,-0.4744138
2014-08-26 16:00:00,-0.9880075448098952,-0.45572597
2014-08-26 17:00:00,-1.0318962349425609,-0.41568005
2014-08-26 18:00:00,-0.9550910272103957,-0.38833684
2014-08-26 19:00:00,-0.8892579920113969,-0.35590214
2014-08-26 20:00:00,-0.8014806117460651,-0.31783712
2014-08-26 21:00:00,-0.7575919216133993,-0.25372338
2014-08-26 22:00:00,-0.7795362666797322,-0.19615705
2014-08-26 23:00:00,-0.6698145413480675,-0.22541751
2014-08-27 00:00:00,-0.47231543575107104,-0.11156826
2014-08-27 01:00:00,-0.31870502028674047,0.00986065
2014-08-27 02:00:00,-0.3516215378862399,-0.0077347234
2014-08-27 03:00:00,-0.23092764002140873,-0.0956025
2014-08-27 04:00:00,-0.12120591468974404,-0.1728589
2014-08-27 05:00:00,-0.6039815061490686,-0.27934092
2014-08-27 06:00:00,-0.7575919216133993,-0.31623912
2014-08-27 07:00:00,-0.867313646945064,-0.3560049
2014-08-27 08:00:00,-0.8014806117460651,-0.38373554
2014-08-27 09:00:00,-0.8343971293455645,-0.41701126
2014-08-27 10:00:00,-0.7685640941465657,-0.5028016
2014-08-27 11:00:00,-0.823424956812398,-0.40801507
2014-08-27 12:00:00,-0.680786713881234,-0.37513334
2014-08-27 13:00:00,-0.6259258512154017,-0.545745
2014-08-27 14:00:00,-0.5710649885495693,-0.4770717
2014-08-27 15:00:00,-0.5710649885495693,-0.41118604
2014-08-27 16:00:00,-0.5820371610827357,-0.30805093
2014-08-27 17:00:00,-0.40648240055207224,-0.22428913
2014-08-27 18:00:00,-0.4174545730852387,-0.15102625
2014-08-27 19:00:00,-0.36259371041940636,-0.15619117
2014-08-27 20:00:00,-0.29676067522040755,-0.11022653
2014-08-27 21:00:00,-0.19801112242190932,-0.05311027
2014-08-27 22:00:00,-0.0663450520239117,-0.05378525
2014-08-27 23:00:00,-0.07731722455707817,-0.040948488
2014-08-28 00:00:00,-0.12120591468974404,0.06825672
2014-08-28 01:00:00,-0.11023374215657758,0.19323267
2014-08-28 02:00:00,-0.0005120168249128817,0.2257526
2014-08-28 03:00:00,0.03240450077458652,0.26126128
2014-08-28 04:00:00,0.08726536344041887,0.27693582
2014-08-28 05:00:00,-0.09926156962341111,0.08804613
2014-08-28 06:00:00,-0.18703894988874287,-0.09049633
2014-08-28 07:00:00,-0.34064936535307344,-0.18828109
2014-08-28 08:00:00,-0.3955102280189058,-0.2703299
2014-08-28 09:00:00,-0.36259371041940636,-0.36047143
2014-08-28 10:00:00,-0.4174545730852387,-0.23422338
2014-08-28 11:00:00,-0.3516215378862399,-0.23412187
2014-08-28 12:00:00,-0.3735658829525728,-0.19124319
2014-08-28 13:00:00,-0.43939891815157167,-0.15544234
2014-08-28 14:00:00,-0.29676067522040755,-0.20385922
2014-08-28 15:00:00,-0.21995546748824227,-0.20608194
2014-08-28 16:00:00,-0.21995546748824227,-0.17509367
2014-08-28 17:00:00,-0.17606677735557638,-0.07157362
2014-08-28 18:00:00,-0.02245636189124582,-0.045818374
2014-08-28 19:00:00,-0.011484189358079351,0.028995624
2014-08-28 20:00:00,0.31768098663691474,0.16612683
2014-08-28 21:00:00,0.27379229650424886,0.20143689
2014-08-28 22:00:00,-0.2857885026872411,0.23191251
2014-08-28 23:00:00,-0.4613432632179046,0.22186711
2014-08-29 00:00:00,-0.23092764002140873,0.22253595
2014-08-29 01:00:00,-0.25287198508774167,0.21836363
2014-08-29 02:00:00,-0.21995546748824227,0.22806321
2014-08-29 03:00:00,-0.16509460482240992,0.25660974
2014-08-29 04:00:00,-0.2857885026872411,0.1287185
2014-08-29 05:00:00,-0.2418998125545752,-0.03908269
2014-08-29 06:00:00,-0.11023374215657758,0.036376916
2014-08-29 07:00:00,-0.12120591468974404,0.06726262
2014-08-29 08:00:00,-0.3516215378862399,0.09162852
2014-08-29 09:00:00,-0.31870502028674047,0.016773598
2014-08-29 10:00:00,-0.3735658829525728,0.03751289
2014-08-29 11:00:00,-0.45037109068473813,-0.060014635
2014-08-29 12:00:00,-0.5600928160164028,-0.1270733
2014-08-29 13:00:00,-0.4174545730852387,-0.021614753
2014-08-29 14:00:00,-0.2857885026872411,0.09996046
2014-08-29 15:00:00,-0.2089832949550758,0.18587871
2014-08-29 16:00:00,-0.16509460482240992,0.21977624
2014-08-29 17:00:00,-0.13217808722291052,0.18737824
2014-08-29 18:00:00,-0.14315025975607698,0.17176573
2014-08-29 19:00:00,-0.05537287949074523,0.1981373
2014-08-29 20:00:00,0.22990360637158297,0.2112398
2014-08-29 21:00:00,0.42740271196857943,0.19595343
2014-08-29 22:00:00,0.3505975042364141,-0.0074052326
2014-08-29 23:00:00,0.12018188103991828,-0.008312307
2014-08-30 00:00:00,0.07629319090725241,0.0005240366
2014-08-30 01:00:00,0.021432328241420058,0.0031083487
2014-08-30 02:00:00,0.27379229650424886,0.04092291
2014-08-30 03:00:00,0.8114287506294059,0.115379676
2014-08-30 04:00:00,0.5590687823665771,-0.061931968
2014-08-30 05:00:00,0.5919852999660764,-0.10941513
2014-08-30 06:00:00,0.6907348527645747,-0.15188238
2014-08-30 07:00:00,0.5261522647670777,-0.19366746
2014-08-30 08:00:00,0.5700409548997435,-0.12929562
2014-08-30 09:00:00,0.5590687823665771,-0.04328645
2014-08-30 10:00:00,0.6578183351650753,-0.088304356
2014-08-30 11:00:00,0.8004565780962394,-0.0564185
2014-08-30 12:00:00,1.0528165463590682,-0.06254892
2014-08-30 13:00:00,0.8882339583615712,-0.0026970059
2014-08-30 14:00:00,0.9101783034279041,0.033328947
2014-08-30 15:00:00,0.3286531591700812,0.08556557
2014-08-30 16:00:00,0.6358739900987423,0.13921435
2014-08-30 17:00:00,0.7017070252977412,0.15285315
2014-08-30 18:00:00,0.5371244373002441,0.15644272
2014-08-30 19:00:00,0.44934705703491234,0.18219973
2014-08-30 20:00:00,0.4712914021012453,0.34396112
2014-08-30 21:00:00,0.4712914021012453,0.42194748
2014-08-30 22:00:00,0.41643053943541297,0.37965268
2014-08-30 23:00:00,0.021432328241420058,0.29594767
2014-08-31 00:00:00,-0.0005120168249128817,0.2697237
2014-08-31 01:00:00,0.07629319090725241,0.14077817
2014-08-31 02:00:00,0.33962533170324766,0.3075831
2014-08-31 03:00:00,0.42740271196857943,0.5273813
2014-08-31 04:00:00,0.22990360637158297,0.4749872
2014-08-31 05:00:00,-0.03342853442441229,0.32365352
2014-08-31 06:00:00,-0.15412243228924344,0.2594487
2014-08-31 07:00:00,-0.16509460482240992,0.32105714
2014-08-31 08:00:00,-0.23092764002140873,0.30143535
2014-08-31 09:00:00,-0.21995546748824227,0.40331924
2014-08-31 10:00:00,0.054348845840919466,0.4726194
2014-08-31 11:00:00,-0.42842674561840516,0.40701884
2014-08-31 12:00:00,-0.4613432632179046,0.37338644
2014-08-31 13:00:00,-0.494259780817404,0.2716697
2014-08-31 14:00:00,-0.3845380554857393,0.38249958
2014-08-31 15:00:00,-0.2418998125545752,0.30518365
2014-08-31 16:00:00,-0.23092764002140873,0.48009098
2014-08-31 17:00:00,-0.31870502028674047,0.34794217
2014-08-31 18:00:00,-0.307732847753574,0.28525227
2014-08-31 19:00:00,-0.27481633015407464,0.31302732
2014-08-31 20:00:00,-0.07731722455707817,0.2869597
2014-08-31 21:00:00,-0.011484189358079351,0.29395175
2014-08-31 22:00:00,0.043376673307752994,0.37763888
2014-08-31 23:00:00,0.043376673307752994,0.22582756
2014-09-01 00:00:00,0.03240450077458652,0.0791312
2014-09-01 01:00:00,-0.04440070695757876,0.21165428
2014-09-01 02:00:00,-0.05537287949074523,0.315125
2014-09-01 03:00:00,-0.14315025975607698,0.21816598
2014-09-01 04:00:00,-0.04440070695757876,0.07616443
2014-09-01 05:00:00,0.021432328241420058,-0.028777435
2014-09-01 06:00:00,0.010460155708253588,-0.08563818
2014-09-01 07:00:00,0.06532101837408594,0.0219884
2014-09-01 08:00:00,0.09823753597358534,0.06673381
2014-09-01 09:00:00,0.2518479514379159,0.03296249
2014-09-01 10:00:00,0.3505975042364141,-0.018935628
2014-09-01 11:00:00,0.42740271196857943,-0.26738465
2014-09-01 12:00:00,0.4822635746344118,-0.17650227
2014-09-01 13:00:00,0.58101312743291,-0.13290033
2014-09-01 14:00:00,0.5042079197007447,-0.049184635
2014-09-01 15:00:00,0.6907348527645747,-0.022708416
2014-09-01 16:00:00,-0.05537287949074523,-0.04931687
2014-09-01 17:00:00,0.5371244373002441,-0.19799195
2014-09-01 18:00:00,0.6249018175655758,-0.14587496
2014-09-01 19:00:00,0.6907348527645747,-0.19703345
2014-09-01 20:00:00,0.8224009231625723,-0.10611962
2014-09-01 21:00:00,-0.17606677735557638,-0.05041732
2014-09-01 22:00:00,-0.823424956812398,-0.04597467
2014-09-01 23:00:00,-0.867313646945064,-0.08496682
2014-09-02 00:00:00,-0.7027310589475669,-0.14268507
2014-09-02 01:00:00,-0.5491206434832363,-0.07357772
2014-09-02 02:00:00,-0.45037109068473813,0.03229419
2014-09-02 03:00:00,-0.5600928160164028,0.021212937
2014-09-02 04:00:00,-0.7685640941465657,0.10447135
2014-09-02 05:00:00,-0.7905084392128987,0.098914295
2014-09-02 06:00:00,-0.8014806117460651,-0.058420002
2014-09-02 07:00:00,-0.867313646945064,0.04702216
2014-09-02 08:00:00,-0.867313646945064,0.078262866
2014-09-02 09:00:00,-0.823424956812398,0.1567822
2014-09-02 10:00:00,-0.7246754040138998,0.20245032
2014-09-02 11:00:00,-0.6917588864144004,0.2348303
2014-09-02 12:00:00,-0.6698145413480675,0.25537854
2014-09-02 13:00:00,-0.7027310589475669,0.2884763
2014-09-02 14:00:00,-0.8892579920113969,0.28768116
2014-09-02 15:00:00,-0.845369301878731,0.40172195
2014-09-02 16:00:00,-0.8343971293455645,0.025692938
2014-09-02 17:00:00,-0.823424956812398,0.30402452
2014-09-02 18:00:00,-0.9660631997435621,0.2334279
2014-09-02 19:00:00,-0.9989797173430616,0.2354587
2014-09-02 20:00:00,-1.009951889876228,0.20238613
2014-09-02 21:00:00,-0.9880075448098952,-0.13743785
2014-09-02 22:00:00,-1.0318962349425609,-0.27754372
2014-09-02 23:00:00,-0.9770353722767287,-0.23983423
2014-09-03 00:00:00,-0.9880075448098952,-0.10076913
2014-09-03 01:00:00,-0.9989797173430616,-0.054942377
2014-09-03 02:00:00,-0.9989797173430616,0.0039568283
2014-09-03 03:00:00,-0.9660631997435621,-0.23259567
2014-09-03 04:00:00,-0.9989797173430616,-0.33272105
2014-09-03 05:00:00,-1.0209240624093945,-0.41606057
2014-09-03 06:00:00,-1.0318962349425609,-0.42163974
2014-09-03 07:00:00,-0.9441188546772292,-0.43895775
2014-09-03 08:00:00,-0.9770353722767287,-0.40758574
2014-09-03 09:00:00,-0.9112023370777298,-0.48133725
2014-09-03 10:00:00,-0.9221745096108963,-0.5413437
2014-09-03 11:00:00,-0.9550910272103957,-0.5565951
2014-09-03 12:00:00,-1.009951889876228,-0.4206835
2014-09-03 13:00:00,-0.9660631997435621,-0.5021997
2014-09-03 14:00:00,-0.9880075448098952,-0.60231453
2014-09-03 15:00:00,-0.9660631997435621,-0.52123976
2014-09-03 16:00:00,-0.9770353722767287,-0.5888846
2014-09-03 17:00:00,-0.9221745096108963,-0.4706459
2014-09-03 18:00:00,-0.9660631997435621,-0.6107673
2014-09-03 19:00:00,-0.9770353722767287,-0.588545
2014-09-03 20:00:00,-0.9331466821440627,-0.6639038
2014-09-03 21:00:00,-0.867313646945064,-0.68192285
2014-09-03 22:00:00,-0.8892579920113969,-0.62249297
2014-09-03 23:00:00,-0.845369301878731,-0.564066
2014-09-04 00:00:00,-0.845369301878731,-0.43387574
2014-09-04 01:00:00,-0.5381484709500699,-0.4949612
2014-09-04 02:00:00,-0.680786713881234,-0.50361395
2014-09-04 03:00:00,-0.5820371610827357,-0.5988443
2014-09-04 04:00:00,-0.5491206434832363,-0.5909279
2014-09-04 05:00:00,-0.5052319533505705,-0.5889228
2014-09-04 06:00:00,-0.516204125883737,-0.5798839
2014-09-04 07:00:00,-0.4832876082842375,-0.5606351
2014-09-04 08:00:00,-0.2089832949550758,-0.57550585
2014-09-04 09:00:00,-0.5710649885495693,-0.5626782
2014-09-04 10:00:00,-0.6149536786822352,-0.6057797
2014-09-04 11:00:00,-0.8014806117460651,-0.4970445
2014-09-04 12:00:00,-0.7575919216133993,-0.45845193
2014-09-04 13:00:00,-0.6039815061490686,-0.50558394
2014-09-04 14:00:00,-0.7356475765470664,-0.50934845
2014-09-04 15:00:00,-0.9112023370777298,-0.4403984
2014-09-04 16:00:00,-0.9331466821440627,-0.41904974
2014-09-04 17:00:00,-0.8014806117460651,-0.37966436
2014-09-04 18:00:00,-0.7137032314807333,-0.37719142
2014-09-04 19:00:00,-0.7575919216133993,-0.38247466
2014-09-04 20:00:00,-0.680786713881234,-0.3686803
2014-09-04 21:00:00,-0.43939891815157167,-0.35136753
2014-09-04 22:00:00,-0.5600928160164028,-0.23460044
2014-09-04 23:00:00,-0.5271762984169034,-0.14742894
2014-09-05 00:00:00,-0.43939891815157167,-0.28119117
2014-09-05 01:00:00,-0.42842674561840516,-0.284351
2014-09-05 02:00:00,-0.3955102280189058,-0.4058681
2014-09-05 03:00:00,-0.2857885026872411,-0.27302957
2014-09-05 04:00:00,-0.21995546748824227,-0.18204708
2014-09-05 05:00:00,-0.2638441576209081,-0.26024526
2014-09-05 06:00:00,-0.329677192819907,-0.37207186
2014-09-05 07:00:00,-0.29676067522040755,-0.408594
2014-09-05 08:00:00,-0.15412243228924344,-0.38519114
2014-09-05 09:00:00,-0.07731722455707817,-0.42063743
2014-09-05 10:00:00,-0.04440070695757876,-0.36414224
2014-09-05 11:00:00,0.09823753597358534,-0.41747087
2014-09-05 12:00:00,0.09823753597358534,-0.40518296
2014-09-05 13:00:00,0.15309839863941768,-0.40767193
2014-09-05 14:00:00,-0.11023374215657758,-0.49560827
2014-09-05 15:00:00,-0.2857885026872411,-0.55602413
2014-09-05 16:00:00,-0.27481633015407464,-0.5050294
2014-09-05 17:00:00,-0.3516215378862399,-0.41636443
2014-09-05 18:00:00,-0.329677192819907,-0.35408938
2014-09-05 19:00:00,-0.13217808722291052,-0.3375672
2014-09-05 20:00:00,0.4712914021012453,-0.2758922
2014-09-05 21:00:00,0.6029574724992429,-0.109911725
2014-09-05 22:00:00,0.5151800922339111,-0.1868629
2014-09-05 23:00:00,0.4712914021012453,-0.16631605
2014-09-06 00:00:00,0.5261522647670777,-0.12138812
2014-09-06 01:00:00,0.6249018175655758,-0.13523158
2014-09-06 02:00:00,0.5700409548997435,-0.06935756
2014-09-06 03:00:00,0.5700409548997435,-0.20859383
2014-09-06 04:00:00,0.5151800922339111,-0.13112219
2014-09-06 05:00:00,0.4712914021012453,-0.28325373
2014-09-06 06:00:00,0.42740271196857943,-0.38849717
2014-09-06 07:00:00,0.4603192295680788,-0.40366596
2014-09-06 08:00:00,0.42740271196857943,-0.39330935
2014-09-06 09:00:00,0.36156967676958063,-0.18444048
2014-09-06 10:00:00,0.40545836690224646,-0.123425886
2014-09-06 11:00:00,0.41643053943541297,-0.03109885
2014-09-06 12:00:00,0.41643053943541297,-0.053296827
2014-09-06 13:00:00,0.3505975042364141,-0.01100586
2014-09-06 14:00:00,0.38351402183591354,-0.09948063
2014-09-06 15:00:00,0.29573664157058177,-0.1450878
2014-09-06 16:00:00,0.09823753597358534,-0.11867966
2014-09-06 17:00:00,-0.0663450520239117,-0.13832095
2014-09-06 18:00:00,-0.0005120168249128817,-0.11036809
2014-09-06 19:00:00,0.10920970850675181,-0.018649511
2014-09-06 20:00:00,0.2518479514379159,0.1843657
2014-09-06 21:00:00,0.3505975042364141,0.20666322
2014-09-06 22:00:00,0.41643053943541297,0.20321012
2014-09-06 23:00:00,0.5590687823665771,0.21930626
2014-09-07 00:00:00,0.6797626802314082,0.18330874
2014-09-07 01:00:00,0.6029574724992429,0.3170581
2014-09-07 02:00:00,0.4712914021012453,0.3307882
2014-09-07 03:00:00,0.49323574716757823,0.31248927
2014-09-07 04:00:00,0.5151800922339111,0.2960071
2014-09-07 05:00:00,0.5919852999660764,0.25847358
2014-09-07 06:00:00,0.6907348527645747,0.23353915
2014-09-07 07:00:00,0.76754006049674,0.30228698
2014-09-07 08:00:00,0.8114287506294059,0.16473743
2014-09-07 09:00:00,1.0528165463590682,0.22582655
2014-09-07 10:00:00,1.1735104442238993,0.25050792
2014-09-07 11:00:00,1.0747608914254012,0.3222021
2014-09-07 12:00:00,0.8333730956957388,0.29622465
2014-09-07 13:00:00,0.12018188103991828,0.25295836
2014-09-07 14:00:00,-0.16509460482240992,0.24889283
2014-09-07 15:00:00,-0.23092764002140873,0.18987913
2014-09-07 16:00:00,-0.0005120168249128817,0.13558623
2014-09-07 17:00:00,0.054348845840919466,0.07085477
2014-09-07 18:00:00,0.10920970850675181,0.09142572
2014-09-07 19:00:00,0.2518479514379159,0.093327515
2014-09-07 20:00:00,0.2628201239710824,0.16039112
2014-09-07 21:00:00,0.31768098663691474,0.19145258
2014-09-07 22:00:00,0.4383748845017459,0.19764109
2014-09-07 23:00:00,0.6139296450324094,0.24760477
2014-09-08 00:00:00,0.043376673307752994,0.2838982
2014-09-08 01:00:00,-1.075784925075227,0.26099825
2014-09-08 02:00:00,-1.075784925075227,0.21927549
2014-09-08 03:00:00,-1.0318962349425609,0.24562584
2014-09-08 04:00:00,-1.0428684074757275,0.23529384
2014-09-08 05:00:00,-1.0428684074757275,0.23020282
2014-09-08 06:00:00,-1.0318962349425609,0.3720423
2014-09-08 07:00:00,-1.0648127525420603,0.41011167
2014-09-08 08:00:00,-1.0648127525420603,0.37897748
2014-09-08 09:00:00,-1.0209240624093945,0.50064766
2014-09-08 10:00:00,-1.0209240624093945,0.5076635
2014-09-08 11:00:00,-1.0648127525420603,0.45424426
2014-09-08 12:00:00,-1.0648127525420603,0.36578184
2014-09-08 13:00:00,-1.053840580008894,0.13143933
2014-09-08 14:00:00,-1.0318962349425609,-0.00037562102
2014-09-08 15:00:00,-1.0318962349425609,-0.026358098
2014-09-08 16:00:00,-1.053840580008894,0.03001459
2014-09-08 17:00:00,-0.9880075448098952,0.013511546
2014-09-08 18:00:00,-0.9331466821440627,0.026508309
2014-09-08 19:00:00,-0.9660631997435621,0.03779163
2014-09-08 20:00:00,-0.9441188546772292,0.14147809
2014-09-08 21:00:00,-0.8782858194782304,0.089776024
2014-09-08 22:00:00,-0.8892579920113969,0.10325518
2014-09-08 23:00:00,-0.8563414744118975,0.13336077
2014-09-09 00:00:00,-0.7685640941465657,-0.06524354
2014-09-09 01:00:00,-0.6917588864144004,-0.4559204
2014-09-09 02:00:00,-0.6698145413480675,-0.5363919
2014-09-09 03:00:00,-0.6039815061490686,-0.526103
2014-09-09 04:00:00,-0.6368980237485681,-0.47079045
2014-09-09 05:00:00,-0.6698145413480675,-0.4753173
2014-09-09 06:00:00,-0.823424956812398,-0.52564824
2014-09-09 07:00:00,-0.845369301878731,-0.5551098
2014-09-09 08:00:00,-0.9112023370777298,-0.560397
2014-09-09 09:00:00,-0.8014806117460651,-0.52527404
2014-09-09 10:00:00,-0.8892579920113969,-0.58077645
2014-09-09 11:00:00,-0.8563414744118975,-0.6255507
2014-09-09 12:00:00,-0.7575919216133993,-0.6548367
2014-09-09 13:00:00,-0.6259258512154017,-0.50749654
2014-09-09 14:00:00,-0.5052319533505705,-0.5328305
2014-09-09 15:00:00,-0.6039815061490686,-0.4126439
2014-09-09 16:00:00,-0.6149536786822352,-0.4042827
2014-09-09 17:00:00,-0.7137032314807333,-0.36636156
2014-09-09 18:00:00,-0.6478701962817346,-0.31476188
2014-09-09 19:00:00,-0.5930093336159022,-0.33432925
2014-09-09 20:00:00,-0.5820371610827357,-0.32705432
2014-09-09 21:00:00,-0.42842674561840516,-0.15259095
2014-09-09 22:00:00,-0.21995546748824227,-0.10526258
2014-09-09 23:00:00,-0.5271762984169034,-0.07639026
2014-09-10 00:00:00,-0.6478701962817346,-0.03288368
2014-09-10 01:00:00,-0.5930093336159022,-0.19878222
2014-09-10 02:00:00,-0.6149536786822352,-0.300241
2014-09-10 03:00:00,-0.5052319533505705,-0.30833328
2014-09-10 04:00:00,-0.45037109068473813,-0.350033
2014-09-10 05:00:00,-0.23092764002140873,-0.2761876
2014-09-10 06:00:00,0.16407057117258417,-0.38634574
2014-09-10 07:00:00,-0.04440070695757876,-0.45338887
2014-09-10 08:00:00,0.08726536344041887,-0.56157285
2014-09-10 09:00:00,0.13115405357308474,-0.540183
2014-09-10 10:00:00,0.19698708877208357,-0.5517542
2014-09-10 11:00:00,-0.08828939709024464,-0.44205707
2014-09-10 12:00:00,-0.2857885026872411,-0.3720699
2014-09-10 13:00:00,-0.5491206434832363,-0.34814
2014-09-10 14:00:00,-0.7027310589475669,-0.22077651
2014-09-10 15:00:00,-0.7685640941465657,-0.28800088
2014-09-10 16:00:00,-0.680786713881234,-0.28477806
2014-09-10 17:00:00,-0.7027310589475669,-0.292287
2014-09-10 18:00:00,-0.6259258512154017,-0.22824438
2014-09-10 19:00:00,-0.5710649885495693,-0.19594578
2014-09-10 20:00:00,-0.47231543575107104,-0.14192869
2014-09-10 21:00:00,-0.3845380554857393,-0.12130354
2014-09-10 22:00:00,-0.18703894988874287,-0.049319327
2014-09-10 23:00:00,-0.05537287949074523,-0.15810603
2014-09-11 00:00:00,-0.19801112242190932,-0.15952757
2014-09-11 01:00:00,-0.42842674561840516,-0.19678603
2014-09-11 02:00:00,-0.29676067522040755,-0.26912487
2014-09-11 03:00:00,-0.25287198508774167,-0.1492245
2014-09-11 04:00:00,-0.15412243228924344,-0.11036806
2014-09-11 05:00:00,-0.2089832949550758,-0.0461957
2014-09-11 06:00:00,-0.2089832949550758,-0.042937934
2014-09-11 07:00:00,-0.12120591468974404,0.00163294
2014-09-11 08:00:00,-0.09926156962341111,0.06318696
2014-09-11 09:00:00,-0.0663450520239117,0.15982598
2014-09-11 10:00:00,0.08726536344041887,0.20173685
2014-09-11 11:00:00,0.010460155708253588,0.07704459
2014-09-11 12:00:00,-0.07731722455707817,0.006600242
2014-09-11 13:00:00,-0.13217808722291052,-0.12916182
2014-09-11 14:00:00,-0.17606677735557638,-0.19410157
2014-09-11 15:00:00,-0.09926156962341111,-0.20707841
2014-09-11 16:00:00,-0.08828939709024464,-0.13761814
2014-09-11 17:00:00,-0.13217808722291052,-0.12815069
2014-09-11 18:00:00,0.17504274370575063,-0.109944955
2014-09-11 19:00:00,0.2189314338384165,-0.055211186
2014-09-11 20:00:00,0.2628201239710824,-0.027461916
2014-09-11 21:00:00,0.14212622610625122,-0.016616207
2014-09-11 22:00:00,0.043376673307752994,0.13524806
2014-09-11 23:00:00,0.06532101837408594,0.1601125
2014-09-12 00:00:00,0.22990360637158297,0.10179195
2014-09-12 01:00:00,0.2628201239710824,0.036626793
2014-09-12 02:00:00,0.38351402183591354,0.120421395
2014-09-12 03:00:00,0.5151800922339111,0.15012655
2014-09-12 04:00:00,-0.19801112242190932,0.20550837
2014-09-12 05:00:00,-0.43939891815157167,0.19985923
2014-09-12 06:00:00,-0.43939891815157167,0.17338608
2014-09-12 07:00:00,-0.5271762984169034,0.21746857
2014-09-12 08:00:00,-0.5052319533505705,0.21113667
2014-09-12 09:00:00,-0.45037109068473813,0.1745074
2014-09-12 10:00:00,-0.45037109068473813,0.21730688
2014-09-12 11:00:00,-0.2857885026872411,0.18556683
2014-09-12 12:00:00,-0.3516215378862399,0.19831795
2014-09-12 13:00:00,-0.3845380554857393,0.04382648
2014-09-12 14:00:00,-0.3516215378862399,-0.07501744
2014-09-12 15:00:00,-0.6039815061490686,-0.1254241
2014-09-12 16:00:00,-0.7027310589475669,0.02988835
2014-09-12 17:00:00,-0.40648240055207224,0.1103079
2014-09-12 18:00:00,-0.5052319533505705,0.1954182
2014-09-12 19:00:00,-0.5710649885495693,0.14401367
2014-09-12 20:00:00,-0.47231543575107104,0.07019429
2014-09-12 21:00:00,-0.4613432632179046,0.12915099
2014-09-12 22:00:00,-0.40648240055207224,0.055427063
2014-09-12 23:00:00,-0.5381484709500699,0.058651403
2014-09-13 00:00:00,-0.5271762984169034,0.119645104
2014-09-13 01:00:00,-0.5491206434832363,0.24118154
2014-09-13 02:00:00,-0.5052319533505705,0.31957304
2014-09-13 03:00:00,-0.4174545730852387,0.3822469
2014-09-13 04:00:00,-0.3955102280189058,0.05320125
2014-09-13 05:00:00,0.08726536344041887,0.01695653
2014-09-13 06:00:00,-0.05537287949074523,0.027485348
2014-09-13 07:00:00,-0.07731722455707817,0.012572907
2014-09-13 08:00:00,-0.0663450520239117,-0.0039246604
2014-09-13 09:00:00,-0.04440070695757876,-0.016073227
2014-09-13 10:00:00,-0.5381484709500699,-0.024606496
2014-09-13 11:00:00,-0.43939891815157167,0.062888935
2014-09-13 12:00:00,-0.5491206434832363,0.09780949
2014-09-13 13:00:00,-0.5930093336159022,0.10386445
2014-09-13 14:00:00,-0.6698145413480675,0.14051601
2014-09-13 15:00:00,-0.680786713881234,-0.035568446
2014-09-13 16:00:00,-0.5820371610827357,-0.11954786
2014-09-13 17:00:00,-0.5930093336159022,-0.049095698
2014-09-13 18:00:00,-0.5710649885495693,-0.07867303
2014-09-13 19:00:00,-0.516204125883737,-0.07818094
2014-09-13 20:00:00,-0.36259371041940636,-0.049415313
2014-09-13 21:00:00,-0.42842674561840516,-0.042604282
2014-09-13 22:00:00,-0.29676067522040755,-0.03262326
2014-09-13 23:00:00,-0.23092764002140873,0.020341136
2014-09-14 00:00:00,-0.2857885026872411,0.011746362
2014-09-14 01:00:00,-0.31870502028674047,-0.011211686
2014-09-14 02:00:00,-0.2638441576209081,-0.12552954
2014-09-14 03:00:00,-0.27481633015407464,-0.18557379
2014-09-14 04:00:00,-0.2418998125545752,-0.058285706
2014-09-14 05:00:00,-0.15412243228924344,0.16666214
2014-09-14 06:00:00,-0.05537287949074523,-0.0011229068
2014-09-14 07:00:00,0.06532101837408594,-0.10264416
2014-09-14 08:00:00,-0.23092764002140873,0.000436157
2014-09-14 09:00:00,-0.40648240055207224,0.0016753413
2014-09-14 10:00:00,-0.5600928160164028,-0.16283739
2014-09-14 11:00:00,-0.8014806117460651,-0.13308915
2014-09-14 12:00:00,-0.9770353722767287,-0.15891805
2014-09-14 13:00:00,-0.9880075448098952,-0.1800131
2014-09-14 14:00:00,-1.0318962349425609,-0.20277056
2014-09-14 15:00:00,-0.9770353722767287,-0.2091939
2014-09-14 16:00:00,-0.9660631997435621,-0.1715384
2014-09-14 17:00:00,-0.9550910272103957,-0.15721448
2014-09-14 18:00:00,-0.9880075448098952,-0.14086254
2014-09-14 19:00:00,-0.9331466821440627,-0.12106028
2014-09-14 20:00:00,-0.845369301878731,-0.086820304
2014-09-14 21:00:00,-0.7246754040138998,-0.09939627
2014-09-14 22:00:00,-0.7027310589475669,0.10544379
2014-09-14 23:00:00,-0.6368980237485681,0.17068844
2014-09-15 00:00:00,-0.6368980237485681,0.19229692
2014-09-15 01:00:00,-0.5820371610827357,0.1352165
2014-09-15 02:00:00,-0.5820371610827357,0.16796382
2014-09-15 03:00:00,-0.7905084392128987,0.11437878
2014-09-15 04:00:00,-0.8782858194782304,-0.0059918948
2014-09-15 05:00:00,-0.845369301878731,-0.10428433
2014-09-15 06:00:00,-0.9221745096108963,0.038379848
2014-09-15 07:00:00,-0.9221745096108963,0.020867603
2014-09-15 08:00:00,-0.9331466821440627,-0.1267319
2014-09-15 09:00:00,-0.9770353722767287,-0.31064188
2014-09-15 10:00:00,-0.9770353722767287,-0.4560359
2014-09-15 11:00:00,-1.0209240624093945,-0.6009193
2014-09-15 12:00:00,-1.053840580008894,-0.68836445
2014-09-15 13:00:00,-1.0648127525420603,-0.63517505
2014-09-15 14:00:00,-1.0318962349425609,-0.57795316
2014-09-15 15:00:00,-1.009951889876228,-0.45669556
2014-09-15 16:00:00,-1.0318962349425609,-0.39619923
2014-09-15 17:00:00,-0.9770353722767287,-0.2551307
2014-09-15 18:00:00,-0.9221745096108963,-0.15261115
2014-09-15 19:00:00,-0.9002301645445634,-0.13736376
2014-09-15 20:00:00,-0.8782858194782304,-0.2354116
2014-09-15 21:00:00,-0.823424956812398,-0.16932921
2014-09-15 22:00:00,-0.8782858194782304,-0.033562094
2014-09-15 23:00:00,-0.8124527842792316,-0.108339
2014-09-16 00:00:00,-0.7685640941465657,-0.1005297
2014-09-16 01:00:00,-0.7246754040138998,0.010286093
2014-09-16 02:00:00,-0.7685640941465657,-0.051301986
2014-09-16 03:00:00,-0.516204125883737,-0.20812924
2014-09-16 04:00:00,-0.5600928160164028,-0.30127174
2014-09-16 05:00:00,-0.7356475765470664,-0.3422047
2014-09-16 06:00:00,-0.9002301645445634,-0.37860054
2014-09-16 07:00:00,-0.9166884233443131,-0.35774392
2014-09-16 08:00:00,-0.9331466821440627,-0.38139796
2014-09-16 09:00:00,-0.8782858194782304,-0.46478033
2014-09-16 10:00:00,-0.823424956812398,-0.4796725
2014-09-16 11:00:00,-0.8892579920113969,-0.49317342
2014-09-16 12:00:00,-0.8563414744118975,-0.59131634
2014-09-16 13:00:00,-0.7685640941465657,-0.45127386
2014-09-16 14:00:00,-0.6039815061490686,-0.47191495
2014-09-16 15:00:00,-0.34064936535307344,-0.5000877
2014-09-16 16:00:00,-0.11023374215657758,-0.49736434
2014-09-16 17:00:00,-0.02245636189124582,-0.37130046
2014-09-16 18:00:00,-0.07731722455707817,-0.24778242
2014-09-16 19:00:00,-0.3955102280189058,-0.18009607
2014-09-16 20:00:00,-0.43939891815157167,-0.14544989
2014-09-16 21:00:00,-0.4832876082842375,-0.12107949
2014-09-16 22:00:00,-0.4832876082842375,-0.12104972
2014-09-16 23:00:00,-0.3516215378862399,0.06878859
2014-09-17 00:00:00,-0.4832876082842375,0.060264826
2014-09-17 01:00:00,-0.7685640941465657,0.111675635
2014-09-17 02:00:00,-0.823424956812398,-0.027817123
2014-09-17 03:00:00,-0.9221745096108963,0.10994787
2014-09-17 04:00:00,-0.9880075448098952,0.020785416
2014-09-17 05:00:00,-0.9550910272103957,-0.12322201
2014-09-17 06:00:00,-0.8892579920113969,-0.21301268
2014-09-17 07:00:00,-0.823424956812398,-0.16094138
2014-09-17 08:00:00,-0.8563414744118975,-0.26225245
2014-09-17 09:00:00,-0.9002301645445634,-0.39405817
2014-09-17 10:00:00,-0.8892579920113969,-0.42630756
2014-09-17 11:00:00,-0.7795362666797322,-0.51034445
2014-09-17 12:00:00,-0.6149536786822352,-0.3579771
2014-09-17 13:00:00,-0.27481633015407464,-0.21913327
2014-09-17 14:00:00,-0.43939891815157167,-0.07069063
2014-09-17 15:00:00,-0.43939891815157167,-0.016566772
2014-09-17 16:00:00,-0.43939891815157167,0.119966015
2014-09-17 17:00:00,-0.680786713881234,0.00475388
2014-09-17 18:00:00,-0.7137032314807333,0.08775796
2014-09-17 19:00:00,-0.7466197490802328,0.02724132
2014-09-17 20:00:00,-0.6478701962817346,0.057409592
2014-09-17 21:00:00,-0.5600928160164028,0.0183829
2014-09-17 22:00:00,-0.5600928160164028,0.007888056
2014-09-17 23:00:00,-0.494259780817404,0.06529692
2014-09-18 00:00:00,-0.4832876082842375,-0.025122344
2014-09-18 01:00:00,-0.4174545730852387,-0.12745161
2014-09-18 02:00:00,-0.21995546748824227,-0.060673133
2014-09-18 03:00:00,-0.011484189358079351,-0.20170034
2014-09-18 04:00:00,0.043376673307752994,-0.12961324
2014-09-18 05:00:00,-0.011484189358079351,-0.12750359
2014-09-18 06:00:00,-0.03342853442441229,-0.13465
2014-09-18 07:00:00,0.08726536344041887,-0.15250833
2014-09-18 08:00:00,-0.011484189358079351,-0.09535411
2014-09-18 09:00:00,0.20795926130525003,-0.064341
2014-09-18 10:00:00,-0.07731722455707817,-0.21094452
2014-09-18 11:00:00,-0.2418998125545752,-0.10767859
2014-09-18 12:00:00,-0.36259371041940636,-0.01831285
2014-09-18 13:00:00,-0.34064936535307344,0.13846602
2014-09-18 14:00:00,-0.5381484709500699,0.12138073
2014-09-18 15:00:00,-0.6478701962817346,0.10754896
2014-09-18 16:00:00,-0.7246754040138998,0.09130329
2014-09-18 17:00:00,-0.867313646945064,-0.010203287
2014-09-18 18:00:00,-0.8014806117460651,-0.035409898
2014-09-18 19:00:00,-0.7246754040138998,-0.061389223
2014-09-18 20:00:00,-0.6917588864144004,-0.03570541
2014-09-18 21:00:00,-0.5381484709500699,0.077874616
2014-09-18 22:00:00,-0.42842674561840516,0.085848235
2014-09-18 23:00:00,-0.40648240055207224,0.14885148
2014-09-19 00:00:00,-0.45037109068473813,0.03906899
2014-09-19 01:00:00,-0.329677192819907,-0.047457263
2014-09-19 02:00:00,-0.2418998125545752,0.12070371
2014-09-19 03:00:00,-0.17606677735557638,0.25788116
2014-09-19 04:00:00,-0.03342853442441229,0.17731406
2014-09-19 05:00:00,0.10920970850675181,0.09973524
2014-09-19 06:00:00,0.06532101837408594,0.055294853
2014-09-19 07:00:00,-0.08828939709024464,0.058709376
2014-09-19 08:00:00,0.10920970850675181,-3.0923635e-05
2014-09-19 09:00:00,0.22990360637158297,0.062837966
2014-09-19 10:00:00,0.39448619436908,-0.02678731
2014-09-19 11:00:00,0.5480966098334106,0.032489028
2014-09-19 12:00:00,0.19698708877208357,-0.033302777
2014-09-19 13:00:00,-0.09926156962341111,0.052143052
2014-09-19 14:00:00,-0.15412243228924344,-0.056027643
2014-09-19 15:00:00,-0.36259371041940636,-0.13600515
2014-09-19 16:00:00,-0.43939891815157167,-0.16061792
2014-09-19 17:00:00,-0.516204125883737,-0.16626249
2014-09-19 18:00:00,-0.516204125883737,-0.11334051
2014-09-19 19:00:00,-0.27481633015407464,-0.044700667
2014-09-19 20:00:00,-0.03342853442441229,-0.024887688
2014-09-19 21:00:00,0.054348845840919466,0.018210214
2014-09-19 22:00:00,0.20795926130525003,0.079713844
2014-09-19 23:00:00,0.4383748845017459,0.093884505
2014-09-20 00:00:00,0.4822635746344118,0.1256866
2014-09-20 01:00:00,0.44934705703491234,0.15246424
2014-09-20 02:00:00,0.49323574716757823,0.06336038
2014-09-20 03:00:00,0.4603192295680788,0.1313674
2014-09-20 04:00:00,0.44934705703491234,0.0413367
2014-09-20 05:00:00,0.39448619436908,-0.013671257
2014-09-20 06:00:00,0.3067088141037483,-0.07750542
2014-09-20 07:00:00,0.10920970850675181,-0.18234189
2014-09-20 08:00:00,0.17504274370575063,0.008259334
2014-09-20 09:00:00,0.2518479514379159,0.0904361
2014-09-20 10:00:00,0.29573664157058177,0.13588046
2014-09-20 11:00:00,0.2628201239710824,0.22791518
2014-09-20 12:00:00,0.16407057117258417,0.13180785
2014-09-20 13:00:00,0.18601491623891708,-0.011394974
2014-09-20 14:00:00,0.14212622610625122,-0.046795487
2014-09-20 15:00:00,-0.12120591468974404,-0.11132291
2014-09-20 16:00:00,-0.05537287949074523,-0.12539701
2014-09-20 17:00:00,-0.2418998125545752,-0.16121975
2014-09-20 18:00:00,0.4383748845017459,-0.25631636
2014-09-20 19:00:00,0.58101312743291,-0.10712421
2014-09-20 20:00:00,0.6468461626319087,-0.10904138
2014-09-20 21:00:00,0.8772617858284046,0.036613137
2014-09-20 22:00:00,1.096705236491734,0.17141907
2014-09-20 23:00:00,1.4039260674203953,0.120817855
2014-09-21 00:00:00,1.4148982399535617,0.21772115
2014-09-21 01:00:00,1.096705236491734,0.07608448
2014-09-21 02:00:00,0.5042079197007447,0.19112849
2014-09-21 03:00:00,0.36156967676958063,0.23442318
2014-09-21 04:00:00,0.27379229650424886,0.27342683
2014-09-21 05:00:00,-0.23092764002140873,0.22772454
2014-09-21 06:00:00,-0.21995546748824227,0.07764803
2014-09-21 07:00:00,-0.307732847753574,0.06822753
2014-09-21 08:00:00,-0.45037109068473813,-0.0051917695
2014-09-21 09:00:00,-0.40648240055207224,0.018590163
2014-09-21 10:00:00,-0.3955102280189058,0.13618934
2014-09-21 11:00:00,-0.5271762984169034,0.2088557
2014-09-21 12:00:00,-0.36259371041940636,0.18216717
2014-09-21 13:00:00,-0.2418998125545752,0.19563168
2014-09-21 14:00:00,-0.12120591468974404,0.11955914
2014-09-21 15:00:00,-0.13217808722291052,0.052210815
2014-09-21 16:00:00,-0.04440070695757876,0.06571129
2014-09-21 17:00:00,-0.0005120168249128817,-0.03283578
2014-09-21 18:00:00,-0.07731722455707817,0.23000215
2014-09-21 19:00:00,-0.16509460482240992,0.24802132
2014-09-21 20:00:00,-0.13217808722291052,0.3331586
2014-09-21 21:00:00,-0.19801112242190932,0.3989492
2014-09-21 22:00:00,-0.21995546748824227,0.50915927
2014-09-21 23:00:00,-0.45037109068473813,0.6213438
2014-09-22 00:00:00,-0.27481633015407464,0.5826286
2014-09-22 01:00:00,-0.25287198508774167,0.47595775
2014-09-22 02:00:00,-0.329677192819907,0.27477548
2014-09-22 03:00:00,-0.21995546748824227,0.32796538
2014-09-22 04:00:00,-0.2089832949550758,0.31247282
2014-09-22 05:00:00,-0.23092764002140873,0.19251709
2014-09-22 06:00:00,-0.12120591468974404,0.1341018
2014-09-22 07:00:00,0.06532101837408594,0.16192523
2014-09-22 08:00:00,0.13115405357308474,0.08517668
2014-09-22 09:00:00,0.19698708877208357,0.15229361
2014-09-22 10:00:00,0.2189314338384165,0.18210167
2014-09-22 11:00:00,0.20795926130525003,0.09207177
2014-09-22 12:00:00,0.29573664157058177,0.14316626
2014-09-22 13:00:00,0.3067088141037483,0.14935493
2014-09-22 14:00:00,0.38351402183591354,0.1939948
2014-09-22 15:00:00,0.36156967676958063,0.18759649
2014-09-22 16:00:00,0.2628201239710824,0.17936264
2014-09-22 17:00:00,0.13115405357308474,0.17159562
2014-09-22 18:00:00,0.07629319090725241,0.13729626
2014-09-22 19:00:00,0.09823753597358534,0.09140127
2014-09-22 20:00:00,0.08726536344041887,0.08809604
2014-09-22 21:00:00,0.20795926130525003,0.10096766
2014-09-22 22:00:00,0.18601491623891708,0.10493606
2014-09-22 23:00:00,0.2189314338384165,0.0437735
2014-09-23 00:00:00,0.2518479514379159,0.089160964
2014-09-23 01:00:00,0.15309839863941768,0.20912494
2014-09-23 02:00:00,0.09823753597358534,0.2027056
2014-09-23 03:00:00,-0.04440070695757876,0.19791861
2014-09-23 04:00:00,0.021432328241420058,0.15980306
2014-09-23 05:00:00,-0.05537287949074523,0.13928011
2014-09-23 06:00:00,-0.2089832949550758,0.21950036
2014-09-23 07:00:00,-0.29676067522040755,0.31248736
2014-09-23 08:00:00,-0.40648240055207224,0.35074615
2014-09-23 09:00:00,-0.6039815061490686,0.33629972
2014-09-23 10:00:00,-0.5381484709500699,0.204153
2014-09-23 11:00:00,-0.658842368814901,0.14017427
2014-09-23 12:00:00,-0.7027310589475669,0.123089485
2014-09-23 13:00:00,-0.7246754040138998,0.11225243
2014-09-23 14:00:00,-0.8343971293455645,0.13090049
2014-09-23 15:00:00,-0.8014806117460651,0.101400584
2014-09-23 16:00:00,-0.7411336628136496,0.036088508
2014-09-23 17:00:00,-0.680786713881234,0.019114282
2014-09-23 18:00:00,-0.6368980237485681,0.0026081353
2014-09-23 19:00:00,-0.5600928160164028,-0.059920736
2014-09-23 20:00:00,-0.4832876082842375,-0.040002696
2014-09-23 21:00:00,-0.27481633015407464,0.01832979
2014-09-23 22:00:00,-0.3516215378862399,0.03099361
2014-09-23 23:00:00,-0.13217808722291052,0.18697321
2014-09-24 00:00:00,-0.5491206434832363,0.11162637
2014-09-24 01:00:00,-0.680786713881234,0.02271345
2014-09-24 02:00:00,-0.680786713881234,0.025479292
2014-09-24 03:00:00,-0.5930093336159022,0.0021214597
2014-09-24 04:00:00,-0.7137032314807333,0.023064021
2014-09-24 05:00:00,-0.8782858194782304,-0.0026654676
2014-09-24 06:00:00,-0.9989797173430616,-0.08146506
2014-09-24 07:00:00,-0.9770353722767287,-0.13152613
2014-09-24 08:00:00,-0.9112023370777298,-0.17473984
2014-09-24 09:00:00,-0.8563414744118975,-0.27145493
2014-09-24 10:00:00,-0.9550910272103957,-0.23125179
2014-09-24 11:00:00,-0.9112023370777298,-0.2854759
2014-09-24 12:00:00,-0.9441188546772292,-0.2800448
2014-09-24 13:00:00,-0.9221745096108963,-0.33789378
2014-09-24 14:00:00,-0.9441188546772292,-0.22932686
2014-09-24 15:00:00,-0.9770353722767287,-0.1283835
2014-09-24 16:00:00,-0.9880075448098952,-0.060322985
2014-09-24 17:00:00,-0.9880075448098952,-0.090720415
2014-09-24 18:00:00,-0.7575919216133993,-0.07109892
2014-09-24 19:00:00,-0.6698145413480675,-0.017878518
2014-09-24 20:00:00,-0.4832876082842375,-0.057599694
2014-09-24 21:00:00,-0.42842674561840516,-0.004770007
2014-09-24 22:00:00,-0.3955102280189058,-0.040646814
2014-09-24 23:00:00,0.010460155708253588,-0.07564674
2014-09-25 00:00:00,0.12018188103991828,-0.103089765
2014-09-25 01:00:00,-0.19801112242190932,-0.24701972
2014-09-25 02:00:00,-0.17606677735557638,-0.3043691
2014-09-25 03:00:00,-0.12120591468974404,-0.3133449
2014-09-25 04:00:00,-0.09926156962341111,-0.38663352
2014-09-25 05:00:00,-0.2089832949550758,-0.41278732
2014-09-25 06:00:00,0.03240450077458652,-0.33862817
2014-09-25 07:00:00,-0.011484189358079351,-0.36719358
2014-09-25 08:00:00,0.054348845840919466,-0.40994757
2014-09-25 09:00:00,0.22990360637158297,-0.42507416
2014-09-25 10:00:00,0.42740271196857943,-0.5041427
2014-09-25 11:00:00,0.44934705703491234,-0.40848422
2014-09-25 12:00:00,0.5261522647670777,-0.30294037
2014-09-25 13:00:00,0.745595715430407,-0.24264301
2014-09-25 14:00:00,0.6249018175655758,-0.21424793
2014-09-25 15:00:00,0.6468461626319087,-0.2537058
2014-09-25 16:00:00,0.5590687823665771,-0.25504827
2014-09-25 17:00:00,0.40545836690224646,-0.27208525
2014-09-25 18:00:00,0.3067088141037483,-0.21008362
2014-09-25 19:00:00,0.4822635746344118,-0.14497386
2014-09-25 20:00:00,0.5151800922339111,-0.07788174
2014-09-25 21:00:00,0.6249018175655758,-0.041137233
2014-09-25 22:00:00,0.49323574716757823,-0.017898604
2014-09-25 23:00:00,-0.2857885026872411,0.20630705
2014-09-26 00:00:00,-0.43939891815157167,0.21586226
2014-09-26 01:00:00,-0.27481633015407464,0.122491226
2014-09-26 02:00:00,-0.15412243228924344,0.11169059
2014-09-26 03:00:00,-0.14315025975607698,0.17239925
2014-09-26 04:00:00,-0.011484189358079351,0.19388627
2014-09-26 05:00:00,-0.04440070695757876,-0.0002540201
2014-09-26 06:00:00,0.07629319090725241,0.16110711
2014-09-26 07:00:00,0.12018188103991828,0.18893987
2014-09-26 08:00:00,0.2189314338384165,0.09193675
2014-09-26 09:00:00,0.22990360637158297,0.053252824
2014-09-26 10:00:00,0.2847644690374153,0.2373556
2014-09-26 11:00:00,0.3286531591700812,0.27440488
2014-09-26 12:00:00,0.2518479514379159,0.2913414
2014-09-26 13:00:00,0.31768098663691474,0.38606203
2014-09-26 14:00:00,0.5042079197007447,0.33776987
2014-09-26 15:00:00,0.6029574724992429,0.40972853
2014-09-26 16:00:00,1.0199000287595688,0.37573338
2014-09-26 17:00:00,1.0308722012927352,0.327532
2014-09-26 18:00:00,1.1296217540912334,0.29941928
2014-09-26 19:00:00,1.283232169555564,0.33335495
2014-09-26 20:00:00,1.305176514621897,0.22888848
2014-09-26 21:00:00,1.0528165463590682,0.3023094
2014-09-26 22:00:00,0.7236513703640741,0.2848587
2014-09-26 23:00:00,0.5371244373002441,0.04306952
2014-09-27 00:00:00,0.20795926130525003,0.0110423975
2014-09-27 01:00:00,0.3505975042364141,0.044532515
2014-09-27 02:00:00,-0.42842674561840516,0.059753567
2014-09-27 03:00:00,-0.9989797173430616,0.114974216
2014-09-27 04:00:00,-0.9989797173430616,0.120122075
2014-09-27 05:00:00,-0.6368980237485681,0.08817008
2014-09-27 06:00:00,-0.6259258512154017,0.1302492
2014-09-27 07:00:00,-0.5381484709500699,0.11516529
2014-09-27 08:00:00,-0.7905084392128987,0.12167472
2014-09-27 09:00:00,-0.8124527842792316,0.114815645
2014-09-27 10:00:00,-0.9441188546772292,0.10890077
2014-09-27 11:00:00,-0.9331466821440627,0.123240896
2014-09-27 12:00:00,-0.9880075448098952,0.11450772
2014-09-27 13:00:00,-1.0318962349425609,0.13596414
2014-09-27 14:00:00,-0.9880075448098952,0.2779709
2014-09-27 15:00:00,-0.9880075448098952,0.29771882
2014-09-27 16:00:00,-0.9112023370777298,0.25615823
2014-09-27 17:00:00,-0.9221745096108963,0.35115302
2014-09-27 18:00:00,-0.8563414744118975,0.29658312
2014-09-27 19:00:00,-0.7466197490802328,0.32525337
2014-09-27 20:00:00,-0.5052319533505705,0.34087187
2014-09-27 21:00:00,-0.5271762984169034,0.3988616
2014-09-27 22:00:00,-0.45037109068473813,0.27653465
2014-09-27 23:00:00,-0.45037109068473813,0.18192916
2014-09-28 00:00:00,-0.25287198508774167,-0.0069057643
2014-09-28 01:00:00,-0.18703894988874287,-0.05911857
2014-09-28 02:00:00,-0.18703894988874287,-0.2726735
2014-09-28 03:00:00,-0.3735658829525728,-0.43964392
2014-09-28 04:00:00,-0.45037109068473813,-0.31861854
2014-09-28 05:00:00,-0.5600928160164028,-0.27764285
2014-09-28 06:00:00,-0.4613432632179046,-0.29888576
2014-09-28 07:00:00,-0.42842674561840516,-0.30477053
2014-09-28 08:00:00,-0.40648240055207224,-0.3965345
2014-09-28 09:00:00,-0.31870502028674047,-0.47840065
2014-09-28 10:00:00,-0.19801112242190932,-0.5665631
2014-09-28 11:00:00,-0.14315025975607698,-0.5740063
2014-09-28 12:00:00,-0.02245636189124582,-0.4098189
2014-09-28 13:00:00,0.010460155708253588,-0.34810954
2014-09-28 14:00:00,-0.34064936535307344,-0.35509706
2014-09-28 15:00:00,-0.4174545730852387,-0.3099
2014-09-28 16:00:00,-0.6039815061490686,-0.2972365
2014-09-28 17:00:00,-0.516204125883737,-0.2905516
2014-09-28 18:00:00,-0.5930093336159022,-0.11645563
2014-09-28 19:00:00,-0.47231543575107104,-0.03073825
2014-09-28 20:00:00,-0.516204125883737,0.09091603
2014-09-28 21:00:00,-0.5381484709500699,-0.038699552
2014-09-28 22:00:00,-0.4613432632179046,-0.096772105
2014-09-28 23:00:00,-0.27481633015407464,-0.16720352
2014-09-29 00:00:00,-0.27481633015407464,-0.013491686
2014-09-29 01:00:00,-0.23092764002140873,0.048246507
2014-09-29 02:00:00,-0.03342853442441229,0.11024462
2014-09-29 03:00:00,0.054348845840919466,0.0691016
2014-09-29 04:00:00,0.054348845840919466,-0.13013469
2014-09-29 05:00:00,0.07629319090725241,-0.28121752
2014-09-29 06:00:00,0.03240450077458652,-0.14779471
2014-09-29 07:00:00,0.021432328241420058,-0.04747598
2014-09-29 08:00:00,-0.03342853442441229,-0.099834085
2014-09-29 09:00:00,-0.011484189358079351,0.0320014
2014-09-29 10:00:00,-0.16509460482240992,0.11858556
2014-09-29 11:00:00,-0.25287198508774167,0.09001551
2014-09-29 12:00:00,-0.9112023370777298,0.12595616
2014-09-29 13:00:00,-0.9550910272103957,0.14982025
2014-09-29 14:00:00,-0.9880075448098952,0.020616684
2014-09-29 15:00:00,-0.9880075448098952,-0.01965556
2014-09-29 16:00:00,-0.9660631997435621,-0.07586242
2014-09-29 17:00:00,-0.9550910272103957,-0.07439928
2014-09-29 18:00:00,-0.9660631997435621,-0.11890496
2014-09-29 19:00:00,-0.9660631997435621,-0.071645215
2014-09-29 20:00:00,-0.9441188546772292,-0.07885014
2014-09-29 21:00:00,-0.867313646945064,0.012437675
2014-09-29 22:00:00,-0.9112023370777298,0.081970416
2014-09-29 23:00:00,-0.845369301878731,0.15743768
2014-09-30 00:00:00,-0.8124527842792316,-0.023228742
2014-09-30 01:00:00,-0.8782858194782304,-0.12757815
2014-09-30 02:00:00,-0.8343971293455645,0.03813865
2014-09-30 03:00:00,-0.8563414744118975,0.11333011
2014-09-30 04:00:00,-0.9112023370777298,0.17305256
2014-09-30 05:00:00,-0.9112023370777298,0.0711473
2014-09-30 06:00:00,-0.8782858194782304,0.08017548
2014-09-30 07:00:00,-0.9550910272103957,-0.032228366
2014-09-30 08:00:00,-0.9002301645445634,-0.14525352
2014-09-30 09:00:00,-0.9331466821440627,-0.14464143
2014-09-30 10:00:00,-0.9112023370777298,-0.29548663
2014-09-30 11:00:00,-0.845369301878731,-0.35952806
2014-09-30 12:00:00,-0.8563414744118975,-0.62096304
2014-09-30 13:00:00,-0.9221745096108963,-0.63850623
2014-09-30 14:00:00,-0.8563414744118975,-0.6499184
2014-09-30 15:00:00,-0.867313646945064,-0.5087629
2014-09-30 16:00:00,-0.845369301878731,-0.52733505
2014-09-30 17:00:00,-0.8782858194782304,-0.56167877
2014-09-30 18:00:00,-0.8124527842792316,-0.56227857
2014-09-30 19:00:00,-0.7575919216133993,-0.4422313
2014-09-30 20:00:00,-0.6149536786822352,-0.23656379
2014-09-30 21:00:00,-0.516204125883737,-0.14040798
2014-09-30 22:00:00,-0.47231543575107104,-0.11754741
2014-09-30 23:00:00,-0.43939891815157167,-0.10601376
2014-10-01 00:00:00,-0.2418998125545752,-0.0307867
2014-10-01 01:00:00,-0.16509460482240992,-0.054393664
2014-10-01 02:00:00,-0.18703894988874287,0.0023237206
2014-10-01 03:00:00,-0.12120591468974404,0.008949269
2014-10-01 04:00:00,-0.21995546748824227,-0.0069411024
2014-10-01 05:00:00,-0.21995546748824227,-0.0031359196
2014-10-01 06:00:00,-0.34064936535307344,-0.0089377165
2014-10-01 07:00:00,-0.4613432632179046,-0.062328666
2014-10-01 08:00:00,-0.4174545730852387,0.06537354
2014-10-01 09:00:00,-0.29676067522040755,0.08633453
2014-10-01 10:00:00,-0.25287198508774167,0.0905532
2014-10-01 11:00:00,-0.11023374215657758,0.08198418
2014-10-01 12:00:00,-0.09926156962341111,0.037884362
2014-10-01 13:00:00,-0.04440070695757876,0.06138376
2014-10-01 14:00:00,-0.31870502028674047,0.05975081
2014-10-01 15:00:00,-0.25287198508774167,0.092505924
2014-10-01 16:00:00,-0.2638441576209081,0.05474096
2014-10-01 17:00:00,-0.0005120168249128817,0.013959879
2014-10-01 18:00:00,-0.0005120168249128817,0.03337363
2014-10-01 19:00:00,-0.03342853442441229,0.017900916
2014-10-01 20:00:00,-0.07731722455707817,0.06794075
2014-10-01 21:00:00,-0.13217808722291052,0.15709153
2014-10-01 22:00:00,-0.19801112242190932,0.21004899
2014-10-01 23:00:00,-0.15412243228924344,0.17082436
2014-10-02 00:00:00,-0.19801112242190932,0.2085508
2014-10-02 01:00:00,-0.34064936535307344,0.2596572
2014-10-02 02:00:00,-0.3735658829525728,0.1020145
2014-10-02 03:00:00,-0.45037109068473813,0.13737556
2014-10-02 04:00:00,-0.4174545730852387,0.09518637
2014-10-02 05:00:00,-0.29676067522040755,0.13259909
2014-10-02 06:00:00,-0.21995546748824227,0.11866936
2014-10-02 07:00:00,-0.2857885026872411,0.06685695
2014-10-02 08:00:00,-0.23092764002140873,0.10213013
2014-10-02 09:00:00,-0.3955102280189058,0.13280287
2014-10-02 10:00:00,-0.42842674561840516,0.07666675
2014-10-02 11:00:00,-0.27481633015407464,0.030604327
2014-10-02 12:00:00,-0.3955102280189058,-0.063699305
2014-10-02 13:00:00,-0.6698145413480675,-0.032861188
2014-10-02 14:00:00,-0.7575919216133993,-0.11440317
2014-10-02 15:00:00,-0.8014806117460651,-0.11302821
2014-10-02 16:00:00,-0.867313646945064,-0.1261219
2014-10-02 17:00:00,-0.8014806117460651,-0.08407989
2014-10-02 18:00:00,-0.7356475765470664,-0.11024164
2014-10-02 19:00:00,-0.43939891815157167,-0.0056012683
2014-10-02 20:00:00,-0.23092764002140873,-0.09941302
2014-10-02 21:00:00,-0.07731722455707817,-0.15635516
2014-10-02 22:00:00,0.31768098663691474,-0.09746437
2014-10-02 23:00:00,0.3505975042364141,-0.11156051
2014-10-03 00:00:00,0.22990360637158297,-0.15908906
2014-10-03 01:00:00,0.16407057117258417,-0.23820822
2014-10-03 02:00:00,0.14212622610625122,-0.2764063
2014-10-03 03:00:00,0.38351402183591354,-0.31528783
2014-10-03 04:00:00,0.16407057117258417,-0.29319227
2014-10-03 05:00:00,0.5371244373002441,-0.27045655
2014-10-03 06:00:00,0.09823753597358534,-0.30429238
2014-10-03 07:00:00,-0.29676067522040755,-0.34501964
2014-10-03 08:00:00,-0.47231543575107104,-0.3176341
2014-10-03 09:00:00,-0.516204125883737,-0.20945747
2014-10-03 10:00:00,-0.45037109068473813,-0.28249508
2014-10-03 11:00:00,-0.47231543575107104,-0.1644075
2014-10-03 12:00:00,-0.17606677735557638,-0.27145737
2014-10-03 13:00:00,-0.09926156962341111,-0.30187166
2014-10-03 14:00:00,0.36156967676958063,-0.3117621
2014-10-03 15:00:00,0.7894844055630729,-0.28485417
2014-10-03 16:00:00,0.8992061308947376,-0.32992464
2014-10-03 17:00:00,1.1076774090249004,-0.31139016
2014-10-03 18:00:00,1.1735104442238993,-0.27866995
2014-10-03 19:00:00,1.0857330639585676,-0.19403543
2014-10-03 20:00:00,0.8443452682289052,-0.028197482
2014-10-03 21:00:00,0.6687905076982418,0.015816882
2014-10-03 22:00:00,0.6139296450324094,0.14841002
2014-10-03 23:00:00,0.5700409548997435,0.16787137
2014-10-04 00:00:00,0.3286531591700812,0.20502141
2014-10-04 01:00:00,-0.0663450520239117,0.20634241
2014-10-04 02:00:00,-0.2089832949550758,0.06295784
2014-10-04 03:00:00,-0.2089832949550758,0.23266365
2014-10-04 04:00:00,-0.2418998125545752,0.20016433
2014-10-04 05:00:00,-0.34064936535307344,0.37933797
2014-10-04 06:00:00,-0.45037109068473813,0.16618246
2014-10-04 07:00:00,-0.494259780817404,-0.032314584
2014-10-04 08:00:00,-0.5052319533505705,-0.15937869
2014-10-04 09:00:00,-0.4613432632179046,-0.07091886
2014-10-04 10:00:00,-0.42842674561840516,-0.09735705
2014-10-04 11:00:00,-0.27481633015407464,-0.0336226
2014-10-04 12:00:00,-0.2418998125545752,0.15475717
2014-10-04 13:00:00,-0.03342853442441229,0.22127585
2014-10-04 14:00:00,0.054348845840919466,0.3175727
2014-10-04 15:00:00,0.03240450077458652,0.41505146
2014-10-04 16:00:00,-0.0005120168249128817,0.44463557
2014-10-04 17:00:00,0.07629319090725241,0.4805563
2014-10-04 18:00:00,0.09823753597358534,0.395189
2014-10-04 19:00:00,0.17504274370575063,0.4622832
2014-10-04 20:00:00,0.13115405357308474,0.4708767
2014-10-04 21:00:00,0.010460155708253588,0.46055722
2014-10-04 22:00:00,-0.21995546748824227,0.4813972
2014-10-04 23:00:00,-0.25287198508774167,0.43568635
2014-10-05 00:00:00,-0.23092764002140873,0.3380897
2014-10-05 01:00:00,-0.15412243228924344,0.21653001
2014-10-05 02:00:00,-0.307732847753574,0.1791387
2014-10-05 03:00:00,-0.329677192819907,0.15747848
2014-10-05 04:00:00,-0.3955102280189058,0.13649338
2014-10-05 05:00:00,-0.36259371041940636,0.06472473
2014-10-05 06:00:00,-0.40648240055207224,-0.012977608
2014-10-05 07:00:00,-0.5052319533505705,-0.05223173
2014-10-05 08:00:00,-0.5491206434832363,-0.08252242
2014-10-05 09:00:00,-0.867313646945064,-0.072569124
2014-10-05 10:00:00,-0.9770353722767287,-0.14162277
2014-10-05 11:00:00,-0.9880075448098952,-0.13487925
2014-10-05 12:00:00,-1.009951889876228,-0.07134163
2014-10-05 13:00:00,-1.0209240624093945,0.10687657
2014-10-05 14:00:00,-0.9880075448098952,0.14884932
2014-10-05 15:00:00,-0.9660631997435621,0.007408712
2014-10-05 16:00:00,-1.009951889876228,0.08163318
2014-10-05 17:00:00,-1.0318962349425609,0.14146203
2014-10-05 18:00:00,-0.9770353722767287,0.18811157
2014-10-05 19:00:00,-0.9112023370777298,0.18473509
2014-10-05 20:00:00,-0.8563414744118975,0.16790076
2014-10-05 21:00:00,-0.8014806117460651,0.12237036
2014-10-05 22:00:00,-0.6259258512154017,0.05970649
2014-10-05 23:00:00,-0.7246754040138998,0.07866458
2014-10-06 00:00:00,-0.6698145413480675,0.20693769
2014-10-06 01:00:00,-0.7466197490802328,0.21968584
2014-10-06 02:00:00,-0.7905084392128987,0.19630523
2014-10-06 03:00:00,-0.7905084392128987,0.1692324
2014-10-06 04:00:00,-0.8563414744118975,0.11063163
2014-10-06 05:00:00,-0.8014806117460651,-0.02015578
2014-10-06 06:00:00,-0.8563414744118975,-0.038152605
2014-10-06 07:00:00,-0.8563414744118975,-0.16019985
2014-10-06 08:00:00,-0.823424956812398,-0.16852967
2014-10-06 09:00:00,-0.867313646945064,-0.27234638
2014-10-06 10:00:00,-0.8563414744118975,-0.3540457
2014-10-06 11:00:00,-0.9002301645445634,-0.37561035
2014-10-06 12:00:00,-0.9002301645445634,-0.4150691
2014-10-06 13:00:00,-0.8563414744118975,-0.4093876
2014-10-06 14:00:00,-0.8782858194782304,-0.4101839
2014-10-06 15:00:00,-0.823424956812398,-0.39321607
2014-10-06 16:00:00,-0.8563414744118975,-0.4729334
2014-10-06 17:00:00,-0.823424956812398,-0.48430842
2014-10-06 18:00:00,-0.7356475765470664,-0.42869598
2014-10-06 19:00:00,-0.5491206434832363,-0.34588844
2014-10-06 20:00:00,-0.42842674561840516,-0.2585047
2014-10-06 21:00:00,-0.2857885026872411,-0.23987044
2014-10-06 22:00:00,-0.23092764002140873,-0.15099086
2014-10-06 23:00:00,-0.25287198508774167,-0.064838886
2014-10-07 00:00:00,-0.09926156962341111,0.06368125
2014-10-07 01:00:00,-0.0663450520239117,0.0009728037
2014-10-07 02:00:00,0.07629319090725241,0.035192274
2014-10-07 03:00:00,0.15309839863941768,-0.055641614
2014-10-07 04:00:00,0.043376673307752994,0.0024058558
2014-10-07 05:00:00,-0.07731722455707817,-0.06669601
2014-10-07 06:00:00,-0.16509460482240992,-0.15357156
2014-10-07 07:00:00,-0.27481633015407464,-0.17167811
2014-10-07 08:00:00,-0.27481633015407464,-0.14555429
2014-10-07 09:00:00,-0.3735658829525728,-0.1959106
2014-10-07 10:00:00,-0.3735658829525728,-0.3006289
2014-10-07 11:00:00,-0.19801112242190932,-0.1740462
2014-10-07 12:00:00,0.043376673307752994,-0.17365743
2014-10-07 13:00:00,0.19698708877208357,-0.1679901
2014-10-07 14:00:00,0.4383748845017459,-0.20816807
2014-10-07 15:00:00,0.6358739900987423,-0.18889803
2014-10-07 16:00:00,0.8662896132952382,-0.17309119
2014-10-07 17:00:00,0.8992061308947376,-0.111846134
2014-10-07 18:00:00,0.9760113386269029,-0.017348196
2014-10-07 19:00:00,1.3161486871550634,0.08140787
2014-10-07 20:00:00,1.5904530004842252,0.16831072
2014-10-07 21:00:00,1.70017472581589,0.29146183
2014-10-07 22:00:00,2.0183677292777173,0.3178199
2014-10-07 23:00:00,2.4791989756707093,0.2700171
2014-10-08 00:00:00,2.2048946623415473,0.27799097
2014-10-08 01:00:00,2.07322859194355,0.26429352
2014-10-08 02:00:00,1.8537851412802204,0.18027927
2014-10-08 03:00:00,1.634341690616891,0.27498308
2014-10-08 04:00:00,1.447814757553061,0.1517671
2014-10-08 05:00:00,1.3380930322213964,0.06410907
2014-10-08 06:00:00,1.283232169555564,0.0027819872
2014-10-08 07:00:00,1.2612878244892312,0.039166786
2014-10-08 08:00:00,1.5685086554178922,-0.010374118
2014-10-08 09:00:00,1.3600373772877292,-0.16490115
2014-10-08 10:00:00,1.491703447685727,-0.20718266
2014-10-08 11:00:00,1.7111468983490563,-0.02031441
2014-10-08 12:00:00,1.8867016588797199,0.16048697
2014-10-08 13:00:00,1.820868623680721,0.23980105
2014-10-08 14:00:00,1.9744790391450515,0.3454649
2014-10-08 15:00:00,2.4133659404717105,0.3563131
2014-10-08 16:00:00,2.896141531931035,0.39292264
2014-10-08 17:00:00,3.104612810061198,0.4169069
2014-10-08 18:00:00,3.313084088191361,0.55102545
2014-10-08 19:00:00,3.247251052992362,0.7272611
2014-10-08 20:00:00,3.4996110212551907,0.8200813
2014-10-08 21:00:00,3.642249264186355,0.73930544
2014-10-08 22:00:00,3.642249264186355,0.93576133
2014-10-08 23:00:00,3.356972778324027,1.1642545
2014-10-09 00:00:00,3.1594736727270303,1.1440746
2014-10-09 01:00:00,2.940030222063701,1.1429836
2014-10-09 02:00:00,2.7973919791325366,1.0862447
2014-10-09 03:00:00,2.731558943933538,0.87983066
2014-10-09 04:00:00,2.7754476340662038,0.75496596
2014-10-09 05:00:00,2.687670253800872,0.6491259
2014-10-09 06:00:00,2.643781563668206,0.56456095
2014-10-09 07:00:00,2.5998928735355404,0.5824346
2014-10-09 08:00:00,2.6547537362013727,0.6763055
2014-10-09 09:00:00,2.6547537362013727,0.59110534
2014-10-09 10:00:00,2.566976355936041,0.732251
2014-10-09 11:00:00,2.5998928735355404,0.81706816
2014-10-09 12:00:00,2.6657259087345393,0.77180654
2014-10-09 13:00:00,2.7425311164667043,0.8398543
2014-10-09 14:00:00,2.896141531931035,0.904223
2014-10-09 15:00:00,2.994891084729533,1.0518628
2014-10-09 16:00:00,3.126557155127531,1.2857835
2014-10-09 17:00:00,3.2691953980586947,1.2346946
2014-10-09 18:00:00,3.620304919120022,1.2017515
2014-10-09 19:00:00,3.7519709895180196,1.1416886
2014-10-09 20:00:00,3.762943162051186,1.3858666
2014-10-09 21:00:00,3.708082299385354,1.363417
2014-10-09 22:00:00,3.5105831937883574,1.5325264
2014-10-09 23:00:00,3.8836370599160173,1.5408014
2014-10-10 00:00:00,3.620304919120022,1.3359355
2014-10-10 01:00:00,3.247251052992362,1.3697515
2014-10-10 02:00:00,3.1375293276606975,1.2040746
2014-10-10 03:00:00,3.016835429795866,1.1401294
2014-10-10 04:00:00,2.6766980812677055,1.1879673
2014-10-10 05:00:00,2.7205867714003715,1.1141552
2014-10-10 06:00:00,2.6108650460687066,1.0950195
2014-10-10 07:00:00,2.402393767938544,1.1862193
2014-10-10 08:00:00,2.457254630604376,1.1916491
2014-10-10 09:00:00,2.44628245807121,1.0881554
2014-10-10 10:00:00,2.5340598383365416,1.1764487
2014-10-10 11:00:00,2.5450320108697078,1.0755866
2014-10-10 12:00:00,2.501143320737042,1.2095349
2014-10-10 13:00:00,2.3036442151400456,1.3161801
2014-10-10 14:00:00,2.171978144742048,1.406599
2014-10-10 15:00:00,1.8318407962138874,1.4055628
2014-10-10 16:00:00,1.7660077610148888,1.4716028
2014-10-10 17:00:00,1.5685086554178922,1.5457051
2014-10-10 18:00:00,1.7879521060812216,1.6782609
2014-10-10 19:00:00,2.215866834874714,1.764135
2014-10-10 20:00:00,2.5340598383365416,1.6808645
2014-10-10 21:00:00,2.523087665803375,1.6389085
2014-10-10 22:00:00,2.2816998700737128,1.6746887
2014-10-10 23:00:00,2.4353102855380433,1.8825547
2014-10-11 00:00:00,2.501143320737042,1.8409013
2014-10-11 01:00:00,2.2268390074078805,1.6182421
2014-10-11 02:00:00,2.084200764476716,1.5746343
2014-10-11 03:00:00,2.380449422872211,1.5531286
2014-10-11 04:00:00,2.3475329052727116,1.3048638
2014-10-11 05:00:00,1.8537851412802204,1.4123732
2014-10-11 06:00:00,1.1405939266243998,1.3135654
2014-10-11 07:00:00,1.283232169555564,1.1689545
2014-10-11 08:00:00,1.118649581558067,1.2799016
2014-10-11 09:00:00,1.0528165463590682,1.3475152
2014-10-11 10:00:00,1.425870412486728,1.3699585
2014-10-11 11:00:00,1.7111468983490563,1.3411973
2014-10-11 12:00:00,1.6014251730173916,1.370797
2014-10-11 13:00:00,1.5685086554178922,1.2569596
2014-10-11 14:00:00,1.5026756202188933,1.2065008
2014-10-11 15:00:00,1.4587869300862275,1.0638679
2014-10-11 16:00:00,1.5246199652852264,1.0416328
2014-10-11 17:00:00,1.6782303807495569,0.98026615
2014-10-11 18:00:00,0.08726536344041887,0.9296907
2014-10-11 19:00:00,-0.867313646945064,1.1017843
2014-10-11 20:00:00,-0.9002301645445634,1.2061995
2014-10-11 21:00:00,-1.0428684074757275,1.2388698
2014-10-11 22:00:00,-1.0318962349425609,1.23966
2014-10-11 23:00:00,-1.0209240624093945,1.3339776
2014-10-12 00:00:00,-1.009951889876228,1.3159156
2014-10-12 01:00:00,-1.0428684074757275,1.2035497
2014-10-12 02:00:00,-1.0209240624093945,1.1872286
2014-10-12 03:00:00,-0.9989797173430616,1.293744
2014-10-12 04:00:00,-0.9989797173430616,1.2587782
2014-10-12 05:00:00,-0.9989797173430616,1.0844901
2014-10-12 06:00:00,-1.009951889876228,0.90634376
2014-10-12 07:00:00,-1.0209240624093945,0.89569306
2014-10-12 08:00:00,-1.053840580008894,0.8081642
2014-10-12 09:00:00,-1.0648127525420603,0.7371785
2014-10-12 10:00:00,-1.053840580008894,0.8460985
2014-10-12 11:00:00,-1.0318962349425609,0.9338927
2014-10-12 12:00:00,-1.0648127525420603,0.8852093
2014-10-12 13:00:00,-1.0428684074757275,0.93649834
2014-10-12 14:00:00,-1.0318962349425609,0.95618635
2014-10-12 15:00:00,-1.0318962349425609,0.8337597
2014-10-12 16:00:00,-1.053840580008894,0.7495361
2014-10-12 17:00:00,-1.0209240624093945,0.72951883
2014-10-12 18:00:00,-1.0318962349425609,0.12529917
2014-10-12 19:00:00,-1.0209240624093945,-0.22945936
2014-10-12 20:00:00,-0.9550910272103957,-0.23298837
2014-10-12 21:00:00,-1.009951889876228,-0.28101766
2014-10-12 22:00:00,-0.9880075448098952,-0.25055802
2014-10-12 23:00:00,-0.9880075448098952,-0.23415615
2014-10-13 00:00:00,-1.0209240624093945,-0.20838614
2014-10-13 01:00:00,-1.0428684074757275,-0.2225671
2014-10-13 02:00:00,-1.0648127525420603,-0.15626474
2014-10-13 03:00:00,-1.0648127525420603,-0.14657487
2014-10-13 04:00:00,-1.0209240624093945,-0.13007767
2014-10-13 05:00:00,-0.9989797173430616,-0.15421818
2014-10-13 06:00:00,-1.0209240624093945,-0.22542603
2014-10-13 07:00:00,-1.0428684074757275,-0.3801167
2014-10-13 08:00:00,-1.0428684074757275,-0.37326056
2014-10-13 09:00:00,-1.0209240624093945,-0.34716922
2014-10-13 10:00:00,-0.9989797173430616,-0.42461783
2014-10-13 11:00:00,-1.009951889876228,-0.35761803
2014-10-13 12:00:00,-0.9989797173430616,-0.36156654
2014-10-13 13:00:00,-0.9989797173430616,-0.24921654
2014-10-13 14:00:00,-1.009951889876228,-0.21663167
2014-10-13 15:00:00,-0.9880075448098952,-0.20710467
2014-10-13 16:00:00,-0.9880075448098952,-0.19075528
2014-10-13 17:00:00,-1.009951889876228,-0.21237804
2014-10-13 18:00:00,-0.9550910272103957,-0.19872831
2014-10-13 19:00:00,-0.8343971293455645,-0.1554027
2014-10-13 20:00:00,-0.7137032314807333,-0.11897133
2014-10-13 21:00:00,-0.7137032314807333,-0.117647335
2014-10-13 22:00:00,-0.5381484709500699,-0.10992418
2014-10-13 23:00:00,-0.45037109068473813,-0.1386342
2014-10-14 00:00:00,-0.42842674561840516,-0.1674039
2014-10-14 01:00:00,-0.5820371610827357,-0.16784973
2014-10-14 02:00:00,-0.6368980237485681,-0.1908928
2014-10-14 03:00:00,-0.6039815061490686,-0.19544597
2014-10-14 04:00:00,-0.5820371610827357,-0.17640844
2014-10-14 05:00:00,-0.7356475765470664,-0.17020689
2014-10-14 06:00:00,-0.8782858194782304,-0.19141483
2014-10-14 07:00:00,-0.823424956812398,-0.2132953
2014-10-14 08:00:00,-0.8563414744118975,-0.25654912
2014-10-14 09:00:00,-0.9112023370777298,-0.30383193
2014-10-14 10:00:00,-0.8124527842792316,-0.33790582
2014-10-14 11:00:00,-0.7905084392128987,-0.34766167
2014-10-14 12:00:00,-0.7575919216133993,-0.34930724
2014-10-14 13:00:00,-0.5930093336159022,-0.37638354
2014-10-14 14:00:00,-0.5600928160164028,-0.21144821
2014-10-14 15:00:00,-0.6917588864144004,-0.121721104
2014-10-14 16:00:00,-0.7575919216133993,-0.11462368
2014-10-14 17:00:00,-0.7575919216133993,-0.08174239
2014-10-14 18:00:00,-0.5052319533505705,0.014018407
2014-10-14 19:00:00,-0.36259371041940636,0.032377973
2014-10-14 20:00:00,-0.27481633015407464,0.15608586
2014-10-14 21:00:00,-0.13217808722291052,0.19520594
2014-10-14 22:00:00,0.15309839863941768,0.2771732
2014-10-14 23:00:00,0.3067088141037483,0.3090248
2014-10-15 00:00:00,0.44934705703491234,0.31629676
2014-10-15 01:00:00,0.5371244373002441,0.06855835
2014-10-15 02:00:00,0.5371244373002441,0.072496414
2014-10-15 03:00:00,0.27379229650424886,-0.01631761
2014-10-15 04:00:00,-0.08828939709024464,-0.111443475
2014-10-15 05:00:00,0.10920970850675181,-0.21673866
2014-10-15 06:00:00,-0.12120591468974404,-0.17634217
2014-10-15 07:00:00,-0.17606677735557638,-0.23081528
2014-10-15 08:00:00,-0.05537287949074523,-0.29946178
2014-10-15 09:00:00,-0.4174545730852387,-0.3559283
2014-10-15 10:00:00,-0.845369301878731,-0.24159594
2014-10-15 11:00:00,-0.9770353722767287,-0.17314611
2014-10-15 12:00:00,-0.9550910272103957,-0.15518115
2014-10-15 13:00:00,-0.9989797173430616,-0.1337598
2014-10-15 14:00:00,-0.9660631997435621,-0.14448966
2014-10-15 15:00:00,-0.9989797173430616,-0.20108815
2014-10-15 16:00:00,-1.009951889876228,-0.2601815
2014-10-15 17:00:00,-0.9989797173430616,-0.2201056
2014-10-15 18:00:00,-1.009951889876228,-0.13471629
2014-10-15 19:00:00,-1.0209240624093945,-0.06394276
2014-10-15 20:00:00,-0.9221745096108963,-0.002300255
2014-10-15 21:00:00,-0.8782858194782304,0.18901342
2014-10-15 22:00:00,-0.9112023370777298,0.36039937
2014-10-15 23:00:00,-0.8782858194782304,0.43057042
2014-10-16 00:00:00,-0.658842368814901,0.47928905
2014-10-16 01:00:00,-0.8014806117460651,0.5137099
2014-10-16 02:00:00,-0.8014806117460651,0.38858622
2014-10-16 03:00:00,-0.7795362666797322,0.35032296
2014-10-16 04:00:00,-0.7575919216133993,0.24255404
2014-10-16 05:00:00,-0.6917588864144004,0.28379887
2014-10-16 06:00:00,-0.7027310589475669,0.07559739
2014-10-16 07:00:00,-0.6259258512154017,0.06993865
2014-10-16 08:00:00,-0.6149536786822352,-0.023920335
2014-10-16 09:00:00,-0.6149536786822352,-0.283024
2014-10-16 10:00:00,-0.823424956812398,-0.5370218
2014-10-16 11:00:00,-0.9112023370777298,-0.6158456
2014-10-16 12:00:00,-0.9112023370777298,-0.6291533
2014-10-16 13:00:00,-0.8014806117460651,-0.67698056
2014-10-16 14:00:00,-0.7795362666797322,-0.7215648
2014-10-16 15:00:00,-0.7795362666797322,-0.7892783
2014-10-16 16:00:00,-0.7027310589475669,-0.8103944
2014-10-16 17:00:00,-0.45037109068473813,-0.74067366
2014-10-16 18:00:00,-0.45037109068473813,-0.6705185
2014-10-16 19:00:00,-0.47231543575107104,-0.65314853
2014-10-16 20:00:00,-0.494259780817404,-0.5434186
2014-10-16 21:00:00,-0.43939891815157167,-0.47381723
2014-10-16 22:00:00,-0.329677192819907,-0.3239534
2014-10-16 23:00:00,-0.21995546748824227,-0.10151702
2014-10-17 00:00:00,-0.16509460482240992,0.06953249
2014-10-17 01:00:00,-0.13217808722291052,0.009970825
2014-10-17 02:00:00,-0.09926156962341111,0.08119662
2014-10-17 03:00:00,-0.02245636189124582,0.11701679
2014-10-17 04:00:00,0.03240450077458652,0.09635578
2014-10-17 05:00:00,0.010460155708253588,0.08762514
2014-10-17 06:00:00,-0.02245636189124582,0.11004817
2014-10-17 07:00:00,-0.011484189358079351,0.11083935
2014-10-17 08:00:00,-0.05537287949074523,0.115133576
2014-10-17 09:00:00,-0.2638441576209081,0.078009576
2014-10-17 10:00:00,-0.21995546748824227,0.023078155
2014-10-17 11:00:00,-0.14315025975607698,-0.12943307
2014-10-17 12:00:00,-0.14315025975607698,-0.1996482
2014-10-17 13:00:00,-0.19801112242190932,-0.20051919
2014-10-17 14:00:00,0.054348845840919466,-0.21440782
2014-10-17 15:00:00,0.17504274370575063,-0.21023358
2014-10-17 16:00:00,0.03240450077458652,-0.17812577
2014-10-17 17:00:00,0.09823753597358534,-0.07157022
2014-10-17 18:00:00,0.19698708877208357,-0.022134133
2014-10-17 19:00:00,0.29573664157058177,-0.0034860522
2014-10-17 20:00:00,0.4822635746344118,-0.0006631352
2014-10-17 21:00:00,0.9760113386269029,0.045325708
2014-10-17 22:00:00,0.9869835111600693,0.26230186
2014-10-17 23:00:00,1.3710095498208958,0.2625646
2014-10-18 00:00:00,1.217399134356565,0.29922372
2014-10-18 01:00:00,1.0637887188922346,0.32713687
2014-10-18 02:00:00,1.096705236491734,0.1974617
2014-10-18 03:00:00,1.0637887188922346,0.26017517
2014-10-18 04:00:00,1.0199000287595688,0.17846109
2014-10-18 05:00:00,0.8772617858284046,0.065660216
2014-10-18 06:00:00,0.18601491623891708,0.0063084103
2014-10-18 07:00:00,0.10920970850675181,0.09371804
2014-10-18 08:00:00,0.12018188103991828,0.0062104166
2014-10-18 09:00:00,-0.0663450520239117,-0.16891047
2014-10-18 10:00:00,0.13115405357308474,-0.17648512
2014-10-18 11:00:00,0.10920970850675181,-0.084422916
2014-10-18 12:00:00,0.6029574724992429,-0.014990199
2014-10-18 13:00:00,0.9430948210274035,-0.0056266114
2014-10-18 14:00:00,1.0308722012927352,0.0393778
2014-10-18 15:00:00,1.2064269618233987,0.048391882
2014-10-18 16:00:00,1.2612878244892312,-0.007128436
2014-10-18 17:00:00,1.425870412486728,0.03827555
2014-10-18 18:00:00,1.5246199652852264,0.2160249
2014-10-18 19:00:00,1.8867016588797199,0.26068097
2014-10-18 20:00:00,2.150033799675715,0.33709532
2014-10-18 21:00:00,2.358505077805878,0.5087205
2014-10-18 22:00:00,2.81933632419887,0.58365595
2014-10-18 23:00:00,3.0936406375280314,0.7513888
2014-10-19 00:00:00,3.356972778324027,0.6423915
2014-10-19 01:00:00,3.3460006057908602,0.52532834
2014-10-19 02:00:00,3.170445845260197,0.438928
2014-10-19 03:00:00,3.2582232255255286,0.40044564
2014-10-19 04:00:00,3.433777986056192,0.4875952
2014-10-19 05:00:00,2.994891084729533,0.39134055
2014-10-19 06:00:00,2.874197186864702,0.13847667
2014-10-19 07:00:00,2.808364151665703,0.036806133
2014-10-19 08:00:00,2.6766980812677055,0.049310345
2014-10-19 09:00:00,2.7644754615330376,-0.10341549
2014-10-19 10:00:00,2.81933632419887,0.1113198
2014-10-19 11:00:00,2.7754476340662038,0.19366373
2014-10-19 12:00:00,2.106145109543049,0.37107635
2014-10-19 13:00:00,1.2393434794228981,0.49683315
2014-10-19 14:00:00,1.2064269618233987,0.5114278
2014-10-19 15:00:00,0.9101783034279041,0.53030235
2014-10-19 16:00:00,0.6687905076982418,0.49551314
2014-10-19 17:00:00,0.58101312743291,0.59891135
2014-10-19 18:00:00,0.7565678879635735,0.5888228
2014-10-19 19:00:00,1.0528165463590682,0.6789607
2014-10-19 20:00:00,1.096705236491734,0.8511746
2014-10-19 21:00:00,1.0637887188922346,0.9818495
2014-10-19 22:00:00,0.8553174407620717,1.2294081
2014-10-19 23:00:00,0.6687905076982418,1.4049546
2014-10-20 00:00:00,0.6687905076982418,1.525437
2014-10-20 01:00:00,0.7236513703640741,1.520733
2014-10-20 02:00:00,0.7785122330299065,1.3072256
2014-10-20 03:00:00,0.8443452682289052,1.3462771
2014-10-20 04:00:00,0.8443452682289052,1.4532655
2014-10-20 05:00:00,0.9760113386269029,1.1959049
2014-10-20 06:00:00,0.9540669935605699,1.256153
2014-10-20 07:00:00,1.0089278562264024,1.2842649
2014-10-20 08:00:00,1.1296217540912334,1.2165451
2014-10-20 09:00:00,1.469759102619394,1.2747052
2014-10-20 10:00:00,1.7660077610148888,1.2694968
2014-10-20 11:00:00,1.8098964511475546,1.2338899
2014-10-20 12:00:00,1.842812968747054,0.9960014
2014-10-20 13:00:00,2.029339901810884,0.7160214
2014-10-20 14:00:00,1.798924278614388,0.7114952
2014-10-20 15:00:00,1.6782303807495569,0.6052077
2014-10-20 16:00:00,1.6014251730173916,0.47949368
2014-10-20 17:00:00,1.5246199652852264,0.42811668
2014-10-20 18:00:00,1.7111468983490563,0.38629216
2014-10-20 19:00:00,1.6782303807495569,0.5522324
2014-10-20 20:00:00,1.7769799335480552,0.5611158
2014-10-20 21:00:00,1.5246199652852264,0.5745021
2014-10-20 22:00:00,0.4712914021012453,0.5192715
2014-10-20 23:00:00,-0.31870502028674047,0.43282527
2014-10-21 00:00:00,-0.42842674561840516,0.40959954
2014-10-21 01:00:00,-0.7246754040138998,0.4110158
2014-10-21 02:00:00,-0.7027310589475669,0.42997253
2014-10-21 03:00:00,-0.7356475765470664,0.33480644
2014-10-21 04:00:00,-0.7575919216133993,0.27094996
2014-10-21 05:00:00,-0.8343971293455645,0.40065485
2014-10-21 06:00:00,-0.7575919216133993,0.4753006
2014-10-21 07:00:00,-0.680786713881234,0.49899262
2014-10-21 08:00:00,-0.680786713881234,0.5949591
2014-10-21 09:00:00,-0.680786713881234,0.7395308
2014-10-21 10:00:00,-0.680786713881234,0.6374288
2014-10-21 11:00:00,-0.7027310589475669,0.69058675
2014-10-21 12:00:00,-0.680786713881234,0.7235895
2014-10-21 13:00:00,-0.6917588864144004,0.8047744
2014-10-21 14:00:00,-0.7027310589475669,0.77837944
2014-10-21 15:00:00,-0.7137032314807333,0.7438734
2014-10-21 16:00:00,-0.7356475765470664,0.7400555
2014-10-21 17:00:00,-0.6478701962817346,0.715743
2014-10-21 18:00:00,-0.680786713881234,0.84659356
2014-10-21 19:00:00,-0.5381484709500699,0.8057433
2014-10-21 20:00:00,-0.36259371041940636,0.8484427
2014-10-21 21:00:00,-0.17606677735557638,0.80526483
2014-10-21 22:00:00,-0.09926156962341111,0.45150626
2014-10-21 23:00:00,-0.03342853442441229,0.22184066
2014-10-22 00:00:00,-0.43939891815157167,0.17195989
2014-10-22 01:00:00,-0.5491206434832363,0.06614853
2014-10-22 02:00:00,-0.5820371610827357,0.04119356
2014-10-22 03:00:00,-0.5271762984169034,0.054652326
2014-10-22 04:00:00,-0.29676067522040755,0.0001551956
2014-10-22 05:00:00,0.12018188103991828,-0.035321057
2014-10-22 06:00:00,0.043376673307752994,-0.029914767
2014-10-22 07:00:00,-0.11023374215657758,-0.04442183
2014-10-22 08:00:00,-0.17606677735557638,-0.09581579
2014-10-22 09:00:00,-0.23092764002140873,-0.122650445
2014-10-22 10:00:00,-0.18703894988874287,-0.0987536
2014-10-22 11:00:00,-0.08828939709024464,-0.09767869
2014-10-22 12:00:00,0.043376673307752994,-0.092883736
2014-10-22 13:00:00,-0.0005120168249128817,-0.05770214
2014-10-22 14:00:00,0.010460155708253588,0.07442246
2014-10-22 15:00:00,-0.15412243228924344,0.04780996
2014-10-22 16:00:00,-0.16509460482240992,0.022735734
2014-10-22 17:00:00,-0.18703894988874287,0.024863806
2014-10-22 18:00:00,-0.03342853442441229,0.10414218
2014-10-22 19:00:00,0.18601491623891708,0.20537885
2014-10-22 20:00:00,0.2628201239710824,0.21699923
2014-10-22 21:00:00,0.29573664157058177,0.2671951
2014-10-22 22:00:00,0.3505975042364141,0.2587149
2014-10-22 23:00:00,0.3286531591700812,0.18841256
2014-10-23 00:00:00,0.2847644690374153,0.15883587
2014-10-23 01:00:00,0.20795926130525003,0.18921886
2014-10-23 02:00:00,0.08726536344041887,0.20562936
2014-10-23 03:00:00,0.08726536344041887,0.047551766
2014-10-23 04:00:00,0.021432328241420058,0.15393454
2014-10-23 05:00:00,0.10920970850675181,0.2679155
2014-10-23 06:00:00,0.14212622610625122,0.25278658
2014-10-23 07:00:00,0.08726536344041887,0.23830687
2014-10-23 08:00:00,0.17504274370575063,0.2213261
2014-10-23 09:00:00,0.3286531591700812,0.20117885
2014-10-23 10:00:00,0.3725418493027471,0.24517523
2014-10-23 11:00:00,0.39448619436908,0.30863315
2014-10-23 12:00:00,0.49323574716757823,0.3290025
2014-10-23 13:00:00,0.5371244373002441,0.32401043
2014-10-23 14:00:00,0.36156967676958063,0.30132926
2014-10-23 15:00:00,0.4712914021012453,0.22392325
2014-10-23 16:00:00,0.5371244373002441,0.21941726
2014-10-23 17:00:00,0.7017070252977412,0.18294024
2014-10-23 18:00:00,0.76754006049674,0.084225446
2014-10-23 19:00:00,0.8114287506294059,0.06358195
2014-10-23 20:00:00,0.9979556836932358,0.20081532
2014-10-23 21:00:00,1.0528165463590682,0.28885162
2014-10-23 22:00:00,1.0418443738259018,0.35919118
2014-10-23 23:00:00,1.2503156519560645,0.3934676
2014-10-24 00:00:00,1.3929538948872286,0.22993337
2014-10-24 01:00:00,1.283232169555564,0.2558527
2014-10-24 02:00:00,1.0418443738259018,0.19565968
2014-10-24 03:00:00,0.9101783034279041,0.24894588
2014-10-24 04:00:00,0.8662896132952382,0.18185179
2014-10-24 05:00:00,0.9979556836932358,0.15599148
2014-10-24 06:00:00,0.8553174407620717,0.22625801
2014-10-24 07:00:00,0.9101783034279041,0.22352205
2014-10-24 08:00:00,0.932122648494237,0.1105756
2014-10-24 09:00:00,1.0089278562264024,0.099947006
2014-10-24 10:00:00,1.0857330639585676,0.05178953
2014-10-24 11:00:00,1.4368425850198945,0.15843637
2014-10-24 12:00:00,1.6782303807495569,0.27740312
2014-10-24 13:00:00,1.9854512116782181,0.34020656
2014-10-24 14:00:00,2.1280894546093823,0.32081872
2014-10-24 15:00:00,2.380449422872211,0.2967041
2014-10-24 16:00:00,2.3914215954053772,0.26908082
2014-10-24 17:00:00,2.44628245807121,0.2746209
2014-10-24 18:00:00,2.6218372186018732,0.37781072
2014-10-24 19:00:00,2.643781563668206,0.41959006
2014-10-24 20:00:00,2.6986424263340387,0.53068435
2014-10-24 21:00:00,2.808364151665703,0.5183019
2014-10-24 22:00:00,3.104612810061198,0.47587729
2014-10-24 23:00:00,2.8851693593978687,0.43051845
2014-10-25 00:00:00,3.082668464994865,0.47118765
2014-10-25 01:00:00,2.7644754615330376,0.5492508
2014-10-25 02:00:00,2.402393767938544,0.4008484
2014-10-25 03:00:00,2.3036442151400456,0.30624288
2014-10-25 04:00:00,2.5340598383365416,0.2313909
2014-10-25 05:00:00,2.5450320108697078,0.20617454
2014-10-25 06:00:00,2.358505077805878,0.12411654
2014-10-25 07:00:00,2.3255885602063784,0.14286649
2014-10-25 08:00:00,2.3036442151400456,0.16999118
2014-10-25 09:00:00,2.457254630604376,0.18481638
2014-10-25 10:00:00,2.523087665803375,0.22887819
2014-10-25 11:00:00,2.457254630604376,0.48635918
2014-10-25 12:00:00,2.5340598383365416,0.63715756
2014-10-25 13:00:00,2.6986424263340387,0.75962096
2014-10-25 14:00:00,2.7644754615330376,0.7460372
2014-10-25 15:00:00,3.0278076023290326,0.79624504
2014-10-25 16:00:00,3.313084088191361,0.7955982
2014-10-25 17:00:00,3.543499711387857,0.8124141
2014-10-25 18:00:00,3.7300266444516867,0.7850072
2014-10-25 19:00:00,3.828776197250185,0.94554484
2014-10-25 20:00:00,4.081136165513014,0.89494634
2014-10-25 21:00:00,3.8726648873828506,1.0409647
2014-10-25 22:00:00,3.433777986056192,1.0653312
2014-10-25 23:00:00,3.247251052992362,1.1175603
2014-10-26 00:00:00,3.2362788804591958,1.2394093
2014-10-26 01:00:00,3.060724119928532,1.059054
2014-10-26 02:00:00,2.643781563668206,0.8933716
2014-10-26 03:00:00,2.3255885602063784,0.7871873
2014-10-26 04:00:00,1.7221190708822227,0.86459136
2014-10-26 05:00:00,0.9101783034279041,0.8331473
2014-10-26 06:00:00,-0.6698145413480675,0.77949786
2014-10-26 07:00:00,-0.9221745096108963,0.7823098
2014-10-26 08:00:00,-0.9441188546772292,0.77606785
2014-10-26 09:00:00,-0.9221745096108963,0.8089083
2014-10-26 10:00:00,-0.9880075448098952,0.812348
2014-10-26 11:00:00,-0.9880075448098952,0.91887385
2014-10-26 12:00:00,-0.9989797173430616,0.98853177
2014-10-26 13:00:00,-1.0209240624093945,1.0262853
2014-10-26 14:00:00,-0.9989797173430616,1.0265195
2014-10-26 15:00:00,-0.9989797173430616,1.1014739
2014-10-26 16:00:00,-0.9880075448098952,1.200756
2014-10-26 17:00:00,-1.009951889876228,1.2864174
2014-10-26 18:00:00,-0.9989797173430616,1.423869
2014-10-26 19:00:00,-0.9112023370777298,1.4507961
2014-10-26 20:00:00,-0.9331466821440627,1.5783378
2014-10-26 21:00:00,-0.9331466821440627,1.5744447
2014-10-26 22:00:00,-0.9660631997435621,1.486969
2014-10-26 23:00:00,-0.9989797173430616,1.481988
2014-10-27 00:00:00,-0.9880075448098952,1.4025822
2014-10-27 01:00:00,-0.9989797173430616,1.285267
2014-10-27 02:00:00,-0.9660631997435621,1.0868939
2014-10-27 03:00:00,-0.9989797173430616,0.9442293
2014-10-27 04:00:00,-0.9550910272103957,0.6792106
2014-10-27 05:00:00,-0.9441188546772292,0.33905345
2014-10-27 06:00:00,-0.9660631997435621,-0.1949489
2014-10-27 07:00:00,-0.8343971293455645,-0.37525874
2014-10-27 08:00:00,-0.845369301878731,-0.4719637
2014-10-27 09:00:00,-0.7575919216133993,-0.51292455
2014-10-27 10:00:00,-0.47231543575107104,-0.57308036
2014-10-27 11:00:00,-0.6259258512154017,-0.5520699
2014-10-27 12:00:00,-0.7137032314807333,-0.5577876
2014-10-27 13:00:00,-0.7575919216133993,-0.50359637
2014-10-27 14:00:00,-0.7685640941465657,-0.4866103
2014-10-27 15:00:00,-0.823424956812398,-0.45571685
2014-10-27 16:00:00,-0.7356475765470664,-0.50004244
2014-10-27 17:00:00,-0.6698145413480675,-0.5035384
2014-10-27 18:00:00,-0.658842368814901,-0.5047255
2014-10-27 19:00:00,-0.43939891815157167,-0.48236722
2014-10-27 20:00:00,-0.3516215378862399,-0.32821012
2014-10-27 21:00:00,-0.47231543575107104,-0.3444643
2014-10-27 22:00:00,-0.5381484709500699,-0.3496521
2014-10-27 23:00:00,-0.8124527842792316,-0.36498785
2014-10-28 00:00:00,-0.5491206434832363,-0.3457836
2014-10-28 01:00:00,-0.6368980237485681,-0.35388988
2014-10-28 02:00:00,-0.6259258512154017,-0.2991547
2014-10-28 03:00:00,-0.2857885026872411,-0.30438077
2014-10-28 04:00:00,-0.14315025975607698,-0.26199508
2014-10-28 05:00:00,-0.2418998125545752,-0.020725578
2014-10-28 06:00:00,-0.25287198508774167,0.100525156
2014-10-28 07:00:00,-0.09926156962341111,0.17421499
2014-10-28 08:00:00,-0.011484189358079351,0.15043643
2014-10-28 09:00:00,-0.08828939709024464,0.15404744
2014-10-28 10:00:00,-0.18703894988874287,0.27858227
2014-10-28 11:00:00,-0.0663450520239117,0.22165452
2014-10-28 12:00:00,-0.11023374215657758,0.20820104
2014-10-28 13:00:00,-0.3516215378862399,0.17246918
2014-10-28 14:00:00,-0.43939891815157167,0.1701663
2014-10-28 15:00:00,-0.516204125883737,0.16325754
2014-10-28 16:00:00,-0.5381484709500699,0.18486302
2014-10-28 17:00:00,-0.5271762984169034,0.19054073
2014-10-28 18:00:00,-0.5381484709500699,0.1707951
2014-10-28 19:00:00,-0.5820371610827357,0.21773802
2014-10-28 20:00:00,-0.5820371610827357,0.27144766
2014-10-28 21:00:00,-0.45037109068473813,0.2734775
2014-10-28 22:00:00,-0.45037109068473813,0.2840697
2014-10-28 23:00:00,-0.2857885026872411,0.13679525
2014-10-29 00:00:00,-0.07731722455707817,0.23814026
2014-10-29 01:00:00,0.010460155708253588,0.24537455
2014-10-29 02:00:00,0.12018188103991828,0.12331578
2014-10-29 03:00:00,0.42740271196857943,0.30302113
2014-10-29 04:00:00,0.31768098663691474,0.3022632
2014-10-29 05:00:00,0.29573664157058177,0.24472296
2014-10-29 06:00:00,0.15309839863941768,0.11013456
2014-10-29 07:00:00,-0.02245636189124582,0.08214764
2014-10-29 08:00:00,0.021432328241420058,0.07231496
2014-10-29 09:00:00,0.06532101837408594,0.1537849
2014-10-29 10:00:00,0.12018188103991828,0.2237975
2014-10-29 11:00:00,0.06532101837408594,0.32109827
2014-10-29 12:00:00,0.054348845840919466,0.3301109
2014-10-29 13:00:00,0.08726536344041887,0.22728528
2014-10-29 14:00:00,0.07629319090725241,0.13358025
2014-10-29 15:00:00,0.14212622610625122,0.11845776
2014-10-29 16:00:00,0.2847644690374153,0.07696059
2014-10-29 17:00:00,0.44934705703491234,0.089835815
2014-10-29 18:00:00,0.6358739900987423,0.09176445
2014-10-29 19:00:00,0.76754006049674,0.0748851
2014-10-29 20:00:00,0.8333730956957388,0.16639978
2014-10-29 21:00:00,0.9101783034279041,0.21094844
2014-10-29 22:00:00,1.0199000287595688,0.20060085
2014-10-29 23:00:00,1.2612878244892312,0.23920788
2014-10-30 00:00:00,1.2612878244892312,0.17403854
2014-10-30 01:00:00,1.2064269618233987,0.2834406
2014-10-30 02:00:00,1.2503156519560645,0.38749754
2014-10-30 03:00:00,1.2503156519560645,0.52212936
2014-10-30 04:00:00,1.8867016588797199,0.39105606
2014-10-30 05:00:00,1.0747608914254012,0.29107893
2014-10-30 06:00:00,0.8333730956957388,0.19380748
2014-10-30 07:00:00,0.6468461626319087,0.065986335
2014-10-30 08:00:00,0.6358739900987423,0.09976734
2014-10-30 09:00:00,0.40545836690224646,0.11309269
2014-10-30 10:00:00,0.6139296450324094,0.11845462
2014-10-30 11:00:00,0.6687905076982418,0.18797836
2014-10-30 12:00:00,0.6907348527645747,0.23264723
2014-10-30 13:00:00,0.8553174407620717,0.25969905
2014-10-30 14:00:00,0.8772617858284046,0.28085548
2014-10-30 15:00:00,0.8662896132952382,0.31338423
2014-10-30 16:00:00,0.8992061308947376,0.32595658
2014-10-30 17:00:00,1.0089278562264024,0.28534228
2014-10-30 18:00:00,1.0857330639585676,0.42467928
2014-10-30 19:00:00,1.184482616757066,0.52208996
2014-10-30 20:00:00,1.2283713068897317,0.5911254
2014-10-30 21:00:00,1.0199000287595688,0.64194936
2014-10-30 22:00:00,1.1515660991575665,0.72394866
2014-10-30 23:00:00,1.1625382716907329,0.7773214
2014-10-31 00:00:00,1.2283713068897317,0.75241286
2014-10-31 01:00:00,1.2722599970223976,0.7233096
2014-10-31 02:00:00,1.447814757553061,0.7223455
2014-10-31 03:00:00,1.3490652047545628,0.76614195
2014-10-31 04:00:00,1.4148982399535617,0.8507653
2014-10-31 05:00:00,1.1625382716907329,0.57934743
2014-10-31 06:00:00,1.0308722012927352,0.60442394
2014-10-31 07:00:00,1.217399134356565,0.6068329
2014-10-31 08:00:00,1.3710095498208958,0.604029
2014-10-31 09:00:00,0.7565678879635735,0.3584208
2014-10-31 10:00:00,0.4822635746344118,0.32953525
2014-10-31 11:00:00,0.5480966098334106,0.44308907
2014-10-31 12:00:00,0.4822635746344118,0.5322142
2014-10-31 13:00:00,0.4712914021012453,0.5078172
2014-10-31 14:00:00,0.4712914021012453,0.60140914
2014-10-31 15:00:00,0.49323574716757823,0.5883707
2014-10-31 16:00:00,0.5700409548997435,0.6065171
2014-10-31 17:00:00,0.7126791978309076,0.6701502
2014-10-31 18:00:00,0.8333730956957388,0.7088129
2014-10-31 19:00:00,1.1954547892902323,0.7630572
2014-10-31 20:00:00,1.3600373772877292,0.69047797
2014-10-31 21:00:00,1.096705236491734,0.69605976
2014-10-31 22:00:00,0.9650391660937364,0.7810377
2014-10-31 23:00:00,0.9211504759610706,0.8573261
2014-11-01 00:00:00,0.8772617858284046,0.7618985
2014-11-01 01:00:00,0.9760113386269029,0.834415
2014-11-01 02:00:00,1.2612878244892312,0.7322187
2014-11-01 03:00:00,0.8772617858284046,0.67512274
2014-11-01 04:00:00,-0.2089832949550758,0.7441794
2014-11-01 05:00:00,-0.2418998125545752,0.62981695
2014-11-01 06:00:00,-0.8343971293455645,0.67708164
2014-11-01 07:00:00,-0.8124527842792316,0.58904165
2014-11-01 08:00:00,-0.7795362666797322,0.54613775
2014-11-01 09:00:00,-0.8563414744118975,0.44451255
2014-11-01 10:00:00,-0.9441188546772292,0.44287777
2014-11-01 11:00:00,-0.9770353722767287,0.533145
2014-11-01 12:00:00,-0.9660631997435621,0.48102635
2014-11-01 13:00:00,-0.9770353722767287,0.45328575
2014-11-01 14:00:00,-0.9550910272103957,0.4195068
2014-11-01 15:00:00,-0.9660631997435621,0.39835763
2014-11-01 16:00:00,-0.9989797173430616,0.40419418
2014-11-01 17:00:00,-0.9880075448098952,0.5466953
2014-11-01 18:00:00,-0.9880075448098952,0.6034687
2014-11-01 19:00:00,-0.9331466821440627,0.72076786
2014-11-01 20:00:00,-0.9002301645445634,0.7788637
2014-11-01 21:00:00,-0.9002301645445634,0.63505983
2014-11-01 22:00:00,-0.9441188546772292,0.5819059
2014-11-01 23:00:00,-0.9221745096108963,0.58174783
2014-11-02 00:00:00,-0.9880075448098952,0.5238135
2014-11-02 01:00:00,-0.9989797173430616,0.597163
2014-11-02 02:00:00,-1.0318962349425609,0.7265704
2014-11-02 03:00:00,-1.009951889876228,0.5124562
2014-11-02 04:00:00,-1.0318962349425609,0.20217854
2014-11-02 05:00:00,-1.0648127525420603,0.09894422
2014-11-02 06:00:00,-1.075784925075227,-0.16359727
2014-11-02 07:00:00,-1.009951889876228,-0.086262956
2014-11-02 08:00:00,-1.009951889876228,-0.0076457635
2014-11-02 09:00:00,-1.0209240624093945,-0.021545857
2014-11-02 10:00:00,-1.0318962349425609,-0.24164023
2014-11-02 11:00:00,-1.009951889876228,-0.40599024
2014-11-02 12:00:00,-1.0318962349425609,-0.52671504
2014-11-02 13:00:00,-0.9989797173430616,-0.54917866
2014-11-02 14:00:00,-1.009951889876228,-0.5538042
2014-11-02 15:00:00,-1.0209240624093945,-0.55172265
2014-11-02 16:00:00,-0.9880075448098952,-0.5570182
2014-11-02 17:00:00,-0.9880075448098952,-0.5569094
2014-11-02 18:00:00,-0.9770353722767287,-0.5158343
2014-11-02 19:00:00,-0.9880075448098952,-0.486283
2014-11-02 20:00:00,-1.0209240624093945,-0.44644678
2014-11-02 21:00:00,-1.009951889876228,-0.44455117
2014-11-02 22:00:00,-1.0209240624093945,-0.48737627
2014-11-02 23:00:00,-0.9880075448098952,-0.48721373
2014-11-03 00:00:00,-0.9112023370777298,-0.53277814
2014-11-03 01:00:00,-0.8563414744118975,-0.52506804
2014-11-03 02:00:00,-0.7905084392128987,-0.52596444
2014-11-03 03:00:00,-0.7905084392128987,-0.50742334
2014-11-03 04:00:00,-0.8124527842792316,-0.4925825
2014-11-03 05:00:00,-0.823424956812398,-0.51353127
2014-11-03 06:00:00,-0.8782858194782304,-0.50393677
2014-11-03 07:00:00,-0.9770353722767287,-0.48750865
2014-11-03 08:00:00,-0.7905084392128987,-0.49080878
2014-11-03 09:00:00,-0.6698145413480675,-0.52227503
2014-11-03 10:00:00,-0.680786713881234,-0.52083975
2014-11-03 11:00:00,-0.9441188546772292,-0.5059075
2014-11-03 12:00:00,-0.9770353722767287,-0.5060118
2014-11-03 13:00:00,-0.9002301645445634,-0.5154183
2014-11-03 14:00:00,-1.009951889876228,-0.516151
2014-11-03 15:00:00,-0.9880075448098952,-0.54587907
2014-11-03 16:00:00,-0.9880075448098952,-0.5588066
2014-11-03 17:00:00,-0.9770353722767287,-0.55966955
2014-11-03 18:00:00,-0.845369301878731,-0.54681724
2014-11-03 19:00:00,-0.7246754040138998,-0.55197054
2014-11-03 20:00:00,-0.658842368814901,-0.5527851
2014-11-03 21:00:00,-0.6259258512154017,-0.48851222
2014-11-03 22:00:00,-0.5710649885495693,-0.029489473
2014-11-03 23:00:00,-0.47231543575107104,0.02238517
2014-11-04 00:00:00,-0.42842674561840516,0.056642063
2014-11-04 01:00:00,-0.43939891815157167,0.08980438
2014-11-04 02:00:00,-0.3516215378862399,0.054835558
2014-11-04 03:00:00,-0.2638441576209081,-0.083991066
2014-11-04 04:00:00,-0.307732847753574,-0.028227761
2014-11-04 05:00:00,-0.21995546748824227,-0.17045179
2014-11-04 06:00:00,-0.21995546748824227,-0.0807931
2014-11-04 07:00:00,-0.3735658829525728,-0.085369244
2014-11-04 08:00:00,-0.3955102280189058,-0.06687093
2014-11-04 09:00:00,-0.16509460482240992,-0.08527771
2014-11-04 10:00:00,-0.04440070695757876,-0.21882261
2014-11-04 11:00:00,0.09823753597358534,-0.23046286
2014-11-04 12:00:00,0.19698708877208357,-0.22229214
2014-11-04 13:00:00,0.44934705703491234,-0.22486512
2014-11-04 14:00:00,0.6468461626319087,-0.32094866
2014-11-04 15:00:00,0.58101312743291,-0.35234845
2014-11-04 16:00:00,0.58101312743291,-0.36500007
2014-11-04 17:00:00,0.5700409548997435,-0.34520656
2014-11-04 18:00:00,0.6249018175655758,-0.25482988
2014-11-04 19:00:00,0.6468461626319087,-0.066324405
2014-11-04 20:00:00,1.0528165463590682,0.11117915
2014-11-04 21:00:00,1.184482616757066,0.15590851
2014-11-04 22:00:00,1.2612878244892312,0.17966045
2014-11-04 23:00:00,1.70017472581589,0.2142332
2014-11-05 00:00:00,1.5246199652852264,0.24129963
2014-11-05 01:00:00,1.447814757553061,0.23589832
2014-11-05 02:00:00,1.2064269618233987,0.06809297
2014-11-05 03:00:00,0.9211504759610706,-0.02011817
2014-11-05 04:00:00,0.8114287506294059,0.017868398
2014-11-05 05:00:00,0.7017070252977412,0.05578485
2014-11-05 06:00:00,0.5151800922339111,0.018949602
2014-11-05 07:00:00,-0.02245636189124582,-0.040745497
2014-11-05 08:00:00,0.39448619436908,-0.21001495
2014-11-05 09:00:00,0.40545836690224646,-0.10896179
2014-11-05 10:00:00,-0.11023374215657758,-0.09430306
2014-11-05 11:00:00,-0.9441188546772292,-0.05334495
2014-11-05 12:00:00,-1.009951889876228,0.004365027
2014-11-05 13:00:00,-1.009951889876228,0.087308004
2014-11-05 14:00:00,-0.9770353722767287,0.1461924
2014-11-05 15:00:00,-0.9989797173430616,0.17810978
2014-11-05 16:00:00,-1.0318962349425609,0.18417664
2014-11-05 17:00:00,-1.0318962349425609,0.25221366
2014-11-05 18:00:00,-0.9880075448098952,0.33519208
2014-11-05 19:00:00,-0.9880075448098952,0.35953933
2014-11-05 20:00:00,-1.0209240624093945,0.3716272
2014-11-05 21:00:00,-1.0318962349425609,0.53160596
2014-11-05 22:00:00,-1.0428684074757275,0.6047693
2014-11-05 23:00:00,-1.0318962349425609,0.80123836
2014-11-06 00:00:00,-1.053840580008894,0.6727405
2014-11-06 01:00:00,-1.0428684074757275,0.6944428
2014-11-06 02:00:00,-1.053840580008894,0.46989655
2014-11-06 03:00:00,-1.0648127525420603,0.30510128
2014-11-06 04:00:00,-1.009951889876228,0.370359
2014-11-06 05:00:00,-0.9989797173430616,0.25274032
2014-11-06 06:00:00,-1.0209240624093945,0.15901518
2014-11-06 07:00:00,-1.0209240624093945,-0.06638683
2014-11-06 08:00:00,-0.9989797173430616,0.07343884
2014-11-06 09:00:00,-0.9770353722767287,0.06030333
2014-11-06 10:00:00,-0.9880075448098952,-0.03268963
2014-11-06 11:00:00,-0.9989797173430616,-0.3724252
2014-11-06 12:00:00,-1.0209240624093945,-0.50919473
2014-11-06 13:00:00,-1.053840580008894,-0.5454299
2014-11-06 14:00:00,-1.0648127525420603,-0.60347694
2014-11-06 15:00:00,-1.053840580008894,-0.6077818
2014-11-06 16:00:00,-1.0209240624093945,-0.60238224
2014-11-06 17:00:00,-1.0318962349425609,-0.5635318
2014-11-06 18:00:00,-1.0318962349425609,-0.5370457
2014-11-06 19:00:00,-0.7356475765470664,-0.4752468
2014-11-06 20:00:00,-0.658842368814901,-0.48647636
2014-11-06 21:00:00,-0.658842368814901,-0.46734887
2014-11-06 22:00:00,-0.5710649885495693,-0.43433833
2014-11-06 23:00:00,-0.6149536786822352,-0.43320292
2014-11-07 00:00:00,-0.6478701962817346,-0.38709474
2014-11-07 01:00:00,-0.6149536786822352,-0.33296335
2014-11-07 02:00:00,-0.6039815061490686,-0.32667774
2014-11-07 03:00:00,-0.23092764002140873,-0.31418008
2014-11-07 04:00:00,-0.2638441576209081,-0.3288461
2014-11-07 05:00:00,-0.23092764002140873,-0.40622395
2014-11-07 06:00:00,-0.11023374215657758,-0.45556468
2014-11-07 07:00:00,-0.29676067522040755,-0.44939917
2014-11-07 08:00:00,-0.329677192819907,-0.47792506
2014-11-07 09:00:00,-0.3735658829525728,-0.5117499
2014-11-07 10:00:00,-0.45037109068473813,-0.4995759
2014-11-07 11:00:00,-0.4174545730852387,-0.51001894
2014-11-07 12:00:00,-0.43939891815157167,-0.52299404
2014-11-07 13:00:00,-0.6478701962817346,-0.5368213
2014-11-07 14:00:00,-0.680786713881234,-0.5374053
2014-11-07 15:00:00,-0.7356475765470664,-0.5132162
2014-11-07 16:00:00,-0.9002301645445634,-0.5316914
2014-11-07 17:00:00,-0.7905084392128987,-0.4798746
2014-11-07 18:00:00,-0.5930093336159022,-0.15603782
2014-11-07 19:00:00,-0.5381484709500699,0.04190518
2014-11-07 20:00:00,-0.47231543575107104,0.16424724
2014-11-07 21:00:00,-0.6917588864144004,0.1596082
2014-11-07 22:00:00,-0.7137032314807333,0.20718114
2014-11-07 23:00:00,-0.6478701962817346,0.21142425
2014-11-08 00:00:00,-0.5930093336159022,0.21506155
2014-11-08 01:00:00,-0.4832876082842375,0.27709442
2014-11-08 02:00:00,-0.34064936535307344,0.31256747
2014-11-08 03:00:00,-0.23092764002140873,0.44102943
2014-11-08 04:00:00,-0.2638441576209081,0.40819055
2014-11-08 05:00:00,-0.3845380554857393,0.35032356
2014-11-08 06:00:00,-0.34064936535307344,0.2851075
2014-11-08 07:00:00,-0.2857885026872411,0.14935893
2014-11-08 08:00:00,-0.23092764002140873,0.050132874
2014-11-08 09:00:00,-0.2418998125545752,0.13047965
2014-11-08 10:00:00,-0.14315025975607698,0.16210344
2014-11-08 11:00:00,-0.19801112242190932,0.23395453
2014-11-08 12:00:00,-0.2857885026872411,0.25186157
2014-11-08 13:00:00,-0.25287198508774167,0.20308433
2014-11-08 14:00:00,-0.17606677735557638,0.19856347
2014-11-08 15:00:00,-0.14315025975607698,0.033795435
2014-11-08 16:00:00,-0.09926156962341111,0.07535364
2014-11-08 17:00:00,-0.25287198508774167,0.15474188
2014-11-08 18:00:00,-0.2857885026872411,0.2711671
2014-11-08 19:00:00,-0.17606677735557638,0.23620993
2014-11-08 20:00:00,-0.12120591468974404,0.23505974
2014-11-08 21:00:00,-0.0663450520239117,0.22861631
2014-11-08 22:00:00,-0.08828939709024464,0.24687473
2014-11-08 23:00:00,-0.03342853442441229,0.23668168
2014-11-09 00:00:00,-0.08828939709024464,0.2685476
2014-11-09 01:00:00,-0.02245636189124582,0.19826615
2014-11-09 02:00:00,0.17504274370575063,0.14957531
2014-11-09 03:00:00,0.14212622610625122,0.29318076
2014-11-09 04:00:00,0.010460155708253588,0.20962624
2014-11-09 05:00:00,-0.14315025975607698,0.13573456
2014-11-09 06:00:00,-0.5052319533505705,0.047960054
2014-11-09 07:00:00,-0.5491206434832363,0.0134754665
2014-11-09 08:00:00,-0.6368980237485681,-0.027733728
2014-11-09 09:00:00,-0.680786713881234,-0.03919609
2014-11-09 10:00:00,-0.680786713881234,-0.0086865425
2014-11-09 11:00:00,-0.6698145413480675,-0.031974114
2014-11-09 12:00:00,-0.7356475765470664,0.07968945
2014-11-09 13:00:00,-0.7246754040138998,0.11637829
2014-11-09 14:00:00,-0.658842368814901,0.14686316
2014-11-09 15:00:00,-0.5710649885495693,0.1338827
2014-11-09 16:00:00,-0.6039815061490686,0.13342758
2014-11-09 17:00:00,-0.6698145413480675,0.10944864
2014-11-09 18:00:00,-0.6149536786822352,0.19529891
2014-11-09 19:00:00,-0.47231543575107104,0.27099192
2014-11-09 20:00:00,-0.25287198508774167,0.33410597
2014-11-09 21:00:00,-0.2638441576209081,0.2271071
2014-11-09 22:00:00,-0.02245636189124582,0.23574622
2014-11-09 23:00:00,0.010460155708253588,0.3576696
2014-11-10 00:00:00,0.043376673307752994,0.2753828
2014-11-10 01:00:00,0.06532101837408594,0.24092726
2014-11-10 02:00:00,0.08726536344041887,0.39648807
2014-11-10 03:00:00,-0.02245636189124582,0.29775274
2014-11-10 04:00:00,-0.23092764002140873,0.14569458
2014-11-10 05:00:00,-0.6149536786822352,0.032205027
2014-11-10 06:00:00,-0.7356475765470664,-0.11429913
2014-11-10 07:00:00,-0.6039815061490686,-0.15437233
2014-11-10 08:00:00,-0.516204125883737,-0.18081045
2014-11-10 09:00:00,-0.5820371610827357,-0.21932073
2014-11-10 10:00:00,-0.6368980237485681,-0.28609383
2014-11-10 11:00:00,-0.7246754040138998,-0.31939983
2014-11-10 12:00:00,-0.680786713881234,-0.2041997
2014-11-10 13:00:00,-0.6478701962817346,-0.23973297
2014-11-10 14:00:00,-0.4832876082842375,-0.17310508
2014-11-10 15:00:00,-0.45037109068473813,-0.10671389
2014-11-10 16:00:00,-0.3516215378862399,-0.124002755
2014-11-10 17:00:00,-0.23092764002140873,-0.111527815
2014-11-10 18:00:00,-0.23092764002140873,-0.030870974
2014-11-10 19:00:00,0.12018188103991828,0.14314654
2014-11-10 20:00:00,0.5151800922339111,0.25660366
2014-11-10 21:00:00,0.58101312743291,0.30202162
2014-11-10 22:00:00,0.49323574716757823,0.41686565
2014-11-10 23:00:00,0.4712914021012453,0.27061048
2014-11-11 00:00:00,0.4822635746344118,0.19365864
2014-11-11 01:00:00,1.096705236491734,0.2983536
2014-11-11 02:00:00,1.5246199652852264,0.2319689
2014-11-11 03:00:00,0.932122648494237,0.123573825
2014-11-11 04:00:00,0.6907348527645747,-0.02550394
2014-11-11 05:00:00,-0.7905084392128987,-0.20470335
2014-11-11 06:00:00,-0.9660631997435621,-0.3018359
2014-11-11 07:00:00,-0.9989797173430616,-0.2811885
2014-11-11 08:00:00,-0.9989797173430616,-0.25536662
2014-11-11 09:00:00,-0.9770353722767287,-0.29559195
2014-11-11 10:00:00,-0.9331466821440627,-0.2938121
2014-11-11 11:00:00,-0.9550910272103957,-0.2341996
2014-11-11 12:00:00,-0.9441188546772292,-0.18167296
2014-11-11 13:00:00,-0.9112023370777298,-0.14024201
2014-11-11 14:00:00,-0.9002301645445634,-0.123673424
2014-11-11 15:00:00,-0.9221745096108963,-0.12568252
2014-11-11 16:00:00,-0.9770353722767287,-0.11273898
2014-11-11 17:00:00,-1.0209240624093945,0.056960464
2014-11-11 18:00:00,-0.9989797173430616,0.16370416
2014-11-11 19:00:00,-0.9550910272103957,0.25713554
2014-11-11 20:00:00,-0.9221745096108963,0.42440706
2014-11-11 21:00:00,-1.009951889876228,0.49941278
2014-11-11 22:00:00,-0.8892579920113969,0.5007002
2014-11-11 23:00:00,-1.009951889876228,0.5233504
2014-11-12 00:00:00,-0.9989797173430616,0.53207403
2014-11-12 01:00:00,-1.0428684074757275,0.714421
2014-11-12 02:00:00,-1.075784925075227,0.8525211
2014-11-12 03:00:00,-1.075784925075227,0.6326776
2014-11-12 04:00:00,-1.0648127525420603,0.5518328
2014-11-12 05:00:00,-1.0648127525420603,-0.035279967
2014-11-12 06:00:00,-1.0318962349425609,-0.21813385
2014-11-12 07:00:00,-1.053840580008894,-0.3814742
2014-11-12 08:00:00,-1.053840580008894,-0.46044785
2014-11-12 09:00:00,-1.0428684074757275,-0.49311525
2014-11-12 10:00:00,-1.0318962349425609,-0.53977984
2014-11-12 11:00:00,-1.0318962349425609,-0.5477839
2014-11-12 12:00:00,-1.0428684074757275,-0.5500291
2014-11-12 13:00:00,-1.053840580008894,-0.48376888
2014-11-12 14:00:00,-1.0318962349425609,-0.5210716
2014-11-12 15:00:00,-1.0428684074757275,-0.54210293
2014-11-12 16:00:00,-1.0648127525420603,-0.60942256
2014-11-12 17:00:00,-1.0428684074757275,-0.5948823
2014-11-12 18:00:00,-1.0209240624093945,-0.56524765
2014-11-12 19:00:00,-0.9989797173430616,-0.55122745
2014-11-12 20:00:00,-0.9770353722767287,-0.49248004
2014-11-12 21:00:00,-0.9660631997435621,-0.5950188
2014-11-12 22:00:00,-0.9331466821440627,-0.617186
2014-11-12 23:00:00,-0.9112023370777298,-0.6792975
2014-11-13 00:00:00,-0.9660631997435621,-0.63933796
2014-11-13 01:00:00,-0.9770353722767287,-0.6224798
2014-11-13 02:00:00,-0.9660631997435621,-0.59825
2014-11-13 03:00:00,-0.9660631997435621,-0.5944315
2014-11-13 04:00:00,-0.9770353722767287,-0.5672425
2014-11-13 05:00:00,-0.9550910272103957,-0.57274944
2014-11-13 06:00:00,-0.9331466821440627,-0.5741293
2014-11-13 07:00:00,-0.867313646945064,-0.61338836
2014-11-13 08:00:00,-0.867313646945064,-0.66944754
2014-11-13 09:00:00,-0.658842368814901,-0.6856342
2014-11-13 10:00:00,-0.658842368814901,-0.6910051
2014-11-13 11:00:00,-0.8782858194782304,-0.6640528
2014-11-13 12:00:00,-0.9221745096108963,-0.6473941
2014-11-13 13:00:00,-0.8124527842792316,-0.6088758
2014-11-13 14:00:00,-0.823424956812398,-0.5999201
2014-11-13 15:00:00,-0.823424956812398,-0.5811203
2014-11-13 16:00:00,-0.7137032314807333,-0.5859812
2014-11-13 17:00:00,-0.7356475765470664,-0.5570659
2014-11-13 18:00:00,-0.7575919216133993,-0.57988936
2014-11-13 19:00:00,-0.7685640941465657,-0.57152015
2014-11-13 20:00:00,-0.7356475765470664,-0.56979555
2014-11-13 21:00:00,-0.6039815061490686,-0.5316058
2014-11-13 22:00:00,-0.516204125883737,-0.18637404
2014-11-13 23:00:00,-0.6149536786822352,-0.19698627
2014-11-14 00:00:00,-0.6259258512154017,-0.27802545
2014-11-14 01:00:00,-0.5271762984169034,-0.26362938
2014-11-14 02:00:00,-0.5271762984169034,-0.07123129
2014-11-14 03:00:00,-0.5271762984169034,-0.05922039
2014-11-14 04:00:00,-0.5052319533505705,-0.0686826
2014-11-14 05:00:00,-0.5271762984169034,-0.021603182
2014-11-14 06:00:00,-0.5600928160164028,0.030847128
2014-11-14 07:00:00,-0.5600928160164028,-0.07908505
2014-11-14 08:00:00,-0.658842368814901,-0.14489545
2014-11-14 09:00:00,-0.6478701962817346,-0.16106619
2014-11-14 10:00:00,-0.8343971293455645,-0.12572105
2014-11-14 11:00:00,-0.7685640941465657,-0.26801568
2014-11-14 12:00:00,-0.867313646945064,-0.3521738
2014-11-14 13:00:00,-0.8563414744118975,-0.36805367
2014-11-14 14:00:00,-0.8782858194782304,-0.41486037
2014-11-14 15:00:00,-0.867313646945064,-0.44528735
2014-11-14 16:00:00,-0.867313646945064,-0.41946757
2014-11-14 17:00:00,-0.823424956812398,-0.363957
2014-11-14 18:00:00,-0.7466197490802328,-0.22801854
2014-11-14 19:00:00,-0.7137032314807333,-0.18015711
2014-11-14 20:00:00,-0.5491206434832363,-0.13988595
2014-11-14 21:00:00,-0.2857885026872411,-0.07469684
2014-11-14 22:00:00,-0.3955102280189058,-0.01898089
2014-11-14 23:00:00,-0.11023374215657758,-0.04848224
2014-11-15 00:00:00,0.41643053943541297,-0.0625443
2014-11-15 01:00:00,0.8992061308947376,-0.062128276
2014-11-15 02:00:00,1.2064269618233987,-0.06842369
2014-11-15 03:00:00,1.184482616757066,-0.07097338
2014-11-15 04:00:00,0.5700409548997435,-0.0762581
2014-11-15 05:00:00,0.24087577890474945,-0.1047456
2014-11-15 06:00:00,-0.14315025975607698,-0.15844876
2014-11-15 07:00:00,-0.4174545730852387,-0.1982843
2014-11-15 08:00:00,-0.5271762984169034,-0.26435047
2014-11-15 09:00:00,-0.5271762984169034,-0.35674006
2014-11-15 10:00:00,-0.45037109068473813,-0.30584913
2014-11-15 11:00:00,-0.04440070695757876,-0.24170317
2014-11-15 12:00:00,0.3067088141037483,-0.18853572
2014-11-15 13:00:00,0.44934705703491234,-0.13456956
2014-11-15 14:00:00,0.7346235428972405,-0.13754599
2014-11-15 15:00:00,1.1625382716907329,-0.2746234
2014-11-15 16:00:00,1.3929538948872286,-0.2461132
2014-11-15 17:00:00,1.6014251730173916,-0.16233264
2014-11-15 18:00:00,1.425870412486728,-0.07087335
2014-11-15 19:00:00,1.5246199652852264,0.11422731
2014-11-15 20:00:00,1.51364779275206,0.16388969
2014-11-15 21:00:00,1.6453138631500575,0.2759158
2014-11-15 22:00:00,1.7660077610148888,0.22759788
2014-11-15 23:00:00,2.007395556744551,0.30727232
2014-11-16 00:00:00,1.8976738314128863,0.3584438
2014-11-16 01:00:00,1.9854512116782181,0.6426291
2014-11-16 02:00:00,1.2942043420887306,0.64388317
2014-11-16 03:00:00,1.3380930322213964,0.5729181
2014-11-16 04:00:00,1.1625382716907329,0.3889343
2014-11-16 05:00:00,2.2378111799410467,0.25190407
2014-11-16 06:00:00,2.1829503172752145,0.1346514
2014-11-16 07:00:00,2.0183677292777173,-0.024574459
2014-11-16 08:00:00,1.820868623680721,-0.054114267
2014-11-16 09:00:00,1.7111468983490563,0.016428942
2014-11-16 10:00:00,-0.23092764002140873,0.116951704
2014-11-16 11:00:00,-0.680786713881234,0.2851467
2014-11-16 12:00:00,-0.8563414744118975,0.42263758
2014-11-16 13:00:00,-0.9331466821440627,0.43373835
2014-11-16 14:00:00,-0.867313646945064,0.55513453
2014-11-16 15:00:00,-0.9002301645445634,0.6429901
2014-11-16 16:00:00,-0.8892579920113969,0.6635112
2014-11-16 17:00:00,-0.9221745096108963,0.7105511
2014-11-16 18:00:00,-0.9112023370777298,0.65031517
2014-11-16 19:00:00,-0.9331466821440627,0.6951589
2014-11-16 20:00:00,-0.8343971293455645,0.7009626
2014-11-16 21:00:00,-0.9660631997435621,0.72529763
2014-11-16 22:00:00,-0.8892579920113969,0.77669555
2014-11-16 23:00:00,-0.9550910272103957,0.9710904
2014-11-17 00:00:00,-0.9660631997435621,1.0478297
2014-11-17 01:00:00,-0.9550910272103957,1.1202523
2014-11-17 02:00:00,-0.9660631997435621,0.90297216
2014-11-17 03:00:00,-0.9550910272103957,0.8298009
2014-11-17 04:00:00,-0.9770353722767287,0.8258665
2014-11-17 05:00:00,-0.9770353722767287,1.1869344
2014-11-17 06:00:00,-0.9989797173430616,1.0402963
2014-11-17 07:00:00,-0.9770353722767287,1.0363737
2014-11-17 08:00:00,-0.9112023370777298,0.9065836
2014-11-17 09:00:00,-0.8892579920113969,0.8625888
2014-11-17 10:00:00,-0.8892579920113969,0.21498246
2014-11-17 11:00:00,-0.9221745096108963,0.025887094
2014-11-17 12:00:00,-0.9441188546772292,-0.07902223
2014-11-17 13:00:00,-0.9331466821440627,-0.22939833
2014-11-17 14:00:00,-0.9331466821440627,-0.2514578
2014-11-17 15:00:00,-1.009951889876228,-0.3318047
2014-11-17 16:00:00,-0.9550910272103957,-0.32352537
2014-11-17 17:00:00,-0.9221745096108963,-0.34712505
2014-11-17 18:00:00,-0.8014806117460651,-0.3658566
2014-11-17 19:00:00,-0.5820371610827357,-0.36427432
2014-11-17 20:00:00,-0.5052319533505705,-0.3182907
2014-11-17 21:00:00,-0.4174545730852387,-0.37951887
2014-11-17 22:00:00,-0.3735658829525728,-0.3394059
2014-11-17 23:00:00,-0.307732847753574,-0.34254926
2014-11-18 00:00:00,-0.2089832949550758,-0.3255638
2014-11-18 01:00:00,0.41643053943541297,-0.30039436
2014-11-18 02:00:00,0.22990360637158297,-0.31531024
2014-11-18 03:00:00,-0.2418998125545752,-0.3182283
2014-11-18 04:00:00,-0.2418998125545752,-0.3243134
2014-11-18 05:00:00,-0.40648240055207224,-0.05019527
2014-11-18 06:00:00,-0.6039815061490686,-0.026102453
2014-11-18 07:00:00,-0.6698145413480675,-0.14736067
2014-11-18 08:00:00,-0.658842368814901,-0.19977142
2014-11-18 09:00:00,-0.6368980237485681,-0.20612237
2014-11-18 10:00:00,-0.6478701962817346,-0.18603098
2014-11-18 11:00:00,-0.516204125883737,-0.15803412
2014-11-18 12:00:00,-0.5271762984169034,-0.20717996
2014-11-18 13:00:00,-0.42842674561840516,-0.20857675
2014-11-18 14:00:00,-0.45037109068473813,-0.23773791
2014-11-18 15:00:00,-0.516204125883737,-0.31627697
2014-11-18 16:00:00,-0.45037109068473813,-0.3492679
2014-11-18 17:00:00,-0.40648240055207224,-0.32208973
2014-11-18 18:00:00,-0.15412243228924344,-0.05854252
2014-11-18 19:00:00,0.06532101837408594,0.12352103
2014-11-18 20:00:00,0.39448619436908,0.2508341
2014-11-18 21:00:00,0.6358739900987423,0.32828146
2014-11-18 22:00:00,0.9760113386269029,0.30947608
2014-11-18 23:00:00,1.1296217540912334,0.3590998
2014-11-19 00:00:00,1.3271208596882298,0.33872825
2014-11-19 01:00:00,1.7221190708822227,0.47065765
2014-11-19 02:00:00,2.5560041834028744,0.3832128
2014-11-19 03:00:00,2.9729467396632003,0.2121227
2014-11-19 04:00:00,2.7864198065993704,0.14120528
2014-11-19 05:00:00,1.8976738314128863,0.025890164
2014-11-19 06:00:00,1.70017472581589,-0.07162014
2014-11-19 07:00:00,0.7126791978309076,-0.11717577
2014-11-19 08:00:00,1.0747608914254012,-0.1493569
2014-11-19 09:00:00,1.9196181764792193,-0.17399667
2014-11-19 10:00:00,2.4133659404717105,-0.20724404
2014-11-19 11:00:00,2.0183677292777173,-0.035023823
2014-11-19 12:00:00,2.6986424263340387,0.0533304
2014-11-19 13:00:00,2.314616387673212,0.110610895
2014-11-19 14:00:00,2.983918912196367,0.11571238
2014-11-19 15:00:00,3.2801675705918614,0.07397023
2014-11-19 16:00:00,2.9619745671300337,0.07098588
2014-11-19 17:00:00,2.4901711482038755,0.14606424
2014-11-19 18:00:00,2.6986424263340387,0.27176058
2014-11-19 19:00:00,2.753503288999871,0.4230901
2014-11-19 20:00:00,2.874197186864702,0.5775139
2014-11-19 21:00:00,3.225306707926029,0.63365704
2014-11-19 22:00:00,3.3898892959235263,0.7826131
2014-11-19 23:00:00,3.1155849825943642,0.82842416
2014-11-20 00:00:00,3.2143345353928625,0.7712924
2014-11-20 01:00:00,3.0716962924616986,0.96754897
2014-11-20 02:00:00,2.523087665803375,1.2761623
2014-11-20 03:00:00,2.457254630604376,1.4498918
2014-11-20 04:00:00,2.566976355936041,1.2450857
2014-11-20 05:00:00,2.566976355936041,1.036599
2014-11-20 06:00:00,2.940030222063701,0.99120253
2014-11-20 07:00:00,2.8522528417983692,0.6061197
2014-11-20 08:00:00,2.457254630604376,0.7763446
2014-11-20 09:00:00,2.1829503172752145,1.0053777
2014-11-20 10:00:00,2.2487833524742133,1.1834997
2014-11-20 11:00:00,2.084200764476716,1.0847176
2014-11-20 12:00:00,2.3475329052727116,1.3303784
2014-11-20 13:00:00,2.358505077805878,1.1908096
2014-11-20 14:00:00,2.25975552500738,1.3626274
2014-11-20 15:00:00,2.106145109543049,1.4934707
2014-11-20 16:00:00,2.358505077805878,1.2910868
2014-11-20 17:00:00,2.5450320108697078,1.2081836
2014-11-20 18:00:00,2.6547537362013727,1.282921
2014-11-20 19:00:00,2.6108650460687066,1.3501065
2014-11-20 20:00:00,3.016835429795866,1.2228721
2014-11-20 21:00:00,2.942562261879047,1.4361562
2014-11-20 22:00:00,2.8682890939622276,1.5454515
2014-11-20 23:00:00,2.7940159260454083,1.5076424
2014-11-21 00:00:00,2.7197427581285893,1.4946328
2014-11-21 01:00:00,2.64546959021177,1.3658003
2014-11-21 02:00:00,2.5711964222949506,1.1350086
2014-11-21 03:00:00,2.496923254378132,1.160926
2014-11-21 04:00:00,2.422650086461313,1.1139249
2014-11-21 05:00:00,2.348376918544494,1.1677544
2014-11-21 06:00:00,2.2741037506276744,1.1795045
2014-11-21 07:00:00,2.1998305827108555,1.1689423
2014-11-21 08:00:00,2.125557414794036,1.0760049
2014-11-21 09:00:00,2.0512842468772168,1.0104448
2014-11-21 10:00:00,0.8443452682289052,0.975121
2014-11-21 11:00:00,0.36156967676958063,0.9722648
2014-11-21 12:00:00,-0.07731722455707817,1.0297235
2014-11-21 13:00:00,-0.19801112242190932,1.0443453
2014-11-21 14:00:00,-0.15412243228924344,0.9691231
2014-11-21 15:00:00,-0.13217808722291052,0.8739715
2014-11-21 16:00:00,-0.7356475765470664,0.9297054
2014-11-21 17:00:00,-0.9221745096108963,0.97531563
2014-11-21 18:00:00,-0.8892579920113969,1.0867559
2014-11-21 19:00:00,-0.8563414744118975,1.0620788
2014-11-21 20:00:00,-0.7575919216133993,1.2757149
2014-11-21 21:00:00,-0.6917588864144004,1.0970939
2014-11-21 22:00:00,-0.680786713881234,1.1865171
2014-11-21 23:00:00,-0.7685640941465657,1.2723324
2014-11-22 00:00:00,-0.9112023370777298,1.1721436
2014-11-22 01:00:00,-0.9989797173430616,1.1039938
2014-11-22 02:00:00,-0.9989797173430616,1.0428356
2014-11-22 03:00:00,-0.9660631997435621,1.0161144
2014-11-22 04:00:00,-1.009951889876228,1.0985242
2014-11-22 05:00:00,-0.9880075448098952,1.0044004
2014-11-22 06:00:00,-0.9550910272103957,0.8930487
2014-11-22 07:00:00,-0.9331466821440627,0.7912698
2014-11-22 08:00:00,-0.7795362666797322,0.86041576
2014-11-22 09:00:00,-0.7575919216133993,0.88096696
2014-11-22 10:00:00,-0.6917588864144004,0.43684322
2014-11-22 11:00:00,-0.7027310589475669,0.3684507
2014-11-22 12:00:00,-0.7575919216133993,0.26553914
2014-11-22 13:00:00,-0.8124527842792316,0.22685196
2014-11-22 14:00:00,-0.7905084392128987,0.21960013
2014-11-22 15:00:00,-0.8124527842792316,0.0013576001
2014-11-22 16:00:00,-0.680786713881234,-0.33195257
2014-11-22 17:00:00,-0.5710649885495693,-0.44570976
2014-11-22 18:00:00,-0.3845380554857393,-0.41186184
2014-11-22 19:00:00,-0.23092764002140873,-0.37645787
2014-11-22 20:00:00,0.010460155708253588,-0.26308876
2014-11-22 21:00:00,0.2518479514379159,-0.24242444
2014-11-22 22:00:00,0.5042079197007447,-0.2219518
2014-11-22 23:00:00,0.29573664157058177,-0.23072399
2014-11-23 00:00:00,0.07629319090725241,-0.26075447
2014-11-23 01:00:00,0.06532101837408594,-0.29840767
2014-11-23 02:00:00,0.17504274370575063,-0.30588883
2014-11-23 03:00:00,-0.0005120168249128817,-0.2832744
2014-11-23 04:00:00,-0.09926156962341111,-0.25894243
2014-11-23 05:00:00,-0.09926156962341111,-0.30650204
2014-11-23 06:00:00,-0.011484189358079351,-0.27949566
2014-11-23 07:00:00,0.10920970850675181,-0.29511422
2014-11-23 08:00:00,0.12018188103991828,-0.24737252
2014-11-23 09:00:00,0.14212622610625122,-0.27130687
2014-11-23 10:00:00,0.010460155708253588,-0.26679522
2014-11-23 11:00:00,0.010460155708253588,-0.29342604
2014-11-23 12:00:00,0.12018188103991828,-0.32669312
2014-11-23 13:00:00,0.15309839863941768,-0.21499933
2014-11-23 14:00:00,0.20795926130525003,-0.13446385
2014-11-23 15:00:00,0.44934705703491234,-0.17571594
2014-11-23 16:00:00,0.5371244373002441,-0.12791403
2014-11-23 17:00:00,0.3725418493027471,-0.0660036
2014-11-23 18:00:00,0.4712914021012453,0.043910064
2014-11-23 19:00:00,0.8114287506294059,0.122959375
2014-11-23 20:00:00,0.8992061308947376,0.29784137
2014-11-23 21:00:00,0.8882339583615712,0.4783908
2014-11-23 22:00:00,0.9430948210274035,0.56817716
2014-11-23 23:00:00,1.0199000287595688,0.471959
2014-11-24 00:00:00,1.5355921378183928,0.37660885
2014-11-24 01:00:00,2.07322859194355,0.33483368
2014-11-24 02:00:00,1.9964233842113845,0.43736517
2014-11-24 03:00:00,0.9650391660937364,0.2834748
2014-11-24 04:00:00,0.8224009231625723,0.2950737
2014-11-24 05:00:00,0.5480966098334106,0.33049548
2014-11-24 06:00:00,0.17504274370575063,0.36352396
2014-11-24 07:00:00,-0.0005120168249128817,0.26402706
2014-11-24 08:00:00,-0.6368980237485681,0.19286723
2014-11-24 09:00:00,-0.6478701962817346,0.16003105
2014-11-24 10:00:00,-0.7685640941465657,0.07506448
2014-11-24 11:00:00,-0.7905084392128987,0.14577553
2014-11-24 12:00:00,-0.8892579920113969,0.21749593
2014-11-24 13:00:00,-0.8563414744118975,0.28404015
2014-11-24 14:00:00,-0.8563414744118975,0.33337915
2014-11-24 15:00:00,-0.8563414744118975,0.36277485
2014-11-24 16:00:00,-0.7575919216133993,0.35094017
2014-11-24 17:00:00,-0.7575919216133993,0.34704942
2014-11-24 18:00:00,-0.6149536786822352,0.40828806
2014-11-24 19:00:00,-0.5930093336159022,0.5591813
2014-11-24 20:00:00,-0.4174545730852387,0.5574905
2014-11-24 21:00:00,-0.21995546748824227,0.54710454
2014-11-24 22:00:00,0.31768098663691474,0.4636081
2014-11-24 23:00:00,0.19698708877208357,0.64860815
2014-11-25 00:00:00,-0.11023374215657758,0.7364399
2014-11-25 01:00:00,-0.2418998125545752,0.8906495
2014-11-25 02:00:00,-0.15412243228924344,0.8257267
2014-11-25 03:00:00,0.12018188103991828,0.45283884
2014-11-25 04:00:00,0.4822635746344118,0.4096707
2014-11-25 05:00:00,0.22990360637158297,0.26653203
2014-11-25 06:00:00,0.13115405357308474,0.14460537
2014-11-25 07:00:00,0.12018188103991828,0.057268128
2014-11-25 08:00:00,0.5042079197007447,-0.18747014
2014-11-25 09:00:00,0.6468461626319087,-0.15201616
2014-11-25 10:00:00,0.5590687823665771,-0.30210394
2014-11-25 11:00:00,0.4712914021012453,-0.35870302
2014-11-25 12:00:00,0.6249018175655758,-0.43308818
2014-11-25 13:00:00,0.8114287506294059,-0.27311003
2014-11-25 14:00:00,1.0857330639585676,-0.20564876
2014-11-25 15:00:00,1.0089278562264024,-0.20778401
2014-11-25 16:00:00,0.9760113386269029,-0.12527423
2014-11-25 17:00:00,0.6468461626319087,-0.13478377
2014-11-25 18:00:00,1.1515660991575665,-0.033581547
2014-11-25 19:00:00,1.425870412486728,0.0020732582
2014-11-25 20:00:00,1.9744790391450515,0.12941998
2014-11-25 21:00:00,1.820868623680721,0.30919123
2014-11-25 22:00:00,2.314616387673212,0.5264826
2014-11-25 23:00:00,2.6547537362013727,0.5159152
2014-11-26 00:00:00,2.44628245807121,0.24622054
2014-11-26 01:00:00,2.1829503172752145,0.22070721
2014-11-26 02:00:00,2.007395556744551,0.10812449
2014-11-26 03:00:00,1.7330912434153893,0.27879548
2014-11-26 04:00:00,1.5246199652852264,0.4437065
2014-11-26 05:00:00,1.491703447685727,0.38820767
2014-11-26 06:00:00,1.5465643103515594,0.16571024
2014-11-26 07:00:00,1.3819817223540622,0.045376137
2014-11-26 08:00:00,1.2612878244892312,0.10459772
2014-11-26 09:00:00,1.1076774090249004,0.2764852
2014-11-26 10:00:00,1.1076774090249004,0.3428496
2014-11-26 11:00:00,1.469759102619394,0.3604675
2014-11-26 12:00:00,1.5465643103515594,0.4636498
2014-11-26 13:00:00,1.6453138631500575,0.5022187
2014-11-26 14:00:00,1.7440634159485557,0.58535534
2014-11-26 15:00:00,2.07322859194355,0.51923734
2014-11-26 16:00:00,2.523087665803375,0.47874802
2014-11-26 17:00:00,2.7425311164667043,0.3634559
2014-11-26 18:00:00,2.7425311164667043,0.53425413
2014-11-26 19:00:00,3.1594736727270303,0.69275564
2014-11-26 20:00:00,3.060724119928532,0.82687145
2014-11-26 21:00:00,3.6861379543190207,0.7660125
2014-11-26 22:00:00,4.410301341508008,0.90310127
2014-11-26 23:00:00,4.629744792171337,1.030406
2014-11-27 00:00:00,4.059191820446681,0.96298873
2014-11-27 01:00:00,3.71905447191852,0.9422744
2014-11-27 02:00:00,2.874197186864702,0.9255408
2014-11-27 03:00:00,0.8333730956957388,0.7771967
2014-11-27 04:00:00,-0.02245636189124582,0.7163768
2014-11-27 05:00:00,-0.8343971293455645,0.71700495
2014-11-27 06:00:00,-0.8782858194782304,0.74710697
2014-11-27 07:00:00,-0.9770353722767287,0.65375596
2014-11-27 08:00:00,-0.9770353722767287,0.5714478
2014-11-27 09:00:00,-0.9441188546772292,0.5811252
2014-11-27 10:00:00,-0.9441188546772292,0.57692945
2014-11-27 11:00:00,-0.9221745096108963,0.705312
2014-11-27 12:00:00,-0.9550910272103957,0.7167774
2014-11-27 13:00:00,-0.9550910272103957,0.6942072
2014-11-27 14:00:00,-0.9441188546772292,0.7278728
2014-11-27 15:00:00,-0.9002301645445634,0.8261243
2014-11-27 16:00:00,-0.9112023370777298,0.9147859
2014-11-27 17:00:00,-0.9221745096108963,0.9810474
2014-11-27 18:00:00,-0.8782858194782304,0.9829174
2014-11-27 19:00:00,-0.7685640941465657,1.1685601
2014-11-27 20:00:00,-0.8343971293455645,1.15232
2014-11-27 21:00:00,-0.7246754040138998,1.4453009
2014-11-27 22:00:00,-0.6917588864144004,1.7590945
2014-11-27 23:00:00,-0.6698145413480675,1.8842796
2014-11-28 00:00:00,-0.7246754040138998,1.7468752
2014-11-28 01:00:00,-0.6698145413480675,1.5371915
2014-11-28 02:00:00,-0.5600928160164028,1.2502375
2014-11-28 03:00:00,-0.5381484709500699,0.43449658
2014-11-28 04:00:00,-0.5271762984169034,0.08833435
2014-11-28 05:00:00,-0.329677192819907,-0.24190386
2014-11-28 06:00:00,-0.18703894988874287,-0.3446406
2014-11-28 07:00:00,-0.08828939709024464,-0.34902334
2014-11-28 08:00:00,-0.05537287949074523,-0.37709856
2014-11-28 09:00:00,-0.18703894988874287,-0.39737767
2014-11-28 10:00:00,-0.3735658829525728,-0.44533974
2014-11-28 11:00:00,-0.3735658829525728,-0.42268252
2014-11-28 12:00:00,-0.25287198508774167,-0.3670621
2014-11-28 13:00:00,-0.2857885026872411,-0.3740142
2014-11-28 14:00:00,-0.329677192819907,-0.4171182
2014-11-28 15:00:00,-0.15412243228924344,-0.4408803
2014-11-28 16:00:00,-0.11023374215657758,-0.45442444
2014-11-28 17:00:00,-0.09926156962341111,-0.47332126
2014-11-28 18:00:00,-0.011484189358079351,-0.46837884
2014-11-28 19:00:00,0.31768098663691474,-0.34958583
2014-11-28 20:00:00,0.745595715430407,-0.33898413
2014-11-28 21:00:00,1.096705236491734,-0.26301968
2014-11-28 22:00:00,1.2503156519560645,-0.13868333
2014-11-28 23:00:00,1.217399134356565,-0.17495315
2014-11-29 00:00:00,1.305176514621897,-0.1668912
2014-11-29 01:00:00,1.5026756202188933,-0.1788471
2014-11-29 02:00:00,1.6233695180837246,-0.17383532
2014-11-29 03:00:00,1.6892025532827233,-0.18106456
2014-11-29 04:00:00,1.6892025532827233,-0.16041246
2014-11-29 05:00:00,1.6672582082163905,-0.096783325
2014-11-29 06:00:00,1.941562521545552,-0.06482337
2014-11-29 07:00:00,2.095172937009883,-0.056283787
2014-11-29 08:00:00,2.0512842468772168,-0.10681711
2014-11-29 09:00:00,2.1390616271425484,-0.18031168
2014-11-29 10:00:00,2.0512842468772168,-0.25306338
2014-11-29 11:00:00,2.4682268031375427,-0.11755307
2014-11-29 12:00:00,2.2048946623415473,0.02979637
2014-11-29 13:00:00,2.314616387673212,0.071697734
2014-11-29 14:00:00,2.9510023945968675,-0.0037097186
2014-11-29 15:00:00,3.0716962924616986,0.0076222345
2014-11-29 16:00:00,3.2143345353928625,-0.009640645
2014-11-29 17:00:00,2.6766980812677055,-0.0041010864
2014-11-29 18:00:00,2.6657259087345393,0.066949844
2014-11-29 19:00:00,2.6657259087345393,0.2069269
2014-11-29 20:00:00,2.44628245807121,0.3592568
2014-11-29 21:00:00,2.501143320737042,0.44895655
2014-11-29 22:00:00,2.3255885602063784,0.53852946
2014-11-29 23:00:00,1.798924278614388,0.55219835
2014-11-30 00:00:00,1.5575364828847258,0.59635544
2014-11-30 01:00:00,1.6892025532827233,0.75205696
2014-11-30 02:00:00,1.1405939266243998,0.753754
2014-11-30 03:00:00,1.0308722012927352,0.61959994
2014-11-30 04:00:00,1.3929538948872286,0.5685629
2014-11-30 05:00:00,1.5575364828847258,0.50907
2014-11-30 06:00:00,1.4807312751525605,0.57225066
2014-11-30 07:00:00,0.745595715430407,0.8073331
2014-11-30 08:00:00,-0.8782858194782304,0.9048941
2014-11-30 09:00:00,-0.9002301645445634,0.77952725
2014-11-30 10:00:00,-0.9221745096108963,0.8286986
2014-11-30 11:00:00,-0.8343971293455645,1.0031109
2014-11-30 12:00:00,-0.845369301878731,0.9793686
2014-11-30 13:00:00,-0.7027310589475669,1.0678935
2014-11-30 14:00:00,-0.6259258512154017,1.2501012
2014-11-30 15:00:00,-0.7685640941465657,1.3202592
2014-11-30 16:00:00,-0.8892579920113969,1.2384385
2014-11-30 17:00:00,-0.9441188546772292,1.0675057
2014-11-30 18:00:00,-0.9002301645445634,0.98234737
2014-11-30 19:00:00,-0.8014806117460651,1.0261264
2014-11-30 20:00:00,-0.7575919216133993,0.9475055
2014-11-30 21:00:00,-0.6149536786822352,0.9787218
2014-11-30 22:00:00,-0.7466197490802328,0.8973488
2014-11-30 23:00:00,-0.7356475765470664,0.6915476
2014-12-01 00:00:00,-0.5710649885495693,0.7533843
2014-12-01 01:00:00,-0.7027310589475669,0.6964709
2014-12-01 02:00:00,-0.823424956812398,0.52742636
2014-12-01 03:00:00,-0.867313646945064,0.4487478
2014-12-01 04:00:00,-0.9550910272103957,0.528559
2014-12-01 05:00:00,-0.9550910272103957,0.5586932
2014-12-01 06:00:00,-0.9660631997435621,0.53451353
2014-12-01 07:00:00,-0.9550910272103957,0.3000306
2014-12-01 08:00:00,-0.9660631997435621,-0.29597443
2014-12-01 09:00:00,-0.9770353722767287,-0.32099217
2014-12-01 10:00:00,-0.9880075448098952,-0.37720698
2014-12-01 11:00:00,-0.9660631997435621,-0.46833926
2014-12-01 12:00:00,-0.9441188546772292,-0.56181055
2014-12-01 13:00:00,-0.9770353722767287,-0.59814197
2014-12-01 14:00:00,-0.9880075448098952,-0.5795638
2014-12-01 15:00:00,-0.9989797173430616,-0.6079354
2014-12-01 16:00:00,-0.9989797173430616,-0.6348426
2014-12-01 17:00:00,-1.009951889876228,-0.6142077
2014-12-01 18:00:00,-0.9989797173430616,-0.60350525
2014-12-01 19:00:00,-0.9331466821440627,-0.5771077
2014-12-01 20:00:00,-0.8892579920113969,-0.57027435
2014-12-01 21:00:00,-1.009951889876228,-0.4522786
2014-12-01 22:00:00,-0.9331466821440627,-0.45012933
2014-12-01 23:00:00,-1.009951889876228,-0.37423694
2014-12-02 00:00:00,-0.9331466821440627,-0.26246375
2014-12-02 01:00:00,-0.9770353722767287,-0.26791596
2014-12-02 02:00:00,-0.9550910272103957,-0.29647428
2014-12-02 03:00:00,-0.9770353722767287,-0.32463926
2014-12-02 04:00:00,-0.9550910272103957,-0.38458413
2014-12-02 05:00:00,-0.9770353722767287,-0.45411032
2014-12-02 06:00:00,-0.9660631997435621,-0.48105526
2014-12-02 07:00:00,-0.9550910272103957,-0.5143718
2014-12-02 08:00:00,-0.9770353722767287,-0.5319446
2014-12-02 09:00:00,-0.8124527842792316,-0.5551291
2014-12-02 10:00:00,-0.845369301878731,-0.57903725
2014-12-02 11:00:00,-0.6259258512154017,-0.552327
2014-12-02 12:00:00,-0.5271762984169034,-0.5490951
2014-12-02 13:00:00,-0.2638441576209081,-0.5684791
2014-12-02 14:00:00,-0.3735658829525728,-0.5956374
2014-12-02 15:00:00,-0.658842368814901,-0.5959162
2014-12-02 16:00:00,-0.36259371041940636,-0.6420465
2014-12-02 17:00:00,-0.2089832949550758,-0.6287104
2014-12-02 18:00:00,-0.04440070695757876,-0.62352496
2014-12-02 19:00:00,0.08726536344041887,-0.57292813
2014-12-02 20:00:00,-0.011484189358079351,-0.5598188
2014-12-02 21:00:00,0.12018188103991828,-0.5731326
2014-12-02 22:00:00,0.2189314338384165,-0.56641084
2014-12-02 23:00:00,0.27379229650424886,-0.5422221
2014-12-03 00:00:00,0.2518479514379159,-0.50648695
2014-12-03 01:00:00,0.2847644690374153,-0.5308538
2014-12-03 02:00:00,0.12018188103991828,-0.097533315
2014-12-03 03:00:00,-0.8124527842792316,-0.22421719
2014-12-03 04:00:00,-0.9770353722767287,-0.33113825
2014-12-03 05:00:00,-0.9550910272103957,-0.38591105
2014-12-03 06:00:00,-0.9989797173430616,-0.44301367
2014-12-03 07:00:00,-0.9989797173430616,-0.37451643
2014-12-03 08:00:00,-0.9550910272103957,-0.36783332
2014-12-03 09:00:00,-0.9112023370777298,-0.3878224
2014-12-03 10:00:00,-0.9221745096108963,-0.35113424
2014-12-03 11:00:00,-0.9770353722767287,-0.12295781
2014-12-03 12:00:00,-0.9770353722767287,0.026072718
2014-12-03 13:00:00,-0.9112023370777298,0.093827486
2014-12-03 14:00:00,-0.9989797173430616,0.03278137
2014-12-03 15:00:00,-0.9989797173430616,-0.09421967
2014-12-03 16:00:00,-0.9770353722767287,-0.0071604177
2014-12-03 17:00:00,-1.009951889876228,0.023960998
2014-12-03 18:00:00,-0.9331466821440627,0.08834365
2014-12-03 19:00:00,-0.9441188546772292,0.22696695
2014-12-03 20:00:00,-0.9989797173430616,0.21553235
2014-12-03 21:00:00,-1.0209240624093945,0.325172
2014-12-03 22:00:00,-1.0318962349425609,0.22466291
2014-12-03 23:00:00,-1.009951889876228,0.16724999
2014-12-04 00:00:00,-0.9770353722767287,0.12638554
2014-12-04 01:00:00,-0.9989797173430616,0.1480943
2014-12-04 02:00:00,-0.9770353722767287,0.08481954
2014-12-04 03:00:00,-0.9989797173430616,-0.10970642
2014-12-04 04:00:00,-1.009951889876228,-0.30399323
2014-12-04 05:00:00,-1.0428684074757275,-0.39948487
2014-12-04 06:00:00,-1.0318962349425609,-0.44560224
2014-12-04 07:00:00,-0.9989797173430616,-0.50375295
2014-12-04 08:00:00,-1.0318962349425609,-0.5141654
2014-12-04 09:00:00,-1.0209240624093945,-0.49457747
2014-12-04 10:00:00,-1.0209240624093945,-0.46432954
2014-12-04 11:00:00,-1.0318962349425609,-0.4480521
2014-12-04 12:00:00,-0.9989797173430616,-0.42732435
2014-12-04 13:00:00,-0.9770353722767287,-0.41663426
2014-12-04 14:00:00,-0.9880075448098952,-0.44909698
2014-12-04 15:00:00,-0.9880075448098952,-0.48346967
2014-12-04 16:00:00,-1.009951889876228,-0.4713077
2014-12-04 17:00:00,-1.0209240624093945,-0.5148837
2014-12-04 18:00:00,-0.9880075448098952,-0.46530676
2014-12-04 19:00:00,-1.009951889876228,-0.47721958
2014-12-04 20:00:00,-0.9112023370777298,-0.49226934
2014-12-04 21:00:00,-0.9989797173430616,-0.47958714
2014-12-04 22:00:00,-0.9002301645445634,-0.44928795
2014-12-04 23:00:00,-0.9880075448098952,-0.43627173
2014-12-05 00:00:00,-1.0318962349425609,-0.45000798
2014-12-05 01:00:00,-1.0318962349425609,-0.42752063
2014-12-05 02:00:00,-0.9989797173430616,-0.43057984
2014-12-05 03:00:00,-1.009951889876228,-0.44827104
2014-12-05 04:00:00,-1.0209240624093945,-0.45188302
2014-12-05 05:00:00,-1.009951889876228,-0.47966546
2014-12-05 06:00:00,-0.9441188546772292,-0.3566894
2014-12-05 07:00:00,-0.9660631997435621,-0.36903793
2014-12-05 08:00:00,-0.823424956812398,-0.41723126
2014-12-05 09:00:00,-0.9770353722767287,-0.420048
2014-12-05 10:00:00,-0.9221745096108963,-0.43324864
2014-12-05 11:00:00,-0.9112023370777298,-0.4255398
2014-12-05 12:00:00,-0.9550910272103957,-0.46397716
2014-12-05 13:00:00,-0.9989797173430616,-0.49179238
2014-12-05 14:00:00,-0.9916649356542839,-0.4862103
2014-12-05 15:00:00,-0.9843501539655063,-0.4882794
2014-12-05 16:00:00,-0.9770353722767287,-0.48464358
2014-12-05 17:00:00,-0.9770353722767287,-0.48440474
2014-12-05 18:00:00,-0.7466197490802328,-0.4718442
2014-12-05 19:00:00,-0.03342853442441229,-0.47383517
2014-12-05 20:00:00,0.16407057117258417,-0.40173393
2014-12-05 21:00:00,0.3286531591700812,-0.39676303
2014-12-05 22:00:00,0.41643053943541297,-0.38956332
2014-12-05 23:00:00,0.6358739900987423,-0.37277305
2014-12-06 00:00:00,0.4383748845017459,-0.36270922
2014-12-06 01:00:00,0.5480966098334106,-0.3575338
2014-12-06 02:00:00,0.5371244373002441,-0.33918852
2014-12-06 03:00:00,0.09823753597358534,-0.38625962
2014-12-06 04:00:00,-0.17606677735557638,-0.38292187
2014-12-06 05:00:00,-0.43939891815157167,-0.24653201
2014-12-06 06:00:00,-0.680786713881234,-0.2459154
2014-12-06 07:00:00,-0.7466197490802328,-0.34581673
2014-12-06 08:00:00,-0.6149536786822352,-0.2846856
2014-12-06 09:00:00,-0.7575919216133993,-0.35151774
2014-12-06 10:00:00,-0.7575919216133993,-0.3492344
2014-12-06 11:00:00,-0.7685640941465657,-0.41923678
2014-12-06 12:00:00,-0.9221745096108963,-0.41636336
2014-12-06 13:00:00,-0.9112023370777298,-0.43184668
2014-12-06 14:00:00,-0.8892579920113969,-0.425278
2014-12-06 15:00:00,-0.7356475765470664,-0.46763992
2014-12-06 16:00:00,-0.31870502028674047,-0.39959848
2014-12-06 17:00:00,-0.3735658829525728,-0.46613342
2014-12-06 18:00:00,-0.42842674561840516,-0.251994
2014-12-06 19:00:00,-0.18703894988874287,0.020794734
2014-12-06 20:00:00,0.24087577890474945,0.2379649
2014-12-06 21:00:00,0.20795926130525003,0.29057473
2014-12-06 22:00:00,-0.05537287949074523,0.24026893
2014-12-06 23:00:00,-0.07731722455707817,0.29709
2014-12-07 00:00:00,0.021432328241420058,0.34618843
2014-12-07 01:00:00,0.8114287506294059,0.3292632
2014-12-07 02:00:00,0.40545836690224646,0.37821645
2014-12-07 03:00:00,-0.21995546748824227,0.20453395
2014-12-07 04:00:00,-0.40648240055207224,0.1767857
2014-12-07 05:00:00,-0.307732847753574,-0.004706636
2014-12-07 06:00:00,-0.45037109068473813,-0.17505868
2014-12-07 07:00:00,-0.45037109068473813,-0.24308713
2014-12-07 08:00:00,-0.307732847753574,-0.20135947
2014-12-07 09:00:00,-0.23092764002140873,-0.31992394
2014-12-07 10:00:00,-0.25287198508774167,-0.42103076
2014-12-07 11:00:00,-0.04440070695757876,-0.46703237
2014-12-07 12:00:00,-0.5052319533505705,-0.35588765
2014-12-07 13:00:00,-0.7246754040138998,-0.23164804
2014-12-07 14:00:00,-0.9002301645445634,-0.2537449
2014-12-07 15:00:00,-0.8563414744118975,-0.2594375
2014-12-07 16:00:00,-0.867313646945064,-0.12798794
2014-12-07 17:00:00,-0.9331466821440627,-0.11039004
2014-12-07 18:00:00,-0.9550910272103957,-0.08546536
2014-12-07 19:00:00,-0.9770353722767287,0.05783265
2014-12-07 20:00:00,-0.9112023370777298,0.2524132
2014-12-07 21:00:00,-0.9002301645445634,0.36477655
2014-12-07 22:00:00,-0.9221745096108963,0.18776797
2014-12-07 23:00:00,-0.9112023370777298,0.22770523
2014-12-08 00:00:00,-0.9002301645445634,0.29300523
2014-12-08 01:00:00,-0.9221745096108963,0.5967434
2014-12-08 02:00:00,-0.9331466821440627,0.51093274
2014-12-08 03:00:00,-0.9112023370777298,0.29848015
2014-12-08 04:00:00,-0.8892579920113969,0.27070028
2014-12-08 05:00:00,-0.9331466821440627,0.25647593
2014-12-08 06:00:00,-0.8563414744118975,0.24599198
2014-12-08 07:00:00,-0.8782858194782304,0.19049054
2014-12-08 08:00:00,-0.867313646945064,0.1792934
2014-12-08 09:00:00,-0.7466197490802328,0.17415407
2014-12-08 10:00:00,-0.8782858194782304,0.18640734
2014-12-08 11:00:00,-0.7575919216133993,-0.0021391995
2014-12-08 12:00:00,-0.658842368814901,-0.2498601
2014-12-08 13:00:00,0.021432328241420058,-0.3679756
2014-12-08 14:00:00,0.18601491623891708,-0.45948076
2014-12-08 15:00:00,-0.0005120168249128817,-0.42208117
2014-12-08 16:00:00,0.19698708877208357,-0.40923274
2014-12-08 17:00:00,0.39448619436908,-0.42565244
2014-12-08 18:00:00,0.4109444531688297,-0.4312799
2014-12-08 19:00:00,0.42740271196857943,-0.40454352
2014-12-08 20:00:00,0.44386097076832914,-0.4178422
2014-12-08 21:00:00,0.4603192295680788,-0.398404
2014-12-08 22:00:00,0.4767774883678285,-0.33853537
2014-12-08 23:00:00,0.49323574716757823,-0.29948843
2014-12-09 00:00:00,0.8772617858284046,-0.27636045
2014-12-09 01:00:00,1.0226430718928603,-0.19846837
2014-12-09 02:00:00,1.1680243579573162,-0.18981081
2014-12-09 03:00:00,1.3134056440217718,-0.1932596
2014-12-09 04:00:00,1.4587869300862275,-0.19386192
2014-12-09 05:00:00,1.6041682161506832,-0.22625391
2014-12-09 06:00:00,1.749549502215139,-0.22509213
2014-12-09 07:00:00,1.8949307882795947,-0.23552205
2014-12-09 08:00:00,2.0403120743440506,-0.10279979
2014-12-09 09:00:00,2.1856933604085063,-0.11630379
2014-12-09 10:00:00,2.331074646472962,-0.20591772
2014-12-09 11:00:00,2.4764559325374176,-0.07199177
2014-12-09 12:00:00,2.6218372186018732,0.0073491484
2014-12-09 13:00:00,2.7973919791325366,0.24774788
2014-12-09 14:00:00,3.1594736727270303,0.3505391
2014-12-09 15:00:00,3.181418017793363,0.28177908
2014-12-09 16:00:00,3.016835429795866,0.38993323
2014-12-09 17:00:00,2.9290580495305343,0.50351113
2014-12-09 18:00:00,2.7644754615330376,0.5452283
2014-12-09 19:00:00,2.753503288999871,0.54780275
2014-12-09 20:00:00,2.808364151665703,0.568521
2014-12-09 21:00:00,2.9290580495305343,0.60031617
2014-12-09 22:00:00,2.8632250143315354,0.52109164
2014-12-09 23:00:00,2.7425311164667043,0.6303485
2014-12-10 00:00:00,2.314616387673212,0.77409434
2014-12-10 01:00:00,2.402393767938544,0.8780288
2014-12-10 02:00:00,2.5340598383365416,0.89967513
2014-12-10 03:00:00,2.2268390074078805,0.9577986
2014-12-10 04:00:00,2.2048946623415473,1.0239449
2014-12-10 05:00:00,2.25975552500738,1.0631223
2014-12-10 06:00:00,2.314616387673212,1.1294332
2014-12-10 07:00:00,2.3914215954053772,1.187656
2014-12-10 08:00:00,2.4682268031375427,1.24655
2014-12-10 09:00:00,0.5700409548997435,1.1562046
2014-12-10 10:00:00,-0.3845380554857393,1.2879237
2014-12-10 11:00:00,-0.47231543575107104,1.2411634
2014-12-10 12:00:00,-0.40648240055207224,1.4166757
2014-12-10 13:00:00,-0.4174545730852387,1.5409766
2014-12-10 14:00:00,-0.6039815061490686,1.610344
2014-12-10 15:00:00,-0.8892579920113969,1.6353692
2014-12-10 16:00:00,-0.867313646945064,1.5569621
2014-12-10 17:00:00,-0.9550910272103957,1.3773774
2014-12-10 18:00:00,-0.7575919216133993,1.3158597
2014-12-10 19:00:00,-0.9112023370777298,1.2883773
2014-12-10 20:00:00,-0.9441188546772292,1.3278652
2014-12-10 21:00:00,-0.9550910272103957,1.3833029
2014-12-10 22:00:00,-0.9221745096108963,1.308266
2014-12-10 23:00:00,-0.9002301645445634,1.2627951
2014-12-11 00:00:00,-0.9002301645445634,1.2552263
2014-12-11 01:00:00,-0.8782858194782304,1.3115585
2014-12-11 02:00:00,-0.9112023370777298,1.3455058
2014-12-11 03:00:00,-0.9989797173430616,1.2230994
2014-12-11 04:00:00,-0.9221745096108963,1.110031
2014-12-11 05:00:00,-0.9441188546772292,1.1775103
2014-12-11 06:00:00,-1.0209240624093945,1.2320372
2014-12-11 07:00:00,-0.9331466821440627,1.336555
2014-12-11 08:00:00,-0.9770353722767287,1.2516884
2014-12-11 09:00:00,-0.9550910272103957,0.5454152
2014-12-11 10:00:00,-0.9221745096108963,0.121765845
2014-12-11 11:00:00,-0.9441188546772292,-0.046416
2014-12-11 12:00:00,-0.9441188546772292,-0.09936936
2014-12-11 13:00:00,-0.9441188546772292,-0.14770497
2014-12-11 14:00:00,-0.9441188546772292,-0.29230356
2014-12-11 15:00:00,-0.9660631997435621,-0.4211226
2014-12-11 16:00:00,-0.7795362666797322,-0.41788536
2014-12-11 17:00:00,-0.658842368814901,-0.43260837
2014-12-11 18:00:00,-0.08828939709024464,-0.35455626
2014-12-11 19:00:00,-0.2638441576209081,-0.3656584
2014-12-11 20:00:00,-0.2089832949550758,-0.3622743
2014-12-11 21:00:00,-0.7466197490802328,-0.3435924
2014-12-11 22:00:00,-0.9989797173430616,-0.30674922
2014-12-11 23:00:00,-0.9660631997435621,-0.30029732
2014-12-12 00:00:00,-1.009951889876228,-0.30211335
2014-12-12 01:00:00,-1.009951889876228,-0.29407722
2014-12-12 02:00:00,-1.009951889876228,-0.31746757
2014-12-12 03:00:00,-0.9989797173430616,-0.36388993
2014-12-12 04:00:00,-0.9660631997435621,-0.3462326
2014-12-12 05:00:00,-0.9441188546772292,-0.3431105
2014-12-12 06:00:00,-0.9989797173430616,-0.3581789
2014-12-12 07:00:00,-1.0209240624093945,-0.33460587
2014-12-12 08:00:00,-1.009951889876228,-0.37318593
2014-12-12 09:00:00,-0.9660631997435621,-0.23059566
2014-12-12 10:00:00,-0.9550910272103957,-0.27848935
2014-12-12 11:00:00,-0.9989797173430616,-0.26947385
2014-12-12 12:00:00,-0.9112023370777298,-0.2380069
2014-12-12 13:00:00,-0.9002301645445634,-0.23925431
2014-12-12 14:00:00,-0.9441188546772292,-0.27522933
2014-12-12 15:00:00,-0.9880075448098952,-0.30856645
2014-12-12 16:00:00,-0.9660631997435621,-0.23885514
2014-12-12 17:00:00,-0.9989797173430616,-0.08356559
2014-12-12 18:00:00,-0.9441188546772292,0.119152695
2014-12-12 19:00:00,-0.9112023370777298,0.10997065
2014-12-12 20:00:00,-0.867313646945064,0.054751176
2014-12-12 21:00:00,-0.5820371610827357,-0.21566583
2014-12-12 22:00:00,-0.9002301645445634,-0.31576252
2014-12-12 23:00:00,-0.9331466821440627,-0.25124848
2014-12-13 00:00:00,-0.9660631997435621,-0.23870714
2014-12-13 01:00:00,-0.9221745096108963,-0.21196921
2014-12-13 02:00:00,-0.9331466821440627,-0.23666371
2014-12-13 03:00:00,-0.9550910272103957,-0.2784887
2014-12-13 04:00:00,-0.9221745096108963,-0.29533136
2014-12-13 05:00:00,-0.9221745096108963,-0.30585188
2014-12-13 06:00:00,-0.9880075448098952,-0.35364342
2014-12-13 07:00:00,-0.9550910272103957,-0.37552845
2014-12-13 08:00:00,-0.7356475765470664,-0.36687
2014-12-13 09:00:00,-0.6917588864144004,-0.37141216
2014-12-13 10:00:00,-0.7027310589475669,-0.42386252
2014-12-13 11:00:00,-0.516204125883737,-0.46347737
2014-12-13 12:00:00,-0.4613432632179046,-0.45041078
2014-12-13 13:00:00,-0.5930093336159022,-0.4353631
2014-12-13 14:00:00,-0.6259258512154017,-0.47070003
2014-12-13 15:00:00,-0.6478701962817346,-0.4981886
2014-12-13 16:00:00,-0.6149536786822352,-0.501941
2014-12-13 17:00:00,-0.307732847753574,-0.5180558
2014-12-13 18:00:00,-0.21995546748824227,-0.22527666
2014-12-13 19:00:00,-0.15412243228924344,-0.11877313
2014-12-13 20:00:00,-0.19801112242190932,-0.07125157
2014-12-13 21:00:00,-0.15412243228924344,0.028754752
2014-12-13 22:00:00,-0.02245636189124582,-0.0004248321
2014-12-13 23:00:00,0.13115405357308474,0.033304386
2014-12-14 00:00:00,0.2847644690374153,0.035084885
2014-12-14 01:00:00,1.0089278562264024,0.034693416
2014-12-14 02:00:00,1.2283713068897317,0.01801031
2014-12-14 03:00:00,0.4822635746344118,0.0406396
2014-12-14 04:00:00,0.07629319090725241,0.010562081
2014-12-14 05:00:00,-0.15412243228924344,0.009762246
2014-12-14 06:00:00,-0.11023374215657758,-0.02834212
2014-12-14 07:00:00,-0.05537287949074523,-0.12820394
2014-12-14 08:00:00,-0.31870502028674047,-0.21078946
2014-12-14 09:00:00,-0.2638441576209081,-0.114125505
2014-12-14 10:00:00,-0.27481633015407464,-0.21476863
2014-12-14 11:00:00,-0.4613432632179046,-0.09722845
2014-12-14 12:00:00,-0.516204125883737,-0.019124106
2014-12-14 13:00:00,-0.45037109068473813,-0.101672664
2014-12-14 14:00:00,-0.5600928160164028,-0.10898325
2014-12-14 15:00:00,-0.6149536786822352,-0.16887291
2014-12-14 16:00:00,-0.5491206434832363,-0.1628386
2014-12-14 17:00:00,-0.3516215378862399,-0.052532844
2014-12-14 18:00:00,0.10920970850675181,0.03235233
2014-12-14 19:00:00,0.31768098663691474,0.09069528
2014-12-14 20:00:00,0.2518479514379159,0.20551957
2014-12-14 21:00:00,0.09823753597358534,0.13478115
2014-12-14 22:00:00,0.3505975042364141,0.27179825
2014-12-14 23:00:00,0.6578183351650753,0.3728487
2014-12-15 00:00:00,0.7346235428972405,0.4885443
2014-12-15 01:00:00,1.7221190708822227,0.73185027
2014-12-15 02:00:00,2.095172937009883,0.6306359
2014-12-15 03:00:00,2.2487833524742133,0.31747156
2014-12-15 04:00:00,2.270727697540546,0.15031317
2014-12-15 05:00:00,2.1171172820762156,0.07475653
2014-12-15 06:00:00,1.8537851412802204,0.022974748
2014-12-15 07:00:00,-0.5820371610827357,0.02637055
2014-12-15 08:00:00,-0.8343971293455645,-0.07336398
2014-12-15 09:00:00,-0.9112023370777298,-0.1374572
2014-12-15 10:00:00,-0.9660631997435621,-0.17437454
2014-12-15 11:00:00,-0.9989797173430616,-0.26037407
2014-12-15 12:00:00,-0.9880075448098952,-0.15366645
2014-12-15 13:00:00,-0.9989797173430616,-0.058920443
2014-12-15 14:00:00,-0.9770353722767287,-0.08297001
2014-12-15 15:00:00,-1.009951889876228,-0.15438312
2014-12-15 16:00:00,-0.9550910272103957,-0.17608275
2014-12-15 17:00:00,-0.9660631997435621,-0.051537402
2014-12-15 18:00:00,-0.9880075448098952,0.14612839
2014-12-15 19:00:00,-0.9989797173430616,0.28878897
2014-12-15 20:00:00,-0.9002301645445634,0.36656892
2014-12-15 21:00:00,-0.9880075448098952,0.36958152
2014-12-15 22:00:00,-0.9770353722767287,0.43117118
2014-12-15 23:00:00,-0.9770353722767287,0.5171237
2014-12-16 00:00:00,-1.0318962349425609,0.56785434
2014-12-16 01:00:00,-1.0318962349425609,0.9283368
2014-12-16 02:00:00,-1.0318962349425609,0.877688
2014-12-16 03:00:00,-1.0428684074757275,0.87020177
2014-12-16 04:00:00,-0.9880075448098952,0.98173696
2014-12-16 05:00:00,-0.9989797173430616,0.8884285
2014-12-16 06:00:00,-0.9770353722767287,0.9088665
2014-12-16 07:00:00,-0.9770353722767287,-0.011858154
2014-12-16 08:00:00,-1.009951889876228,-0.16920254
2014-12-16 09:00:00,-0.9660631997435621,-0.23672093
2014-12-16 10:00:00,-0.9331466821440627,-0.31246603
2014-12-16 11:00:00,-0.9770353722767287,-0.3619737
2014-12-16 12:00:00,-0.9989797173430616,-0.368078
2014-12-16 13:00:00,-0.823424956812398,-0.39925098
2014-12-16 14:00:00,-0.845369301878731,-0.45565116
2014-12-16 15:00:00,-0.9550910272103957,-0.467021
2014-12-16 16:00:00,-1.009951889876228,-0.47874928
2014-12-16 17:00:00,-0.9880075448098952,-0.45707923
2014-12-16 18:00:00,-0.9770353722767287,-0.5089262
2014-12-16 19:00:00,-0.9660631997435621,-0.48402947
2014-12-16 20:00:00,-0.9441188546772292,-0.42416984
2014-12-16 21:00:00,-0.9441188546772292,-0.40517616
2014-12-16 22:00:00,-0.9880075448098952,-0.3712883
2014-12-16 23:00:00,-1.009951889876228,-0.3605461
2014-12-17 00:00:00,-0.9989797173430616,-0.37248367
2014-12-17 01:00:00,-0.9989797173430616,-0.35421938
2014-12-17 02:00:00,-1.009951889876228,-0.36529964
2014-12-17 03:00:00,-0.9112023370777298,-0.36320323
2014-12-17 04:00:00,-0.7685640941465657,-0.37794375
2014-12-17 05:00:00,-0.6259258512154017,-0.40858817
2014-12-17 06:00:00,-0.47231543575107104,-0.40237707
2014-12-17 07:00:00,-0.3845380554857393,-0.44152635
2014-12-17 08:00:00,-0.21995546748824227,-0.47461987
2014-12-17 09:00:00,-0.13217808722291052,-0.48932892
2014-12-17 10:00:00,-0.04440070695757876,-0.50916713
2014-12-17 11:00:00,0.22990360637158297,-0.52054846
2014-12-17 12:00:00,0.5700409548997435,-0.5419554
2014-12-17 13:00:00,0.7894844055630729,-0.5036451
2014-12-17 14:00:00,0.3067088141037483,-0.5258144
2014-12-17 15:00:00,-0.25287198508774167,-0.5917679
2014-12-17 16:00:00,-0.3845380554857393,-0.60218513
2014-12-17 17:00:00,-0.23092764002140873,-0.58890885
2014-12-17 18:00:00,-0.07731722455707817,-0.58974415
2014-12-17 19:00:00,0.043376673307752994,-0.59723365
2014-12-17 20:00:00,1.118649581558067,-0.5434778
2014-12-17 21:00:00,1.5904530004842252,-0.5393817
2014-12-17 22:00:00,1.3710095498208958,-0.54088145
2014-12-17 23:00:00,0.8772617858284046,-0.5029956
2014-12-18 00:00:00,0.8772617858284046,-0.49664485
2014-12-18 01:00:00,0.76754006049674,-0.52832216
2014-12-18 02:00:00,0.6578183351650753,-0.07639415
2014-12-18 03:00:00,0.5042079197007447,-0.11135347
2014-12-18 04:00:00,0.27379229650424886,-0.13085933
2014-12-18 05:00:00,0.3286531591700812,-0.103048995
2014-12-18 06:00:00,0.41643053943541297,-0.04543955
2014-12-18 07:00:00,0.5151800922339111,0.04501403
2014-12-18 08:00:00,0.38351402183591354,0.17079921
2014-12-18 09:00:00,0.39448619436908,0.17787635
2014-12-18 10:00:00,0.2628201239710824,0.06350077
2014-12-18 11:00:00,0.38351402183591354,0.08300797
2014-12-18 12:00:00,0.3505975042364141,0.31072664
2014-12-18 13:00:00,0.36156967676958063,0.36851144
2014-12-18 14:00:00,0.4603192295680788,0.26649874
2014-12-18 15:00:00,0.6907348527645747,0.07557525
2014-12-18 16:00:00,0.7236513703640741,0.029508859
2014-12-18 17:00:00,0.9760113386269029,0.0996585
2014-12-18 18:00:00,1.118649581558067,0.04591003
2014-12-18 19:00:00,1.4039260674203953,0.009756204
2014-12-18 20:00:00,1.5355921378183928,0.51508975
2014-12-18 21:00:00,1.4807312751525605,0.7951949
2014-12-18 22:00:00,1.6672582082163905,0.8166742
2014-12-18 23:00:00,1.6892025532827233,0.6480734
2014-12-19 00:00:00,1.9086460039460527,0.57247144
2014-12-19 01:00:00,1.6782303807495569,0.49587142
2014-12-19 02:00:00,1.6233695180837246,0.42449296
2014-12-19 03:00:00,1.305176514621897,0.340573
2014-12-19 04:00:00,1.0857330639585676,0.2676313
2014-12-19 05:00:00,1.0747608914254012,0.2779565
2014-12-19 06:00:00,1.1405939266243998,0.2673036
2014-12-19 07:00:00,-0.3735658829525728,0.2968064
2014-12-19 08:00:00,-0.8563414744118975,0.2456486
2014-12-19 09:00:00,-0.8892579920113969,0.23316745
2014-12-19 10:00:00,-0.9221745096108963,0.14744122
2014-12-19 11:00:00,-0.9770353722767287,0.1931073
2014-12-19 12:00:00,-0.9112023370777298,0.17347541
2014-12-19 13:00:00,-0.9331466821440627,0.26422757
2014-12-19 14:00:00,-0.9441188546772292,0.36526597
2014-12-19 15:00:00,-0.9660631997435621,0.43441606
2014-12-19 16:00:00,-1.0209240624093945,0.41185218
2014-12-19 17:00:00,-1.0209240624093945,0.5470795
2014-12-19 18:00:00,-0.9331466821440627,0.65998465
2014-12-19 19:00:00,-1.0209240624093945,0.7685184
2014-12-19 20:00:00,-0.9880075448098952,0.8568211
2014-12-19 21:00:00,-1.009951889876228,0.6990318
2014-12-19 22:00:00,-0.9660631997435621,0.7500543
2014-12-19 23:00:00,-0.9770353722767287,0.861587
2014-12-20 00:00:00,-0.9989797173430616,0.8579799
2014-12-20 01:00:00,-0.9441188546772292,0.74741447
2014-12-20 02:00:00,-1.009951889876228,0.7003999
2014-12-20 03:00:00,-0.9660631997435621,0.5560307
2014-12-20 04:00:00,-0.9770353722767287,0.4211083
2014-12-20 05:00:00,-0.9660631997435621,0.40530813
2014-12-20 06:00:00,-0.9331466821440627,0.38621616
2014-12-20 07:00:00,-0.9660631997435621,-0.19044155
2014-12-20 08:00:00,-0.9660631997435621,-0.40481353
2014-12-20 09:00:00,-0.9660631997435621,-0.44122082
2014-12-20 10:00:00,-0.9660631997435621,-0.5131132
2014-12-20 11:00:00,-0.9660631997435621,-0.52003855
2014-12-20 12:00:00,-0.9660631997435621,-0.51285964
2014-12-20 13:00:00,-0.9660631997435621,-0.52179223
2014-12-20 14:00:00,-0.9660631997435621,-0.5408136
2014-12-20 15:00:00,-0.9660631997435621,-0.5535309
2014-12-20 16:00:00,-0.9660631997435621,-0.6010328
2014-12-20 17:00:00,-0.9660631997435621,-0.6029431
2014-12-20 18:00:00,-0.9441188546772292,-0.5814255
2014-12-20 19:00:00,-0.9880075448098952,-0.586246
2014-12-20 20:00:00,-1.0209240624093945,-0.52014464
2014-12-20 21:00:00,-1.009951889876228,-0.49776798
2014-12-20 22:00:00,-1.0318962349425609,-0.46325302
2014-12-20 23:00:00,-1.053840580008894,-0.45272195
2014-12-21 00:00:00,-1.053840580008894,-0.4497187
2014-12-21 01:00:00,-1.0209240624093945,-0.429716
2014-12-21 02:00:00,-1.0318962349425609,-0.45015335
2014-12-21 03:00:00,-1.009951889876228,-0.43678886
2014-12-21 04:00:00,-1.0209240624093945,-0.45045888
2014-12-21 05:00:00,-1.0318962349425609,-0.45379817
2014-12-21 06:00:00,-0.9989797173430616,-0.4537719
2014-12-21 07:00:00,-0.9989797173430616,-0.47248465
2014-12-21 08:00:00,-0.9989797173430616,-0.5019955
2014-12-21 09:00:00,-1.009951889876228,-0.49221396
2014-12-21 10:00:00,-0.9770353722767287,-0.5192803
2014-12-21 11:00:00,-0.9112023370777298,-0.5161129
2014-12-21 12:00:00,-0.867313646945064,-0.52713364
2014-12-21 13:00:00,-0.9660631997435621,-0.5472035
2014-12-21 14:00:00,-0.8782858194782304,-0.58460575
2014-12-21 15:00:00,-0.9331466821440627,-0.5995446
2014-12-21 16:00:00,-0.9550910272103957,-0.62003094
2014-12-21 17:00:00,-0.9441188546772292,-0.60185736
2014-12-21 18:00:00,-0.8782858194782304,-0.60004765
2014-12-21 19:00:00,-0.7466197490802328,-0.60718817
2014-12-21 20:00:00,-0.7356475765470664,-0.5943661
2014-12-21 21:00:00,-0.5930093336159022,-0.60106105
2014-12-21 22:00:00,-0.516204125883737,-0.6115361
2014-12-21 23:00:00,-0.3955102280189058,-0.6039998
2014-12-22 00:00:00,-0.516204125883737,-0.5959156
2014-12-22 01:00:00,-0.307732847753574,-0.57035106
2014-12-22 02:00:00,-0.16509460482240992,-0.57347846
2014-12-22 03:00:00,-0.05537287949074523,-0.5693214
2014-12-22 04:00:00,-0.02245636189124582,-0.56559116
2014-12-22 05:00:00,0.054348845840919466,-0.5685609
2014-12-22 06:00:00,0.18601491623891708,-0.58485466
2014-12-22 07:00:00,0.18601491623891708,-0.59000796
2014-12-22 08:00:00,0.2847644690374153,-0.612943
2014-12-22 09:00:00,0.49323574716757823,-0.640286
2014-12-22 10:00:00,0.39448619436908,-0.66645163
2014-12-22 11:00:00,-0.05537287949074523,-0.636241
2014-12-22 12:00:00,-0.21995546748824227,-0.61447257
2014-12-22 13:00:00,-0.5381484709500699,-0.6483739
2014-12-22 14:00:00,-0.36259371041940636,-0.64938086
2014-12-22 15:00:00,-0.31870502028674047,-0.7170463
2014-12-22 16:00:00,-0.40648240055207224,-0.74325806
2014-12-22 17:00:00,-0.21995546748824227,-0.76099557
2014-12-22 18:00:00,-0.27481633015407464,-0.7588245
2014-12-22 19:00:00,-0.14315025975607698,-0.13954398
2014-12-22 20:00:00,0.054348845840919466,-0.18603198
2014-12-22 21:00:00,0.27379229650424886,-0.1572192
2014-12-22 22:00:00,0.16407057117258417,-0.080434114
2014-12-22 23:00:00,0.2518479514379159,0.04184241
2014-12-23 00:00:00,0.4603192295680788,0.033769786
2014-12-23 01:00:00,0.8553174407620717,0.13829815
2014-12-23 02:00:00,0.6907348527645747,0.13742083
2014-12-23 03:00:00,0.6797626802314082,0.2305682
2014-12-23 04:00:00,0.49323574716757823,0.26666224
2014-12-23 05:00:00,0.15309839863941768,0.22801985
2014-12-23 06:00:00,-0.17606677735557638,0.21523897
2014-12-23 07:00:00,0.021432328241420058,0.1019496
2014-12-23 08:00:00,-0.19801112242190932,0.0536893
2014-12-23 09:00:00,-0.13217808722291052,0.032753184
2014-12-23 10:00:00,-0.11023374215657758,0.023206
2014-12-23 11:00:00,-0.13217808722291052,0.028463513
2014-12-23 12:00:00,-0.05537287949074523,0.061128143
2014-12-23 13:00:00,-0.2089832949550758,-0.024134107
2014-12-23 14:00:00,-0.12120591468974404,-0.057905637
2014-12-23 15:00:00,-0.05537287949074523,-0.095366344
2014-12-23 16:00:00,-0.47231543575107104,-0.1637532
2014-12-23 17:00:00,-0.4174545730852387,-0.078213826
2014-12-23 18:00:00,1.469759102619394,-0.039584026
2014-12-23 19:00:00,0.19698708877208357,0.1624563
2014-12-23 20:00:00,0.08726536344041887,0.2549019
2014-12-23 21:00:00,-0.7356475765470664,0.37422544
2014-12-23 22:00:00,-0.867313646945064,0.36870015
2014-12-23 23:00:00,-0.9441188546772292,0.41934568
2014-12-24 00:00:00,-0.9550910272103957,0.3487383
2014-12-24 01:00:00,-0.9989797173430616,0.37647337
2014-12-24 02:00:00,-0.9880075448098952,0.2566622
2014-12-24 03:00:00,-0.9770353722767287,0.23050635
2014-12-24 04:00:00,-0.9989797173430616,0.1850273
2014-12-24 05:00:00,-0.9331466821440627,0.018415133
2014-12-24 06:00:00,-0.9550910272103957,-0.10820784
2014-12-24 07:00:00,-0.9660631997435621,-0.0912063
2014-12-24 08:00:00,-0.9770353722767287,-0.18862028
2014-12-24 09:00:00,-0.9002301645445634,-0.19319472
2014-12-24 10:00:00,-0.9112023370777298,-0.21650667
2014-12-24 11:00:00,-0.9770353722767287,-0.2151215
2014-12-24 12:00:00,-0.9660631997435621,-0.21278231
2014-12-24 13:00:00,-0.9441188546772292,-0.2956754
2014-12-24 14:00:00,-0.9441188546772292,-0.29235232
2014-12-24 15:00:00,-0.9660631997435621,-0.33602208
2014-12-24 16:00:00,-0.9221745096108963,-0.47576255
2014-12-24 17:00:00,-0.9221745096108963,-0.33773625
2014-12-24 18:00:00,-0.9660631997435621,0.38897878
2014-12-24 19:00:00,-0.8782858194782304,-0.034324758
2014-12-24 20:00:00,-0.845369301878731,-0.08485483
2014-12-24 21:00:00,-0.9221745096108963,-0.23429729
2014-12-24 22:00:00,-0.9112023370777298,-0.26064843
2014-12-24 23:00:00,-0.9002301645445634,-0.31666267
2014-12-25 00:00:00,-0.8782858194782304,-0.224351
2014-12-25 01:00:00,-0.8563414744118975,-0.2537284
2014-12-25 02:00:00,-0.8563414744118975,-0.34140658
2014-12-25 03:00:00,-0.9880075448098952,-0.36102128
2014-12-25 04:00:00,-0.9441188546772292,-0.406514
2014-12-25 05:00:00,-0.9441188546772292,-0.32699978
2014-12-25 06:00:00,-0.9002301645445634,-0.3631031
2014-12-25 07:00:00,-0.9550910272103957,-0.37140173
2014-12-25 08:00:00,-0.9002301645445634,-0.3562032
2014-12-25 09:00:00,-0.8014806117460651,-0.3283183
2014-12-25 10:00:00,-0.680786713881234,-0.37205917
2014-12-25 11:00:00,-0.823424956812398,-0.4482273
2014-12-25 12:00:00,-0.9221745096108963,-0.3818838
2014-12-25 13:00:00,-0.9221745096108963,-0.3493774
2014-12-25 14:00:00,-0.9989797173430616,-0.31710523
2014-12-25 15:00:00,-1.009951889876228,-0.32503796
2014-12-25 16:00:00,-0.9002301645445634,-0.32717746
2014-12-25 17:00:00,-0.7575919216133993,-0.2999146
2014-12-25 18:00:00,-0.680786713881234,-0.2905184
2014-12-25 19:00:00,-0.5600928160164028,-0.25682575
2014-12-25 20:00:00,-0.5271762984169034,-0.2259679
2014-12-25 21:00:00,-0.5491206434832363,-0.22361593
2014-12-25 22:00:00,-0.5381484709500699,-0.22163613
2014-12-25 23:00:00,-0.34064936535307344,-0.2133577
2014-12-26 00:00:00,-0.07731722455707817,-0.18950368
2014-12-26 01:00:00,-0.0663450520239117,-0.17924419
2014-12-26 02:00:00,0.5151800922339111,-0.20582905
2014-12-26 03:00:00,1.3819817223540622,-0.25070465
2014-12-26 04:00:00,0.8662896132952382,-0.252357
2014-12-26 05:00:00,0.58101312743291,-0.25120753
2014-12-26 06:00:00,0.36156967676958063,-0.15085785
2014-12-26 07:00:00,0.29573664157058177,-0.20953627
2014-12-26 08:00:00,0.20795926130525003,-0.23663999
2014-12-26 09:00:00,0.12018188103991828,-0.256562
2014-12-26 10:00:00,0.19698708877208357,-0.259032
2014-12-26 11:00:00,0.17504274370575063,-0.25343603
2014-12-26 12:00:00,0.33962533170324766,-0.23663737
2014-12-26 13:00:00,0.5700409548997435,-0.27028245
2014-12-26 14:00:00,0.6907348527645747,-0.34001404
2014-12-26 15:00:00,0.7785122330299065,-0.4039635
2014-12-26 16:00:00,1.0747608914254012,-0.276151
2014-12-26 17:00:00,1.469759102619394,-0.11822583
2014-12-26 18:00:00,1.7550355884817221,0.0022065416
2014-12-26 19:00:00,1.8757294863465535,0.1614545
2014-12-26 20:00:00,1.5794808279510586,0.18478923
2014-12-26 21:00:00,1.5575364828847258,0.22722138
2014-12-26 22:00:00,1.2064269618233987,0.19105174
2014-12-26 23:00:00,1.0308722012927352,0.2599029
2014-12-27 00:00:00,0.6907348527645747,0.34104586
2014-12-27 01:00:00,1.0308722012927352,0.3896914
2014-12-27 02:00:00,0.9540669935605699,0.6080908
2014-12-27 03:00:00,1.2722599970223976,0.8445594
2014-12-27 04:00:00,1.3710095498208958,0.59099156
2014-12-27 05:00:00,1.0857330639585676,0.46519387
2014-12-27 06:00:00,1.1735104442238993,0.384884
2014-12-27 07:00:00,1.3929538948872286,0.3338437
2014-12-27 08:00:00,1.7440634159485557,0.3926553
2014-12-27 09:00:00,0.8992061308947376,0.28181642
2014-12-27 10:00:00,0.932122648494237,0.22647028
2014-12-27 11:00:00,0.9979556836932358,0.27775842
2014-12-27 12:00:00,1.0308722012927352,0.39880317
2014-12-27 13:00:00,1.0308722012927352,0.53054917
2014-12-27 14:00:00,1.0089278562264024,0.60421264
2014-12-27 15:00:00,1.184482616757066,0.62126535
2014-12-27 16:00:00,1.3600373772877292,0.6941808
2014-12-27 17:00:00,1.634341690616891,0.83218116
2014-12-27 18:00:00,2.380449422872211,0.8034212
2014-12-27 19:00:00,2.501143320737042,0.9269706
2014-12-27 20:00:00,2.731558943933538,0.8309749
2014-12-27 21:00:00,2.4901711482038755,0.93466735
2014-12-27 22:00:00,2.7205867714003715,0.91393834
2014-12-27 23:00:00,2.8851693593978687,0.8818739
2014-12-28 00:00:00,3.126557155127531,0.6659369
2014-12-28 01:00:00,3.2143345353928625,0.66615695
2014-12-28 02:00:00,3.1594736727270303,0.58594924
2014-12-28 03:00:00,3.7739153345843524,0.6171125
2014-12-28 04:00:00,2.566976355936041,0.66530603
2014-12-28 05:00:00,2.0183677292777173,0.57465225
2014-12-28 06:00:00,1.798924278614388,0.61291504
2014-12-28 07:00:00,1.3271208596882298,0.6366151
2014-12-28 08:00:00,0.6578183351650753,0.7028653
2014-12-28 09:00:00,0.6578183351650753,0.4152342
2014-12-28 10:00:00,-0.08828939709024464,0.41069806
2014-12-28 11:00:00,-0.45037109068473813,0.41732246
2014-12-28 12:00:00,-0.34064936535307344,0.42433137
2014-12-28 13:00:00,-0.5710649885495693,0.586386
2014-12-28 14:00:00,-0.7466197490802328,0.64175534
2014-12-28 15:00:00,-0.7356475765470664,0.6476464
2014-12-28 16:00:00,-0.6039815061490686,0.6821607
2014-12-28 17:00:00,-0.6368980237485681,0.74188304
2014-12-28 18:00:00,-0.6478701962817346,1.0485845
2014-12-28 19:00:00,0.10920970850675181,1.1665405
2014-12-28 20:00:00,0.8224009231625723,1.2773025
2014-12-28 21:00:00,2.1171172820762156,1.2792236
2014-12-28 22:00:00,2.457254630604376,1.442906
2014-12-28 23:00:00,2.643781563668206,1.5114068
2014-12-29 00:00:00,2.874197186864702,1.5896116
2014-12-29 01:00:00,2.983918912196367,1.4696959
2014-12-29 02:00:00,2.994891084729533,1.4092175
2014-12-29 03:00:00,2.983918912196367,1.5603472
2014-12-29 04:00:00,2.3914215954053772,1.1539539
2014-12-29 05:00:00,0.9650391660937364,0.9327566
2014-12-29 06:00:00,0.7785122330299065,0.8190026
2014-12-29 07:00:00,0.39448619436908,0.61186236
2014-12-29 08:00:00,0.2628201239710824,0.30430174
2014-12-29 09:00:00,0.44934705703491234,0.2598244
2014-12-29 10:00:00,0.3505975042364141,0.0074171126
2014-12-29 11:00:00,0.3725418493027471,-0.11265299
2014-12-29 12:00:00,-0.4832876082842375,-0.15089087
2014-12-29 13:00:00,-0.5710649885495693,-0.2746722
2014-12-29 14:00:00,-0.8014806117460651,-0.3740875
2014-12-29 15:00:00,-0.7905084392128987,-0.4569592
2014-12-29 16:00:00,-0.8782858194782304,-0.4289515
2014-12-29 17:00:00,-0.8563414744118975,-0.43251193
2014-12-29 18:00:00,0.2189314338384165,-0.42658758
2014-12-29 19:00:00,0.09823753597358534,-0.16402481
2014-12-29 20:00:00,0.13115405357308474,0.2553745
2014-12-29 21:00:00,0.3067088141037483,0.7181533
2014-12-29 22:00:00,0.7017070252977412,0.9188898
2014-12-29 23:00:00,0.6468461626319087,1.0361738
2014-12-30 00:00:00,0.9760113386269029,1.1718446
2014-12-30 01:00:00,-0.03342853442441229,1.2272531
2014-12-30 02:00:00,-0.2089832949550758,1.261527
2014-12-30 03:00:00,-0.7905084392128987,1.2764026
2014-12-30 04:00:00,-0.823424956812398,1.101152
2014-12-30 05:00:00,-0.9989797173430616,0.65053296
2014-12-30 06:00:00,-0.9989797173430616,0.4614904
2014-12-30 07:00:00,-0.9550910272103957,0.26684356
2014-12-30 08:00:00,-0.9112023370777298,0.26373866
2014-12-30 09:00:00,-0.9221745096108963,0.34377676
2014-12-30 10:00:00,-0.823424956812398,0.28409058
2014-12-30 11:00:00,-0.5710649885495693,0.26409382
2014-12-30 12:00:00,-0.5600928160164028,-0.15537022
2014-12-30 13:00:00,-0.29676067522040755,-0.32132775
2014-12-30 14:00:00,-0.3845380554857393,-0.4757238
2014-12-30 15:00:00,-0.494259780817404,-0.5577603
2014-12-30 16:00:00,-0.43939891815157167,-0.65693206
2014-12-30 17:00:00,-0.40648240055207224,-0.66528386
2014-12-30 18:00:00,-0.23092764002140873,-0.16853303
2014-12-30 19:00:00,-0.7137032314807333,-0.09882416
2014-12-30 20:00:00,-0.8124527842792316,0.014241125
2014-12-30 21:00:00,-0.8782858194782304,0.12693167
2014-12-30 22:00:00,-1.009951889876228,0.16201133
2014-12-30 23:00:00,-0.9221745096108963,0.12037219
2014-12-31 00:00:00,-0.9880075448098952,0.34682274
2014-12-31 01:00:00,-0.9770353722767287,0.0002319105
2014-12-31 02:00:00,-0.8782858194782304,-0.082613185
2014-12-31 03:00:00,-0.9989797173430616,-0.314292
2014-12-31 04:00:00,-1.009951889876228,-0.40850365
2014-12-31 05:00:00,-0.9989797173430616,-0.48618627
2014-12-31 06:00:00,-1.009951889876228,-0.5505548
2014-12-31 07:00:00,-1.009951889876228,-0.4151594
2014-12-31 08:00:00,-1.009951889876228,-0.40113896
2014-12-31 09:00:00,-1.009951889876228,-0.44980562
2014-12-31 10:00:00,-1.0209240624093945,-0.53702796
2014-12-31 11:00:00,-0.9660631997435621,-0.40899855
2014-12-31 12:00:00,-0.9112023370777298,-0.36946929
2014-12-31 13:00:00,-0.9770353722767287,-0.23620047
2014-12-31 14:00:00,-0.9989797173430616,-0.24285258
2014-12-31 15:00:00,-0.9770353722767287,-0.24794047
2014-12-31 16:00:00,-1.009951889876228,-0.16089202
2014-12-31 17:00:00,-0.9989797173430616,-0.29309124
2014-12-31 18:00:00,-0.9880075448098952,-0.2875749
2014-12-31 19:00:00,-1.009951889876228,-0.33785498
2014-12-31 20:00:00,-0.9880075448098952,-0.38138294
2014-12-31 21:00:00,-0.9880075448098952,-0.39049864
2014-12-31 22:00:00,-1.009951889876228,-0.58282083
2014-12-31 23:00:00,-0.9660631997435621,-0.5845565
