,Originales,Predichos
2017-11-24 23:10:00,-0.3083027211061668,-0.22610706
2017-11-24 23:20:00,-0.4032970221868966,-0.3341168
2017-11-24 23:30:00,-0.5254325525416259,-0.43798348
2017-11-24 23:40:00,-0.6161860353423114,-0.576965
2017-11-24 23:50:00,-0.6899762519141456,-0.65479714
2017-11-25 00:00:00,-0.7917558603133754,-0.7189837
2017-11-25 00:10:00,-0.8672424033702688,-0.85606366
2017-11-25 00:20:00,-0.9613885405193368,-0.91906846
2017-11-25 00:30:00,-1.0182154881057894,-0.9918987
2017-11-25 00:40:00,-1.080131416525683,-1.0183073
2017-11-25 00:50:00,-1.1378065280437977,-1.0789793
2017-11-25 01:00:00,-1.18530367789503,-1.1540151
2017-11-25 01:10:00,-1.2930204296810972,-1.1971422
2017-11-25 01:20:00,-1.3337322735920951,-1.360749
2017-11-25 01:30:00,-1.3532400316159323,-1.3420784
2017-11-25 01:40:00,-1.345606561744036,-1.3556364
2017-11-25 01:50:00,-1.3498473786458154,-1.3463459
2017-11-25 02:00:00,-1.40073718284543,-1.3728921
2017-11-25 02:10:00,-1.449082496628325,-1.4295769
2017-11-25 02:20:00,-1.448234332696663,-1.4516335
2017-11-25 02:30:00,-1.482160869289161,-1.4385781
2017-11-25 02:40:00,-1.4838571957742193,-1.4811733
2017-11-25 02:50:00,-1.4745273980389992,-1.4596683
2017-11-25 03:00:00,-1.5008204633813362,-1.4618843
2017-11-25 03:10:00,-1.5338988360421726,-1.501165
2017-11-25 03:20:00,-1.532202509557114,-1.5171405
2017-11-25 03:30:00,-1.556799248414392,-1.5111697
2017-11-25 03:40:00,-1.5542547579976715,-1.5512229
2017-11-25 03:50:00,-1.5440767977090546,-1.531357
2017-11-25 04:00:00,-1.5517102675809509,-1.5194122
2017-11-25 04:10:00,-1.5381396529439515,-1.5372347
2017-11-25 04:20:00,-1.556799248414392,-1.5173266
2017-11-25 04:30:00,-1.5525584315126126,-1.5381413
2017-11-25 04:40:00,-1.548317614610834,-1.525687
2017-11-25 04:50:00,-1.556799248414392,-1.5279039
2017-11-25 05:00:00,-1.5542547579976715,-1.5303873
2017-11-25 05:10:00,-1.506757608146439,-1.5093365
2017-11-25 05:20:00,-1.466045764235441,-1.4615692
2017-11-25 05:30:00,-1.3574808485177117,-1.4381721
2017-11-25 05:40:00,-1.3676588101845937,-1.2731994
2017-11-25 05:50:00,-1.3990408549821065,-1.3879025
2017-11-25 06:00:00,-1.438056372408046,-1.3920411
2017-11-25 06:10:00,-1.4533233135301036,-1.4485369
2017-11-25 06:20:00,-1.49318699350944,-1.4675565
2017-11-25 06:30:00,-1.5746106799531705,-1.5064583
2017-11-25 06:40:00,-1.6992906993463546,-1.6055793
2017-11-25 06:50:00,-1.8451748046267,-1.7594506
2017-11-25 07:00:00,-1.8129445958975248,-1.9075189
2017-11-25 07:10:00,-1.761206627766248,-1.8127275
2017-11-25 07:20:00,-1.7230392742719705,-1.7407124
2017-11-25 07:30:00,-1.7221911117185742,-1.6861956
2017-11-25 07:40:00,-1.687416412572679,-1.6999736
2017-11-25 07:50:00,-1.6746939604890765,-1.6742785
2017-11-25 08:00:00,-1.5712180256047878,-1.6612086
2017-11-25 08:10:00,-1.4796163788724406,-1.4764929
2017-11-25 08:20:00,-1.3422139073956536,-1.4158361
2017-11-25 08:30:00,-1.2412824629280856,-1.2813659
2017-11-25 08:40:00,-1.2183820505558662,-1.178075
2017-11-25 08:50:00,-1.1395028545288564,-1.182931
2017-11-25 09:00:00,-1.0614718210552423,-1.1054602
2017-11-25 09:10:00,-1.00464487346879,-1.0157069
2017-11-25 09:20:00,-0.9384881281471172,-0.942962
2017-11-25 09:30:00,-0.8570644417033864,-0.8596621
2017-11-25 09:40:00,-0.7493476899173189,-0.83357996
2017-11-25 09:50:00,-0.6908244158458079,-0.70024395
2017-11-25 10:00:00,-0.6501125719348096,-0.64470786
2017-11-25 10:10:00,-0.6153378727889145,-0.61783856
2017-11-25 10:20:00,-0.5602072516875205,-0.57815564
2017-11-25 10:30:00,-0.508469283556244,-0.54261976
2017-11-25 10:40:00,-0.4736945844103488,-0.47727376
2017-11-25 10:50:00,-0.4864170351156864,-0.43304443
2017-11-25 11:00:00,-0.4261974345591167,-0.47734812
2017-11-25 11:10:00,-0.362585178275899,-0.37011063
2017-11-25 11:20:00,-0.3693704855943984,-0.33559838
2017-11-25 11:30:00,-0.3456219106687825,-0.34012243
2017-11-25 11:40:00,-0.281161491832168,-0.31950095
2017-11-25 11:50:00,-0.3176325188413869,-0.24067812
2017-11-25 12:00:00,-0.3227214982965626,-0.32669383
2017-11-25 12:10:00,-0.3430774202520619,-0.30697146
2017-11-25 12:20:00,-0.3447737467371202,-0.31928188
2017-11-25 12:30:00,-0.3320512960317832,-0.32801738
2017-11-25 12:40:00,-0.336292112933562,-0.27316403
2017-11-25 12:50:00,-0.3286586430616657,-0.31896773
2017-11-25 13:00:00,-0.2701353676118892,-0.31315312
2017-11-25 13:10:00,-0.2870986365972711,-0.2529413
2017-11-25 13:20:00,-0.2574129169065521,-0.28738308
2017-11-25 13:30:00,-0.2285753611474946,-0.21203074
2017-11-25 13:40:00,-0.2285753611474946,-0.21748716
2017-11-25 13:50:00,-0.2794651653471097,-0.22607444
2017-11-25 14:00:00,-0.2506276095880522,-0.28010592
2017-11-25 14:10:00,-0.242145975784494,-0.21704803
2017-11-25 14:20:00,-0.2396014853677734,-0.19371954
2017-11-25 14:30:00,-0.2412978118528321,-0.2412046
2017-11-25 14:40:00,-0.2904912895673885,-0.2449321
2017-11-25 14:50:00,-0.3541035444723407,-0.29650196
2017-11-25 15:00:00,-0.4126268199221172,-0.34413984
2017-11-25 15:10:00,-0.3668259951776778,-0.39628062
2017-11-25 15:20:00,-0.3736113024961778,-0.3276221
2017-11-25 15:30:00,-0.4423125382345712,-0.35506627
2017-11-25 15:40:00,-0.417715799377293,-0.4492258
2017-11-25 15:50:00,-0.4024488582552348,-0.38189366
2017-11-25 16:00:00,-0.443160702166233,-0.3803719
2017-11-25 16:10:00,-0.5127101004580229,-0.46788555
2017-11-25 16:20:00,-0.4635166241217319,-0.5102903
2017-11-25 16:30:00,-0.3863337545797803,-0.42435414
2017-11-25 16:40:00,-0.281161491832168,-0.33259758
2017-11-25 16:50:00,-0.2396014853677734,-0.18613443
2017-11-25 17:00:00,-0.2039786222902164,-0.16419013
2017-11-25 17:10:00,-0.0131418575753592,-0.051417366
2017-11-25 17:20:00,0.3761651444827812,0.22501773
2017-11-25 17:30:00,0.644184778739589,0.61313516
2017-11-25 17:40:00,0.7154305048947031,0.77129465
2017-11-25 17:50:00,0.7213676482815407,0.6904681
2017-11-25 18:00:00,0.7230639747665993,0.6866104
2017-11-25 18:10:00,0.7663203090943183,0.6829048
2017-11-25 18:20:00,0.7366345894035993,0.7774271
2017-11-25 18:30:00,0.7374827533352606,0.7058174
2017-11-25 18:40:00,0.7196713217964819,0.7062414
2017-11-25 18:50:00,0.7205194843498792,0.7322094
2017-11-25 19:00:00,0.7281529556000406,0.74397844
2017-11-25 19:10:00,0.7264566291149819,0.7435221
2017-11-25 19:20:00,0.7128860144779829,0.71162426
2017-11-25 19:30:00,0.7061007071594829,0.673972
2017-11-25 19:40:00,0.6653888632484852,0.6635038
2017-11-25 19:50:00,0.653514576474809,0.6261337
2017-11-25 20:00:00,0.6407921257694725,0.6351068
2017-11-25 20:10:00,0.6306141641025901,0.6136498
2017-11-25 20:20:00,0.6111064060787526,0.6147571
2017-11-25 20:30:00,0.6043210987602536,0.59428376
2017-11-25 20:40:00,0.5746353804477997,0.59253824
2017-11-25 20:50:00,0.5169602689296846,0.55696017
2017-11-25 21:00:00,0.4838818962688482,0.47377184
2017-11-25 21:10:00,0.4669186272834668,0.31976697
2017-11-25 21:20:00,0.4245104582656753,0.51057005
2017-11-25 21:30:00,0.3931284120898977,0.39937013
2017-11-25 21:40:00,0.3023749279109461,0.38833633
2017-11-25 21:50:00,0.2930451301757261,0.22616589
2017-11-25 22:00:00,0.283715333818771,0.26628128
2017-11-25 22:10:00,0.2226475679522744,0.27178878
2017-11-25 22:20:00,0.166668784297484,0.17044516
2017-11-25 22:30:00,0.0852450978537525,0.15316004
2017-11-25 22:40:00,0.056407542094696,0.02101408
2017-11-25 22:50:00,-0.0589426809415337,0.025641233
2017-11-25 23:00:00,-0.1530888180906017,-0.14327735
2017-11-25 23:10:00,-0.2599574073232722,-0.18956716
2017-11-25 23:20:00,-0.3405329298353414,-0.31954312
2017-11-25 23:30:00,-0.488961525532407,-0.37460494
2017-11-25 23:40:00,-0.5686888854910788,-0.53045034
2017-11-25 23:50:00,-0.6501125719348096,-0.6023465
2017-11-26 00:00:00,-0.7417142186671571,-0.69167185
2017-11-26 00:10:00,-0.8570644417033864,-0.8431124
2017-11-26 00:20:00,-0.941032618563838,-0.9603781
2017-11-26 00:30:00,-1.0368750835762297,-0.97628415
2017-11-26 00:40:00,-1.0580791680851254,-1.0745434
2017-11-26 00:50:00,-1.1182987700199607,-1.0616744
2017-11-26 01:00:00,-1.1411991810139146,-1.1295223
2017-11-26 01:10:00,-1.1819110249249127,-1.1470132
2017-11-26 01:20:00,-1.1793665345081925,-1.2230514
2017-11-26 01:30:00,-1.2277118482910867,-1.1876531
2017-11-26 01:40:00,-1.3091355347348173,-1.2709391
2017-11-26 01:50:00,-1.3625698293511526,-1.344118
2017-11-26 02:00:00,-1.389711058625151,-1.408241
2017-11-26 02:10:00,-1.40752249016393,-1.4070411
2017-11-26 02:20:00,-1.4389045349614422,-1.4051759
2017-11-26 02:30:00,-1.4643494377503825,-1.4557302
2017-11-26 02:40:00,-1.4592604569169416,-1.475683
2017-11-26 02:50:00,-1.4677420907205,-1.4572145
2017-11-26 03:00:00,-1.4745273980389992,-1.4664073
2017-11-26 03:10:00,-1.473679235485603,-1.4853625
2017-11-26 03:20:00,-1.4991241368962775,-1.4768915
2017-11-26 03:30:00,-1.5042131177297189,-1.517226
2017-11-26 03:40:00,-1.512694751533277,-1.5063381
2017-11-26 03:50:00,-1.5517102675809509,-1.5033996
2017-11-26 04:00:00,-1.5559510844827302,-1.579033
2017-11-26 04:10:00,-1.5500139410958922,-1.5648571
2017-11-26 04:20:00,-1.5491657771642302,-1.5301592
2017-11-26 04:30:00,-1.5457731241941133,-1.5322952
2017-11-26 04:40:00,-1.5542547579976715,-1.5299504
2017-11-26 04:50:00,-1.5593437388311129,-1.5617868
2017-11-26 05:00:00,-1.5355951625272308,-1.5584111
2017-11-26 05:10:00,-1.517783732366718,-1.5085611
2017-11-26 05:20:00,-1.5186318949201143,-1.4995086
2017-11-26 05:30:00,-1.402433509330489,-1.509032
2017-11-26 05:40:00,-1.405826162300606,-1.3354568
2017-11-26 05:50:00,-1.4397526988931042,-1.4276595
2017-11-26 06:00:00,-1.4940351560628362,-1.4595113
2017-11-26 06:10:00,-1.482160869289161,-1.5170698
2017-11-26 06:20:00,-1.501668627312998,-1.4985251
2017-11-26 06:30:00,-1.6102335430307273,-1.5288901
2017-11-26 06:40:00,-1.7908923474569676,-1.6817687
2017-11-26 06:50:00,-1.9070907330465927,-1.8930068
2017-11-26 07:00:00,-1.946954413025929,-1.9690778
2017-11-26 07:10:00,-1.9384727792223708,-1.9786792
2017-11-26 07:20:00,-1.9240540006537092,-1.922143
2017-11-26 07:30:00,-1.8655307265821983,-1.9088254
2017-11-26 07:40:00,-1.8324523539213624,-1.8412888
2017-11-26 07:50:00,-1.8154890863142457,-1.8029418
2017-11-26 08:00:00,-1.7510286674776312,-1.7906368
2017-11-26 08:10:00,-1.7094686610132366,-1.7053616
2017-11-26 08:20:00,-1.698442536792958,-1.6955658
2017-11-26 08:30:00,-1.633133954024682,-1.6663878
2017-11-26 08:40:00,-1.5389878168756133,-1.5828915
2017-11-26 08:50:00,-1.4431453518632216,-1.4880462
2017-11-26 09:00:00,-1.39140738511021,-1.3872682
2017-11-26 09:10:00,-1.309983698666479,-1.3378288
2017-11-26 09:20:00,-1.2514604232167026,-1.244393
2017-11-26 09:30:00,-1.1691885742195751,-1.218761
2017-11-26 09:40:00,-1.0572310041534636,-1.1265957
2017-11-26 09:50:00,-1.0182154881057894,-1.019788
2017-11-26 10:00:00,-0.950362416299058,-1.0069203
2017-11-26 10:10:00,-0.863001585090224,-0.90691286
2017-11-26 10:20:00,-0.7934521867984341,-0.81929195
2017-11-26 10:30:00,-0.7824260625781553,-0.7635222
2017-11-26 10:40:00,-0.6908244158458079,-0.7612753
2017-11-26 10:50:00,-0.6255158330775314,-0.64538413
2017-11-26 11:00:00,-0.628908487425914,-0.59462345
2017-11-26 11:10:00,-0.5610554142409174,-0.62172043
2017-11-26 11:20:00,-0.4957468328509065,-0.5181219
2017-11-26 11:30:00,-0.5016839762377441,-0.4566972
2017-11-26 11:40:00,-0.5118619379046265,-0.5101728
2017-11-26 11:50:00,-0.4940505063658477,-0.49106556
2017-11-26 12:00:00,-0.4762390748270694,-0.45324948
2017-11-26 12:10:00,-0.4592758072199531,-0.43912432
2017-11-26 12:20:00,-0.4448570286512918,-0.42473027
2017-11-26 12:30:00,-0.4245011066957924,-0.41610613
2017-11-26 12:40:00,-0.3642815061392227,-0.4055806
2017-11-26 12:50:00,-0.2904912895673885,-0.33683527
2017-11-26 13:00:00,-0.2591092433916104,-0.26305482
2017-11-26 13:10:00,-0.3057582306894462,-0.2452744
2017-11-26 13:20:00,-0.3269623165766074,-0.30709153
2017-11-26 13:30:00,-0.2930357799841087,-0.3284434
2017-11-26 13:40:00,-0.2837059822488886,-0.27172258
2017-11-26 13:50:00,-0.3201770092581075,-0.26321322
2017-11-26 14:00:00,-0.258261080838214,-0.31547454
2017-11-26 14:10:00,-0.277768838862051,-0.20806344
2017-11-26 14:20:00,-0.3608888517908402,-0.27903566
2017-11-26 14:30:00,-0.3888782436182354,-0.3590184
2017-11-26 14:40:00,-0.404145186118559,-0.35914233
2017-11-26 14:50:00,-0.4592758072199531,-0.3918781
2017-11-26 15:00:00,-0.4932023424341858,-0.4387609
2017-11-26 15:10:00,-0.4948986689192446,-0.45051923
2017-11-26 15:20:00,-0.521191734261581,-0.45752296
2017-11-26 15:30:00,-0.576322355362975,-0.5114256
2017-11-26 15:40:00,-0.5805631736430199,-0.57138276
2017-11-26 15:50:00,-0.5254325525416259,-0.5570896
2017-11-26 16:00:00,-0.517799081291464,-0.48524025
2017-11-26 16:10:00,-0.5356105128302423,-0.48303056
2017-11-26 16:20:00,-0.5890448074465781,-0.5043661
2017-11-26 16:30:00,-0.5669925590060205,-0.5923254
2017-11-26 16:40:00,-0.4898096894640689,-0.5351571
2017-11-26 16:50:00,-0.4211084537256754,-0.40824202
2017-11-26 17:00:00,-0.2989729233709468,-0.3032865
2017-11-26 17:10:00,-0.1098324851411483,-0.11641211
2017-11-26 17:20:00,0.329516157184945,0.14514272
2017-11-26 17:30:00,0.572939052584475,0.5973545
2017-11-26 17:40:00,0.6798076418171465,0.6667802
2017-11-26 17:50:00,0.7332419364334818,0.6845278
2017-11-26 18:00:00,0.7722574524811557,0.71111804
2017-11-26 18:10:00,0.7603831643292146,0.7277836
2017-11-26 18:20:00,0.7764982693829346,0.7236777
2017-11-26 18:30:00,0.7476607136238781,0.76883906
2017-11-26 18:40:00,0.7205194843498792,0.74682003
2017-11-26 18:50:00,0.7281529556000406,0.74677867
2017-11-26 19:00:00,0.7739537789662145,0.7502722
2017-11-26 19:10:00,0.7824354127697722,0.78610843
2017-11-26 19:20:00,0.7671684716477146,0.75700754
2017-11-26 19:30:00,0.7739537789662145,0.74367076
2017-11-26 19:40:00,0.7909170479515959,0.7502648
2017-11-26 19:50:00,0.7934615369900511,0.76166934
2017-11-26 20:00:00,0.7637758186775971,0.77263016
2017-11-26 20:10:00,0.738330915888657,0.73977584
2017-11-26 20:20:00,0.6942264190075418,0.7247718
2017-11-26 20:30:00,0.6645407006950879,0.6862695
2017-11-26 20:40:00,0.6484255956413688,0.6391211
2017-11-26 20:50:00,0.598383955373415,0.61541986
2017-11-26 21:00:00,0.533923536536801,0.55996144
2017-11-26 21:10:00,0.4932116940040682,0.4983502
2017-11-26 21:20:00,0.4669186272834668,0.4766619
2017-11-26 21:30:00,0.4117880061820728,0.44356367
2017-11-26 21:40:00,0.3693798371642813,0.35431632
2017-11-26 21:50:00,0.3320606476016661,0.33038583
2017-11-26 22:00:00,0.2667520648333896,0.30797327
2017-11-26 22:10:00,0.2167104245654368,0.25517032
2017-11-26 22:20:00,0.1420720454402053,0.19071414
2017-11-26 22:30:00,0.0199365150854771,0.07857639
2017-11-26 22:40:00,-0.0809949293820913,-0.071363844
2017-11-26 22:50:00,-0.1742929039777624,-0.14047636
2017-11-26 23:00:00,-0.2633500602933897,-0.22675535
2017-11-26 23:10:00,-0.3498627275705614,-0.30844074
2017-11-26 23:20:00,-0.4406162117495124,-0.3953806
2017-11-26 23:30:00,-0.5483329635355799,-0.48176226
2017-11-26 23:40:00,-0.6797982916255291,-0.58743954
2017-11-26 23:50:00,-0.7595256502059359,-0.7259624
2017-11-27 00:00:00,-0.8350121932628287,-0.7866151
2017-11-27 00:10:00,-0.8918391408492815,-0.93065304
2017-11-27 00:20:00,-0.9291583304118968,-0.9674365
2017-11-27 00:30:00,-1.03008977625773,-0.96781933
2017-11-27 00:40:00,-1.0614718210552423,-1.0727272
2017-11-27 00:50:00,-1.114906115671578,-1.0755267
2017-11-27 01:00:00,-1.1759738815380751,-1.128517
2017-11-27 01:10:00,-1.2175338880024698,-1.1992027
2017-11-27 01:20:00,-1.225167357874366,-1.2693989
2017-11-27 01:30:00,-1.255701240118482,-1.2464045
2017-11-27 01:40:00,-1.2709681812405396,-1.2882011
2017-11-27 01:50:00,-1.3125281890831997,-1.2885997
2017-11-27 02:00:00,-1.340517580910595,-1.3806458
2017-11-27 02:10:00,-1.3922555476636065,-1.3788054
2017-11-27 02:20:00,-1.4329673915746046,-1.421443
2017-11-27 02:30:00,-1.456715966500221,-1.4431574
2017-11-27 02:40:00,-1.4711347450688823,-1.4688127
2017-11-27 02:50:00,-1.4872498487443369,-1.4935306
2017-11-27 03:00:00,-1.5050612802831151,-1.4959888
2017-11-27 03:10:00,-1.532202509557114,-1.5189075
2017-11-27 03:20:00,-1.5737625160215083,-1.5383364
2017-11-27 03:30:00,-1.5881812945901697,-1.6056771
2017-11-27 03:40:00,-1.556799248414392,-1.6000296
2017-11-27 03:50:00,-1.5517102675809509,-1.5628632
2017-11-27 04:00:00,-1.5551029219293333,-1.5565226
2017-11-27 04:10:00,-1.5440767977090546,-1.5502553
2017-11-27 04:20:00,-1.5432286337773926,-1.5539603
2017-11-27 04:30:00,-1.5254172022386143,-1.5487696
2017-11-27 04:40:00,-1.4965796464795569,-1.5344276
2017-11-27 04:50:00,-1.485553522259278,-1.4679003
2017-11-27 05:00:00,-1.4601086208486034,-1.480072
2017-11-27 05:10:00,-1.4592604569169416,-1.4542211
2017-11-27 05:20:00,-1.431271065089546,-1.4651129
2017-11-27 05:30:00,-1.331187783175375,-1.4248765
2017-11-27 05:40:00,-1.3260988023419336,-1.2659819
2017-11-27 05:50:00,-1.38207758737499,-1.3330488
2017-11-27 06:00:00,-1.3735959535714313,-1.4207704
2017-11-27 06:10:00,-1.365114319767873,-1.3962643
2017-11-27 06:20:00,-1.38462207779171,-1.3895997
2017-11-27 06:30:00,-1.4185486143842088,-1.410755
2017-11-27 06:40:00,-1.5101502611165565,-1.4360238
2017-11-27 06:50:00,-1.5703698630513916,-1.5934067
2017-11-27 07:00:00,-1.4787682149407786,-1.6204139
2017-11-27 07:10:00,-1.4177004504525466,-1.4560169
2017-11-27 07:20:00,-1.3744441175030937,-1.3964432
2017-11-27 07:30:00,-1.3176171685383755,-1.3688536
2017-11-27 07:40:00,-1.2726645091038638,-1.3329015
2017-11-27 07:50:00,-1.2667273643387609,-1.295254
2017-11-27 08:00:00,-1.2031151094338086,-1.2728373
2017-11-27 08:10:00,-1.0835240694958,-1.1467364
2017-11-27 08:20:00,-0.980048134611512,-1.0522419
2017-11-27 08:30:00,-1.0758905996239037,-0.99060553
2017-11-27 08:40:00,-0.875724037173827,-1.0816932
2017-11-27 08:50:00,-0.8384048476112111,-0.81520075
2017-11-27 09:00:00,-0.7417142186671571,-0.8387674
2017-11-27 09:10:00,-0.8918391408492815,-0.7148724
2017-11-27 09:20:00,-1.220926540972587,-0.9334484
2017-11-27 09:30:00,-1.21074858068397,-1.2813156
2017-11-27 09:40:00,-1.1683404102879134,-1.1359941
2017-11-27 09:50:00,-1.0903093768143,-1.133367
2017-11-27 10:00:00,-1.0504456968349636,-1.0415802
2017-11-27 10:10:00,-0.9274620039268384,-1.0049267
2017-11-27 10:20:00,-0.8273787233909324,-0.93678254
2017-11-27 10:30:00,-0.7764889191913177,-0.7896939
2017-11-27 10:40:00,-0.7400178921820989,-0.76352125
2017-11-27 10:50:00,-0.6670758395419261,-0.7100856
2017-11-27 11:00:00,-0.6323011403960315,-0.67262596
2017-11-27 11:10:00,-0.6009190942202532,-0.60875624
2017-11-27 11:20:00,-0.6127933823721939,-0.5547755
2017-11-27 11:30:00,-0.5966782773184744,-0.621745
2017-11-27 11:40:00,-0.5907411339316363,-0.58765644
2017-11-27 11:50:00,-0.6009190942202532,-0.60703325
2017-11-27 12:00:00,-0.6297566499793108,-0.6192408
2017-11-27 12:10:00,-0.5805631736430199,-0.6449981
2017-11-27 12:20:00,-0.5585109252024623,-0.5564137
2017-11-27 12:30:00,-0.5432439827021387,-0.53851634
2017-11-27 12:40:00,-0.5016839762377441,-0.5457023
2017-11-27 12:50:00,-0.4618202962584082,-0.49773094
2017-11-27 13:00:00,-0.4601239697733494,-0.4942769
2017-11-27 13:10:00,-0.443160702166233,-0.4814207
2017-11-27 13:20:00,-0.4601239697733494,-0.43319184
2017-11-27 13:30:00,-0.5127101004580229,-0.45486006
2017-11-27 13:40:00,-0.5415476562170805,-0.5185178
2017-11-27 13:50:00,-0.5729297023928581,-0.5811378
2017-11-27 14:00:00,-0.5457884731188593,-0.5509296
2017-11-27 14:10:00,-0.5152545908747435,-0.5404553
2017-11-27 14:20:00,-0.5415476562170805,-0.5184767
2017-11-27 14:30:00,-0.6373901212294721,-0.5538241
2017-11-27 14:40:00,-0.6110970558871357,-0.66145843
2017-11-27 14:50:00,-0.6034635846369739,-0.56588393
2017-11-27 15:00:00,-0.6144897088572526,-0.5720921
2017-11-27 15:10:00,-0.4389198852644537,-0.5993865
2017-11-27 15:20:00,-0.3812447737463391,-0.3579099
2017-11-27 15:30:00,-0.4321345779459543,-0.33872488
2017-11-27 15:40:00,-0.4100823295053966,-0.4201682
2017-11-27 15:50:00,-0.4474015190680119,-0.39107326
2017-11-27 16:00:00,-0.4380717213327918,-0.47334477
2017-11-27 16:10:00,-0.3286586430616657,-0.41669056
2017-11-27 16:20:00,-0.2701353676118892,-0.25210714
2017-11-27 16:30:00,-0.2082194391919957,-0.2443881
2017-11-27 16:40:00,-0.1157696285279859,-0.1799534
2017-11-27 16:50:00,-0.0513092110696373,-0.06077914
2017-11-27 17:00:00,0.0988157111124864,0.016285807
2017-11-27 17:10:00,0.3456312608603999,0.2735423
2017-11-27 17:20:00,0.745116223207157,0.61155266
2017-11-27 17:30:00,0.9987170802735694,0.97983986
2017-11-27 17:40:00,1.043669741086347,1.0816202
2017-11-27 17:50:00,1.1038893430211822,1.0032663
2017-11-27 18:00:00,1.062329335178522,1.0545613
2017-11-27 18:10:00,1.0606330086934634,0.9805463
2017-11-27 18:20:00,1.0453660675714058,1.0365603
2017-11-27 18:30:00,1.0368844337678471,1.0178177
2017-11-27 18:40:00,1.0241619830625095,1.0158429
2017-11-27 18:50:00,1.0317954529344058,1.0228354
2017-11-27 19:00:00,0.9876909560532906,1.0707374
2017-11-27 19:10:00,0.9690313619611156,0.9841115
2017-11-27 19:20:00,0.9444346231038376,0.9232352
2017-11-27 19:30:00,0.8799742042672237,0.8876948
2017-11-27 19:40:00,0.8647072631451651,0.7938319
2017-11-27 19:50:00,0.8765815512971062,0.8178739
2017-11-27 20:00:00,0.8239954206124324,0.84640414
2017-11-27 20:10:00,0.8630109366601063,0.80041736
2017-11-27 20:20:00,0.8358697073861084,0.87478435
2017-11-27 20:30:00,0.8087284781121097,0.8138418
2017-11-27 20:40:00,0.8104248059754334,0.7595791
2017-11-27 20:50:00,0.786676229671552,0.77746487
2017-11-27 21:00:00,0.7239121386982618,0.7023319
2017-11-27 21:10:00,0.6543627390282064,0.6533765
2017-11-27 21:20:00,0.5670019091976374,0.59829885
2017-11-27 21:30:00,0.4957561830425234,0.4898201
2017-11-27 21:40:00,0.4474108692596293,0.4415247
2017-11-27 21:50:00,0.3583537129440025,0.41006014
2017-11-27 22:00:00,0.2692965552501097,0.30561963
2017-11-27 22:10:00,0.2234957318839358,0.19064364
2017-11-27 22:20:00,0.1369830646067641,0.1612353
2017-11-27 22:30:00,0.033507129722476,0.0569906
2017-11-27 22:40:00,-0.0216234913789179,-0.06760568
2017-11-27 22:50:00,-0.151392491605543,-0.07713748
2017-11-27 23:00:00,-0.2523239360731109,-0.23665252
2017-11-27 23:10:00,-0.3574961988207232,-0.2980394
2017-11-27 23:20:00,-0.4736945844103488,-0.41081545
2017-11-27 23:30:00,-0.5491811274672417,-0.5358351
2017-11-27 23:40:00,-0.6077044015387533,-0.5884954
2017-11-27 23:50:00,-0.7077876834529243,-0.65028244
2017-11-28 00:00:00,-0.8231379064891535,-0.7595783
2017-11-28 00:10:00,-0.8723313828254444,-0.9446647
2017-11-28 00:20:00,-0.9715665008079536,-0.96808326
2017-11-28 00:30:00,-1.0292416123260684,-1.0280751
2017-11-28 00:40:00,-1.0903093768143,-1.0348203
2017-11-28 00:50:00,-1.125932239891857,-1.0985266
2017-11-28 01:00:00,-1.175125717606413,-1.1236557
2017-11-28 01:10:00,-1.2132930711006904,-1.2110139
2017-11-28 01:20:00,-1.281146142907422,-1.2606847
2017-11-28 01:30:00,-1.3354286000771542,-1.3145623
2017-11-28 01:40:00,-1.3583290124493737,-1.3688489
2017-11-28 01:50:00,-1.376140443988152,-1.3972611
2017-11-28 02:00:00,-1.3998890189137685,-1.3897637
2017-11-28 02:10:00,-1.4168522865208846,-1.4018054
2017-11-28 02:20:00,-1.4329673915746046,-1.4637166
2017-11-28 02:30:00,-1.47707188845572,-1.4425356
2017-11-28 02:40:00,-1.5008204633813362,-1.4864359
2017-11-28 02:50:00,-1.5135429140866732,-1.4985423
2017-11-28 03:00:00,-1.5423804698457309,-1.5236788
2017-11-28 03:10:00,-1.5847886402417872,-1.5426006
2017-11-28 03:20:00,-1.5703698630513916,-1.5840563
2017-11-28 03:30:00,-1.5703698630513916,-1.5631647
2017-11-28 03:40:00,-1.5695216991197296,-1.5701005
2017-11-28 03:50:00,-1.566977208703009,-1.5630834
2017-11-28 04:00:00,-1.5813959872716703,-1.5727354
2017-11-28 04:10:00,-1.5958147644620662,-1.5848587
2017-11-28 04:20:00,-1.6102335430307273,-1.5959129
2017-11-28 04:30:00,-1.5941184379770073,-1.6073315
2017-11-28 04:40:00,-1.561888229247833,-1.5743548
2017-11-28 04:50:00,-1.5457731241941133,-1.5465388
2017-11-28 05:00:00,-1.503364953798057,-1.5195485
2017-11-28 05:10:00,-1.5008204633813362,-1.4646876
2017-11-28 05:20:00,-1.476223724524058,-1.4930363
2017-11-28 05:30:00,-1.371899627086373,-1.4444637
2017-11-28 05:40:00,-1.3286432927586542,-1.3067915
2017-11-28 05:50:00,-1.3829257513066515,-1.3062313
2017-11-28 06:00:00,-1.3778367704732106,-1.3969079
2017-11-28 06:10:00,-1.340517580910595,-1.3931257
2017-11-28 06:20:00,-1.355784522032653,-1.3326397
2017-11-28 06:30:00,-1.4168522865208846,-1.3630245
2017-11-28 06:40:00,-1.47707188845572,-1.4455266
2017-11-28 06:50:00,-1.5355951625272308,-1.5239582
2017-11-28 07:00:00,-1.4389045349614422,-1.5588794
2017-11-28 07:10:00,-1.40073718284543,-1.3884284
2017-11-28 07:20:00,-1.338821254425537,-1.3578423
2017-11-28 07:30:00,-1.2879314502259214,-1.2823508
2017-11-28 07:40:00,-1.2828424693924807,-1.2830491
2017-11-28 07:50:00,-1.283690633324143,-1.3065248
2017-11-28 08:00:00,-1.2039632733654704,-1.2680727
2017-11-28 08:10:00,-1.0886130503292413,-1.1507981
2017-11-28 08:20:00,-1.0504456968349636,-1.0445924
2017-11-28 08:30:00,-0.9953150757335696,-1.015856
2017-11-28 08:40:00,-0.9401844546321756,-0.92731595
2017-11-28 08:50:00,-0.8468864814147694,-0.89669704
2017-11-28 09:00:00,-0.7900595338283172,-0.7986082
2017-11-28 09:10:00,-0.748499525985657,-0.7562631
2017-11-28 09:20:00,-0.7756407552596558,-0.70414954
2017-11-28 09:30:00,-0.6882799254290873,-0.740915
2017-11-28 09:40:00,-0.583107662681475,-0.6550668
2017-11-28 09:50:00,-0.5101656100413022,-0.5367771
2017-11-28 10:00:00,-0.4881133616007446,-0.46983832
2017-11-28 10:10:00,-0.4524904999014531,-0.4455217
2017-11-28 10:20:00,-0.4228047802107342,-0.41567338
2017-11-28 10:30:00,-0.3176325188413869,-0.41415012
2017-11-28 10:40:00,-0.3201770092581075,-0.29140535
2017-11-28 10:50:00,-0.2786170014154474,-0.34156314
2017-11-28 11:00:00,-0.2370569949510527,-0.28727522
2017-11-28 11:10:00,-0.2133084200254369,-0.24119893
2017-11-28 11:20:00,-0.1776855569478799,-0.2315914
2017-11-28 11:30:00,-0.141214531316926,-0.16232209
2017-11-28 11:40:00,-0.0996545248525314,-0.13058433
2017-11-28 11:50:00,-0.1200104454297653,-0.0734284
2017-11-28 12:00:00,-0.1361255504834853,-0.10488458
2017-11-28 12:10:00,-0.0682724786767537,-0.1300378
2017-11-28 12:20:00,-0.0835394197988114,-0.023066945
2017-11-28 12:30:00,-0.0979581969892077,-0.06159661
2017-11-28 12:40:00,-0.0445239037511374,-0.07859624
2017-11-28 12:50:00,0.0250254959189173,-0.01556942
2017-11-28 13:00:00,0.0487740708445336,0.05545049
2017-11-28 13:10:00,0.0419887635260347,0.06769233
2017-11-28 13:20:00,0.0131512077669771,0.055778705
2017-11-28 13:30:00,-0.0377385964326379,-7.8194396e-05
2017-11-28 13:40:00,-0.1310365696500441,-0.05481913
2017-11-28 13:50:00,-0.2107639296087163,-0.14258496
2017-11-28 14:00:00,-0.2200937273439364,-0.20690836
2017-11-28 14:10:00,-0.2294235250791564,-0.20118979
2017-11-28 14:20:00,-0.2472349566179352,-0.21781951
2017-11-28 14:30:00,-0.251475773519714,-0.23123394
2017-11-28 14:40:00,-0.2480831191713316,-0.23292263
2017-11-28 14:50:00,-0.2362088323976564,-0.2288575
2017-11-28 15:00:00,-0.2141565839570988,-0.20551816
2017-11-28 15:10:00,-0.167507596659263,-0.17701477
2017-11-28 15:20:00,-0.1938006620015994,-0.15137556
2017-11-28 15:30:00,-0.2005859693200994,-0.20893121
2017-11-28 15:40:00,-0.206523112706937,-0.1865838
2017-11-28 15:50:00,-0.1785337208795418,-0.1983047
2017-11-28 16:00:00,-0.2022822958051581,-0.15523767
2017-11-28 16:10:00,-0.2251827081773776,-0.19753122
2017-11-28 16:20:00,-0.2014341318734958,-0.22281748
2017-11-28 16:30:00,-0.2234863803140533,-0.18809178
2017-11-28 16:40:00,-0.0818430933137532,-0.2028032
2017-11-28 16:50:00,-0.0131418575753592,0.009276061
2017-11-28 17:00:00,0.1005120389758112,0.06949592
2017-11-28 17:10:00,0.3337569740867238,0.26149037
2017-11-28 17:20:00,0.7137341784096443,0.5686169
2017-11-28 17:30:00,0.972424014931233,0.95862705
2017-11-28 17:40:00,1.0453660675714058,1.0656778
2017-11-28 17:50:00,1.1004966886727998,1.0126626
2017-11-28 18:00:00,1.0546958653066258,1.0478069
2017-11-28 18:10:00,1.011439532357172,0.97311485
2017-11-28 18:20:00,1.0055023875920694,0.97380745
2017-11-28 18:30:00,1.0080468780087894,0.9936205
2017-11-28 18:40:00,1.0122876949105692,1.0028089
2017-11-28 18:50:00,0.9927799368867318,1.0112315
2017-11-28 19:00:00,0.972424014931233,1.0031549
2017-11-28 19:10:00,0.9647905450593366,0.97981286
2017-11-28 19:20:00,0.9622460546426156,0.9490039
2017-11-28 19:30:00,0.8994819622910601,0.9202336
2017-11-28 19:40:00,0.8655554270768274,0.82506096
2017-11-28 19:50:00,0.8825186946839438,0.83267033
2017-11-28 20:00:00,0.862162772728445,0.86592096
2017-11-28 20:10:00,0.8502884859547698,0.8608627
2017-11-28 20:20:00,0.8613146101750486,0.85095555
2017-11-28 20:30:00,0.7671684716477146,0.852909
2017-11-28 20:40:00,0.7035562167427629,0.71465284
2017-11-28 20:50:00,0.6602998837933091,0.6765497
2017-11-28 21:00:00,0.5805725238346373,0.6280385
2017-11-28 21:10:00,0.5576721114624174,0.5058824
2017-11-28 21:20:00,0.5288345557033598,0.5230381
2017-11-28 21:30:00,0.5254419027332433,0.49403498
2017-11-28 21:40:00,0.4363847450393505,0.5103822
2017-11-28 21:50:00,0.3592018754973989,0.40443826
2017-11-28 22:00:00,0.2709928817351685,0.2737241
2017-11-28 22:10:00,0.1802393975562179,0.19810075
2017-11-28 22:20:00,0.127653266871544,0.13273478
2017-11-28 22:30:00,0.0241773319872559,0.100761004
2017-11-28 22:40:00,-0.066576152191695,-0.05124759
2017-11-28 22:50:00,-0.1870153546831,-0.1164474
2017-11-28 23:00:00,-0.2743761845136686,-0.2409688
2017-11-28 23:10:00,-0.3693704855943984,-0.30468982
2017-11-28 23:20:00,-0.4719982579252901,-0.40622896
2017-11-28 23:30:00,-0.5406994936636835,-0.5129856
2017-11-28 23:40:00,-0.6212750161757526,-0.5814736
2017-11-28 23:50:00,-0.7026987026194831,-0.65074843
2017-11-29 00:00:00,-0.8536717887332693,-0.7072424
2017-11-29 00:10:00,-0.9257656774417796,-0.931519
2017-11-29 00:20:00,-0.9953150757335696,-0.98863834
2017-11-29 00:30:00,-1.0385714100612884,-1.0408363
2017-11-29 00:40:00,-1.1123616252548576,-1.0674796
2017-11-29 00:50:00,-1.150528978749135,-1.1244655
2017-11-29 01:00:00,-1.205659599850529,-1.1455629
2017-11-29 01:10:00,-1.261638384883585,-1.2221792
2017-11-29 01:20:00,-1.321009822886758,-1.299367
2017-11-29 01:30:00,-1.3574808485177117,-1.3343637
2017-11-29 01:40:00,-1.3583290124493737,-1.3552411
2017-11-29 01:50:00,-1.3769886065415489,-1.3544562
2017-11-29 02:00:00,-1.411763307065709,-1.3995624
2017-11-29 02:10:00,-1.4278784107411635,-1.4281057
2017-11-29 02:20:00,-1.4584122929852792,-1.4310733
2017-11-29 02:30:00,-1.4601086208486034,-1.4505653
2017-11-29 02:40:00,-1.4397526988931042,-1.4482565
2017-11-29 02:50:00,-1.457564130431883,-1.4210094
2017-11-29 03:00:00,-1.4796163788724406,-1.4507971
2017-11-29 03:10:00,-1.4999723008279393,-1.4659181
2017-11-29 03:20:00,-1.492338829577778,-1.484793
2017-11-29 03:30:00,-1.521176385336835,-1.4816673
2017-11-29 03:40:00,-1.532202509557114,-1.5208908
2017-11-29 03:50:00,-1.5830923137567283,-1.509633
2017-11-29 04:00:00,-1.5847886402417872,-1.5783646
2017-11-29 04:10:00,-1.5788514968549496,-1.5574253
2017-11-29 04:20:00,-1.561040065316171,-1.5575434
2017-11-29 04:30:00,-1.5551029219293333,-1.5423772
2017-11-29 04:40:00,-1.5695216991197296,-1.5203046
2017-11-29 04:50:00,-1.5508621050275544,-1.5529146
2017-11-29 05:00:00,-1.522872711821894,-1.5015271
2017-11-29 05:10:00,-1.5237208757535556,-1.48786
2017-11-29 05:20:00,-1.4999723008279393,-1.492516
2017-11-29 05:30:00,-1.405826162300606,-1.4618118
2017-11-29 05:40:00,-1.3617216654194906,-1.3467448
2017-11-29 05:50:00,-1.371899627086373,-1.3056126
2017-11-29 06:00:00,-1.366810646252932,-1.3611621
2017-11-29 06:10:00,-1.3074392082497586,-1.371015
2017-11-29 06:20:00,-1.3125281890831997,-1.2907982
2017-11-29 06:30:00,-1.345606561744036,-1.3177423
2017-11-29 06:40:00,-1.3973445284970476,-1.3540767
2017-11-29 06:50:00,-1.47707188845572,-1.4351511
2017-11-29 07:00:00,-1.4431453518632216,-1.5006315
2017-11-29 07:10:00,-1.431271065089546,-1.4232866
2017-11-29 07:20:00,-1.4236375938393846,-1.4059768
2017-11-29 07:30:00,-1.3888628946934891,-1.3957297
2017-11-29 07:40:00,-1.3880147307618276,-1.3722365
2017-11-29 07:50:00,-1.3685069727379906,-1.3816261
2017-11-29 08:00:00,-1.236193482094645,-1.3476806
2017-11-29 08:10:00,-1.1395028545288564,-1.175479
2017-11-29 08:20:00,-1.09963917454952,-1.1204288
2017-11-29 08:30:00,-1.040267736546347,-1.0721166
2017-11-29 08:40:00,-0.9647811934894538,-0.98028475
2017-11-29 08:50:00,-0.7476513634322601,-0.92107826
2017-11-29 09:00:00,-0.6942170688159249,-0.6879249
2017-11-29 09:10:00,-0.6297566499793108,-0.6729891
2017-11-29 09:20:00,-0.5669925590060205,-0.5855686
2017-11-29 09:30:00,-0.5110137739729647,-0.53641206
2017-11-29 09:40:00,-0.4728464204786869,-0.50038165
2017-11-29 09:50:00,-0.4609721337050113,-0.44109306
2017-11-29 10:00:00,-0.398208041353456,-0.41983733
2017-11-29 10:10:00,-0.3371402768652239,-0.3516652
2017-11-29 10:20:00,-0.2633500602933897,-0.30282986
2017-11-29 10:30:00,-0.2650463881567135,-0.22881706
2017-11-29 10:40:00,-0.1666594327276011,-0.23361376
2017-11-29 10:50:00,-0.1267957527482647,-0.11537438
2017-11-29 11:00:00,-0.0623353352899161,-0.110791735
2017-11-29 11:10:00,0.0318108032374173,-0.03983213
2017-11-29 11:20:00,0.0750671361868711,0.07536776
2017-11-29 11:30:00,0.10475285587759,0.097486295
2017-11-29 11:40:00,0.1395275550234852,0.12090949
2017-11-29 11:50:00,0.182783887972938,0.16716988
2017-11-29 12:00:00,0.1488573527587053,0.19315675
2017-11-29 12:10:00,0.3134010521312249,0.14905594
2017-11-29 12:20:00,0.3702279997176776,0.34814084
2017-11-29 12:30:00,0.3795577974528977,0.33944625
2017-11-29 12:40:00,0.3592018754973989,0.37186125
2017-11-29 12:50:00,0.3558092225272814,0.36452004
2017-11-29 13:00:00,0.3473275887237237,0.3647409
2017-11-29 13:10:00,0.3498720791404438,0.33610836
2017-11-29 13:20:00,0.3422386078902825,0.3473127
2017-11-29 13:30:00,0.2981341110091673,0.36694553
2017-11-29 13:40:00,0.2396108369376558,0.28932068
2017-11-29 13:50:00,0.1878728688063792,0.20642096
2017-11-29 14:00:00,0.0945748942107076,0.15148902
2017-11-29 14:10:00,0.0148475342520359,0.089436114
2017-11-29 14:20:00,0.0360516201391961,0.04544127
2017-11-29 14:30:00,-0.0038120598401392,0.05564489
2017-11-29 14:40:00,-0.0165345105454767,-0.012204976
2017-11-29 14:50:00,-0.0029638959084778,-0.019592442
2017-11-29 15:00:00,-0.0580945170098713,0.026299752
2017-11-29 15:10:00,-0.066576152191695,-0.047962196
2017-11-29 15:20:00,-0.0326496155991967,-0.062253162
2017-11-29 15:30:00,-0.0122936936436979,0.024377622
2017-11-29 15:40:00,-0.0402830868493585,0.01606872
2017-11-29 15:50:00,0.0046695739634184,-0.020357661
2017-11-29 16:00:00,0.0843969339220912,0.05492889
2017-11-29 16:10:00,0.1301977572882651,0.10941195
2017-11-29 16:20:00,0.1446165358569264,0.16517279
2017-11-29 16:30:00,0.1446165358569264,0.13967453
2017-11-29 16:40:00,0.2243438944373331,0.13095427
2017-11-29 16:50:00,0.2938932941073884,0.26668957
2017-11-29 17:00:00,0.3524165681788989,0.3609131
2017-11-29 17:10:00,0.4864263866855693,0.5078436
2017-11-29 17:20:00,0.9181415577615004,0.68043303
2017-11-29 17:30:00,1.1386640421670764,1.1816049
2017-11-29 17:40:00,1.1878575198816328,1.2099191
2017-11-29 17:50:00,1.1878575198816328,1.1192886
2017-11-29 18:00:00,1.1479938399022975,1.1102496
2017-11-29 18:10:00,1.11915628414324,1.0628822
2017-11-29 18:20:00,1.094559545285961,1.0860933
2017-11-29 18:30:00,1.092015054869241,1.0722203
2017-11-29 18:40:00,1.1157636297948574,1.0984172
2017-11-29 18:50:00,1.0733554593988008,1.1346405
2017-11-29 19:00:00,1.0818370945806246,1.0611675
2017-11-29 19:10:00,1.0775962776788448,1.0891984
2017-11-29 19:20:00,1.0258583095475682,1.0300343
2017-11-29 19:30:00,0.9800574861813944,0.9386135
2017-11-29 19:40:00,0.9257750276333968,0.90204996
2017-11-29 19:50:00,0.8977856358060015,0.8468126
2017-11-29 20:00:00,0.8494403220231074,0.8561448
2017-11-29 20:10:00,0.9088117600262804,0.8074833
2017-11-29 20:20:00,0.8876076755173851,0.9399551
2017-11-29 20:30:00,0.8290844000676085,0.8609703
2017-11-29 20:40:00,0.7917652105049933,0.78021854
2017-11-29 20:50:00,0.7629276547459357,0.75266856
2017-11-29 21:00:00,0.7137341784096443,0.71851087
2017-11-29 21:10:00,0.657755393376589,0.664945
2017-11-29 21:20:00,0.5593684393257411,0.5858526
2017-11-29 21:30:00,0.4703112816318492,0.49327412
2017-11-29 21:40:00,0.35496105859562,0.39864376
2017-11-29 21:50:00,0.3074639087443873,0.25452814
2017-11-29 22:00:00,0.1929618496398205,0.23021893
2017-11-29 22:10:00,0.143768371925264,0.108601525
2017-11-29 22:20:00,0.0614965215498712,0.103149004
2017-11-29 22:30:00,-0.0029638959084778,0.006907662
2017-11-29 22:40:00,-0.1106806490728102,-0.061294325
2017-11-29 22:50:00,-0.1810782112962624,-0.18979046
2017-11-29 23:00:00,-0.3125435380079461,-0.22450428
2017-11-29 23:10:00,-0.407537839088676,-0.38267338
2017-11-29 23:20:00,-0.4915060159491271,-0.45236567
2017-11-29 23:30:00,-0.6000709316668569,-0.530122
2017-11-29 23:40:00,-0.7281436054084232,-0.65639466
2017-11-29 23:50:00,-0.8231379064891535,-0.7797629
2017-11-30 00:00:00,-0.8850538335307815,-0.840763
2017-11-30 00:10:00,-0.949514252367396,-0.9447667
2017-11-30 00:20:00,-0.9876816058616732,-1.0182755
2017-11-30 00:30:00,-1.0623199849869047,-1.0171753
2017-11-30 00:40:00,-1.1293248942402394,-1.1121798
2017-11-30 00:50:00,-1.1844555153416334,-1.1313545
2017-11-30 01:00:00,-1.214141233654087,-1.1869562
2017-11-30 01:10:00,-1.2565494040501437,-1.2392918
2017-11-30 01:20:00,-1.2870832862942596,-1.3086326
2017-11-30 01:30:00,-1.310831861219876,-1.3189259
2017-11-30 01:40:00,-1.3498473786458154,-1.3229377
2017-11-30 01:50:00,-1.350695541199212,-1.3741186
2017-11-30 02:00:00,-1.393951875526931,-1.3896744
2017-11-30 02:10:00,-1.4253339203244428,-1.4305542
2017-11-30 02:20:00,-1.455867803946824,-1.4486203
2017-11-30 02:30:00,-1.473679235485603,-1.4722373
2017-11-30 02:40:00,-1.4745273980389992,-1.4754498
2017-11-30 02:50:00,-1.4685902546521616,-1.478138
2017-11-30 03:00:00,-1.5194800588517765,-1.4765606
2017-11-30 03:10:00,-1.5186318949201143,-1.5307555
2017-11-30 03:20:00,-1.5364433264588933,-1.5117166
2017-11-30 03:30:00,-1.5551029219293333,-1.5401659
2017-11-30 03:40:00,-1.5830923137567283,-1.5469636
2017-11-30 03:50:00,-1.558495574899451,-1.5861046
2017-11-30 04:00:00,-1.548317614610834,-1.5582831
2017-11-30 04:10:00,-1.5542547579976715,-1.5512009
2017-11-30 04:20:00,-1.5822441498250666,-1.5514839
2017-11-30 04:30:00,-1.5355951625272308,-1.5689707
2017-11-30 04:40:00,-1.5050612802831151,-1.518141
2017-11-30 04:50:00,-1.4643494377503825,-1.5043634
2017-11-30 05:00:00,-1.4516269870450451,-1.4593772
2017-11-30 05:10:00,-1.4422971893098246,-1.4306719
2017-11-30 05:20:00,-1.476223724524058,-1.422019
2017-11-30 05:30:00,-1.3880147307618276,-1.4756505
2017-11-30 05:40:00,-1.284538795877539,-1.3405702
2017-11-30 05:50:00,-1.3159208420533173,-1.2506726
2017-11-30 06:00:00,-1.355784522032653,-1.3639497
2017-11-30 06:10:00,-1.3277951302052575,-1.3889103
2017-11-30 06:20:00,-1.3227061493718166,-1.3351142
2017-11-30 06:30:00,-1.3829257513066515,-1.340162
2017-11-30 06:40:00,-1.449930659181721,-1.4191544
2017-11-30 06:50:00,-1.583940477688391,-1.507308
2017-11-30 07:00:00,-1.5135429140866732,-1.6562316
2017-11-30 07:10:00,-1.4601086208486034,-1.5118192
2017-11-30 07:20:00,-1.4160041239674883,-1.4581261
2017-11-30 07:30:00,-1.3964963659436511,-1.4244348
2017-11-30 07:40:00,-1.371899627086373,-1.4169943
2017-11-30 07:50:00,-1.336276764008816,-1.3896217
2017-11-30 08:00:00,-1.242130626859748,-1.3262802
2017-11-30 08:10:00,-1.1284767303085774,-1.21315
2017-11-30 08:20:00,-1.080131416525683,-1.0985911
2017-11-30 08:30:00,-1.01397467120401,-1.065521
2017-11-30 08:40:00,-0.9486660898139992,-0.99113685
2017-11-30 08:50:00,-0.8850538335307815,-0.9327364
2017-11-30 09:00:00,-0.7917558603133754,-0.86224777
2017-11-30 09:10:00,-0.7629183045543183,-0.7584147
2017-11-30 09:20:00,-0.6687721674052504,-0.76122475
2017-11-30 09:30:00,-0.5924374604166951,-0.64592606
2017-11-30 09:40:00,-0.5500292900206386,-0.5838466
2017-11-30 09:50:00,-0.5220398981932434,-0.54792196
2017-11-30 10:00:00,-0.4804798917288483,-0.5077949
2017-11-30 10:10:00,-0.3803966098146772,-0.46099618
2017-11-30 10:20:00,-0.3337476225168414,-0.35212624
2017-11-30 10:30:00,-0.3345957864485038,-0.3240718
2017-11-30 10:40:00,-0.3388366033502826,-0.36064485
2017-11-30 10:50:00,-0.2904912895673885,-0.35691628
2017-11-30 11:00:00,-0.2438423022695527,-0.30891606
2017-11-30 11:10:00,-0.1904080076532169,-0.25579676
2017-11-30 11:20:00,-0.1887116811681587,-0.19845408
2017-11-30 11:30:00,-0.1853190281980412,-0.21253929
2017-11-30 11:40:00,-0.1776855569478799,-0.17138898
2017-11-30 11:50:00,-0.2048267862218782,-0.1927661
2017-11-30 12:00:00,-0.1590259628557048,-0.19407716
2017-11-30 12:10:00,-0.0962618705041489,-0.13214098
2017-11-30 12:20:00,-0.0301051251824761,-0.05503715
2017-11-30 12:30:00,-0.0419794133344168,0.0049374844
2017-11-30 12:40:00,-0.0411312494027549,-0.053173415
2017-11-30 12:50:00,0.0063659004484772,-0.017000206
2017-11-30 13:00:00,-0.0055083863251979,0.016124882
2017-11-30 13:10:00,-0.008052876741919,0.0075385566
2017-11-30 13:20:00,-0.0394349229176962,0.0068780105
2017-11-30 13:30:00,-0.0555500279714162,-0.037352137
2017-11-30 13:40:00,-0.1183141189447065,-0.045910217
2017-11-30 13:50:00,-0.1454553482187054,-0.13793933
2017-11-30 14:00:00,-0.1904080076532169,-0.15250167
2017-11-30 14:10:00,-0.17090024962938,-0.19823496
2017-11-30 14:20:00,-0.1564814724389842,-0.1347735
2017-11-30 14:30:00,-0.1598741254091011,-0.13878834
2017-11-30 14:40:00,-0.1496961651204842,-0.15072845
2017-11-30 14:50:00,-0.1598741254091011,-0.16323324
2017-11-30 15:00:00,-0.1742929039777624,-0.14529617
2017-11-30 15:10:00,-0.1649631062425424,-0.18364978
2017-11-30 15:20:00,-0.2056749501535406,-0.14796582
2017-11-30 15:30:00,-0.1912561715848793,-0.2063067
2017-11-30 15:40:00,-0.2124602560937745,-0.1872062
2017-11-30 15:50:00,-0.2489312831029934,-0.21090037
2017-11-30 16:00:00,-0.2837059822488886,-0.24322963
2017-11-30 16:10:00,-0.2565647529748898,-0.26660112
2017-11-30 16:20:00,-0.2633500602933897,-0.22598477
2017-11-30 16:30:00,-0.2540202639364347,-0.22583026
2017-11-30 16:40:00,-0.1632667797574836,-0.21743226
2017-11-30 16:50:00,-0.0784504389653707,-0.10221835
2017-11-30 17:00:00,0.0504703973295924,0.0014645675
2017-11-30 17:10:00,0.3040712543960049,0.2187204
2017-11-30 17:20:00,0.7332419364334818,0.5914865
2017-11-30 17:30:00,0.9223823746632802,0.98589563
2017-11-30 17:40:00,0.9647905450593366,0.97688216
2017-11-30 17:50:00,1.0080468780087894,0.93917257
2017-11-30 18:00:00,1.0055023875920694,0.97962445
2017-11-30 18:10:00,0.9944762633717906,0.9647189
2017-11-30 18:20:00,0.9647905450593366,0.9608454
2017-11-30 18:30:00,0.9113562504430014,0.9474283
2017-11-30 18:40:00,0.9308640084668378,0.8909001
2017-11-30 18:50:00,0.926623191565059,0.9508864
2017-11-30 19:00:00,0.9283195180501178,0.93096036
2017-11-30 19:10:00,0.938497479717,0.91126925
2017-11-30 19:20:00,0.9088117600262804,0.9064309
2017-11-30 19:30:00,0.8587701197583275,0.8376957
2017-11-30 19:40:00,0.8239954206124324,0.8009124
2017-11-30 19:50:00,0.8290844000676085,0.7840674
2017-11-30 20:00:00,0.7977023538918309,0.8210471
2017-11-30 20:10:00,0.8451995051213286,0.77730304
2017-11-30 20:20:00,0.8248435831658297,0.8748273
2017-11-30 20:30:00,0.8146656228772122,0.77622455
2017-11-30 20:40:00,0.7646239812309945,0.77712613
2017-11-30 20:50:00,0.7120378505463205,0.72443485
2017-11-30 21:00:00,0.6679333536652053,0.67144465
2017-11-30 21:10:00,0.5941431384716362,0.630415
2017-11-30 21:20:00,0.5237455762481845,0.5434679
2017-11-30 21:30:00,0.4796410793670693,0.48159668
2017-11-30 21:40:00,0.4083953532119553,0.4356107
2017-11-30 21:50:00,0.3922802481582353,0.34712076
2017-11-30 22:00:00,0.3023749279109461,0.3353187
2017-11-30 22:10:00,0.2735373721518895,0.24045601
2017-11-30 22:20:00,0.2141659341487157,0.25281417
2017-11-30 22:30:00,0.1166271426512652,0.16569462
2017-11-30 22:40:00,0.0793079530886499,0.03860801
2017-11-30 22:50:00,-0.0004194068700227,0.013193133
2017-11-30 23:00:00,-0.1225549358464859,-0.05003147
2017-11-30 23:10:00,-0.2217900538289951,-0.19035238
2017-11-30 23:20:00,-0.3244178261598868,-0.2802631
2017-11-30 23:30:00,-0.4228047802107342,-0.38148212
2017-11-30 23:40:00,-0.5110137739729647,-0.48027736
2017-11-30 23:50:00,-0.6026154220835775,-0.54485863
2017-12-01 00:00:00,-0.7272115919368625,-0.6453091
2017-12-01 00:10:00,-0.8194453319141206,-0.83579177
2017-12-01 00:20:00,-0.8974247645046486,-0.85675687
2017-12-01 00:30:00,-0.9745657099657836,-0.9761113
2017-12-01 00:40:00,-1.058414563488189,-1.0641471
2017-12-01 00:50:00,-1.1137548063719311,-1.1108488
2017-12-01 01:00:00,-1.1766414472028677,-1.0285814
2017-12-01 01:10:00,-1.2034730794479471,-1.2393813
2017-12-01 01:20:00,-1.2839679789397174,-1.223353
2017-12-01 01:30:00,-1.335115779285166,-1.2864051
2017-12-01 01:40:00,-1.3837481141076382,-1.3926752
2017-12-01 01:50:00,-1.432380448930111,-1.3882484
2017-12-01 02:00:00,-1.4541811515075034,-1.4391706
2017-12-01 02:10:00,-1.4592120825534558,-1.4436982
2017-12-01 02:20:00,-1.4759818527066308,-1.4459523
2017-12-01 02:30:00,-1.506167440360611,-1.4622808
2017-12-01 02:40:00,-1.5262911659226863,-1.5041336
2017-12-01 02:50:00,-1.5254526774150274,-1.5147321
2017-12-01 03:00:00,-1.5464148901064956,-1.5068507
2017-12-01 03:10:00,-1.5455764015988374,-1.5379255
2017-12-01 03:20:00,-1.5539612866754244,-1.528312
2017-12-01 03:30:00,-1.561507683244353,-1.53954
2017-12-01 03:40:00,-1.573246523729841,-1.5460396
2017-12-01 03:50:00,-1.56737710417623,-1.5524039
2017-12-01 04:00:00,-1.5690540811915474,-1.5505774
2017-12-01 04:10:00,-1.579115943283452,-1.5418003
2017-12-01 04:20:00,-1.5690540811915474,-1.5548928
2017-12-01 04:30:00,-1.5849853628370631,-1.5430424
2017-12-01 04:40:00,-1.590016293883016,-1.5622711
2017-12-01 04:50:00,-1.585823851344722,-1.5757134
2017-12-01 05:00:00,-1.5942087364213096,-1.5495057
2017-12-01 05:10:00,-1.6076245525438495,-1.5685451
2017-12-01 05:20:00,-1.592531759405992,-1.5853572
2017-12-01 05:30:00,-1.562346171752012,-1.5610144
2017-12-01 05:40:00,-1.4852052276691423,-1.507267
2017-12-01 05:50:00,-1.533837562491615,-1.4216927
2017-12-01 06:00:00,-1.536353028014591,-1.5368583
2017-12-01 06:10:00,-1.4885591816997774,-1.5249519
2017-12-01 06:20:00,-1.535514539506932,-1.4777555
2017-12-01 06:30:00,-1.6067860640361906,-1.5622436
2017-12-01 06:40:00,-1.7535215583895325,-1.6370592
2017-12-01 06:50:00,-1.9203807769266832,-1.8197792
2017-12-01 07:00:00,-1.9958447439942355,-1.9773731
2017-12-01 07:10:00,-2.0352537052324617,-2.0361903
2017-12-01 07:20:00,-2.0243533546328982,-2.0510898
2017-12-01 07:30:00,-1.984105904887013,-1.9907161
2017-12-01 07:40:00,-1.941342989618152,-1.9358708
2017-12-01 07:50:00,-1.9321196160339056,-1.8740858
2017-12-01 08:00:00,-1.8767793731501632,-1.885042
2017-12-01 08:10:00,-1.806346335750298,-1.8158026
2017-12-01 08:20:00,-1.772806794065683,-1.7509713
2017-12-01 08:30:00,-1.696504337112207,-1.7400444
2017-12-01 08:40:00,-1.6587723542675636,-1.6523182
2017-12-01 08:50:00,-1.6093015295591666,-1.6229727
2017-12-01 09:00:00,-1.5346760509992734,-1.5520556
2017-12-01 09:10:00,-1.44328080090794,-1.4658045
2017-12-01 09:20:00,-1.382071137092321,-1.3644155
2017-12-01 09:30:00,-1.2739061168478123,-1.3242877
2017-12-01 09:40:00,-1.1514867905948398,-1.1927874
2017-12-01 09:50:00,-1.0617685175188236,-1.1034392
2017-12-01 10:00:00,-0.9946894355278592,-1.0215889
2017-12-01 10:10:00,-0.98378908355003,-0.9319201
2017-12-01 10:20:00,-0.9460570993271212,-0.94802266
2017-12-01 10:30:00,-0.8907168564433792,-0.896354
2017-12-01 10:40:00,-0.8378920790826129,-0.8606995
2017-12-01 10:50:00,-0.8093834684439499,-0.79784364
2017-12-01 11:00:00,-0.7607511336214777,-0.7704919
2017-12-01 11:10:00,-0.709603333276029,-0.72064835
2017-12-01 11:20:00,-0.6810947226373666,-0.66513175
2017-12-01 11:30:00,-0.6634864639765331,-0.67544657
2017-12-01 11:40:00,-0.5762836564234928,-0.63519406
2017-12-01 11:50:00,-0.5813145874694456,-0.52172184
2017-12-01 12:00:00,-0.6064692440774734,-0.5749174
2017-12-01 12:10:00,-0.6492321593463345,-0.5858264
2017-12-01 12:20:00,-0.6685173950224855,-0.64897233
2017-12-01 12:30:00,-0.7146342643219813,-0.6621417
2017-12-01 12:40:00,-0.7112803102913466,-0.70473707
2017-12-01 12:50:00,-0.6710328605454614,-0.6686248
2017-12-01 13:00:00,-0.6207235487076715,-0.62650794
2017-12-01 13:10:00,-0.586345518515398,-0.5756883
2017-12-01 13:20:00,-0.5519674897013894,-0.5369265
2017-12-01 13:30:00,-0.5804760989617869,-0.5185049
2017-12-01 13:40:00,-0.586345518515398,-0.5845744
2017-12-01 13:50:00,-0.6115001751234257,-0.5843431
2017-12-01 14:00:00,-0.6643249524841914,-0.6094255
2017-12-01 14:10:00,-0.6970260056611479,-0.6707837
2017-12-01 14:20:00,-0.7154727528296402,-0.6717821
2017-12-01 14:30:00,-0.763266599144454,-0.69710827
2017-12-01 14:40:00,-0.7741669511222831,-0.7300551
2017-12-01 14:50:00,-0.8018370718750217,-0.745099
2017-12-01 15:00:00,-0.8496309181898352,-0.7780499
2017-12-01 15:10:00,-0.8311841710213429,-0.8371932
2017-12-01 15:20:00,-0.8462769641592004,-0.7965805
2017-12-01 15:30:00,-0.8429230101285652,-0.8315935
2017-12-01 15:40:00,-0.8789780173361563,-0.83224005
2017-12-01 15:50:00,-0.8982632530123074,-0.8706278
2017-12-01 16:00:00,-0.9049711624518428,-0.8662982
2017-12-01 16:10:00,-0.910840582005454,-0.8586958
2017-12-01 16:20:00,-0.893232321966355,-0.8560143
2017-12-01 16:30:00,-0.8412460331132475,-0.8562139
2017-12-01 16:40:00,-0.7590741566061601,-0.7850546
2017-12-01 16:50:00,-0.7272115919368625,-0.679668
2017-12-01 17:00:00,-0.5720912138851992,-0.64261174
2017-12-01 17:10:00,-0.359115126048552,-0.3682864
2017-12-01 17:20:00,0.0341359964477866,-0.12218282
2017-12-01 17:30:00,0.2638818544376085,0.28365147
2017-12-01 17:40:00,0.318383608813692,0.34628043
2017-12-01 17:50:00,0.3276069823979388,0.27872583
2017-12-01 18:00:00,0.35695408154426,0.2926209
2017-12-01 18:10:00,0.3695314091591411,0.32870108
2017-12-01 18:20:00,0.3426997769140613,0.36290893
2017-12-01 18:30:00,0.3594695470672365,0.33908558
2017-12-01 18:40:00,0.378754784121652,0.38960725
2017-12-01 18:50:00,0.3502461734829896,0.4018819
2017-12-01 19:00:00,0.3351533803451321,0.36772355
2017-12-01 19:10:00,0.3502461734829896,0.3513706
2017-12-01 19:20:00,0.3510846619906484,0.34087422
2017-12-01 19:30:00,0.3468922194523554,0.3091259
2017-12-01 19:40:00,0.304967792691152,0.32118466
2017-12-01 19:50:00,0.3083217467217873,0.2827038
2017-12-01 20:00:00,0.2848440671290767,0.29965526
2017-12-01 20:10:00,0.3536001275136248,0.2792648
2017-12-01 20:20:00,0.378754784121652,0.38748458
2017-12-01 20:30:00,0.3720468746821165,0.377878
2017-12-01 20:40:00,0.3426997769140613,0.35634458
2017-12-01 20:50:00,0.3167066317983743,0.31769463
2017-12-01 21:00:00,0.2856825556367355,0.29281482
2017-12-01 21:10:00,0.2663973199605849,0.26397464
2017-12-01 21:20:00,0.2638818544376085,0.253311
2017-12-01 21:30:00,0.188417885991791,0.25766164
2017-12-01 21:40:00,0.1171463614625324,0.1489962
2017-12-01 21:50:00,0.0877992623162112,0.073590495
2017-12-01 22:00:00,0.0534212321239371,0.055253934
2017-12-01 22:10:00,0.0073043628244408,0.03033951
2017-12-01 22:20:00,-0.053905299612912,-0.014606872
2017-12-01 22:30:00,-0.0958297263741148,-0.06904512
2017-12-01 22:40:00,-0.1494929922425394,-0.119452514
2017-12-01 22:50:00,-0.266042898941901,-0.18285164
2017-12-01 23:00:00,-0.3197061648103256,-0.3236358
2017-12-01 23:10:00,-0.359115126048552,-0.3434728
2017-12-01 23:20:00,-0.4261942094177819,-0.3697905
2017-12-01 23:30:00,-0.5460980687695128,-0.4785644
2017-12-01 23:40:00,-0.6668404180071679,-0.6078551
2017-12-01 23:50:00,-0.7397889209300095,-0.7062381
2017-12-02 00:00:00,-0.8370535905749541,-0.75596064
2017-12-02 00:10:00,-0.9250948866356526,-0.91465944
2017-12-02 00:20:00,-1.0198440907576214,-0.9999799
2017-12-02 00:30:00,-1.1036929442800263,-1.0517955
2017-12-02 00:40:00,-1.1732874931722328,-1.1242447
2017-12-02 00:50:00,-1.2361741326249038,-1.1916696
2017-12-02 01:00:00,-1.2671982087865423,-1.2309232
2017-12-02 01:10:00,-1.31247658957838,-1.2878
2017-12-02 01:20:00,-1.36278590141617,-1.3686174
2017-12-02 01:30:00,-1.3921330005624912,-1.3764558
2017-12-02 01:40:00,-1.4290264948994758,-1.4009981
2017-12-02 01:50:00,-1.4784973196078723,-1.4231051
2017-12-02 02:00:00,-1.518744767975492,-1.5150785
2017-12-02 02:10:00,-1.5413839590605434,-1.5432386
2017-12-02 02:20:00,-1.5531227981677656,-1.5500872
2017-12-02 02:30:00,-1.593370247913651,-1.5571175
2017-12-02 02:40:00,-1.5757619892528174,-1.5807166
2017-12-02 02:50:00,-1.6034321100055555,-1.5617747
2017-12-02 03:00:00,-1.602593621497897,-1.597624
2017-12-02 03:10:00,-1.598401178959603,-1.5769293
2017-12-02 03:20:00,-1.613493973475726,-1.6020718
2017-12-02 03:30:00,-1.6260713010906072,-1.606356
2017-12-02 03:40:00,-1.627748278105925,-1.6107347
2017-12-02 03:50:00,-1.6352946746748531,-1.6128101
2017-12-02 04:00:00,-1.6503874678127106,-1.6173719
2017-12-02 04:10:00,-1.6738651474054207,-1.6272783
2017-12-02 04:20:00,-1.6864424750203018,-1.6536008
2017-12-02 04:30:00,-1.6730266588977618,-1.6752448
2017-12-02 04:40:00,-1.6688342163594685,-1.6492965
2017-12-02 04:50:00,-1.657095377252246,-1.6560563
2017-12-02 05:00:00,-1.6512259563203695,-1.6384623
2017-12-02 05:10:00,-1.634456186167195,-1.6194142
2017-12-02 05:20:00,-1.636133163182512,-1.592984
2017-12-02 05:30:00,-1.605109087020873,-1.6125562
2017-12-02 05:40:00,-1.5220987233843923,-1.5559319
2017-12-02 05:50:00,-1.542222447568202,-1.4757148
2017-12-02 06:00:00,-1.636133163182512,-1.5476938
2017-12-02 06:10:00,-1.5740850122374996,-1.649435
2017-12-02 06:20:00,-1.590016293883016,-1.554177
2017-12-02 06:30:00,-1.6847654980049849,-1.609561
2017-12-02 06:40:00,-1.7535215583895325,-1.7154963
2017-12-02 06:50:00,-1.9153498445024653,-1.7879758
2017-12-02 07:00:00,-1.9581127597713264,-1.9933815
2017-12-02 07:10:00,-2.0293842856788507,-1.974933
2017-12-02 07:20:00,-2.033576728217144,-2.0679665
2017-12-02 07:30:00,-1.9824289278716956,-2.0116987
2017-12-02 07:40:00,-1.96649764622618,-1.9269555
2017-12-02 07:50:00,-1.8960646088263144,-1.9230124
2017-12-02 08:00:00,-1.8164081978422035,-1.8265179
2017-12-02 08:10:00,-1.7778377251116355,-1.7490455
2017-12-02 08:20:00,-1.7325593443197982,-1.7205867
2017-12-02 08:30:00,-1.6327792091518771,-1.6809173
2017-12-02 08:40:00,-1.5606691947366944,-1.5832471
2017-12-02 08:50:00,-1.5179062794678333,-1.5115267
2017-12-02 09:00:00,-1.4374113813543288,-1.4620423
2017-12-02 09:10:00,-1.329246359731555,-1.3711126
2017-12-02 09:20:00,-1.2177273854564117,-1.2392066
2017-12-02 09:30:00,-1.1431019055182527,-1.1402324
2017-12-02 09:40:00,-1.10788538681832,-1.086164
2017-12-02 09:50:00,-0.9829505950423714,-1.0659926
2017-12-02 10:00:00,-0.8655622012136169,-0.9079826
2017-12-02 10:10:00,-0.8412460331132475,-0.81250423
2017-12-02 10:20:00,-0.7758439281376007,-0.8097676
2017-12-02 10:30:00,-0.7372734554070332,-0.7302366
2017-12-02 10:40:00,-0.6970260056611479,-0.716126
2017-12-02 10:50:00,-0.5955688934779093,-0.64901084
2017-12-02 11:00:00,-0.5536444667167071,-0.55009365
2017-12-02 11:10:00,-0.5201049250320918,-0.5232288
2017-12-02 11:20:00,-0.5066891075312864,-0.49546725
2017-12-02 11:30:00,-0.4178093229629294,-0.49556264
2017-12-02 11:40:00,-0.4236787438948061,-0.38630584
2017-12-02 11:50:00,-0.3993625757944372,-0.4312979
2017-12-02 12:00:00,-0.3926546677331672,-0.37636104
2017-12-02 12:10:00,-0.3792388516106273,-0.37157905
2017-12-02 12:20:00,-0.3825928056412621,-0.33870178
2017-12-02 12:30:00,-0.4144553689322942,-0.35682154
2017-12-02 12:40:00,-0.4396100255403218,-0.407514
2017-12-02 12:50:00,-0.4253557209101232,-0.42455086
2017-12-02 13:00:00,-0.408585949378683,-0.40439227
2017-12-02 13:10:00,-0.4035550183327307,-0.39867198
2017-12-02 13:20:00,-0.4102629263940007,-0.4049336
2017-12-02 13:30:00,-0.3742079191864095,-0.39754114
2017-12-02 13:40:00,-0.430386651956076,-0.35750705
2017-12-02 13:50:00,-0.5217819020474094,-0.41936383
2017-12-02 14:00:00,-0.4723110787172783,-0.5243643
2017-12-02 14:10:00,-0.4647646821483496,-0.4298032
2017-12-02 14:20:00,-0.4714725902096195,-0.469878
2017-12-02 14:30:00,-0.5201049250320918,-0.44948703
2017-12-02 14:40:00,-0.5561599322396834,-0.5030474
2017-12-02 14:50:00,-0.5729297023928581,-0.5705857
2017-12-02 15:00:00,-0.6198850602000132,-0.59449255
2017-12-02 15:10:00,-0.5989228475085445,-0.61760765
2017-12-02 15:20:00,-0.603953778554497,-0.5570268
2017-12-02 15:30:00,-0.6307854107995767,-0.6001456
2017-12-02 15:40:00,-0.6349778533378703,-0.6252353
2017-12-02 15:50:00,-0.6240775027383068,-0.61507225
2017-12-02 16:00:00,-0.7020569367071008,-0.6152549
2017-12-02 16:10:00,-0.6886411205845608,-0.6959216
2017-12-02 16:20:00,-0.657617044422922,-0.6569801
2017-12-02 16:30:00,-0.6190465716923544,-0.62980276
2017-12-02 16:40:00,-0.545259580261854,-0.55126786
2017-12-02 16:50:00,-0.5410671377235604,-0.47222883
2017-12-02 17:00:00,-0.4681186361789848,-0.46415147
2017-12-02 17:10:00,-0.1788400913888611,-0.2937489
2017-12-02 17:20:00,0.2521430153303862,0.08133466
2017-12-02 17:30:00,0.491112246904455,0.49963453
2017-12-02 17:40:00,0.512912949481847,0.5694962
2017-12-02 17:50:00,0.5363906276962916,0.46025833
2017-12-02 18:00:00,0.5850229625187644,0.48628733
2017-12-02 18:10:00,0.5707686578885657,0.5565893
2017-12-02 18:20:00,0.564899238334955,0.54895234
2017-12-02 18:30:00,0.5632222613196374,0.5602136
2017-12-02 18:40:00,0.5422600472499033,0.567488
2017-12-02 18:50:00,0.5313596966503398,0.5530967
2017-12-02 19:00:00,0.5590298187813434,0.5604988
2017-12-02 19:10:00,0.5514834208341491,0.5687142
2017-12-02 19:20:00,0.5799920314728125,0.5245917
2017-12-02 19:30:00,0.5757995889345184,0.5480111
2017-12-02 19:40:00,0.5942463361030103,0.5297385
2017-12-02 19:50:00,0.5749611004268597,0.5770393
2017-12-02 20:00:00,0.547290978295856,0.5457211
2017-12-02 20:10:00,0.5330366736656573,0.525675
2017-12-02 20:20:00,0.5028510860116774,0.5324356
2017-12-02 20:30:00,0.4927892239197716,0.49074677
2017-12-02 20:40:00,0.4391259580513471,0.4709855
2017-12-02 20:50:00,0.4282256074517835,0.40241888
2017-12-02 21:00:00,0.3519231504983072,0.42101923
2017-12-02 21:10:00,0.3276069823979388,0.3034477
2017-12-02 21:20:00,0.3116757007524225,0.31910688
2017-12-02 21:30:00,0.2588509233916557,0.2896859
2017-12-02 21:40:00,0.2437581302537992,0.21340133
2017-12-02 21:50:00,0.2160880081227946,0.2242004
2017-12-02 22:00:00,0.1942873055454026,0.18411353
2017-12-02 22:10:00,0.1599092767313935,0.16602111
2017-12-02 22:20:00,0.1070844979923627,0.11016523
2017-12-02 22:30:00,0.0223971559622983,0.07320707
2017-12-02 22:40:00,-0.0161733153900037,-0.017663714
2017-12-02 22:50:00,-0.1142764749208725,-0.043552607
2017-12-02 23:00:00,-0.2148950985964523,-0.17780104
2017-12-02 23:10:00,-0.2786202265567821,-0.27429983
2017-12-02 23:20:00,-0.3557611720179167,-0.3049229
2017-12-02 23:30:00,-0.4505103761398853,-0.4105409
2017-12-02 23:40:00,-0.5511290011937306,-0.4875234
2017-12-02 23:50:00,-0.6911565861075367,-0.5953179
2017-12-03 00:00:00,-0.7389504324223507,-0.7383037
2017-12-03 00:10:00,-0.806868002920974,-0.80994743
2017-12-03 00:20:00,-0.8680776667365929,-0.880448
2017-12-03 00:30:00,-0.9536034972743156,-0.8923088
2017-12-03 00:40:00,-1.05086816691926,-0.9954346
2017-12-03 00:50:00,-1.0953080592034388,-1.1027946
2017-12-03 01:00:00,-1.1825108667564788,-1.1025223
2017-12-03 01:10:00,-1.2093424990015584,-1.223898
2017-12-03 01:20:00,-1.2671982087865423,-1.227798
2017-12-03 01:30:00,-1.3258924057009196,-1.3016661
2017-12-03 01:40:00,-1.3762017175387096,-1.361402
2017-12-03 01:50:00,-1.4097412592233247,-1.3987635
2017-12-03 02:00:00,-1.4080642822080072,-1.4573154
2017-12-03 02:10:00,-1.4390883583696463,-1.4101355
2017-12-03 02:20:00,-1.4701124331530198,-1.4631685
2017-12-03 02:30:00,-1.4919131357304125,-1.489178
2017-12-03 02:40:00,-1.5204217449908095,-1.5123281
2017-12-03 02:50:00,-1.5598307062290355,-1.5216773
2017-12-03 03:00:00,-1.6093015295591666,-1.5644183
2017-12-03 03:10:00,-1.6118169964604083,-1.6120431
2017-12-03 03:20:00,-1.621040370044655,-1.6094959
2017-12-03 03:30:00,-1.636133163182512,-1.613882
2017-12-03 03:40:00,-1.6453565367667582,-1.6377084
2017-12-03 03:50:00,-1.670511193374786,-1.6562703
2017-12-03 04:00:00,-1.6747036359130796,-1.6582491
2017-12-03 04:10:00,-1.6856039865126429,-1.6593224
2017-12-03 04:20:00,-1.680573055466691,-1.6640925
2017-12-03 04:30:00,-1.678057589943715,-1.6684936
2017-12-03 04:40:00,-1.6939888715892306,-1.6651726
2017-12-03 04:50:00,-1.678057589943715,-1.6865963
2017-12-03 05:00:00,-1.6629647968058572,-1.6582482
2017-12-03 05:10:00,-1.6579338657599048,-1.6444659
2017-12-03 05:20:00,-1.647033513782076,-1.6415344
2017-12-03 05:30:00,-1.605947575528532,-1.6344259
2017-12-03 05:40:00,-1.5053289518529522,-1.5636494
2017-12-03 05:50:00,-1.5380300050299085,-1.4515648
2017-12-03 06:00:00,-1.584146874329405,-1.562846
2017-12-03 06:10:00,-1.595885713436627,-1.6043419
2017-12-03 06:20:00,-1.6252328125829485,-1.6188504
2017-12-03 06:30:00,-1.6839270094973258,-1.6318384
2017-12-03 06:40:00,-1.836531923404278,-1.7053926
2017-12-03 06:50:00,-1.9924907899636009,-1.9148016
2017-12-03 07:00:00,-2.0360921937401204,-2.0715668
2017-12-03 07:10:00,-2.113233139201256,-2.0727768
2017-12-03 07:20:00,-2.101494300094033,-2.1375656
2017-12-03 07:30:00,-2.0721472009477115,-2.0757222
2017-12-03 07:40:00,-2.0738241779630293,-2.0353243
2017-12-03 07:50:00,-2.0478310328473426,-2.0334105
2017-12-03 08:00:00,-1.9933292784712595,-2.0029254
2017-12-03 08:10:00,-1.9396660126028344,-1.943845
2017-12-03 08:20:00,-1.9052879824105609,-1.909277
2017-12-03 08:30:00,-1.826470059934108,-1.8765255
2017-12-03 08:40:00,-1.7778377251116355,-1.778372
2017-12-03 08:50:00,-1.7174665511819407,-1.7411295
2017-12-03 09:00:00,-1.6621263082981983,-1.6728274
2017-12-03 09:10:00,-1.573246523729841,-1.6059448
2017-12-03 09:20:00,-1.5019749978223174,-1.511492
2017-12-03 09:30:00,-1.4332189388160348,-1.4504092
2017-12-03 09:40:00,-1.345177642755336,-1.3709719
2017-12-03 09:50:00,-1.2646827432635663,-1.2974908
2017-12-03 10:00:00,-1.2219198279947052,-1.2220168
2017-12-03 10:10:00,-1.135555508949324,-1.1945826
2017-12-03 10:20:00,-1.0768613106566811,-1.0935628
2017-12-03 10:30:00,-0.9904969916113,-1.0579444
2017-12-03 10:40:00,-0.9695347789198314,-0.950646
2017-12-03 10:50:00,-0.9074866279748192,-0.922473
2017-12-03 11:00:00,-0.8915553449510375,-0.8663389
2017-12-03 11:10:00,-0.8345381250519777,-0.88084334
2017-12-03 11:20:00,-0.813575910982244,-0.7984763
2017-12-03 11:30:00,-0.7842288132141878,-0.79197294
2017-12-03 11:40:00,-0.7272115919368625,-0.7627745
2017-12-03 11:50:00,-0.7104418217836878,-0.71845156
2017-12-03 12:00:00,-0.7003799596917831,-0.6998891
2017-12-03 12:10:00,-0.7070878677530531,-0.685343
2017-12-03 12:20:00,-0.6752253030837554,-0.6873298
2017-12-03 12:30:00,-0.6710328605454614,-0.65787035
2017-12-03 12:40:00,-0.6467166938233581,-0.6819803
2017-12-03 12:50:00,-0.6391702972544298,-0.6224465
2017-12-03 13:00:00,-0.6701943720378031,-0.6233946
2017-12-03 13:10:00,-0.6987029826764655,-0.64384824
2017-12-03 13:20:00,-0.7146342643219813,-0.68195784
2017-12-03 13:30:00,-0.7397889209300095,-0.7048846
2017-12-03 13:40:00,-0.7171497298449577,-0.7503729
2017-12-03 13:50:00,-0.702895425214759,-0.70968866
2017-12-03 14:00:00,-0.6701943720378031,-0.6683778
2017-12-03 14:10:00,-0.6861256550615844,-0.63526165
2017-12-03 14:20:00,-0.7079263562607119,-0.67512643
2017-12-03 14:30:00,-0.7079263562607119,-0.7003824
2017-12-03 14:40:00,-0.6894796090922196,-0.7001892
2017-12-03 14:50:00,-0.7137957758143231,-0.68090385
2017-12-03 15:00:00,-0.7833903247065295,-0.70172876
2017-12-03 15:10:00,-0.8219607974370965,-0.7689303
2017-12-03 15:20:00,-0.7884212557524818,-0.81735253
2017-12-03 15:30:00,-0.8211223089294383,-0.79600275
2017-12-03 15:40:00,-0.8127374224745851,-0.80973023
2017-12-03 15:50:00,-0.8186068434064618,-0.7818616
2017-12-03 16:00:00,-0.8278302169907081,-0.8172205
2017-12-03 16:10:00,-0.8320226595290017,-0.82001954
2017-12-03 16:20:00,-0.8219607974370965,-0.81586033
2017-12-03 16:30:00,-0.7951291638137518,-0.7984771
2017-12-03 16:40:00,-0.7112803102913466,-0.75324786
2017-12-03 16:50:00,-0.6626479754688743,-0.6445205
2017-12-03 17:00:00,-0.5477750457848304,-0.57737845
2017-12-03 17:10:00,-0.2987439521188574,-0.37026343
2017-12-03 17:20:00,0.1087614750076794,-0.06854865
2017-12-03 17:30:00,0.4055864163667318,0.3258342
2017-12-03 17:40:00,0.500335620488701,0.50171614
2017-12-03 17:50:00,0.5288442311273633,0.473798
2017-12-03 18:00:00,0.5154284150048234,0.47421262
2017-12-03 18:10:00,0.4894352698891374,0.4503328
2017-12-03 18:20:00,0.486919804366161,0.45822376
2017-12-03 18:30:00,0.517105392020141,0.48989114
2017-12-03 18:40:00,0.5355521391886338,0.51543707
2017-12-03 18:50:00,0.5581913302736845,0.55195385
2017-12-03 19:00:00,0.6160470386804032,0.56897545
2017-12-03 19:10:00,0.6596484424569231,0.6353951
2017-12-03 19:20:00,0.6822876321637089,0.6597316
2017-12-03 19:30:00,0.6755797241024394,0.65037674
2017-12-03 19:40:00,0.6604869309645819,0.60089153
2017-12-03 19:50:00,0.6596484424569231,0.6235163
2017-12-03 20:00:00,0.6713872815641454,0.62748647
2017-12-03 20:10:00,0.6739027470871218,0.65459174
2017-12-03 20:20:00,0.6412016952884314,0.6738296
2017-12-03 20:30:00,0.6118545961421091,0.59324026
2017-12-03 20:40:00,0.5917308705800348,0.5731171
2017-12-03 20:50:00,0.5607067957966609,0.55793184
2017-12-03 21:00:00,0.5338751621733162,0.52697843
2017-12-03 21:10:00,0.4919507354121128,0.50412196
2017-12-03 21:20:00,0.408940370397367,0.44902202
2017-12-03 21:30:00,0.3452152424370378,0.330095
2017-12-03 21:40:00,0.2940674420915886,0.29407477
2017-12-03 21:50:00,0.2580124348839979,0.2531401
2017-12-03 22:00:00,0.1775175353922275,0.21438777
2017-12-03 22:10:00,0.0836068197779172,0.14322498
2017-12-03 22:20:00,-0.0002420337444874,0.05031178
2017-12-03 22:30:00,-0.118468917459166,-0.03834749
2017-12-03 22:40:00,-0.1872249764654482,-0.19562137
2017-12-03 22:50:00,-0.2995824406265157,-0.24617347
2017-12-03 23:00:00,-0.4102629263940007,-0.3706477
2017-12-03 23:10:00,-0.5159124824937983,-0.47420856
2017-12-03 23:20:00,-0.6131771521387432,-0.558012
2017-12-03 23:30:00,-0.7339195013763978,-0.6564761
2017-12-03 23:40:00,-0.8261532399753906,-0.7713375
2017-12-03 23:50:00,-0.8907168564433792,-0.85760933
2017-12-04 00:00:00,-0.9879815260883236,-0.90479434
2017-12-04 00:10:00,-1.021521067772939,-1.0664681
2017-12-04 00:20:00,-1.088600151142169,-1.0749779
2017-12-04 00:30:00,-1.1523252791024987,-1.1135266
2017-12-04 00:40:00,-1.200957613924971,-1.190905
2017-12-04 00:50:00,-1.297383795062257,-1.2169336
2017-12-04 01:00:00,-1.335954267792825,-1.3121591
2017-12-04 01:10:00,-1.3728477635080747,-1.3517537
2017-12-04 01:20:00,-1.4055488166850312,-1.407165
2017-12-04 01:30:00,-1.465081502107067,-1.4169161
2017-12-04 01:40:00,-1.4810127851308488,-1.4888098
2017-12-04 01:50:00,-1.511198371406563,-1.4750183
2017-12-04 02:00:00,-1.5472533786141545,-1.5507381
2017-12-04 02:10:00,-1.5438994245835198,-1.5665652
2017-12-04 02:20:00,-1.5740850122374996,-1.5405241
2017-12-04 02:30:00,-1.573246523729841,-1.6019435
2017-12-04 02:40:00,-1.629425255121242,-1.5676599
2017-12-04 02:50:00,-1.639487117213147,-1.6564522
2017-12-04 03:00:00,-1.681411543974349,-1.6340687
2017-12-04 03:10:00,-1.6537414232216108,-1.7038106
2017-12-04 03:20:00,-1.7048892235670594,-1.6377553
2017-12-04 03:30:00,-1.6990198040134483,-1.7028645
2017-12-04 03:40:00,-1.6839270094973258,-1.6867864
2017-12-04 03:50:00,-1.6646417738211747,-1.6803302
2017-12-04 04:00:00,-1.6654802623288336,-1.6596715
2017-12-04 04:10:00,-1.6763806129283971,-1.6464542
2017-12-04 04:20:00,-1.670511193374786,-1.6730216
2017-12-04 04:30:00,-1.6503874678127106,-1.6479366
2017-12-04 04:40:00,-1.6604493312828807,-1.6428422
2017-12-04 04:50:00,-1.627748278105925,-1.664757
2017-12-04 05:00:00,-1.599239667467262,-1.6031533
2017-12-04 05:10:00,-1.610140019445091,-1.5863711
2017-12-04 05:20:00,-1.554799775183083,-1.5965238
2017-12-04 05:30:00,-1.4852052276691423,-1.5282105
2017-12-04 05:40:00,-1.3803941600770036,-1.4514389
2017-12-04 05:50:00,-1.384586602615297,-1.3180783
2017-12-04 06:00:00,-1.402194862654396,-1.4017999
2017-12-04 06:10:00,-1.39297148907015,-1.4163495
2017-12-04 06:20:00,-1.3795556715693449,-1.4001033
2017-12-04 06:30:00,-1.4307034719147933,-1.3901222
2017-12-04 06:40:00,-1.53048360846098,-1.4497175
2017-12-04 06:50:00,-1.6378101401978296,-1.5841702
2017-12-04 07:00:00,-1.5757619892528174,-1.6853039
2017-12-04 07:10:00,-1.5195832564831508,-1.5633714
2017-12-04 07:20:00,-1.4751433641989722,-1.508359
2017-12-04 07:30:00,-1.4701124331530198,-1.4580115
2017-12-04 07:40:00,-1.5103598828989044,-1.4929488
2017-12-04 07:50:00,-1.5170677909601744,-1.5348024
2017-12-04 08:00:00,-1.3980024201161023,-1.4985111
2017-12-04 08:10:00,-1.308284147040086,-1.3296349
2017-12-04 08:20:00,-1.1850263322794552,-1.2601292
2017-12-04 08:30:00,-1.1338785319340066,-1.1357999
2017-12-04 08:40:00,-1.074345845133705,-1.1084372
2017-12-04 08:50:00,-1.04416025885799,-1.0454777
2017-12-04 09:00:00,-0.9569574513049504,-1.0268703
2017-12-04 09:10:00,-0.8882013909204027,-0.9271596
2017-12-04 09:20:00,-0.8211223089294383,-0.8538783
2017-12-04 09:30:00,-0.7800363706758943,-0.78063846
2017-12-04 09:40:00,-0.7305655473457632,-0.761146
2017-12-04 09:50:00,-0.6777407686067314,-0.71838385
2017-12-04 10:00:00,-0.5771221449311517,-0.6616269
2017-12-04 10:10:00,-0.4974657339470405,-0.5390119
2017-12-04 10:20:00,-0.4882423603627941,-0.4684442
2017-12-04 10:30:00,-0.4178093229629294,-0.477152
2017-12-04 10:40:00,-0.3440223329106944,-0.37002334
2017-12-04 10:50:00,-0.289520578534611,-0.33429345
2017-12-04 11:00:00,-0.3020979061494921,-0.25981286
2017-12-04 11:10:00,-0.2652044104342422,-0.309467
2017-12-04 11:20:00,-0.2568195253576546,-0.25180855
2017-12-04 11:30:00,-0.2626889449112657,-0.2524458
2017-12-04 11:40:00,-0.2475961517734087,-0.26540676
2017-12-04 11:50:00,-0.2073487020275235,-0.22513312
2017-12-04 12:00:00,-0.2098641675504999,-0.20614609
2017-12-04 12:10:00,-0.1679397407892971,-0.20485175
2017-12-04 12:20:00,-0.1436235726889282,-0.1460188
2017-12-04 12:30:00,-0.1587163672050512,-0.16599303
2017-12-04 12:40:00,-0.1394311301506347,-0.17710496
2017-12-04 12:50:00,-0.1335617105970236,-0.13082755
2017-12-04 13:00:00,-0.131884733581706,-0.13081609
2017-12-04 13:10:00,-0.1645857867586624,-0.12700334
2017-12-04 13:20:00,-0.20315625948923,-0.16696396
2017-12-04 13:30:00,-0.2207645181500634,-0.19593629
2017-12-04 13:40:00,-0.2626889449112657,-0.2244362
2017-12-04 13:50:00,-0.2610119678959486,-0.27332774
2017-12-04 14:00:00,-0.1914174190037422,-0.2476858
2017-12-04 14:10:00,-0.1956098615420357,-0.17306384
2017-12-04 14:20:00,-0.1922559075114005,-0.17624696
2017-12-04 14:30:00,-0.2048332365045471,-0.17865425
2017-12-04 14:40:00,-0.211541144565817,-0.204472
2017-12-04 14:50:00,-0.2534655713270199,-0.21055678
2017-12-04 15:00:00,-0.2886820900269523,-0.24819915
2017-12-04 15:10:00,-0.2526270828193611,-0.30562147
2017-12-04 15:20:00,-0.2719123184955121,-0.24508065
2017-12-04 15:30:00,-0.2903590670422699,-0.27149913
2017-12-04 15:40:00,-0.2979054636111986,-0.2874971
2017-12-04 15:50:00,-0.3004209291341745,-0.2922831
2017-12-04 16:00:00,-0.3314450052958134,-0.3037897
2017-12-04 16:10:00,-0.2995824406265157,-0.34155032
2017-12-04 16:20:00,-0.3113212797337385,-0.28617674
2017-12-04 16:30:00,-0.2802972035720992,-0.30466616
2017-12-04 16:40:00,-0.20315625948923,-0.2307378
2017-12-04 16:50:00,-0.1427850841812694,-0.12528124
2017-12-04 17:00:00,-0.0396509949827138,-0.04687673
2017-12-04 17:10:00,0.2387271978295813,0.15496984
2017-12-04 17:20:00,0.664679373502876,0.45230153
2017-12-04 17:30:00,0.949765475754706,0.8838557
2017-12-04 17:40:00,1.0009132761001542,1.0561292
2017-12-04 17:50:00,1.0051057186384482,0.9461326
2017-12-04 18:00:00,0.9447345433304882,0.9256342
2017-12-04 18:10:00,0.9506039642623648,0.84925133
2017-12-04 18:20:00,0.9338341927309236,0.93953234
2017-12-04 18:30:00,0.9355111697462414,0.921494
2017-12-04 18:40:00,0.9405421007921942,0.91932863
2017-12-04 18:50:00,0.8994561625386507,0.93849933
2017-12-04 19:00:00,0.8910712774620626,0.90493906
2017-12-04 19:10:00,0.8902327889544038,0.88315135
2017-12-04 19:20:00,0.8734630188012297,0.8558174
2017-12-04 19:30:00,0.8122533549856108,0.79957557
2017-12-04 19:40:00,0.7803907916945783,0.7331787
2017-12-04 19:50:00,0.7896141652788241,0.73796624
2017-12-04 20:00:00,0.7686519512090909,0.7624145
2017-12-04 20:10:00,0.8088994009549756,0.75470215
2017-12-04 20:20:00,0.8340540575630028,0.8221638
2017-12-04 20:30:00,0.8256691724864157,0.80408305
2017-12-04 20:40:00,0.8047069584166816,0.79141545
2017-12-04 20:50:00,0.7267275244478876,0.74556965
2017-12-04 21:00:00,0.6747412355947806,0.66864663
2017-12-04 21:10:00,0.6227549467416736,0.6322267
2017-12-04 21:20:00,0.5078820184358952,0.56180054
2017-12-04 21:30:00,0.4290640959594424,0.45120734
2017-12-04 21:40:00,0.3544386160212836,0.36523607
2017-12-04 21:50:00,0.3519231504983072,0.28549996
2017-12-04 22:00:00,0.2957444191069062,0.29861245
2017-12-04 22:10:00,0.2219574276764062,0.24759261
2017-12-04 22:20:00,0.0953456588851395,0.18015897
2017-12-04 22:30:00,0.0450363470473501,0.019084655
2017-12-04 22:40:00,-0.0824139102515749,-0.0040157665
2017-12-04 22:50:00,-0.2257954491960158,-0.16732463
2017-12-04 23:00:00,-0.3121597682413968,-0.30332854
2017-12-04 23:10:00,-0.4228402553871472,-0.37284324
2017-12-04 23:20:00,-0.5444210917541956,-0.5040371
2017-12-04 23:30:00,-0.6249159912459655,-0.6141913
2017-12-04 23:40:00,-0.7213421723832513,-0.6765887
2017-12-04 23:50:00,-0.8244762629600729,-0.76839846
2017-12-05 00:00:00,-0.9049711624518428,-0.8654877
2017-12-05 00:10:00,-0.9812736180270536,-0.98913497
2017-12-05 00:20:00,-1.05086816691926,-1.0604386
2017-12-05 00:30:00,-1.1439403940259112,-1.0998262
2017-12-05 00:40:00,-1.172449004664574,-1.1929495
2017-12-05 00:50:00,-1.2303047130712927,-1.1980526
2017-12-05 01:00:00,-1.2739061168478123,-1.2558498
2017-12-05 01:10:00,-1.3300848482392136,-1.3057082
2017-12-05 01:20:00,-1.3443391528694124,-1.3981853
2017-12-05 01:30:00,-1.4055488166850312,-1.3662542
2017-12-05 01:40:00,-1.4281880063918169,-1.4527435
2017-12-05 01:50:00,-1.4726278986759958,-1.4383619
2017-12-05 02:00:00,-1.4826897621461663,-1.5203006
2017-12-05 02:10:00,-1.4885591816997774,-1.5031627
2017-12-05 02:20:00,-1.4961055782687058,-1.5090162
2017-12-05 02:30:00,-1.521260234876734,-1.5181072
2017-12-05 02:40:00,-1.5438994245835198,-1.5409933
2017-12-05 02:50:00,-1.5824698973140874,-1.5539367
2017-12-05 03:00:00,-1.5749235007451583,-1.600737
2017-12-05 03:10:00,-1.610140019445091,-1.5844077
2017-12-05 03:20:00,-1.6126554849680674,-1.6317632
2017-12-05 03:30:00,-1.5975626904519442,-1.6228211
2017-12-05 03:40:00,-1.634456186167195,-1.6041853
2017-12-05 03:50:00,-1.639487117213147,-1.663114
2017-12-05 04:00:00,-1.6218788585523136,-1.6440876
2017-12-05 04:10:00,-1.6185249045216783,-1.6194942
2017-12-05 04:20:00,-1.621040370044655,-1.6275598
2017-12-05 04:30:00,-1.6319407206442185,-1.6398442
2017-12-05 04:40:00,-1.6319407206442185,-1.6434352
2017-12-05 04:50:00,-1.6000781559749206,-1.6225264
2017-12-05 05:00:00,-1.5816314088064285,-1.5734491
2017-12-05 05:10:00,-1.552284309660107,-1.582707
2017-12-05 05:20:00,-1.5447379130911785,-1.5684125
2017-12-05 05:30:00,-1.4910746472227534,-1.5499825
2017-12-05 05:40:00,-1.356916481862559,-1.470777
2017-12-05 05:50:00,-1.3736862520157336,-1.3067191
2017-12-05 06:00:00,-1.3728477635080747,-1.4086846
2017-12-05 06:10:00,-1.3594319473855347,-1.397254
2017-12-05 06:20:00,-1.3560779933549,-1.3904653
2017-12-05 06:30:00,-1.3577549703702172,-1.3727188
2017-12-05 06:40:00,-1.4198031213152298,-1.376456
2017-12-05 06:50:00,-1.527129654430345,-1.4979923
2017-12-05 07:00:00,-1.4793358081155312,-1.5923263
2017-12-05 07:10:00,-1.4248340523611822,-1.476753
2017-12-05 07:20:00,-1.3602704358931936,-1.4343323
2017-12-05 07:30:00,-1.351885550816606,-1.3689042
2017-12-05 07:40:00,-1.4105797477309836,-1.3858888
2017-12-05 07:50:00,-1.4424423124002812,-1.4521925
2017-12-05 08:00:00,-1.2940298410316224,-1.4493724
2017-12-05 08:10:00,-1.18838028631009,-1.2360334
2017-12-05 08:20:00,-1.1221396914485189,-1.1599627
2017-12-05 08:30:00,-1.074345845133705,-1.1088532
2017-12-05 08:40:00,-1.0416447933350144,-1.0616069
2017-12-05 08:50:00,-0.9770811754887602,-1.044013
2017-12-05 09:00:00,-0.908325116482478,-0.96025544
2017-12-05 09:10:00,-0.8529848722204704,-0.8951645
2017-12-05 09:20:00,-0.8118989339669264,-0.8352584
2017-12-05 09:30:00,-0.6987029826764655,-0.80012214
2017-12-05 09:40:00,-0.6291084337842591,-0.67928225
2017-12-05 09:50:00,-0.5670602828392469,-0.62646025
2017-12-05 10:00:00,-0.5217819020474094,-0.55839074
2017-12-05 10:10:00,-0.4857268948398182,-0.5169364
2017-12-05 10:20:00,-0.4270326979254408,-0.49840638
2017-12-05 10:30:00,-0.3540841950025996,-0.41412708
2017-12-05 10:40:00,-0.3423453558953773,-0.35492268
2017-12-05 10:50:00,-0.2752662725261469,-0.35112423
2017-12-05 11:00:00,-0.1998023054585948,-0.2722979
2017-12-05 11:10:00,-0.1763246258658847,-0.21017712
2017-12-05 11:20:00,-0.1821940454194958,-0.18843374
2017-12-05 11:30:00,-0.1687782292969559,-0.19776753
2017-12-05 11:40:00,-0.1209843829821425,-0.16741832
2017-12-05 11:50:00,-0.1310462450740472,-0.12531912
2017-12-05 12:00:00,-0.1385926416429759,-0.14415647
2017-12-05 12:10:00,-0.1293692680587295,-0.1438157
2017-12-05 12:20:00,-0.1025376344353847,-0.121700995
2017-12-05 12:30:00,-0.0924757723434796,-0.06639096
2017-12-05 12:40:00,-0.0572592536435472,-0.097225256
2017-12-05 12:50:00,-0.0748675136826461,-0.06418665
2017-12-05 13:00:00,-0.0782214677132814,-0.10483273
2017-12-05 13:10:00,-0.088283329805186,-0.095490664
2017-12-05 13:20:00,-0.1134379864132137,-0.07792205
2017-12-05 13:30:00,-0.1503314807501982,-0.11676809
2017-12-05 13:40:00,-0.2039947479968888,-0.15769696
2017-12-05 13:50:00,-0.2098641675504999,-0.2254865
2017-12-05 14:00:00,-0.20315625948923,-0.19880709
2017-12-05 14:10:00,-0.1847095109424723,-0.20036903
2017-12-05 14:20:00,-0.1998023054585948,-0.18229882
2017-12-05 14:30:00,-0.1536854347808334,-0.21511477
2017-12-05 14:40:00,-0.1771631143735435,-0.15093508
2017-12-05 14:50:00,-0.211541144565817,-0.15946908
2017-12-05 15:00:00,-0.2316648687496269,-0.2165626
2017-12-05 15:10:00,-0.281135692079758,-0.2385399
2017-12-05 15:20:00,-0.3020979061494921,-0.30116078
2017-12-05 15:30:00,-0.3255755843639367,-0.29107752
2017-12-05 15:40:00,-0.3775618745953097,-0.30659768
2017-12-05 15:50:00,-0.389300713702532,-0.3896949
2017-12-05 16:00:00,-0.4127783919169766,-0.4063439
2017-12-05 16:10:00,-0.371692453663433,-0.40284404
2017-12-05 16:20:00,-0.3456993099260121,-0.3315263
2017-12-05 16:30:00,-0.2668813874495598,-0.3113835
2017-12-05 16:40:00,-0.1972868385573533,-0.2386514
2017-12-05 16:50:00,-0.1520084577655158,-0.16562402
2017-12-05 17:00:00,-0.0790599562209397,-0.06059491
2017-12-05 17:10:00,0.1523628787841993,0.098458156
2017-12-05 17:20:00,0.5716071463962245,0.40996787
2017-12-05 17:30:00,0.8516623162238367,0.8090323
2017-12-05 17:40:00,0.9598273378466108,0.9471707
2017-12-05 17:50:00,0.9707276884461742,0.9215223
2017-12-05 18:00:00,0.9405421007921942,0.89359885
2017-12-05 18:10:00,0.9480884973611224,0.8610836
2017-12-05 18:20:00,0.9472500088534636,0.9287343
2017-12-05 18:30:00,0.954796406800658,0.93591374
2017-12-05 18:40:00,0.8969406970156742,0.9445085
2017-12-05 18:50:00,0.9070025604858448,0.8971868
2017-12-05 19:00:00,0.8994561625386507,0.9173038
2017-12-05 19:10:00,0.8709475532782532,0.9009352
2017-12-05 19:20:00,0.8457928966702251,0.842305
2017-12-05 19:30:00,0.8223152184557805,0.78244185
2017-12-05 19:40:00,0.7996760273707297,0.75270325
2017-12-05 19:50:00,0.7938066078171181,0.73391163
2017-12-05 20:00:00,0.7787138146792606,0.7662478
2017-12-05 20:10:00,0.8189612644251463,0.7456761
2017-12-05 20:20:00,0.8323770805476852,0.82907313
2017-12-05 20:30:00,0.8038684699090228,0.8019461
2017-12-05 20:40:00,0.7745213721409676,0.7683586
2017-12-05 20:50:00,0.6957034496645148,0.73414266
2017-12-05 21:00:00,0.6403632067807725,0.6362653
2017-12-05 21:10:00,0.6043081995731809,0.58404016
2017-12-05 21:20:00,0.5380676047116092,0.5465993
2017-12-05 21:30:00,0.478534919289574,0.47733265
2017-12-05 21:40:00,0.404747927859073,0.42191598
2017-12-05 21:50:00,0.3863011806905813,0.33833176
2017-12-05 22:00:00,0.3452152424370378,0.34362444
2017-12-05 22:10:00,0.2538199923457039,0.290333
2017-12-05 22:20:00,0.1414625281846358,0.19016527
2017-12-05 22:30:00,0.0257511113711995,0.09063963
2017-12-05 22:40:00,-0.0698365826366938,-0.056686126
2017-12-05 22:50:00,-0.1612318327280272,-0.14265019
2017-12-05 23:00:00,-0.2861666231257103,-0.22444938
2017-12-05 23:10:00,-0.3951701332561431,-0.35076347
2017-12-05 23:20:00,-0.4597337497241317,-0.4529386
2017-12-05 23:30:00,-0.6005998245238622,-0.53287435
2017-12-05 23:40:00,-0.7054108907377354,-0.67487866
2017-12-05 23:50:00,-0.8085449799362916,-0.7541208
2017-12-06 00:00:00,-0.9016172070429428,-0.8562094
2017-12-06 00:10:00,-1.0039128091121057,-0.9871165
2017-12-06 00:20:00,-1.0324214183725025,-1.1005174
2017-12-06 00:30:00,-1.086084685619193,-1.0580257
2017-12-06 00:40:00,-1.1892187748177487,-1.1473415
2017-12-06 00:50:00,-1.202634590940289,-1.2326157
2017-12-06 01:00:00,-1.2621672777405903,-1.2147394
2017-12-06 01:10:00,-1.3099611240554037,-1.3050961
2017-12-06 01:20:00,-1.3711707864927571,-1.3569882
2017-12-06 01:30:00,-1.3854250911229558,-1.4229959
2017-12-06 01:40:00,-1.41309521325396,-1.4193337
2017-12-06 01:50:00,-1.4516656859845276,-1.4668105
2017-12-06 02:00:00,-1.4784973196078723,-1.5006652
2017-12-06 02:10:00,-1.521260234876734,-1.507787
2017-12-06 02:20:00,-1.572408035222182,-1.546834
2017-12-06 02:30:00,-1.5581537292137184,-1.6273913
2017-12-06 02:40:00,-1.590016293883016,-1.5729849
2017-12-06 02:50:00,-1.5967242019442855,-1.6133116
2017-12-06 03:00:00,-1.6302637436289007,-1.6063085
2017-12-06 03:10:00,-1.6176864160140196,-1.6504266
2017-12-06 03:20:00,-1.633617697659536,-1.6244385
2017-12-06 03:30:00,-1.6411640942284642,-1.6517321
2017-12-06 03:40:00,-1.6319407206442185,-1.6684506
2017-12-06 03:50:00,-1.6235558355676307,-1.6340988
2017-12-06 04:00:00,-1.6168479275063607,-1.6428773
2017-12-06 04:10:00,-1.6260713010906072,-1.6245792
2017-12-06 04:20:00,-1.614332461983385,-1.6443605
2017-12-06 04:30:00,-1.6185249045216783,-1.6192961
2017-12-06 04:40:00,-1.6084630410515084,-1.6433043
2017-12-06 04:50:00,-1.577438966268135,-1.6242414
2017-12-06 05:00:00,-1.5405454705528845,-1.5717845
2017-12-06 05:10:00,-1.5397069820452265,-1.5454394
2017-12-06 05:20:00,-1.5464148901064956,-1.5501413
2017-12-06 05:30:00,-1.5070059288682698,-1.5657198
2017-12-06 05:40:00,-1.395486954593126,-1.4877326
2017-12-06 05:50:00,-1.4147721902692771,-1.3519745
2017-12-06 06:00:00,-1.4273495178841582,-1.4365699
2017-12-06 06:10:00,-1.3871020681382735,-1.465031
2017-12-06 06:20:00,-1.346016131262995,-1.4264729
2017-12-06 06:30:00,-1.3384697333158009,-1.373137
2017-12-06 06:40:00,-1.4281880063918169,-1.3507277
2017-12-06 06:50:00,-1.5279681429380034,-1.5009298
2017-12-06 07:00:00,-1.5002980208069998,-1.6059624
2017-12-06 07:10:00,-1.4793358081155312,-1.533152
2017-12-06 07:20:00,-1.43657289284667,-1.5131327
2017-12-06 07:30:00,-1.3988409086237612,-1.4366503
2017-12-06 07:40:00,-1.4298649834071346,-1.4299011
2017-12-06 07:50:00,-1.4508271974768687,-1.482791
2017-12-06 08:00:00,-1.384586602615297,-1.4521158
2017-12-06 08:10:00,-1.278098559386106,-1.342997
2017-12-06 08:20:00,-1.1799954012335028,-1.2462869
2017-12-06 08:30:00,-1.0953080592034388,-1.1903896
2017-12-06 08:40:00,-1.0181671137423036,-1.0793854
2017-12-06 08:50:00,-0.9821121065347124,-1.0126009
2017-12-06 09:00:00,-0.9301258176816052,-1.0081428
2017-12-06 09:10:00,-0.8085449799362916,-0.91606575
2017-12-06 09:20:00,-0.7255346149215454,-0.7839343
2017-12-06 09:30:00,-0.7045724022300767,-0.70762044
2017-12-06 09:40:00,-0.6224005257229891,-0.71157646
2017-12-06 09:50:00,-0.6156926176617192,-0.6236286
2017-12-06 10:00:00,-0.5611908632856358,-0.6458059
2017-12-06 10:10:00,-0.5502905113078068,-0.5687418
2017-12-06 10:20:00,-0.5117200399555047,-0.5452233
2017-12-06 10:30:00,-0.4270326979254408,-0.51841563
2017-12-06 10:40:00,-0.3960086217638019,-0.43846008
2017-12-06 10:50:00,-0.3633075685868455,-0.4075255
2017-12-06 11:00:00,-0.3733694306787506,-0.3727652
2017-12-06 11:10:00,-0.3306065167881545,-0.39861944
2017-12-06 11:20:00,-0.289520578534611,-0.36693057
2017-12-06 11:30:00,-0.255142548342337,-0.3199971
2017-12-06 11:40:00,-0.2450806862504323,-0.2654918
2017-12-06 11:50:00,-0.2299878917343093,-0.2579082
2017-12-06 12:00:00,-0.2475961517734087,-0.25301602
2017-12-06 12:10:00,-0.1989638169509359,-0.2556109
2017-12-06 12:20:00,-0.1712936948199324,-0.17585725
2017-12-06 12:30:00,-0.1914174190037422,-0.17741695
2017-12-06 12:40:00,-0.1637472982510036,-0.20602733
2017-12-06 12:50:00,-0.1285307795510712,-0.16578501
2017-12-06 13:00:00,-0.1243383370127772,-0.1320943
2017-12-06 13:10:00,-0.1209843829821425,-0.13607366
2017-12-06 13:20:00,-0.1377541531353171,-0.11751809
2017-12-06 13:30:00,-0.1419465956736106,-0.15351085
2017-12-06 13:40:00,-0.1562009016820748,-0.16842982
2017-12-06 13:50:00,-0.1603933442203684,-0.17065318
2017-12-06 14:00:00,-0.1679397407892971,-0.17036702
2017-12-06 14:10:00,-0.144462061196587,-0.15571071
2017-12-06 14:20:00,-0.1595548557127101,-0.15475903
2017-12-06 14:30:00,-0.2048332365045471,-0.16374129
2017-12-06 14:40:00,-0.2048332365045471,-0.23222706
2017-12-06 14:50:00,-0.2350188227802621,-0.18617877
2017-12-06 15:00:00,-0.2777817380491232,-0.21595755
2017-12-06 15:10:00,-0.289520578534611,-0.29538876
2017-12-06 15:20:00,-0.3046133716724686,-0.29623652
2017-12-06 15:30:00,-0.315513722272032,-0.32129702
2017-12-06 15:40:00,-0.3406683788800597,-0.2939547
2017-12-06 15:50:00,-0.386785248179556,-0.33768275
2017-12-06 16:00:00,-0.3960086217638019,-0.38337436
2017-12-06 16:10:00,-0.3448608214183533,-0.38403493
2017-12-06 16:20:00,-0.3440223329106944,-0.3165964
2017-12-06 16:30:00,-0.2836511576027344,-0.32169548
2017-12-06 16:40:00,-0.1998023054585948,-0.25320885
2017-12-06 16:50:00,-0.1721321833275912,-0.14214024
2017-12-06 17:00:00,-0.053905299612912,-0.097137265
2017-12-06 17:10:00,0.1817099779305215,0.112277225
2017-12-06 17:20:00,0.6185625042033795,0.39055723
2017-12-06 17:30:00,0.8726245302935709,0.8928507
2017-12-06 17:40:00,0.9388651237768766,0.9852418
2017-12-06 17:50:00,0.949765475754706,0.9019142
2017-12-06 18:00:00,0.9531194297853404,0.89477617
2017-12-06 18:10:00,0.9489269872470472,0.882269
2017-12-06 18:20:00,0.9472500088534636,0.89903927
2017-12-06 18:30:00,0.9640197803849048,0.90419286
2017-12-06 18:40:00,0.941380589299853,0.9472607
2017-12-06 18:50:00,0.9145489570547732,0.9263708
2017-12-06 19:00:00,0.920418376608384,0.91609585
2017-12-06 19:10:00,0.911195003024138,0.92346233
2017-12-06 19:20:00,0.9170644225777496,0.8743045
2017-12-06 19:30:00,0.8541777817468131,0.8636314
2017-12-06 19:40:00,0.8105763779702932,0.7854689
2017-12-06 19:50:00,0.7870986997558487,0.7547502
2017-12-06 20:00:00,0.7518821810559158,0.72686833
2017-12-06 20:10:00,0.8248306839787569,0.72774166
2017-12-06 20:20:00,0.8424389426395908,0.8641551
2017-12-06 20:30:00,0.8256691724864157,0.8085244
2017-12-06 20:40:00,0.785421722740531,0.7830831
2017-12-06 20:50:00,0.7024113577257842,0.72819436
2017-12-06 21:00:00,0.6412016952884314,0.6364465
2017-12-06 21:10:00,0.6227549467416736,0.57541734
2017-12-06 21:20:00,0.5674147038579315,0.56417733
2017-12-06 21:30:00,0.5020125975040185,0.5015356
2017-12-06 21:40:00,0.4433184005896411,0.45227566
2017-12-06 21:50:00,0.4257101419288072,0.3948239
2017-12-06 22:00:00,0.3686929206514823,0.35744956
2017-12-06 22:10:00,0.2890365110456367,0.29658592
2017-12-06 22:20:00,0.1892563744994498,0.2078692
2017-12-06 22:30:00,0.0953456588851395,0.11450132
2017-12-06 22:40:00,-0.0304276213984674,-0.003939104
2017-12-06 22:50:00,-0.125176825520436,-0.12030686
2017-12-06 23:00:00,-0.2584965023729722,-0.18843149
2017-12-06 23:10:00,-0.3809158286259444,-0.3422146
2017-12-06 23:20:00,-0.5033351535006516,-0.43925944
2017-12-06 23:30:00,-0.6249159912459655,-0.59272724
2017-12-06 23:40:00,-0.7037339137224179,-0.6959065
2017-12-06 23:50:00,-0.7850673017218466,-0.74904454
2017-12-07 00:00:00,-0.893232321966355,-0.8224308
2017-12-07 00:10:00,-0.977919663996419,-0.9938288
2017-12-07 00:20:00,-1.0617685175188236,-1.0937402
2017-12-07 00:30:00,-1.1137548063719311,-1.1234593
2017-12-07 00:40:00,-1.1741259816798917,-1.1513327
2017-12-07 00:50:00,-1.2219198279947052,-1.2023711
2017-12-07 01:00:00,-1.314992055101356,-1.2596643
2017-12-07 01:10:00,-1.3367927563004836,-1.3766086
2017-12-07 01:20:00,-1.3795556715693449,-1.3869832
2017-12-07 01:30:00,-1.4097412592233247,-1.4162955
2017-12-07 01:40:00,-1.4449577779232576,-1.4574902
2017-12-07 01:50:00,-1.4843667391614834,-1.4921591
2017-12-07 02:00:00,-1.4986210437916825,-1.5573246
2017-12-07 02:10:00,-1.5397069820452265,-1.5431452
2017-12-07 02:20:00,-1.6067860640361906,-1.567472
2017-12-07 02:30:00,-1.7032122465517423,-1.653204
2017-12-07 02:40:00,-1.6923118945739128,-1.7483227
2017-12-07 02:50:00,-1.6478720022897342,-1.6993428
2017-12-07 03:00:00,-1.6646417738211747,-1.654686
2017-12-07 03:10:00,-1.6696727048671272,-1.6878309
2017-12-07 03:20:00,-1.6587723542675636,-1.6968024
2017-12-07 03:30:00,-1.6713496818824447,-1.6907439
2017-12-07 03:40:00,-1.7090816661053536,-1.6971877
2017-12-07 03:50:00,-1.6688342163594685,-1.7274995
2017-12-07 04:00:00,-1.6512259563203695,-1.6808488
2017-12-07 04:10:00,-1.6688342163594685,-1.6673472
2017-12-07 04:20:00,-1.6663187508364918,-1.7036701
2017-12-07 04:30:00,-1.6352946746748531,-1.6659734
2017-12-07 04:40:00,-1.6537414232216108,-1.6506243
2017-12-07 04:50:00,-1.642002582736123,-1.6878567
2017-12-07 05:00:00,-1.6126554849680674,-1.646146
2017-12-07 05:10:00,-1.6076245525438495,-1.6097269
2017-12-07 05:20:00,-1.622717347059972,-1.6016984
2017-12-07 05:30:00,-1.577438966268135,-1.6459094
2017-12-07 05:40:00,-1.4592120825534558,-1.5661058
2017-12-07 05:50:00,-1.44328080090794,-1.4222459
2017-12-07 06:00:00,-1.4617275480764322,-1.4577864
2017-12-07 06:10:00,-1.470950921660678,-1.4944682
2017-12-07 06:20:00,-1.4047103281773723,-1.5296555
2017-12-07 06:30:00,-1.393809977577809,-1.4260502
2017-12-07 06:40:00,-1.4223185868382058,-1.4442418
2017-12-07 06:50:00,-1.5631846602596708,-1.4763327
2017-12-07 07:00:00,-1.535514539506932,-1.6496556
2017-12-07 07:10:00,-1.4935901127457298,-1.5620701
2017-12-07 07:20:00,-1.462566036584091,-1.5313191
2017-12-07 07:30:00,-1.4558581285228211,-1.4693804
2017-12-07 07:40:00,-1.4852052276691423,-1.4806007
2017-12-07 07:50:00,-1.511198371406563,-1.5622729
2017-12-07 08:00:00,-1.3837481141076382,-1.5341585
2017-12-07 08:10:00,-1.3107996125630623,-1.3373774
2017-12-07 08:20:00,-1.2126964544104588,-1.2943358
2017-12-07 08:30:00,-1.1732874931722328,-1.2061886
2017-12-07 08:40:00,-1.088600151142169,-1.1968573
2017-12-07 08:50:00,-1.038290839304379,-1.0861559
2017-12-07 09:00:00,-0.9393491912658514,-1.0286024
2017-12-07 09:10:00,-0.8462769641592004,-0.9031559
2017-12-07 09:20:00,-0.7942906753060929,-0.8503783
2017-12-07 09:30:00,-0.6760637915914143,-0.81829464
2017-12-07 09:40:00,-0.6618094869612156,-0.6670914
2017-12-07 09:50:00,-0.588860984038374,-0.6676304
2017-12-07 10:00:00,-0.5938919150843267,-0.60156167
2017-12-07 10:10:00,-0.5133970169708219,-0.62466055
2017-12-07 10:20:00,-0.4622492152471081,-0.5162397
2017-12-07 10:30:00,-0.4035550183327307,-0.47707236
2017-12-07 10:40:00,-0.3708539651557743,-0.38724646
2017-12-07 10:50:00,-0.3691769881404567,-0.38429877
2017-12-07 11:00:00,-0.3431838444030357,-0.3836111
2017-12-07 11:10:00,-0.2517885943117023,-0.41183063
2017-12-07 11:20:00,-0.2442421977427735,-0.26350802
2017-12-07 11:30:00,-0.2241184721806982,-0.296129
2017-12-07 11:40:00,-0.1746476488505671,-0.2447381
2017-12-07 11:50:00,-0.1805170684041782,-0.1971977
2017-12-07 12:00:00,-0.2308263802419681,-0.20797145
2017-12-07 12:10:00,-0.1721321833275912,-0.23304176
2017-12-07 12:20:00,-0.1570393901897336,-0.16880605
2017-12-07 12:30:00,-0.1821940454194958,-0.15080957
2017-12-07 12:40:00,-0.1671012522816383,-0.20914066
2017-12-07 12:50:00,-0.188063464973107,-0.1554881
2017-12-07 13:00:00,-0.224956960688357,-0.2291791
2017-12-07 13:10:00,-0.2618504564036069,-0.2648162
2017-12-07 13:20:00,-0.2693968529725357,-0.27552208
2017-12-07 13:30:00,-0.2601734793882898,-0.26409408
2017-12-07 13:40:00,-0.3121597682413968,-0.2440862
2017-12-07 13:50:00,-0.3490532639566473,-0.35735443
2017-12-07 14:00:00,-0.2987439521188574,-0.352955
2017-12-07 14:10:00,-0.3062903486877857,-0.282504
2017-12-07 14:20:00,-0.3121597682413968,-0.27076644
2017-12-07 14:30:00,-0.3096443027184209,-0.3248519
2017-12-07 14:40:00,-0.2861666231257103,-0.3114731
2017-12-07 14:50:00,-0.3431838444030357,-0.2883164
2017-12-07 15:00:00,-0.3876237366872144,-0.3495394
2017-12-07 15:10:00,-0.3607921030638696,-0.3774859
2017-12-07 15:20:00,-0.3666615226174807,-0.36634296
2017-12-07 15:30:00,-0.4018780413174131,-0.3646219
2017-12-07 15:40:00,-0.4169708344552706,-0.41643834
2017-12-07 15:50:00,-0.4127783919169766,-0.39146093
2017-12-07 16:00:00,-0.4178093229629294,-0.39620563
2017-12-07 16:10:00,-0.4136168804246354,-0.4226685
2017-12-07 16:20:00,-0.3725309421710919,-0.3915025
2017-12-07 16:30:00,-0.3431838444030357,-0.30637982
2017-12-07 16:40:00,-0.255142548342337,-0.2872295
2017-12-07 16:50:00,-0.1545239246667572,-0.17278299
2017-12-07 17:00:00,-0.0220427363218803,-0.05702206
2017-12-07 17:10:00,0.1959642825607192,0.16228905
2017-12-07 17:20:00,0.6219164582340149,0.43710524
2017-12-07 17:30:00,0.9095180260088204,0.8467651
2017-12-07 17:40:00,0.9833050160610554,0.9713121
2017-12-07 17:50:00,1.0017517646078131,0.93470997
2017-12-07 18:00:00,0.9749201309844684,0.93831056
2017-12-07 18:10:00,0.9824665275533964,0.91983557
2017-12-07 18:20:00,0.9816280390457376,0.95972306
2017-12-07 18:30:00,0.9724046654614918,0.9345861
2017-12-07 18:40:00,0.9682122229231978,0.9658144
2017-12-07 18:50:00,0.9623428033695872,0.96133524
2017-12-07 19:00:00,0.954796406800658,0.9751379
2017-12-07 19:10:00,0.9556348953083168,0.92949516
2017-12-07 19:20:00,0.8910712774620626,0.9070968
2017-12-07 19:30:00,0.8617241796940074,0.82994574
2017-12-07 19:40:00,0.807222423939658,0.797363
2017-12-07 19:50:00,0.7996760273707297,0.7577546
2017-12-07 20:00:00,0.781229280202237,0.73995966
2017-12-07 20:10:00,0.8407619656242733,0.7332271
2017-12-07 20:20:00,0.8382465001012969,0.85448927
2017-12-07 20:30:00,0.8307001035323686,0.8264921
2017-12-07 20:40:00,0.8013530043860464,0.7884005
2017-12-07 20:50:00,0.7569131121018676,0.7387872
2017-12-07 21:00:00,0.6713872815641454,0.704095
2017-12-07 21:10:00,0.6420401837960902,0.60983837
2017-12-07 21:20:00,0.5925693590876926,0.58745784
2017-12-07 21:30:00,0.5196208575431175,0.5280445
2017-12-07 21:40:00,0.4382874695436882,0.4671184
2017-12-07 21:50:00,0.404747927859073,0.33977452
2017-12-07 22:00:00,0.3032908156758344,0.33362997
2017-12-07 22:10:00,0.2454351072691168,0.22469
2017-12-07 22:20:00,0.1909333515147674,0.19306558
2017-12-07 22:30:00,0.1037305439617275,0.14175537
2017-12-07 22:40:00,0.006465874316783,0.034294683
2017-12-07 22:50:00,-0.1276922910434124,-0.04779034
2017-12-07 23:00:00,-0.2442421977427735,-0.22161213
2017-12-07 23:10:00,-0.3423453558953773,-0.3108959
2017-12-07 23:20:00,-0.4555413071858382,-0.42074752
2017-12-07 23:30:00,-0.549452022800148,-0.5386967
2017-12-07 23:40:00,-0.650909136361652,-0.59636277
2017-12-07 23:50:00,-0.7649435761597717,-0.72004783
2017-12-08 00:00:00,-0.8529848722204704,-0.82194406
2017-12-08 00:10:00,-0.9301258176816052,-0.9499501
2017-12-08 00:20:00,-1.0064282746350814,-0.9999043
2017-12-08 00:30:00,-1.0676379370724347,-1.0503607
2017-12-08 00:40:00,-1.13136306641103,-1.1247042
2017-12-08 00:50:00,-1.179156912725844,-1.1772028
2017-12-08 01:00:00,-1.2244352935176814,-1.187865
2017-12-08 01:10:00,-1.2688751858018603,-1.2572403
2017-12-08 01:20:00,-1.3166690321166736,-1.3459773
2017-12-08 01:30:00,-1.365301366939146,-1.3722674
2017-12-08 01:40:00,-1.3736862520157336,-1.406023
2017-12-08 01:50:00,-1.4080642822080072,-1.3806458
2017-12-08 02:00:00,-1.4508271974768687,-1.4649384
2017-12-08 02:10:00,-1.4659199906147258,-1.4903021
2017-12-08 02:20:00,-1.528806631445662,-1.484854
2017-12-08 02:30:00,-1.5606691947366944,-1.5519838
2017-12-08 02:40:00,-1.579954431791111,-1.5715663
2017-12-08 02:50:00,-1.5891778053753574,-1.61145
2017-12-08 03:00:00,-1.622717347059972,-1.614826
2017-12-08 03:10:00,-1.6319407206442185,-1.635509
2017-12-08 03:20:00,-1.6378101401978296,-1.6276546
2017-12-08 03:30:00,-1.6713496818824447,-1.6548302
2017-12-08 03:40:00,-1.6721881703901036,-1.6961327
2017-12-08 03:50:00,-1.6545799117292697,-1.6672013
2017-12-08 04:00:00,-1.6352946746748531,-1.6533067
2017-12-08 04:10:00,-1.652902933335687,-1.6302247
2017-12-08 04:20:00,-1.6352946746748531,-1.686326
2017-12-08 04:30:00,-1.6311022321365596,-1.6379458
2017-12-08 04:40:00,-1.6386486287054882,-1.6228297
2017-12-08 04:50:00,-1.6084630410515084,-1.6480885
2017-12-08 05:00:00,-1.585823851344722,-1.5871011
2017-12-08 05:10:00,-1.5740850122374996,-1.5717986
2017-12-08 05:20:00,-1.586662339852381,-1.5575812
2017-12-08 05:30:00,-1.583308385821746,-1.5931504
2017-12-08 05:40:00,-1.4575351055381387,-1.5679407
2017-12-08 05:50:00,-1.4516656859845276,-1.385139
2017-12-08 06:00:00,-1.4734663871836544,-1.4737688
2017-12-08 06:10:00,-1.4575351055381387,-1.4987923
2017-12-08 06:20:00,-1.43657289284667,-1.4765673
2017-12-08 06:30:00,-1.3971639316084437,-1.4662111
2017-12-08 06:40:00,-1.4399268468773048,-1.4186481
2017-12-08 06:50:00,-1.5413839590605434,-1.4974135
2017-12-08 07:00:00,-1.528806631445662,-1.5850961
2017-12-08 07:10:00,-1.4659199906147258,-1.5368896
2017-12-08 07:20:00,-1.4541811515075034,-1.4816433
2017-12-08 07:30:00,-1.460050571061115,-1.4775683
2017-12-08 07:40:00,-1.4852052276691423,-1.4829736
2017-12-08 07:50:00,-1.4902361587150943,-1.5024388
2017-12-08 08:00:00,-1.4307034719147933,-1.499267
2017-12-08 08:10:00,-1.3250539171932614,-1.3842185
2017-12-08 08:20:00,-1.2185658739640703,-1.2700691
2017-12-08 08:30:00,-1.1347170204416652,-1.1746769
2017-12-08 08:40:00,-1.0735073566260465,-1.1135974
2017-12-08 08:50:00,-1.0366138622890615,-1.0861273
2017-12-08 09:00:00,-1.004751297619764,-1.0309203
2017-12-08 09:10:00,-0.8588542917740815,-0.9744636
2017-12-08 09:20:00,-0.8160913778834854,-0.75745326
2017-12-08 09:30:00,-0.7682975301904065,-0.8204806
2017-12-08 09:40:00,-0.7397889209300095,-0.7536035
2017-12-08 09:50:00,-0.6517476248693108,-0.71921855
2017-12-08 10:00:00,-0.560352374777977,-0.6082464
2017-12-08 10:10:00,-0.5092045744325283,-0.56177115
2017-12-08 10:20:00,-0.5016581764853341,-0.52458096
2017-12-08 10:30:00,-0.452187353155203,-0.5199565
2017-12-08 10:40:00,-0.4035550183327307,-0.45496228
2017-12-08 10:50:00,-0.3901392022101908,-0.39985028
2017-12-08 11:00:00,-0.3364759363417662,-0.40210244
2017-12-08 11:10:00,-0.3322834938034721,-0.32959
2017-12-08 11:20:00,-0.2937130210729046,-0.3529205
2017-12-08 11:30:00,-0.2534655713270199,-0.27156386
2017-12-08 11:40:00,-0.2148950985964523,-0.24620795
2017-12-08 11:50:00,-0.2450806862504323,-0.21804762
2017-12-08 12:00:00,-0.333121982311131,-0.26914087
2017-12-08 12:10:00,-0.4345790944943695,-0.35768658
2017-12-08 12:20:00,-0.386785248179556,-0.42980525
2017-12-08 12:30:00,-0.4119399034093183,-0.35593092
2017-12-08 12:40:00,-0.4002010643020955,-0.41157052
2017-12-08 12:50:00,-0.4119399034093183,-0.39422894
2017-12-08 13:00:00,-0.3943316447484843,-0.39951155
2017-12-08 13:10:00,-0.3440223329106944,-0.35470465
2017-12-08 13:20:00,-0.3230601188409608,-0.32113573
2017-12-08 13:30:00,-0.3549226835102584,-0.32636115
2017-12-08 13:40:00,-0.3356374478341074,-0.39216015
2017-12-08 13:50:00,-0.3666615226174807,-0.32707474
2017-12-08 14:00:00,-0.3943316447484843,-0.39447138
2017-12-08 14:10:00,-0.3784003631029685,-0.39700684
2017-12-08 14:20:00,-0.3934931562408255,-0.36632073
2017-12-08 14:30:00,-0.408585949378683,-0.3908778
2017-12-08 14:40:00,-0.3809158286259444,-0.38338608
2017-12-08 14:50:00,-0.3934931562408255,-0.3733705
2017-12-08 15:00:00,-0.4924348029010881,-0.3883352
2017-12-08 15:10:00,-0.452187353155203,-0.52282673
2017-12-08 15:20:00,-0.4144553689322942,-0.39200583
2017-12-08 15:30:00,-0.4312251404637348,-0.4119213
2017-12-08 15:40:00,-0.4572182842011553,-0.4674199
2017-12-08 15:50:00,-0.4882423603627941,-0.46941838
2017-12-08 16:00:00,-0.4639261936406907,-0.4792739
2017-12-08 16:10:00,-0.4697956131943019,-0.41889513
2017-12-08 16:20:00,-0.4706341017019607,-0.45598498
2017-12-08 16:30:00,-0.3859467596718973,-0.46351525
2017-12-08 16:40:00,-0.3364759363417662,-0.33984378
2017-12-08 16:50:00,-0.2752662725261469,-0.2664597
2017-12-08 17:00:00,-0.16626276377398,-0.18331264
2017-12-08 17:10:00,0.0659985597388182,-0.011026642
2017-12-08 17:20:00,0.4592496822351574,0.2925366
2017-12-08 17:30:00,0.785421722740531,0.71501666
2017-12-08 17:40:00,0.8667551107399593,0.9299361
2017-12-08 17:50:00,0.8726245302935709,0.79856396
2017-12-08 18:00:00,0.8265076609940746,0.8133826
2017-12-08 18:10:00,0.8483083621932015,0.7387566
2017-12-08 18:20:00,0.8558547587621308,0.84111804
2017-12-08 18:30:00,0.8726245302935709,0.85406893
2017-12-08 18:40:00,0.881009415370158,0.85232836
2017-12-08 18:50:00,0.8583702242851062,0.8917927
2017-12-08 19:00:00,0.819799752932804,0.8597528
2017-12-08 19:10:00,0.8256691724864157,0.8381973
2017-12-08 19:20:00,0.8122533549856108,0.790775
2017-12-08 19:30:00,0.7778753261716018,0.74112654
2017-12-08 19:40:00,0.7451742729946453,0.71056885
2017-12-08 19:50:00,0.7543976465788922,0.69219476
2017-12-08 20:00:00,0.7401433419486935,0.7266684
2017-12-08 20:10:00,0.811414866477952,0.7181359
2017-12-08 20:20:00,0.837408011593638,0.8440059
2017-12-08 20:30:00,0.7845832342328722,0.84317786
2017-12-08 20:40:00,0.737627876425717,0.75162596
2017-12-08 20:50:00,0.7049268232487607,0.68703645
2017-12-08 21:00:00,0.6403632067807725,0.6297444
2017-12-08 21:10:00,0.564899238334955,0.5708692
2017-12-08 21:20:00,0.5380676047116092,0.5032793
2017-12-08 21:30:00,0.4642806146593752,0.49337187
2017-12-08 21:40:00,0.4475108431279351,0.3969187
2017-12-08 21:50:00,0.4148097899509786,0.4109809
2017-12-08 22:00:00,0.3586310585595776,0.38117757
2017-12-08 22:10:00,0.3041293041834932,0.2907197
2017-12-08 22:20:00,0.2026721920002547,0.23543605
2017-12-08 22:30:00,0.1339161316157076,0.11570289
2017-12-08 22:40:00,0.0374899504784218,0.08197582
2017-12-08 22:50:00,-0.0706750711443526,-0.05369875
2017-12-08 23:00:00,-0.1612318327280272,-0.15627876
2017-12-08 23:10:00,-0.259334990880631,-0.22179231
2017-12-08 23:20:00,-0.3373144248494245,-0.32706073
2017-12-08 23:30:00,-0.4438024680786154,-0.392105
2017-12-08 23:40:00,-0.5938919150843267,-0.49941885
2017-12-08 23:50:00,-0.7037339137224179,-0.6790966
2017-12-09 00:00:00,-0.7867442787371641,-0.773838
2017-12-09 00:10:00,-0.8404075446055893,-0.8789316
2017-12-09 00:20:00,-0.9234179096203352,-0.9059718
2017-12-09 00:30:00,-0.9988818780661528,-0.96914643
2017-12-09 00:40:00,-1.0693149140877525,-1.0622358
2017-12-09 00:50:00,-1.1263321353650777,-1.1135715
2017-12-09 01:00:00,-1.2001191254173122,-1.1311115
2017-12-09 01:10:00,-1.265521231771225,-1.2468708
2017-12-09 01:20:00,-1.3116381010707214,-1.3270494
2017-12-09 01:30:00,-1.3074456585324274,-1.3533931
2017-12-09 01:40:00,-1.3619474129085112,-1.3341537
2017-12-09 01:50:00,-1.44328080090794,-1.402514
2017-12-09 02:00:00,-1.4617275480764322,-1.5253114
2017-12-09 02:10:00,-1.4919131357304125,-1.5099556
2017-12-09 02:20:00,-1.552284309660107,-1.5381397
2017-12-09 02:30:00,-1.5782774547757932,-1.5768347
2017-12-09 02:40:00,-1.602593621497897,-1.6003532
2017-12-09 02:50:00,-1.626909789598266,-1.6421927
2017-12-09 03:00:00,-1.6017551329902384,-1.6518924
2017-12-09 03:10:00,-1.6235558355676307,-1.6103017
2017-12-09 03:20:00,-1.6118169964604083,-1.6488955
2017-12-09 03:30:00,-1.6327792091518771,-1.6364611
2017-12-09 03:40:00,-1.6537414232216108,-1.6583407
2017-12-09 03:50:00,-1.6621263082981983,-1.6719542
2017-12-09 04:00:00,-1.657095377252246,-1.6771425
2017-12-09 04:10:00,-1.6679957278518096,-1.6635555
2017-12-09 04:20:00,-1.6554184002369283,-1.6984162
2017-12-09 04:30:00,-1.6587723542675636,-1.6577983
2017-12-09 04:40:00,-1.6445180482590995,-1.6682714
2017-12-09 04:50:00,-1.6118169964604083,-1.6483389
2017-12-09 05:00:00,-1.6285867666135831,-1.6209784
2017-12-09 05:10:00,-1.620201881536996,-1.6448202
2017-12-09 05:20:00,-1.6017551329902384,-1.6100444
2017-12-09 05:30:00,-1.5807929202987696,-1.6002798
2017-12-09 05:40:00,-1.4491502204615512,-1.5806152
2017-12-09 05:50:00,-1.4047103281773723,-1.3940496
2017-12-09 06:00:00,-1.4499887089692098,-1.42393
2017-12-09 06:10:00,-1.4416038238926223,-1.5025203
2017-12-09 06:20:00,-1.421480098330547,-1.4576433
2017-12-09 06:30:00,-1.4550196400151625,-1.4560798
2017-12-09 06:40:00,-1.542222447568202,-1.5074967
2017-12-09 06:50:00,-1.6688342163594685,-1.6208364
2017-12-09 07:00:00,-1.721658993720235,-1.7470455
2017-12-09 07:10:00,-1.7040507350594007,-1.7622702
2017-12-09 07:20:00,-1.6696727048671272,-1.7449551
2017-12-09 07:30:00,-1.6436795597514406,-1.6962302
2017-12-09 07:40:00,-1.6503874678127106,-1.6624029
2017-12-09 07:50:00,-1.6076245525438495,-1.6630733
2017-12-09 08:00:00,-1.511198371406563,-1.6033927
2017-12-09 08:10:00,-1.4843667391614834,-1.4675632
2017-12-09 08:20:00,-1.3963254431007848,-1.4543386
2017-12-09 08:30:00,-1.3242154286856025,-1.3967698
2017-12-09 08:40:00,-1.2529439027780784,-1.3247288
2017-12-09 08:50:00,-1.2126964544104588,-1.2383121
2017-12-09 09:00:00,-1.0793767761796575,-1.1910945
2017-12-09 09:10:00,-0.9376722142505338,-1.0532176
2017-12-09 09:20:00,-0.8756240633055217,-0.916068
2017-12-09 09:30:00,-0.8194453319141206,-0.8704778
2017-12-09 09:40:00,-0.7515277600372318,-0.8033162
2017-12-09 09:50:00,-0.6961875171534891,-0.7515536
2017-12-09 10:00:00,-0.6743868145760966,-0.7081235
2017-12-09 10:10:00,-0.6123386636310845,-0.670923
2017-12-09 10:20:00,-0.5528059782090482,-0.5922387
2017-12-09 10:30:00,-0.4697956131943019,-0.54520136
2017-12-09 10:40:00,-0.3909776907178496,-0.47680926
2017-12-09 10:50:00,-0.3574381490332344,-0.3968827
2017-12-09 11:00:00,-0.3364759363417662,-0.37169513
2017-12-09 11:10:00,-0.3062903486877857,-0.3333825
2017-12-09 11:20:00,-0.2987439521188574,-0.30780718
2017-12-09 11:30:00,-0.2769432495414645,-0.32829335
2017-12-09 11:40:00,-0.2308263802419681,-0.29553986
2017-12-09 11:50:00,-0.2400497538262145,-0.24222906
2017-12-09 12:00:00,-0.1838710224348134,-0.25982
2017-12-09 12:10:00,-0.2132181215811347,-0.19037107
2017-12-09 12:20:00,-0.162070321235686,-0.2178155
2017-12-09 12:30:00,-0.1226613599974596,-0.1446767
2017-12-09 12:40:00,-0.0614516961818407,-0.12006177
2017-12-09 12:50:00,-0.064805650212476,-0.059346102
2017-12-09 13:00:00,-0.0438434375210073,-0.09737786
2017-12-09 13:10:00,-0.0455204145363249,-0.049815208
2017-12-09 13:20:00,-0.0765444906979637,-0.07524706
2017-12-09 13:30:00,-0.0857678642822096,-0.09979907
2017-12-09 13:40:00,-0.0975067033894319,-0.094090335
2017-12-09 13:50:00,-0.1436235726889282,-0.11099403
2017-12-09 14:00:00,-0.144462061196587,-0.15564379
2017-12-09 14:10:00,-0.144462061196587,-0.12705374
2017-12-09 14:20:00,-0.1763246258658847,-0.14947832
2017-12-09 14:30:00,-0.1930943960190593,-0.19076706
2017-12-09 14:40:00,-0.2442421977427735,-0.19344765
2017-12-09 14:50:00,-0.2299878917343093,-0.26083457
2017-12-09 15:00:00,-0.2257954491960158,-0.20551342
2017-12-09 15:10:00,-0.211541144565817,-0.24752411
2017-12-09 15:20:00,-0.2693968529725357,-0.21172193
2017-12-09 15:30:00,-0.2911975555499286,-0.27869081
2017-12-09 15:40:00,-0.315513722272032,-0.27394265
2017-12-09 15:50:00,-0.2844896461103932,-0.29234353
2017-12-09 16:00:00,-0.2987439521188574,-0.3059132
2017-12-09 16:10:00,-0.2861666231257103,-0.28656143
2017-12-09 16:20:00,-0.266042898941901,-0.2738271
2017-12-09 16:30:00,-0.2065102135198647,-0.24685587
2017-12-09 16:40:00,-0.1109225208902373,-0.17264768
2017-12-09 16:50:00,-0.0337815754291026,-0.048210084
2017-12-09 17:00:00,0.0467133240626677,0.05401208
2017-12-09 17:10:00,0.2546584808533627,0.21612936
2017-12-09 17:20:00,0.5976002915119114,0.45970917
2017-12-09 17:30:00,0.8323770805476852,0.7848483
2017-12-09 17:40:00,0.919579888100726,0.9280206
2017-12-09 17:50:00,0.8893943004467451,0.89103323
2017-12-09 18:00:00,0.9053255834705274,0.8336713
2017-12-09 18:10:00,0.8835248808931344,0.84172255
2017-12-09 18:20:00,0.8835248808931344,0.8522239
2017-12-09 18:30:00,0.8927482544773803,0.87072307
2017-12-09 18:40:00,0.885201857908452,0.88091487
2017-12-09 18:50:00,0.8483083621932015,0.8730599
2017-12-09 19:00:00,0.8231537069634394,0.82736194
2017-12-09 19:10:00,0.8650781337246416,0.80686593
2017-12-09 19:20:00,0.8139303320009275,0.85734236
2017-12-09 19:30:00,0.8382465001012969,0.74965185
2017-12-09 19:40:00,0.7996760273707297,0.7905857
2017-12-09 19:50:00,0.7627825316554793,0.72421366
2017-12-09 20:00:00,0.7644595086707969,0.6908615
2017-12-09 20:10:00,0.751043692548257,0.7522326
2017-12-09 20:20:00,0.7242120589249121,0.72585887
2017-12-09 20:30:00,0.7141501968330065,0.67015725
2017-12-09 20:40:00,0.7284045028414712,0.6720866
2017-12-09 20:50:00,0.6504250688726773,0.6977209
2017-12-09 21:00:00,0.6177240156957208,0.60480005
2017-12-09 21:10:00,0.5875384280417407,0.5466476
2017-12-09 21:20:00,0.5489679553111727,0.52219576
2017-12-09 21:30:00,0.5070435285499704,0.5039655
2017-12-09 21:40:00,0.4776964307819151,0.46180534
2017-12-09 21:50:00,0.4584111937274986,0.43838003
2017-12-09 22:00:00,0.4064249048743906,0.38557115
2017-12-09 22:10:00,0.3410227998987437,0.3434307
2017-12-09 22:20:00,0.2513045268227274,0.2591147
2017-12-09 22:30:00,0.1917718400224262,0.19083712
2017-12-09 22:40:00,0.1037305439617275,0.12652957
2017-12-09 22:50:00,0.0341359964477866,0.024586562
2017-12-09 23:00:00,-0.1042146114507018,0.0070870887
2017-12-09 23:10:00,-0.1998023054585948,-0.16608691
2017-12-09 23:20:00,-0.2928745325652457,-0.26569673
2017-12-09 23:30:00,-0.4060704838557066,-0.36984345
2017-12-09 23:40:00,-0.4957887569317229,-0.4897887
2017-12-09 23:50:00,-0.597245870493227,-0.5441942
2017-12-10 00:00:00,-0.7196651953679342,-0.6285266
2017-12-10 00:10:00,-0.7582356680985017,-0.8308413
2017-12-10 00:20:00,-0.8404075446055893,-0.85315335
2017-12-10 00:30:00,-0.9183869785743828,-0.89900064
2017-12-10 00:40:00,-0.9871430375806648,-0.96199626
2017-12-10 00:50:00,-1.0533836324422363,-1.0323473
2017-12-10 01:00:00,-1.1363939974569828,-1.0916153
2017-12-10 01:10:00,-1.2017961024326298,-1.2012715
2017-12-10 01:20:00,-1.2185658739640703,-1.2530622
2017-12-10 01:30:00,-1.253782391285737,-1.231041
2017-12-10 01:40:00,-1.302414727486475,-1.3064442
2017-12-10 01:50:00,-1.3166690321166736,-1.3509278
2017-12-10 02:00:00,-1.352724039324265,-1.3781986
2017-12-10 02:10:00,-1.4298649834071346,-1.3913445
2017-12-10 02:20:00,-1.44328080090794,-1.475785
2017-12-10 02:30:00,-1.4608890595687734,-1.4764555
2017-12-10 02:40:00,-1.4793358081155312,-1.4946259
2017-12-10 02:50:00,-1.4977825552840234,-1.5117741
2017-12-10 03:00:00,-1.5388684935375674,-1.5167162
2017-12-10 03:10:00,-1.5631846602596708,-1.5880395
2017-12-10 03:20:00,-1.6193633930293372,-1.5875974
2017-12-10 03:30:00,-1.6596108427752223,-1.6577171
2017-12-10 03:40:00,-1.683088520989667,-1.6708546
2017-12-10 03:50:00,-1.677219101436056,-1.7018709
2017-12-10 04:00:00,-1.6738651474054207,-1.6963869
2017-12-10 04:10:00,-1.6478720022897342,-1.6763473
2017-12-10 04:20:00,-1.6554184002369283,-1.6556745
2017-12-10 04:30:00,-1.6118169964604083,-1.672076
2017-12-10 04:40:00,-1.6042705985132142,-1.6311891
2017-12-10 04:50:00,-1.598401178959603,-1.6248398
2017-12-10 05:00:00,-1.6218788585523136,-1.6067224
2017-12-10 05:10:00,-1.6084630410515084,-1.6309009
2017-12-10 05:20:00,-1.6093015295591666,-1.6154954
2017-12-10 05:30:00,-1.584146874329405,-1.6260875
2017-12-10 05:40:00,-1.4885591816997774,-1.5804405
2017-12-10 05:50:00,-1.464243013599409,-1.4409578
2017-12-10 06:00:00,-1.499459532299341,-1.4840703
2017-12-10 06:10:00,-1.5011365093146587,-1.5487876
2017-12-10 06:20:00,-1.4919131357304125,-1.5411806
2017-12-10 06:30:00,-1.5070059288682698,-1.541945
2017-12-10 06:40:00,-1.626909789598266,-1.5397854
2017-12-10 06:50:00,-1.806346335750298,-1.7054584
2017-12-10 07:00:00,-1.962305203687886,-1.9261378
2017-12-10 07:10:00,-1.9924907899636009,-2.0599785
2017-12-10 07:20:00,-2.034415216724803,-2.0454793
2017-12-10 07:30:00,-2.0168069580639694,-2.05304
2017-12-10 07:40:00,-1.9950062554865764,-2.0180993
2017-12-10 07:50:00,-1.9757210198104251,-1.9911567
2017-12-10 08:00:00,-1.934635081556882,-1.9601829
2017-12-10 08:10:00,-1.8801333271807985,-1.8943728
2017-12-10 08:20:00,-1.7962844736583934,-1.8420091
2017-12-10 08:30:00,-1.756875512420167,-1.788436
2017-12-10 08:40:00,-1.681411543974349,-1.7507472
2017-12-10 08:50:00,-1.627748278105925,-1.6554751
2017-12-10 09:00:00,-1.512036859914222,-1.5987978
2017-12-10 09:10:00,-1.445796266430916,-1.4695318
2017-12-10 09:20:00,-1.3342772907775071,-1.4321427
2017-12-10 09:30:00,-1.2152119199334352,-1.3002527
2017-12-10 09:40:00,-1.1498098135795225,-1.1610684
2017-12-10 09:50:00,-1.0324214183725025,-1.1266077
2017-12-10 10:00:00,-0.9200639555897004,-1.00663
2017-12-10 10:10:00,-0.8186068434064618,-0.9256537
2017-12-10 10:20:00,-0.7355964783917155,-0.77722895
2017-12-10 10:30:00,-0.6810947226373666,-0.7206411
2017-12-10 10:40:00,-0.6349778533378703,-0.6776107
2017-12-10 10:50:00,-0.5930534265766679,-0.6373696
2017-12-10 11:00:00,-0.4924348029010881,-0.61442447
2017-12-10 11:10:00,-0.4588952612164729,-0.44730827
2017-12-10 11:20:00,-0.4077474608710242,-0.4706759
2017-12-10 11:30:00,-0.3675000111251395,-0.42839223
2017-12-10 11:40:00,-0.3691769881404567,-0.39357847
2017-12-10 11:50:00,-0.3658230341098219,-0.39924306
2017-12-10 12:00:00,-0.3993625757944372,-0.3474786
2017-12-10 12:10:00,-0.4002010643020955,-0.41403696
2017-12-10 12:20:00,-0.4127783919169766,-0.40533412
2017-12-10 12:30:00,-0.4765035212555719,-0.42658335
2017-12-10 12:40:00,-0.5284898101086793,-0.4756908
2017-12-10 12:50:00,-0.5066891075312864,-0.5335625
2017-12-10 13:00:00,-0.4890808488704529,-0.5036164
2017-12-10 13:10:00,-0.5050121305159693,-0.49050283
2017-12-10 13:20:00,-0.5343592296622904,-0.5057914
2017-12-10 13:30:00,-0.5142355054784806,-0.529051
2017-12-10 13:40:00,-0.5175894595091158,-0.5156795
2017-12-10 13:50:00,-0.4983042224546993,-0.50258297
2017-12-10 14:00:00,-0.4773420097632306,-0.47366077
2017-12-10 14:10:00,-0.4689571246866436,-0.43178424
2017-12-10 14:20:00,-0.4555413071858382,-0.43219247
2017-12-10 14:30:00,-0.5033351535006516,-0.4542986
2017-12-10 14:40:00,-0.579637610454128,-0.5281193
2017-12-10 14:50:00,-0.6089847096004493,-0.6150419
2017-12-10 15:00:00,-0.6333008763225526,-0.58123523
2017-12-10 15:10:00,-0.6735483260684378,-0.6320374
2017-12-10 15:20:00,-0.6383318073685055,-0.6730444
2017-12-10 15:30:00,-0.6517476248693108,-0.62439877
2017-12-10 15:40:00,-0.6819332111450254,-0.64857095
2017-12-10 15:50:00,-0.7129572873066642,-0.6647586
2017-12-10 16:00:00,-0.7104418217836878,-0.7241046
2017-12-10 16:10:00,-0.731404035853422,-0.70122546
2017-12-10 16:20:00,-0.7171497298449577,-0.7389478
2017-12-10 16:30:00,-0.7012184481994419,-0.6706286
2017-12-10 16:40:00,-0.629946922291918,-0.649767
2017-12-10 16:50:00,-0.5159124824937983,-0.5520409
2017-12-10 17:00:00,-0.4220017668794884,-0.41746065
2017-12-10 17:10:00,-0.2274724262113334,-0.2520658
2017-12-10 17:20:00,0.1817099779305215,-0.0028257635
2017-12-10 17:30:00,0.4550572396968634,0.4098538
2017-12-10 17:40:00,0.5590298187813434,0.5166448
2017-12-10 17:50:00,0.5967618030042526,0.52284354
2017-12-10 18:00:00,0.6051466880808397,0.5493043
2017-12-10 18:10:00,0.5892154050570584,0.53754866
2017-12-10 18:20:00,0.5623837728119786,0.56702656
2017-12-10 18:30:00,0.595084824610669,0.5590574
2017-12-10 18:40:00,0.5892154050570584,0.607992
2017-12-10 18:50:00,0.6244319237569902,0.5943336
2017-12-10 19:00:00,0.6370092513718714,0.6370846
2017-12-10 19:10:00,0.68144914365605,0.6437982
2017-12-10 19:20:00,0.6739027470871218,0.6673724
2017-12-10 19:30:00,0.6739027470871218,0.6293774
2017-12-10 19:40:00,0.6537790229033125,0.609474
2017-12-10 19:50:00,0.6915110071262207,0.5904692
2017-12-10 20:00:00,0.7225350819095946,0.66855747
2017-12-10 20:10:00,0.6898340301109032,0.7101601
2017-12-10 20:20:00,0.6261089007723079,0.65569824
2017-12-10 20:30:00,0.6160470386804032,0.5768731
2017-12-10 20:40:00,0.6110161076344514,0.5771874
2017-12-10 20:50:00,0.5598683072890022,0.57574034
2017-12-10 21:00:00,0.5288442311273633,0.52351207
2017-12-10 21:10:00,0.5137514379895058,0.4688855
2017-12-10 21:20:00,0.4718270112283035,0.46071777
2017-12-10 21:30:00,0.4475108431279351,0.42056
2017-12-10 21:40:00,0.374562340205093,0.4274654
2017-12-10 21:50:00,0.3326379148221566,0.32563907
2017-12-10 22:00:00,0.2865210441443943,0.27749503
2017-12-10 22:10:00,0.2269883587223591,0.23345228
2017-12-10 22:20:00,0.1381085741540016,0.16324356
2017-12-10 22:30:00,0.0441978585396913,0.07821445
2017-12-10 22:40:00,-0.0681596056213762,-0.049444288
2017-12-10 22:50:00,-0.1746476488505671,-0.16661358
2017-12-10 23:00:00,-0.2400497538262145,-0.24690813
2017-12-10 23:10:00,-0.3398298903724009,-0.26788065
2017-12-10 23:20:00,-0.4136168804246354,-0.39598194
2017-12-10 23:30:00,-0.5201049250320918,-0.4746313
2017-12-10 23:40:00,-0.6400087857620881,-0.5837982
2017-12-10 23:50:00,-0.702895425214759,-0.7026509
2017-12-11 00:00:00,-0.7758439281376007,-0.7497514
2017-12-11 00:10:00,-0.8915553449510375,-0.89727944
2017-12-11 00:20:00,-0.9879815260883236,-1.0261614
2017-12-11 00:30:00,-1.0558990979652123,-1.0340502
2017-12-11 00:40:00,-1.115431783387249,-1.0931196
2017-12-11 00:50:00,-1.1758029586952088,-1.1457613
2017-12-11 01:00:00,-1.2194043624717288,-1.1972313
2017-12-11 01:10:00,-1.2579748352022964,-1.2413614
2017-12-11 01:20:00,-1.2864834444626938,-1.2979958
2017-12-11 01:30:00,-1.3577549703702172,-1.3237281
2017-12-11 01:40:00,-1.3678168324621225,-1.4082339
2017-12-11 01:50:00,-1.4013563741467376,-1.4029977
2017-12-11 02:00:00,-1.4248340523611822,-1.4556588
2017-12-11 02:10:00,-1.4818512736385077,-1.4565542
2017-12-11 02:20:00,-1.5019749978223174,-1.5090673
2017-12-11 02:30:00,-1.5036519748376345,-1.537341
2017-12-11 02:40:00,-1.3686553209697812,-1.5499537
2017-12-11 02:50:00,-1.3552395048472412,-1.4142883
2017-12-11 03:00:00,-1.365301366939146,-1.3836772
2017-12-11 03:10:00,-1.393809977577809,-1.3965188
2017-12-11 03:20:00,-1.3871020681382735,-1.390753
2017-12-11 03:30:00,-1.4281880063918169,-1.3847312
2017-12-11 03:40:00,-1.5028134863299758,-1.467515
2017-12-11 03:50:00,-1.4944286012533887,-1.5318909
2017-12-11 04:00:00,-1.4717894101683369,-1.5292094
2017-12-11 04:10:00,-1.4474732434462334,-1.5036389
2017-12-11 04:20:00,-1.3921330005624912,-1.4874806
2017-12-11 04:30:00,-1.4784973196078723,-1.4045572
2017-12-11 04:40:00,-1.5388684935375674,-1.4837675
2017-12-11 04:50:00,-1.5564767521984009,-1.5399588
2017-12-11 05:00:00,-1.5380300050299085,-1.5328469
2017-12-11 05:10:00,-1.565700127160912,-1.5255172
2017-12-11 05:20:00,-1.56737710417623,-1.5825007
2017-12-11 05:30:00,-1.5380300050299085,-1.5738215
2017-12-11 05:40:00,-1.4399268468773048,-1.5384251
2017-12-11 05:50:00,-1.382071137092321,-1.4027399
2017-12-11 06:00:00,-1.3728477635080747,-1.3681536
2017-12-11 06:10:00,-1.4164491672845947,-1.386725
2017-12-11 06:20:00,-1.3334388022698485,-1.4569024
2017-12-11 06:30:00,-1.31247658957838,-1.3583431
2017-12-11 06:40:00,-1.4055488166850312,-1.4074414
2017-12-11 06:50:00,-1.527129654430345,-1.5143285
2017-12-11 07:00:00,-1.4919131357304125,-1.5093657
2017-12-11 07:10:00,-1.2646827432635663,-1.6822052
2017-12-11 07:20:00,-1.244559017701491,-1.2097902
2017-12-11 07:30:00,-1.1867033092947727,-1.2400281
2017-12-11 07:40:00,-1.194249705863701,-1.1718638
2017-12-11 07:50:00,-1.194249705863701,-1.2233033
2017-12-11 08:00:00,-1.0424832818426726,-1.2277714
2017-12-11 08:10:00,-0.9200639555897004,-0.9569641
2017-12-11 08:20:00,-0.8462769641592004,-0.91913384
2017-12-11 08:30:00,-0.7993216063520453,-0.8445686
2017-12-11 08:40:00,-0.7557202025755253,-0.81979376
2017-12-11 08:50:00,-0.6525861133769691,-0.78348
2017-12-11 09:00:00,-0.5351977181699493,-0.66283435
2017-12-11 09:10:00,-0.6198850602000132,-0.5368456
2017-12-11 09:20:00,-0.72218066089091,-0.62524444
2017-12-11 09:30:00,-0.6643249524841914,-0.6844736
2017-12-11 09:40:00,-0.5922149380690092,-0.63454854
2017-12-11 09:50:00,-0.5695757483622234,-0.630364
2017-12-11 10:00:00,-0.4815344523015247,-0.6078759
2017-12-11 10:10:00,-0.4270326979254408,-0.46710366
2017-12-11 10:20:00,-0.3398298903724009,-0.43251804
2017-12-11 10:30:00,-0.2702353414801945,-0.34386656
2017-12-11 10:40:00,-0.2358573112879204,-0.28166798
2017-12-11 10:50:00,-0.1956098615420357,-0.22550595
2017-12-11 11:00:00,-0.1276922910434124,-0.17465013
2017-12-11 11:10:00,-0.0975067033894319,-0.43149832
2017-12-11 11:20:00,-0.0220427363218803,0.0125093525
2017-12-11 11:30:00,0.0492287895856441,0.14756693
2017-12-11 11:40:00,0.0534212321239371,0.112110026
2017-12-11 11:50:00,0.0903147278391876,0.04439289
2017-12-11 12:00:00,0.1339161316157076,-0.07030106
2017-12-11 12:10:00,0.1607477652390523,0.17266671
2017-12-11 12:20:00,0.1590707882237347,0.09884818
2017-12-11 12:30:00,0.1481704362459063,0.11802655
2017-12-11 12:40:00,0.1959642825607192,0.06984208
2017-12-11 12:50:00,0.1557168341931005,0.11083885
2017-12-11 13:00:00,0.1322391546003899,0.18940729
2017-12-11 13:10:00,0.0911532163468464,0.14221829
2017-12-11 13:20:00,0.0291050654018338,0.0871932
2017-12-11 13:30:00,-0.0002420337444874,-0.10823652
2017-12-11 13:40:00,-0.0253966903525145,0.009493857
2017-12-11 13:50:00,-0.0346200639367609,-0.07319867
2017-12-11 14:00:00,-0.0463589030439837,-0.052191727
2017-12-11 14:10:00,-0.0740290251749873,-0.06239017
2017-12-11 14:20:00,-0.1234998485051184,-0.08819091
2017-12-11 14:30:00,-0.1788400913888611,-0.12324217
2017-12-11 14:40:00,-0.1930943960190593,-0.21944015
2017-12-11 14:50:00,-0.2148950985964523,-0.18947603
2017-12-11 15:00:00,-0.2098641675504999,-0.23403542
2017-12-11 15:10:00,-0.1629088097433448,-0.20709094
2017-12-11 15:20:00,-0.1478160152272218,-0.17022827
2017-12-11 15:30:00,-0.1411081071659523,-0.16040553
2017-12-11 15:40:00,-0.1788400913888611,-0.15414804
2017-12-11 15:50:00,-0.2090256790428411,-0.20515475
2017-12-11 16:00:00,-0.2610119678959486,-0.23213226
2017-12-11 16:10:00,-0.2769432495414645,-0.25981215
2017-12-11 16:20:00,-0.2425652207274559,-0.25197968
2017-12-11 16:30:00,-0.3054518601801269,-0.21201295
2017-12-11 16:40:00,-0.3616305915715284,-0.30699512
2017-12-11 16:50:00,-0.3197061648103256,-0.35735142
2017-12-11 17:00:00,-0.2065102135198647,-0.22599886
2017-12-11 17:10:00,0.0743834461936713,-0.037157454
2017-12-11 17:20:00,0.4340950270053952,0.3446986
2017-12-11 17:30:00,0.7560746235942098,0.63192767
2017-12-11 17:40:00,0.859208712792765,0.8656351
2017-12-11 17:50:00,0.8432774311472496,0.8316398
2017-12-11 18:00:00,0.8751399958165473,0.7469443
2017-12-11 18:10:00,0.8701090647705945,0.8031801
2017-12-11 18:20:00,0.8734630188012297,0.8051337
2017-12-11 18:30:00,0.8525008047314956,0.8405508
2017-12-11 18:40:00,0.8583702242851062,0.8273561
2017-12-11 18:50:00,0.7946450963247769,0.8754427
2017-12-11 19:00:00,0.7845832342328722,0.78087515
2017-12-11 19:10:00,0.8541777817468131,0.7716081
2017-12-11 19:20:00,0.9531194297853404,0.78806597
2017-12-11 19:30:00,0.9271262846696544,0.90372473
2017-12-11 19:40:00,0.8860403464161108,0.8361818
2017-12-11 19:50:00,0.8902327889544038,0.803333
2017-12-11 20:00:00,0.8625626682016663,0.84342706
2017-12-11 20:10:00,0.9405421007921942,0.8195924
2017-12-11 20:20:00,0.9128719800394556,0.992272
2017-12-11 20:30:00,0.8919097659697215,0.86498636
2017-12-11 20:40:00,0.8441159196549085,0.84527624
2017-12-11 20:50:00,0.8231537069634394,0.776467
2017-12-11 21:00:00,0.7493667155329394,0.78577095
2017-12-11 21:10:00,0.7149886853406653,0.71021134
2017-12-11 21:20:00,0.6881570530955855,0.6351273
2017-12-11 21:30:00,0.616885527188062,0.63244754
2017-12-11 21:40:00,0.5254902770967281,0.55354065
2017-12-11 21:50:00,0.4953046894427481,0.48113123
2017-12-11 22:00:00,0.404747927859073,0.4536114
2017-12-11 22:10:00,0.3686929206514823,0.29708537
2017-12-11 22:20:00,0.248789061299751,0.3141074
2017-12-11 22:30:00,0.1523628787841993,0.19039463
2017-12-11 22:40:00,0.0425208815243737,0.10221939
2017-12-11 22:50:00,-0.0555822766282296,-0.002910581
2017-12-11 23:00:00,-0.1520084577655158,-0.1331459
2017-12-11 23:10:00,-0.2509501058040435,-0.17450097
2017-12-11 23:20:00,-0.3440223329106944,-0.2837172
2017-12-11 23:30:00,-0.4639261936406907,-0.37049076
2017-12-11 23:40:00,-0.6014383130315205,-0.5196708
2017-12-11 23:50:00,-0.702895425214759,-0.6653628
2017-12-12 00:00:00,-0.7976446293367276,-0.71561944
2017-12-12 00:10:00,-0.8915553449510375,-0.88505787
2017-12-12 00:20:00,-0.9770811754887602,-0.98161715
2017-12-12 00:30:00,-1.039129327812038,-0.9798156
2017-12-12 00:40:00,-1.10117747875705,-1.0656369
2017-12-12 00:50:00,-1.1623871411944031,-1.0856695
2017-12-12 01:00:00,-1.2059885449709238,-1.170735
2017-12-12 01:10:00,-1.2319816900866098,-1.2265308
2017-12-12 01:20:00,-1.285644955955035,-1.2451342
2017-12-12 01:30:00,-1.329246359731555,-1.2969801
2017-12-12 01:40:00,-1.3686553209697812,-1.332901
2017-12-12 01:50:00,-1.3988409086237612,-1.3916848
2017-12-12 02:00:00,-1.4298649834071346,-1.4199595
2017-12-12 02:10:00,-1.4449577779232576,-1.4367341
2017-12-12 02:20:00,-1.460050571061115,-1.4497933
2017-12-12 02:30:00,-1.5086829058835869,-1.4511738
2017-12-12 02:40:00,-1.5170677909601744,-1.5121558
2017-12-12 02:50:00,-1.5162293024525155,-1.5028913
2017-12-12 03:00:00,-1.52377570039971,-1.4969747
2017-12-12 03:10:00,-1.5564767521984009,-1.5122559
2017-12-12 03:20:00,-1.566538615668571,-1.5614071
2017-12-12 03:30:00,-1.622717347059972,-1.5542496
2017-12-12 03:40:00,-1.640325605720806,-1.6087348
2017-12-12 03:50:00,-1.6612878197905396,-1.6016705
2017-12-12 04:00:00,-1.6688342163594685,-1.654668
2017-12-12 04:10:00,-1.640325605720806,-1.649221
2017-12-12 04:20:00,-1.639487117213147,-1.6116322
2017-12-12 04:30:00,-1.6260713010906072,-1.5968099
2017-12-12 04:40:00,-1.6009166444825795,-1.5927594
2017-12-12 04:50:00,-1.584146874329405,-1.5950572
2017-12-12 05:00:00,-1.566538615668571,-1.5544002
2017-12-12 05:10:00,-1.5606691947366944,-1.5369035
2017-12-12 05:20:00,-1.555638263690742,-1.5124989
2017-12-12 05:30:00,-1.5397069820452265,-1.5393736
2017-12-12 05:40:00,-1.465081502107067,-1.5121439
2017-12-12 05:50:00,-1.4005178856390788,-1.3813186
2017-12-12 06:00:00,-1.4332189388160348,-1.3461275
2017-12-12 06:10:00,-1.395486954593126,-1.4240915
2017-12-12 06:20:00,-1.3661398554468047,-1.3995757
2017-12-12 06:30:00,-1.34937008529363,-1.3705387
2017-12-12 06:40:00,-1.36949380947744,-1.3327454
2017-12-12 06:50:00,-1.4659199906147258,-1.3588226
2017-12-12 07:00:00,-1.4667584791223844,-1.4966583
2017-12-12 07:10:00,-1.4164491672845947,-1.4581352
2017-12-12 07:20:00,-1.4332189388160348,-1.4000006
2017-12-12 07:30:00,-1.4072257937003487,-1.4387028
2017-12-12 07:40:00,-1.4634045250917498,-1.385239
2017-12-12 07:50:00,-1.4684354561377022,-1.4768009
2017-12-12 08:00:00,-1.3485315967859717,-1.4317038
2017-12-12 08:10:00,-1.2512669257627609,-1.2643037
2017-12-12 08:20:00,-1.1984421484019951,-1.1636935
2017-12-12 08:30:00,-1.1799954012335028,-1.1502852
2017-12-12 08:40:00,-1.0835692200962166,-1.1477411
2017-12-12 08:50:00,-1.021521067772939,-1.0267272
2017-12-12 09:00:00,-0.9209024440973592,-0.9737275
2017-12-12 09:10:00,-0.7817133476912118,-0.86012644
2017-12-12 09:20:00,-0.6953490286458308,-0.7280193
2017-12-12 09:30:00,-0.6224005257229891,-0.66932535
2017-12-12 09:40:00,-0.6249159912459655,-0.5864369
2017-12-12 09:50:00,-0.5871840070230568,-0.57944936
2017-12-12 10:00:00,-0.5201049250320918,-0.5541757
2017-12-12 10:10:00,-0.4211632783718296,-0.49269626
2017-12-12 10:20:00,-0.3356374478341074,-0.37270603
2017-12-12 10:30:00,-0.2861666231257103,-0.28214082
2017-12-12 10:40:00,-0.2484346402810675,-0.23860717
2017-12-12 10:50:00,-0.2459191747580911,-0.22892126
2017-12-12 11:00:00,-0.1889019534807658,-0.21863386
2017-12-12 11:10:00,-0.1654242752663212,-0.17569253
2017-12-12 11:20:00,-0.1352386876123407,-0.13189617
2017-12-12 11:30:00,-0.0916372838358207,-0.10800773
2017-12-12 11:40:00,-0.0899603068205036,-0.071716554
2017-12-12 11:50:00,-0.0128193613593685,-0.08533495
2017-12-12 12:00:00,-0.0203657579282967,0.03614968
2017-12-12 12:10:00,0.0098198283474172,0.0033635828
2017-12-12 12:20:00,-0.0119808728517097,0.016829535
2017-12-12 12:30:00,-0.0815754217439161,0.0021997462
2017-12-12 12:40:00,-0.0731905366673285,-0.091035016
2017-12-12 12:50:00,-0.0639671617048171,-0.04016318
2017-12-12 13:00:00,-0.118468917459166,-0.05946617
2017-12-12 13:10:00,-0.0933142608511384,-0.124659516
2017-12-12 13:20:00,-0.0807369332362573,-0.044488735
2017-12-12 13:30:00,-0.1285307795510712,-0.062668465
2017-12-12 13:40:00,-0.1528469462731746,-0.123611726
2017-12-12 13:50:00,-0.1629088097433448,-0.15502243
2017-12-12 14:00:00,-0.1344001991046824,-0.16492432
2017-12-12 14:10:00,-0.1344001991046824,-0.09697535
2017-12-12 14:20:00,-0.1327232220893648,-0.11118343
2017-12-12 14:30:00,-0.1369156646276583,-0.121373825
2017-12-12 14:40:00,-0.3264140728715955,-0.14075197
2017-12-12 14:50:00,-0.281135692079758,-0.33934003
2017-12-12 15:00:00,-0.322221630333302,-0.20355318
2017-12-12 15:10:00,-0.322221630333302,-0.3117949
2017-12-12 15:20:00,-0.3297680269022308,-0.31173104
2017-12-12 15:30:00,-0.3255755843639367,-0.32650095
2017-12-12 15:40:00,-0.3809158286259444,-0.3029357
2017-12-12 15:50:00,-0.3431838444030357,-0.36084363
2017-12-12 16:00:00,-0.3272525613792543,-0.3051925
2017-12-12 16:10:00,-0.2735892955108292,-0.3303436
2017-12-12 16:20:00,-0.2408882423338733,-0.23289204
2017-12-12 16:30:00,-0.2283109147189922,-0.20073837
2017-12-12 16:40:00,-0.1520084577655158,-0.20419729
2017-12-12 16:50:00,-0.0924757723434796,-0.07934133
2017-12-12 17:00:00,0.0240741343558819,-0.027334817
2017-12-12 17:10:00,0.2135725425998191,0.21417262
2017-12-12 17:20:00,0.5757995889345184,0.4776655
2017-12-12 17:30:00,0.954796406800658,0.8027859
2017-12-12 17:40:00,0.9916899011376424,1.0933716
2017-12-12 17:50:00,1.0109751381920589,0.943741
2017-12-12 18:00:00,1.0118136266997175,0.97225654
2017-12-12 18:10:00,0.993366879531226,0.9655112
2017-12-12 18:20:00,0.9908514126299836,0.96264523
2017-12-12 18:30:00,0.9916899011376424,0.9892116
2017-12-12 18:40:00,0.9874974585993492,0.9872563
2017-12-12 18:50:00,0.9623428033695872,1.0207069
2017-12-12 19:00:00,0.9656967574002214,0.9745164
2017-12-12 19:10:00,0.9774355965074436,0.97787684
2017-12-12 19:20:00,0.9740816424768096,0.9640773
2017-12-12 19:30:00,0.8818479038778168,0.9443395
2017-12-12 19:40:00,0.8323770805476852,0.83238435
2017-12-12 19:50:00,0.7996760273707297,0.78209394
2017-12-12 20:00:00,0.7669749741937734,0.76042336
2017-12-12 20:10:00,0.8248306839787569,0.7504919
2017-12-12 20:20:00,0.8441159196549085,0.8748852
2017-12-12 20:30:00,0.8097378894626345,0.8453817
2017-12-12 20:40:00,0.8122533549856108,0.7935288
2017-12-12 20:50:00,0.7946450963247769,0.8028131
2017-12-12 21:00:00,0.7594285776248441,0.7642196
2017-12-12 21:10:00,0.7040883347411019,0.72175825
2017-12-12 21:20:00,0.6085006421114749,0.6407755
2017-12-12 21:30:00,0.530521208142681,0.5596184
2017-12-12 21:40:00,0.4273871189441248,0.49585226
2017-12-12 21:50:00,0.3754008300910177,0.34314188
2017-12-12 22:00:00,0.3091602352294461,0.38953593
2017-12-12 22:10:00,0.2378887093219225,0.2726649
2017-12-12 22:20:00,0.1523628787841993,0.20802347
2017-12-12 22:30:00,0.0265895998788573,0.105128236
2017-12-12 22:40:00,-0.0715135596520114,-0.040288117
2017-12-12 22:50:00,-0.1914174190037422,-0.13507487
2017-12-12 23:00:00,-0.2920360440575875,-0.26748967
2017-12-12 23:10:00,-0.3792388516106273,-0.33295208
2017-12-12 23:20:00,-0.4874038718551358,-0.41365865
2017-12-12 23:30:00,-0.6265929682612826,-0.5675716
2017-12-12 23:40:00,-0.7188267068602754,-0.6838209
2017-12-12 23:50:00,-0.7859057902295054,-0.74304265
2017-12-13 00:00:00,-0.8638852241982994,-0.79972607
2017-12-13 00:10:00,-0.9485725662283628,-0.9266466
2017-12-13 00:20:00,-1.008943740158058,-1.0403004
2017-12-13 00:30:00,-1.0793767761796575,-1.0391304
2017-12-13 00:40:00,-1.1204627144332011,-1.1238122
2017-12-13 00:50:00,-1.1799954012335028,-1.1231289
2017-12-13 01:00:00,-1.2428820406861738,-1.1858766
2017-12-13 01:10:00,-1.291514375508646,-1.2863057
2017-12-13 01:20:00,-1.340985198838777,-1.3232095
2017-12-13 01:30:00,-1.3745247405233925,-1.3564402
2017-12-13 01:40:00,-1.4608890595687734,-1.3887514
2017-12-13 01:50:00,-1.4919131357304125,-1.5012649
2017-12-13 02:00:00,-1.5128753484218809,-1.519995
2017-12-13 02:10:00,-1.5506073326447896,-1.5290788
2017-12-13 02:20:00,-1.590016293883016,-1.5547079
2017-12-13 02:30:00,-1.6118169964604083,-1.59959
2017-12-13 02:40:00,-1.6151709504910436,-1.6155751
2017-12-13 02:50:00,-1.6260713010906072,-1.6104349
2017-12-13 03:00:00,-1.6352946746748531,-1.6220564
2017-12-13 03:10:00,-1.6847654980049849,-1.6311672
2017-12-13 03:20:00,-1.689796429050937,-1.7014642
2017-12-13 03:30:00,-1.7082431775976947,-1.6800077
2017-12-13 03:40:00,-1.700696781028766,-1.70929
2017-12-13 03:50:00,-1.696504337112207,-1.6868429
2017-12-13 04:00:00,-1.6931503830815715,-1.7005746
2017-12-13 04:10:00,-1.6956658486045482,-1.6939048
2017-12-13 04:20:00,-1.7099201546130125,-1.6859725
2017-12-13 04:30:00,-1.7074046890900358,-1.701942
2017-12-13 04:40:00,-1.689796429050937,-1.696743
2017-12-13 04:50:00,-1.680573055466691,-1.6867357
2017-12-13 05:00:00,-1.6713496818824447,-1.6452472
2017-12-13 05:10:00,-1.647033513782076,-1.6385732
2017-12-13 05:20:00,-1.6478720022897342,-1.616766
2017-12-13 05:30:00,-1.626909789598266,-1.6398225
2017-12-13 05:40:00,-1.5170677909601744,-1.5986037
2017-12-13 05:50:00,-1.4223185868382058,-1.4412777
2017-12-13 06:00:00,-1.4273495178841582,-1.3652629
2017-12-13 06:10:00,-1.3854250911229558,-1.4306139
2017-12-13 06:20:00,-1.3476931082783126,-1.40637
2017-12-13 06:30:00,-1.3300848482392136,-1.3715591
2017-12-13 06:40:00,-1.3594319473855347,-1.3327521
2017-12-13 06:50:00,-1.460050571061115,-1.372618
2017-12-13 07:00:00,-1.4634045250917498,-1.4995048
2017-12-13 07:10:00,-1.382071137092321,-1.4743838
2017-12-13 07:20:00,-1.3711707864927571,-1.385762
2017-12-13 07:30:00,-1.382909625599979,-1.3742027
2017-12-13 07:40:00,-1.3795556715693449,-1.3729278
2017-12-13 07:50:00,-1.3988409086237612,-1.4143351
2017-12-13 08:00:00,-1.2889989099856696,-1.4153359
2017-12-13 08:10:00,-1.229466224563634,-1.232991
2017-12-13 08:20:00,-1.166579583732697,-1.1754655
2017-12-13 08:30:00,-1.1221396914485189,-1.1210513
2017-12-13 08:40:00,-0.9963664125431768,-1.1079524
2017-12-13 08:50:00,-0.9359952372352162,-0.9713448
2017-12-13 09:00:00,-0.9032941840582602,-0.91941327
2017-12-13 09:10:00,-0.813575910982244,-0.8665882
2017-12-13 09:20:00,-0.7641050876521129,-0.79161674
2017-12-13 09:30:00,-0.690318097599878,-0.7506336
2017-12-13 09:40:00,-0.616531106169378,-0.6629443
2017-12-13 09:50:00,-0.6265929682612826,-0.57974654
2017-12-13 10:00:00,-0.5276513216010206,-0.6011804
2017-12-13 10:10:00,-0.4639261936406907,-0.50986785
2017-12-13 10:20:00,-0.3574381490332344,-0.4486216
2017-12-13 10:30:00,-0.3113212797337385,-0.30489105
2017-12-13 10:40:00,-0.2911975555499286,-0.2890708
2017-12-13 10:50:00,-0.2257954491960158,-0.27991605
2017-12-13 11:00:00,-0.2216030066577222,-0.21494456
2017-12-13 11:10:00,-0.224956960688357,-0.2019336
2017-12-13 11:20:00,-0.1562009016820748,-0.2142482
2017-12-13 11:30:00,-0.1067300769736783,-0.1331946
2017-12-13 11:40:00,-0.0773829792056225,-0.16970907
2017-12-13 11:50:00,-0.0924757723434796,-0.08956917
2017-12-13 12:00:00,-0.0790599562209397,-0.11498384
2017-12-13 12:10:00,-0.068998094129035,-0.08310127
2017-12-13 12:20:00,-0.0438434375210073,-0.079873316
2017-12-13 12:30:00,-0.0840908872668925,-0.072890535
2017-12-13 12:40:00,-0.0874448412975272,-0.086424835
2017-12-13 12:50:00,-0.0782214677132814,-0.07347966
2017-12-13 13:00:00,-0.0958297263741148,-0.067808546
2017-12-13 13:10:00,-0.1117610093978961,-0.12021326
2017-12-13 13:20:00,-0.0983451918970907,-0.132516
2017-12-13 13:30:00,-0.151169969257857,-0.07657067
2017-12-13 13:40:00,-0.1000221689124083,-0.1648933
2017-12-13 13:50:00,-0.155362413174416,-0.088495515
2017-12-13 14:00:00,-0.1729706718352495,-0.21037787
2017-12-13 14:10:00,-0.2543040598346787,-0.11445529
2017-12-13 14:20:00,-0.1746476488505671,-0.23960671
2017-12-13 14:30:00,-0.2107026560581587,-0.12785465
2017-12-13 14:40:00,-0.2006407939662536,-0.24047269
2017-12-13 14:50:00,-0.2140566100887935,-0.21051504
2017-12-13 15:00:00,-0.2652044104342422,-0.21856397
2017-12-13 15:10:00,-0.2761047610338056,-0.2955355
2017-12-13 15:20:00,-0.2383727768108968,-0.27055028
2017-12-13 15:30:00,-0.2668813874495598,-0.25071946
2017-12-13 15:40:00,-0.285328134618052,-0.3148124
2017-12-13 15:50:00,-0.3012594176418333,-0.33500844
2017-12-13 16:00:00,-0.3238986073486196,-0.3154969
2017-12-13 16:10:00,-0.2995824406265157,-0.36154947
2017-12-13 16:20:00,-0.2727508070031709,-0.30811128
2017-12-13 16:30:00,-0.2308263802419681,-0.28555748
2017-12-13 16:40:00,-0.162070321235686,-0.20263603
2017-12-13 16:50:00,-0.0933142608511384,-0.1296036
2017-12-13 17:00:00,-0.0329430869214438,-0.025463348
2017-12-13 17:10:00,0.2110570770768427,0.13815595
2017-12-13 17:20:00,0.5288442311273633,0.44980592
2017-12-13 17:30:00,0.8961022085080155,0.7236782
2017-12-13 17:40:00,1.045353168384333,0.9973215
2017-12-13 17:50:00,1.0738617776447303,1.004118
2017-12-13 18:00:00,1.0445146798766742,0.99205256
2017-12-13 18:10:00,1.0386452603230636,0.9845696
2017-12-13 18:20:00,1.0361297934218212,0.9874668
2017-12-13 18:30:00,0.9690507114308566,0.9639919
2017-12-13 18:40:00,0.9707276884461742,0.9258961
2017-12-13 18:50:00,0.9765971079997858,0.9796801
2017-12-13 19:00:00,0.9967208335618604,1.0102891
2017-12-13 19:10:00,1.0084596726690835,0.9755475
2017-12-13 19:20:00,0.9992362990848368,0.9715358
2017-12-13 19:30:00,0.9908514126299836,0.93933797
2017-12-13 19:40:00,0.9522809412776816,0.92654073
2017-12-13 19:50:00,0.9514424527700236,0.8876349
2017-12-13 20:00:00,0.9254493076543366,0.9079537
2017-12-13 20:10:00,0.9422190778075118,0.8940279
2017-12-13 20:20:00,0.9472500088534636,0.9454687
2017-12-13 20:30:00,0.9321572157156072,0.9352656
2017-12-13 20:40:00,0.8868788349237696,0.8949017
2017-12-13 20:50:00,0.8533392932391544,0.83873945
2017-12-13 21:00:00,0.8063839354319992,0.79957473
2017-12-13 21:10:00,0.7401433419486935,0.77589124
2017-12-13 21:20:00,0.6655178620105348,0.66851217
2017-12-13 21:30:00,0.6235934352493324,0.6015647
2017-12-13 21:40:00,0.5221363230660939,0.58624274
2017-12-13 21:50:00,0.465119103167034,0.4326505
2017-12-13 22:00:00,0.4265486304364659,0.4279632
2017-12-13 22:10:00,0.32676849389028,0.37235934
2017-12-13 22:20:00,0.2420811518602156,0.27058992
2017-12-13 22:30:00,0.1456549707229298,0.1881382
2017-12-13 22:40:00,0.0240741343558819,0.06985865
2017-12-13 22:50:00,-0.1092455424966547,-0.047640376
2017-12-13 23:00:00,-0.2316648687496269,-0.19924943
2017-12-13 23:10:00,-0.3197061648103256,-0.30555943
2017-12-13 23:20:00,-0.419486301356512,-0.37854877
2017-12-13 23:30:00,-0.5511290011937306,-0.45922533
2017-12-13 23:40:00,-0.6609709984535568,-0.5882292
2017-12-13 23:50:00,-0.7473353174989378,-0.69359297
2017-12-14 00:00:00,-0.8295071940060252,-0.7889104
2017-12-14 00:10:00,-0.9192254670820416,-0.9190864
2017-12-14 00:20:00,-0.9577959398126092,-0.9904393
2017-12-14 00:30:00,-1.048352701396284,-1.0113001
2017-12-14 00:40:00,-1.1036929442800263,-1.0943817
2017-12-14 00:50:00,-1.1431019055182527,-1.1093903
2017-12-14 01:00:00,-1.18838028631009,-1.1480892
2017-12-14 01:10:00,-1.2521054142704195,-1.2233088
2017-12-14 01:20:00,-1.298222283569916,-1.2966633
2017-12-14 01:30:00,-1.3166690321166736,-1.332488
2017-12-14 01:40:00,-1.340985198838777,-1.326092
2017-12-14 01:50:00,-1.393809977577809,-1.3564599
2017-12-14 02:00:00,-1.4634045250917498,-1.4440178
2017-12-14 02:10:00,-1.512036859914222,-1.4921725
2017-12-14 02:20:00,-1.529645119953321,-1.5303527
2017-12-14 02:30:00,-1.555638263690742,-1.5235405
2017-12-14 02:40:00,-1.5782774547757932,-1.5778754
2017-12-14 02:50:00,-1.6000781559749206,-1.5992451
2017-12-14 03:00:00,-1.6302637436289007,-1.6070073
2017-12-14 03:10:00,-1.6495489793050515,-1.6180913
2017-12-14 03:20:00,-1.647033513782076,-1.637687
2017-12-14 03:30:00,-1.636133163182512,-1.662294
2017-12-14 03:40:00,-1.6445180482590995,-1.6334052
2017-12-14 03:50:00,-1.6495489793050515,-1.6433687
2017-12-14 04:00:00,-1.6520644448280282,-1.6346512
2017-12-14 04:10:00,-1.633617697659536,-1.6487181
2017-12-14 04:20:00,-1.634456186167195,-1.627327
2017-12-14 04:30:00,-1.614332461983385,-1.6369468
2017-12-14 04:40:00,-1.586662339852381,-1.591335
2017-12-14 04:50:00,-1.562346171752012,-1.5757716
2017-12-14 05:00:00,-1.533837562491615,-1.5624144
2017-12-14 05:10:00,-1.521260234876734,-1.5238199
2017-12-14 05:20:00,-1.5153908139448569,-1.5037699
2017-12-14 05:30:00,-1.4919131357304125,-1.4896328
2017-12-14 05:40:00,-1.4164491672845947,-1.4893999
2017-12-14 05:50:00,-1.365301366939146,-1.36627
2017-12-14 06:00:00,-1.4172876557922536,-1.3307114
2017-12-14 06:10:00,-1.3904560235471737,-1.4251323
2017-12-14 06:20:00,-1.3686553209697812,-1.392612
2017-12-14 06:30:00,-1.340985198838777,-1.4023889
2017-12-14 06:40:00,-1.372009275000416,-1.3466358
2017-12-14 06:50:00,-1.432380448930111,-1.4018046
2017-12-14 07:00:00,-1.4206416098228882,-1.463235
2017-12-14 07:10:00,-1.3896175350395148,-1.4363538
2017-12-14 07:20:00,-1.3921330005624912,-1.4103587
2017-12-14 07:30:00,-1.3736862520157336,-1.4179692
2017-12-14 07:40:00,-1.41309521325396,-1.3676658
2017-12-14 07:50:00,-1.4340574273236937,-1.4358344
2017-12-14 08:00:00,-1.3384697333158009,-1.4534123
2017-12-14 08:10:00,-1.244559017701491,-1.2803948
2017-12-14 08:20:00,-1.1573562101484511,-1.19509
2017-12-14 08:30:00,-1.11459329487959,-1.1079366
2017-12-14 08:40:00,-1.0064282746350814,-1.1010385
2017-12-14 08:50:00,-0.9485725662283628,-0.98842615
2017-12-14 09:00:00,-0.8655622012136169,-0.95037377
2017-12-14 09:10:00,-0.7607511336214777,-0.83027154
2017-12-14 09:20:00,-0.7037339137224179,-0.7344421
2017-12-14 09:30:00,-0.623239014230648,-0.69665784
2017-12-14 09:40:00,-0.5704142368698817,-0.6032358
2017-12-14 09:50:00,-0.5024966649929928,-0.5650314
2017-12-14 10:00:00,-0.4261942094177819,-0.49723583
2017-12-14 10:10:00,-0.3540841950025996,-0.35479525
2017-12-14 10:20:00,-0.296228486595881,-0.3355724
2017-12-14 10:30:00,-0.2442421977427735,-0.24917872
2017-12-14 10:40:00,-0.2165720756117699,-0.2678499
2017-12-14 10:50:00,-0.2065102135198647,-0.22493851
2017-12-14 11:00:00,-0.2484346402810675,-0.24159731
2017-12-14 11:10:00,-0.1612318327280272,-0.23385279
2017-12-14 11:20:00,-0.1310462450740472,-0.1354384
2017-12-14 11:30:00,-0.1478160152272218,-0.17557622
2017-12-14 11:40:00,-0.2056717250122059,-0.15830685
2017-12-14 11:50:00,-0.1536854347808334,-0.20049785
2017-12-14 12:00:00,-0.1595548557127101,-0.09131305
2017-12-14 12:10:00,-0.1771631143735435,-0.1914571
2017-12-14 12:20:00,-0.1712936948199324,-0.15216096
2017-12-14 12:30:00,-0.2039947479968888,-0.15478055
2017-12-14 12:40:00,-0.1989638169509359,-0.22328937
2017-12-14 12:50:00,-0.2325033572572857,-0.18812835
2017-12-14 13:00:00,-0.2325033572572857,-0.26137674
2017-12-14 13:10:00,-0.1930943960190593,-0.24598157
2017-12-14 13:20:00,-0.1889019534807658,-0.16555153
2017-12-14 13:30:00,-0.2241184721806982,-0.17972228
2017-12-14 13:40:00,-0.2333418457649445,-0.22221726
2017-12-14 13:50:00,-0.2509501058040435,-0.24248844
2017-12-14 14:00:00,-0.1914174190037422,-0.28011945
2017-12-14 14:10:00,-0.1889019534807658,-0.19214904
2017-12-14 14:20:00,-0.1847095109424723,-0.19060625
2017-12-14 14:30:00,-0.2039947479968888,-0.17339191
2017-12-14 14:40:00,-0.222441495165381,-0.21238495
2017-12-14 14:50:00,-0.2425652207274559,-0.3019432
2017-12-14 15:00:00,-0.2769432495414645,-0.24053572
2017-12-14 15:10:00,-0.3498917524643056,-0.2716798
2017-12-14 15:20:00,-0.2425652207274559,-0.36763906
2017-12-14 15:30:00,-0.0941527493587972,-0.24749395
2017-12-14 15:40:00,-0.0991836804047495,-0.11550154
2017-12-14 15:50:00,-0.1503314807501982,-0.11687372
2017-12-14 16:00:00,-0.1603933442203684,-0.1750176
2017-12-14 16:10:00,-0.1469775267195635,-0.13816452
2017-12-14 16:20:00,-0.1570393901897336,-0.12551354
2017-12-14 16:30:00,-0.1268538025357536,-0.14396872
2017-12-14 16:40:00,-0.038812506475055,-0.12179371
2017-12-14 16:50:00,0.0601291401852076,-0.0023377617
2017-12-14 17:00:00,0.1297236890774135,0.13630155
2017-12-14 17:10:00,0.3175451203060331,0.25317904
2017-12-14 17:20:00,0.6630023964875583,0.50744706
2017-12-14 17:30:00,0.989174435614667,0.87285364
2017-12-14 17:40:00,1.019360023268647,1.0903888
2017-12-14 17:50:00,0.9807895505380788,0.97494024
2017-12-14 18:00:00,0.9942053680388848,0.87745064
2017-12-14 18:10:00,0.9925283896453012,0.91487014
2017-12-14 18:20:00,1.009298161176741,0.95456654
2017-12-14 18:30:00,1.0185215347609882,0.99532574
2017-12-14 18:40:00,0.997559322069519,1.0157064
2017-12-14 18:50:00,1.0017517646078131,0.9672044
2017-12-14 19:00:00,0.9573118723236343,1.0197936
2017-12-14 19:10:00,0.9791125735227612,0.94534266
2017-12-14 19:20:00,0.9438960548228296,0.9461271
2017-12-14 19:30:00,0.9363496582539002,0.8656257
2017-12-14 19:40:00,0.9044870935846026,0.863723
2017-12-14 19:50:00,0.9044870935846026,0.85268384
2017-12-14 20:00:00,0.8625626682016663,0.8688763
2017-12-14 20:10:00,0.941380589299853,0.83404344
2017-12-14 20:20:00,0.9438960548228296,0.97214466
2017-12-14 20:30:00,0.9313187272079484,0.9240035
2017-12-14 20:40:00,0.8575317357774473,0.9041529
2017-12-14 20:50:00,0.8080609124473168,0.78591436
2017-12-14 21:00:00,0.7829062572175546,0.74749625
2017-12-14 21:10:00,0.7426588074716699,0.7214503
2017-12-14 21:20:00,0.7049268232487607,0.692022
2017-12-14 21:30:00,0.6202394812186972,0.65613467
2017-12-14 21:40:00,0.5330366736656573,0.5555256
2017-12-14 21:50:00,0.4659575916746928,0.48346528
2017-12-14 22:00:00,0.3754008300910177,0.39299357
2017-12-14 22:10:00,0.3066447697064697,0.2910468
2017-12-14 22:20:00,0.2051876575232311,0.23467694
2017-12-14 22:30:00,0.1297236890774135,0.1612477
2017-12-14 22:40:00,0.0592906516775488,0.08855351
2017-12-14 22:50:00,-0.0773829792056225,0.013142257
2017-12-14 23:00:00,-0.1998023054585948,-0.17374289
2017-12-14 23:10:00,-0.3029363946571509,-0.2706687
2017-12-14 23:20:00,-0.4035550183327307,-0.34752202
2017-12-14 23:30:00,-0.5553214437320246,-0.4574429
2017-12-14 23:40:00,-0.653424601884628,-0.63062745
2017-12-14 23:50:00,-0.7540432255602078,-0.6969369
2017-12-15 00:00:00,-0.8378920790826129,-0.7908312
2017-12-15 00:10:00,-0.8923938334586963,-0.89383847
2017-12-15 00:20:00,-0.9250948866356526,-0.9616914
2017-12-15 00:30:00,-0.9846275720576888,-0.97179395
2017-12-15 00:40:00,-1.0533836324422363,-1.0263958
2017-12-15 00:50:00,-1.1137548063719311,-1.0794001
2017-12-15 01:00:00,-1.1565177216407925,-1.1108994
2017-12-15 01:10:00,-1.2034730794479471,-1.2066435
2017-12-15 01:20:00,-1.272229139832495,-1.260529
2017-12-15 01:30:00,-1.2831294904320585,-1.3183926
2017-12-15 01:40:00,-1.3116381010707214,-1.2860723
2017-12-15 01:50:00,-1.351885550816606,-1.3337777
2017-12-15 02:00:00,-1.3837481141076382,-1.4111025
2017-12-15 02:10:00,-1.3971639316084437,-1.4090686
2017-12-15 02:20:00,-1.421480098330547,-1.4071186
2017-12-15 02:30:00,-1.4684354561377022,-1.4143051
2017-12-15 02:40:00,-1.4969440667763645,-1.4712679
2017-12-15 02:50:00,-1.549768844137131,-1.5215554
2017-12-15 03:00:00,-1.5883393168676985,-1.5768015
2017-12-15 03:10:00,-1.5942087364213096,-1.5968925
2017-12-15 03:20:00,-1.616009438998702,-1.5623708
2017-12-15 03:30:00,-1.6311022321365596,-1.6155746
2017-12-15 03:40:00,-1.6411640942284642,-1.6385952
2017-12-15 03:50:00,-1.642002582736123,-1.6313344
2017-12-15 04:00:00,-1.6235558355676307,-1.6373038
2017-12-15 04:10:00,-1.616009438998702,-1.5840974
2017-12-15 04:20:00,-1.634456186167195,-1.626193
2017-12-15 04:30:00,-1.634456186167195,-1.6284441
2017-12-15 04:40:00,-1.6352946746748531,-1.6110905
2017-12-15 04:50:00,-1.6109785079527497,-1.6160989
2017-12-15 05:00:00,-1.6084630410515084,-1.5722083
2017-12-15 05:10:00,-1.6009166444825795,-1.6026592
2017-12-15 05:20:00,-1.5573152407060595,-1.5666991
2017-12-15 05:30:00,-1.533837562491615,-1.5293543
2017-12-15 05:40:00,-1.486043716176801,-1.4877661
2017-12-15 05:50:00,-1.365301366939146,-1.4408705
2017-12-15 06:00:00,-1.3795556715693449,-1.2988958
2017-12-15 06:10:00,-1.358593458877876,-1.3838849
2017-12-15 06:20:00,-1.3275693827162371,-1.3541325
2017-12-15 06:30:00,-1.3275693827162371,-1.3272345
2017-12-15 06:40:00,-1.315830543609015,-1.3516707
2017-12-15 06:50:00,-1.382909625599979,-1.3218551
2017-12-15 07:00:00,-1.4172876557922536,-1.4241307
2017-12-15 07:10:00,-1.363624389923829,-1.4047191
2017-12-15 07:20:00,-1.3242154286856025,-1.3551667
2017-12-15 07:30:00,-1.3485315967859717,-1.3377452
2017-12-15 07:40:00,-1.4038718396697136,-1.3576366
2017-12-15 07:50:00,-1.4483117319538923,-1.410908
2017-12-15 08:00:00,-1.3879405566459322,-1.4378424
2017-12-15 08:10:00,-1.2755830938631296,-1.3366032
2017-12-15 08:20:00,-1.1850263322794552,-1.207476
2017-12-15 08:30:00,-1.0491911899039426,-1.1311371
2017-12-15 08:40:00,-1.00726676314274,-0.97527635
2017-12-15 08:50:00,-0.9351567487275574,-1.0040079
2017-12-15 09:00:00,-0.8018370718750217,-0.90016264
2017-12-15 09:10:00,-0.6752253030837554,-0.7705688
2017-12-15 09:20:00,-0.6517476248693108,-0.61581606
2017-12-15 09:30:00,-0.5536444667167071,-0.63053197
2017-12-15 09:40:00,-0.5142355054784806,-0.5363922
2017-12-15 09:50:00,-0.4890808488704529,-0.49507943
2017-12-15 10:00:00,-0.4287096749407584,-0.47093698
2017-12-15 10:10:00,-0.3926546677331672,-0.37896535
2017-12-15 10:20:00,-0.3423453558953773,-0.38338014
2017-12-15 10:30:00,-0.211541144565817,-0.31148162
2017-12-15 10:40:00,-0.2023177709815712,-0.16261643
2017-12-15 10:50:00,-0.1964483500496945,-0.20337433
2017-12-15 11:00:00,-0.1905789304960834,-0.17847054
2017-12-15 11:10:00,-0.1100840323825785,-0.20719706
2017-12-15 11:20:00,-0.0522283225975949,-0.08976228
2017-12-15 11:30:00,-0.0706750711443526,-0.022009585
2017-12-15 11:40:00,-0.0656441387201343,-0.06561785
2017-12-15 11:50:00,-0.0807369332362573,-0.068206646
2017-12-15 12:00:00,-0.1972868385573533,-0.10455094
2017-12-15 12:10:00,-0.2366957997955792,-0.19167355
2017-12-15 12:20:00,-0.2643659219265833,-0.20260677
2017-12-15 12:30:00,-0.3473762869413297,-0.2636982
2017-12-15 12:40:00,-0.3700154766481154,-0.37420657
2017-12-15 12:50:00,-0.3750464090723333,-0.3699569
2017-12-15 13:00:00,-0.2945515095805634,-0.35611826
2017-12-15 13:10:00,-0.2911975555499286,-0.23708488
2017-12-15 13:20:00,-0.3079673257031033,-0.28195468
2017-12-15 13:30:00,-0.2970669751035398,-0.318502
2017-12-15 13:40:00,-0.2828126690950756,-0.28930107
2017-12-15 13:50:00,-0.3339604708187897,-0.28044924
2017-12-15 14:00:00,-0.3784003631029685,-0.34779677
2017-12-15 14:10:00,-0.3616305915715284,-0.38630658
2017-12-15 14:20:00,-0.3549226835102584,-0.3475003
2017-12-15 14:30:00,-0.322221630333302,-0.3638475
2017-12-15 14:40:00,-0.3012594176418333,-0.30560842
2017-12-15 14:50:00,-0.2844896461103932,-0.27111867
2017-12-15 15:00:00,-0.2702353414801945,-0.27838603
2017-12-15 15:10:00,-0.2257954491960158,-0.27916786
2017-12-15 15:20:00,-0.2685583644648769,-0.22343926
2017-12-15 15:30:00,-0.2769432495414645,-0.29019496
2017-12-15 15:40:00,-0.2828126690950756,-0.2691377
2017-12-15 15:50:00,-0.2710738299878533,-0.29060343
2017-12-15 16:00:00,-0.3146752337643732,-0.27671352
2017-12-15 16:10:00,-0.2945515095805634,-0.3160121
2017-12-15 16:20:00,-0.2325033572572857,-0.24452081
2017-12-15 16:30:00,-0.285328134618052,-0.20061357
2017-12-15 16:40:00,-0.3029363946571509,-0.30828595
2017-12-15 16:50:00,-0.2283109147189922,-0.26504156
2017-12-15 17:00:00,-0.118468917459166,-0.13048762
2017-12-15 17:10:00,0.0978611244081159,0.06256578
2017-12-15 17:20:00,0.4768579422742563,0.34236756
2017-12-15 17:30:00,0.8239921954710981,0.6885919
2017-12-15 17:40:00,0.8860403464161108,0.92563426
2017-12-15 17:50:00,0.8759784843242061,0.8549698
2017-12-15 18:00:00,0.8239921954710981,0.81555384
2017-12-15 18:10:00,0.8147688205085862,0.7390884
2017-12-15 18:20:00,0.8382465001012969,0.76835626
2017-12-15 18:30:00,0.8533392932391544,0.8379379
2017-12-15 18:40:00,0.8483083621932015,0.8585308
2017-12-15 18:50:00,0.867593599247618,0.8587365
2017-12-15 19:00:00,0.8868788349237696,0.9033504
2017-12-15 19:10:00,0.8038684699090228,0.88544995
2017-12-15 19:20:00,0.7418203189640111,0.7592167
2017-12-15 19:30:00,0.7024113577257842,0.6891613
2017-12-15 19:40:00,0.6797721666407335,0.63795656
2017-12-15 19:50:00,0.7099577542947135,0.6342275
2017-12-15 20:00:00,0.6822876321637089,0.70487136
2017-12-15 20:10:00,0.7476897385176218,0.6720635
2017-12-15 20:20:00,0.7476897385176218,0.7639025
2017-12-15 20:30:00,0.7367893879180583,0.72187114
2017-12-15 20:40:00,0.7309199683644476,0.7009956
2017-12-15 20:50:00,0.7040883347411019,0.7074726
2017-12-15 21:00:00,0.6965419381721736,0.6480605
2017-12-15 21:10:00,0.6630023964875583,0.65669376
2017-12-15 21:20:00,0.5355521391886338,0.6107731
2017-12-15 21:30:00,0.4584111937274986,0.47067156
2017-12-15 21:40:00,0.3645004781131883,0.41656104
2017-12-15 21:50:00,0.3301224479209143,0.27933893
2017-12-15 22:00:00,0.2957444191069062,0.27962056
2017-12-15 22:10:00,0.248789061299751,0.26618907
2017-12-15 22:20:00,0.1557168341931005,0.23326594
2017-12-15 22:30:00,0.0852837967932348,0.10840758
2017-12-15 22:40:00,-0.0044344762827814,0.029265612
2017-12-15 22:50:00,-0.1260153140280948,-0.053024486
2017-12-15 23:00:00,-0.1712936948199324,-0.19161063
2017-12-15 23:10:00,-0.285328134618052,-0.20421676
2017-12-15 23:20:00,-0.4002010643020955,-0.34925637
2017-12-15 23:30:00,-0.5050121305159693,-0.44566655
2017-12-15 23:40:00,-0.5695757483622234,-0.564108
2017-12-15 23:50:00,-0.657617044422922,-0.5889794
2017-12-16 00:00:00,-0.7355964783917155,-0.6948946
2017-12-16 00:10:00,-0.8160913778834854,-0.83942336
2017-12-16 00:20:00,-0.8898783679357204,-0.90920144
2017-12-16 00:30:00,-0.9745657099657836,-0.9350011
2017-12-16 00:40:00,-1.02068257926528,-1.0007702
2017-12-16 00:50:00,-1.0978235247264152,-1.0479237
2017-12-16 01:00:00,-1.1690950506339388,-1.1095675
2017-12-16 01:10:00,-1.202634590940289,-1.1947969
2017-12-16 01:20:00,-1.272229139832495,-1.2297827
2017-12-16 01:30:00,-1.3577549703702172,-1.3043779
2017-12-16 01:40:00,-1.3896175350395148,-1.3985398
2017-12-16 01:50:00,-1.4273495178841582,-1.4009246
2017-12-16 02:00:00,-1.4566966170304798,-1.4729801
2017-12-16 02:10:00,-1.464243013599409,-1.499938
2017-12-16 02:20:00,-1.5011365093146587,-1.4841938
2017-12-16 02:30:00,-1.528806631445662,-1.5157354
2017-12-16 02:40:00,-1.5220987233843923,-1.5307131
2017-12-16 02:50:00,-1.5573152407060595,-1.5075244
2017-12-16 03:00:00,-1.602593621497897,-1.5735991
2017-12-16 03:10:00,-1.6193633930293372,-1.6058265
2017-12-16 03:20:00,-1.626909789598266,-1.6121542
2017-12-16 03:30:00,-1.6436795597514406,-1.6284609
2017-12-16 03:40:00,-1.6445180482590995,-1.6361302
2017-12-16 03:50:00,-1.6478720022897342,-1.6564262
2017-12-16 04:00:00,-1.6512259563203695,-1.6560825
2017-12-16 04:10:00,-1.6654802623288336,-1.6434809
2017-12-16 04:20:00,-1.6612878197905396,-1.6514938
2017-12-16 04:30:00,-1.6679957278518096,-1.6489127
2017-12-16 04:40:00,-1.6696727048671272,-1.6819754
2017-12-16 04:50:00,-1.6612878197905396,-1.6478809
2017-12-16 05:00:00,-1.648710490797393,-1.6343436
2017-12-16 05:10:00,-1.627748278105925,-1.6245779
2017-12-16 05:20:00,-1.616009438998702,-1.6129684
2017-12-16 05:30:00,-1.561507683244353,-1.6071949
2017-12-16 05:40:00,-1.542222447568202,-1.5301665
2017-12-16 05:50:00,-1.467596967630043,-1.5077726
2017-12-16 06:00:00,-1.4784973196078723,-1.414856
2017-12-16 06:10:00,-1.4717894101683369,-1.4961221
2017-12-16 06:20:00,-1.467596967630043,-1.4931352
2017-12-16 06:30:00,-1.4348959158313523,-1.4838398
2017-12-16 06:40:00,-1.4885591816997774,-1.4360657
2017-12-16 06:50:00,-1.6017551329902384,-1.5380064
2017-12-16 07:00:00,-1.6562568887445872,-1.6651846
2017-12-16 07:10:00,-1.5975626904519442,-1.6763867
2017-12-16 07:20:00,-1.6537414232216108,-1.5930586
2017-12-16 07:30:00,-1.6235558355676307,-1.6980025
2017-12-16 07:40:00,-1.6218788585523136,-1.6216781
2017-12-16 07:50:00,-1.639487117213147,-1.6350956
2017-12-16 08:00:00,-1.5506073326447896,-1.6289356
2017-12-16 08:10:00,-1.4692739446453609,-1.4676564
2017-12-16 08:20:00,-1.402194862654396,-1.4216125
2017-12-16 08:30:00,-1.341823687346436,-1.3613298
2017-12-16 08:40:00,-1.2680366972942014,-1.3158193
2017-12-16 08:50:00,-1.2328201785942683,-1.225726
2017-12-16 09:00:00,-1.1389094629799588,-1.2212665
2017-12-16 09:10:00,-1.0399678163196966,-1.1046506
2017-12-16 09:20:00,-0.8605312701676641,-0.99640405
2017-12-16 09:30:00,-0.7951291638137518,-0.79915494
2017-12-16 09:40:00,-0.7716514855993066,-0.76948375
2017-12-16 09:50:00,-0.7188267068602754,-0.74546456
2017-12-16 10:00:00,-0.616531106169378,-0.6928595
2017-12-16 10:10:00,-0.5561599322396834,-0.59083307
2017-12-16 10:20:00,-0.5117200399555047,-0.51065785
2017-12-16 10:30:00,-0.4396100255403218,-0.47484785
2017-12-16 10:40:00,-0.4069089723633654,-0.40707088
2017-12-16 10:50:00,-0.352407217987282,-0.42223266
2017-12-16 11:00:00,-0.3448608214183533,-0.34926388
2017-12-16 11:10:00,-0.3230601188409608,-0.34087297
2017-12-16 11:20:00,-0.2836511576027344,-0.32501325
2017-12-16 11:30:00,-0.3171906992873496,-0.30221638
2017-12-16 11:40:00,-0.2844896461103932,-0.32862297
2017-12-16 11:50:00,-0.3255755843639367,-0.25864986
2017-12-16 12:00:00,-0.3415068673877185,-0.3244979
2017-12-16 12:10:00,-0.3431838444030357,-0.34918407
2017-12-16 12:20:00,-0.3431838444030357,-0.31961098
2017-12-16 12:30:00,-0.3431838444030357,-0.33310404
2017-12-16 12:40:00,-0.318029187795008,-0.33824903
2017-12-16 12:50:00,-0.289520578534611,-0.3106033
2017-12-16 13:00:00,-0.2844896461103932,-0.28206548
2017-12-16 13:10:00,-0.2668813874495598,-0.2842987
2017-12-16 13:20:00,-0.2576580138653134,-0.2526674
2017-12-16 13:30:00,-0.2668813874495598,-0.2503732
2017-12-16 13:40:00,-0.2819741805874168,-0.26796037
2017-12-16 13:50:00,-0.3029363946571509,-0.27256027
2017-12-16 14:00:00,-0.2836511576027344,-0.30209777
2017-12-16 14:10:00,-0.2836511576027344,-0.25944805
2017-12-16 14:20:00,-0.2677198759572181,-0.2777886
2017-12-16 14:30:00,-0.289520578534611,-0.25978035
2017-12-16 14:40:00,-0.2794587150644409,-0.28894582
2017-12-16 14:50:00,-0.3004209291341745,-0.2706813
2017-12-16 15:00:00,-0.4119399034093183,-0.3007034
2017-12-16 15:10:00,-0.4203247898641708,-0.43471894
2017-12-16 15:20:00,-0.3918161792255084,-0.3913776
2017-12-16 15:30:00,-0.4111014149016594,-0.37711653
2017-12-16 15:40:00,-0.4320636289713931,-0.39770564
2017-12-16 15:50:00,-0.415293857439953,-0.41954103
2017-12-16 16:00:00,-0.4379330485250042,-0.3968693
2017-12-16 16:10:00,-0.4396100255403218,-0.44168994
2017-12-16 16:20:00,-0.4471564221092506,-0.41797575
2017-12-16 16:30:00,-0.3985240872867784,-0.42234376
2017-12-16 16:40:00,-0.3658230341098219,-0.35753927
2017-12-16 16:50:00,-0.3272525613792543,-0.2962224
2017-12-16 17:00:00,-0.2534655713270199,-0.22036907
2017-12-16 17:10:00,-0.006111453298098,-0.0832592
2017-12-16 17:20:00,0.3385073343757673,0.20906386
2017-12-16 17:30:00,0.6420401837960902,0.5112399
2017-12-16 17:40:00,0.7862602112481899,0.7439105
2017-12-16 17:50:00,0.8483083621932015,0.812671
2017-12-16 18:00:00,0.8189612644251463,0.81503326
2017-12-16 18:10:00,0.8038684699090228,0.7479165
2017-12-16 18:20:00,0.7711674167320663,0.7673523
2017-12-16 18:30:00,0.7761983491562842,0.7425907
2017-12-16 18:40:00,0.7409818304563524,0.78621346
2017-12-16 18:50:00,0.7409818304563524,0.73170507
2017-12-16 19:00:00,0.7233735704172534,0.7475603
2017-12-16 19:10:00,0.7577516006095264,0.7334064
2017-12-16 19:20:00,0.7535591580712334,0.78012925
2017-12-16 19:30:00,0.7460127615023041,0.7293646
2017-12-16 19:40:00,0.733435433887423,0.6878488
2017-12-16 19:50:00,0.7242120589249121,0.68871754
2017-12-16 20:00:00,0.6973804266798324,0.68001336
2017-12-16 20:10:00,0.7124732198176889,0.6883969
2017-12-16 20:20:00,0.6663563505181935,0.7115723
2017-12-16 20:30:00,0.6143700616650856,0.6221563
2017-12-16 20:40:00,0.586699939534082,0.58696836
2017-12-16 20:50:00,0.5397445817269269,0.57344383
2017-12-16 21:00:00,0.5179438805277998,0.51510495
2017-12-16 21:10:00,0.486919804366161,0.46718535
2017-12-16 21:20:00,0.4617651477581328,0.43316102
2017-12-16 21:30:00,0.434933515513054,0.4131974
2017-12-16 21:40:00,0.352761639005966,0.41505328
2017-12-16 21:50:00,0.300775350152859,0.31222212
2017-12-16 22:00:00,0.2655588314529262,0.25239563
2017-12-16 22:10:00,0.2110570770768427,0.21865514
2017-12-16 22:20:00,0.1464934592305886,0.17405266
2017-12-16 22:30:00,0.0601291401852076,0.11836531
2017-12-16 22:40:00,0.0014349432708302,-0.010302295
2017-12-16 22:50:00,-0.0706750711443526,-0.047072873
2017-12-16 23:00:00,-0.2199260296424046,-0.12744135
2017-12-16 23:10:00,-0.3054518601801269,-0.27959633
2017-12-16 23:20:00,-0.3943316447484843,-0.36914784
2017-12-16 23:30:00,-0.5318437641393146,-0.473887
2017-12-16 23:40:00,-0.6073077325851322,-0.61011493
2017-12-16 23:50:00,-0.6794177456220489,-0.6224752
2017-12-17 00:00:00,-0.7666205531750888,-0.71029276
2017-12-17 00:10:00,-0.893232321966355,-0.8688398
2017-12-17 00:20:00,-0.9787581525040778,-0.97909206
2017-12-17 00:30:00,-1.058414563488189,-1.02108
2017-12-17 00:40:00,-1.1229781799561775,-1.0942684
2017-12-17 00:50:00,-1.1908957518330665,-1.1723113
2017-12-17 01:00:00,-1.258813323709955,-1.2164294
2017-12-17 01:10:00,-1.2831294904320585,-1.3008085
2017-12-17 01:20:00,-1.3208614746549672,-1.3091825
2017-12-17 01:30:00,-1.3678168324621225,-1.3418262
2017-12-17 01:40:00,-1.4097412592233247,-1.41562
2017-12-17 01:50:00,-1.4499887089692098,-1.4385173
2017-12-17 02:00:00,-1.5002980208069998,-1.5120437
2017-12-17 02:10:00,-1.511198371406563,-1.5148506
2017-12-17 02:20:00,-1.5564767521984009,-1.529631
2017-12-17 02:30:00,-1.585823851344722,-1.591754
2017-12-17 02:40:00,-1.595885713436627,-1.6052352
2017-12-17 02:50:00,-1.6185249045216783,-1.6030908
2017-12-17 03:00:00,-1.6797345669590318,-1.6295819
2017-12-17 03:10:00,-1.7233359707355518,-1.7150102
2017-12-17 03:20:00,-1.7233359707355518,-1.7294805
2017-12-17 03:30:00,-1.7233359707355518,-1.7390243
2017-12-17 03:40:00,-1.7426212077899683,-1.7194568
2017-12-17 03:50:00,-1.768614351527389,-1.7558911
2017-12-17 04:00:00,-1.7769992366039769,-1.7816901
2017-12-17 04:10:00,-1.776160748096318,-1.7788284
2017-12-17 04:20:00,-1.765260397496755,-1.7648704
2017-12-17 04:30:00,-1.7593909779431434,-1.7473464
2017-12-17 04:40:00,-1.7535215583895325,-1.775562
2017-12-17 04:50:00,-1.756875512420167,-1.755864
2017-12-17 05:00:00,-1.7493291158512383,-1.7593366
2017-12-17 05:10:00,-1.744298184805286,-1.7322893
2017-12-17 05:20:00,-1.7124356201359885,-1.7417023
2017-12-17 05:30:00,-1.7048892235670594,-1.708446
2017-12-17 05:40:00,-1.663803285313516,-1.6932249
2017-12-17 05:50:00,-1.5539612866754244,-1.6203763
2017-12-17 06:00:00,-1.5916932708983331,-1.4983286
2017-12-17 06:10:00,-1.593370247913651,-1.6407859
2017-12-17 06:20:00,-1.5740850122374996,-1.603745
2017-12-17 06:30:00,-1.602593621497897,-1.5967083
2017-12-17 06:40:00,-1.6747036359130796,-1.6209282
2017-12-17 06:50:00,-1.8206006403804968,-1.7368068
2017-12-17 07:00:00,-1.9589512482789853,-1.9250052
2017-12-17 07:10:00,-1.987459858917648,-2.0301728
2017-12-17 07:20:00,-2.034415216724803,-2.0227737
2017-12-17 07:30:00,-2.025191843140557,-2.0723588
2017-12-17 07:40:00,-2.003391140563164,-2.0315082
2017-12-17 07:50:00,-1.987459858917648,-1.9787276
2017-12-17 08:00:00,-1.9530818287253744,-1.9684198
2017-12-17 08:10:00,-1.954758805740692,-1.891336
2017-12-17 08:20:00,-1.8834872812114327,-1.9438288
2017-12-17 08:30:00,-1.8424013429578896,-1.8459477
2017-12-17 08:40:00,-1.7954459851507345,-1.8304396
2017-12-17 08:50:00,-1.7384287638734093,-1.763364
2017-12-17 09:00:00,-1.636971651690171,-1.6911821
2017-12-17 09:10:00,-1.535514539506932,-1.6024517
2017-12-17 09:20:00,-1.421480098330547,-1.4718201
2017-12-17 09:30:00,-1.350208573801289,-1.3802662
2017-12-17 09:40:00,-1.2873219329703525,-1.3136466
2017-12-17 09:50:00,-1.2202428509793877,-1.2537911
2017-12-17 10:00:00,-1.166579583732697,-1.1972507
2017-12-17 10:10:00,-1.0894386396498277,-1.1331214
2017-12-17 10:20:00,-1.0265519988188914,-1.0521371
2017-12-17 10:30:00,-0.9888200145959825,-0.99424124
2017-12-17 10:40:00,-0.9603114053355856,-0.99340445
2017-12-17 10:50:00,-0.8856859253974263,-0.94868183
2017-12-17 11:00:00,-0.817768354898803,-0.8534121
2017-12-17 11:10:00,-0.7775209051529183,-0.7882057
2017-12-17 11:20:00,-0.7246961264138865,-0.757563
2017-12-17 11:30:00,-0.6919950746151956,-0.71504134
2017-12-17 11:40:00,-0.6651634409918503,-0.6815771
2017-12-17 11:50:00,-0.6282699452766003,-0.64746267
2017-12-17 12:00:00,-0.603953778554497,-0.6082416
2017-12-17 12:10:00,-0.588860984038374,-0.6021742
2017-12-17 12:20:00,-0.5813145874694456,-0.57997316
2017-12-17 12:30:00,-0.588860984038374,-0.5554042
2017-12-17 12:40:00,-0.6374933188608467,-0.56252253
2017-12-17 12:50:00,-0.5871840070230568,-0.63575906
2017-12-17 13:00:00,-0.5704142368698817,-0.5642168
2017-12-17 13:10:00,-0.5720912138851992,-0.57064325
2017-12-17 13:20:00,-0.609823198108108,-0.55960315
2017-12-17 13:30:00,-0.6173695946770368,-0.59120667
2017-12-17 13:40:00,-0.629946922291918,-0.610544
2017-12-17 13:50:00,-0.6282699452766003,-0.61352825
2017-12-17 14:00:00,-0.6115001751234257,-0.6140023
2017-12-17 14:10:00,-0.6198850602000132,-0.56987923
2017-12-17 14:20:00,-0.6081462210927905,-0.5995435
2017-12-17 14:30:00,-0.6005998245238622,-0.59761035
2017-12-17 14:40:00,-0.6215620372153303,-0.57351434
2017-12-17 14:50:00,-0.6148541291540603,-0.6066231
2017-12-17 15:00:00,-0.683610189538608,-0.5758093
2017-12-17 15:10:00,-0.6844486780462669,-0.69166774
2017-12-17 15:20:00,-0.6987029826764655,-0.6393282
2017-12-17 15:30:00,-0.7406274094376678,-0.6816745
2017-12-17 15:40:00,-0.7255346149215454,-0.73199636
2017-12-17 15:50:00,-0.7305655473457632,-0.70929664
2017-12-17 16:00:00,-0.7288885703304455,-0.7126991
2017-12-17 16:10:00,-0.7196651953679342,-0.6947992
2017-12-17 16:20:00,-0.7196651953679342,-0.6929115
2017-12-17 16:30:00,-0.6802562341297078,-0.6811773
2017-12-17 16:40:00,-0.5964073819855682,-0.6434794
2017-12-17 16:50:00,-0.5377131836929258,-0.5380448
2017-12-17 17:00:00,-0.4412870025556395,-0.45424813
2017-12-17 17:10:00,-0.2383727768108968,-0.26076964
2017-12-17 17:20:00,0.0760604232089889,-0.0071156756
2017-12-17 17:30:00,0.4500263086509105,0.266987
2017-12-17 17:40:00,0.5531603992277327,0.5979342
2017-12-17 17:50:00,0.5682531923655892,0.56381243
2017-12-17 18:00:00,0.5799920314728125,0.53149205
2017-12-17 18:10:00,0.595084824610669,0.51973265
2017-12-17 18:20:00,0.5992772685272281,0.5772533
2017-12-17 18:30:00,0.6344937858488959,0.5939219
2017-12-17 18:40:00,0.6311398318182607,0.6670278
2017-12-17 18:50:00,0.6286243662952843,0.6407564
2017-12-17 19:00:00,0.6588099539492643,0.64801687
2017-12-17 19:10:00,0.6621639079798995,0.6877169
2017-12-17 19:20:00,0.6889955416032443,0.6567372
2017-12-17 19:30:00,0.6437171608114067,0.6711845
2017-12-17 19:40:00,0.7133117083253477,0.5524347
2017-12-17 19:50:00,0.6957034496645148,0.6921204
2017-12-17 20:00:00,0.6915110071262207,0.68502194
2017-12-17 20:10:00,0.7007343807104666,0.69888264
2017-12-17 20:20:00,0.6713872815641454,0.6879815
2017-12-17 20:30:00,0.6378477398795301,0.6275396
2017-12-17 20:40:00,0.6370092513718714,0.6152192
2017-12-17 20:50:00,0.595084824610669,0.63020337
2017-12-17 21:00:00,0.5187823690354586,0.55740964
2017-12-17 21:10:00,0.4659575916746928,0.435519
2017-12-17 21:20:00,0.4206792108828553,0.41248772
2017-12-17 21:30:00,0.3670159436361647,0.37950143
2017-12-17 21:40:00,0.3158681432907155,0.35365087
2017-12-17 21:50:00,0.2798131360831248,0.27168182
2017-12-17 22:00:00,0.2261498702147003,0.23202442
2017-12-17 22:10:00,0.1741635813615923,0.18880965
2017-12-17 22:20:00,0.0777374002243065,0.14177032
2017-12-17 22:30:00,0.0047888973014654,0.046336114
2017-12-17 22:40:00,-0.1167919404438484,-0.07007966
2017-12-17 22:50:00,-0.2467576632657499,-0.20590542
2017-12-17 23:00:00,-0.3406683788800597,-0.3141261
2017-12-17 23:10:00,-0.4446409565862742,-0.3745627
2017-12-17 23:20:00,-0.5578369092550005,-0.4981977
2017-12-17 23:30:00,-0.6475551823310168,-0.6149878
2017-12-17 23:40:00,-0.7406274094376678,-0.67439854
2017-12-17 23:50:00,-0.8144143994899028,-0.7839915
2017-12-18 00:00:00,-0.904132673944184,-0.83105415
2017-12-18 00:10:00,-0.9946894355278592,-0.9993185
2017-12-18 00:20:00,-1.0953080592034388,-1.0759751
2017-12-18 00:30:00,-1.1690950506339388,-1.1411928
2017-12-18 00:40:00,-1.228627736055975,-1.2005228
2017-12-18 00:50:00,-1.2764215823707885,-1.2534897
2017-12-18 01:00:00,-1.329246359731555,-1.3048203
2017-12-18 01:10:00,-1.3795556715693449,-1.3546606
2017-12-18 01:20:00,-1.4105797477309836,-1.424459
2017-12-18 01:30:00,-1.4491502204615512,-1.4187697
2017-12-18 01:40:00,-1.4726278986759958,-1.492316
2017-12-18 01:50:00,-1.512036859914222,-1.4978038
2017-12-18 02:00:00,-1.5648616372749884,-1.5617192
2017-12-18 02:10:00,-1.584146874329405,-1.5847104
2017-12-18 02:20:00,-1.6084630410515084,-1.6111504
2017-12-18 02:30:00,-1.626909789598266,-1.63725
2017-12-18 02:40:00,-1.6260713010906072,-1.6406727
2017-12-18 02:50:00,-1.6520644448280282,-1.6194308
2017-12-18 03:00:00,-1.6428410712437818,-1.6485381
2017-12-18 03:10:00,-1.6428410712437818,-1.6462698
2017-12-18 03:20:00,-1.652902933335687,-1.6658423
2017-12-18 03:30:00,-1.6629647968058572,-1.6685015
2017-12-18 03:40:00,-1.6755421244207382,-1.6667523
2017-12-18 03:50:00,-1.6730266588977618,-1.6678352
2017-12-18 04:00:00,-1.6671572393441507,-1.6852641
2017-12-18 04:10:00,-1.6671572393441507,-1.6757276
2017-12-18 04:20:00,-1.6495489793050515,-1.6646125
2017-12-18 04:30:00,-1.622717347059972,-1.6359875
2017-12-18 04:40:00,-1.6084630410515084,-1.6040162
2017-12-18 04:50:00,-1.6151709504910436,-1.6308811
2017-12-18 05:00:00,-1.614332461983385,-1.6189022
2017-12-18 05:10:00,-1.6126554849680674,-1.6011539
2017-12-18 05:20:00,-1.5824698973140874,-1.5956255
2017-12-18 05:30:00,-1.5807929202987696,-1.5744988
2017-12-18 05:40:00,-1.518744767975492,-1.587481
2017-12-18 05:50:00,-1.393809977577809,-1.4785582
2017-12-18 06:00:00,-1.4181261442999122,-1.3343892
2017-12-18 06:10:00,-1.402194862654396,-1.4316615
2017-12-18 06:20:00,-1.3896175350395148,-1.4225824
2017-12-18 06:30:00,-1.352724039324265,-1.4284873
2017-12-18 06:40:00,-1.3544010163395823,-1.3661556
2017-12-18 06:50:00,-1.421480098330547,-1.3759056
2017-12-18 07:00:00,-1.4181261442999122,-1.475105
2017-12-18 07:10:00,-1.3711707864927571,-1.4328916
2017-12-18 07:20:00,-1.3711707864927571,-1.4073421
2017-12-18 07:30:00,-1.3485315967859717,-1.4134741
2017-12-18 07:40:00,-1.3602704358931936,-1.3690894
2017-12-18 07:50:00,-1.3611089244008523,-1.3987265
2017-12-18 08:00:00,-1.2965453065545984,-1.3862082
2017-12-18 08:10:00,-1.194249705863701,-1.2531729
2017-12-18 08:20:00,-1.1171087604025662,-1.1172031
2017-12-18 08:30:00,-1.0542221209498954,-1.0882355
2017-12-18 08:40:00,-0.9972049010508356,-1.0589848
2017-12-18 08:50:00,-0.9276103521586292,-0.99354225
2017-12-18 09:00:00,-0.8303456825136841,-0.9196902
2017-12-18 09:10:00,-0.8840089483821092,-0.8073676
2017-12-18 09:20:00,-0.7322425243610807,-0.9092863
2017-12-18 09:30:00,-0.6584555329305803,-0.70272076
2017-12-18 09:40:00,-0.6182080831846957,-0.6595728
2017-12-18 09:50:00,-0.560352374777977,-0.59653705
2017-12-18 10:00:00,-0.5050121305159693,-0.5283535
2017-12-18 10:10:00,-0.4488333991245682,-0.52173465
2017-12-18 10:20:00,-0.3758848975799921,-0.46860772
2017-12-18 10:30:00,-0.3306065167881545,-0.3646274
2017-12-18 10:40:00,-0.2517885943117023,-0.32267913
2017-12-18 10:50:00,-0.2123796330734758,-0.25363794
2017-12-18 11:00:00,-0.1838710224348134,-0.24113464
2017-12-18 11:10:00,-0.1780016028812023,-0.20432967
2017-12-18 11:20:00,-0.1377541531353171,-0.17639664
2017-12-18 11:30:00,-0.1008606574200671,-0.13860857
2017-12-18 11:40:00,-0.0891218183128448,-0.1291047
2017-12-18 11:50:00,-0.0673211171137174,-0.123012476
2017-12-18 12:00:00,-0.0589362306588648,-0.07333567
2017-12-18 12:10:00,-0.0572592536435472,-0.071430996
2017-12-18 12:20:00,-0.0497128570746184,-0.06520124
2017-12-18 12:30:00,-0.0195272694206379,-0.059570514
2017-12-18 12:40:00,0.002273431778489,-0.023554128
2017-12-18 12:50:00,0.0207201789469807,0.0041915136
2017-12-18 13:00:00,-0.0572592536435472,0.0020739096
2017-12-18 13:10:00,-0.0941527493587972,-0.11071517
2017-12-18 13:20:00,-0.1058915884660195,-0.11768037
2017-12-18 13:30:00,-0.1520084577655158,-0.120695986
2017-12-18 13:40:00,-0.1754861373582259,-0.18374787
2017-12-18 13:50:00,-0.2308263802419681,-0.1998236
2017-12-18 14:00:00,-0.1578778786973924,-0.2673541
2017-12-18 14:10:00,-0.1377541531353171,-0.13000815
2017-12-18 14:20:00,-0.1461390382119047,-0.14012365
2017-12-18 14:30:00,-0.1788400913888611,-0.16517955
2017-12-18 14:40:00,-0.1930943960190593,-0.18858801
2017-12-18 14:50:00,-0.2408882423338733,-0.2021638
2017-12-18 15:00:00,-0.2635274334189246,-0.23113285
2017-12-18 15:10:00,-0.2526270828193611,-0.25442263
2017-12-18 15:20:00,-0.2727508070031709,-0.21370956
2017-12-18 15:30:00,-0.2819741805874168,-0.27619687
2017-12-18 15:40:00,-0.2861666231257103,-0.2769594
2017-12-18 15:50:00,-0.2610119678959486,-0.26605612
2017-12-18 16:00:00,-0.2425652207274559,-0.24999303
2017-12-18 16:10:00,-0.1998023054585948,-0.22807561
2017-12-18 16:20:00,-0.1939328845267181,-0.17988603
2017-12-18 16:30:00,-0.2023177709815712,-0.18583545
2017-12-18 16:40:00,-0.1478160152272218,-0.16501002
2017-12-18 16:50:00,-0.0631286731971583,-0.08808756
2017-12-18 17:00:00,0.0450363470473501,0.0052007227
2017-12-18 17:10:00,0.2974213961222238,0.19624025
2017-12-18 17:20:00,0.7225350819095946,0.5720455
2017-12-18 17:30:00,0.9656967574002214,0.99317294
2017-12-18 17:40:00,1.0118136266997175,1.0539924
2017-12-18 17:50:00,1.0160060692380115,0.9716357
2017-12-18 18:00:00,1.0134906037150353,0.9576114
2017-12-18 18:10:00,1.0512225879379449,0.96011263
2017-12-18 18:20:00,1.122494112467202,1.0316745
2017-12-18 18:30:00,1.1006934112680753,1.1086556
2017-12-18 18:40:00,1.0747002661523892,1.0603349
2017-12-18 18:50:00,1.075538754660048,1.0787911
2017-12-18 19:00:00,1.0738617776447303,1.0994753
2017-12-18 19:10:00,1.0897930606685118,1.0691593
2017-12-18 19:20:00,1.0856006181302176,1.0526211
2017-12-18 19:30:00,1.0369682833077458,1.0212736
2017-12-18 19:40:00,0.9606658263542696,0.97121936
2017-12-18 19:50:00,0.9506039642623648,0.8833696
2017-12-18 20:00:00,0.9355111697462414,0.9155455
2017-12-18 20:10:00,0.9774355965074436,0.91004765
2017-12-18 20:20:00,0.9522809412776816,1.0013965
2017-12-18 20:30:00,0.9086795375011616,0.92301905
2017-12-18 20:40:00,0.8122533549856108,0.8624723
2017-12-18 20:50:00,0.7552361350865511,0.76934046
2017-12-18 21:00:00,0.7208581048942769,0.7114222
2017-12-18 21:10:00,0.6630023964875583,0.6905113
2017-12-18 21:20:00,0.595084824610669,0.595207
2017-12-18 21:30:00,0.5095589954512127,0.5564406
2017-12-18 21:40:00,0.4257101419288072,0.45149243
2017-12-18 21:50:00,0.3603080355748942,0.37509784
2017-12-18 22:00:00,0.2873595340303191,0.29799595
2017-12-18 22:10:00,0.2026721920002547,0.22877415
2017-12-18 22:20:00,0.1381085741540016,0.16279542
2017-12-18 22:30:00,0.0819298427626006,0.088466845
2017-12-18 22:40:00,0.002273431778489,0.0394331
2017-12-18 22:50:00,-0.1201458944744837,-0.075217105
2017-12-18 23:00:00,-0.2333418457649445,-0.19682688
2017-12-18 23:10:00,-0.352407217987282,-0.29538518
2017-12-18 23:20:00,-0.4463179336015918,-0.40754852
2017-12-18 23:30:00,-0.5628678403009534,-0.49719915
2017-12-18 23:40:00,-0.7104418217836878,-0.6212211
2017-12-18 23:50:00,-0.8026755603826805,-0.760635
2017-12-19 00:00:00,-0.8949092989816727,-0.82124466
2017-12-19 00:10:00,-0.9619883823509028,-0.9697891
2017-12-19 00:20:00,-1.038290839304379,-1.0485492
2017-12-19 00:30:00,-1.1036929442800263,-1.0780573
2017-12-19 00:40:00,-1.1363939974569828,-1.1400703
2017-12-19 00:50:00,-1.1833493552641374,-1.1454375
2017-12-19 01:00:00,-1.2898373984933285,-1.2034986
2017-12-19 01:10:00,-1.3435006643617535,-1.3309586
2017-12-19 01:20:00,-1.3980024201161023,-1.3828869
2017-12-19 01:30:00,-1.4407653353849637,-1.4239908
2017-12-19 01:40:00,-1.467596967630043,-1.4530816
2017-12-19 01:50:00,-1.4843667391614834,-1.4965358
2017-12-19 02:00:00,-1.48017429662319,-1.5212343
2017-12-19 02:10:00,-1.4818512736385077,-1.5040252
2017-12-19 02:20:00,-1.5011365093146587,-1.4786298
2017-12-19 02:30:00,-1.4935901127457298,-1.5129905
2017-12-19 02:40:00,-1.506167440360611,-1.504379
2017-12-19 02:50:00,-1.5447379130911785,-1.5070424
2017-12-19 03:00:00,-1.5531227981677656,-1.5544994
2017-12-19 03:10:00,-1.566538615668571,-1.5333424
2017-12-19 03:20:00,-1.5975626904519442,-1.5757458
2017-12-19 03:30:00,-1.6151709504910436,-1.6125154
2017-12-19 03:40:00,-1.633617697659536,-1.617935
2017-12-19 03:50:00,-1.605109087020873,-1.6254469
2017-12-19 04:00:00,-1.6042705985132142,-1.5952762
2017-12-19 04:10:00,-1.614332461983385,-1.616051
2017-12-19 04:20:00,-1.6311022321365596,-1.6091449
2017-12-19 04:30:00,-1.6042705985132142,-1.6264516
2017-12-19 04:40:00,-1.602593621497897,-1.5826542
2017-12-19 04:50:00,-1.639487117213147,-1.6134659
2017-12-19 05:00:00,-1.6503874678127106,-1.6370782
2017-12-19 05:10:00,-1.6478720022897342,-1.6230129
2017-12-19 05:20:00,-1.6428410712437818,-1.6145296
2017-12-19 05:30:00,-1.6176864160140196,-1.62953
2017-12-19 05:40:00,-1.542222447568202,-1.600018
2017-12-19 05:50:00,-1.4030333511620547,-1.4948021
2017-12-19 06:00:00,-1.3711707864927571,-1.3367193
2017-12-19 06:10:00,-1.346016131262995,-1.3630614
2017-12-19 06:20:00,-1.3326003137621896,-1.3632622
2017-12-19 06:30:00,-1.300737750471158,-1.3505042
2017-12-19 06:40:00,-1.3233769401779436,-1.3149865
2017-12-19 06:50:00,-1.40638730519269,-1.3354256
2017-12-19 07:00:00,-1.3988409086237612,-1.4626602
2017-12-19 07:10:00,-1.3602704358931936,-1.4196908
2017-12-19 07:20:00,-1.365301366939146,-1.3815886
2017-12-19 07:30:00,-1.3602704358931936,-1.4037807
2017-12-19 07:40:00,-1.4013563741467376,-1.3703411
2017-12-19 07:50:00,-1.4013563741467376,-1.4268078
2017-12-19 08:00:00,-1.3208614746549672,-1.4024109
2017-12-19 08:10:00,-1.2202428509793877,-1.274507
2017-12-19 08:20:00,-1.11459329487959,-1.1792111
2017-12-19 08:30:00,-1.029905952849526,-1.0505935
2017-12-19 08:40:00,-0.9812736180270536,-1.0026923
2017-12-19 08:50:00,-0.904132673944184,-0.97899175
2017-12-19 09:00:00,-0.8311841710213429,-0.8911659
2017-12-19 09:10:00,-0.7800363706758943,-0.81474435
2017-12-19 09:20:00,-0.6894796090922196,-0.7377954
2017-12-19 09:30:00,-0.6173695946770368,-0.6789008
2017-12-19 09:40:00,-0.5947304035919856,-0.6257004
2017-12-19 09:50:00,-0.5528059782090482,-0.58359957
2017-12-19 10:00:00,-0.5217819020474094,-0.5433602
2017-12-19 10:10:00,-0.4018780413174131,-0.50678533
2017-12-19 10:20:00,-0.3540841950025996,-0.38997963
2017-12-19 10:30:00,-0.3498917524643056,-0.36393547
2017-12-19 10:40:00,-0.3163522107796909,-0.3423995
2017-12-19 10:50:00,-0.2509501058040435,-0.3113241
2017-12-19 11:00:00,-0.1947713730343769,-0.24023491
2017-12-19 11:10:00,-0.1645857867586624,-0.20383048
2017-12-19 11:20:00,-0.1344001991046824,-0.18391585
2017-12-19 11:30:00,-0.0790599562209397,-0.13486566
2017-12-19 11:40:00,-0.0564207651358884,-0.093066536
2017-12-19 11:50:00,-0.088283329805186,-0.07109038
2017-12-19 12:00:00,-0.0966682148817736,-0.11236368
2017-12-19 12:10:00,-0.0639671617048171,-0.111356825
2017-12-19 12:20:00,-0.0757060021903049,-0.038893595
2017-12-19 12:30:00,-0.094991237866456,-0.097704425
2017-12-19 12:40:00,-0.0924757723434796,-0.10061782
2017-12-19 12:50:00,-0.1134379864132137,-0.10487228
2017-12-19 13:00:00,-0.1771631143735435,-0.13883668
2017-12-19 13:10:00,-0.2023177709815712,-0.19073373
2017-12-19 13:20:00,-0.2073487020275235,-0.20571887
2017-12-19 13:30:00,-0.1947713730343769,-0.21639682
2017-12-19 13:40:00,-0.2434037092351147,-0.19625697
2017-12-19 13:50:00,-0.2534655713270199,-0.26611224
2017-12-19 14:00:00,-0.2299878917343093,-0.25701556
2017-12-19 14:10:00,-0.1805170684041782,-0.24980357
2017-12-19 14:20:00,-0.1671012522816383,-0.16318932
2017-12-19 14:30:00,-0.1847095109424723,-0.16970976
2017-12-19 14:40:00,-0.1922559075114005,-0.21243858
2017-12-19 14:50:00,-0.2576580138653134,-0.18352756
2017-12-19 15:00:00,-0.2802972035720992,-0.27694392
2017-12-19 15:10:00,-0.2828126690950756,-0.26390067
2017-12-19 15:20:00,-0.2761047610338056,-0.29047263
2017-12-19 15:30:00,-0.3121597682413968,-0.27360782
2017-12-19 15:40:00,-0.3356374478341074,-0.31315476
2017-12-19 15:50:00,-0.3339604708187897,-0.35412005
2017-12-19 16:00:00,-0.3364759363417662,-0.32494074
2017-12-19 16:10:00,-0.3171906992873496,-0.32582352
2017-12-19 16:20:00,-0.2325033572572857,-0.27741703
2017-12-19 16:30:00,-0.1964483500496945,-0.17476158
2017-12-19 16:40:00,-0.1603933442203684,-0.16424128
2017-12-19 16:50:00,-0.0933142608511384,-0.102363296
2017-12-19 17:00:00,0.0400054160013972,0.01902207
2017-12-19 17:10:00,0.2789746475754661,0.20918505
2017-12-19 17:20:00,0.6177240156957208,0.5189782
2017-12-19 17:30:00,0.919579888100726,0.79890513
2017-12-19 17:40:00,1.0394837488307225,1.0298223
2017-12-19 17:50:00,1.047030145399651,1.0364051
2017-12-19 18:00:00,1.088954572160853,0.97561336
2017-12-19 18:10:00,1.0897930606685118,1.0623753
2017-12-19 18:20:00,1.0679923580911188,1.0261827
2017-12-19 18:30:00,1.0512225879379449,1.0483258
2017-12-19 18:40:00,1.0185215347609882,1.0351136
2017-12-19 18:50:00,1.0151675807303528,1.0159963
2017-12-19 19:00:00,1.0252294428222577,1.02454
2017-12-19 19:10:00,1.0403222373383805,1.0012746
2017-12-19 19:20:00,1.009298161176741,1.0099413
2017-12-19 19:30:00,0.9900129241223248,0.9354685
2017-12-19 19:40:00,0.9522809412776816,0.9292946
2017-12-19 19:50:00,0.928803261684972,0.87947875
2017-12-19 20:00:00,0.8826863923854755,0.89008635
2017-12-19 20:10:00,0.9187413995930672,0.8388886
2017-12-19 20:20:00,0.9506039642623648,0.9139216
2017-12-19 20:30:00,0.919579888100726,0.93560135
2017-12-19 20:40:00,0.8701090647705945,0.88792366
2017-12-19 20:50:00,0.7619440431478205,0.8409748
2017-12-19 21:00:00,0.716665662355983,0.67703277
2017-12-19 21:10:00,0.7099577542947135,0.6699512
2017-12-19 21:20:00,0.6680333275335112,0.6371938
2017-12-19 21:30:00,0.6202394812186972,0.6215137
2017-12-19 21:40:00,0.5422600472499033,0.5517126
2017-12-19 21:50:00,0.4659575916746928,0.48030233
2017-12-19 22:00:00,0.3863011806905813,0.39193773
2017-12-19 22:10:00,0.3192220973213507,0.31153342
2017-12-19 22:20:00,0.2370502208142637,0.2767966
2017-12-19 22:30:00,0.1355931086310252,0.17265306
2017-12-19 22:40:00,0.0031119202861478,0.069844775
2017-12-19 22:50:00,-0.1453005497042458,-0.11620942
2017-12-19 23:00:00,-0.2316648687496269,-0.23467857
2017-12-19 23:10:00,-0.3901392022101908,-0.26866862
2017-12-19 23:20:00,-0.4798574752862071,-0.4558833
2017-12-19 23:30:00,-0.5704142368698817,-0.5301803
2017-12-19 23:40:00,-0.6710328605454614,-0.6236151
2017-12-19 23:50:00,-0.7448198519759619,-0.6960623
2017-12-20 00:00:00,-0.8227992859447554,-0.75466686
2017-12-20 00:10:00,-0.893232321966355,-0.90236
2017-12-20 00:20:00,-0.9762426869811014,-0.986282
2017-12-20 00:30:00,-1.039129327812038,-1.0284369
2017-12-20 00:40:00,-1.1330400434263477,-1.057128
2017-12-20 00:50:00,-1.235335644117245,-1.1507213
2017-12-20 01:00:00,-1.3242154286856025,-1.2632868
2017-12-20 01:10:00,-1.3879405566459322,-1.3790388
2017-12-20 01:20:00,-1.4852052276691423,-1.4404969
2017-12-20 01:30:00,-1.527129654430345,-1.4981023
2017-12-20 01:40:00,-1.5053289518529522,-1.5323876
2017-12-20 01:50:00,-1.486043716176801,-1.5050114
2017-12-20 02:00:00,-1.5036519748376345,-1.5178056
2017-12-20 02:10:00,-1.5480918671218131,-1.5116426
2017-12-20 02:20:00,-1.542222447568202,-1.5516737
2017-12-20 02:30:00,-1.5564767521984009,-1.5508814
2017-12-20 02:40:00,-1.570731058206865,-1.5676001
2017-12-20 02:50:00,-1.585823851344722,-1.5749378
2017-12-20 03:00:00,-1.5908547823906745,-1.5717025
2017-12-20 03:10:00,-1.6168479275063607,-1.5858343
2017-12-20 03:20:00,-1.6243943240752896,-1.6212368
2017-12-20 03:30:00,-1.6151709504910436,-1.6198525
2017-12-20 03:40:00,-1.6017551329902384,-1.5986135
2017-12-20 03:50:00,-1.6009166444825795,-1.584588
2017-12-20 04:00:00,-1.616009438998702,-1.612067
2017-12-20 04:10:00,-1.602593621497897,-1.6177982
2017-12-20 04:20:00,-1.620201881536996,-1.5813167
2017-12-20 04:30:00,-1.6009166444825795,-1.6030302
2017-12-20 04:40:00,-1.593370247913651,-1.5853902
2017-12-20 04:50:00,-1.6260713010906072,-1.5961974
2017-12-20 05:00:00,-1.579115943283452,-1.6183908
2017-12-20 05:10:00,-1.5531227981677656,-1.5295932
2017-12-20 05:20:00,-1.561507683244353,-1.5087864
2017-12-20 05:30:00,-1.5455764015988374,-1.5374718
2017-12-20 05:40:00,-1.4952670897610474,-1.542597
2017-12-20 05:50:00,-1.3644628784314872,-1.4601967
2017-12-20 06:00:00,-1.36949380947744,-1.271555
2017-12-20 06:10:00,-1.3552395048472412,-1.3401494
2017-12-20 06:20:00,-1.3233769401779436,-1.3612747
2017-12-20 06:30:00,-1.278937047893765,-1.3462197
2017-12-20 06:40:00,-1.3242154286856025,-1.287284
2017-12-20 06:50:00,-1.382071137092321,-1.3390929
2017-12-20 07:00:00,-1.421480098330547,-1.4027963
2017-12-20 07:10:00,-1.4156106787769358,-1.4341362
2017-12-20 07:20:00,-1.4105797477309836,-1.4244804
2017-12-20 07:30:00,-1.3812326485846622,-1.4300997
2017-12-20 07:40:00,-1.3854250911229558,-1.3626411
2017-12-20 07:50:00,-1.4097412592233247,-1.3982475
2017-12-20 08:00:00,-1.3309233367468725,-1.4028857
2017-12-20 08:10:00,-1.2495899487474438,-1.2618715
2017-12-20 08:20:00,-1.1850263322794552,-1.18869
2017-12-20 08:30:00,-1.1196242259255422,-1.1393518
2017-12-20 08:40:00,-1.038290839304379,-1.0886321
2017-12-20 08:50:00,-1.004751297619764,-1.0123866
2017-12-20 09:00:00,-0.8915553449510375,-0.9822796
2017-12-20 09:10:00,-0.7993216063520453,-0.8306793
2017-12-20 09:20:00,-0.7171497298449577,-0.75575334
2017-12-20 09:30:00,-0.6425242512850645,-0.6777758
2017-12-20 09:40:00,-0.6056307555698145,-0.6088467
2017-12-20 09:50:00,-0.5569984207473423,-0.56347114
2017-12-20 10:00:00,-0.505850619023628,-0.50770205
2017-12-20 10:10:00,-0.419486301356512,-0.48938218
2017-12-20 10:20:00,-0.3876237366872144,-0.39664817
2017-12-20 10:30:00,-0.3046133716724686,-0.3750968
2017-12-20 10:40:00,-0.2761047610338056,-0.24825302
2017-12-20 10:50:00,-0.2761047610338056,-0.24739593
2017-12-20 11:00:00,-0.229149403226651,-0.29417863
2017-12-20 11:10:00,-0.1394311301506347,-0.2120659
2017-12-20 11:20:00,-0.1453005497042458,-0.11964961
2017-12-20 11:30:00,-0.0975067033894319,-0.13896284
2017-12-20 11:40:00,-0.1008606574200671,-0.08476867
2017-12-20 11:50:00,-0.0807369332362573,-0.1170818
2017-12-20 12:00:00,-0.0958297263741148,-0.08297358
2017-12-20 12:10:00,-0.0723520481596697,-0.078327514
2017-12-20 12:20:00,-0.0228812248295391,-0.03497447
2017-12-20 12:30:00,-0.0337815754291026,-0.012027656
2017-12-20 12:40:00,-0.0186887809129791,-0.041056413
2017-12-20 12:50:00,-0.0295891328908086,-0.014769466
2017-12-20 13:00:00,-0.0505513455822772,-0.032302037
2017-12-20 13:10:00,-0.0597747191665231,-0.050056823
2017-12-20 13:20:00,-0.0530668111052532,-0.0672144
2017-12-20 13:30:00,-0.0773829792056225,-0.05121255
2017-12-20 13:40:00,-0.0899603068205036,-0.08853591
2017-12-20 13:50:00,-0.1394311301506347,-0.078470446
2017-12-20 14:00:00,-0.0748675136826461,-0.1638945
2017-12-20 14:10:00,-0.0975067033894319,-0.046656556
2017-12-20 14:20:00,-0.0807369332362573,-0.10565899
2017-12-20 14:30:00,-0.1109225208902373,-0.058926083
2017-12-20 14:40:00,-0.1335617105970236,-0.1237108
2017-12-20 14:50:00,-0.1469775267195635,-0.14540663
2017-12-20 15:00:00,-0.1671012522816383,-0.12658067
2017-12-20 15:10:00,-0.181355556911837,-0.17261237
2017-12-20 15:20:00,-0.1687782292969559,-0.15572485
2017-12-20 15:30:00,-0.1981253284432776,-0.17239547
2017-12-20 15:40:00,-0.2484346402810675,-0.20941119
2017-12-20 15:50:00,-0.2777817380491232,-0.24557644
2017-12-20 16:00:00,-0.2802972035720992,-0.27988365
2017-12-20 16:10:00,-0.2727508070031709,-0.25525144
2017-12-20 16:20:00,-0.2467576632657499,-0.2597579
2017-12-20 16:30:00,-0.2065102135198647,-0.21895845
2017-12-20 16:40:00,-0.118468917459166,-0.18016973
2017-12-20 16:50:00,-0.0329430869214438,-0.06448568
2017-12-20 17:00:00,0.0081428513320996,0.02967304
2017-12-20 17:10:00,0.1900948630071086,0.13978122
2017-12-20 17:20:00,0.590892382072376,0.46627852
2017-12-20 17:30:00,0.9556348953083168,0.8700041
2017-12-20 17:40:00,1.0042672301307896,1.0984341
2017-12-20 17:50:00,1.0042672301307896,0.93816245
2017-12-20 18:00:00,1.0160060692380115,0.9440959
2017-12-20 18:10:00,1.071346312121754,0.9560912
2017-12-20 18:20:00,1.0654768925681424,1.0512773
2017-12-20 18:30:00,1.0654768925681424,1.0162895
2017-12-20 18:40:00,1.02355246580694,1.0497403
2017-12-20 18:50:00,1.0201985117763055,1.0127188
2017-12-20 19:00:00,1.0604459615221904,1.0413042
2017-12-20 19:10:00,1.0512225879379449,1.0950927
2017-12-20 19:20:00,0.9967208335618604,0.99818105
2017-12-20 19:30:00,0.9170644225777496,0.9411437
2017-12-20 19:40:00,0.9095180260088204,0.84571755
2017-12-20 19:50:00,0.8919097659697215,0.8896027
2017-12-20 20:00:00,0.8315385920400273,0.8594933
2017-12-20 20:10:00,0.915387445562432,0.7928416
2017-12-20 20:20:00,0.9430575663151706,0.95215464
2017-12-20 20:30:00,0.954796406800658,0.92774045
2017-12-20 20:40:00,0.9103565145164793,0.94064564
2017-12-20 20:50:00,0.8499853392085192,0.83805436
2017-12-20 21:00:00,0.7619440431478205,0.7910034
2017-12-20 21:10:00,0.7384663649333759,0.7040502
2017-12-20 21:20:00,0.664679373502876,0.7247233
2017-12-20 21:30:00,0.5665762153502726,0.61992466
2017-12-20 21:40:00,0.5078820184358952,0.4644495
2017-12-20 21:50:00,0.4458338661126175,0.46392632
2017-12-20 22:00:00,0.3946860657671683,0.4068884
2017-12-20 22:10:00,0.3158681432907155,0.37413058
2017-12-20 22:20:00,0.2035106805079135,0.24827401
2017-12-20 22:30:00,0.140624039676977,0.12848985
2017-12-20 22:40:00,0.05845216316989,0.10906882
2017-12-20 22:50:00,-0.0698365826366938,0.016170442
2017-12-20 23:00:00,-0.2081871905351823,-0.11732892
2017-12-20 23:10:00,-0.3306065167881545,-0.2771081
2017-12-20 23:20:00,-0.4765035212555719,-0.3888451
2017-12-20 23:30:00,-0.5779606334388104,-0.540243
2017-12-20 23:40:00,-0.6609709984535568,-0.5976481
2017-12-20 23:50:00,-0.7582356680985017,-0.69596434
2017-12-21 00:00:00,-0.8429230101285652,-0.8015961
2017-12-21 00:10:00,-0.9183869785743828,-0.89729965
2017-12-21 00:20:00,-0.9980433895584944,-0.96584195
2017-12-21 00:30:00,-1.0617685175188236,-1.0186695
2017-12-21 00:40:00,-1.1120778293566136,-1.0896318
2017-12-21 00:50:00,-1.1481328365642052,-1.1198107
2017-12-21 01:00:00,-1.2034730794479471,-1.1549655
2017-12-21 01:10:00,-1.2797755364014238,-1.2186472
2017-12-21 01:20:00,-1.31918449763965,-1.3331084
2017-12-21 01:30:00,-1.3443391528694124,-1.3298013
2017-12-21 01:40:00,-1.4097412592233247,-1.3563006
2017-12-21 01:50:00,-1.4315419604224522,-1.4156265
2017-12-21 02:00:00,-1.4717894101683369,-1.4558303
2017-12-21 02:10:00,-1.5002980208069998,-1.5006311
2017-12-21 02:20:00,-1.5246141889073688,-1.5086749
2017-12-21 02:30:00,-1.52377570039971,-1.5195184
2017-12-21 02:40:00,-1.5480918671218131,-1.531668
2017-12-21 02:50:00,-1.573246523729841,-1.561189
2017-12-21 03:00:00,-1.5598307062290355,-1.5665784
2017-12-21 03:10:00,-1.5589922177213766,-1.5445671
2017-12-21 03:20:00,-1.5506073326447896,-1.5369117
2017-12-21 03:30:00,-1.5782774547757932,-1.5487006
2017-12-21 03:40:00,-1.590016293883016,-1.5751913
2017-12-21 03:50:00,-1.6076245525438495,-1.5790404
2017-12-21 04:00:00,-1.6084630410515084,-1.5895131
2017-12-21 04:10:00,-1.6042705985132142,-1.5758445
2017-12-21 04:20:00,-1.5816314088064285,-1.5919821
2017-12-21 04:30:00,-1.579115943283452,-1.5516303
2017-12-21 04:40:00,-1.5740850122374996,-1.5607789
2017-12-21 04:50:00,-1.5749235007451583,-1.5377153
2017-12-21 05:00:00,-1.5564767521984009,-1.5534378
2017-12-21 05:10:00,-1.542222447568202,-1.5402776
2017-12-21 05:20:00,-1.5816314088064285,-1.5044615
2017-12-21 05:30:00,-1.5682155926838883,-1.5571692
2017-12-21 05:40:00,-1.5313220969686383,-1.5210365
2017-12-21 05:50:00,-1.423995563853523,-1.4975727
2017-12-21 06:00:00,-1.3753632290310511,-1.3463509
2017-12-21 06:10:00,-1.3778786945540271,-1.3423841
2017-12-21 06:20:00,-1.340985198838777,-1.3632779
2017-12-21 06:30:00,-1.2822910019243996,-1.3446672
2017-12-21 06:40:00,-1.2705521628171774,-1.2927186
2017-12-21 06:50:00,-1.3258924057009196,-1.2763653
2017-12-21 07:00:00,-1.3367927563004836,-1.3597081
2017-12-21 07:10:00,-1.3535625278319237,-1.3281175
2017-12-21 07:20:00,-1.3803941600770036,-1.3985991
2017-12-21 07:30:00,-1.393809977577809,-1.4084808
2017-12-21 07:40:00,-1.4466347549385747,-1.3878965
2017-12-21 07:50:00,-1.486043716176801,-1.4443691
2017-12-21 08:00:00,-1.3971639316084437,-1.4634681
2017-12-21 08:10:00,-1.2831294904320585,-1.3339179
2017-12-21 08:20:00,-1.18838028631009,-1.216197
2017-12-21 08:30:00,-1.1481328365642052,-1.1309865
2017-12-21 08:40:00,-1.1263321353650777,-1.102917
2017-12-21 08:50:00,-1.1129163178642725,-1.1102183
2017-12-21 09:00:00,-1.0349368838954789,-1.074735
2017-12-21 09:10:00,-0.9393491912658514,-0.9776707
2017-12-21 09:20:00,-0.8429230101285652,-0.86297566
2017-12-21 09:30:00,-0.8118989339669264,-0.800494
2017-12-21 09:40:00,-0.7414658979453266,-0.8002401
2017-12-21 09:50:00,-0.6400087857620881,-0.6939109
2017-12-21 10:00:00,-0.5829915644847627,-0.6089192
2017-12-21 10:10:00,-0.5460980687695128,-0.5498169
2017-12-21 10:20:00,-0.4706341017019607,-0.54662913
2017-12-21 10:30:00,-0.4412870025556395,-0.4374894
2017-12-21 10:40:00,-0.3675000111251395,-0.42109782
2017-12-21 10:50:00,-0.3473762869413297,-0.33334023
2017-12-21 11:00:00,-0.3146752337643732,-0.32251033
2017-12-21 11:10:00,-0.3037748831648098,-0.31100252
2017-12-21 11:20:00,-0.2844896461103932,-0.2766585
2017-12-21 11:30:00,-0.2467576632657499,-0.2604325
2017-12-21 11:40:00,-0.2065102135198647,-0.21761928
2017-12-21 11:50:00,-0.1780016028812023,-0.18632758
2017-12-21 12:00:00,-0.2157335871041111,-0.17919402
2017-12-21 12:10:00,-0.1704552063122735,-0.22978869
2017-12-21 12:20:00,-0.1302077565663884,-0.14130735
2017-12-21 12:30:00,-0.1067300769736783,-0.12291571
2017-12-21 12:40:00,-0.0547437881205708,-0.09939114
2017-12-21 12:50:00,-0.0480358800593008,-0.03563689
2017-12-21 13:00:00,-0.0673211171137174,-0.042201612
2017-12-21 13:10:00,-0.1142764749208725,-0.06639039
2017-12-21 13:20:00,-0.0983451918970907,-0.14163543
2017-12-21 13:30:00,-0.1494929922425394,-0.08611105
2017-12-21 13:40:00,-0.16626276377398,-0.17138672
2017-12-21 13:50:00,-0.1889019534807658,-0.15397587
2017-12-21 14:00:00,-0.1520084577655158,-0.18566808
2017-12-21 14:10:00,-0.155362413174416,-0.1353449
2017-12-21 14:20:00,-0.1562009016820748,-0.15093917
2017-12-21 14:30:00,-0.1654242752663212,-0.1598334
2017-12-21 14:40:00,-0.1671012522816383,-0.15084301
2017-12-21 14:50:00,-0.1905789304960834,-0.19367455
2017-12-21 15:00:00,-0.1939328845267181,-0.19765374
2017-12-21 15:10:00,-0.1956098615420357,-0.1821247
2017-12-21 15:20:00,-0.1998023054585948,-0.18394679
2017-12-21 15:30:00,-0.2039947479968888,-0.21220486
2017-12-21 15:40:00,-0.237534288303238,-0.22090699
2017-12-21 15:50:00,-0.2350188227802621,-0.24106717
2017-12-21 16:00:00,-0.2199260296424046,-0.21399222
2017-12-21 16:10:00,-0.229149403226651,-0.19704977
2017-12-21 16:20:00,-0.1981253284432776,-0.22940579
2017-12-21 16:30:00,-0.1981253284432776,-0.15927272
2017-12-21 16:40:00,-0.1394311301506347,-0.17659974
2017-12-21 16:50:00,-0.0656441387201343,-0.07391525
2017-12-21 17:00:00,0.0458748355550089,0.0010405252
2017-12-21 17:10:00,0.2823286016061013,0.1665417
2017-12-21 17:20:00,0.5598683072890022,0.51790035
2017-12-21 17:30:00,0.9137104685471144,0.76087415
2017-12-21 17:40:00,1.031937350883528,1.0786453
2017-12-21 17:50:00,1.11075527335998,0.98291755
2017-12-21 18:00:00,1.0923085261914882,1.0623255
2017-12-21 18:10:00,1.0562535189838964,1.0129131
2017-12-21 18:20:00,1.0227139772992813,1.0111599
2017-12-21 18:30:00,1.0260679313299164,0.9962222
2017-12-21 18:40:00,1.0629614270451668,0.99512714
2017-12-21 18:50:00,1.0939855032068058,1.0755695
2017-12-21 19:00:00,1.0512225879379449,1.1075668
2017-12-21 19:10:00,1.0931470146991469,1.0486097
2017-12-21 19:20:00,1.0419992143536978,1.0780247
2017-12-21 19:30:00,0.984143504568714,0.96855146
2017-12-21 19:40:00,0.9573118723236343,0.9173418
2017-12-21 19:50:00,0.9162259340700908,0.93541294
2017-12-21 20:00:00,0.8717860417859121,0.88379896
2017-12-21 20:10:00,0.920418376608384,0.83977884
2017-12-21 20:20:00,0.928803261684972,0.9345686
2017-12-21 20:30:00,0.8994561625386507,0.916194
2017-12-21 20:40:00,0.8088994009549756,0.88523716
2017-12-21 20:50:00,0.7502052040405982,0.7561511
2017-12-21 21:00:00,0.7267275244478876,0.68770903
2017-12-21 21:10:00,0.6806106551483923,0.6972571
2017-12-21 21:20:00,0.6353322743565547,0.65488654
2017-12-21 21:30:00,0.5757995889345184,0.6028857
2017-12-21 21:40:00,0.5070435285499704,0.5259412
2017-12-21 21:50:00,0.4743424767512799,0.45450735
2017-12-21 22:00:00,0.3938475772595095,0.4193758
2017-12-21 22:10:00,0.3032908156758344,0.34389523
2017-12-21 22:20:00,0.2077031230462075,0.2435043
2017-12-21 22:30:00,0.1171463614625324,0.15921116
2017-12-21 22:40:00,0.032459019432469,0.0689351
2017-12-21 22:50:00,-0.1075685654813371,0.006525557
2017-12-21 23:00:00,-0.2316648687496269,-0.16616228
2017-12-21 23:10:00,-0.3557611720179167,-0.28646913
2017-12-21 23:20:00,-0.4588952612164729,-0.40869612
2017-12-21 23:30:00,-0.5569984207473423,-0.5152442
2017-12-21 23:40:00,-0.6257544797536244,-0.5899408
2017-12-21 23:50:00,-0.7154727528296402,-0.6614716
2017-12-22 00:00:00,-0.8202838204217794,-0.738923
2017-12-22 00:10:00,-0.8789780173361563,-0.9041902
2017-12-22 00:20:00,-0.941026168281169,-0.9264439
2017-12-22 00:30:00,-1.015651648219328,-0.9624045
2017-12-22 00:40:00,-1.0525451439345777,-1.0480223
2017-12-22 00:50:00,-1.1372324859646412,-1.067996
2017-12-22 01:00:00,-1.2118579645245349,-1.1490787
2017-12-22 01:10:00,-1.314992055101356,-1.2235293
2017-12-22 01:20:00,-1.3242154286856025,-1.3780644
2017-12-22 01:30:00,-1.3611089244008523,-1.338515
2017-12-22 01:40:00,-1.4164491672845947,-1.3846335
2017-12-22 01:50:00,-1.4508271974768687,-1.4287989
2017-12-22 02:00:00,-1.4835282506538248,-1.4837606
2017-12-22 02:10:00,-1.5019749978223174,-1.503263
2017-12-22 02:20:00,-1.521260234876734,-1.4928839
2017-12-22 02:30:00,-1.5262911659226863,-1.5133988
2017-12-22 02:40:00,-1.5447379130911785,-1.5065461
2017-12-22 02:50:00,-1.543060936075861,-1.5576012
2017-12-22 03:00:00,-1.5782774547757932,-1.5435779
2017-12-22 03:10:00,-1.561507683244353,-1.5859525
2017-12-22 03:20:00,-1.561507683244353,-1.5275214
2017-12-22 03:30:00,-1.5631846602596708,-1.5597672
2017-12-22 03:40:00,-1.5942087364213096,-1.564631
2017-12-22 03:50:00,-1.6235558355676307,-1.5912603
2017-12-22 04:00:00,-1.6168479275063607,-1.6110849
2017-12-22 04:10:00,-1.6235558355676307,-1.5791081
2017-12-22 04:20:00,-1.6193633930293372,-1.6155093
2017-12-22 04:30:00,-1.6352946746748531,-1.5931237
2017-12-22 04:40:00,-1.634456186167195,-1.6179128
2017-12-22 04:50:00,-1.6218788585523136,-1.6066694
2017-12-22 05:00:00,-1.5975626904519442,-1.5975842
2017-12-22 05:10:00,-1.593370247913651,-1.5692537
2017-12-22 05:20:00,-1.5950472249289684,-1.5758084
2017-12-22 05:30:00,-1.605109087020873,-1.576096
2017-12-22 05:40:00,-1.552284309660107,-1.5729638
2017-12-22 05:50:00,-1.4290264948994758,-1.5026611
2017-12-22 06:00:00,-1.3879405566459322,-1.3423
2017-12-22 06:10:00,-1.3476931082783126,-1.3722116
2017-12-22 06:20:00,-1.300737750471158,-1.3427331
2017-12-22 06:30:00,-1.2328201785942683,-1.3138623
2017-12-22 06:40:00,-1.2328201785942683,-1.24051
2017-12-22 06:50:00,-1.288160421478011,-1.249871
2017-12-22 07:00:00,-1.3476931082783126,-1.316917
2017-12-22 07:10:00,-1.3426621758540946,-1.3492124
2017-12-22 07:20:00,-1.3980024201161023,-1.3578455
2017-12-22 07:30:00,-1.4441192894155988,-1.4360478
2017-12-22 07:40:00,-1.4877206931921187,-1.4640386
2017-12-22 07:50:00,-1.48688220468446,-1.4794744
2017-12-22 08:00:00,-1.4080642822080072,-1.4600971
2017-12-22 08:10:00,-1.2688751858018603,-1.336335
2017-12-22 08:20:00,-1.2336586671019274,-1.1969886
2017-12-22 08:30:00,-1.1892187748177487,-1.2190859
2017-12-22 08:40:00,-1.142263417010594,-1.1433977
2017-12-22 08:50:00,-1.0869231741268512,-1.1243958
2017-12-22 09:00:00,-1.0525451439345777,-1.0575533
2017-12-22 09:10:00,-0.9334797717122404,-1.0266767
2017-12-22 09:20:00,-0.8462769641592004,-0.86143273
2017-12-22 09:30:00,-0.76578206466743,-0.7903712
2017-12-22 09:40:00,-0.7624281106367953,-0.7351287
2017-12-22 09:50:00,-0.6844486780462669,-0.7571303
2017-12-22 10:00:00,-0.6106616866157668,-0.6771897
2017-12-22 10:10:00,-0.5469365572771716,-0.58221537
2017-12-22 10:20:00,-0.5251358560780446,-0.49381348
2017-12-22 10:30:00,-0.4714725902096195,-0.4770109
2017-12-22 10:40:00,-0.3825928056412621,-0.482003
2017-12-22 10:50:00,-0.3742079191864095,-0.35868815
2017-12-22 11:00:00,-0.3406683788800597,-0.36881885
2017-12-22 11:10:00,-0.3012594176418333,-0.3401302
2017-12-22 11:20:00,-0.2333418457649445,-0.28338286
2017-12-22 11:30:00,-0.2693968529725357,-0.20791054
2017-12-22 11:40:00,-0.2568195253576546,-0.29057804
2017-12-22 11:50:00,-0.2911975555499286,-0.22686647
2017-12-22 12:00:00,-0.3800773401182861,-0.29446426
2017-12-22 12:10:00,-0.3851082711642384,-0.4114639
2017-12-22 12:20:00,-0.4077474608710242,-0.35043028
2017-12-22 12:30:00,-0.4396100255403218,-0.4012733
2017-12-22 12:40:00,-0.4697956131943019,-0.41331646
2017-12-22 12:50:00,-0.4538643301705206,-0.4731095
2017-12-22 13:00:00,-0.3842697826565797,-0.44212592
2017-12-22 13:10:00,-0.3306065167881545,-0.35391137
2017-12-22 13:20:00,-0.3398298903724009,-0.29111242
2017-12-22 13:30:00,-0.3381529133570833,-0.3239755
2017-12-22 13:40:00,-0.3817543171336032,-0.3386349
2017-12-22 13:50:00,-0.419486301356512,-0.4123966
2017-12-22 14:00:00,-0.430386651956076,-0.42700493
2017-12-22 14:10:00,-0.4463179336015918,-0.39382347
2017-12-22 14:20:00,-0.430386651956076,-0.44181076
2017-12-22 14:30:00,-0.389300713702532,-0.40127185
2017-12-22 14:40:00,-0.4161323459476118,-0.36628082
2017-12-22 14:50:00,-0.3708539651557743,-0.4181135
2017-12-22 15:00:00,-0.4010395528097543,-0.3496695
2017-12-22 15:10:00,-0.4463179336015918,-0.4093941
2017-12-22 15:20:00,-0.4404485140479807,-0.42848447
2017-12-22 15:30:00,-0.4899193373781118,-0.43645483
2017-12-22 15:40:00,-0.5075275974172107,-0.4929028
2017-12-22 15:50:00,-0.4991427109623581,-0.5052523
2017-12-22 16:00:00,-0.4505103761398853,-0.49680218
2017-12-22 16:10:00,-0.4563797956934965,-0.41554195
2017-12-22 16:20:00,-0.4647646821483496,-0.43692935
2017-12-22 16:30:00,-0.4605722382317905,-0.4387612
2017-12-22 16:40:00,-0.3901392022101908,-0.4388749
2017-12-22 16:50:00,-0.2945515095805634,-0.3125148
2017-12-22 17:00:00,-0.2350188227802621,-0.20921367
2017-12-22 17:10:00,-0.064805650212476,-0.11135098
2017-12-22 17:20:00,0.304967792691152,0.15065348
2017-12-22 17:30:00,0.6286243662952843,0.563882
2017-12-22 17:40:00,0.781229280202237,0.77907515
2017-12-22 17:50:00,0.811414866477952,0.8232117
2017-12-22 18:00:00,0.8139303320009275,0.7500699
2017-12-22 18:10:00,0.8424389426395908,0.736163
2017-12-22 18:20:00,0.863401156709325,0.80793536
2017-12-22 18:30:00,0.8357310345783204,0.8520523
2017-12-22 18:40:00,0.811414866477952,0.83619523
2017-12-22 18:50:00,0.8156073090162451,0.8122668
2017-12-22 19:00:00,0.8206382414404629,0.83395785
2017-12-22 19:10:00,0.8147688205085862,0.83862394
2017-12-22 19:20:00,0.7627825316554793,0.8144726
2017-12-22 19:30:00,0.7560746235942098,0.7141906
2017-12-22 19:40:00,0.7225350819095946,0.6971572
2017-12-22 19:50:00,0.7300814798567888,0.6537805
2017-12-22 20:00:00,0.737627876425717,0.71069163
2017-12-22 20:10:00,0.7611055546401617,0.7501727
2017-12-22 20:20:00,0.7619440431478205,0.75979096
2017-12-22 20:30:00,0.7661364856861145,0.7421599
2017-12-22 20:40:00,0.7367893879180583,0.73810774
2017-12-22 20:50:00,0.7175041508636417,0.726378
2017-12-22 21:00:00,0.7124732198176889,0.66751933
2017-12-22 21:10:00,0.6101776191267926,0.65179473
2017-12-22 21:20:00,0.5632222613196374,0.526728
2017-12-22 21:30:00,0.5355521391886338,0.50586146
2017-12-22 21:40:00,0.5053665515346527,0.48403504
2017-12-22 21:50:00,0.4332565384977364,0.4571174
2017-12-22 22:00:00,0.3167066317983743,0.37628645
2017-12-22 22:10:00,0.2831670901137601,0.24161986
2017-12-22 22:20:00,0.2362117323066049,0.2639331
2017-12-22 22:30:00,0.1842254434534969,0.19476715
2017-12-22 22:40:00,0.0777374002243065,0.10286947
2017-12-22 22:50:00,-0.0354585524444197,-0.006236904
2017-12-22 23:00:00,-0.1293692680587295,-0.09390896
2017-12-22 23:10:00,-0.2081871905351823,-0.18264356
2017-12-22 23:20:00,-0.2987439521188574,-0.26750457
2017-12-22 23:30:00,-0.3976855987791196,-0.35208347
2017-12-22 23:40:00,-0.5528059782090482,-0.45245293
2017-12-22 23:50:00,-0.6525861133769691,-0.605393
2017-12-23 00:00:00,-0.7641050876521129,-0.6833346
2017-12-23 00:10:00,-0.8571773147587639,-0.87079704
2017-12-23 00:20:00,-0.961149893843244,-0.9618648
2017-12-23 00:30:00,-1.0349368838954789,-1.0207086
2017-12-23 00:40:00,-1.098662013234074,-1.0570371
2017-12-23 00:50:00,-1.185864820787114,-1.1266048
2017-12-23 01:00:00,-1.2177273854564117,-1.191954
2017-12-23 01:10:00,-1.2755830938631296,-1.2338442
2017-12-23 01:20:00,-1.31918449763965,-1.3179849
2017-12-23 01:30:00,-1.3560779933549,-1.3478451
2017-12-23 01:40:00,-1.384586602615297,-1.4052895
2017-12-23 01:50:00,-1.4172876557922536,-1.4232069
2017-12-23 02:00:00,-1.4634045250917498,-1.4760966
2017-12-23 02:10:00,-1.4944286012533887,-1.4827491
2017-12-23 02:20:00,-1.5128753484218809,-1.5290059
2017-12-23 02:30:00,-1.5095213943912456,-1.5282761
2017-12-23 02:40:00,-1.542222447568202,-1.5108399
2017-12-23 02:50:00,-1.599239667467262,-1.5531126
2017-12-23 03:00:00,-1.6176864160140196,-1.6206708
2017-12-23 03:10:00,-1.6453565367667582,-1.6474617
2017-12-23 03:20:00,-1.6621263082981983,-1.6494359
2017-12-23 03:30:00,-1.6671572393441507,-1.6709318
2017-12-23 03:40:00,-1.680573055466691,-1.662653
2017-12-23 03:50:00,-1.6948273600968893,-1.6948967
2017-12-23 04:00:00,-1.7082431775976947,-1.7176272
2017-12-23 04:10:00,-1.7015352695364248,-1.7180778
2017-12-23 04:20:00,-1.6864424750203018,-1.7040386
2017-12-23 04:30:00,-1.6948273600968893,-1.6835775
2017-12-23 04:40:00,-1.6864424750203018,-1.7187222
2017-12-23 04:50:00,-1.681411543974349,-1.6856662
2017-12-23 05:00:00,-1.6554184002369283,-1.6764134
2017-12-23 05:10:00,-1.647033513782076,-1.6328784
2017-12-23 05:20:00,-1.6327792091518771,-1.6477222
2017-12-23 05:30:00,-1.6034321100055555,-1.6319155
2017-12-23 05:40:00,-1.570731058206865,-1.5837909
2017-12-23 05:50:00,-1.4466347549385747,-1.545636
2017-12-23 06:00:00,-1.4189646328075711,-1.3745947
2017-12-23 06:10:00,-1.4206416098228882,-1.4415703
2017-12-23 06:20:00,-1.382909625599979,-1.4592907
2017-12-23 06:30:00,-1.4047103281773723,-1.4159575
2017-12-23 06:40:00,-1.4089027707156658,-1.4389482
2017-12-23 06:50:00,-1.4105797477309836,-1.4436364
2017-12-23 07:00:00,-1.5145523254371984,-1.4705266
2017-12-23 07:10:00,-1.5204217449908095,-1.5869293
2017-12-23 07:20:00,-1.5455764015988374,-1.5354059
2017-12-23 07:30:00,-1.5455764015988374,-1.6159592
2017-12-23 07:40:00,-1.570731058206865,-1.5810446
2017-12-23 07:50:00,-1.5849853628370631,-1.6048119
2017-12-23 08:00:00,-1.522937211892051,-1.6080407
2017-12-23 08:10:00,-1.4566966170304798,-1.465711
2017-12-23 08:20:00,-1.3971639316084437,-1.4225287
2017-12-23 08:30:00,-1.3661398554468047,-1.3606431
2017-12-23 08:40:00,-1.3242154286856025,-1.3545203
2017-12-23 08:50:00,-1.194249705863701,-1.2975185
2017-12-23 09:00:00,-1.1120778293566136,-1.1620792
2017-12-23 09:10:00,-0.9913354801189588,-1.1028594
2017-12-23 09:20:00,-0.8882013909204027,-0.93165773
2017-12-23 09:30:00,-0.8144143994899028,-0.85798824
2017-12-23 09:40:00,-0.746496828991279,-0.770354
2017-12-23 09:50:00,-0.6928335631228544,-0.72908586
2017-12-23 10:00:00,-0.6584555329305803,-0.6925997
2017-12-23 10:10:00,-0.5486135342924892,-0.6454496
2017-12-23 10:20:00,-0.4681186361789848,-0.4999381
2017-12-23 10:30:00,-0.4220017668794884,-0.45010835
2017-12-23 10:40:00,-0.3750464090723333,-0.43788046
2017-12-23 10:50:00,-0.3264140728715955,-0.36169627
2017-12-23 11:00:00,-0.3314450052958134,-0.32413673
2017-12-23 11:10:00,-0.2350188227802621,-0.34626064
2017-12-23 11:20:00,-0.229149403226651,-0.21254852
2017-12-23 11:30:00,-0.1771631143735435,-0.24917349
2017-12-23 11:40:00,-0.1260153140280948,-0.16673806
2017-12-23 11:50:00,-0.144462061196587,-0.117995486
2017-12-23 12:00:00,-0.1402696186582935,-0.19171938
2017-12-23 12:10:00,-0.1411081071659523,-0.13953158
2017-12-23 12:20:00,-0.1302077565663884,-0.1619586
2017-12-23 12:30:00,-0.1989638169509359,-0.14319625
2017-12-23 12:40:00,-0.2333418457649445,-0.22060256
2017-12-23 12:50:00,-0.1805170684041782,-0.25082985
2017-12-23 13:00:00,-0.1872249764654482,-0.17267045
2017-12-23 13:10:00,-0.1922559075114005,-0.22215185
2017-12-23 13:20:00,-0.2216030066577222,-0.18791127
2017-12-23 13:30:00,-0.218249052627087,-0.2399853
2017-12-23 13:40:00,-0.2341803342726033,-0.23082708
2017-12-23 13:50:00,-0.2693968529725357,-0.22994645
2017-12-23 14:00:00,-0.2769432495414645,-0.2664972
2017-12-23 14:10:00,-0.2777817380491232,-0.24409363
2017-12-23 14:20:00,-0.2987439521188574,-0.2657018
2017-12-23 14:30:00,-0.2584965023729722,-0.295602
2017-12-23 14:40:00,-0.3138367452567144,-0.2528524
2017-12-23 14:50:00,-0.333121982311131,-0.32507792
2017-12-23 15:00:00,-0.3909776907178496,-0.3222832
2017-12-23 15:10:00,-0.4261942094177819,-0.39062572
2017-12-23 15:20:00,-0.4203247898641708,-0.42006737
2017-12-23 15:30:00,-0.4656031706560083,-0.42356667
2017-12-23 15:40:00,-0.5024966649929928,-0.4661672
2017-12-23 15:50:00,-0.5310052756316558,-0.4873689
2017-12-23 16:00:00,-0.6123386636310845,-0.5368593
2017-12-23 16:10:00,-0.5746066794081757,-0.62231046
2017-12-23 16:20:00,-0.5620293517932946,-0.5440533
2017-12-23 16:30:00,-0.5075275974172107,-0.5452125
2017-12-23 16:40:00,-0.445479445093933,-0.4670547
2017-12-23 16:50:00,-0.3465377984336709,-0.38909686
2017-12-23 17:00:00,-0.2459191747580911,-0.25366083
2017-12-23 17:10:00,-0.0991836804047495,-0.13429594
2017-12-23 17:20:00,0.2580124348839979,0.11303758
2017-12-23 17:30:00,0.6797721666407335,0.48384595
2017-12-23 17:40:00,0.8483083621932015,0.85386485
2017-12-23 17:50:00,0.9036486050769438,0.8723034
2017-12-23 18:00:00,0.919579888100726,0.83831865
2017-12-23 18:10:00,0.9170644225777496,0.8424069
2017-12-23 18:20:00,0.8768169728318639,0.84798175
2017-12-23 18:30:00,0.8525008047314956,0.8381622
2017-12-23 18:40:00,0.8541777817468131,0.82408214
2017-12-23 18:50:00,0.8449544081625663,0.8419161
2017-12-23 19:00:00,0.8768169728318639,0.84138197
2017-12-23 19:10:00,0.8726245302935709,0.8780865
2017-12-23 19:20:00,0.8793324383548403,0.85687345
2017-12-23 19:30:00,0.8784939498471815,0.83719593
2017-12-23 19:40:00,0.8508238277161779,0.82851946
2017-12-23 19:50:00,0.8265076609940746,0.7856328
2017-12-23 20:00:00,0.798837538863071,0.7832816
2017-12-23 20:10:00,0.7795523031869194,0.7647719
2017-12-23 20:20:00,0.7443357844869866,0.7604669
2017-12-23 20:30:00,0.7158271738483242,0.7176693
2017-12-23 20:40:00,0.6705487930564866,0.6665795
2017-12-23 20:50:00,0.6554559999186301,0.6068181
2017-12-23 21:00:00,0.6244319237569902,0.6118226
2017-12-23 21:10:00,0.5791535429651538,0.5770442
2017-12-23 21:20:00,0.4969816664580657,0.52411246
2017-12-23 21:30:00,0.4466723546202763,0.45767188
2017-12-23 21:40:00,0.3561155930366012,0.38473642
2017-12-23 21:50:00,0.3217375628443272,0.27336955
2017-12-23 22:00:00,0.2789746475754661,0.2607384
2017-12-23 22:10:00,0.2328577782759697,0.22070235
2017-12-23 22:20:00,0.1682941618079816,0.21231174
2017-12-23 22:30:00,0.1464934592305886,0.11769762
2017-12-23 22:40:00,0.0525827436162783,0.09329204
2017-12-23 22:50:00,-0.0094654073287332,-0.029320091
2017-12-23 23:00:00,-0.0958297263741148,-0.06219647
2017-12-23 23:10:00,-0.2065102135198647,-0.13488883
2017-12-23 23:20:00,-0.3163522107796909,-0.28131816
2017-12-23 23:30:00,-0.419486301356512,-0.38811228
2017-12-23 23:40:00,-0.4949502684240641,-0.4972069
2017-12-23 23:50:00,-0.5813145874694456,-0.5306895
2017-12-24 00:00:00,-0.6676789065148266,-0.62440896
2017-12-24 00:10:00,-0.7481738060065966,-0.7844159
2017-12-24 00:20:00,-0.8563388262511051,-0.85490865
2017-12-24 00:30:00,-0.9443801223118038,-0.9292634
2017-12-24 00:40:00,-1.029905952849526,-0.99603957
2017-12-24 00:50:00,-1.0995005017417323,-1.0741391
2017-12-24 01:00:00,-1.172449004664574,-1.1329885
2017-12-24 01:10:00,-1.229466224563634,-1.2180068
2017-12-24 01:20:00,-1.2739061168478123,-1.27443
2017-12-24 01:30:00,-1.3367927563004836,-1.3159395
2017-12-24 01:40:00,-1.4231570753458649,-1.3843026
2017-12-24 01:50:00,-1.4784973196078723,-1.4832615
2017-12-24 02:00:00,-1.5220987233843923,-1.5382013
2017-12-24 02:10:00,-1.5757619892528174,-1.5568036
2017-12-24 02:20:00,-1.599239667467262,-1.6235256
2017-12-24 02:30:00,-1.602593621497897,-1.6143918
2017-12-24 02:40:00,-1.6017551329902384,-1.6279569
2017-12-24 02:50:00,-1.620201881536996,-1.6158335
2017-12-24 03:00:00,-1.6386486287054882,-1.6355026
2017-12-24 03:10:00,-1.6696727048671272,-1.6612344
2017-12-24 03:20:00,-1.677219101436056,-1.6902037
2017-12-24 03:30:00,-1.6478720022897342,-1.6958549
2017-12-24 03:40:00,-1.6629647968058572,-1.6481662
2017-12-24 03:50:00,-1.652902933335687,-1.6988587
2017-12-24 04:00:00,-1.6445180482590995,-1.6709548
2017-12-24 04:10:00,-1.6495489793050515,-1.6595509
2017-12-24 04:20:00,-1.6663187508364918,-1.6601034
2017-12-24 04:30:00,-1.6981813155057897,-1.6762979
2017-12-24 04:40:00,-1.7048892235670594,-1.7273545
2017-12-24 04:50:00,-1.6948273600968893,-1.7121155
2017-12-24 05:00:00,-1.6973428256198655,-1.696461
2017-12-24 05:10:00,-1.6629647968058572,-1.6903123
2017-12-24 05:20:00,-1.663803285313516,-1.6542943
2017-12-24 05:30:00,-1.6914734060662542,-1.673476
2017-12-24 05:40:00,-1.7292053902891629,-1.7062995
2017-12-24 05:50:00,-1.6176864160140196,-1.7237353
2017-12-24 06:00:00,-1.6185249045216783,-1.5429521
2017-12-24 06:10:00,-1.633617697659536,-1.6309618
2017-12-24 06:20:00,-1.6302637436289007,-1.6672282
2017-12-24 06:30:00,-1.614332461983385,-1.6666075
2017-12-24 06:40:00,-1.6562568887445872,-1.6523423
2017-12-24 06:50:00,-1.7627449319737782,-1.7034755
2017-12-24 07:00:00,-1.86168657863404,-1.8392029
2017-12-24 07:10:00,-1.9455354321564453,-1.955943
2017-12-24 07:20:00,-2.015129981048652,-2.0057664
2017-12-24 07:30:00,-2.014291492540993,-2.081583
2017-12-24 07:40:00,-1.9950062554865764,-2.0069757
2017-12-24 07:50:00,-1.9782364853334016,-1.9836328
2017-12-24 08:00:00,-1.9052879824105609,-1.9604459
2017-12-24 08:10:00,-1.874263907627187,-1.8522264
2017-12-24 08:20:00,-1.8390473889272545,-1.8494108
2017-12-24 08:30:00,-1.787061100074147,-1.812498
2017-12-24 08:40:00,-1.756875512420167,-1.7788597
2017-12-24 08:50:00,-1.6939888715892306,-1.7309864
2017-12-24 09:00:00,-1.572408035222182,-1.662229
2017-12-24 09:10:00,-1.5397069820452265,-1.5218396
2017-12-24 09:20:00,-1.5153908139448569,-1.5252804
2017-12-24 09:30:00,-1.4248340523611822,-1.4820652
2017-12-24 09:40:00,-1.3141535665936972,-1.3690128
2017-12-24 09:50:00,-1.2277892475483163,-1.2779689
2017-12-24 10:00:00,-1.1472943480565465,-1.1988741
2017-12-24 10:10:00,-1.0408063048273557,-1.1153615
2017-12-24 10:20:00,-0.9494110547360216,-0.9905079
2017-12-24 10:30:00,-0.9049711624518428,-0.9426088
2017-12-24 10:40:00,-0.8965862759969903,-0.8960057
2017-12-24 10:50:00,-0.8295071940060252,-0.9085577
2017-12-24 11:00:00,-0.7909367212754577,-0.8121799
2017-12-24 11:10:00,-0.757397179590843,-0.7685146
2017-12-24 11:20:00,-0.7607511336214777,-0.7503783
2017-12-24 11:30:00,-0.7179882183526166,-0.7562478
2017-12-24 11:40:00,-0.6668404180071679,-0.7148273
2017-12-24 11:50:00,-0.6643249524841914,-0.65064377
2017-12-24 12:00:00,-0.6936720516305132,-0.67334324
2017-12-24 12:10:00,-0.6676789065148266,-0.6914137
2017-12-24 12:20:00,-0.560352374777977,-0.6722739
2017-12-24 12:30:00,-0.5201049250320918,-0.5370968
2017-12-24 12:40:00,-0.5167509710014571,-0.51412684
2017-12-24 12:50:00,-0.545259580261854,-0.52675414
2017-12-24 13:00:00,-0.549452022800148,-0.56519663
2017-12-24 13:10:00,-0.5377131836929258,-0.55462307
2017-12-24 13:20:00,-0.579637610454128,-0.516963
2017-12-24 13:30:00,-0.5645448173162705,-0.5886163
2017-12-24 13:40:00,-0.5846685415000804,-0.5554298
2017-12-24 13:50:00,-0.5813145874694456,-0.5961943
2017-12-24 14:00:00,-0.5787991219464692,-0.5734678
2017-12-24 14:10:00,-0.5628678403009534,-0.5711881
2017-12-24 14:20:00,-0.5469365572771716,-0.5591565
2017-12-24 14:30:00,-0.5351977181699493,-0.55065167
2017-12-24 14:40:00,-0.5561599322396834,-0.52255774
2017-12-24 14:50:00,-0.6173695946770368,-0.5244458
2017-12-24 15:00:00,-0.6274314567689415,-0.61952776
2017-12-24 15:10:00,-0.6156926176617192,-0.6072865
2017-12-24 15:20:00,-0.6307854107995767,-0.61304414
2017-12-24 15:30:00,-0.7070878677530531,-0.62763005
2017-12-24 15:40:00,-0.7523662485448906,-0.7050403
2017-12-24 15:50:00,-0.7590741566061601,-0.74705213
2017-12-24 16:00:00,-0.7649435761597717,-0.7456226
2017-12-24 16:10:00,-0.7976446293367276,-0.75006384
2017-12-24 16:20:00,-0.7775209051529183,-0.7618919
2017-12-24 16:30:00,-0.7641050876521129,-0.74313474
2017-12-24 16:40:00,-0.7188267068602754,-0.7236039
2017-12-24 16:50:00,-0.6735483260684378,-0.6632628
2017-12-24 17:00:00,-0.5611908632856358,-0.5738385
2017-12-24 17:10:00,-0.4287096749407584,-0.41430923
2017-12-24 17:20:00,-0.0983451918970907,-0.20154493
2017-12-24 17:30:00,0.3376688458681085,0.13241675
2017-12-24 17:40:00,0.4844043388431846,0.51096845
2017-12-24 17:50:00,0.5607067957966609,0.50265497
2017-12-24 18:00:00,0.5841844740111055,0.53961116
2017-12-24 18:10:00,0.6194009927110384,0.5394254
2017-12-24 18:20:00,0.6252704122646491,0.575777
2017-12-24 18:30:00,0.6118545961421091,0.6159272
2017-12-24 18:40:00,0.6386862283871889,0.6014503
2017-12-24 18:50:00,0.6487480918573596,0.651439
2017-12-24 19:00:00,0.7024113577257842,0.67520857
2017-12-24 19:10:00,0.6973804266798324,0.72728336
2017-12-24 19:20:00,0.6998958922028078,0.70256233
2017-12-24 19:30:00,0.7443357844869866,0.67177004
2017-12-24 19:40:00,0.7476897385176218,0.71293294
2017-12-24 19:50:00,0.7066038002640782,0.69727266
2017-12-24 20:00:00,0.7393048534410347,0.65836555
2017-12-24 20:10:00,0.7963220733400945,0.7465226
2017-12-24 20:20:00,0.7954835848324358,0.7758522
2017-12-24 20:30:00,0.7954835848324358,0.7592862
2017-12-24 20:40:00,0.7535591580712334,0.7635042
2017-12-24 20:50:00,0.7024113577257842,0.71617216
2017-12-24 21:00:00,0.6621639079798995,0.6596557
2017-12-24 21:10:00,0.6001157570348868,0.61597615
2017-12-24 21:20:00,0.5581913302736845,0.5483852
2017-12-24 21:30:00,0.4936277124274305,0.502645
2017-12-24 21:40:00,0.4114558359203434,0.44096124
2017-12-24 21:50:00,0.3519231504983072,0.3532465
2017-12-24 22:00:00,0.3326379148221566,0.3058613
2017-12-24 22:10:00,0.2714282510065368,0.2708227
2017-12-24 22:20:00,0.1850639319611557,0.20282236
2017-12-24 22:30:00,0.1037305439617275,0.110089906
2017-12-24 22:40:00,0.0056273858091242,0.06546528
2017-12-24 22:50:00,-0.0849293757745508,-0.065399
2017-12-24 23:00:00,-0.1897404419884246,-0.14400434
2017-12-24 23:10:00,-0.2970669751035398,-0.25557443
2017-12-24 23:20:00,-0.4010395528097543,-0.36300376
2017-12-24 23:30:00,-0.5008196879776753,-0.44520882
2017-12-24 23:40:00,-0.6207235487076715,-0.5699214
2017-12-24 23:50:00,-0.6945105401381719,-0.66367286
2017-12-25 00:00:00,-0.7850673017218466,-0.7421304
2017-12-25 00:10:00,-0.8781395288284981,-0.86981833
2017-12-25 00:20:00,-0.934318260219899,-0.96548116
2017-12-25 00:30:00,-1.0324214183725025,-0.98448175
2017-12-25 00:40:00,-1.0936310821881212,-1.0838156
2017-12-25 00:50:00,-1.1540022561178165,-1.1422348
2017-12-25 01:00:00,-1.1925727288483838,-1.176264
2017-12-25 01:10:00,-1.2512669257627609,-1.2373815
2017-12-25 01:20:00,-1.3175075206243323,-1.2961478
2017-12-25 01:30:00,-1.3334388022698485,-1.3514906
2017-12-25 01:40:00,-1.40638730519269,-1.3783396
2017-12-25 01:50:00,-1.4206416098228882,-1.4538832
2017-12-25 02:00:00,-1.4634045250917498,-1.4663796
2017-12-25 02:10:00,-1.4776588311002137,-1.5129662
2017-12-25 02:20:00,-1.4952670897610474,-1.505092
2017-12-25 02:30:00,-1.5103598828989044,-1.5298061
2017-12-25 02:40:00,-1.5170677909601744,-1.5298561
2017-12-25 02:50:00,-1.552284309660107,-1.5265154
2017-12-25 03:00:00,-1.5388684935375674,-1.586355
2017-12-25 03:10:00,-1.5539612866754244,-1.540493
2017-12-25 03:20:00,-1.5807929202987696,-1.5859814
2017-12-25 03:30:00,-1.565700127160912,-1.5898867
2017-12-25 03:40:00,-1.579954431791111,-1.5790293
2017-12-25 03:50:00,-1.5682155926838883,-1.6121683
2017-12-25 04:00:00,-1.5782774547757932,-1.5819829
2017-12-25 04:10:00,-1.5875008283600396,-1.5905089
2017-12-25 04:20:00,-1.6042705985132142,-1.57704
2017-12-25 04:30:00,-1.579954431791111,-1.6334853
2017-12-25 04:40:00,-1.584146874329405,-1.5764927
2017-12-25 04:50:00,-1.5816314088064285,-1.6034744
2017-12-25 05:00:00,-1.533837562491615,-1.5785766
2017-12-25 05:10:00,-1.5472533786141545,-1.5237077
2017-12-25 05:20:00,-1.5095213943912456,-1.5650401
2017-12-25 05:30:00,-1.4826897621461663,-1.5176058
2017-12-25 05:40:00,-1.470950921660678,-1.4950583
2017-12-25 05:50:00,-1.3468546197706537,-1.4572611
2017-12-25 06:00:00,-1.313315078086039,-1.2801683
2017-12-25 06:10:00,-1.2822910019243996,-1.3262575
2017-12-25 06:20:00,-1.2562978568087138,-1.3129219
2017-12-25 06:30:00,-1.2085040104938998,-1.2912116
2017-12-25 06:40:00,-1.2001191254173122,-1.2271413
2017-12-25 06:50:00,-1.248751460239785,-1.2412623
2017-12-25 07:00:00,-1.329246359731555,-1.3095261
2017-12-25 07:10:00,-1.2697136743095183,-1.3787265
2017-12-25 07:20:00,-1.2697136743095183,-1.2750765
2017-12-25 07:30:00,-1.3074456585324274,-1.3420552
2017-12-25 07:40:00,-1.3762017175387096,-1.3612711
2017-12-25 07:50:00,-1.372009275000416,-1.4293542
2017-12-25 08:00:00,-1.2898373984933285,-1.3795238
2017-12-25 08:10:00,-1.2319816900866098,-1.2518473
2017-12-25 08:20:00,-1.1615486526867451,-1.2044971
2017-12-25 08:30:00,-1.0751843336413636,-1.1365526
2017-12-25 08:40:00,-0.9930124585125416,-1.0736217
2017-12-25 08:50:00,-0.9686962904121726,-0.98496616
2017-12-25 09:00:00,-0.8714316207672281,-0.9954232
2017-12-25 09:10:00,-0.7431428749606442,-0.8465772
2017-12-25 09:20:00,-0.9301258176816052,-0.7284152
2017-12-25 09:30:00,-0.8580158032664227,-0.9923553
2017-12-25 09:40:00,-0.7389504324223507,-0.8078535
2017-12-25 09:50:00,-0.588860984038374,-0.7236189
2017-12-25 10:00:00,-0.4488333991245682,-0.5707016
2017-12-25 10:10:00,-0.3708539651557743,-0.4540933
2017-12-25 10:20:00,-0.3096443027184209,-0.37866846
2017-12-25 10:30:00,-0.2652044104342422,-0.31656086
2017-12-25 10:40:00,-0.1939328845267181,-0.2675581
2017-12-25 10:50:00,-0.1964483500496945,-0.20737359
2017-12-25 11:00:00,-0.1930943960190593,-0.24918112
2017-12-25 11:10:00,-0.1595548557127101,-0.22325934
2017-12-25 11:20:00,-0.1226613599974596,-0.15397711
2017-12-25 11:30:00,-0.0572592536435472,-0.1357548
2017-12-25 11:40:00,-0.051389834089936,-0.072501965
2017-12-25 11:50:00,-0.0270736673678327,-0.08877516
2017-12-25 12:00:00,-0.0430049490133485,-0.036969684
2017-12-25 12:10:00,-0.0413279719980309,-0.04949431
2017-12-25 12:20:00,-0.0438434375210073,-0.07086439
2017-12-25 12:30:00,-0.0195272694206379,-0.0730637
2017-12-25 12:40:00,-0.0572592536435472,-0.05034858
2017-12-25 12:50:00,-0.0782214677132814,-0.071466774
2017-12-25 13:00:00,-0.0161733153900037,-0.08565848
2017-12-25 13:10:00,-0.0077884303134156,-0.012571544
2017-12-25 13:20:00,0.0098198283474172,-0.03027802
2017-12-25 13:30:00,-0.0077884303134156,-0.014806964
2017-12-25 13:40:00,-0.0413279719980309,-0.012091794
2017-12-25 13:50:00,-0.0664826286060586,-0.08583463
2017-12-25 14:00:00,-0.0354585524444197,-0.08029028
2017-12-25 14:10:00,-0.0589362306588648,-0.022944428
2017-12-25 14:20:00,-0.0815754217439161,-0.06693664
2017-12-25 14:30:00,-0.047197391551642,-0.06678525
2017-12-25 14:40:00,-0.0396509949827138,-0.045551114
2017-12-25 14:50:00,-0.0346200639367609,-0.0313887
2017-12-25 15:00:00,-0.0606132076741819,-0.042324405
2017-12-25 15:10:00,-0.0849293757745508,-0.06332086
2017-12-25 15:20:00,-0.1042146114507018,-0.108004645
2017-12-25 15:30:00,-0.1536854347808334,-0.1383991
2017-12-25 15:40:00,-0.1679397407892971,-0.16383402
2017-12-25 15:50:00,-0.1989638169509359,-0.16491991
2017-12-25 16:00:00,-0.1956098615420357,-0.17780083
2017-12-25 16:10:00,-0.1486545037348806,-0.18917188
2017-12-25 16:20:00,-0.1335617105970236,-0.12379784
2017-12-25 16:30:00,-0.1092455424966547,-0.10750861
2017-12-25 16:40:00,-0.0438434375210073,-0.06164726
2017-12-25 16:50:00,0.0240741343558819,-0.007304816
2017-12-25 17:00:00,0.1121154304165806,0.07476976
2017-12-25 17:10:00,0.2697512739912202,0.21382591
2017-12-25 17:20:00,0.5732841234115421,0.4998879
2017-12-25 17:30:00,0.9506039642623648,0.80299056
2017-12-25 17:40:00,1.0403222373383805,1.089421
2017-12-25 17:50:00,1.0906315491761704,1.0285074
2017-12-25 18:00:00,1.0839236411149011,1.0751679
2017-12-25 18:10:00,1.0998549227604164,1.0282367
2017-12-25 18:20:00,1.075538754660048,1.0193398
2017-12-25 18:30:00,1.0856006181302176,1.0231043
2017-12-25 18:40:00,1.0260679313299164,1.0697656
2017-12-25 18:50:00,1.0302603738682106,1.0167263
2017-12-25 19:00:00,1.0419992143536978,1.0525516
2017-12-25 19:10:00,1.0378067718154047,1.0362918
2017-12-25 19:20:00,1.0009132761001542,1.0026568
2017-12-25 19:30:00,0.9648582688925624,0.94208574
2017-12-25 19:40:00,0.8994561625386507,0.9028621
2017-12-25 19:50:00,0.8768169728318639,0.80048937
2017-12-25 20:00:00,0.8751399958165473,0.8019972
2017-12-25 20:10:00,0.954796406800658,0.838028
2017-12-25 20:20:00,0.9179029110854084,0.98566467
2017-12-25 20:30:00,0.8726245302935709,0.89405847
2017-12-25 20:40:00,0.8499853392085192,0.8089883
2017-12-25 20:50:00,0.8508238277161779,0.80617034
2017-12-25 21:00:00,0.8088994009549756,0.7955323
2017-12-25 21:10:00,0.751043692548257,0.7628389
2017-12-25 21:20:00,0.6579714654416055,0.6609255
2017-12-25 21:30:00,0.5791535429651538,0.5813932
2017-12-25 21:40:00,0.4584111937274986,0.4887406
2017-12-25 21:50:00,0.3804317611369696,0.3906509
2017-12-25 22:00:00,0.2781361590678072,0.32125136
2017-12-25 22:10:00,0.2546584808533627,0.21299511
2017-12-25 22:20:00,0.1691326503156404,0.18772992
2017-12-25 22:30:00,0.084445308285576,0.08180607
2017-12-25 22:40:00,0.0089813398397584,0.033136588
2017-12-25 22:50:00,-0.1360771761199995,-0.07869256
2017-12-25 23:00:00,-0.2652044104342422,-0.21517795
2017-12-25 23:10:00,-0.3322834938034721,-0.3580137
2017-12-25 23:20:00,-0.4404485140479807,-0.39161673
2017-12-25 23:30:00,-0.538551672200584,-0.49524575
2017-12-25 23:40:00,-0.650909136361652,-0.60462743
2017-12-25 23:50:00,-0.7347579898840567,-0.7197991
2017-12-26 00:00:00,-0.8253147514677318,-0.7827526
2017-12-26 00:10:00,-0.880654994351474,-0.9217004
2017-12-26 00:20:00,-0.9628268708585614,-0.98333246
2017-12-26 00:30:00,-1.017328625234645,-1.0278761
2017-12-26 00:40:00,-1.092792593680463,-1.0654786
2017-12-26 00:50:00,-1.1581946986561098,-1.1212499
2017-12-26 01:00:00,-1.2244352935176814,-1.1934775
2017-12-26 01:10:00,-1.2671982087865423,-1.2751961
2017-12-26 01:20:00,-1.31918449763965,-1.3171753
2017-12-26 01:30:00,-1.3577549703702172,-1.3575712
2017-12-26 01:40:00,-1.4038718396697136,-1.3784349
2017-12-26 01:50:00,-1.4348959158313523,-1.4607571
2017-12-26 02:00:00,-1.4499887089692098,-1.4904968
2017-12-26 02:10:00,-1.4692739446453609,-1.4813427
2017-12-26 02:20:00,-1.4810127851308488,-1.5042762
2017-12-26 02:30:00,-1.4910746472227534,-1.510963
2017-12-26 02:40:00,-1.522937211892051,-1.5236886
2017-12-26 02:50:00,-1.5531227981677656,-1.5430815
2017-12-26 03:00:00,-1.554799775183083,-1.56897
2017-12-26 03:10:00,-1.5682155926838883,-1.5619195
2017-12-26 03:20:00,-1.555638263690742,-1.5946003
2017-12-26 03:30:00,-1.595885713436627,-1.5817235
2017-12-26 03:40:00,-1.6118169964604083,-1.6298811
2017-12-26 03:50:00,-1.6252328125829485,-1.610993
2017-12-26 04:00:00,-1.6562568887445872,-1.6457481
2017-12-26 04:10:00,-1.6252328125829485,-1.6862221
2017-12-26 04:20:00,-1.642002582736123,-1.6271069
2017-12-26 04:30:00,-1.646195025274417,-1.6692232
2017-12-26 04:40:00,-1.6587723542675636,-1.6394005
2017-12-26 04:50:00,-1.6478720022897342,-1.6910014
2017-12-26 05:00:00,-1.627748278105925,-1.6547122
2017-12-26 05:10:00,-1.584146874329405,-1.6291019
2017-12-26 05:20:00,-1.5598307062290355,-1.5706419
2017-12-26 05:30:00,-1.529645119953321,-1.5614706
2017-12-26 05:40:00,-1.521260234876734,-1.5423219
2017-12-26 05:50:00,-1.402194862654396,-1.5144637
2017-12-26 06:00:00,-1.3426621758540946,-1.3386358
2017-12-26 06:10:00,-1.3317618252545311,-1.3330057
2017-12-26 06:20:00,-1.3099611240554037,-1.373515
2017-12-26 06:30:00,-1.300737750471158,-1.3672729
2017-12-26 06:40:00,-1.2940298410316224,-1.3373443
2017-12-26 06:50:00,-1.3250539171932614,-1.3093119
2017-12-26 07:00:00,-1.3443391528694124,-1.3703063
2017-12-26 07:10:00,-1.3510470623089477,-1.3825068
2017-12-26 07:20:00,-1.3728477635080747,-1.40616
2017-12-26 07:30:00,-1.3963254431007848,-1.4402043
2017-12-26 07:40:00,-1.4114182362386425,-1.4361341
2017-12-26 07:50:00,-1.462566036584091,-1.4639673
2017-12-26 08:00:00,-1.3803941600770036,-1.496768
2017-12-26 08:10:00,-1.302414727486475,-1.3260715
2017-12-26 08:20:00,-1.17496447018755,-1.2648919
2017-12-26 08:30:00,-1.1213012029408598,-1.137788
2017-12-26 08:40:00,-1.0424832818426726,-1.1189618
2017-12-26 08:50:00,-0.9569574513049504,-1.0403662
2017-12-26 09:00:00,-0.8898783679357204,-0.95244616
2017-12-26 09:10:00,-0.8102219569516087,-0.8806887
2017-12-26 09:20:00,-0.7716514855993066,-0.79227644
2017-12-26 09:30:00,-0.7305655473457632,-0.78068835
2017-12-26 09:40:00,-0.8513078952051527,-0.6858374
2017-12-26 09:50:00,-0.6643249524841914,-0.84251565
2017-12-26 10:00:00,-0.5460980687695128,-0.61425686
2017-12-26 10:10:00,-0.4924348029010881,-0.54973084
2017-12-26 10:20:00,-0.4186478128488537,-0.49637082
2017-12-26 10:30:00,-0.3700154766481154,-0.4065915
2017-12-26 10:40:00,-0.3113212797337385,-0.40452984
2017-12-26 10:50:00,-0.237534288303238,-0.4039151
2017-12-26 11:00:00,-0.1939328845267181,-0.26110795
2017-12-26 11:10:00,-0.1453005497042458,-0.21355662
2017-12-26 11:20:00,-0.1100840323825785,-0.15291344
2017-12-26 11:30:00,-0.0497128570746184,-0.12624452
2017-12-26 11:40:00,-0.0212042464359555,-0.064358965
2017-12-26 11:50:00,-0.0128193613593685,-0.006601237
2017-12-26 12:00:00,-0.0027574992674638,-0.048696227
2017-12-26 12:10:00,0.0492287895856441,-0.017660417
2017-12-26 12:20:00,0.084445308285576,0.06938179
2017-12-26 12:30:00,0.1129539189242394,0.08790698
2017-12-26 12:40:00,0.0894762393315288,0.11723971
2017-12-26 12:50:00,0.1582322997160759,0.059682317
2017-12-26 13:00:00,0.1934488170377438,0.20103742
2017-12-26 13:10:00,0.2102185885691839,0.19536835
2017-12-26 13:20:00,0.2035106805079135,0.21606085
2017-12-26 13:30:00,0.002273431778489,0.17635107
2017-12-26 13:40:00,-0.1167919404438484,-0.058169737
2017-12-26 13:50:00,-0.1754861373582259,-0.10895217
2017-12-26 14:00:00,-0.1268538025357536,-0.17452134
2017-12-26 14:10:00,0.0039504087938066,-0.09264334
2017-12-26 14:20:00,0.084445308285576,0.021026876
2017-12-26 14:30:00,0.084445308285576,0.095971964
2017-12-26 14:40:00,0.1045690324693863,0.062331833
2017-12-26 14:50:00,0.0576136746622312,0.1080309
2017-12-26 15:00:00,0.0576136746622312,0.022444509
2017-12-26 15:10:00,0.0358129734631042,0.033950903
2017-12-26 15:20:00,0.0592906516775488,0.020955972
2017-12-26 15:30:00,0.0307820424171514,0.044808693
2017-12-26 15:40:00,-0.006111453298098,0.006991293
2017-12-26 15:50:00,-0.0866063527898684,-0.043427117
2017-12-26 16:00:00,-0.1385926416429759,-0.10712509
2017-12-26 16:10:00,-0.1151149634285313,-0.13658513
2017-12-26 16:20:00,-0.1134379864132137,-0.09659462
2017-12-26 16:30:00,-0.0715135596520114,-0.124009475
2017-12-26 16:40:00,-0.0044344762827814,-0.053103548
2017-12-26 16:50:00,0.0257511113711995,0.02535019
2017-12-26 17:00:00,0.1230157810161441,0.06864608
2017-12-26 17:10:00,0.2051876575232311,0.23497206
2017-12-26 17:20:00,0.4936277124274305,0.40794805
2017-12-26 17:30:00,0.8424389426395908,0.73215914
2017-12-26 17:40:00,1.0554150304762375,0.99515724
2017-12-26 17:50:00,1.1292020219067376,1.0767612
2017-12-26 18:00:00,1.0939855032068058,1.0697663
2017-12-26 18:10:00,1.0856006181302176,0.98776406
2017-12-26 18:20:00,1.0906315491761704,1.0208691
2017-12-26 18:30:00,1.088954572160853,1.0591137
2017-12-26 18:40:00,1.09733945723744,1.0564294
2017-12-26 18:50:00,1.0788927086906823,1.0929909
2017-12-26 19:00:00,1.0503840994302858,1.0582805
2017-12-26 19:10:00,1.09733945723744,1.0496006
2017-12-26 19:20:00,1.0487071224149682,1.0960482
2017-12-26 19:30:00,1.0151675807303528,0.9615542
2017-12-26 19:40:00,0.9983978105771778,0.9464875
2017-12-26 19:50:00,0.9782740850151024,0.92985135
2017-12-26 20:00:00,0.9480884973611224,0.94261885
2017-12-26 20:10:00,1.0000747875924954,0.9199301
2017-12-26 20:20:00,0.9665352459078802,1.0091097
2017-12-26 20:30:00,0.9078410489935036,0.9367477
2017-12-26 20:40:00,0.8860403464161108,0.8638586
2017-12-26 20:50:00,0.8474698736855427,0.8664283
2017-12-26 21:00:00,0.7183426393713005,0.78895503
2017-12-26 21:10:00,0.6764182126100983,0.64163625
2017-12-26 21:20:00,0.6395247168948478,0.61106735
2017-12-26 21:30:00,0.5523219107200739,0.5935326
2017-12-26 21:40:00,0.4936277124274305,0.48916647
2017-12-26 21:50:00,0.4148097899509786,0.4545849
2017-12-26 22:00:00,0.3477307079600132,0.36085084
2017-12-26 22:10:00,0.2420811518602156,0.2890479
2017-12-26 22:20:00,0.1498474132612239,0.20389201
2017-12-26 22:30:00,0.0441978585396913,0.076126195
2017-12-26 22:40:00,-0.0144963383746861,-0.017476123
2017-12-26 22:50:00,-0.1117610093978961,-0.06001997
2017-12-26 23:00:00,-0.2408882423338733,-0.16855995
2017-12-26 23:10:00,-0.3498917524643056,-0.3052779
2017-12-26 23:20:00,-0.452187353155203,-0.40567115
2017-12-26 23:30:00,-0.5695757483622234,-0.495594
2017-12-26 23:40:00,-0.6584555329305803,-0.61801654
2017-12-26 23:50:00,-0.7456583404836207,-0.6746268
2017-12-27 00:00:00,-0.8412460331132475,-0.77855444
2017-12-27 00:10:00,-0.9049711624518428,-0.92886996
2017-12-27 00:20:00,-0.995527924035518,-0.95546293
2017-12-27 00:30:00,-1.1028544557723676,-1.0388724
2017-12-27 00:40:00,-1.1531637676101576,-1.1564758
2017-12-27 00:50:00,-1.2085040104938998,-1.1810813
2017-12-27 01:00:00,-1.2806140249090825,-1.1980529
2017-12-27 01:10:00,-1.3393082218234595,-1.2898324
2017-12-27 01:20:00,-1.384586602615297,-1.3844992
2017-12-27 01:30:00,-1.4147721902692771,-1.4063213
2017-12-27 01:40:00,-1.4550196400151625,-1.4460452
2017-12-27 01:50:00,-1.5019749978223174,-1.4572928
2017-12-27 02:00:00,-1.542222447568202,-1.536015
2017-12-27 02:10:00,-1.562346171752012,-1.5533514
2017-12-27 02:20:00,-1.570731058206865,-1.5779736
2017-12-27 02:30:00,-1.585823851344722,-1.571382
2017-12-27 02:40:00,-1.6126554849680674,-1.5771055
2017-12-27 02:50:00,-1.629425255121242,-1.5991406
2017-12-27 03:00:00,-1.639487117213147,-1.6296393
2017-12-27 03:10:00,-1.6797345669590318,-1.6404669
2017-12-27 03:20:00,-1.6847654980049849,-1.6711915
2017-12-27 03:30:00,-1.6847654980049849,-1.6682582
2017-12-27 03:40:00,-1.6612878197905396,-1.6789107
2017-12-27 03:50:00,-1.6713496818824447,-1.6621085
2017-12-27 04:00:00,-1.689796429050937,-1.6661663
2017-12-27 04:10:00,-1.6847654980049849,-1.678138
2017-12-27 04:20:00,-1.6847654980049849,-1.6589959
2017-12-27 04:30:00,-1.678057589943715,-1.6784925
2017-12-27 04:40:00,-1.7183050396895994,-1.665297
2017-12-27 04:50:00,-1.7149510856589647,-1.7103709
2017-12-27 05:00:00,-1.696504337112207,-1.6711631
2017-12-27 05:10:00,-1.6562568887445872,-1.6596522
2017-12-27 05:20:00,-1.634456186167195,-1.6239994
2017-12-27 05:30:00,-1.6076245525438495,-1.611526
2017-12-27 05:40:00,-1.6109785079527497,-1.586025
2017-12-27 05:50:00,-1.4986210437916825,-1.5781143
2017-12-27 06:00:00,-1.4315419604224522,-1.4189734
2017-12-27 06:10:00,-1.4416038238926223,-1.3803831
2017-12-27 06:20:00,-1.4315419604224522,-1.4474524
2017-12-27 06:30:00,-1.3912945120548326,-1.4442868
2017-12-27 06:40:00,-1.340985198838777,-1.3866196
2017-12-27 06:50:00,-1.3594319473855347,-1.3492218
2017-12-27 07:00:00,-1.4080642822080072,-1.3704826
2017-12-27 07:10:00,-1.3778786945540271,-1.4176167
2017-12-27 07:20:00,-1.3275693827162371,-1.3710828
2017-12-27 07:30:00,-1.3175075206243323,-1.365572
2017-12-27 07:40:00,-1.3644628784314872,-1.339947
2017-12-27 07:50:00,-1.3711707864927571,-1.3752233
2017-12-27 08:00:00,-1.3057686815171103,-1.3727036
2017-12-27 08:10:00,-1.2185658739640703,-1.246628
2017-12-27 08:20:00,-1.1783184242181852,-1.1625142
2017-12-27 08:30:00,-1.02068257926528,-1.1222696
2017-12-27 08:40:00,-0.9821121065347124,-0.9430024
2017-12-27 08:50:00,-0.9200639555897004,-0.9733153
2017-12-27 09:00:00,-0.8261532399753906,-0.9138574
2017-12-27 09:10:00,-0.7355964783917155,-0.78533024
2017-12-27 09:20:00,-0.6483936708386756,-0.68797827
2017-12-27 09:30:00,-0.5913764495613503,-0.6056391
2017-12-27 09:40:00,-0.5360362066776081,-0.5653378
2017-12-27 09:50:00,-0.5209434135397506,-0.53259814
2017-12-27 10:00:00,-0.4941117799164053,-0.5195368
2017-12-27 10:10:00,-0.4052319953480483,-0.46076524
2017-12-27 10:20:00,-0.2861666231257103,-0.37300092
2017-12-27 10:30:00,-0.2492731287887258,-0.25297782
2017-12-27 10:40:00,-0.1972868385573533,-0.23359603
2017-12-27 10:50:00,-0.0681596056213762,-0.17754239
2017-12-27 11:00:00,-0.0664826286060586,-0.026053235
2017-12-27 11:10:00,0.0307820424171514,-0.079966486
2017-12-27 11:20:00,0.0995381014234335,0.054507963
2017-12-27 11:30:00,0.1280467120620959,0.12032395
2017-12-27 11:40:00,0.196802771068378,0.12639678
2017-12-27 11:50:00,0.2051876575232311,0.20530201
2017-12-27 12:00:00,0.1532013672918581,0.17474674
2017-12-27 12:10:00,0.1314006660927311,0.120989904
2017-12-27 12:20:00,0.1817099779305215,0.13600126
2017-12-27 12:30:00,0.2035106805079135,0.21444088
2017-12-27 12:40:00,0.1515243902765405,0.19190598
2017-12-27 12:50:00,0.1481704362459063,0.13205129
2017-12-27 13:00:00,0.092830193362164,0.15505151
2017-12-27 13:10:00,0.0559366976469136,0.09072146
2017-12-27 13:20:00,0.0542597206315959,0.05086711
2017-12-27 13:30:00,0.0609676286928664,0.028755695
2017-12-27 13:40:00,0.0592906516775488,0.043866646
2017-12-27 13:50:00,0.040843904509056,0.05012531
2017-12-27 14:00:00,0.0425208815243737,0.011535651
2017-12-27 14:10:00,0.0374899504784218,0.04538424
2017-12-27 14:20:00,0.0190432019316641,0.0375645
2017-12-27 14:30:00,-0.0245582018448567,0.03310632
2017-12-27 14:40:00,-0.0413279719980309,-0.03643755
2017-12-27 14:50:00,-0.0698365826366938,-0.06727151
2017-12-27 15:00:00,-0.0815754217439161,-0.06812428
2017-12-27 15:10:00,-0.1100840323825785,-0.08721496
2017-12-27 15:20:00,-0.064805650212476,-0.107554354
2017-12-27 15:30:00,-0.0731905366673285,-0.041830998
2017-12-27 15:40:00,-0.1201458944744837,-0.09180987
2017-12-27 15:50:00,-0.155362413174416,-0.15306589
2017-12-27 16:00:00,-0.1570393901897336,-0.16577841
2017-12-27 16:10:00,-0.1302077565663884,-0.1505973
2017-12-27 16:20:00,-0.0899603068205036,-0.116498254
2017-12-27 16:30:00,-0.0497128570746184,-0.087720744
2017-12-27 16:40:00,-0.0279121558754915,-0.006803431
2017-12-27 16:50:00,0.0039504087938066,0.012782096
2017-12-27 17:00:00,0.0777374002243065,0.06469319
2017-12-27 17:10:00,0.2454351072691168,0.18240018
2017-12-27 17:20:00,0.517105392020141,0.45102072
2017-12-27 17:30:00,0.9346726812385826,0.7247891
2017-12-27 17:40:00,1.0688308465987777,1.0920244
2017-12-27 17:50:00,1.0520610764456035,1.0618671
2017-12-27 18:00:00,1.0369682833077458,0.9819038
2017-12-27 18:10:00,1.0352913049141623,0.965035
2017-12-27 18:20:00,1.0788927086906823,0.9954611
2017-12-27 18:30:00,1.080569685706,1.0646871
2017-12-27 18:40:00,1.0352913049141623,1.0536762
2017-12-27 18:50:00,0.9447345433304882,1.0073594
2017-12-27 19:00:00,0.954796406800658,0.92574394
2017-12-27 19:10:00,0.9514424527700236,0.975849
2017-12-27 19:20:00,0.9581503608312932,0.92331415
2017-12-27 19:30:00,0.9329957042232648,0.9094192
2017-12-27 19:40:00,0.9044870935846026,0.8519805
2017-12-27 19:50:00,0.8994561625386507,0.82886726
2017-12-27 20:00:00,0.9095180260088204,0.8744961
2017-12-27 20:10:00,0.9229338421313604,0.89643365
2017-12-27 20:20:00,0.9229338421313604,0.9197696
2017-12-27 20:30:00,0.9011331395539685,0.8955603
2017-12-27 20:40:00,0.8692705762629357,0.88062793
2017-12-27 20:50:00,0.7921296308018005,0.8252104
2017-12-27 21:00:00,0.72505054743257,0.7257864
2017-12-27 21:10:00,0.686480076080269,0.6638667
2017-12-27 21:20:00,0.6261089007723079,0.64652634
2017-12-27 21:30:00,0.5774765659498361,0.57202584
2017-12-27 21:40:00,0.5053665515346527,0.5378381
2017-12-27 21:50:00,0.4684730571976683,0.45042676
2017-12-27 22:00:00,0.4248716534211483,0.4238734
2017-12-27 22:10:00,0.3577925700519188,0.3774421
2017-12-27 22:20:00,0.2353732437989461,0.31333396
2017-12-27 22:30:00,0.1330776431080488,0.17553182
2017-12-27 22:40:00,-0.0044344762827814,0.07319781
2017-12-27 22:50:00,-0.1603933442203684,-0.103859715
2017-12-27 23:00:00,-0.2828126690950756,-0.23926342
2017-12-27 23:10:00,-0.386785248179556,-0.33109948
2017-12-27 23:20:00,-0.5041736420083105,-0.42950025
2017-12-27 23:30:00,-0.5511290011937306,-0.548052
2017-12-27 23:40:00,-0.5964073819855682,-0.5734736
2017-12-27 23:50:00,-0.7272115919368625,-0.6092673
2017-12-28 00:00:00,-0.8295071940060252,-0.7721455
2017-12-28 00:10:00,-0.8747855747978628,-0.9216408
2017-12-28 00:20:00,-0.973727221458125,-0.9538352
2017-12-28 00:30:00,-1.0475142128886257,-1.0396268
2017-12-28 00:40:00,-1.08776166263451,-1.0880404
2017-12-28 00:50:00,-1.1514867905948398,-1.1081777
2017-12-28 01:00:00,-1.2303047130712927,-1.180154
2017-12-28 01:10:00,-1.235335644117245,-1.2427933
2017-12-28 01:20:00,-1.2957068180469395,-1.2573712
2017-12-28 01:30:00,-1.3275693827162371,-1.3258976
2017-12-28 01:40:00,-1.3560779933549,-1.3317515
2017-12-28 01:50:00,-1.3762017175387096,-1.3546605
2017-12-28 02:00:00,-1.4114182362386425,-1.4063776
2017-12-28 02:10:00,-1.4835282506538248,-1.4490776
2017-12-28 02:20:00,-1.5002980208069998,-1.5128491
2017-12-28 02:30:00,-1.5170677909601744,-1.4874802
2017-12-28 02:40:00,-1.5438994245835198,-1.5077484
2017-12-28 02:50:00,-1.5606691947366944,-1.5568676
2017-12-28 03:00:00,-1.5807929202987696,-1.5659614
2017-12-28 03:10:00,-1.602593621497897,-1.5828333
2017-12-28 03:20:00,-1.6126554849680674,-1.5899028
2017-12-28 03:30:00,-1.621040370044655,-1.5952965
2017-12-28 03:40:00,-1.6596108427752223,-1.6213046
2017-12-28 03:50:00,-1.6545799117292697,-1.6763401
2017-12-28 04:00:00,-1.6411640942284642,-1.6411006
2017-12-28 04:10:00,-1.6260713010906072,-1.628102
2017-12-28 04:20:00,-1.6076245525438495,-1.613311
2017-12-28 04:30:00,-1.6428410712437818,-1.5969155
2017-12-28 04:40:00,-1.6093015295591666,-1.6398904
2017-12-28 04:50:00,-1.6093015295591666,-1.5851219
2017-12-28 05:00:00,-1.572408035222182,-1.588691
2017-12-28 05:10:00,-1.5740850122374996,-1.5338774
2017-12-28 05:20:00,-1.5472533786141545,-1.5663943
2017-12-28 05:30:00,-1.5086829058835869,-1.5253817
2017-12-28 05:40:00,-1.4969440667763645,-1.4798434
2017-12-28 05:50:00,-1.3896175350395148,-1.4704415
2017-12-28 06:00:00,-1.2957068180469395,-1.3259928
2017-12-28 06:10:00,-1.3074456585324274,-1.2677677
2017-12-28 06:20:00,-1.2671982087865423,-1.3218343
2017-12-28 06:30:00,-1.250428437255102,-1.2658823
2017-12-28 06:40:00,-1.248751460239785,-1.2666862
2017-12-28 06:50:00,-1.278937047893765,-1.2684493
2017-12-28 07:00:00,-1.322538451670285,-1.2876782
2017-12-28 07:10:00,-1.3393082218234595,-1.3413892
2017-12-28 07:20:00,-1.300737750471158,-1.361291
2017-12-28 07:30:00,-1.3778786945540271,-1.3445216
2017-12-28 07:40:00,-1.4181261442999122,-1.4275694
2017-12-28 07:50:00,-1.4382498698619877,-1.4267783
2017-12-28 08:00:00,-1.384586602615297,-1.4279956
2017-12-28 08:10:00,-1.2940298410316224,-1.3515036
2017-12-28 08:20:00,-1.2034730794479471,-1.2316886
2017-12-28 08:30:00,-1.1095623638336376,-1.1312556
2017-12-28 08:40:00,-1.0542221209498954,-1.058938
2017-12-28 08:50:00,-1.03409839538782,-1.0558527
2017-12-28 09:00:00,-0.9066481394671604,-1.0516841
2017-12-28 09:10:00,-0.8479539411745175,-0.84429103
2017-12-28 09:20:00,-0.7607511336214777,-0.8062613
2017-12-28 09:30:00,-0.7171497298449577,-0.7242038
2017-12-28 09:40:00,-0.6769022800990726,-0.7053643
2017-12-28 09:50:00,-0.6131771521387432,-0.6587187
2017-12-28 10:00:00,-0.5427441147388781,-0.57797503
2017-12-28 10:10:00,-0.4505103761398853,-0.5218622
2017-12-28 10:20:00,-0.3666615226174807,-0.41629964
2017-12-28 10:30:00,-0.296228486595881,-0.3589308
2017-12-28 10:40:00,-0.2140566100887935,-0.28921524
2017-12-28 10:50:00,-0.1855479994501306,-0.20196818
2017-12-28 11:00:00,-0.1469775267195635,-0.20928001
2017-12-28 11:10:00,-0.1167919404438484,-0.14895278
2017-12-28 11:20:00,-0.1151149634285313,-0.11917316
2017-12-28 11:30:00,-0.0128193613593685,-0.11347103
2017-12-28 11:40:00,-0.0027574992674638,0.0018785627
2017-12-28 11:50:00,-0.0245582018448567,-0.03218326
2017-12-28 12:00:00,-0.0379740179673961,-0.022482626
2017-12-28 12:10:00,0.0156892479010289,-0.031244598
2017-12-28 12:20:00,0.0710294921630361,0.028102372
2017-12-28 12:30:00,0.1129539189242394,0.062386975
2017-12-28 12:40:00,0.0743834461936713,0.12032509
2017-12-28 12:50:00,0.1028920554540687,0.046888
2017-12-28 13:00:00,0.0492287895856441,0.10296395
2017-12-28 13:10:00,0.0274280883865161,0.030524775
2017-12-28 13:20:00,0.0576136746622312,0.015172771
2017-12-28 13:30:00,0.0140122708857112,0.07022116
2017-12-28 13:40:00,-0.058097742151206,-0.0048930575
2017-12-28 13:50:00,-0.0782214677132814,-0.09055201
2017-12-28 14:00:00,-0.0446819260286661,-0.095275424
2017-12-28 14:10:00,-0.0530668111052532,-0.035409886
2017-12-28 14:20:00,-0.0798984447285985,-0.058015354
2017-12-28 14:30:00,-0.1100840323825785,-0.06921188
2017-12-28 14:40:00,-0.0866063527898684,-0.11365878
2017-12-28 14:50:00,-0.094991237866456,-0.08432565
2017-12-28 15:00:00,-0.0614516961818407,-0.10987969
2017-12-28 15:10:00,-0.094991237866456,-0.039315805
2017-12-28 15:20:00,-0.1201458944744837,-0.11717877
2017-12-28 15:30:00,-0.1201458944744837,-0.1523167
2017-12-28 15:40:00,-0.1453005497042458,-0.14795531
2017-12-28 15:50:00,-0.1704552063122735,-0.17136128
2017-12-28 16:00:00,-0.1486545037348806,-0.17467862
2017-12-28 16:10:00,-0.1100840323825785,-0.15533009
2017-12-28 16:20:00,-0.1167919404438484,-0.102999665
2017-12-28 16:30:00,-0.0597747191665231,-0.12034212
2017-12-28 16:40:00,0.032459019432469,-0.024123248
2017-12-28 16:50:00,0.144816482215271,0.0657671
2017-12-28 17:00:00,0.2370502208142637,0.20029286
2017-12-28 17:10:00,0.3645004781131883,0.34313455
2017-12-28 17:20:00,0.6043081995731809,0.5226337
2017-12-28 17:30:00,1.02355246580694,0.79076916
2017-12-28 17:40:00,1.412611145764985,1.1827667
2017-12-28 17:50:00,1.5149067464558823,1.4007639
2017-12-28 18:00:00,1.5182607004865176,1.4159563
2017-12-28 18:10:00,1.513229769440565,1.4256475
2017-12-28 18:20:00,1.4713053426793623,1.4541838
2017-12-28 18:30:00,1.4193190538262546,1.392511
2017-12-28 18:40:00,1.4109341687496677,1.3465359
2017-12-28 18:50:00,1.4444737104342829,1.3965195
2017-12-28 19:00:00,1.42267300785689,1.431449
2017-12-28 19:10:00,1.387456489156957,1.3907862
2017-12-28 19:20:00,1.127525044891421,1.334096
2017-12-28 19:30:00,0.8944252314926978,1.0259173
2017-12-28 19:40:00,0.8726245302935709,0.84574145
2017-12-28 19:50:00,0.8441159196549085,0.84288216
2017-12-28 20:00:00,0.8508238277161779,0.7704317
2017-12-28 20:10:00,0.9229338421313604,0.8285348
2017-12-28 20:20:00,0.8776554613395228,0.9454463
2017-12-28 20:30:00,0.911195003024138,0.85587436
2017-12-28 20:40:00,0.8608856911863486,0.8803634
2017-12-28 20:50:00,0.859208712792765,0.8164981
2017-12-28 21:00:00,0.8558547587621308,0.8450754
2017-12-28 21:10:00,0.8156073090162451,0.83644575
2017-12-28 21:20:00,0.7351124109027407,0.7828851
2017-12-28 21:30:00,0.6630023964875583,0.64823437
2017-12-28 21:40:00,0.5640607498272961,0.57964665
2017-12-28 21:50:00,0.5439370242652208,0.4837661
2017-12-28 22:00:00,0.4684730571976683,0.50903064
2017-12-28 22:10:00,0.4299025844671011,0.41664746
2017-12-28 22:20:00,0.3192220973213507,0.39465138
2017-12-28 22:30:00,0.1917718400224262,0.25600362
2017-12-28 22:40:00,0.0911532163468464,0.10742163
2017-12-28 22:50:00,0.0056273858091242,0.020242482
2017-12-28 23:00:00,-0.1335617105970236,-0.058531914
2017-12-28 23:10:00,-0.2475961517734087,-0.213481
2017-12-28 23:20:00,-0.3901392022101908,-0.30302092
2017-12-28 23:30:00,-0.475665032747913,-0.4422978
2017-12-28 23:40:00,-0.5578369092550005,-0.5116374
2017-12-28 23:50:00,-0.6601325099458979,-0.60015446
2017-12-29 00:00:00,-0.7842288132141878,-0.71183616
2017-12-29 00:10:00,-0.817768354898803,-0.87511784
2017-12-29 00:20:00,-0.9049711624518428,-0.8786426
2017-12-29 00:30:00,-0.9770811754887602,-0.965989
2017-12-29 00:40:00,-1.0374523507967202,-1.0242608
2017-12-29 00:50:00,-1.0978235247264152,-1.0639226
2017-12-29 01:00:00,-1.1347170204416652,-1.1101482
2017-12-29 01:10:00,-1.1867033092947727,-1.1643518
2017-12-29 01:20:00,-1.2118579645245349,-1.2474058
2017-12-29 01:30:00,-1.2621672777405903,-1.2476087
2017-12-29 01:40:00,-1.302414727486475,-1.2877878
2017-12-29 01:50:00,-1.3577549703702172,-1.3283353
2017-12-29 02:00:00,-1.4080642822080072,-1.4127979
2017-12-29 02:10:00,-1.4231570753458649,-1.4577187
2017-12-29 02:20:00,-1.4566966170304798,-1.4427156
2017-12-29 02:30:00,-1.4885591816997774,-1.4652658
2017-12-29 02:40:00,-1.5170677909601744,-1.4997995
2017-12-29 02:50:00,-1.5019749978223174,-1.5290105
2017-12-29 03:00:00,-1.5371915165222498,-1.5051906
2017-12-29 03:10:00,-1.555638263690742,-1.5368638
2017-12-29 03:20:00,-1.5589922177213766,-1.5560974
2017-12-29 03:30:00,-1.605947575528532,-1.5693903
2017-12-29 03:40:00,-1.6176864160140196,-1.6266541
2017-12-29 03:50:00,-1.6109785079527497,-1.6059158
2017-12-29 04:00:00,-1.6445180482590995,-1.6024251
2017-12-29 04:10:00,-1.6478720022897342,-1.6529394
2017-12-29 04:20:00,-1.6495489793050515,-1.6420681
2017-12-29 04:30:00,-1.6428410712437818,-1.6553385
2017-12-29 04:40:00,-1.6545799117292697,-1.6192307
2017-12-29 04:50:00,-1.6881194520356193,-1.6411402
2017-12-29 05:00:00,-1.6612878197905396,-1.6885862
2017-12-29 05:10:00,-1.6126554849680674,-1.6435004
2017-12-29 05:20:00,-1.6109785079527497,-1.578546
2017-12-29 05:30:00,-1.5824698973140874,-1.5948176
2017-12-29 05:40:00,-1.5321605854762974,-1.5690418
2017-12-29 05:50:00,-1.4281880063918169,-1.5215478
2017-12-29 06:00:00,-1.3661398554468047,-1.3704288
2017-12-29 06:10:00,-1.3896175350395148,-1.3283614
2017-12-29 06:20:00,-1.3510470623089477,-1.4074183
2017-12-29 06:30:00,-1.3376312448081424,-1.3723814
2017-12-29 06:40:00,-1.3309233367468725,-1.3659177
2017-12-29 06:50:00,-1.322538451670285,-1.3446832
2017-12-29 07:00:00,-1.346016131262995,-1.3247757
2017-12-29 07:10:00,-1.352724039324265,-1.3783599
2017-12-29 07:20:00,-1.346016131262995,-1.3886749
2017-12-29 07:30:00,-1.4382498698619877,-1.3994037
2017-12-29 07:40:00,-1.4818512736385077,-1.4800408
2017-12-29 07:50:00,-1.5070059288682698,-1.4910176
2017-12-29 08:00:00,-1.44328080090794,-1.5231138
2017-12-29 08:10:00,-1.3577549703702172,-1.4046714
2017-12-29 08:20:00,-1.2705521628171774,-1.2977397
2017-12-29 08:30:00,-1.1900572633254074,-1.2071325
2017-12-29 08:40:00,-1.1045314327876852,-1.1576835
2017-12-29 08:50:00,-1.030744441357185,-1.085647
2017-12-29 09:00:00,-0.98378908355003,-1.004136
2017-12-29 09:10:00,-0.893232321966355,-0.97628236
2017-12-29 09:20:00,-0.8026755603826805,-0.8702887
2017-12-29 09:30:00,-0.7288885703304455,-0.7708374
2017-12-29 09:40:00,-0.6802562341297078,-0.7083169
2017-12-29 09:50:00,-0.6115001751234257,-0.6641734
2017-12-29 10:00:00,-0.5393901607082429,-0.5874991
2017-12-29 10:10:00,-0.4790189867785482,-0.52510446
2017-12-29 10:20:00,-0.4438024680786154,-0.4643584
2017-12-29 10:30:00,-0.3784003631029685,-0.42806885
2017-12-29 10:40:00,-0.333121982311131,-0.35190207
2017-12-29 10:50:00,-0.2761047610338056,-0.3327541
2017-12-29 11:00:00,-0.281135692079758,-0.26448402
2017-12-29 11:10:00,-0.1889019534807658,-0.2834277
2017-12-29 11:20:00,-0.1603933442203684,-0.17277238
2017-12-29 11:30:00,-0.0815754217439161,-0.16998544
2017-12-29 11:40:00,-0.0346200639367609,-0.06793787
2017-12-29 11:50:00,-0.1100840323825785,-0.047387302
2017-12-29 12:00:00,-0.2039947479968888,-0.14773831
2017-12-29 12:10:00,-0.2358573112879204,-0.22748482
2017-12-29 12:20:00,-0.2425652207274559,-0.22580916
2017-12-29 12:30:00,-0.266042898941901,-0.24410602
2017-12-29 12:40:00,-0.2777817380491232,-0.2598752
2017-12-29 12:50:00,-0.3465377984336709,-0.2909623
2017-12-29 13:00:00,-0.3599536145562108,-0.3926481
2017-12-29 13:10:00,-0.3163522107796909,-0.35264215
2017-12-29 13:20:00,-0.2526270828193611,-0.28260532
2017-12-29 13:30:00,-0.2341803342726033,-0.23804334
2017-12-29 13:40:00,-0.266042898941901,-0.24700275
2017-12-29 13:50:00,-0.2425652207274559,-0.28959882
2017-12-29 14:00:00,-0.2442421977427735,-0.2537241
2017-12-29 14:10:00,-0.2543040598346787,-0.2648801
2017-12-29 14:20:00,-0.2693968529725357,-0.25906056
2017-12-29 14:30:00,-0.2526270828193611,-0.27998468
2017-12-29 14:40:00,-0.2911975555499286,-0.26207986
2017-12-29 14:50:00,-0.3498917524643056,-0.29381284
2017-12-29 15:00:00,-0.3347989593264486,-0.3442206
2017-12-29 15:10:00,-0.3498917524643056,-0.33118245
2017-12-29 15:20:00,-0.3062903486877857,-0.3616157
2017-12-29 15:30:00,-0.3431838444030357,-0.2938963
2017-12-29 15:40:00,-0.3431838444030357,-0.36478528
2017-12-29 15:50:00,-0.3565996605255755,-0.36942032
2017-12-29 16:00:00,-0.3633075685868455,-0.39266813
2017-12-29 16:10:00,-0.3633075685868455,-0.37406075
2017-12-29 16:20:00,-0.3700154766481154,-0.35564497
2017-12-29 16:30:00,-0.3700154766481154,-0.33050033
2017-12-29 16:40:00,-0.3297680269022308,-0.344888
2017-12-29 16:50:00,-0.3012594176418333,-0.29439446
2017-12-29 17:00:00,-0.2341803342726033,-0.24903503
2017-12-29 17:10:00,-0.1335617105970236,-0.15367848
2017-12-29 17:20:00,0.1716481158386158,0.064194165
2017-12-29 17:30:00,0.6160470386804032,0.41280088
2017-12-29 17:40:00,0.7552361350865511,0.81933826
2017-12-29 17:50:00,0.8038684699090228,0.76191837
2017-12-29 18:00:00,0.8172842874098287,0.7734204
2017-12-29 18:10:00,0.8575317357774473,0.7717856
2017-12-29 18:20:00,0.9028101165692848,0.8004136
2017-12-29 18:30:00,0.8776554613395228,0.87528574
2017-12-29 18:40:00,0.8743015073088886,0.8313325
2017-12-29 18:50:00,0.8307001035323686,0.87263936
2017-12-29 19:00:00,0.8021914928937052,0.81968415
2017-12-29 19:10:00,0.7904526537864829,0.81509954
2017-12-29 19:20:00,0.7619440431478205,0.7779741
2017-12-29 19:30:00,0.7552361350865511,0.7109024
2017-12-29 19:40:00,0.703249846233443,0.694497
2017-12-29 19:50:00,0.6730642585794631,0.63712627
2017-12-29 20:00:00,0.651263557380336,0.6249713
2017-12-29 20:10:00,0.7200196163866182,0.63378376
2017-12-29 20:20:00,0.7602670661325028,0.7398247
2017-12-29 20:30:00,0.7451742729946453,0.7354389
2017-12-29 20:40:00,0.7300814798567888,0.70922035
2017-12-29 20:50:00,0.6848030990649513,0.68546873
2017-12-29 21:00:00,0.6294628548029431,0.6359173
2017-12-29 21:10:00,0.5456140012805385,0.5725444
2017-12-29 21:20:00,0.530521208142681,0.4865928
2017-12-29 21:30:00,0.4936277124274305,0.4882777
2017-12-29 21:40:00,0.4315795614824188,0.45352843
2017-12-29 21:50:00,0.3645004781131883,0.38545546
2017-12-29 22:00:00,0.2638818544376085,0.2907205
2017-12-29 22:10:00,0.2051876575232311,0.17577899
2017-12-29 22:20:00,0.1481704362459063,0.15909278
2017-12-29 22:30:00,0.0877992623162112,0.11619184
2017-12-29 22:40:00,-0.0111423843440508,0.043332033
2017-12-29 22:50:00,-0.0748675136826461,-0.07255862
2017-12-29 23:00:00,-0.1385926416429759,-0.1157635
2017-12-29 23:10:00,-0.2274724262113334,-0.18152492
2017-12-29 23:20:00,-0.3079673257031033,-0.26738358
2017-12-29 23:30:00,-0.3616305915715284,-0.34598848
2017-12-29 23:40:00,-0.5360362066776081,-0.40493104
2017-12-29 23:50:00,-0.6081462210927905,-0.6072627
2017-12-30 00:00:00,-0.7255346149215454,-0.623245
2017-12-30 00:10:00,-0.8496309181898352,-0.816152
2017-12-30 00:20:00,-0.9452186108194626,-0.95044905
2017-12-30 00:30:00,-1.00726676314274,-1.0005963
2017-12-30 00:40:00,-1.086084685619193,-1.0458894
2017-12-30 00:50:00,-1.1514867905948398,-1.1191256
2017-12-30 01:00:00,-1.242043552178515,-1.1646955
2017-12-30 01:10:00,-1.2990607720775749,-1.290498
2017-12-30 01:20:00,-1.3510470623089477,-1.3711804
2017-12-30 01:30:00,-1.421480098330547,-1.3697597
2017-12-30 01:40:00,-1.4382498698619877,-1.4531143
2017-12-30 01:50:00,-1.4952670897610474,-1.4584339
2017-12-30 02:00:00,-1.5506073326447896,-1.5631442
2017-12-30 02:10:00,-1.5388684935375674,-1.5919291
2017-12-30 02:20:00,-1.5606691947366944,-1.5372858
2017-12-30 02:30:00,-1.592531759405992,-1.5820253
2017-12-30 02:40:00,-1.6193633930293372,-1.6031859
2017-12-30 02:50:00,-1.629425255121242,-1.6353737
2017-12-30 03:00:00,-1.6545799117292697,-1.6207674
2017-12-30 03:10:00,-1.6864424750203018,-1.6634674
2017-12-30 03:20:00,-1.7065662005823772,-1.6948915
2017-12-30 03:30:00,-1.7266899247661869,-1.7310262
2017-12-30 03:40:00,-1.7451366733129448,-1.72904
2017-12-30 03:50:00,-1.7551985354048494,-1.7329587
2017-12-30 04:00:00,-1.7350748098427746,-1.7612079
2017-12-30 04:10:00,-1.7468136503282623,-1.7232659
2017-12-30 04:20:00,-1.7266899247661869,-1.7560503
2017-12-30 04:30:00,-1.7233359707355518,-1.7123494
2017-12-30 04:40:00,-1.7283669017815046,-1.7191441
2017-12-30 04:50:00,-1.7401057408887268,-1.7294321
2017-12-30 05:00:00,-1.7283669017815046,-1.741684
2017-12-30 05:10:00,-1.7132741086436472,-1.7176261
2017-12-30 05:20:00,-1.7132741086436472,-1.6843208
2017-12-30 05:30:00,-1.6981813155057897,-1.7014395
2017-12-30 05:40:00,-1.6612878197905396,-1.6798646
2017-12-30 05:50:00,-1.5606691947366944,-1.6446168
2017-12-30 06:00:00,-1.4717894101683369,-1.4804575
2017-12-30 06:10:00,-1.48017429662319,-1.4341714
2017-12-30 06:20:00,-1.4919131357304125,-1.5112091
2017-12-30 06:30:00,-1.4516656859845276,-1.536704
2017-12-30 06:40:00,-1.44328080090794,-1.4666182
2017-12-30 06:50:00,-1.5204217449908095,-1.4675076
2017-12-30 07:00:00,-1.5824698973140874,-1.5660869
2017-12-30 07:10:00,-1.678057589943715,-1.6286669
2017-12-30 07:20:00,-1.7115971316283294,-1.7434921
2017-12-30 07:30:00,-1.7920920311200998,-1.7405975
2017-12-30 07:40:00,-1.8289855254570844,-1.8123035
2017-12-30 07:50:00,-1.8138927323192269,-1.8267415
2017-12-30 08:00:00,-1.7065662005823772,-1.8060308
2017-12-30 08:10:00,-1.683088520989667,-1.6390817
2017-12-30 08:20:00,-1.565700127160912,-1.6275744
2017-12-30 08:30:00,-1.518744767975492,-1.5029478
2017-12-30 08:40:00,-1.48017429662319,-1.5000377
2017-12-30 08:50:00,-1.3745247405233925,-1.4734968
2017-12-30 09:00:00,-1.2185658739640703,-1.3188876
2017-12-30 09:10:00,-1.0793767761796575,-1.1643673
2017-12-30 09:20:00,-0.9921739700048828,-1.0240499
2017-12-30 09:30:00,-0.9267718636509704,-0.93871313
2017-12-30 09:40:00,-0.8865244139050851,-0.91039914
2017-12-30 09:50:00,-0.8445999871438828,-0.8631224
2017-12-30 10:00:00,-0.7339195013763978,-0.835024
2017-12-30 10:10:00,-0.6584555329305803,-0.7041587
2017-12-30 10:20:00,-0.5980843590008857,-0.6371577
2017-12-30 10:30:00,-0.4941117799164053,-0.5711517
2017-12-30 10:40:00,-0.4706341017019607,-0.45566693
2017-12-30 10:50:00,-0.4421254910632983,-0.47722518
2017-12-30 11:00:00,-0.4002010643020955,-0.4319814
2017-12-30 11:10:00,-0.3834312941489208,-0.3970655
2017-12-30 11:20:00,-0.3549226835102584,-0.3753754
2017-12-30 11:30:00,-0.3029363946571509,-0.3532684
2017-12-30 11:40:00,-0.3062903486877857,-0.29575688
2017-12-30 11:50:00,-0.3247370958562779,-0.33682007
2017-12-30 12:00:00,-0.3314450052958134,-0.31514177
2017-12-30 12:10:00,-0.3364759363417662,-0.30496693
2017-12-30 12:20:00,-0.3280910498869132,-0.32533047
2017-12-30 12:30:00,-0.3163522107796909,-0.32259986
2017-12-30 12:40:00,-0.3146752337643732,-0.31299356
2017-12-30 12:50:00,-0.3046133716724686,-0.3112111
2017-12-30 13:00:00,-0.3280910498869132,-0.3135325
2017-12-30 13:10:00,-0.3163522107796909,-0.35038972
2017-12-30 13:20:00,-0.3264140728715955,-0.3167658
2017-12-30 13:30:00,-0.3633075685868455,-0.31841332
2017-12-30 13:40:00,-0.4018780413174131,-0.36231646
2017-12-30 13:50:00,-0.4119399034093183,-0.41870418
2017-12-30 14:00:00,-0.4203247898641708,-0.41611972
2017-12-30 14:10:00,-0.3800773401182861,-0.4025778
2017-12-30 14:20:00,-0.4186478128488537,-0.34655413
2017-12-30 14:30:00,-0.4186478128488537,-0.4218711
2017-12-30 14:40:00,-0.4488333991245682,-0.420196
2017-12-30 14:50:00,-0.5108815514478459,-0.48355103
2017-12-30 15:00:00,-0.5360362066776081,-0.52460426
2017-12-30 15:10:00,-0.5561599322396834,-0.5288787
2017-12-30 15:20:00,-0.5427441147388781,-0.5498378
2017-12-30 15:30:00,-0.5662217943315881,-0.54374355
2017-12-30 15:40:00,-0.5947304035919856,-0.59264046
2017-12-30 15:50:00,-0.6651634409918503,-0.5832319
2017-12-30 16:00:00,-0.6785792571143902,-0.67200565
2017-12-30 16:10:00,-0.6668404180071679,-0.670994
2017-12-30 16:20:00,-0.6551015788999456,-0.6748332
2017-12-30 16:30:00,-0.616531106169378,-0.63469833
2017-12-30 16:40:00,-0.5276513216010206,-0.58605945
2017-12-30 16:50:00,-0.5024966649929928,-0.47590193
2017-12-30 17:00:00,-0.4471564221092506,-0.45517287
2017-12-30 17:10:00,-0.318029187795008,-0.34470415
2017-12-30 17:20:00,-0.0446819260286661,-0.11626418
2017-12-30 17:30:00,0.4081018818897082,0.15432118
2017-12-30 17:40:00,0.5724456349038832,0.62172073
2017-12-30 17:50:00,0.6747412355947806,0.5852397
2017-12-30 18:00:00,0.6948649611568559,0.66461664
2017-12-30 18:10:00,0.703249846233443,0.6374593
2017-12-30 18:20:00,0.6982189151874912,0.61906266
2017-12-30 18:30:00,0.6965419381721736,0.665098
2017-12-30 18:40:00,0.6680333275335112,0.669846
2017-12-30 18:50:00,0.651263557380336,0.6428669
2017-12-30 19:00:00,0.6529405343956537,0.651004
2017-12-30 19:10:00,0.6529405343956537,0.65222704
2017-12-30 19:20:00,0.651263557380336,0.6396466
2017-12-30 19:30:00,0.6328168088335783,0.6049193
2017-12-30 19:40:00,0.5959233144965939,0.57298607
2017-12-30 19:50:00,0.582507496995788,0.52333766
2017-12-30 20:00:00,0.5774765659498361,0.5251589
2017-12-30 20:10:00,0.5841844740111055,0.5436539
2017-12-30 20:20:00,0.5808305199804703,0.54994327
2017-12-30 20:30:00,0.5623837728119786,0.532695
2017-12-30 20:40:00,0.5405830702345856,0.5057919
2017-12-30 20:50:00,0.5053665515346527,0.49625656
2017-12-30 21:00:00,0.4667960801823517,0.46394226
2017-12-30 21:10:00,0.3963630427824859,0.39500347
2017-12-30 21:20:00,0.3661774551285059,0.326794
2017-12-30 21:30:00,0.3225760513519859,0.30583242
2017-12-30 21:40:00,0.2253113817070414,0.28208175
2017-12-30 21:50:00,0.2085416115538663,0.15414125
2017-12-30 22:00:00,0.270589762498879,0.1245714
2017-12-30 22:10:00,0.2454351072691168,0.22937985
2017-12-30 22:20:00,0.188417885991791,0.16816095
2017-12-30 22:30:00,0.1129539189242394,0.12379704
2017-12-30 22:40:00,0.0592906516775488,0.03372679
2017-12-30 22:50:00,-0.0195272694206379,0.0031893398
2017-12-30 23:00:00,-0.1100840323825785,-0.080107026
2017-12-30 23:10:00,-0.2475961517734087,-0.18261059
2017-12-30 23:20:00,-0.3482147754489885,-0.31827623
2017-12-30 23:30:00,-0.4639261936406907,-0.44420543
2017-12-30 23:40:00,-0.5511290011937306,-0.5795594
2017-12-30 23:50:00,-0.6349778533378703,-0.6168954
