,Originales,Predichos
2017-11-24 23:40:00,-0.6161860353423114,-0.96523064
2017-11-24 23:50:00,-0.6899762519141456,-1.0440105
2017-11-25 00:00:00,-0.7917558603133754,-1.0978209
2017-11-25 00:10:00,-0.8672424033702688,-1.1448445
2017-11-25 00:20:00,-0.9613885405193368,-1.1833742
2017-11-25 00:30:00,-1.0182154881057894,-1.2147902
2017-11-25 00:40:00,-1.080131416525683,-1.2379595
2017-11-25 00:50:00,-1.1378065280437977,-1.2544926
2017-11-25 01:00:00,-1.18530367789503,-1.2615985
2017-11-25 01:10:00,-1.2930204296810972,-1.2686175
2017-11-25 01:20:00,-1.3337322735920951,-1.2756268
2017-11-25 01:30:00,-1.3532400316159323,-1.2825571
2017-11-25 01:40:00,-1.345606561744036,-1.2907827
2017-11-25 01:50:00,-1.3498473786458154,-1.3008375
2017-11-25 02:00:00,-1.40073718284543,-1.3073602
2017-11-25 02:10:00,-1.449082496628325,-1.3154361
2017-11-25 02:20:00,-1.448234332696663,-1.3234922
2017-11-25 02:30:00,-1.482160869289161,-1.3313404
2017-11-25 02:40:00,-1.4838571957742193,-1.3384901
2017-11-25 02:50:00,-1.4745273980389992,-1.3445795
2017-11-25 03:00:00,-1.5008204633813362,-1.3462683
2017-11-25 03:10:00,-1.5338988360421726,-1.3476334
2017-11-25 03:20:00,-1.532202509557114,-1.348225
2017-11-25 03:30:00,-1.556799248414392,-1.3484672
2017-11-25 03:40:00,-1.5542547579976715,-1.3496671
2017-11-25 03:50:00,-1.5440767977090546,-1.3516033
2017-11-25 04:00:00,-1.5517102675809509,-1.3577658
2017-11-25 04:10:00,-1.5381396529439515,-1.3560086
2017-11-25 04:20:00,-1.556799248414392,-1.3473865
2017-11-25 04:30:00,-1.5525584315126126,-1.3343487
2017-11-25 04:40:00,-1.548317614610834,-1.3165319
2017-11-25 04:50:00,-1.556799248414392,-1.2823886
2017-11-25 05:00:00,-1.5542547579976715,-1.1811429
2017-11-25 05:10:00,-1.506757608146439,-1.0031438
2017-11-25 05:20:00,-1.466045764235441,-0.91430265
2017-11-25 05:30:00,-1.3574808485177117,-1.0306
2017-11-25 05:40:00,-1.3676588101845937,-1.2319295
2017-11-25 05:50:00,-1.3990408549821065,-1.396186
2017-11-25 06:00:00,-1.438056372408046,-1.4062006
2017-11-25 06:10:00,-1.4533233135301036,-1.4090911
2017-11-25 06:20:00,-1.49318699350944,-1.4053509
2017-11-25 06:30:00,-1.5746106799531705,-1.3952547
2017-11-25 06:40:00,-1.6992906993463546,-1.3776373
2017-11-25 06:50:00,-1.8451748046267,-1.3537605
2017-11-25 07:00:00,-1.8129445958975248,-1.3361045
2017-11-25 07:10:00,-1.761206627766248,-1.3129257
2017-11-25 07:20:00,-1.7230392742719705,-1.2828838
2017-11-25 07:30:00,-1.7221911117185742,-1.247303
2017-11-25 07:40:00,-1.687416412572679,-1.2053086
2017-11-25 07:50:00,-1.6746939604890765,-1.15784
2017-11-25 08:00:00,-1.5712180256047878,-1.1329366
2017-11-25 08:10:00,-1.4796163788724406,-1.1030113
2017-11-25 08:20:00,-1.3422139073956536,-1.0693246
2017-11-25 08:30:00,-1.2412824629280856,-1.0284939
2017-11-25 08:40:00,-1.2183820505558662,-0.9835176
2017-11-25 08:50:00,-1.1395028545288564,-0.931975
2017-11-25 09:00:00,-1.0614718210552423,-0.905857
2017-11-25 09:10:00,-1.00464487346879,-0.867637
2017-11-25 09:20:00,-0.9384881281471172,-0.81865746
2017-11-25 09:30:00,-0.8570644417033864,-0.75879186
2017-11-25 09:40:00,-0.7493476899173189,-0.69314396
2017-11-25 09:50:00,-0.6908244158458079,-0.62268823
2017-11-25 10:00:00,-0.6501125719348096,-0.56204253
2017-11-25 10:10:00,-0.6153378727889145,-0.5084887
2017-11-25 10:20:00,-0.5602072516875205,-0.46105483
2017-11-25 10:30:00,-0.508469283556244,-0.42595097
2017-11-25 10:40:00,-0.4736945844103488,-0.4089742
2017-11-25 10:50:00,-0.4864170351156864,-0.4034049
2017-11-25 11:00:00,-0.4261974345591167,-0.43007287
2017-11-25 11:10:00,-0.362585178275899,-0.45852312
2017-11-25 11:20:00,-0.3693704855943984,-0.47793737
2017-11-25 11:30:00,-0.3456219106687825,-0.4805788
2017-11-25 11:40:00,-0.281161491832168,-0.46542552
2017-11-25 11:50:00,-0.3176325188413869,-0.46055678
2017-11-25 12:00:00,-0.3227214982965626,-0.46286878
2017-11-25 12:10:00,-0.3430774202520619,-0.45051387
2017-11-25 12:20:00,-0.3447737467371202,-0.42609224
2017-11-25 12:30:00,-0.3320512960317832,-0.3884288
2017-11-25 12:40:00,-0.336292112933562,-0.34025487
2017-11-25 12:50:00,-0.3286586430616657,-0.27873796
2017-11-25 13:00:00,-0.2701353676118892,-0.24409994
2017-11-25 13:10:00,-0.2870986365972711,-0.21764413
2017-11-25 13:20:00,-0.2574129169065521,-0.19641864
2017-11-25 13:30:00,-0.2285753611474946,-0.17572773
2017-11-25 13:40:00,-0.2285753611474946,-0.15731534
2017-11-25 13:50:00,-0.2794651653471097,-0.14350486
2017-11-25 14:00:00,-0.2506276095880522,-0.14343873
2017-11-25 14:10:00,-0.242145975784494,-0.14555347
2017-11-25 14:20:00,-0.2396014853677734,-0.15423763
2017-11-25 14:30:00,-0.2412978118528321,-0.1664865
2017-11-25 14:40:00,-0.2904912895673885,-0.17251003
2017-11-25 14:50:00,-0.3541035444723407,-0.17901349
2017-11-25 15:00:00,-0.4126268199221172,-0.18848342
2017-11-25 15:10:00,-0.3668259951776778,-0.20085075
2017-11-25 15:20:00,-0.3736113024961778,-0.21581274
2017-11-25 15:30:00,-0.4423125382345712,-0.22967395
2017-11-25 15:40:00,-0.417715799377293,-0.24152058
2017-11-25 15:50:00,-0.4024488582552348,-0.24944326
2017-11-25 16:00:00,-0.443160702166233,-0.25559664
2017-11-25 16:10:00,-0.5127101004580229,-0.26133657
2017-11-25 16:20:00,-0.4635166241217319,-0.2657359
2017-11-25 16:30:00,-0.3863337545797803,-0.26760972
2017-11-25 16:40:00,-0.281161491832168,-0.2618019
2017-11-25 16:50:00,-0.2396014853677734,-0.23254755
2017-11-25 17:00:00,-0.2039786222902164,-0.21308395
2017-11-25 17:10:00,-0.0131418575753592,-0.17692417
2017-11-25 17:20:00,0.3761651444827812,-0.089106835
2017-11-25 17:30:00,0.644184778739589,0.116209276
2017-11-25 17:40:00,0.7154305048947031,0.45895115
2017-11-25 17:50:00,0.7213676482815407,0.7494777
2017-11-25 18:00:00,0.7230639747665993,0.81914645
2017-11-25 18:10:00,0.7663203090943183,0.8842445
2017-11-25 18:20:00,0.7366345894035993,0.9367079
2017-11-25 18:30:00,0.7374827533352606,0.9720416
2017-11-25 18:40:00,0.7196713217964819,0.99331945
2017-11-25 18:50:00,0.7205194843498792,1.002419
2017-11-25 19:00:00,0.7281529556000406,1.0083163
2017-11-25 19:10:00,0.7264566291149819,1.0136836
2017-11-25 19:20:00,0.7128860144779829,1.0130875
2017-11-25 19:30:00,0.7061007071594829,1.0068083
2017-11-25 19:40:00,0.6653888632484852,0.99490774
2017-11-25 19:50:00,0.653514576474809,0.97789556
2017-11-25 20:00:00,0.6407921257694725,0.969414
2017-11-25 20:10:00,0.6306141641025901,0.962078
2017-11-25 20:20:00,0.6111064060787526,0.95151895
2017-11-25 20:30:00,0.6043210987602536,0.9342379
2017-11-25 20:40:00,0.5746353804477997,0.9067648
2017-11-25 20:50:00,0.5169602689296846,0.8686404
2017-11-25 21:00:00,0.4838818962688482,0.8246706
2017-11-25 21:10:00,0.4669186272834668,0.7510523
2017-11-25 21:20:00,0.4245104582656753,0.6442227
2017-11-25 21:30:00,0.3931284120898977,0.52258307
2017-11-25 21:40:00,0.3023749279109461,0.40437818
2017-11-25 21:50:00,0.2930451301757261,0.29387784
2017-11-25 22:00:00,0.283715333818771,0.19920734
2017-11-25 22:10:00,0.2226475679522744,0.10760072
2017-11-25 22:20:00,0.166668784297484,0.0024186336
2017-11-25 22:30:00,0.0852450978537525,-0.13019457
2017-11-25 22:40:00,0.056407542094696,-0.29350647
2017-11-25 22:50:00,-0.0589426809415337,-0.46402386
2017-11-25 23:00:00,-0.1530888180906017,-0.5893586
2017-11-25 23:10:00,-0.2599574073232722,-0.7052427
2017-11-25 23:20:00,-0.3405329298353414,-0.8256243
2017-11-25 23:30:00,-0.488961525532407,-0.94167215
2017-11-25 23:40:00,-0.5686888854910788,-1.0439945
2017-11-25 23:50:00,-0.6501125719348096,-1.1232216
2017-11-26 00:00:00,-0.7417142186671571,-1.1735219
2017-11-26 00:10:00,-0.8570644417033864,-1.2140979
2017-11-26 00:20:00,-0.941032618563838,-1.2429436
2017-11-26 00:30:00,-1.0368750835762297,-1.2639954
2017-11-26 00:40:00,-1.0580791680851254,-1.2790333
2017-11-26 00:50:00,-1.1182987700199607,-1.2906202
2017-11-26 01:00:00,-1.1411991810139146,-1.2960781
2017-11-26 01:10:00,-1.1819110249249127,-1.3021654
2017-11-26 01:20:00,-1.1793665345081925,-1.3079797
2017-11-26 01:30:00,-1.2277118482910867,-1.3142585
2017-11-26 01:40:00,-1.3091355347348173,-1.3208355
2017-11-26 01:50:00,-1.3625698293511526,-1.3277073
2017-11-26 02:00:00,-1.389711058625151,-1.3311504
2017-11-26 02:10:00,-1.40752249016393,-1.334291
2017-11-26 02:20:00,-1.4389045349614422,-1.3371279
2017-11-26 02:30:00,-1.4643494377503825,-1.3396326
2017-11-26 02:40:00,-1.4592604569169416,-1.3411645
2017-11-26 02:50:00,-1.4677420907205,-1.3428999
2017-11-26 03:00:00,-1.4745273980389992,-1.34504
2017-11-26 03:10:00,-1.473679235485603,-1.3443824
2017-11-26 03:20:00,-1.4991241368962775,-1.3439606
2017-11-26 03:30:00,-1.5042131177297189,-1.343854
2017-11-26 03:40:00,-1.512694751533277,-1.3450624
2017-11-26 03:50:00,-1.5517102675809509,-1.3475119
2017-11-26 04:00:00,-1.5559510844827302,-1.3560711
2017-11-26 04:10:00,-1.5500139410958922,-1.3555073
2017-11-26 04:20:00,-1.5491657771642302,-1.3473703
2017-11-26 04:30:00,-1.5457731241941133,-1.3333808
2017-11-26 04:40:00,-1.5542547579976715,-1.3153601
2017-11-26 04:50:00,-1.5593437388311129,-1.2889675
2017-11-26 05:00:00,-1.5355951625272308,-1.2167121
2017-11-26 05:10:00,-1.517783732366718,-1.0885834
2017-11-26 05:20:00,-1.5186318949201143,-0.9919341
2017-11-26 05:30:00,-1.402433509330489,-1.0508783
2017-11-26 05:40:00,-1.405826162300606,-1.2131106
2017-11-26 05:50:00,-1.4397526988931042,-1.3693558
2017-11-26 06:00:00,-1.4940351560628362,-1.3749615
2017-11-26 06:10:00,-1.482160869289161,-1.377055
2017-11-26 06:20:00,-1.501668627312998,-1.3748941
2017-11-26 06:30:00,-1.6102335430307273,-1.3688192
2017-11-26 06:40:00,-1.7908923474569676,-1.3592716
2017-11-26 06:50:00,-1.9070907330465927,-1.3464799
2017-11-26 07:00:00,-1.946954413025929,-1.3393034
2017-11-26 07:10:00,-1.9384727792223708,-1.3240522
2017-11-26 07:20:00,-1.9240540006537092,-1.2990745
2017-11-26 07:30:00,-1.8655307265821983,-1.2657729
2017-11-26 07:40:00,-1.8324523539213624,-1.2241303
2017-11-26 07:50:00,-1.8154890863142457,-1.1749233
2017-11-26 08:00:00,-1.7510286674776312,-1.1461784
2017-11-26 08:10:00,-1.7094686610132366,-1.1128389
2017-11-26 08:20:00,-1.698442536792958,-1.0735704
2017-11-26 08:30:00,-1.633133954024682,-1.0290091
2017-11-26 08:40:00,-1.5389878168756133,-0.97852045
2017-11-26 08:50:00,-1.4431453518632216,-0.9224488
2017-11-26 09:00:00,-1.39140738511021,-0.89528805
2017-11-26 09:10:00,-1.309983698666479,-0.8564693
2017-11-26 09:20:00,-1.2514604232167026,-0.8072931
2017-11-26 09:30:00,-1.1691885742195751,-0.74814576
2017-11-26 09:40:00,-1.0572310041534636,-0.68126553
2017-11-26 09:50:00,-1.0182154881057894,-0.6106646
2017-11-26 10:00:00,-0.950362416299058,-0.55948645
2017-11-26 10:10:00,-0.863001585090224,-0.5100899
2017-11-26 10:20:00,-0.7934521867984341,-0.46023932
2017-11-26 10:30:00,-0.7824260625781553,-0.41642252
2017-11-26 10:40:00,-0.6908244158458079,-0.3883992
2017-11-26 10:50:00,-0.6255158330775314,-0.3791154
2017-11-26 11:00:00,-0.628908487425914,-0.4077452
2017-11-26 11:10:00,-0.5610554142409174,-0.43536577
2017-11-26 11:20:00,-0.4957468328509065,-0.45003924
2017-11-26 11:30:00,-0.5016839762377441,-0.44494084
2017-11-26 11:40:00,-0.5118619379046265,-0.4208744
2017-11-26 11:50:00,-0.4940505063658477,-0.40733835
2017-11-26 12:00:00,-0.4762390748270694,-0.4045569
2017-11-26 12:10:00,-0.4592758072199531,-0.39512244
2017-11-26 12:20:00,-0.4448570286512918,-0.3801497
2017-11-26 12:30:00,-0.4245011066957924,-0.3551511
2017-11-26 12:40:00,-0.3642815061392227,-0.31998286
2017-11-26 12:50:00,-0.2904912895673885,-0.28143036
2017-11-26 13:00:00,-0.2591092433916104,-0.2691978
2017-11-26 13:10:00,-0.3057582306894462,-0.26143858
2017-11-26 13:20:00,-0.3269623165766074,-0.2564164
2017-11-26 13:30:00,-0.2930357799841087,-0.25410196
2017-11-26 13:40:00,-0.2837059822488886,-0.25016466
2017-11-26 13:50:00,-0.3201770092581075,-0.24442807
2017-11-26 14:00:00,-0.258261080838214,-0.258833
2017-11-26 14:10:00,-0.277768838862051,-0.27183256
2017-11-26 14:20:00,-0.3608888517908402,-0.27872536
2017-11-26 14:30:00,-0.3888782436182354,-0.2837716
2017-11-26 14:40:00,-0.404145186118559,-0.2839209
2017-11-26 14:50:00,-0.4592758072199531,-0.2803916
2017-11-26 15:00:00,-0.4932023424341858,-0.28670225
2017-11-26 15:10:00,-0.4948986689192446,-0.29299584
2017-11-26 15:20:00,-0.521191734261581,-0.2952132
2017-11-26 15:30:00,-0.576322355362975,-0.29067805
2017-11-26 15:40:00,-0.5805631736430199,-0.28280863
2017-11-26 15:50:00,-0.5254325525416259,-0.2685499
2017-11-26 16:00:00,-0.517799081291464,-0.25577965
2017-11-26 16:10:00,-0.5356105128302423,-0.24029559
2017-11-26 16:20:00,-0.5890448074465781,-0.21961328
2017-11-26 16:30:00,-0.5669925590060205,-0.1904014
2017-11-26 16:40:00,-0.4898096894640689,-0.15113682
2017-11-26 16:50:00,-0.4211084537256754,-0.09331796
2017-11-26 17:00:00,-0.2989729233709468,-0.04178015
2017-11-26 17:10:00,-0.1098324851411483,0.021148376
2017-11-26 17:20:00,0.329516157184945,0.1143758
2017-11-26 17:30:00,0.572939052584475,0.2729892
2017-11-26 17:40:00,0.6798076418171465,0.52628064
2017-11-26 17:50:00,0.7332419364334818,0.8267806
2017-11-26 18:00:00,0.7722574524811557,0.94239473
2017-11-26 18:10:00,0.7603831643292146,1.0556214
2017-11-26 18:20:00,0.7764982693829346,1.1508051
2017-11-26 18:30:00,0.7476607136238781,1.216127
2017-11-26 18:40:00,0.7205194843498792,1.2464405
2017-11-26 18:50:00,0.7281529556000406,1.2446965
2017-11-26 19:00:00,0.7739537789662145,1.2301495
2017-11-26 19:10:00,0.7824354127697722,1.2177508
2017-11-26 19:20:00,0.7671684716477146,1.2022822
2017-11-26 19:30:00,0.7739537789662145,1.1806059
2017-11-26 19:40:00,0.7909170479515959,1.1560035
2017-11-26 19:50:00,0.7934615369900511,1.1299103
2017-11-26 20:00:00,0.7637758186775971,1.1048722
2017-11-26 20:10:00,0.738330915888657,1.0826617
2017-11-26 20:20:00,0.6942264190075418,1.06644
2017-11-26 20:30:00,0.6645407006950879,1.0493546
2017-11-26 20:40:00,0.6484255956413688,1.026777
2017-11-26 20:50:00,0.598383955373415,0.9970965
2017-11-26 21:00:00,0.533923536536801,0.958608
2017-11-26 21:10:00,0.4932116940040682,0.88833606
2017-11-26 21:20:00,0.4669186272834668,0.77497166
2017-11-26 21:30:00,0.4117880061820728,0.6403125
2017-11-26 21:40:00,0.3693798371642813,0.5093298
2017-11-26 21:50:00,0.3320606476016661,0.3882392
2017-11-26 22:00:00,0.2667520648333896,0.28629166
2017-11-26 22:10:00,0.2167104245654368,0.18803632
2017-11-26 22:20:00,0.1420720454402053,0.086304024
2017-11-26 22:30:00,0.0199365150854771,-0.03135287
2017-11-26 22:40:00,-0.0809949293820913,-0.17814204
2017-11-26 22:50:00,-0.1742929039777624,-0.34601024
2017-11-26 23:00:00,-0.2633500602933897,-0.48083892
2017-11-26 23:10:00,-0.3498627275705614,-0.60400236
2017-11-26 23:20:00,-0.4406162117495124,-0.7475292
2017-11-26 23:30:00,-0.5483329635355799,-0.8840384
2017-11-26 23:40:00,-0.6797982916255291,-0.9916372
2017-11-26 23:50:00,-0.7595256502059359,-1.0691733
2017-11-27 00:00:00,-0.8350121932628287,-1.1148146
2017-11-27 00:10:00,-0.8918391408492815,-1.1518447
2017-11-27 00:20:00,-0.9291583304118968,-1.1809095
2017-11-27 00:30:00,-1.03008977625773,-1.2027267
2017-11-27 00:40:00,-1.0614718210552423,-1.2193915
2017-11-27 00:50:00,-1.114906115671578,-1.2343916
2017-11-27 01:00:00,-1.1759738815380751,-1.2446592
2017-11-27 01:10:00,-1.2175338880024698,-1.2563194
2017-11-27 01:20:00,-1.225167357874366,-1.267891
2017-11-27 01:30:00,-1.255701240118482,-1.2802291
2017-11-27 01:40:00,-1.2709681812405396,-1.2929903
2017-11-27 01:50:00,-1.3125281890831997,-1.3046354
2017-11-27 02:00:00,-1.340517580910595,-1.3115962
2017-11-27 02:10:00,-1.3922555476636065,-1.3185416
2017-11-27 02:20:00,-1.4329673915746046,-1.324387
2017-11-27 02:30:00,-1.456715966500221,-1.3304423
2017-11-27 02:40:00,-1.4711347450688823,-1.336935
2017-11-27 02:50:00,-1.4872498487443369,-1.3432599
2017-11-27 03:00:00,-1.5050612802831151,-1.3462256
2017-11-27 03:10:00,-1.532202509557114,-1.3492199
2017-11-27 03:20:00,-1.5737625160215083,-1.352256
2017-11-27 03:30:00,-1.5881812945901697,-1.3558902
2017-11-27 03:40:00,-1.556799248414392,-1.3597275
2017-11-27 03:50:00,-1.5517102675809509,-1.3629605
2017-11-27 04:00:00,-1.5551029219293333,-1.3721313
2017-11-27 04:10:00,-1.5440767977090546,-1.373005
2017-11-27 04:20:00,-1.5432286337773926,-1.3663365
2017-11-27 04:30:00,-1.5254172022386143,-1.3549122
2017-11-27 04:40:00,-1.4965796464795569,-1.3374312
2017-11-27 04:50:00,-1.485553522259278,-1.310146
2017-11-27 05:00:00,-1.4601086208486034,-1.249986
2017-11-27 05:10:00,-1.4592604569169416,-1.1582155
2017-11-27 05:20:00,-1.431271065089546,-1.0933923
2017-11-27 05:30:00,-1.331187783175375,-1.1356056
2017-11-27 05:40:00,-1.3260988023419336,-1.2544382
2017-11-27 05:50:00,-1.38207758737499,-1.3761064
2017-11-27 06:00:00,-1.3735959535714313,-1.3780855
2017-11-27 06:10:00,-1.365114319767873,-1.3762835
2017-11-27 06:20:00,-1.38462207779171,-1.3715405
2017-11-27 06:30:00,-1.4185486143842088,-1.3623657
2017-11-27 06:40:00,-1.5101502611165565,-1.3495941
2017-11-27 06:50:00,-1.5703698630513916,-1.3328815
2017-11-27 07:00:00,-1.4787682149407786,-1.3233367
2017-11-27 07:10:00,-1.4177004504525466,-1.3097452
2017-11-27 07:20:00,-1.3744441175030937,-1.2908261
2017-11-27 07:30:00,-1.3176171685383755,-1.2655979
2017-11-27 07:40:00,-1.2726645091038638,-1.2329518
2017-11-27 07:50:00,-1.2667273643387609,-1.1905402
2017-11-27 08:00:00,-1.2031151094338086,-1.1625868
2017-11-27 08:10:00,-1.0835240694958,-1.1272086
2017-11-27 08:20:00,-0.980048134611512,-1.0828925
2017-11-27 08:30:00,-1.0758905996239037,-1.033633
2017-11-27 08:40:00,-0.875724037173827,-0.9784841
2017-11-27 08:50:00,-0.8384048476112111,-0.9145606
2017-11-27 09:00:00,-0.7417142186671571,-0.8729792
2017-11-27 09:10:00,-0.8918391408492815,-0.81971294
2017-11-27 09:20:00,-1.220926540972587,-0.7595314
2017-11-27 09:30:00,-1.21074858068397,-0.691427
2017-11-27 09:40:00,-1.1683404102879134,-0.62177724
2017-11-27 09:50:00,-1.0903093768143,-0.5491389
2017-11-27 10:00:00,-1.0504456968349636,-0.4947016
2017-11-27 10:10:00,-0.9274620039268384,-0.4458526
2017-11-27 10:20:00,-0.8273787233909324,-0.3986277
2017-11-27 10:30:00,-0.7764889191913177,-0.35852167
2017-11-27 10:40:00,-0.7400178921820989,-0.32658824
2017-11-27 10:50:00,-0.6670758395419261,-0.3057761
2017-11-27 11:00:00,-0.6323011403960315,-0.3103259
2017-11-27 11:10:00,-0.6009190942202532,-0.30879596
2017-11-27 11:20:00,-0.6127933823721939,-0.29396585
2017-11-27 11:30:00,-0.5966782773184744,-0.26121393
2017-11-27 11:40:00,-0.5907411339316363,-0.21584311
2017-11-27 11:50:00,-0.6009190942202532,-0.18198109
2017-11-27 12:00:00,-0.6297566499793108,-0.16264316
2017-11-27 12:10:00,-0.5805631736430199,-0.1389071
2017-11-27 12:20:00,-0.5585109252024623,-0.10891495
2017-11-27 12:30:00,-0.5432439827021387,-0.078350164
2017-11-27 12:40:00,-0.5016839762377441,-0.044873938
2017-11-27 12:50:00,-0.4618202962584082,-0.013529837
2017-11-27 13:00:00,-0.4601239697733494,0.00042140484
2017-11-27 13:10:00,-0.443160702166233,0.0044639893
2017-11-27 13:20:00,-0.4601239697733494,-0.014862023
2017-11-27 13:30:00,-0.5127101004580229,-0.055504844
2017-11-27 13:40:00,-0.5415476562170805,-0.11088989
2017-11-27 13:50:00,-0.5729297023928581,-0.17310053
2017-11-27 14:00:00,-0.5457884731188593,-0.24550119
2017-11-27 14:10:00,-0.5152545908747435,-0.31769454
2017-11-27 14:20:00,-0.5415476562170805,-0.3852925
2017-11-27 14:30:00,-0.6373901212294721,-0.43877456
2017-11-27 14:40:00,-0.6110970558871357,-0.49300757
2017-11-27 14:50:00,-0.6034635846369739,-0.5401836
2017-11-27 15:00:00,-0.6144897088572526,-0.5861599
2017-11-27 15:10:00,-0.4389198852644537,-0.6209887
2017-11-27 15:20:00,-0.3812447737463391,-0.64240617
2017-11-27 15:30:00,-0.4321345779459543,-0.6619155
2017-11-27 15:40:00,-0.4100823295053966,-0.68100303
2017-11-27 15:50:00,-0.4474015190680119,-0.70253295
2017-11-27 16:00:00,-0.4380717213327918,-0.7206126
2017-11-27 16:10:00,-0.3286586430616657,-0.7439265
2017-11-27 16:20:00,-0.2701353676118892,-0.7631186
2017-11-27 16:30:00,-0.2082194391919957,-0.7765981
2017-11-27 16:40:00,-0.1157696285279859,-0.7790554
2017-11-27 16:50:00,-0.0513092110696373,-0.76130813
2017-11-27 17:00:00,0.0988157111124864,-0.73069036
2017-11-27 17:10:00,0.3456312608603999,-0.6740506
2017-11-27 17:20:00,0.745116223207157,-0.57566136
2017-11-27 17:30:00,0.9987170802735694,-0.41364452
2017-11-27 17:40:00,1.043669741086347,-0.15887421
2017-11-27 17:50:00,1.1038893430211822,0.18097098
2017-11-27 18:00:00,1.062329335178522,0.38476488
2017-11-27 18:10:00,1.0606330086934634,0.5577369
2017-11-27 18:20:00,1.0453660675714058,0.6918325
2017-11-27 18:30:00,1.0368844337678471,0.7884442
2017-11-27 18:40:00,1.0241619830625095,0.8478014
2017-11-27 18:50:00,1.0317954529344058,0.87900037
2017-11-27 19:00:00,0.9876909560532906,0.8866396
2017-11-27 19:10:00,0.9690313619611156,0.8857592
2017-11-27 19:20:00,0.9444346231038376,0.8768032
2017-11-27 19:30:00,0.8799742042672237,0.8642896
2017-11-27 19:40:00,0.8647072631451651,0.8489242
2017-11-27 19:50:00,0.8765815512971062,0.8347928
2017-11-27 20:00:00,0.8239954206124324,0.83057755
2017-11-27 20:10:00,0.8630109366601063,0.8235517
2017-11-27 20:20:00,0.8358697073861084,0.8130033
2017-11-27 20:30:00,0.8087284781121097,0.79955524
2017-11-27 20:40:00,0.8104248059754334,0.7790283
2017-11-27 20:50:00,0.786676229671552,0.74925625
2017-11-27 21:00:00,0.7239121386982618,0.7149121
2017-11-27 21:10:00,0.6543627390282064,0.6499336
2017-11-27 21:20:00,0.5670019091976374,0.5585364
2017-11-27 21:30:00,0.4957561830425234,0.4659428
2017-11-27 21:40:00,0.4474108692596293,0.3845404
2017-11-27 21:50:00,0.3583537129440025,0.31748942
2017-11-27 22:00:00,0.2692965552501097,0.2646211
2017-11-27 22:10:00,0.2234957318839358,0.19627246
2017-11-27 22:20:00,0.1369830646067641,0.10402265
2017-11-27 22:30:00,0.033507129722476,-0.0074229315
2017-11-27 22:40:00,-0.0216234913789179,-0.13235131
2017-11-27 22:50:00,-0.151392491605543,-0.26057175
2017-11-27 23:00:00,-0.2523239360731109,-0.3570072
2017-11-27 23:10:00,-0.3574961988207232,-0.4487283
2017-11-27 23:20:00,-0.4736945844103488,-0.5479489
2017-11-27 23:30:00,-0.5491811274672417,-0.65474534
2017-11-27 23:40:00,-0.6077044015387533,-0.76091975
2017-11-27 23:50:00,-0.7077876834529243,-0.8557506
2017-11-28 00:00:00,-0.8231379064891535,-0.92868835
2017-11-28 00:10:00,-0.8723313828254444,-0.99285334
2017-11-28 00:20:00,-0.9715665008079536,-1.0513867
2017-11-28 00:30:00,-1.0292416123260684,-1.1037432
2017-11-28 00:40:00,-1.0903093768143,-1.1483241
2017-11-28 00:50:00,-1.125932239891857,-1.1852252
2017-11-28 01:00:00,-1.175125717606413,-1.2100112
2017-11-28 01:10:00,-1.2132930711006904,-1.2331082
2017-11-28 01:20:00,-1.281146142907422,-1.2533789
2017-11-28 01:30:00,-1.3354286000771542,-1.2707443
2017-11-28 01:40:00,-1.3583290124493737,-1.2865485
2017-11-28 01:50:00,-1.376140443988152,-1.3020447
2017-11-28 02:00:00,-1.3998890189137685,-1.3122388
2017-11-28 02:10:00,-1.4168522865208846,-1.3222501
2017-11-28 02:20:00,-1.4329673915746046,-1.330531
2017-11-28 02:30:00,-1.47707188845572,-1.3382396
2017-11-28 02:40:00,-1.5008204633813362,-1.3450435
2017-11-28 02:50:00,-1.5135429140866732,-1.3512732
2017-11-28 03:00:00,-1.5423804698457309,-1.3541775
2017-11-28 03:10:00,-1.5847886402417872,-1.3562847
2017-11-28 03:20:00,-1.5703698630513916,-1.3578957
2017-11-28 03:30:00,-1.5703698630513916,-1.3590118
2017-11-28 03:40:00,-1.5695216991197296,-1.3593684
2017-11-28 03:50:00,-1.566977208703009,-1.3591274
2017-11-28 04:00:00,-1.5813959872716703,-1.3661016
2017-11-28 04:10:00,-1.5958147644620662,-1.3648156
2017-11-28 04:20:00,-1.6102335430307273,-1.3561295
2017-11-28 04:30:00,-1.5941184379770073,-1.3421613
2017-11-28 04:40:00,-1.561888229247833,-1.3215479
2017-11-28 04:50:00,-1.5457731241941133,-1.2846149
2017-11-28 05:00:00,-1.503364953798057,-1.1939886
2017-11-28 05:10:00,-1.5008204633813362,-1.0460093
2017-11-28 05:20:00,-1.476223724524058,-0.93716747
2017-11-28 05:30:00,-1.371899627086373,-0.99538094
2017-11-28 05:40:00,-1.3286432927586542,-1.1722165
2017-11-28 05:50:00,-1.3829257513066515,-1.3527516
2017-11-28 06:00:00,-1.3778367704732106,-1.3556443
2017-11-28 06:10:00,-1.340517580910595,-1.3522865
2017-11-28 06:20:00,-1.355784522032653,-1.341028
2017-11-28 06:30:00,-1.4168522865208846,-1.322853
2017-11-28 06:40:00,-1.47707188845572,-1.2979491
2017-11-28 06:50:00,-1.5355951625272308,-1.2638445
2017-11-28 07:00:00,-1.4389045349614422,-1.2433654
2017-11-28 07:10:00,-1.40073718284543,-1.2203999
2017-11-28 07:20:00,-1.338821254425537,-1.1917977
2017-11-28 07:30:00,-1.2879314502259214,-1.1571155
2017-11-28 07:40:00,-1.2828424693924807,-1.1193384
2017-11-28 07:50:00,-1.283690633324143,-1.0791304
2017-11-28 08:00:00,-1.2039632733654704,-1.0620923
2017-11-28 08:10:00,-1.0886130503292413,-1.0393554
2017-11-28 08:20:00,-1.0504456968349636,-1.010387
2017-11-28 08:30:00,-0.9953150757335696,-0.9757249
2017-11-28 08:40:00,-0.9401844546321756,-0.9329991
2017-11-28 08:50:00,-0.8468864814147694,-0.881677
2017-11-28 09:00:00,-0.7900595338283172,-0.8511953
2017-11-28 09:10:00,-0.748499525985657,-0.8067617
2017-11-28 09:20:00,-0.7756407552596558,-0.75225943
2017-11-28 09:30:00,-0.6882799254290873,-0.6918914
2017-11-28 09:40:00,-0.583107662681475,-0.62587947
2017-11-28 09:50:00,-0.5101656100413022,-0.55598694
2017-11-28 10:00:00,-0.4881133616007446,-0.49698666
2017-11-28 10:10:00,-0.4524904999014531,-0.43726617
2017-11-28 10:20:00,-0.4228047802107342,-0.3786874
2017-11-28 10:30:00,-0.3176325188413869,-0.32658967
2017-11-28 10:40:00,-0.3201770092581075,-0.2863311
2017-11-28 10:50:00,-0.2786170014154474,-0.25874487
2017-11-28 11:00:00,-0.2370569949510527,-0.25456077
2017-11-28 11:10:00,-0.2133084200254369,-0.24766621
2017-11-28 11:20:00,-0.1776855569478799,-0.23332763
2017-11-28 11:30:00,-0.141214531316926,-0.21105531
2017-11-28 11:40:00,-0.0996545248525314,-0.17998102
2017-11-28 11:50:00,-0.1200104454297653,-0.15853608
2017-11-28 12:00:00,-0.1361255504834853,-0.15026084
2017-11-28 12:10:00,-0.0682724786767537,-0.13721555
2017-11-28 12:20:00,-0.0835394197988114,-0.11625082
2017-11-28 12:30:00,-0.0979581969892077,-0.08928893
2017-11-28 12:40:00,-0.0445239037511374,-0.06084209
2017-11-28 12:50:00,0.0250254959189173,-0.028468616
2017-11-28 13:00:00,0.0487740708445336,-0.012307994
2017-11-28 13:10:00,0.0419887635260347,4.310906e-05
2017-11-28 13:20:00,0.0131512077669771,0.004642017
2017-11-28 13:30:00,-0.0377385964326379,0.004604675
2017-11-28 13:40:00,-0.1310365696500441,0.0039225966
2017-11-28 13:50:00,-0.2107639296087163,0.0044945367
2017-11-28 14:00:00,-0.2200937273439364,-0.005246751
2017-11-28 14:10:00,-0.2294235250791564,-0.02037143
2017-11-28 14:20:00,-0.2472349566179352,-0.03655479
2017-11-28 14:30:00,-0.251475773519714,-0.05188103
2017-11-28 14:40:00,-0.2480831191713316,-0.06835758
2017-11-28 14:50:00,-0.2362088323976564,-0.08789658
2017-11-28 15:00:00,-0.2141565839570988,-0.113212846
2017-11-28 15:10:00,-0.167507596659263,-0.14182714
2017-11-28 15:20:00,-0.1938006620015994,-0.16744584
2017-11-28 15:30:00,-0.2005859693200994,-0.18732509
2017-11-28 15:40:00,-0.206523112706937,-0.20215821
2017-11-28 15:50:00,-0.1785337208795418,-0.21201685
2017-11-28 16:00:00,-0.2022822958051581,-0.22036415
2017-11-28 16:10:00,-0.2251827081773776,-0.22617987
2017-11-28 16:20:00,-0.2014341318734958,-0.22900024
2017-11-28 16:30:00,-0.2234863803140533,-0.23042056
2017-11-28 16:40:00,-0.0818430933137532,-0.21979275
2017-11-28 16:50:00,-0.0131418575753592,-0.18511689
2017-11-28 17:00:00,0.1005120389758112,-0.15362245
2017-11-28 17:10:00,0.3337569740867238,-0.09051139
2017-11-28 17:20:00,0.7137341784096443,0.045601573
2017-11-28 17:30:00,0.972424014931233,0.3065733
2017-11-28 17:40:00,1.0453660675714058,0.6532003
2017-11-28 17:50:00,1.1004966886727998,0.93300194
2017-11-28 18:00:00,1.0546958653066258,1.0095732
2017-11-28 18:10:00,1.011439532357172,1.0740052
2017-11-28 18:20:00,1.0055023875920694,1.1228379
2017-11-28 18:30:00,1.0080468780087894,1.1491419
2017-11-28 18:40:00,1.0122876949105692,1.1429682
2017-11-28 18:50:00,0.9927799368867318,1.1085957
2017-11-28 19:00:00,0.972424014931233,1.0703316
2017-11-28 19:10:00,0.9647905450593366,1.0320078
2017-11-28 19:20:00,0.9622460546426156,0.9985404
2017-11-28 19:30:00,0.8994819622910601,0.9690715
2017-11-28 19:40:00,0.8655554270768274,0.9452335
2017-11-28 19:50:00,0.8825186946839438,0.9228923
2017-11-28 20:00:00,0.862162772728445,0.9134982
2017-11-28 20:10:00,0.8502884859547698,0.90473837
2017-11-28 20:20:00,0.8613146101750486,0.89598256
2017-11-28 20:30:00,0.7671684716477146,0.8833036
2017-11-28 20:40:00,0.7035562167427629,0.86044234
2017-11-28 20:50:00,0.6602998837933091,0.8230278
2017-11-28 21:00:00,0.5805725238346373,0.7780281
2017-11-28 21:10:00,0.5576721114624174,0.7018764
2017-11-28 21:20:00,0.5288345557033598,0.5976235
2017-11-28 21:30:00,0.5254419027332433,0.4875938
2017-11-28 21:40:00,0.4363847450393505,0.3859444
2017-11-28 21:50:00,0.3592018754973989,0.29175296
2017-11-28 22:00:00,0.2709928817351685,0.21097904
2017-11-28 22:10:00,0.1802393975562179,0.11966137
2017-11-28 22:20:00,0.127653266871544,0.0057496913
2017-11-28 22:30:00,0.0241773319872559,-0.12499235
2017-11-28 22:40:00,-0.066576152191695,-0.26834387
2017-11-28 22:50:00,-0.1870153546831,-0.40370104
2017-11-28 23:00:00,-0.2743761845136686,-0.501103
2017-11-28 23:10:00,-0.3693704855943984,-0.5896899
2017-11-28 23:20:00,-0.4719982579252901,-0.67578214
2017-11-28 23:30:00,-0.5406994936636835,-0.7611492
2017-11-28 23:40:00,-0.6212750161757526,-0.846517
2017-11-28 23:50:00,-0.7026987026194831,-0.9224746
2017-11-29 00:00:00,-0.8536717887332693,-0.9793822
2017-11-29 00:10:00,-0.9257656774417796,-1.0330943
2017-11-29 00:20:00,-0.9953150757335696,-1.0823323
2017-11-29 00:30:00,-1.0385714100612884,-1.128544
2017-11-29 00:40:00,-1.1123616252548576,-1.170743
2017-11-29 00:50:00,-1.150528978749135,-1.2046981
2017-11-29 01:00:00,-1.205659599850529,-1.2253877
2017-11-29 01:10:00,-1.261638384883585,-1.2448174
2017-11-29 01:20:00,-1.321009822886758,-1.2622808
2017-11-29 01:30:00,-1.3574808485177117,-1.2772965
2017-11-29 01:40:00,-1.3583290124493737,-1.2907068
2017-11-29 01:50:00,-1.3769886065415489,-1.3040751
2017-11-29 02:00:00,-1.411763307065709,-1.313322
2017-11-29 02:10:00,-1.4278784107411635,-1.3228534
2017-11-29 02:20:00,-1.4584122929852792,-1.331901
2017-11-29 02:30:00,-1.4601086208486034,-1.3396817
2017-11-29 02:40:00,-1.4397526988931042,-1.3467592
2017-11-29 02:50:00,-1.457564130431883,-1.3535465
2017-11-29 03:00:00,-1.4796163788724406,-1.3574157
2017-11-29 03:10:00,-1.4999723008279393,-1.361123
2017-11-29 03:20:00,-1.492338829577778,-1.364152
2017-11-29 03:30:00,-1.521176385336835,-1.3666381
2017-11-29 03:40:00,-1.532202509557114,-1.3680407
2017-11-29 03:50:00,-1.5830923137567283,-1.3704176
2017-11-29 04:00:00,-1.5847886402417872,-1.3785383
2017-11-29 04:10:00,-1.5788514968549496,-1.3804294
2017-11-29 04:20:00,-1.561040065316171,-1.3773237
2017-11-29 04:30:00,-1.5551029219293333,-1.3702055
2017-11-29 04:40:00,-1.5695216991197296,-1.3574573
2017-11-29 04:50:00,-1.5508621050275544,-1.3352617
2017-11-29 05:00:00,-1.522872711821894,-1.2812234
2017-11-29 05:10:00,-1.5237208757535556,-1.1918396
2017-11-29 05:20:00,-1.4999723008279393,-1.1312454
2017-11-29 05:30:00,-1.405826162300606,-1.1908923
2017-11-29 05:40:00,-1.3617216654194906,-1.3106288
2017-11-29 05:50:00,-1.371899627086373,-1.4133873
2017-11-29 06:00:00,-1.366810646252932,-1.418856
2017-11-29 06:10:00,-1.3074392082497586,-1.4207908
2017-11-29 06:20:00,-1.3125281890831997,-1.4185394
2017-11-29 06:30:00,-1.345606561744036,-1.4113363
2017-11-29 06:40:00,-1.3973445284970476,-1.3963716
2017-11-29 06:50:00,-1.47707188845572,-1.3737757
2017-11-29 07:00:00,-1.4431453518632216,-1.3535932
2017-11-29 07:10:00,-1.431271065089546,-1.3250823
2017-11-29 07:20:00,-1.4236375938393846,-1.2873006
2017-11-29 07:30:00,-1.3888628946934891,-1.2407717
2017-11-29 07:40:00,-1.3880147307618276,-1.1872951
2017-11-29 07:50:00,-1.3685069727379906,-1.1301575
2017-11-29 08:00:00,-1.236193482094645,-1.10103
2017-11-29 08:10:00,-1.1395028545288564,-1.0723227
2017-11-29 08:20:00,-1.09963917454952,-1.0412503
2017-11-29 08:30:00,-1.040267736546347,-1.0080172
2017-11-29 08:40:00,-0.9647811934894538,-0.9721119
2017-11-29 08:50:00,-0.7476513634322601,-0.9297764
2017-11-29 09:00:00,-0.6942170688159249,-0.9088612
2017-11-29 09:10:00,-0.6297566499793108,-0.87492603
2017-11-29 09:20:00,-0.5669925590060205,-0.8302992
2017-11-29 09:30:00,-0.5110137739729647,-0.7715872
2017-11-29 09:40:00,-0.4728464204786869,-0.70101565
2017-11-29 09:50:00,-0.4609721337050113,-0.6176668
2017-11-29 10:00:00,-0.398208041353456,-0.5437282
2017-11-29 10:10:00,-0.3371402768652239,-0.46973875
2017-11-29 10:20:00,-0.2633500602933897,-0.39886525
2017-11-29 10:30:00,-0.2650463881567135,-0.3335525
2017-11-29 10:40:00,-0.1666594327276011,-0.2793663
2017-11-29 10:50:00,-0.1267957527482647,-0.23893628
2017-11-29 11:00:00,-0.0623353352899161,-0.22654495
2017-11-29 11:10:00,0.0318108032374173,-0.21568146
2017-11-29 11:20:00,0.0750671361868711,-0.20307574
2017-11-29 11:30:00,0.10475285587759,-0.1872566
2017-11-29 11:40:00,0.1395275550234852,-0.16500536
2017-11-29 11:50:00,0.182783887972938,-0.15754417
2017-11-29 12:00:00,0.1488573527587053,-0.16028225
2017-11-29 12:10:00,0.3134010521312249,-0.15853679
2017-11-29 12:20:00,0.3702279997176776,-0.14915481
2017-11-29 12:30:00,0.3795577974528977,-0.13234979
2017-11-29 12:40:00,0.3592018754973989,-0.109455444
2017-11-29 12:50:00,0.3558092225272814,-0.07531389
2017-11-29 13:00:00,0.3473275887237237,-0.05018553
2017-11-29 13:10:00,0.3498720791404438,-0.020163633
2017-11-29 13:20:00,0.3422386078902825,0.013635855
2017-11-29 13:30:00,0.2981341110091673,0.04569452
2017-11-29 13:40:00,0.2396108369376558,0.07397252
2017-11-29 13:50:00,0.1878728688063792,0.09210959
2017-11-29 14:00:00,0.0945748942107076,0.090205096
2017-11-29 14:10:00,0.0148475342520359,0.07858013
2017-11-29 14:20:00,0.0360516201391961,0.06369458
2017-11-29 14:30:00,-0.0038120598401392,0.04469238
2017-11-29 14:40:00,-0.0165345105454767,0.022744473
2017-11-29 14:50:00,-0.0029638959084778,-0.0056799725
2017-11-29 15:00:00,-0.0580945170098713,-0.03589937
2017-11-29 15:10:00,-0.066576152191695,-0.06322143
2017-11-29 15:20:00,-0.0326496155991967,-0.08477373
2017-11-29 15:30:00,-0.0122936936436979,-0.09731514
2017-11-29 15:40:00,-0.0402830868493585,-0.10024909
2017-11-29 15:50:00,0.0046695739634184,-0.094148405
2017-11-29 16:00:00,0.0843969339220912,-0.08914026
2017-11-29 16:10:00,0.1301977572882651,-0.07658366
2017-11-29 16:20:00,0.1446165358569264,-0.052530847
2017-11-29 16:30:00,0.1446165358569264,-0.011066847
2017-11-29 16:40:00,0.2243438944373331,0.0447231
2017-11-29 16:50:00,0.2938932941073884,0.12936589
2017-11-29 17:00:00,0.3524165681788989,0.19534239
2017-11-29 17:10:00,0.4864263866855693,0.2804609
2017-11-29 17:20:00,0.9181415577615004,0.42326325
2017-11-29 17:30:00,1.1386640421670764,0.71536773
2017-11-29 17:40:00,1.1878575198816328,1.1777936
2017-11-29 17:50:00,1.1878575198816328,1.5282248
2017-11-29 18:00:00,1.1479938399022975,1.6103613
2017-11-29 18:10:00,1.11915628414324,1.6617492
2017-11-29 18:20:00,1.094559545285961,1.6852123
2017-11-29 18:30:00,1.092015054869241,1.6796676
2017-11-29 18:40:00,1.1157636297948574,1.6449989
2017-11-29 18:50:00,1.0733554593988008,1.576882
2017-11-29 19:00:00,1.0818370945806246,1.4851674
2017-11-29 19:10:00,1.0775962776788448,1.3886436
2017-11-29 19:20:00,1.0258583095475682,1.2880065
2017-11-29 19:30:00,0.9800574861813944,1.1929477
2017-11-29 19:40:00,0.9257750276333968,1.1089841
2017-11-29 19:50:00,0.8977856358060015,1.0305108
2017-11-29 20:00:00,0.8494403220231074,0.9811694
2017-11-29 20:10:00,0.9088117600262804,0.93766654
2017-11-29 20:20:00,0.8876076755173851,0.89236087
2017-11-29 20:30:00,0.8290844000676085,0.8547626
2017-11-29 20:40:00,0.7917652105049933,0.81840694
2017-11-29 20:50:00,0.7629276547459357,0.7773787
2017-11-29 21:00:00,0.7137341784096443,0.7514468
2017-11-29 21:10:00,0.657755393376589,0.7050444
2017-11-29 21:20:00,0.5593684393257411,0.62598956
2017-11-29 21:30:00,0.4703112816318492,0.5338151
2017-11-29 21:40:00,0.35496105859562,0.4432133
2017-11-29 21:50:00,0.3074639087443873,0.34026614
2017-11-29 22:00:00,0.1929618496398205,0.2368429
2017-11-29 22:10:00,0.143768371925264,0.108423695
2017-11-29 22:20:00,0.0614965215498712,-0.036626227
2017-11-29 22:30:00,-0.0029638959084778,-0.18634129
2017-11-29 22:40:00,-0.1106806490728102,-0.33078232
2017-11-29 22:50:00,-0.1810782112962624,-0.459424
2017-11-29 23:00:00,-0.3125435380079461,-0.55079895
2017-11-29 23:10:00,-0.407537839088676,-0.6317013
2017-11-29 23:20:00,-0.4915060159491271,-0.7131674
2017-11-29 23:30:00,-0.6000709316668569,-0.79806405
2017-11-29 23:40:00,-0.7281436054084232,-0.88564664
2017-11-29 23:50:00,-0.8231379064891535,-0.9629697
2017-11-30 00:00:00,-0.8850538335307815,-1.0253762
2017-11-30 00:10:00,-0.949514252367396,-1.0839645
2017-11-30 00:20:00,-0.9876816058616732,-1.1375519
2017-11-30 00:30:00,-1.0623199849869047,-1.1838298
2017-11-30 00:40:00,-1.1293248942402394,-1.2219895
2017-11-30 00:50:00,-1.1844555153416334,-1.2492279
2017-11-30 01:00:00,-1.214141233654087,-1.266051
2017-11-30 01:10:00,-1.2565494040501437,-1.2799778
2017-11-30 01:20:00,-1.2870832862942596,-1.2922205
2017-11-30 01:30:00,-1.310831861219876,-1.3031008
2017-11-30 01:40:00,-1.3498473786458154,-1.3140604
2017-11-30 01:50:00,-1.350695541199212,-1.3254229
2017-11-30 02:00:00,-1.393951875526931,-1.3333659
2017-11-30 02:10:00,-1.4253339203244428,-1.3414758
2017-11-30 02:20:00,-1.455867803946824,-1.3486427
2017-11-30 02:30:00,-1.473679235485603,-1.3549461
2017-11-30 02:40:00,-1.4745273980389992,-1.360793
2017-11-30 02:50:00,-1.4685902546521616,-1.3658425
2017-11-30 03:00:00,-1.5194800588517765,-1.3679591
2017-11-30 03:10:00,-1.5186318949201143,-1.3701273
2017-11-30 03:20:00,-1.5364433264588933,-1.3711641
2017-11-30 03:30:00,-1.5551029219293333,-1.371152
2017-11-30 03:40:00,-1.5830923137567283,-1.3713329
2017-11-30 03:50:00,-1.558495574899451,-1.3724126
2017-11-30 04:00:00,-1.548317614610834,-1.3812814
2017-11-30 04:10:00,-1.5542547579976715,-1.3833035
2017-11-30 04:20:00,-1.5822441498250666,-1.3782874
2017-11-30 04:30:00,-1.5355951625272308,-1.3682541
2017-11-30 04:40:00,-1.5050612802831151,-1.3518399
2017-11-30 04:50:00,-1.4643494377503825,-1.322245
2017-11-30 05:00:00,-1.4516269870450451,-1.2501872
2017-11-30 05:10:00,-1.4422971893098246,-1.1306537
2017-11-30 05:20:00,-1.476223724524058,-1.0421201
2017-11-30 05:30:00,-1.3880147307618276,-1.0868796
2017-11-30 05:40:00,-1.284538795877539,-1.2268842
2017-11-30 05:50:00,-1.3159208420533173,-1.3727407
2017-11-30 06:00:00,-1.355784522032653,-1.372879
2017-11-30 06:10:00,-1.3277951302052575,-1.3678247
2017-11-30 06:20:00,-1.3227061493718166,-1.3576833
2017-11-30 06:30:00,-1.3829257513066515,-1.3424599
2017-11-30 06:40:00,-1.449930659181721,-1.3215035
2017-11-30 06:50:00,-1.583940477688391,-1.2948045
2017-11-30 07:00:00,-1.5135429140866732,-1.2769276
2017-11-30 07:10:00,-1.4601086208486034,-1.2523173
2017-11-30 07:20:00,-1.4160041239674883,-1.2215966
2017-11-30 07:30:00,-1.3964963659436511,-1.1850544
2017-11-30 07:40:00,-1.371899627086373,-1.146171
2017-11-30 07:50:00,-1.336276764008816,-1.1034058
2017-11-30 08:00:00,-1.242130626859748,-1.0839044
2017-11-30 08:10:00,-1.1284767303085774,-1.060398
2017-11-30 08:20:00,-1.080131416525683,-1.0342392
2017-11-30 08:30:00,-1.01397467120401,-1.0015537
2017-11-30 08:40:00,-0.9486660898139992,-0.96056074
2017-11-30 08:50:00,-0.8850538335307815,-0.90770394
2017-11-30 09:00:00,-0.7917558603133754,-0.8719988
2017-11-30 09:10:00,-0.7629183045543183,-0.82315767
2017-11-30 09:20:00,-0.6687721674052504,-0.7650928
2017-11-30 09:30:00,-0.5924374604166951,-0.7004797
2017-11-30 09:40:00,-0.5500292900206386,-0.6307854
2017-11-30 09:50:00,-0.5220398981932434,-0.5595184
2017-11-30 10:00:00,-0.4804798917288483,-0.5045003
2017-11-30 10:10:00,-0.3803966098146772,-0.4522576
2017-11-30 10:20:00,-0.3337476225168414,-0.40010595
2017-11-30 10:30:00,-0.3345957864485038,-0.3555918
2017-11-30 10:40:00,-0.3388366033502826,-0.31904918
2017-11-30 10:50:00,-0.2904912895673885,-0.29803252
2017-11-30 11:00:00,-0.2438423022695527,-0.3022585
2017-11-30 11:10:00,-0.1904080076532169,-0.3033783
2017-11-30 11:20:00,-0.1887116811681587,-0.29096654
2017-11-30 11:30:00,-0.1853190281980412,-0.2661309
2017-11-30 11:40:00,-0.1776855569478799,-0.23414454
2017-11-30 11:50:00,-0.2048267862218782,-0.21385768
2017-11-30 12:00:00,-0.1590259628557048,-0.20230499
2017-11-30 12:10:00,-0.0962618705041489,-0.184277
2017-11-30 12:20:00,-0.0301051251824761,-0.15839839
2017-11-30 12:30:00,-0.0419794133344168,-0.12528464
2017-11-30 12:40:00,-0.0411312494027549,-0.089182235
2017-11-30 12:50:00,0.0063659004484772,-0.04974307
2017-11-30 13:00:00,-0.0055083863251979,-0.030094393
2017-11-30 13:10:00,-0.008052876741919,-0.017026834
2017-11-30 13:20:00,-0.0394349229176962,-0.00791911
2017-11-30 13:30:00,-0.0555500279714162,-0.0018530637
2017-11-30 13:40:00,-0.1183141189447065,-0.0007729307
2017-11-30 13:50:00,-0.1454553482187054,-0.005216785
2017-11-30 14:00:00,-0.1904080076532169,-0.025527097
2017-11-30 14:10:00,-0.17090024962938,-0.05249642
2017-11-30 14:20:00,-0.1564814724389842,-0.08083976
2017-11-30 14:30:00,-0.1598741254091011,-0.11157078
2017-11-30 14:40:00,-0.1496961651204842,-0.14596322
2017-11-30 14:50:00,-0.1598741254091011,-0.17960253
2017-11-30 15:00:00,-0.1742929039777624,-0.21704993
2017-11-30 15:10:00,-0.1649631062425424,-0.2509395
2017-11-30 15:20:00,-0.2056749501535406,-0.28201315
2017-11-30 15:30:00,-0.1912561715848793,-0.30690023
2017-11-30 15:40:00,-0.2124602560937745,-0.32176474
2017-11-30 15:50:00,-0.2489312831029934,-0.32809412
2017-11-30 16:00:00,-0.2837059822488886,-0.32903114
2017-11-30 16:10:00,-0.2565647529748898,-0.3277773
2017-11-30 16:20:00,-0.2633500602933897,-0.31788826
2017-11-30 16:30:00,-0.2540202639364347,-0.29620072
2017-11-30 16:40:00,-0.1632667797574836,-0.25925162
2017-11-30 16:50:00,-0.0784504389653707,-0.18997422
2017-11-30 17:00:00,0.0504703973295924,-0.14415443
2017-11-30 17:10:00,0.3040712543960049,-0.06961497
2017-11-30 17:20:00,0.7332419364334818,0.0914938
2017-11-30 17:30:00,0.9223823746632802,0.39308214
2017-11-30 17:40:00,0.9647905450593366,0.7299698
2017-11-30 17:50:00,1.0080468780087894,0.9610367
2017-11-30 18:00:00,1.0055023875920694,1.0194806
2017-11-30 18:10:00,0.9944762633717906,1.068153
2017-11-30 18:20:00,0.9647905450593366,1.0968899
2017-11-30 18:30:00,0.9113562504430014,1.1076558
2017-11-30 18:40:00,0.9308640084668378,1.0999542
2017-11-30 18:50:00,0.926623191565059,1.0723294
2017-11-30 19:00:00,0.9283195180501178,1.051002
2017-11-30 19:10:00,0.938497479717,1.0306858
2017-11-30 19:20:00,0.9088117600262804,1.011496
2017-11-30 19:30:00,0.8587701197583275,0.9917638
2017-11-30 19:40:00,0.8239954206124324,0.9750805
2017-11-30 19:50:00,0.8290844000676085,0.9574434
2017-11-30 20:00:00,0.7977023538918309,0.9538175
2017-11-30 20:10:00,0.8451995051213286,0.945694
2017-11-30 20:20:00,0.8248435831658297,0.93056756
2017-11-30 20:30:00,0.8146656228772122,0.90923196
2017-11-30 20:40:00,0.7646239812309945,0.8797895
2017-11-30 20:50:00,0.7120378505463205,0.84058994
2017-11-30 21:00:00,0.6679333536652053,0.7968149
2017-11-30 21:10:00,0.5941431384716362,0.7214968
2017-11-30 21:20:00,0.5237455762481845,0.620097
2017-11-30 21:30:00,0.4796410793670693,0.5107121
2017-11-30 21:40:00,0.4083953532119553,0.40520284
2017-11-30 21:50:00,0.3922802481582353,0.30471727
2017-11-30 22:00:00,0.3023749279109461,0.21580508
2017-11-30 22:10:00,0.2735373721518895,0.11961368
2017-11-30 22:20:00,0.2141659341487157,0.0064622276
2017-11-30 22:30:00,0.1166271426512652,-0.13073704
2017-11-30 22:40:00,0.0793079530886499,-0.28993776
2017-11-30 22:50:00,-0.0004194068700227,-0.45437357
2017-11-30 23:00:00,-0.1225549358464859,-0.5768165
2017-11-30 23:10:00,-0.2217900538289951,-0.6881262
2017-11-30 23:20:00,-0.3244178261598868,-0.78929454
2017-11-30 23:30:00,-0.4228047802107342,-0.885346
2017-11-30 23:40:00,-0.5110137739729647,-0.97040766
2017-11-30 23:50:00,-0.6026154220835775,-1.0412513
2017-12-01 00:00:00,-0.7272115919368625,-1.0903174
2017-12-01 00:10:00,-0.8194453319141206,-1.1342254
2017-12-01 00:20:00,-0.8974247645046486,-1.1715814
2017-12-01 00:30:00,-0.9745657099657836,-1.1998656
2017-12-01 00:40:00,-1.058414563488189,-1.2234169
2017-12-01 00:50:00,-1.1137548063719311,-1.2422649
2017-12-01 01:00:00,-1.1766414472028677,-1.2518127
2017-12-01 01:10:00,-1.2034730794479471,-1.2623674
2017-12-01 01:20:00,-1.2839679789397174,-1.2733698
2017-12-01 01:30:00,-1.335115779285166,-1.2838913
2017-12-01 01:40:00,-1.3837481141076382,-1.2946995
2017-12-01 01:50:00,-1.432380448930111,-1.3066182
2017-12-01 02:00:00,-1.4541811515075034,-1.3138573
2017-12-01 02:10:00,-1.4592120825534558,-1.3213085
2017-12-01 02:20:00,-1.4759818527066308,-1.3277959
2017-12-01 02:30:00,-1.506167440360611,-1.334119
2017-12-01 02:40:00,-1.5262911659226863,-1.3399895
2017-12-01 02:50:00,-1.5254526774150274,-1.3444973
2017-12-01 03:00:00,-1.5464148901064956,-1.3454382
2017-12-01 03:10:00,-1.5455764015988374,-1.3459963
2017-12-01 03:20:00,-1.5539612866754244,-1.346234
2017-12-01 03:30:00,-1.561507683244353,-1.3463945
2017-12-01 03:40:00,-1.573246523729841,-1.346965
2017-12-01 03:50:00,-1.56737710417623,-1.348694
2017-12-01 04:00:00,-1.5690540811915474,-1.354084
2017-12-01 04:10:00,-1.579115943283452,-1.3514663
2017-12-01 04:20:00,-1.5690540811915474,-1.3417298
2017-12-01 04:30:00,-1.5849853628370631,-1.3266538
2017-12-01 04:40:00,-1.590016293883016,-1.3061942
2017-12-01 04:50:00,-1.585823851344722,-1.2700046
2017-12-01 05:00:00,-1.5942087364213096,-1.1825665
2017-12-01 05:10:00,-1.6076245525438495,-1.0283493
2017-12-01 05:20:00,-1.592531759405992,-0.90275043
2017-12-01 05:30:00,-1.562346171752012,-0.95033795
2017-12-01 05:40:00,-1.4852052276691423,-1.1286873
2017-12-01 05:50:00,-1.533837562491615,-1.3262187
2017-12-01 06:00:00,-1.536353028014591,-1.3410667
2017-12-01 06:10:00,-1.4885591816997774,-1.34483
2017-12-01 06:20:00,-1.535514539506932,-1.3382992
2017-12-01 06:30:00,-1.6067860640361906,-1.3204335
2017-12-01 06:40:00,-1.7535215583895325,-1.2914946
2017-12-01 06:50:00,-1.9203807769266832,-1.250187
2017-12-01 07:00:00,-1.9958447439942355,-1.2193229
2017-12-01 07:10:00,-2.0352537052324617,-1.1771079
2017-12-01 07:20:00,-2.0243533546328982,-1.1242007
2017-12-01 07:30:00,-1.984105904887013,-1.0636829
2017-12-01 07:40:00,-1.941342989618152,-0.9995721
2017-12-01 07:50:00,-1.9321196160339056,-0.93146116
2017-12-01 08:00:00,-1.8767793731501632,-0.90180665
2017-12-01 08:10:00,-1.806346335750298,-0.8718881
2017-12-01 08:20:00,-1.772806794065683,-0.83874995
2017-12-01 08:30:00,-1.696504337112207,-0.8032991
2017-12-01 08:40:00,-1.6587723542675636,-0.76364094
2017-12-01 08:50:00,-1.6093015295591666,-0.7181423
2017-12-01 09:00:00,-1.5346760509992734,-0.7031052
2017-12-01 09:10:00,-1.44328080090794,-0.6805384
2017-12-01 09:20:00,-1.382071137092321,-0.64929646
2017-12-01 09:30:00,-1.2739061168478123,-0.6111618
2017-12-01 09:40:00,-1.1514867905948398,-0.5669531
2017-12-01 09:50:00,-1.0617685175188236,-0.5223947
2017-12-01 10:00:00,-0.9946894355278592,-0.48557332
2017-12-01 10:10:00,-0.98378908355003,-0.44820878
2017-12-01 10:20:00,-0.9460570993271212,-0.41039833
2017-12-01 10:30:00,-0.8907168564433792,-0.37477443
2017-12-01 10:40:00,-0.8378920790826129,-0.35333177
2017-12-01 10:50:00,-0.8093834684439499,-0.34803662
2017-12-01 11:00:00,-0.7607511336214777,-0.37843016
2017-12-01 11:10:00,-0.709603333276029,-0.4116766
2017-12-01 11:20:00,-0.6810947226373666,-0.44066003
2017-12-01 11:30:00,-0.6634864639765331,-0.45048544
2017-12-01 11:40:00,-0.5762836564234928,-0.44067153
2017-12-01 11:50:00,-0.5813145874694456,-0.43759397
2017-12-01 12:00:00,-0.6064692440774734,-0.45041844
2017-12-01 12:10:00,-0.6492321593463345,-0.458514
2017-12-01 12:20:00,-0.6685173950224855,-0.45410457
2017-12-01 12:30:00,-0.7146342643219813,-0.4387894
2017-12-01 12:40:00,-0.7112803102913466,-0.41097298
2017-12-01 12:50:00,-0.6710328605454614,-0.37355778
2017-12-01 13:00:00,-0.6207235487076715,-0.36230835
2017-12-01 13:10:00,-0.586345518515398,-0.35534784
2017-12-01 13:20:00,-0.5519674897013894,-0.34971568
2017-12-01 13:30:00,-0.5804760989617869,-0.343595
2017-12-01 13:40:00,-0.586345518515398,-0.33165956
2017-12-01 13:50:00,-0.6115001751234257,-0.31291702
2017-12-01 14:00:00,-0.6643249524841914,-0.3105062
2017-12-01 14:10:00,-0.6970260056611479,-0.30985412
2017-12-01 14:20:00,-0.7154727528296402,-0.308793
2017-12-01 14:30:00,-0.763266599144454,-0.3097426
2017-12-01 14:40:00,-0.7741669511222831,-0.30802843
2017-12-01 14:50:00,-0.8018370718750217,-0.30569825
2017-12-01 15:00:00,-0.8496309181898352,-0.31392935
2017-12-01 15:10:00,-0.8311841710213429,-0.3224247
2017-12-01 15:20:00,-0.8462769641592004,-0.32818747
2017-12-01 15:30:00,-0.8429230101285652,-0.33176294
2017-12-01 15:40:00,-0.8789780173361563,-0.33000606
2017-12-01 15:50:00,-0.8982632530123074,-0.32303375
2017-12-01 16:00:00,-0.9049711624518428,-0.31524217
2017-12-01 16:10:00,-0.910840582005454,-0.3048291
2017-12-01 16:20:00,-0.893232321966355,-0.29190165
2017-12-01 16:30:00,-0.8412460331132475,-0.27594146
2017-12-01 16:40:00,-0.7590741566061601,-0.25449294
2017-12-01 16:50:00,-0.7272115919368625,-0.21986744
2017-12-01 17:00:00,-0.5720912138851992,-0.19083181
2017-12-01 17:10:00,-0.359115126048552,-0.15169102
2017-12-01 17:20:00,0.0341359964477866,-0.087332495
2017-12-01 17:30:00,0.2638818544376085,0.023485653
2017-12-01 17:40:00,0.318383608813692,0.2000775
2017-12-01 17:50:00,0.3276069823979388,0.4292933
2017-12-01 18:00:00,0.35695408154426,0.50813013
2017-12-01 18:10:00,0.3695314091591411,0.60244936
2017-12-01 18:20:00,0.3426997769140613,0.70066386
2017-12-01 18:30:00,0.3594695470672365,0.7900635
2017-12-01 18:40:00,0.378754784121652,0.8564603
2017-12-01 18:50:00,0.3502461734829896,0.8949281
2017-12-01 19:00:00,0.3351533803451321,0.8882677
2017-12-01 19:10:00,0.3502461734829896,0.87855476
2017-12-01 19:20:00,0.3510846619906484,0.8653335
2017-12-01 19:30:00,0.3468922194523554,0.857102
2017-12-01 19:40:00,0.304967792691152,0.8502926
2017-12-01 19:50:00,0.3083217467217873,0.843147
2017-12-01 20:00:00,0.2848440671290767,0.82834154
2017-12-01 20:10:00,0.3536001275136248,0.81505555
2017-12-01 20:20:00,0.378754784121652,0.80121124
2017-12-01 20:30:00,0.3720468746821165,0.7883231
2017-12-01 20:40:00,0.3426997769140613,0.7745436
2017-12-01 20:50:00,0.3167066317983743,0.7564861
2017-12-01 21:00:00,0.2856825556367355,0.72945493
2017-12-01 21:10:00,0.2663973199605849,0.6806528
2017-12-01 21:20:00,0.2638818544376085,0.6036365
2017-12-01 21:30:00,0.188417885991791,0.50403064
2017-12-01 21:40:00,0.1171463614625324,0.39475873
2017-12-01 21:50:00,0.0877992623162112,0.27788666
2017-12-01 22:00:00,0.0534212321239371,0.1627185
2017-12-01 22:10:00,0.0073043628244408,0.03942114
2017-12-01 22:20:00,-0.053905299612912,-0.095098265
2017-12-01 22:30:00,-0.0958297263741148,-0.24543649
2017-12-01 22:40:00,-0.1494929922425394,-0.41021225
2017-12-01 22:50:00,-0.266042898941901,-0.5718962
2017-12-01 23:00:00,-0.3197061648103256,-0.67344385
2017-12-01 23:10:00,-0.359115126048552,-0.7909994
2017-12-01 23:20:00,-0.4261942094177819,-0.9482611
2017-12-01 23:30:00,-0.5460980687695128,-1.0853428
2017-12-01 23:40:00,-0.6668404180071679,-1.1733586
2017-12-01 23:50:00,-0.7397889209300095,-1.2216375
2017-12-02 00:00:00,-0.8370535905749541,-1.2421912
2017-12-02 00:10:00,-0.9250948866356526,-1.2576839
2017-12-02 00:20:00,-1.0198440907576214,-1.267991
2017-12-02 00:30:00,-1.1036929442800263,-1.2757984
2017-12-02 00:40:00,-1.1732874931722328,-1.2833657
2017-12-02 00:50:00,-1.2361741326249038,-1.2901481
2017-12-02 01:00:00,-1.2671982087865423,-1.2912227
2017-12-02 01:10:00,-1.31247658957838,-1.2936475
2017-12-02 01:20:00,-1.36278590141617,-1.29771
2017-12-02 01:30:00,-1.3921330005624912,-1.3031975
2017-12-02 01:40:00,-1.4290264948994758,-1.3099205
2017-12-02 01:50:00,-1.4784973196078723,-1.3178301
2017-12-02 02:00:00,-1.518744767975492,-1.32157
2017-12-02 02:10:00,-1.5413839590605434,-1.3257061
2017-12-02 02:20:00,-1.5531227981677656,-1.3298961
2017-12-02 02:30:00,-1.593370247913651,-1.3342516
2017-12-02 02:40:00,-1.5757619892528174,-1.3389696
2017-12-02 02:50:00,-1.6034321100055555,-1.3439234
2017-12-02 03:00:00,-1.602593621497897,-1.3450071
2017-12-02 03:10:00,-1.598401178959603,-1.3453792
2017-12-02 03:20:00,-1.613493973475726,-1.3452778
2017-12-02 03:30:00,-1.6260713010906072,-1.3450128
2017-12-02 03:40:00,-1.627748278105925,-1.3457233
2017-12-02 03:50:00,-1.6352946746748531,-1.3473057
2017-12-02 04:00:00,-1.6503874678127106,-1.3534468
2017-12-02 04:10:00,-1.6738651474054207,-1.3498945
2017-12-02 04:20:00,-1.6864424750203018,-1.3369126
2017-12-02 04:30:00,-1.6730266588977618,-1.3167295
2017-12-02 04:40:00,-1.6688342163594685,-1.2870349
2017-12-02 04:50:00,-1.657095377252246,-1.2321573
2017-12-02 05:00:00,-1.6512259563203695,-1.0872446
2017-12-02 05:10:00,-1.634456186167195,-0.8786152
2017-12-02 05:20:00,-1.636133163182512,-0.82183117
2017-12-02 05:30:00,-1.605109087020873,-0.9782097
2017-12-02 05:40:00,-1.5220987233843923,-1.2169658
2017-12-02 05:50:00,-1.542222447568202,-1.4074258
2017-12-02 06:00:00,-1.636133163182512,-1.4157208
2017-12-02 06:10:00,-1.5740850122374996,-1.4174778
2017-12-02 06:20:00,-1.590016293883016,-1.4127792
2017-12-02 06:30:00,-1.6847654980049849,-1.4028515
2017-12-02 06:40:00,-1.7535215583895325,-1.3884498
2017-12-02 06:50:00,-1.9153498445024653,-1.3683745
2017-12-02 07:00:00,-1.9581127597713264,-1.3567189
2017-12-02 07:10:00,-2.0293842856788507,-1.3386751
2017-12-02 07:20:00,-2.033576728217144,-1.3115398
2017-12-02 07:30:00,-1.9824289278716956,-1.2773389
2017-12-02 07:40:00,-1.96649764622618,-1.2382029
2017-12-02 07:50:00,-1.8960646088263144,-1.1932478
2017-12-02 08:00:00,-1.8164081978422035,-1.1714376
2017-12-02 08:10:00,-1.7778377251116355,-1.1447833
2017-12-02 08:20:00,-1.7325593443197982,-1.1119912
2017-12-02 08:30:00,-1.6327792091518771,-1.0727385
2017-12-02 08:40:00,-1.5606691947366944,-1.0302125
2017-12-02 08:50:00,-1.5179062794678333,-0.9814947
2017-12-02 09:00:00,-1.4374113813543288,-0.9611806
2017-12-02 09:10:00,-1.329246359731555,-0.93097025
2017-12-02 09:20:00,-1.2177273854564117,-0.8867801
2017-12-02 09:30:00,-1.1431019055182527,-0.83134645
2017-12-02 09:40:00,-1.10788538681832,-0.7660987
2017-12-02 09:50:00,-0.9829505950423714,-0.6915945
2017-12-02 10:00:00,-0.8655622012136169,-0.63238746
2017-12-02 10:10:00,-0.8412460331132475,-0.57294387
2017-12-02 10:20:00,-0.7758439281376007,-0.51544654
2017-12-02 10:30:00,-0.7372734554070332,-0.46733955
2017-12-02 10:40:00,-0.6970260056611479,-0.43088764
2017-12-02 10:50:00,-0.5955688934779093,-0.40959895
2017-12-02 11:00:00,-0.5536444667167071,-0.42197716
2017-12-02 11:10:00,-0.5201049250320918,-0.43717977
2017-12-02 11:20:00,-0.5066891075312864,-0.44643572
2017-12-02 11:30:00,-0.4178093229629294,-0.43503505
2017-12-02 11:40:00,-0.4236787438948061,-0.41551822
2017-12-02 11:50:00,-0.3993625757944372,-0.40963662
2017-12-02 12:00:00,-0.3926546677331672,-0.4096577
2017-12-02 12:10:00,-0.3792388516106273,-0.40860224
2017-12-02 12:20:00,-0.3825928056412621,-0.39558703
2017-12-02 12:30:00,-0.4144553689322942,-0.37116924
2017-12-02 12:40:00,-0.4396100255403218,-0.3403426
2017-12-02 12:50:00,-0.4253557209101232,-0.29738927
2017-12-02 13:00:00,-0.408585949378683,-0.27744928
2017-12-02 13:10:00,-0.4035550183327307,-0.25795743
2017-12-02 13:20:00,-0.4102629263940007,-0.23622975
2017-12-02 13:30:00,-0.3742079191864095,-0.21651602
2017-12-02 13:40:00,-0.430386651956076,-0.19595787
2017-12-02 13:50:00,-0.5217819020474094,-0.17950776
2017-12-02 14:00:00,-0.4723110787172783,-0.17972118
2017-12-02 14:10:00,-0.4647646821483496,-0.17974582
2017-12-02 14:20:00,-0.4714725902096195,-0.1802918
2017-12-02 14:30:00,-0.5201049250320918,-0.18446639
2017-12-02 14:40:00,-0.5561599322396834,-0.18859538
2017-12-02 14:50:00,-0.5729297023928581,-0.18759078
2017-12-02 15:00:00,-0.6198850602000132,-0.1936805
2017-12-02 15:10:00,-0.5989228475085445,-0.2005004
2017-12-02 15:20:00,-0.603953778554497,-0.20656306
2017-12-02 15:30:00,-0.6307854107995767,-0.20620129
2017-12-02 15:40:00,-0.6349778533378703,-0.19703647
2017-12-02 15:50:00,-0.6240775027383068,-0.18433228
2017-12-02 16:00:00,-0.7020569367071008,-0.17489961
2017-12-02 16:10:00,-0.6886411205845608,-0.16036001
2017-12-02 16:20:00,-0.657617044422922,-0.140585
2017-12-02 16:30:00,-0.6190465716923544,-0.11476209
2017-12-02 16:40:00,-0.545259580261854,-0.08163761
2017-12-02 16:50:00,-0.5410671377235604,-0.03846374
2017-12-02 17:00:00,-0.4681186361789848,-0.010479145
2017-12-02 17:10:00,-0.1788400913888611,0.025583405
2017-12-02 17:20:00,0.2521430153303862,0.08951519
2017-12-02 17:30:00,0.491112246904455,0.21913141
2017-12-02 17:40:00,0.512912949481847,0.44463372
2017-12-02 17:50:00,0.5363906276962916,0.69391626
2017-12-02 18:00:00,0.5850229625187644,0.7469879
2017-12-02 18:10:00,0.5707686578885657,0.8023192
2017-12-02 18:20:00,0.564899238334955,0.8534141
2017-12-02 18:30:00,0.5632222613196374,0.8964068
2017-12-02 18:40:00,0.5422600472499033,0.9264701
2017-12-02 18:50:00,0.5313596966503398,0.93919
2017-12-02 19:00:00,0.5590298187813434,0.92689615
2017-12-02 19:10:00,0.5514834208341491,0.91750115
2017-12-02 19:20:00,0.5799920314728125,0.9108429
2017-12-02 19:30:00,0.5757995889345184,0.9022272
2017-12-02 19:40:00,0.5942463361030103,0.8956778
2017-12-02 19:50:00,0.5749611004268597,0.89265776
2017-12-02 20:00:00,0.547290978295856,0.88373524
2017-12-02 20:10:00,0.5330366736656573,0.8727371
2017-12-02 20:20:00,0.5028510860116774,0.8570893
2017-12-02 20:30:00,0.4927892239197716,0.83952886
2017-12-02 20:40:00,0.4391259580513471,0.8177355
2017-12-02 20:50:00,0.4282256074517835,0.7871276
2017-12-02 21:00:00,0.3519231504983072,0.7479944
2017-12-02 21:10:00,0.3276069823979388,0.6800054
2017-12-02 21:20:00,0.3116757007524225,0.58052236
2017-12-02 21:30:00,0.2588509233916557,0.45838478
2017-12-02 21:40:00,0.2437581302537992,0.32369605
2017-12-02 21:50:00,0.2160880081227946,0.18291886
2017-12-02 22:00:00,0.1942873055454026,0.05254609
2017-12-02 22:10:00,0.1599092767313935,-0.08913229
2017-12-02 22:20:00,0.1070844979923627,-0.25041947
2017-12-02 22:30:00,0.0223971559622983,-0.42928672
2017-12-02 22:40:00,-0.0161733153900037,-0.61145955
2017-12-02 22:50:00,-0.1142764749208725,-0.7690869
2017-12-02 23:00:00,-0.2148950985964523,-0.8628903
2017-12-02 23:10:00,-0.2786202265567821,-0.96444744
2017-12-02 23:20:00,-0.3557611720179167,-1.0705081
2017-12-02 23:30:00,-0.4505103761398853,-1.1534401
2017-12-02 23:40:00,-0.5511290011937306,-1.2063642
2017-12-02 23:50:00,-0.6911565861075367,-1.2378674
2017-12-03 00:00:00,-0.7389504324223507,-1.2522284
2017-12-03 00:10:00,-0.806868002920974,-1.2627412
2017-12-03 00:20:00,-0.8680776667365929,-1.2711457
2017-12-03 00:30:00,-0.9536034972743156,-1.2788719
2017-12-03 00:40:00,-1.05086816691926,-1.2863325
2017-12-03 00:50:00,-1.0953080592034388,-1.2935036
2017-12-03 01:00:00,-1.1825108667564788,-1.2973154
2017-12-03 01:10:00,-1.2093424990015584,-1.3016963
2017-12-03 01:20:00,-1.2671982087865423,-1.3069711
2017-12-03 01:30:00,-1.3258924057009196,-1.3133107
2017-12-03 01:40:00,-1.3762017175387096,-1.3204728
2017-12-03 01:50:00,-1.4097412592233247,-1.3276136
2017-12-03 02:00:00,-1.4080642822080072,-1.3309857
2017-12-03 02:10:00,-1.4390883583696463,-1.3342993
2017-12-03 02:20:00,-1.4701124331530198,-1.3374327
2017-12-03 02:30:00,-1.4919131357304125,-1.3410298
2017-12-03 02:40:00,-1.5204217449908095,-1.3444582
2017-12-03 02:50:00,-1.5598307062290355,-1.3474115
2017-12-03 03:00:00,-1.6093015295591666,-1.3470265
2017-12-03 03:10:00,-1.6118169964604083,-1.3463097
2017-12-03 03:20:00,-1.621040370044655,-1.345353
2017-12-03 03:30:00,-1.636133163182512,-1.3443851
2017-12-03 03:40:00,-1.6453565367667582,-1.3438804
2017-12-03 03:50:00,-1.670511193374786,-1.3444785
2017-12-03 04:00:00,-1.6747036359130796,-1.3499836
2017-12-03 04:10:00,-1.6856039865126429,-1.3453273
2017-12-03 04:20:00,-1.680573055466691,-1.3307749
2017-12-03 04:30:00,-1.678057589943715,-1.3104559
2017-12-03 04:40:00,-1.6939888715892306,-1.2865665
2017-12-03 04:50:00,-1.678057589943715,-1.2491838
2017-12-03 05:00:00,-1.6629647968058572,-1.1484933
2017-12-03 05:10:00,-1.6579338657599048,-0.9761322
2017-12-03 05:20:00,-1.647033513782076,-0.88269854
2017-12-03 05:30:00,-1.605947575528532,-0.9964462
2017-12-03 05:40:00,-1.5053289518529522,-1.2106766
2017-12-03 05:50:00,-1.5380300050299085,-1.3879172
2017-12-03 06:00:00,-1.584146874329405,-1.4024185
2017-12-03 06:10:00,-1.595885713436627,-1.4102905
2017-12-03 06:20:00,-1.6252328125829485,-1.4125558
2017-12-03 06:30:00,-1.6839270094973258,-1.4087383
2017-12-03 06:40:00,-1.836531923404278,-1.4000288
2017-12-03 06:50:00,-1.9924907899636009,-1.385165
2017-12-03 07:00:00,-2.0360921937401204,-1.3774254
2017-12-03 07:10:00,-2.113233139201256,-1.3654295
2017-12-03 07:20:00,-2.101494300094033,-1.3471247
2017-12-03 07:30:00,-2.0721472009477115,-1.3220599
2017-12-03 07:40:00,-2.0738241779630293,-1.2892975
2017-12-03 07:50:00,-2.0478310328473426,-1.2513226
2017-12-03 08:00:00,-1.9933292784712595,-1.2332414
2017-12-03 08:10:00,-1.9396660126028344,-1.2111499
2017-12-03 08:20:00,-1.9052879824105609,-1.1842557
2017-12-03 08:30:00,-1.826470059934108,-1.1549474
2017-12-03 08:40:00,-1.7778377251116355,-1.1198273
2017-12-03 08:50:00,-1.7174665511819407,-1.0768193
2017-12-03 09:00:00,-1.6621263082981983,-1.0557097
2017-12-03 09:10:00,-1.573246523729841,-1.025963
2017-12-03 09:20:00,-1.5019749978223174,-0.9852025
2017-12-03 09:30:00,-1.4332189388160348,-0.93076485
2017-12-03 09:40:00,-1.345177642755336,-0.86335695
2017-12-03 09:50:00,-1.2646827432635663,-0.7840585
2017-12-03 10:00:00,-1.2219198279947052,-0.71747005
2017-12-03 10:10:00,-1.135555508949324,-0.6520664
2017-12-03 10:20:00,-1.0768613106566811,-0.5878344
2017-12-03 10:30:00,-0.9904969916113,-0.5302648
2017-12-03 10:40:00,-0.9695347789198314,-0.49042073
2017-12-03 10:50:00,-0.9074866279748192,-0.47205928
2017-12-03 11:00:00,-0.8915553449510375,-0.49696562
2017-12-03 11:10:00,-0.8345381250519777,-0.52637535
2017-12-03 11:20:00,-0.813575910982244,-0.55102944
2017-12-03 11:30:00,-0.7842288132141878,-0.5596416
2017-12-03 11:40:00,-0.7272115919368625,-0.5538377
2017-12-03 11:50:00,-0.7104418217836878,-0.5589002
2017-12-03 12:00:00,-0.7003799596917831,-0.5748983
2017-12-03 12:10:00,-0.7070878677530531,-0.5792921
2017-12-03 12:20:00,-0.6752253030837554,-0.5720968
2017-12-03 12:30:00,-0.6710328605454614,-0.5550373
2017-12-03 12:40:00,-0.6467166938233581,-0.5233625
2017-12-03 12:50:00,-0.6391702972544298,-0.48065045
2017-12-03 13:00:00,-0.6701943720378031,-0.46729347
2017-12-03 13:10:00,-0.6987029826764655,-0.45418575
2017-12-03 13:20:00,-0.7146342643219813,-0.44109908
2017-12-03 13:30:00,-0.7397889209300095,-0.4277565
2017-12-03 13:40:00,-0.7171497298449577,-0.4099922
2017-12-03 13:50:00,-0.702895425214759,-0.39146733
2017-12-03 14:00:00,-0.6701943720378031,-0.39608997
2017-12-03 14:10:00,-0.6861256550615844,-0.4025497
2017-12-03 14:20:00,-0.7079263562607119,-0.40537384
2017-12-03 14:30:00,-0.7079263562607119,-0.40612432
2017-12-03 14:40:00,-0.6894796090922196,-0.40375346
2017-12-03 14:50:00,-0.7137957758143231,-0.39861104
2017-12-03 15:00:00,-0.7833903247065295,-0.40844297
2017-12-03 15:10:00,-0.8219607974370965,-0.4198227
2017-12-03 15:20:00,-0.7884212557524818,-0.43148255
2017-12-03 15:30:00,-0.8211223089294383,-0.43953475
2017-12-03 15:40:00,-0.8127374224745851,-0.44165048
2017-12-03 15:50:00,-0.8186068434064618,-0.4387329
2017-12-03 16:00:00,-0.8278302169907081,-0.43709666
2017-12-03 16:10:00,-0.8320226595290017,-0.4315121
2017-12-03 16:20:00,-0.8219607974370965,-0.4171175
2017-12-03 16:30:00,-0.7951291638137518,-0.39311215
2017-12-03 16:40:00,-0.7112803102913466,-0.35457504
2017-12-03 16:50:00,-0.6626479754688743,-0.29912975
2017-12-03 17:00:00,-0.5477750457848304,-0.24724504
2017-12-03 17:10:00,-0.2987439521188574,-0.19115493
2017-12-03 17:20:00,0.1087614750076794,-0.12083671
2017-12-03 17:30:00,0.4055864163667318,-0.024678595
2017-12-03 17:40:00,0.500335620488701,0.10799669
2017-12-03 17:50:00,0.5288442311273633,0.2772023
2017-12-03 18:00:00,0.5154284150048234,0.33567354
2017-12-03 18:10:00,0.4894352698891374,0.40741855
2017-12-03 18:20:00,0.486919804366161,0.48382226
2017-12-03 18:30:00,0.517105392020141,0.5624863
2017-12-03 18:40:00,0.5355521391886338,0.63155216
2017-12-03 18:50:00,0.5581913302736845,0.68487847
2017-12-03 19:00:00,0.6160470386804032,0.68888736
2017-12-03 19:10:00,0.6596484424569231,0.69522697
2017-12-03 19:20:00,0.6822876321637089,0.707215
2017-12-03 19:30:00,0.6755797241024394,0.72363085
2017-12-03 19:40:00,0.6604869309645819,0.7346516
2017-12-03 19:50:00,0.6596484424569231,0.734841
2017-12-03 20:00:00,0.6713872815641454,0.71563596
2017-12-03 20:10:00,0.6739027470871218,0.69568175
2017-12-03 20:20:00,0.6412016952884314,0.67342097
2017-12-03 20:30:00,0.6118545961421091,0.6489961
2017-12-03 20:40:00,0.5917308705800348,0.6171329
2017-12-03 20:50:00,0.5607067957966609,0.57462996
2017-12-03 21:00:00,0.5338751621733162,0.5194621
2017-12-03 21:10:00,0.4919507354121128,0.44812354
2017-12-03 21:20:00,0.408940370397367,0.35093105
2017-12-03 21:30:00,0.3452152424370378,0.23291981
2017-12-03 21:40:00,0.2940674420915886,0.09695914
2017-12-03 21:50:00,0.2580124348839979,-0.04864835
2017-12-03 22:00:00,0.1775175353922275,-0.19210869
2017-12-03 22:10:00,0.0836068197779172,-0.34096417
2017-12-03 22:20:00,-0.0002420337444874,-0.48610523
2017-12-03 22:30:00,-0.118468917459166,-0.62544435
2017-12-03 22:40:00,-0.1872249764654482,-0.7559436
2017-12-03 22:50:00,-0.2995824406265157,-0.8613184
2017-12-03 23:00:00,-0.4102629263940007,-0.92008346
2017-12-03 23:10:00,-0.5159124824937983,-0.98732775
2017-12-03 23:20:00,-0.6131771521387432,-1.0648407
2017-12-03 23:30:00,-0.7339195013763978,-1.133845
2017-12-03 23:40:00,-0.8261532399753906,-1.1795834
2017-12-03 23:50:00,-0.8907168564433792,-1.2082638
2017-12-04 00:00:00,-0.9879815260883236,-1.2190045
2017-12-04 00:10:00,-1.021521067772939,-1.2262043
2017-12-04 00:20:00,-1.088600151142169,-1.2318165
2017-12-04 00:30:00,-1.1523252791024987,-1.238236
2017-12-04 00:40:00,-1.200957613924971,-1.2424568
2017-12-04 00:50:00,-1.297383795062257,-1.2463859
2017-12-04 01:00:00,-1.335954267792825,-1.2466236
2017-12-04 01:10:00,-1.3728477635080747,-1.2497791
2017-12-04 01:20:00,-1.4055488166850312,-1.2565521
2017-12-04 01:30:00,-1.465081502107067,-1.2661449
2017-12-04 01:40:00,-1.4810127851308488,-1.2776643
2017-12-04 01:50:00,-1.511198371406563,-1.2907575
2017-12-04 02:00:00,-1.5472533786141545,-1.2997987
2017-12-04 02:10:00,-1.5438994245835198,-1.3091712
2017-12-04 02:20:00,-1.5740850122374996,-1.3182412
2017-12-04 02:30:00,-1.573246523729841,-1.3267329
2017-12-04 02:40:00,-1.629425255121242,-1.3351492
2017-12-04 02:50:00,-1.639487117213147,-1.3429991
2017-12-04 03:00:00,-1.681411543974349,-1.346074
2017-12-04 03:10:00,-1.6537414232216108,-1.3484747
2017-12-04 03:20:00,-1.7048892235670594,-1.3505114
2017-12-04 03:30:00,-1.6990198040134483,-1.3524681
2017-12-04 03:40:00,-1.6839270094973258,-1.3543433
2017-12-04 03:50:00,-1.6646417738211747,-1.3564456
2017-12-04 04:00:00,-1.6654802623288336,-1.3632375
2017-12-04 04:10:00,-1.6763806129283971,-1.3602127
2017-12-04 04:20:00,-1.670511193374786,-1.3475349
2017-12-04 04:30:00,-1.6503874678127106,-1.3262681
2017-12-04 04:40:00,-1.6604493312828807,-1.29384
2017-12-04 04:50:00,-1.627748278105925,-1.233889
2017-12-04 05:00:00,-1.599239667467262,-1.0864887
2017-12-04 05:10:00,-1.610140019445091,-0.9001915
2017-12-04 05:20:00,-1.554799775183083,-0.861008
2017-12-04 05:30:00,-1.4852052276691423,-1.0100662
2017-12-04 05:40:00,-1.3803941600770036,-1.2291797
2017-12-04 05:50:00,-1.384586602615297,-1.407961
2017-12-04 06:00:00,-1.402194862654396,-1.4145504
2017-12-04 06:10:00,-1.39297148907015,-1.4162813
2017-12-04 06:20:00,-1.3795556715693449,-1.4130898
2017-12-04 06:30:00,-1.4307034719147933,-1.4048107
2017-12-04 06:40:00,-1.53048360846098,-1.392131
2017-12-04 06:50:00,-1.6378101401978296,-1.3741238
2017-12-04 07:00:00,-1.5757619892528174,-1.3645014
2017-12-04 07:10:00,-1.5195832564831508,-1.3509955
2017-12-04 07:20:00,-1.4751433641989722,-1.3330429
2017-12-04 07:30:00,-1.4701124331530198,-1.3108417
2017-12-04 07:40:00,-1.5103598828989044,-1.2828103
2017-12-04 07:50:00,-1.5170677909601744,-1.247423
2017-12-04 08:00:00,-1.3980024201161023,-1.2283396
2017-12-04 08:10:00,-1.308284147040086,-1.203402
2017-12-04 08:20:00,-1.1850263322794552,-1.1735789
2017-12-04 08:30:00,-1.1338785319340066,-1.1382983
2017-12-04 08:40:00,-1.074345845133705,-1.0979257
2017-12-04 08:50:00,-1.04416025885799,-1.0486765
2017-12-04 09:00:00,-0.9569574513049504,-1.0193524
2017-12-04 09:10:00,-0.8882013909204027,-0.9804444
2017-12-04 09:20:00,-0.8211223089294383,-0.9282304
2017-12-04 09:30:00,-0.7800363706758943,-0.8655173
2017-12-04 09:40:00,-0.7305655473457632,-0.7892247
2017-12-04 09:50:00,-0.6777407686067314,-0.7007415
2017-12-04 10:00:00,-0.5771221449311517,-0.6224709
2017-12-04 10:10:00,-0.4974657339470405,-0.5416395
2017-12-04 10:20:00,-0.4882423603627941,-0.46023574
2017-12-04 10:30:00,-0.4178093229629294,-0.38628438
2017-12-04 10:40:00,-0.3440223329106944,-0.3264809
2017-12-04 10:50:00,-0.289520578534611,-0.28754196
2017-12-04 11:00:00,-0.3020979061494921,-0.28162906
2017-12-04 11:10:00,-0.2652044104342422,-0.27498809
2017-12-04 11:20:00,-0.2568195253576546,-0.26570782
2017-12-04 11:30:00,-0.2626889449112657,-0.24574825
2017-12-04 11:40:00,-0.2475961517734087,-0.21761239
2017-12-04 11:50:00,-0.2073487020275235,-0.20675895
2017-12-04 12:00:00,-0.2098641675504999,-0.20774415
2017-12-04 12:10:00,-0.1679397407892971,-0.20144758
2017-12-04 12:20:00,-0.1436235726889282,-0.18588936
2017-12-04 12:30:00,-0.1587163672050512,-0.16079965
2017-12-04 12:40:00,-0.1394311301506347,-0.12794209
2017-12-04 12:50:00,-0.1335617105970236,-0.08985912
2017-12-04 13:00:00,-0.131884733581706,-0.06817383
2017-12-04 13:10:00,-0.1645857867586624,-0.051928744
2017-12-04 13:20:00,-0.20315625948923,-0.039205246
2017-12-04 13:30:00,-0.2207645181500634,-0.030367471
2017-12-04 13:40:00,-0.2626889449112657,-0.022388287
2017-12-04 13:50:00,-0.2610119678959486,-0.016050927
2017-12-04 14:00:00,-0.1914174190037422,-0.02447427
2017-12-04 14:10:00,-0.1956098615420357,-0.03714151
2017-12-04 14:20:00,-0.1922559075114005,-0.055558957
2017-12-04 14:30:00,-0.2048332365045471,-0.07572689
2017-12-04 14:40:00,-0.211541144565817,-0.095622204
2017-12-04 14:50:00,-0.2534655713270199,-0.11343018
2017-12-04 15:00:00,-0.2886820900269523,-0.13806018
2017-12-04 15:10:00,-0.2526270828193611,-0.16437915
2017-12-04 15:20:00,-0.2719123184955121,-0.19102183
2017-12-04 15:30:00,-0.2903590670422699,-0.2151654
2017-12-04 15:40:00,-0.2979054636111986,-0.23484227
2017-12-04 15:50:00,-0.3004209291341745,-0.24763009
2017-12-04 16:00:00,-0.3314450052958134,-0.26057705
2017-12-04 16:10:00,-0.2995824406265157,-0.27226058
2017-12-04 16:20:00,-0.3113212797337385,-0.27747318
2017-12-04 16:30:00,-0.2802972035720992,-0.27705362
2017-12-04 16:40:00,-0.20315625948923,-0.2645346
2017-12-04 16:50:00,-0.1427850841812694,-0.21959326
2017-12-04 17:00:00,-0.0396509949827138,-0.17617899
2017-12-04 17:10:00,0.2387271978295813,-0.098386385
2017-12-04 17:20:00,0.664679373502876,0.04043486
2017-12-04 17:30:00,0.949765475754706,0.26366094
2017-12-04 17:40:00,1.0009132761001542,0.54329467
2017-12-04 17:50:00,1.0051057186384482,0.78470546
2017-12-04 18:00:00,0.9447345433304882,0.8502986
2017-12-04 18:10:00,0.9506039642623648,0.9091014
2017-12-04 18:20:00,0.9338341927309236,0.9570391
2017-12-04 18:30:00,0.9355111697462414,0.99131864
2017-12-04 18:40:00,0.9405421007921942,1.0054832
2017-12-04 18:50:00,0.8994561625386507,1.0034585
2017-12-04 19:00:00,0.8910712774620626,0.9972175
2017-12-04 19:10:00,0.8902327889544038,0.9951364
2017-12-04 19:20:00,0.8734630188012297,0.9929494
2017-12-04 19:30:00,0.8122533549856108,0.98779786
2017-12-04 19:40:00,0.7803907916945783,0.97933334
2017-12-04 19:50:00,0.7896141652788241,0.96494794
2017-12-04 20:00:00,0.7686519512090909,0.95799303
2017-12-04 20:10:00,0.8088994009549756,0.95047724
2017-12-04 20:20:00,0.8340540575630028,0.94104177
2017-12-04 20:30:00,0.8256691724864157,0.92527133
2017-12-04 20:40:00,0.8047069584166816,0.89718825
2017-12-04 20:50:00,0.7267275244478876,0.85513175
2017-12-04 21:00:00,0.6747412355947806,0.8029169
2017-12-04 21:10:00,0.6227549467416736,0.71833676
2017-12-04 21:20:00,0.5078820184358952,0.602102
2017-12-04 21:30:00,0.4290640959594424,0.47441772
2017-12-04 21:40:00,0.3544386160212836,0.352872
2017-12-04 21:50:00,0.3519231504983072,0.2397537
2017-12-04 22:00:00,0.2957444191069062,0.14074832
2017-12-04 22:10:00,0.2219574276764062,0.029715374
2017-12-04 22:20:00,0.0953456588851395,-0.09721411
2017-12-04 22:30:00,0.0450363470473501,-0.2447173
2017-12-04 22:40:00,-0.0824139102515749,-0.40430552
2017-12-04 22:50:00,-0.2257954491960158,-0.55639035
2017-12-04 23:00:00,-0.3121597682413968,-0.66222006
2017-12-04 23:10:00,-0.4228402553871472,-0.7572072
2017-12-04 23:20:00,-0.5444210917541956,-0.8493945
2017-12-04 23:30:00,-0.6249159912459655,-0.93636733
2017-12-04 23:40:00,-0.7213421723832513,-1.0153177
2017-12-04 23:50:00,-0.8244762629600729,-1.0807105
2017-12-05 00:00:00,-0.9049711624518428,-1.1258878
2017-12-05 00:10:00,-0.9812736180270536,-1.1633822
2017-12-05 00:20:00,-1.05086816691926,-1.1923227
2017-12-05 00:30:00,-1.1439403940259112,-1.2143463
2017-12-05 00:40:00,-1.172449004664574,-1.2309648
2017-12-05 00:50:00,-1.2303047130712927,-1.2439405
2017-12-05 01:00:00,-1.2739061168478123,-1.2488467
2017-12-05 01:10:00,-1.3300848482392136,-1.2554281
2017-12-05 01:20:00,-1.3443391528694124,-1.2638265
2017-12-05 01:30:00,-1.4055488166850312,-1.2741936
2017-12-05 01:40:00,-1.4281880063918169,-1.2863716
2017-12-05 01:50:00,-1.4726278986759958,-1.2991818
2017-12-05 02:00:00,-1.4826897621461663,-1.3075486
2017-12-05 02:10:00,-1.4885591816997774,-1.3164637
2017-12-05 02:20:00,-1.4961055782687058,-1.3251668
2017-12-05 02:30:00,-1.521260234876734,-1.332868
2017-12-05 02:40:00,-1.5438994245835198,-1.3397256
2017-12-05 02:50:00,-1.5824698973140874,-1.3454164
2017-12-05 03:00:00,-1.5749235007451583,-1.3473107
2017-12-05 03:10:00,-1.610140019445091,-1.3490009
2017-12-05 03:20:00,-1.6126554849680674,-1.349774
2017-12-05 03:30:00,-1.5975626904519442,-1.3503575
2017-12-05 03:40:00,-1.634456186167195,-1.3507655
2017-12-05 03:50:00,-1.639487117213147,-1.3522109
2017-12-05 04:00:00,-1.6218788585523136,-1.3605924
2017-12-05 04:10:00,-1.6185249045216783,-1.3605893
2017-12-05 04:20:00,-1.621040370044655,-1.3528935
2017-12-05 04:30:00,-1.6319407206442185,-1.3411163
2017-12-05 04:40:00,-1.6319407206442185,-1.3234903
2017-12-05 04:50:00,-1.6000781559749206,-1.2911868
2017-12-05 05:00:00,-1.5816314088064285,-1.2121726
2017-12-05 05:10:00,-1.552284309660107,-1.0967761
2017-12-05 05:20:00,-1.5447379130911785,-1.028377
2017-12-05 05:30:00,-1.4910746472227534,-1.0916742
2017-12-05 05:40:00,-1.356916481862559,-1.2391045
2017-12-05 05:50:00,-1.3736862520157336,-1.3819393
2017-12-05 06:00:00,-1.3728477635080747,-1.3861728
2017-12-05 06:10:00,-1.3594319473855347,-1.3852613
2017-12-05 06:20:00,-1.3560779933549,-1.3784348
2017-12-05 06:30:00,-1.3577549703702172,-1.3660814
2017-12-05 06:40:00,-1.4198031213152298,-1.3482708
2017-12-05 06:50:00,-1.527129654430345,-1.3255204
2017-12-05 07:00:00,-1.4793358081155312,-1.3095165
2017-12-05 07:10:00,-1.4248340523611822,-1.2877101
2017-12-05 07:20:00,-1.3602704358931936,-1.2599485
2017-12-05 07:30:00,-1.351885550816606,-1.2271227
2017-12-05 07:40:00,-1.4105797477309836,-1.1891032
2017-12-05 07:50:00,-1.4424423124002812,-1.1458993
2017-12-05 08:00:00,-1.2940298410316224,-1.122984
2017-12-05 08:10:00,-1.18838028631009,-1.0958914
2017-12-05 08:20:00,-1.1221396914485189,-1.0625582
2017-12-05 08:30:00,-1.074345845133705,-1.0250092
2017-12-05 08:40:00,-1.0416447933350144,-0.98342365
2017-12-05 08:50:00,-0.9770811754887602,-0.93764037
2017-12-05 09:00:00,-0.908325116482478,-0.91603005
2017-12-05 09:10:00,-0.8529848722204704,-0.88230985
2017-12-05 09:20:00,-0.8118989339669264,-0.8394401
2017-12-05 09:30:00,-0.6987029826764655,-0.7888347
2017-12-05 09:40:00,-0.6291084337842591,-0.7285562
2017-12-05 09:50:00,-0.5670602828392469,-0.6580627
2017-12-05 10:00:00,-0.5217819020474094,-0.59953743
2017-12-05 10:10:00,-0.4857268948398182,-0.53823465
2017-12-05 10:20:00,-0.4270326979254408,-0.4747102
2017-12-05 10:30:00,-0.3540841950025996,-0.41192344
2017-12-05 10:40:00,-0.3423453558953773,-0.35475618
2017-12-05 10:50:00,-0.2752662725261469,-0.30989638
2017-12-05 11:00:00,-0.1998023054585948,-0.29584134
2017-12-05 11:10:00,-0.1763246258658847,-0.28405052
2017-12-05 11:20:00,-0.1821940454194958,-0.2614348
2017-12-05 11:30:00,-0.1687782292969559,-0.22759089
2017-12-05 11:40:00,-0.1209843829821425,-0.19092742
2017-12-05 11:50:00,-0.1310462450740472,-0.17184746
2017-12-05 12:00:00,-0.1385926416429759,-0.165795
2017-12-05 12:10:00,-0.1293692680587295,-0.15425304
2017-12-05 12:20:00,-0.1025376344353847,-0.13588098
2017-12-05 12:30:00,-0.0924757723434796,-0.11377124
2017-12-05 12:40:00,-0.0572592536435472,-0.08843047
2017-12-05 12:50:00,-0.0748675136826461,-0.059008993
2017-12-05 13:00:00,-0.0782214677132814,-0.045341782
2017-12-05 13:10:00,-0.088283329805186,-0.038748406
2017-12-05 13:20:00,-0.1134379864132137,-0.03668327
2017-12-05 13:30:00,-0.1503314807501982,-0.03420198
2017-12-05 13:40:00,-0.2039947479968888,-0.030446798
2017-12-05 13:50:00,-0.2098641675504999,-0.026776843
2017-12-05 14:00:00,-0.20315625948923,-0.03896015
2017-12-05 14:10:00,-0.1847095109424723,-0.058039896
2017-12-05 14:20:00,-0.1998023054585948,-0.08026422
2017-12-05 14:30:00,-0.1536854347808334,-0.103013255
2017-12-05 14:40:00,-0.1771631143735435,-0.1251021
2017-12-05 14:50:00,-0.211541144565817,-0.1449914
2017-12-05 15:00:00,-0.2316648687496269,-0.16750383
2017-12-05 15:10:00,-0.281135692079758,-0.18983808
2017-12-05 15:20:00,-0.3020979061494921,-0.21002471
2017-12-05 15:30:00,-0.3255755843639367,-0.2283611
2017-12-05 15:40:00,-0.3775618745953097,-0.24193037
2017-12-05 15:50:00,-0.389300713702532,-0.25155264
2017-12-05 16:00:00,-0.4127783919169766,-0.2604597
2017-12-05 16:10:00,-0.371692453663433,-0.26713505
2017-12-05 16:20:00,-0.3456993099260121,-0.26949963
2017-12-05 16:30:00,-0.2668813874495598,-0.26262394
2017-12-05 16:40:00,-0.1972868385573533,-0.22903907
2017-12-05 16:50:00,-0.1520084577655158,-0.1489254
2017-12-05 17:00:00,-0.0790599562209397,-0.08893857
2017-12-05 17:10:00,0.1523628787841993,0.011822816
2017-12-05 17:20:00,0.5716071463962245,0.16922045
2017-12-05 17:30:00,0.8516623162238367,0.38705102
2017-12-05 17:40:00,0.9598273378466108,0.63025266
2017-12-05 17:50:00,0.9707276884461742,0.8401024
2017-12-05 18:00:00,0.9405421007921942,0.9103222
2017-12-05 18:10:00,0.9480884973611224,0.9728438
2017-12-05 18:20:00,0.9472500088534636,1.0187508
2017-12-05 18:30:00,0.954796406800658,1.0478727
2017-12-05 18:40:00,0.8969406970156742,1.0540752
2017-12-05 18:50:00,0.9070025604858448,1.0473658
2017-12-05 19:00:00,0.8994561625386507,1.0397353
2017-12-05 19:10:00,0.8709475532782532,1.0342187
2017-12-05 19:20:00,0.8457928966702251,1.0269938
2017-12-05 19:30:00,0.8223152184557805,1.0158502
2017-12-05 19:40:00,0.7996760273707297,1.0013107
2017-12-05 19:50:00,0.7938066078171181,0.9832505
2017-12-05 20:00:00,0.7787138146792606,0.9737317
2017-12-05 20:10:00,0.8189612644251463,0.95941687
2017-12-05 20:20:00,0.8323770805476852,0.94055396
2017-12-05 20:30:00,0.8038684699090228,0.9138268
2017-12-05 20:40:00,0.7745213721409676,0.8824614
2017-12-05 20:50:00,0.6957034496645148,0.84327173
2017-12-05 21:00:00,0.6403632067807725,0.7989841
2017-12-05 21:10:00,0.6043081995731809,0.72378
2017-12-05 21:20:00,0.5380676047116092,0.6095601
2017-12-05 21:30:00,0.478534919289574,0.47469524
2017-12-05 21:40:00,0.404747927859073,0.3400282
2017-12-05 21:50:00,0.3863011806905813,0.21152109
2017-12-05 22:00:00,0.3452152424370378,0.09583544
2017-12-05 22:10:00,0.2538199923457039,-0.032676198
2017-12-05 22:20:00,0.1414625281846358,-0.17977703
2017-12-05 22:30:00,0.0257511113711995,-0.34518754
2017-12-05 22:40:00,-0.0698365826366938,-0.5092022
2017-12-05 22:50:00,-0.1612318327280272,-0.6488843
2017-12-05 23:00:00,-0.2861666231257103,-0.7365165
2017-12-05 23:10:00,-0.3951701332561431,-0.81889695
2017-12-05 23:20:00,-0.4597337497241317,-0.9044636
2017-12-05 23:30:00,-0.6005998245238622,-0.9805284
2017-12-05 23:40:00,-0.7054108907377354,-1.0470892
2017-12-05 23:50:00,-0.8085449799362916,-1.1012257
2017-12-06 00:00:00,-0.9016172070429428,-1.1393868
2017-12-06 00:10:00,-1.0039128091121057,-1.1743788
2017-12-06 00:20:00,-1.0324214183725025,-1.2021552
2017-12-06 00:30:00,-1.086084685619193,-1.2238809
2017-12-06 00:40:00,-1.1892187748177487,-1.2397966
2017-12-06 00:50:00,-1.202634590940289,-1.2532848
2017-12-06 01:00:00,-1.2621672777405903,-1.2596542
2017-12-06 01:10:00,-1.3099611240554037,-1.266713
2017-12-06 01:20:00,-1.3711707864927571,-1.2739501
2017-12-06 01:30:00,-1.3854250911229558,-1.281864
2017-12-06 01:40:00,-1.41309521325396,-1.2917057
2017-12-06 01:50:00,-1.4516656859845276,-1.3020159
2017-12-06 02:00:00,-1.4784973196078723,-1.3082551
2017-12-06 02:10:00,-1.521260234876734,-1.3154322
2017-12-06 02:20:00,-1.572408035222182,-1.323385
2017-12-06 02:30:00,-1.5581537292137184,-1.3311466
2017-12-06 02:40:00,-1.590016293883016,-1.3382268
2017-12-06 02:50:00,-1.5967242019442855,-1.3438395
2017-12-06 03:00:00,-1.6302637436289007,-1.3460991
2017-12-06 03:10:00,-1.6176864160140196,-1.3480926
2017-12-06 03:20:00,-1.633617697659536,-1.3493158
2017-12-06 03:30:00,-1.6411640942284642,-1.3500342
2017-12-06 03:40:00,-1.6319407206442185,-1.3506029
2017-12-06 03:50:00,-1.6235558355676307,-1.3516039
2017-12-06 04:00:00,-1.6168479275063607,-1.3592149
2017-12-06 04:10:00,-1.6260713010906072,-1.3586675
2017-12-06 04:20:00,-1.614332461983385,-1.350247
2017-12-06 04:30:00,-1.6185249045216783,-1.336733
2017-12-06 04:40:00,-1.6084630410515084,-1.3191032
2017-12-06 04:50:00,-1.577438966268135,-1.2880867
2017-12-06 05:00:00,-1.5405454705528845,-1.2062438
2017-12-06 05:10:00,-1.5397069820452265,-1.0779681
2017-12-06 05:20:00,-1.5464148901064956,-0.99837655
2017-12-06 05:30:00,-1.5070059288682698,-1.0543301
2017-12-06 05:40:00,-1.395486954593126,-1.204468
2017-12-06 05:50:00,-1.4147721902692771,-1.3563607
2017-12-06 06:00:00,-1.4273495178841582,-1.3603501
2017-12-06 06:10:00,-1.3871020681382735,-1.3601815
2017-12-06 06:20:00,-1.346016131262995,-1.3555583
2017-12-06 06:30:00,-1.3384697333158009,-1.3461661
2017-12-06 06:40:00,-1.4281880063918169,-1.3317474
2017-12-06 06:50:00,-1.5279681429380034,-1.3136271
2017-12-06 07:00:00,-1.5002980208069998,-1.3020134
2017-12-06 07:10:00,-1.4793358081155312,-1.285154
2017-12-06 07:20:00,-1.43657289284667,-1.2617348
2017-12-06 07:30:00,-1.3988409086237612,-1.232141
2017-12-06 07:40:00,-1.4298649834071346,-1.1986822
2017-12-06 07:50:00,-1.4508271974768687,-1.157269
2017-12-06 08:00:00,-1.384586602615297,-1.1321937
2017-12-06 08:10:00,-1.278098559386106,-1.1017722
2017-12-06 08:20:00,-1.1799954012335028,-1.0702627
2017-12-06 08:30:00,-1.0953080592034388,-1.0348291
2017-12-06 08:40:00,-1.0181671137423036,-0.99543995
2017-12-06 08:50:00,-0.9821121065347124,-0.95005196
2017-12-06 09:00:00,-0.9301258176816052,-0.9273106
2017-12-06 09:10:00,-0.8085449799362916,-0.8927328
2017-12-06 09:20:00,-0.7255346149215454,-0.84601814
2017-12-06 09:30:00,-0.7045724022300767,-0.7938058
2017-12-06 09:40:00,-0.6224005257229891,-0.73555845
2017-12-06 09:50:00,-0.6156926176617192,-0.6716445
2017-12-06 10:00:00,-0.5611908632856358,-0.6210417
2017-12-06 10:10:00,-0.5502905113078068,-0.56873566
2017-12-06 10:20:00,-0.5117200399555047,-0.50977856
2017-12-06 10:30:00,-0.4270326979254408,-0.45045927
2017-12-06 10:40:00,-0.3960086217638019,-0.39891955
2017-12-06 10:50:00,-0.3633075685868455,-0.35730645
2017-12-06 11:00:00,-0.3733694306787506,-0.3465146
2017-12-06 11:10:00,-0.3306065167881545,-0.33212784
2017-12-06 11:20:00,-0.289520578534611,-0.31076005
2017-12-06 11:30:00,-0.255142548342337,-0.27521518
2017-12-06 11:40:00,-0.2450806862504323,-0.23335451
2017-12-06 11:50:00,-0.2299878917343093,-0.20882499
2017-12-06 12:00:00,-0.2475961517734087,-0.20097676
2017-12-06 12:10:00,-0.1989638169509359,-0.1903142
2017-12-06 12:20:00,-0.1712936948199324,-0.17523998
2017-12-06 12:30:00,-0.1914174190037422,-0.15475905
2017-12-06 12:40:00,-0.1637472982510036,-0.12782472
2017-12-06 12:50:00,-0.1285307795510712,-0.096928425
2017-12-06 13:00:00,-0.1243383370127772,-0.08278472
2017-12-06 13:10:00,-0.1209843829821425,-0.07145003
2017-12-06 13:20:00,-0.1377541531353171,-0.061517484
2017-12-06 13:30:00,-0.1419465956736106,-0.05553378
2017-12-06 13:40:00,-0.1562009016820748,-0.05120424
2017-12-06 13:50:00,-0.1603933442203684,-0.049299434
2017-12-06 14:00:00,-0.1679397407892971,-0.06259095
2017-12-06 14:10:00,-0.144462061196587,-0.08577376
2017-12-06 14:20:00,-0.1595548557127101,-0.11793984
2017-12-06 14:30:00,-0.2048332365045471,-0.15251788
2017-12-06 14:40:00,-0.2048332365045471,-0.1872563
2017-12-06 14:50:00,-0.2350188227802621,-0.2191289
2017-12-06 15:00:00,-0.2777817380491232,-0.25431007
2017-12-06 15:10:00,-0.289520578534611,-0.2909146
2017-12-06 15:20:00,-0.3046133716724686,-0.32305545
2017-12-06 15:30:00,-0.315513722272032,-0.3466641
2017-12-06 15:40:00,-0.3406683788800597,-0.36365047
2017-12-06 15:50:00,-0.386785248179556,-0.37116823
2017-12-06 16:00:00,-0.3960086217638019,-0.3756738
2017-12-06 16:10:00,-0.3448608214183533,-0.37424946
2017-12-06 16:20:00,-0.3440223329106944,-0.36529624
2017-12-06 16:30:00,-0.2836511576027344,-0.34652093
2017-12-06 16:40:00,-0.1998023054585948,-0.3070386
2017-12-06 16:50:00,-0.1721321833275912,-0.23037687
2017-12-06 17:00:00,-0.053905299612912,-0.16435632
2017-12-06 17:10:00,0.1817099779305215,-0.069025375
2017-12-06 17:20:00,0.6185625042033795,0.06953826
2017-12-06 17:30:00,0.8726245302935709,0.25949636
2017-12-06 17:40:00,0.9388651237768766,0.48813298
2017-12-06 17:50:00,0.949765475754706,0.70621616
2017-12-06 18:00:00,0.9531194297853404,0.79876703
2017-12-06 18:10:00,0.9489269872470472,0.8824107
2017-12-06 18:20:00,0.9472500088534636,0.95391625
2017-12-06 18:30:00,0.9640197803849048,1.0087748
2017-12-06 18:40:00,0.941380589299853,1.0362295
2017-12-06 18:50:00,0.9145489570547732,1.0376008
2017-12-06 19:00:00,0.920418376608384,1.0325367
2017-12-06 19:10:00,0.911195003024138,1.0255893
2017-12-06 19:20:00,0.9170644225777496,1.0164024
2017-12-06 19:30:00,0.8541777817468131,1.0033922
2017-12-06 19:40:00,0.8105763779702932,0.98670655
2017-12-06 19:50:00,0.7870986997558487,0.9648946
2017-12-06 20:00:00,0.7518821810559158,0.9525245
2017-12-06 20:10:00,0.8248306839787569,0.93751997
2017-12-06 20:20:00,0.8424389426395908,0.9191026
2017-12-06 20:30:00,0.8256691724864157,0.8953405
2017-12-06 20:40:00,0.785421722740531,0.86286193
2017-12-06 20:50:00,0.7024113577257842,0.82064074
2017-12-06 21:00:00,0.6412016952884314,0.77440864
2017-12-06 21:10:00,0.6227549467416736,0.7015527
2017-12-06 21:20:00,0.5674147038579315,0.5918981
2017-12-06 21:30:00,0.5020125975040185,0.460466
2017-12-06 21:40:00,0.4433184005896411,0.32596365
2017-12-06 21:50:00,0.4257101419288072,0.19180748
2017-12-06 22:00:00,0.3686929206514823,0.06443856
2017-12-06 22:10:00,0.2890365110456367,-0.08065107
2017-12-06 22:20:00,0.1892563744994498,-0.24174747
2017-12-06 22:30:00,0.0953456588851395,-0.41399086
2017-12-06 22:40:00,-0.0304276213984674,-0.57343704
2017-12-06 22:50:00,-0.125176825520436,-0.7033399
2017-12-06 23:00:00,-0.2584965023729722,-0.7824611
2017-12-06 23:10:00,-0.3809158286259444,-0.8560531
2017-12-06 23:20:00,-0.5033351535006516,-0.9263531
2017-12-06 23:30:00,-0.6249159912459655,-0.99113196
2017-12-06 23:40:00,-0.7037339137224179,-1.0475687
2017-12-06 23:50:00,-0.7850673017218466,-1.0987917
2017-12-07 00:00:00,-0.893232321966355,-1.1376454
2017-12-07 00:10:00,-0.977919663996419,-1.1715394
2017-12-07 00:20:00,-1.0617685175188236,-1.1992728
2017-12-07 00:30:00,-1.1137548063719311,-1.2191268
2017-12-07 00:40:00,-1.1741259816798917,-1.2341241
2017-12-07 00:50:00,-1.2219198279947052,-1.2490304
2017-12-07 01:00:00,-1.314992055101356,-1.257814
2017-12-07 01:10:00,-1.3367927563004836,-1.266512
2017-12-07 01:20:00,-1.3795556715693449,-1.274829
2017-12-07 01:30:00,-1.4097412592233247,-1.2830993
2017-12-07 01:40:00,-1.4449577779232576,-1.2917838
2017-12-07 01:50:00,-1.4843667391614834,-1.3003845
2017-12-07 02:00:00,-1.4986210437916825,-1.3048846
2017-12-07 02:10:00,-1.5397069820452265,-1.3111428
2017-12-07 02:20:00,-1.6067860640361906,-1.3178135
2017-12-07 02:30:00,-1.7032122465517423,-1.3239588
2017-12-07 02:40:00,-1.6923118945739128,-1.3294272
2017-12-07 02:50:00,-1.6478720022897342,-1.3335332
2017-12-07 03:00:00,-1.6646417738211747,-1.3341292
2017-12-07 03:10:00,-1.6696727048671272,-1.3351586
2017-12-07 03:20:00,-1.6587723542675636,-1.3362219
2017-12-07 03:30:00,-1.6713496818824447,-1.3367606
2017-12-07 03:40:00,-1.7090816661053536,-1.3364499
2017-12-07 03:50:00,-1.6688342163594685,-1.3366622
2017-12-07 04:00:00,-1.6512259563203695,-1.343125
2017-12-07 04:10:00,-1.6688342163594685,-1.3402331
2017-12-07 04:20:00,-1.6663187508364918,-1.329365
2017-12-07 04:30:00,-1.6352946746748531,-1.3147379
2017-12-07 04:40:00,-1.6537414232216108,-1.2940612
2017-12-07 04:50:00,-1.642002582736123,-1.2586471
2017-12-07 05:00:00,-1.6126554849680674,-1.1725416
2017-12-07 05:10:00,-1.6076245525438495,-1.0499982
2017-12-07 05:20:00,-1.622717347059972,-0.97565514
2017-12-07 05:30:00,-1.577438966268135,-1.0282904
2017-12-07 05:40:00,-1.4592120825534558,-1.181976
2017-12-07 05:50:00,-1.44328080090794,-1.3395981
2017-12-07 06:00:00,-1.4617275480764322,-1.3444823
2017-12-07 06:10:00,-1.470950921660678,-1.3448681
2017-12-07 06:20:00,-1.4047103281773723,-1.3408797
2017-12-07 06:30:00,-1.393809977577809,-1.3331535
2017-12-07 06:40:00,-1.4223185868382058,-1.3217496
2017-12-07 06:50:00,-1.5631846602596708,-1.307101
2017-12-07 07:00:00,-1.535514539506932,-1.3009713
2017-12-07 07:10:00,-1.4935901127457298,-1.2893746
2017-12-07 07:20:00,-1.462566036584091,-1.2695792
2017-12-07 07:30:00,-1.4558581285228211,-1.242643
2017-12-07 07:40:00,-1.4852052276691423,-1.2097919
2017-12-07 07:50:00,-1.511198371406563,-1.1685541
2017-12-07 08:00:00,-1.3837481141076382,-1.1409719
2017-12-07 08:10:00,-1.3107996125630623,-1.1062049
2017-12-07 08:20:00,-1.2126964544104588,-1.0683563
2017-12-07 08:30:00,-1.1732874931722328,-1.0269966
2017-12-07 08:40:00,-1.088600151142169,-0.98234504
2017-12-07 08:50:00,-1.038290839304379,-0.93153054
2017-12-07 09:00:00,-0.9393491912658514,-0.9069579
2017-12-07 09:10:00,-0.8462769641592004,-0.8780418
2017-12-07 09:20:00,-0.7942906753060929,-0.8447134
2017-12-07 09:30:00,-0.6760637915914143,-0.80694216
2017-12-07 09:40:00,-0.6618094869612156,-0.7611501
2017-12-07 09:50:00,-0.588860984038374,-0.70984834
2017-12-07 10:00:00,-0.5938919150843267,-0.6725004
2017-12-07 10:10:00,-0.5133970169708219,-0.634502
2017-12-07 10:20:00,-0.4622492152471081,-0.5892016
2017-12-07 10:30:00,-0.4035550183327307,-0.5396958
2017-12-07 10:40:00,-0.3708539651557743,-0.48947147
2017-12-07 10:50:00,-0.3691769881404567,-0.44556573
2017-12-07 11:00:00,-0.3431838444030357,-0.43113682
2017-12-07 11:10:00,-0.2517885943117023,-0.4116371
2017-12-07 11:20:00,-0.2442421977427735,-0.38408315
2017-12-07 11:30:00,-0.2241184721806982,-0.34422457
2017-12-07 11:40:00,-0.1746476488505671,-0.2969343
2017-12-07 11:50:00,-0.1805170684041782,-0.26776296
2017-12-07 12:00:00,-0.2308263802419681,-0.25519076
2017-12-07 12:10:00,-0.1721321833275912,-0.24164334
2017-12-07 12:20:00,-0.1570393901897336,-0.22436544
2017-12-07 12:30:00,-0.1821940454194958,-0.20381746
2017-12-07 12:40:00,-0.1671012522816383,-0.17825323
2017-12-07 12:50:00,-0.188063464973107,-0.14680848
2017-12-07 13:00:00,-0.224956960688357,-0.13077664
2017-12-07 13:10:00,-0.2618504564036069,-0.118344374
2017-12-07 13:20:00,-0.2693968529725357,-0.10568348
2017-12-07 13:30:00,-0.2601734793882898,-0.09235332
2017-12-07 13:40:00,-0.3121597682413968,-0.08222104
2017-12-07 13:50:00,-0.3490532639566473,-0.0734388
2017-12-07 14:00:00,-0.2987439521188574,-0.08360947
2017-12-07 14:10:00,-0.3062903486877857,-0.10030902
2017-12-07 14:20:00,-0.3121597682413968,-0.122270785
2017-12-07 14:30:00,-0.3096443027184209,-0.14587
2017-12-07 14:40:00,-0.2861666231257103,-0.17161527
2017-12-07 14:50:00,-0.3431838444030357,-0.19702217
2017-12-07 15:00:00,-0.3876237366872144,-0.23016343
2017-12-07 15:10:00,-0.3607921030638696,-0.26276487
2017-12-07 15:20:00,-0.3666615226174807,-0.2911634
2017-12-07 15:30:00,-0.4018780413174131,-0.31634584
2017-12-07 15:40:00,-0.4169708344552706,-0.33129653
2017-12-07 15:50:00,-0.4127783919169766,-0.3375864
2017-12-07 16:00:00,-0.4178093229629294,-0.34023485
2017-12-07 16:10:00,-0.4136168804246354,-0.33784837
2017-12-07 16:20:00,-0.3725309421710919,-0.32575908
2017-12-07 16:30:00,-0.3431838444030357,-0.2984435
2017-12-07 16:40:00,-0.255142548342337,-0.24263552
2017-12-07 16:50:00,-0.1545239246667572,-0.13859794
2017-12-07 17:00:00,-0.0220427363218803,-0.06804664
2017-12-07 17:10:00,0.1959642825607192,0.031817146
2017-12-07 17:20:00,0.6219164582340149,0.17445716
2017-12-07 17:30:00,0.9095180260088204,0.35599813
2017-12-07 17:40:00,0.9833050160610554,0.55138034
2017-12-07 17:50:00,1.0017517646078131,0.720415
2017-12-07 18:00:00,0.9749201309844684,0.7817696
2017-12-07 18:10:00,0.9824665275533964,0.83037657
2017-12-07 18:20:00,0.9816280390457376,0.86913747
2017-12-07 18:30:00,0.9724046654614918,0.8983548
2017-12-07 18:40:00,0.9682122229231978,0.91100806
2017-12-07 18:50:00,0.9623428033695872,0.91231114
2017-12-07 19:00:00,0.954796406800658,0.9089205
2017-12-07 19:10:00,0.9556348953083168,0.90767264
2017-12-07 19:20:00,0.8910712774620626,0.9054721
2017-12-07 19:30:00,0.8617241796940074,0.9021885
2017-12-07 19:40:00,0.807222423939658,0.8975107
2017-12-07 19:50:00,0.7996760273707297,0.88749224
2017-12-07 20:00:00,0.781229280202237,0.88269424
2017-12-07 20:10:00,0.8407619656242733,0.87802064
2017-12-07 20:20:00,0.8382465001012969,0.87115556
2017-12-07 20:30:00,0.8307001035323686,0.85850406
2017-12-07 20:40:00,0.8013530043860464,0.83405495
2017-12-07 20:50:00,0.7569131121018676,0.7969071
2017-12-07 21:00:00,0.6713872815641454,0.7479381
2017-12-07 21:10:00,0.6420401837960902,0.6663491
2017-12-07 21:20:00,0.5925693590876926,0.5485776
2017-12-07 21:30:00,0.5196208575431175,0.4132618
2017-12-07 21:40:00,0.4382874695436882,0.27389285
2017-12-07 21:50:00,0.404747927859073,0.1340194
2017-12-07 22:00:00,0.3032908156758344,-0.0013887212
2017-12-07 22:10:00,0.2454351072691168,-0.15226045
2017-12-07 22:20:00,0.1909333515147674,-0.30809245
2017-12-07 22:30:00,0.1037305439617275,-0.45367464
2017-12-07 22:40:00,0.006465874316783,-0.5890124
2017-12-07 22:50:00,-0.1276922910434124,-0.7006525
2017-12-07 23:00:00,-0.2442421977427735,-0.77286357
2017-12-07 23:10:00,-0.3423453558953773,-0.837742
2017-12-07 23:20:00,-0.4555413071858382,-0.905902
2017-12-07 23:30:00,-0.549452022800148,-0.968779
2017-12-07 23:40:00,-0.650909136361652,-1.0282599
2017-12-07 23:50:00,-0.7649435761597717,-1.0788943
2017-12-08 00:00:00,-0.8529848722204704,-1.1125039
2017-12-08 00:10:00,-0.9301258176816052,-1.1424242
2017-12-08 00:20:00,-1.0064282746350814,-1.1681136
2017-12-08 00:30:00,-1.0676379370724347,-1.1915547
2017-12-08 00:40:00,-1.13136306641103,-1.2107679
2017-12-08 00:50:00,-1.179156912725844,-1.2245196
2017-12-08 01:00:00,-1.2244352935176814,-1.2292682
2017-12-08 01:10:00,-1.2688751858018603,-1.236456
2017-12-08 01:20:00,-1.3166690321166736,-1.2447989
2017-12-08 01:30:00,-1.365301366939146,-1.2565099
2017-12-08 01:40:00,-1.3736862520157336,-1.2679163
2017-12-08 01:50:00,-1.4080642822080072,-1.2807401
2017-12-08 02:00:00,-1.4508271974768687,-1.2884916
2017-12-08 02:10:00,-1.4659199906147258,-1.2988684
2017-12-08 02:20:00,-1.528806631445662,-1.30848
2017-12-08 02:30:00,-1.5606691947366944,-1.3175217
2017-12-08 02:40:00,-1.579954431791111,-1.3253988
2017-12-08 02:50:00,-1.5891778053753574,-1.3317237
2017-12-08 03:00:00,-1.622717347059972,-1.3335253
2017-12-08 03:10:00,-1.6319407206442185,-1.3352162
2017-12-08 03:20:00,-1.6378101401978296,-1.336532
2017-12-08 03:30:00,-1.6713496818824447,-1.3369377
2017-12-08 03:40:00,-1.6721881703901036,-1.3379896
2017-12-08 03:50:00,-1.6545799117292697,-1.3404511
2017-12-08 04:00:00,-1.6352946746748531,-1.3480688
2017-12-08 04:10:00,-1.652902933335687,-1.3469703
2017-12-08 04:20:00,-1.6352946746748531,-1.3387629
2017-12-08 04:30:00,-1.6311022321365596,-1.325997
2017-12-08 04:40:00,-1.6386486287054882,-1.3069118
2017-12-08 04:50:00,-1.6084630410515084,-1.2705861
2017-12-08 05:00:00,-1.585823851344722,-1.1719996
2017-12-08 05:10:00,-1.5740850122374996,-1.0148178
2017-12-08 05:20:00,-1.586662339852381,-0.9025488
2017-12-08 05:30:00,-1.583308385821746,-0.9615223
2017-12-08 05:40:00,-1.4575351055381387,-1.1442401
2017-12-08 05:50:00,-1.4516656859845276,-1.3295869
2017-12-08 06:00:00,-1.4734663871836544,-1.3341154
2017-12-08 06:10:00,-1.4575351055381387,-1.3320408
2017-12-08 06:20:00,-1.43657289284667,-1.3248858
2017-12-08 06:30:00,-1.3971639316084437,-1.3133996
2017-12-08 06:40:00,-1.4399268468773048,-1.2977873
2017-12-08 06:50:00,-1.5413839590605434,-1.2769471
2017-12-08 07:00:00,-1.528806631445662,-1.2669
2017-12-08 07:10:00,-1.4659199906147258,-1.2527161
2017-12-08 07:20:00,-1.4541811515075034,-1.2328705
2017-12-08 07:30:00,-1.460050571061115,-1.2058961
2017-12-08 07:40:00,-1.4852052276691423,-1.1709602
2017-12-08 07:50:00,-1.4902361587150943,-1.1304716
2017-12-08 08:00:00,-1.4307034719147933,-1.1119204
2017-12-08 08:10:00,-1.3250539171932614,-1.0876044
2017-12-08 08:20:00,-1.2185658739640703,-1.0540367
2017-12-08 08:30:00,-1.1347170204416652,-1.0124457
2017-12-08 08:40:00,-1.0735073566260465,-0.9686988
2017-12-08 08:50:00,-1.0366138622890615,-0.92030203
2017-12-08 09:00:00,-1.004751297619764,-0.8967148
2017-12-08 09:10:00,-0.8588542917740815,-0.862261
2017-12-08 09:20:00,-0.8160913778834854,-0.8213381
2017-12-08 09:30:00,-0.7682975301904065,-0.7788032
2017-12-08 09:40:00,-0.7397889209300095,-0.7311278
2017-12-08 09:50:00,-0.6517476248693108,-0.67979676
2017-12-08 10:00:00,-0.560352374777977,-0.64377373
2017-12-08 10:10:00,-0.5092045744325283,-0.60891026
2017-12-08 10:20:00,-0.5016581764853341,-0.570643
2017-12-08 10:30:00,-0.452187353155203,-0.52399915
2017-12-08 10:40:00,-0.4035550183327307,-0.4774054
2017-12-08 10:50:00,-0.3901392022101908,-0.43945447
2017-12-08 11:00:00,-0.3364759363417662,-0.4296227
2017-12-08 11:10:00,-0.3322834938034721,-0.4156389
2017-12-08 11:20:00,-0.2937130210729046,-0.39126387
2017-12-08 11:30:00,-0.2534655713270199,-0.35419723
2017-12-08 11:40:00,-0.2148950985964523,-0.3134049
2017-12-08 11:50:00,-0.2450806862504323,-0.29018107
2017-12-08 12:00:00,-0.333121982311131,-0.28255874
2017-12-08 12:10:00,-0.4345790944943695,-0.27130532
2017-12-08 12:20:00,-0.386785248179556,-0.25545335
2017-12-08 12:30:00,-0.4119399034093183,-0.23614606
2017-12-08 12:40:00,-0.4002010643020955,-0.20978197
2017-12-08 12:50:00,-0.4119399034093183,-0.17630118
2017-12-08 13:00:00,-0.3943316447484843,-0.15730545
2017-12-08 13:10:00,-0.3440223329106944,-0.14413252
2017-12-08 13:20:00,-0.3230601188409608,-0.13160479
2017-12-08 13:30:00,-0.3549226835102584,-0.11982364
2017-12-08 13:40:00,-0.3356374478341074,-0.10898537
2017-12-08 13:50:00,-0.3666615226174807,-0.10210491
2017-12-08 14:00:00,-0.3943316447484843,-0.107086964
2017-12-08 14:10:00,-0.3784003631029685,-0.118473716
2017-12-08 14:20:00,-0.3934931562408255,-0.1372408
2017-12-08 14:30:00,-0.408585949378683,-0.16037235
2017-12-08 14:40:00,-0.3809158286259444,-0.18647021
2017-12-08 14:50:00,-0.3934931562408255,-0.2119933
2017-12-08 15:00:00,-0.4924348029010881,-0.23907599
2017-12-08 15:10:00,-0.452187353155203,-0.27030906
2017-12-08 15:20:00,-0.4144553689322942,-0.29933017
2017-12-08 15:30:00,-0.4312251404637348,-0.32385358
2017-12-08 15:40:00,-0.4572182842011553,-0.34018746
2017-12-08 15:50:00,-0.4882423603627941,-0.3521014
2017-12-08 16:00:00,-0.4639261936406907,-0.3677548
2017-12-08 16:10:00,-0.4697956131943019,-0.3893453
2017-12-08 16:20:00,-0.4706341017019607,-0.40992048
2017-12-08 16:30:00,-0.3859467596718973,-0.42640257
2017-12-08 16:40:00,-0.3364759363417662,-0.42860177
2017-12-08 16:50:00,-0.2752662725261469,-0.39474383
2017-12-08 17:00:00,-0.16626276377398,-0.37528133
2017-12-08 17:10:00,0.0659985597388182,-0.32613719
2017-12-08 17:20:00,0.4592496822351574,-0.23087588
2017-12-08 17:30:00,0.785421722740531,-0.072314
2017-12-08 17:40:00,0.8667551107399593,0.14525408
2017-12-08 17:50:00,0.8726245302935709,0.38957086
2017-12-08 18:00:00,0.8265076609940746,0.49237674
2017-12-08 18:10:00,0.8483083621932015,0.6171261
2017-12-08 18:20:00,0.8558547587621308,0.7267776
2017-12-08 18:30:00,0.8726245302935709,0.816276
2017-12-08 18:40:00,0.881009415370158,0.87521774
2017-12-08 18:50:00,0.8583702242851062,0.9061604
2017-12-08 19:00:00,0.819799752932804,0.9139678
2017-12-08 19:10:00,0.8256691724864157,0.9155578
2017-12-08 19:20:00,0.8122533549856108,0.9123096
2017-12-08 19:30:00,0.7778753261716018,0.91006595
2017-12-08 19:40:00,0.7451742729946453,0.9062866
2017-12-08 19:50:00,0.7543976465788922,0.90186507
2017-12-08 20:00:00,0.7401433419486935,0.9007612
2017-12-08 20:10:00,0.811414866477952,0.8973506
2017-12-08 20:20:00,0.837408011593638,0.8918071
2017-12-08 20:30:00,0.7845832342328722,0.88099736
2017-12-08 20:40:00,0.737627876425717,0.860751
2017-12-08 20:50:00,0.7049268232487607,0.82937187
2017-12-08 21:00:00,0.6403632067807725,0.79195464
2017-12-08 21:10:00,0.564899238334955,0.7247339
2017-12-08 21:20:00,0.5380676047116092,0.61974365
2017-12-08 21:30:00,0.4642806146593752,0.49294832
2017-12-08 21:40:00,0.4475108431279351,0.36779234
2017-12-08 21:50:00,0.4148097899509786,0.25019333
2017-12-08 22:00:00,0.3586310585595776,0.14368811
2017-12-08 22:10:00,0.3041293041834932,0.032592442
2017-12-08 22:20:00,0.2026721920002547,-0.091252424
2017-12-08 22:30:00,0.1339161316157076,-0.2396937
2017-12-08 22:40:00,0.0374899504784218,-0.3957011
2017-12-08 22:50:00,-0.0706750711443526,-0.5435124
2017-12-08 23:00:00,-0.1612318327280272,-0.6462055
2017-12-08 23:10:00,-0.259334990880631,-0.73766327
2017-12-08 23:20:00,-0.3373144248494245,-0.82980746
2017-12-08 23:30:00,-0.4438024680786154,-0.92294496
2017-12-08 23:40:00,-0.5938919150843267,-1.0066952
2017-12-08 23:50:00,-0.7037339137224179,-1.0733808
2017-12-09 00:00:00,-0.7867442787371641,-1.1167705
2017-12-09 00:10:00,-0.8404075446055893,-1.1527315
2017-12-09 00:20:00,-0.9234179096203352,-1.1816329
2017-12-09 00:30:00,-0.9988818780661528,-1.205505
2017-12-09 00:40:00,-1.0693149140877525,-1.2247251
2017-12-09 00:50:00,-1.1263321353650777,-1.2387944
2017-12-09 01:00:00,-1.2001191254173122,-1.2444099
2017-12-09 01:10:00,-1.265521231771225,-1.2525878
2017-12-09 01:20:00,-1.3116381010707214,-1.2614942
2017-12-09 01:30:00,-1.3074456585324274,-1.2707177
2017-12-09 01:40:00,-1.3619474129085112,-1.280314
2017-12-09 01:50:00,-1.44328080090794,-1.2909468
2017-12-09 02:00:00,-1.4617275480764322,-1.2974415
2017-12-09 02:10:00,-1.4919131357304125,-1.30599
2017-12-09 02:20:00,-1.552284309660107,-1.3148438
2017-12-09 02:30:00,-1.5782774547757932,-1.3219072
2017-12-09 02:40:00,-1.602593621497897,-1.327938
2017-12-09 02:50:00,-1.626909789598266,-1.3332103
2017-12-09 03:00:00,-1.6017551329902384,-1.3344594
2017-12-09 03:10:00,-1.6235558355676307,-1.3347224
2017-12-09 03:20:00,-1.6118169964604083,-1.3344066
2017-12-09 03:30:00,-1.6327792091518771,-1.3333908
2017-12-09 03:40:00,-1.6537414232216108,-1.3332857
2017-12-09 03:50:00,-1.6621263082981983,-1.3342279
2017-12-09 04:00:00,-1.657095377252246,-1.3402256
2017-12-09 04:10:00,-1.6679957278518096,-1.3359834
2017-12-09 04:20:00,-1.6554184002369283,-1.3232232
2017-12-09 04:30:00,-1.6587723542675636,-1.3057011
2017-12-09 04:40:00,-1.6445180482590995,-1.281828
2017-12-09 04:50:00,-1.6118169964604083,-1.240361
2017-12-09 05:00:00,-1.6285867666135831,-1.1394612
2017-12-09 05:10:00,-1.620201881536996,-0.99176544
2017-12-09 05:20:00,-1.6017551329902384,-0.8964383
2017-12-09 05:30:00,-1.5807929202987696,-0.95675987
2017-12-09 05:40:00,-1.4491502204615512,-1.1317464
2017-12-09 05:50:00,-1.4047103281773723,-1.3130027
2017-12-09 06:00:00,-1.4499887089692098,-1.327849
2017-12-09 06:10:00,-1.4416038238926223,-1.3360524
2017-12-09 06:20:00,-1.421480098330547,-1.3386825
2017-12-09 06:30:00,-1.4550196400151625,-1.3369802
2017-12-09 06:40:00,-1.542222447568202,-1.3311943
2017-12-09 06:50:00,-1.6688342163594685,-1.3189441
2017-12-09 07:00:00,-1.721658993720235,-1.3118243
2017-12-09 07:10:00,-1.7040507350594007,-1.2990679
2017-12-09 07:20:00,-1.6696727048671272,-1.2781588
2017-12-09 07:30:00,-1.6436795597514406,-1.2497522
2017-12-09 07:40:00,-1.6503874678127106,-1.2127382
2017-12-09 07:50:00,-1.6076245525438495,-1.1706952
2017-12-09 08:00:00,-1.511198371406563,-1.1459078
2017-12-09 08:10:00,-1.4843667391614834,-1.1157719
2017-12-09 08:20:00,-1.3963254431007848,-1.0812585
2017-12-09 08:30:00,-1.3242154286856025,-1.0430653
2017-12-09 08:40:00,-1.2529439027780784,-1.0036963
2017-12-09 08:50:00,-1.2126964544104588,-0.9585964
2017-12-09 09:00:00,-1.0793767761796575,-0.9362435
2017-12-09 09:10:00,-0.9376722142505338,-0.90355986
2017-12-09 09:20:00,-0.8756240633055217,-0.8653297
2017-12-09 09:30:00,-0.8194453319141206,-0.8231389
2017-12-09 09:40:00,-0.7515277600372318,-0.7749675
2017-12-09 09:50:00,-0.6961875171534891,-0.717645
2017-12-09 10:00:00,-0.6743868145760966,-0.6717494
2017-12-09 10:10:00,-0.6123386636310845,-0.624145
2017-12-09 10:20:00,-0.5528059782090482,-0.57334363
2017-12-09 10:30:00,-0.4697956131943019,-0.52283806
2017-12-09 10:40:00,-0.3909776907178496,-0.47569194
2017-12-09 10:50:00,-0.3574381490332344,-0.4426166
2017-12-09 11:00:00,-0.3364759363417662,-0.44466063
2017-12-09 11:10:00,-0.3062903486877857,-0.44990888
2017-12-09 11:20:00,-0.2987439521188574,-0.4494008
2017-12-09 11:30:00,-0.2769432495414645,-0.43097132
2017-12-09 11:40:00,-0.2308263802419681,-0.40030906
2017-12-09 11:50:00,-0.2400497538262145,-0.3836955
2017-12-09 12:00:00,-0.1838710224348134,-0.37891018
2017-12-09 12:10:00,-0.2132181215811347,-0.3672556
2017-12-09 12:20:00,-0.162070321235686,-0.34781024
2017-12-09 12:30:00,-0.1226613599974596,-0.32086533
2017-12-09 12:40:00,-0.0614516961818407,-0.28779536
2017-12-09 12:50:00,-0.064805650212476,-0.25070676
2017-12-09 13:00:00,-0.0438434375210073,-0.22892016
2017-12-09 13:10:00,-0.0455204145363249,-0.21213755
2017-12-09 13:20:00,-0.0765444906979637,-0.19772768
2017-12-09 13:30:00,-0.0857678642822096,-0.18283918
2017-12-09 13:40:00,-0.0975067033894319,-0.1673648
2017-12-09 13:50:00,-0.1436235726889282,-0.156932
2017-12-09 14:00:00,-0.144462061196587,-0.16457939
2017-12-09 14:10:00,-0.144462061196587,-0.17563584
2017-12-09 14:20:00,-0.1763246258658847,-0.1930081
2017-12-09 14:30:00,-0.1930943960190593,-0.21188518
2017-12-09 14:40:00,-0.2442421977427735,-0.22998664
2017-12-09 14:50:00,-0.2299878917343093,-0.24479714
2017-12-09 15:00:00,-0.2257954491960158,-0.2672942
2017-12-09 15:10:00,-0.211541144565817,-0.29363385
2017-12-09 15:20:00,-0.2693968529725357,-0.31931093
2017-12-09 15:30:00,-0.2911975555499286,-0.3400153
2017-12-09 15:40:00,-0.315513722272032,-0.3536562
2017-12-09 15:50:00,-0.2844896461103932,-0.35886255
2017-12-09 16:00:00,-0.2987439521188574,-0.35643777
2017-12-09 16:10:00,-0.2861666231257103,-0.3487681
2017-12-09 16:20:00,-0.266042898941901,-0.330188
2017-12-09 16:30:00,-0.2065102135198647,-0.29495707
2017-12-09 16:40:00,-0.1109225208902373,-0.22912607
2017-12-09 16:50:00,-0.0337815754291026,-0.11345414
2017-12-09 17:00:00,0.0467133240626677,-0.02184286
2017-12-09 17:10:00,0.2546584808533627,0.10584248
2017-12-09 17:20:00,0.5976002915119114,0.28197694
2017-12-09 17:30:00,0.8323770805476852,0.5023376
2017-12-09 17:40:00,0.919579888100726,0.7301577
2017-12-09 17:50:00,0.8893943004467451,0.91723293
2017-12-09 18:00:00,0.9053255834705274,0.983828
2017-12-09 18:10:00,0.8835248808931344,1.0485134
2017-12-09 18:20:00,0.8835248808931344,1.0941888
2017-12-09 18:30:00,0.8927482544773803,1.1153549
2017-12-09 18:40:00,0.885201857908452,1.1117938
2017-12-09 18:50:00,0.8483083621932015,1.0921762
2017-12-09 19:00:00,0.8231537069634394,1.0738424
2017-12-09 19:10:00,0.8650781337246416,1.0564226
2017-12-09 19:20:00,0.8139303320009275,1.0390669
2017-12-09 19:30:00,0.8382465001012969,1.017874
2017-12-09 19:40:00,0.7996760273707297,0.99041325
2017-12-09 19:50:00,0.7627825316554793,0.96254843
2017-12-09 20:00:00,0.7644595086707969,0.9455321
2017-12-09 20:10:00,0.751043692548257,0.92776924
2017-12-09 20:20:00,0.7242120589249121,0.90979797
2017-12-09 20:30:00,0.7141501968330065,0.8880672
2017-12-09 20:40:00,0.7284045028414712,0.8586311
2017-12-09 20:50:00,0.6504250688726773,0.8167815
2017-12-09 21:00:00,0.6177240156957208,0.7693555
2017-12-09 21:10:00,0.5875384280417407,0.6952638
2017-12-09 21:20:00,0.5489679553111727,0.5919079
2017-12-09 21:30:00,0.5070435285499704,0.4707174
2017-12-09 21:40:00,0.4776964307819151,0.346323
2017-12-09 21:50:00,0.4584111937274986,0.22050986
2017-12-09 22:00:00,0.4064249048743906,0.10346081
2017-12-09 22:10:00,0.3410227998987437,-0.029532641
2017-12-09 22:20:00,0.2513045268227274,-0.18594632
2017-12-09 22:30:00,0.1917718400224262,-0.36602482
2017-12-09 22:40:00,0.1037305439617275,-0.54743344
2017-12-09 22:50:00,0.0341359964477866,-0.70492685
2017-12-09 23:00:00,-0.1042146114507018,-0.8030986
2017-12-09 23:10:00,-0.1998023054585948,-0.8876126
2017-12-09 23:20:00,-0.2928745325652457,-0.9705679
2017-12-09 23:30:00,-0.4060704838557066,-1.0444258
2017-12-09 23:40:00,-0.4957887569317229,-1.1075832
2017-12-09 23:50:00,-0.597245870493227,-1.1560017
2017-12-10 00:00:00,-0.7196651953679342,-1.1872916
2017-12-10 00:10:00,-0.7582356680985017,-1.2148949
2017-12-10 00:20:00,-0.8404075446055893,-1.2358664
2017-12-10 00:30:00,-0.9183869785743828,-1.2518592
2017-12-10 00:40:00,-0.9871430375806648,-1.2654055
2017-12-10 00:50:00,-1.0533836324422363,-1.2769037
2017-12-10 01:00:00,-1.1363939974569828,-1.2826213
2017-12-10 01:10:00,-1.2017961024326298,-1.2889962
2017-12-10 01:20:00,-1.2185658739640703,-1.2943449
2017-12-10 01:30:00,-1.253782391285737,-1.3010072
2017-12-10 01:40:00,-1.302414727486475,-1.3075608
2017-12-10 01:50:00,-1.3166690321166736,-1.3139278
2017-12-10 02:00:00,-1.352724039324265,-1.316696
2017-12-10 02:10:00,-1.4298649834071346,-1.3198885
2017-12-10 02:20:00,-1.44328080090794,-1.3239237
2017-12-10 02:30:00,-1.4608890595687734,-1.3274139
2017-12-10 02:40:00,-1.4793358081155312,-1.3299323
2017-12-10 02:50:00,-1.4977825552840234,-1.3301686
2017-12-10 03:00:00,-1.5388684935375674,-1.3268886
2017-12-10 03:10:00,-1.5631846602596708,-1.3233781
2017-12-10 03:20:00,-1.6193633930293372,-1.3185203
2017-12-10 03:30:00,-1.6596108427752223,-1.3131179
2017-12-10 03:40:00,-1.683088520989667,-1.3082312
2017-12-10 03:50:00,-1.677219101436056,-1.3056437
2017-12-10 04:00:00,-1.6738651474054207,-1.3063974
2017-12-10 04:10:00,-1.6478720022897342,-1.2943252
2017-12-10 04:20:00,-1.6554184002369283,-1.269279
2017-12-10 04:30:00,-1.6118169964604083,-1.2368249
2017-12-10 04:40:00,-1.6042705985132142,-1.1934072
2017-12-10 04:50:00,-1.598401178959603,-1.1211663
2017-12-10 05:00:00,-1.6218788585523136,-0.9521634
2017-12-10 05:10:00,-1.6084630410515084,-0.73606175
2017-12-10 05:20:00,-1.6093015295591666,-0.6417789
2017-12-10 05:30:00,-1.584146874329405,-0.75441307
2017-12-10 05:40:00,-1.4885591816997774,-1.0044928
2017-12-10 05:50:00,-1.464243013599409,-1.2493833
2017-12-10 06:00:00,-1.499459532299341,-1.2657894
2017-12-10 06:10:00,-1.5011365093146587,-1.2768515
2017-12-10 06:20:00,-1.4919131357304125,-1.280399
2017-12-10 06:30:00,-1.5070059288682698,-1.2765833
2017-12-10 06:40:00,-1.626909789598266,-1.2669514
2017-12-10 06:50:00,-1.806346335750298,-1.252614
2017-12-10 07:00:00,-1.962305203687886,-1.2481514
2017-12-10 07:10:00,-1.9924907899636009,-1.2382087
2017-12-10 07:20:00,-2.034415216724803,-1.2222565
2017-12-10 07:30:00,-2.0168069580639694,-1.2034816
2017-12-10 07:40:00,-1.9950062554865764,-1.178945
2017-12-10 07:50:00,-1.9757210198104251,-1.1487286
2017-12-10 08:00:00,-1.934635081556882,-1.1365811
2017-12-10 08:10:00,-1.8801333271807985,-1.1166197
2017-12-10 08:20:00,-1.7962844736583934,-1.0912648
2017-12-10 08:30:00,-1.756875512420167,-1.0578811
2017-12-10 08:40:00,-1.681411543974349,-1.0167317
2017-12-10 08:50:00,-1.627748278105925,-0.96299237
2017-12-10 09:00:00,-1.512036859914222,-0.93690664
2017-12-10 09:10:00,-1.445796266430916,-0.90258646
2017-12-10 09:20:00,-1.3342772907775071,-0.8599295
2017-12-10 09:30:00,-1.2152119199334352,-0.80804724
2017-12-10 09:40:00,-1.1498098135795225,-0.7515022
2017-12-10 09:50:00,-1.0324214183725025,-0.69149643
2017-12-10 10:00:00,-0.9200639555897004,-0.64587724
2017-12-10 10:10:00,-0.8186068434064618,-0.59765804
2017-12-10 10:20:00,-0.7355964783917155,-0.5450466
2017-12-10 10:30:00,-0.6810947226373666,-0.49818382
2017-12-10 10:40:00,-0.6349778533378703,-0.46012858
2017-12-10 10:50:00,-0.5930534265766679,-0.4342781
2017-12-10 11:00:00,-0.4924348029010881,-0.4516162
2017-12-10 11:10:00,-0.4588952612164729,-0.4788114
2017-12-10 11:20:00,-0.4077474608710242,-0.5055378
2017-12-10 11:30:00,-0.3675000111251395,-0.5171161
2017-12-10 11:40:00,-0.3691769881404567,-0.5076993
2017-12-10 11:50:00,-0.3658230341098219,-0.50832075
2017-12-10 12:00:00,-0.3993625757944372,-0.52441543
2017-12-10 12:10:00,-0.4002010643020955,-0.5328733
2017-12-10 12:20:00,-0.4127783919169766,-0.5313265
2017-12-10 12:30:00,-0.4765035212555719,-0.5177099
2017-12-10 12:40:00,-0.5284898101086793,-0.49339846
2017-12-10 12:50:00,-0.5066891075312864,-0.46292004
2017-12-10 13:00:00,-0.4890808488704529,-0.4519749
2017-12-10 13:10:00,-0.5050121305159693,-0.44546583
2017-12-10 13:20:00,-0.5343592296622904,-0.43469933
2017-12-10 13:30:00,-0.5142355054784806,-0.42251188
2017-12-10 13:40:00,-0.5175894595091158,-0.40662348
2017-12-10 13:50:00,-0.4983042224546993,-0.38607118
2017-12-10 14:00:00,-0.4773420097632306,-0.38211396
2017-12-10 14:10:00,-0.4689571246866436,-0.37554297
2017-12-10 14:20:00,-0.4555413071858382,-0.37006694
2017-12-10 14:30:00,-0.5033351535006516,-0.3624284
2017-12-10 14:40:00,-0.579637610454128,-0.35654885
2017-12-10 14:50:00,-0.6089847096004493,-0.35281104
2017-12-10 15:00:00,-0.6333008763225526,-0.36402097
2017-12-10 15:10:00,-0.6735483260684378,-0.3740493
2017-12-10 15:20:00,-0.6383318073685055,-0.38193297
2017-12-10 15:30:00,-0.6517476248693108,-0.38153768
2017-12-10 15:40:00,-0.6819332111450254,-0.3725373
2017-12-10 15:50:00,-0.7129572873066642,-0.3561449
2017-12-10 16:00:00,-0.7104418217836878,-0.33981046
2017-12-10 16:10:00,-0.731404035853422,-0.3190035
2017-12-10 16:20:00,-0.7171497298449577,-0.29069886
2017-12-10 16:30:00,-0.7012184481994419,-0.2523517
2017-12-10 16:40:00,-0.629946922291918,-0.20022377
2017-12-10 16:50:00,-0.5159124824937983,-0.12551385
2017-12-10 17:00:00,-0.4220017668794884,-0.07429623
2017-12-10 17:10:00,-0.2274724262113334,-0.008295648
2017-12-10 17:20:00,0.1817099779305215,0.0780102
2017-12-10 17:30:00,0.4550572396968634,0.19942164
2017-12-10 17:40:00,0.5590298187813434,0.3632892
2017-12-10 17:50:00,0.5967618030042526,0.5406328
2017-12-10 18:00:00,0.6051466880808397,0.5868486
2017-12-10 18:10:00,0.5892154050570584,0.6421553
2017-12-10 18:20:00,0.5623837728119786,0.7012598
2017-12-10 18:30:00,0.595084824610669,0.7588142
2017-12-10 18:40:00,0.5892154050570584,0.8072193
2017-12-10 18:50:00,0.6244319237569902,0.8359726
2017-12-10 19:00:00,0.6370092513718714,0.8361729
2017-12-10 19:10:00,0.68144914365605,0.8387732
2017-12-10 19:20:00,0.6739027470871218,0.8422086
2017-12-10 19:30:00,0.6739027470871218,0.8417023
2017-12-10 19:40:00,0.6537790229033125,0.8345677
2017-12-10 19:50:00,0.6915110071262207,0.81963414
2017-12-10 20:00:00,0.7225350819095946,0.794098
2017-12-10 20:10:00,0.6898340301109032,0.76295406
2017-12-10 20:20:00,0.6261089007723079,0.7248563
2017-12-10 20:30:00,0.6160470386804032,0.6872489
2017-12-10 20:40:00,0.6110161076344514,0.647338
2017-12-10 20:50:00,0.5598683072890022,0.59411055
2017-12-10 21:00:00,0.5288442311273633,0.5236234
2017-12-10 21:10:00,0.5137514379895058,0.42769626
2017-12-10 21:20:00,0.4718270112283035,0.29994705
2017-12-10 21:30:00,0.4475108431279351,0.15518656
2017-12-10 21:40:00,0.374562340205093,0.0023976676
2017-12-10 21:50:00,0.3326379148221566,-0.14549196
2017-12-10 22:00:00,0.2865210441443943,-0.27731183
2017-12-10 22:10:00,0.2269883587223591,-0.39800358
2017-12-10 22:20:00,0.1381085741540016,-0.51648164
2017-12-10 22:30:00,0.0441978585396913,-0.6374852
2017-12-10 22:40:00,-0.0681596056213762,-0.75471157
2017-12-10 22:50:00,-0.1746476488505671,-0.8591992
2017-12-10 23:00:00,-0.2400497538262145,-0.9186159
2017-12-10 23:10:00,-0.3398298903724009,-0.9792338
2017-12-10 23:20:00,-0.4136168804246354,-1.0567764
2017-12-10 23:30:00,-0.5201049250320918,-1.1286054
2017-12-10 23:40:00,-0.6400087857620881,-1.180341
2017-12-10 23:50:00,-0.702895425214759,-1.2145411
2017-12-11 00:00:00,-0.7758439281376007,-1.231705
2017-12-11 00:10:00,-0.8915553449510375,-1.2437525
2017-12-11 00:20:00,-0.9879815260883236,-1.2512316
2017-12-11 00:30:00,-1.0558990979652123,-1.2575725
2017-12-11 00:40:00,-1.115431783387249,-1.2629608
2017-12-11 00:50:00,-1.1758029586952088,-1.2691826
2017-12-11 01:00:00,-1.2194043624717288,-1.2709622
2017-12-11 01:10:00,-1.2579748352022964,-1.2747663
2017-12-11 01:20:00,-1.2864834444626938,-1.2790693
2017-12-11 01:30:00,-1.3577549703702172,-1.2851973
2017-12-11 01:40:00,-1.3678168324621225,-1.292333
2017-12-11 01:50:00,-1.4013563741467376,-1.300141
2017-12-11 02:00:00,-1.4248340523611822,-1.3041836
2017-12-11 02:10:00,-1.4818512736385077,-1.3081214
2017-12-11 02:20:00,-1.5019749978223174,-1.3117894
2017-12-11 02:30:00,-1.5036519748376345,-1.3161577
2017-12-11 02:40:00,-1.3686553209697812,-1.3209053
2017-12-11 02:50:00,-1.3552395048472412,-1.3248869
2017-12-11 03:00:00,-1.365301366939146,-1.3255603
2017-12-11 03:10:00,-1.393809977577809,-1.3263053
2017-12-11 03:20:00,-1.3871020681382735,-1.3260552
2017-12-11 03:30:00,-1.4281880063918169,-1.3244065
2017-12-11 03:40:00,-1.5028134863299758,-1.3218895
2017-12-11 03:50:00,-1.4944286012533887,-1.3197128
2017-12-11 04:00:00,-1.4717894101683369,-1.3214358
2017-12-11 04:10:00,-1.4474732434462334,-1.3105792
2017-12-11 04:20:00,-1.3921330005624912,-1.2881842
2017-12-11 04:30:00,-1.4784973196078723,-1.2595285
2017-12-11 04:40:00,-1.5388684935375674,-1.2200874
2017-12-11 04:50:00,-1.5564767521984009,-1.1534952
2017-12-11 05:00:00,-1.5380300050299085,-1.0051632
2017-12-11 05:10:00,-1.565700127160912,-0.81505877
2017-12-11 05:20:00,-1.56737710417623,-0.7328772
2017-12-11 05:30:00,-1.5380300050299085,-0.83916646
2017-12-11 05:40:00,-1.4399268468773048,-1.068335
2017-12-11 05:50:00,-1.382071137092321,-1.2913443
2017-12-11 06:00:00,-1.3728477635080747,-1.2966253
2017-12-11 06:10:00,-1.4164491672845947,-1.2978977
2017-12-11 06:20:00,-1.3334388022698485,-1.2937859
2017-12-11 06:30:00,-1.31247658957838,-1.2853478
2017-12-11 06:40:00,-1.4055488166850312,-1.2716204
2017-12-11 06:50:00,-1.527129654430345,-1.2499665
2017-12-11 07:00:00,-1.4919131357304125,-1.2333709
2017-12-11 07:10:00,-1.2646827432635663,-1.2024399
2017-12-11 07:20:00,-1.244559017701491,-1.1547421
2017-12-11 07:30:00,-1.1867033092947727,-1.0965532
2017-12-11 07:40:00,-1.194249705863701,-1.0318356
2017-12-11 07:50:00,-1.194249705863701,-0.9608701
2017-12-11 08:00:00,-1.0424832818426726,-0.91679645
2017-12-11 08:10:00,-0.9200639555897004,-0.8713761
2017-12-11 08:20:00,-0.8462769641592004,-0.82836586
2017-12-11 08:30:00,-0.7993216063520453,-0.7874411
2017-12-11 08:40:00,-0.7557202025755253,-0.740342
2017-12-11 08:50:00,-0.6525861133769691,-0.69141674
2017-12-11 09:00:00,-0.5351977181699493,-0.6886115
2017-12-11 09:10:00,-0.6198850602000132,-0.6808136
2017-12-11 09:20:00,-0.72218066089091,-0.6672042
2017-12-11 09:30:00,-0.6643249524841914,-0.64928216
2017-12-11 09:40:00,-0.5922149380690092,-0.62876385
2017-12-11 09:50:00,-0.5695757483622234,-0.5982804
2017-12-11 10:00:00,-0.4815344523015247,-0.5791184
2017-12-11 10:10:00,-0.4270326979254408,-0.5555796
2017-12-11 10:20:00,-0.3398298903724009,-0.5232105
2017-12-11 10:30:00,-0.2702353414801945,-0.47826782
2017-12-11 10:40:00,-0.2358573112879204,-0.4282116
2017-12-11 10:50:00,-0.1956098615420357,-0.3824912
2017-12-11 11:00:00,-0.1276922910434124,-0.3636054
2017-12-11 11:10:00,-0.0975067033894319,-0.3339839
2017-12-11 11:20:00,-0.0220427363218803,-0.29078373
2017-12-11 11:30:00,0.0492287895856441,-0.23056552
2017-12-11 11:40:00,0.0534212321239371,-0.15893632
2017-12-11 11:50:00,0.0903147278391876,-0.10243688
2017-12-11 12:00:00,0.1339161316157076,-0.059475735
2017-12-11 12:10:00,0.1607477652390523,-0.009047382
2017-12-11 12:20:00,0.1590707882237347,0.04113821
2017-12-11 12:30:00,0.1481704362459063,0.08581036
2017-12-11 12:40:00,0.1959642825607192,0.13235411
2017-12-11 12:50:00,0.1557168341931005,0.18860486
2017-12-11 13:00:00,0.1322391546003899,0.20606202
2017-12-11 13:10:00,0.0911532163468464,0.20746666
2017-12-11 13:20:00,0.0291050654018338,0.1965496
2017-12-11 13:30:00,-0.0002420337444874,0.16955394
2017-12-11 13:40:00,-0.0253966903525145,0.13346903
2017-12-11 13:50:00,-0.0346200639367609,0.091245346
2017-12-11 14:00:00,-0.0463589030439837,0.027188204
2017-12-11 14:10:00,-0.0740290251749873,-0.038746692
2017-12-11 14:20:00,-0.1234998485051184,-0.09873197
2017-12-11 14:30:00,-0.1788400913888611,-0.14999026
2017-12-11 14:40:00,-0.1930943960190593,-0.1937851
2017-12-11 14:50:00,-0.2148950985964523,-0.23242858
2017-12-11 15:00:00,-0.2098641675504999,-0.26160178
2017-12-11 15:10:00,-0.1629088097433448,-0.27882162
2017-12-11 15:20:00,-0.1478160152272218,-0.28661802
2017-12-11 15:30:00,-0.1411081071659523,-0.28655759
2017-12-11 15:40:00,-0.1788400913888611,-0.28069344
2017-12-11 15:50:00,-0.2090256790428411,-0.26451305
2017-12-11 16:00:00,-0.2610119678959486,-0.24640334
2017-12-11 16:10:00,-0.2769432495414645,-0.21717033
2017-12-11 16:20:00,-0.2425652207274559,-0.17426047
2017-12-11 16:30:00,-0.3054518601801269,-0.10846985
2017-12-11 16:40:00,-0.3616305915715284,-0.0053727776
2017-12-11 16:50:00,-0.3197061648103256,0.14428508
2017-12-11 17:00:00,-0.2065102135198647,0.30335918
2017-12-11 17:10:00,0.0743834461936713,0.46517304
2017-12-11 17:20:00,0.4340950270053952,0.63286716
2017-12-11 17:30:00,0.7560746235942098,0.8001103
2017-12-11 17:40:00,0.859208712792765,0.957738
2017-12-11 17:50:00,0.8432774311472496,1.0831071
2017-12-11 18:00:00,0.8751399958165473,1.1281312
2017-12-11 18:10:00,0.8701090647705945,1.1631223
2017-12-11 18:20:00,0.8734630188012297,1.1859646
2017-12-11 18:30:00,0.8525008047314956,1.1941084
2017-12-11 18:40:00,0.8583702242851062,1.1763185
2017-12-11 18:50:00,0.7946450963247769,1.1430856
2017-12-11 19:00:00,0.7845832342328722,1.1067921
2017-12-11 19:10:00,0.8541777817468131,1.0698384
2017-12-11 19:20:00,0.9531194297853404,1.036574
2017-12-11 19:30:00,0.9271262846696544,1.0022336
2017-12-11 19:40:00,0.8860403464161108,0.9723168
2017-12-11 19:50:00,0.8902327889544038,0.9453383
2017-12-11 20:00:00,0.8625626682016663,0.9367449
2017-12-11 20:10:00,0.9405421007921942,0.9267604
2017-12-11 20:20:00,0.9128719800394556,0.9119733
2017-12-11 20:30:00,0.8919097659697215,0.8913803
2017-12-11 20:40:00,0.8441159196549085,0.86260533
2017-12-11 20:50:00,0.8231537069634394,0.81856877
2017-12-11 21:00:00,0.7493667155329394,0.7638565
2017-12-11 21:10:00,0.7149886853406653,0.665677
2017-12-11 21:20:00,0.6881570530955855,0.5220063
2017-12-11 21:30:00,0.616885527188062,0.3490323
2017-12-11 21:40:00,0.5254902770967281,0.17239147
2017-12-11 21:50:00,0.4953046894427481,-0.012277864
2017-12-11 22:00:00,0.404747927859073,-0.18744782
2017-12-11 22:10:00,0.3686929206514823,-0.3683891
2017-12-11 22:20:00,0.248789061299751,-0.53128463
2017-12-11 22:30:00,0.1523628787841993,-0.65130216
2017-12-11 22:40:00,0.0425208815243737,-0.736893
2017-12-11 22:50:00,-0.0555822766282296,-0.8113294
2017-12-11 23:00:00,-0.1520084577655158,-0.87057245
2017-12-11 23:10:00,-0.2509501058040435,-0.9296947
2017-12-11 23:20:00,-0.3440223329106944,-0.98958653
2017-12-11 23:30:00,-0.4639261936406907,-1.0475808
2017-12-11 23:40:00,-0.6014383130315205,-1.0986089
2017-12-11 23:50:00,-0.702895425214759,-1.1393982
2017-12-12 00:00:00,-0.7976446293367276,-1.169103
2017-12-12 00:10:00,-0.8915553449510375,-1.192441
2017-12-12 00:20:00,-0.9770811754887602,-1.2085174
2017-12-12 00:30:00,-1.039129327812038,-1.2181253
2017-12-12 00:40:00,-1.10117747875705,-1.2243179
2017-12-12 00:50:00,-1.1623871411944031,-1.2279242
2017-12-12 01:00:00,-1.2059885449709238,-1.2260646
2017-12-12 01:10:00,-1.2319816900866098,-1.2317859
2017-12-12 01:20:00,-1.285644955955035,-1.2402436
2017-12-12 01:30:00,-1.329246359731555,-1.2487273
2017-12-12 01:40:00,-1.3686553209697812,-1.2597657
2017-12-12 01:50:00,-1.3988409086237612,-1.2716883
2017-12-12 02:00:00,-1.4298649834071346,-1.2778655
2017-12-12 02:10:00,-1.4449577779232576,-1.2849194
2017-12-12 02:20:00,-1.460050571061115,-1.2908946
2017-12-12 02:30:00,-1.5086829058835869,-1.297125
2017-12-12 02:40:00,-1.5170677909601744,-1.3051776
2017-12-12 02:50:00,-1.5162293024525155,-1.3143574
2017-12-12 03:00:00,-1.52377570039971,-1.3177102
2017-12-12 03:10:00,-1.5564767521984009,-1.3207947
2017-12-12 03:20:00,-1.566538615668571,-1.3231755
2017-12-12 03:30:00,-1.622717347059972,-1.3242522
2017-12-12 03:40:00,-1.640325605720806,-1.3239921
2017-12-12 03:50:00,-1.6612878197905396,-1.3248668
2017-12-12 04:00:00,-1.6688342163594685,-1.3259196
2017-12-12 04:10:00,-1.640325605720806,-1.3156933
2017-12-12 04:20:00,-1.639487117213147,-1.2915908
2017-12-12 04:30:00,-1.6260713010906072,-1.2569624
2017-12-12 04:40:00,-1.6009166444825795,-1.1941444
2017-12-12 04:50:00,-1.584146874329405,-1.0683314
2017-12-12 05:00:00,-1.566538615668571,-0.77050686
2017-12-12 05:10:00,-1.5606691947366944,-0.4836801
2017-12-12 05:20:00,-1.555638263690742,-0.4558296
2017-12-12 05:30:00,-1.5397069820452265,-0.6576704
2017-12-12 05:40:00,-1.465081502107067,-0.9763791
2017-12-12 05:50:00,-1.4005178856390788,-1.2848214
2017-12-12 06:00:00,-1.4332189388160348,-1.3019986
2017-12-12 06:10:00,-1.395486954593126,-1.312233
2017-12-12 06:20:00,-1.3661398554468047,-1.3157333
2017-12-12 06:30:00,-1.34937008529363,-1.3142926
2017-12-12 06:40:00,-1.36949380947744,-1.3043563
2017-12-12 06:50:00,-1.4659199906147258,-1.2875413
2017-12-12 07:00:00,-1.4667584791223844,-1.2811807
2017-12-12 07:10:00,-1.4164491672845947,-1.2646052
2017-12-12 07:20:00,-1.4332189388160348,-1.2359616
2017-12-12 07:30:00,-1.4072257937003487,-1.2001137
2017-12-12 07:40:00,-1.4634045250917498,-1.1649741
2017-12-12 07:50:00,-1.4684354561377022,-1.1280489
2017-12-12 08:00:00,-1.3485315967859717,-1.1184431
2017-12-12 08:10:00,-1.2512669257627609,-1.1032735
2017-12-12 08:20:00,-1.1984421484019951,-1.0846608
2017-12-12 08:30:00,-1.1799954012335028,-1.0608736
2017-12-12 08:40:00,-1.0835692200962166,-1.0321082
2017-12-12 08:50:00,-1.021521067772939,-0.99140996
2017-12-12 09:00:00,-0.9209024440973592,-0.96867675
2017-12-12 09:10:00,-0.7817133476912118,-0.93152744
2017-12-12 09:20:00,-0.6953490286458308,-0.8799615
2017-12-12 09:30:00,-0.6224005257229891,-0.8141951
2017-12-12 09:40:00,-0.6249159912459655,-0.7370935
2017-12-12 09:50:00,-0.5871840070230568,-0.6522551
2017-12-12 10:00:00,-0.5201049250320918,-0.5794758
2017-12-12 10:10:00,-0.4211632783718296,-0.50929296
2017-12-12 10:20:00,-0.3356374478341074,-0.43587175
2017-12-12 10:30:00,-0.2861666231257103,-0.36634257
2017-12-12 10:40:00,-0.2484346402810675,-0.30922422
2017-12-12 10:50:00,-0.2459191747580911,-0.26396394
2017-12-12 11:00:00,-0.1889019534807658,-0.24598381
2017-12-12 11:10:00,-0.1654242752663212,-0.22487915
2017-12-12 11:20:00,-0.1352386876123407,-0.20144665
2017-12-12 11:30:00,-0.0916372838358207,-0.17316952
2017-12-12 11:40:00,-0.0899603068205036,-0.1424442
2017-12-12 11:50:00,-0.0128193613593685,-0.13199627
2017-12-12 12:00:00,-0.0203657579282967,-0.13169414
2017-12-12 12:10:00,0.0098198283474172,-0.13047862
2017-12-12 12:20:00,-0.0119808728517097,-0.124019675
2017-12-12 12:30:00,-0.0815754217439161,-0.110493876
2017-12-12 12:40:00,-0.0731905366673285,-0.08883584
2017-12-12 12:50:00,-0.0639671617048171,-0.060888045
2017-12-12 13:00:00,-0.118468917459166,-0.041835465
2017-12-12 13:10:00,-0.0933142608511384,-0.025358796
2017-12-12 13:20:00,-0.0807369332362573,-0.0039248616
2017-12-12 13:30:00,-0.1285307795510712,0.019014806
2017-12-12 13:40:00,-0.1528469462731746,0.041854993
2017-12-12 13:50:00,-0.1629088097433448,0.061432146
2017-12-12 14:00:00,-0.1344001991046824,0.06470071
2017-12-12 14:10:00,-0.1344001991046824,0.062841654
2017-12-12 14:20:00,-0.1327232220893648,0.058764093
2017-12-12 14:30:00,-0.1369156646276583,0.053822137
2017-12-12 14:40:00,-0.3264140728715955,0.043581355
2017-12-12 14:50:00,-0.281135692079758,0.030297361
2017-12-12 15:00:00,-0.322221630333302,0.0077127814
2017-12-12 15:10:00,-0.322221630333302,-0.021588244
2017-12-12 15:20:00,-0.3297680269022308,-0.052563846
2017-12-12 15:30:00,-0.3255755843639367,-0.08085898
2017-12-12 15:40:00,-0.3809158286259444,-0.09974655
2017-12-12 15:50:00,-0.3431838444030357,-0.10834914
2017-12-12 16:00:00,-0.3272525613792543,-0.11501891
2017-12-12 16:10:00,-0.2735892955108292,-0.11894614
2017-12-12 16:20:00,-0.2408882423338733,-0.1200582
2017-12-12 16:30:00,-0.2283109147189922,-0.11856236
2017-12-12 16:40:00,-0.1520084577655158,-0.108525015
2017-12-12 16:50:00,-0.0924757723434796,-0.07614616
2017-12-12 17:00:00,0.0240741343558819,-0.05679681
2017-12-12 17:10:00,0.2135725425998191,-0.017975159
2017-12-12 17:20:00,0.5757995889345184,0.07728585
2017-12-12 17:30:00,0.954796406800658,0.30443862
2017-12-12 17:40:00,0.9916899011376424,0.67028314
2017-12-12 17:50:00,1.0109751381920589,0.9721365
2017-12-12 18:00:00,1.0118136266997175,1.0257665
2017-12-12 18:10:00,0.993366879531226,1.0741253
2017-12-12 18:20:00,0.9908514126299836,1.1138082
2017-12-12 18:30:00,0.9916899011376424,1.1432873
2017-12-12 18:40:00,0.9874974585993492,1.1501254
2017-12-12 18:50:00,0.9623428033695872,1.1351264
2017-12-12 19:00:00,0.9656967574002214,1.1216892
2017-12-12 19:10:00,0.9774355965074436,1.102424
2017-12-12 19:20:00,0.9740816424768096,1.0783671
2017-12-12 19:30:00,0.8818479038778168,1.0537798
2017-12-12 19:40:00,0.8323770805476852,1.0271193
2017-12-12 19:50:00,0.7996760273707297,0.9977631
2017-12-12 20:00:00,0.7669749741937734,0.9810677
2017-12-12 20:10:00,0.8248306839787569,0.9651384
2017-12-12 20:20:00,0.8441159196549085,0.94757706
2017-12-12 20:30:00,0.8097378894626345,0.92853504
2017-12-12 20:40:00,0.8122533549856108,0.908914
2017-12-12 20:50:00,0.7946450963247769,0.8783626
2017-12-12 21:00:00,0.7594285776248441,0.8424299
2017-12-12 21:10:00,0.7040883347411019,0.77602065
2017-12-12 21:20:00,0.6085006421114749,0.67649186
2017-12-12 21:30:00,0.530521208142681,0.56400645
2017-12-12 21:40:00,0.4273871189441248,0.46213675
2017-12-12 21:50:00,0.3754008300910177,0.37142727
2017-12-12 22:00:00,0.3091602352294461,0.29721802
2017-12-12 22:10:00,0.2378887093219225,0.22023031
2017-12-12 22:20:00,0.1523628787841993,0.12980005
2017-12-12 22:30:00,0.0265895998788573,0.019613817
2017-12-12 22:40:00,-0.0715135596520114,-0.10891562
2017-12-12 22:50:00,-0.1914174190037422,-0.24703637
2017-12-12 23:00:00,-0.2920360440575875,-0.34009784
2017-12-12 23:10:00,-0.3792388516106273,-0.42845076
2017-12-12 23:20:00,-0.4874038718551358,-0.53370094
2017-12-12 23:30:00,-0.6265929682612826,-0.64423794
2017-12-12 23:40:00,-0.7188267068602754,-0.74769765
2017-12-12 23:50:00,-0.7859057902295054,-0.84224063
2017-12-13 00:00:00,-0.8638852241982994,-0.9093523
2017-12-13 00:10:00,-0.9485725662283628,-0.9744677
2017-12-13 00:20:00,-1.008943740158058,-1.0346197
2017-12-13 00:30:00,-1.0793767761796575,-1.088307
2017-12-13 00:40:00,-1.1204627144332011,-1.1336954
2017-12-13 00:50:00,-1.1799954012335028,-1.1696151
2017-12-13 01:00:00,-1.2428820406861738,-1.1903864
2017-12-13 01:10:00,-1.291514375508646,-1.210725
2017-12-13 01:20:00,-1.340985198838777,-1.2310303
2017-12-13 01:30:00,-1.3745247405233925,-1.2493467
2017-12-13 01:40:00,-1.4608890595687734,-1.2689141
2017-12-13 01:50:00,-1.4919131357304125,-1.2882591
2017-12-13 02:00:00,-1.5128753484218809,-1.299095
2017-12-13 02:10:00,-1.5506073326447896,-1.3101386
2017-12-13 02:20:00,-1.590016293883016,-1.3218707
2017-12-13 02:30:00,-1.6118169964604083,-1.3335412
2017-12-13 02:40:00,-1.6151709504910436,-1.3440716
2017-12-13 02:50:00,-1.6260713010906072,-1.3528409
2017-12-13 03:00:00,-1.6352946746748531,-1.3573316
2017-12-13 03:10:00,-1.6847654980049849,-1.3610163
2017-12-13 03:20:00,-1.689796429050937,-1.3634058
2017-12-13 03:30:00,-1.7082431775976947,-1.3651181
2017-12-13 03:40:00,-1.700696781028766,-1.3682753
2017-12-13 03:50:00,-1.696504337112207,-1.3703843
2017-12-13 04:00:00,-1.6931503830815715,-1.379995
2017-12-13 04:10:00,-1.6956658486045482,-1.3842896
2017-12-13 04:20:00,-1.7099201546130125,-1.3835006
2017-12-13 04:30:00,-1.7074046890900358,-1.3780032
2017-12-13 04:40:00,-1.689796429050937,-1.3697597
2017-12-13 04:50:00,-1.680573055466691,-1.3563902
2017-12-13 05:00:00,-1.6713496818824447,-1.3269411
2017-12-13 05:10:00,-1.647033513782076,-1.2820252
2017-12-13 05:20:00,-1.6478720022897342,-1.2529951
2017-12-13 05:30:00,-1.626909789598266,-1.2814177
2017-12-13 05:40:00,-1.5170677909601744,-1.3546704
2017-12-13 05:50:00,-1.4223185868382058,-1.4232341
2017-12-13 06:00:00,-1.4273495178841582,-1.4311949
2017-12-13 06:10:00,-1.3854250911229558,-1.4364294
2017-12-13 06:20:00,-1.3476931082783126,-1.4392527
2017-12-13 06:30:00,-1.3300848482392136,-1.4395727
2017-12-13 06:40:00,-1.3594319473855347,-1.4363179
2017-12-13 06:50:00,-1.460050571061115,-1.4283375
2017-12-13 07:00:00,-1.4634045250917498,-1.4238867
2017-12-13 07:10:00,-1.382071137092321,-1.4150807
2017-12-13 07:20:00,-1.3711707864927571,-1.4005337
2017-12-13 07:30:00,-1.382909625599979,-1.3799995
2017-12-13 07:40:00,-1.3795556715693449,-1.3555428
2017-12-13 07:50:00,-1.3988409086237612,-1.3243383
2017-12-13 08:00:00,-1.2889989099856696,-1.3046602
2017-12-13 08:10:00,-1.229466224563634,-1.2781118
2017-12-13 08:20:00,-1.166579583732697,-1.2478341
2017-12-13 08:30:00,-1.1221396914485189,-1.2141132
2017-12-13 08:40:00,-0.9963664125431768,-1.1745559
2017-12-13 08:50:00,-0.9359952372352162,-1.1254083
2017-12-13 09:00:00,-0.9032941840582602,-1.0961399
2017-12-13 09:10:00,-0.813575910982244,-1.0574243
2017-12-13 09:20:00,-0.7641050876521129,-1.0085379
2017-12-13 09:30:00,-0.690318097599878,-0.95066637
2017-12-13 09:40:00,-0.616531106169378,-0.88060266
2017-12-13 09:50:00,-0.6265929682612826,-0.798875
2017-12-13 10:00:00,-0.5276513216010206,-0.72740936
2017-12-13 10:10:00,-0.4639261936406907,-0.6502839
2017-12-13 10:20:00,-0.3574381490332344,-0.55983436
2017-12-13 10:30:00,-0.3113212797337385,-0.4660298
2017-12-13 10:40:00,-0.2911975555499286,-0.38370004
2017-12-13 10:50:00,-0.2257954491960158,-0.31382838
2017-12-13 11:00:00,-0.2216030066577222,-0.27830854
2017-12-13 11:10:00,-0.224956960688357,-0.24342689
2017-12-13 11:20:00,-0.1562009016820748,-0.20522508
2017-12-13 11:30:00,-0.1067300769736783,-0.16216928
2017-12-13 11:40:00,-0.0773829792056225,-0.11808071
2017-12-13 11:50:00,-0.0924757723434796,-0.09444419
2017-12-13 12:00:00,-0.0790599562209397,-0.08184721
2017-12-13 12:10:00,-0.068998094129035,-0.070049874
2017-12-13 12:20:00,-0.0438434375210073,-0.056709975
2017-12-13 12:30:00,-0.0840908872668925,-0.040599726
2017-12-13 12:40:00,-0.0874448412975272,-0.018267527
2017-12-13 12:50:00,-0.0782214677132814,0.012110628
2017-12-13 13:00:00,-0.0958297263741148,0.030780513
2017-12-13 13:10:00,-0.1117610093978961,0.04202182
2017-12-13 13:20:00,-0.0983451918970907,0.05154594
2017-12-13 13:30:00,-0.151169969257857,0.06353941
2017-12-13 13:40:00,-0.1000221689124083,0.07208394
2017-12-13 13:50:00,-0.155362413174416,0.076561615
2017-12-13 14:00:00,-0.1729706718352495,0.06710803
2017-12-13 14:10:00,-0.2543040598346787,0.054595202
2017-12-13 14:20:00,-0.1746476488505671,0.040437117
2017-12-13 14:30:00,-0.2107026560581587,0.02663292
2017-12-13 14:40:00,-0.2006407939662536,0.007108964
2017-12-13 14:50:00,-0.2140566100887935,-0.012124568
2017-12-13 15:00:00,-0.2652044104342422,-0.03733211
2017-12-13 15:10:00,-0.2761047610338056,-0.0684795
2017-12-13 15:20:00,-0.2383727768108968,-0.10034964
2017-12-13 15:30:00,-0.2668813874495598,-0.1291689
2017-12-13 15:40:00,-0.285328134618052,-0.154253
2017-12-13 15:50:00,-0.3012594176418333,-0.17211607
2017-12-13 16:00:00,-0.3238986073486196,-0.1934892
2017-12-13 16:10:00,-0.2995824406265157,-0.21333405
2017-12-13 16:20:00,-0.2727508070031709,-0.22730678
2017-12-13 16:30:00,-0.2308263802419681,-0.22577092
2017-12-13 16:40:00,-0.162070321235686,-0.19931129
2017-12-13 16:50:00,-0.0933142608511384,-0.1250976
2017-12-13 17:00:00,-0.0329430869214438,-0.059831694
2017-12-13 17:10:00,0.2110570770768427,0.043371737
2017-12-13 17:20:00,0.5288442311273633,0.19504657
2017-12-13 17:30:00,0.8961022085080155,0.39537832
2017-12-13 17:40:00,1.045353168384333,0.61407214
2017-12-13 17:50:00,1.0738617776447303,0.80564624
2017-12-13 18:00:00,1.0445146798766742,0.8561201
2017-12-13 18:10:00,1.0386452603230636,0.90595204
2017-12-13 18:20:00,1.0361297934218212,0.94826883
2017-12-13 18:30:00,0.9690507114308566,0.9848683
2017-12-13 18:40:00,0.9707276884461742,1.0063913
2017-12-13 18:50:00,0.9765971079997858,1.0107403
2017-12-13 19:00:00,0.9967208335618604,1.0054884
2017-12-13 19:10:00,1.0084596726690835,1.0007001
2017-12-13 19:20:00,0.9992362990848368,0.9909045
2017-12-13 19:30:00,0.9908514126299836,0.98093337
2017-12-13 19:40:00,0.9522809412776816,0.9584474
2017-12-13 19:50:00,0.9514424527700236,0.93426216
2017-12-13 20:00:00,0.9254493076543366,0.9179974
2017-12-13 20:10:00,0.9422190778075118,0.9062091
2017-12-13 20:20:00,0.9472500088534636,0.88589907
2017-12-13 20:30:00,0.9321572157156072,0.8654849
2017-12-13 20:40:00,0.8868788349237696,0.8395999
2017-12-13 20:50:00,0.8533392932391544,0.8054335
2017-12-13 21:00:00,0.8063839354319992,0.77269864
2017-12-13 21:10:00,0.7401433419486935,0.7134609
2017-12-13 21:20:00,0.6655178620105348,0.62081933
2017-12-13 21:30:00,0.6235934352493324,0.50529724
2017-12-13 21:40:00,0.5221363230660939,0.37637305
2017-12-13 21:50:00,0.465119103167034,0.24512026
2017-12-13 22:00:00,0.4265486304364659,0.12717292
2017-12-13 22:10:00,0.32676849389028,-0.011653565
2017-12-13 22:20:00,0.2420811518602156,-0.17645937
2017-12-13 22:30:00,0.1456549707229298,-0.3508434
2017-12-13 22:40:00,0.0240741343558819,-0.5240801
2017-12-13 22:50:00,-0.1092455424966547,-0.6692843
2017-12-13 23:00:00,-0.2316648687496269,-0.74147373
2017-12-13 23:10:00,-0.3197061648103256,-0.8055079
2017-12-13 23:20:00,-0.419486301356512,-0.8661588
2017-12-13 23:30:00,-0.5511290011937306,-0.92941314
2017-12-13 23:40:00,-0.6609709984535568,-0.9817187
2017-12-13 23:50:00,-0.7473353174989378,-1.0247904
2017-12-14 00:00:00,-0.8295071940060252,-1.049687
2017-12-14 00:10:00,-0.9192254670820416,-1.0725979
2017-12-14 00:20:00,-0.9577959398126092,-1.0939773
2017-12-14 00:30:00,-1.048352701396284,-1.1105657
2017-12-14 00:40:00,-1.1036929442800263,-1.1259032
2017-12-14 00:50:00,-1.1431019055182527,-1.1391637
2017-12-14 01:00:00,-1.18838028631009,-1.1436517
2017-12-14 01:10:00,-1.2521054142704195,-1.1530176
2017-12-14 01:20:00,-1.298222283569916,-1.1658341
2017-12-14 01:30:00,-1.3166690321166736,-1.1807891
2017-12-14 01:40:00,-1.340985198838777,-1.1991466
2017-12-14 01:50:00,-1.393809977577809,-1.2199279
2017-12-14 02:00:00,-1.4634045250917498,-1.2322351
2017-12-14 02:10:00,-1.512036859914222,-1.2474662
2017-12-14 02:20:00,-1.529645119953321,-1.261556
2017-12-14 02:30:00,-1.555638263690742,-1.2754352
2017-12-14 02:40:00,-1.5782774547757932,-1.2882495
2017-12-14 02:50:00,-1.6000781559749206,-1.2994183
2017-12-14 03:00:00,-1.6302637436289007,-1.3034091
2017-12-14 03:10:00,-1.6495489793050515,-1.3066326
2017-12-14 03:20:00,-1.647033513782076,-1.3096122
2017-12-14 03:30:00,-1.636133163182512,-1.3127307
2017-12-14 03:40:00,-1.6445180482590995,-1.3159
2017-12-14 03:50:00,-1.6495489793050515,-1.3197278
2017-12-14 04:00:00,-1.6520644448280282,-1.3259606
2017-12-14 04:10:00,-1.633617697659536,-1.3209207
2017-12-14 04:20:00,-1.634456186167195,-1.3064114
2017-12-14 04:30:00,-1.614332461983385,-1.2852074
2017-12-14 04:40:00,-1.586662339852381,-1.2529095
2017-12-14 04:50:00,-1.562346171752012,-1.1934706
2017-12-14 05:00:00,-1.533837562491615,-1.0353628
2017-12-14 05:10:00,-1.521260234876734,-0.8266156
2017-12-14 05:20:00,-1.5153908139448569,-0.75785846
2017-12-14 05:30:00,-1.4919131357304125,-0.89080167
2017-12-14 05:40:00,-1.4164491672845947,-1.117797
2017-12-14 05:50:00,-1.365301366939146,-1.329992
2017-12-14 06:00:00,-1.4172876557922536,-1.3404189
2017-12-14 06:10:00,-1.3904560235471737,-1.3451713
2017-12-14 06:20:00,-1.3686553209697812,-1.3461362
2017-12-14 06:30:00,-1.340985198838777,-1.3402923
2017-12-14 06:40:00,-1.372009275000416,-1.3282458
2017-12-14 06:50:00,-1.432380448930111,-1.3094311
2017-12-14 07:00:00,-1.4206416098228882,-1.3002573
2017-12-14 07:10:00,-1.3896175350395148,-1.2851806
2017-12-14 07:20:00,-1.3921330005624912,-1.2641305
2017-12-14 07:30:00,-1.3736862520157336,-1.233848
2017-12-14 07:40:00,-1.41309521325396,-1.1967403
2017-12-14 07:50:00,-1.4340574273236937,-1.1548482
2017-12-14 08:00:00,-1.3384697333158009,-1.1331972
2017-12-14 08:10:00,-1.244559017701491,-1.1069868
2017-12-14 08:20:00,-1.1573562101484511,-1.0737907
2017-12-14 08:30:00,-1.11459329487959,-1.0346723
2017-12-14 08:40:00,-1.0064282746350814,-0.98865205
2017-12-14 08:50:00,-0.9485725662283628,-0.93307227
2017-12-14 09:00:00,-0.8655622012136169,-0.8961949
2017-12-14 09:10:00,-0.7607511336214777,-0.847831
2017-12-14 09:20:00,-0.7037339137224179,-0.792556
2017-12-14 09:30:00,-0.623239014230648,-0.7297867
2017-12-14 09:40:00,-0.5704142368698817,-0.66194457
2017-12-14 09:50:00,-0.5024966649929928,-0.58610606
2017-12-14 10:00:00,-0.4261942094177819,-0.52678686
2017-12-14 10:10:00,-0.3540841950025996,-0.46993765
2017-12-14 10:20:00,-0.296228486595881,-0.41318575
2017-12-14 10:30:00,-0.2442421977427735,-0.35858598
2017-12-14 10:40:00,-0.2165720756117699,-0.31181255
2017-12-14 10:50:00,-0.2065102135198647,-0.27465066
2017-12-14 11:00:00,-0.2484346402810675,-0.2635883
2017-12-14 11:10:00,-0.1612318327280272,-0.25009853
2017-12-14 11:20:00,-0.1310462450740472,-0.22928521
2017-12-14 11:30:00,-0.1478160152272218,-0.20200405
2017-12-14 11:40:00,-0.2056717250122059,-0.17122129
2017-12-14 11:50:00,-0.1536854347808334,-0.15695593
2017-12-14 12:00:00,-0.1595548557127101,-0.15107787
2017-12-14 12:10:00,-0.1771631143735435,-0.1437726
2017-12-14 12:20:00,-0.1712936948199324,-0.13280639
2017-12-14 12:30:00,-0.2039947479968888,-0.11874203
2017-12-14 12:40:00,-0.1989638169509359,-0.09851391
2017-12-14 12:50:00,-0.2325033572572857,-0.07251913
2017-12-14 13:00:00,-0.2325033572572857,-0.057528667
2017-12-14 13:10:00,-0.1930943960190593,-0.04461038
2017-12-14 13:20:00,-0.1889019534807658,-0.03176085
2017-12-14 13:30:00,-0.2241184721806982,-0.018179283
2017-12-14 13:40:00,-0.2333418457649445,-0.0036184862
2017-12-14 13:50:00,-0.2509501058040435,0.008536279
2017-12-14 14:00:00,-0.1914174190037422,0.009003237
2017-12-14 14:10:00,-0.1889019534807658,0.0046847016
2017-12-14 14:20:00,-0.1847095109424723,-0.003821902
2017-12-14 14:30:00,-0.2039947479968888,-0.01511398
2017-12-14 14:40:00,-0.222441495165381,-0.03173116
2017-12-14 14:50:00,-0.2425652207274559,-0.050790824
2017-12-14 15:00:00,-0.2769432495414645,-0.08071602
2017-12-14 15:10:00,-0.3498917524643056,-0.11480758
2017-12-14 15:20:00,-0.2425652207274559,-0.14845768
2017-12-14 15:30:00,-0.0941527493587972,-0.1795975
2017-12-14 15:40:00,-0.0991836804047495,-0.20701998
2017-12-14 15:50:00,-0.1503314807501982,-0.22909793
2017-12-14 16:00:00,-0.1603933442203684,-0.2506415
2017-12-14 16:10:00,-0.1469775267195635,-0.27182347
2017-12-14 16:20:00,-0.1570393901897336,-0.29133967
2017-12-14 16:30:00,-0.1268538025357536,-0.30617133
2017-12-14 16:40:00,-0.038812506475055,-0.3048322
2017-12-14 16:50:00,0.0601291401852076,-0.2727792
2017-12-14 17:00:00,0.1297236890774135,-0.24546993
2017-12-14 17:10:00,0.3175451203060331,-0.19085991
2017-12-14 17:20:00,0.6630023964875583,-0.09064644
2017-12-14 17:30:00,0.989174435614667,0.075242855
2017-12-14 17:40:00,1.019360023268647,0.29645756
2017-12-14 17:50:00,0.9807895505380788,0.50947195
2017-12-14 18:00:00,0.9942053680388848,0.5816969
2017-12-14 18:10:00,0.9925283896453012,0.65806824
2017-12-14 18:20:00,1.009298161176741,0.72623014
2017-12-14 18:30:00,1.0185215347609882,0.79043096
2017-12-14 18:40:00,0.997559322069519,0.83765393
2017-12-14 18:50:00,1.0017517646078131,0.86886436
2017-12-14 19:00:00,0.9573118723236343,0.8745874
2017-12-14 19:10:00,0.9791125735227612,0.87468296
2017-12-14 19:20:00,0.9438960548228296,0.8723087
2017-12-14 19:30:00,0.9363496582539002,0.87450564
2017-12-14 19:40:00,0.9044870935846026,0.8747359
2017-12-14 19:50:00,0.9044870935846026,0.873727
2017-12-14 20:00:00,0.8625626682016663,0.87972045
2017-12-14 20:10:00,0.941380589299853,0.88361895
2017-12-14 20:20:00,0.9438960548228296,0.88136965
2017-12-14 20:30:00,0.9313187272079484,0.87236065
2017-12-14 20:40:00,0.8575317357774473,0.85647386
2017-12-14 20:50:00,0.8080609124473168,0.82665247
2017-12-14 21:00:00,0.7829062572175546,0.7925275
2017-12-14 21:10:00,0.7426588074716699,0.7346382
2017-12-14 21:20:00,0.7049268232487607,0.64230925
2017-12-14 21:30:00,0.6202394812186972,0.52897704
2017-12-14 21:40:00,0.5330366736656573,0.41640186
2017-12-14 21:50:00,0.4659575916746928,0.3086593
2017-12-14 22:00:00,0.3754008300910177,0.21154872
2017-12-14 22:10:00,0.3066447697064697,0.099949464
2017-12-14 22:20:00,0.2051876575232311,-0.03049609
2017-12-14 22:30:00,0.1297236890774135,-0.18234628
2017-12-14 22:40:00,0.0592906516775488,-0.34012607
2017-12-14 22:50:00,-0.0773829792056225,-0.493722
2017-12-14 23:00:00,-0.1998023054585948,-0.5970722
2017-12-14 23:10:00,-0.3029363946571509,-0.6870212
2017-12-14 23:20:00,-0.4035550183327307,-0.77352035
2017-12-14 23:30:00,-0.5553214437320246,-0.85924935
2017-12-14 23:40:00,-0.653424601884628,-0.93571585
2017-12-14 23:50:00,-0.7540432255602078,-0.99785525
2017-12-15 00:00:00,-0.8378920790826129,-1.0385126
2017-12-15 00:10:00,-0.8923938334586963,-1.0727664
2017-12-15 00:20:00,-0.9250948866356526,-1.101906
2017-12-15 00:30:00,-0.9846275720576888,-1.1266757
2017-12-15 00:40:00,-1.0533836324422363,-1.1464032
2017-12-15 00:50:00,-1.1137548063719311,-1.1640594
2017-12-15 01:00:00,-1.1565177216407925,-1.1719638
2017-12-15 01:10:00,-1.2034730794479471,-1.1832788
2017-12-15 01:20:00,-1.272229139832495,-1.1951039
2017-12-15 01:30:00,-1.2831294904320585,-1.2079962
2017-12-15 01:40:00,-1.3116381010707214,-1.222905
2017-12-15 01:50:00,-1.351885550816606,-1.2404965
2017-12-15 02:00:00,-1.3837481141076382,-1.2522374
2017-12-15 02:10:00,-1.3971639316084437,-1.2666892
2017-12-15 02:20:00,-1.421480098330547,-1.2811061
2017-12-15 02:30:00,-1.4684354561377022,-1.2946949
2017-12-15 02:40:00,-1.4969440667763645,-1.3059837
2017-12-15 02:50:00,-1.549768844137131,-1.315518
2017-12-15 03:00:00,-1.5883393168676985,-1.3197931
2017-12-15 03:10:00,-1.5942087364213096,-1.3233272
2017-12-15 03:20:00,-1.616009438998702,-1.325967
2017-12-15 03:30:00,-1.6311022321365596,-1.3281497
2017-12-15 03:40:00,-1.6411640942284642,-1.3302375
2017-12-15 03:50:00,-1.642002582736123,-1.3336861
2017-12-15 04:00:00,-1.6235558355676307,-1.340763
2017-12-15 04:10:00,-1.616009438998702,-1.3389035
2017-12-15 04:20:00,-1.634456186167195,-1.3287952
2017-12-15 04:30:00,-1.634456186167195,-1.3127655
2017-12-15 04:40:00,-1.6352946746748531,-1.2881926
2017-12-15 04:50:00,-1.6109785079527497,-1.2385598
2017-12-15 05:00:00,-1.6084630410515084,-1.1010002
2017-12-15 05:10:00,-1.6009166444825795,-0.8941402
2017-12-15 05:20:00,-1.5573152407060595,-0.79240185
2017-12-15 05:30:00,-1.533837562491615,-0.89272803
2017-12-15 05:40:00,-1.486043716176801,-1.1054054
2017-12-15 05:50:00,-1.365301366939146,-1.3162421
2017-12-15 06:00:00,-1.3795556715693449,-1.3267025
2017-12-15 06:10:00,-1.358593458877876,-1.3290055
2017-12-15 06:20:00,-1.3275693827162371,-1.324296
2017-12-15 06:30:00,-1.3275693827162371,-1.3121207
2017-12-15 06:40:00,-1.315830543609015,-1.2929301
2017-12-15 06:50:00,-1.382909625599979,-1.2667621
2017-12-15 07:00:00,-1.4172876557922536,-1.25218
2017-12-15 07:10:00,-1.363624389923829,-1.2331566
2017-12-15 07:20:00,-1.3242154286856025,-1.2085941
2017-12-15 07:30:00,-1.3485315967859717,-1.1769882
2017-12-15 07:40:00,-1.4038718396697136,-1.1406049
2017-12-15 07:50:00,-1.4483117319538923,-1.0996044
2017-12-15 08:00:00,-1.3879405566459322,-1.0845889
2017-12-15 08:10:00,-1.2755830938631296,-1.0618786
2017-12-15 08:20:00,-1.1850263322794552,-1.0320574
2017-12-15 08:30:00,-1.0491911899039426,-0.9949557
2017-12-15 08:40:00,-1.00726676314274,-0.9525332
2017-12-15 08:50:00,-0.9351567487275574,-0.905516
2017-12-15 09:00:00,-0.8018370718750217,-0.88124835
2017-12-15 09:10:00,-0.6752253030837554,-0.8454409
2017-12-15 09:20:00,-0.6517476248693108,-0.7981462
2017-12-15 09:30:00,-0.5536444667167071,-0.7484922
2017-12-15 09:40:00,-0.5142355054784806,-0.69819725
2017-12-15 09:50:00,-0.4890808488704529,-0.63603854
2017-12-15 10:00:00,-0.4287096749407584,-0.5775029
2017-12-15 10:10:00,-0.3926546677331672,-0.5179848
2017-12-15 10:20:00,-0.3423453558953773,-0.45399085
2017-12-15 10:30:00,-0.211541144565817,-0.3898962
2017-12-15 10:40:00,-0.2023177709815712,-0.32906696
2017-12-15 10:50:00,-0.1964483500496945,-0.27797714
2017-12-15 11:00:00,-0.1905789304960834,-0.2545751
2017-12-15 11:10:00,-0.1100840323825785,-0.2313596
2017-12-15 11:20:00,-0.0522283225975949,-0.20726728
2017-12-15 11:30:00,-0.0706750711443526,-0.17439654
2017-12-15 11:40:00,-0.0656441387201343,-0.1391114
2017-12-15 11:50:00,-0.0807369332362573,-0.12603652
2017-12-15 12:00:00,-0.1972868385573533,-0.125806
2017-12-15 12:10:00,-0.2366957997955792,-0.124251954
2017-12-15 12:20:00,-0.2643659219265833,-0.11895672
2017-12-15 12:30:00,-0.3473762869413297,-0.1066582
2017-12-15 12:40:00,-0.3700154766481154,-0.08943198
2017-12-15 12:50:00,-0.3750464090723333,-0.06515942
2017-12-15 13:00:00,-0.2945515095805634,-0.042393744
2017-12-15 13:10:00,-0.2911975555499286,-0.01967536
2017-12-15 13:20:00,-0.3079673257031033,0.00063123927
2017-12-15 13:30:00,-0.2970669751035398,0.025583185
2017-12-15 13:40:00,-0.2828126690950756,0.05369743
2017-12-15 13:50:00,-0.3339604708187897,0.08029176
2017-12-15 14:00:00,-0.3784003631029685,0.09121229
2017-12-15 14:10:00,-0.3616305915715284,0.09010197
2017-12-15 14:20:00,-0.3549226835102584,0.0799827
2017-12-15 14:30:00,-0.322221630333302,0.06356233
2017-12-15 14:40:00,-0.3012594176418333,0.04471989
2017-12-15 14:50:00,-0.2844896461103932,0.022108532
2017-12-15 15:00:00,-0.2702353414801945,-0.012641795
2017-12-15 15:10:00,-0.2257954491960158,-0.051472686
2017-12-15 15:20:00,-0.2685583644648769,-0.08625991
2017-12-15 15:30:00,-0.2769432495414645,-0.11821509
2017-12-15 15:40:00,-0.2828126690950756,-0.14303786
2017-12-15 15:50:00,-0.2710738299878533,-0.15947738
2017-12-15 16:00:00,-0.3146752337643732,-0.1790097
2017-12-15 16:10:00,-0.2945515095805634,-0.20138666
2017-12-15 16:20:00,-0.2325033572572857,-0.2262721
2017-12-15 16:30:00,-0.285328134618052,-0.25525355
2017-12-15 16:40:00,-0.3029363946571509,-0.27501756
2017-12-15 16:50:00,-0.2283109147189922,-0.26170498
2017-12-15 17:00:00,-0.118468917459166,-0.25637755
2017-12-15 17:10:00,0.0978611244081159,-0.22603324
2017-12-15 17:20:00,0.4768579422742563,-0.15195182
2017-12-15 17:30:00,0.8239921954710981,-0.013760351
2017-12-15 17:40:00,0.8860403464161108,0.18674731
2017-12-15 17:50:00,0.8759784843242061,0.41104895
2017-12-15 18:00:00,0.8239921954710981,0.47335264
2017-12-15 18:10:00,0.8147688205085862,0.5575977
2017-12-15 18:20:00,0.8382465001012969,0.65389806
2017-12-15 18:30:00,0.8533392932391544,0.7543151
2017-12-15 18:40:00,0.8483083621932015,0.83193153
2017-12-15 18:50:00,0.867593599247618,0.8788405
2017-12-15 19:00:00,0.8868788349237696,0.8876914
2017-12-15 19:10:00,0.8038684699090228,0.89773136
2017-12-15 19:20:00,0.7418203189640111,0.91033065
2017-12-15 19:30:00,0.7024113577257842,0.92010707
2017-12-15 19:40:00,0.6797721666407335,0.92552304
2017-12-15 19:50:00,0.7099577542947135,0.92886645
2017-12-15 20:00:00,0.6822876321637089,0.93883866
2017-12-15 20:10:00,0.7476897385176218,0.9433591
2017-12-15 20:20:00,0.7476897385176218,0.94038755
2017-12-15 20:30:00,0.7367893879180583,0.931676
2017-12-15 20:40:00,0.7309199683644476,0.9167071
2017-12-15 20:50:00,0.7040883347411019,0.8910494
2017-12-15 21:00:00,0.6965419381721736,0.85791564
2017-12-15 21:10:00,0.6630023964875583,0.79078203
2017-12-15 21:20:00,0.5355521391886338,0.68668485
2017-12-15 21:30:00,0.4584111937274986,0.5593438
2017-12-15 21:40:00,0.3645004781131883,0.4320878
2017-12-15 21:50:00,0.3301224479209143,0.31140524
2017-12-15 22:00:00,0.2957444191069062,0.20510304
2017-12-15 22:10:00,0.248789061299751,0.09084424
2017-12-15 22:20:00,0.1557168341931005,-0.044479832
2017-12-15 22:30:00,0.0852837967932348,-0.19878232
2017-12-15 22:40:00,-0.0044344762827814,-0.36226937
2017-12-15 22:50:00,-0.1260153140280948,-0.523071
2017-12-15 23:00:00,-0.1712936948199324,-0.6234296
2017-12-15 23:10:00,-0.285328134618052,-0.71925825
2017-12-15 23:20:00,-0.4002010643020955,-0.82898384
2017-12-15 23:30:00,-0.5050121305159693,-0.9435274
2017-12-15 23:40:00,-0.5695757483622234,-1.040392
2017-12-15 23:50:00,-0.657617044422922,-1.1164304
2017-12-16 00:00:00,-0.7355964783917155,-1.1651994
2017-12-16 00:10:00,-0.8160913778834854,-1.2025847
2017-12-16 00:20:00,-0.8898783679357204,-1.2278607
2017-12-16 00:30:00,-0.9745657099657836,-1.2456254
2017-12-16 00:40:00,-1.02068257926528,-1.2599388
2017-12-16 00:50:00,-1.0978235247264152,-1.2717862
2017-12-16 01:00:00,-1.1690950506339388,-1.2761486
2017-12-16 01:10:00,-1.202634590940289,-1.2784266
2017-12-16 01:20:00,-1.272229139832495,-1.2812809
2017-12-16 01:30:00,-1.3577549703702172,-1.2862984
2017-12-16 01:40:00,-1.3896175350395148,-1.2935251
2017-12-16 01:50:00,-1.4273495178841582,-1.3027881
2017-12-16 02:00:00,-1.4566966170304798,-1.3076453
2017-12-16 02:10:00,-1.464243013599409,-1.3140429
2017-12-16 02:20:00,-1.5011365093146587,-1.3208226
2017-12-16 02:30:00,-1.528806631445662,-1.3278162
2017-12-16 02:40:00,-1.5220987233843923,-1.3345872
2017-12-16 02:50:00,-1.5573152407060595,-1.3410132
2017-12-16 03:00:00,-1.602593621497897,-1.343246
2017-12-16 03:10:00,-1.6193633930293372,-1.3442324
2017-12-16 03:20:00,-1.626909789598266,-1.3438175
2017-12-16 03:30:00,-1.6436795597514406,-1.3433806
2017-12-16 03:40:00,-1.6445180482590995,-1.3437706
2017-12-16 03:50:00,-1.6478720022897342,-1.3454074
2017-12-16 04:00:00,-1.6512259563203695,-1.351351
2017-12-16 04:10:00,-1.6654802623288336,-1.3465317
2017-12-16 04:20:00,-1.6612878197905396,-1.3325349
2017-12-16 04:30:00,-1.6679957278518096,-1.3129431
2017-12-16 04:40:00,-1.6696727048671272,-1.2833068
2017-12-16 04:50:00,-1.6612878197905396,-1.2283769
2017-12-16 05:00:00,-1.648710490797393,-1.0888206
2017-12-16 05:10:00,-1.627748278105925,-0.8777384
2017-12-16 05:20:00,-1.616009438998702,-0.77633685
2017-12-16 05:30:00,-1.561507683244353,-0.8971633
2017-12-16 05:40:00,-1.542222447568202,-1.1291534
2017-12-16 05:50:00,-1.467596967630043,-1.3415238
2017-12-16 06:00:00,-1.4784973196078723,-1.3583081
2017-12-16 06:10:00,-1.4717894101683369,-1.3684286
2017-12-16 06:20:00,-1.467596967630043,-1.3722532
2017-12-16 06:30:00,-1.4348959158313523,-1.3691461
2017-12-16 06:40:00,-1.4885591816997774,-1.359451
2017-12-16 06:50:00,-1.6017551329902384,-1.342224
2017-12-16 07:00:00,-1.6562568887445872,-1.3305632
2017-12-16 07:10:00,-1.5975626904519442,-1.3102082
2017-12-16 07:20:00,-1.6537414232216108,-1.2826297
2017-12-16 07:30:00,-1.6235558355676307,-1.2493272
2017-12-16 07:40:00,-1.6218788585523136,-1.2093073
2017-12-16 07:50:00,-1.639487117213147,-1.1626693
2017-12-16 08:00:00,-1.5506073326447896,-1.1406246
2017-12-16 08:10:00,-1.4692739446453609,-1.1152197
2017-12-16 08:20:00,-1.402194862654396,-1.0854717
2017-12-16 08:30:00,-1.341823687346436,-1.0516006
2017-12-16 08:40:00,-1.2680366972942014,-1.0108243
2017-12-16 08:50:00,-1.2328201785942683,-0.9631589
2017-12-16 09:00:00,-1.1389094629799588,-0.9421312
2017-12-16 09:10:00,-1.0399678163196966,-0.91110444
2017-12-16 09:20:00,-0.8605312701676641,-0.86947674
2017-12-16 09:30:00,-0.7951291638137518,-0.8147289
2017-12-16 09:40:00,-0.7716514855993066,-0.75502205
2017-12-16 09:50:00,-0.7188267068602754,-0.6858353
2017-12-16 10:00:00,-0.616531106169378,-0.62591654
2017-12-16 10:10:00,-0.5561599322396834,-0.56034285
2017-12-16 10:20:00,-0.5117200399555047,-0.49280807
2017-12-16 10:30:00,-0.4396100255403218,-0.43006054
2017-12-16 10:40:00,-0.4069089723633654,-0.37222895
2017-12-16 10:50:00,-0.352407217987282,-0.32476404
2017-12-16 11:00:00,-0.3448608214183533,-0.31175604
2017-12-16 11:10:00,-0.3230601188409608,-0.30253115
2017-12-16 11:20:00,-0.2836511576027344,-0.29204896
2017-12-16 11:30:00,-0.3171906992873496,-0.27414447
2017-12-16 11:40:00,-0.2844896461103932,-0.2412155
2017-12-16 11:50:00,-0.3255755843639367,-0.224008
2017-12-16 12:00:00,-0.3415068673877185,-0.21997875
2017-12-16 12:10:00,-0.3431838444030357,-0.2105132
2017-12-16 12:20:00,-0.3431838444030357,-0.19376084
2017-12-16 12:30:00,-0.3431838444030357,-0.17251948
2017-12-16 12:40:00,-0.318029187795008,-0.1465511
2017-12-16 12:50:00,-0.289520578534611,-0.11656318
2017-12-16 13:00:00,-0.2844896461103932,-0.1010325
2017-12-16 13:10:00,-0.2668813874495598,-0.09157828
2017-12-16 13:20:00,-0.2576580138653134,-0.07894165
2017-12-16 13:30:00,-0.2668813874495598,-0.06678354
2017-12-16 13:40:00,-0.2819741805874168,-0.055063285
2017-12-16 13:50:00,-0.3029363946571509,-0.043635674
2017-12-16 14:00:00,-0.2836511576027344,-0.046550624
2017-12-16 14:10:00,-0.2836511576027344,-0.054804526
2017-12-16 14:20:00,-0.2677198759572181,-0.067127176
2017-12-16 14:30:00,-0.289520578534611,-0.08275867
2017-12-16 14:40:00,-0.2794587150644409,-0.099785306
2017-12-16 14:50:00,-0.3004209291341745,-0.11699582
2017-12-16 15:00:00,-0.4119399034093183,-0.142495
2017-12-16 15:10:00,-0.4203247898641708,-0.16921121
2017-12-16 15:20:00,-0.3918161792255084,-0.19757691
2017-12-16 15:30:00,-0.4111014149016594,-0.22173253
2017-12-16 15:40:00,-0.4320636289713931,-0.23880896
2017-12-16 15:50:00,-0.415293857439953,-0.24970952
2017-12-16 16:00:00,-0.4379330485250042,-0.26226288
2017-12-16 16:10:00,-0.4396100255403218,-0.27381483
2017-12-16 16:20:00,-0.4471564221092506,-0.2819946
2017-12-16 16:30:00,-0.3985240872867784,-0.28649086
2017-12-16 16:40:00,-0.3658230341098219,-0.27579674
2017-12-16 16:50:00,-0.3272525613792543,-0.233933
2017-12-16 17:00:00,-0.2534655713270199,-0.19871482
2017-12-16 17:10:00,-0.006111453298098,-0.13303795
2017-12-16 17:20:00,0.3385073343757673,-0.014585055
2017-12-16 17:30:00,0.6420401837960902,0.18641277
2017-12-16 17:40:00,0.7862602112481899,0.45601293
2017-12-16 17:50:00,0.8483083621932015,0.7107598
2017-12-16 18:00:00,0.8189612644251463,0.7895989
2017-12-16 18:10:00,0.8038684699090228,0.8669601
2017-12-16 18:20:00,0.7711674167320663,0.9352744
2017-12-16 18:30:00,0.7761983491562842,0.98690456
2017-12-16 18:40:00,0.7409818304563524,1.0181695
2017-12-16 18:50:00,0.7409818304563524,1.0317672
2017-12-16 19:00:00,0.7233735704172534,1.0379595
2017-12-16 19:10:00,0.7577516006095264,1.0411772
2017-12-16 19:20:00,0.7535591580712334,1.0399352
2017-12-16 19:30:00,0.7460127615023041,1.0333834
2017-12-16 19:40:00,0.733435433887423,1.0226175
2017-12-16 19:50:00,0.7242120589249121,1.0071193
2017-12-16 20:00:00,0.6973804266798324,0.99694836
2017-12-16 20:10:00,0.7124732198176889,0.9874698
2017-12-16 20:20:00,0.6663563505181935,0.9763126
2017-12-16 20:30:00,0.6143700616650856,0.9625068
2017-12-16 20:40:00,0.586699939534082,0.9401565
2017-12-16 20:50:00,0.5397445817269269,0.9054277
2017-12-16 21:00:00,0.5179438805277998,0.86608416
2017-12-16 21:10:00,0.486919804366161,0.79791015
2017-12-16 21:20:00,0.4617651477581328,0.6942319
2017-12-16 21:30:00,0.434933515513054,0.56620526
2017-12-16 21:40:00,0.352761639005966,0.4326534
2017-12-16 21:50:00,0.300775350152859,0.30290467
2017-12-16 22:00:00,0.2655588314529262,0.1893901
2017-12-16 22:10:00,0.2110570770768427,0.07291511
2017-12-16 22:20:00,0.1464934592305886,-0.05463069
2017-12-16 22:30:00,0.0601291401852076,-0.20725024
2017-12-16 22:40:00,0.0014349432708302,-0.379246
2017-12-16 22:50:00,-0.0706750711443526,-0.55105317
2017-12-16 23:00:00,-0.2199260296424046,-0.66030884
2017-12-16 23:10:00,-0.3054518601801269,-0.76916015
2017-12-16 23:20:00,-0.3943316447484843,-0.889264
2017-12-16 23:30:00,-0.5318437641393146,-1.003128
2017-12-16 23:40:00,-0.6073077325851322,-1.0892428
2017-12-16 23:50:00,-0.6794177456220489,-1.1519428
2017-12-17 00:00:00,-0.7666205531750888,-1.187828
2017-12-17 00:10:00,-0.893232321966355,-1.2148217
2017-12-17 00:20:00,-0.9787581525040778,-1.2353929
2017-12-17 00:30:00,-1.058414563488189,-1.2513928
2017-12-17 00:40:00,-1.1229781799561775,-1.2647759
2017-12-17 00:50:00,-1.1908957518330665,-1.2769349
2017-12-17 01:00:00,-1.258813323709955,-1.2831472
2017-12-17 01:10:00,-1.2831294904320585,-1.2897102
2017-12-17 01:20:00,-1.3208614746549672,-1.2960297
2017-12-17 01:30:00,-1.3678168324621225,-1.3031484
2017-12-17 01:40:00,-1.4097412592233247,-1.3109094
2017-12-17 01:50:00,-1.4499887089692098,-1.3190237
2017-12-17 02:00:00,-1.5002980208069998,-1.3229634
2017-12-17 02:10:00,-1.511198371406563,-1.3271109
2017-12-17 02:20:00,-1.5564767521984009,-1.3310177
2017-12-17 02:30:00,-1.585823851344722,-1.3346301
2017-12-17 02:40:00,-1.595885713436627,-1.3381795
2017-12-17 02:50:00,-1.6185249045216783,-1.3410858
2017-12-17 03:00:00,-1.6797345669590318,-1.3413168
2017-12-17 03:10:00,-1.7233359707355518,-1.3421384
2017-12-17 03:20:00,-1.7233359707355518,-1.3433832
2017-12-17 03:30:00,-1.7233359707355518,-1.3447366
2017-12-17 03:40:00,-1.7426212077899683,-1.3457359
2017-12-17 03:50:00,-1.768614351527389,-1.3469217
2017-12-17 04:00:00,-1.7769992366039769,-1.3542069
2017-12-17 04:10:00,-1.776160748096318,-1.3518256
2017-12-17 04:20:00,-1.765260397496755,-1.3415931
2017-12-17 04:30:00,-1.7593909779431434,-1.3270437
2017-12-17 04:40:00,-1.7535215583895325,-1.3065425
2017-12-17 04:50:00,-1.756875512420167,-1.2703329
2017-12-17 05:00:00,-1.7493291158512383,-1.1748695
2017-12-17 05:10:00,-1.744298184805286,-1.0321273
2017-12-17 05:20:00,-1.7124356201359885,-0.95092493
2017-12-17 05:30:00,-1.7048892235670594,-1.0299174
2017-12-17 05:40:00,-1.663803285313516,-1.2038231
2017-12-17 05:50:00,-1.5539612866754244,-1.3690127
2017-12-17 06:00:00,-1.5916932708983331,-1.3780235
2017-12-17 06:10:00,-1.593370247913651,-1.3812922
2017-12-17 06:20:00,-1.5740850122374996,-1.3799037
2017-12-17 06:30:00,-1.602593621497897,-1.3727071
2017-12-17 06:40:00,-1.6747036359130796,-1.3615015
2017-12-17 06:50:00,-1.8206006403804968,-1.3467356
2017-12-17 07:00:00,-1.9589512482789853,-1.3395587
2017-12-17 07:10:00,-1.987459858917648,-1.3278302
2017-12-17 07:20:00,-2.034415216724803,-1.3111682
2017-12-17 07:30:00,-2.025191843140557,-1.2910672
2017-12-17 07:40:00,-2.003391140563164,-1.2663376
2017-12-17 07:50:00,-1.987459858917648,-1.2377269
2017-12-17 08:00:00,-1.9530818287253744,-1.224929
2017-12-17 08:10:00,-1.954758805740692,-1.20743
2017-12-17 08:20:00,-1.8834872812114327,-1.1858445
2017-12-17 08:30:00,-1.8424013429578896,-1.1589793
2017-12-17 08:40:00,-1.7954459851507345,-1.1250297
2017-12-17 08:50:00,-1.7384287638734093,-1.0824467
2017-12-17 09:00:00,-1.636971651690171,-1.0632026
2017-12-17 09:10:00,-1.535514539506932,-1.0352935
2017-12-17 09:20:00,-1.421480098330547,-0.9987306
2017-12-17 09:30:00,-1.350208573801289,-0.95194334
2017-12-17 09:40:00,-1.2873219329703525,-0.90045774
2017-12-17 09:50:00,-1.2202428509793877,-0.8390201
2017-12-17 10:00:00,-1.166579583732697,-0.78724056
2017-12-17 10:10:00,-1.0894386396498277,-0.7316814
2017-12-17 10:20:00,-1.0265519988188914,-0.6709881
2017-12-17 10:30:00,-0.9888200145959825,-0.61302406
2017-12-17 10:40:00,-0.9603114053355856,-0.56086403
2017-12-17 10:50:00,-0.8856859253974263,-0.5211322
2017-12-17 11:00:00,-0.817768354898803,-0.52203745
2017-12-17 11:10:00,-0.7775209051529183,-0.5310556
2017-12-17 11:20:00,-0.7246961264138865,-0.5430709
2017-12-17 11:30:00,-0.6919950746151956,-0.5437897
2017-12-17 11:40:00,-0.6651634409918503,-0.52685386
2017-12-17 11:50:00,-0.6282699452766003,-0.5236889
2017-12-17 12:00:00,-0.603953778554497,-0.5362145
2017-12-17 12:10:00,-0.588860984038374,-0.5406903
2017-12-17 12:20:00,-0.5813145874694456,-0.53908926
2017-12-17 12:30:00,-0.588860984038374,-0.525756
2017-12-17 12:40:00,-0.6374933188608467,-0.50535697
2017-12-17 12:50:00,-0.5871840070230568,-0.4768553
2017-12-17 13:00:00,-0.5704142368698817,-0.4657254
2017-12-17 13:10:00,-0.5720912138851992,-0.45911673
2017-12-17 13:20:00,-0.609823198108108,-0.4503726
2017-12-17 13:30:00,-0.6173695946770368,-0.44013897
2017-12-17 13:40:00,-0.629946922291918,-0.42516166
2017-12-17 13:50:00,-0.6282699452766003,-0.4089701
2017-12-17 14:00:00,-0.6115001751234257,-0.41154617
2017-12-17 14:10:00,-0.6198850602000132,-0.41318673
2017-12-17 14:20:00,-0.6081462210927905,-0.4169069
2017-12-17 14:30:00,-0.6005998245238622,-0.4198814
2017-12-17 14:40:00,-0.6215620372153303,-0.4210368
2017-12-17 14:50:00,-0.6148541291540603,-0.41984448
2017-12-17 15:00:00,-0.683610189538608,-0.43317863
2017-12-17 15:10:00,-0.6844486780462669,-0.44746265
2017-12-17 15:20:00,-0.6987029826764655,-0.4596068
2017-12-17 15:30:00,-0.7406274094376678,-0.4655482
2017-12-17 15:40:00,-0.7255346149215454,-0.4654086
2017-12-17 15:50:00,-0.7305655473457632,-0.459541
2017-12-17 16:00:00,-0.7288885703304455,-0.4518217
2017-12-17 16:10:00,-0.7196651953679342,-0.4411259
2017-12-17 16:20:00,-0.7196651953679342,-0.42619795
2017-12-17 16:30:00,-0.6802562341297078,-0.40472338
2017-12-17 16:40:00,-0.5964073819855682,-0.3723449
2017-12-17 16:50:00,-0.5377131836929258,-0.32180715
2017-12-17 17:00:00,-0.4412870025556395,-0.27315637
2017-12-17 17:10:00,-0.2383727768108968,-0.20782563
2017-12-17 17:20:00,0.0760604232089889,-0.1160313
2017-12-17 17:30:00,0.4500263086509105,0.02411186
2017-12-17 17:40:00,0.5531603992277327,0.2303051
2017-12-17 17:50:00,0.5682531923655892,0.47400388
2017-12-17 18:00:00,0.5799920314728125,0.5660282
2017-12-17 18:10:00,0.595084824610669,0.65927774
2017-12-17 18:20:00,0.5992772685272281,0.7437923
2017-12-17 18:30:00,0.6344937858488959,0.812935
2017-12-17 18:40:00,0.6311398318182607,0.86601573
2017-12-17 18:50:00,0.6286243662952843,0.8967003
2017-12-17 19:00:00,0.6588099539492643,0.9021556
2017-12-17 19:10:00,0.6621639079798995,0.90843064
2017-12-17 19:20:00,0.6889955416032443,0.91493195
2017-12-17 19:30:00,0.6437171608114067,0.91977924
2017-12-17 19:40:00,0.7133117083253477,0.92233735
2017-12-17 19:50:00,0.6957034496645148,0.9210129
2017-12-17 20:00:00,0.6915110071262207,0.91650444
2017-12-17 20:10:00,0.7007343807104666,0.91156524
2017-12-17 20:20:00,0.6713872815641454,0.9038225
2017-12-17 20:30:00,0.6378477398795301,0.8908462
2017-12-17 20:40:00,0.6370092513718714,0.8738184
2017-12-17 20:50:00,0.595084824610669,0.84800804
2017-12-17 21:00:00,0.5187823690354586,0.8151645
2017-12-17 21:10:00,0.4659575916746928,0.75523317
2017-12-17 21:20:00,0.4206792108828553,0.66462696
2017-12-17 21:30:00,0.3670159436361647,0.54809535
2017-12-17 21:40:00,0.3158681432907155,0.41946495
2017-12-17 21:50:00,0.2798131360831248,0.2890437
2017-12-17 22:00:00,0.2261498702147003,0.16934043
2017-12-17 22:10:00,0.1741635813615923,0.049830053
2017-12-17 22:20:00,0.0777374002243065,-0.075568296
2017-12-17 22:30:00,0.0047888973014654,-0.21360984
2017-12-17 22:40:00,-0.1167919404438484,-0.36447486
2017-12-17 22:50:00,-0.2467576632657499,-0.51512146
2017-12-17 23:00:00,-0.3406683788800597,-0.60771346
2017-12-17 23:10:00,-0.4446409565862742,-0.7072309
2017-12-17 23:20:00,-0.5578369092550005,-0.82802486
2017-12-17 23:30:00,-0.6475551823310168,-0.95966536
2017-12-17 23:40:00,-0.7406274094376678,-1.0609397
2017-12-17 23:50:00,-0.8144143994899028,-1.1281036
2017-12-18 00:00:00,-0.904132673944184,-1.1630399
2017-12-18 00:10:00,-0.9946894355278592,-1.1893132
2017-12-18 00:20:00,-1.0953080592034388,-1.2102796
2017-12-18 00:30:00,-1.1690950506339388,-1.2266716
2017-12-18 00:40:00,-1.228627736055975,-1.2399087
2017-12-18 00:50:00,-1.2764215823707885,-1.250739
2017-12-18 01:00:00,-1.329246359731555,-1.2548842
2017-12-18 01:10:00,-1.3795556715693449,-1.2610074
2017-12-18 01:20:00,-1.4105797477309836,-1.2690748
2017-12-18 01:30:00,-1.4491502204615512,-1.2793936
2017-12-18 01:40:00,-1.4726278986759958,-1.2919314
2017-12-18 01:50:00,-1.512036859914222,-1.3038011
2017-12-18 02:00:00,-1.5648616372749884,-1.3103181
2017-12-18 02:10:00,-1.584146874329405,-1.3172344
2017-12-18 02:20:00,-1.6084630410515084,-1.3241467
2017-12-18 02:30:00,-1.626909789598266,-1.3304962
2017-12-18 02:40:00,-1.6260713010906072,-1.3367132
2017-12-18 02:50:00,-1.6520644448280282,-1.3424978
2017-12-18 03:00:00,-1.6428410712437818,-1.3450661
2017-12-18 03:10:00,-1.6428410712437818,-1.3475801
2017-12-18 03:20:00,-1.652902933335687,-1.3498393
2017-12-18 03:30:00,-1.6629647968058572,-1.3513409
2017-12-18 03:40:00,-1.6755421244207382,-1.352904
2017-12-18 03:50:00,-1.6730266588977618,-1.3546339
2017-12-18 04:00:00,-1.6671572393441507,-1.3625394
2017-12-18 04:10:00,-1.6671572393441507,-1.3619841
2017-12-18 04:20:00,-1.6495489793050515,-1.3532506
2017-12-18 04:30:00,-1.622717347059972,-1.3407396
2017-12-18 04:40:00,-1.6084630410515084,-1.3220793
2017-12-18 04:50:00,-1.6151709504910436,-1.2883586
2017-12-18 05:00:00,-1.614332461983385,-1.2007211
2017-12-18 05:10:00,-1.6126554849680674,-1.0794685
2017-12-18 05:20:00,-1.5824698973140874,-1.0243177
2017-12-18 05:30:00,-1.5807929202987696,-1.1061026
2017-12-18 05:40:00,-1.518744767975492,-1.2610451
2017-12-18 05:50:00,-1.393809977577809,-1.4011637
2017-12-18 06:00:00,-1.4181261442999122,-1.4068402
2017-12-18 06:10:00,-1.402194862654396,-1.4076737
2017-12-18 06:20:00,-1.3896175350395148,-1.40382
2017-12-18 06:30:00,-1.352724039324265,-1.3954684
2017-12-18 06:40:00,-1.3544010163395823,-1.3826556
2017-12-18 06:50:00,-1.421480098330547,-1.3655504
2017-12-18 07:00:00,-1.4181261442999122,-1.35403
2017-12-18 07:10:00,-1.3711707864927571,-1.3365806
2017-12-18 07:20:00,-1.3711707864927571,-1.311956
2017-12-18 07:30:00,-1.3485315967859717,-1.2826484
2017-12-18 07:40:00,-1.3602704358931936,-1.2468297
2017-12-18 07:50:00,-1.3611089244008523,-1.2042458
2017-12-18 08:00:00,-1.2965453065545984,-1.1761187
2017-12-18 08:10:00,-1.194249705863701,-1.1432718
2017-12-18 08:20:00,-1.1171087604025662,-1.105951
2017-12-18 08:30:00,-1.0542221209498954,-1.0619711
2017-12-18 08:40:00,-0.9972049010508356,-1.0104868
2017-12-18 08:50:00,-0.9276103521586292,-0.9501621
2017-12-18 09:00:00,-0.8303456825136841,-0.9143513
2017-12-18 09:10:00,-0.8840089483821092,-0.8748342
2017-12-18 09:20:00,-0.7322425243610807,-0.82878923
2017-12-18 09:30:00,-0.6584555329305803,-0.77900416
2017-12-18 09:40:00,-0.6182080831846957,-0.7229458
2017-12-18 09:50:00,-0.560352374777977,-0.6575951
2017-12-18 10:00:00,-0.5050121305159693,-0.6036378
2017-12-18 10:10:00,-0.4488333991245682,-0.5472544
2017-12-18 10:20:00,-0.3758848975799921,-0.48674938
2017-12-18 10:30:00,-0.3306065167881545,-0.42423728
2017-12-18 10:40:00,-0.2517885943117023,-0.36800647
2017-12-18 10:50:00,-0.2123796330734758,-0.31754604
2017-12-18 11:00:00,-0.1838710224348134,-0.29362586
2017-12-18 11:10:00,-0.1780016028812023,-0.26741096
2017-12-18 11:20:00,-0.1377541531353171,-0.23807135
2017-12-18 11:30:00,-0.1008606574200671,-0.20101205
2017-12-18 11:40:00,-0.0891218183128448,-0.15966949
2017-12-18 11:50:00,-0.0673211171137174,-0.13563785
2017-12-18 12:00:00,-0.0589362306588648,-0.12122897
2017-12-18 12:10:00,-0.0572592536435472,-0.10430928
2017-12-18 12:20:00,-0.0497128570746184,-0.08386663
2017-12-18 12:30:00,-0.0195272694206379,-0.060265504
2017-12-18 12:40:00,0.002273431778489,-0.033715613
2017-12-18 12:50:00,0.0207201789469807,-0.0054007173
2017-12-18 13:00:00,-0.0572592536435472,0.011628274
2017-12-18 13:10:00,-0.0941527493587972,0.018555053
2017-12-18 13:20:00,-0.1058915884660195,0.021659985
2017-12-18 13:30:00,-0.1520084577655158,0.021875136
2017-12-18 13:40:00,-0.1754861373582259,0.020268701
2017-12-18 13:50:00,-0.2308263802419681,0.014743462
2017-12-18 14:00:00,-0.1578778786973924,-0.00224597
2017-12-18 14:10:00,-0.1377541531353171,-0.023241632
2017-12-18 14:20:00,-0.1461390382119047,-0.04658544
2017-12-18 14:30:00,-0.1788400913888611,-0.07163141
2017-12-18 14:40:00,-0.1930943960190593,-0.09610344
2017-12-18 14:50:00,-0.2408882423338733,-0.11891494
2017-12-18 15:00:00,-0.2635274334189246,-0.14655957
2017-12-18 15:10:00,-0.2526270828193611,-0.17162552
2017-12-18 15:20:00,-0.2727508070031709,-0.19900146
2017-12-18 15:30:00,-0.2819741805874168,-0.22229096
2017-12-18 15:40:00,-0.2861666231257103,-0.23767018
2017-12-18 15:50:00,-0.2610119678959486,-0.24579313
2017-12-18 16:00:00,-0.2425652207274559,-0.25147378
2017-12-18 16:10:00,-0.1998023054585948,-0.25198188
2017-12-18 16:20:00,-0.1939328845267181,-0.24371988
2017-12-18 16:30:00,-0.2023177709815712,-0.2162975
2017-12-18 16:40:00,-0.1478160152272218,-0.15833285
2017-12-18 16:50:00,-0.0631286731971583,-0.050532408
2017-12-18 17:00:00,0.0450363470473501,0.028488804
2017-12-18 17:10:00,0.2974213961222238,0.14110151
2017-12-18 17:20:00,0.7225350819095946,0.29298067
2017-12-18 17:30:00,0.9656967574002214,0.48236397
2017-12-18 17:40:00,1.0118136266997175,0.68706274
2017-12-18 17:50:00,1.0160060692380115,0.8623641
2017-12-18 18:00:00,1.0134906037150353,0.9212087
2017-12-18 18:10:00,1.0512225879379449,0.9749848
2017-12-18 18:20:00,1.122494112467202,1.0175903
2017-12-18 18:30:00,1.1006934112680753,1.0401553
2017-12-18 18:40:00,1.0747002661523892,1.0441916
2017-12-18 18:50:00,1.075538754660048,1.0331314
2017-12-18 19:00:00,1.0738617776447303,1.025804
2017-12-18 19:10:00,1.0897930606685118,1.0204706
2017-12-18 19:20:00,1.0856006181302176,1.0133439
2017-12-18 19:30:00,1.0369682833077458,1.00513
2017-12-18 19:40:00,0.9606658263542696,0.993681
2017-12-18 19:50:00,0.9506039642623648,0.98063797
2017-12-18 20:00:00,0.9355111697462414,0.97437763
2017-12-18 20:10:00,0.9774355965074436,0.96568805
2017-12-18 20:20:00,0.9522809412776816,0.9551464
2017-12-18 20:30:00,0.9086795375011616,0.941333
2017-12-18 20:40:00,0.8122533549856108,0.9202995
2017-12-18 20:50:00,0.7552361350865511,0.89093864
2017-12-18 21:00:00,0.7208581048942769,0.8556882
2017-12-18 21:10:00,0.6630023964875583,0.78696024
2017-12-18 21:20:00,0.595084824610669,0.67604476
2017-12-18 21:30:00,0.5095589954512127,0.54276896
2017-12-18 21:40:00,0.4257101419288072,0.40694284
2017-12-18 21:50:00,0.3603080355748942,0.27155983
2017-12-18 22:00:00,0.2873595340303191,0.144459
2017-12-18 22:10:00,0.2026721920002547,0.007545661
2017-12-18 22:20:00,0.1381085741540016,-0.14431876
2017-12-18 22:30:00,0.0819298427626006,-0.30215427
2017-12-18 22:40:00,0.002273431778489,-0.45323774
2017-12-18 22:50:00,-0.1201458944744837,-0.5820721
2017-12-18 23:00:00,-0.2333418457649445,-0.661035
2017-12-18 23:10:00,-0.352407217987282,-0.7268073
2017-12-18 23:20:00,-0.4463179336015918,-0.79594374
2017-12-18 23:30:00,-0.5628678403009534,-0.864335
2017-12-18 23:40:00,-0.7104418217836878,-0.92687887
2017-12-18 23:50:00,-0.8026755603826805,-0.97962075
2017-12-19 00:00:00,-0.8949092989816727,-1.0116286
2017-12-19 00:10:00,-0.9619883823509028,-1.0431951
2017-12-19 00:20:00,-1.038290839304379,-1.0746477
2017-12-19 00:30:00,-1.1036929442800263,-1.1039957
2017-12-19 00:40:00,-1.1363939974569828,-1.1329253
2017-12-19 00:50:00,-1.1833493552641374,-1.1618253
2017-12-19 01:00:00,-1.2898373984933285,-1.1793611
2017-12-19 01:10:00,-1.3435006643617535,-1.1978985
2017-12-19 01:20:00,-1.3980024201161023,-1.2171332
2017-12-19 01:30:00,-1.4407653353849637,-1.2373189
2017-12-19 01:40:00,-1.467596967630043,-1.2587608
2017-12-19 01:50:00,-1.4843667391614834,-1.2795674
2017-12-19 02:00:00,-1.48017429662319,-1.2938724
2017-12-19 02:10:00,-1.4818512736385077,-1.307631
2017-12-19 02:20:00,-1.5011365093146587,-1.31999
2017-12-19 02:30:00,-1.4935901127457298,-1.330713
2017-12-19 02:40:00,-1.506167440360611,-1.3391501
2017-12-19 02:50:00,-1.5447379130911785,-1.3463429
2017-12-19 03:00:00,-1.5531227981677656,-1.3497846
2017-12-19 03:10:00,-1.566538615668571,-1.3532784
2017-12-19 03:20:00,-1.5975626904519442,-1.3559358
2017-12-19 03:30:00,-1.6151709504910436,-1.3580228
2017-12-19 03:40:00,-1.633617697659536,-1.3602875
2017-12-19 03:50:00,-1.605109087020873,-1.3634936
2017-12-19 04:00:00,-1.6042705985132142,-1.3732458
2017-12-19 04:10:00,-1.614332461983385,-1.3753849
2017-12-19 04:20:00,-1.6311022321365596,-1.3717881
2017-12-19 04:30:00,-1.6042705985132142,-1.3645748
2017-12-19 04:40:00,-1.602593621497897,-1.3533474
2017-12-19 04:50:00,-1.639487117213147,-1.3307503
2017-12-19 05:00:00,-1.6503874678127106,-1.2674131
2017-12-19 05:10:00,-1.6478720022897342,-1.1624006
2017-12-19 05:20:00,-1.6428410712437818,-1.096365
2017-12-19 05:30:00,-1.6176864160140196,-1.156619
2017-12-19 05:40:00,-1.542222447568202,-1.2897202
2017-12-19 05:50:00,-1.4030333511620547,-1.4150709
2017-12-19 06:00:00,-1.3711707864927571,-1.4202771
2017-12-19 06:10:00,-1.346016131262995,-1.4207504
2017-12-19 06:20:00,-1.3326003137621896,-1.4150733
2017-12-19 06:30:00,-1.300737750471158,-1.4024285
2017-12-19 06:40:00,-1.3233769401779436,-1.3816093
2017-12-19 06:50:00,-1.40638730519269,-1.3524497
2017-12-19 07:00:00,-1.3988409086237612,-1.3274182
2017-12-19 07:10:00,-1.3602704358931936,-1.2955045
2017-12-19 07:20:00,-1.365301366939146,-1.2558389
2017-12-19 07:30:00,-1.3602704358931936,-1.2102579
2017-12-19 07:40:00,-1.4013563741467376,-1.1639117
2017-12-19 07:50:00,-1.4013563741467376,-1.1153635
2017-12-19 08:00:00,-1.3208614746549672,-1.0918227
2017-12-19 08:10:00,-1.2202428509793877,-1.0628483
2017-12-19 08:20:00,-1.11459329487959,-1.031561
2017-12-19 08:30:00,-1.029905952849526,-0.9969476
2017-12-19 08:40:00,-0.9812736180270536,-0.955612
2017-12-19 08:50:00,-0.904132673944184,-0.9082237
2017-12-19 09:00:00,-0.8311841710213429,-0.88690877
2017-12-19 09:10:00,-0.7800363706758943,-0.8610639
2017-12-19 09:20:00,-0.6894796090922196,-0.8299112
2017-12-19 09:30:00,-0.6173695946770368,-0.79375404
2017-12-19 09:40:00,-0.5947304035919856,-0.7507728
2017-12-19 09:50:00,-0.5528059782090482,-0.6976347
2017-12-19 10:00:00,-0.5217819020474094,-0.6510871
2017-12-19 10:10:00,-0.4018780413174131,-0.59468085
2017-12-19 10:20:00,-0.3540841950025996,-0.52952904
2017-12-19 10:30:00,-0.3498917524643056,-0.46084097
2017-12-19 10:40:00,-0.3163522107796909,-0.3959112
2017-12-19 10:50:00,-0.2509501058040435,-0.33668056
2017-12-19 11:00:00,-0.1947713730343769,-0.30580947
2017-12-19 11:10:00,-0.1645857867586624,-0.2747611
2017-12-19 11:20:00,-0.1344001991046824,-0.24296114
2017-12-19 11:30:00,-0.0790599562209397,-0.20748088
2017-12-19 11:40:00,-0.0564207651358884,-0.17122677
2017-12-19 11:50:00,-0.088283329805186,-0.15598899
2017-12-19 12:00:00,-0.0966682148817736,-0.15304533
2017-12-19 12:10:00,-0.0639671617048171,-0.1460945
2017-12-19 12:20:00,-0.0757060021903049,-0.131697
2017-12-19 12:30:00,-0.094991237866456,-0.11162125
2017-12-19 12:40:00,-0.0924757723434796,-0.08422253
2017-12-19 12:50:00,-0.1134379864132137,-0.052088536
2017-12-19 13:00:00,-0.1771631143735435,-0.032236643
2017-12-19 13:10:00,-0.2023177709815712,-0.017215133
2017-12-19 13:20:00,-0.2073487020275235,-0.0043981895
2017-12-19 13:30:00,-0.1947713730343769,0.007278554
2017-12-19 13:40:00,-0.2434037092351147,0.018321704
2017-12-19 13:50:00,-0.2534655713270199,0.024546783
2017-12-19 14:00:00,-0.2299878917343093,0.015680283
2017-12-19 14:10:00,-0.1805170684041782,0.00085494295
2017-12-19 14:20:00,-0.1671012522816383,-0.017184585
2017-12-19 14:30:00,-0.1847095109424723,-0.03983935
2017-12-19 14:40:00,-0.1922559075114005,-0.06524969
2017-12-19 14:50:00,-0.2576580138653134,-0.092361294
2017-12-19 15:00:00,-0.2802972035720992,-0.12466543
2017-12-19 15:10:00,-0.2828126690950756,-0.15736452
2017-12-19 15:20:00,-0.2761047610338056,-0.18963972
2017-12-19 15:30:00,-0.3121597682413968,-0.21696797
2017-12-19 15:40:00,-0.3356374478341074,-0.23679146
2017-12-19 15:50:00,-0.3339604708187897,-0.24914923
2017-12-19 16:00:00,-0.3364759363417662,-0.25922522
2017-12-19 16:10:00,-0.3171906992873496,-0.26870027
2017-12-19 16:20:00,-0.2325033572572857,-0.2702049
2017-12-19 16:30:00,-0.1964483500496945,-0.25536302
2017-12-19 16:40:00,-0.1603933442203684,-0.21240848
2017-12-19 16:50:00,-0.0933142608511384,-0.124900796
2017-12-19 17:00:00,0.0400054160013972,-0.068263896
2017-12-19 17:10:00,0.2789746475754661,0.014443971
2017-12-19 17:20:00,0.6177240156957208,0.13279077
2017-12-19 17:30:00,0.919579888100726,0.2919847
2017-12-19 17:40:00,1.0394837488307225,0.47530153
2017-12-19 17:50:00,1.047030145399651,0.65273577
2017-12-19 18:00:00,1.088954572160853,0.71038115
2017-12-19 18:10:00,1.0897930606685118,0.7683775
2017-12-19 18:20:00,1.0679923580911188,0.82925004
2017-12-19 18:30:00,1.0512225879379449,0.8857222
2017-12-19 18:40:00,1.0185215347609882,0.92570865
2017-12-19 18:50:00,1.0151675807303528,0.95017177
2017-12-19 19:00:00,1.0252294428222577,0.96247065
2017-12-19 19:10:00,1.0403222373383805,0.9735058
2017-12-19 19:20:00,1.009298161176741,0.9792151
2017-12-19 19:30:00,0.9900129241223248,0.9768163
2017-12-19 19:40:00,0.9522809412776816,0.97134453
2017-12-19 19:50:00,0.928803261684972,0.96043664
2017-12-19 20:00:00,0.8826863923854755,0.95783013
2017-12-19 20:10:00,0.9187413995930672,0.95061785
2017-12-19 20:20:00,0.9506039642623648,0.9350022
2017-12-19 20:30:00,0.919579888100726,0.91233766
2017-12-19 20:40:00,0.8701090647705945,0.8822637
2017-12-19 20:50:00,0.7619440431478205,0.84220165
2017-12-19 21:00:00,0.716665662355983,0.7941713
2017-12-19 21:10:00,0.7099577542947135,0.7152818
2017-12-19 21:20:00,0.6680333275335112,0.6049297
2017-12-19 21:30:00,0.6202394812186972,0.47736245
2017-12-19 21:40:00,0.5422600472499033,0.34869695
2017-12-19 21:50:00,0.4659575916746928,0.2235466
2017-12-19 22:00:00,0.3863011806905813,0.11267242
2017-12-19 22:10:00,0.3192220973213507,-0.0053773
2017-12-19 22:20:00,0.2370502208142637,-0.14884955
2017-12-19 22:30:00,0.1355931086310252,-0.3047669
2017-12-19 22:40:00,0.0031119202861478,-0.44914064
2017-12-19 22:50:00,-0.1453005497042458,-0.5707237
2017-12-19 23:00:00,-0.2316648687496269,-0.65236396
2017-12-19 23:10:00,-0.3901392022101908,-0.7285661
2017-12-19 23:20:00,-0.4798574752862071,-0.8048349
2017-12-19 23:30:00,-0.5704142368698817,-0.87716585
2017-12-19 23:40:00,-0.6710328605454614,-0.9410998
2017-12-19 23:50:00,-0.7448198519759619,-0.9977338
2017-12-20 00:00:00,-0.8227992859447554,-1.0406845
2017-12-20 00:10:00,-0.893232321966355,-1.0789572
2017-12-20 00:20:00,-0.9762426869811014,-1.1086978
2017-12-20 00:30:00,-1.039129327812038,-1.136205
2017-12-20 00:40:00,-1.1330400434263477,-1.1612387
2017-12-20 00:50:00,-1.235335644117245,-1.1858642
2017-12-20 01:00:00,-1.3242154286856025,-1.2009981
2017-12-20 01:10:00,-1.3879405566459322,-1.216572
2017-12-20 01:20:00,-1.4852052276691423,-1.2315737
2017-12-20 01:30:00,-1.527129654430345,-1.245938
2017-12-20 01:40:00,-1.5053289518529522,-1.2600646
2017-12-20 01:50:00,-1.486043716176801,-1.2738181
2017-12-20 02:00:00,-1.5036519748376345,-1.2831534
2017-12-20 02:10:00,-1.5480918671218131,-1.2947314
2017-12-20 02:20:00,-1.542222447568202,-1.3065859
2017-12-20 02:30:00,-1.5564767521984009,-1.3173832
2017-12-20 02:40:00,-1.570731058206865,-1.326929
2017-12-20 02:50:00,-1.585823851344722,-1.335733
2017-12-20 03:00:00,-1.5908547823906745,-1.3404679
2017-12-20 03:10:00,-1.6168479275063607,-1.3454726
2017-12-20 03:20:00,-1.6243943240752896,-1.3493797
2017-12-20 03:30:00,-1.6151709504910436,-1.3524514
2017-12-20 03:40:00,-1.6017551329902384,-1.3547322
2017-12-20 03:50:00,-1.6009166444825795,-1.3572427
2017-12-20 04:00:00,-1.616009438998702,-1.3643824
2017-12-20 04:10:00,-1.602593621497897,-1.3612784
2017-12-20 04:20:00,-1.620201881536996,-1.3486897
2017-12-20 04:30:00,-1.6009166444825795,-1.3282387
2017-12-20 04:40:00,-1.593370247913651,-1.2976536
2017-12-20 04:50:00,-1.6260713010906072,-1.2388221
2017-12-20 05:00:00,-1.579115943283452,-1.0844669
2017-12-20 05:10:00,-1.5531227981677656,-0.8536641
2017-12-20 05:20:00,-1.561507683244353,-0.7721049
2017-12-20 05:30:00,-1.5455764015988374,-0.91889054
2017-12-20 05:40:00,-1.4952670897610474,-1.1659913
2017-12-20 05:50:00,-1.3644628784314872,-1.3763875
2017-12-20 06:00:00,-1.36949380947744,-1.3895066
2017-12-20 06:10:00,-1.3552395048472412,-1.3949202
2017-12-20 06:20:00,-1.3233769401779436,-1.3908587
2017-12-20 06:30:00,-1.278937047893765,-1.3765541
2017-12-20 06:40:00,-1.3242154286856025,-1.3521794
2017-12-20 06:50:00,-1.382071137092321,-1.3202184
2017-12-20 07:00:00,-1.421480098330547,-1.2977308
2017-12-20 07:10:00,-1.4156106787769358,-1.2682425
2017-12-20 07:20:00,-1.4105797477309836,-1.2305655
2017-12-20 07:30:00,-1.3812326485846622,-1.1885802
2017-12-20 07:40:00,-1.3854250911229558,-1.1426675
2017-12-20 07:50:00,-1.4097412592233247,-1.0912771
2017-12-20 08:00:00,-1.3309233367468725,-1.0660373
2017-12-20 08:10:00,-1.2495899487474438,-1.0335855
2017-12-20 08:20:00,-1.1850263322794552,-0.9995615
2017-12-20 08:30:00,-1.1196242259255422,-0.9611884
2017-12-20 08:40:00,-1.038290839304379,-0.9179253
2017-12-20 08:50:00,-1.004751297619764,-0.8667468
2017-12-20 09:00:00,-0.8915553449510375,-0.84191227
2017-12-20 09:10:00,-0.7993216063520453,-0.8074344
2017-12-20 09:20:00,-0.7171497298449577,-0.7623532
2017-12-20 09:30:00,-0.6425242512850645,-0.70834947
2017-12-20 09:40:00,-0.6056307555698145,-0.6471459
2017-12-20 09:50:00,-0.5569984207473423,-0.5785598
2017-12-20 10:00:00,-0.505850619023628,-0.5189125
2017-12-20 10:10:00,-0.419486301356512,-0.45662454
2017-12-20 10:20:00,-0.3876237366872144,-0.39005458
2017-12-20 10:30:00,-0.3046133716724686,-0.3257387
2017-12-20 10:40:00,-0.2761047610338056,-0.26980388
2017-12-20 10:50:00,-0.2761047610338056,-0.22080824
2017-12-20 11:00:00,-0.229149403226651,-0.20214188
2017-12-20 11:10:00,-0.1394311301506347,-0.18686917
2017-12-20 11:20:00,-0.1453005497042458,-0.16988516
2017-12-20 11:30:00,-0.0975067033894319,-0.15064564
2017-12-20 11:40:00,-0.1008606574200671,-0.12741956
2017-12-20 11:50:00,-0.0807369332362573,-0.121465005
2017-12-20 12:00:00,-0.0958297263741148,-0.12379902
2017-12-20 12:10:00,-0.0723520481596697,-0.12435735
2017-12-20 12:20:00,-0.0228812248295391,-0.122921385
2017-12-20 12:30:00,-0.0337815754291026,-0.11893628
2017-12-20 12:40:00,-0.0186887809129791,-0.105270095
2017-12-20 12:50:00,-0.0295891328908086,-0.084878586
2017-12-20 13:00:00,-0.0505513455822772,-0.068101265
2017-12-20 13:10:00,-0.0597747191665231,-0.050853066
2017-12-20 13:20:00,-0.0530668111052532,-0.035071544
2017-12-20 13:30:00,-0.0773829792056225,-0.019453563
2017-12-20 13:40:00,-0.0899603068205036,-0.004778549
2017-12-20 13:50:00,-0.1394311301506347,0.008179225
2017-12-20 14:00:00,-0.0748675136826461,0.008569874
2017-12-20 14:10:00,-0.0975067033894319,0.0042392462
2017-12-20 14:20:00,-0.0807369332362573,-0.005237609
2017-12-20 14:30:00,-0.1109225208902373,-0.018385448
2017-12-20 14:40:00,-0.1335617105970236,-0.035749532
2017-12-20 14:50:00,-0.1469775267195635,-0.054476626
2017-12-20 15:00:00,-0.1671012522816383,-0.082056426
2017-12-20 15:10:00,-0.181355556911837,-0.112242945
2017-12-20 15:20:00,-0.1687782292969559,-0.14272615
2017-12-20 15:30:00,-0.1981253284432776,-0.16947973
2017-12-20 15:40:00,-0.2484346402810675,-0.18967274
2017-12-20 15:50:00,-0.2777817380491232,-0.20237705
2017-12-20 16:00:00,-0.2802972035720992,-0.2143507
2017-12-20 16:10:00,-0.2727508070031709,-0.22507536
2017-12-20 16:20:00,-0.2467576632657499,-0.23012653
2017-12-20 16:30:00,-0.2065102135198647,-0.22964305
2017-12-20 16:40:00,-0.118468917459166,-0.21437922
2017-12-20 16:50:00,-0.0329430869214438,-0.16119435
2017-12-20 17:00:00,0.0081428513320996,-0.11561427
2017-12-20 17:10:00,0.1900948630071086,-0.030551843
2017-12-20 17:20:00,0.590892382072376,0.1323436
2017-12-20 17:30:00,0.9556348953083168,0.39084104
2017-12-20 17:40:00,1.0042672301307896,0.69779575
2017-12-20 17:50:00,1.0042672301307896,0.94547415
2017-12-20 18:00:00,1.0160060692380115,1.0107164
2017-12-20 18:10:00,1.071346312121754,1.0693706
2017-12-20 18:20:00,1.0654768925681424,1.1103531
2017-12-20 18:30:00,1.0654768925681424,1.1364565
2017-12-20 18:40:00,1.02355246580694,1.1421186
2017-12-20 18:50:00,1.0201985117763055,1.1295811
2017-12-20 19:00:00,1.0604459615221904,1.1182276
2017-12-20 19:10:00,1.0512225879379449,1.1058747
2017-12-20 19:20:00,0.9967208335618604,1.0889447
2017-12-20 19:30:00,0.9170644225777496,1.0705624
2017-12-20 19:40:00,0.9095180260088204,1.0485042
2017-12-20 19:50:00,0.8919097659697215,1.0266261
2017-12-20 20:00:00,0.8315385920400273,1.0136206
2017-12-20 20:10:00,0.915387445562432,0.9982682
2017-12-20 20:20:00,0.9430575663151706,0.9760401
2017-12-20 20:30:00,0.954796406800658,0.94867337
2017-12-20 20:40:00,0.9103565145164793,0.9150911
2017-12-20 20:50:00,0.8499853392085192,0.87467915
2017-12-20 21:00:00,0.7619440431478205,0.8342088
2017-12-20 21:10:00,0.7384663649333759,0.76503813
2017-12-20 21:20:00,0.664679373502876,0.65811425
2017-12-20 21:30:00,0.5665762153502726,0.5340736
2017-12-20 21:40:00,0.5078820184358952,0.415507
2017-12-20 21:50:00,0.4458338661126175,0.3056325
2017-12-20 22:00:00,0.3946860657671683,0.2104204
2017-12-20 22:10:00,0.3158681432907155,0.11042146
2017-12-20 22:20:00,0.2035106805079135,-0.008312337
2017-12-20 22:30:00,0.140624039676977,-0.15180019
2017-12-20 22:40:00,0.05845216316989,-0.30984205
2017-12-20 22:50:00,-0.0698365826366938,-0.45985308
2017-12-20 23:00:00,-0.2081871905351823,-0.5636422
2017-12-20 23:10:00,-0.3306065167881545,-0.64765006
2017-12-20 23:20:00,-0.4765035212555719,-0.7288764
2017-12-20 23:30:00,-0.5779606334388104,-0.813904
2017-12-20 23:40:00,-0.6609709984535568,-0.89497244
2017-12-20 23:50:00,-0.7582356680985017,-0.9627895
2017-12-21 00:00:00,-0.8429230101285652,-1.010188
2017-12-21 00:10:00,-0.9183869785743828,-1.0515085
2017-12-21 00:20:00,-0.9980433895584944,-1.086784
2017-12-21 00:30:00,-1.0617685175188236,-1.1186278
2017-12-21 00:40:00,-1.1120778293566136,-1.1436816
2017-12-21 00:50:00,-1.1481328365642052,-1.1648624
2017-12-21 01:00:00,-1.2034730794479471,-1.1742214
2017-12-21 01:10:00,-1.2797755364014238,-1.1852604
2017-12-21 01:20:00,-1.31918449763965,-1.1981579
2017-12-21 01:30:00,-1.3443391528694124,-1.2124027
2017-12-21 01:40:00,-1.4097412592233247,-1.2294382
2017-12-21 01:50:00,-1.4315419604224522,-1.2487402
2017-12-21 02:00:00,-1.4717894101683369,-1.2617934
2017-12-21 02:10:00,-1.5002980208069998,-1.2778307
2017-12-21 02:20:00,-1.5246141889073688,-1.2936579
2017-12-21 02:30:00,-1.52377570039971,-1.3080693
2017-12-21 02:40:00,-1.5480918671218131,-1.3210515
2017-12-21 02:50:00,-1.573246523729841,-1.3320264
2017-12-21 03:00:00,-1.5598307062290355,-1.3375372
2017-12-21 03:10:00,-1.5589922177213766,-1.3422842
2017-12-21 03:20:00,-1.5506073326447896,-1.3463699
2017-12-21 03:30:00,-1.5782774547757932,-1.3509861
2017-12-21 03:40:00,-1.590016293883016,-1.3556045
2017-12-21 03:50:00,-1.6076245525438495,-1.3601269
2017-12-21 04:00:00,-1.6084630410515084,-1.3693129
2017-12-21 04:10:00,-1.6042705985132142,-1.37245
2017-12-21 04:20:00,-1.5816314088064285,-1.3703893
2017-12-21 04:30:00,-1.579115943283452,-1.3649192
2017-12-21 04:40:00,-1.5740850122374996,-1.353753
2017-12-21 04:50:00,-1.5749235007451583,-1.3287388
2017-12-21 05:00:00,-1.5564767521984009,-1.2558672
2017-12-21 05:10:00,-1.542222447568202,-1.1340314
2017-12-21 05:20:00,-1.5816314088064285,-1.0618697
2017-12-21 05:30:00,-1.5682155926838883,-1.1385084
2017-12-21 05:40:00,-1.5313220969686383,-1.287285
2017-12-21 05:50:00,-1.423995563853523,-1.4173983
2017-12-21 06:00:00,-1.3753632290310511,-1.4276441
2017-12-21 06:10:00,-1.3778786945540271,-1.4334458
2017-12-21 06:20:00,-1.340985198838777,-1.4352533
2017-12-21 06:30:00,-1.2822910019243996,-1.4327067
2017-12-21 06:40:00,-1.2705521628171774,-1.4245411
2017-12-21 06:50:00,-1.3258924057009196,-1.411095
2017-12-21 07:00:00,-1.3367927563004836,-1.3988267
2017-12-21 07:10:00,-1.3535625278319237,-1.3790885
2017-12-21 07:20:00,-1.3803941600770036,-1.3499944
2017-12-21 07:30:00,-1.393809977577809,-1.3114961
2017-12-21 07:40:00,-1.4466347549385747,-1.2611791
2017-12-21 07:50:00,-1.486043716176801,-1.202927
2017-12-21 08:00:00,-1.3971639316084437,-1.1636108
2017-12-21 08:10:00,-1.2831294904320585,-1.1205722
2017-12-21 08:20:00,-1.18838028631009,-1.0724295
2017-12-21 08:30:00,-1.1481328365642052,-1.0222576
2017-12-21 08:40:00,-1.1263321353650777,-0.97030944
2017-12-21 08:50:00,-1.1129163178642725,-0.91297746
2017-12-21 09:00:00,-1.0349368838954789,-0.8837194
2017-12-21 09:10:00,-0.9393491912658514,-0.8427025
2017-12-21 09:20:00,-0.8429230101285652,-0.7973937
2017-12-21 09:30:00,-0.8118989339669264,-0.7488242
2017-12-21 09:40:00,-0.7414658979453266,-0.69759136
2017-12-21 09:50:00,-0.6400087857620881,-0.63589996
2017-12-21 10:00:00,-0.5829915644847627,-0.5788359
2017-12-21 10:10:00,-0.5460980687695128,-0.521009
2017-12-21 10:20:00,-0.4706341017019607,-0.4606518
2017-12-21 10:30:00,-0.4412870025556395,-0.39769715
2017-12-21 10:40:00,-0.3675000111251395,-0.3347056
2017-12-21 10:50:00,-0.3473762869413297,-0.2783651
2017-12-21 11:00:00,-0.3146752337643732,-0.2486169
2017-12-21 11:10:00,-0.3037748831648098,-0.21989807
2017-12-21 11:20:00,-0.2844896461103932,-0.18668944
2017-12-21 11:30:00,-0.2467576632657499,-0.15169269
2017-12-21 11:40:00,-0.2065102135198647,-0.11971898
2017-12-21 11:50:00,-0.1780016028812023,-0.1114055
2017-12-21 12:00:00,-0.2157335871041111,-0.11790288
2017-12-21 12:10:00,-0.1704552063122735,-0.119658805
2017-12-21 12:20:00,-0.1302077565663884,-0.11785432
2017-12-21 12:30:00,-0.1067300769736783,-0.11320702
2017-12-21 12:40:00,-0.0547437881205708,-0.10393631
2017-12-21 12:50:00,-0.0480358800593008,-0.09198595
2017-12-21 13:00:00,-0.0673211171137174,-0.08758273
2017-12-21 13:10:00,-0.1142764749208725,-0.083705954
2017-12-21 13:20:00,-0.0983451918970907,-0.07859752
2017-12-21 13:30:00,-0.1494929922425394,-0.07173281
2017-12-21 13:40:00,-0.16626276377398,-0.061273575
2017-12-21 13:50:00,-0.1889019534807658,-0.049167737
2017-12-21 14:00:00,-0.1520084577655158,-0.05074984
2017-12-21 14:10:00,-0.155362413174416,-0.059348963
2017-12-21 14:20:00,-0.1562009016820748,-0.07120354
2017-12-21 14:30:00,-0.1654242752663212,-0.08329656
2017-12-21 14:40:00,-0.1671012522816383,-0.09569798
2017-12-21 14:50:00,-0.1905789304960834,-0.10831425
2017-12-21 15:00:00,-0.1939328845267181,-0.12967014
2017-12-21 15:10:00,-0.1956098615420357,-0.15705383
2017-12-21 15:20:00,-0.1998023054585948,-0.18894318
2017-12-21 15:30:00,-0.2039947479968888,-0.21875623
2017-12-21 15:40:00,-0.237534288303238,-0.24523196
2017-12-21 15:50:00,-0.2350188227802621,-0.26720956
2017-12-21 16:00:00,-0.2199260296424046,-0.2886252
2017-12-21 16:10:00,-0.229149403226651,-0.3070815
2017-12-21 16:20:00,-0.1981253284432776,-0.32242772
2017-12-21 16:30:00,-0.1981253284432776,-0.3283833
2017-12-21 16:40:00,-0.1394311301506347,-0.31615114
2017-12-21 16:50:00,-0.0656441387201343,-0.2578043
2017-12-21 17:00:00,0.0458748355550089,-0.19683957
2017-12-21 17:10:00,0.2823286016061013,-0.09917135
2017-12-21 17:20:00,0.5598683072890022,0.058233462
2017-12-21 17:30:00,0.9137104685471144,0.29486096
2017-12-21 17:40:00,1.031937350883528,0.5885109
2017-12-21 17:50:00,1.11075527335998,0.84539825
2017-12-21 18:00:00,1.0923085261914882,0.92586106
2017-12-21 18:10:00,1.0562535189838964,0.99519944
2017-12-21 18:20:00,1.0227139772992813,1.046419
2017-12-21 18:30:00,1.0260679313299164,1.0755312
2017-12-21 18:40:00,1.0629614270451668,1.0823976
2017-12-21 18:50:00,1.0939855032068058,1.0752472
2017-12-21 19:00:00,1.0512225879379449,1.0684932
2017-12-21 19:10:00,1.0931470146991469,1.0657493
2017-12-21 19:20:00,1.0419992143536978,1.0605749
2017-12-21 19:30:00,0.984143504568714,1.0561787
2017-12-21 19:40:00,0.9573118723236343,1.0479221
2017-12-21 19:50:00,0.9162259340700908,1.0354594
2017-12-21 20:00:00,0.8717860417859121,1.0304207
2017-12-21 20:10:00,0.920418376608384,1.0235612
2017-12-21 20:20:00,0.928803261684972,1.0096396
2017-12-21 20:30:00,0.8994561625386507,0.98914874
2017-12-21 20:40:00,0.8088994009549756,0.9588504
2017-12-21 20:50:00,0.7502052040405982,0.9187392
2017-12-21 21:00:00,0.7267275244478876,0.8765206
2017-12-21 21:10:00,0.6806106551483923,0.80559844
2017-12-21 21:20:00,0.6353322743565547,0.70192426
2017-12-21 21:30:00,0.5757995889345184,0.577794
2017-12-21 21:40:00,0.5070435285499704,0.4564084
2017-12-21 21:50:00,0.4743424767512799,0.34261683
2017-12-21 22:00:00,0.3938475772595095,0.2450119
2017-12-21 22:10:00,0.3032908156758344,0.1435628
2017-12-21 22:20:00,0.2077031230462075,0.021075197
2017-12-21 22:30:00,0.1171463614625324,-0.12728998
2017-12-21 22:40:00,0.032459019432469,-0.29143414
2017-12-21 22:50:00,-0.1075685654813371,-0.4483433
2017-12-21 23:00:00,-0.2316648687496269,-0.5550938
2017-12-21 23:10:00,-0.3557611720179167,-0.6478186
2017-12-21 23:20:00,-0.4588952612164729,-0.73463213
2017-12-21 23:30:00,-0.5569984207473423,-0.8216295
2017-12-21 23:40:00,-0.6257544797536244,-0.9017747
2017-12-21 23:50:00,-0.7154727528296402,-0.97026736
2017-12-22 00:00:00,-0.8202838204217794,-1.0158831
2017-12-22 00:10:00,-0.8789780173361563,-1.0561497
2017-12-22 00:20:00,-0.941026168281169,-1.0920218
2017-12-22 00:30:00,-1.015651648219328,-1.1241031
2017-12-22 00:40:00,-1.0525451439345777,-1.1528586
2017-12-22 00:50:00,-1.1372324859646412,-1.1789446
2017-12-22 01:00:00,-1.2118579645245349,-1.1915036
2017-12-22 01:10:00,-1.314992055101356,-1.2073323
2017-12-22 01:20:00,-1.3242154286856025,-1.2229768
2017-12-22 01:30:00,-1.3611089244008523,-1.2385305
2017-12-22 01:40:00,-1.4164491672845947,-1.2543067
2017-12-22 01:50:00,-1.4508271974768687,-1.2704009
2017-12-22 02:00:00,-1.4835282506538248,-1.2806264
2017-12-22 02:10:00,-1.5019749978223174,-1.2921284
2017-12-22 02:20:00,-1.521260234876734,-1.303336
2017-12-22 02:30:00,-1.5262911659226863,-1.3138512
2017-12-22 02:40:00,-1.5447379130911785,-1.3233458
2017-12-22 02:50:00,-1.543060936075861,-1.3321795
2017-12-22 03:00:00,-1.5782774547757932,-1.3367914
2017-12-22 03:10:00,-1.561507683244353,-1.3408024
2017-12-22 03:20:00,-1.561507683244353,-1.3446826
2017-12-22 03:30:00,-1.5631846602596708,-1.3482534
2017-12-22 03:40:00,-1.5942087364213096,-1.3515242
2017-12-22 03:50:00,-1.6235558355676307,-1.3556947
2017-12-22 04:00:00,-1.6168479275063607,-1.3642653
2017-12-22 04:10:00,-1.6235558355676307,-1.3657678
2017-12-22 04:20:00,-1.6193633930293372,-1.3610185
2017-12-22 04:30:00,-1.6352946746748531,-1.3513876
2017-12-22 04:40:00,-1.634456186167195,-1.333549
2017-12-22 04:50:00,-1.6218788585523136,-1.2986153
2017-12-22 05:00:00,-1.5975626904519442,-1.2071323
2017-12-22 05:10:00,-1.593370247913651,-1.0653244
2017-12-22 05:20:00,-1.5950472249289684,-0.99600285
2017-12-22 05:30:00,-1.605109087020873,-1.091833
2017-12-22 05:40:00,-1.552284309660107,-1.2613109
2017-12-22 05:50:00,-1.4290264948994758,-1.4049379
2017-12-22 06:00:00,-1.3879405566459322,-1.4177057
2017-12-22 06:10:00,-1.3476931082783126,-1.4253505
2017-12-22 06:20:00,-1.300737750471158,-1.4278864
2017-12-22 06:30:00,-1.2328201785942683,-1.4246997
2017-12-22 06:40:00,-1.2328201785942683,-1.4162217
2017-12-22 06:50:00,-1.288160421478011,-1.3998064
2017-12-22 07:00:00,-1.3476931082783126,-1.3849813
2017-12-22 07:10:00,-1.3426621758540946,-1.3635902
2017-12-22 07:20:00,-1.3980024201161023,-1.3350068
2017-12-22 07:30:00,-1.4441192894155988,-1.2966433
2017-12-22 07:40:00,-1.4877206931921187,-1.2482063
2017-12-22 07:50:00,-1.48688220468446,-1.1922249
2017-12-22 08:00:00,-1.4080642822080072,-1.1585652
2017-12-22 08:10:00,-1.2688751858018603,-1.1213235
2017-12-22 08:20:00,-1.2336586671019274,-1.0803562
2017-12-22 08:30:00,-1.1892187748177487,-1.0339197
2017-12-22 08:40:00,-1.142263417010594,-0.9867751
2017-12-22 08:50:00,-1.0869231741268512,-0.9377163
2017-12-22 09:00:00,-1.0525451439345777,-0.91658455
2017-12-22 09:10:00,-0.9334797717122404,-0.8845174
2017-12-22 09:20:00,-0.8462769641592004,-0.84562844
2017-12-22 09:30:00,-0.76578206466743,-0.80338377
2017-12-22 09:40:00,-0.7624281106367953,-0.7542988
2017-12-22 09:50:00,-0.6844486780462669,-0.69112617
2017-12-22 10:00:00,-0.6106616866157668,-0.6314303
2017-12-22 10:10:00,-0.5469365572771716,-0.564439
2017-12-22 10:20:00,-0.5251358560780446,-0.48749927
2017-12-22 10:30:00,-0.4714725902096195,-0.40153554
2017-12-22 10:40:00,-0.3825928056412621,-0.3148239
2017-12-22 10:50:00,-0.3742079191864095,-0.23666331
2017-12-22 11:00:00,-0.3406683788800597,-0.18998891
2017-12-22 11:10:00,-0.3012594176418333,-0.14918035
2017-12-22 11:20:00,-0.2333418457649445,-0.11093504
2017-12-22 11:30:00,-0.2693968529725357,-0.07293662
2017-12-22 11:40:00,-0.2568195253576546,-0.04224951
2017-12-22 11:50:00,-0.2911975555499286,-0.03643343
2017-12-22 12:00:00,-0.3800773401182861,-0.048163287
2017-12-22 12:10:00,-0.3851082711642384,-0.059302233
2017-12-22 12:20:00,-0.4077474608710242,-0.06904573
2017-12-22 12:30:00,-0.4396100255403218,-0.07788698
2017-12-22 12:40:00,-0.4697956131943019,-0.08207708
2017-12-22 12:50:00,-0.4538643301705206,-0.07982496
2017-12-22 13:00:00,-0.3842697826565797,-0.08303628
2017-12-22 13:10:00,-0.3306065167881545,-0.08653713
2017-12-22 13:20:00,-0.3398298903724009,-0.0867553
2017-12-22 13:30:00,-0.3381529133570833,-0.08221526
2017-12-22 13:40:00,-0.3817543171336032,-0.07136426
2017-12-22 13:50:00,-0.419486301356512,-0.06044898
2017-12-22 14:00:00,-0.430386651956076,-0.061348654
2017-12-22 14:10:00,-0.4463179336015918,-0.070286
2017-12-22 14:20:00,-0.430386651956076,-0.08482615
2017-12-22 14:30:00,-0.389300713702532,-0.10571014
2017-12-22 14:40:00,-0.4161323459476118,-0.12905794
2017-12-22 14:50:00,-0.3708539651557743,-0.15381452
2017-12-22 15:00:00,-0.4010395528097543,-0.18379933
2017-12-22 15:10:00,-0.4463179336015918,-0.21760541
2017-12-22 15:20:00,-0.4404485140479807,-0.25123265
2017-12-22 15:30:00,-0.4899193373781118,-0.28415033
2017-12-22 15:40:00,-0.5075275974172107,-0.30342516
2017-12-22 15:50:00,-0.4991427109623581,-0.31654266
2017-12-22 16:00:00,-0.4505103761398853,-0.3301094
2017-12-22 16:10:00,-0.4563797956934965,-0.34586194
2017-12-22 16:20:00,-0.4647646821483496,-0.362825
2017-12-22 16:30:00,-0.4605722382317905,-0.38434306
2017-12-22 16:40:00,-0.3901392022101908,-0.4011873
2017-12-22 16:50:00,-0.2945515095805634,-0.38964188
2017-12-22 17:00:00,-0.2350188227802621,-0.3768892
2017-12-22 17:10:00,-0.064805650212476,-0.33526173
2017-12-22 17:20:00,0.304967792691152,-0.2453449
2017-12-22 17:30:00,0.6286243662952843,-0.07959261
2017-12-22 17:40:00,0.781229280202237,0.16958079
2017-12-22 17:50:00,0.811414866477952,0.4475082
2017-12-22 18:00:00,0.8139303320009275,0.5389452
2017-12-22 18:10:00,0.8424389426395908,0.634552
2017-12-22 18:20:00,0.863401156709325,0.72688544
2017-12-22 18:30:00,0.8357310345783204,0.8065564
2017-12-22 18:40:00,0.811414866477952,0.8656147
2017-12-22 18:50:00,0.8156073090162451,0.8995977
2017-12-22 19:00:00,0.8206382414404629,0.9054534
2017-12-22 19:10:00,0.8147688205085862,0.9071378
2017-12-22 19:20:00,0.7627825316554793,0.9076324
2017-12-22 19:30:00,0.7560746235942098,0.9076111
2017-12-22 19:40:00,0.7225350819095946,0.90762085
2017-12-22 19:50:00,0.7300814798567888,0.9057172
2017-12-22 20:00:00,0.737627876425717,0.9071161
2017-12-22 20:10:00,0.7611055546401617,0.9083585
2017-12-22 20:20:00,0.7619440431478205,0.9054617
2017-12-22 20:30:00,0.7661364856861145,0.8969834
2017-12-22 20:40:00,0.7367893879180583,0.8813341
2017-12-22 20:50:00,0.7175041508636417,0.854955
2017-12-22 21:00:00,0.7124732198176889,0.8252385
2017-12-22 21:10:00,0.6101776191267926,0.7720291
2017-12-22 21:20:00,0.5632222613196374,0.6805983
2017-12-22 21:30:00,0.5355521391886338,0.5596163
2017-12-22 21:40:00,0.5053665515346527,0.4324969
2017-12-22 21:50:00,0.4332565384977364,0.31219995
2017-12-22 22:00:00,0.3167066317983743,0.20653808
2017-12-22 22:10:00,0.2831670901137601,0.10383284
2017-12-22 22:20:00,0.2362117323066049,-0.004723288
2017-12-22 22:30:00,0.1842254434534969,-0.13203633
2017-12-22 22:40:00,0.0777374002243065,-0.28466794
2017-12-22 22:50:00,-0.0354585524444197,-0.44788948
2017-12-22 23:00:00,-0.1293692680587295,-0.5640541
2017-12-22 23:10:00,-0.2081871905351823,-0.66983694
2017-12-22 23:20:00,-0.2987439521188574,-0.7765592
2017-12-22 23:30:00,-0.3976855987791196,-0.88661075
2017-12-22 23:40:00,-0.5528059782090482,-0.98392564
2017-12-22 23:50:00,-0.6525861133769691,-1.0639954
2017-12-23 00:00:00,-0.7641050876521129,-1.1167253
2017-12-23 00:10:00,-0.8571773147587639,-1.1600446
2017-12-23 00:20:00,-0.961149893843244,-1.194014
2017-12-23 00:30:00,-1.0349368838954789,-1.218192
2017-12-23 00:40:00,-1.098662013234074,-1.2357913
2017-12-23 00:50:00,-1.185864820787114,-1.248721
2017-12-23 01:00:00,-1.2177273854564117,-1.2529085
2017-12-23 01:10:00,-1.2755830938631296,-1.2580417
2017-12-23 01:20:00,-1.31918449763965,-1.2637905
2017-12-23 01:30:00,-1.3560779933549,-1.2714254
2017-12-23 01:40:00,-1.384586602615297,-1.279085
2017-12-23 01:50:00,-1.4172876557922536,-1.2879537
2017-12-23 02:00:00,-1.4634045250917498,-1.2930781
2017-12-23 02:10:00,-1.4944286012533887,-1.3006985
2017-12-23 02:20:00,-1.5128753484218809,-1.3088962
2017-12-23 02:30:00,-1.5095213943912456,-1.3169178
2017-12-23 02:40:00,-1.542222447568202,-1.3239938
2017-12-23 02:50:00,-1.599239667467262,-1.3303928
2017-12-23 03:00:00,-1.6176864160140196,-1.3334287
2017-12-23 03:10:00,-1.6453565367667582,-1.3357375
2017-12-23 03:20:00,-1.6621263082981983,-1.3374016
2017-12-23 03:30:00,-1.6671572393441507,-1.3384929
2017-12-23 03:40:00,-1.680573055466691,-1.3397962
2017-12-23 03:50:00,-1.6948273600968893,-1.3419048
2017-12-23 04:00:00,-1.7082431775976947,-1.3484865
2017-12-23 04:10:00,-1.7015352695364248,-1.3450109
2017-12-23 04:20:00,-1.6864424750203018,-1.333697
2017-12-23 04:30:00,-1.6948273600968893,-1.3204871
2017-12-23 04:40:00,-1.6864424750203018,-1.3043214
2017-12-23 04:50:00,-1.681411543974349,-1.2759913
2017-12-23 05:00:00,-1.6554184002369283,-1.1894065
2017-12-23 05:10:00,-1.647033513782076,-1.0416108
2017-12-23 05:20:00,-1.6327792091518771,-0.9399342
2017-12-23 05:30:00,-1.6034321100055555,-1.0147816
2017-12-23 05:40:00,-1.570731058206865,-1.1956502
2017-12-23 05:50:00,-1.4466347549385747,-1.3655521
2017-12-23 06:00:00,-1.4189646328075711,-1.3765389
2017-12-23 06:10:00,-1.4206416098228882,-1.3800175
2017-12-23 06:20:00,-1.382909625599979,-1.3773965
2017-12-23 06:30:00,-1.4047103281773723,-1.3681818
2017-12-23 06:40:00,-1.4089027707156658,-1.353515
2017-12-23 06:50:00,-1.4105797477309836,-1.3336636
2017-12-23 07:00:00,-1.5145523254371984,-1.3216523
2017-12-23 07:10:00,-1.5204217449908095,-1.305123
2017-12-23 07:20:00,-1.5455764015988374,-1.2849951
2017-12-23 07:30:00,-1.5455764015988374,-1.2629774
2017-12-23 07:40:00,-1.570731058206865,-1.2373586
2017-12-23 07:50:00,-1.5849853628370631,-1.2077531
2017-12-23 08:00:00,-1.522937211892051,-1.195361
2017-12-23 08:10:00,-1.4566966170304798,-1.1790557
2017-12-23 08:20:00,-1.3971639316084437,-1.1584504
2017-12-23 08:30:00,-1.3661398554468047,-1.1320975
2017-12-23 08:40:00,-1.3242154286856025,-1.0979984
2017-12-23 08:50:00,-1.194249705863701,-1.0559825
2017-12-23 09:00:00,-1.1120778293566136,-1.0346823
2017-12-23 09:10:00,-0.9913354801189588,-1.0008732
2017-12-23 09:20:00,-0.8882013909204027,-0.9551682
2017-12-23 09:30:00,-0.8144143994899028,-0.8999988
2017-12-23 09:40:00,-0.746496828991279,-0.84231454
2017-12-23 09:50:00,-0.6928335631228544,-0.77663213
2017-12-23 10:00:00,-0.6584555329305803,-0.71837133
2017-12-23 10:10:00,-0.5486135342924892,-0.6576633
2017-12-23 10:20:00,-0.4681186361789848,-0.59206
2017-12-23 10:30:00,-0.4220017668794884,-0.52629083
2017-12-23 10:40:00,-0.3750464090723333,-0.46508637
2017-12-23 10:50:00,-0.3264140728715955,-0.40957052
2017-12-23 11:00:00,-0.3314450052958134,-0.3845552
2017-12-23 11:10:00,-0.2350188227802621,-0.36142573
2017-12-23 11:20:00,-0.229149403226651,-0.3357901
2017-12-23 11:30:00,-0.1771631143735435,-0.30242398
2017-12-23 11:40:00,-0.1260153140280948,-0.26039246
2017-12-23 11:50:00,-0.144462061196587,-0.23606446
2017-12-23 12:00:00,-0.1402696186582935,-0.22945186
2017-12-23 12:10:00,-0.1411081071659523,-0.21903327
2017-12-23 12:20:00,-0.1302077565663884,-0.20510954
2017-12-23 12:30:00,-0.1989638169509359,-0.18462437
2017-12-23 12:40:00,-0.2333418457649445,-0.16550985
2017-12-23 12:50:00,-0.1805170684041782,-0.14643866
2017-12-23 13:00:00,-0.1872249764654482,-0.13653818
2017-12-23 13:10:00,-0.1922559075114005,-0.12556058
2017-12-23 13:20:00,-0.2216030066577222,-0.116444565
2017-12-23 13:30:00,-0.218249052627087,-0.108062364
2017-12-23 13:40:00,-0.2341803342726033,-0.09932638
2017-12-23 13:50:00,-0.2693968529725357,-0.09354695
2017-12-23 14:00:00,-0.2769432495414645,-0.10396577
2017-12-23 14:10:00,-0.2777817380491232,-0.11887423
2017-12-23 14:20:00,-0.2987439521188574,-0.13646573
2017-12-23 14:30:00,-0.2584965023729722,-0.15506658
2017-12-23 14:40:00,-0.3138367452567144,-0.17514911
2017-12-23 14:50:00,-0.333121982311131,-0.19849858
2017-12-23 15:00:00,-0.3909776907178496,-0.22785392
2017-12-23 15:10:00,-0.4261942094177819,-0.25691912
2017-12-23 15:20:00,-0.4203247898641708,-0.28432092
2017-12-23 15:30:00,-0.4656031706560083,-0.30623376
2017-12-23 15:40:00,-0.5024966649929928,-0.32050967
2017-12-23 15:50:00,-0.5310052756316558,-0.3250498
2017-12-23 16:00:00,-0.6123386636310845,-0.32292455
2017-12-23 16:10:00,-0.5746066794081757,-0.31804708
2017-12-23 16:20:00,-0.5620293517932946,-0.3065658
2017-12-23 16:30:00,-0.5075275974172107,-0.28136054
2017-12-23 16:40:00,-0.445479445093933,-0.22908357
2017-12-23 16:50:00,-0.3465377984336709,-0.121665426
2017-12-23 17:00:00,-0.2459191747580911,-0.041295215
2017-12-23 17:10:00,-0.0991836804047495,0.07384661
2017-12-23 17:20:00,0.2580124348839979,0.2411227
2017-12-23 17:30:00,0.6797721666407335,0.45735246
2017-12-23 17:40:00,0.8483083621932015,0.685534
2017-12-23 17:50:00,0.9036486050769438,0.866628
2017-12-23 18:00:00,0.919579888100726,0.9008063
2017-12-23 18:10:00,0.9170644225777496,0.9328645
2017-12-23 18:20:00,0.8768169728318639,0.9573413
2017-12-23 18:30:00,0.8525008047314956,0.9766205
2017-12-23 18:40:00,0.8541777817468131,0.984343
2017-12-23 18:50:00,0.8449544081625663,0.97576284
2017-12-23 19:00:00,0.8768169728318639,0.96318656
2017-12-23 19:10:00,0.8726245302935709,0.9535578
2017-12-23 19:20:00,0.8793324383548403,0.94648916
2017-12-23 19:30:00,0.8784939498471815,0.9377805
2017-12-23 19:40:00,0.8508238277161779,0.92537004
2017-12-23 19:50:00,0.8265076609940746,0.9102469
2017-12-23 20:00:00,0.798837538863071,0.89996594
2017-12-23 20:10:00,0.7795523031869194,0.8868055
2017-12-23 20:20:00,0.7443357844869866,0.869008
2017-12-23 20:30:00,0.7158271738483242,0.8422795
2017-12-23 20:40:00,0.6705487930564866,0.8058955
2017-12-23 20:50:00,0.6554559999186301,0.7560608
2017-12-23 21:00:00,0.6244319237569902,0.7000623
2017-12-23 21:10:00,0.5791535429651538,0.6205494
2017-12-23 21:20:00,0.4969816664580657,0.50960195
2017-12-23 21:30:00,0.4466723546202763,0.3746651
2017-12-23 21:40:00,0.3561155930366012,0.22860539
2017-12-23 21:50:00,0.3217375628443272,0.08534378
2017-12-23 22:00:00,0.2789746475754661,-0.0327537
2017-12-23 22:10:00,0.2328577782759697,-0.1560697
2017-12-23 22:20:00,0.1682941618079816,-0.28456566
2017-12-23 22:30:00,0.1464934592305886,-0.42241177
2017-12-23 22:40:00,0.0525827436162783,-0.56137806
2017-12-23 22:50:00,-0.0094654073287332,-0.69007725
2017-12-23 23:00:00,-0.0958297263741148,-0.7746348
2017-12-23 23:10:00,-0.2065102135198647,-0.84735185
2017-12-23 23:20:00,-0.3163522107796909,-0.92248696
2017-12-23 23:30:00,-0.419486301356512,-0.99663514
2017-12-23 23:40:00,-0.4949502684240641,-1.0611734
2017-12-23 23:50:00,-0.5813145874694456,-1.1146678
2017-12-24 00:00:00,-0.6676789065148266,-1.1505327
2017-12-24 00:10:00,-0.7481738060065966,-1.1806808
2017-12-24 00:20:00,-0.8563388262511051,-1.2025158
2017-12-24 00:30:00,-0.9443801223118038,-1.2191309
2017-12-24 00:40:00,-1.029905952849526,-1.2341262
2017-12-24 00:50:00,-1.0995005017417323,-1.2463462
2017-12-24 01:00:00,-1.172449004664574,-1.2534646
2017-12-24 01:10:00,-1.229466224563634,-1.2611753
2017-12-24 01:20:00,-1.2739061168478123,-1.2698729
2017-12-24 01:30:00,-1.3367927563004836,-1.2790154
2017-12-24 01:40:00,-1.4231570753458649,-1.2892672
2017-12-24 01:50:00,-1.4784973196078723,-1.300263
2017-12-24 02:00:00,-1.5220987233843923,-1.3071125
2017-12-24 02:10:00,-1.5757619892528174,-1.3137265
2017-12-24 02:20:00,-1.599239667467262,-1.3194021
2017-12-24 02:30:00,-1.602593621497897,-1.3244516
2017-12-24 02:40:00,-1.6017551329902384,-1.3285676
2017-12-24 02:50:00,-1.620201881536996,-1.3315752
2017-12-24 03:00:00,-1.6386486287054882,-1.3303584
2017-12-24 03:10:00,-1.6696727048671272,-1.3286375
2017-12-24 03:20:00,-1.677219101436056,-1.3254541
2017-12-24 03:30:00,-1.6478720022897342,-1.3223414
2017-12-24 03:40:00,-1.6629647968058572,-1.319525
2017-12-24 03:50:00,-1.652902933335687,-1.3178927
2017-12-24 04:00:00,-1.6445180482590995,-1.3193545
2017-12-24 04:10:00,-1.6495489793050515,-1.306695
2017-12-24 04:20:00,-1.6663187508364918,-1.2841064
2017-12-24 04:30:00,-1.6981813155057897,-1.2587105
2017-12-24 04:40:00,-1.7048892235670594,-1.2284108
2017-12-24 04:50:00,-1.6948273600968893,-1.1815642
2017-12-24 05:00:00,-1.6973428256198655,-1.0629123
2017-12-24 05:10:00,-1.6629647968058572,-0.8941911
2017-12-24 05:20:00,-1.663803285313516,-0.797808
2017-12-24 05:30:00,-1.6914734060662542,-0.88756824
2017-12-24 05:40:00,-1.7292053902891629,-1.1077055
2017-12-24 05:50:00,-1.6176864160140196,-1.3188437
2017-12-24 06:00:00,-1.6185249045216783,-1.3406868
2017-12-24 06:10:00,-1.633617697659536,-1.3559376
2017-12-24 06:20:00,-1.6302637436289007,-1.3644325
2017-12-24 06:30:00,-1.614332461983385,-1.3662413
2017-12-24 06:40:00,-1.6562568887445872,-1.3613819
2017-12-24 06:50:00,-1.7627449319737782,-1.3492846
2017-12-24 07:00:00,-1.86168657863404,-1.3419056
2017-12-24 07:10:00,-1.9455354321564453,-1.327484
2017-12-24 07:20:00,-2.015129981048652,-1.3074851
2017-12-24 07:30:00,-2.014291492540993,-1.280382
2017-12-24 07:40:00,-1.9950062554865764,-1.2483722
2017-12-24 07:50:00,-1.9782364853334016,-1.2083656
2017-12-24 08:00:00,-1.9052879824105609,-1.1833718
2017-12-24 08:10:00,-1.874263907627187,-1.1538657
2017-12-24 08:20:00,-1.8390473889272545,-1.117667
2017-12-24 08:30:00,-1.787061100074147,-1.0774806
2017-12-24 08:40:00,-1.756875512420167,-1.0313905
2017-12-24 08:50:00,-1.6939888715892306,-0.9789265
2017-12-24 09:00:00,-1.572408035222182,-0.95391077
2017-12-24 09:10:00,-1.5397069820452265,-0.9226107
2017-12-24 09:20:00,-1.5153908139448569,-0.88586277
2017-12-24 09:30:00,-1.4248340523611822,-0.84485763
2017-12-24 09:40:00,-1.3141535665936972,-0.8047256
2017-12-24 09:50:00,-1.2277892475483163,-0.7605577
2017-12-24 10:00:00,-1.1472943480565465,-0.7321984
2017-12-24 10:10:00,-1.0408063048273557,-0.700494
2017-12-24 10:20:00,-0.9494110547360216,-0.66279566
2017-12-24 10:30:00,-0.9049711624518428,-0.62095577
2017-12-24 10:40:00,-0.8965862759969903,-0.57929933
2017-12-24 10:50:00,-0.8295071940060252,-0.543355
2017-12-24 11:00:00,-0.7909367212754577,-0.54296476
2017-12-24 11:10:00,-0.757397179590843,-0.54737335
2017-12-24 11:20:00,-0.7607511336214777,-0.5475864
2017-12-24 11:30:00,-0.7179882183526166,-0.5369216
2017-12-24 11:40:00,-0.6668404180071679,-0.50911194
2017-12-24 11:50:00,-0.6643249524841914,-0.49454644
2017-12-24 12:00:00,-0.6936720516305132,-0.4958919
2017-12-24 12:10:00,-0.6676789065148266,-0.491478
2017-12-24 12:20:00,-0.560352374777977,-0.48162308
2017-12-24 12:30:00,-0.5201049250320918,-0.46591154
2017-12-24 12:40:00,-0.5167509710014571,-0.44479772
2017-12-24 12:50:00,-0.545259580261854,-0.4174262
2017-12-24 13:00:00,-0.549452022800148,-0.4131342
2017-12-24 13:10:00,-0.5377131836929258,-0.40869316
2017-12-24 13:20:00,-0.579637610454128,-0.41005406
2017-12-24 13:30:00,-0.5645448173162705,-0.41211978
2017-12-24 13:40:00,-0.5846685415000804,-0.41268808
2017-12-24 13:50:00,-0.5813145874694456,-0.40869972
2017-12-24 14:00:00,-0.5787991219464692,-0.42502448
2017-12-24 14:10:00,-0.5628678403009534,-0.43693587
2017-12-24 14:20:00,-0.5469365572771716,-0.4433467
2017-12-24 14:30:00,-0.5351977181699493,-0.44552383
2017-12-24 14:40:00,-0.5561599322396834,-0.4431297
2017-12-24 14:50:00,-0.6173695946770368,-0.4397646
2017-12-24 15:00:00,-0.6274314567689415,-0.45308158
2017-12-24 15:10:00,-0.6156926176617192,-0.46643963
2017-12-24 15:20:00,-0.6307854107995767,-0.47873774
2017-12-24 15:30:00,-0.7070878677530531,-0.48974285
2017-12-24 15:40:00,-0.7523662485448906,-0.4972395
2017-12-24 15:50:00,-0.7590741566061601,-0.4982777
2017-12-24 16:00:00,-0.7649435761597717,-0.49989846
2017-12-24 16:10:00,-0.7976446293367276,-0.49941793
2017-12-24 16:20:00,-0.7775209051529183,-0.49151042
2017-12-24 16:30:00,-0.7641050876521129,-0.4701294
2017-12-24 16:40:00,-0.7188267068602754,-0.43167043
2017-12-24 16:50:00,-0.6735483260684378,-0.3762476
2017-12-24 17:00:00,-0.5611908632856358,-0.3197451
2017-12-24 17:10:00,-0.4287096749407584,-0.24990466
2017-12-24 17:20:00,-0.0983451918970907,-0.15872678
2017-12-24 17:30:00,0.3376688458681085,-0.03764922
2017-12-24 17:40:00,0.4844043388431846,0.12160679
2017-12-24 17:50:00,0.5607067957966609,0.32025388
2017-12-24 18:00:00,0.5841844740111055,0.43767545
2017-12-24 18:10:00,0.6194009927110384,0.55790615
2017-12-24 18:20:00,0.6252704122646491,0.66142195
2017-12-24 18:30:00,0.6118545961421091,0.75028676
2017-12-24 18:40:00,0.6386862283871889,0.8197573
2017-12-24 18:50:00,0.6487480918573596,0.8680629
2017-12-24 19:00:00,0.7024113577257842,0.88391715
2017-12-24 19:10:00,0.6973804266798324,0.89891356
2017-12-24 19:20:00,0.6998958922028078,0.91409224
2017-12-24 19:30:00,0.7443357844869866,0.92381227
2017-12-24 19:40:00,0.7476897385176218,0.9282549
2017-12-24 19:50:00,0.7066038002640782,0.9248193
2017-12-24 20:00:00,0.7393048534410347,0.91673213
2017-12-24 20:10:00,0.7963220733400945,0.9046234
2017-12-24 20:20:00,0.7954835848324358,0.88713324
2017-12-24 20:30:00,0.7954835848324358,0.86078995
2017-12-24 20:40:00,0.7535591580712334,0.82481724
2017-12-24 20:50:00,0.7024113577257842,0.77797323
2017-12-24 21:00:00,0.6621639079798995,0.71866494
2017-12-24 21:10:00,0.6001157570348868,0.63069874
2017-12-24 21:20:00,0.5581913302736845,0.50812334
2017-12-24 21:30:00,0.4936277124274305,0.35868302
2017-12-24 21:40:00,0.4114558359203434,0.19496849
2017-12-24 21:50:00,0.3519231504983072,0.022062305
2017-12-24 22:00:00,0.3326379148221566,-0.15338671
2017-12-24 22:10:00,0.2714282510065368,-0.32835248
2017-12-24 22:20:00,0.1850639319611557,-0.50325793
2017-12-24 22:30:00,0.1037305439617275,-0.65768856
2017-12-24 22:40:00,0.0056273858091242,-0.77942353
2017-12-24 22:50:00,-0.0849293757745508,-0.8724044
2017-12-24 23:00:00,-0.1897404419884246,-0.91928166
2017-12-24 23:10:00,-0.2970669751035398,-0.95894295
2017-12-24 23:20:00,-0.4010395528097543,-1.0135273
2017-12-24 23:30:00,-0.5008196879776753,-1.0812248
2017-12-24 23:40:00,-0.6207235487076715,-1.1318421
2017-12-24 23:50:00,-0.6945105401381719,-1.1683348
2017-12-25 00:00:00,-0.7850673017218466,-1.1856157
2017-12-25 00:10:00,-0.8781395288284981,-1.2004029
2017-12-25 00:20:00,-0.934318260219899,-1.2115096
2017-12-25 00:30:00,-1.0324214183725025,-1.2193662
2017-12-25 00:40:00,-1.0936310821881212,-1.225212
2017-12-25 00:50:00,-1.1540022561178165,-1.229194
2017-12-25 01:00:00,-1.1925727288483838,-1.2285488
2017-12-25 01:10:00,-1.2512669257627609,-1.2302351
2017-12-25 01:20:00,-1.3175075206243323,-1.2344679
2017-12-25 01:30:00,-1.3334388022698485,-1.2426708
2017-12-25 01:40:00,-1.40638730519269,-1.2534922
2017-12-25 01:50:00,-1.4206416098228882,-1.2654275
2017-12-25 02:00:00,-1.4634045250917498,-1.2734135
2017-12-25 02:10:00,-1.4776588311002137,-1.2835308
2017-12-25 02:20:00,-1.4952670897610474,-1.2939855
2017-12-25 02:30:00,-1.5103598828989044,-1.3038254
2017-12-25 02:40:00,-1.5170677909601744,-1.3119419
2017-12-25 02:50:00,-1.552284309660107,-1.3185855
2017-12-25 03:00:00,-1.5388684935375674,-1.3204907
2017-12-25 03:10:00,-1.5539612866754244,-1.3214341
2017-12-25 03:20:00,-1.5807929202987696,-1.3221645
2017-12-25 03:30:00,-1.565700127160912,-1.3223826
2017-12-25 03:40:00,-1.579954431791111,-1.322492
2017-12-25 03:50:00,-1.5682155926838883,-1.322377
2017-12-25 04:00:00,-1.5782774547757932,-1.3288263
2017-12-25 04:10:00,-1.5875008283600396,-1.3253022
2017-12-25 04:20:00,-1.6042705985132142,-1.3128499
2017-12-25 04:30:00,-1.579954431791111,-1.2936063
2017-12-25 04:40:00,-1.584146874329405,-1.2688321
2017-12-25 04:50:00,-1.5816314088064285,-1.2281932
2017-12-25 05:00:00,-1.533837562491615,-1.1299503
2017-12-25 05:10:00,-1.5472533786141545,-0.99425524
2017-12-25 05:20:00,-1.5095213943912456,-0.9215166
2017-12-25 05:30:00,-1.4826897621461663,-0.9986021
2017-12-25 05:40:00,-1.470950921660678,-1.1700053
2017-12-25 05:50:00,-1.3468546197706537,-1.3386296
2017-12-25 06:00:00,-1.313315078086039,-1.345354
2017-12-25 06:10:00,-1.2822910019243996,-1.3467523
2017-12-25 06:20:00,-1.2562978568087138,-1.3429132
2017-12-25 06:30:00,-1.2085040104938998,-1.3327816
2017-12-25 06:40:00,-1.2001191254173122,-1.3166049
2017-12-25 06:50:00,-1.248751460239785,-1.2939059
2017-12-25 07:00:00,-1.329246359731555,-1.2777609
2017-12-25 07:10:00,-1.2697136743095183,-1.253683
2017-12-25 07:20:00,-1.2697136743095183,-1.2229407
2017-12-25 07:30:00,-1.3074456585324274,-1.1851755
2017-12-25 07:40:00,-1.3762017175387096,-1.1423514
2017-12-25 07:50:00,-1.372009275000416,-1.0924238
2017-12-25 08:00:00,-1.2898373984933285,-1.0660859
2017-12-25 08:10:00,-1.2319816900866098,-1.0358661
2017-12-25 08:20:00,-1.1615486526867451,-1.0041765
2017-12-25 08:30:00,-1.0751843336413636,-0.9681582
2017-12-25 08:40:00,-0.9930124585125416,-0.92499775
2017-12-25 08:50:00,-0.9686962904121726,-0.8762133
2017-12-25 09:00:00,-0.8714316207672281,-0.852914
2017-12-25 09:10:00,-0.7431428749606442,-0.82076246
2017-12-25 09:20:00,-0.9301258176816052,-0.77745944
2017-12-25 09:30:00,-0.8580158032664227,-0.7271626
2017-12-25 09:40:00,-0.7389504324223507,-0.6751557
2017-12-25 09:50:00,-0.588860984038374,-0.61433464
2017-12-25 10:00:00,-0.4488333991245682,-0.56347495
2017-12-25 10:10:00,-0.3708539651557743,-0.5034309
2017-12-25 10:20:00,-0.3096443027184209,-0.43819377
2017-12-25 10:30:00,-0.2652044104342422,-0.3703028
2017-12-25 10:40:00,-0.1939328845267181,-0.30404
2017-12-25 10:50:00,-0.1964483500496945,-0.2430645
2017-12-25 11:00:00,-0.1930943960190593,-0.214742
2017-12-25 11:10:00,-0.1595548557127101,-0.18724406
2017-12-25 11:20:00,-0.1226613599974596,-0.16036394
2017-12-25 11:30:00,-0.0572592536435472,-0.12996843
2017-12-25 11:40:00,-0.051389834089936,-0.097863086
2017-12-25 11:50:00,-0.0270736673678327,-0.08456845
2017-12-25 12:00:00,-0.0430049490133485,-0.08706177
2017-12-25 12:10:00,-0.0413279719980309,-0.08969458
2017-12-25 12:20:00,-0.0438434375210073,-0.08961337
2017-12-25 12:30:00,-0.0195272694206379,-0.08508652
2017-12-25 12:40:00,-0.0572592536435472,-0.07556894
2017-12-25 12:50:00,-0.0782214677132814,-0.06192205
2017-12-25 13:00:00,-0.0161733153900037,-0.05322276
2017-12-25 13:10:00,-0.0077884303134156,-0.045304805
2017-12-25 13:20:00,0.0098198283474172,-0.049281962
2017-12-25 13:30:00,-0.0077884303134156,-0.05849143
2017-12-25 13:40:00,-0.0413279719980309,-0.068064116
2017-12-25 13:50:00,-0.0664826286060586,-0.07599505
2017-12-25 14:00:00,-0.0354585524444197,-0.09202091
2017-12-25 14:10:00,-0.0589362306588648,-0.10766519
2017-12-25 14:20:00,-0.0815754217439161,-0.124720044
2017-12-25 14:30:00,-0.047197391551642,-0.14376363
2017-12-25 14:40:00,-0.0396509949827138,-0.16290998
2017-12-25 14:50:00,-0.0346200639367609,-0.18190593
2017-12-25 15:00:00,-0.0606132076741819,-0.20818517
2017-12-25 15:10:00,-0.0849293757745508,-0.23700717
2017-12-25 15:20:00,-0.1042146114507018,-0.25698265
2017-12-25 15:30:00,-0.1536854347808334,-0.27230856
2017-12-25 15:40:00,-0.1679397407892971,-0.28230706
2017-12-25 15:50:00,-0.1989638169509359,-0.28564355
2017-12-25 16:00:00,-0.1956098615420357,-0.29001048
2017-12-25 16:10:00,-0.1486545037348806,-0.2884569
2017-12-25 16:20:00,-0.1335617105970236,-0.27512428
2017-12-25 16:30:00,-0.1092455424966547,-0.23894057
2017-12-25 16:40:00,-0.0438434375210073,-0.17056909
2017-12-25 16:50:00,0.0240741343558819,-0.052284084
2017-12-25 17:00:00,0.1121154304165806,0.0381828
2017-12-25 17:10:00,0.2697512739912202,0.16284478
2017-12-25 17:20:00,0.5732841234115421,0.32998374
2017-12-25 17:30:00,0.9506039642623648,0.5257895
2017-12-25 17:40:00,1.0403222373383805,0.7305046
2017-12-25 17:50:00,1.0906315491761704,0.90154356
2017-12-25 18:00:00,1.0839236411149011,0.975164
2017-12-25 18:10:00,1.0998549227604164,1.043786
2017-12-25 18:20:00,1.075538754660048,1.0982535
2017-12-25 18:30:00,1.0856006181302176,1.1295954
2017-12-25 18:40:00,1.0260679313299164,1.1401325
2017-12-25 18:50:00,1.0302603738682106,1.1316339
2017-12-25 19:00:00,1.0419992143536978,1.1166316
2017-12-25 19:10:00,1.0378067718154047,1.1012076
2017-12-25 19:20:00,1.0009132761001542,1.0837854
2017-12-25 19:30:00,0.9648582688925624,1.0664972
2017-12-25 19:40:00,0.8994561625386507,1.0494136
2017-12-25 19:50:00,0.8768169728318639,1.0296274
2017-12-25 20:00:00,0.8751399958165473,1.0200287
2017-12-25 20:10:00,0.954796406800658,1.0078768
2017-12-25 20:20:00,0.9179029110854084,0.98989314
2017-12-25 20:30:00,0.8726245302935709,0.959981
2017-12-25 20:40:00,0.8499853392085192,0.9204871
2017-12-25 20:50:00,0.8508238277161779,0.87074554
2017-12-25 21:00:00,0.8088994009549756,0.8240017
2017-12-25 21:10:00,0.751043692548257,0.7533446
2017-12-25 21:20:00,0.6579714654416055,0.6513533
2017-12-25 21:30:00,0.5791535429651538,0.5277271
2017-12-25 21:40:00,0.4584111937274986,0.39790288
2017-12-25 21:50:00,0.3804317611369696,0.27011
2017-12-25 22:00:00,0.2781361590678072,0.15460038
2017-12-25 22:10:00,0.2546584808533627,0.026928913
2017-12-25 22:20:00,0.1691326503156404,-0.12414723
2017-12-25 22:30:00,0.084445308285576,-0.29183272
2017-12-25 22:40:00,0.0089813398397584,-0.46441677
2017-12-25 22:50:00,-0.1360771761199995,-0.6157358
2017-12-25 23:00:00,-0.2652044104342422,-0.7174549
2017-12-25 23:10:00,-0.3322834938034721,-0.796527
2017-12-25 23:20:00,-0.4404485140479807,-0.86881
2017-12-25 23:30:00,-0.538551672200584,-0.94321126
2017-12-25 23:40:00,-0.650909136361652,-1.0106605
2017-12-25 23:50:00,-0.7347579898840567,-1.0707116
2017-12-26 00:00:00,-0.8253147514677318,-1.1133615
2017-12-26 00:10:00,-0.880654994351474,-1.1503767
2017-12-26 00:20:00,-0.9628268708585614,-1.1797262
2017-12-26 00:30:00,-1.017328625234645,-1.203745
2017-12-26 00:40:00,-1.092792593680463,-1.2217244
2017-12-26 00:50:00,-1.1581946986561098,-1.2364066
2017-12-26 01:00:00,-1.2244352935176814,-1.2444137
2017-12-26 01:10:00,-1.2671982087865423,-1.2524496
2017-12-26 01:20:00,-1.31918449763965,-1.2605733
2017-12-26 01:30:00,-1.3577549703702172,-1.2693459
2017-12-26 01:40:00,-1.4038718396697136,-1.279428
2017-12-26 01:50:00,-1.4348959158313523,-1.2907405
2017-12-26 02:00:00,-1.4499887089692098,-1.2985427
2017-12-26 02:10:00,-1.4692739446453609,-1.3083392
2017-12-26 02:20:00,-1.4810127851308488,-1.317031
2017-12-26 02:30:00,-1.4910746472227534,-1.3255309
2017-12-26 02:40:00,-1.522937211892051,-1.3327371
2017-12-26 02:50:00,-1.5531227981677656,-1.3390051
2017-12-26 03:00:00,-1.554799775183083,-1.3417696
2017-12-26 03:10:00,-1.5682155926838883,-1.3442048
2017-12-26 03:20:00,-1.555638263690742,-1.3449668
2017-12-26 03:30:00,-1.595885713436627,-1.3451144
2017-12-26 03:40:00,-1.6118169964604083,-1.3443958
2017-12-26 03:50:00,-1.6252328125829485,-1.3440367
2017-12-26 04:00:00,-1.6562568887445872,-1.3487599
2017-12-26 04:10:00,-1.6252328125829485,-1.3434168
2017-12-26 04:20:00,-1.642002582736123,-1.3296369
2017-12-26 04:30:00,-1.646195025274417,-1.3086194
2017-12-26 04:40:00,-1.6587723542675636,-1.2806338
2017-12-26 04:50:00,-1.6478720022897342,-1.2312388
2017-12-26 05:00:00,-1.627748278105925,-1.1123416
2017-12-26 05:10:00,-1.584146874329405,-0.93859285
2017-12-26 05:20:00,-1.5598307062290355,-0.832382
2017-12-26 05:30:00,-1.529645119953321,-0.90669245
2017-12-26 05:40:00,-1.521260234876734,-1.1047479
2017-12-26 05:50:00,-1.402194862654396,-1.304283
2017-12-26 06:00:00,-1.3426621758540946,-1.3150419
2017-12-26 06:10:00,-1.3317618252545311,-1.318996
2017-12-26 06:20:00,-1.3099611240554037,-1.315446
2017-12-26 06:30:00,-1.300737750471158,-1.304605
2017-12-26 06:40:00,-1.2940298410316224,-1.2860667
2017-12-26 06:50:00,-1.3250539171932614,-1.2604946
2017-12-26 07:00:00,-1.3443391528694124,-1.2436925
2017-12-26 07:10:00,-1.3510470623089477,-1.2200764
2017-12-26 07:20:00,-1.3728477635080747,-1.1886711
2017-12-26 07:30:00,-1.3963254431007848,-1.149362
2017-12-26 07:40:00,-1.4114182362386425,-1.1086624
2017-12-26 07:50:00,-1.462566036584091,-1.0671529
2017-12-26 08:00:00,-1.3803941600770036,-1.0533872
2017-12-26 08:10:00,-1.302414727486475,-1.0343913
2017-12-26 08:20:00,-1.17496447018755,-1.0131058
2017-12-26 08:30:00,-1.1213012029408598,-0.99049884
2017-12-26 08:40:00,-1.0424832818426726,-0.96312064
2017-12-26 08:50:00,-0.9569574513049504,-0.92985874
2017-12-26 09:00:00,-0.8898783679357204,-0.919368
2017-12-26 09:10:00,-0.8102219569516087,-0.89849854
2017-12-26 09:20:00,-0.7716514855993066,-0.867304
2017-12-26 09:30:00,-0.7305655473457632,-0.82579553
2017-12-26 09:40:00,-0.8513078952051527,-0.7761845
2017-12-26 09:50:00,-0.6643249524841914,-0.718481
2017-12-26 10:00:00,-0.5460980687695128,-0.66964585
2017-12-26 10:10:00,-0.4924348029010881,-0.61300856
2017-12-26 10:20:00,-0.4186478128488537,-0.54793185
2017-12-26 10:30:00,-0.3700154766481154,-0.47660723
2017-12-26 10:40:00,-0.3113212797337385,-0.41004357
2017-12-26 10:50:00,-0.237534288303238,-0.35033086
2017-12-26 11:00:00,-0.1939328845267181,-0.3201827
2017-12-26 11:10:00,-0.1453005497042458,-0.29196092
2017-12-26 11:20:00,-0.1100840323825785,-0.2632726
2017-12-26 11:30:00,-0.0497128570746184,-0.23143491
2017-12-26 11:40:00,-0.0212042464359555,-0.19617662
2017-12-26 11:50:00,-0.0128193613593685,-0.18108425
2017-12-26 12:00:00,-0.0027574992674638,-0.18248484
2017-12-26 12:10:00,0.0492287895856441,-0.18206751
2017-12-26 12:20:00,0.084445308285576,-0.1760267
2017-12-26 12:30:00,0.1129539189242394,-0.16256866
2017-12-26 12:40:00,0.0894762393315288,-0.14410546
2017-12-26 12:50:00,0.1582322997160759,-0.12073777
2017-12-26 13:00:00,0.1934488170377438,-0.107121564
2017-12-26 13:10:00,0.2102185885691839,-0.094667666
2017-12-26 13:20:00,0.2035106805079135,-0.08511085
2017-12-26 13:30:00,0.002273431778489,-0.07860484
2017-12-26 13:40:00,-0.1167919404438484,-0.08437573
2017-12-26 13:50:00,-0.1754861373582259,-0.0936498
2017-12-26 14:00:00,-0.1268538025357536,-0.11608908
2017-12-26 14:10:00,0.0039504087938066,-0.14156422
2017-12-26 14:20:00,0.084445308285576,-0.17101714
2017-12-26 14:30:00,0.084445308285576,-0.20003733
2017-12-26 14:40:00,0.1045690324693863,-0.22711536
2017-12-26 14:50:00,0.0576136746622312,-0.24900928
2017-12-26 15:00:00,0.0576136746622312,-0.26912096
2017-12-26 15:10:00,0.0358129734631042,-0.28692934
2017-12-26 15:20:00,0.0592906516775488,-0.29956934
2017-12-26 15:30:00,0.0307820424171514,-0.3038722
2017-12-26 15:40:00,-0.006111453298098,-0.29490787
2017-12-26 15:50:00,-0.0866063527898684,-0.2827517
2017-12-26 16:00:00,-0.1385926416429759,-0.2711228
2017-12-26 16:10:00,-0.1151149634285313,-0.25574812
2017-12-26 16:20:00,-0.1134379864132137,-0.23226541
2017-12-26 16:30:00,-0.0715135596520114,-0.18962374
2017-12-26 16:40:00,-0.0044344762827814,-0.11523501
2017-12-26 16:50:00,0.0257511113711995,0.020305589
2017-12-26 17:00:00,0.1230157810161441,0.121212
2017-12-26 17:10:00,0.2051876575232311,0.26386234
2017-12-26 17:20:00,0.4936277124274305,0.46725878
2017-12-26 17:30:00,0.8424389426395908,0.7229422
2017-12-26 17:40:00,1.0554150304762375,0.973653
2017-12-26 17:50:00,1.1292020219067376,1.1604902
2017-12-26 18:00:00,1.0939855032068058,1.215989
2017-12-26 18:10:00,1.0856006181302176,1.251373
2017-12-26 18:20:00,1.0906315491761704,1.2644037
2017-12-26 18:30:00,1.088954572160853,1.2572266
2017-12-26 18:40:00,1.09733945723744,1.2352709
2017-12-26 18:50:00,1.0788927086906823,1.1899828
2017-12-26 19:00:00,1.0503840994302858,1.1498593
2017-12-26 19:10:00,1.09733945723744,1.116371
2017-12-26 19:20:00,1.0487071224149682,1.0899434
2017-12-26 19:30:00,1.0151675807303528,1.0870751
2017-12-26 19:40:00,0.9983978105771778,1.0948688
2017-12-26 19:50:00,0.9782740850151024,1.1045922
2017-12-26 20:00:00,0.9480884973611224,1.1234903
2017-12-26 20:10:00,1.0000747875924954,1.1099092
2017-12-26 20:20:00,0.9665352459078802,1.0735619
2017-12-26 20:30:00,0.9078410489935036,1.0274057
2017-12-26 20:40:00,0.8860403464161108,0.9706343
2017-12-26 20:50:00,0.8474698736855427,0.9121658
2017-12-26 21:00:00,0.7183426393713005,0.85979253
2017-12-26 21:10:00,0.6764182126100983,0.78644794
2017-12-26 21:20:00,0.6395247168948478,0.68092245
2017-12-26 21:30:00,0.5523219107200739,0.5533385
2017-12-26 21:40:00,0.4936277124274305,0.41874024
2017-12-26 21:50:00,0.4148097899509786,0.2867505
2017-12-26 22:00:00,0.3477307079600132,0.16921818
2017-12-26 22:10:00,0.2420811518602156,0.038467154
2017-12-26 22:20:00,0.1498474132612239,-0.114445396
2017-12-26 22:30:00,0.0441978585396913,-0.28851244
2017-12-26 22:40:00,-0.0144963383746861,-0.45901743
2017-12-26 22:50:00,-0.1117610093978961,-0.60228676
2017-12-26 23:00:00,-0.2408882423338733,-0.7000692
2017-12-26 23:10:00,-0.3498917524643056,-0.76955324
2017-12-26 23:20:00,-0.452187353155203,-0.8318274
2017-12-26 23:30:00,-0.5695757483622234,-0.8944805
2017-12-26 23:40:00,-0.6584555329305803,-0.9533177
2017-12-26 23:50:00,-0.7456583404836207,-1.007156
2017-12-27 00:00:00,-0.8412460331132475,-1.0457569
2017-12-27 00:10:00,-0.9049711624518428,-1.0810314
2017-12-27 00:20:00,-0.995527924035518,-1.1129569
2017-12-27 00:30:00,-1.1028544557723676,-1.1423578
2017-12-27 00:40:00,-1.1531637676101576,-1.1696378
2017-12-27 00:50:00,-1.2085040104938998,-1.1918929
2017-12-27 01:00:00,-1.2806140249090825,-1.2039284
2017-12-27 01:10:00,-1.3393082218234595,-1.2178563
2017-12-27 01:20:00,-1.384586602615297,-1.2311422
2017-12-27 01:30:00,-1.4147721902692771,-1.2444097
2017-12-27 01:40:00,-1.4550196400151625,-1.2578171
2017-12-27 01:50:00,-1.5019749978223174,-1.2721127
2017-12-27 02:00:00,-1.542222447568202,-1.2817189
2017-12-27 02:10:00,-1.562346171752012,-1.2939817
2017-12-27 02:20:00,-1.570731058206865,-1.3055941
2017-12-27 02:30:00,-1.585823851344722,-1.3166205
2017-12-27 02:40:00,-1.6126554849680674,-1.3267654
2017-12-27 02:50:00,-1.629425255121242,-1.3356162
2017-12-27 03:00:00,-1.639487117213147,-1.3395631
2017-12-27 03:10:00,-1.6797345669590318,-1.3435941
2017-12-27 03:20:00,-1.6847654980049849,-1.3471752
2017-12-27 03:30:00,-1.6847654980049849,-1.3502183
2017-12-27 03:40:00,-1.6612878197905396,-1.3534131
2017-12-27 03:50:00,-1.6713496818824447,-1.35672
2017-12-27 04:00:00,-1.689796429050937,-1.3643461
2017-12-27 04:10:00,-1.6847654980049849,-1.3632759
2017-12-27 04:20:00,-1.6847654980049849,-1.356929
2017-12-27 04:30:00,-1.678057589943715,-1.3477726
2017-12-27 04:40:00,-1.7183050396895994,-1.334288
2017-12-27 04:50:00,-1.7149510856589647,-1.3062857
2017-12-27 05:00:00,-1.696504337112207,-1.2174821
2017-12-27 05:10:00,-1.6562568887445872,-1.0667415
2017-12-27 05:20:00,-1.634456186167195,-0.9809987
2017-12-27 05:30:00,-1.6076245525438495,-1.0741347
2017-12-27 05:40:00,-1.6109785079527497,-1.2514023
2017-12-27 05:50:00,-1.4986210437916825,-1.4061689
2017-12-27 06:00:00,-1.4315419604224522,-1.418883
2017-12-27 06:10:00,-1.4416038238926223,-1.4251629
2017-12-27 06:20:00,-1.4315419604224522,-1.4262199
2017-12-27 06:30:00,-1.3912945120548326,-1.4224128
2017-12-27 06:40:00,-1.340985198838777,-1.4140877
2017-12-27 06:50:00,-1.3594319473855347,-1.4004217
2017-12-27 07:00:00,-1.4080642822080072,-1.3912998
2017-12-27 07:10:00,-1.3778786945540271,-1.3772639
2017-12-27 07:20:00,-1.3275693827162371,-1.3578407
2017-12-27 07:30:00,-1.3175075206243323,-1.333309
2017-12-27 07:40:00,-1.3644628784314872,-1.3020127
2017-12-27 07:50:00,-1.3711707864927571,-1.2645861
2017-12-27 08:00:00,-1.3057686815171103,-1.2422799
2017-12-27 08:10:00,-1.2185658739640703,-1.2189006
2017-12-27 08:20:00,-1.1783184242181852,-1.1915084
2017-12-27 08:30:00,-1.02068257926528,-1.1603922
2017-12-27 08:40:00,-0.9821121065347124,-1.1232173
2017-12-27 08:50:00,-0.9200639555897004,-1.0813695
2017-12-27 09:00:00,-0.8261532399753906,-1.0621237
2017-12-27 09:10:00,-0.7355964783917155,-1.0318475
2017-12-27 09:20:00,-0.6483936708386756,-0.9918569
2017-12-27 09:30:00,-0.5913764495613503,-0.9454474
2017-12-27 09:40:00,-0.5360362066776081,-0.8970884
2017-12-27 09:50:00,-0.5209434135397506,-0.83723634
2017-12-27 10:00:00,-0.4941117799164053,-0.77845067
2017-12-27 10:10:00,-0.4052319953480483,-0.7127411
2017-12-27 10:20:00,-0.2861666231257103,-0.64310646
2017-12-27 10:30:00,-0.2492731287887258,-0.57282823
2017-12-27 10:40:00,-0.1972868385573533,-0.4999074
2017-12-27 10:50:00,-0.0681596056213762,-0.4302792
2017-12-27 11:00:00,-0.0664826286060586,-0.38890246
2017-12-27 11:10:00,0.0307820424171514,-0.35279086
2017-12-27 11:20:00,0.0995381014234335,-0.31352222
2017-12-27 11:30:00,0.1280467120620959,-0.26898792
2017-12-27 11:40:00,0.196802771068378,-0.2200568
2017-12-27 11:50:00,0.2051876575232311,-0.1946719
2017-12-27 12:00:00,0.1532013672918581,-0.18287241
2017-12-27 12:10:00,0.1314006660927311,-0.16567901
2017-12-27 12:20:00,0.1817099779305215,-0.14667442
2017-12-27 12:30:00,0.2035106805079135,-0.12301802
2017-12-27 12:40:00,0.1515243902765405,-0.098881595
2017-12-27 12:50:00,0.1481704362459063,-0.071622305
2017-12-27 13:00:00,0.092830193362164,-0.048411377
2017-12-27 13:10:00,0.0559366976469136,-0.028096877
2017-12-27 13:20:00,0.0542597206315959,-0.015180387
2017-12-27 13:30:00,0.0609676286928664,-0.0049973354
2017-12-27 13:40:00,0.0592906516775488,0.0068171322
2017-12-27 13:50:00,0.040843904509056,0.01366584
2017-12-27 14:00:00,0.0425208815243737,0.010410335
2017-12-27 14:10:00,0.0374899504784218,0.0016478077
2017-12-27 14:20:00,0.0190432019316641,-0.007928126
2017-12-27 14:30:00,-0.0245582018448567,-0.024130382
2017-12-27 14:40:00,-0.0413279719980309,-0.04039061
2017-12-27 14:50:00,-0.0698365826366938,-0.05400054
2017-12-27 15:00:00,-0.0815754217439161,-0.0730044
2017-12-27 15:10:00,-0.1100840323825785,-0.094094776
2017-12-27 15:20:00,-0.064805650212476,-0.11417525
2017-12-27 15:30:00,-0.0731905366673285,-0.12936598
2017-12-27 15:40:00,-0.1201458944744837,-0.13652939
2017-12-27 15:50:00,-0.155362413174416,-0.13230261
2017-12-27 16:00:00,-0.1570393901897336,-0.12517694
2017-12-27 16:10:00,-0.1302077565663884,-0.11863334
2017-12-27 16:20:00,-0.0899603068205036,-0.109743275
2017-12-27 16:30:00,-0.0497128570746184,-0.087653704
2017-12-27 16:40:00,-0.0279121558754915,-0.04403738
2017-12-27 16:50:00,0.0039504087938066,0.046722703
2017-12-27 17:00:00,0.0777374002243065,0.11745283
2017-12-27 17:10:00,0.2454351072691168,0.22954988
2017-12-27 17:20:00,0.517105392020141,0.4212902
2017-12-27 17:30:00,0.9346726812385826,0.69249636
2017-12-27 17:40:00,1.0688308465987777,0.955347
2017-12-27 17:50:00,1.0520610764456035,1.1368307
2017-12-27 18:00:00,1.0369682833077458,1.1757425
2017-12-27 18:10:00,1.0352913049141623,1.2140459
2017-12-27 18:20:00,1.0788927086906823,1.2342082
2017-12-27 18:30:00,1.080569685706,1.2344731
2017-12-27 18:40:00,1.0352913049141623,1.2228914
2017-12-27 18:50:00,0.9447345433304882,1.1943375
2017-12-27 19:00:00,0.954796406800658,1.1714906
2017-12-27 19:10:00,0.9514424527700236,1.14896
2017-12-27 19:20:00,0.9581503608312932,1.118391
2017-12-27 19:30:00,0.9329957042232648,1.0800879
2017-12-27 19:40:00,0.9044870935846026,1.0412232
2017-12-27 19:50:00,0.8994561625386507,1.0020272
2017-12-27 20:00:00,0.9095180260088204,0.98162293
2017-12-27 20:10:00,0.9229338421313604,0.9603029
2017-12-27 20:20:00,0.9229338421313604,0.93575317
2017-12-27 20:30:00,0.9011331395539685,0.9053199
2017-12-27 20:40:00,0.8692705762629357,0.8678109
2017-12-27 20:50:00,0.7921296308018005,0.822087
2017-12-27 21:00:00,0.72505054743257,0.77901554
2017-12-27 21:10:00,0.686480076080269,0.7143499
2017-12-27 21:20:00,0.6261089007723079,0.61908716
2017-12-27 21:30:00,0.5774765659498361,0.50430757
2017-12-27 21:40:00,0.5053665515346527,0.38868698
2017-12-27 21:50:00,0.4684730571976683,0.2753838
2017-12-27 22:00:00,0.4248716534211483,0.17484508
2017-12-27 22:10:00,0.3577925700519188,0.061370306
2017-12-27 22:20:00,0.2353732437989461,-0.07539257
2017-12-27 22:30:00,0.1330776431080488,-0.23163465
2017-12-27 22:40:00,-0.0044344762827814,-0.38794667
2017-12-27 22:50:00,-0.1603933442203684,-0.532472
2017-12-27 23:00:00,-0.2828126690950756,-0.6420537
2017-12-27 23:10:00,-0.386785248179556,-0.7353298
2017-12-27 23:20:00,-0.5041736420083105,-0.81993645
2017-12-27 23:30:00,-0.5511290011937306,-0.9026597
2017-12-27 23:40:00,-0.5964073819855682,-0.9756575
2017-12-27 23:50:00,-0.7272115919368625,-1.0370415
2017-12-28 00:00:00,-0.8295071940060252,-1.0790294
2017-12-28 00:10:00,-0.8747855747978628,-1.1145672
2017-12-28 00:20:00,-0.973727221458125,-1.1447729
2017-12-28 00:30:00,-1.0475142128886257,-1.1704926
2017-12-28 00:40:00,-1.08776166263451,-1.1907026
2017-12-28 00:50:00,-1.1514867905948398,-1.2052597
2017-12-28 01:00:00,-1.2303047130712927,-1.2111137
2017-12-28 01:10:00,-1.235335644117245,-1.2189158
2017-12-28 01:20:00,-1.2957068180469395,-1.2285179
2017-12-28 01:30:00,-1.3275693827162371,-1.2392067
2017-12-28 01:40:00,-1.3560779933549,-1.2517381
2017-12-28 01:50:00,-1.3762017175387096,-1.2661835
2017-12-28 02:00:00,-1.4114182362386425,-1.2761753
2017-12-28 02:10:00,-1.4835282506538248,-1.2880043
2017-12-28 02:20:00,-1.5002980208069998,-1.3000935
2017-12-28 02:30:00,-1.5170677909601744,-1.3113633
2017-12-28 02:40:00,-1.5438994245835198,-1.322313
2017-12-28 02:50:00,-1.5606691947366944,-1.3327821
2017-12-28 03:00:00,-1.5807929202987696,-1.3388503
2017-12-28 03:10:00,-1.602593621497897,-1.3445666
2017-12-28 03:20:00,-1.6126554849680674,-1.3497239
2017-12-28 03:30:00,-1.621040370044655,-1.3542405
2017-12-28 03:40:00,-1.6596108427752223,-1.358162
2017-12-28 03:50:00,-1.6545799117292697,-1.3619763
2017-12-28 04:00:00,-1.6411640942284642,-1.3709396
2017-12-28 04:10:00,-1.6260713010906072,-1.3721611
2017-12-28 04:20:00,-1.6076245525438495,-1.3667156
2017-12-28 04:30:00,-1.6428410712437818,-1.3573207
2017-12-28 04:40:00,-1.6093015295591666,-1.3424761
2017-12-28 04:50:00,-1.6093015295591666,-1.3140866
2017-12-28 05:00:00,-1.572408035222182,-1.2325567
2017-12-28 05:10:00,-1.5740850122374996,-1.0840989
2017-12-28 05:20:00,-1.5472533786141545,-0.97818166
2017-12-28 05:30:00,-1.5086829058835869,-1.0562965
2017-12-28 05:40:00,-1.4969440667763645,-1.2319008
2017-12-28 05:50:00,-1.3896175350395148,-1.3891445
2017-12-28 06:00:00,-1.2957068180469395,-1.3959733
2017-12-28 06:10:00,-1.3074456585324274,-1.3976986
2017-12-28 06:20:00,-1.2671982087865423,-1.3948799
2017-12-28 06:30:00,-1.250428437255102,-1.3881615
2017-12-28 06:40:00,-1.248751460239785,-1.3783591
2017-12-28 06:50:00,-1.278937047893765,-1.3637375
2017-12-28 07:00:00,-1.322538451670285,-1.3550535
2017-12-28 07:10:00,-1.3393082218234595,-1.3402245
2017-12-28 07:20:00,-1.300737750471158,-1.318733
2017-12-28 07:30:00,-1.3778786945540271,-1.2902918
2017-12-28 07:40:00,-1.4181261442999122,-1.2554293
2017-12-28 07:50:00,-1.4382498698619877,-1.2136635
2017-12-28 08:00:00,-1.384586602615297,-1.1904198
2017-12-28 08:10:00,-1.2940298410316224,-1.1636521
2017-12-28 08:20:00,-1.2034730794479471,-1.1312699
2017-12-28 08:30:00,-1.1095623638336376,-1.0943378
2017-12-28 08:40:00,-1.0542221209498954,-1.0549858
2017-12-28 08:50:00,-1.03409839538782,-1.0113673
2017-12-28 09:00:00,-0.9066481394671604,-0.9885127
2017-12-28 09:10:00,-0.8479539411745175,-0.951837
2017-12-28 09:20:00,-0.7607511336214777,-0.9019858
2017-12-28 09:30:00,-0.7171497298449577,-0.8419578
2017-12-28 09:40:00,-0.6769022800990726,-0.7751361
2017-12-28 09:50:00,-0.6131771521387432,-0.69767445
2017-12-28 10:00:00,-0.5427441147388781,-0.6263337
2017-12-28 10:10:00,-0.4505103761398853,-0.5515334
2017-12-28 10:20:00,-0.3666615226174807,-0.47501913
2017-12-28 10:30:00,-0.296228486595881,-0.39583513
2017-12-28 10:40:00,-0.2140566100887935,-0.3248583
2017-12-28 10:50:00,-0.1855479994501306,-0.26174328
2017-12-28 11:00:00,-0.1469775267195635,-0.22997901
2017-12-28 11:10:00,-0.1167919404438484,-0.2031044
2017-12-28 11:20:00,-0.1151149634285313,-0.17554906
2017-12-28 11:30:00,-0.0128193613593685,-0.14704856
2017-12-28 11:40:00,-0.0027574992674638,-0.11727793
2017-12-28 11:50:00,-0.0245582018448567,-0.10955245
2017-12-28 12:00:00,-0.0379740179673961,-0.11950996
2017-12-28 12:10:00,0.0156892479010289,-0.12514481
2017-12-28 12:20:00,0.0710294921630361,-0.12741831
2017-12-28 12:30:00,0.1129539189242394,-0.12319731
2017-12-28 12:40:00,0.0743834461936713,-0.11306698
2017-12-28 12:50:00,0.1028920554540687,-0.09732767
2017-12-28 13:00:00,0.0492287895856441,-0.0880894
2017-12-28 13:10:00,0.0274280883865161,-0.0787246
2017-12-28 13:20:00,0.0576136746622312,-0.07393811
2017-12-28 13:30:00,0.0140122708857112,-0.065085374
2017-12-28 13:40:00,-0.058097742151206,-0.05600717
2017-12-28 13:50:00,-0.0782214677132814,-0.048712336
2017-12-28 14:00:00,-0.0446819260286661,-0.0543207
2017-12-28 14:10:00,-0.0530668111052532,-0.06491723
2017-12-28 14:20:00,-0.0798984447285985,-0.079437084
2017-12-28 14:30:00,-0.1100840323825785,-0.0976601
2017-12-28 14:40:00,-0.0866063527898684,-0.1161005
2017-12-28 14:50:00,-0.094991237866456,-0.1333656
2017-12-28 15:00:00,-0.0614516961818407,-0.15766162
2017-12-28 15:10:00,-0.094991237866456,-0.18338451
2017-12-28 15:20:00,-0.1201458944744837,-0.20945203
2017-12-28 15:30:00,-0.1201458944744837,-0.22801825
2017-12-28 15:40:00,-0.1453005497042458,-0.2373338
2017-12-28 15:50:00,-0.1704552063122735,-0.23920664
2017-12-28 16:00:00,-0.1486545037348806,-0.2393587
2017-12-28 16:10:00,-0.1100840323825785,-0.2385535
2017-12-28 16:20:00,-0.1167919404438484,-0.232108
2017-12-28 16:30:00,-0.0597747191665231,-0.2126508
2017-12-28 16:40:00,0.032459019432469,-0.16875586
2017-12-28 16:50:00,0.144816482215271,-0.06354175
2017-12-28 17:00:00,0.2370502208142637,0.023737367
2017-12-28 17:10:00,0.3645004781131883,0.15744117
2017-12-28 17:20:00,0.6043081995731809,0.35392013
2017-12-28 17:30:00,1.02355246580694,0.59967995
2017-12-28 17:40:00,1.412611145764985,0.8480105
2017-12-28 17:50:00,1.5149067464558823,1.0354743
2017-12-28 18:00:00,1.5182607004865176,1.0925165
2017-12-28 18:10:00,1.513229769440565,1.1349033
2017-12-28 18:20:00,1.4713053426793623,1.1570721
2017-12-28 18:30:00,1.4193190538262546,1.1570396
2017-12-28 18:40:00,1.4109341687496677,1.1423292
2017-12-28 18:50:00,1.4444737104342829,1.1085013
2017-12-28 19:00:00,1.42267300785689,1.0793525
2017-12-28 19:10:00,1.387456489156957,1.0525856
2017-12-28 19:20:00,1.127525044891421,1.0227917
2017-12-28 19:30:00,0.8944252314926978,0.9972835
2017-12-28 19:40:00,0.8726245302935709,0.9761073
2017-12-28 19:50:00,0.8441159196549085,0.954595
2017-12-28 20:00:00,0.8508238277161779,0.9456469
2017-12-28 20:10:00,0.9229338421313604,0.9355204
2017-12-28 20:20:00,0.8776554613395228,0.92196804
2017-12-28 20:30:00,0.911195003024138,0.9024436
2017-12-28 20:40:00,0.8608856911863486,0.8727657
2017-12-28 20:50:00,0.859208712792765,0.83297604
2017-12-28 21:00:00,0.8558547587621308,0.7919226
2017-12-28 21:10:00,0.8156073090162451,0.7336193
2017-12-28 21:20:00,0.7351124109027407,0.6523875
2017-12-28 21:30:00,0.6630023964875583,0.55080134
2017-12-28 21:40:00,0.5640607498272961,0.4476169
2017-12-28 21:50:00,0.5439370242652208,0.35356814
2017-12-28 22:00:00,0.4684730571976683,0.27751386
2017-12-28 22:10:00,0.4299025844671011,0.18870836
2017-12-28 22:20:00,0.3192220973213507,0.07491382
2017-12-28 22:30:00,0.1917718400224262,-0.06915926
2017-12-28 22:40:00,0.0911532163468464,-0.23061612
2017-12-28 22:50:00,0.0056273858091242,-0.3869669
2017-12-28 23:00:00,-0.1335617105970236,-0.49673107
2017-12-28 23:10:00,-0.2475961517734087,-0.58562326
2017-12-28 23:20:00,-0.3901392022101908,-0.6729505
2017-12-28 23:30:00,-0.475665032747913,-0.76878476
2017-12-28 23:40:00,-0.5578369092550005,-0.8620053
2017-12-28 23:50:00,-0.6601325099458979,-0.9453582
2017-12-29 00:00:00,-0.7842288132141878,-1.0120422
2017-12-29 00:10:00,-0.817768354898803,-1.0708581
2017-12-29 00:20:00,-0.9049711624518428,-1.121888
2017-12-29 00:30:00,-0.9770811754887602,-1.1618196
2017-12-29 00:40:00,-1.0374523507967202,-1.1921947
2017-12-29 00:50:00,-1.0978235247264152,-1.2141577
2017-12-29 01:00:00,-1.1347170204416652,-1.2225974
2017-12-29 01:10:00,-1.1867033092947727,-1.2282207
2017-12-29 01:20:00,-1.2118579645245349,-1.2311491
2017-12-29 01:30:00,-1.2621672777405903,-1.2346201
2017-12-29 01:40:00,-1.302414727486475,-1.2412332
2017-12-29 01:50:00,-1.3577549703702172,-1.2505991
2017-12-29 02:00:00,-1.4080642822080072,-1.2551469
2017-12-29 02:10:00,-1.4231570753458649,-1.263418
2017-12-29 02:20:00,-1.4566966170304798,-1.2716676
2017-12-29 02:30:00,-1.4885591816997774,-1.2827774
2017-12-29 02:40:00,-1.5170677909601744,-1.2945366
2017-12-29 02:50:00,-1.5019749978223174,-1.3059212
2017-12-29 03:00:00,-1.5371915165222498,-1.3118366
2017-12-29 03:10:00,-1.555638263690742,-1.3173237
2017-12-29 03:20:00,-1.5589922177213766,-1.3230542
2017-12-29 03:30:00,-1.605947575528532,-1.328921
2017-12-29 03:40:00,-1.6176864160140196,-1.3345938
2017-12-29 03:50:00,-1.6109785079527497,-1.3411919
2017-12-29 04:00:00,-1.6445180482590995,-1.3514887
2017-12-29 04:10:00,-1.6478720022897342,-1.3524624
2017-12-29 04:20:00,-1.6495489793050515,-1.3461342
2017-12-29 04:30:00,-1.6428410712437818,-1.3365294
2017-12-29 04:40:00,-1.6545799117292697,-1.3225561
2017-12-29 04:50:00,-1.6881194520356193,-1.2944816
2017-12-29 05:00:00,-1.6612878197905396,-1.2073784
2017-12-29 05:10:00,-1.6126554849680674,-1.0451615
2017-12-29 05:20:00,-1.6109785079527497,-0.90721
2017-12-29 05:30:00,-1.5824698973140874,-0.95605236
2017-12-29 05:40:00,-1.5321605854762974,-1.1337904
2017-12-29 05:50:00,-1.4281880063918169,-1.3203901
2017-12-29 06:00:00,-1.3661398554468047,-1.3311833
2017-12-29 06:10:00,-1.3896175350395148,-1.33577
2017-12-29 06:20:00,-1.3510470623089477,-1.3357414
2017-12-29 06:30:00,-1.3376312448081424,-1.3304745
2017-12-29 06:40:00,-1.3309233367468725,-1.3202766
2017-12-29 06:50:00,-1.322538451670285,-1.3034151
2017-12-29 07:00:00,-1.346016131262995,-1.293675
2017-12-29 07:10:00,-1.352724039324265,-1.2773485
2017-12-29 07:20:00,-1.346016131262995,-1.2520832
2017-12-29 07:30:00,-1.4382498698619877,-1.2177197
2017-12-29 07:40:00,-1.4818512736385077,-1.1768802
2017-12-29 07:50:00,-1.5070059288682698,-1.1315752
2017-12-29 08:00:00,-1.44328080090794,-1.1112734
2017-12-29 08:10:00,-1.3577549703702172,-1.0861816
2017-12-29 08:20:00,-1.2705521628171774,-1.0567869
2017-12-29 08:30:00,-1.1900572633254074,-1.0262215
2017-12-29 08:40:00,-1.1045314327876852,-0.9949493
2017-12-29 08:50:00,-1.030744441357185,-0.9614076
2017-12-29 09:00:00,-0.98378908355003,-0.95245236
2017-12-29 09:10:00,-0.893232321966355,-0.9334081
2017-12-29 09:20:00,-0.8026755603826805,-0.9072507
2017-12-29 09:30:00,-0.7288885703304455,-0.87153643
2017-12-29 09:40:00,-0.6802562341297078,-0.8275196
2017-12-29 09:50:00,-0.6115001751234257,-0.7712849
2017-12-29 10:00:00,-0.5393901607082429,-0.718401
2017-12-29 10:10:00,-0.4790189867785482,-0.65977186
2017-12-29 10:20:00,-0.4438024680786154,-0.59526795
2017-12-29 10:30:00,-0.3784003631029685,-0.5256658
2017-12-29 10:40:00,-0.333121982311131,-0.45675674
2017-12-29 10:50:00,-0.2761047610338056,-0.3927097
2017-12-29 11:00:00,-0.281135692079758,-0.3587344
2017-12-29 11:10:00,-0.1889019534807658,-0.32816273
2017-12-29 11:20:00,-0.1603933442203684,-0.29382727
2017-12-29 11:30:00,-0.0815754217439161,-0.25982854
2017-12-29 11:40:00,-0.0346200639367609,-0.22871414
2017-12-29 11:50:00,-0.1100840323825785,-0.21860817
2017-12-29 12:00:00,-0.2039947479968888,-0.22550389
2017-12-29 12:10:00,-0.2358573112879204,-0.22799769
2017-12-29 12:20:00,-0.2425652207274559,-0.22764477
2017-12-29 12:30:00,-0.266042898941901,-0.22074929
2017-12-29 12:40:00,-0.2777817380491232,-0.20794663
2017-12-29 12:50:00,-0.3465377984336709,-0.1899094
2017-12-29 13:00:00,-0.3599536145562108,-0.18006352
2017-12-29 13:10:00,-0.3163522107796909,-0.16937405
2017-12-29 13:20:00,-0.2526270828193611,-0.16052437
2017-12-29 13:30:00,-0.2341803342726033,-0.14511076
2017-12-29 13:40:00,-0.266042898941901,-0.12858409
2017-12-29 13:50:00,-0.2425652207274559,-0.11402825
2017-12-29 14:00:00,-0.2442421977427735,-0.1128077
2017-12-29 14:10:00,-0.2543040598346787,-0.1161622
2017-12-29 14:20:00,-0.2693968529725357,-0.123792
2017-12-29 14:30:00,-0.2526270828193611,-0.1356425
2017-12-29 14:40:00,-0.2911975555499286,-0.15167063
2017-12-29 14:50:00,-0.3498917524643056,-0.16992116
2017-12-29 15:00:00,-0.3347989593264486,-0.19469789
2017-12-29 15:10:00,-0.3498917524643056,-0.22164628
2017-12-29 15:20:00,-0.3062903486877857,-0.24895123
2017-12-29 15:30:00,-0.3431838444030357,-0.27241805
2017-12-29 15:40:00,-0.3431838444030357,-0.28855076
2017-12-29 15:50:00,-0.3565996605255755,-0.299434
2017-12-29 16:00:00,-0.3633075685868455,-0.3114926
2017-12-29 16:10:00,-0.3633075685868455,-0.32614854
2017-12-29 16:20:00,-0.3700154766481154,-0.33887908
2017-12-29 16:30:00,-0.3700154766481154,-0.34573436
2017-12-29 16:40:00,-0.3297680269022308,-0.33091265
2017-12-29 16:50:00,-0.3012594176418333,-0.27091244
2017-12-29 17:00:00,-0.2341803342726033,-0.23491293
2017-12-29 17:10:00,-0.1335617105970236,-0.1750519
2017-12-29 17:20:00,0.1716481158386158,-0.07608878
2017-12-29 17:30:00,0.6160470386804032,0.06636913
2017-12-29 17:40:00,0.7552361350865511,0.24512854
2017-12-29 17:50:00,0.8038684699090228,0.4410319
2017-12-29 18:00:00,0.8172842874098287,0.51311654
2017-12-29 18:10:00,0.8575317357774473,0.6004551
2017-12-29 18:20:00,0.9028101165692848,0.69454473
2017-12-29 18:30:00,0.8776554613395228,0.778087
2017-12-29 18:40:00,0.8743015073088886,0.8443628
2017-12-29 18:50:00,0.8307001035323686,0.89145714
2017-12-29 19:00:00,0.8021914928937052,0.91128284
2017-12-29 19:10:00,0.7904526537864829,0.9210274
2017-12-29 19:20:00,0.7619440431478205,0.92018145
2017-12-29 19:30:00,0.7552361350865511,0.91214913
2017-12-29 19:40:00,0.703249846233443,0.903147
2017-12-29 19:50:00,0.6730642585794631,0.89189225
2017-12-29 20:00:00,0.651263557380336,0.88968533
2017-12-29 20:10:00,0.7200196163866182,0.88923806
2017-12-29 20:20:00,0.7602670661325028,0.8863861
2017-12-29 20:30:00,0.7451742729946453,0.8763223
2017-12-29 20:40:00,0.7300814798567888,0.8585306
2017-12-29 20:50:00,0.6848030990649513,0.83156466
2017-12-29 21:00:00,0.6294628548029431,0.80202705
2017-12-29 21:10:00,0.5456140012805385,0.7516581
2017-12-29 21:20:00,0.530521208142681,0.6631344
2017-12-29 21:30:00,0.4936277124274305,0.5373437
2017-12-29 21:40:00,0.4315795614824188,0.39229998
2017-12-29 21:50:00,0.3645004781131883,0.23955205
2017-12-29 22:00:00,0.2638818544376085,0.09491959
2017-12-29 22:10:00,0.2051876575232311,-0.06259822
2017-12-29 22:20:00,0.1481704362459063,-0.23599401
2017-12-29 22:30:00,0.0877992623162112,-0.4162304
2017-12-29 22:40:00,-0.0111423843440508,-0.58805734
2017-12-29 22:50:00,-0.0748675136826461,-0.7305061
2017-12-29 23:00:00,-0.1385926416429759,-0.8231168
2017-12-29 23:10:00,-0.2274724262113334,-0.89297765
2017-12-29 23:20:00,-0.3079673257031033,-0.9626021
2017-12-29 23:30:00,-0.3616305915715284,-1.0368346
2017-12-29 23:40:00,-0.5360362066776081,-1.1000329
2017-12-29 23:50:00,-0.6081462210927905,-1.1510632
2017-12-30 00:00:00,-0.7255346149215454,-1.184955
2017-12-30 00:10:00,-0.8496309181898352,-1.2131692
2017-12-30 00:20:00,-0.9452186108194626,-1.2350757
2017-12-30 00:30:00,-1.00726676314274,-1.2507411
2017-12-30 00:40:00,-1.086084685619193,-1.2617856
2017-12-30 00:50:00,-1.1514867905948398,-1.2702874
2017-12-30 01:00:00,-1.242043552178515,-1.2716411
2017-12-30 01:10:00,-1.2990607720775749,-1.2745992
2017-12-30 01:20:00,-1.3510470623089477,-1.2771462
2017-12-30 01:30:00,-1.421480098330547,-1.2805728
2017-12-30 01:40:00,-1.4382498698619877,-1.285093
2017-12-30 01:50:00,-1.4952670897610474,-1.291072
2017-12-30 02:00:00,-1.5506073326447896,-1.2939712
2017-12-30 02:10:00,-1.5388684935375674,-1.3002491
2017-12-30 02:20:00,-1.5606691947366944,-1.3077544
2017-12-30 02:30:00,-1.592531759405992,-1.3150579
2017-12-30 02:40:00,-1.6193633930293372,-1.3221858
2017-12-30 02:50:00,-1.629425255121242,-1.3278733
2017-12-30 03:00:00,-1.6545799117292697,-1.3287555
2017-12-30 03:10:00,-1.6864424750203018,-1.3286989
2017-12-30 03:20:00,-1.7065662005823772,-1.3281143
2017-12-30 03:30:00,-1.7266899247661869,-1.3261851
2017-12-30 03:40:00,-1.7451366733129448,-1.3240293
2017-12-30 03:50:00,-1.7551985354048494,-1.323437
2017-12-30 04:00:00,-1.7350748098427746,-1.3228743
2017-12-30 04:10:00,-1.7468136503282623,-1.3108923
2017-12-30 04:20:00,-1.7266899247661869,-1.2919948
2017-12-30 04:30:00,-1.7233359707355518,-1.2716509
2017-12-30 04:40:00,-1.7283669017815046,-1.249465
2017-12-30 04:50:00,-1.7401057408887268,-1.210703
2017-12-30 05:00:00,-1.7283669017815046,-1.0910956
2017-12-30 05:10:00,-1.7132741086436472,-0.9019909
2017-12-30 05:20:00,-1.7132741086436472,-0.79170114
2017-12-30 05:30:00,-1.6981813155057897,-0.8943193
2017-12-30 05:40:00,-1.6612878197905396,-1.119711
2017-12-30 05:50:00,-1.5606691947366944,-1.3281142
2017-12-30 06:00:00,-1.4717894101683369,-1.3525041
2017-12-30 06:10:00,-1.48017429662319,-1.3676976
2017-12-30 06:20:00,-1.4919131357304125,-1.3751264
2017-12-30 06:30:00,-1.4516656859845276,-1.3755034
2017-12-30 06:40:00,-1.44328080090794,-1.3690404
2017-12-30 06:50:00,-1.5204217449908095,-1.3566616
2017-12-30 07:00:00,-1.5824698973140874,-1.3504785
2017-12-30 07:10:00,-1.678057589943715,-1.3394407
2017-12-30 07:20:00,-1.7115971316283294,-1.323682
2017-12-30 07:30:00,-1.7920920311200998,-1.3037866
2017-12-30 07:40:00,-1.8289855254570844,-1.2820529
2017-12-30 07:50:00,-1.8138927323192269,-1.2578751
2017-12-30 08:00:00,-1.7065662005823772,-1.2496583
2017-12-30 08:10:00,-1.683088520989667,-1.2365708
2017-12-30 08:20:00,-1.565700127160912,-1.2186424
2017-12-30 08:30:00,-1.518744767975492,-1.194703
2017-12-30 08:40:00,-1.48017429662319,-1.1656729
2017-12-30 08:50:00,-1.3745247405233925,-1.1278418
2017-12-30 09:00:00,-1.2185658739640703,-1.1061455
2017-12-30 09:10:00,-1.0793767761796575,-1.075623
2017-12-30 09:20:00,-0.9921739700048828,-1.0369413
2017-12-30 09:30:00,-0.9267718636509704,-0.990863
2017-12-30 09:40:00,-0.8865244139050851,-0.9411724
2017-12-30 09:50:00,-0.8445999871438828,-0.8845763
2017-12-30 10:00:00,-0.7339195013763978,-0.83342284
2017-12-30 10:10:00,-0.6584555329305803,-0.7771482
2017-12-30 10:20:00,-0.5980843590008857,-0.7169115
2017-12-30 10:30:00,-0.4941117799164053,-0.65264535
2017-12-30 10:40:00,-0.4706341017019607,-0.5888252
2017-12-30 10:50:00,-0.4421254910632983,-0.5309498
2017-12-30 11:00:00,-0.4002010643020955,-0.5055468
2017-12-30 11:10:00,-0.3834312941489208,-0.48661837
2017-12-30 11:20:00,-0.3549226835102584,-0.46932128
2017-12-30 11:30:00,-0.3029363946571509,-0.4524894
2017-12-30 11:40:00,-0.3062903486877857,-0.43600383
2017-12-30 11:50:00,-0.3247370958562779,-0.4371774
2017-12-30 12:00:00,-0.3314450052958134,-0.4552329
2017-12-30 12:10:00,-0.3364759363417662,-0.46715888
2017-12-30 12:20:00,-0.3280910498869132,-0.47090307
2017-12-30 12:30:00,-0.3163522107796909,-0.46731415
2017-12-30 12:40:00,-0.3146752337643732,-0.4569687
2017-12-30 12:50:00,-0.3046133716724686,-0.43540078
2017-12-30 13:00:00,-0.3280910498869132,-0.42263764
2017-12-30 13:10:00,-0.3163522107796909,-0.4003364
2017-12-30 13:20:00,-0.3264140728715955,-0.3751316
2017-12-30 13:30:00,-0.3633075685868455,-0.3430991
2017-12-30 13:40:00,-0.4018780413174131,-0.3107942
2017-12-30 13:50:00,-0.4119399034093183,-0.28402743
2017-12-30 14:00:00,-0.4203247898641708,-0.274704
2017-12-30 14:10:00,-0.3800773401182861,-0.2649087
2017-12-30 14:20:00,-0.4186478128488537,-0.26162437
2017-12-30 14:30:00,-0.4186478128488537,-0.2590635
2017-12-30 14:40:00,-0.4488333991245682,-0.25915208
2017-12-30 14:50:00,-0.5108815514478459,-0.26299885
2017-12-30 15:00:00,-0.5360362066776081,-0.27679253
2017-12-30 15:10:00,-0.5561599322396834,-0.29644626
2017-12-30 15:20:00,-0.5427441147388781,-0.31877422
2017-12-30 15:30:00,-0.5662217943315881,-0.3408905
2017-12-30 15:40:00,-0.5947304035919856,-0.35819426
2017-12-30 15:50:00,-0.6651634409918503,-0.3709332
2017-12-30 16:00:00,-0.6785792571143902,-0.38326335
2017-12-30 16:10:00,-0.6668404180071679,-0.3955448
2017-12-30 16:20:00,-0.6551015788999456,-0.4049572
2017-12-30 16:30:00,-0.616531106169378,-0.40728024
2017-12-30 16:40:00,-0.5276513216010206,-0.38659987
2017-12-30 16:50:00,-0.5024966649929928,-0.31760988
2017-12-30 17:00:00,-0.4471564221092506,-0.25910434
2017-12-30 17:10:00,-0.318029187795008,-0.16445118
2017-12-30 17:20:00,-0.0446819260286661,-0.017883308
2017-12-30 17:30:00,0.4081018818897082,0.18300945
2017-12-30 17:40:00,0.5724456349038832,0.41879967
2017-12-30 17:50:00,0.6747412355947806,0.62299055
2017-12-30 18:00:00,0.6948649611568559,0.6807475
2017-12-30 18:10:00,0.703249846233443,0.7345304
2017-12-30 18:20:00,0.6982189151874912,0.7778811
2017-12-30 18:30:00,0.6965419381721736,0.8076225
2017-12-30 18:40:00,0.6680333275335112,0.82691354
2017-12-30 18:50:00,0.651263557380336,0.8358401
2017-12-30 19:00:00,0.6529405343956537,0.83293897
2017-12-30 19:10:00,0.6529405343956537,0.82872444
2017-12-30 19:20:00,0.651263557380336,0.82262254
2017-12-30 19:30:00,0.6328168088335783,0.8166092
2017-12-30 19:40:00,0.5959233144965939,0.8100895
2017-12-30 19:50:00,0.582507496995788,0.79889387
2017-12-30 20:00:00,0.5774765659498361,0.78561825
2017-12-30 20:10:00,0.5841844740111055,0.7659533
2017-12-30 20:20:00,0.5808305199804703,0.74275476
2017-12-30 20:30:00,0.5623837728119786,0.7121288
2017-12-30 20:40:00,0.5405830702345856,0.6766437
2017-12-30 20:50:00,0.5053665515346527,0.6342643
2017-12-30 21:00:00,0.4667960801823517,0.5817128
2017-12-30 21:10:00,0.3963630427824859,0.50025296
2017-12-30 21:20:00,0.3661774551285059,0.38024768
2017-12-30 21:30:00,0.3225760513519859,0.23360229
2017-12-30 21:40:00,0.2253113817070414,0.059538692
2017-12-30 21:50:00,0.2085416115538663,-0.11729961
2017-12-30 22:00:00,0.270589762498879,-0.2710242
2017-12-30 22:10:00,0.2454351072691168,-0.42900532
2017-12-30 22:20:00,0.188417885991791,-0.5802279
2017-12-30 22:30:00,0.1129539189242394,-0.7170627
2017-12-30 22:40:00,0.0592906516775488,-0.8426109
2017-12-30 22:50:00,-0.0195272694206379,-0.93926936
2017-12-30 23:00:00,-0.1100840323825785,-0.9992592
2017-12-30 23:10:00,-0.2475961517734087,-1.0481553
2017-12-30 23:20:00,-0.3482147754489885,-1.0987664
2017-12-30 23:30:00,-0.4639261936406907,-1.1543802
2017-12-30 23:40:00,-0.5511290011937306,-1.2019382
2017-12-30 23:50:00,-0.6349778533378703,-1.2361571
