,Originales,Predichos
2014-12-01 22:40:00,0.7894844,0.8556096
2014-12-01 22:50:00,0.5590688,0.8561156
2014-12-01 23:00:00,0.6139296,0.9928768
2014-12-01 23:10:00,0.7455957,0.99334234
2014-12-01 23:20:00,0.7894844,0.8133712
2014-12-01 23:30:00,0.8114287,0.8298584
2014-12-01 23:40:00,0.7565679,0.8311919
2014-12-01 23:50:00,0.635874,0.84986854
2014-12-02 00:00:00,0.57004094,0.7974105
2014-12-02 00:10:00,0.53712445,0.77303344
2014-12-02 00:20:00,0.52615225,0.7978135
2014-12-02 00:30:00,0.2737923,0.67483395
2014-12-02 00:40:00,0.13115406,0.6285461
2014-12-02 00:50:00,0.054348845,0.93235487
2014-12-02 01:00:00,0.1530984,0.98648745
2014-12-02 01:10:00,-0.044400707,0.986703
2014-12-02 01:20:00,-0.21995547,-0.05636213
2014-12-02 01:30:00,-0.31870502,-0.07658393
2014-12-02 01:40:00,-0.3625937,-0.017356947
2014-12-02 01:50:00,-0.2857885,-0.099252515
2014-12-02 02:00:00,-0.3296772,-0.0937216
2014-12-02 02:10:00,-0.252872,-0.09808891
2014-12-02 02:20:00,-0.252872,0.073511645
2014-12-02 02:30:00,-0.09926157,0.05390607
2014-12-02 02:40:00,0.07629319,-0.09487969
2014-12-02 02:50:00,0.62490183,-0.05409431
2014-12-02 03:00:00,0.9211505,-0.00876871
2014-12-02 03:10:00,0.8992061,-0.08287479
2014-12-02 03:20:00,1.1735104,0.75701624
2014-12-02 03:30:00,1.458787,0.24430472
2014-12-02 03:40:00,1.2283713,1.051346
2014-12-02 03:50:00,1.1954548,0.33558163
2014-12-02 04:00:00,1.5026757,0.27896965
2014-12-02 04:10:00,1.6672583,-0.055225335
2014-12-02 04:20:00,1.458787,0.16123277
2014-12-02 04:30:00,1.5355921,0.36191136
2014-12-02 04:40:00,1.2942044,0.24412668
2014-12-02 04:50:00,1.2832322,0.21157807
2014-12-02 05:00:00,1.0528165,0.17922345
2014-12-02 05:10:00,0.87726176,-0.0226736
2014-12-02 05:20:00,0.62490183,-0.22489987
2014-12-02 05:30:00,0.58101314,-0.27242988
2014-12-02 05:40:00,0.58101314,-0.17483774
2014-12-02 05:50:00,0.5480966,-0.09376557
2014-12-02 06:00:00,0.635874,-0.10664301
2014-12-02 06:10:00,0.7455957,-0.19963285
2014-12-02 06:20:00,0.73462355,-0.23536155
2014-12-02 06:30:00,0.9211505,0.11255007
2014-12-02 06:40:00,1.0308722,-0.18780054
2014-12-02 06:50:00,0.88823396,-0.04001129
2014-12-02 07:00:00,0.58101314,0.2540946
2014-12-02 07:10:00,0.4274027,0.61980253
2014-12-02 07:20:00,0.36156967,0.7976374
2014-12-02 07:30:00,0.32865316,0.86864
2014-12-02 07:40:00,0.17504275,1.1713597
2014-12-02 07:50:00,0.1530984,1.3774327
2014-12-02 08:00:00,-0.011484189,0.87614
2014-12-02 08:10:00,-0.06634505,0.82078767
2014-12-02 08:20:00,-0.17606677,0.80961233
2014-12-02 08:30:00,-0.21995547,0.8566033
2014-12-02 08:40:00,-0.21995547,0.81213856
2014-12-02 08:50:00,-0.13217808,0.781873
2014-12-02 09:00:00,0.0324045,0.7696783
2014-12-02 09:10:00,0.3505975,0.5811625
2014-12-02 09:20:00,0.5590688,0.48768574
2014-12-02 09:30:00,0.7126792,-0.23509291
2014-12-02 09:40:00,0.8992061,0.5809416
2014-12-02 09:50:00,0.9979557,-0.23667684
2014-12-02 10:00:00,1.0199001,-0.23661736
2014-12-02 10:10:00,1.0089278,-0.23615626
2014-12-02 10:20:00,0.97601134,-0.23579891
2014-12-02 10:30:00,0.9650392,-0.23526686
2014-12-02 10:40:00,1.3490652,-0.23439124
2014-12-02 10:50:00,1.5246199,-0.19751354
2014-12-02 11:00:00,1.4807312,-0.19758639
2014-12-02 11:10:00,1.0528165,-0.19776252
2014-12-02 11:20:00,0.87726176,-0.10594953
2014-12-02 11:30:00,1.0089278,0.008470313
2014-12-02 11:40:00,0.954067,0.046906702
2014-12-02 11:50:00,0.701707,0.19482231
2014-12-02 12:00:00,0.6139296,0.07981297
2014-12-02 12:10:00,0.69073486,0.04668612
2014-12-02 12:20:00,0.48226357,-0.23691142
2014-12-02 12:30:00,0.40545836,-0.10145108
2014-12-02 12:40:00,0.33962533,-0.14114848
2014-12-02 12:50:00,0.16407058,-0.17763022
2014-12-02 13:00:00,-0.35162154,0.13162959
2014-12-02 13:10:00,-0.8124528,0.20070274
2014-12-02 13:20:00,-0.9221745,0.14193754
2014-12-02 13:30:00,-0.93314666,0.035896227
2014-12-02 13:40:00,-0.98800755,-0.06357393
2014-12-02 13:50:00,-0.955091,0.22253874
2014-12-02 14:00:00,-0.97703534,0.2787117
2014-12-02 14:10:00,-1.009952,0.264895
2014-12-02 14:20:00,-0.98800755,-0.038114786
2014-12-02 14:30:00,-0.9221745,0.007204124
2014-12-02 14:40:00,-0.5600928,0.7716625
2014-12-02 14:50:00,-0.6039815,0.73988795
2014-12-02 15:00:00,-0.63689804,0.58311695
2014-12-02 15:10:00,-0.49425977,0.61257315
2014-12-02 15:20:00,-0.5162041,0.7363496
2014-12-02 15:30:00,-0.1650946,0.6144006
2014-12-02 15:40:00,-0.6917589,0.54236597
2014-12-02 15:50:00,-0.88925797,0.8250261
2014-12-02 16:00:00,-0.8673136,-0.0008702865
2014-12-02 16:10:00,-0.9221745,-0.1603408
2014-12-02 16:20:00,-0.9112023,-0.23390687
2014-12-02 16:30:00,-0.9112023,-0.20646912
2014-12-02 16:40:00,-0.9221745,-0.23765747
2014-12-02 16:50:00,-0.97703534,-0.37106106
2014-12-02 17:00:00,-0.97703534,-0.3660072
2014-12-02 17:10:00,-0.94411886,-0.3488272
2014-12-02 17:20:00,-0.9989797,-0.36360765
2014-12-02 17:30:00,-1.009952,-0.38213378
2014-12-02 17:40:00,-0.98800755,-0.37521055
2014-12-02 17:50:00,-0.94411886,-0.37511435
2014-12-02 18:00:00,-0.94411886,-0.38172942
2014-12-02 18:10:00,-0.8563415,-0.33307967
2014-12-02 18:20:00,-0.74661976,-0.26649264
2014-12-02 18:30:00,-0.7027311,-0.39693618
2014-12-02 18:40:00,-0.77953625,-0.26555198
2014-12-02 18:50:00,-0.7575919,-0.26533282
2014-12-02 19:00:00,-0.7137032,-0.26529378
2014-12-02 19:10:00,-0.7246754,-0.3962
2014-12-02 19:20:00,-0.79050845,-0.07142804
2014-12-02 19:30:00,-0.5271763,0.030250438
2014-12-02 19:40:00,-0.3296772,-0.28414306
2014-12-02 19:50:00,-0.5271763,-0.2421219
2014-12-02 20:00:00,-0.6698145,-0.3368316
2014-12-02 20:10:00,-0.7575919,-0.3028487
2014-12-02 20:20:00,-0.82342494,-0.3159393
2014-12-02 20:30:00,-0.82342494,-0.33418262
2014-12-02 20:40:00,-0.79050845,-0.39662707
2014-12-02 20:50:00,-0.79050845,-0.41275358
2014-12-02 21:00:00,-0.82342494,-0.4056658
2014-12-02 21:10:00,-0.93314666,-0.39743152
2014-12-02 21:20:00,-0.9112023,-0.39737508
2014-12-02 21:30:00,-0.90023017,-0.39819902
2014-12-02 21:40:00,-0.7137032,-0.24039026
2014-12-02 21:50:00,-0.9112023,-0.24039404
2014-12-02 22:00:00,-0.9112023,-0.3409319
2014-12-02 22:10:00,-0.90023017,-0.240192
2014-12-02 22:20:00,-0.83439714,-0.27695495
2014-12-02 22:30:00,-0.79050845,-0.27906471
2014-12-02 22:40:00,-0.7575919,-0.22475535
2014-12-02 22:50:00,-0.6588424,-0.23593852
2014-12-02 23:00:00,-0.63689804,-0.30816793
2014-12-02 23:10:00,-0.571065,-0.34770328
2014-12-02 23:20:00,-0.5271763,-0.39666277
2014-12-02 23:30:00,-0.5162041,-0.29828978
2014-12-02 23:40:00,-0.46134326,-0.094579004
2014-12-02 23:50:00,-0.46134326,-0.28695896
2014-12-03 00:00:00,-0.39551023,-0.3204936
2014-12-03 00:10:00,-0.42842674,-0.28704658
2014-12-03 00:20:00,-0.6478702,-0.41444454
2014-12-03 00:30:00,-0.7137032,-0.35976097
2014-12-03 00:40:00,-0.90023017,-0.40478024
2014-12-03 00:50:00,-0.97703534,-0.45480263
2014-12-03 01:00:00,-0.955091,-0.39540395
2014-12-03 01:10:00,-0.9660632,-0.27894598
2014-12-03 01:20:00,-0.9989797,-0.3701288
2014-12-03 01:30:00,-0.9989797,-0.24931432
2014-12-03 01:40:00,-0.9221745,-0.24948439
2014-12-03 01:50:00,-0.955091,-0.24035871
2014-12-03 02:00:00,-0.9221745,-0.2798049
2014-12-03 02:10:00,-0.9989797,-0.28460553
2014-12-03 02:20:00,-0.90023017,-0.31254834
2014-12-03 02:30:00,-0.79050845,-0.24741024
2014-12-03 02:40:00,-0.74661976,-0.26081267
2014-12-03 02:50:00,-0.73564756,-0.32630944
2014-12-03 03:00:00,-0.7137032,-0.30660605
2014-12-03 03:10:00,-0.59300935,-0.33663774
2014-12-03 03:20:00,-0.88925797,-0.29791814
2014-12-03 03:30:00,-0.8673136,-0.19531058
2014-12-03 03:40:00,-0.9989797,-0.4239922
2014-12-03 03:50:00,-0.9660632,-0.27505124
2014-12-03 04:00:00,-0.9989797,-0.070773356
2014-12-03 04:10:00,-0.98800755,-0.44322866
2014-12-03 04:20:00,-0.9660632,-0.49189132
2014-12-03 04:30:00,-0.98800755,-0.39000607
2014-12-03 04:40:00,-0.98800755,-0.37475097
2014-12-03 04:50:00,-0.9989797,-0.38670817
2014-12-03 05:00:00,-1.0209241,-0.30047804
2014-12-03 05:10:00,-1.0318962,-0.3714606
2014-12-03 05:20:00,-1.0209241,-0.4132944
2014-12-03 05:30:00,-1.009952,-0.3976594
2014-12-03 05:40:00,-0.9989797,-0.32994124
2014-12-03 05:50:00,-0.98800755,-0.39723307
2014-12-03 06:00:00,-0.97703534,-0.24935587
2014-12-03 06:10:00,-0.9660632,-0.27021453
2014-12-03 06:20:00,-0.9112023,-0.24909538
2014-12-03 06:30:00,-0.9221745,-0.34787542
2014-12-03 06:40:00,-0.88925797,-0.2571945
2014-12-03 06:50:00,-0.8563415,-0.20300138
2014-12-03 07:00:00,-0.8782858,-0.27297342
2014-12-03 07:10:00,-0.7027311,-0.40649384
2014-12-03 07:20:00,-0.7137032,-0.2648809
2014-12-03 07:30:00,-0.7685641,-0.32077056
2014-12-03 07:40:00,-0.955091,-0.39514846
2014-12-03 07:50:00,-0.88925797,-0.25090837
2014-12-03 08:00:00,-0.8782858,-0.309452
2014-12-03 08:10:00,-0.90023017,-0.3809957
2014-12-03 08:20:00,-0.9112023,-0.3966101
2014-12-03 08:30:00,-0.9112023,-0.3271581
2014-12-03 08:40:00,-0.98800755,-0.40242386
2014-12-03 08:50:00,-0.955091,-0.45872343
2014-12-03 09:00:00,-0.955091,-0.46988192
2014-12-03 09:10:00,-0.98800755,-0.48516336
2014-12-03 09:20:00,-0.98800755,-0.5022218
2014-12-03 09:30:00,-0.9660632,-0.4157324
2014-12-03 09:40:00,-0.97703534,-0.2403951
2014-12-03 09:50:00,-0.9989797,-0.39292234
2014-12-03 10:00:00,-0.8782858,-0.3944919
2014-12-03 10:10:00,-0.8673136,-0.24857207
2014-12-03 10:20:00,-0.8782858,-0.34547025
2014-12-03 10:30:00,-0.8124528,-0.32681957
2014-12-03 10:40:00,-0.7137032,-0.24888995
2014-12-03 10:50:00,-0.46134326,-0.24882984
2014-12-03 11:00:00,-0.6039815,-0.24875548
2014-12-03 11:10:00,-0.54912066,-0.24830475
2014-12-03 11:20:00,-0.46134326,-0.23879164
2014-12-03 11:30:00,-0.6149537,-0.339581
2014-12-03 11:40:00,-0.59300935,-0.358732
2014-12-03 11:50:00,-0.7575919,-0.24770167
2014-12-03 12:00:00,-0.8453693,-0.3111085
2014-12-03 12:10:00,-0.8673136,-0.34483448
2014-12-03 12:20:00,-0.83439714,-0.2981953
2014-12-03 12:30:00,-0.88925797,-0.32767546
2014-12-03 12:40:00,-0.8563415,-0.35826817
2014-12-03 12:50:00,-0.90023017,-0.42033884
2014-12-03 13:00:00,-0.88925797,-0.38816303
2014-12-03 13:10:00,-0.8673136,-0.48581448
2014-12-03 13:20:00,-0.8563415,-0.24038708
2014-12-03 13:30:00,-0.77953625,-0.23842356
2014-12-03 13:40:00,-0.7027311,-0.27972376
2014-12-03 13:50:00,-0.6698145,-0.29651397
2014-12-03 14:00:00,-0.7027311,-0.36943564
2014-12-03 14:10:00,-0.63689804,-0.26982036
2014-12-03 14:20:00,-0.6807867,-0.24898453
2014-12-03 14:30:00,-0.7027311,-0.38757047
2014-12-03 14:40:00,-0.7685641,-0.25717798
2014-12-03 14:50:00,-0.93314666,-0.22679621
2014-12-03 15:00:00,-0.88925797,-0.22911449
2014-12-03 15:10:00,-0.7685641,-0.34096548
2014-12-03 15:20:00,-0.4393989,-0.23747766
2014-12-03 15:30:00,-0.6588424,-0.2398453
2014-12-03 15:40:00,-0.77953625,-0.37013718
2014-12-03 15:50:00,-0.7137032,-0.2425718
2014-12-03 16:00:00,-0.6588424,-0.16472273
2014-12-03 16:10:00,-0.63689804,-0.30522022
2014-12-03 16:20:00,-0.6917589,-0.2728129
2014-12-03 16:30:00,-0.6149537,-0.3086539
2014-12-03 16:40:00,-0.5600928,-0.33549154
2014-12-03 16:50:00,-0.54912066,-0.37622774
2014-12-03 17:00:00,-0.5271763,-0.26599103
2014-12-03 17:10:00,-0.54912066,-0.19752672
2014-12-03 17:20:00,-0.5271763,-0.3485812
2014-12-03 17:30:00,-0.54912066,-0.33521175
2014-12-03 17:40:00,-0.49425977,-0.2663026
2014-12-03 17:50:00,-0.47231543,-0.27618635
2014-12-03 18:00:00,-0.6039815,-0.29874444
2014-12-03 18:10:00,-0.53814846,-0.30793658
2014-12-03 18:20:00,-0.5600928,-0.3134132
2014-12-03 18:30:00,-0.505232,-0.24022199
2014-12-03 18:40:00,-0.41745457,-0.21439062
2014-12-03 18:50:00,-0.29676068,-0.3925009
2014-12-03 19:00:00,-0.2089833,-0.38588193
2014-12-03 19:10:00,-0.07731722,-0.2093072
2014-12-03 19:20:00,0.087265365,-0.32832
2014-12-03 19:30:00,0.13115406,-0.33087757
2014-12-03 19:40:00,0.14212623,-0.30666694
2014-12-03 19:50:00,-0.1650946,-0.095976785
2014-12-03 20:00:00,-0.11023374,-0.2765584
2014-12-03 20:10:00,-0.1650946,-0.25402674
2014-12-03 20:20:00,0.22990361,-0.21778256
2014-12-03 20:30:00,0.32865316,-0.2336023
2014-12-03 20:40:00,0.36156967,-0.35795262
2014-12-03 20:50:00,0.52615225,-0.015462018
2014-12-03 21:00:00,0.6578183,-0.2505389
2014-12-03 21:10:00,0.6468462,-0.36022145
2014-12-03 21:20:00,0.7894844,-0.32738993
2014-12-03 21:30:00,0.46031922,-0.25186118
2014-12-03 21:40:00,0.5042079,-0.44483256
2014-12-03 21:50:00,0.37254184,-0.37983555
2014-12-03 22:00:00,0.12018188,-0.37062567
2014-12-03 22:10:00,-0.11023374,-0.26146948
2014-12-03 22:20:00,-0.4393989,-0.3741131
2014-12-03 22:30:00,-0.4393989,-0.3652416
2014-12-03 22:40:00,-0.3296772,-0.3823583
2014-12-03 22:50:00,-0.21995547,-0.12036187
2014-12-03 23:00:00,-0.2857885,-0.13760537
2014-12-03 23:10:00,-0.39551023,-0.11477727
2014-12-03 23:20:00,-0.19801112,-0.095531546
2014-12-03 23:30:00,0.12018188,-0.06343482
2014-12-03 23:40:00,0.13115406,-0.051181175
2014-12-03 23:50:00,0.3067088,0.06256622
2014-12-04 00:00:00,0.28476447,-0.12985222
2014-12-04 00:10:00,0.5151801,-0.19721562
2014-12-04 00:20:00,0.38351402,-0.37041572
2014-12-04 00:30:00,0.46031922,-0.49347666
2014-12-04 00:40:00,0.48226357,-0.22866267
2014-12-04 00:50:00,0.46031922,-0.17356314
2014-12-04 01:00:00,0.4274027,-0.08870369
2014-12-04 01:10:00,0.31768098,0.065158896
2014-12-04 01:20:00,0.3505975,-0.07374873
2014-12-04 01:30:00,0.32865316,-0.2340901
2014-12-04 01:40:00,0.67976266,-0.13939857
2014-12-04 01:50:00,0.67976266,0.0067643905
2014-12-04 02:00:00,0.69073486,-0.19229159
2014-12-04 02:10:00,0.57004094,0.010103197
2014-12-04 02:20:00,0.5480966,-0.2910638
2014-12-04 02:30:00,0.6578183,-0.3598291
2014-12-04 02:40:00,0.7894844,-0.39611924
2014-12-04 02:50:00,0.9650392,-0.17812791
2014-12-04 03:00:00,1.0418444,-0.36127615
2014-12-04 03:10:00,1.3161486,-0.23613259
2014-12-04 03:20:00,0.9979557,-0.27676982
2014-12-04 03:30:00,0.5919853,0.16229671
2014-12-04 03:40:00,0.635874,-0.34476292
2014-12-04 03:50:00,0.33962533,-0.16960195
2014-12-04 04:00:00,0.3067088,0.072163016
2014-12-04 04:10:00,0.25184795,0.42869654
2014-12-04 04:20:00,0.13115406,0.12625645
2014-12-04 04:30:00,0.24087578,0.09012743
2014-12-04 04:40:00,0.14212623,-0.032774996
2014-12-04 04:50:00,0.09823754,0.020695277
2014-12-04 05:00:00,0.21893144,-0.031206906
2014-12-04 05:10:00,0.2737923,0.050247543
2014-12-04 05:20:00,0.29573664,-0.08255517
2014-12-04 05:30:00,0.4712914,0.0065902034
2014-12-04 05:40:00,0.09823754,-0.07533903
2014-12-04 05:50:00,-0.044400707,-0.12756361
2014-12-04 06:00:00,-0.21995547,0.064640865
2014-12-04 06:10:00,-0.044400707,0.00679252
2014-12-04 06:20:00,0.06532102,0.06520063
2014-12-04 06:30:00,0.0324045,0.065501876
2014-12-04 06:40:00,-0.17606677,-0.076760076
2014-12-04 06:50:00,-0.21995547,-0.14878237
2014-12-04 07:00:00,-0.2089833,0.066014394
2014-12-04 07:10:00,-0.14315026,0.77014875
2014-12-04 07:20:00,-0.34064937,0.84711814
2014-12-04 07:30:00,-0.29676068,0.008305163
2014-12-04 07:40:00,-0.30773285,-0.12632753
2014-12-04 07:50:00,-0.252872,-0.05812057
2014-12-04 08:00:00,-0.252872,0.098744035
2014-12-04 08:10:00,-0.27481633,0.09047753
2014-12-04 08:20:00,-0.30773285,-0.106635585
2014-12-04 08:30:00,-0.35162154,0.10769131
2014-12-04 08:40:00,-0.4393989,0.18164948
2014-12-04 08:50:00,-0.571065,0.16054791
2014-12-04 09:00:00,-0.5271763,-0.09944879
2014-12-04 09:10:00,-0.37356588,0.2002358
2014-12-04 09:20:00,-0.47231543,0.030690536
2014-12-04 09:30:00,-0.53814846,-0.036361277
2014-12-04 09:40:00,-0.6039815,0.2620539
2014-12-04 09:50:00,-0.6807867,0.34995556
2014-12-04 10:00:00,-0.6039815,0.30381268
2014-12-04 10:10:00,-0.571065,0.24001536
2014-12-04 10:20:00,-0.5162041,0.10078394
2014-12-04 10:30:00,-0.39551023,0.23737365
2014-12-04 10:40:00,-0.30773285,-0.06396789
2014-12-04 10:50:00,-0.2089833,0.12376366
2014-12-04 11:00:00,-0.37356588,0.05001068
2014-12-04 11:10:00,-0.6478702,0.05495938
2014-12-04 11:20:00,-0.59300935,-0.20756844
2014-12-04 11:30:00,-0.4393989,-0.2018761
2014-12-04 11:40:00,-0.47231543,-0.20104164
2014-12-04 11:50:00,-0.38453805,0.20266727
2014-12-04 12:00:00,-0.39551023,-0.15082802
2014-12-04 12:10:00,-0.41745457,-0.20936544
2014-12-04 12:20:00,-0.49425977,-0.20299283
2014-12-04 12:30:00,-0.5271763,-0.18755002
2014-12-04 12:40:00,-0.49425977,-0.16253014
2014-12-04 12:50:00,-0.4393989,-0.2098247
2014-12-04 13:00:00,-0.5271763,-0.24148747
2014-12-04 13:10:00,-0.49425977,-0.19647294
2014-12-04 13:20:00,-0.3625937,-0.21016803
2014-12-04 13:30:00,-0.1650946,-0.203301
2014-12-04 13:40:00,-0.14315026,-0.29968166
2014-12-04 13:50:00,-0.23092765,-0.20295627
2014-12-04 14:00:00,-0.4393989,-0.19826126
2014-12-04 14:10:00,-0.34064937,-0.3150472
2014-12-04 14:20:00,-0.4503711,-0.22376901
2014-12-04 14:30:00,-0.5162041,-0.26334643
2014-12-04 14:40:00,-0.49425977,0.051416926
2014-12-04 14:50:00,-0.5271763,-0.047902994
2014-12-04 15:00:00,-0.571065,-0.26269174
2014-12-04 15:10:00,-0.4832876,-0.30736864
2014-12-04 15:20:00,-0.4503711,-0.2987624
2014-12-04 15:30:00,-0.4393989,-0.19370764
2014-12-04 15:40:00,-0.49425977,-0.38960543
2014-12-04 15:50:00,-0.4503711,-0.18732223
2014-12-04 16:00:00,-0.4503711,-0.16174823
2014-12-04 16:10:00,-0.5162041,0.11444264
2014-12-04 16:20:00,-0.8782858,-0.20963871
2014-12-04 16:30:00,-0.8782858,-0.13391042
2014-12-04 16:40:00,-0.8782858,-0.16230053
2014-12-04 16:50:00,-0.97703534,-0.2991233
2014-12-04 17:00:00,-0.93314666,-0.19846767
2014-12-04 17:10:00,-0.9660632,-0.26514274
2014-12-04 17:20:00,-0.93314666,-0.22713852
2014-12-04 17:30:00,-0.94411886,-0.06319261
2014-12-04 17:40:00,-0.93314666,0.011899733
2014-12-04 17:50:00,-0.955091,-0.054441012
2014-12-04 18:00:00,-0.97703534,-0.33596957
2014-12-04 18:10:00,-0.94411886,-0.061115287
2014-12-04 18:20:00,-0.93314666,-0.38442487
2014-12-04 18:30:00,-0.9112023,-0.39436132
2014-12-04 18:40:00,-0.94411886,-0.3850922
2014-12-04 18:50:00,-0.97703534,-0.39694977
2014-12-04 19:00:00,-0.9989797,-0.3969757
2014-12-04 19:10:00,-1.0318962,-0.3879158
2014-12-04 19:20:00,-1.0318962,-0.39682853
2014-12-04 19:30:00,-0.955091,-0.41145974
2014-12-04 19:40:00,-0.98800755,-0.41075414
2014-12-04 19:50:00,-0.9221745,-0.3020488
2014-12-04 20:00:00,-0.9221745,-0.3651747
2014-12-04 20:10:00,-0.94411886,-0.41775084
2014-12-04 20:20:00,-0.90023017,-0.4934434
2014-12-04 20:30:00,-0.88925797,-0.41200185
2014-12-04 20:40:00,-0.93314666,-0.44276935
2014-12-04 20:50:00,-0.9660632,-0.41327918
2014-12-04 21:00:00,-0.94411886,-0.50994486
2014-12-04 21:10:00,-0.9221745,-0.44513622
2014-12-04 21:20:00,-0.90023017,-0.45374772
2014-12-04 21:30:00,-0.9112023,-0.4594895
2014-12-04 21:40:00,-0.9221745,-0.45361704
2014-12-04 21:50:00,-0.9221745,-0.4676832
2014-12-04 22:00:00,-0.97703534,-0.26518667
2014-12-04 22:10:00,-0.93314666,-0.41233748
2014-12-04 22:20:00,-1.009952,-0.3477629
2014-12-04 22:30:00,-0.9660632,-0.41215506
2014-12-04 22:40:00,-0.88925797,-0.39642322
2014-12-04 22:50:00,-0.8673136,-0.41204715
2014-12-04 23:00:00,-0.9112023,-0.26193866
2014-12-04 23:10:00,-0.9221745,-0.38723457
2014-12-04 23:20:00,-0.8782858,-0.41171205
2014-12-04 23:30:00,-0.8782858,-0.34654623
2014-12-04 23:40:00,-0.8673136,-0.41012758
2014-12-04 23:50:00,-0.8453693,-0.25518999
2014-12-05 00:00:00,-0.9660632,-0.34752575
2014-12-05 00:10:00,-0.955091,-0.40385416
2014-12-05 00:20:00,-0.88925797,-0.39616352
2014-12-05 00:30:00,-0.8782858,-0.3010469
2014-12-05 00:40:00,-0.9221745,-0.3330129
2014-12-05 00:50:00,-0.90023017,-0.2567383
2014-12-05 01:00:00,-0.88925797,-0.41439855
2014-12-05 01:10:00,-0.955091,-0.41703275
2014-12-05 01:20:00,-0.8563415,-0.427365
2014-12-05 01:30:00,-0.8782858,-0.37330046
2014-12-05 01:40:00,-0.9221745,-0.40506724
2014-12-05 01:50:00,-0.8782858,-0.41841495
2014-12-05 02:00:00,-0.8673136,-0.40584984
2014-12-05 02:10:00,-0.8673136,-0.42768797
2014-12-05 02:20:00,-0.63689804,-0.34772155
2014-12-05 02:30:00,-0.59300935,-0.28562206
2014-12-05 02:40:00,-0.62592584,-0.5088545
2014-12-05 02:50:00,-0.63689804,-0.40951625
2014-12-05 03:00:00,-0.6478702,-0.34752005
2014-12-05 03:10:00,-0.59300935,-0.3682921
2014-12-05 03:20:00,-0.49425977,-0.41844797
2014-12-05 03:30:00,-0.5271763,-0.44666976
2014-12-05 03:40:00,-0.54912066,-0.42622754
2014-12-05 03:50:00,-0.2857885,-0.2571884
2014-12-05 04:00:00,-0.29676068,-0.16139907
2014-12-05 04:10:00,-0.19801112,-0.20264007
2014-12-05 04:20:00,-0.2857885,-0.3873037
2014-12-05 04:30:00,-0.26384416,-0.17734778
2014-12-05 04:40:00,-0.19801112,-0.23907703
2014-12-05 04:50:00,-0.11023374,-0.3962528
2014-12-05 05:00:00,0.0324045,-0.38804996
2014-12-05 05:10:00,-0.12120591,-0.27789825
2014-12-05 05:20:00,-0.3625937,-0.29210183
2014-12-05 05:30:00,-0.1650946,-0.20955232
2014-12-05 05:40:00,-0.41745457,-0.3608447
2014-12-05 05:50:00,-0.54912066,-0.36146975
2014-12-05 06:00:00,-0.34064937,-0.2642879
2014-12-05 06:10:00,-0.53814846,-0.38071844
2014-12-05 06:20:00,-0.83439714,-0.4229172
2014-12-05 06:30:00,-0.73564756,-0.29178828
2014-12-05 06:40:00,-0.7137032,-0.279494
2014-12-05 06:50:00,-0.4064824,-0.28109235
2014-12-05 07:00:00,0.043376673,-0.23380056
2014-12-05 07:10:00,0.3944862,-0.29573607
2014-12-05 07:20:00,0.5042079,-0.4586901
2014-12-05 07:30:00,0.19698709,-0.32329133
2014-12-05 07:40:00,0.29573664,-0.26724926
2014-12-05 07:50:00,0.53712445,-0.008518017
2014-12-05 08:00:00,0.6578183,-0.07707783
2014-12-05 08:10:00,0.17504275,-0.15543333
2014-12-05 08:20:00,-0.09926157,-0.0849093
2014-12-05 08:30:00,-0.033428535,-0.20294777
2014-12-05 08:40:00,-0.42842674,-0.2904014
2014-12-05 08:50:00,-0.5600928,-0.103978135
2014-12-05 09:00:00,-0.6588424,-0.26495427
2014-12-05 09:10:00,-0.7575919,-0.37569714
2014-12-05 09:20:00,-0.8014806,-0.2783118
2014-12-05 09:30:00,-0.74661976,-0.39135855
2014-12-05 09:40:00,-0.79050845,-0.36632323
2014-12-05 09:50:00,-0.7575919,-0.5285823
2014-12-05 10:00:00,-0.6807867,-0.4917482
2014-12-05 10:10:00,-0.6039815,-0.38813984
2014-12-05 10:20:00,-0.6149537,-0.356281
2014-12-05 10:30:00,-0.49425977,-0.3124354
2014-12-05 10:40:00,-0.42842674,-0.25164115
2014-12-05 10:50:00,-0.34064937,-0.26509315
2014-12-05 11:00:00,-0.34064937,-0.1831761
2014-12-05 11:10:00,-0.30773285,-0.09319704
2014-12-05 11:20:00,-0.14315026,0.14614719
2014-12-05 11:30:00,-0.09926157,0.13249336
2014-12-05 11:40:00,0.17504275,0.33022892
2014-12-05 11:50:00,0.3944862,0.6761758
2014-12-05 12:00:00,0.5042079,0.72717816
2014-12-05 12:10:00,0.53712445,-0.017290182
2014-12-05 12:20:00,0.46031922,-0.16073698
2014-12-05 12:30:00,0.40545836,-0.3913757
2014-12-05 12:40:00,0.14212623,-0.5722288
2014-12-05 12:50:00,0.20795926,-0.36347294
2014-12-05 13:00:00,0.07629319,-0.38135445
2014-12-05 13:10:00,0.13115406,-0.2741041
2014-12-05 13:20:00,-0.21995547,-0.23631853
2014-12-05 13:30:00,-0.41745457,-0.38088405
2014-12-05 13:40:00,-0.3625937,-0.34735876
2014-12-05 13:50:00,-0.41745457,-0.25744596
2014-12-05 14:00:00,-0.26384416,-0.25710687
2014-12-05 14:10:00,-0.30773285,-0.2781162
2014-12-05 14:20:00,-0.4064824,-0.28333914
2014-12-05 14:30:00,-0.47231543,-0.31221068
2014-12-05 14:40:00,-0.41745457,-0.3298649
2014-12-05 14:50:00,-0.4503711,-0.27123147
2014-12-05 15:00:00,-0.47231543,0.00020056311
2014-12-05 15:10:00,-0.4393989,0.016994305
2014-12-05 15:20:00,-0.35162154,0.006811426
2014-12-05 15:30:00,-0.26384416,0.14437431
2014-12-05 15:40:00,-0.15412243,0.38972855
2014-12-05 15:50:00,-0.033428535,0.44526973
2014-12-05 16:00:00,0.021432329,0.5737205
2014-12-05 16:10:00,0.12018188,0.35277796
2014-12-05 16:20:00,0.07629319,0.29965523
2014-12-05 16:30:00,0.06532102,0.071481384
2014-12-05 16:40:00,0.14212623,0.0012164665
2014-12-05 16:50:00,0.054348845,-0.035649993
2014-12-05 17:00:00,0.1530984,-0.236007
2014-12-05 17:10:00,0.36156967,0.16859046
2014-12-05 17:20:00,0.21893144,0.014853652
2014-12-05 17:30:00,-0.011484189,-0.3200862
2014-12-05 17:40:00,-0.14315026,-0.41480613
2014-12-05 17:50:00,-0.07731722,-0.32182464
2014-12-05 18:00:00,-0.1650946,-0.32357445
2014-12-05 18:10:00,-0.05537288,-0.33096883
2014-12-05 18:20:00,-0.022456361,-0.4040885
2014-12-05 18:30:00,-0.011484189,-0.38840997
2014-12-05 18:40:00,-0.13217808,-0.43031728
2014-12-05 18:50:00,-0.18703894,-0.43384296
2014-12-05 19:00:00,-0.17606677,-0.29922456
2014-12-05 19:10:00,-0.07731722,-0.33361557
2014-12-05 19:20:00,-0.05537288,-0.3494617
2014-12-05 19:30:00,0.14212623,-0.037991904
2014-12-05 19:40:00,0.22990361,-0.0444996
2014-12-05 19:50:00,0.29573664,-0.10726433
2014-12-05 20:00:00,0.37254184,-0.09804502
2014-12-05 20:10:00,0.41643053,-0.028397575
2014-12-05 20:20:00,0.44934705,-0.043027252
2014-12-05 20:30:00,0.4712914,-0.21211344
2014-12-05 20:40:00,0.2737923,-0.053209126
2014-12-05 20:50:00,0.12018188,-0.058082238
2014-12-05 21:00:00,0.19698709,-0.1654498
2014-12-05 21:10:00,0.10920971,-0.19439372
2014-12-05 21:20:00,0.010460156,-0.2269582
2014-12-05 21:30:00,-0.29676068,-0.3521979
2014-12-05 21:40:00,-0.42842674,-0.313754
2014-12-05 21:50:00,-0.3625937,-0.3932273
2014-12-05 22:00:00,-0.21995547,-0.12150026
2014-12-05 22:10:00,-0.2089833,0.046820812
2014-12-05 22:20:00,-0.252872,0.08682006
2014-12-05 22:30:00,-0.12120591,-0.06690347
2014-12-05 22:40:00,-0.13217808,-0.1832262
2014-12-05 22:50:00,-0.18703894,-0.26935235
2014-12-05 23:00:00,-0.12120591,-0.5314601
2014-12-05 23:10:00,-0.044400707,-0.31166708
2014-12-05 23:20:00,-0.11023374,-0.5204781
2014-12-05 23:30:00,-0.011484189,-0.47827786
2014-12-05 23:40:00,0.010460156,-0.5104452
2014-12-05 23:50:00,0.1530984,-0.32742706
2014-12-06 00:00:00,0.38351402,-0.3490576
2014-12-06 00:10:00,0.6029575,-0.33454686
2014-12-06 00:20:00,0.97601134,-0.37918857
2014-12-06 00:30:00,0.8662896,-0.37866277
2014-12-06 00:40:00,0.5590688,-0.340035
2014-12-06 00:50:00,0.2737923,-0.32398787
2014-12-06 01:00:00,0.010460156,-0.14407255
2014-12-06 01:10:00,-0.088289395,-0.14203998
2014-12-06 01:20:00,-0.033428535,0.091231585
2014-12-06 01:30:00,-0.15412243,-0.0753225
2014-12-06 01:40:00,-0.17606677,-0.2641369
2014-12-06 01:50:00,-0.12120591,-0.27981493
2014-12-06 02:00:00,-0.12120591,-0.2798076
2014-12-06 02:10:00,-0.15412243,-0.32446265
2014-12-06 02:20:00,-0.088289395,-0.19219378
2014-12-06 02:30:00,-0.15412243,-0.16564588
2014-12-06 02:40:00,-0.1650946,-0.05845242
2014-12-06 02:50:00,-0.18703894,-0.3704536
2014-12-06 03:00:00,-0.19801112,-0.40036672
2014-12-06 03:10:00,-0.24189982,-0.42546022
2014-12-06 03:20:00,-0.34064937,-0.39442292
2014-12-06 03:30:00,-0.5271763,-0.31097785
2014-12-06 03:40:00,-0.5162041,-0.31743556
2014-12-06 03:50:00,-0.13217808,-0.18920732
2014-12-06 04:00:00,0.18601492,-0.14001796
2014-12-06 04:10:00,0.14212623,-0.00814316
2014-12-06 04:20:00,0.46031922,0.03228402
2014-12-06 04:30:00,0.37254184,-0.016857222
2014-12-06 04:40:00,0.6468462,-0.015899412
2014-12-06 04:50:00,0.5590688,-0.10920796
2014-12-06 05:00:00,0.53712445,-0.28583628
2014-12-06 05:10:00,0.52615225,-0.39490372
2014-12-06 05:20:00,0.3505975,-0.01784993
2014-12-06 05:30:00,0.32865316,-0.20040485
2014-12-06 05:40:00,0.24087578,-0.4042058
2014-12-06 05:50:00,0.13115406,-0.33345753
2014-12-06 06:00:00,0.32865316,-0.34271878
2014-12-06 06:10:00,0.48226357,-0.37389833
2014-12-06 06:20:00,0.62490183,-0.48223463
2014-12-06 06:30:00,0.93212265,-0.400985
2014-12-06 06:40:00,1.085733,-0.5098501
2014-12-06 06:50:00,1.2283713,-0.124464996
2014-12-06 07:00:00,1.2173991,-0.46702713
2014-12-06 07:10:00,1.1076775,-0.41860172
2014-12-06 07:20:00,1.0199001,-0.41204762
2014-12-06 07:30:00,1.0747609,-0.36427522
2014-12-06 07:40:00,0.954067,-0.40221605
2014-12-06 07:50:00,0.9211505,0.06652831
2014-12-06 08:00:00,1.0089278,-0.28133354
2014-12-06 08:10:00,1.1844826,-0.20616628
2014-12-06 08:20:00,1.3051765,-0.17349294
2014-12-06 08:30:00,1.6453139,-0.07009194
2014-12-06 08:40:00,1.3929539,-0.03479382
2014-12-06 08:50:00,1.206427,0.05306665
2014-12-06 09:00:00,0.83337307,0.11879506
2014-12-06 09:10:00,0.87726176,0.21404158
2014-12-06 09:20:00,0.701707,0.056703754
2014-12-06 09:30:00,0.69073486,-0.040628593
2014-12-06 09:40:00,0.6029575,0.025863465
2014-12-06 09:50:00,0.37254184,-0.018074948
2014-12-06 10:00:00,0.37254184,-0.09834231
2014-12-06 10:10:00,0.24087578,-0.15424252
2014-12-06 10:20:00,0.2737923,-0.09834942
2014-12-06 10:30:00,0.38351402,-0.11446098
2014-12-06 10:40:00,0.73462355,-0.019196063
2014-12-06 10:50:00,0.954067,-0.025296144
2014-12-06 11:00:00,1.1625383,0.06793956
2014-12-06 11:10:00,1.0528165,0.9953148
2014-12-06 11:20:00,0.5919853,0.9950333
2014-12-06 11:30:00,0.21893144,0.995724
2014-12-06 11:40:00,0.38351402,0.995887
2014-12-06 11:50:00,0.3505975,1.0723858
2014-12-06 12:00:00,0.3944862,1.0177181
2014-12-06 12:10:00,0.5042079,0.9395044
2014-12-06 12:20:00,0.6468462,0.9395179
2014-12-06 12:30:00,0.8662896,1.0452095
2014-12-06 12:40:00,0.93212265,1.0172951
2014-12-06 12:50:00,0.57004094,0.8529192
2014-12-06 13:00:00,0.13115406,0.73711014
2014-12-06 13:10:00,0.25184795,0.695953
2014-12-06 13:20:00,0.09823754,0.736473
2014-12-06 13:30:00,0.0324045,-0.08966521
2014-12-06 13:40:00,-0.022456361,-0.07044104
2014-12-06 13:50:00,-0.06634505,-0.11310853
2014-12-06 14:00:00,0.06532102,-0.04825498
2014-12-06 14:10:00,0.16407058,0.024173494
2014-12-06 14:20:00,0.26282012,0.08259702
2014-12-06 14:30:00,0.37254184,-0.20306194
2014-12-06 14:40:00,0.37254184,-0.10177137
2014-12-06 14:50:00,0.40545836,-0.11672924
2014-12-06 15:00:00,0.010460156,-0.13422796
2014-12-06 15:10:00,-0.24189982,-0.099923976
2014-12-06 15:20:00,-0.23092765,-0.23017849
2014-12-06 15:30:00,-0.1650946,0.002295197
2014-12-06 15:40:00,-0.07731722,0.07765019
2014-12-06 15:50:00,-0.13217808,0.20235914
2014-12-06 16:00:00,-0.24189982,-0.007148697
2014-12-06 16:10:00,-0.34064937,-0.08196796
2014-12-06 16:20:00,-0.41745457,0.10769122
2014-12-06 16:30:00,-0.47231543,0.07133811
2014-12-06 16:40:00,-0.252872,0.08983909
2014-12-06 16:50:00,-0.14315026,-0.015709348
2014-12-06 17:00:00,-0.033428535,0.16087952
2014-12-06 17:10:00,0.010460156,0.2101262
2014-12-06 17:20:00,0.13115406,0.21322343
2014-12-06 17:30:00,0.09823754,0.13080624
2014-12-06 17:40:00,0.10920971,0.05757963
2014-12-06 17:50:00,0.043376673,0.30174935
2014-12-06 18:00:00,0.043376673,0.03983541
2014-12-06 18:10:00,0.010460156,-0.058053106
2014-12-06 18:20:00,-0.0005120168,-0.057413653
2014-12-06 18:30:00,0.14212623,0.091605805
2014-12-06 18:40:00,0.16407058,0.21042117
2014-12-06 18:50:00,0.22990361,0.20990308
2014-12-06 19:00:00,0.20795926,0.22438714
2014-12-06 19:10:00,0.41643053,-0.36899853
2014-12-06 19:20:00,0.5042079,-0.31359267
2014-12-06 19:30:00,0.635874,-0.18263632
2014-12-06 19:40:00,0.9211505,0.30447173
2014-12-06 19:50:00,0.98698354,0.16269419
2014-12-06 20:00:00,1.1076775,-0.051458146
2014-12-06 20:10:00,0.8224009,-0.09328999
2014-12-06 20:20:00,0.3505975,-0.09348073
2014-12-06 20:30:00,0.021432329,-0.19676507
2014-12-06 20:40:00,-0.13217808,-0.16345075
2014-12-06 20:50:00,-0.2857885,-0.21127121
2014-12-06 21:00:00,-0.2857885,-0.073792875
2014-12-06 21:10:00,-0.19801112,-0.081402585
2014-12-06 21:20:00,-0.29676068,-0.033999473
2014-12-06 21:30:00,-0.05537288,-0.058211297
2014-12-06 21:40:00,-0.26384416,-0.041823477
2014-12-06 21:50:00,0.021432329,-0.13133232
2014-12-06 22:00:00,-0.30773285,-0.15860105
2014-12-06 22:10:00,-0.34064937,-0.20148964
2014-12-06 22:20:00,-0.5271763,-0.2866096
2014-12-06 22:30:00,-0.505232,-0.3439524
2014-12-06 22:40:00,-0.3625937,-0.33131596
2014-12-06 22:50:00,-0.4064824,0.2457453
2014-12-06 23:00:00,-0.3625937,0.056562938
2014-12-06 23:10:00,-0.2857885,0.0060518915
2014-12-06 23:20:00,-0.21995547,0.022419497
2014-12-06 23:30:00,-0.088289395,0.1703693
2014-12-06 23:40:00,-0.12120591,-0.016550235
2014-12-06 23:50:00,-0.19801112,0.25117087
2014-12-07 00:00:00,-0.088289395,0.17352004
2014-12-07 00:10:00,-0.11023374,0.06524586
2014-12-07 00:20:00,-0.11023374,-0.14297284
2014-12-07 00:30:00,-0.4503711,-0.1656884
2014-12-07 00:40:00,-0.9660632,-0.15665308
2014-12-07 00:50:00,-0.98800755,-0.16787478
2014-12-07 01:00:00,-1.0209241,0.001702481
2014-12-07 01:10:00,-1.0428684,-0.1658499
2014-12-07 01:20:00,-1.0209241,-0.16568711
2014-12-07 01:30:00,-1.0209241,-0.20377178
2014-12-07 01:40:00,-1.0318962,-0.25873584
2014-12-07 01:50:00,-1.0538406,-0.28464088
2014-12-07 02:00:00,-1.0209241,-0.2683951
2014-12-07 02:10:00,-1.0209241,-0.26637176
2014-12-07 02:20:00,-1.0538406,-0.21067874
2014-12-07 02:30:00,-1.0757849,-0.28888825
2014-12-07 02:40:00,-1.0757849,-0.30013317
2014-12-07 02:50:00,-1.0538406,-0.29993904
2014-12-07 03:00:00,-1.0538406,-0.2037254
2014-12-07 03:10:00,-1.0318962,-0.3865857
2014-12-07 03:20:00,-0.94411886,0.052505918
2014-12-07 03:30:00,-0.955091,-0.012382991
2014-12-07 03:40:00,-0.98800755,0.11381333
2014-12-07 03:50:00,-1.009952,0.085116714
2014-12-07 04:00:00,-0.9989797,0.017936073
2014-12-07 04:10:00,-0.97703534,0.049804725
2014-12-07 04:20:00,-0.94411886,-0.2280165
2014-12-07 04:30:00,-0.9221745,-0.3061017
2014-12-07 04:40:00,-0.94411886,-0.35907057
2014-12-07 04:50:00,-0.82342494,-0.38082737
2014-12-07 05:00:00,-0.82342494,-0.45112538
2014-12-07 05:10:00,-0.7575919,-0.44600347
2014-12-07 05:20:00,-0.8014806,-0.45982254
2014-12-07 05:30:00,-0.8124528,-0.49126625
2014-12-07 05:40:00,-0.79050845,-0.40575248
2014-12-07 05:50:00,-0.74661976,-0.48117518
2014-12-07 06:00:00,-0.53814846,-0.5105709
2014-12-07 06:10:00,-0.74661976,-0.413086
2014-12-07 06:20:00,-0.82342494,-0.39700657
2014-12-07 06:30:00,-0.8453693,-0.4048282
2014-12-07 06:40:00,-0.8014806,-0.37902805
2014-12-07 06:50:00,-0.79050845,-0.39591664
2014-12-07 07:00:00,-0.8124528,-0.3954876
2014-12-07 07:10:00,-0.74661976,-0.378471
2014-12-07 07:20:00,-0.7246754,-0.39656907
2014-12-07 07:30:00,-0.571065,-0.2478084
2014-12-07 07:40:00,-0.5600928,-0.3751045
2014-12-07 07:50:00,-0.4393989,-0.2666551
2014-12-07 08:00:00,-0.4064824,-0.34811756
2014-12-07 08:10:00,-0.41745457,-0.24853481
2014-12-07 08:20:00,-0.35162154,-0.36946428
2014-12-07 08:30:00,-0.4064824,-0.30790597
2014-12-07 08:40:00,-0.54912066,-0.31978413
2014-12-07 08:50:00,-0.8453693,-0.2402079
2014-12-07 09:00:00,-0.9221745,-0.20364207
2014-12-07 09:10:00,-1.009952,-0.3239401
2014-12-07 09:20:00,-1.0318962,-0.3709383
2014-12-07 09:30:00,-1.0648128,-0.32876325
2014-12-07 09:40:00,-1.0757849,-0.33051008
2014-12-07 09:50:00,-1.0428684,-0.32897818
2014-12-07 10:00:00,-1.0538406,-0.3451373
2014-12-07 10:10:00,-1.009952,-0.26561064
2014-12-07 10:20:00,-0.93314666,-0.32663658
2014-12-07 10:30:00,-0.82342494,-0.2895502
2014-12-07 10:40:00,-0.79050845,-0.38573974
2014-12-07 10:50:00,-0.59300935,-0.28822127
2014-12-07 11:00:00,-0.31870502,-0.29961067
2014-12-07 11:10:00,0.2737923,-0.24723785
2014-12-07 11:20:00,0.46031922,-0.39659792
2014-12-07 11:30:00,0.054348845,-0.4093308
2014-12-07 11:40:00,0.010460156,-0.39690283
2014-12-07 11:50:00,-0.12120591,-0.323368
2014-12-07 12:00:00,-0.07731722,-0.40675548
2014-12-07 12:10:00,-0.1650946,-0.13047434
2014-12-07 12:20:00,-0.41745457,-0.1015425
2014-12-07 12:30:00,-0.6588424,-0.10183263
2014-12-07 12:40:00,-0.5271763,-0.4505008
2014-12-07 12:50:00,-0.41745457,-0.5095877
2014-12-07 13:00:00,-0.49425977,-0.41284177
2014-12-07 13:10:00,-0.571065,-0.4099791
2014-12-07 13:20:00,-0.6478702,-0.41411555
2014-12-07 13:30:00,-0.6698145,-0.4405212
2014-12-07 13:40:00,-0.62592584,-0.49903706
2014-12-07 13:50:00,-0.62592584,-0.41388685
2014-12-07 14:00:00,-0.6149537,-0.36558327
2014-12-07 14:10:00,-0.6917589,-0.37922513
2014-12-07 14:20:00,-0.6588424,-0.32957608
2014-12-07 14:30:00,-0.39551023,-0.2654918
2014-12-07 14:40:00,-0.571065,-0.29453436
2014-12-07 14:50:00,-0.4832876,-0.29450488
2014-12-07 15:00:00,-0.6478702,-0.04815071
2014-12-07 15:10:00,-0.571065,0.64087564
2014-12-07 15:20:00,-0.77953625,0.7122484
2014-12-07 15:30:00,-0.6588424,0.76185614
2014-12-07 15:40:00,-0.63689804,0.68414813
2014-12-07 15:50:00,-0.58203715,0.53640187
2014-12-07 16:00:00,-0.53814846,0.3376618
2014-12-07 16:10:00,-0.34064937,0.0002586851
2014-12-07 16:20:00,-0.23092765,-0.30536073
2014-12-07 16:30:00,-0.11023374,-0.3742813
2014-12-07 16:40:00,-0.18703894,-0.13069956
2014-12-07 16:50:00,-0.26384416,-0.21619958
2014-12-07 17:00:00,-0.1650946,-0.35708785
2014-12-07 17:10:00,-0.30773285,-0.3214002
2014-12-07 17:20:00,-0.4832876,-0.25860086
2014-12-07 17:30:00,-0.6039815,-0.5133025
2014-12-07 17:40:00,-0.59300935,-0.33392072
2014-12-07 17:50:00,-0.6698145,-0.31189457
2014-12-07 18:00:00,-0.5600928,-0.3484196
2014-12-07 18:10:00,-0.5600928,-0.3155476
2014-12-07 18:20:00,-0.41745457,-0.37883034
2014-12-07 18:30:00,-0.4503711,-0.41426265
2014-12-07 18:40:00,-0.46134326,-0.32174155
2014-12-07 18:50:00,-0.4503711,-0.4096169
2014-12-07 19:00:00,-0.4393989,-0.2626766
2014-12-07 19:10:00,-0.30773285,-0.31346512
2014-12-07 19:20:00,-0.31870502,-0.29929602
2014-12-07 19:30:00,-0.11023374,-0.34422797
2014-12-07 19:40:00,0.21893144,-0.2523813
2014-12-07 19:50:00,0.25184795,-0.08499843
2014-12-07 20:00:00,0.3505975,-0.14328112
2014-12-07 20:10:00,0.48226357,-0.3356336
2014-12-07 20:20:00,0.5919853,0.12107509
2014-12-07 20:30:00,0.6578183,-0.0072737588
2014-12-07 20:40:00,0.26282012,0.11160002
2014-12-07 20:50:00,-0.05537288,0.0824375
2014-12-07 21:00:00,-0.21995547,0.13757177
2014-12-07 21:10:00,-0.30773285,-0.03229617
2014-12-07 21:20:00,-0.3296772,-0.26306945
2014-12-07 21:30:00,-0.46134326,-0.34581593
2014-12-07 21:40:00,-0.5162041,-0.28198642
2014-12-07 21:50:00,-0.505232,-0.3400086
2014-12-07 22:00:00,-0.6149537,-0.2536284
2014-12-07 22:10:00,-0.73564756,-0.34654066
2014-12-07 22:20:00,-0.59300935,-0.27350932
2014-12-07 22:30:00,-0.63689804,-0.33731782
2014-12-07 22:40:00,-0.49425977,-0.30072755
2014-12-07 22:50:00,-0.93314666,-0.31303936
2014-12-07 23:00:00,-0.90023017,-0.36092922
2014-12-07 23:10:00,-0.9112023,-0.340236
2014-12-07 23:20:00,-0.8563415,-0.3973295
2014-12-07 23:30:00,-0.8563415,-0.12061938
2014-12-07 23:40:00,-0.83439714,0.049996875
2014-12-07 23:50:00,-0.8673136,0.23113859
2014-12-08 00:00:00,-0.79050845,0.26059166
2014-12-08 00:10:00,-0.7575919,-0.0141364625
2014-12-08 00:20:00,-0.7575919,0.15517938
2014-12-08 00:30:00,-0.83439714,0.11176836
2014-12-08 00:40:00,-0.82342494,-0.06514417
2014-12-08 00:50:00,-0.6698145,-0.22369428
2014-12-08 01:00:00,-0.6807867,-0.47303683
2014-12-08 01:10:00,-0.6917589,-0.55521244
2014-12-08 01:20:00,-0.7027311,-0.08969999
2014-12-08 01:30:00,-0.74661976,-0.16507575
2014-12-08 01:40:00,-0.7685641,-0.1920292
2014-12-08 01:50:00,-0.8453693,-0.27822113
2014-12-08 02:00:00,-0.8782858,-0.21870011
2014-12-08 02:10:00,-0.79050845,-0.23629248
2014-12-08 02:20:00,-0.62592584,-0.2590857
2014-12-08 02:30:00,-0.5162041,-0.35806736
2014-12-08 02:40:00,-0.5600928,-0.27266335
2014-12-08 02:50:00,-0.5162041,-0.36450577
2014-12-08 03:00:00,-0.24189982,-0.20328103
2014-12-08 03:10:00,-0.15412243,-0.44781882
2014-12-08 03:20:00,-0.38453805,-0.35884804
2014-12-08 03:30:00,-0.46134326,-0.36935803
2014-12-08 03:40:00,-0.5162041,-0.19058257
2014-12-08 03:50:00,-0.8124528,-0.23031363
2014-12-08 04:00:00,-0.8782858,-0.28982413
2014-12-08 04:10:00,-0.9660632,-0.34413403
2014-12-08 04:20:00,-0.955091,-0.39651042
2014-12-08 04:30:00,-0.9660632,-0.19946682
2014-12-08 04:40:00,-0.9660632,-0.2221615
2014-12-08 04:50:00,-1.0318962,-0.29957157
2014-12-08 05:00:00,-0.97703534,-0.26577714
2014-12-08 05:10:00,-1.0318962,-0.34863633
2014-12-08 05:20:00,-1.0318962,-0.26573402
2014-12-08 05:30:00,-0.97703534,-0.21026607
2014-12-08 05:40:00,-0.98800755,-0.26578325
2014-12-08 05:50:00,-0.9989797,-0.2863088
2014-12-08 06:00:00,-0.9989797,-0.21011165
2014-12-08 06:10:00,-0.94411886,-0.19839162
2014-12-08 06:20:00,-0.8673136,-0.24514446
2014-12-08 06:30:00,-0.8563415,-0.34120303
2014-12-08 06:40:00,-0.8453693,-0.20971814
2014-12-08 06:50:00,-0.8014806,-0.3902143
2014-12-08 07:00:00,-0.63689804,-0.100123465
2014-12-08 07:10:00,-0.54912066,0.054192342
2014-12-08 07:20:00,-0.47231543,-0.46252832
2014-12-08 07:30:00,-0.77953625,-0.4582984
2014-12-08 07:40:00,-0.8124528,-0.14423792
2014-12-08 07:50:00,-0.8453693,-0.2859501
2014-12-08 08:00:00,-0.90023017,-0.3682362
2014-12-08 08:10:00,-0.93314666,-0.36983037
2014-12-08 08:20:00,-0.9660632,-0.42235783
2014-12-08 08:30:00,-0.9112023,-0.36972907
2014-12-08 08:40:00,-1.009952,-0.46170706
2014-12-08 08:50:00,-0.98800755,-0.38842398
2014-12-08 09:00:00,-0.9660632,-0.46070933
2014-12-08 09:10:00,-0.88925797,-0.39878362
2014-12-08 09:20:00,-0.8673136,-0.32965046
2014-12-08 09:30:00,-0.7685641,-0.3970729
2014-12-08 09:40:00,-0.73564756,-0.3294843
2014-12-08 09:50:00,-0.79050845,-0.31606606
2014-12-08 10:00:00,-0.83439714,-0.24907087
2014-12-08 10:10:00,-0.7575919,-0.26983115
2014-12-08 10:20:00,-0.6588424,-0.24892455
2014-12-08 10:30:00,-0.77953625,-0.24884595
2014-12-08 10:40:00,-0.39551023,-0.31582716
2014-12-08 10:50:00,-0.6807867,-0.32906827
2014-12-08 11:00:00,-0.88925797,-0.2696769
2014-12-08 11:10:00,-0.8453693,-0.2090213
2014-12-08 11:20:00,-0.955091,-0.18481705
2014-12-08 11:30:00,-0.93314666,-0.30945528
2014-12-08 11:40:00,-0.8673136,-0.25412202
2014-12-08 11:50:00,-0.90023017,-0.14332676
2014-12-08 12:00:00,-0.88925797,-0.32966274
2014-12-08 12:10:00,-0.6807867,-0.35185167
2014-12-08 12:20:00,-0.7027311,-0.3615672
2014-12-08 12:30:00,-0.7027311,-0.26745388
2014-12-08 12:40:00,-0.5162041,-0.32275748
2014-12-08 12:50:00,-0.49425977,-0.27139193
2014-12-08 13:00:00,-0.62592584,-0.18546188
2014-12-08 13:10:00,-0.6807867,-0.3792902
2014-12-08 13:20:00,-0.8124528,-0.31492713
2014-12-08 13:30:00,-0.9112023,-0.27399758
2014-12-08 13:40:00,-0.9112023,-0.27829733
2014-12-08 13:50:00,-0.93314666,-0.24009496
2014-12-08 14:00:00,-0.88925797,-0.2613192
2014-12-08 14:10:00,-0.8673136,-0.3375913
2014-12-08 14:20:00,-0.83439714,-0.25719312
2014-12-08 14:30:00,-0.83439714,-0.20967539
2014-12-08 14:40:00,-0.8124528,0.0147348875
2014-12-08 14:50:00,-0.83439714,-0.33730015
2014-12-08 15:00:00,-0.8673136,-0.29586327
2014-12-08 15:10:00,-0.77953625,-0.20245403
2014-12-08 15:20:00,-0.88925797,-0.38617742
2014-12-08 15:30:00,-0.8563415,-0.29815972
2014-12-08 15:40:00,-0.8563415,-0.38455868
2014-12-08 15:50:00,-0.9221745,-0.23455872
2014-12-08 16:00:00,-0.79050845,-0.2776808
2014-12-08 16:10:00,-0.7137032,-0.18430324
2014-12-08 16:20:00,-0.9112023,-0.35830733
2014-12-08 16:30:00,-0.82342494,-0.31590784
2014-12-08 16:40:00,-0.8014806,-0.18922198
2014-12-08 16:50:00,-0.8124528,-0.4295549
2014-12-08 17:00:00,-0.8124528,-0.42849118
2014-12-08 17:10:00,-0.79050845,-0.3254031
2014-12-08 17:20:00,-0.63689804,-0.43059117
2014-12-08 17:30:00,-0.571065,-0.3970327
2014-12-08 17:40:00,-0.7575919,-0.32967213
2014-12-08 17:50:00,-0.8014806,-0.37929398
2014-12-08 18:00:00,-0.8124528,-0.34888774
2014-12-08 18:10:00,-0.7137032,-0.3791597
2014-12-08 18:20:00,-0.74661976,-0.37901282
2014-12-08 18:30:00,-0.6807867,-0.24949661
2014-12-08 18:40:00,-0.6917589,-0.24890722
2014-12-08 18:50:00,-0.8124528,-0.24874286
2014-12-08 19:00:00,-0.9112023,-0.37864298
2014-12-08 19:10:00,-0.74661976,-0.32851878
2014-12-08 19:20:00,-0.8124528,-0.24837437
2014-12-08 19:30:00,-0.7246754,-0.33603296
2014-12-08 19:40:00,-0.74661976,-0.36732072
2014-12-08 19:50:00,-0.8453693,-0.2592628
2014-12-08 20:00:00,-0.7137032,-0.13512208
2014-12-08 20:10:00,-0.31870502,-0.1915822
2014-12-08 20:20:00,0.021432329,-0.31721947
2014-12-08 20:30:00,0.22990361,-0.23818278
2014-12-08 20:40:00,0.1530984,-0.26868552
2014-12-08 20:50:00,-0.39551023,-0.24881366
2014-12-08 21:00:00,-0.58203715,-0.27034533
2014-12-08 21:10:00,-0.8124528,-0.32633543
2014-12-08 21:20:00,-0.9112023,-0.25752306
2014-12-08 21:30:00,-0.9660632,-0.23023112
2014-12-08 21:40:00,-0.9112023,-0.19750842
2014-12-08 21:50:00,-0.7246754,-0.2201145
2014-12-08 22:00:00,-0.571065,-0.2218796
2014-12-08 22:10:00,-0.8563415,-0.2559921
2014-12-08 22:20:00,-0.7685641,-0.34322447
2014-12-08 22:30:00,-0.8014806,-0.28402653
2014-12-08 22:40:00,-0.83439714,-0.49188253
2014-12-08 22:50:00,-0.79050845,-0.1980634
2014-12-08 23:00:00,-0.73564756,-0.2920956
2014-12-08 23:10:00,-0.49425977,-0.22236176
2014-12-08 23:20:00,-0.3296772,-0.20925933
2014-12-08 23:30:00,-0.31870502,-0.28983468
2014-12-08 23:40:00,-0.13217808,-0.2825275
2014-12-08 23:50:00,-0.19801112,-0.0765094
2014-12-09 00:00:00,-0.5271763,-0.31150636
2014-12-09 00:10:00,-0.59300935,-0.012684605
2014-12-09 00:20:00,-0.73564756,0.06354713
2014-12-09 00:30:00,-0.6917589,0.0020683007
2014-12-09 00:40:00,-0.5600928,0.17692792
2014-12-09 00:50:00,-0.31870502,0.18840295
2014-12-09 01:00:00,-0.35162154,-0.12965445
2014-12-09 01:10:00,-0.571065,-0.49128163
2014-12-09 01:20:00,-0.6149537,-0.29993376
2014-12-09 01:30:00,-0.6807867,-0.20363694
2014-12-09 01:40:00,-0.79050845,-0.30004436
2014-12-09 01:50:00,-0.5271763,-0.3411291
2014-12-09 02:00:00,-0.4064824,-0.2727348
2014-12-09 02:10:00,-0.4832876,-0.37850255
2014-12-09 02:20:00,-0.42842674,-0.26597637
2014-12-09 02:30:00,-0.2857885,-0.20288925
2014-12-09 02:40:00,-0.21995547,-0.20955399
2014-12-09 02:50:00,-0.12120591,-0.20942445
2014-12-09 03:00:00,-0.033428535,-0.20924978
2014-12-09 03:10:00,0.7894844,-0.2085993
2014-12-09 03:20:00,1.1954548,0.08588756
2014-12-09 03:30:00,-0.30773285,0.06223362
2014-12-09 03:40:00,-0.88925797,-0.0067413514
2014-12-09 03:50:00,-0.8453693,0.22868937
2014-12-09 04:00:00,-0.7575919,0.026364751
2014-12-09 04:10:00,-0.8014806,-0.34183896
2014-12-09 04:20:00,-0.73564756,-0.18453163
2014-12-09 04:30:00,-0.6807867,-0.2901652
2014-12-09 04:40:00,-0.7027311,-0.3087154
2014-12-09 04:50:00,-0.6698145,0.11329598
2014-12-09 05:00:00,-0.6149537,-0.21045223
2014-12-09 05:10:00,-0.6917589,-0.32984135
2014-12-09 05:20:00,-0.7027311,-0.21038434
2014-12-09 05:30:00,-0.79050845,-0.26115245
2014-12-09 05:40:00,-0.6807867,-0.26557523
2014-12-09 05:50:00,-0.8453693,-0.26556078
2014-12-09 06:00:00,-0.8782858,-0.37799704
2014-12-09 06:10:00,-0.8782858,-0.22903702
2014-12-09 06:20:00,-0.7137032,0.057129554
2014-12-09 06:30:00,-0.6149537,0.05143725
2014-12-09 06:40:00,-0.49425977,-0.23556702
2014-12-09 06:50:00,-0.29676068,-0.039309762
2014-12-09 07:00:00,-0.2089833,-0.006003714
2014-12-09 07:10:00,-0.07731722,0.8146311
2014-12-09 07:20:00,-0.09926157,1.0736392
2014-12-09 07:30:00,-0.53814846,0.18075702
2014-12-09 07:40:00,-0.4832876,-0.19858411
2014-12-09 07:50:00,-0.4832876,-0.019529916
2014-12-09 08:00:00,-0.7246754,-0.17254654
2014-12-09 08:10:00,-0.7137032,-0.3423347
2014-12-09 08:20:00,-0.8014806,-0.24952725
2014-12-09 08:30:00,-0.8124528,-0.30855113
2014-12-09 08:40:00,-0.6698145,-0.42718044
2014-12-09 08:50:00,-0.7137032,-0.18413919
2014-12-09 09:00:00,-0.6807867,-0.41303158
2014-12-09 09:10:00,-0.4503711,-0.31026244
2014-12-09 09:20:00,-0.34064937,-0.28580514
2014-12-09 09:30:00,-0.21995547,-0.2882235
2014-12-09 09:40:00,-0.2857885,-0.31529605
2014-12-09 09:50:00,-0.31870502,-0.34816986
2014-12-09 10:00:00,-0.35162154,-0.29946965
2014-12-09 10:10:00,-0.38453805,-0.34823912
2014-12-09 10:20:00,-0.31870502,-0.29203713
2014-12-09 10:30:00,-0.31870502,-0.2929835
2014-12-09 10:40:00,-0.2857885,-0.21171269
2014-12-09 10:50:00,-0.47231543,-0.29776627
2014-12-09 11:00:00,-0.4393989,0.023660354
2014-12-09 11:10:00,-0.2857885,0.11308212
2014-12-09 11:20:00,-0.42842674,0.31458613
2014-12-09 11:30:00,-0.37356588,-0.35322812
2014-12-09 11:40:00,-0.2857885,-0.049712665
2014-12-09 11:50:00,-0.13217808,0.1758365
2014-12-09 12:00:00,-0.06634505,-0.21773452
2014-12-09 12:10:00,-0.033428535,-0.32468805
2014-12-09 12:20:00,0.12018188,-0.38772592
2014-12-09 12:30:00,0.07629319,-0.18458872
2014-12-09 12:40:00,0.25184795,-0.3317626
2014-12-09 12:50:00,-0.033428535,-0.29258305
2014-12-09 13:00:00,-0.07731722,-0.20367786
2014-12-09 13:10:00,-0.24189982,-0.44163245
2014-12-09 13:20:00,-0.34064937,-0.08682472
2014-12-09 13:30:00,-0.42842674,-0.29628378
2014-12-09 13:40:00,-0.49425977,-0.41263175
2014-12-09 13:50:00,-0.571065,-0.008842162
2014-12-09 14:00:00,-0.955091,-0.072158314
2014-12-09 14:10:00,-0.4503711,-0.08911354
2014-12-09 14:20:00,-0.2857885,-0.22880262
2014-12-09 14:30:00,-0.21995547,-0.16937158
2014-12-09 14:40:00,-0.17606677,-0.07056657
2014-12-09 14:50:00,-0.24189982,-0.33480668
2014-12-09 15:00:00,-0.3296772,0.02141612
2014-12-09 15:10:00,-0.29676068,-0.3060733
2014-12-09 15:20:00,-0.31870502,-0.32954177
2014-12-09 15:30:00,-0.35162154,-0.2981108
2014-12-09 15:40:00,-0.13217808,-0.37849334
2014-12-09 15:50:00,-0.011484189,-0.08271416
2014-12-09 16:00:00,0.043376673,-0.023228742
2014-12-09 16:10:00,0.06532102,-0.10251736
2014-12-09 16:20:00,0.16407058,-0.32986078
2014-12-09 16:30:00,0.13115406,-0.3876989
2014-12-09 16:40:00,0.1530984,-0.15790656
2014-12-09 16:50:00,0.07629319,-0.09322394
2014-12-09 17:00:00,-0.011484189,-0.3605951
2014-12-09 17:10:00,-0.2089833,-0.33522487
2014-12-09 17:20:00,-0.34064937,-0.4576919
2014-12-09 17:30:00,-0.34064937,-0.36174917
2014-12-09 17:40:00,-0.252872,-0.25629485
2014-12-09 17:50:00,-0.22873321,-0.32398304
2014-12-09 18:00:00,-0.20459443,-0.2748117
2014-12-09 18:10:00,-0.18045564,-0.34309626
2014-12-09 18:20:00,-0.15631686,-0.2967679
2014-12-09 18:30:00,-0.13217808,-0.30446088
2014-12-09 18:40:00,-0.108039305,-0.35514814
2014-12-09 18:50:00,-0.083900526,0.026196532
2014-12-09 19:00:00,-0.059761748,-0.017144896
2014-12-09 19:10:00,-0.03562297,-0.01359827
2014-12-09 19:20:00,-0.011484189,-0.038059838
2014-12-09 19:30:00,0.13115406,-0.27539068
2014-12-09 19:40:00,0.20795926,-0.15555741
2014-12-09 19:50:00,0.24087578,0.0133285085
2014-12-09 20:00:00,0.36156967,-0.16628303
2014-12-09 20:10:00,0.36156967,-0.2807454
2014-12-09 20:20:00,0.43837488,-0.41910166
2014-12-09 20:30:00,0.58101314,-0.24058142
2014-12-09 20:40:00,0.8004566,-0.25458753
2014-12-09 20:50:00,0.7565679,-0.1169573
2014-12-09 21:00:00,0.69073486,-0.25079095
2014-12-09 21:10:00,0.41643053,-0.33529878
2014-12-09 21:20:00,0.44934705,-0.34390253
2014-12-09 21:30:00,0.40545836,-0.25878674
2014-12-09 21:40:00,0.37254184,-0.33512017
2014-12-09 21:50:00,0.25184795,-0.33788913
2014-12-09 22:00:00,0.14212623,-0.30093193
2014-12-09 22:10:00,0.16407058,-0.32847106
2014-12-09 22:20:00,0.25184795,-0.023906924
2014-12-09 22:30:00,0.49323574,-0.12716618
2014-12-09 22:40:00,-0.34064937,-0.19375002
2014-12-09 22:50:00,-0.88925797,-0.4269433
2014-12-09 23:00:00,-0.8124528,-0.38542503
2014-12-09 23:10:00,-0.8563415,-0.35129267
2014-12-09 23:20:00,-0.8453693,-0.3952373
2014-12-09 23:30:00,-0.8673136,-0.33661082
2014-12-09 23:40:00,-0.8453693,-0.2565257
2014-12-09 23:50:00,-0.90023017,-0.34541267
2014-12-10 00:00:00,-0.83439714,-0.01873584
2014-12-10 00:10:00,-0.7685641,-0.15981063
2014-12-10 00:20:00,-0.88925797,-0.14895199
2014-12-10 00:30:00,-0.8453693,-0.16400222
2014-12-10 00:40:00,-0.88925797,0.0010965848
2014-12-10 00:50:00,-0.8563415,-0.09560472
2014-12-10 01:00:00,-0.7575919,0.06534388
2014-12-10 01:10:00,-0.63689804,0.065348946
2014-12-10 01:20:00,-0.6478702,0.0072762603
2014-12-10 01:30:00,-0.4832876,0.06508133
2014-12-10 01:40:00,-0.30773285,0.006161512
2014-12-10 01:50:00,-0.26384416,-0.08908731
2014-12-10 02:00:00,-0.14315026,0.008663365
2014-12-10 02:10:00,-0.09926157,-0.09405488
2014-12-10 02:20:00,-0.033428535,-0.09665443
2014-12-10 02:30:00,0.10920971,-0.21175772
2014-12-10 02:40:00,0.26282012,-0.18343075
2014-12-10 02:50:00,0.25184795,-0.200026
2014-12-10 03:00:00,0.10920971,-0.35479006
2014-12-10 03:10:00,0.16407058,-0.31802616
2014-12-10 03:20:00,0.21893144,-0.34709957
2014-12-10 03:30:00,0.53712445,-0.35737583
2014-12-10 03:40:00,0.46031922,-0.2690604
2014-12-10 03:50:00,0.46031922,-0.08437036
2014-12-10 04:00:00,0.3067088,-0.30283356
2014-12-10 04:10:00,0.21893144,-0.34864384
2014-12-10 04:20:00,0.41643053,-0.24845281
2014-12-10 04:30:00,0.37254184,-0.2973182
2014-12-10 04:40:00,0.58101314,-0.2990275
2014-12-10 04:50:00,0.36156967,-0.28481045
2014-12-10 05:00:00,0.37254184,-0.2653366
2014-12-10 05:10:00,0.17504275,-0.2652198
2014-12-10 05:20:00,0.06532102,-0.20961788
2014-12-10 05:30:00,-0.14315026,-0.20271215
2014-12-10 05:40:00,-0.18703894,0.05017931
2014-12-10 05:50:00,0.087265365,0.1087917
2014-12-10 06:00:00,-0.05537288,0.050383918
2014-12-10 06:10:00,0.043376673,0.24094835
2014-12-10 06:20:00,0.19698709,0.31088406
2014-12-10 06:30:00,0.36156967,0.39643833
2014-12-10 06:40:00,0.5590688,0.47127262
2014-12-10 06:50:00,0.77851224,0.3326966
2014-12-10 07:00:00,-0.7137032,0.03735643
2014-12-10 07:10:00,-0.8124528,0.10171639
2014-12-10 07:20:00,-0.8782858,-0.064992756
2014-12-10 07:30:00,-0.82342494,0.10107806
2014-12-10 07:40:00,-0.7575919,0.021178659
2014-12-10 07:50:00,-0.7137032,0.19242391
2014-12-10 08:00:00,-0.6698145,0.089340135
2014-12-10 08:10:00,-0.6039815,-0.1670037
2014-12-10 08:20:00,-0.77953625,0.06538579
2014-12-10 08:30:00,-1.0648128,0.1019662
2014-12-10 08:40:00,-1.0318962,0.14892694
2014-12-10 08:50:00,-1.0209241,0.0075792493
2014-12-10 09:00:00,-1.0428684,0.06495643
2014-12-10 09:10:00,-1.0538406,0.06469365
2014-12-10 09:20:00,-1.009952,0.06443086
2014-12-10 09:30:00,-1.0318962,-0.16638729
2014-12-10 09:40:00,-0.98800755,-0.115142025
2014-12-10 09:50:00,-1.0209241,-0.027641907
2014-12-10 10:00:00,-1.0318962,-0.08900758
2014-12-10 10:10:00,-1.0209241,-0.008413157
2014-12-10 10:20:00,-0.9660632,-0.012629661
2014-12-10 10:30:00,-0.9112023,-0.09458944
2014-12-10 10:40:00,-0.59300935,0.065606646
2014-12-10 10:50:00,-0.6149537,0.0660417
2014-12-10 11:00:00,-0.6807867,-0.32098305
2014-12-10 11:10:00,-0.82342494,-0.2867728
2014-12-10 11:20:00,-0.9221745,-0.38698465
2014-12-10 11:30:00,-0.8014806,-0.38933295
2014-12-10 11:40:00,-0.83439714,-0.37368786
2014-12-10 11:50:00,-0.8014806,-0.10329724
2014-12-10 12:00:00,-0.88925797,-0.16659617
2014-12-10 12:10:00,-0.93314666,-0.27878815
2014-12-10 12:20:00,-0.9221745,-0.19239172
2014-12-10 12:30:00,-0.9112023,-0.11116286
2014-12-10 12:40:00,-0.9112023,-0.339704
2014-12-10 12:50:00,-0.98800755,-0.33168107
2014-12-10 13:00:00,-1.0209241,-0.34062827
2014-12-10 13:10:00,-1.0209241,-0.26595652
2014-12-10 13:20:00,-0.9989797,-0.19216302
2014-12-10 13:30:00,-1.0209241,-0.1919909
2014-12-10 13:40:00,-0.9989797,-0.17554215
2014-12-10 13:50:00,-1.0318962,-0.19183773
2014-12-10 14:00:00,-1.0318962,-0.18397044
2014-12-10 14:10:00,-1.009952,-0.17872721
2014-12-10 14:20:00,-0.97703534,-0.23907688
2014-12-10 14:30:00,-0.90023017,-0.1974027
2014-12-10 14:40:00,-0.8673136,-0.20891625
2014-12-10 14:50:00,-0.7685641,-0.20073098
2014-12-10 15:00:00,-0.8124528,-0.20887548
2014-12-10 15:10:00,-0.8124528,-0.2016075
2014-12-10 15:20:00,-0.6478702,-0.35156316
2014-12-10 15:30:00,-0.7137032,-0.35686484
2014-12-10 15:40:00,-0.6698145,-0.35424796
2014-12-10 15:50:00,-0.6588424,-0.2672528
2014-12-10 16:00:00,-0.8453693,-0.3326952
2014-12-10 16:10:00,-0.8014806,-0.36820525
2014-12-10 16:20:00,-0.93314666,-0.31069124
2014-12-10 16:30:00,-0.88925797,-0.2811992
2014-12-10 16:40:00,-0.88925797,-0.32322752
2014-12-10 16:50:00,-0.9112023,-0.3814643
2014-12-10 17:00:00,-0.9112023,-0.3816497
2014-12-10 17:10:00,-0.955091,-0.39642614
2014-12-10 17:20:00,-0.98800755,-0.37856436
2014-12-10 17:30:00,-1.0318962,-0.24854732
2014-12-10 17:40:00,-1.009952,-0.2694901
2014-12-10 17:50:00,-0.98800755,-0.32868493
2014-12-10 18:00:00,-1.0318962,-0.26916203
2014-12-10 18:10:00,-0.955091,-0.24730836
2014-12-10 18:20:00,-0.88925797,-0.23910947
2014-12-10 18:30:00,-0.8014806,-0.26036006
2014-12-10 18:40:00,-0.7575919,-0.24930812
2014-12-10 18:50:00,-0.77953625,-0.25070205
2014-12-10 19:00:00,-0.6698145,-0.31491953
2014-12-10 19:10:00,-0.47231543,-0.19084802
2014-12-10 19:20:00,-0.31870502,-0.18401602
2014-12-10 19:30:00,-0.35162154,-0.18465564
2014-12-10 19:40:00,-0.23092765,-0.25692028
2014-12-10 19:50:00,-0.12120591,-0.14415763
2014-12-10 20:00:00,-0.6039815,-0.19426063
2014-12-10 20:10:00,-0.7575919,-0.3402245
2014-12-10 20:20:00,-0.8673136,-0.38828963
2014-12-10 20:30:00,-0.8014806,-0.2636233
2014-12-10 20:40:00,-0.83439714,-0.27301577
2014-12-10 20:50:00,-0.7685641,-0.29370317
2014-12-10 21:00:00,-0.82342494,-0.36237943
2014-12-10 21:10:00,-0.6807867,-0.18406421
2014-12-10 21:20:00,-0.62592584,-0.36445463
2014-12-10 21:30:00,-0.571065,-0.24844036
2014-12-10 21:40:00,-0.571065,-0.24846472
2014-12-10 21:50:00,-0.58203715,-0.24829556
2014-12-10 22:00:00,-0.4064824,-0.24814913
2014-12-10 22:10:00,-0.41745457,-0.22452945
2014-12-10 22:20:00,-0.3625937,-0.24177831
2014-12-10 22:30:00,-0.29676068,-0.18215716
2014-12-10 22:40:00,-0.19801112,-0.1833491
2014-12-10 22:50:00,-0.06634505,-0.1753428
2014-12-10 23:00:00,-0.07731722,-0.3673715
2014-12-10 23:10:00,-0.12120591,-0.2856788
2014-12-10 23:20:00,-0.11023374,0.09402423
2014-12-10 23:30:00,-0.0005120168,0.04875324
2014-12-10 23:40:00,0.0324045,0.07141476
2014-12-10 23:50:00,0.087265365,0.49710804
2014-12-11 00:00:00,-0.09926157,-0.14436258
2014-12-11 00:10:00,-0.18703894,-0.18908358
2014-12-11 00:20:00,-0.34064937,-0.2990986
2014-12-11 00:30:00,-0.39551023,-0.21116401
2014-12-11 00:40:00,-0.3625937,-0.40730774
2014-12-11 00:50:00,-0.41745457,-0.19551115
2014-12-11 01:00:00,-0.35162154,-0.1847942
2014-12-11 01:10:00,-0.37356588,-0.2948958
2014-12-11 01:20:00,-0.4393989,-0.27112442
2014-12-11 01:30:00,-0.29676068,-0.2791896
2014-12-11 01:40:00,-0.21995547,-0.18423906
2014-12-11 01:50:00,-0.21995547,-0.28472665
2014-12-11 02:00:00,-0.17606677,0.0006969059
2014-12-11 02:10:00,-0.022456361,-0.320036
2014-12-11 02:20:00,-0.011484189,0.042237125
2014-12-11 02:30:00,0.31768098,0.044344135
2014-12-11 02:40:00,0.2737923,0.002870203
2014-12-11 02:50:00,-0.2857885,-0.09918176
2014-12-11 03:00:00,-0.46134326,-0.07968155
2014-12-11 03:10:00,-0.23092765,-0.08802723
2014-12-11 03:20:00,-0.252872,-0.112122625
2014-12-11 03:30:00,-0.21995547,-0.037829466
2014-12-11 03:40:00,-0.1650946,-0.065285094
2014-12-11 03:50:00,-0.2857885,-0.25198832
2014-12-11 04:00:00,-0.24189982,-0.34123296
2014-12-11 04:10:00,-0.11023374,-0.34844112
2014-12-11 04:20:00,-0.12120591,-0.4190444
2014-12-11 04:30:00,-0.35162154,-0.39128992
2014-12-11 04:40:00,-0.31870502,-0.5054048
2014-12-11 04:50:00,-0.37356588,-0.37693697
2014-12-11 05:00:00,-0.4503711,-0.30499095
2014-12-11 05:10:00,-0.5600928,-0.40974662
2014-12-11 05:20:00,-0.41745457,-0.28762835
2014-12-11 05:30:00,-0.2857885,-0.27974847
2014-12-11 05:40:00,-0.2089833,-0.29501054
2014-12-11 05:50:00,-0.1650946,-0.28978196
2014-12-11 06:00:00,-0.13217808,-0.29248577
2014-12-11 06:10:00,-0.14315026,-0.26189396
2014-12-11 06:20:00,-0.05537288,-0.25470656
2014-12-11 06:30:00,0.22990361,-0.045039378
2014-12-11 06:40:00,0.4274027,-0.07954987
2014-12-11 06:50:00,0.3505975,-0.39872122
2014-12-11 07:00:00,0.12018188,0.013047987
2014-12-11 07:10:00,0.07629319,-0.42331323
2014-12-11 07:20:00,0.021432329,-0.46126723
2014-12-11 07:30:00,0.2737923,-0.32610065
2014-12-11 07:40:00,0.8114287,0.07828816
2014-12-11 07:50:00,0.5590688,0.020353042
2014-12-11 08:00:00,0.5919853,-0.0615753
2014-12-11 08:10:00,0.69073486,-0.106007695
2014-12-11 08:20:00,0.52615225,-0.42508903
2014-12-11 08:30:00,0.57004094,-0.29196543
2014-12-11 08:40:00,0.5590688,0.00598427
2014-12-11 08:50:00,0.6578183,-0.10985385
2014-12-11 09:00:00,0.8004566,-0.30223954
2014-12-11 09:10:00,1.0528165,-0.25184852
2014-12-11 09:20:00,0.88823396,-0.31845874
2014-12-11 09:30:00,0.9101783,-0.41254124
2014-12-11 09:40:00,0.32865316,0.0057719583
2014-12-11 09:50:00,0.635874,0.006916144
2014-12-11 10:00:00,0.701707,-0.03352516
2014-12-11 10:10:00,0.53712445,0.0728218
2014-12-11 10:20:00,0.44934705,-0.14631307
2014-12-11 10:30:00,0.4712914,-0.046914533
2014-12-11 10:40:00,0.4712914,0.1551189
2014-12-11 10:50:00,0.41643053,0.083863966
2014-12-11 11:00:00,0.021432329,-0.02809355
2014-12-11 11:10:00,-0.0005120168,-0.07964765
2014-12-11 11:20:00,0.07629319,-0.33327487
2014-12-11 11:30:00,0.33962533,-0.20245355
2014-12-11 11:40:00,0.4274027,-0.044695772
2014-12-11 11:50:00,0.22990361,0.1122222
2014-12-11 12:00:00,-0.033428535,-0.23464802
2014-12-11 12:10:00,-0.15412243,-0.15250573
2014-12-11 12:20:00,-0.1650946,-0.07331923
2014-12-11 12:30:00,-0.23092765,-0.16686502
2014-12-11 12:40:00,-0.21995547,-0.1413327
2014-12-11 12:50:00,0.054348845,-0.106092565
2014-12-11 13:00:00,-0.42842674,-0.15346545
2014-12-11 13:10:00,-0.46134326,0.4385614
2014-12-11 13:20:00,-0.49425977,0.6156924
2014-12-11 13:30:00,-0.38453805,-0.13413994
2014-12-11 13:40:00,-0.24189982,-0.12618142
2014-12-11 13:50:00,-0.23092765,0.06589893
2014-12-11 14:00:00,-0.31870502,-0.12283482
2014-12-11 14:10:00,-0.30773285,-0.026243843
2014-12-11 14:20:00,-0.27481633,0.065109566
2014-12-11 14:30:00,-0.07731722,0.0069330083
2014-12-11 14:40:00,-0.011484189,-0.24819978
2014-12-11 14:50:00,0.043376673,-0.03599891
2014-12-11 15:00:00,0.043376673,0.107250266
2014-12-11 15:10:00,0.0324045,-0.349753
2014-12-11 15:20:00,-0.044400707,0.017225847
2014-12-11 15:30:00,-0.05537288,-0.03343209
2014-12-11 15:40:00,-0.14315026,-0.056047276
2014-12-11 15:50:00,-0.044400707,0.024831112
2014-12-11 16:00:00,0.021432329,0.10696579
2014-12-11 16:10:00,0.010460156,0.035049006
2014-12-11 16:20:00,0.06532102,0.21241964
2014-12-11 16:30:00,0.09823754,0.12984803
2014-12-11 16:40:00,0.25184795,-0.08817396
2014-12-11 16:50:00,0.3505975,0.064810485
2014-12-11 17:00:00,0.4274027,-0.25600454
2014-12-11 17:10:00,0.48226357,-0.19605702
2014-12-11 17:20:00,0.58101314,-0.23151955
2014-12-11 17:30:00,0.5042079,-0.3481087
2014-12-11 17:40:00,0.69073486,-0.25666082
2014-12-11 17:50:00,-0.05537288,-0.19324842
2014-12-11 18:00:00,0.53712445,-0.35081375
2014-12-11 18:10:00,0.62490183,-0.34161243
2014-12-11 18:20:00,0.69073486,-0.058235057
2014-12-11 18:30:00,0.8224009,-0.27907658
2014-12-11 18:40:00,-0.17606677,-0.1937372
2014-12-11 18:50:00,-0.82342494,-0.2337766
2014-12-11 19:00:00,-0.8673136,-0.25448024
2014-12-11 19:10:00,-0.7027311,-0.17957917
2014-12-11 19:20:00,-0.54912066,-0.2207112
2014-12-11 19:30:00,-0.4503711,-0.09758479
2014-12-11 19:40:00,-0.5600928,-0.13803911
2014-12-11 19:50:00,-0.7685641,0.15009144
2014-12-11 20:00:00,-0.79050845,0.1165585
2014-12-11 20:10:00,-0.8014806,-0.1297865
2014-12-11 20:20:00,-0.8673136,-0.08666974
2014-12-11 20:30:00,-0.8673136,-0.24138382
2014-12-11 20:40:00,-0.82342494,-0.10598367
2014-12-11 20:50:00,-0.7246754,0.067913584
2014-12-11 21:00:00,-0.6917589,-0.27430493
2014-12-11 21:10:00,-0.6698145,-0.19040294
2014-12-11 21:20:00,-0.7027311,-0.25082675
2014-12-11 21:30:00,-0.88925797,-0.0032889014
2014-12-11 21:40:00,-0.8453693,0.0968622
2014-12-11 21:50:00,-0.83439714,-0.11869901
2014-12-11 22:00:00,-0.82342494,-0.042954758
2014-12-11 22:10:00,-0.9660632,-0.16949043
2014-12-11 22:20:00,-0.9989797,-0.15682459
2014-12-11 22:30:00,-1.009952,-0.21000357
2014-12-11 22:40:00,-0.98800755,-0.18633683
2014-12-11 22:50:00,-1.0318962,-0.3056996
2014-12-11 23:00:00,-0.97703534,-0.26679015
2014-12-11 23:10:00,-0.98800755,-0.26189613
2014-12-11 23:20:00,-0.9989797,-0.18351161
2014-12-11 23:30:00,-0.9989797,-0.26099086
2014-12-11 23:40:00,-0.9660632,-0.3838735
2014-12-11 23:50:00,-0.9989797,-0.28198376
2014-12-12 00:00:00,-1.0209241,-0.23583955
2014-12-12 00:10:00,-1.0318962,-0.3794748
2014-12-12 00:20:00,-0.94411886,-0.3796487
2014-12-12 00:30:00,-0.97703534,-0.19936597
2014-12-12 00:40:00,-0.9112023,-0.2784829
2014-12-12 00:50:00,-0.9221745,-0.37064525
2014-12-12 01:00:00,-0.955091,-0.35362485
2014-12-12 01:10:00,-1.009952,-0.27088144
2014-12-12 01:20:00,-0.9660632,-0.39755487
2014-12-12 01:30:00,-0.98800755,-0.3974044
2014-12-12 01:40:00,-0.9660632,-0.34899738
2014-12-12 01:50:00,-0.97703534,-0.37943247
2014-12-12 02:00:00,-0.9221745,-0.3298207
2014-12-12 02:10:00,-0.9660632,-0.39720273
2014-12-12 02:20:00,-0.97703534,-0.37948924
2014-12-12 02:30:00,-0.93314666,-0.39707667
2014-12-12 02:40:00,-0.8673136,-0.3297999
2014-12-12 02:50:00,-0.88925797,-0.37932074
2014-12-12 03:00:00,-0.8453693,-0.3970735
2014-12-12 03:10:00,-0.8453693,-0.32901767
2014-12-12 03:20:00,-0.53814846,-0.31583393
2014-12-12 03:30:00,-0.6807867,-0.32832187
2014-12-12 03:40:00,-0.58203715,-0.37730116
2014-12-12 03:50:00,-0.54912066,-0.2857399
2014-12-12 04:00:00,-0.505232,-0.32909125
2014-12-12 04:10:00,-0.5162041,-0.3788676
2014-12-12 04:20:00,-0.4832876,-0.36944246
2014-12-12 04:30:00,-0.2089833,-0.30194876
2014-12-12 04:40:00,-0.571065,-0.3241181
2014-12-12 04:50:00,-0.6149537,-0.43250173
2014-12-12 05:00:00,-0.8014806,-0.32999393
2014-12-12 05:10:00,-0.7575919,-0.24965271
2014-12-12 05:20:00,-0.6039815,-0.3699209
2014-12-12 05:30:00,-0.73564756,-0.3296926
2014-12-12 05:40:00,-0.9112023,-0.24944876
2014-12-12 05:50:00,-0.93314666,-0.2494165
2014-12-12 06:00:00,-0.8014806,-0.361701
2014-12-12 06:10:00,-0.7137032,-0.2403896
2014-12-12 06:20:00,-0.7575919,-0.19204892
2014-12-12 06:30:00,-0.6807867,-0.23059916
2014-12-12 06:40:00,-0.4393989,-0.22193184
2014-12-12 06:50:00,-0.5600928,-0.17966646
2014-12-12 07:00:00,-0.5271763,-0.17361543
2014-12-12 07:10:00,-0.4393989,-0.3054833
2014-12-12 07:20:00,-0.42842674,-0.35928524
2014-12-12 07:30:00,-0.39551023,-0.41416532
2014-12-12 07:40:00,-0.2857885,-0.2391839
2014-12-12 07:50:00,-0.21995547,-0.1406799
2014-12-12 08:00:00,-0.26384416,-0.07648801
2014-12-12 08:10:00,-0.3296772,-0.39644423
2014-12-12 08:20:00,-0.29676068,-0.35346764
2014-12-12 08:30:00,-0.15412243,-0.0064627444
2014-12-12 08:40:00,-0.07731722,-0.3220688
2014-12-12 08:50:00,-0.044400707,0.018252723
2014-12-12 09:00:00,0.09823754,-0.36094964
2014-12-12 09:10:00,0.09823754,-0.34385628
2014-12-12 09:20:00,0.1530984,-0.2784911
2014-12-12 09:30:00,-0.11023374,-0.2727195
2014-12-12 09:40:00,-0.2857885,-0.23502356
2014-12-12 09:50:00,-0.27481633,-0.24086967
2014-12-12 10:00:00,-0.35162154,-0.31141502
2014-12-12 10:10:00,-0.3296772,-0.2500756
2014-12-12 10:20:00,-0.13217808,-0.25383672
2014-12-12 10:30:00,0.4712914,-0.25502193
2014-12-12 10:40:00,0.6029575,-0.33853933
2014-12-12 10:50:00,0.5151801,-0.23547655
2014-12-12 11:00:00,0.4712914,-0.37817344
2014-12-12 11:10:00,0.52615225,-0.34325808
2014-12-12 11:20:00,0.62490183,-0.26093215
2014-12-12 11:30:00,0.57004094,0.038101263
2014-12-12 11:40:00,0.57004094,-0.10105236
2014-12-12 11:50:00,0.5151801,0.30259836
2014-12-12 12:00:00,0.4712914,0.019393653
2014-12-12 12:10:00,0.4274027,-0.11471045
2014-12-12 12:20:00,0.46031922,-0.2635007
2014-12-12 12:30:00,0.4274027,-0.38333374
2014-12-12 12:40:00,0.36156967,-0.15304929
2014-12-12 12:50:00,0.40545836,-0.10171508
2014-12-12 13:00:00,0.41643053,-0.095263414
2014-12-12 13:10:00,0.41643053,-0.15590352
2014-12-12 13:20:00,0.3505975,-0.15211101
2014-12-12 13:30:00,0.38351402,-0.2511123
2014-12-12 13:40:00,0.29573664,-0.47772986
2014-12-12 13:50:00,0.09823754,-0.44145995
2014-12-12 14:00:00,-0.06634505,-0.47724953
2014-12-12 14:10:00,-0.0005120168,-0.50570047
2014-12-12 14:20:00,0.10920971,-0.3235065
2014-12-12 14:30:00,0.25184795,-0.53826797
2014-12-12 14:40:00,0.3505975,-0.089977175
2014-12-12 14:50:00,0.41643053,-0.09887192
2014-12-12 15:00:00,0.5590688,-0.24573159
2014-12-12 15:10:00,0.67976266,-0.14355372
2014-12-12 15:20:00,0.6029575,0.2359179
2014-12-12 15:30:00,0.4712914,-0.047577918
2014-12-12 15:40:00,0.49323574,-0.07182252
2014-12-12 15:50:00,0.5151801,-0.060707197
2014-12-12 16:00:00,0.5919853,0.026945777
2014-12-12 16:10:00,0.69073486,-0.16088293
2014-12-12 16:20:00,0.76754004,0.021949176
2014-12-12 16:30:00,0.8114287,-0.09796199
2014-12-12 16:40:00,1.0528165,-0.151463
2014-12-12 16:50:00,1.1735104,-0.016912408
2014-12-12 17:00:00,1.0747609,0.063352056
2014-12-12 17:10:00,0.83337307,-0.07819829
2014-12-12 17:20:00,0.12018188,0.06339756
2014-12-12 17:30:00,-0.1650946,-0.012076057
2014-12-12 17:40:00,-0.23092765,0.030590557
2014-12-12 17:50:00,-0.0005120168,-0.028089069
2014-12-12 18:00:00,0.054348845,-0.057641856
2014-12-12 18:10:00,0.10920971,-0.12317552
2014-12-12 18:20:00,0.25184795,-0.035206124
2014-12-12 18:30:00,0.26282012,-0.13332735
2014-12-12 18:40:00,0.31768098,-0.11089832
2014-12-12 18:50:00,0.43837488,-0.16949466
2014-12-12 19:00:00,0.6139296,-0.073752925
2014-12-12 19:10:00,0.043376673,-0.08308848
2014-12-12 19:20:00,-1.0757849,-0.09862264
2014-12-12 19:30:00,-1.0757849,-0.10696947
2014-12-12 19:40:00,-1.0318962,-0.0987342
2014-12-12 19:50:00,-1.0428684,0.0028218487
2014-12-12 20:00:00,-1.0428684,-0.11335996
2014-12-12 20:10:00,-1.0318962,-0.06485655
2014-12-12 20:20:00,-1.0648128,0.017126873
2014-12-12 20:30:00,-1.0648128,-1.7839484e-05
2014-12-12 20:40:00,-1.0209241,-0.011116399
2014-12-12 20:50:00,-1.0209241,0.741107
2014-12-12 21:00:00,-1.0648128,0.25982296
2014-12-12 21:10:00,-1.0648128,-0.09766721
2014-12-12 21:20:00,-1.0538406,0.06362993
2014-12-12 21:30:00,-1.0318962,-0.056807175
2014-12-12 21:40:00,-1.0318962,0.14367844
2014-12-12 21:50:00,-1.0538406,0.054995134
2014-12-12 22:00:00,-0.98800755,-0.17857748
2014-12-12 22:10:00,-0.93314666,-0.13290821
2014-12-12 22:20:00,-0.9660632,0.031790864
2014-12-12 22:30:00,-0.94411886,0.06572842
2014-12-12 22:40:00,-0.8782858,0.023411825
2014-12-12 22:50:00,-0.88925797,-0.06962449
2014-12-12 23:00:00,-0.8563415,0.07087827
2014-12-12 23:10:00,-0.7685641,-0.32034123
2014-12-12 23:20:00,-0.6917589,-0.35446
2014-12-12 23:30:00,-0.6698145,-0.3454711
2014-12-12 23:40:00,-0.6039815,-0.32621914
2014-12-12 23:50:00,-0.63689804,-0.06402083
2014-12-13 00:00:00,-0.6698145,-0.19863449
2014-12-13 00:10:00,-0.82342494,-0.32529902
2014-12-13 00:20:00,-0.8453693,-0.36138472
2014-12-13 00:30:00,-0.9112023,-0.21860036
2014-12-13 00:40:00,-0.8014806,-0.3709379
2014-12-13 00:50:00,-0.88925797,-0.36933845
2014-12-13 01:00:00,-0.8563415,-0.37879127
2014-12-13 01:10:00,-0.7575919,-0.38846478
2014-12-13 01:20:00,-0.62592584,-0.31987947
2014-12-13 01:30:00,-0.505232,-0.37912285
2014-12-13 01:40:00,-0.6039815,-0.32944277
2014-12-13 01:50:00,-0.6149537,-0.2491098
2014-12-13 02:00:00,-0.7137032,-0.24905679
2014-12-13 02:10:00,-0.6478702,-0.32903832
2014-12-13 02:20:00,-0.59300935,-0.24896657
2014-12-13 02:30:00,-0.58203715,-0.24887474
2014-12-13 02:40:00,-0.42842674,-0.24881162
2014-12-13 02:50:00,-0.21995547,-0.17252937
2014-12-13 03:00:00,-0.5271763,-0.17186584
2014-12-13 03:10:00,-0.6478702,-0.17144397
2014-12-13 03:20:00,-0.59300935,-0.25127512
2014-12-13 03:30:00,-0.6149537,-0.29136357
2014-12-13 03:40:00,-0.505232,-0.28764817
2014-12-13 03:50:00,-0.4503711,-0.21999979
2014-12-13 04:00:00,-0.23092765,-0.26050076
2014-12-13 04:10:00,0.16407058,-0.32537717
2014-12-13 04:20:00,-0.044400707,-0.31513804
2014-12-13 04:30:00,0.087265365,-0.31337917
2014-12-13 04:40:00,0.13115406,-0.27286497
2014-12-13 04:50:00,0.19698709,-0.42393476
2014-12-13 05:00:00,-0.088289395,-0.35052276
2014-12-13 05:10:00,-0.2857885,-0.2438152
2014-12-13 05:20:00,-0.54912066,-0.29439914
2014-12-13 05:30:00,-0.7027311,-0.2417227
2014-12-13 05:40:00,-0.7685641,-0.28946498
2014-12-13 05:50:00,-0.6807867,-0.34493092
2014-12-13 06:00:00,-0.7027311,-0.28521466
2014-12-13 06:10:00,-0.62592584,-0.28810108
2014-12-13 06:20:00,-0.571065,-0.23937437
2014-12-13 06:30:00,-0.47231543,-0.23785731
2014-12-13 06:40:00,-0.38453805,-0.28513014
2014-12-13 06:50:00,-0.18703894,-0.014968908
2014-12-13 07:00:00,-0.05537288,-0.38185042
2014-12-13 07:10:00,-0.19801112,-0.22406887
2014-12-13 07:20:00,-0.42842674,-0.40319338
2014-12-13 07:30:00,-0.29676068,-0.4060238
2014-12-13 07:40:00,-0.252872,-0.26924118
2014-12-13 07:50:00,-0.15412243,-0.11829196
2014-12-13 08:00:00,-0.2089833,-0.023935728
2014-12-13 08:10:00,-0.2089833,-0.073192365
2014-12-13 08:20:00,-0.12120591,-0.13161753
2014-12-13 08:30:00,-0.09926157,-0.20173138
2014-12-13 08:40:00,-0.06634505,-0.03194426
2014-12-13 08:50:00,0.087265365,0.11612842
2014-12-13 09:00:00,0.010460156,-0.1523239
2014-12-13 09:10:00,-0.07731722,-0.276786
2014-12-13 09:20:00,-0.13217808,-0.26233575
2014-12-13 09:30:00,-0.17606677,-0.42802656
2014-12-13 09:40:00,-0.09926157,-0.22221455
2014-12-13 09:50:00,-0.088289395,-0.29528832
2014-12-13 10:00:00,-0.13217808,-0.28566763
2014-12-13 10:10:00,0.17504275,-0.33159348
2014-12-13 10:20:00,0.21893144,-0.398505
2014-12-13 10:30:00,0.26282012,-0.3050923
2014-12-13 10:40:00,0.14212623,-0.35916355
2014-12-13 10:50:00,0.043376673,-0.29946482
2014-12-13 11:00:00,0.06532102,0.044366606
2014-12-13 11:10:00,0.22990361,-0.06385517
2014-12-13 11:20:00,0.26282012,0.066004686
2014-12-13 11:30:00,0.38351402,0.037998833
2014-12-13 11:40:00,0.5151801,0.020336457
2014-12-13 11:50:00,-0.19801112,0.16541988
2014-12-13 12:00:00,-0.4393989,0.026346005
2014-12-13 12:10:00,-0.4393989,-0.13268664
2014-12-13 12:20:00,-0.5271763,-0.12161177
2014-12-13 12:30:00,-0.505232,-0.17722945
2014-12-13 12:40:00,-0.4503711,-0.21431482
2014-12-13 12:50:00,-0.4503711,-0.12001417
2014-12-13 13:00:00,-0.2857885,-0.13148461
2014-12-13 13:10:00,-0.35162154,-0.14473987
2014-12-13 13:20:00,-0.38453805,-0.39368957
2014-12-13 13:30:00,-0.35162154,-0.43301582
2014-12-13 13:40:00,-0.6039815,-0.47589022
2014-12-13 13:50:00,-0.7027311,-0.3216895
2014-12-13 14:00:00,-0.4064824,-0.44509652
2014-12-13 14:10:00,-0.505232,-0.45665717
2014-12-13 14:20:00,-0.571065,-0.36215484
2014-12-13 14:30:00,-0.47231543,-0.3768421
2014-12-13 14:40:00,-0.46134326,-0.25803792
2014-12-13 14:50:00,-0.4064824,-0.35561353
2014-12-13 15:00:00,-0.53814846,-0.514342
2014-12-13 15:10:00,-0.5271763,-0.53758126
2014-12-13 15:20:00,-0.54912066,-0.3956613
2014-12-13 15:30:00,-0.505232,-0.22325598
2014-12-13 15:40:00,-0.41745457,-0.040687717
2014-12-13 15:50:00,-0.39551023,-0.09383879
2014-12-13 16:00:00,0.087265365,-0.14615902
2014-12-13 16:10:00,-0.05537288,-0.28359687
2014-12-13 16:20:00,-0.07731722,-0.29123673
2014-12-13 16:30:00,-0.06634505,-0.23593089
2014-12-13 16:40:00,-0.044400707,-0.16068281
2014-12-13 16:50:00,-0.53814846,-0.24330764
2014-12-13 17:00:00,-0.4393989,-0.16743058
2014-12-13 17:10:00,-0.54912066,-0.16463839
2014-12-13 17:20:00,-0.59300935,-0.2325308
2014-12-13 17:30:00,-0.6698145,-0.23787105
2014-12-13 17:40:00,-0.6807867,-0.21613927
2014-12-13 17:50:00,-0.58203715,-0.35582602
2014-12-13 18:00:00,-0.59300935,-0.24495691
2014-12-13 18:10:00,-0.571065,-0.18926436
2014-12-13 18:20:00,-0.5162041,-0.18660158
2014-12-13 18:30:00,-0.3625937,-0.18407555
2014-12-13 18:40:00,-0.42842674,-0.2696015
2014-12-13 18:50:00,-0.29676068,-0.24605191
2014-12-13 19:00:00,-0.23092765,-0.2190613
2014-12-13 19:10:00,-0.2857885,-0.20707466
2014-12-13 19:20:00,-0.31870502,-0.25422266
2014-12-13 19:30:00,-0.26384416,-0.24471359
2014-12-13 19:40:00,-0.27481633,-0.3897272
2014-12-13 19:50:00,-0.24189982,-0.12207588
2014-12-13 20:00:00,-0.15412243,0.118904345
2014-12-13 20:10:00,-0.05537288,-0.1480658
2014-12-13 20:20:00,0.06532102,-0.21813543
2014-12-13 20:30:00,-0.23092765,-0.23342423
2014-12-13 20:40:00,-0.4064824,-0.07703491
2014-12-13 20:50:00,-0.5600928,-0.4740417
2014-12-13 21:00:00,-0.8014806,-0.3931347
2014-12-13 21:10:00,-0.97703534,-0.3956666
2014-12-13 21:20:00,-0.98800755,-0.39690998
2014-12-13 21:30:00,-1.0318962,-0.25396097
2014-12-13 21:40:00,-0.97703534,-0.21551894
2014-12-13 21:50:00,-0.9660632,-0.351969
2014-12-13 22:00:00,-0.955091,-0.29948735
2014-12-13 22:10:00,-0.98800755,-0.2531528
2014-12-13 22:20:00,-0.93314666,-0.30170977
2014-12-13 22:30:00,-0.8453693,-0.27552798
2014-12-13 22:40:00,-0.7246754,-0.29811198
2014-12-13 22:50:00,-0.7027311,-0.27764192
2014-12-13 23:00:00,-0.63689804,0.08151876
2014-12-13 23:10:00,-0.63689804,-0.0057728356
2014-12-13 23:20:00,-0.58203715,0.07410476
2014-12-13 23:30:00,-0.58203715,0.036918394
2014-12-13 23:40:00,-0.79050845,-0.08906783
2014-12-13 23:50:00,-0.8782858,-0.09606246
2014-12-14 00:00:00,-0.8453693,-0.16241464
2014-12-14 00:10:00,-0.9221745,-0.1468927
2014-12-14 00:20:00,-0.9221745,-0.30035716
2014-12-14 00:30:00,-0.93314666,-0.45354056
2014-12-14 00:40:00,-0.97703534,-0.38588792
2014-12-14 00:50:00,-0.97703534,-0.40030855
2014-12-14 01:00:00,-1.0209241,-0.41228247
2014-12-14 01:10:00,-1.0538406,-0.48572066
2014-12-14 01:20:00,-1.0648128,-0.49672356
2014-12-14 01:30:00,-1.0318962,-0.50221694
2014-12-14 01:40:00,-1.009952,-0.40916207
2014-12-14 01:50:00,-1.0318962,-0.4444524
2014-12-14 02:00:00,-0.97703534,-0.429112
2014-12-14 02:10:00,-0.9221745,-0.39536157
2014-12-14 02:20:00,-0.90023017,-0.41868588
2014-12-14 02:30:00,-0.8782858,-0.5524811
2014-12-14 02:40:00,-0.82342494,-0.41835245
2014-12-14 02:50:00,-0.8782858,-0.4183056
2014-12-14 03:00:00,-0.8124528,-0.552356
2014-12-14 03:10:00,-0.7685641,-0.5518178
2014-12-14 03:20:00,-0.7246754,-0.4180056
2014-12-14 03:30:00,-0.7685641,-0.44852412
2014-12-14 03:40:00,-0.5162041,-0.44654754
2014-12-14 03:50:00,-0.5600928,-0.3435229
2014-12-14 04:00:00,-0.73564756,-0.41956857
2014-12-14 04:10:00,-0.90023017,-0.5588157
2014-12-14 04:20:00,-0.91668844,-0.5219461
2014-12-14 04:30:00,-0.93314666,-0.4516326
2014-12-14 04:40:00,-0.8782858,-0.5215885
2014-12-14 04:50:00,-0.82342494,-0.48195374
2014-12-14 05:00:00,-0.88925797,-0.62841105
2014-12-14 05:10:00,-0.8563415,-0.54520416
2014-12-14 05:20:00,-0.7685641,-0.36935794
2014-12-14 05:30:00,-0.6039815,-0.5104647
2014-12-14 05:40:00,-0.34064937,-0.42697355
2014-12-14 05:50:00,-0.11023374,-0.43576038
2014-12-14 06:00:00,-0.022456361,-0.31279686
2014-12-14 06:10:00,-0.07731722,-0.34804773
2014-12-14 06:20:00,-0.39551023,-0.4541776
2014-12-14 06:30:00,-0.4393989,-0.41558495
2014-12-14 06:40:00,-0.4832876,-0.35693693
2014-12-14 06:50:00,-0.4832876,-0.3766113
2014-12-14 07:00:00,-0.35162154,-0.3408935
2014-12-14 07:10:00,-0.4832876,-0.15506917
2014-12-14 07:20:00,-0.7685641,-0.2693802
2014-12-14 07:30:00,-0.82342494,-0.30539602
2014-12-14 07:40:00,-0.9221745,-0.2735048
2014-12-14 07:50:00,-0.98800755,-0.11267826
2014-12-14 08:00:00,-0.955091,-0.2323036
2014-12-14 08:10:00,-0.88925797,-0.3071414
2014-12-14 08:20:00,-0.82342494,-0.30765146
2014-12-14 08:30:00,-0.8563415,-0.40859684
2014-12-14 08:40:00,-0.90023017,-0.5419279
2014-12-14 08:50:00,-0.88925797,-0.5492755
2014-12-14 09:00:00,-0.77953625,-0.60542494
2014-12-14 09:10:00,-0.6149537,-0.49331766
2014-12-14 09:20:00,-0.27481633,-0.4828617
2014-12-14 09:30:00,-0.4393989,-0.4999558
2014-12-14 09:40:00,-0.4393989,-0.48532784
2014-12-14 09:50:00,-0.4393989,-0.22688112
2014-12-14 10:00:00,-0.6807867,-0.13424833
2014-12-14 10:10:00,-0.7137032,0.009393365
2014-12-14 10:20:00,-0.74661976,-0.26712957
2014-12-14 10:30:00,-0.6478702,-0.24934356
2014-12-14 10:40:00,-0.5600928,-0.53190136
2014-12-14 10:50:00,-0.5600928,-0.36553398
2014-12-14 11:00:00,-0.49425977,-0.63875455
2014-12-14 11:10:00,-0.4832876,-0.53208375
2014-12-14 11:20:00,-0.41745457,-0.5181876
2014-12-14 11:30:00,-0.21995547,-0.40593973
2014-12-14 11:40:00,-0.011484189,-0.5423923
2014-12-14 11:50:00,0.043376673,-0.36397296
2014-12-14 12:00:00,-0.011484189,-0.35564616
2014-12-14 12:10:00,-0.033428535,-0.35868007
2014-12-14 12:20:00,0.087265365,-0.43291056
2014-12-14 12:30:00,-0.011484189,-0.27687857
2014-12-14 12:40:00,0.20795926,-0.308186
2014-12-14 12:50:00,-0.07731722,-0.5430423
2014-12-14 13:00:00,-0.24189982,-0.43882608
2014-12-14 13:10:00,-0.3625937,-0.38002253
2014-12-14 13:20:00,-0.34064937,-0.40753147
2014-12-14 13:30:00,-0.53814846,-0.41239715
2014-12-14 13:40:00,-0.6478702,-0.11173269
2014-12-14 13:50:00,-0.7246754,-0.10107838
2014-12-14 14:00:00,-0.8673136,-0.35899094
2014-12-14 14:10:00,-0.8014806,-0.4501205
2014-12-14 14:20:00,-0.7246754,-0.34175748
2014-12-14 14:30:00,-0.6917589,-0.43845737
2014-12-14 14:40:00,-0.53814846,-0.3590173
2014-12-14 14:50:00,-0.42842674,-0.34858552
2014-12-14 15:00:00,-0.4064824,-0.35901237
2014-12-14 15:10:00,-0.4503711,-0.48534745
2014-12-14 15:20:00,-0.3296772,-0.51713794
2014-12-14 15:30:00,-0.24189982,-0.38545728
2014-12-14 15:40:00,-0.17606677,-0.11342946
2014-12-14 15:50:00,-0.033428535,0.016397908
2014-12-14 16:00:00,0.10920971,-0.22238208
2014-12-14 16:10:00,0.06532102,-0.2811302
2014-12-14 16:20:00,-0.088289395,-0.3251495
2014-12-14 16:30:00,0.10920971,-0.5635548
2014-12-14 16:40:00,0.22990361,-0.59249896
2014-12-14 16:50:00,0.3944862,-0.75924367
2014-12-14 17:00:00,0.5480966,-0.67662007
2014-12-14 17:10:00,0.19698709,-0.7256823
2014-12-14 17:20:00,-0.09926157,-0.8046884
2014-12-14 17:30:00,-0.15412243,-0.51139694
2014-12-14 17:40:00,-0.3625937,-0.49666804
2014-12-14 17:50:00,-0.4393989,-0.5168665
2014-12-14 18:00:00,-0.5162041,-0.4963016
2014-12-14 18:10:00,-0.5162041,-0.4838696
2014-12-14 18:20:00,-0.27481633,-0.49611667
2014-12-14 18:30:00,-0.033428535,-0.5313394
2014-12-14 18:40:00,0.054348845,-0.3966852
2014-12-14 18:50:00,0.20795926,-0.46651208
2014-12-14 19:00:00,0.43837488,-0.37892586
2014-12-14 19:10:00,0.48226357,-0.38594627
2014-12-14 19:20:00,0.44934705,-0.018383496
2014-12-14 19:30:00,0.49323574,-0.15013957
2014-12-14 19:40:00,0.46031922,0.14262955
2014-12-14 19:50:00,0.44934705,0.15038514
2014-12-14 20:00:00,0.3944862,0.2358386
2014-12-14 20:10:00,0.3067088,-0.0046215793
2014-12-14 20:20:00,0.10920971,-0.1675037
2014-12-14 20:30:00,0.17504275,-0.25434142
2014-12-14 20:40:00,0.25184795,-0.22605908
2014-12-14 20:50:00,0.29573664,-0.052526657
2014-12-14 21:00:00,0.26282012,-0.12754458
2014-12-14 21:10:00,0.16407058,-0.12255739
2014-12-14 21:20:00,0.18601492,-0.32473204
2014-12-14 21:30:00,0.14212623,-0.45013565
2014-12-14 21:40:00,-0.12120591,-0.4455565
2014-12-14 21:50:00,-0.05537288,-0.34907183
2014-12-14 22:00:00,-0.24189982,-0.3202824
2014-12-14 22:10:00,0.43837488,-0.44867033
2014-12-14 22:20:00,0.58101314,-0.42111465
2014-12-14 22:30:00,0.6468462,-0.29839975
2014-12-14 22:40:00,0.87726176,-0.4065157
2014-12-14 22:50:00,1.0967052,-0.03514839
2014-12-14 23:00:00,1.403926,-0.4140227
2014-12-14 23:10:00,1.4148983,0.13491496
2014-12-14 23:20:00,1.0967052,0.082889706
2014-12-14 23:30:00,0.5042079,0.24793786
2014-12-14 23:40:00,0.36156967,0.11155351
2014-12-14 23:50:00,0.2737923,0.3090498
2014-12-15 00:00:00,-0.23092765,0.035495732
2014-12-15 00:10:00,-0.21995547,0.023534708
2014-12-15 00:20:00,-0.30773285,0.023300983
2014-12-15 00:30:00,-0.4503711,-0.06049367
2014-12-15 00:40:00,-0.4064824,-0.028835312
2014-12-15 00:50:00,-0.39551023,-0.05099696
2014-12-15 01:00:00,-0.5271763,0.20130011
2014-12-15 01:10:00,-0.3625937,0.14648627
2014-12-15 01:20:00,-0.24189982,0.042520482
2014-12-15 01:30:00,-0.12120591,0.06420586
2014-12-15 01:40:00,-0.13217808,-0.003409355
2014-12-15 01:50:00,-0.044400707,-0.16633792
2014-12-15 02:00:00,-0.0005120168,-0.052302487
2014-12-15 02:10:00,-0.07731722,0.10673756
2014-12-15 02:20:00,-0.1650946,0.06502334
2014-12-15 02:30:00,-0.13217808,0.06547095
2014-12-15 02:40:00,-0.19801112,-0.033353128
2014-12-15 02:50:00,-0.21995547,-0.06277123
2014-12-15 03:00:00,-0.4503711,0.7410482
2014-12-15 03:10:00,-0.27481633,-0.03107486
2014-12-15 03:20:00,-0.252872,0.55512303
2014-12-15 03:30:00,-0.3296772,-0.17720485
2014-12-15 03:40:00,-0.21995547,-0.04969252
2014-12-15 03:50:00,-0.2089833,0.028569005
2014-12-15 04:00:00,-0.23092765,-0.111826055
2014-12-15 04:10:00,-0.12120591,-0.10329424
2014-12-15 04:20:00,0.06532102,-0.10085984
2014-12-15 04:30:00,0.13115406,-0.17948972
2014-12-15 04:40:00,0.19698709,-0.23568498
2014-12-15 04:50:00,0.21893144,-0.28165093
2014-12-15 05:00:00,0.20795926,-0.28008664
2014-12-15 05:10:00,0.29573664,-0.30292436
2014-12-15 05:20:00,0.3067088,-0.20972311
2014-12-15 05:30:00,0.38351402,-0.3714009
2014-12-15 05:40:00,0.36156967,-0.28256458
2014-12-15 05:50:00,0.26282012,-0.3343527
2014-12-15 06:00:00,0.13115406,-0.32926327
2014-12-15 06:10:00,0.07629319,-0.3992584
2014-12-15 06:20:00,0.09823754,-0.43112144
2014-12-15 06:30:00,0.087265365,-0.38278413
2014-12-15 06:40:00,0.20795926,-0.43970963
2014-12-15 06:50:00,0.18601492,-0.44666815
2014-12-15 07:00:00,0.21893144,-0.35802534
2014-12-15 07:10:00,0.25184795,-0.053074695
2014-12-15 07:20:00,0.1530984,-0.392518
2014-12-15 07:30:00,0.09823754,-0.2957766
2014-12-15 07:40:00,-0.044400707,-0.30720726
2014-12-15 07:50:00,0.021432329,-0.20127746
2014-12-15 08:00:00,-0.05537288,-0.02919387
2014-12-15 08:10:00,-0.2089833,-0.07489627
2014-12-15 08:20:00,-0.29676068,-0.39336592
2014-12-15 08:30:00,-0.4064824,-0.4341195
2014-12-15 08:40:00,-0.6039815,-0.3564427
2014-12-15 08:50:00,-0.53814846,-0.39418915
2014-12-15 09:00:00,-0.6588424,-0.5298403
2014-12-15 09:10:00,-0.7027311,-0.6411847
2014-12-15 09:20:00,-0.7246754,-0.6351888
2014-12-15 09:30:00,-0.83439714,-0.68447304
2014-12-15 09:40:00,-0.8014806,-0.6668943
2014-12-15 09:50:00,-0.7411337,-0.7935683
2014-12-15 10:00:00,-0.6807867,-0.521432
2014-12-15 10:10:00,-0.63689804,-0.5215965
2014-12-15 10:20:00,-0.5600928,-0.54159373
2014-12-15 10:30:00,-0.4832876,-0.5416754
2014-12-15 10:40:00,-0.27481633,-0.5415482
2014-12-15 10:50:00,-0.35162154,-0.5592448
2014-12-15 11:00:00,-0.13217808,-0.35971284
2014-12-15 11:10:00,-0.54912066,-0.54129183
2014-12-15 11:20:00,-0.6807867,-0.43439803
2014-12-15 11:30:00,-0.6807867,-0.38638148
2014-12-15 11:40:00,-0.59300935,-0.33095303
2014-12-15 11:50:00,-0.7137032,-0.41888958
2014-12-15 12:00:00,-0.8782858,-0.49167717
2014-12-15 12:10:00,-0.9989797,-0.53775245
2014-12-15 12:20:00,-0.97703534,-0.6240708
2014-12-15 12:30:00,-0.9112023,-0.48771456
2014-12-15 12:40:00,-0.8563415,-0.6089584
2014-12-15 12:50:00,-0.955091,-0.64052624
2014-12-15 13:00:00,-0.9112023,-0.58898324
2014-12-15 13:10:00,-0.94411886,-0.5569337
2014-12-15 13:20:00,-0.9221745,-0.5887154
2014-12-15 13:30:00,-0.94411886,-0.44706178
2014-12-15 13:40:00,-0.97703534,-0.43710494
2014-12-15 13:50:00,-0.98800755,-0.43689746
2014-12-15 14:00:00,-0.98800755,-0.52089286
2014-12-15 14:10:00,-0.7575919,-0.4365332
2014-12-15 14:20:00,-0.6698145,-0.43647397
2014-12-15 14:30:00,-0.4832876,-0.45677996
2014-12-15 14:40:00,-0.42842674,-0.3765551
2014-12-15 14:50:00,-0.39551023,-0.43464768
2014-12-15 15:00:00,0.010460156,-0.059003137
2014-12-15 15:10:00,0.12018188,-0.2656263
2014-12-15 15:20:00,-0.19801112,-0.4263075
2014-12-15 15:30:00,-0.17606677,-0.44264174
2014-12-15 15:40:00,-0.12120591,-0.41980106
2014-12-15 15:50:00,-0.09926157,-0.3230003
2014-12-15 16:00:00,-0.2089833,-0.37999204
2014-12-15 16:10:00,0.0324045,-0.42293638
2014-12-15 16:20:00,-0.011484189,-0.42331088
2014-12-15 16:30:00,0.054348845,-0.3952794
2014-12-15 16:40:00,0.22990361,-0.3800707
2014-12-15 16:50:00,0.4274027,-0.47758722
2014-12-15 17:00:00,0.44934705,-0.47984928
2014-12-15 17:10:00,0.52615225,-0.3071555
2014-12-15 17:20:00,0.7455957,-0.29819512
2014-12-15 17:30:00,0.62490183,-0.31852397
2014-12-15 17:40:00,0.6468462,-0.35605398
2014-12-15 17:50:00,0.5590688,-0.24181403
2014-12-15 18:00:00,0.40545836,-0.29069304
2014-12-15 18:10:00,0.3067088,-0.22978911
2014-12-15 18:20:00,0.48226357,-0.26880318
2014-12-15 18:30:00,0.5151801,-0.17516068
2014-12-15 18:40:00,0.62490183,-0.22244665
2014-12-15 18:50:00,0.49323574,0.0642856
2014-12-15 19:00:00,-0.2857885,0.29285726
2014-12-15 19:10:00,-0.4393989,0.51625824
2014-12-15 19:20:00,-0.27481633,0.072250806
2014-12-15 19:30:00,-0.15412243,0.14201811
2014-12-15 19:40:00,-0.14315026,0.24300581
2014-12-15 19:50:00,-0.011484189,0.23755264
2014-12-15 20:00:00,-0.044400707,-0.25754368
2014-12-15 20:10:00,0.07629319,-0.2585139
2014-12-15 20:20:00,0.12018188,-0.38210598
2014-12-15 20:30:00,0.21893144,-0.5817127
2014-12-15 20:40:00,0.22990361,-0.6709317
2014-12-15 20:50:00,0.28476447,-0.5364828
2014-12-15 21:00:00,0.32865316,-0.58241636
2014-12-15 21:10:00,0.25184795,-0.42207038
2014-12-15 21:20:00,0.31768098,-0.20552172
2014-12-15 21:30:00,0.5042079,-0.13566923
2014-12-15 21:40:00,0.6029575,-0.08636774
2014-12-15 21:50:00,1.0199001,-0.23297668
2014-12-15 22:00:00,1.0308722,-0.21582988
2014-12-15 22:10:00,1.1296217,-0.23011126
2014-12-15 22:20:00,1.2832322,-0.13514481
2014-12-15 22:30:00,1.3051765,-0.25329962
2014-12-15 22:40:00,1.0528165,-0.07636062
2014-12-15 22:50:00,0.72365135,-0.005358896
2014-12-15 23:00:00,0.53712445,-0.15824634
2014-12-15 23:10:00,0.20795926,-0.24270144
2014-12-15 23:20:00,0.3505975,-0.018458836
2014-12-15 23:30:00,-0.42842674,-0.095268495
2014-12-15 23:40:00,-0.9989797,-0.16867867
2014-12-15 23:50:00,-0.9989797,-0.07722461
2014-12-16 00:00:00,-0.63689804,-0.025610793
2014-12-16 00:10:00,-0.62592584,0.021834664
2014-12-16 00:20:00,-0.53814846,0.008217347
2014-12-16 00:30:00,-0.79050845,-0.08002985
2014-12-16 00:40:00,-0.8124528,-0.2763315
2014-12-16 00:50:00,-0.94411886,-0.037816487
2014-12-16 01:00:00,-0.93314666,-0.11588126
2014-12-16 01:10:00,-0.98800755,-0.26712042
2014-12-16 01:20:00,-1.0318962,-0.20214434
2014-12-16 01:30:00,-0.98800755,-0.06580064
2014-12-16 01:40:00,-0.98800755,0.08075495
2014-12-16 01:50:00,-0.9112023,-0.15790084
2014-12-16 02:00:00,-0.9221745,0.024512425
2014-12-16 02:10:00,-0.8563415,-0.030351974
2014-12-16 02:20:00,-0.74661976,0.44305936
2014-12-16 02:30:00,-0.505232,0.5154367
2014-12-16 02:40:00,-0.5271763,0.7533381
2014-12-16 02:50:00,-0.4503711,-0.14341646
2014-12-16 03:00:00,-0.4503711,-0.073054396
2014-12-16 03:10:00,-0.252872,-0.2257367
2014-12-16 03:20:00,-0.18703894,-0.304011
2014-12-16 03:30:00,-0.18703894,-0.3375224
2014-12-16 03:40:00,-0.37356588,-0.40100402
2014-12-16 03:50:00,-0.4503711,-0.18181162
2014-12-16 04:00:00,-0.5600928,-0.3763099
2014-12-16 04:10:00,-0.46134326,-0.3653135
2014-12-16 04:20:00,-0.42842674,-0.43439603
2014-12-16 04:30:00,-0.4064824,-0.37162143
2014-12-16 04:40:00,-0.31870502,-0.3647733
2014-12-16 04:50:00,-0.19801112,-0.4583637
2014-12-16 05:00:00,-0.14315026,-0.43063286
2014-12-16 05:10:00,-0.022456361,-0.30610627
2014-12-16 05:20:00,0.010460156,-0.2393322
2014-12-16 05:30:00,-0.34064937,-0.41865078
2014-12-16 05:40:00,-0.41745457,-0.3312472
2014-12-16 05:50:00,-0.6039815,-0.3026757
2014-12-16 06:00:00,-0.5162041,-0.31540367
2014-12-16 06:10:00,-0.59300935,-0.3996964
2014-12-16 06:20:00,-0.47231543,-0.41771653
2014-12-16 06:30:00,-0.5162041,-0.41766235
2014-12-16 06:40:00,-0.53814846,-0.36326855
2014-12-16 06:50:00,-0.46134326,-0.31163126
2014-12-16 07:00:00,-0.27481633,-0.09351228
2014-12-16 07:10:00,-0.27481633,0.085632585
2014-12-16 07:20:00,-0.23092765,0.04412488
2014-12-16 07:30:00,-0.033428535,0.056612268
2014-12-16 07:40:00,0.054348845,-0.012061185
2014-12-16 07:50:00,0.054348845,-0.08238328
2014-12-16 08:00:00,0.07629319,-0.12861542
2014-12-16 08:10:00,0.0324045,-0.3676274
2014-12-16 08:20:00,0.021432329,-0.32021683
2014-12-16 08:30:00,-0.033428535,-0.45637485
2014-12-16 08:40:00,-0.011484189,-0.26231542
2014-12-16 08:50:00,-0.1650946,-0.17254646
2014-12-16 09:00:00,-0.252872,-0.18882525
2014-12-16 09:10:00,-0.9112023,-0.54430425
2014-12-16 09:20:00,-0.955091,-0.34135062
2014-12-16 09:30:00,-0.98800755,-0.25542176
2014-12-16 09:40:00,-0.98800755,-0.15418437
2014-12-16 09:50:00,-0.9660632,-0.3117042
2014-12-16 10:00:00,-0.955091,-0.3720599
2014-12-16 10:10:00,-0.9660632,-0.5360374
2014-12-16 10:20:00,-0.9660632,-0.43704
2014-12-16 10:30:00,-0.94411886,-0.33385974
2014-12-16 10:40:00,-0.8673136,-0.2694658
2014-12-16 10:50:00,-0.9112023,-0.24589802
2014-12-16 11:00:00,-0.8453693,-0.328484
2014-12-16 11:10:00,-0.8124528,-0.3548434
2014-12-16 11:20:00,-0.8782858,-0.37011898
2014-12-16 11:30:00,-0.83439714,-0.0033707982
2014-12-16 11:40:00,-0.8563415,0.14484335
2014-12-16 11:50:00,-0.9112023,0.18564722
2014-12-16 12:00:00,-0.9112023,-0.042576544
2014-12-16 12:10:00,-0.8782858,-0.028705291
2014-12-16 12:20:00,-0.955091,-0.11030934
2014-12-16 12:30:00,-0.90023017,-0.41678318
2014-12-16 12:40:00,-0.93314666,-0.51319253
2014-12-16 12:50:00,-0.9112023,-0.5970732
2014-12-16 13:00:00,-0.8453693,-0.6679692
2014-12-16 13:10:00,-0.8563415,-0.46274343
2014-12-16 13:20:00,-0.9221745,-0.46136063
2014-12-16 13:30:00,-0.8563415,-0.48707095
2014-12-16 13:40:00,-0.8673136,-0.49247018
2014-12-16 13:50:00,-0.8453693,-0.482004
2014-12-16 14:00:00,-0.8782858,-0.50063956
2014-12-16 14:10:00,-0.8124528,-0.45750707
2014-12-16 14:20:00,-0.7575919,-0.2887145
2014-12-16 14:30:00,-0.6149537,-0.57062244
2014-12-16 14:40:00,-0.5162041,-0.4881013
2014-12-16 14:50:00,-0.47231543,-0.48777798
2014-12-16 15:00:00,-0.4393989,-0.4053721
2014-12-16 15:10:00,-0.24189982,-0.46545643
2014-12-16 15:20:00,-0.1650946,-0.40715095
2014-12-16 15:30:00,-0.18703894,-0.34932762
2014-12-16 15:40:00,-0.12120591,-0.32375324
2014-12-16 15:50:00,-0.21995547,-0.14452584
2014-12-16 16:00:00,-0.21995547,-0.36485898
2014-12-16 16:10:00,-0.34064937,-0.37280312
2014-12-16 16:20:00,-0.46134326,-0.440534
2014-12-16 16:30:00,-0.41745457,-0.38491324
2014-12-16 16:40:00,-0.29676068,-0.3147204
2014-12-16 16:50:00,-0.252872,-0.27125677
2014-12-16 17:00:00,-0.11023374,-0.27020735
2014-12-16 17:10:00,-0.09926157,-0.28336668
2014-12-16 17:20:00,-0.044400707,-0.1875661
2014-12-16 17:30:00,-0.31870502,-0.18896303
2014-12-16 17:40:00,-0.252872,-0.20787472
2014-12-16 17:50:00,-0.26384416,-0.19286999
2014-12-16 18:00:00,-0.0005120168,-0.20958138
2014-12-16 18:10:00,-0.0005120168,-0.23163237
2014-12-16 18:20:00,-0.033428535,-0.20556688
2014-12-16 18:30:00,-0.07731722,-0.32654995
2014-12-16 18:40:00,-0.13217808,-0.33177575
2014-12-16 18:50:00,-0.19801112,-0.3560809
2014-12-16 19:00:00,-0.15412243,-0.32487237
2014-12-16 19:10:00,-0.19801112,-0.100068495
2014-12-16 19:20:00,-0.34064937,0.012966731
2014-12-16 19:30:00,-0.37356588,-0.04650728
2014-12-16 19:40:00,-0.4503711,0.00685981
2014-12-16 19:50:00,-0.41745457,0.26724395
2014-12-16 20:00:00,-0.29676068,0.16582091
2014-12-16 20:10:00,-0.21995547,-0.056494128
2014-12-16 20:20:00,-0.2857885,-0.2710006
2014-12-16 20:30:00,-0.23092765,-0.25421378
2014-12-16 20:40:00,-0.39551023,0.0017664069
2014-12-16 20:50:00,-0.42842674,-0.028644033
2014-12-16 21:00:00,-0.27481633,-0.16184726
2014-12-16 21:10:00,-0.39551023,-0.26016518
2014-12-16 21:20:00,-0.6698145,-0.5353498
2014-12-16 21:30:00,-0.7575919,-0.5932128
2014-12-16 21:40:00,-0.8014806,-0.3245832
2014-12-16 21:50:00,-0.8673136,-0.25494292
2014-12-16 22:00:00,-0.8014806,-0.32869643
2014-12-16 22:10:00,-0.73564756,-0.51261383
2014-12-16 22:20:00,-0.4393989,-0.42634252
2014-12-16 22:30:00,-0.23092765,-0.5928591
2014-12-16 22:40:00,-0.07731722,-0.6037767
2014-12-16 22:50:00,0.31768098,-0.19757944
2014-12-16 23:00:00,0.3505975,-0.15577033
2014-12-16 23:10:00,0.22990361,-0.223934
2014-12-16 23:20:00,0.16407058,-0.20529497
2014-12-16 23:30:00,0.14212623,0.042462
2014-12-16 23:40:00,0.38351402,-0.29199797
2014-12-16 23:50:00,0.16407058,-0.12631327
2014-12-17 00:00:00,0.53712445,-0.1879853
2014-12-17 00:10:00,0.09823754,-0.36505333
2014-12-17 00:20:00,-0.29676068,-0.2258833
2014-12-17 00:30:00,-0.47231543,0.06341704
2014-12-17 00:40:00,-0.5162041,-0.09316841
2014-12-17 00:50:00,-0.4503711,-0.27066916
2014-12-17 01:00:00,-0.47231543,-0.15582426
2014-12-17 01:10:00,-0.17606677,-0.2278202
2014-12-17 01:20:00,-0.09926157,-0.193445
2014-12-17 01:30:00,0.36156967,-0.21324235
2014-12-17 01:40:00,0.7894844,-0.20440274
2014-12-17 01:50:00,0.8992061,-0.16473094
2014-12-17 02:00:00,1.1076775,-0.23103413
2014-12-17 02:10:00,1.1735104,-0.2580329
2014-12-17 02:20:00,1.085733,-0.16307774
2014-12-17 02:30:00,0.8443453,0.032575868
2014-12-17 02:40:00,0.6687905,0.12148834
2014-12-17 02:50:00,0.6139296,0.2379244
2014-12-17 03:00:00,0.57004094,0.61272925
2014-12-17 03:10:00,0.32865316,0.7305103
2014-12-17 03:20:00,-0.06634505,0.6137829
2014-12-17 03:30:00,-0.2089833,0.27758753
2014-12-17 03:40:00,-0.2089833,0.42155144
2014-12-17 03:50:00,-0.24189982,0.19608164
2014-12-17 04:00:00,-0.34064937,0.17637463
2014-12-17 04:10:00,-0.4503711,-0.3342709
2014-12-17 04:20:00,-0.49425977,-0.5290028
2014-12-17 04:30:00,-0.505232,-0.41267812
2014-12-17 04:40:00,-0.46134326,-0.344841
2014-12-17 04:50:00,-0.42842674,-0.44588593
2014-12-17 05:00:00,-0.27481633,-0.31323835
2014-12-17 05:10:00,-0.24189982,-0.41360044
2014-12-17 05:20:00,-0.033428535,-0.43863294
2014-12-17 05:30:00,0.054348845,-0.3192753
2014-12-17 05:40:00,0.0324045,-0.35389644
2014-12-17 05:50:00,-0.0005120168,-0.3532995
2014-12-17 06:00:00,0.07629319,-0.0059199845
2014-12-17 06:10:00,0.09823754,0.22012848
2014-12-17 06:20:00,0.17504275,0.40242022
2014-12-17 06:30:00,0.13115406,0.23730174
2014-12-17 06:40:00,0.010460156,0.021019109
2014-12-17 06:50:00,-0.21995547,-0.3704071
2014-12-17 07:00:00,-0.252872,-0.15928349
2014-12-17 07:10:00,-0.23092765,-0.22417429
2014-12-17 07:20:00,-0.15412243,-0.06956928
2014-12-17 07:30:00,-0.30773285,-0.030355133
2014-12-17 07:40:00,-0.3296772,-0.16966322
2014-12-17 07:50:00,-0.39551023,-0.17843908
2014-12-17 08:00:00,-0.3625937,-0.38834533
2014-12-17 08:10:00,-0.4064824,-0.48917097
2014-12-17 08:20:00,-0.505232,-0.54600114
2014-12-17 08:30:00,-0.54912066,-0.39328486
2014-12-17 08:40:00,-0.8673136,-0.46281028
2014-12-17 08:50:00,-0.97703534,-0.5778617
2014-12-17 09:00:00,-0.98800755,-0.47236782
2014-12-17 09:10:00,-1.009952,-0.4845891
2014-12-17 09:20:00,-1.0209241,-0.12345562
2014-12-17 09:30:00,-0.98800755,-0.36750203
2014-12-17 09:40:00,-0.9660632,-0.36337054
2014-12-17 09:50:00,-1.009952,-0.089046314
2014-12-17 10:00:00,-1.0318962,-0.04958629
2014-12-17 10:10:00,-0.97703534,-0.03836379
2014-12-17 10:20:00,-0.9112023,-0.34364423
2014-12-17 10:30:00,-0.8563415,-0.34913987
2014-12-17 10:40:00,-0.8014806,-0.4092267
2014-12-17 10:50:00,-0.62592584,-0.52117276
2014-12-17 11:00:00,-0.7246754,-0.62829304
2014-12-17 11:10:00,-0.6698145,-0.33554363
2014-12-17 11:20:00,-0.74661976,-0.2428537
2014-12-17 11:30:00,-0.79050845,-0.3589005
2014-12-17 11:40:00,-0.79050845,-0.34107012
2014-12-17 11:50:00,-0.8563415,-0.28340322
2014-12-17 12:00:00,-0.8014806,-0.50260013
2014-12-17 12:10:00,-0.8563415,-0.482179
2014-12-17 12:20:00,-0.8563415,-0.5526434
2014-12-17 12:30:00,-0.82342494,-0.40934235
2014-12-17 12:40:00,-0.8673136,-0.44262677
2014-12-17 12:50:00,-0.8563415,-0.49697682
2014-12-17 13:00:00,-0.90023017,-0.55620587
2014-12-17 13:10:00,-0.90023017,-0.5690356
2014-12-17 13:20:00,-0.8563415,-0.5927212
2014-12-17 13:30:00,-0.8782858,-0.6132493
2014-12-17 13:40:00,-0.82342494,-0.6296329
2014-12-17 13:50:00,-0.8563415,-0.58150196
2014-12-17 14:00:00,-0.82342494,-0.6384844
2014-12-17 14:10:00,-0.73564756,-0.62875533
2014-12-17 14:20:00,-0.54912066,-0.66736025
2014-12-17 14:30:00,-0.42842674,-0.57137734
2014-12-17 14:40:00,-0.2857885,-0.5713118
2014-12-17 14:50:00,-0.23092765,-0.5213453
2014-12-17 15:00:00,-0.252872,-0.38778263
2014-12-17 15:10:00,-0.09926157,-0.30602643
2014-12-17 15:20:00,-0.06634505,-0.43694153
2014-12-17 15:30:00,0.07629319,-0.3053529
2014-12-17 15:40:00,0.1530984,-0.30479023
2014-12-17 15:50:00,0.043376673,-0.19817463
2014-12-17 16:00:00,-0.07731722,-0.22153878
2014-12-17 16:10:00,-0.1650946,-0.26963544
2014-12-17 16:20:00,-0.27481633,-0.37819144
2014-12-17 16:30:00,-0.27481633,-0.16336049
2014-12-17 16:40:00,-0.37356588,-0.32349658
2014-12-17 16:50:00,-0.37356588,-0.4227296
2014-12-17 17:00:00,-0.19801112,-0.42844427
2014-12-17 17:10:00,0.043376673,-0.35754925
2014-12-17 17:20:00,0.19698709,-0.461608
2014-12-17 17:30:00,0.43837488,-0.51241183
2014-12-17 17:40:00,0.635874,-0.43811437
2014-12-17 17:50:00,0.8662896,-0.399867
2014-12-17 18:00:00,0.8992061,-0.464705
2014-12-17 18:10:00,0.97601134,-0.47650224
2014-12-17 18:20:00,1.3161486,-0.54630196
2014-12-17 18:30:00,1.590453,-0.4823467
2014-12-17 18:40:00,1.7001747,-0.16657892
2014-12-17 18:50:00,2.0183678,-0.11111686
2014-12-17 19:00:00,2.479199,-0.015400446
2014-12-17 19:10:00,2.2048948,0.28496164
2014-12-17 19:20:00,2.0732286,0.29044116
2014-12-17 19:30:00,1.8537852,0.11874119
2014-12-17 19:40:00,1.6343417,0.23190615
2014-12-17 19:50:00,1.4478147,0.1632379
2014-12-17 20:00:00,1.338093,-0.1977237
2014-12-17 20:10:00,1.2832322,-0.35585213
2014-12-17 20:20:00,1.2612878,-0.33997405
2014-12-17 20:30:00,1.5685086,-0.27707684
2014-12-17 20:40:00,1.3600373,-0.5779546
2014-12-17 20:50:00,1.4917034,-0.58641624
2014-12-17 21:00:00,1.711147,-0.21402304
2014-12-17 21:10:00,1.8867017,-0.5911307
2014-12-17 21:20:00,1.8208686,-0.59898615
2014-12-17 21:30:00,1.9744791,-0.4751383
2014-12-17 21:40:00,2.4133658,-0.38025823
2014-12-17 21:50:00,2.8961415,-0.20548037
2014-12-17 22:00:00,3.1046128,-0.049475882
2014-12-17 22:10:00,3.3130841,0.016653415
2014-12-17 22:20:00,3.247251,0.058458306
2014-12-17 22:30:00,3.4996111,0.42165658
2014-12-17 22:40:00,3.6422493,0.29062578
2014-12-17 22:50:00,3.6422493,0.4214632
2014-12-17 23:00:00,3.3569727,0.42132592
2014-12-17 23:10:00,3.1594737,0.3527789
2014-12-17 23:20:00,2.9400303,0.3526575
2014-12-17 23:30:00,2.797392,0.42118365
2014-12-17 23:40:00,2.731559,0.43481094
2014-12-17 23:50:00,2.7754476,0.45765933
2014-12-18 00:00:00,2.6876702,0.26348224
2014-12-18 00:10:00,2.6437817,0.17325781
2014-12-18 00:20:00,2.5998929,0.39773396
2014-12-18 00:30:00,2.6547537,0.5288457
2014-12-18 00:40:00,2.6547537,0.40365604
2014-12-18 00:50:00,2.5669763,0.40602392
2014-12-18 01:00:00,2.5998929,0.31597623
2014-12-18 01:10:00,2.665726,0.1702522
2014-12-18 01:20:00,2.742531,0.20429577
2014-12-18 01:30:00,2.8961415,0.32608178
2014-12-18 01:40:00,2.9948912,0.2565706
2014-12-18 01:50:00,3.126557,0.32672676
2014-12-18 02:00:00,3.2691953,0.25687236
2014-12-18 02:10:00,3.6203048,0.089412555
2014-12-18 02:20:00,3.751971,0.12785213
2014-12-18 02:30:00,3.7629433,0.419873
2014-12-18 02:40:00,3.7080822,0.14219436
2014-12-18 02:50:00,3.5105832,0.3170105
2014-12-18 03:00:00,3.883637,0.41934988
2014-12-18 03:10:00,3.6203048,0.16956893
2014-12-18 03:20:00,3.247251,0.20387673
2014-12-18 03:30:00,3.1375294,0.19401294
2014-12-18 03:40:00,3.0168355,0.20231338
2014-12-18 03:50:00,2.676698,0.2975241
2014-12-18 04:00:00,2.7205868,0.24033746
2014-12-18 04:10:00,2.610865,0.087007515
2014-12-18 04:20:00,2.4023938,0.26504296
2014-12-18 04:30:00,2.4572546,0.37572515
2014-12-18 04:40:00,2.4462824,0.16729519
2014-12-18 04:50:00,2.5340598,0.2030296
2014-12-18 05:00:00,2.545032,0.2544354
2014-12-18 05:10:00,2.5011432,0.087065294
2014-12-18 05:20:00,2.3036442,0.32467377
2014-12-18 05:30:00,2.1719782,0.3247859
2014-12-18 05:40:00,1.8318408,0.09348988
2014-12-18 05:50:00,1.7660078,0.34958455
2014-12-18 06:00:00,1.5685086,0.48660922
2014-12-18 06:10:00,1.7879521,0.31042767
2014-12-18 06:20:00,2.2158668,0.48819137
2014-12-18 06:30:00,2.5340598,0.31083608
2014-12-18 06:40:00,2.5230877,0.37827098
2014-12-18 06:50:00,2.2817,0.48784631
2014-12-18 07:00:00,2.4353104,0.48430544
2014-12-18 07:10:00,2.5011432,0.353229
2014-12-18 07:20:00,2.226839,0.24713027
2014-12-18 07:30:00,2.0842009,0.41825086
2014-12-18 07:40:00,2.3804495,0.4680997
2014-12-18 07:50:00,2.347533,0.28898332
2014-12-18 08:00:00,1.8537852,0.31363553
2014-12-18 08:10:00,1.1405939,0.21556503
2014-12-18 08:20:00,1.2832322,0.31460148
2014-12-18 08:30:00,1.1186496,0.37558037
2014-12-18 08:40:00,1.0528165,0.4498325
2014-12-18 08:50:00,1.4258704,0.22697811
2014-12-18 09:00:00,1.711147,0.14409919
2014-12-18 09:10:00,1.6014252,0.47759688
2014-12-18 09:20:00,1.5685086,0.34929368
2014-12-18 09:30:00,1.5026757,0.37746766
2014-12-18 09:40:00,1.458787,0.3611059
2014-12-18 09:50:00,1.5246199,0.4154705
2014-12-18 10:00:00,1.6782304,0.35130763
2014-12-18 10:10:00,0.087265365,0.3191151
2014-12-18 10:20:00,-0.8673136,0.3302524
2014-12-18 10:30:00,-0.90023017,0.416288
2014-12-18 10:40:00,-1.0428684,0.37873846
2014-12-18 10:50:00,-1.0318962,0.41709253
2014-12-18 11:00:00,-1.0209241,0.48808706
2014-12-18 11:10:00,-1.009952,0.45570207
2014-12-18 11:20:00,-1.0428684,0.48887813
2014-12-18 11:30:00,-1.0209241,0.43476367
2014-12-18 11:40:00,-0.9989797,0.38517582
2014-12-18 11:50:00,-0.9989797,0.51394355
2014-12-18 12:00:00,-0.9989797,0.45691842
2014-12-18 12:10:00,-1.009952,0.48786044
2014-12-18 12:20:00,-1.0209241,0.3740768
2014-12-18 12:30:00,-1.0538406,0.37677276
2014-12-18 12:40:00,-1.0648128,0.37733814
2014-12-18 12:50:00,-1.0538406,0.34998006
2014-12-18 13:00:00,-1.0318962,0.31645063
2014-12-18 13:10:00,-1.0648128,0.35439023
2014-12-18 13:20:00,-1.0428684,0.41863254
2014-12-18 13:30:00,-1.0318962,0.41889176
2014-12-18 13:40:00,-1.0318962,0.27948987
2014-12-18 13:50:00,-1.0538406,0.275392
2014-12-18 14:00:00,-1.0209241,0.30930015
2014-12-18 14:10:00,-1.0318962,0.22351173
2014-12-18 14:20:00,-1.0209241,-0.59694344
2014-12-18 14:30:00,-0.955091,-0.60140556
2014-12-18 14:40:00,-1.009952,-0.60770696
2014-12-18 14:50:00,-0.98800755,-0.62848204
2014-12-18 15:00:00,-0.98800755,-0.6601814
2014-12-18 15:10:00,-1.0209241,-0.72371626
2014-12-18 15:20:00,-1.0428684,-0.78238356
2014-12-18 15:30:00,-1.0648128,-0.7257363
2014-12-18 15:40:00,-1.0648128,-0.6554313
2014-12-18 15:50:00,-1.0209241,-0.5282024
2014-12-18 16:00:00,-0.9989797,-0.6087969
2014-12-18 16:10:00,-1.0209241,-0.7188615
2014-12-18 16:20:00,-1.0428684,-0.5979565
2014-12-18 16:30:00,-1.0428684,-0.5433988
2014-12-18 16:40:00,-1.0209241,-0.5984147
2014-12-18 16:50:00,-0.9989797,-0.5979025
2014-12-18 17:00:00,-1.009952,-0.5312077
2014-12-18 17:10:00,-0.9989797,-0.4537847
2014-12-18 17:20:00,-0.9989797,-0.45370966
2014-12-18 17:30:00,-1.009952,-0.4360474
2014-12-18 17:40:00,-0.98800755,-0.4251906
2014-12-18 17:50:00,-0.98800755,-0.38302565
2014-12-18 18:00:00,-1.009952,-0.36928618
2014-12-18 18:10:00,-0.955091,-0.39648706
2014-12-18 18:20:00,-0.83439714,-0.51622933
2014-12-18 18:30:00,-0.7137032,-0.40926847
2014-12-18 18:40:00,-0.7137032,-0.41641414
2014-12-18 18:50:00,-0.53814846,-0.47959656
2014-12-18 19:00:00,-0.4503711,-0.49289888
2014-12-18 19:10:00,-0.42842674,-0.42668492
2014-12-18 19:20:00,-0.58203715,-0.43808952
2014-12-18 19:30:00,-0.63689804,-0.5562207
2014-12-18 19:40:00,-0.6039815,-0.46402293
2014-12-18 19:50:00,-0.58203715,-0.39251205
2014-12-18 20:00:00,-0.73564756,-0.35452303
2014-12-18 20:10:00,-0.8782858,-0.35906023
2014-12-18 20:20:00,-0.82342494,-0.24644071
2014-12-18 20:30:00,-0.8563415,-0.26110786
2014-12-18 20:40:00,-0.9112023,-0.32032403
2014-12-18 20:50:00,-0.8124528,-0.29679155
2014-12-18 21:00:00,-0.79050845,-0.3015681
2014-12-18 21:10:00,-0.7575919,-0.34566042
2014-12-18 21:20:00,-0.59300935,-0.37032562
2014-12-18 21:30:00,-0.5600928,-0.2133686
2014-12-18 21:40:00,-0.6917589,-0.17225164
2014-12-18 21:50:00,-0.7575919,-0.25681293
2014-12-18 22:00:00,-0.7575919,-0.18761897
2014-12-18 22:10:00,-0.505232,-0.1535319
2014-12-18 22:20:00,-0.3625937,-0.28036046
2014-12-18 22:30:00,-0.27481633,-0.21558523
2014-12-18 22:40:00,-0.13217808,-0.11644135
2014-12-18 22:50:00,0.1530984,-0.14365476
2014-12-18 23:00:00,0.3067088,-0.16085653
2014-12-18 23:10:00,0.44934705,0.09441426
2014-12-18 23:20:00,0.53712445,-0.29016352
2014-12-18 23:30:00,0.53712445,-0.1946682
2014-12-18 23:40:00,0.2737923,-0.13730162
2014-12-18 23:50:00,-0.088289395,-0.15427692
2014-12-19 00:00:00,0.10920971,-0.1975536
2014-12-19 00:10:00,-0.12120591,-0.13341044
2014-12-19 00:20:00,-0.17606677,-0.26864836
2014-12-19 00:30:00,-0.05537288,-0.444158
2014-12-19 00:40:00,-0.41745457,-0.26211658
2014-12-19 00:50:00,-0.8453693,-0.065518945
2014-12-19 01:00:00,-0.97703534,-0.24900877
2014-12-19 01:10:00,-0.955091,-0.18405162
2014-12-19 01:20:00,-0.9989797,-0.32710496
2014-12-19 01:30:00,-0.9660632,-0.2882728
2014-12-19 01:40:00,-0.9989797,-0.2865638
2014-12-19 01:50:00,-1.009952,-0.29370785
2014-12-19 02:00:00,-0.9989797,-0.19827923
2014-12-19 02:10:00,-1.009952,-0.21889606
2014-12-19 02:20:00,-1.0209241,-0.2562146
2014-12-19 02:30:00,-0.9221745,0.050386928
2014-12-19 02:40:00,-0.8782858,0.0028228099
2014-12-19 02:50:00,-0.9112023,0.34717506
2014-12-19 03:00:00,-0.8782858,0.44615984
2014-12-19 03:10:00,-0.6588424,0.66564685
2014-12-19 03:20:00,-0.8014806,0.9409093
2014-12-19 03:30:00,-0.8014806,1.0247636
2014-12-19 03:40:00,-0.77953625,0.79716235
2014-12-19 03:50:00,-0.7575919,0.32853702
2014-12-19 04:00:00,-0.6917589,0.083028495
2014-12-19 04:10:00,-0.7027311,-0.26593074
2014-12-19 04:20:00,-0.62592584,-0.24457374
2014-12-19 04:30:00,-0.6149537,0.26411438
2014-12-19 04:40:00,-0.6149537,-0.28954315
2014-12-19 04:50:00,-0.82342494,-0.1327983
2014-12-19 05:00:00,-0.9112023,-0.05076006
2014-12-19 05:10:00,-0.9112023,-0.28048804
2014-12-19 05:20:00,-0.8014806,-0.33077937
2014-12-19 05:30:00,-0.77953625,-0.29886317
2014-12-19 05:40:00,-0.77953625,-0.35779113
2014-12-19 05:50:00,-0.7027311,-0.37165862
2014-12-19 06:00:00,-0.4503711,-0.36998528
2014-12-19 06:10:00,-0.4503711,-0.4091837
2014-12-19 06:20:00,-0.47231543,-0.41785774
2014-12-19 06:30:00,-0.49425977,-0.4521605
2014-12-19 06:40:00,-0.4393989,-0.4772524
2014-12-19 06:50:00,-0.3296772,-0.4905061
2014-12-19 07:00:00,-0.21995547,-0.3092526
2014-12-19 07:10:00,-0.1650946,-0.25072923
2014-12-19 07:20:00,-0.13217808,-0.2933956
2014-12-19 07:30:00,-0.09926157,-0.15906541
2014-12-19 07:40:00,-0.022456361,-0.19590604
2014-12-19 07:50:00,0.0324045,-0.09337764
2014-12-19 08:00:00,0.010460156,-0.14501128
2014-12-19 08:10:00,-0.022456361,-0.094446816
2014-12-19 08:20:00,-0.011484189,-0.15678668
2014-12-19 08:30:00,-0.05537288,0.02588214
2014-12-19 08:40:00,-0.26384416,-0.0777354
2014-12-19 08:50:00,-0.21995547,-0.0691556
2014-12-19 09:00:00,-0.14315026,-0.0643831
2014-12-19 09:10:00,-0.14315026,-0.1406907
2014-12-19 09:20:00,-0.19801112,-0.18258432
2014-12-19 09:30:00,0.054348845,-0.19340655
2014-12-19 09:40:00,0.17504275,-0.26617265
2014-12-19 09:50:00,0.0324045,-0.2863284
2014-12-19 10:00:00,0.09823754,-0.34146672
2014-12-19 10:10:00,0.19698709,-0.36227143
2014-12-19 10:20:00,0.29573664,-0.45476016
2014-12-19 10:30:00,0.48226357,-0.39037055
2014-12-19 10:40:00,0.97601134,-0.17354292
2014-12-19 10:50:00,0.98698354,-0.064953916
2014-12-19 11:00:00,1.3710096,0.06659653
2014-12-19 11:10:00,1.2173991,-0.009532905
2014-12-19 11:20:00,1.0637888,-0.13431227
2014-12-19 11:30:00,1.0967052,0.018616825
2014-12-19 11:40:00,1.0637888,-0.027774952
2014-12-19 11:50:00,1.0199001,-0.03602133
2014-12-19 12:00:00,0.87726176,-0.1421712
2014-12-19 12:10:00,0.18601492,-0.35630852
2014-12-19 12:20:00,0.10920971,-0.20135152
2014-12-19 12:30:00,0.12018188,-0.48002085
2014-12-19 12:40:00,-0.06634505,-0.5989103
2014-12-19 12:50:00,0.13115406,-0.57732177
2014-12-19 13:00:00,0.10920971,-0.5030919
2014-12-19 13:10:00,0.6029575,-0.6036137
2014-12-19 13:20:00,0.94309485,-0.37888786
2014-12-19 13:30:00,1.0308722,-0.5617023
2014-12-19 13:40:00,1.206427,-0.55584925
2014-12-19 13:50:00,1.2612878,-0.3647122
2014-12-19 14:00:00,1.4258704,-0.5093755
2014-12-19 14:10:00,1.5246199,-0.40149796
2014-12-19 14:20:00,1.8867017,-0.32491162
2014-12-19 14:30:00,2.1500337,-0.26476437
2014-12-19 14:40:00,2.358505,0.046896935
2014-12-19 14:50:00,2.8193364,-0.08138377
2014-12-19 15:00:00,3.0936406,-0.03101141
2014-12-19 15:10:00,3.3569727,0.6689748
2014-12-19 15:20:00,3.3460007,0.7523164
2014-12-19 15:30:00,3.170446,0.67094904
2014-12-19 15:40:00,3.2582233,0.71750575
2014-12-19 15:50:00,3.433778,0.8988342
2014-12-19 16:00:00,2.9948912,-0.07858324
2014-12-19 16:10:00,2.8741972,-0.057923228
2014-12-19 16:20:00,2.8083642,-0.08966899
2014-12-19 16:30:00,2.676698,0.05957584
2014-12-19 16:40:00,2.7644753,-0.2932294
2014-12-19 16:50:00,2.8193364,-0.39627513
2014-12-19 17:00:00,2.7754476,-0.22424756
2014-12-19 17:10:00,2.1061451,-0.1778732
2014-12-19 17:20:00,1.2393435,-0.17592716
2014-12-19 17:30:00,1.206427,-0.08436843
2014-12-19 17:40:00,0.9101783,-0.0368568
2014-12-19 17:50:00,0.6687905,-0.19677864
2014-12-19 18:00:00,0.58101314,0.37970793
2014-12-19 18:10:00,0.7565679,0.43056458
2014-12-19 18:20:00,1.0528165,0.32788026
2014-12-19 18:30:00,1.0967052,0.606397
2014-12-19 18:40:00,1.0637888,0.5300234
2014-12-19 18:50:00,0.8553174,0.4977581
2014-12-19 19:00:00,0.6687905,0.6589053
2014-12-19 19:10:00,0.6687905,0.6574128
2014-12-19 19:20:00,0.72365135,0.6624034
2014-12-19 19:30:00,0.77851224,0.32214358
2014-12-19 19:40:00,0.8443453,0.47566426
2014-12-19 19:50:00,0.8443453,0.68191016
2014-12-19 20:00:00,0.97601134,0.35700044
2014-12-19 20:10:00,0.954067,0.59428763
2014-12-19 20:20:00,1.0089278,0.75007504
2014-12-19 20:30:00,1.1296217,0.7464407
2014-12-19 20:40:00,1.4697591,0.5204274
2014-12-19 20:50:00,1.7660078,0.6936284
2014-12-19 21:00:00,1.8098965,0.63413256
2014-12-19 21:10:00,1.842813,0.48450634
2014-12-19 21:20:00,2.0293398,0.6928387
2014-12-19 21:30:00,1.7989243,0.6316336
2014-12-19 21:40:00,1.6782304,0.63246566
2014-12-19 21:50:00,1.6014252,0.65108943
2014-12-19 22:00:00,1.5246199,0.3603931
2014-12-19 22:10:00,1.711147,0.70506865
2014-12-19 22:20:00,1.6782304,0.8785118
2014-12-19 22:30:00,1.7769799,0.7850818
2014-12-19 22:40:00,1.5246199,0.7509231
2014-12-19 22:50:00,0.4712914,-0.057897888
2014-12-19 23:00:00,-0.31870502,0.10387491
2014-12-19 23:10:00,-0.42842674,0.018481731
2014-12-19 23:20:00,-0.7246754,0.043787953
2014-12-19 23:30:00,-0.7027311,0.04517533
2014-12-19 23:40:00,-0.73564756,-0.05263477
2014-12-19 23:50:00,-0.7575919,-0.02198831
2014-12-20 00:00:00,-0.83439714,0.77517724
2014-12-20 00:10:00,-0.7575919,0.3049864
2014-12-20 00:20:00,-0.6807867,0.6717473
2014-12-20 00:30:00,-0.6807867,0.15051427
2014-12-20 00:40:00,-0.6807867,0.72155905
2014-12-20 00:50:00,-0.6807867,0.4721439
2014-12-20 01:00:00,-0.7027311,0.42786855
2014-12-20 01:10:00,-0.6807867,0.5681227
2014-12-20 01:20:00,-0.6917589,0.4507138
2014-12-20 01:30:00,-0.7027311,0.28774464
2014-12-20 01:40:00,-0.7137032,0.52147967
2014-12-20 01:50:00,-0.73564756,0.37877
2014-12-20 02:00:00,-0.6478702,0.37594575
2014-12-20 02:10:00,-0.6807867,0.41990292
2014-12-20 02:20:00,-0.53814846,0.35118797
2014-12-20 02:30:00,-0.3625937,0.31715256
2014-12-20 02:40:00,-0.17606677,0.3266872
2014-12-20 02:50:00,-0.09926157,0.419236
2014-12-20 03:00:00,-0.033428535,-0.30888122
2014-12-20 03:10:00,-0.4393989,-0.32631478
2014-12-20 03:20:00,-0.54912066,-0.39736897
2014-12-20 03:30:00,-0.58203715,-0.41147375
2014-12-20 03:40:00,-0.5271763,-0.539354
2014-12-20 03:50:00,-0.29676068,-0.32053578
2014-12-20 04:00:00,0.12018188,-0.4111979
2014-12-20 04:10:00,0.043376673,-0.42434582
2014-12-20 04:20:00,-0.11023374,-0.38343173
2014-12-20 04:30:00,-0.17606677,-0.17099069
2014-12-20 04:40:00,-0.23092765,-0.250752
2014-12-20 04:50:00,-0.18703894,-0.3036896
2014-12-20 05:00:00,-0.088289395,-0.3139884
2014-12-20 05:10:00,0.043376673,-0.34595078
2014-12-20 05:20:00,-0.0005120168,-0.34633398
2014-12-20 05:30:00,0.010460156,-0.19472602
2014-12-20 05:40:00,-0.15412243,-0.15802132
2014-12-20 05:50:00,-0.1650946,-0.34566385
2014-12-20 06:00:00,-0.18703894,-0.2567804
2014-12-20 06:10:00,-0.033428535,-0.16268903
2014-12-20 06:20:00,0.18601492,-0.18672821
2014-12-20 06:30:00,0.26282012,-0.1456057
2014-12-20 06:40:00,0.29573664,0.21274363
2014-12-20 06:50:00,0.3505975,0.15289542
2014-12-20 07:00:00,0.32865316,0.064085156
2014-12-20 07:10:00,0.28476447,0.14462164
2014-12-20 07:20:00,0.20795926,-0.10911662
2014-12-20 07:30:00,0.087265365,-0.15000933
2014-12-20 07:40:00,0.087265365,-0.2771155
2014-12-20 07:50:00,0.021432329,-0.06444899
2014-12-20 08:00:00,0.10920971,0.08490281
2014-12-20 08:10:00,0.14212623,-0.09205311
2014-12-20 08:20:00,0.087265365,-0.0771706
2014-12-20 08:30:00,0.17504275,0.081847034
2014-12-20 08:40:00,0.32865316,-0.27659997
2014-12-20 08:50:00,0.37254184,-0.16966514
2014-12-20 09:00:00,0.3944862,-0.29811597
2014-12-20 09:10:00,0.49323574,-0.32165498
2014-12-20 09:20:00,0.53712445,-0.3966303
2014-12-20 09:30:00,0.36156967,-0.435183
2014-12-20 09:40:00,0.4712914,-0.57003844
2014-12-20 09:50:00,0.53712445,-0.6121069
2014-12-20 10:00:00,0.701707,-0.32113564
2014-12-20 10:10:00,0.76754004,-0.7086135
2014-12-20 10:20:00,0.8114287,-0.6915994
2014-12-20 10:30:00,0.9979557,-0.48822752
2014-12-20 10:40:00,1.0528165,-0.48343256
2014-12-20 10:50:00,1.0418444,-0.50041753
2014-12-20 11:00:00,1.2503157,-0.34673923
2014-12-20 11:10:00,1.3929539,-0.56579167
2014-12-20 11:20:00,1.2832322,-0.5809109
2014-12-20 11:30:00,1.0418444,-0.39580852
2014-12-20 11:40:00,0.9101783,-0.4058563
2014-12-20 11:50:00,0.8662896,-0.26160023
2014-12-20 12:00:00,0.9979557,-0.2559804
2014-12-20 12:10:00,0.8553174,-0.11313079
2014-12-20 12:20:00,0.9101783,-0.120108
2014-12-20 12:30:00,0.93212265,-0.28314453
2014-12-20 12:40:00,1.0089278,-0.35497698
2014-12-20 12:50:00,1.085733,-0.40232262
2014-12-20 13:00:00,1.4368426,-0.2709777
2014-12-20 13:10:00,1.6782304,-0.24211887
2014-12-20 13:20:00,1.9854512,0.052813567
2014-12-20 13:30:00,2.1280894,0.021744113
2014-12-20 13:40:00,2.3804495,0.072052546
2014-12-20 13:50:00,2.3914216,-0.050274715
2014-12-20 14:00:00,2.4462824,-0.15623793
2014-12-20 14:10:00,2.6218371,-0.010666295
2014-12-20 14:20:00,2.6437817,-0.101887286
2014-12-20 14:30:00,2.6986425,-0.00980237
2014-12-20 14:40:00,2.8083642,0.06850616
2014-12-20 14:50:00,3.1046128,0.7842714
2014-12-20 15:00:00,2.8851693,0.7472498
2014-12-20 15:10:00,3.0826685,0.7247168
2014-12-20 15:20:00,2.7644753,0.93593925
2014-12-20 15:30:00,2.4023938,0.81227237
2014-12-20 15:40:00,2.3036442,0.8675516
2014-12-20 15:50:00,2.5340598,0.9080258
2014-12-20 16:00:00,2.545032,0.8586705
2014-12-20 16:10:00,2.358505,0.7780095
2014-12-20 16:20:00,2.3255885,0.7156131
2014-12-20 16:30:00,2.3036442,0.6138494
2014-12-20 16:40:00,2.4572546,0.7187132
2014-12-20 16:50:00,2.5230877,0.6606955
2014-12-20 17:00:00,2.4572546,0.8394803
2014-12-20 17:10:00,2.5340598,0.9305492
2014-12-20 17:20:00,2.6986425,0.81101084
2014-12-20 17:30:00,2.7644753,0.79965085
2014-12-20 17:40:00,3.0278077,0.79276186
2014-12-20 17:50:00,3.3130841,0.78837603
2014-12-20 18:00:00,3.5434997,0.7822011
2014-12-20 18:10:00,3.7300267,0.5380865
2014-12-20 18:20:00,3.8287761,0.653579
2014-12-20 18:30:00,4.081136,0.59278846
2014-12-20 18:40:00,3.872665,0.65599185
2014-12-20 18:50:00,3.433778,0.51406103
2014-12-20 19:00:00,3.247251,0.75175154
2014-12-20 19:10:00,3.2362788,0.80432904
2014-12-20 19:20:00,3.060724,0.9338397
2014-12-20 19:30:00,2.6437817,0.83595526
2014-12-20 19:40:00,2.3255885,0.7941178
2014-12-20 19:50:00,1.7221191,1.0590127
2014-12-20 20:00:00,0.9101783,0.9282971
2014-12-20 20:10:00,-0.6698145,0.9039613
2014-12-20 20:20:00,-0.9221745,0.6652054
2014-12-20 20:30:00,-0.94411886,0.8170278
2014-12-20 20:40:00,-0.9221745,0.70195585
2014-12-20 20:50:00,-0.98800755,0.67343795
2014-12-20 21:00:00,-0.98800755,0.70359224
2014-12-20 21:10:00,-0.9989797,0.8105706
2014-12-20 21:20:00,-1.0209241,0.67398334
2014-12-20 21:30:00,-0.9989797,0.7888491
2014-12-20 21:40:00,-0.9989797,0.7772007
2014-12-20 21:50:00,-0.98800755,0.76781285
2014-12-20 22:00:00,-1.009952,0.67395097
2014-12-20 22:10:00,-0.9989797,0.6528382
2014-12-20 22:20:00,-0.9112023,0.6952996
2014-12-20 22:30:00,-0.93314666,0.75115603
2014-12-20 22:40:00,-0.93314666,0.75144196
2014-12-20 22:50:00,-0.9660632,0.7512224
2014-12-20 23:00:00,-0.9989797,0.6966192
2014-12-20 23:10:00,-0.98800755,0.59662515
2014-12-20 23:20:00,-0.9989797,0.59819674
2014-12-20 23:30:00,-0.9660632,0.64004433
2014-12-20 23:40:00,-0.9989797,0.62822956
2014-12-20 23:50:00,-0.955091,0.6285755
2014-12-21 00:00:00,-0.94411886,0.42977327
2014-12-21 00:10:00,-0.9660632,-0.11152497
2014-12-21 00:20:00,-0.83439714,-0.42156178
2014-12-21 00:30:00,-0.8453693,-0.31276572
2014-12-21 00:40:00,-0.7575919,-0.40702033
2014-12-21 00:50:00,-0.47231543,-0.4727788
2014-12-21 01:00:00,-0.62592584,-0.52311623
2014-12-21 01:10:00,-0.7137032,-0.5519161
2014-12-21 01:20:00,-0.7575919,-0.57923716
2014-12-21 01:30:00,-0.7685641,-0.45611548
2014-12-21 01:40:00,-0.82342494,-0.5515359
2014-12-21 01:50:00,-0.73564756,-0.5695709
2014-12-21 02:00:00,-0.6698145,-0.58004874
2014-12-21 02:10:00,-0.6588424,-0.59005904
2014-12-21 02:20:00,-0.4393989,-0.5880514
2014-12-21 02:30:00,-0.35162154,-0.58761895
2014-12-21 02:40:00,-0.47231543,-0.58730537
2014-12-21 02:50:00,-0.53814846,-0.5352313
2014-12-21 03:00:00,-0.8124528,-0.5386717
2014-12-21 03:10:00,-0.54912066,-0.4519295
2014-12-21 03:20:00,-0.63689804,-0.34799293
2014-12-21 03:30:00,-0.62592584,-0.34001595
2014-12-21 03:40:00,-0.2857885,-0.33930638
2014-12-21 03:50:00,-0.14315026,-0.23340484
2014-12-21 04:00:00,-0.24189982,-0.14911675
2014-12-21 04:10:00,-0.252872,-0.06522177
2014-12-21 04:20:00,-0.09926157,-0.060567945
2014-12-21 04:30:00,-0.011484189,0.013537713
2014-12-21 04:40:00,-0.088289395,-0.077158354
2014-12-21 04:50:00,-0.18703894,-0.16466004
2014-12-21 05:00:00,-0.06634505,-0.18335861
2014-12-21 05:10:00,-0.11023374,-0.20480956
2014-12-21 05:20:00,-0.35162154,-0.21866295
2014-12-21 05:30:00,-0.4393989,-0.18228163
2014-12-21 05:40:00,-0.5162041,-0.19627851
2014-12-21 05:50:00,-0.53814846,-0.20238413
2014-12-21 06:00:00,-0.5271763,-0.2161692
2014-12-21 06:10:00,-0.53814846,-0.21646121
2014-12-21 06:20:00,-0.58203715,0.027229272
2014-12-21 06:30:00,-0.58203715,-0.38149792
2014-12-21 06:40:00,-0.4503711,-0.306196
2014-12-21 06:50:00,-0.4503711,-0.2295914
2014-12-21 07:00:00,-0.2857885,-0.3753906
2014-12-21 07:10:00,-0.07731722,-0.18214792
2014-12-21 07:20:00,0.010460156,-0.20794079
2014-12-21 07:30:00,0.12018188,-0.41102082
2014-12-21 07:40:00,0.4274027,-0.3072001
2014-12-21 07:50:00,0.31768098,0.17687897
2014-12-21 08:00:00,0.29573664,0.031854294
2014-12-21 08:10:00,0.1530984,-0.12479374
2014-12-21 08:20:00,-0.022456361,-0.2723956
2014-12-21 08:30:00,0.021432329,-0.2838048
2014-12-21 08:40:00,0.06532102,-0.07283837
2014-12-21 08:50:00,0.12018188,0.037493963
2014-12-21 09:00:00,0.06532102,-0.04263237
2014-12-21 09:10:00,0.054348845,-0.2753939
2014-12-21 09:20:00,0.087265365,-0.32804403
2014-12-21 09:30:00,0.07629319,-0.3194185
2014-12-21 09:40:00,0.14212623,-0.39431426
2014-12-21 09:50:00,0.28476447,-0.4359274
2014-12-21 10:00:00,0.44934705,-0.41840765
2014-12-21 10:10:00,0.635874,-0.30126774
2014-12-21 10:20:00,0.76754004,-0.31151426
2014-12-21 10:30:00,0.83337307,-0.2297172
2014-12-21 10:40:00,0.9101783,-0.23854402
2014-12-21 10:50:00,1.0199001,-0.42425826
2014-12-21 11:00:00,1.2612878,-0.39020213
2014-12-21 11:10:00,1.2612878,-0.14834587
2014-12-21 11:20:00,1.206427,-0.065650776
2014-12-21 11:30:00,1.2503157,0.032401286
2014-12-21 11:40:00,1.2503157,0.52941567
2014-12-21 11:50:00,1.8867017,0.4438041
2014-12-21 12:00:00,1.0747609,0.36127555
2014-12-21 12:10:00,0.83337307,0.08492198
2014-12-21 12:20:00,0.6468462,-0.20481738
2014-12-21 12:30:00,0.635874,-0.39573777
2014-12-21 12:40:00,0.40545836,-0.58831114
2014-12-21 12:50:00,0.6139296,-0.5406607
2014-12-21 13:00:00,0.6687905,-0.095795915
2014-12-21 13:10:00,0.69073486,-0.12099357
2014-12-21 13:20:00,0.8553174,-0.21242326
2014-12-21 13:30:00,0.87726176,-0.16318686
2014-12-21 13:40:00,0.8662896,-0.2731399
2014-12-21 13:50:00,0.8992061,-0.27805057
2014-12-21 14:00:00,1.0089278,-0.4701054
2014-12-21 14:10:00,1.085733,-0.26931632
2014-12-21 14:20:00,1.1844826,-0.23065701
2014-12-21 14:30:00,1.2283713,-0.37137407
2014-12-21 14:40:00,1.0199001,-0.37825963
2014-12-21 14:50:00,1.1515661,-0.26139417
2014-12-21 15:00:00,1.1625383,0.31647116
2014-12-21 15:10:00,1.2283713,0.320291
2014-12-21 15:20:00,1.27226,0.32219943
2014-12-21 15:30:00,1.4478147,0.3537419
2014-12-21 15:40:00,1.3490652,0.5204639
2014-12-21 15:50:00,1.4148983,0.4167767
2014-12-21 16:00:00,1.1625383,0.5381717
2014-12-21 16:10:00,1.0308722,0.669048
2014-12-21 16:20:00,1.2173991,0.5611264
2014-12-21 16:30:00,1.3710096,0.6342639
2014-12-21 16:40:00,0.7565679,-0.31749305
2014-12-21 16:50:00,0.48226357,-0.28482032
2014-12-21 17:00:00,0.5480966,-0.22089472
2014-12-21 17:10:00,0.48226357,-0.15107523
2014-12-21 17:20:00,0.4712914,0.19296056
2014-12-21 17:30:00,0.4712914,-0.18750137
2014-12-21 17:40:00,0.49323574,-0.17810307
2014-12-21 17:50:00,0.57004094,-0.18643826
2014-12-21 18:00:00,0.7126792,-0.27977437
2014-12-21 18:10:00,0.83337307,-0.17228381
2014-12-21 18:20:00,1.1954548,0.43385297
2014-12-21 18:30:00,1.3600373,0.28456008
2014-12-21 18:40:00,1.0967052,0.36938727
2014-12-21 18:50:00,0.9650392,0.30443493
2014-12-21 19:00:00,0.9211505,0.36928952
2014-12-21 19:10:00,0.87726176,0.2185866
2014-12-21 19:20:00,0.97601134,0.3691721
2014-12-21 19:30:00,1.2612878,0.20818278
2014-12-21 19:40:00,0.87726176,0.1602292
2014-12-21 19:50:00,-0.2089833,0.29347014
2014-12-21 20:00:00,-0.24189982,0.5305613
2014-12-21 20:10:00,-0.83439714,0.46579665
2014-12-21 20:20:00,-0.8124528,0.30263555
2014-12-21 20:30:00,-0.77953625,0.39841914
2014-12-21 20:40:00,-0.8563415,0.34559882
2014-12-21 20:50:00,-0.94411886,0.099006526
2014-12-21 21:00:00,-0.97703534,-0.32216433
2014-12-21 21:10:00,-0.9660632,-0.43032938
2014-12-21 21:20:00,-0.97703534,-0.20126602
2014-12-21 21:30:00,-0.955091,-0.2861585
2014-12-21 21:40:00,-0.9660632,-0.28562424
2014-12-21 21:50:00,-0.9989797,-0.38963038
2014-12-21 22:00:00,-0.98800755,-0.35300836
2014-12-21 22:10:00,-0.98800755,-0.28609443
2014-12-21 22:20:00,-0.93314666,-0.2856223
2014-12-21 22:30:00,-0.90023017,-0.28345442
2014-12-21 22:40:00,-0.90023017,0.30511034
2014-12-21 22:50:00,-0.94411886,0.36934894
2014-12-21 23:00:00,-0.9221745,0.36938104
2014-12-21 23:10:00,-0.98800755,0.28263056
2014-12-21 23:20:00,-0.9989797,0.37022442
2014-12-21 23:30:00,-1.0318962,0.5298429
2014-12-21 23:40:00,-1.009952,0.46724194
2014-12-21 23:50:00,-1.0318962,0.16863137
2014-12-22 00:00:00,-1.0648128,0.22989076
2014-12-22 00:10:00,-1.0757849,-0.26419485
2014-12-22 00:20:00,-1.009952,-0.053280577
2014-12-22 00:30:00,-1.009952,-0.020363912
2014-12-22 00:40:00,-1.0209241,-0.017050464
2014-12-22 00:50:00,-1.0318962,-0.2748525
2014-12-22 01:00:00,-1.009952,-0.15318534
2014-12-22 01:10:00,-1.0318962,-0.23033893
2014-12-22 01:20:00,-0.9989797,-0.35061154
2014-12-22 01:30:00,-1.009952,-0.36242256
2014-12-22 01:40:00,-1.0209241,-0.4045226
2014-12-22 01:50:00,-0.98800755,-0.34904128
2014-12-22 02:00:00,-0.98800755,-0.37542325
2014-12-22 02:10:00,-0.97703534,-0.43367064
2014-12-22 02:20:00,-0.98800755,-0.46887675
2014-12-22 02:30:00,-1.0209241,-0.5577034
2014-12-22 02:40:00,-1.009952,-0.5486654
2014-12-22 02:50:00,-1.0209241,-0.55298144
2014-12-22 03:00:00,-0.98800755,-0.57174385
2014-12-22 03:10:00,-0.9112023,-0.5711018
2014-12-22 03:20:00,-0.8563415,-0.5214287
2014-12-22 03:30:00,-0.79050845,-0.56654423
2014-12-22 03:40:00,-0.79050845,-0.45801154
2014-12-22 03:50:00,-0.8124528,-0.32490778
2014-12-22 04:00:00,-0.82342494,-0.38789183
2014-12-22 04:10:00,-0.8782858,-0.38134325
2014-12-22 04:20:00,-0.97703534,-0.36936298
2014-12-22 04:30:00,-0.79050845,-0.28815883
2014-12-22 04:40:00,-0.6698145,-0.37348783
2014-12-22 04:50:00,-0.6807867,-0.4279133
2014-12-22 05:00:00,-0.94411886,-0.43686166
2014-12-22 05:10:00,-0.97703534,-0.44615903
2014-12-22 05:20:00,-0.90023017,-0.5148256
2014-12-22 05:30:00,-1.009952,-0.5130154
2014-12-22 05:40:00,-0.98800755,-0.5163098
2014-12-22 05:50:00,-0.98800755,-0.5191735
2014-12-22 06:00:00,-0.97703534,-0.51453906
2014-12-22 06:10:00,-0.8453693,-0.5104343
2014-12-22 06:20:00,-0.7246754,-0.5116713
2014-12-22 06:30:00,-0.6588424,-0.49668896
2014-12-22 06:40:00,-0.62592584,-0.5517324
2014-12-22 06:50:00,-0.571065,-0.19577038
2014-12-22 07:00:00,-0.47231543,-0.30624032
2014-12-22 07:10:00,-0.42842674,-0.24085823
2014-12-22 07:20:00,-0.4393989,-0.1849235
2014-12-22 07:30:00,-0.35162154,-0.13494197
2014-12-22 07:40:00,-0.26384416,-0.25480816
2014-12-22 07:50:00,-0.30773285,-0.098942734
2014-12-22 08:00:00,-0.21995547,-0.11031485
2014-12-22 08:10:00,-0.21995547,-0.13590096
2014-12-22 08:20:00,-0.37356588,-0.13739748
2014-12-22 08:30:00,-0.39551023,-0.05946116
2014-12-22 08:40:00,-0.1650946,-0.09657874
2014-12-22 08:50:00,-0.044400707,-0.086239755
2014-12-22 09:00:00,0.09823754,-0.19952014
2014-12-22 09:10:00,0.19698709,-0.12161636
2014-12-22 09:20:00,0.44934705,-0.24312216
2014-12-22 09:30:00,0.6468462,-0.1921328
2014-12-22 09:40:00,0.58101314,-0.12399928
2014-12-22 09:50:00,0.58101314,-0.21614721
2014-12-22 10:00:00,0.57004094,-0.13778128
2014-12-22 10:10:00,0.62490183,-0.26697567
2014-12-22 10:20:00,0.6468462,-0.18945614
2014-12-22 10:30:00,1.0528165,-0.21012205
2014-12-22 10:40:00,1.1844826,-0.15427029
2014-12-22 10:50:00,1.2612878,-0.081636645
2014-12-22 11:00:00,1.7001747,-0.11675967
2014-12-22 11:10:00,1.5246199,-0.13351083
2014-12-22 11:20:00,1.4478147,0.09892092
2014-12-22 11:30:00,1.206427,0.0059837336
2014-12-22 11:40:00,0.9211505,0.31409618
2014-12-22 11:50:00,0.8114287,0.52888244
2014-12-22 12:00:00,0.701707,0.33896673
2014-12-22 12:10:00,0.5151801,0.105273224
2014-12-22 12:20:00,-0.022456361,0.2684055
2014-12-22 12:30:00,0.3944862,0.20696805
2014-12-22 12:40:00,0.40545836,0.13171458
2014-12-22 12:50:00,-0.11023374,0.23540437
2014-12-22 13:00:00,-0.94411886,0.07486307
2014-12-22 13:10:00,-1.009952,-0.23279253
2014-12-22 13:20:00,-1.009952,0.116930835
2014-12-22 13:30:00,-0.97703534,0.34004483
2014-12-22 13:40:00,-0.9989797,0.31016502
2014-12-22 13:50:00,-1.0318962,0.24382192
2014-12-22 14:00:00,-1.0318962,0.35472578
2014-12-22 14:10:00,-0.98800755,0.44603705
2014-12-22 14:20:00,-0.98800755,0.40887326
2014-12-22 14:30:00,-1.0209241,0.21437386
2014-12-22 14:40:00,-1.0318962,0.43860924
2014-12-22 14:50:00,-1.0428684,1.2044361
2014-12-22 15:00:00,-1.0318962,1.0937067
2014-12-22 15:10:00,-1.0538406,1.091554
2014-12-22 15:20:00,-1.0428684,1.1977026
2014-12-22 15:30:00,-1.0538406,1.030788
2014-12-22 15:40:00,-1.0648128,1.0146425
2014-12-22 15:50:00,-1.009952,1.1706401
2014-12-22 16:00:00,-0.9989797,1.1068472
2014-12-22 16:10:00,-1.0209241,1.03839
2014-12-22 16:20:00,-1.0209241,0.10189003
2014-12-22 16:30:00,-0.9989797,0.24298841
2014-12-22 16:40:00,-0.97703534,-0.041759074
2014-12-22 16:50:00,-0.98800755,-0.10882535
2014-12-22 17:00:00,-0.9989797,0.023136292
2014-12-22 17:10:00,-1.0209241,-0.1916144
2014-12-22 17:20:00,-1.0538406,-0.16080478
2014-12-22 17:30:00,-1.0648128,-0.26318628
2014-12-22 17:40:00,-1.0538406,-0.2750985
2014-12-22 17:50:00,-1.0209241,-0.30386156
2014-12-22 18:00:00,-1.0318962,-0.309032
2014-12-22 18:10:00,-1.0318962,-0.4549377
2014-12-22 18:20:00,-0.73564756,-0.42908075
2014-12-22 18:30:00,-0.6588424,-0.4505758
2014-12-22 18:40:00,-0.6588424,-0.43549234
2014-12-22 18:50:00,-0.571065,-0.45417553
2014-12-22 19:00:00,-0.6149537,-0.33770615
2014-12-22 19:10:00,-0.6478702,-0.24867788
2014-12-22 19:20:00,-0.6149537,-0.306275
2014-12-22 19:30:00,-0.6039815,-0.28776023
2014-12-22 19:40:00,-0.23092765,-0.30478305
2014-12-22 19:50:00,-0.26384416,-0.19861916
2014-12-22 20:00:00,-0.23092765,-0.21795975
2014-12-22 20:10:00,-0.11023374,-0.20935786
2014-12-22 20:20:00,-0.29676068,-0.1847059
2014-12-22 20:30:00,-0.3296772,-0.19773461
2014-12-22 20:40:00,-0.37356588,-0.20385432
2014-12-22 20:50:00,-0.4503711,-0.31134945
2014-12-22 21:00:00,-0.41745457,-0.25971475
2014-12-22 21:10:00,-0.4393989,-0.31641877
2014-12-22 21:20:00,-0.6478702,-0.32950163
2014-12-22 21:30:00,-0.6807867,-0.35598645
2014-12-22 21:40:00,-0.73564756,-0.38400942
2014-12-22 21:50:00,-0.90023017,-0.44907025
2014-12-22 22:00:00,-0.79050845,-0.4451957
2014-12-22 22:10:00,-0.59300935,-0.19692911
2014-12-22 22:20:00,-0.53814846,-0.10963748
2014-12-22 22:30:00,-0.47231543,-0.21023715
2014-12-22 22:40:00,-0.6917589,-0.24968095
2014-12-22 22:50:00,-0.7137032,-0.15882048
2014-12-22 23:00:00,-0.6478702,-0.16146609
2014-12-22 23:10:00,-0.59300935,-0.19863582
2014-12-22 23:20:00,-0.4832876,-0.2266703
2014-12-22 23:30:00,-0.34064937,-0.18318957
2014-12-22 23:40:00,-0.23092765,0.19919878
2014-12-22 23:50:00,-0.26384416,0.62125564
2014-12-23 00:00:00,-0.38453805,0.22128409
2014-12-23 00:10:00,-0.34064937,0.11914589
2014-12-23 00:20:00,-0.2857885,-0.03850388
2014-12-23 00:30:00,-0.23092765,0.13873863
2014-12-23 00:40:00,-0.24189982,0.097639196
2014-12-23 00:50:00,-0.14315026,-0.1857711
2014-12-23 01:00:00,-0.19801112,-0.1854166
2014-12-23 01:10:00,-0.2857885,0.12045667
2014-12-23 01:20:00,-0.252872,-0.18546647
2014-12-23 01:30:00,-0.17606677,-0.22860813
2014-12-23 01:40:00,-0.14315026,-0.36839595
2014-12-23 01:50:00,-0.09926157,-0.23952976
2014-12-23 02:00:00,-0.252872,-0.17454651
2014-12-23 02:10:00,-0.2857885,-0.18490273
2014-12-23 02:20:00,-0.17606677,-0.060187444
2014-12-23 02:30:00,-0.12120591,-0.08076802
2014-12-23 02:40:00,-0.06634505,-0.028187037
2014-12-23 02:50:00,-0.088289395,-0.029540919
2014-12-23 03:00:00,-0.033428535,-0.11383294
2014-12-23 03:10:00,-0.088289395,-0.021798275
2014-12-23 03:20:00,-0.022456361,-0.11719227
2014-12-23 03:30:00,0.17504275,-0.12548664
2014-12-23 03:40:00,0.14212623,0.2582276
2014-12-23 03:50:00,0.010460156,0.29947457
2014-12-23 04:00:00,-0.14315026,0.18731748
2014-12-23 04:10:00,-0.505232,-0.01708915
2014-12-23 04:20:00,-0.54912066,0.040994994
2014-12-23 04:30:00,-0.63689804,-0.059699956
2014-12-23 04:40:00,-0.6807867,0.04782868
2014-12-23 04:50:00,-0.6807867,0.06534206
2014-12-23 05:00:00,-0.6698145,-0.14115089
2014-12-23 05:10:00,-0.73564756,0.08496801
2014-12-23 05:20:00,-0.7246754,0.18292008
2014-12-23 05:30:00,-0.6588424,-0.20622888
2014-12-23 05:40:00,-0.571065,-0.27609247
2014-12-23 05:50:00,-0.6039815,-0.14863689
2014-12-23 06:00:00,-0.6698145,-0.03070303
2014-12-23 06:10:00,-0.6149537,0.040580742
2014-12-23 06:20:00,-0.47231543,-0.19777337
2014-12-23 06:30:00,-0.252872,-0.12496541
2014-12-23 06:40:00,-0.26384416,-0.22209549
2014-12-23 06:50:00,-0.022456361,-0.22099756
2014-12-23 07:00:00,0.010460156,-0.14861262
2014-12-23 07:10:00,0.043376673,-0.270887
2014-12-23 07:20:00,0.06532102,-0.30574995
2014-12-23 07:30:00,0.087265365,-0.1642492
2014-12-23 07:40:00,-0.022456361,-0.19962128
2014-12-23 07:50:00,-0.23092765,0.05361601
2014-12-23 08:00:00,-0.6149537,-0.084541306
2014-12-23 08:10:00,-0.73564756,-0.15960482
2014-12-23 08:20:00,-0.6039815,-0.17781267
2014-12-23 08:30:00,-0.5162041,-0.059904065
2014-12-23 08:40:00,-0.58203715,-0.1527158
2014-12-23 08:50:00,-0.63689804,-0.24556476
2014-12-23 09:00:00,-0.7246754,-0.23677102
2014-12-23 09:10:00,-0.6807867,-0.13280466
2014-12-23 09:20:00,-0.6478702,-0.25648227
2014-12-23 09:30:00,-0.4832876,-0.22092788
2014-12-23 09:40:00,-0.4503711,-0.15425363
2014-12-23 09:50:00,-0.35162154,-0.15798096
2014-12-23 10:00:00,-0.23092765,-0.29799467
2014-12-23 10:10:00,-0.23092765,-0.13403334
2014-12-23 10:20:00,0.12018188,-0.110271744
2014-12-23 10:30:00,0.5151801,0.22197188
2014-12-23 10:40:00,0.58101314,-0.010956141
2014-12-23 10:50:00,0.49323574,0.31872672
2014-12-23 11:00:00,0.4712914,0.2469115
2014-12-23 11:10:00,0.48226357,0.25785822
2014-12-23 11:20:00,1.0967052,0.37197113
2014-12-23 11:30:00,1.5246199,0.36190316
2014-12-23 11:40:00,0.93212265,0.19533217
2014-12-23 11:50:00,0.69073486,0.108472146
2014-12-23 12:00:00,-0.79050845,-0.016725183
2014-12-23 12:10:00,-0.9660632,-0.1332677
2014-12-23 12:20:00,-0.9989797,-0.15546995
2014-12-23 12:30:00,-0.9989797,-0.07830491
2014-12-23 12:40:00,-0.97703534,-0.13668263
2014-12-23 12:50:00,-0.93314666,-0.15477154
2014-12-23 13:00:00,-0.955091,-0.08847421
2014-12-23 13:10:00,-0.94411886,-0.05660622
2014-12-23 13:20:00,-0.9112023,-0.13109031
2014-12-23 13:30:00,-0.90023017,-0.24666202
2014-12-23 13:40:00,-0.9221745,-0.16286314
2014-12-23 13:50:00,-0.97703534,-0.15214376
2014-12-23 14:00:00,-1.0209241,0.061990775
2014-12-23 14:10:00,-0.9989797,0.14421706
2014-12-23 14:20:00,-0.955091,0.23395637
2014-12-23 14:30:00,-0.9221745,0.57412535
2014-12-23 14:40:00,-1.009952,0.86891115
2014-12-23 14:50:00,-0.88925797,0.8498258
2014-12-23 15:00:00,-1.009952,0.7849775
2014-12-23 15:10:00,-0.9989797,0.82793665
2014-12-23 15:20:00,-1.0428684,0.9018253
2014-12-23 15:30:00,-1.0757849,0.7825956
2014-12-23 15:40:00,-1.0757849,0.17105667
2014-12-23 15:50:00,-1.0648128,0.2567707
2014-12-23 16:00:00,-1.0648128,0.1669403
2014-12-23 16:10:00,-1.0318962,-0.09641837
2014-12-23 16:20:00,-1.0538406,-0.05570645
2014-12-23 16:30:00,-1.0538406,-0.050350882
2014-12-23 16:40:00,-1.0428684,-0.18420579
2014-12-23 16:50:00,-1.0318962,-0.25432253
2014-12-23 17:00:00,-1.0318962,-0.29456234
2014-12-23 17:10:00,-1.0428684,-0.34845784
2014-12-23 17:20:00,-1.0538406,-0.38570222
2014-12-23 17:30:00,-1.0318962,-0.40164602
2014-12-23 17:40:00,-1.0428684,-0.4509291
2014-12-23 17:50:00,-1.0648128,-0.4386375
2014-12-23 18:00:00,-1.0428684,-0.45874053
2014-12-23 18:10:00,-1.0209241,-0.47171172
2014-12-23 18:20:00,-0.9989797,-0.45199966
2014-12-23 18:30:00,-0.97703534,-0.3788854
2014-12-23 18:40:00,-0.9660632,-0.36934105
2014-12-23 18:50:00,-0.93314666,-0.4254777
2014-12-23 19:00:00,-0.9112023,-0.37880707
2014-12-23 19:10:00,-0.9660632,-0.37842405
2014-12-23 19:20:00,-0.97703534,-0.37863055
2014-12-23 19:30:00,-0.9660632,-0.37776402
2014-12-23 19:40:00,-0.9660632,-0.37705058
2014-12-23 19:50:00,-0.97703534,-0.26638946
2014-12-23 20:00:00,-0.955091,-0.3287692
2014-12-23 20:10:00,-0.93314666,-0.37825927
2014-12-23 20:20:00,-0.8673136,-0.3786869
2014-12-23 20:30:00,-0.8673136,-0.2881899
2014-12-23 20:40:00,-0.6588424,-0.31958917
2014-12-23 20:50:00,-0.6588424,-0.36908564
2014-12-23 21:00:00,-0.8782858,-0.47205788
2014-12-23 21:10:00,-0.9221745,-0.44856942
2014-12-23 21:20:00,-0.8124528,-0.45837995
2014-12-23 21:30:00,-0.82342494,-0.44532368
2014-12-23 21:40:00,-0.82342494,-0.3999961
2014-12-23 21:50:00,-0.7137032,-0.35471982
2014-12-23 22:00:00,-0.73564756,-0.37465835
2014-12-23 22:10:00,-0.7575919,-0.36759755
2014-12-23 22:20:00,-0.7685641,-0.39663458
2014-12-23 22:30:00,-0.73564756,-0.38638827
2014-12-23 22:40:00,-0.6039815,-0.38776398
2014-12-23 22:50:00,-0.5162041,-0.3547505
2014-12-23 23:00:00,-0.6149537,-0.38747907
2014-12-23 23:10:00,-0.62592584,-0.36490625
2014-12-23 23:20:00,-0.5271763,-0.33943713
2014-12-23 23:30:00,-0.5271763,-0.11302269
2014-12-23 23:40:00,-0.5271763,-0.11247403
2014-12-23 23:50:00,-0.505232,-0.17579678
2014-12-24 00:00:00,-0.5271763,-0.06217808
2014-12-24 00:10:00,-0.5600928,-0.11373598
2014-12-24 00:20:00,-0.5600928,-0.23781228
2014-12-24 00:30:00,-0.6588424,-0.18025513
2014-12-24 00:40:00,-0.6478702,-0.06567459
2014-12-24 00:50:00,-0.83439714,-0.048177052
2014-12-24 01:00:00,-0.7685641,-0.18312779
2014-12-24 01:10:00,-0.8673136,-0.11181381
2014-12-24 01:20:00,-0.8563415,-0.19296579
2014-12-24 01:30:00,-0.8782858,-0.27496016
2014-12-24 01:40:00,-0.8673136,-0.2953844
2014-12-24 01:50:00,-0.8673136,-0.33815765
2014-12-24 02:00:00,-0.82342494,-0.38841754
2014-12-24 02:10:00,-0.74661976,-0.28259394
2014-12-24 02:20:00,-0.7137032,-0.14622912
2014-12-24 02:30:00,-0.54912066,-0.3100083
2014-12-24 02:40:00,-0.2857885,-0.27848935
2014-12-24 02:50:00,-0.39551023,-0.18343051
2014-12-24 03:00:00,-0.11023374,-0.2284042
2014-12-24 03:10:00,0.41643053,-0.21479866
2014-12-24 03:20:00,0.8992061,-0.2438192
2014-12-24 03:30:00,1.206427,-0.22258298
2014-12-24 03:40:00,1.1844826,-0.21587767
2014-12-24 03:50:00,0.57004094,-0.07669202
2014-12-24 04:00:00,0.24087578,-0.1469341
2014-12-24 04:10:00,-0.14315026,-0.16755627
2014-12-24 04:20:00,-0.41745457,-0.20869666
2014-12-24 04:30:00,-0.5271763,-0.25590375
2014-12-24 04:40:00,-0.5271763,-0.16248755
2014-12-24 04:50:00,-0.4503711,-0.06653078
2014-12-24 05:00:00,-0.044400707,-0.06014311
2014-12-24 05:10:00,0.3067088,-0.09907295
2014-12-24 05:20:00,0.44934705,-0.12612952
2014-12-24 05:30:00,0.73462355,-0.1354233
2014-12-24 05:40:00,1.1625383,-0.26441252
2014-12-24 05:50:00,1.3929539,-0.14168006
2014-12-24 06:00:00,1.6014252,-0.13845478
2014-12-24 06:10:00,1.4258704,-0.14601485
2014-12-24 06:20:00,1.5246199,-0.047993943
2014-12-24 06:30:00,1.5136478,-0.005002617
2014-12-24 06:40:00,1.6453139,0.18762414
2014-12-24 06:50:00,1.7660078,-0.0073805144
2014-12-24 07:00:00,2.0073955,0.18689771
2014-12-24 07:10:00,1.8976738,0.81282043
2014-12-24 07:20:00,1.9854512,1.4112015
2014-12-24 07:30:00,1.2942044,1.6209326
2014-12-24 07:40:00,1.338093,1.4944757
2014-12-24 07:50:00,1.1625383,1.2526699
2014-12-24 08:00:00,2.237811,0.9801772
2014-12-24 08:10:00,2.1829503,0.30727297
2014-12-24 08:20:00,2.0183678,-0.15874763
2014-12-24 08:30:00,1.8208686,-0.03711284
2014-12-24 08:40:00,1.711147,-0.010973967
2014-12-24 08:50:00,-0.23092765,-0.099637024
2014-12-24 09:00:00,-0.6807867,0.026068844
2014-12-24 09:10:00,-0.8563415,-0.0029277569
2014-12-24 09:20:00,-0.93314666,-0.04064206
2014-12-24 09:30:00,-0.8673136,0.15326354
2014-12-24 09:40:00,-0.90023017,0.1325538
2014-12-24 09:50:00,-0.88925797,0.66556686
2014-12-24 10:00:00,-0.9221745,0.748726
2014-12-24 10:10:00,-0.9112023,1.6009866
2014-12-24 10:20:00,-0.93314666,1.5264916
2014-12-24 10:30:00,-0.83439714,1.0278976
2014-12-24 10:40:00,-0.9660632,0.9651735
2014-12-24 10:50:00,-0.88925797,0.9761502
2014-12-24 11:00:00,-0.955091,1.128335
2014-12-24 11:10:00,-0.9660632,1.1650649
2014-12-24 11:20:00,-0.955091,1.2252855
2014-12-24 11:30:00,-0.9660632,1.1060917
2014-12-24 11:40:00,-0.955091,0.985509
2014-12-24 11:50:00,-0.97703534,1.04109
2014-12-24 12:00:00,-0.97703534,0.9748901
2014-12-24 12:10:00,-0.9989797,0.751703
2014-12-24 12:20:00,-0.97703534,0.97927576
2014-12-24 12:30:00,-0.9112023,1.1246378
2014-12-24 12:40:00,-0.88925797,0.9697683
2014-12-24 12:50:00,-0.88925797,0.8318239
2014-12-24 13:00:00,-0.9221745,-0.15510856
2014-12-24 13:10:00,-0.94411886,-0.1479296
2014-12-24 13:20:00,-0.93314666,-0.2296093
2014-12-24 13:30:00,-0.93314666,-0.16321766
2014-12-24 13:40:00,-1.009952,-0.27832812
2014-12-24 13:50:00,-0.955091,-0.26567122
2014-12-24 14:00:00,-0.9221745,-0.37672973
2014-12-24 14:10:00,-0.8014806,-0.4023111
2014-12-24 14:20:00,-0.58203715,-0.420485
2014-12-24 14:30:00,-0.505232,-0.41287223
2014-12-24 14:40:00,-0.41745457,-0.40842015
2014-12-24 14:50:00,-0.37356588,-0.36123517
2014-12-24 15:00:00,-0.30773285,-0.39666015
2014-12-24 15:10:00,-0.2089833,-0.39621472
2014-12-24 15:20:00,0.41643053,-0.39645845
2014-12-24 15:30:00,0.22990361,-0.395563
2014-12-24 15:40:00,-0.24189982,-0.3948363
2014-12-24 15:50:00,-0.24189982,-0.28514934
2014-12-24 16:00:00,-0.4064824,-0.14983326
2014-12-24 16:10:00,-0.6039815,-0.24779877
2014-12-24 16:20:00,-0.6698145,-0.32885578
2014-12-24 16:30:00,-0.6588424,-0.24850091
2014-12-24 16:40:00,-0.63689804,-0.07506362
2014-12-24 16:50:00,-0.6478702,-0.24845128
2014-12-24 17:00:00,-0.5162041,-0.26535153
2014-12-24 17:10:00,-0.5271763,-0.2338723
2014-12-24 17:20:00,-0.42842674,-0.2830338
2014-12-24 17:30:00,-0.4503711,-0.22172931
2014-12-24 17:40:00,-0.5162041,-0.22449912
2014-12-24 17:50:00,-0.4503711,-0.32107982
2014-12-24 18:00:00,-0.4064824,-0.36324316
2014-12-24 18:10:00,-0.15412243,-0.25150833
2014-12-24 18:20:00,0.06532102,-0.11942551
2014-12-24 18:30:00,0.3944862,-0.22774786
2014-12-24 18:40:00,0.635874,-0.16614017
2014-12-24 18:50:00,0.97601134,0.16761202
2014-12-24 19:00:00,1.1296217,0.1466774
2014-12-24 19:10:00,1.3271209,0.26038337
2014-12-24 19:20:00,1.7221191,0.6856785
2014-12-24 19:30:00,2.5560043,0.6734822
2014-12-24 19:40:00,2.9729466,0.21055876
2014-12-24 19:50:00,2.7864199,0.21745953
2014-12-24 20:00:00,1.8976738,-0.03132239
2014-12-24 20:10:00,1.7001747,-0.34674522
2014-12-24 20:20:00,0.7126792,-0.31548995
2014-12-24 20:30:00,1.0747609,-0.22066665
2014-12-24 20:40:00,1.9196181,-0.3104326
2014-12-24 20:50:00,2.4133658,-0.314349
2014-12-24 21:00:00,2.0183678,-0.13611226
2014-12-24 21:10:00,2.6986425,-0.14420629
2014-12-24 21:20:00,2.3146164,-0.2814411
2014-12-24 21:30:00,2.983919,-0.3083034
2014-12-24 21:40:00,3.2801676,-0.20396137
2014-12-24 21:50:00,2.9619746,-0.20396963
2014-12-24 22:00:00,2.4901712,-0.21676216
2014-12-24 22:10:00,2.6986425,0.13337605
2014-12-24 22:20:00,2.7535033,0.16397846
2014-12-24 22:30:00,2.8741972,0.49389577
2014-12-24 22:40:00,3.2253067,0.86928374
2014-12-24 22:50:00,3.3898892,1.2328241
2014-12-24 23:00:00,3.115585,1.2915483
2014-12-24 23:10:00,3.2143345,1.2959989
2014-12-24 23:20:00,3.0716963,1.6354609
2014-12-24 23:30:00,2.5230877,1.6357836
2014-12-24 23:40:00,2.4572546,1.1884708
2014-12-24 23:50:00,2.5669763,1.1427808
2014-12-25 00:00:00,2.5669763,1.2431567
2014-12-25 00:10:00,2.9400303,1.2152402
2014-12-25 00:20:00,2.852253,0.88535404
2014-12-25 00:30:00,2.4572546,0.9978985
2014-12-25 00:40:00,2.1829503,1.0147195
2014-12-25 00:50:00,2.2487833,1.0407474
2014-12-25 01:00:00,2.0842009,1.0151564
2014-12-25 01:10:00,2.347533,0.9686039
2014-12-25 01:20:00,2.358505,0.91421884
2014-12-25 01:30:00,2.2597556,0.96293956
2014-12-25 01:40:00,2.1061451,0.91863096
2014-12-25 01:50:00,2.358505,0.8981284
2014-12-25 02:00:00,2.545032,0.9559314
2014-12-25 02:10:00,2.6547537,0.99754363
2014-12-25 02:20:00,2.610865,1.0020354
2014-12-25 02:30:00,3.0168355,0.8800691
2014-12-25 02:40:00,2.9425623,1.0036844
2014-12-25 02:50:00,2.868289,1.005741
2014-12-25 03:00:00,2.794016,1.0313947
2014-12-25 03:10:00,2.7197428,0.87761027
2014-12-25 03:20:00,2.6454697,0.90269816
2014-12-25 03:30:00,2.5711963,0.9262148
2014-12-25 03:40:00,2.4969232,1.0164862
2014-12-25 03:50:00,2.42265,0.8822814
2014-12-25 04:00:00,2.348377,1.0065475
2014-12-25 04:10:00,2.2741036,0.9027263
2014-12-25 04:20:00,2.1998305,1.0394281
2014-12-25 04:30:00,2.1255574,1.0523242
2014-12-25 04:40:00,2.0512843,1.0175339
2014-12-25 04:50:00,0.8443453,0.8367906
2014-12-25 05:00:00,0.36156967,0.8832885
2014-12-25 05:10:00,-0.07731722,0.9912445
2014-12-25 05:20:00,-0.19801112,1.1574217
2014-12-25 05:30:00,-0.15412243,1.0794122
2014-12-25 05:40:00,-0.13217808,1.176636
2014-12-25 05:50:00,-0.73564756,1.0486263
2014-12-25 06:00:00,-0.9221745,1.1085675
2014-12-25 06:10:00,-0.88925797,0.98904735
2014-12-25 06:20:00,-0.8563415,0.8905661
2014-12-25 06:30:00,-0.7575919,0.9852921
2014-12-25 06:40:00,-0.6917589,0.8944228
2014-12-25 06:50:00,-0.6807867,1.1066273
2014-12-25 07:00:00,-0.7685641,1.150133
2014-12-25 07:10:00,-0.9112023,0.9700488
2014-12-25 07:20:00,-0.9989797,1.1122365
2014-12-25 07:30:00,-0.9989797,0.9978922
2014-12-25 07:40:00,-0.9660632,0.94679844
2014-12-25 07:50:00,-1.009952,1.0954992
2014-12-25 08:00:00,-0.98800755,0.916714
2014-12-25 08:10:00,-0.955091,0.88077015
2014-12-25 08:20:00,-0.93314666,0.83172035
2014-12-25 08:30:00,-0.77953625,1.0830606
2014-12-25 08:40:00,-0.7575919,1.0590271
2014-12-25 08:50:00,-0.6917589,0.8876053
2014-12-25 09:00:00,-0.7027311,1.0437753
2014-12-25 09:10:00,-0.7575919,0.61287683
2014-12-25 09:20:00,-0.8124528,0.14496009
2014-12-25 09:30:00,-0.79050845,-0.04850336
2014-12-25 09:40:00,-0.8124528,-0.062395945
2014-12-25 09:50:00,-0.6807867,-0.28148854
2014-12-25 10:00:00,-0.571065,-0.073360674
2014-12-25 10:10:00,-0.38453805,-0.16496891
2014-12-25 10:20:00,-0.23092765,-0.16106299
2014-12-25 10:30:00,0.010460156,-0.12759916
2014-12-25 10:40:00,0.25184795,-0.103841014
2014-12-25 10:50:00,0.5042079,-0.16524589
2014-12-25 11:00:00,0.29573664,-0.16281863
2014-12-25 11:10:00,0.07629319,-0.16570899
2014-12-25 11:20:00,0.06532102,-0.18405212
2014-12-25 11:30:00,0.17504275,-0.19078249
2014-12-25 11:40:00,-0.0005120168,-0.1791383
2014-12-25 11:50:00,-0.09926157,-0.10268674
2014-12-25 12:00:00,-0.09926157,-0.14230838
2014-12-25 12:10:00,-0.011484189,-0.19125009
2014-12-25 12:20:00,0.10920971,-0.18377222
2014-12-25 12:30:00,0.12018188,-0.10793217
2014-12-25 12:40:00,0.14212623,-0.17852268
2014-12-25 12:50:00,0.010460156,-0.20220912
2014-12-25 13:00:00,0.010460156,-0.21484095
2014-12-25 13:10:00,0.12018188,-0.2188826
2014-12-25 13:20:00,0.1530984,-0.0967488
2014-12-25 13:30:00,0.20795926,-0.09336079
2014-12-25 13:40:00,0.44934705,-0.11665204
2014-12-25 13:50:00,0.53712445,-0.19109014
2014-12-25 14:00:00,0.37254184,-0.16557573
2014-12-25 14:10:00,0.4712914,-0.0055787927
2014-12-25 14:20:00,0.8114287,0.11538424
2014-12-25 14:30:00,0.8992061,0.23880085
2014-12-25 14:40:00,0.88823396,0.5314996
2014-12-25 14:50:00,0.94309485,0.8359255
2014-12-25 15:00:00,1.0199001,0.83433795
2014-12-25 15:10:00,1.5355921,0.57997304
2014-12-25 15:20:00,2.0732286,0.372659
2014-12-25 15:30:00,1.9964234,0.42369562
2014-12-25 15:40:00,0.9650392,-0.08105987
2014-12-25 15:50:00,0.8224009,-0.052603602
2014-12-25 16:00:00,0.5480966,-0.11339717
2014-12-25 16:10:00,0.17504275,0.1754992
2014-12-25 16:20:00,-0.0005120168,0.03955245
2014-12-25 16:30:00,-0.63689804,0.192649
2014-12-25 16:40:00,-0.6478702,0.09155451
2014-12-25 16:50:00,-0.7685641,-0.024060473
2014-12-25 17:00:00,-0.79050845,-0.41858506
2014-12-25 17:10:00,-0.88925797,-0.39400256
2014-12-25 17:20:00,-0.8563415,-0.43099716
2014-12-25 17:30:00,-0.8563415,-0.29075506
2014-12-25 17:40:00,-0.8563415,-0.28077468
2014-12-25 17:50:00,-0.7575919,0.051379092
2014-12-25 18:00:00,-0.7575919,0.113181375
2014-12-25 18:10:00,-0.6149537,0.06394867
2014-12-25 18:20:00,-0.59300935,0.15956499
2014-12-25 18:30:00,-0.41745457,0.16869397
2014-12-25 18:40:00,-0.21995547,0.16414937
2014-12-25 18:50:00,0.31768098,0.07053655
2014-12-25 19:00:00,0.19698709,0.16647688
2014-12-25 19:10:00,-0.11023374,1.0821977
2014-12-25 19:20:00,-0.24189982,0.97460407
2014-12-25 19:30:00,-0.15412243,0.97623724
2014-12-25 19:40:00,0.12018188,1.1298611
2014-12-25 19:50:00,0.48226357,1.0643512
2014-12-25 20:00:00,0.22990361,1.0058968
2014-12-25 20:10:00,0.13115406,0.04052142
2014-12-25 20:20:00,0.12018188,-0.13021886
2014-12-25 20:30:00,0.5042079,0.07454986
2014-12-25 20:40:00,0.6468462,-0.1272502
2014-12-25 20:50:00,0.5590688,-0.17709745
2014-12-25 21:00:00,0.4712914,-0.18610299
2014-12-25 21:10:00,0.62490183,-0.203903
2014-12-25 21:20:00,0.8114287,-0.0785531
2014-12-25 21:30:00,1.085733,-0.10525515
2014-12-25 21:40:00,1.0089278,-0.19976455
2014-12-25 21:50:00,0.97601134,-0.1763668
2014-12-25 22:00:00,0.6468462,-0.09816698
2014-12-25 22:10:00,1.1515661,-0.08482861
2014-12-25 22:20:00,1.4258704,-0.08014127
2014-12-25 22:30:00,1.9744791,-0.04998273
2014-12-25 22:40:00,1.8208686,0.23840019
2014-12-25 22:50:00,2.3146164,0.84511095
2014-12-25 23:00:00,2.6547537,0.899799
2014-12-25 23:10:00,2.4462824,0.48417526
2014-12-25 23:20:00,2.1829503,0.35356343
2014-12-25 23:30:00,2.0073955,0.4068424
2014-12-25 23:40:00,1.7330912,0.5361139
2014-12-25 23:50:00,1.5246199,0.6910557
2014-12-26 00:00:00,1.4917034,0.39114732
2014-12-26 00:10:00,1.5465643,0.09065061
2014-12-26 00:20:00,1.3819817,0.021869335
2014-12-26 00:30:00,1.2612878,0.059186697
2014-12-26 00:40:00,1.1076775,0.2710697
2014-12-26 00:50:00,1.1076775,0.22213519
2014-12-26 01:00:00,1.4697591,0.18874672
2014-12-26 01:10:00,1.5465643,0.22376734
2014-12-26 01:20:00,1.6453139,0.23310623
2014-12-26 01:30:00,1.7440634,0.20314023
2014-12-26 01:40:00,2.0732286,0.14587921
2014-12-26 01:50:00,2.5230877,0.025065389
2014-12-26 02:00:00,2.742531,0.01169162
2014-12-26 02:10:00,2.742531,0.90383774
2014-12-26 02:20:00,3.1594737,0.996496
2014-12-26 02:30:00,3.060724,0.9560231
2014-12-26 02:40:00,3.686138,0.8975588
2014-12-26 02:50:00,4.410301,1.0666263
2014-12-26 03:00:00,4.629745,1.1073772
2014-12-26 03:10:00,4.0591917,0.91037965
2014-12-26 03:20:00,3.7190545,0.99584943
2014-12-26 03:30:00,2.8741972,1.0295924
2014-12-26 03:40:00,0.83337307,1.2666616
2014-12-26 03:50:00,-0.022456361,1.3872352
2014-12-26 04:00:00,-0.83439714,1.3433536
2014-12-26 04:10:00,-0.8782858,1.3870244
2014-12-26 04:20:00,-0.97703534,1.300336
2014-12-26 04:30:00,-0.97703534,1.4185246
2014-12-26 04:40:00,-0.94411886,1.2941991
2014-12-26 04:50:00,-0.94411886,1.2408113
2014-12-26 05:00:00,-0.9221745,1.2707136
2014-12-26 05:10:00,-0.955091,1.2760003
2014-12-26 05:20:00,-0.955091,1.2403789
2014-12-26 05:30:00,-0.94411886,1.2433802
2014-12-26 05:40:00,-0.90023017,1.2507546
2014-12-26 05:50:00,-0.9112023,1.1930525
2014-12-26 06:00:00,-0.9221745,1.1212482
2014-12-26 06:10:00,-0.8782858,1.1749874
2014-12-26 06:20:00,-0.7685641,1.1344202
2014-12-26 06:30:00,-0.83439714,1.0906792
2014-12-26 06:40:00,-0.7246754,1.1505371
2014-12-26 06:50:00,-0.6917589,1.1101537
2014-12-26 07:00:00,-0.6698145,1.1428583
2014-12-26 07:10:00,-0.7246754,1.1413088
2014-12-26 07:20:00,-0.6698145,1.0379109
2014-12-26 07:30:00,-0.5600928,0.87021166
2014-12-26 07:40:00,-0.53814846,0.9030488
2014-12-26 07:50:00,-0.5271763,1.0311332
2014-12-26 08:00:00,-0.3296772,0.5530717
2014-12-26 08:10:00,-0.18703894,-0.1663085
2014-12-26 08:20:00,-0.088289395,-0.12934917
2014-12-26 08:30:00,-0.05537288,-0.0938506
2014-12-26 08:40:00,-0.18703894,-0.12009018
2014-12-26 08:50:00,-0.37356588,-0.17954618
2014-12-26 09:00:00,-0.37356588,-0.17974222
2014-12-26 09:10:00,-0.252872,-0.18249944
2014-12-26 09:20:00,-0.2857885,-0.09903621
2014-12-26 09:30:00,-0.3296772,-0.18408892
2014-12-26 09:40:00,-0.15412243,-0.18393421
2014-12-26 09:50:00,-0.11023374,-0.27820268
2014-12-26 10:00:00,-0.09926157,-0.17971979
2014-12-26 10:10:00,-0.011484189,-0.20044996
2014-12-26 10:20:00,0.31768098,-0.19136643
2014-12-26 10:30:00,0.7455957,-0.18349126
2014-12-26 10:40:00,1.0967052,-0.120696485
2014-12-26 10:50:00,1.2503157,-0.046587102
2014-12-26 11:00:00,1.2173991,-0.19104806
2014-12-26 11:10:00,1.3051765,-0.16882512
2014-12-26 11:20:00,1.5026757,-0.19073135
2014-12-26 11:30:00,1.6233696,-0.045457505
2014-12-26 11:40:00,1.6892025,-0.15537585
2014-12-26 11:50:00,1.6892025,-0.08322328
2014-12-26 12:00:00,1.6672583,0.16665292
2014-12-26 12:10:00,1.9415625,0.057085924
2014-12-26 12:20:00,2.095173,0.050031453
2014-12-26 12:30:00,2.0512843,-0.07943701
2014-12-26 12:40:00,2.1390617,-0.09011968
2014-12-26 12:50:00,2.0512843,-0.1389098
2014-12-26 13:00:00,2.468227,-0.05041828
2014-12-26 13:10:00,2.2048948,-0.09676215
2014-12-26 13:20:00,2.3146164,0.019794129
2014-12-26 13:30:00,2.9510024,-0.15335882
2014-12-26 13:40:00,3.0716963,-0.2260068
2014-12-26 13:50:00,3.2143345,-0.28176266
2014-12-26 14:00:00,2.676698,0.01661501
2014-12-26 14:10:00,2.665726,-0.34106433
2014-12-26 14:20:00,2.665726,-0.19408461
2014-12-26 14:30:00,2.4462824,0.25283837
2014-12-26 14:40:00,2.5011432,0.74040776
2014-12-26 14:50:00,2.3255885,0.79013485
2014-12-26 15:00:00,1.7989243,0.8677883
2014-12-26 15:10:00,1.5575365,1.3285577
2014-12-26 15:20:00,1.6892025,0.9509631
2014-12-26 15:30:00,1.1405939,0.9552392
2014-12-26 15:40:00,1.0308722,0.8721253
2014-12-26 15:50:00,1.3929539,0.9148085
2014-12-26 16:00:00,1.5575365,0.90524846
2014-12-26 16:10:00,1.4807312,0.8728385
2014-12-26 16:20:00,0.7455957,0.90800536
2014-12-26 16:30:00,-0.8782858,1.0682114
2014-12-26 16:40:00,-0.90023017,0.8917418
2014-12-26 16:50:00,-0.9221745,0.9280669
2014-12-26 17:00:00,-0.83439714,1.0186145
2014-12-26 17:10:00,-0.8453693,0.8469494
2014-12-26 17:20:00,-0.7027311,0.83911127
2014-12-26 17:30:00,-0.62592584,0.8900574
2014-12-26 17:40:00,-0.7685641,0.88858145
2014-12-26 17:50:00,-0.88925797,0.75153255
2014-12-26 18:00:00,-0.94411886,0.87322694
2014-12-26 18:10:00,-0.90023017,0.75869864
2014-12-26 18:20:00,-0.8014806,0.8577039
2014-12-26 18:30:00,-0.7575919,0.8112331
2014-12-26 18:40:00,-0.6149537,0.7240328
2014-12-26 18:50:00,-0.74661976,0.74025
2014-12-26 19:00:00,-0.73564756,0.72303516
2014-12-26 19:10:00,-0.571065,0.8477794
2014-12-26 19:20:00,-0.7027311,0.67987084
2014-12-26 19:30:00,-0.82342494,0.6043038
2014-12-26 19:40:00,-0.8673136,0.81618583
2014-12-26 19:50:00,-0.955091,0.6517832
2014-12-26 20:00:00,-0.955091,0.65311885
2014-12-26 20:10:00,-0.9660632,0.4790255
2014-12-26 20:20:00,-0.955091,0.68172914
2014-12-26 20:30:00,-0.9660632,-0.21785334
2014-12-26 20:40:00,-0.97703534,-0.14006598
2014-12-26 20:50:00,-0.98800755,-0.23780304
2014-12-26 21:00:00,-0.9660632,-0.26419213
2014-12-26 21:10:00,-0.94411886,-0.25273415
2014-12-26 21:20:00,-0.97703534,-0.2770692
2014-12-26 21:30:00,-0.98800755,-0.28897053
2014-12-26 21:40:00,-0.9989797,-0.2993996
2014-12-26 21:50:00,-0.9989797,-0.31042022
2014-12-26 22:00:00,-1.009952,-0.3786999
2014-12-26 22:10:00,-0.9989797,-0.3785015
2014-12-26 22:20:00,-0.93314666,-0.3783974
2014-12-26 22:30:00,-0.88925797,-0.3784991
2014-12-26 22:40:00,-1.009952,-0.39617342
2014-12-26 22:50:00,-0.93314666,-0.39611232
2014-12-26 23:00:00,-1.009952,-0.39612418
2014-12-26 23:10:00,-0.93314666,-0.34800935
2014-12-26 23:20:00,-0.97703534,-0.3938672
2014-12-26 23:30:00,-0.955091,-0.34583554
2014-12-26 23:40:00,-0.97703534,-0.3451461
2014-12-26 23:50:00,-0.955091,-0.17853762
2014-12-27 00:00:00,-0.97703534,-0.23766941
2014-12-27 00:10:00,-0.9660632,-0.28589022
2014-12-27 00:20:00,-0.955091,-0.24913801
2014-12-27 00:30:00,-0.97703534,-0.20847741
2014-12-27 00:40:00,-0.8124528,-0.2004512
2014-12-27 00:50:00,-0.8453693,-0.24881506
2014-12-27 01:00:00,-0.62592584,-0.3887195
2014-12-27 01:10:00,-0.5271763,-0.38865218
2014-12-27 01:20:00,-0.26384416,-0.38855103
2014-12-27 01:30:00,-0.37356588,-0.39719313
2014-12-27 01:40:00,-0.6588424,-0.47089392
2014-12-27 01:50:00,-0.3625937,-0.44439915
2014-12-27 02:00:00,-0.2089833,-0.43525112
2014-12-27 02:10:00,-0.044400707,-0.38831675
2014-12-27 02:20:00,0.087265365,-0.39107925
2014-12-27 02:30:00,-0.011484189,-0.38699108
2014-12-27 02:40:00,0.12018188,-0.39681995
2014-12-27 02:50:00,0.21893144,-0.39680308
2014-12-27 03:00:00,0.2737923,-0.39670733
2014-12-27 03:10:00,0.25184795,-0.3963106
2014-12-27 03:20:00,0.28476447,-0.3965212
2014-12-27 03:30:00,0.12018188,-0.36464044
2014-12-27 03:40:00,-0.8124528,-0.41003817
2014-12-27 03:50:00,-0.97703534,-0.2559087
2014-12-27 04:00:00,-0.955091,-0.31790665
2014-12-27 04:10:00,-0.9989797,-0.30251706
2014-12-27 04:20:00,-0.9989797,-0.26534706
2014-12-27 04:30:00,-0.955091,-0.21720813
2014-12-27 04:40:00,-0.9112023,-0.21057293
2014-12-27 04:50:00,-0.9221745,-0.3950438
2014-12-27 05:00:00,-0.97703534,-0.17074145
2014-12-27 05:10:00,-0.97703534,-0.18429542
2014-12-27 05:20:00,-0.9112023,0.14777079
2014-12-27 05:30:00,-0.9989797,-0.047454514
2014-12-27 05:40:00,-0.9989797,-0.14023155
2014-12-27 05:50:00,-0.97703534,0.1259589
2014-12-27 06:00:00,-1.009952,0.5668461
2014-12-27 06:10:00,-0.93314666,0.47450858
2014-12-27 06:20:00,-0.94411886,0.5306771
2014-12-27 06:30:00,-0.9989797,0.5094587
2014-12-27 06:40:00,-1.0209241,0.635504
2014-12-27 06:50:00,-1.0318962,0.40105453
2014-12-27 07:00:00,-1.009952,0.223927
2014-12-27 07:10:00,-0.97703534,-0.041688338
2014-12-27 07:20:00,-0.9989797,0.02735512
2014-12-27 07:30:00,-0.97703534,-0.07762016
2014-12-27 07:40:00,-0.9989797,-0.17119974
2014-12-27 07:50:00,-1.009952,-0.17175081
2014-12-27 08:00:00,-1.0428684,-0.2036559
2014-12-27 08:10:00,-1.0318962,-0.16975686
2014-12-27 08:20:00,-0.9989797,-0.27291563
2014-12-27 08:30:00,-1.0318962,-0.22004509
2014-12-27 08:40:00,-1.0209241,-0.26701897
2014-12-27 08:50:00,-1.0209241,-0.32338396
2014-12-27 09:00:00,-1.0318962,-0.36058095
2014-12-27 09:10:00,-0.9989797,-0.25939494
2014-12-27 09:20:00,-0.97703534,-0.33106852
2014-12-27 09:30:00,-0.98800755,-0.37843508
2014-12-27 09:40:00,-0.98800755,-0.37668622
2014-12-27 09:50:00,-1.009952,-0.36982355
2014-12-27 10:00:00,-1.0209241,-0.39765733
2014-12-27 10:10:00,-0.98800755,-0.39713803
2014-12-27 10:20:00,-1.009952,-0.39707726
2014-12-27 10:30:00,-0.9112023,-0.39702904
2014-12-27 10:40:00,-0.9989797,-0.39698386
2014-12-27 10:50:00,-0.90023017,-0.39695027
2014-12-27 11:00:00,-0.98800755,-0.39689714
2014-12-27 11:10:00,-1.0318962,-0.39644304
2014-12-27 11:20:00,-1.0318962,-0.39666572
2014-12-27 11:30:00,-0.9989797,-0.39577037
2014-12-27 11:40:00,-1.009952,-0.39507508
2014-12-27 11:50:00,-1.0209241,-0.28589565
2014-12-27 12:00:00,-1.009952,-0.3481586
2014-12-27 12:10:00,-0.94411886,-0.36537772
2014-12-27 12:20:00,-0.9660632,-0.38781208
2014-12-27 12:30:00,-0.82342494,-0.26141125
2014-12-27 12:40:00,-0.97703534,-0.27055782
2014-12-27 12:50:00,-0.9221745,-0.25538498
2014-12-27 13:00:00,-0.9112023,-0.29341632
2014-12-27 13:10:00,-0.955091,-0.29465938
2014-12-27 13:20:00,-0.9989797,-0.32598832
2014-12-27 13:30:00,-0.99166495,-0.29518718
2014-12-27 13:40:00,-0.98435014,-0.3393165
2014-12-27 13:50:00,-0.97703534,-0.3882887
2014-12-27 14:00:00,-0.97703534,-0.37661698
2014-12-27 14:10:00,-0.74661976,-0.3833931
2014-12-27 14:20:00,-0.033428535,-0.38459164
2014-12-27 14:30:00,0.16407058,-0.38821423
2014-12-27 14:40:00,0.32865316,-0.3788701
2014-12-27 14:50:00,0.41643053,-0.38808268
2014-12-27 15:00:00,0.635874,-0.37884784
2014-12-27 15:10:00,0.43837488,-0.34730226
2014-12-27 15:20:00,0.5480966,-0.3785245
2014-12-27 15:30:00,0.53712445,-0.3776771
2014-12-27 15:40:00,0.09823754,-0.3947691
2014-12-27 15:50:00,-0.17606677,-0.16206086
2014-12-27 16:00:00,-0.4393989,-0.064431295
2014-12-27 16:10:00,-0.6807867,-0.20935872
2014-12-27 16:20:00,-0.74661976,-0.27938622
2014-12-27 16:30:00,-0.6149537,-0.12743346
2014-12-27 16:40:00,-0.7575919,-0.01914166
2014-12-27 16:50:00,-0.7575919,-0.26991543
2014-12-27 17:00:00,-0.7685641,-0.27417862
2014-12-27 17:10:00,-0.9221745,-0.2606593
2014-12-27 17:20:00,-0.9112023,-0.29108566
2014-12-27 17:30:00,-0.88925797,-0.2001601
2014-12-27 17:40:00,-0.73564756,-0.2797678
2014-12-27 17:50:00,-0.31870502,-0.20348781
2014-12-27 18:00:00,-0.37356588,-0.27383333
2014-12-27 18:10:00,-0.42842674,-0.21505427
2014-12-27 18:20:00,-0.18703894,0.145377
2014-12-27 18:30:00,0.24087578,0.7317489
2014-12-27 18:40:00,0.20795926,0.72779125
2014-12-27 18:50:00,-0.05537288,1.0078961
2014-12-27 19:00:00,-0.07731722,1.2980853
2014-12-27 19:10:00,0.021432329,1.3430648
2014-12-27 19:20:00,0.8114287,1.0579956
2014-12-27 19:30:00,0.40545836,0.99206334
2014-12-27 19:40:00,-0.21995547,0.54744935
2014-12-27 19:50:00,-0.4064824,0.22643998
2014-12-27 20:00:00,-0.30773285,-0.13405967
2014-12-27 20:10:00,-0.4503711,-0.19569835
2014-12-27 20:20:00,-0.4503711,-0.19917949
2014-12-27 20:30:00,-0.30773285,-0.03979571
2014-12-27 20:40:00,-0.23092765,-0.09092943
2014-12-27 20:50:00,-0.252872,-0.1645274
2014-12-27 21:00:00,-0.044400707,-0.14330235
2014-12-27 21:10:00,-0.505232,-0.14468762
2014-12-27 21:20:00,-0.7246754,-0.14307848
2014-12-27 21:30:00,-0.90023017,-0.23457216
2014-12-27 21:40:00,-0.8563415,-0.18758225
2014-12-27 21:50:00,-0.8673136,-0.10801136
2014-12-27 22:00:00,-0.93314666,-0.10012488
2014-12-27 22:10:00,-0.955091,-0.12158179
2014-12-27 22:20:00,-0.97703534,0.19593015
2014-12-27 22:30:00,-0.9112023,0.7453667
2014-12-27 22:40:00,-0.90023017,0.78328276
2014-12-27 22:50:00,-0.9221745,0.52356017
2014-12-27 23:00:00,-0.9112023,0.5774829
2014-12-27 23:10:00,-0.90023017,0.80460125
2014-12-27 23:20:00,-0.9221745,1.1917477
2014-12-27 23:30:00,-0.93314666,0.61421186
2014-12-27 23:40:00,-0.9112023,0.09161226
2014-12-27 23:50:00,-0.88925797,0.17755088
2014-12-28 00:00:00,-0.93314666,0.16799006
2014-12-28 00:10:00,-0.8563415,0.016043603
2014-12-28 00:20:00,-0.8782858,0.018216796
2014-12-28 00:30:00,-0.8673136,-0.0008460237
2014-12-28 00:40:00,-0.74661976,0.16501653
2014-12-28 00:50:00,-0.8782858,0.16024637
2014-12-28 01:00:00,-0.7575919,0.046712868
2014-12-28 01:10:00,-0.6588424,-0.12825437
2014-12-28 01:20:00,0.021432329,-0.19305383
2014-12-28 01:30:00,0.18601492,-0.13231143
2014-12-28 01:40:00,-0.0005120168,-0.19285256
2014-12-28 01:50:00,0.19698709,-0.21532978
2014-12-28 02:00:00,0.3944862,-0.27381843
2014-12-28 02:10:00,0.41094446,-0.3077773
2014-12-28 02:20:00,0.4274027,-0.30086032
2014-12-28 02:30:00,0.44386098,-0.3563551
2014-12-28 02:40:00,0.46031922,-0.39189515
2014-12-28 02:50:00,0.4767775,-0.38223994
2014-12-28 03:00:00,0.49323574,-0.37908506
2014-12-28 03:10:00,0.87726176,-0.3963686
2014-12-28 03:20:00,1.0226431,-0.3963744
2014-12-28 03:30:00,1.1680243,-0.3497442
2014-12-28 03:40:00,1.3134056,-0.34614795
2014-12-28 03:50:00,1.458787,-0.21704623
2014-12-28 04:00:00,1.6041682,-0.21791342
2014-12-28 04:10:00,1.7495495,-0.2483542
2014-12-28 04:20:00,1.8949308,-0.24876827
2014-12-28 04:30:00,2.040312,-0.049205832
2014-12-28 04:40:00,2.1856933,-0.20041728
2014-12-28 04:50:00,2.3310747,-0.24874869
2014-12-28 05:00:00,2.476456,-0.06697459
2014-12-28 05:10:00,2.6218371,-0.054934874
2014-12-28 05:20:00,2.797392,0.19862573
2014-12-28 05:30:00,3.1594737,0.72837126
2014-12-28 05:40:00,3.181418,0.6251592
2014-12-28 05:50:00,3.0168355,0.7682926
2014-12-28 06:00:00,2.929058,1.2242975
2014-12-28 06:10:00,2.7644753,1.0502118
2014-12-28 06:20:00,2.7535033,0.7958227
2014-12-28 06:30:00,2.8083642,0.7589248
2014-12-28 06:40:00,2.929058,0.8602208
2014-12-28 06:50:00,2.863225,0.38861534
2014-12-28 07:00:00,2.742531,0.31528878
2014-12-28 07:10:00,2.3146164,0.30552623
2014-12-28 07:20:00,2.4023938,0.35212386
2014-12-28 07:30:00,2.5340598,1.106591
2014-12-28 07:40:00,2.226839,1.2270494
2014-12-28 07:50:00,2.2048948,1.2872646
2014-12-28 08:00:00,2.2597556,1.2423542
2014-12-28 08:10:00,2.3146164,1.2268119
2014-12-28 08:20:00,2.3914216,1.1862984
2014-12-28 08:30:00,2.468227,1.2669402
2014-12-28 08:40:00,0.57004094,1.1177807
2014-12-28 08:50:00,-0.38453805,1.2260319
2014-12-28 09:00:00,-0.47231543,1.1845948
2014-12-28 09:10:00,-0.4064824,1.1274145
2014-12-28 09:20:00,-0.41745457,1.1847578
2014-12-28 09:30:00,-0.6039815,1.2248772
2014-12-28 09:40:00,-0.88925797,1.1275365
2014-12-28 09:50:00,-0.8673136,1.224675
2014-12-28 10:00:00,-0.955091,1.065747
2014-12-28 10:10:00,-0.7575919,0.9923995
2014-12-28 10:20:00,-0.9112023,1.1263145
2014-12-28 10:30:00,-0.94411886,1.0502237
2014-12-28 10:40:00,-0.955091,1.0350391
2014-12-28 10:50:00,-0.9221745,1.0573388
2014-12-28 11:00:00,-0.90023017,1.0330813
2014-12-28 11:10:00,-0.90023017,1.2229489
2014-12-28 11:20:00,-0.8782858,1.125619
2014-12-28 11:30:00,-0.9112023,1.0205023
2014-12-28 11:40:00,-0.9989797,1.0165558
2014-12-28 11:50:00,-0.9221745,1.1676292
2014-12-28 12:00:00,-0.94411886,1.1227039
2014-12-28 12:10:00,-1.0209241,1.104463
2014-12-28 12:20:00,-0.93314666,1.1044674
2014-12-28 12:30:00,-0.97703534,0.9047211
2014-12-28 12:40:00,-0.955091,0.98573506
2014-12-28 12:50:00,-0.9221745,0.71247226
2014-12-28 13:00:00,-0.94411886,0.013097563
2014-12-28 13:10:00,-0.94411886,-0.023762114
2014-12-28 13:20:00,-0.94411886,-0.19581255
2014-12-28 13:30:00,-0.94411886,-0.14805412
2014-12-28 13:40:00,-0.9660632,-0.21436802
2014-12-28 13:50:00,-0.77953625,-0.30535194
2014-12-28 14:00:00,-0.6588424,-0.3306788
2014-12-28 14:10:00,-0.088289395,-0.28240538
2014-12-28 14:20:00,-0.26384416,-0.29146194
2014-12-28 14:30:00,-0.2089833,-0.37217292
2014-12-28 14:40:00,-0.74661976,-0.39713755
2014-12-28 14:50:00,-0.9989797,-0.39704257
2014-12-28 15:00:00,-0.9660632,-0.3969715
2014-12-28 15:10:00,-1.009952,-0.39641768
2014-12-28 15:20:00,-1.009952,-0.39662492
2014-12-28 15:30:00,-1.009952,-0.39568216
2014-12-28 15:40:00,-0.9989797,-0.39500841
2014-12-28 15:50:00,-0.9660632,-0.28554237
2014-12-28 16:00:00,-0.94411886,-0.34803563
2014-12-28 16:10:00,-0.9989797,-0.39623514
2014-12-28 16:20:00,-1.0209241,-0.39662397
2014-12-28 16:30:00,-1.009952,-0.31591326
2014-12-28 16:40:00,-0.9660632,-0.31830359
2014-12-28 16:50:00,-0.955091,-0.4121423
2014-12-28 17:00:00,-0.9989797,-0.34840295
2014-12-28 17:10:00,-0.9112023,-0.32960746
2014-12-28 17:20:00,-0.90023017,-0.24003094
2014-12-28 17:30:00,-0.94411886,-0.25726458
2014-12-28 17:40:00,-0.98800755,-0.2497155
2014-12-28 17:50:00,-0.9660632,-0.25398484
2014-12-28 18:00:00,-0.9989797,-0.18678722
2014-12-28 18:10:00,-0.94411886,0.041681133
2014-12-28 18:20:00,-0.9112023,0.052477084
2014-12-28 18:30:00,-0.8673136,0.12974489
2014-12-28 18:40:00,-0.58203715,-0.19884913
2014-12-28 18:50:00,-0.90023017,-0.25368863
2014-12-28 19:00:00,-0.93314666,-0.2575295
2014-12-28 19:10:00,-0.9660632,-0.31702343
2014-12-28 19:20:00,-0.9221745,-0.25703833
2014-12-28 19:30:00,-0.93314666,-0.18877745
2014-12-28 19:40:00,-0.955091,-0.29655808
2014-12-28 19:50:00,-0.9221745,-0.22791517
2014-12-28 20:00:00,-0.9221745,-0.30900654
2014-12-28 20:10:00,-0.98800755,-0.38638318
2014-12-28 20:20:00,-0.955091,-0.38174915
2014-12-28 20:30:00,-0.73564756,-0.29740277
2014-12-28 20:40:00,-0.6917589,-0.3293513
2014-12-28 20:50:00,-0.7027311,-0.39646396
2014-12-28 21:00:00,-0.5162041,-0.39696956
2014-12-28 21:10:00,-0.46134326,-0.39694375
2014-12-28 21:20:00,-0.59300935,-0.39688137
2014-12-28 21:30:00,-0.62592584,-0.3968653
2014-12-28 21:40:00,-0.6478702,-0.39682943
2014-12-28 21:50:00,-0.6149537,-0.3967861
2014-12-28 22:00:00,-0.30773285,-0.3967281
2014-12-28 22:10:00,-0.21995547,-0.218256
2014-12-28 22:20:00,-0.15412243,-0.24862601
2014-12-28 22:30:00,-0.19801112,-0.19956562
2014-12-28 22:40:00,-0.15412243,-0.19936201
2014-12-28 22:50:00,-0.022456361,-0.122254826
2014-12-28 23:00:00,0.13115406,-0.1222763
2014-12-28 23:10:00,0.28476447,-0.12185318
2014-12-28 23:20:00,1.0089278,-0.058857106
2014-12-28 23:30:00,1.2283713,-0.06504921
2014-12-28 23:40:00,0.48226357,-0.14683628
2014-12-28 23:50:00,0.07629319,0.014338029
2014-12-29 00:00:00,-0.15412243,0.011448928
2014-12-29 00:10:00,-0.11023374,-0.025552034
2014-12-29 00:20:00,-0.05537288,-0.09221908
2014-12-29 00:30:00,-0.31870502,-0.058098216
2014-12-29 00:40:00,-0.26384416,-0.0036419397
2014-12-29 00:50:00,-0.27481633,-0.15414721
2014-12-29 01:00:00,-0.46134326,-0.19472039
2014-12-29 01:10:00,-0.5162041,-0.076175004
2014-12-29 01:20:00,-0.4503711,-0.058755282
2014-12-29 01:30:00,-0.5600928,-0.13757333
2014-12-29 01:40:00,-0.6149537,-0.06501043
2014-12-29 01:50:00,-0.54912066,-0.13135645
2014-12-29 02:00:00,-0.35162154,0.077621676
2014-12-29 02:10:00,0.10920971,0.1585655
2014-12-29 02:20:00,0.31768098,0.15764125
2014-12-29 02:30:00,0.25184795,0.12680364
2014-12-29 02:40:00,0.09823754,0.03638465
2014-12-29 02:50:00,0.3505975,0.09693183
2014-12-29 03:00:00,0.6578183,0.13274407
2014-12-29 03:10:00,0.73462355,0.41136292
2014-12-29 03:20:00,1.7221191,1.2386644
2014-12-29 03:30:00,2.095173,1.2540108
2014-12-29 03:40:00,2.2487833,0.88574594
2014-12-29 03:50:00,2.2707276,0.22238624
2014-12-29 04:00:00,2.1171172,0.09375779
2014-12-29 04:10:00,1.8537852,-0.15026766
2014-12-29 04:20:00,-0.58203715,-0.21350788
2014-12-29 04:30:00,-0.83439714,0.02981127
2014-12-29 04:40:00,-0.9112023,-0.20392525
2014-12-29 04:50:00,-0.9660632,-0.0890478
2014-12-29 05:00:00,-0.9989797,0.0060186023
2014-12-29 05:10:00,-0.98800755,-0.11905846
2014-12-29 05:20:00,-0.9989797,-0.047649518
2014-12-29 05:30:00,-0.97703534,-0.11072181
2014-12-29 05:40:00,-1.009952,-0.09617702
2014-12-29 05:50:00,-0.955091,-0.10096643
2014-12-29 06:00:00,-0.9660632,-0.095350266
2014-12-29 06:10:00,-0.98800755,0.198145
2014-12-29 06:20:00,-0.9989797,0.119935
2014-12-29 06:30:00,-0.90023017,0.15942457
2014-12-29 06:40:00,-0.98800755,0.28284556
2014-12-29 06:50:00,-0.97703534,0.80080265
2014-12-29 07:00:00,-0.97703534,0.95670396
2014-12-29 07:10:00,-1.0318962,1.017747
2014-12-29 07:20:00,-1.0318962,1.3179644
2014-12-29 07:30:00,-1.0318962,0.91982
2014-12-29 07:40:00,-1.0428684,0.9654108
2014-12-29 07:50:00,-0.98800755,1.1489661
2014-12-29 08:00:00,-0.9989797,1.0012466
2014-12-29 08:10:00,-0.97703534,0.9898135
2014-12-29 08:20:00,-0.97703534,0.053273536
2014-12-29 08:30:00,-1.009952,0.18415079
2014-12-29 08:40:00,-0.9660632,-0.03929139
2014-12-29 08:50:00,-0.93314666,-0.109624006
2014-12-29 09:00:00,-0.97703534,-0.23902994
2014-12-29 09:10:00,-0.9989797,-0.29394272
2014-12-29 09:20:00,-0.82342494,-0.28236645
2014-12-29 09:30:00,-0.8453693,-0.35717854
2014-12-29 09:40:00,-0.955091,-0.32208458
2014-12-29 09:50:00,-1.009952,-0.355272
2014-12-29 10:00:00,-0.98800755,-0.41276976
2014-12-29 10:10:00,-0.97703534,-0.39674842
2014-12-29 10:20:00,-0.9660632,-0.39666402
2014-12-29 10:30:00,-0.94411886,-0.39660197
2014-12-29 10:40:00,-0.94411886,-0.39651713
2014-12-29 10:50:00,-0.98800755,-0.39649916
2014-12-29 11:00:00,-1.009952,-0.39644912
2014-12-29 11:10:00,-0.9989797,-0.39597794
2014-12-29 11:20:00,-0.9989797,-0.39622474
2014-12-29 11:30:00,-1.009952,-0.39538187
2014-12-29 11:40:00,-0.9112023,-0.39460543
2014-12-29 11:50:00,-0.7685641,-0.28492194
2014-12-29 12:00:00,-0.62592584,-0.34767836
2014-12-29 12:10:00,-0.47231543,-0.39583814
2014-12-29 12:20:00,-0.38453805,-0.39622492
2014-12-29 12:30:00,-0.21995547,-0.31549865
2014-12-29 12:40:00,-0.13217808,-0.3481458
2014-12-29 12:50:00,-0.044400707,-0.39620024
2014-12-29 13:00:00,0.22990361,-0.3879208
2014-12-29 13:10:00,0.57004094,-0.38488236
2014-12-29 13:20:00,0.7894844,-0.46097308
2014-12-29 13:30:00,0.3067088,-0.45478916
2014-12-29 13:40:00,-0.252872,-0.45571232
2014-12-29 13:50:00,-0.38453805,-0.44868764
2014-12-29 14:00:00,-0.23092765,-0.45071715
2014-12-29 14:10:00,-0.07731722,-0.40874398
2014-12-29 14:20:00,0.043376673,-0.38772875
2014-12-29 14:30:00,1.1186496,-0.38765723
2014-12-29 14:40:00,1.590453,-0.39634925
2014-12-29 14:50:00,1.3710096,-0.38758904
2014-12-29 15:00:00,0.87726176,-0.3962876
2014-12-29 15:10:00,0.87726176,-0.3958081
2014-12-29 15:20:00,0.76754004,-0.3959895
2014-12-29 15:30:00,0.6578183,-0.29731897
2014-12-29 15:40:00,0.5042079,-0.24541102
2014-12-29 15:50:00,0.2737923,-0.17625475
2014-12-29 16:00:00,0.32865316,-0.18240154
2014-12-29 16:10:00,0.41643053,-0.14823988
2014-12-29 16:20:00,0.5151801,-0.067292474
2014-12-29 16:30:00,0.38351402,0.1277771
2014-12-29 16:40:00,0.3944862,0.30048817
2014-12-29 16:50:00,0.26282012,0.23183882
2014-12-29 17:00:00,0.38351402,0.48471823
2014-12-29 17:10:00,0.3505975,1.0767435
2014-12-29 17:20:00,0.36156967,1.3120327
2014-12-29 17:30:00,0.46031922,0.766881
2014-12-29 17:40:00,0.69073486,0.090662144
2014-12-29 17:50:00,0.72365135,-0.14277737
2014-12-29 18:00:00,0.97601134,-0.19533911
2014-12-29 18:10:00,1.1186496,-0.42808264
2014-12-29 18:20:00,1.403926,-0.25995645
2014-12-29 18:30:00,1.5355921,0.17959271
2014-12-29 18:40:00,1.4807312,0.3531272
2014-12-29 18:50:00,1.6672583,1.2271178
2014-12-29 19:00:00,1.6892025,0.18455318
2014-12-29 19:10:00,1.908646,0.2204735
2014-12-29 19:20:00,1.6782304,0.59325415
2014-12-29 19:30:00,1.6233696,0.49203652
2014-12-29 19:40:00,1.3051765,0.12552682
2014-12-29 19:50:00,1.085733,0.21235628
2014-12-29 20:00:00,1.0747609,0.17817096
2014-12-29 20:10:00,1.1405939,0.23327932
2014-12-29 20:20:00,-0.37356588,0.08318315
2014-12-29 20:30:00,-0.8563415,-0.029517613
2014-12-29 20:40:00,-0.88925797,0.11074535
2014-12-29 20:50:00,-0.9221745,0.06463819
2014-12-29 21:00:00,-0.97703534,0.10158233
2014-12-29 21:10:00,-0.9112023,0.23537394
2014-12-29 21:20:00,-0.93314666,0.2749974
2014-12-29 21:30:00,-0.94411886,0.09105036
2014-12-29 21:40:00,-0.9660632,0.10292824
2014-12-29 21:50:00,-1.0209241,0.10328591
2014-12-29 22:00:00,-1.0209241,0.20293278
2014-12-29 22:10:00,-0.93314666,0.15524943
2014-12-29 22:20:00,-1.0209241,0.98081976
2014-12-29 22:30:00,-0.98800755,0.97999316
2014-12-29 22:40:00,-1.009952,0.87286144
2014-12-29 22:50:00,-0.9660632,0.77548367
2014-12-29 23:00:00,-0.97703534,0.8828822
2014-12-29 23:10:00,-0.9989797,1.0421678
2014-12-29 23:20:00,-0.94411886,0.92564136
2014-12-29 23:30:00,-1.009952,0.9460938
2014-12-29 23:40:00,-0.9660632,0.9952095
2014-12-29 23:50:00,-0.97703534,0.965978
2014-12-30 00:00:00,-0.9660632,0.8398621
2014-12-30 00:10:00,-0.93314666,0.7126251
2014-12-30 00:20:00,-0.9660632,-0.14054762
2014-12-30 00:30:00,-0.9660632,-0.09901474
2014-12-30 00:40:00,-0.9660632,-0.21049383
2014-12-30 00:50:00,-0.9660632,-0.2680082
2014-12-30 01:00:00,-0.9660632,-0.31956807
2014-12-30 01:10:00,-0.9660632,-0.34864146
2014-12-30 01:20:00,-0.9660632,-0.3687633
2014-12-30 01:30:00,-0.9660632,-0.3693209
2014-12-30 01:40:00,-0.9660632,-0.36082232
2014-12-30 01:50:00,-0.9660632,-0.36973858
2014-12-30 02:00:00,-0.9660632,-0.37896797
2014-12-30 02:10:00,-0.94411886,-0.37880433
2014-12-30 02:20:00,-0.98800755,-0.3965332
2014-12-30 02:30:00,-1.0209241,-0.39648914
2014-12-30 02:40:00,-1.009952,-0.39642978
2014-12-30 02:50:00,-1.0318962,-0.39636818
2014-12-30 03:00:00,-1.0538406,-0.39631242
2014-12-30 03:10:00,-1.0538406,-0.39586192
2014-12-30 03:20:00,-1.0209241,-0.3960699
2014-12-30 03:30:00,-1.0318962,-0.39518878
2014-12-30 03:40:00,-1.009952,-0.39447653
2014-12-30 03:50:00,-1.0209241,-0.28475556
2014-12-30 04:00:00,-1.0318962,-0.34751782
2014-12-30 04:10:00,-0.9989797,-0.3957067
2014-12-30 04:20:00,-0.9989797,-0.39612758
2014-12-30 04:30:00,-0.9989797,-0.3063803
2014-12-30 04:40:00,-1.009952,-0.33923864
2014-12-30 04:50:00,-0.97703534,-0.3873775
2014-12-30 05:00:00,-0.9112023,-0.44655782
2014-12-30 05:10:00,-0.8673136,-0.44730893
2014-12-30 05:20:00,-0.9660632,-0.4404381
2014-12-30 05:30:00,-0.8782858,-0.42397568
2014-12-30 05:40:00,-0.93314666,-0.4210389
2014-12-30 05:50:00,-0.955091,-0.41442525
2014-12-30 06:00:00,-0.94411886,-0.4067863
2014-12-30 06:10:00,-0.8782858,-0.3800219
2014-12-30 06:20:00,-0.74661976,-0.38750356
2014-12-30 06:30:00,-0.73564756,-0.3789878
2014-12-30 06:40:00,-0.59300935,-0.3961767
2014-12-30 06:50:00,-0.5162041,-0.3961421
2014-12-30 07:00:00,-0.39551023,-0.39611495
2014-12-30 07:10:00,-0.5162041,-0.3956902
2014-12-30 07:20:00,-0.30773285,-0.3959123
2014-12-30 07:30:00,-0.1650946,-0.39501435
2014-12-30 07:40:00,-0.05537288,-0.39429712
2014-12-30 07:50:00,-0.022456361,-0.28452072
2014-12-30 08:00:00,0.054348845,-0.34733018
2014-12-30 08:10:00,0.18601492,-0.39550608
2014-12-30 08:20:00,0.18601492,-0.39593372
2014-12-30 08:30:00,0.28476447,-0.31519875
2014-12-30 08:40:00,0.49323574,-0.34786254
2014-12-30 08:50:00,0.3944862,-0.39590988
2014-12-30 09:00:00,-0.05537288,-0.386982
2014-12-30 09:10:00,-0.21995547,-0.3875942
2014-12-30 09:20:00,-0.53814846,-0.3962672
2014-12-30 09:30:00,-0.3625937,-0.38751036
2014-12-30 09:40:00,-0.31870502,-0.38742578
2014-12-30 09:50:00,-0.4064824,-0.36865932
2014-12-30 10:00:00,-0.21995547,-0.37826908
2014-12-30 10:10:00,-0.27481633,-0.3684439
2014-12-30 10:20:00,-0.14315026,-0.28872758
2014-12-30 10:30:00,0.054348845,-0.26019546
2014-12-30 10:40:00,0.2737923,-0.2980353
2014-12-30 10:50:00,0.16407058,-0.23071745
2014-12-30 11:00:00,0.25184795,0.093129925
2014-12-30 11:10:00,0.46031922,-0.15447772
2014-12-30 11:20:00,0.8553174,0.06238524
2014-12-30 11:30:00,0.69073486,0.213846
2014-12-30 11:40:00,0.67976266,0.19570504
2014-12-30 11:50:00,0.49323574,0.44555506
2014-12-30 12:00:00,0.1530984,0.4545979
2014-12-30 12:10:00,-0.17606677,0.4412785
2014-12-30 12:20:00,0.021432329,0.15038803
2014-12-30 12:30:00,-0.19801112,-0.06115646
2014-12-30 12:40:00,-0.13217808,0.06992019
2014-12-30 12:50:00,-0.11023374,0.03683174
2014-12-30 13:00:00,-0.13217808,-0.27117985
2014-12-30 13:10:00,-0.05537288,-0.37342948
2014-12-30 13:20:00,-0.2089833,-0.10731337
2014-12-30 13:30:00,-0.12120591,-0.06546431
2014-12-30 13:40:00,-0.05537288,-0.348512
2014-12-30 13:50:00,-0.47231543,-0.267228
2014-12-30 14:00:00,-0.41745457,-0.27181062
2014-12-30 14:10:00,1.4697591,-0.114905365
2014-12-30 14:20:00,0.19698709,-0.015968487
2014-12-30 14:30:00,0.087265365,-0.17187026
2014-12-30 14:40:00,-0.73564756,-0.15953587
2014-12-30 14:50:00,-0.8673136,-0.12161172
2014-12-30 15:00:00,-0.94411886,0.10114072
2014-12-30 15:10:00,-0.955091,0.5504337
2014-12-30 15:20:00,-0.9989797,0.68335617
2014-12-30 15:30:00,-0.98800755,0.41994646
2014-12-30 15:40:00,-0.97703534,0.4815563
2014-12-30 15:50:00,-0.9989797,0.23644257
2014-12-30 16:00:00,-0.93314666,0.13929555
2014-12-30 16:10:00,-0.955091,0.12923843
2014-12-30 16:20:00,-0.9660632,0.16761254
2014-12-30 16:30:00,-0.97703534,-0.027285255
2014-12-30 16:40:00,-0.90023017,0.005755254
2014-12-30 16:50:00,-0.9112023,-0.0060578873
2014-12-30 17:00:00,-0.97703534,-0.19406101
2014-12-30 17:10:00,-0.9660632,-0.16471982
2014-12-30 17:20:00,-0.94411886,-0.21876281
2014-12-30 17:30:00,-0.94411886,-0.26325873
2014-12-30 17:40:00,-0.9660632,-0.19708073
2014-12-30 17:50:00,-0.9221745,-0.2509737
2014-12-30 18:00:00,-0.9221745,-0.18304676
2014-12-30 18:10:00,-0.9660632,0.24022067
2014-12-30 18:20:00,-0.8782858,0.10757385
2014-12-30 18:30:00,-0.8453693,0.12673831
2014-12-30 18:40:00,-0.9221745,-0.17169479
2014-12-30 18:50:00,-0.9112023,-0.1522921
2014-12-30 19:00:00,-0.90023017,-0.19207181
2014-12-30 19:10:00,-0.8782858,-0.04716227
2014-12-30 19:20:00,-0.8563415,0.014987261
2014-12-30 19:30:00,-0.8563415,-0.17061368
2014-12-30 19:40:00,-0.98800755,0.22574037
2014-12-30 19:50:00,-0.94411886,-0.07662673
2014-12-30 20:00:00,-0.94411886,-0.1601938
2014-12-30 20:10:00,-0.90023017,-0.21534787
2014-12-30 20:20:00,-0.955091,-0.20982265
2014-12-30 20:30:00,-0.90023017,-0.1530051
2014-12-30 20:40:00,-0.8014806,-0.1426107
2014-12-30 20:50:00,-0.6807867,-0.1837269
2014-12-30 21:00:00,-0.82342494,-0.22693628
2014-12-30 21:10:00,-0.9221745,-0.29849955
2014-12-30 21:20:00,-0.9221745,-0.20918976
2014-12-30 21:30:00,-0.9989797,-0.2281003
2014-12-30 21:40:00,-1.009952,-0.21018846
2014-12-30 21:50:00,-0.90023017,-0.24439803
2014-12-30 22:00:00,-0.7575919,-0.24533197
2014-12-30 22:10:00,-0.6807867,-0.2777108
2014-12-30 22:20:00,-0.5600928,-0.30082604
2014-12-30 22:30:00,-0.5271763,-0.34681067
2014-12-30 22:40:00,-0.54912066,-0.32363218
2014-12-30 22:50:00,-0.53814846,-0.37572414
2014-12-30 23:00:00,-0.34064937,-0.3862176
2014-12-30 23:10:00,-0.07731722,-0.37780467
2014-12-30 23:20:00,-0.06634505,-0.36845413
2014-12-30 23:30:00,0.5151801,-0.38622183
2014-12-30 23:40:00,1.3819817,-0.3942898
2014-12-30 23:50:00,0.8662896,-0.2846368
2014-12-31 00:00:00,0.58101314,-0.363949
2014-12-31 00:10:00,0.36156967,-0.35108292
2014-12-31 00:20:00,0.29573664,-0.38424802
2014-12-31 00:30:00,0.20795926,-0.2605259
2014-12-31 00:40:00,0.12018188,-0.2985196
2014-12-31 00:50:00,0.19698709,-0.2564292
2014-12-31 01:00:00,0.17504275,-0.26452035
2014-12-31 01:10:00,0.33962533,-0.26488107
2014-12-31 01:20:00,0.57004094,-0.25665277
2014-12-31 01:30:00,0.69073486,-0.26473737
2014-12-31 01:40:00,0.77851224,-0.25665087
2014-12-31 01:50:00,1.0747609,-0.1548828
2014-12-31 02:00:00,1.4697591,-0.058751255
2014-12-31 02:10:00,1.7550356,-0.06555887
2014-12-31 02:20:00,1.8757294,-0.068169914
2014-12-31 02:30:00,1.5794809,-0.07587169
2014-12-31 02:40:00,1.5575365,-0.07867612
2014-12-31 02:50:00,1.206427,-0.0872399
2014-12-31 03:00:00,1.0308722,0.17196147
2014-12-31 03:10:00,0.69073486,0.23015235
2014-12-31 03:20:00,1.0308722,0.2782685
2014-12-31 03:30:00,0.954067,1.1832265
2014-12-31 03:40:00,1.27226,1.8589541
2014-12-31 03:50:00,1.3710096,1.5679085
2014-12-31 04:00:00,1.085733,1.145634
2014-12-31 04:10:00,1.1735104,0.812142
2014-12-31 04:20:00,1.3929539,0.6978459
2014-12-31 04:30:00,1.7440634,0.23015897
2014-12-31 04:40:00,0.8992061,-0.19209106
2014-12-31 04:50:00,0.93212265,0.117931
2014-12-31 05:00:00,0.9979557,0.21321175
2014-12-31 05:10:00,1.0308722,0.3507833
2014-12-31 05:20:00,1.0308722,0.20022538
2014-12-31 05:30:00,1.0089278,0.28879184
2014-12-31 05:40:00,1.1844826,0.35007977
2014-12-31 05:50:00,1.3600373,0.2530418
2014-12-31 06:00:00,1.6343417,1.0797806
2014-12-31 06:10:00,2.3804495,0.8589884
2014-12-31 06:20:00,2.5011432,1.1079627
2014-12-31 06:30:00,2.731559,1.1328952
2014-12-31 06:40:00,2.4901712,1.2275641
2014-12-31 06:50:00,2.7205868,1.1873746
2014-12-31 07:00:00,2.8851693,1.2269288
2014-12-31 07:10:00,3.126557,1.1073033
2014-12-31 07:20:00,3.2143345,1.0863334
2014-12-31 07:30:00,3.1594737,1.0767933
2014-12-31 07:40:00,3.7739153,0.9449069
2014-12-31 07:50:00,2.5669763,0.991144
2014-12-31 08:00:00,2.0183678,0.8371258
2014-12-31 08:10:00,1.7989243,0.8455294
2014-12-31 08:20:00,1.3271209,0.89297044
2014-12-31 08:30:00,0.6578183,1.008319
2014-12-31 08:40:00,0.6578183,0.81712717
2014-12-31 08:50:00,-0.088289395,0.7748856
2014-12-31 09:00:00,-0.4503711,0.7616056
2014-12-31 09:10:00,-0.34064937,0.65220827
2014-12-31 09:20:00,-0.571065,0.9793578
2014-12-31 09:30:00,-0.74661976,0.9275766
2014-12-31 09:40:00,-0.73564756,0.9351819
2014-12-31 09:50:00,-0.6039815,0.8768702
2014-12-31 10:00:00,-0.63689804,1.1063422
2014-12-31 10:10:00,-0.6478702,1.0640764
2014-12-31 10:20:00,0.10920971,0.9809797
2014-12-31 10:30:00,0.8224009,1.2267292
2014-12-31 10:40:00,2.1171172,1.2139499
2014-12-31 10:50:00,2.4572546,1.0861309
2014-12-31 11:00:00,2.6437817,1.0860626
2014-12-31 11:10:00,2.8741972,1.0853347
2014-12-31 11:20:00,2.983919,0.9484269
2014-12-31 11:30:00,2.9948912,0.97737527
2014-12-31 11:40:00,2.983919,1.0137624
2014-12-31 11:50:00,2.3914216,0.98818094
2014-12-31 12:00:00,0.9650392,0.9169694
2014-12-31 12:10:00,0.77851224,0.8305947
2014-12-31 12:20:00,0.3944862,0.85342085
2014-12-31 12:30:00,0.26282012,0.9598895
2014-12-31 12:40:00,0.44934705,0.892999
2014-12-31 12:50:00,0.3505975,0.5157847
2014-12-31 13:00:00,0.37254184,-0.1833382
2014-12-31 13:10:00,-0.4832876,-0.18333416
2014-12-31 13:20:00,-0.571065,-0.18293567
2014-12-31 13:30:00,-0.8014806,-0.2258962
2014-12-31 13:40:00,-0.79050845,-0.22862706
2014-12-31 13:50:00,-0.8782858,-0.2142008
2014-12-31 14:00:00,-0.8563415,-0.23506989
2014-12-31 14:10:00,0.21893144,-0.16744465
2014-12-31 14:20:00,0.09823754,-0.18105496
2014-12-31 14:30:00,0.13115406,0.12107428
2014-12-31 14:40:00,0.3067088,1.2222433
2014-12-31 14:50:00,0.701707,1.3969114
2014-12-31 15:00:00,0.6468462,1.3686445
2014-12-31 15:10:00,0.97601134,1.4385519
2014-12-31 15:20:00,-0.033428535,1.4287331
2014-12-31 15:30:00,-0.2089833,1.7023956
2014-12-31 15:40:00,-0.79050845,1.3547981
2014-12-31 15:50:00,-0.82342494,1.4518555
2014-12-31 16:00:00,-0.9989797,1.4685403
2014-12-31 16:10:00,-0.9989797,1.3879983
2014-12-31 16:20:00,-0.955091,1.1776729
2014-12-31 16:30:00,-0.9112023,1.054835
2014-12-31 16:40:00,-0.9221745,0.9275764
2014-12-31 16:50:00,-0.82342494,0.40334684
2014-12-31 17:00:00,-0.571065,0.1877664
2014-12-31 17:10:00,-0.5600928,0.15109232
2014-12-31 17:20:00,-0.29676068,0.0832873
2014-12-31 17:30:00,-0.38453805,0.03095135
2014-12-31 17:40:00,-0.49425977,-0.035747204
2014-12-31 17:50:00,-0.4393989,0.0035128193
2014-12-31 18:00:00,-0.4064824,0.05104153
2014-12-31 18:10:00,-0.23092765,0.2773058
2014-12-31 18:20:00,-0.7137032,0.23370168
2014-12-31 18:30:00,-0.8124528,0.20258142
2014-12-31 18:40:00,-0.8782858,0.14711037
2014-12-31 18:50:00,-1.009952,1.0056759
2014-12-31 19:00:00,-0.9221745,1.3869307
2014-12-31 19:10:00,-0.98800755,1.7531796
2014-12-31 19:20:00,-0.97703534,1.025169
2014-12-31 19:30:00,-0.8782858,0.46843356
2014-12-31 19:40:00,-0.9989797,0.10431077
2014-12-31 19:50:00,-1.009952,0.41932744
2014-12-31 20:00:00,-0.9989797,0.1053835
2014-12-31 20:10:00,-1.009952,0.04958842
2014-12-31 20:20:00,-1.009952,0.18823814
2014-12-31 20:30:00,-1.009952,0.15008327
2014-12-31 20:40:00,-1.009952,0.043274637
2014-12-31 20:50:00,-1.0209241,-0.12313969
2014-12-31 21:00:00,-0.9660632,-0.011793728
2014-12-31 21:10:00,-0.9112023,-0.0020009866
2014-12-31 21:20:00,-0.97703534,-0.104388975
2014-12-31 21:30:00,-0.9989797,-0.23839879
2014-12-31 21:40:00,-0.97703534,-0.09773285
2014-12-31 21:50:00,-1.009952,0.0980682
2014-12-31 22:00:00,-0.9989797,0.042519994
2014-12-31 22:10:00,-0.98800755,0.008881868
2014-12-31 22:20:00,-1.009952,-0.1834376
2014-12-31 22:30:00,-0.98800755,-0.120627224
2014-12-31 22:40:00,-0.98800755,-0.16543043
2014-12-31 22:50:00,-1.009952,-0.16567053
2014-12-31 23:00:00,-0.9660632,-0.14882088
