,Originales,Predichos
2017-11-25 01:30:00,-1.35324,-0.8144388
2017-11-25 01:40:00,-1.3456066,-0.83466494
2017-11-25 01:50:00,-1.3498474,-0.8526472
2017-11-25 02:00:00,-1.4007372,-0.8745276
2017-11-25 02:10:00,-1.4490825,-0.8962163
2017-11-25 02:20:00,-1.4482343,-0.9178785
2017-11-25 02:30:00,-1.4821609,-0.9443095
2017-11-25 02:40:00,-1.4838572,-0.9678718
2017-11-25 02:50:00,-1.4745274,-0.98901564
2017-11-25 03:00:00,-1.5008205,-1.0047694
2017-11-25 03:10:00,-1.5338988,-1.0134109
2017-11-25 03:20:00,-1.5322025,-1.0106542
2017-11-25 03:30:00,-1.5567993,-0.9961544
2017-11-25 03:40:00,-1.5542548,-0.9744921
2017-11-25 03:50:00,-1.5440768,-0.94536936
2017-11-25 04:00:00,-1.5517102,-0.8272304
2017-11-25 04:10:00,-1.5381397,-0.83950365
2017-11-25 04:20:00,-1.5567993,-1.0255356
2017-11-25 04:30:00,-1.5525584,-1.2481605
2017-11-25 04:40:00,-1.5483177,-1.2371042
2017-11-25 04:50:00,-1.5567993,-1.2411463
2017-11-25 05:00:00,-1.5542548,-1.2668456
2017-11-25 05:10:00,-1.5067576,-1.2673255
2017-11-25 05:20:00,-1.4660457,-1.2646403
2017-11-25 05:30:00,-1.3574809,-1.265094
2017-11-25 05:40:00,-1.3676589,-1.2714847
2017-11-25 05:50:00,-1.3990408,-1.2723933
2017-11-25 06:00:00,-1.4380563,-1.2716228
2017-11-25 06:10:00,-1.4533234,-1.2715455
2017-11-25 06:20:00,-1.493187,-1.269665
2017-11-25 06:30:00,-1.5746107,-1.2680234
2017-11-25 06:40:00,-1.6992908,-1.2636023
2017-11-25 06:50:00,-1.8451748,-1.2602448
2017-11-25 07:00:00,-1.8129447,-1.2546387
2017-11-25 07:10:00,-1.7612066,-1.2503958
2017-11-25 07:20:00,-1.7230393,-1.2453692
2017-11-25 07:30:00,-1.7221911,-1.2424197
2017-11-25 07:40:00,-1.6874164,-1.2261796
2017-11-25 07:50:00,-1.674694,-1.2112939
2017-11-25 08:00:00,-1.571218,-1.1583464
2017-11-25 08:10:00,-1.4796164,-0.9084488
2017-11-25 08:20:00,-1.3422139,-0.73046064
2017-11-25 08:30:00,-1.2412825,-0.70309734
2017-11-25 08:40:00,-1.218382,-0.58719623
2017-11-25 08:50:00,-1.1395029,-0.4941344
2017-11-25 09:00:00,-1.0614718,-0.3306347
2017-11-25 09:10:00,-1.0046449,-0.26257086
2017-11-25 09:20:00,-0.9384881,-0.22126418
2017-11-25 09:30:00,-0.8570644,-0.19779888
2017-11-25 09:40:00,-0.7493477,-0.15710789
2017-11-25 09:50:00,-0.6908244,-0.14488518
2017-11-25 10:00:00,-0.65011257,-0.13523467
2017-11-25 10:10:00,-0.61533785,-0.13715966
2017-11-25 10:20:00,-0.56020725,-0.13516691
2017-11-25 10:30:00,-0.5084693,-0.13671325
2017-11-25 10:40:00,-0.4736946,-0.13724148
2017-11-25 10:50:00,-0.48641703,-0.14085793
2017-11-25 11:00:00,-0.42619744,-0.13668129
2017-11-25 11:10:00,-0.3625852,-0.13187094
2017-11-25 11:20:00,-0.3693705,-0.12782766
2017-11-25 11:30:00,-0.3456219,-0.1263789
2017-11-25 11:40:00,-0.2811615,-0.12225865
2017-11-25 11:50:00,-0.31763253,-0.11930527
2017-11-25 12:00:00,-0.3227215,-0.11258088
2017-11-25 12:10:00,-0.34307742,-0.1028398
2017-11-25 12:20:00,-0.34477374,-0.08150355
2017-11-25 12:30:00,-0.3320513,-0.05275602
2017-11-25 12:40:00,-0.33629212,-0.032423735
2017-11-25 12:50:00,-0.32865864,-0.011417687
2017-11-25 13:00:00,-0.27013537,0.013305336
2017-11-25 13:10:00,-0.28709865,0.035004824
2017-11-25 13:20:00,-0.2574129,0.058365494
2017-11-25 13:30:00,-0.22857536,0.078727156
2017-11-25 13:40:00,-0.22857536,0.102840334
2017-11-25 13:50:00,-0.27946517,0.124127835
2017-11-25 14:00:00,-0.2506276,0.14217019
2017-11-25 14:10:00,-0.24214597,0.156876
2017-11-25 14:20:00,-0.23960148,0.16859883
2017-11-25 14:30:00,-0.24129781,0.18099636
2017-11-25 14:40:00,-0.29049128,0.19269219
2017-11-25 14:50:00,-0.35410354,0.19487005
2017-11-25 15:00:00,-0.41262683,0.1898618
2017-11-25 15:10:00,-0.366826,0.18183428
2017-11-25 15:20:00,-0.3736113,0.15396577
2017-11-25 15:30:00,-0.44231254,0.14275444
2017-11-25 15:40:00,-0.4177158,0.14837143
2017-11-25 15:50:00,-0.40244886,0.12520567
2017-11-25 16:00:00,-0.4431607,0.10629469
2017-11-25 16:10:00,-0.5127101,0.09256485
2017-11-25 16:20:00,-0.46351662,0.041305408
2017-11-25 16:30:00,-0.38633376,-0.00508523
2017-11-25 16:40:00,-0.2811615,-0.01596649
2017-11-25 16:50:00,-0.23960148,-0.019198865
2017-11-25 17:00:00,-0.20397863,-0.006531507
2017-11-25 17:10:00,-0.013141857,0.0035772324
2017-11-25 17:20:00,0.37616515,0.023726285
2017-11-25 17:30:00,0.64418477,0.05008048
2017-11-25 17:40:00,0.7154305,0.06360251
2017-11-25 17:50:00,0.72136766,0.0745987
2017-11-25 18:00:00,0.72306395,0.10570976
2017-11-25 18:10:00,0.7663203,0.18104652
2017-11-25 18:20:00,0.7366346,0.393886
2017-11-25 18:30:00,0.7374827,1.01194
2017-11-25 18:40:00,0.7196713,1.4469854
2017-11-25 18:50:00,0.7205195,1.5144958
2017-11-25 19:00:00,0.72815293,1.531302
2017-11-25 19:10:00,0.72645664,1.5218081
2017-11-25 19:20:00,0.71288604,1.509738
2017-11-25 19:30:00,0.7061007,1.4889879
2017-11-25 19:40:00,0.6653889,1.4865957
2017-11-25 19:50:00,0.65351456,1.4799842
2017-11-25 20:00:00,0.64079213,1.4633601
2017-11-25 20:10:00,0.63061416,1.440777
2017-11-25 20:20:00,0.6111064,1.4262357
2017-11-25 20:30:00,0.6043211,1.4209721
2017-11-25 20:40:00,0.5746354,1.4452379
2017-11-25 20:50:00,0.51696026,1.4717052
2017-11-25 21:00:00,0.4838819,1.4886186
2017-11-25 21:10:00,0.46691862,1.4963152
2017-11-25 21:20:00,0.42451045,1.3946807
2017-11-25 21:30:00,0.39312842,1.3212465
2017-11-25 21:40:00,0.30237493,1.2841518
2017-11-25 21:50:00,0.29304513,1.2327607
2017-11-25 22:00:00,0.28371534,1.0979342
2017-11-25 22:10:00,0.22264756,0.8707439
2017-11-25 22:20:00,0.16666879,0.5681914
2017-11-25 22:30:00,0.085245095,0.23316535
2017-11-25 22:40:00,0.05640754,0.17384484
2017-11-25 22:50:00,-0.05894268,0.13558555
2017-11-25 23:00:00,-0.15308882,-0.07754946
2017-11-25 23:10:00,-0.2599574,-0.47653073
2017-11-25 23:20:00,-0.34053293,-0.57800955
2017-11-25 23:30:00,-0.48896152,-0.62965345
2017-11-25 23:40:00,-0.56868887,-0.6451268
2017-11-25 23:50:00,-0.65011257,-0.6599857
2017-11-26 00:00:00,-0.74171424,-0.6764053
2017-11-26 00:10:00,-0.8570644,-0.69294727
2017-11-26 00:20:00,-0.94103265,-0.7099832
2017-11-26 00:30:00,-1.0368751,-0.7290472
2017-11-26 00:40:00,-1.0580791,-0.7380975
2017-11-26 00:50:00,-1.1182988,-0.75129354
2017-11-26 01:00:00,-1.1411992,-0.7702745
2017-11-26 01:10:00,-1.181911,-0.78992987
2017-11-26 01:20:00,-1.1793666,-0.80991524
2017-11-26 01:30:00,-1.2277118,-0.832552
2017-11-26 01:40:00,-1.3091356,-0.8527556
2017-11-26 01:50:00,-1.3625698,-0.8696185
2017-11-26 02:00:00,-1.389711,-0.8872216
2017-11-26 02:10:00,-1.4075224,-0.90880936
2017-11-26 02:20:00,-1.4389045,-0.92987967
2017-11-26 02:30:00,-1.4643494,-0.9549583
2017-11-26 02:40:00,-1.4592605,-0.97143793
2017-11-26 02:50:00,-1.4677421,-0.993362
2017-11-26 03:00:00,-1.4745274,-1.0142262
2017-11-26 03:10:00,-1.4736792,-1.029135
2017-11-26 03:20:00,-1.4991242,-1.0265557
2017-11-26 03:30:00,-1.5042131,-1.0124419
2017-11-26 03:40:00,-1.5126947,-0.99289334
2017-11-26 03:50:00,-1.5517102,-0.96079576
2017-11-26 04:00:00,-1.5559511,-0.83807933
2017-11-26 04:10:00,-1.5500139,-0.84578145
2017-11-26 04:20:00,-1.5491657,-1.016733
2017-11-26 04:30:00,-1.5457731,-1.2499311
2017-11-26 04:40:00,-1.5542548,-1.2367506
2017-11-26 04:50:00,-1.5593437,-1.2398486
2017-11-26 05:00:00,-1.5355952,-1.2644655
2017-11-26 05:10:00,-1.5177838,-1.2630062
2017-11-26 05:20:00,-1.5186319,-1.2583177
2017-11-26 05:30:00,-1.4024335,-1.2598075
2017-11-26 05:40:00,-1.4058262,-1.26892
2017-11-26 05:50:00,-1.4397527,-1.2727599
2017-11-26 06:00:00,-1.4940351,-1.2715502
2017-11-26 06:10:00,-1.4821609,-1.2695026
2017-11-26 06:20:00,-1.5016686,-1.268019
2017-11-26 06:30:00,-1.6102335,-1.2675036
2017-11-26 06:40:00,-1.7908924,-1.2632085
2017-11-26 06:50:00,-1.9070908,-1.2601469
2017-11-26 07:00:00,-1.9469544,-1.2544603
2017-11-26 07:10:00,-1.9384727,-1.2492393
2017-11-26 07:20:00,-1.924054,-1.2444804
2017-11-26 07:30:00,-1.8655307,-1.2410259
2017-11-26 07:40:00,-1.8324523,-1.2248212
2017-11-26 07:50:00,-1.815489,-1.211589
2017-11-26 08:00:00,-1.7510287,-1.160078
2017-11-26 08:10:00,-1.7094686,-0.9251834
2017-11-26 08:20:00,-1.6984426,-0.732649
2017-11-26 08:30:00,-1.633134,-0.7047291
2017-11-26 08:40:00,-1.5389879,-0.5895934
2017-11-26 08:50:00,-1.4431454,-0.49761254
2017-11-26 09:00:00,-1.3914074,-0.33315605
2017-11-26 09:10:00,-1.3099837,-0.2641037
2017-11-26 09:20:00,-1.2514604,-0.22452441
2017-11-26 09:30:00,-1.1691886,-0.20248719
2017-11-26 09:40:00,-1.057231,-0.16490833
2017-11-26 09:50:00,-1.0182155,-0.15381357
2017-11-26 10:00:00,-0.95036244,-0.1418944
2017-11-26 10:10:00,-0.8630016,-0.14015906
2017-11-26 10:20:00,-0.7934522,-0.13652131
2017-11-26 10:30:00,-0.78242606,-0.13808653
2017-11-26 10:40:00,-0.6908244,-0.14045711
2017-11-26 10:50:00,-0.6255158,-0.1434287
2017-11-26 11:00:00,-0.6289085,-0.13984258
2017-11-26 11:10:00,-0.5610554,-0.13638484
2017-11-26 11:20:00,-0.49574682,-0.13347693
2017-11-26 11:30:00,-0.50168395,-0.13058263
2017-11-26 11:40:00,-0.5118619,-0.12685359
2017-11-26 11:50:00,-0.4940505,-0.12345846
2017-11-26 12:00:00,-0.4762391,-0.117660865
2017-11-26 12:10:00,-0.4592758,-0.11383943
2017-11-26 12:20:00,-0.44485703,-0.111185074
2017-11-26 12:30:00,-0.42450112,-0.104262605
2017-11-26 12:40:00,-0.3642815,-0.09302197
2017-11-26 12:50:00,-0.29049128,-0.07869547
2017-11-26 13:00:00,-0.25910923,-0.0632214
2017-11-26 13:10:00,-0.30575824,-0.046874672
2017-11-26 13:20:00,-0.32696232,-0.034096107
2017-11-26 13:30:00,-0.29303578,-0.0184782
2017-11-26 13:40:00,-0.28370598,0.00859198
2017-11-26 13:50:00,-0.32017702,0.028922305
2017-11-26 14:00:00,-0.25826108,0.050461203
2017-11-26 14:10:00,-0.27776885,0.07557443
2017-11-26 14:20:00,-0.36088884,0.09451175
2017-11-26 14:30:00,-0.38887826,0.106714696
2017-11-26 14:40:00,-0.40414518,0.12637404
2017-11-26 14:50:00,-0.4592758,0.1443153
2017-11-26 15:00:00,-0.49320233,0.14970452
2017-11-26 15:10:00,-0.49489868,0.16679978
2017-11-26 15:20:00,-0.5211917,0.1808418
2017-11-26 15:30:00,-0.5763224,0.16948417
2017-11-26 15:40:00,-0.5805632,0.15171134
2017-11-26 15:50:00,-0.5254325,0.13215828
2017-11-26 16:00:00,-0.5177991,0.10768199
2017-11-26 16:10:00,-0.5356105,0.08850253
2017-11-26 16:20:00,-0.5890448,0.08081126
2017-11-26 16:30:00,-0.5669926,0.044131905
2017-11-26 16:40:00,-0.4898097,0.025328279
2017-11-26 16:50:00,-0.42110845,0.05483952
2017-11-26 17:00:00,-0.29897293,0.07774076
2017-11-26 17:10:00,-0.10983249,0.085626066
2017-11-26 17:20:00,0.32951614,0.097427666
2017-11-26 17:30:00,0.57293904,0.11276758
2017-11-26 17:40:00,0.67980766,0.1135976
2017-11-26 17:50:00,0.7332419,0.09943691
2017-11-26 18:00:00,0.77225745,0.111830145
2017-11-26 18:10:00,0.7603832,0.15973347
2017-11-26 18:20:00,0.77649826,0.35918987
2017-11-26 18:30:00,0.7476607,0.95500875
2017-11-26 18:40:00,0.7205195,1.3689762
2017-11-26 18:50:00,0.72815293,1.4314382
2017-11-26 19:00:00,0.7739538,1.4665169
2017-11-26 19:10:00,0.7824354,1.457665
2017-11-26 19:20:00,0.76716846,1.4447296
2017-11-26 19:30:00,0.7739538,1.4247489
2017-11-26 19:40:00,0.79091704,1.4114859
2017-11-26 19:50:00,0.79346156,1.4080535
2017-11-26 20:00:00,0.7637758,1.4013567
2017-11-26 20:10:00,0.7383309,1.3947664
2017-11-26 20:20:00,0.69422644,1.379661
2017-11-26 20:30:00,0.6645407,1.365635
2017-11-26 20:40:00,0.6484256,1.3646884
2017-11-26 20:50:00,0.59838396,1.3714504
2017-11-26 21:00:00,0.5339235,1.3959987
2017-11-26 21:10:00,0.4932117,1.4298695
2017-11-26 21:20:00,0.46691862,1.3808028
2017-11-26 21:30:00,0.41178802,1.3199645
2017-11-26 21:40:00,0.36937985,1.2857456
2017-11-26 21:50:00,0.33206064,1.232036
2017-11-26 22:00:00,0.26675206,1.0982468
2017-11-26 22:10:00,0.21671042,0.87371165
2017-11-26 22:20:00,0.14207205,0.5875574
2017-11-26 22:30:00,0.019936515,0.24783862
2017-11-26 22:40:00,-0.08099493,0.17397454
2017-11-26 22:50:00,-0.1742929,0.13152274
2017-11-26 23:00:00,-0.26335007,-0.010644168
2017-11-26 23:10:00,-0.34986272,-0.4229093
2017-11-26 23:20:00,-0.44061622,-0.5660538
2017-11-26 23:30:00,-0.548333,-0.61777425
2017-11-26 23:40:00,-0.6797983,-0.62955356
2017-11-26 23:50:00,-0.75952566,-0.64131457
2017-11-27 00:00:00,-0.8350122,-0.65930796
2017-11-27 00:10:00,-0.89183915,-0.6776015
2017-11-27 00:20:00,-0.92915833,-0.6938728
2017-11-27 00:30:00,-1.0300897,-0.7152792
2017-11-27 00:40:00,-1.0614718,-0.7250191
2017-11-27 00:50:00,-1.1149061,-0.7375287
2017-11-27 01:00:00,-1.1759739,-0.7574979
2017-11-27 01:10:00,-1.217534,-0.779655
2017-11-27 01:20:00,-1.2251674,-0.7995249
2017-11-27 01:30:00,-1.2557012,-0.8245183
2017-11-27 01:40:00,-1.2709682,-0.84073997
2017-11-27 01:50:00,-1.3125281,-0.85658264
2017-11-27 02:00:00,-1.3405176,-0.88044393
2017-11-27 02:10:00,-1.3922555,-0.90497196
2017-11-27 02:20:00,-1.4329674,-0.93064725
2017-11-27 02:30:00,-1.456716,-0.9642698
2017-11-27 02:40:00,-1.4711348,-0.9940524
2017-11-27 02:50:00,-1.4872499,-1.0172718
2017-11-27 03:00:00,-1.5050613,-1.0311174
2017-11-27 03:10:00,-1.5322025,-1.0328163
2017-11-27 03:20:00,-1.5737625,-1.0224166
2017-11-27 03:30:00,-1.5881813,-0.9997505
2017-11-27 03:40:00,-1.5567993,-0.97204626
2017-11-27 03:50:00,-1.5517102,-0.93713915
2017-11-27 04:00:00,-1.555103,-0.8176962
2017-11-27 04:10:00,-1.5440768,-0.830495
2017-11-27 04:20:00,-1.5432286,-1.0109317
2017-11-27 04:30:00,-1.5254172,-1.251966
2017-11-27 04:40:00,-1.4965796,-1.2381753
2017-11-27 04:50:00,-1.4855535,-1.2405465
2017-11-27 05:00:00,-1.4601086,-1.2660233
2017-11-27 05:10:00,-1.4592605,-1.2650626
2017-11-27 05:20:00,-1.4312711,-1.2606366
2017-11-27 05:30:00,-1.3311877,-1.2610755
2017-11-27 05:40:00,-1.3260988,-1.2680132
2017-11-27 05:50:00,-1.3820776,-1.2705473
2017-11-27 06:00:00,-1.373596,-1.2695463
2017-11-27 06:10:00,-1.3651143,-1.2690206
2017-11-27 06:20:00,-1.3846221,-1.2683109
2017-11-27 06:30:00,-1.4185486,-1.267951
2017-11-27 06:40:00,-1.5101503,-1.263859
2017-11-27 06:50:00,-1.5703698,-1.2611492
2017-11-27 07:00:00,-1.4787682,-1.2557251
2017-11-27 07:10:00,-1.4177004,-1.251208
2017-11-27 07:20:00,-1.3744441,-1.2471085
2017-11-27 07:30:00,-1.3176172,-1.2441348
2017-11-27 07:40:00,-1.2726645,-1.2267716
2017-11-27 07:50:00,-1.2667273,-1.2115312
2017-11-27 08:00:00,-1.2031151,-1.1588808
2017-11-27 08:10:00,-1.0835241,-0.9169636
2017-11-27 08:20:00,-0.9800481,-0.7305516
2017-11-27 08:30:00,-1.0758905,-0.7024605
2017-11-27 08:40:00,-0.875724,-0.58572984
2017-11-27 08:50:00,-0.83840483,-0.49197596
2017-11-27 09:00:00,-0.74171424,-0.32631484
2017-11-27 09:10:00,-0.89183915,-0.25788355
2017-11-27 09:20:00,-1.2209265,-0.21792373
2017-11-27 09:30:00,-1.2107486,-0.19569394
2017-11-27 09:40:00,-1.1683404,-0.15799382
2017-11-27 09:50:00,-1.0903094,-0.1480869
2017-11-27 10:00:00,-1.0504457,-0.13471289
2017-11-27 10:10:00,-0.927462,-0.13319567
2017-11-27 10:20:00,-0.82737875,-0.1311317
2017-11-27 10:30:00,-0.7764889,-0.13148594
2017-11-27 10:40:00,-0.7400179,-0.13133886
2017-11-27 10:50:00,-0.6670758,-0.13332073
2017-11-27 11:00:00,-0.63230115,-0.12706406
2017-11-27 11:10:00,-0.60091907,-0.1215976
2017-11-27 11:20:00,-0.6127934,-0.11746748
2017-11-27 11:30:00,-0.59667826,-0.10776211
2017-11-27 11:40:00,-0.59074116,-0.092843205
2017-11-27 11:50:00,-0.60091907,-0.08691793
2017-11-27 12:00:00,-0.6297566,-0.07923286
2017-11-27 12:10:00,-0.5805632,-0.057755537
2017-11-27 12:20:00,-0.5585109,-0.022420287
2017-11-27 12:30:00,-0.543244,-0.012160495
2017-11-27 12:40:00,-0.50168395,0.020024449
2017-11-27 12:50:00,-0.4618203,0.038488507
2017-11-27 13:00:00,-0.46012396,0.06324978
2017-11-27 13:10:00,-0.4431607,0.06510015
2017-11-27 13:20:00,-0.46012396,-0.0018125027
2017-11-27 13:30:00,-0.5127101,-0.08715866
2017-11-27 13:40:00,-0.54154766,-0.09374158
2017-11-27 13:50:00,-0.5729297,-0.08660041
2017-11-27 14:00:00,-0.54578847,-0.097949
2017-11-27 14:10:00,-0.5152546,-0.09263609
2017-11-27 14:20:00,-0.54154766,-0.04671797
2017-11-27 14:30:00,-0.63739014,-0.011600077
2017-11-27 14:40:00,-0.61109704,0.003850162
2017-11-27 14:50:00,-0.6034636,0.025832593
2017-11-27 15:00:00,-0.61448973,0.103645
2017-11-27 15:10:00,-0.43891987,0.15684065
2017-11-27 15:20:00,-0.38124478,0.16180441
2017-11-27 15:30:00,-0.43213457,0.14759967
2017-11-27 15:40:00,-0.41008234,0.109229654
2017-11-27 15:50:00,-0.44740152,0.08461112
2017-11-27 16:00:00,-0.43807173,0.03759715
2017-11-27 16:10:00,-0.32865864,-0.024170399
2017-11-27 16:20:00,-0.27013537,-0.045927137
2017-11-27 16:30:00,-0.20821944,-0.051268056
2017-11-27 16:40:00,-0.11576963,-0.03966081
2017-11-27 16:50:00,-0.05130921,-0.020481557
2017-11-27 17:00:00,0.09881571,-0.00399518
2017-11-27 17:10:00,0.34563127,0.017010987
2017-11-27 17:20:00,0.74511623,0.025318503
2017-11-27 17:30:00,0.99871707,0.004565209
2017-11-27 17:40:00,1.0436697,-0.0121797025
2017-11-27 17:50:00,1.1038893,-0.013539225
2017-11-27 18:00:00,1.0623293,0.0038394928
2017-11-27 18:10:00,1.0606331,0.061212257
2017-11-27 18:20:00,1.045366,0.2300775
2017-11-27 18:30:00,1.0368844,0.828039
2017-11-27 18:40:00,1.0241619,1.2617755
2017-11-27 18:50:00,1.0317955,1.3500507
2017-11-27 19:00:00,0.987691,1.3964144
2017-11-27 19:10:00,0.96903133,1.415385
2017-11-27 19:20:00,0.94443464,1.4335504
2017-11-27 19:30:00,0.8799742,1.4482018
2017-11-27 19:40:00,0.8647073,1.4627364
2017-11-27 19:50:00,0.87658155,1.4536197
2017-11-27 20:00:00,0.8239954,1.4292604
2017-11-27 20:10:00,0.86301094,1.4468286
2017-11-27 20:20:00,0.8358697,1.4515781
2017-11-27 20:30:00,0.80872846,1.4599936
2017-11-27 20:40:00,0.8104248,1.4901879
2017-11-27 20:50:00,0.7866762,1.4864275
2017-11-27 21:00:00,0.7239121,1.4687469
2017-11-27 21:10:00,0.65436274,1.426271
2017-11-27 21:20:00,0.56700194,1.3847375
2017-11-27 21:30:00,0.49575618,1.317937
2017-11-27 21:40:00,0.44741088,1.2821188
2017-11-27 21:50:00,0.3583537,1.2263147
2017-11-27 22:00:00,0.26929656,1.089851
2017-11-27 22:10:00,0.22349574,0.86236453
2017-11-27 22:20:00,0.13698307,0.55844545
2017-11-27 22:30:00,0.03350713,0.23227078
2017-11-27 22:40:00,-0.021623492,0.16865212
2017-11-27 22:50:00,-0.15139249,0.1149773
2017-11-27 23:00:00,-0.25232393,-0.25832355
2017-11-27 23:10:00,-0.3574962,-0.49311423
2017-11-27 23:20:00,-0.4736946,-0.5726174
2017-11-27 23:30:00,-0.5491811,-0.6204457
2017-11-27 23:40:00,-0.6077044,-0.63355577
2017-11-27 23:50:00,-0.7077877,-0.64471567
2017-11-28 00:00:00,-0.8231379,-0.66286457
2017-11-28 00:10:00,-0.8723314,-0.68040323
2017-11-28 00:20:00,-0.9715665,-0.6983571
2017-11-28 00:30:00,-1.0292416,-0.72058564
2017-11-28 00:40:00,-1.0903094,-0.7287305
2017-11-28 00:50:00,-1.1259322,-0.7392285
2017-11-28 01:00:00,-1.1751257,-0.758913
2017-11-28 01:10:00,-1.2132931,-0.7828511
2017-11-28 01:20:00,-1.2811462,-0.80522346
2017-11-28 01:30:00,-1.3354286,-0.83190346
2017-11-28 01:40:00,-1.358329,-0.8484242
2017-11-28 01:50:00,-1.3761405,-0.8697875
2017-11-28 02:00:00,-1.399889,-0.89928627
2017-11-28 02:10:00,-1.4168522,-0.92429596
2017-11-28 02:20:00,-1.4329674,-0.9490086
2017-11-28 02:30:00,-1.4770719,-0.9776921
2017-11-28 02:40:00,-1.5008205,-0.99890256
2017-11-28 02:50:00,-1.5135429,-1.0222912
2017-11-28 03:00:00,-1.5423805,-1.0398419
2017-11-28 03:10:00,-1.5847887,-1.045494
2017-11-28 03:20:00,-1.5703698,-1.0331832
2017-11-28 03:30:00,-1.5703698,-1.0059718
2017-11-28 03:40:00,-1.5695217,-0.9720564
2017-11-28 03:50:00,-1.5669773,-0.938023
2017-11-28 04:00:00,-1.581396,-0.8204168
2017-11-28 04:10:00,-1.5958147,-0.83317375
2017-11-28 04:20:00,-1.6102335,-1.0125064
2017-11-28 04:30:00,-1.5941185,-1.2548912
2017-11-28 04:40:00,-1.5618882,-1.2397475
2017-11-28 04:50:00,-1.5457731,-1.2408546
2017-11-28 05:00:00,-1.5033649,-1.2657034
2017-11-28 05:10:00,-1.5008205,-1.2640505
2017-11-28 05:20:00,-1.4762237,-1.2618625
2017-11-28 05:30:00,-1.3718996,-1.2640922
2017-11-28 05:40:00,-1.3286433,-1.2712166
2017-11-28 05:50:00,-1.3829257,-1.2726841
2017-11-28 06:00:00,-1.3778368,-1.2711194
2017-11-28 06:10:00,-1.3405176,-1.2696311
2017-11-28 06:20:00,-1.3557845,-1.2680845
2017-11-28 06:30:00,-1.4168522,-1.26759
2017-11-28 06:40:00,-1.4770719,-1.2642765
2017-11-28 06:50:00,-1.5355952,-1.2618694
2017-11-28 07:00:00,-1.4389045,-1.2566152
2017-11-28 07:10:00,-1.4007372,-1.2524045
2017-11-28 07:20:00,-1.3388213,-1.2468214
2017-11-28 07:30:00,-1.2879314,-1.2425785
2017-11-28 07:40:00,-1.2828425,-1.2257986
2017-11-28 07:50:00,-1.2836907,-1.211174
2017-11-28 08:00:00,-1.2039633,-1.1585752
2017-11-28 08:10:00,-1.088613,-0.9099977
2017-11-28 08:20:00,-1.0504457,-0.7314503
2017-11-28 08:30:00,-0.9953151,-0.7032855
2017-11-28 08:40:00,-0.9401845,-0.5853931
2017-11-28 08:50:00,-0.84688646,-0.49131712
2017-11-28 09:00:00,-0.7900595,-0.3263412
2017-11-28 09:10:00,-0.7484995,-0.25831932
2017-11-28 09:20:00,-0.7756407,-0.21836069
2017-11-28 09:30:00,-0.6882799,-0.19525827
2017-11-28 09:40:00,-0.58310765,-0.15445724
2017-11-28 09:50:00,-0.51016563,-0.14135079
2017-11-28 10:00:00,-0.48811337,-0.12554576
2017-11-28 10:10:00,-0.4524905,-0.12258656
2017-11-28 10:20:00,-0.42280477,-0.12366411
2017-11-28 10:30:00,-0.31763253,-0.12725702
2017-11-28 10:40:00,-0.32017702,-0.12834579
2017-11-28 10:50:00,-0.278617,-0.13110572
2017-11-28 11:00:00,-0.237057,-0.1250119
2017-11-28 11:10:00,-0.21330842,-0.12061085
2017-11-28 11:20:00,-0.17768556,-0.11629985
2017-11-28 11:30:00,-0.14121453,-0.10618055
2017-11-28 11:40:00,-0.099654526,-0.09534908
2017-11-28 11:50:00,-0.12001044,-0.09292278
2017-11-28 12:00:00,-0.13612555,-0.08770639
2017-11-28 12:10:00,-0.06827248,-0.069925636
2017-11-28 12:20:00,-0.08353942,-0.04195416
2017-11-28 12:30:00,-0.0979582,-0.016708061
2017-11-28 12:40:00,-0.044523902,0.0025100857
2017-11-28 12:50:00,0.025025496,0.01741743
2017-11-28 13:00:00,0.04877407,0.046496987
2017-11-28 13:10:00,0.041988764,0.07931191
2017-11-28 13:20:00,0.013151208,0.08705443
2017-11-28 13:30:00,-0.037738595,0.095834345
2017-11-28 13:40:00,-0.13103656,0.123030365
2017-11-28 13:50:00,-0.21076393,0.14784071
2017-11-28 14:00:00,-0.22009373,0.17767203
2017-11-28 14:10:00,-0.22942352,0.19949868
2017-11-28 14:20:00,-0.24723496,0.20401168
2017-11-28 14:30:00,-0.25147578,0.22341809
2017-11-28 14:40:00,-0.24808311,0.23455268
2017-11-28 14:50:00,-0.23620883,0.2471785
2017-11-28 15:00:00,-0.21415658,0.2593425
2017-11-28 15:10:00,-0.1675076,0.25338894
2017-11-28 15:20:00,-0.19380066,0.24019852
2017-11-28 15:30:00,-0.20058598,0.22674325
2017-11-28 15:40:00,-0.2065231,0.22932369
2017-11-28 15:50:00,-0.17853372,0.1955589
2017-11-28 16:00:00,-0.2022823,0.1665568
2017-11-28 16:10:00,-0.22518271,0.15968472
2017-11-28 16:20:00,-0.20143414,0.13967094
2017-11-28 16:30:00,-0.22348638,0.13181406
2017-11-28 16:40:00,-0.08184309,0.12890694
2017-11-28 16:50:00,-0.013141857,0.13793764
2017-11-28 17:00:00,0.10051204,0.14958009
2017-11-28 17:10:00,0.33375698,0.16639102
2017-11-28 17:20:00,0.71373415,0.17466807
2017-11-28 17:30:00,0.97242403,0.18580794
2017-11-28 17:40:00,1.045366,0.20175502
2017-11-28 17:50:00,1.1004966,0.18775308
2017-11-28 18:00:00,1.0546958,0.19912612
2017-11-28 18:10:00,1.0114396,0.2730261
2017-11-28 18:20:00,1.0055023,0.48651937
2017-11-28 18:30:00,1.0080469,1.0982143
2017-11-28 18:40:00,1.0122877,1.5198576
2017-11-28 18:50:00,0.9927799,1.5992777
2017-11-28 19:00:00,0.97242403,1.6456351
2017-11-28 19:10:00,0.9647905,1.6643162
2017-11-28 19:20:00,0.96224606,1.663925
2017-11-28 19:30:00,0.89948195,1.6587794
2017-11-28 19:40:00,0.8655554,1.6484556
2017-11-28 19:50:00,0.8825187,1.6444448
2017-11-28 20:00:00,0.86216277,1.633579
2017-11-28 20:10:00,0.8502885,1.6225348
2017-11-28 20:20:00,0.8613146,1.6224693
2017-11-28 20:30:00,0.76716846,1.60807
2017-11-28 20:40:00,0.70355624,1.6538293
2017-11-28 20:50:00,0.6602999,1.7011172
2017-11-28 21:00:00,0.58057255,1.721709
2017-11-28 21:10:00,0.5576721,1.5034654
2017-11-28 21:20:00,0.5288346,1.4177555
2017-11-28 21:30:00,0.5254419,1.3364466
2017-11-28 21:40:00,0.43638474,1.2943149
2017-11-28 21:50:00,0.35920188,1.2326704
2017-11-28 22:00:00,0.27099288,1.0948293
2017-11-28 22:10:00,0.1802394,0.86618227
2017-11-28 22:20:00,0.12765327,0.5612402
2017-11-28 22:30:00,0.024177331,0.23267332
2017-11-28 22:40:00,-0.06657615,0.16857356
2017-11-28 22:50:00,-0.18701535,0.11538434
2017-11-28 23:00:00,-0.27437618,-0.26246855
2017-11-28 23:10:00,-0.3693705,-0.49325818
2017-11-28 23:20:00,-0.47199824,-0.5710173
2017-11-28 23:30:00,-0.5406995,-0.618045
2017-11-28 23:40:00,-0.621275,-0.6314082
2017-11-28 23:50:00,-0.7026987,-0.6420462
2017-11-29 00:00:00,-0.8536718,-0.6579504
2017-11-29 00:10:00,-0.9257657,-0.67471844
2017-11-29 00:20:00,-0.9953151,-0.6888635
2017-11-29 00:30:00,-1.0385714,-0.7089884
2017-11-29 00:40:00,-1.1123617,-0.71871686
2017-11-29 00:50:00,-1.150529,-0.7292702
2017-11-29 01:00:00,-1.2056596,-0.7454526
2017-11-29 01:10:00,-1.2616384,-0.7632342
2017-11-29 01:20:00,-1.3210099,-0.77859235
2017-11-29 01:30:00,-1.3574809,-0.79395103
2017-11-29 01:40:00,-1.358329,-0.8073081
2017-11-29 01:50:00,-1.3769886,-0.8244883
2017-11-29 02:00:00,-1.4117633,-0.850534
2017-11-29 02:10:00,-1.4278784,-0.88156545
2017-11-29 02:20:00,-1.4584123,-0.90818083
2017-11-29 02:30:00,-1.4601086,-0.9394204
2017-11-29 02:40:00,-1.4397527,-0.96577287
2017-11-29 02:50:00,-1.4575641,-0.9904907
2017-11-29 03:00:00,-1.4796164,-1.0058475
2017-11-29 03:10:00,-1.4999723,-1.0107601
2017-11-29 03:20:00,-1.4923388,-1.0036604
2017-11-29 03:30:00,-1.5211763,-0.98381484
2017-11-29 03:40:00,-1.5322025,-0.9609604
2017-11-29 03:50:00,-1.5830923,-0.9342613
2017-11-29 04:00:00,-1.5847887,-0.8213577
2017-11-29 04:10:00,-1.5788515,-0.8357342
2017-11-29 04:20:00,-1.56104,-1.0249938
2017-11-29 04:30:00,-1.555103,-1.2493324
2017-11-29 04:40:00,-1.5695217,-1.2378744
2017-11-29 04:50:00,-1.5508621,-1.241369
2017-11-29 05:00:00,-1.5228727,-1.2668599
2017-11-29 05:10:00,-1.5237209,-1.2658305
2017-11-29 05:20:00,-1.4999723,-1.2635517
2017-11-29 05:30:00,-1.4058262,-1.2650533
2017-11-29 05:40:00,-1.3617216,-1.2721338
2017-11-29 05:50:00,-1.3718996,-1.2732639
2017-11-29 06:00:00,-1.3668107,-1.2720618
2017-11-29 06:10:00,-1.3074392,-1.2707541
2017-11-29 06:20:00,-1.3125281,-1.26919
2017-11-29 06:30:00,-1.3456066,-1.2670882
2017-11-29 06:40:00,-1.3973445,-1.2618268
2017-11-29 06:50:00,-1.4770719,-1.2589618
2017-11-29 07:00:00,-1.4431454,-1.2538273
2017-11-29 07:10:00,-1.4312711,-1.2491944
2017-11-29 07:20:00,-1.4236376,-1.2437713
2017-11-29 07:30:00,-1.3888628,-1.240806
2017-11-29 07:40:00,-1.3880147,-1.2249988
2017-11-29 07:50:00,-1.368507,-1.2121902
2017-11-29 08:00:00,-1.2361935,-1.1596568
2017-11-29 08:10:00,-1.1395029,-0.90726817
2017-11-29 08:20:00,-1.0996392,-0.73044705
2017-11-29 08:30:00,-1.0402677,-0.7024725
2017-11-29 08:40:00,-0.96478117,-0.5861548
2017-11-29 08:50:00,-0.74765134,-0.49282977
2017-11-29 09:00:00,-0.6942171,-0.32871228
2017-11-29 09:10:00,-0.6297566,-0.26173577
2017-11-29 09:20:00,-0.5669926,-0.22186264
2017-11-29 09:30:00,-0.51101375,-0.20036194
2017-11-29 09:40:00,-0.47284642,-0.16104454
2017-11-29 09:50:00,-0.46097213,-0.14496574
2017-11-29 10:00:00,-0.39820805,-0.12591188
2017-11-29 10:10:00,-0.33714026,-0.11856164
2017-11-29 10:20:00,-0.26335007,-0.1158326
2017-11-29 10:30:00,-0.2650464,-0.11665007
2017-11-29 10:40:00,-0.16665943,-0.11929962
2017-11-29 10:50:00,-0.12679575,-0.12691882
2017-11-29 11:00:00,-0.062335335,-0.12436724
2017-11-29 11:10:00,0.0318108,-0.1220545
2017-11-29 11:20:00,0.07506713,-0.12043516
2017-11-29 11:30:00,0.10475285,-0.11869275
2017-11-29 11:40:00,0.13952756,-0.11587891
2017-11-29 11:50:00,0.18278389,-0.1137874
2017-11-29 12:00:00,0.14885736,-0.10263796
2017-11-29 12:10:00,0.31340104,-0.08590491
2017-11-29 12:20:00,0.370228,-0.06188173
2017-11-29 12:30:00,0.3795578,-0.037037134
2017-11-29 12:40:00,0.35920188,-0.011243194
2017-11-29 12:50:00,0.3558092,0.045093358
2017-11-29 13:00:00,0.3473276,0.106221646
2017-11-29 13:10:00,0.34987208,0.13183537
2017-11-29 13:20:00,0.3422386,0.14846367
2017-11-29 13:30:00,0.29813412,0.16211316
2017-11-29 13:40:00,0.23961084,0.17329997
2017-11-29 13:50:00,0.18787287,0.18464267
2017-11-29 14:00:00,0.09457489,0.19580358
2017-11-29 14:10:00,0.014847535,0.22189102
2017-11-29 14:20:00,0.03605162,0.24138987
2017-11-29 14:30:00,-0.0038120598,0.25673348
2017-11-29 14:40:00,-0.016534511,0.26880592
2017-11-29 14:50:00,-0.002963896,0.27883044
2017-11-29 15:00:00,-0.058094516,0.28536522
2017-11-29 15:10:00,-0.06657615,0.29341695
2017-11-29 15:20:00,-0.032649614,0.29559663
2017-11-29 15:30:00,-0.012293694,0.29681677
2017-11-29 15:40:00,-0.040283088,0.2965957
2017-11-29 15:50:00,0.004669574,0.29356575
2017-11-29 16:00:00,0.084396936,0.28686136
2017-11-29 16:10:00,0.13019776,0.28744057
2017-11-29 16:20:00,0.14461653,0.28874162
2017-11-29 16:30:00,0.14461653,0.29027957
2017-11-29 16:40:00,0.2243439,0.29472053
2017-11-29 16:50:00,0.2938933,0.29419923
2017-11-29 17:00:00,0.35241657,0.27554306
2017-11-29 17:10:00,0.48642638,0.24739203
2017-11-29 17:20:00,0.91814154,0.24711901
2017-11-29 17:30:00,1.138664,0.26735446
2017-11-29 17:40:00,1.1878575,0.42652002
2017-11-29 17:50:00,1.1878575,0.440792
2017-11-29 18:00:00,1.1479938,0.47978568
2017-11-29 18:10:00,1.1191562,0.591697
2017-11-29 18:20:00,1.0945596,0.84050226
2017-11-29 18:30:00,1.092015,1.4235951
2017-11-29 18:40:00,1.1157637,1.7894564
2017-11-29 18:50:00,1.0733554,1.8533568
2017-11-29 19:00:00,1.081837,1.867468
2017-11-29 19:10:00,1.0775963,1.860286
2017-11-29 19:20:00,1.0258583,1.8577579
2017-11-29 19:30:00,0.9800575,1.8503721
2017-11-29 19:40:00,0.92577505,1.8426216
2017-11-29 19:50:00,0.89778566,1.8564267
2017-11-29 20:00:00,0.84944034,1.8960906
2017-11-29 20:10:00,0.90881175,1.9374132
2017-11-29 20:20:00,0.8876077,1.9345547
2017-11-29 20:30:00,0.8290844,1.8917776
2017-11-29 20:40:00,0.7917652,1.8073839
2017-11-29 20:50:00,0.76292765,1.6572398
2017-11-29 21:00:00,0.71373415,1.5344858
2017-11-29 21:10:00,0.6577554,1.4699439
2017-11-29 21:20:00,0.55936843,1.4234056
2017-11-29 21:30:00,0.47031128,1.3581175
2017-11-29 21:40:00,0.35496107,1.3243155
2017-11-29 21:50:00,0.3074639,1.2673658
2017-11-29 22:00:00,0.19296186,1.1264887
2017-11-29 22:10:00,0.14376837,0.894221
2017-11-29 22:20:00,0.061496522,0.5762835
2017-11-29 22:30:00,-0.002963896,0.22748262
2017-11-29 22:40:00,-0.11068065,0.15912801
2017-11-29 22:50:00,-0.18107821,0.056126654
2017-11-29 23:00:00,-0.31254354,-0.32302576
2017-11-29 23:10:00,-0.40753785,-0.50016576
2017-11-29 23:20:00,-0.491506,-0.5680716
2017-11-29 23:30:00,-0.60007095,-0.61310345
2017-11-29 23:40:00,-0.72814363,-0.62594646
2017-11-29 23:50:00,-0.8231379,-0.63837796
2017-11-30 00:00:00,-0.8850538,-0.65701497
2017-11-30 00:10:00,-0.94951427,-0.67304516
2017-11-30 00:20:00,-0.9876816,-0.69032365
2017-11-30 00:30:00,-1.06232,-0.71309495
2017-11-30 00:40:00,-1.1293249,-0.7238773
2017-11-30 00:50:00,-1.1844555,-0.7354425
2017-11-30 01:00:00,-1.2141412,-0.75459737
2017-11-30 01:10:00,-1.2565494,-0.77638334
2017-11-30 01:20:00,-1.2870833,-0.7978277
2017-11-30 01:30:00,-1.3108319,-0.8250555
2017-11-30 01:40:00,-1.3498474,-0.8463696
2017-11-30 01:50:00,-1.3506955,-0.863661
2017-11-30 02:00:00,-1.3939519,-0.89380383
2017-11-30 02:10:00,-1.425334,-0.92059386
2017-11-30 02:20:00,-1.4558678,-0.94625974
2017-11-30 02:30:00,-1.4736792,-0.97106206
2017-11-30 02:40:00,-1.4745274,-0.9950321
2017-11-30 02:50:00,-1.4685903,-1.0120561
2017-11-30 03:00:00,-1.5194801,-1.0270462
2017-11-30 03:10:00,-1.5186319,-1.0257336
2017-11-30 03:20:00,-1.5364434,-1.00788
2017-11-30 03:30:00,-1.555103,-0.97627306
2017-11-30 03:40:00,-1.5830923,-0.94688636
2017-11-30 03:50:00,-1.5584955,-0.91284233
2017-11-30 04:00:00,-1.5483177,-0.80104446
2017-11-30 04:10:00,-1.5542548,-0.82140964
2017-11-30 04:20:00,-1.5822442,-1.0098691
2017-11-30 04:30:00,-1.5355952,-1.253803
2017-11-30 04:40:00,-1.5050613,-1.2403505
2017-11-30 04:50:00,-1.4643494,-1.2428824
2017-11-30 05:00:00,-1.451627,-1.2671156
2017-11-30 05:10:00,-1.4422972,-1.2654552
2017-11-30 05:20:00,-1.4762237,-1.2619543
2017-11-30 05:30:00,-1.3880147,-1.2626817
2017-11-30 05:40:00,-1.2845387,-1.2702358
2017-11-30 05:50:00,-1.3159208,-1.271632
2017-11-30 06:00:00,-1.3557845,-1.2706712
2017-11-30 06:10:00,-1.3277951,-1.270086
2017-11-30 06:20:00,-1.3227061,-1.2692926
2017-11-30 06:30:00,-1.3829257,-1.2682984
2017-11-30 06:40:00,-1.4499307,-1.2634027
2017-11-30 06:50:00,-1.5839405,-1.2597908
2017-11-30 07:00:00,-1.5135429,-1.254966
2017-11-30 07:10:00,-1.4601086,-1.2500571
2017-11-30 07:20:00,-1.4160042,-1.2450838
2017-11-30 07:30:00,-1.3964964,-1.2419183
2017-11-30 07:40:00,-1.3718996,-1.2265337
2017-11-30 07:50:00,-1.3362768,-1.211571
2017-11-30 08:00:00,-1.2421306,-1.1579711
2017-11-30 08:10:00,-1.1284767,-0.91021466
2017-11-30 08:20:00,-1.0801314,-0.73061943
2017-11-30 08:30:00,-1.0139747,-0.70209616
2017-11-30 08:40:00,-0.9486661,-0.58484477
2017-11-30 08:50:00,-0.8850538,-0.49083763
2017-11-30 09:00:00,-0.79175586,-0.3253477
2017-11-30 09:10:00,-0.7629183,-0.25633943
2017-11-30 09:20:00,-0.66877216,-0.21952215
2017-11-30 09:30:00,-0.59243745,-0.20144713
2017-11-30 09:40:00,-0.5500293,-0.15992652
2017-11-30 09:50:00,-0.5220399,-0.14462481
2017-11-30 10:00:00,-0.4804799,-0.12744376
2017-11-30 10:10:00,-0.3803966,-0.122917324
2017-11-30 10:20:00,-0.33374763,-0.12553085
2017-11-30 10:30:00,-0.3345958,-0.1285533
2017-11-30 10:40:00,-0.3388366,-0.12841691
2017-11-30 10:50:00,-0.29049128,-0.13301465
2017-11-30 11:00:00,-0.2438423,-0.12880135
2017-11-30 11:10:00,-0.190408,-0.12363429
2017-11-30 11:20:00,-0.18871169,-0.11958818
2017-11-30 11:30:00,-0.18531902,-0.11708218
2017-11-30 11:40:00,-0.17768556,-0.10976877
2017-11-30 11:50:00,-0.20482679,-0.10399182
2017-11-30 12:00:00,-0.15902597,-0.093412876
2017-11-30 12:10:00,-0.096261874,-0.07540111
2017-11-30 12:20:00,-0.030105125,-0.048335195
2017-11-30 12:30:00,-0.041979413,-0.021216601
2017-11-30 12:40:00,-0.04113125,0.00930956
2017-11-30 12:50:00,0.0063659004,0.03029868
2017-11-30 13:00:00,-0.0055083865,0.06769252
2017-11-30 13:10:00,-0.008052877,0.09609261
2017-11-30 13:20:00,-0.039434925,0.12502119
2017-11-30 13:30:00,-0.055550028,0.14998236
2017-11-30 13:40:00,-0.11831412,0.16619244
2017-11-30 13:50:00,-0.14545535,0.18244478
2017-11-30 14:00:00,-0.190408,0.1946747
2017-11-30 14:10:00,-0.17090026,0.21038905
2017-11-30 14:20:00,-0.15648147,0.2274951
2017-11-30 14:30:00,-0.15987413,0.23824081
2017-11-30 14:40:00,-0.14969617,0.24528909
2017-11-30 14:50:00,-0.15987413,0.23079729
2017-11-30 15:00:00,-0.1742929,0.21259052
2017-11-30 15:10:00,-0.16496311,0.20633453
2017-11-30 15:20:00,-0.20567495,0.2033849
2017-11-30 15:30:00,-0.19125617,0.1732592
2017-11-30 15:40:00,-0.21246025,0.14349738
2017-11-30 15:50:00,-0.24893129,0.11759743
2017-11-30 16:00:00,-0.28370598,0.10910642
2017-11-30 16:10:00,-0.25656477,0.11835101
2017-11-30 16:20:00,-0.26335007,0.13396162
2017-11-30 16:30:00,-0.25402027,0.130288
2017-11-30 16:40:00,-0.16326678,0.12986237
2017-11-30 16:50:00,-0.07845044,0.14238253
2017-11-30 17:00:00,0.050470397,0.14667556
2017-11-30 17:10:00,0.30407125,0.16285774
2017-11-30 17:20:00,0.7332419,0.16851482
2017-11-30 17:30:00,0.92238235,0.17109257
2017-11-30 17:40:00,0.9647905,0.18814194
2017-11-30 17:50:00,1.0080469,0.19543618
2017-11-30 18:00:00,1.0055023,0.21837729
2017-11-30 18:10:00,0.99447626,0.31929356
2017-11-30 18:20:00,0.9647905,0.5481329
2017-11-30 18:30:00,0.9113563,1.1593158
2017-11-30 18:40:00,0.93086404,1.590708
2017-11-30 18:50:00,0.92662317,1.6690563
2017-11-30 19:00:00,0.9283195,1.7033883
2017-11-30 19:10:00,0.9384975,1.7053981
2017-11-30 19:20:00,0.90881175,1.6837449
2017-11-30 19:30:00,0.85877013,1.6732508
2017-11-30 19:40:00,0.8239954,1.6575328
2017-11-30 19:50:00,0.8290844,1.6345315
2017-11-30 20:00:00,0.7977024,1.6140392
2017-11-30 20:10:00,0.8451995,1.601701
2017-11-30 20:20:00,0.8248436,1.5847054
2017-11-30 20:30:00,0.8146656,1.5799208
2017-11-30 20:40:00,0.764624,1.6084564
2017-11-30 20:50:00,0.71203786,1.6517951
2017-11-30 21:00:00,0.66793334,1.6803617
2017-11-30 21:10:00,0.59414315,1.5280213
2017-11-30 21:20:00,0.5237456,1.4096282
2017-11-30 21:30:00,0.47964108,1.3318007
2017-11-30 21:40:00,0.40839535,1.2871405
2017-11-30 21:50:00,0.39228025,1.2273777
2017-11-30 22:00:00,0.30237493,1.088104
2017-11-30 22:10:00,0.27353737,0.8599658
2017-11-30 22:20:00,0.21416594,0.5562397
2017-11-30 22:30:00,0.11662714,0.23252589
2017-11-30 22:40:00,0.07930795,0.17177036
2017-11-30 22:50:00,-0.00041940686,0.119463354
2017-11-30 23:00:00,-0.122554936,-0.2798809
2017-11-30 23:10:00,-0.22179006,-0.49696356
2017-11-30 23:20:00,-0.32441783,-0.5744251
2017-11-30 23:30:00,-0.42280477,-0.6228814
2017-11-30 23:40:00,-0.51101375,-0.63718283
2017-11-30 23:50:00,-0.6026154,-0.648371
2017-12-01 00:00:00,-0.7272116,-0.6650796
2017-12-01 00:10:00,-0.8194453,-0.6799137
2017-12-01 00:20:00,-0.89742476,-0.6958093
2017-12-01 00:30:00,-0.9745657,-0.7151164
2017-12-01 00:40:00,-1.0584146,-0.7241077
2017-12-01 00:50:00,-1.1137547,-0.7363025
2017-12-01 01:00:00,-1.1766415,-0.75441563
2017-12-01 01:10:00,-1.2034731,-0.77690387
2017-12-01 01:20:00,-1.283968,-0.798499
2017-12-01 01:30:00,-1.3351158,-0.8243574
2017-12-01 01:40:00,-1.383748,-0.8435179
2017-12-01 01:50:00,-1.4323804,-0.8598682
2017-12-01 02:00:00,-1.4541812,-0.8854109
2017-12-01 02:10:00,-1.4592121,-0.9070164
2017-12-01 02:20:00,-1.4759818,-0.9279324
2017-12-01 02:30:00,-1.5061674,-0.9555334
2017-12-01 02:40:00,-1.5262911,-0.9752684
2017-12-01 02:50:00,-1.5254527,-0.9956256
2017-12-01 03:00:00,-1.5464149,-1.0195224
2017-12-01 03:10:00,-1.5455765,-1.0368098
2017-12-01 03:20:00,-1.5539613,-1.0409389
2017-12-01 03:30:00,-1.5615077,-1.0290087
2017-12-01 03:40:00,-1.5732465,-1.0076835
2017-12-01 03:50:00,-1.5673771,-0.9753175
2017-12-01 04:00:00,-1.5690541,-0.85000825
2017-12-01 04:10:00,-1.579116,-0.8496618
2017-12-01 04:20:00,-1.5690541,-1.0253282
2017-12-01 04:30:00,-1.5849854,-1.2489965
2017-12-01 04:40:00,-1.5900162,-1.2363183
2017-12-01 04:50:00,-1.5858239,-1.240735
2017-12-01 05:00:00,-1.5942087,-1.2664905
2017-12-01 05:10:00,-1.6076245,-1.2642285
2017-12-01 05:20:00,-1.5925318,-1.261965
2017-12-01 05:30:00,-1.5623462,-1.2642512
2017-12-01 05:40:00,-1.4852052,-1.2728729
2017-12-01 05:50:00,-1.5338376,-1.2752489
2017-12-01 06:00:00,-1.536353,-1.273981
2017-12-01 06:10:00,-1.4885591,-1.2719991
2017-12-01 06:20:00,-1.5355146,-1.2694588
2017-12-01 06:30:00,-1.606786,-1.2681804
2017-12-01 06:40:00,-1.7535216,-1.2645228
2017-12-01 06:50:00,-1.9203808,-1.2617507
2017-12-01 07:00:00,-1.9958447,-1.256386
2017-12-01 07:10:00,-2.0352538,-1.2511109
2017-12-01 07:20:00,-2.0243533,-1.2458446
2017-12-01 07:30:00,-1.984106,-1.2422307
2017-12-01 07:40:00,-1.941343,-1.2260743
2017-12-01 07:50:00,-1.9321196,-1.2115656
2017-12-01 08:00:00,-1.8767793,-1.1592128
2017-12-01 08:10:00,-1.8063463,-0.9213547
2017-12-01 08:20:00,-1.7728068,-0.7319002
2017-12-01 08:30:00,-1.6965044,-0.70429325
2017-12-01 08:40:00,-1.6587723,-0.5885452
2017-12-01 08:50:00,-1.6093016,-0.49525794
2017-12-01 09:00:00,-1.5346761,-0.3314151
2017-12-01 09:10:00,-1.4432808,-0.2650034
2017-12-01 09:20:00,-1.3820711,-0.2260409
2017-12-01 09:30:00,-1.2739061,-0.20849064
2017-12-01 09:40:00,-1.1514868,-0.1725026
2017-12-01 09:50:00,-1.0617685,-0.16043903
2017-12-01 10:00:00,-0.99468946,-0.14539802
2017-12-01 10:10:00,-0.9837891,-0.13742323
2017-12-01 10:20:00,-0.9460571,-0.1351676
2017-12-01 10:30:00,-0.89071685,-0.13677073
2017-12-01 10:40:00,-0.83789206,-0.13862148
2017-12-01 10:50:00,-0.80938345,-0.142263
2017-12-01 11:00:00,-0.7607511,-0.14098635
2017-12-01 11:10:00,-0.7096033,-0.13894717
2017-12-01 11:20:00,-0.6810947,-0.13588317
2017-12-01 11:30:00,-0.6634865,-0.13325924
2017-12-01 11:40:00,-0.57628363,-0.12984718
2017-12-01 11:50:00,-0.58131456,-0.12773827
2017-12-01 12:00:00,-0.6064693,-0.12285833
2017-12-01 12:10:00,-0.64923215,-0.11774623
2017-12-01 12:20:00,-0.6685174,-0.11347676
2017-12-01 12:30:00,-0.71463424,-0.1057935
2017-12-01 12:40:00,-0.7112803,-0.097021006
2017-12-01 12:50:00,-0.67103285,-0.09024866
2017-12-01 13:00:00,-0.62072355,-0.0795978
2017-12-01 13:10:00,-0.5863455,-0.06623034
2017-12-01 13:20:00,-0.5519675,-0.05316516
2017-12-01 13:30:00,-0.5804761,-0.03756325
2017-12-01 13:40:00,-0.5863455,-0.013690174
2017-12-01 13:50:00,-0.6115002,0.011258692
2017-12-01 14:00:00,-0.66432494,0.04074423
2017-12-01 14:10:00,-0.697026,0.05974856
2017-12-01 14:20:00,-0.71547276,0.06853655
2017-12-01 14:30:00,-0.7632666,0.076438904
2017-12-01 14:40:00,-0.77416694,0.083284706
2017-12-01 14:50:00,-0.8018371,0.08640313
2017-12-01 15:00:00,-0.8496309,0.08370727
2017-12-01 15:10:00,-0.83118415,0.080498755
2017-12-01 15:20:00,-0.84627694,0.07006894
2017-12-01 15:30:00,-0.842923,0.06549527
2017-12-01 15:40:00,-0.878978,0.08021405
2017-12-01 15:50:00,-0.8982633,0.082689136
2017-12-01 16:00:00,-0.9049712,0.07646364
2017-12-01 16:10:00,-0.9108406,0.06023945
2017-12-01 16:20:00,-0.89323235,0.012636989
2017-12-01 16:30:00,-0.841246,-0.053142145
2017-12-01 16:40:00,-0.75907415,-0.065148
2017-12-01 16:50:00,-0.7272116,-0.066098146
2017-12-01 17:00:00,-0.5720912,-0.06350019
2017-12-01 17:10:00,-0.35911512,-0.05482789
2017-12-01 17:20:00,0.034135997,-0.029915065
2017-12-01 17:30:00,0.26388186,-0.010223776
2017-12-01 17:40:00,0.3183836,-0.0077988505
2017-12-01 17:50:00,0.32760698,-0.013974905
2017-12-01 18:00:00,0.35695407,-0.0056348443
2017-12-01 18:10:00,0.36953142,0.038302004
2017-12-01 18:20:00,0.34269977,0.18462157
2017-12-01 18:30:00,0.35946953,0.7693856
2017-12-01 18:40:00,0.3787548,1.2049365
2017-12-01 18:50:00,0.35024616,1.3023093
2017-12-01 19:00:00,0.33515337,1.3514986
2017-12-01 19:10:00,0.35024616,1.3472787
2017-12-01 19:20:00,0.35108465,1.336391
2017-12-01 19:30:00,0.3468922,1.3255019
2017-12-01 19:40:00,0.3049678,1.317209
2017-12-01 19:50:00,0.30832174,1.3089085
2017-12-01 20:00:00,0.28484407,1.2983061
2017-12-01 20:10:00,0.3536001,1.2879968
2017-12-01 20:20:00,0.3787548,1.2778586
2017-12-01 20:30:00,0.3720469,1.2705439
2017-12-01 20:40:00,0.34269977,1.2743728
2017-12-01 20:50:00,0.31670663,1.2826737
2017-12-01 21:00:00,0.28568256,1.3016577
2017-12-01 21:10:00,0.26639733,1.3213155
2017-12-01 21:20:00,0.26388186,1.3081313
2017-12-01 21:30:00,0.18841788,1.2468913
2017-12-01 21:40:00,0.11714636,1.2183003
2017-12-01 21:50:00,0.087799266,1.1764119
2017-12-01 22:00:00,0.053421233,1.0529065
2017-12-01 22:10:00,0.007304363,0.8389461
2017-12-01 22:20:00,-0.0539053,0.5698712
2017-12-01 22:30:00,-0.095829725,0.24739385
2017-12-01 22:40:00,-0.149493,0.17827645
2017-12-01 22:50:00,-0.2660429,0.1302306
2017-12-01 23:00:00,-0.31970617,-0.048859835
2017-12-01 23:10:00,-0.35911512,-0.52331555
2017-12-01 23:20:00,-0.42619422,-0.6475849
2017-12-01 23:30:00,-0.54609805,-0.69464064
2017-12-01 23:40:00,-0.66684043,-0.7099906
2017-12-01 23:50:00,-0.73978895,-0.7233366
2017-12-02 00:00:00,-0.8370536,-0.7420273
2017-12-02 00:10:00,-0.9250949,-0.7519944
2017-12-02 00:20:00,-1.019844,-0.7617154
2017-12-02 00:30:00,-1.1036929,-0.77663594
2017-12-02 00:40:00,-1.1732875,-0.7798102
2017-12-02 00:50:00,-1.2361741,-0.79251695
2017-12-02 01:00:00,-1.2671982,-0.81858593
2017-12-02 01:10:00,-1.3124766,-0.84349245
2017-12-02 01:20:00,-1.3627859,-0.8575449
2017-12-02 01:30:00,-1.392133,-0.88875914
2017-12-02 01:40:00,-1.4290265,-0.91498256
2017-12-02 01:50:00,-1.4784973,-0.93465185
2017-12-02 02:00:00,-1.5187448,-0.9542445
2017-12-02 02:10:00,-1.541384,-0.97269744
2017-12-02 02:20:00,-1.5531228,-0.98938215
2017-12-02 02:30:00,-1.5933702,-1.0026067
2017-12-02 02:40:00,-1.575762,-1.0114701
2017-12-02 02:50:00,-1.603432,-1.0195837
2017-12-02 03:00:00,-1.6025937,-1.0203125
2017-12-02 03:10:00,-1.5984012,-1.0083566
2017-12-02 03:20:00,-1.6134939,-0.9892144
2017-12-02 03:30:00,-1.6260713,-0.9714131
2017-12-02 03:40:00,-1.6277483,-0.9517745
2017-12-02 03:50:00,-1.6352947,-0.9228977
2017-12-02 04:00:00,-1.6503875,-0.81020963
2017-12-02 04:10:00,-1.6738652,-0.83094406
2017-12-02 04:20:00,-1.6864425,-1.0203489
2017-12-02 04:30:00,-1.6730267,-1.2532085
2017-12-02 04:40:00,-1.6688342,-1.2407913
2017-12-02 04:50:00,-1.6570954,-1.244117
2017-12-02 05:00:00,-1.6512259,-1.2687833
2017-12-02 05:10:00,-1.6344562,-1.2671404
2017-12-02 05:20:00,-1.6361332,-1.2642276
2017-12-02 05:30:00,-1.6051091,-1.265533
2017-12-02 05:40:00,-1.5220988,-1.2740567
2017-12-02 05:50:00,-1.5422225,-1.2768228
2017-12-02 06:00:00,-1.6361332,-1.2755469
2017-12-02 06:10:00,-1.574085,-1.2732276
2017-12-02 06:20:00,-1.5900162,-1.271078
2017-12-02 06:30:00,-1.6847655,-1.2710011
2017-12-02 06:40:00,-1.7535216,-1.2667266
2017-12-02 06:50:00,-1.9153498,-1.2643011
2017-12-02 07:00:00,-1.9581127,-1.2583845
2017-12-02 07:10:00,-2.0293844,-1.2526264
2017-12-02 07:20:00,-2.0335767,-1.2472999
2017-12-02 07:30:00,-1.9824289,-1.243935
2017-12-02 07:40:00,-1.9664977,-1.2273767
2017-12-02 07:50:00,-1.8960646,-1.2130153
2017-12-02 08:00:00,-1.8164082,-1.16156
2017-12-02 08:10:00,-1.7778378,-0.93514264
2017-12-02 08:20:00,-1.7325593,-0.73515314
2017-12-02 08:30:00,-1.6327792,-0.7066089
2017-12-02 08:40:00,-1.5606692,-0.5892162
2017-12-02 08:50:00,-1.5179063,-0.4955741
2017-12-02 09:00:00,-1.4374114,-0.3310227
2017-12-02 09:10:00,-1.3292464,-0.2632648
2017-12-02 09:20:00,-1.2177274,-0.2243204
2017-12-02 09:30:00,-1.1431019,-0.20705053
2017-12-02 09:40:00,-1.1078854,-0.1707059
2017-12-02 09:50:00,-0.98295057,-0.15767145
2017-12-02 10:00:00,-0.8655622,-0.14679943
2017-12-02 10:10:00,-0.841246,-0.1410726
2017-12-02 10:20:00,-0.7758439,-0.13739721
2017-12-02 10:30:00,-0.73727345,-0.13867766
2017-12-02 10:40:00,-0.697026,-0.13830274
2017-12-02 10:50:00,-0.5955689,-0.1414187
2017-12-02 11:00:00,-0.5536445,-0.13953908
2017-12-02 11:10:00,-0.52010494,-0.13872345
2017-12-02 11:20:00,-0.50668913,-0.13629149
2017-12-02 11:30:00,-0.41780934,-0.13385105
2017-12-02 11:40:00,-0.42367876,-0.13067068
2017-12-02 11:50:00,-0.39936256,-0.12727068
2017-12-02 12:00:00,-0.39265466,-0.11993425
2017-12-02 12:10:00,-0.37923884,-0.11407937
2017-12-02 12:20:00,-0.3825928,-0.10724471
2017-12-02 12:30:00,-0.41445535,-0.09788761
2017-12-02 12:40:00,-0.43961003,-0.08574668
2017-12-02 12:50:00,-0.42535573,-0.07412258
2017-12-02 13:00:00,-0.40858594,-0.057247743
2017-12-02 13:10:00,-0.403555,-0.040693656
2017-12-02 13:20:00,-0.4102629,-0.023220837
2017-12-02 13:30:00,-0.3742079,-0.0014204681
2017-12-02 13:40:00,-0.43038666,0.016765028
2017-12-02 13:50:00,-0.5217819,0.041694865
2017-12-02 14:00:00,-0.47231108,0.07180196
2017-12-02 14:10:00,-0.46476468,0.08988559
2017-12-02 14:20:00,-0.4714726,0.10820973
2017-12-02 14:30:00,-0.52010494,0.12197441
2017-12-02 14:40:00,-0.5561599,0.13266495
2017-12-02 14:50:00,-0.5729297,0.15083599
2017-12-02 15:00:00,-0.6198851,0.16443267
2017-12-02 15:10:00,-0.59892285,0.18081605
2017-12-02 15:20:00,-0.6039538,0.19182199
2017-12-02 15:30:00,-0.6307854,0.20407662
2017-12-02 15:40:00,-0.6349779,0.19236529
2017-12-02 15:50:00,-0.6240775,0.17829436
2017-12-02 16:00:00,-0.70205694,0.17833093
2017-12-02 16:10:00,-0.68864113,0.14085054
2017-12-02 16:20:00,-0.65761703,0.12013623
2017-12-02 16:30:00,-0.61904657,0.088130504
2017-12-02 16:40:00,-0.5452596,0.016219884
2017-12-02 16:50:00,-0.5410671,-0.030111492
2017-12-02 17:00:00,-0.46811864,-0.032838315
2017-12-02 17:10:00,-0.17884009,-0.029519707
2017-12-02 17:20:00,0.25214303,-0.022841454
2017-12-02 17:30:00,0.49111223,-0.007439226
2017-12-02 17:40:00,0.5129129,-0.0014490783
2017-12-02 17:50:00,0.5363906,0.0006366074
2017-12-02 18:00:00,0.585023,0.024928153
2017-12-02 18:10:00,0.57076865,0.086160034
2017-12-02 18:20:00,0.56489927,0.26201183
2017-12-02 18:30:00,0.5632223,0.8571003
2017-12-02 18:40:00,0.54226005,1.2860814
2017-12-02 18:50:00,0.5313597,1.3713655
2017-12-02 19:00:00,0.5590298,1.4112513
2017-12-02 19:10:00,0.5514834,1.4061077
2017-12-02 19:20:00,0.57999206,1.3971808
2017-12-02 19:30:00,0.5757996,1.383724
2017-12-02 19:40:00,0.5942463,1.377394
2017-12-02 19:50:00,0.5749611,1.3727357
2017-12-02 20:00:00,0.547291,1.3557738
2017-12-02 20:10:00,0.53303665,1.3448861
2017-12-02 20:20:00,0.50285107,1.3338671
2017-12-02 20:30:00,0.49278924,1.3263907
2017-12-02 20:40:00,0.43912596,1.3348875
2017-12-02 20:50:00,0.4282256,1.3409837
2017-12-02 21:00:00,0.35192314,1.3521423
2017-12-02 21:10:00,0.32760698,1.3860922
2017-12-02 21:20:00,0.3116757,1.365508
2017-12-02 21:30:00,0.25885093,1.301127
2017-12-02 21:40:00,0.24375813,1.2708795
2017-12-02 21:50:00,0.21608801,1.2199346
2017-12-02 22:00:00,0.1942873,1.09144
2017-12-02 22:10:00,0.15990928,0.8711781
2017-12-02 22:20:00,0.1070845,0.5861387
2017-12-02 22:30:00,0.022397157,0.24777466
2017-12-02 22:40:00,-0.016173316,0.17504722
2017-12-02 22:50:00,-0.114276476,0.13679454
2017-12-02 23:00:00,-0.2148951,-0.06895754
2017-12-02 23:10:00,-0.2786202,-0.5044207
2017-12-02 23:20:00,-0.35576117,-0.6010734
2017-12-02 23:30:00,-0.45051038,-0.6452542
2017-12-02 23:40:00,-0.551129,-0.65432835
2017-12-02 23:50:00,-0.69115657,-0.6655079
2017-12-03 00:00:00,-0.73895043,-0.6818824
2017-12-03 00:10:00,-0.806868,-0.6990181
2017-12-03 00:20:00,-0.8680777,-0.7184555
2017-12-03 00:30:00,-0.9536035,-0.73953104
2017-12-03 00:40:00,-1.0508682,-0.7547586
2017-12-03 00:50:00,-1.0953081,-0.7682829
2017-12-03 01:00:00,-1.1825109,-0.79347444
2017-12-03 01:10:00,-1.2093425,-0.8179269
2017-12-03 01:20:00,-1.2671982,-0.83881146
2017-12-03 01:30:00,-1.3258924,-0.8656496
2017-12-03 01:40:00,-1.3762017,-0.88059056
2017-12-03 01:50:00,-1.4097413,-0.8954435
2017-12-03 02:00:00,-1.4080642,-0.9139892
2017-12-03 02:10:00,-1.4390883,-0.93305707
2017-12-03 02:20:00,-1.4701124,-0.9522581
2017-12-03 02:30:00,-1.4919131,-0.97622573
2017-12-03 02:40:00,-1.5204217,-0.9922012
2017-12-03 02:50:00,-1.5598307,-1.0097103
2017-12-03 03:00:00,-1.6093016,-1.0249166
2017-12-03 03:10:00,-1.611817,-1.0290145
2017-12-03 03:20:00,-1.6210403,-1.0202062
2017-12-03 03:30:00,-1.6361332,-1.0051842
2017-12-03 03:40:00,-1.6453565,-0.98803973
2017-12-03 03:50:00,-1.6705112,-0.9616581
2017-12-03 04:00:00,-1.6747036,-0.8424977
2017-12-03 04:10:00,-1.685604,-0.8455366
2017-12-03 04:20:00,-1.6805731,-1.015659
2017-12-03 04:30:00,-1.6780576,-1.2454255
2017-12-03 04:40:00,-1.6939889,-1.2362019
2017-12-03 04:50:00,-1.6780576,-1.2403188
2017-12-03 05:00:00,-1.6629648,-1.2665577
2017-12-03 05:10:00,-1.6579338,-1.2648735
2017-12-03 05:20:00,-1.6470336,-1.2619127
2017-12-03 05:30:00,-1.6059476,-1.2636147
2017-12-03 05:40:00,-1.5053289,-1.2716935
2017-12-03 05:50:00,-1.53803,-1.274118
2017-12-03 06:00:00,-1.5841469,-1.2720261
2017-12-03 06:10:00,-1.5958858,-1.2703652
2017-12-03 06:20:00,-1.6252328,-1.2688239
2017-12-03 06:30:00,-1.683927,-1.2685058
2017-12-03 06:40:00,-1.8365319,-1.26518
2017-12-03 06:50:00,-1.9924908,-1.2635231
2017-12-03 07:00:00,-2.0360923,-1.2593997
2017-12-03 07:10:00,-2.113233,-1.2543746
2017-12-03 07:20:00,-2.1014943,-1.2487571
2017-12-03 07:30:00,-2.0721471,-1.2450569
2017-12-03 07:40:00,-2.0738242,-1.228785
2017-12-03 07:50:00,-2.047831,-1.2149365
2017-12-03 08:00:00,-1.9933293,-1.1633651
2017-12-03 08:10:00,-1.939666,-0.93964165
2017-12-03 08:20:00,-1.905288,-0.73631227
2017-12-03 08:30:00,-1.82647,-0.70776147
2017-12-03 08:40:00,-1.7778378,-0.59166086
2017-12-03 08:50:00,-1.7174666,-0.49829698
2017-12-03 09:00:00,-1.6621263,-0.33314615
2017-12-03 09:10:00,-1.5732465,-0.26532686
2017-12-03 09:20:00,-1.5019749,-0.2258437
2017-12-03 09:30:00,-1.433219,-0.20763299
2017-12-03 09:40:00,-1.3451777,-0.16951922
2017-12-03 09:50:00,-1.2646828,-0.15565328
2017-12-03 10:00:00,-1.2219198,-0.14227743
2017-12-03 10:10:00,-1.1355555,-0.13957752
2017-12-03 10:20:00,-1.0768613,-0.1389356
2017-12-03 10:30:00,-0.990497,-0.13920346
2017-12-03 10:40:00,-0.96953475,-0.14017457
2017-12-03 10:50:00,-0.9074866,-0.14389442
2017-12-03 11:00:00,-0.89155537,-0.14184767
2017-12-03 11:10:00,-0.8345381,-0.14026473
2017-12-03 11:20:00,-0.8135759,-0.13765538
2017-12-03 11:30:00,-0.7842288,-0.13548246
2017-12-03 11:40:00,-0.7272116,-0.13314337
2017-12-03 11:50:00,-0.7104418,-0.1313875
2017-12-03 12:00:00,-0.70037997,-0.12703496
2017-12-03 12:10:00,-0.7070879,-0.123478286
2017-12-03 12:20:00,-0.6752253,-0.119265154
2017-12-03 12:30:00,-0.67103285,-0.11279852
2017-12-03 12:40:00,-0.6467167,-0.10592647
2017-12-03 12:50:00,-0.6391703,-0.099530354
2017-12-03 13:00:00,-0.6701944,-0.08974239
2017-12-03 13:10:00,-0.698703,-0.0790086
2017-12-03 13:20:00,-0.71463424,-0.06718482
2017-12-03 13:30:00,-0.73978895,-0.054852456
2017-12-03 13:40:00,-0.71714973,-0.04026851
2017-12-03 13:50:00,-0.7028954,-0.026978314
2017-12-03 14:00:00,-0.6701944,-0.01511389
2017-12-03 14:10:00,-0.68612564,0.0010794401
2017-12-03 14:20:00,-0.70792633,0.015877426
2017-12-03 14:30:00,-0.70792633,0.033695295
2017-12-03 14:40:00,-0.6894796,0.045938075
2017-12-03 14:50:00,-0.7137958,0.058148637
2017-12-03 15:00:00,-0.78339034,0.06045109
2017-12-03 15:10:00,-0.8219608,0.061146677
2017-12-03 15:20:00,-0.7884213,0.06330693
2017-12-03 15:30:00,-0.8211223,0.058279544
2017-12-03 15:40:00,-0.8127374,0.061140567
2017-12-03 15:50:00,-0.81860685,0.056794733
2017-12-03 16:00:00,-0.8278302,0.0513255
2017-12-03 16:10:00,-0.83202267,0.039070547
2017-12-03 16:20:00,-0.8219608,0.028522104
2017-12-03 16:30:00,-0.7951292,0.011691362
2017-12-03 16:40:00,-0.7112803,-0.005886361
2017-12-03 16:50:00,-0.66264796,-0.012662202
2017-12-03 17:00:00,-0.54777503,-0.039766967
2017-12-03 17:10:00,-0.29874396,-0.051632002
2017-12-03 17:20:00,0.108761474,-0.054963462
2017-12-03 17:30:00,0.40558642,-0.05194822
2017-12-03 17:40:00,0.50033563,-0.04576944
2017-12-03 17:50:00,0.52884424,-0.03482595
2017-12-03 18:00:00,0.5154284,-0.01363042
2017-12-03 18:10:00,0.48943526,0.03793396
2017-12-03 18:20:00,0.4869198,0.19026756
2017-12-03 18:30:00,0.5171054,0.77881205
2017-12-03 18:40:00,0.53555214,1.2168635
2017-12-03 18:50:00,0.55819136,1.315263
2017-12-03 19:00:00,0.616047,1.3634596
2017-12-03 19:10:00,0.6596484,1.3542993
2017-12-03 19:20:00,0.68228763,1.344919
2017-12-03 19:30:00,0.6755797,1.3319612
2017-12-03 19:40:00,0.66048694,1.3272887
2017-12-03 19:50:00,0.6596484,1.3228649
2017-12-03 20:00:00,0.67138726,1.3144069
2017-12-03 20:10:00,0.67390275,1.3063898
2017-12-03 20:20:00,0.6412017,1.2966212
2017-12-03 20:30:00,0.6118546,1.2868173
2017-12-03 20:40:00,0.5917309,1.2898126
2017-12-03 20:50:00,0.5607068,1.2962435
2017-12-03 21:00:00,0.53387517,1.3139735
2017-12-03 21:10:00,0.49195072,1.3415087
2017-12-03 21:20:00,0.40894037,1.3283672
2017-12-03 21:30:00,0.34521523,1.2714746
2017-12-03 21:40:00,0.29406744,1.2439754
2017-12-03 21:50:00,0.25801244,1.1966705
2017-12-03 22:00:00,0.17751753,1.0700129
2017-12-03 22:10:00,0.08360682,0.8542036
2017-12-03 22:20:00,-0.00024203374,0.57783633
2017-12-03 22:30:00,-0.11846892,0.24900201
2017-12-03 22:40:00,-0.18722497,0.17540076
2017-12-03 22:50:00,-0.29958245,0.1331959
2017-12-03 23:00:00,-0.4102629,-0.0011479259
2017-12-03 23:10:00,-0.5159125,-0.3809034
2017-12-03 23:20:00,-0.6131772,-0.5777181
2017-12-03 23:30:00,-0.7339195,-0.64138776
2017-12-03 23:40:00,-0.8261532,-0.6518034
2017-12-03 23:50:00,-0.89071685,-0.6647546
2017-12-04 00:00:00,-0.9879815,-0.69674194
2017-12-04 00:10:00,-1.0215211,-0.7303896
2017-12-04 00:20:00,-1.0886002,-0.74906063
2017-12-04 00:30:00,-1.1523253,-0.7396015
2017-12-04 00:40:00,-1.2009577,-0.7378354
2017-12-04 00:50:00,-1.2973838,-0.7548433
2017-12-04 01:00:00,-1.3359543,-0.77531695
2017-12-04 01:10:00,-1.3728478,-0.8003882
2017-12-04 01:20:00,-1.4055488,-0.8275215
2017-12-04 01:30:00,-1.4650815,-0.85688424
2017-12-04 01:40:00,-1.4810128,-0.8764901
2017-12-04 01:50:00,-1.5111984,-0.89431727
2017-12-04 02:00:00,-1.5472534,-0.9197041
2017-12-04 02:10:00,-1.5438994,-0.9475018
2017-12-04 02:20:00,-1.574085,-0.9726058
2017-12-04 02:30:00,-1.5732465,-1.0000169
2017-12-04 02:40:00,-1.6294253,-1.0167214
2017-12-04 02:50:00,-1.6394871,-1.0279081
2017-12-04 03:00:00,-1.6814115,-1.0277041
2017-12-04 03:10:00,-1.6537415,-1.0126872
2017-12-04 03:20:00,-1.7048892,-0.984252
2017-12-04 03:30:00,-1.6990198,-0.95056695
2017-12-04 03:40:00,-1.683927,-0.918726
2017-12-04 03:50:00,-1.6646417,-0.88468635
2017-12-04 04:00:00,-1.6654803,-0.78387487
2017-12-04 04:10:00,-1.6763806,-0.814651
2017-12-04 04:20:00,-1.6705112,-1.0118775
2017-12-04 04:30:00,-1.6503875,-1.2572688
2017-12-04 04:40:00,-1.6604494,-1.2430907
2017-12-04 04:50:00,-1.6277483,-1.2461033
2017-12-04 05:00:00,-1.5992397,-1.2710103
2017-12-04 05:10:00,-1.61014,-1.2690048
2017-12-04 05:20:00,-1.5547998,-1.265106
2017-12-04 05:30:00,-1.4852052,-1.2670023
2017-12-04 05:40:00,-1.3803941,-1.2749652
2017-12-04 05:50:00,-1.3845866,-1.2768373
2017-12-04 06:00:00,-1.4021949,-1.2754734
2017-12-04 06:10:00,-1.3929715,-1.2732637
2017-12-04 06:20:00,-1.3795557,-1.271566
2017-12-04 06:30:00,-1.4307035,-1.2704791
2017-12-04 06:40:00,-1.5304836,-1.2676148
2017-12-04 06:50:00,-1.6378101,-1.2654858
2017-12-04 07:00:00,-1.575762,-1.2607162
2017-12-04 07:10:00,-1.5195832,-1.2545984
2017-12-04 07:20:00,-1.4751433,-1.2498784
2017-12-04 07:30:00,-1.4701124,-1.2462845
2017-12-04 07:40:00,-1.5103599,-1.229114
2017-12-04 07:50:00,-1.5170678,-1.2135222
2017-12-04 08:00:00,-1.3980024,-1.1604421
2017-12-04 08:10:00,-1.3082842,-0.9183048
2017-12-04 08:20:00,-1.1850263,-0.731884
2017-12-04 08:30:00,-1.1338786,-0.7030395
2017-12-04 08:40:00,-1.0743458,-0.5851548
2017-12-04 08:50:00,-1.0441602,-0.4902238
2017-12-04 09:00:00,-0.95695746,-0.3253879
2017-12-04 09:10:00,-0.8882014,-0.259031
2017-12-04 09:20:00,-0.8211223,-0.2188605
2017-12-04 09:30:00,-0.7800364,-0.19812101
2017-12-04 09:40:00,-0.73056555,-0.15642112
2017-12-04 09:50:00,-0.67774075,-0.13453329
2017-12-04 10:00:00,-0.57712215,-0.115793556
2017-12-04 10:10:00,-0.49746573,-0.11191843
2017-12-04 10:20:00,-0.48824236,-0.114971556
2017-12-04 10:30:00,-0.41780934,-0.119141825
2017-12-04 10:40:00,-0.34402233,-0.12574013
2017-12-04 10:50:00,-0.2895206,-0.13245924
2017-12-04 11:00:00,-0.30209792,-0.12893215
2017-12-04 11:10:00,-0.2652044,-0.12444929
2017-12-04 11:20:00,-0.25681952,-0.1206944
2017-12-04 11:30:00,-0.26268893,-0.118612126
2017-12-04 11:40:00,-0.24759614,-0.11625768
2017-12-04 11:50:00,-0.2073487,-0.11712384
2017-12-04 12:00:00,-0.20986417,-0.11201768
2017-12-04 12:10:00,-0.16793974,-0.104395084
2017-12-04 12:20:00,-0.14362358,-0.081576385
2017-12-04 12:30:00,-0.15871637,-0.04990968
2017-12-04 12:40:00,-0.13943113,-0.029772311
2017-12-04 12:50:00,-0.13356172,-0.017143577
2017-12-04 13:00:00,-0.13188474,0.009208724
2017-12-04 13:10:00,-0.16458578,0.04399374
2017-12-04 13:20:00,-0.20315626,0.072938874
2017-12-04 13:30:00,-0.22076452,0.09752357
2017-12-04 13:40:00,-0.26268893,0.11155358
2017-12-04 13:50:00,-0.26101196,0.118065715
2017-12-04 14:00:00,-0.19141743,0.14123708
2017-12-04 14:10:00,-0.19560987,0.17065561
2017-12-04 14:20:00,-0.19225591,0.1901519
2017-12-04 14:30:00,-0.20483324,0.21090412
2017-12-04 14:40:00,-0.21154115,0.2276291
2017-12-04 14:50:00,-0.25346556,0.24012256
2017-12-04 15:00:00,-0.2886821,0.25052887
2017-12-04 15:10:00,-0.25262707,0.25849217
2017-12-04 15:20:00,-0.2719123,0.26057765
2017-12-04 15:30:00,-0.29035908,0.22202507
2017-12-04 15:40:00,-0.29790547,0.18529013
2017-12-04 15:50:00,-0.30042094,0.15440133
2017-12-04 16:00:00,-0.331445,0.12810904
2017-12-04 16:10:00,-0.29958245,0.10826728
2017-12-04 16:20:00,-0.3113213,0.096752375
2017-12-04 16:30:00,-0.2802972,0.07799807
2017-12-04 16:40:00,-0.20315626,0.082490504
2017-12-04 16:50:00,-0.14278509,0.09163308
2017-12-04 17:00:00,-0.039650995,0.09222987
2017-12-04 17:10:00,0.2387272,0.08690199
2017-12-04 17:20:00,0.66467935,0.08201352
2017-12-04 17:30:00,0.9497655,0.083028525
2017-12-04 17:40:00,1.0009133,0.08006972
2017-12-04 17:50:00,1.0051057,0.092675805
2017-12-04 18:00:00,0.9447345,0.14384773
2017-12-04 18:10:00,0.95060396,0.24824446
2017-12-04 18:20:00,0.9338342,0.48688075
2017-12-04 18:30:00,0.9355112,1.0963128
2017-12-04 18:40:00,0.9405421,1.5210599
2017-12-04 18:50:00,0.89945614,1.5836923
2017-12-04 19:00:00,0.89107126,1.6031404
2017-12-04 19:10:00,0.8902328,1.5993991
2017-12-04 19:20:00,0.87346303,1.5888382
2017-12-04 19:30:00,0.81225336,1.5801721
2017-12-04 19:40:00,0.7803908,1.5788411
2017-12-04 19:50:00,0.78961414,1.5708783
2017-12-04 20:00:00,0.76865196,1.553274
2017-12-04 20:10:00,0.8088994,1.5489664
2017-12-04 20:20:00,0.83405405,1.5343049
2017-12-04 20:30:00,0.82566917,1.5332133
2017-12-04 20:40:00,0.80470693,1.5555507
2017-12-04 20:50:00,0.72672755,1.5808554
2017-12-04 21:00:00,0.6747412,1.6028183
2017-12-04 21:10:00,0.62275493,1.5084893
2017-12-04 21:20:00,0.507882,1.4039605
2017-12-04 21:30:00,0.4290641,1.3327764
2017-12-04 21:40:00,0.3544386,1.291273
2017-12-04 21:50:00,0.35192314,1.2334512
2017-12-04 22:00:00,0.29574442,1.0940654
2017-12-04 22:10:00,0.22195743,0.8640306
2017-12-04 22:20:00,0.09534566,0.558602
2017-12-04 22:30:00,0.045036346,0.2314283
2017-12-04 22:40:00,-0.08241391,0.17104042
2017-12-04 22:50:00,-0.22579545,0.122680604
2017-12-04 23:00:00,-0.31215978,-0.2747922
2017-12-04 23:10:00,-0.42284027,-0.508397
2017-12-04 23:20:00,-0.5444211,-0.58148
2017-12-04 23:30:00,-0.624916,-0.6281024
2017-12-04 23:40:00,-0.72134215,-0.64145696
2017-12-04 23:50:00,-0.82447624,-0.65306556
2017-12-05 00:00:00,-0.9049712,-0.6702831
2017-12-05 00:10:00,-0.9812736,-0.68626493
2017-12-05 00:20:00,-1.0508682,-0.7007893
2017-12-05 00:30:00,-1.1439404,-0.7192537
2017-12-05 00:40:00,-1.172449,-0.7247647
2017-12-05 00:50:00,-1.2303047,-0.7383151
2017-12-05 01:00:00,-1.2739061,-0.7598534
2017-12-05 01:10:00,-1.3300848,-0.7826551
2017-12-05 01:20:00,-1.3443391,-0.8057332
2017-12-05 01:30:00,-1.4055488,-0.836428
2017-12-05 01:40:00,-1.428188,-0.8612839
2017-12-05 01:50:00,-1.4726279,-0.878458
2017-12-05 02:00:00,-1.4826897,-0.90090597
2017-12-05 02:10:00,-1.4885591,-0.92637885
2017-12-05 02:20:00,-1.4961056,-0.95756865
2017-12-05 02:30:00,-1.5212603,-0.9839207
2017-12-05 02:40:00,-1.5438994,-1.0118397
2017-12-05 02:50:00,-1.5824699,-1.0385133
2017-12-05 03:00:00,-1.5749235,-1.053571
2017-12-05 03:10:00,-1.61014,-1.0477269
2017-12-05 03:20:00,-1.6126555,-1.0256126
2017-12-05 03:30:00,-1.5975627,-0.99349976
2017-12-05 03:40:00,-1.6344562,-0.95682645
2017-12-05 03:50:00,-1.6394871,-0.91918737
2017-12-05 04:00:00,-1.6218789,-0.7997918
2017-12-05 04:10:00,-1.6185249,-0.8225076
2017-12-05 04:20:00,-1.6210403,-1.014457
2017-12-05 04:30:00,-1.6319407,-1.2612588
2017-12-05 04:40:00,-1.6319407,-1.2441956
2017-12-05 04:50:00,-1.6000781,-1.2444519
2017-12-05 05:00:00,-1.5816314,-1.2689652
2017-12-05 05:10:00,-1.5522844,-1.2679913
2017-12-05 05:20:00,-1.5447379,-1.2641735
2017-12-05 05:30:00,-1.4910747,-1.2657504
2017-12-05 05:40:00,-1.3569164,-1.2737718
2017-12-05 05:50:00,-1.3736862,-1.2763941
2017-12-05 06:00:00,-1.3728478,-1.27461
2017-12-05 06:10:00,-1.359432,-1.2725158
2017-12-05 06:20:00,-1.356078,-1.2701889
2017-12-05 06:30:00,-1.357755,-1.2690763
2017-12-05 06:40:00,-1.4198031,-1.2653996
2017-12-05 06:50:00,-1.5271297,-1.2636948
2017-12-05 07:00:00,-1.4793358,-1.2578804
2017-12-05 07:10:00,-1.424834,-1.2531363
2017-12-05 07:20:00,-1.3602704,-1.247884
2017-12-05 07:30:00,-1.3518856,-1.2436365
2017-12-05 07:40:00,-1.4105798,-1.2276316
2017-12-05 07:50:00,-1.4424423,-1.2137021
2017-12-05 08:00:00,-1.2940298,-1.1605767
2017-12-05 08:10:00,-1.1883802,-0.91537285
2017-12-05 08:20:00,-1.1221397,-0.73187697
2017-12-05 08:30:00,-1.0743458,-0.7041857
2017-12-05 08:40:00,-1.0416448,-0.5876112
2017-12-05 08:50:00,-0.9770812,-0.49360883
2017-12-05 09:00:00,-0.90832514,-0.32841027
2017-12-05 09:10:00,-0.85298485,-0.26033014
2017-12-05 09:20:00,-0.81189895,-0.22045939
2017-12-05 09:30:00,-0.698703,-0.2012038
2017-12-05 09:40:00,-0.6291084,-0.15827018
2017-12-05 09:50:00,-0.5670603,-0.13987383
2017-12-05 10:00:00,-0.5217819,-0.118922226
2017-12-05 10:10:00,-0.4857269,-0.10987143
2017-12-05 10:20:00,-0.4270327,-0.112873696
2017-12-05 10:30:00,-0.3540842,-0.115141064
2017-12-05 10:40:00,-0.34234536,-0.11842863
2017-12-05 10:50:00,-0.27526626,-0.1267399
2017-12-05 11:00:00,-0.19980231,-0.12600663
2017-12-05 11:10:00,-0.17632462,-0.12169841
2017-12-05 11:20:00,-0.18219404,-0.11722061
2017-12-05 11:30:00,-0.16877823,-0.11440046
2017-12-05 11:40:00,-0.12098438,-0.11250143
2017-12-05 11:50:00,-0.13104625,-0.115375206
2017-12-05 12:00:00,-0.13859265,-0.10967064
2017-12-05 12:10:00,-0.12936927,-0.100082174
2017-12-05 12:20:00,-0.10253763,-0.07932175
2017-12-05 12:30:00,-0.09247577,-0.046011984
2017-12-05 12:40:00,-0.057259254,-0.030392945
2017-12-05 12:50:00,-0.07486752,-0.019708663
2017-12-05 13:00:00,-0.07822147,0.005708933
2017-12-05 13:10:00,-0.08828333,0.039389655
2017-12-05 13:20:00,-0.11343799,0.06308605
2017-12-05 13:30:00,-0.15033148,0.09816268
2017-12-05 13:40:00,-0.20399475,0.12924737
2017-12-05 13:50:00,-0.20986417,0.15185773
2017-12-05 14:00:00,-0.20315626,0.17804846
2017-12-05 14:10:00,-0.1847095,0.19257432
2017-12-05 14:20:00,-0.19980231,0.20676154
2017-12-05 14:30:00,-0.15368544,0.22123739
2017-12-05 14:40:00,-0.17716311,0.23122141
2017-12-05 14:50:00,-0.21154115,0.24785227
2017-12-05 15:00:00,-0.23166487,0.26293036
2017-12-05 15:10:00,-0.28113568,0.2727095
2017-12-05 15:20:00,-0.30209792,0.2766082
2017-12-05 15:30:00,-0.3255756,0.27102497
2017-12-05 15:40:00,-0.37756187,0.25362474
2017-12-05 15:50:00,-0.3893007,0.2077001
2017-12-05 16:00:00,-0.41277838,0.17856601
2017-12-05 16:10:00,-0.37169245,0.15371642
2017-12-05 16:20:00,-0.3456993,0.12989292
2017-12-05 16:30:00,-0.26688138,0.10981685
2017-12-05 16:40:00,-0.19728684,0.10786113
2017-12-05 16:50:00,-0.15200846,0.11049205
2017-12-05 17:00:00,-0.07905996,0.1192216
2017-12-05 17:10:00,0.15236288,0.12714311
2017-12-05 17:20:00,0.5716072,0.12974614
2017-12-05 17:30:00,0.85166234,0.13292482
2017-12-05 17:40:00,0.95982736,0.12749222
2017-12-05 17:50:00,0.9707277,0.13668194
2017-12-05 18:00:00,0.9405421,0.17207125
2017-12-05 18:10:00,0.9480885,0.27684844
2017-12-05 18:20:00,0.94725,0.50651425
2017-12-05 18:30:00,0.95479643,1.1325436
2017-12-05 18:40:00,0.8969407,1.5552942
2017-12-05 18:50:00,0.90700257,1.6256313
2017-12-05 19:00:00,0.89945614,1.655993
2017-12-05 19:10:00,0.87094754,1.6269692
2017-12-05 19:20:00,0.8457929,1.599834
2017-12-05 19:30:00,0.8223152,1.5720408
2017-12-05 19:40:00,0.799676,1.5412706
2017-12-05 19:50:00,0.7938066,1.525155
2017-12-05 20:00:00,0.7787138,1.5025883
2017-12-05 20:10:00,0.81896126,1.4955602
2017-12-05 20:20:00,0.8323771,1.4954033
2017-12-05 20:30:00,0.8038685,1.5114691
2017-12-05 20:40:00,0.77452135,1.5382272
2017-12-05 20:50:00,0.69570345,1.5538719
2017-12-05 21:00:00,0.6403632,1.5694591
2017-12-05 21:10:00,0.6043082,1.4698404
2017-12-05 21:20:00,0.5380676,1.3941605
2017-12-05 21:30:00,0.4785349,1.3243825
2017-12-05 21:40:00,0.40474793,1.287506
2017-12-05 21:50:00,0.3863012,1.2315772
2017-12-05 22:00:00,0.34521523,1.0933844
2017-12-05 22:10:00,0.25382,0.8650923
2017-12-05 22:20:00,0.14146253,0.56082284
2017-12-05 22:30:00,0.025751112,0.232364
2017-12-05 22:40:00,-0.06983658,0.17130932
2017-12-05 22:50:00,-0.16123183,0.1242176
2017-12-05 23:00:00,-0.2861666,-0.16566756
2017-12-05 23:10:00,-0.39517012,-0.48955673
2017-12-05 23:20:00,-0.45973375,-0.5799135
2017-12-05 23:30:00,-0.6005998,-0.6278633
2017-12-05 23:40:00,-0.7054109,-0.6409261
2017-12-05 23:50:00,-0.808545,-0.6537312
2017-12-06 00:00:00,-0.9016172,-0.6707963
2017-12-06 00:10:00,-1.0039128,-0.68777573
2017-12-06 00:20:00,-1.0324215,-0.70299226
2017-12-06 00:30:00,-1.0860847,-0.7227907
2017-12-06 00:40:00,-1.1892188,-0.73071814
2017-12-06 00:50:00,-1.2026346,-0.74500895
2017-12-06 01:00:00,-1.2621673,-0.7664649
2017-12-06 01:10:00,-1.3099611,-0.7882426
2017-12-06 01:20:00,-1.3711708,-0.8087081
2017-12-06 01:30:00,-1.3854251,-0.8357116
2017-12-06 01:40:00,-1.4130952,-0.85603
2017-12-06 01:50:00,-1.4516656,-0.8719817
2017-12-06 02:00:00,-1.4784973,-0.892432
2017-12-06 02:10:00,-1.5212603,-0.91900504
2017-12-06 02:20:00,-1.5724081,-0.9484327
2017-12-06 02:30:00,-1.5581537,-0.98244584
2017-12-06 02:40:00,-1.5900162,-1.0108179
2017-12-06 02:50:00,-1.5967242,-1.0318309
2017-12-06 03:00:00,-1.6302637,-1.0487044
2017-12-06 03:10:00,-1.6176864,-1.052131
2017-12-06 03:20:00,-1.6336176,-1.0366421
2017-12-06 03:30:00,-1.6411641,-1.006103
2017-12-06 03:40:00,-1.6319407,-0.97598875
2017-12-06 03:50:00,-1.6235558,-0.93695617
2017-12-06 04:00:00,-1.6168479,-0.8093724
2017-12-06 04:10:00,-1.6260713,-0.82799685
2017-12-06 04:20:00,-1.6143324,-1.0159857
2017-12-06 04:30:00,-1.6185249,-1.2588899
2017-12-06 04:40:00,-1.608463,-1.2439522
2017-12-06 04:50:00,-1.577439,-1.2441897
2017-12-06 05:00:00,-1.5405455,-1.2688758
2017-12-06 05:10:00,-1.539707,-1.2675257
2017-12-06 05:20:00,-1.5464149,-1.2652116
2017-12-06 05:30:00,-1.5070059,-1.2658932
2017-12-06 05:40:00,-1.395487,-1.2734674
2017-12-06 05:50:00,-1.4147722,-1.2755551
2017-12-06 06:00:00,-1.4273496,-1.2744708
2017-12-06 06:10:00,-1.3871021,-1.2738802
2017-12-06 06:20:00,-1.3460162,-1.2733513
2017-12-06 06:30:00,-1.3384697,-1.2714499
2017-12-06 06:40:00,-1.428188,-1.2669698
2017-12-06 06:50:00,-1.5279682,-1.2640297
2017-12-06 07:00:00,-1.500298,-1.2588809
2017-12-06 07:10:00,-1.4793358,-1.2531792
2017-12-06 07:20:00,-1.4365729,-1.2479397
2017-12-06 07:30:00,-1.3988409,-1.2443799
2017-12-06 07:40:00,-1.429865,-1.2276782
2017-12-06 07:50:00,-1.4508272,-1.2127117
2017-12-06 08:00:00,-1.3845866,-1.1593676
2017-12-06 08:10:00,-1.2780986,-0.913157
2017-12-06 08:20:00,-1.1799954,-0.7310637
2017-12-06 08:30:00,-1.0953081,-0.70322406
2017-12-06 08:40:00,-1.0181671,-0.5861249
2017-12-06 08:50:00,-0.9821121,-0.4918348
2017-12-06 09:00:00,-0.93012583,-0.326686
2017-12-06 09:10:00,-0.808545,-0.2588446
2017-12-06 09:20:00,-0.7255346,-0.22026072
2017-12-06 09:30:00,-0.7045724,-0.20314163
2017-12-06 09:40:00,-0.6224005,-0.16501725
2017-12-06 09:50:00,-0.6156926,-0.15031508
2017-12-06 10:00:00,-0.56119084,-0.13306955
2017-12-06 10:10:00,-0.5502905,-0.12416251
2017-12-06 10:20:00,-0.51172006,-0.1204886
2017-12-06 10:30:00,-0.4270327,-0.11774913
2017-12-06 10:40:00,-0.3960086,-0.11911544
2017-12-06 10:50:00,-0.36330757,-0.127727
2017-12-06 11:00:00,-0.37336943,-0.12675415
2017-12-06 11:10:00,-0.33060652,-0.12320492
2017-12-06 11:20:00,-0.2895206,-0.11989609
2017-12-06 11:30:00,-0.25514254,-0.11792738
2017-12-06 11:40:00,-0.24508068,-0.115788095
2017-12-06 11:50:00,-0.22998789,-0.11550633
2017-12-06 12:00:00,-0.24759614,-0.112073444
2017-12-06 12:10:00,-0.19896382,-0.10618003
2017-12-06 12:20:00,-0.17129369,-0.09130688
2017-12-06 12:30:00,-0.19141743,-0.058455855
2017-12-06 12:40:00,-0.1637473,-0.029930472
2017-12-06 12:50:00,-0.12853079,-0.012924418
2017-12-06 13:00:00,-0.12433834,0.01266408
2017-12-06 13:10:00,-0.12098438,0.060443252
2017-12-06 13:20:00,-0.13775416,0.10047296
2017-12-06 13:30:00,-0.1419466,0.12333003
2017-12-06 13:40:00,-0.1562009,0.14587471
2017-12-06 13:50:00,-0.16039334,0.15802643
2017-12-06 14:00:00,-0.16793974,0.16707209
2017-12-06 14:10:00,-0.14446206,0.17227474
2017-12-06 14:20:00,-0.15955485,0.17101818
2017-12-06 14:30:00,-0.20483324,0.1816509
2017-12-06 14:40:00,-0.20483324,0.17929497
2017-12-06 14:50:00,-0.23501882,0.18533665
2017-12-06 15:00:00,-0.27778172,0.15405038
2017-12-06 15:10:00,-0.2895206,0.14541346
2017-12-06 15:20:00,-0.30461338,0.14738476
2017-12-06 15:30:00,-0.31551373,0.14983118
2017-12-06 15:40:00,-0.34066838,0.1601918
2017-12-06 15:50:00,-0.38678524,0.14326471
2017-12-06 16:00:00,-0.3960086,0.1262188
2017-12-06 16:10:00,-0.34486082,0.11408949
2017-12-06 16:20:00,-0.34402233,0.112538815
2017-12-06 16:30:00,-0.28365114,0.10437447
2017-12-06 16:40:00,-0.19980231,0.10093847
2017-12-06 16:50:00,-0.17213218,0.10303947
2017-12-06 17:00:00,-0.0539053,0.096844286
2017-12-06 17:10:00,0.18170998,0.10252121
2017-12-06 17:20:00,0.6185625,0.10924953
2017-12-06 17:30:00,0.8726245,0.11526027
2017-12-06 17:40:00,0.9388651,0.123526454
2017-12-06 17:50:00,0.9497655,0.14205548
2017-12-06 18:00:00,0.95311946,0.18337995
2017-12-06 18:10:00,0.948927,0.29463378
2017-12-06 18:20:00,0.94725,0.522362
2017-12-06 18:30:00,0.9640198,1.1209613
2017-12-06 18:40:00,0.94138056,1.5420228
2017-12-06 18:50:00,0.91454893,1.6013978
2017-12-06 19:00:00,0.9204184,1.6214056
2017-12-06 19:10:00,0.911195,1.6098756
2017-12-06 19:20:00,0.9170644,1.5911589
2017-12-06 19:30:00,0.8541778,1.5746211
2017-12-06 19:40:00,0.8105764,1.5593681
2017-12-06 19:50:00,0.7870987,1.5351192
2017-12-06 20:00:00,0.7518822,1.5153326
2017-12-06 20:10:00,0.8248307,1.5072992
2017-12-06 20:20:00,0.84243894,1.4964159
2017-12-06 20:30:00,0.82566917,1.5093333
2017-12-06 20:40:00,0.7854217,1.5372041
2017-12-06 20:50:00,0.70241135,1.549696
2017-12-06 21:00:00,0.6412017,1.5744779
2017-12-06 21:10:00,0.62275493,1.4714807
2017-12-06 21:20:00,0.5674147,1.3963177
2017-12-06 21:30:00,0.5020126,1.3261249
2017-12-06 21:40:00,0.4433184,1.2874405
2017-12-06 21:50:00,0.42571014,1.231097
2017-12-06 22:00:00,0.36869293,1.0927908
2017-12-06 22:10:00,0.2890365,0.86296034
2017-12-06 22:20:00,0.18925637,0.55788577
2017-12-06 22:30:00,0.09534566,0.23125833
2017-12-06 22:40:00,-0.030427622,0.17161882
2017-12-06 22:50:00,-0.12517683,0.12473655
2017-12-06 23:00:00,-0.2584965,-0.17015275
2017-12-06 23:10:00,-0.38091582,-0.48238313
2017-12-06 23:20:00,-0.5033352,-0.5701106
2017-12-06 23:30:00,-0.624916,-0.62196857
2017-12-06 23:40:00,-0.7037339,-0.6380594
2017-12-06 23:50:00,-0.7850673,-0.65338385
2017-12-07 00:00:00,-0.89323235,-0.6728988
2017-12-07 00:10:00,-0.97791964,-0.6898481
2017-12-07 00:20:00,-1.0617685,-0.70688194
2017-12-07 00:30:00,-1.1137547,-0.72879434
2017-12-07 00:40:00,-1.174126,-0.73652756
2017-12-07 00:50:00,-1.2219198,-0.752165
2017-12-07 01:00:00,-1.3149921,-0.7769845
2017-12-07 01:10:00,-1.3367927,-0.79960537
2017-12-07 01:20:00,-1.3795557,-0.81686985
2017-12-07 01:30:00,-1.4097413,-0.8436053
2017-12-07 01:40:00,-1.4449577,-0.8642595
2017-12-07 01:50:00,-1.4843668,-0.8799567
2017-12-07 02:00:00,-1.498621,-0.9012226
2017-12-07 02:10:00,-1.539707,-0.92556185
2017-12-07 02:20:00,-1.606786,-0.95158386
2017-12-07 02:30:00,-1.7032123,-0.98066735
2017-12-07 02:40:00,-1.6923119,-1.010136
2017-12-07 02:50:00,-1.647872,-1.035232
2017-12-07 03:00:00,-1.6646417,-1.0572789
2017-12-07 03:10:00,-1.6696727,-1.0645328
2017-12-07 03:20:00,-1.6587723,-1.051538
2017-12-07 03:30:00,-1.6713496,-1.0180967
2017-12-07 03:40:00,-1.7090816,-0.9788238
2017-12-07 03:50:00,-1.6688342,-0.9348624
2017-12-07 04:00:00,-1.6512259,-0.8066288
2017-12-07 04:10:00,-1.6688342,-0.8305361
2017-12-07 04:20:00,-1.6663188,-1.0196991
2017-12-07 04:30:00,-1.6352947,-1.2628827
2017-12-07 04:40:00,-1.6537415,-1.2455105
2017-12-07 04:50:00,-1.6420026,-1.2445834
2017-12-07 05:00:00,-1.6126555,-1.2708645
2017-12-07 05:10:00,-1.6076245,-1.2690299
2017-12-07 05:20:00,-1.6227174,-1.2653568
2017-12-07 05:30:00,-1.577439,-1.2661843
2017-12-07 05:40:00,-1.4592121,-1.274683
2017-12-07 05:50:00,-1.4432808,-1.2771053
2017-12-07 06:00:00,-1.4617275,-1.2754564
2017-12-07 06:10:00,-1.470951,-1.2743543
2017-12-07 06:20:00,-1.4047103,-1.2740748
2017-12-07 06:30:00,-1.39381,-1.275421
2017-12-07 06:40:00,-1.4223186,-1.2710164
2017-12-07 06:50:00,-1.5631846,-1.2659581
2017-12-07 07:00:00,-1.5355146,-1.259285
2017-12-07 07:10:00,-1.4935901,-1.2540346
2017-12-07 07:20:00,-1.462566,-1.2480563
2017-12-07 07:30:00,-1.4558581,-1.2443875
2017-12-07 07:40:00,-1.4852052,-1.2291329
2017-12-07 07:50:00,-1.5111984,-1.2142024
2017-12-07 08:00:00,-1.383748,-1.1603692
2017-12-07 08:10:00,-1.3107996,-0.9184728
2017-12-07 08:20:00,-1.2126964,-0.7317508
2017-12-07 08:30:00,-1.1732875,-0.70304227
2017-12-07 08:40:00,-1.0886002,-0.58617973
2017-12-07 08:50:00,-1.0382909,-0.49230406
2017-12-07 09:00:00,-0.9393492,-0.32728925
2017-12-07 09:10:00,-0.84627694,-0.26075393
2017-12-07 09:20:00,-0.79429066,-0.22298673
2017-12-07 09:30:00,-0.6760638,-0.20548382
2017-12-07 09:40:00,-0.6618095,-0.16801965
2017-12-07 09:50:00,-0.588861,-0.15142548
2017-12-07 10:00:00,-0.5938919,-0.13175522
2017-12-07 10:10:00,-0.51339704,-0.12525496
2017-12-07 10:20:00,-0.46224922,-0.12257281
2017-12-07 10:30:00,-0.403555,-0.12015641
2017-12-07 10:40:00,-0.37085396,-0.11676976
2017-12-07 10:50:00,-0.36917698,-0.12569466
2017-12-07 11:00:00,-0.34318385,-0.12684476
2017-12-07 11:10:00,-0.2517886,-0.12369068
2017-12-07 11:20:00,-0.24424219,-0.12004973
2017-12-07 11:30:00,-0.22411847,-0.11943358
2017-12-07 11:40:00,-0.17464764,-0.1184505
2017-12-07 11:50:00,-0.18051706,-0.1193484
2017-12-07 12:00:00,-0.23082638,-0.113080844
2017-12-07 12:10:00,-0.17213218,-0.106437124
2017-12-07 12:20:00,-0.15703939,-0.090977654
2017-12-07 12:30:00,-0.18219404,-0.06358476
2017-12-07 12:40:00,-0.16710125,-0.042149886
2017-12-07 12:50:00,-0.18806346,-0.026730806
2017-12-07 13:00:00,-0.22495696,0.0020233095
2017-12-07 13:10:00,-0.26185045,0.05099532
2017-12-07 13:20:00,-0.26939684,0.08556077
2017-12-07 13:30:00,-0.26017347,0.12136945
2017-12-07 13:40:00,-0.31215978,0.13981065
2017-12-07 13:50:00,-0.34905326,0.15440768
2017-12-07 14:00:00,-0.29874396,0.1670677
2017-12-07 14:10:00,-0.30629036,0.1766145
2017-12-07 14:20:00,-0.31215978,0.19267952
2017-12-07 14:30:00,-0.3096443,0.20754376
2017-12-07 14:40:00,-0.2861666,0.2240066
2017-12-07 14:50:00,-0.34318385,0.22248968
2017-12-07 15:00:00,-0.38762373,0.20773065
2017-12-07 15:10:00,-0.3607921,0.21013626
2017-12-07 15:20:00,-0.36666152,0.20315275
2017-12-07 15:30:00,-0.40187803,0.20721033
2017-12-07 15:40:00,-0.41697085,0.21306327
2017-12-07 15:50:00,-0.41277838,0.18409607
2017-12-07 16:00:00,-0.41780934,0.13684416
2017-12-07 16:10:00,-0.41361687,0.13443494
2017-12-07 16:20:00,-0.37253094,0.13228527
2017-12-07 16:30:00,-0.34318385,0.09962973
2017-12-07 16:40:00,-0.25514254,0.08547413
2017-12-07 16:50:00,-0.15452392,0.05730121
2017-12-07 17:00:00,-0.022042736,0.04239033
2017-12-07 17:10:00,0.19596428,0.03786449
2017-12-07 17:20:00,0.6219165,0.03821382
2017-12-07 17:30:00,0.909518,0.046984643
2017-12-07 17:40:00,0.98330504,0.04812929
2017-12-07 17:50:00,1.0017518,0.056216687
2017-12-07 18:00:00,0.97492015,0.093762994
2017-12-07 18:10:00,0.9824665,0.17419824
2017-12-07 18:20:00,0.98162806,0.38269663
2017-12-07 18:30:00,0.97240466,0.99556965
2017-12-07 18:40:00,0.96821225,1.4293375
2017-12-07 18:50:00,0.9623428,1.5016977
2017-12-07 19:00:00,0.95479643,1.5306215
2017-12-07 19:10:00,0.9556349,1.5245652
2017-12-07 19:20:00,0.89107126,1.5104948
2017-12-07 19:30:00,0.8617242,1.4938089
2017-12-07 19:40:00,0.8072224,1.4856707
2017-12-07 19:50:00,0.799676,1.4774137
2017-12-07 20:00:00,0.78122926,1.4666344
2017-12-07 20:10:00,0.84076196,1.4592533
2017-12-07 20:20:00,0.8382465,1.4591069
2017-12-07 20:30:00,0.8307001,1.4608804
2017-12-07 20:40:00,0.801353,1.4817066
2017-12-07 20:50:00,0.7569131,1.5099148
2017-12-07 21:00:00,0.67138726,1.5376716
2017-12-07 21:10:00,0.6420402,1.4392824
2017-12-07 21:20:00,0.59256935,1.3896786
2017-12-07 21:30:00,0.51962084,1.3176717
2017-12-07 21:40:00,0.43828747,1.2809021
2017-12-07 21:50:00,0.40474793,1.2233685
2017-12-07 22:00:00,0.3032908,1.0851068
2017-12-07 22:10:00,0.2454351,0.85811114
2017-12-07 22:20:00,0.19093335,0.5544891
2017-12-07 22:30:00,0.103730544,0.23058003
2017-12-07 22:40:00,0.006465874,0.17054585
2017-12-07 22:50:00,-0.1276923,0.12228376
2017-12-07 23:00:00,-0.24424219,-0.16970822
2017-12-07 23:10:00,-0.34234536,-0.4797339
2017-12-07 23:20:00,-0.4555413,-0.57264316
2017-12-07 23:30:00,-0.549452,-0.6228366
2017-12-07 23:40:00,-0.6509091,-0.6382927
2017-12-07 23:50:00,-0.7649436,-0.6517271
2017-12-08 00:00:00,-0.85298485,-0.67066896
2017-12-08 00:10:00,-0.93012583,-0.6870625
2017-12-08 00:20:00,-1.0064282,-0.7043692
2017-12-08 00:30:00,-1.0676379,-0.7253157
2017-12-08 00:40:00,-1.131363,-0.733161
2017-12-08 00:50:00,-1.1791569,-0.7468388
2017-12-08 01:00:00,-1.2244353,-0.7710796
2017-12-08 01:10:00,-1.2688752,-0.793594
2017-12-08 01:20:00,-1.316669,-0.8116961
2017-12-08 01:30:00,-1.3653014,-0.83805203
2017-12-08 01:40:00,-1.3736862,-0.86000764
2017-12-08 01:50:00,-1.4080642,-0.8787298
2017-12-08 02:00:00,-1.4508272,-0.9059602
2017-12-08 02:10:00,-1.46592,-0.93137646
2017-12-08 02:20:00,-1.5288067,-0.95219386
2017-12-08 02:30:00,-1.5606692,-0.97753465
2017-12-08 02:40:00,-1.5799544,-1.0023731
2017-12-08 02:50:00,-1.5891778,-1.030385
2017-12-08 03:00:00,-1.6227174,-1.0542617
2017-12-08 03:10:00,-1.6319407,-1.0627475
2017-12-08 03:20:00,-1.6378101,-1.050803
2017-12-08 03:30:00,-1.6713496,-1.023875
2017-12-08 03:40:00,-1.6721882,-0.98823977
2017-12-08 03:50:00,-1.6545799,-0.9459542
2017-12-08 04:00:00,-1.6352947,-0.8191129
2017-12-08 04:10:00,-1.652903,-0.8338038
2017-12-08 04:20:00,-1.6352947,-1.0168874
2017-12-08 04:30:00,-1.6311022,-1.2581733
2017-12-08 04:40:00,-1.6386486,-1.2419641
2017-12-08 04:50:00,-1.608463,-1.2429376
2017-12-08 05:00:00,-1.5858239,-1.2677264
2017-12-08 05:10:00,-1.574085,-1.2661791
2017-12-08 05:20:00,-1.5866623,-1.2632544
2017-12-08 05:30:00,-1.5833083,-1.2649107
2017-12-08 05:40:00,-1.4575351,-1.2719636
2017-12-08 05:50:00,-1.4516656,-1.273803
2017-12-08 06:00:00,-1.4734664,-1.2730135
2017-12-08 06:10:00,-1.4575351,-1.2720556
2017-12-08 06:20:00,-1.4365729,-1.2720312
2017-12-08 06:30:00,-1.397164,-1.2719626
2017-12-08 06:40:00,-1.4399269,-1.2674901
2017-12-08 06:50:00,-1.541384,-1.2639546
2017-12-08 07:00:00,-1.5288067,-1.2586287
2017-12-08 07:10:00,-1.46592,-1.2535846
2017-12-08 07:20:00,-1.4541812,-1.2482636
2017-12-08 07:30:00,-1.4600506,-1.2453339
2017-12-08 07:40:00,-1.4852052,-1.2291708
2017-12-08 07:50:00,-1.4902362,-1.2141697
2017-12-08 08:00:00,-1.4307035,-1.1602695
2017-12-08 08:10:00,-1.3250539,-0.9138688
2017-12-08 08:20:00,-1.2185658,-0.7313781
2017-12-08 08:30:00,-1.134717,-0.70321107
2017-12-08 08:40:00,-1.0735073,-0.58667415
2017-12-08 08:50:00,-1.0366138,-0.4920257
2017-12-08 09:00:00,-1.0047513,-0.32665366
2017-12-08 09:10:00,-0.8588543,-0.25955507
2017-12-08 09:20:00,-0.81609136,-0.2213491
2017-12-08 09:30:00,-0.76829755,-0.20603266
2017-12-08 09:40:00,-0.73978895,-0.1695067
2017-12-08 09:50:00,-0.65174764,-0.15471926
2017-12-08 10:00:00,-0.5603524,-0.13809004
2017-12-08 10:10:00,-0.50920457,-0.12960687
2017-12-08 10:20:00,-0.5016582,-0.12747346
2017-12-08 10:30:00,-0.45218736,-0.12444667
2017-12-08 10:40:00,-0.403555,-0.12144488
2017-12-08 10:50:00,-0.3901392,-0.12675065
2017-12-08 11:00:00,-0.33647594,-0.12689817
2017-12-08 11:10:00,-0.3322835,-0.12302177
2017-12-08 11:20:00,-0.29371303,-0.11963674
2017-12-08 11:30:00,-0.25346556,-0.11945303
2017-12-08 11:40:00,-0.2148951,-0.1186557
2017-12-08 11:50:00,-0.24508068,-0.11902194
2017-12-08 12:00:00,-0.333122,-0.11547453
2017-12-08 12:10:00,-0.4345791,-0.108775236
2017-12-08 12:20:00,-0.38678524,-0.09438418
2017-12-08 12:30:00,-0.4119399,-0.06452774
2017-12-08 12:40:00,-0.40020105,-0.039509878
2017-12-08 12:50:00,-0.4119399,-0.02377443
2017-12-08 13:00:00,-0.39433163,-0.006236464
2017-12-08 13:10:00,-0.34402233,0.03743054
2017-12-08 13:20:00,-0.32306013,0.0731332
2017-12-08 13:30:00,-0.35492268,0.09909922
2017-12-08 13:40:00,-0.33563745,0.118924856
2017-12-08 13:50:00,-0.36666152,0.13109988
2017-12-08 14:00:00,-0.39433163,0.15251562
2017-12-08 14:10:00,-0.37840036,0.17385143
2017-12-08 14:20:00,-0.39349315,0.18952966
2017-12-08 14:30:00,-0.40858594,0.20579752
2017-12-08 14:40:00,-0.38091582,0.21488735
2017-12-08 14:50:00,-0.39349315,0.21603513
2017-12-08 15:00:00,-0.4924348,0.22143647
2017-12-08 15:10:00,-0.45218736,0.21636403
2017-12-08 15:20:00,-0.41445535,0.19302434
2017-12-08 15:30:00,-0.43122515,0.18005472
2017-12-08 15:40:00,-0.4572183,0.1676558
2017-12-08 15:50:00,-0.48824236,0.14258984
2017-12-08 16:00:00,-0.4639262,0.106022686
2017-12-08 16:10:00,-0.4697956,0.024484009
2017-12-08 16:20:00,-0.4706341,-0.025848418
2017-12-08 16:30:00,-0.38594675,-0.031631663
2017-12-08 16:40:00,-0.33647594,-0.034896612
2017-12-08 16:50:00,-0.27526626,-0.03638625
2017-12-08 17:00:00,-0.16626276,-0.030261025
2017-12-08 17:10:00,0.06599856,-0.016330838
2017-12-08 17:20:00,0.45924968,0.00056004524
2017-12-08 17:30:00,0.7854217,0.011040866
2017-12-08 17:40:00,0.8667551,0.02756174
2017-12-08 17:50:00,0.8726245,0.032961965
2017-12-08 18:00:00,0.8265077,0.05136487
2017-12-08 18:10:00,0.8483084,0.12116432
2017-12-08 18:20:00,0.85585475,0.30168784
2017-12-08 18:30:00,0.8726245,0.9075925
2017-12-08 18:40:00,0.8810094,1.3523287
2017-12-08 18:50:00,0.85837024,1.4416403
2017-12-08 19:00:00,0.8197998,1.4743865
2017-12-08 19:10:00,0.82566917,1.4731162
2017-12-08 19:20:00,0.81225336,1.4654791
2017-12-08 19:30:00,0.7778753,1.4560888
2017-12-08 19:40:00,0.7451743,1.4533565
2017-12-08 19:50:00,0.75439763,1.4415584
2017-12-08 20:00:00,0.74014336,1.4331002
2017-12-08 20:10:00,0.81141484,1.4222112
2017-12-08 20:20:00,0.837408,1.4109689
2017-12-08 20:30:00,0.7845832,1.4184825
2017-12-08 20:40:00,0.73762786,1.430593
2017-12-08 20:50:00,0.70492685,1.4509201
2017-12-08 21:00:00,0.6403632,1.4775938
2017-12-08 21:10:00,0.56489927,1.4583449
2017-12-08 21:20:00,0.5380676,1.3899173
2017-12-08 21:30:00,0.4642806,1.3213735
2017-12-08 21:40:00,0.44751084,1.2823875
2017-12-08 21:50:00,0.4148098,1.228026
2017-12-08 22:00:00,0.35863104,1.0901353
2017-12-08 22:10:00,0.3041293,0.86219853
2017-12-08 22:20:00,0.2026722,0.55979854
2017-12-08 22:30:00,0.13391612,0.23122725
2017-12-08 22:40:00,0.03748995,0.17206082
2017-12-08 22:50:00,-0.07067507,0.12951222
2017-12-08 23:00:00,-0.16123183,-0.08965677
2017-12-08 23:10:00,-0.25933498,-0.47810537
2017-12-08 23:20:00,-0.33731443,-0.5765904
2017-12-08 23:30:00,-0.44380248,-0.62743914
2017-12-08 23:40:00,-0.5938919,-0.64182854
2017-12-08 23:50:00,-0.7037339,-0.6548574
2017-12-09 00:00:00,-0.7867443,-0.67357934
2017-12-09 00:10:00,-0.84040755,-0.6887087
2017-12-09 00:20:00,-0.9234179,-0.70206314
2017-12-09 00:30:00,-0.9988819,-0.72299725
2017-12-09 00:40:00,-1.069315,-0.7318125
2017-12-09 00:50:00,-1.1263322,-0.7449746
2017-12-09 01:00:00,-1.2001191,-0.7675164
2017-12-09 01:10:00,-1.2655213,-0.7935115
2017-12-09 01:20:00,-1.3116381,-0.81304455
2017-12-09 01:30:00,-1.3074456,-0.84218216
2017-12-09 01:40:00,-1.3619474,-0.8596817
2017-12-09 01:50:00,-1.4432808,-0.87480485
2017-12-09 02:00:00,-1.4617275,-0.89682794
2017-12-09 02:10:00,-1.4919131,-0.91937006
2017-12-09 02:20:00,-1.5522844,-0.94361806
2017-12-09 02:30:00,-1.5782775,-0.96884316
2017-12-09 02:40:00,-1.6025937,-0.9941003
2017-12-09 02:50:00,-1.6269097,-1.0193481
2017-12-09 03:00:00,-1.6017551,-1.0408804
2017-12-09 03:10:00,-1.6235558,-1.0524473
2017-12-09 03:20:00,-1.611817,-1.0511601
2017-12-09 03:30:00,-1.6327792,-1.0377858
2017-12-09 03:40:00,-1.6537415,-1.013557
2017-12-09 03:50:00,-1.6621263,-0.9759296
2017-12-09 04:00:00,-1.6570954,-0.8329221
2017-12-09 04:10:00,-1.6679957,-0.83967465
2017-12-09 04:20:00,-1.6554184,-1.0180082
2017-12-09 04:30:00,-1.6587723,-1.257059
2017-12-09 04:40:00,-1.644518,-1.240963
2017-12-09 04:50:00,-1.611817,-1.2414551
2017-12-09 05:00:00,-1.6285868,-1.2675003
2017-12-09 05:10:00,-1.6202018,-1.2670598
2017-12-09 05:20:00,-1.6017551,-1.2640085
2017-12-09 05:30:00,-1.5807929,-1.2635875
2017-12-09 05:40:00,-1.4491502,-1.2713788
2017-12-09 05:50:00,-1.4047103,-1.275292
2017-12-09 06:00:00,-1.4499887,-1.2746125
2017-12-09 06:10:00,-1.4416038,-1.2733315
2017-12-09 06:20:00,-1.4214801,-1.273087
2017-12-09 06:30:00,-1.4550196,-1.2730854
2017-12-09 06:40:00,-1.5422225,-1.2688284
2017-12-09 06:50:00,-1.6688342,-1.2654891
2017-12-09 07:00:00,-1.721659,-1.2582091
2017-12-09 07:10:00,-1.7040508,-1.2527313
2017-12-09 07:20:00,-1.6696727,-1.2472212
2017-12-09 07:30:00,-1.6436796,-1.243771
2017-12-09 07:40:00,-1.6503875,-1.2280469
2017-12-09 07:50:00,-1.6076245,-1.2142473
2017-12-09 08:00:00,-1.5111984,-1.1612738
2017-12-09 08:10:00,-1.4843668,-0.9150548
2017-12-09 08:20:00,-1.3963255,-0.7323883
2017-12-09 08:30:00,-1.3242154,-0.7042788
2017-12-09 08:40:00,-1.2529439,-0.58659935
2017-12-09 08:50:00,-1.2126964,-0.49194148
2017-12-09 09:00:00,-1.0793768,-0.32783097
2017-12-09 09:10:00,-0.9376722,-0.26186302
2017-12-09 09:20:00,-0.87562406,-0.22294971
2017-12-09 09:30:00,-0.8194453,-0.20611128
2017-12-09 09:40:00,-0.7515278,-0.16768865
2017-12-09 09:50:00,-0.6961875,-0.14708568
2017-12-09 10:00:00,-0.6743868,-0.12832761
2017-12-09 10:10:00,-0.61233866,-0.11983521
2017-12-09 10:20:00,-0.55280596,-0.120176144
2017-12-09 10:30:00,-0.4697956,-0.12467351
2017-12-09 10:40:00,-0.39097768,-0.12719315
2017-12-09 10:50:00,-0.35743815,-0.13269563
2017-12-09 11:00:00,-0.33647594,-0.13319579
2017-12-09 11:10:00,-0.30629036,-0.13106549
2017-12-09 11:20:00,-0.29874396,-0.12722301
2017-12-09 11:30:00,-0.27694324,-0.12546426
2017-12-09 11:40:00,-0.23082638,-0.12382542
2017-12-09 11:50:00,-0.24004975,-0.12055527
2017-12-09 12:00:00,-0.18387102,-0.11250127
2017-12-09 12:10:00,-0.21321812,-0.10699256
2017-12-09 12:20:00,-0.16207032,-0.09499875
2017-12-09 12:30:00,-0.12266136,-0.077293
2017-12-09 12:40:00,-0.061451696,-0.059835047
2017-12-09 12:50:00,-0.06480565,-0.04358925
2017-12-09 13:00:00,-0.043843437,-0.017219022
2017-12-09 13:10:00,-0.045520414,0.02255997
2017-12-09 13:20:00,-0.07654449,0.059413716
2017-12-09 13:30:00,-0.085767865,0.093536586
2017-12-09 13:40:00,-0.0975067,0.113550484
2017-12-09 13:50:00,-0.14362358,0.12581414
2017-12-09 14:00:00,-0.14446206,0.1366198
2017-12-09 14:10:00,-0.14446206,0.14686081
2017-12-09 14:20:00,-0.17632462,0.16306871
2017-12-09 14:30:00,-0.1930944,0.18482444
2017-12-09 14:40:00,-0.24424219,0.20794323
2017-12-09 14:50:00,-0.22998789,0.22674042
2017-12-09 15:00:00,-0.22579545,0.24128664
2017-12-09 15:10:00,-0.21154115,0.2505837
2017-12-09 15:20:00,-0.26939684,0.24931896
2017-12-09 15:30:00,-0.29119757,0.24065009
2017-12-09 15:40:00,-0.31551373,0.23349875
2017-12-09 15:50:00,-0.28448963,0.19650877
2017-12-09 16:00:00,-0.29874396,0.16754192
2017-12-09 16:10:00,-0.2861666,0.13534337
2017-12-09 16:20:00,-0.2660429,0.11934653
2017-12-09 16:30:00,-0.20651022,0.115143955
2017-12-09 16:40:00,-0.11092252,0.1329355
2017-12-09 16:50:00,-0.033781577,0.14474556
2017-12-09 17:00:00,0.046713322,0.15244961
2017-12-09 17:10:00,0.2546585,0.16425934
2017-12-09 17:20:00,0.5976003,0.15629235
2017-12-09 17:30:00,0.8323771,0.16262615
2017-12-09 17:40:00,0.91957986,0.16504565
2017-12-09 17:50:00,0.8893943,0.17833742
2017-12-09 18:00:00,0.9053256,0.21752149
2017-12-09 18:10:00,0.8835249,0.32290965
2017-12-09 18:20:00,0.8835249,0.5450822
2017-12-09 18:30:00,0.89274824,1.147116
2017-12-09 18:40:00,0.8852019,1.5435607
2017-12-09 18:50:00,0.8483084,1.6107047
2017-12-09 19:00:00,0.82315373,1.6439998
2017-12-09 19:10:00,0.86507815,1.6464535
2017-12-09 19:20:00,0.81393033,1.6336915
2017-12-09 19:30:00,0.8382465,1.6153457
2017-12-09 19:40:00,0.799676,1.5888853
2017-12-09 19:50:00,0.7627825,1.576832
2017-12-09 20:00:00,0.7644595,1.5620033
2017-12-09 20:10:00,0.7510437,1.5583491
2017-12-09 20:20:00,0.72421205,1.560483
2017-12-09 20:30:00,0.7141502,1.5745164
2017-12-09 20:40:00,0.7284045,1.6112927
2017-12-09 20:50:00,0.6504251,1.6357641
2017-12-09 21:00:00,0.617724,1.641295
2017-12-09 21:10:00,0.5875384,1.4566352
2017-12-09 21:20:00,0.54896796,1.4000411
2017-12-09 21:30:00,0.50704354,1.3283135
2017-12-09 21:40:00,0.47769642,1.2912753
2017-12-09 21:50:00,0.4584112,1.234844
2017-12-09 22:00:00,0.4064249,1.0977569
2017-12-09 22:10:00,0.3410228,0.871506
2017-12-09 22:20:00,0.25130454,0.56792295
2017-12-09 22:30:00,0.19177184,0.23492649
2017-12-09 22:40:00,0.103730544,0.17268437
2017-12-09 22:50:00,0.034135997,0.12556478
2017-12-09 23:00:00,-0.10421461,-0.26632544
2017-12-09 23:10:00,-0.19980231,-0.49552947
2017-12-09 23:20:00,-0.29287454,-0.5828781
2017-12-09 23:30:00,-0.40607047,-0.6267865
2017-12-09 23:40:00,-0.49578875,-0.63931096
2017-12-09 23:50:00,-0.5972459,-0.65470976
2017-12-10 00:00:00,-0.71966517,-0.67349184
2017-12-10 00:10:00,-0.7582357,-0.69410187
2017-12-10 00:20:00,-0.84040755,-0.71488154
2017-12-10 00:30:00,-0.918387,-0.7395798
2017-12-10 00:40:00,-0.98714304,-0.7458988
2017-12-10 00:50:00,-1.0533836,-0.7606318
2017-12-10 01:00:00,-1.136394,-0.78224885
2017-12-10 01:10:00,-1.201796,-0.80445564
2017-12-10 01:20:00,-1.2185658,-0.8234909
2017-12-10 01:30:00,-1.2537824,-0.84628093
2017-12-10 01:40:00,-1.3024148,-0.85881364
2017-12-10 01:50:00,-1.316669,-0.8703642
2017-12-10 02:00:00,-1.3527241,-0.88927794
2017-12-10 02:10:00,-1.429865,-0.90835655
2017-12-10 02:20:00,-1.4432808,-0.92795944
2017-12-10 02:30:00,-1.4608891,-0.9489149
2017-12-10 02:40:00,-1.4793358,-0.96922153
2017-12-10 02:50:00,-1.4977826,-0.98914576
2017-12-10 03:00:00,-1.5388685,-1.0206637
2017-12-10 03:10:00,-1.5631846,-1.0446736
2017-12-10 03:20:00,-1.6193634,-1.054929
2017-12-10 03:30:00,-1.6596109,-1.0484408
2017-12-10 03:40:00,-1.6830885,-1.0312557
2017-12-10 03:50:00,-1.6772192,-0.999344
2017-12-10 04:00:00,-1.6738652,-0.85933554
2017-12-10 04:10:00,-1.647872,-0.8555195
2017-12-10 04:20:00,-1.6554184,-1.017878
2017-12-10 04:30:00,-1.611817,-1.2516975
2017-12-10 04:40:00,-1.6042706,-1.2370138
2017-12-10 04:50:00,-1.5984012,-1.2389367
2017-12-10 05:00:00,-1.6218789,-1.2656832
2017-12-10 05:10:00,-1.608463,-1.2652152
2017-12-10 05:20:00,-1.6093016,-1.261143
2017-12-10 05:30:00,-1.5841469,-1.2617147
2017-12-10 05:40:00,-1.4885591,-1.2695735
2017-12-10 05:50:00,-1.464243,-1.2714885
2017-12-10 06:00:00,-1.4994595,-1.2704093
2017-12-10 06:10:00,-1.5011365,-1.2709363
2017-12-10 06:20:00,-1.4919131,-1.270278
2017-12-10 06:30:00,-1.5070059,-1.2689519
2017-12-10 06:40:00,-1.6269097,-1.2640923
2017-12-10 06:50:00,-1.8063463,-1.2613719
2017-12-10 07:00:00,-1.9623052,-1.2565598
2017-12-10 07:10:00,-1.9924908,-1.2522093
2017-12-10 07:20:00,-2.0344152,-1.2483739
2017-12-10 07:30:00,-2.0168068,-1.2461228
2017-12-10 07:40:00,-1.9950062,-1.2305044
2017-12-10 07:50:00,-1.975721,-1.2156205
2017-12-10 08:00:00,-1.934635,-1.1627829
2017-12-10 08:10:00,-1.8801333,-0.9286185
2017-12-10 08:20:00,-1.7962844,-0.73405427
2017-12-10 08:30:00,-1.7568755,-0.7045839
2017-12-10 08:40:00,-1.6814115,-0.5874722
2017-12-10 08:50:00,-1.6277483,-0.4943276
2017-12-10 09:00:00,-1.5120368,-0.3301862
2017-12-10 09:10:00,-1.4457963,-0.2629522
2017-12-10 09:20:00,-1.3342773,-0.22402164
2017-12-10 09:30:00,-1.2152119,-0.2073578
2017-12-10 09:40:00,-1.1498098,-0.17089804
2017-12-10 09:50:00,-1.0324215,-0.15507457
2017-12-10 10:00:00,-0.920064,-0.13876364
2017-12-10 10:10:00,-0.81860685,-0.13255958
2017-12-10 10:20:00,-0.7355965,-0.13146722
2017-12-10 10:30:00,-0.6810947,-0.1316813
2017-12-10 10:40:00,-0.6349779,-0.13253362
2017-12-10 10:50:00,-0.5930534,-0.13844015
2017-12-10 11:00:00,-0.4924348,-0.14080805
2017-12-10 11:10:00,-0.45889527,-0.13948867
2017-12-10 11:20:00,-0.40774745,-0.13687761
2017-12-10 11:30:00,-0.3675,-0.1348711
2017-12-10 11:40:00,-0.36917698,-0.13258906
2017-12-10 11:50:00,-0.36582303,-0.13065115
2017-12-10 12:00:00,-0.39936256,-0.12682882
2017-12-10 12:10:00,-0.40020105,-0.122756995
2017-12-10 12:20:00,-0.41277838,-0.11694749
2017-12-10 12:30:00,-0.47650352,-0.11061516
2017-12-10 12:40:00,-0.5284898,-0.10168513
2017-12-10 12:50:00,-0.50668913,-0.09168142
2017-12-10 13:00:00,-0.48908085,-0.07755338
2017-12-10 13:10:00,-0.50501215,-0.0609098
2017-12-10 13:20:00,-0.5343592,-0.042225137
2017-12-10 13:30:00,-0.5142355,-0.018637404
2017-12-10 13:40:00,-0.51758945,0.0025321543
2017-12-10 13:50:00,-0.49830422,0.033135384
2017-12-10 14:00:00,-0.477342,0.06374158
2017-12-10 14:10:00,-0.46895713,0.084005326
2017-12-10 14:20:00,-0.4555413,0.101935774
2017-12-10 14:30:00,-0.5033352,0.1148684
2017-12-10 14:40:00,-0.5796376,0.1291362
2017-12-10 14:50:00,-0.6089847,0.14579597
2017-12-10 15:00:00,-0.6333009,0.16045785
2017-12-10 15:10:00,-0.67354834,0.17960286
2017-12-10 15:20:00,-0.63833183,0.20134076
2017-12-10 15:30:00,-0.65174764,0.22288933
2017-12-10 15:40:00,-0.6819332,0.23653933
2017-12-10 15:50:00,-0.71295726,0.23102397
2017-12-10 16:00:00,-0.7104418,0.17602202
2017-12-10 16:10:00,-0.731404,0.13594168
2017-12-10 16:20:00,-0.71714973,0.10155532
2017-12-10 16:30:00,-0.7012184,-0.0033429265
2017-12-10 16:40:00,-0.62994695,-0.045438975
2017-12-10 16:50:00,-0.5159125,-0.050822616
2017-12-10 17:00:00,-0.42200178,-0.047279894
2017-12-10 17:10:00,-0.22747242,-0.04385914
2017-12-10 17:20:00,0.18170998,-0.040437818
2017-12-10 17:30:00,0.45505723,-0.031750172
2017-12-10 17:40:00,0.5590298,-0.02376911
2017-12-10 17:50:00,0.5967618,-0.009702668
2017-12-10 18:00:00,0.6051467,0.016927063
2017-12-10 18:10:00,0.5892154,0.081186384
2017-12-10 18:20:00,0.5623838,0.25764734
2017-12-10 18:30:00,0.59508485,0.84897757
2017-12-10 18:40:00,0.5892154,1.2765067
2017-12-10 18:50:00,0.6244319,1.3590112
2017-12-10 19:00:00,0.63700926,1.399197
2017-12-10 19:10:00,0.6814491,1.3886106
2017-12-10 19:20:00,0.67390275,1.3831872
2017-12-10 19:30:00,0.67390275,1.3732893
2017-12-10 19:40:00,0.65377903,1.366561
2017-12-10 19:50:00,0.69151103,1.3581263
2017-12-10 20:00:00,0.7225351,1.3465298
2017-12-10 20:10:00,0.68983406,1.3334832
2017-12-10 20:20:00,0.6261089,1.3220472
2017-12-10 20:30:00,0.616047,1.3107996
2017-12-10 20:40:00,0.6110161,1.3130476
2017-12-10 20:50:00,0.55986834,1.3282762
2017-12-10 21:00:00,0.52884424,1.3519073
2017-12-10 21:10:00,0.51375145,1.3783735
2017-12-10 21:20:00,0.471827,1.3535073
2017-12-10 21:30:00,0.44751084,1.2946011
2017-12-10 21:40:00,0.37456235,1.2611988
2017-12-10 21:50:00,0.3326379,1.211242
2017-12-10 22:00:00,0.28652105,1.08316
2017-12-10 22:10:00,0.22698836,0.8663734
2017-12-10 22:20:00,0.13810858,0.5819074
2017-12-10 22:30:00,0.044197857,0.24642771
2017-12-10 22:40:00,-0.0681596,0.17306012
2017-12-10 22:50:00,-0.17464764,0.13453081
2017-12-10 23:00:00,-0.24004975,-0.004163474
2017-12-10 23:10:00,-0.3398299,-0.41499132
2017-12-10 23:20:00,-0.41361687,-0.58382845
2017-12-10 23:30:00,-0.52010494,-0.63939005
2017-12-10 23:40:00,-0.6400088,-0.65450144
2017-12-10 23:50:00,-0.7028954,-0.66937935
2017-12-11 00:00:00,-0.7758439,-0.6991204
2017-12-11 00:10:00,-0.89155537,-0.72211945
2017-12-11 00:20:00,-0.9879815,-0.728517
2017-12-11 00:30:00,-1.0558991,-0.7370939
2017-12-11 00:40:00,-1.1154318,-0.74850047
2017-12-11 00:50:00,-1.175803,-0.76682657
2017-12-11 01:00:00,-1.2194043,-0.79039896
2017-12-11 01:10:00,-1.2579749,-0.814944
2017-12-11 01:20:00,-1.2864834,-0.83759195
2017-12-11 01:30:00,-1.357755,-0.8601753
2017-12-11 01:40:00,-1.3678168,-0.87762773
2017-12-11 01:50:00,-1.4013563,-0.8946933
2017-12-11 02:00:00,-1.424834,-0.91738486
2017-12-11 02:10:00,-1.4818512,-0.9425334
2017-12-11 02:20:00,-1.5019749,-0.96693224
2017-12-11 02:30:00,-1.503652,-0.9940443
2017-12-11 02:40:00,-1.3686553,-1.0207434
2017-12-11 02:50:00,-1.3552395,-1.0435653
2017-12-11 03:00:00,-1.3653014,-1.0552986
2017-12-11 03:10:00,-1.39381,-1.0558225
2017-12-11 03:20:00,-1.3871021,-1.0448015
2017-12-11 03:30:00,-1.428188,-1.0212007
2017-12-11 03:40:00,-1.5028135,-0.99066085
2017-12-11 03:50:00,-1.4944286,-0.95303
2017-12-11 04:00:00,-1.4717894,-0.8182516
2017-12-11 04:10:00,-1.4474733,-0.8331648
2017-12-11 04:20:00,-1.392133,-1.0166553
2017-12-11 04:30:00,-1.4784973,-1.2590353
2017-12-11 04:40:00,-1.5388685,-1.2420096
2017-12-11 04:50:00,-1.5564767,-1.242637
2017-12-11 05:00:00,-1.53803,-1.2676976
2017-12-11 05:10:00,-1.5657002,-1.2660437
2017-12-11 05:20:00,-1.5673771,-1.2622426
2017-12-11 05:30:00,-1.53803,-1.264393
2017-12-11 05:40:00,-1.4399269,-1.2721903
2017-12-11 05:50:00,-1.3820711,-1.2743247
2017-12-11 06:00:00,-1.3728478,-1.2727404
2017-12-11 06:10:00,-1.4164492,-1.2723472
2017-12-11 06:20:00,-1.3334388,-1.2709416
2017-12-11 06:30:00,-1.3124766,-1.2693989
2017-12-11 06:40:00,-1.4055488,-1.2604262
2017-12-11 06:50:00,-1.5271297,-1.2542837
2017-12-11 07:00:00,-1.4919131,-1.2459519
2017-12-11 07:10:00,-1.2646828,-1.2382911
2017-12-11 07:20:00,-1.244559,-1.2362974
2017-12-11 07:30:00,-1.1867033,-1.2364061
2017-12-11 07:40:00,-1.1942497,-1.223278
2017-12-11 07:50:00,-1.1942497,-1.2096126
2017-12-11 08:00:00,-1.0424833,-1.1578922
2017-12-11 08:10:00,-0.920064,-0.93850636
2017-12-11 08:20:00,-0.84627694,-0.7299788
2017-12-11 08:30:00,-0.7993216,-0.70357084
2017-12-11 08:40:00,-0.7557202,-0.5919725
2017-12-11 08:50:00,-0.6525861,-0.5003959
2017-12-11 09:00:00,-0.53519773,-0.33463204
2017-12-11 09:10:00,-0.6198851,-0.2669956
2017-12-11 09:20:00,-0.72218066,-0.22817178
2017-12-11 09:30:00,-0.66432494,-0.21076092
2017-12-11 09:40:00,-0.59221494,-0.17410958
2017-12-11 09:50:00,-0.5695757,-0.15615068
2017-12-11 10:00:00,-0.48153445,-0.1328629
2017-12-11 10:10:00,-0.4270327,-0.12504505
2017-12-11 10:20:00,-0.3398299,-0.11762853
2017-12-11 10:30:00,-0.27023533,-0.114314854
2017-12-11 10:40:00,-0.23585731,-0.11596477
2017-12-11 10:50:00,-0.19560987,-0.12552418
2017-12-11 11:00:00,-0.1276923,-0.12522084
2017-12-11 11:10:00,-0.0975067,-0.114941925
2017-12-11 11:20:00,-0.022042736,-0.10866858
2017-12-11 11:30:00,0.04922879,-0.094049186
2017-12-11 11:40:00,0.053421233,-0.06791741
2017-12-11 11:50:00,0.09031473,-0.072164685
2017-12-11 12:00:00,0.13391612,-0.05911489
2017-12-11 12:10:00,0.16074777,-0.024603024
2017-12-11 12:20:00,0.15907079,0.02565059
2017-12-11 12:30:00,0.14817044,0.06946464
2017-12-11 12:40:00,0.19596428,0.10305303
2017-12-11 12:50:00,0.15571684,0.12826732
2017-12-11 13:00:00,0.13223915,0.15383819
2017-12-11 13:10:00,0.09115322,0.15753657
2017-12-11 13:20:00,0.029105065,0.15183896
2017-12-11 13:30:00,-0.00024203374,0.12158975
2017-12-11 13:40:00,-0.02539669,0.090319574
2017-12-11 13:50:00,-0.034620065,0.07111393
2017-12-11 14:00:00,-0.046358902,0.070260614
2017-12-11 14:10:00,-0.07402903,0.06546739
2017-12-11 14:20:00,-0.12349985,0.056166664
2017-12-11 14:30:00,-0.17884009,0.11772025
2017-12-11 14:40:00,-0.1930944,0.21192983
2017-12-11 14:50:00,-0.2148951,0.2662331
2017-12-11 15:00:00,-0.20986417,0.27808478
2017-12-11 15:10:00,-0.1629088,0.27980044
2017-12-11 15:20:00,-0.14781602,0.287813
2017-12-11 15:30:00,-0.14110811,0.29317585
2017-12-11 15:40:00,-0.17884009,0.295452
2017-12-11 15:50:00,-0.20902568,0.29575583
2017-12-11 16:00:00,-0.26101196,0.29311597
2017-12-11 16:10:00,-0.27694324,0.28645334
2017-12-11 16:20:00,-0.24256521,0.2799194
2017-12-11 16:30:00,-0.30545187,0.27012622
2017-12-11 16:40:00,-0.3616306,0.25407276
2017-12-11 16:50:00,-0.31970617,0.21191904
2017-12-11 17:00:00,-0.20651022,0.20232314
2017-12-11 17:10:00,0.074383445,0.23904368
2017-12-11 17:20:00,0.43409503,0.26329434
2017-12-11 17:30:00,0.7560746,0.25859413
2017-12-11 17:40:00,0.8592087,0.25821093
2017-12-11 17:50:00,0.84327745,0.2752647
2017-12-11 18:00:00,0.87514,0.3237829
2017-12-11 18:10:00,0.8701091,0.43790913
2017-12-11 18:20:00,0.87346303,0.66614807
2017-12-11 18:30:00,0.8525008,1.2424865
2017-12-11 18:40:00,0.85837024,1.6152879
2017-12-11 18:50:00,0.7946451,1.6565183
2017-12-11 19:00:00,0.7845832,1.6788201
2017-12-11 19:10:00,0.8541778,1.6893474
2017-12-11 19:20:00,0.95311946,1.6999949
2017-12-11 19:30:00,0.9271263,1.712935
2017-12-11 19:40:00,0.88604033,1.7099268
2017-12-11 19:50:00,0.8902328,1.6871877
2017-12-11 20:00:00,0.86256266,1.6457278
2017-12-11 20:10:00,0.9405421,1.605857
2017-12-11 20:20:00,0.91287196,1.5870496
2017-12-11 20:30:00,0.8919098,1.5557431
2017-12-11 20:40:00,0.8441159,1.5317707
2017-12-11 20:50:00,0.82315373,1.5257895
2017-12-11 21:00:00,0.7493667,1.5365696
2017-12-11 21:10:00,0.7149887,1.6312976
2017-12-11 21:20:00,0.6881571,1.5345128
2017-12-11 21:30:00,0.61688554,1.3492396
2017-12-11 21:40:00,0.5254903,1.319257
2017-12-11 21:50:00,0.4953047,1.2448648
2017-12-11 22:00:00,0.40474793,1.0963645
2017-12-11 22:10:00,0.36869293,0.8638097
2017-12-11 22:20:00,0.24878906,0.5577414
2017-12-11 22:30:00,0.15236288,0.23092788
2017-12-11 22:40:00,0.04252088,0.17071864
2017-12-11 22:50:00,-0.055582277,0.12776396
2017-12-11 23:00:00,-0.15200846,-0.12936902
2017-12-11 23:10:00,-0.2509501,-0.4740089
2017-12-11 23:20:00,-0.34402233,-0.56320256
2017-12-11 23:30:00,-0.4639262,-0.61007786
2017-12-11 23:40:00,-0.6014383,-0.62355554
2017-12-11 23:50:00,-0.7028954,-0.63796806
2017-12-12 00:00:00,-0.7976446,-0.657719
2017-12-12 00:10:00,-0.89155537,-0.68119216
2017-12-12 00:20:00,-0.9770812,-0.71005154
2017-12-12 00:30:00,-1.0391294,-0.73258656
2017-12-12 00:40:00,-1.1011775,-0.73013544
2017-12-12 00:50:00,-1.1623871,-0.73342425
2017-12-12 01:00:00,-1.2059885,-0.7566588
2017-12-12 01:10:00,-1.2319816,-0.7758459
2017-12-12 01:20:00,-1.285645,-0.7874057
2017-12-12 01:30:00,-1.3292464,-0.8053061
2017-12-12 01:40:00,-1.3686553,-0.81691265
2017-12-12 01:50:00,-1.3988409,-0.8266787
2017-12-12 02:00:00,-1.429865,-0.8461019
2017-12-12 02:10:00,-1.4449577,-0.86557966
2017-12-12 02:20:00,-1.4600506,-0.8916017
2017-12-12 02:30:00,-1.5086828,-0.92145866
2017-12-12 02:40:00,-1.5170678,-0.9516125
2017-12-12 02:50:00,-1.5162293,-0.9777173
2017-12-12 03:00:00,-1.5237757,-1.0014853
2017-12-12 03:10:00,-1.5564767,-1.014617
2017-12-12 03:20:00,-1.5665386,-1.0182433
2017-12-12 03:30:00,-1.6227174,-1.011375
2017-12-12 03:40:00,-1.6403255,-0.9919403
2017-12-12 03:50:00,-1.6612878,-0.9594455
2017-12-12 04:00:00,-1.6688342,-0.83113164
2017-12-12 04:10:00,-1.6403255,-0.83717626
2017-12-12 04:20:00,-1.6394871,-1.0237248
2017-12-12 04:30:00,-1.6260713,-1.2509785
2017-12-12 04:40:00,-1.6009166,-1.2379785
2017-12-12 04:50:00,-1.5841469,-1.2414533
2017-12-12 05:00:00,-1.5665386,-1.2669542
2017-12-12 05:10:00,-1.5606692,-1.2650295
2017-12-12 05:20:00,-1.5556383,-1.2619135
2017-12-12 05:30:00,-1.539707,-1.2635858
2017-12-12 05:40:00,-1.4650815,-1.2721109
2017-12-12 05:50:00,-1.400518,-1.2742264
2017-12-12 06:00:00,-1.433219,-1.2729759
2017-12-12 06:10:00,-1.395487,-1.2714425
2017-12-12 06:20:00,-1.3661399,-1.2693068
2017-12-12 06:30:00,-1.3493701,-1.2684044
2017-12-12 06:40:00,-1.3694938,-1.2642826
2017-12-12 06:50:00,-1.46592,-1.2613342
2017-12-12 07:00:00,-1.4667585,-1.2555149
2017-12-12 07:10:00,-1.4164492,-1.251039
2017-12-12 07:20:00,-1.433219,-1.2462249
2017-12-12 07:30:00,-1.4072258,-1.2441742
2017-12-12 07:40:00,-1.4634045,-1.2286456
2017-12-12 07:50:00,-1.4684354,-1.2147396
2017-12-12 08:00:00,-1.3485316,-1.1618278
2017-12-12 08:10:00,-1.251267,-0.91393876
2017-12-12 08:20:00,-1.1984421,-0.7317474
2017-12-12 08:30:00,-1.1799954,-0.70324236
2017-12-12 08:40:00,-1.0835692,-0.5845969
2017-12-12 08:50:00,-1.0215211,-0.48957777
2017-12-12 09:00:00,-0.92090243,-0.3249446
2017-12-12 09:10:00,-0.78171337,-0.25788462
2017-12-12 09:20:00,-0.69534904,-0.21907371
2017-12-12 09:30:00,-0.6224005,-0.20281087
2017-12-12 09:40:00,-0.624916,-0.16767305
2017-12-12 09:50:00,-0.587184,-0.15035987
2017-12-12 10:00:00,-0.52010494,-0.13328212
2017-12-12 10:10:00,-0.4211633,-0.12314072
2017-12-12 10:20:00,-0.33563745,-0.11702186
2017-12-12 10:30:00,-0.2861666,-0.11687562
2017-12-12 10:40:00,-0.24843463,-0.113394484
2017-12-12 10:50:00,-0.24591917,-0.12079576
2017-12-12 11:00:00,-0.18890196,-0.12274454
2017-12-12 11:10:00,-0.16542427,-0.12083191
2017-12-12 11:20:00,-0.13523869,-0.11870732
2017-12-12 11:30:00,-0.09163728,-0.118313715
2017-12-12 11:40:00,-0.08996031,-0.11886142
2017-12-12 11:50:00,-0.012819361,-0.1194976
2017-12-12 12:00:00,-0.020365758,-0.11348749
2017-12-12 12:10:00,0.009819828,-0.10545625
2017-12-12 12:20:00,-0.011980873,-0.09137315
2017-12-12 12:30:00,-0.08157542,-0.06783253
2017-12-12 12:40:00,-0.07319054,-0.049146265
2017-12-12 12:50:00,-0.06396716,-0.034451842
2017-12-12 13:00:00,-0.11846892,-0.004470542
2017-12-12 13:10:00,-0.09331426,0.060173362
2017-12-12 13:20:00,-0.080736935,0.10910344
2017-12-12 13:30:00,-0.12853079,0.13852122
2017-12-12 13:40:00,-0.15284695,0.15310615
2017-12-12 13:50:00,-0.1629088,0.160974
2017-12-12 14:00:00,-0.1344002,0.1722028
2017-12-12 14:10:00,-0.1344002,0.18366209
2017-12-12 14:20:00,-0.13272323,0.202699
2017-12-12 14:30:00,-0.13691567,0.22824168
2017-12-12 14:40:00,-0.32641408,0.24894184
2017-12-12 14:50:00,-0.28113568,0.26497686
2017-12-12 15:00:00,-0.32222164,0.2715917
2017-12-12 15:10:00,-0.32222164,0.2743273
2017-12-12 15:20:00,-0.32976803,0.2758697
2017-12-12 15:30:00,-0.3255756,0.2802675
2017-12-12 15:40:00,-0.38091582,0.26141775
2017-12-12 15:50:00,-0.34318385,0.24100316
2017-12-12 16:00:00,-0.32725257,0.20195669
2017-12-12 16:10:00,-0.27358928,0.19030964
2017-12-12 16:20:00,-0.24088824,0.17501101
2017-12-12 16:30:00,-0.22831091,0.15030354
2017-12-12 16:40:00,-0.15200846,0.13951653
2017-12-12 16:50:00,-0.09247577,0.12675717
2017-12-12 17:00:00,0.024074133,0.116309375
2017-12-12 17:10:00,0.21357255,0.122045755
2017-12-12 17:20:00,0.5757996,0.13603818
2017-12-12 17:30:00,0.95479643,0.1454499
2017-12-12 17:40:00,0.9916899,0.15924701
2017-12-12 17:50:00,1.0109751,0.17376009
2017-12-12 18:00:00,1.0118136,0.21811786
2017-12-12 18:10:00,0.9933669,0.32652062
2017-12-12 18:20:00,0.9908514,0.55995905
2017-12-12 18:30:00,0.9916899,1.1702061
2017-12-12 18:40:00,0.98749745,1.5306622
2017-12-12 18:50:00,0.9623428,1.5884936
2017-12-12 19:00:00,0.96569675,1.5913768
2017-12-12 19:10:00,0.9774356,1.5695134
2017-12-12 19:20:00,0.97408164,1.565692
2017-12-12 19:30:00,0.8818479,1.5560927
2017-12-12 19:40:00,0.8323771,1.5393223
2017-12-12 19:50:00,0.799676,1.5393764
2017-12-12 20:00:00,0.766975,1.5289915
2017-12-12 20:10:00,0.8248307,1.537182
2017-12-12 20:20:00,0.8441159,1.5476329
2017-12-12 20:30:00,0.80973786,1.5475296
2017-12-12 20:40:00,0.81225336,1.5680953
2017-12-12 20:50:00,0.7946451,1.5829916
2017-12-12 21:00:00,0.75942856,1.5523345
2017-12-12 21:10:00,0.70408833,1.4409962
2017-12-12 21:20:00,0.60850066,1.3931602
2017-12-12 21:30:00,0.5305212,1.3246701
2017-12-12 21:40:00,0.42738712,1.2892324
2017-12-12 21:50:00,0.37540084,1.2331907
2017-12-12 22:00:00,0.30916023,1.0945524
2017-12-12 22:10:00,0.23788871,0.86521703
2017-12-12 22:20:00,0.15236288,0.56053126
2017-12-12 22:30:00,0.0265896,0.232934
2017-12-12 22:40:00,-0.071513556,0.17035457
2017-12-12 22:50:00,-0.19141743,0.12245458
2017-12-12 23:00:00,-0.29203606,-0.15811297
2017-12-12 23:10:00,-0.37923884,-0.47179377
2017-12-12 23:20:00,-0.48740387,-0.56551194
2017-12-12 23:30:00,-0.626593,-0.61776304
2017-12-12 23:40:00,-0.7188267,-0.63441384
2017-12-12 23:50:00,-0.7859058,-0.64918065
2017-12-13 00:00:00,-0.8638852,-0.66654855
2017-12-13 00:10:00,-0.9485726,-0.6812366
2017-12-13 00:20:00,-1.0089438,-0.69487315
2017-12-13 00:30:00,-1.0793768,-0.7132492
2017-12-13 00:40:00,-1.1204627,-0.71862936
2017-12-13 00:50:00,-1.1799954,-0.72587657
2017-12-13 01:00:00,-1.242882,-0.7415086
2017-12-13 01:10:00,-1.2915144,-0.76062095
2017-12-13 01:20:00,-1.3409852,-0.77859354
2017-12-13 01:30:00,-1.3745247,-0.8012842
2017-12-13 01:40:00,-1.4608891,-0.8207505
2017-12-13 01:50:00,-1.4919131,-0.8402197
2017-12-13 02:00:00,-1.5128753,-0.86588037
2017-12-13 02:10:00,-1.5506073,-0.89209616
2017-12-13 02:20:00,-1.5900162,-0.91775423
2017-12-13 02:30:00,-1.611817,-0.95046234
2017-12-13 02:40:00,-1.615171,-0.9779601
2017-12-13 02:50:00,-1.6260713,-1.0044314
2017-12-13 03:00:00,-1.6352947,-1.0231855
2017-12-13 03:10:00,-1.6847655,-1.0279291
2017-12-13 03:20:00,-1.6897964,-1.0155517
2017-12-13 03:30:00,-1.7082431,-0.9914318
2017-12-13 03:40:00,-1.7006968,-0.9632821
2017-12-13 03:50:00,-1.6965044,-0.92753243
2017-12-13 04:00:00,-1.6931504,-0.81463504
2017-12-13 04:10:00,-1.6956658,-0.83306134
2017-12-13 04:20:00,-1.7099202,-1.0172629
2017-12-13 04:30:00,-1.7074047,-1.2521299
2017-12-13 04:40:00,-1.6897964,-1.2390273
2017-12-13 04:50:00,-1.6805731,-1.2423787
2017-12-13 05:00:00,-1.6713496,-1.2681627
2017-12-13 05:10:00,-1.6470336,-1.2671115
2017-12-13 05:20:00,-1.647872,-1.2639112
2017-12-13 05:30:00,-1.6269097,-1.2650013
2017-12-13 05:40:00,-1.5170678,-1.2745738
2017-12-13 05:50:00,-1.4223186,-1.2772262
2017-12-13 06:00:00,-1.4273496,-1.275107
2017-12-13 06:10:00,-1.3854251,-1.2729583
2017-12-13 06:20:00,-1.3476931,-1.2722386
2017-12-13 06:30:00,-1.3300848,-1.2722132
2017-12-13 06:40:00,-1.359432,-1.2681792
2017-12-13 06:50:00,-1.4600506,-1.2653401
2017-12-13 07:00:00,-1.4634045,-1.2595729
2017-12-13 07:10:00,-1.3820711,-1.2553588
2017-12-13 07:20:00,-1.3711708,-1.250342
2017-12-13 07:30:00,-1.3829097,-1.2468302
2017-12-13 07:40:00,-1.3795557,-1.2299197
2017-12-13 07:50:00,-1.3988409,-1.2150328
2017-12-13 08:00:00,-1.288999,-1.1624591
2017-12-13 08:10:00,-1.2294662,-0.93203056
2017-12-13 08:20:00,-1.1665796,-0.73462105
2017-12-13 08:30:00,-1.1221397,-0.70629823
2017-12-13 08:40:00,-0.99636644,-0.58818924
2017-12-13 08:50:00,-0.9359952,-0.49340004
2017-12-13 09:00:00,-0.9032942,-0.32860446
2017-12-13 09:10:00,-0.8135759,-0.26147586
2017-12-13 09:20:00,-0.7641051,-0.22268423
2017-12-13 09:30:00,-0.6903181,-0.20599471
2017-12-13 09:40:00,-0.61653113,-0.16892281
2017-12-13 09:50:00,-0.626593,-0.14769481
2017-12-13 10:00:00,-0.5276513,-0.1233978
2017-12-13 10:10:00,-0.4639262,-0.10586454
2017-12-13 10:20:00,-0.35743815,-0.09541735
2017-12-13 10:30:00,-0.3113213,-0.09387544
2017-12-13 10:40:00,-0.29119757,-0.09080432
2017-12-13 10:50:00,-0.22579545,-0.10433248
2017-12-13 11:00:00,-0.221603,-0.11586123
2017-12-13 11:10:00,-0.22495696,-0.11635439
2017-12-13 11:20:00,-0.1562009,-0.11421751
2017-12-13 11:30:00,-0.10673007,-0.115658045
2017-12-13 11:40:00,-0.07738298,-0.11419656
2017-12-13 11:50:00,-0.09247577,-0.114861295
2017-12-13 12:00:00,-0.07905996,-0.109109685
2017-12-13 12:10:00,-0.06899809,-0.10173285
2017-12-13 12:20:00,-0.043843437,-0.08935302
2017-12-13 12:30:00,-0.08409089,-0.06541243
2017-12-13 12:40:00,-0.08744484,-0.039095163
2017-12-13 12:50:00,-0.07822147,-0.015745252
2017-12-13 13:00:00,-0.095829725,0.0067941844
2017-12-13 13:10:00,-0.11176101,0.05548553
2017-12-13 13:20:00,-0.09834519,0.08634287
2017-12-13 13:30:00,-0.15116997,0.11392242
2017-12-13 13:40:00,-0.10002217,0.14373618
2017-12-13 13:50:00,-0.15536241,0.1514487
2017-12-13 14:00:00,-0.17297067,0.17213205
2017-12-13 14:10:00,-0.25430405,0.19021317
2017-12-13 14:20:00,-0.17464764,0.21038485
2017-12-13 14:30:00,-0.21070266,0.23235825
2017-12-13 14:40:00,-0.2006408,0.24492013
2017-12-13 14:50:00,-0.21405661,0.25818637
2017-12-13 15:00:00,-0.2652044,0.26824808
2017-12-13 15:10:00,-0.27610475,0.26880383
2017-12-13 15:20:00,-0.23837277,0.27498928
2017-12-13 15:30:00,-0.26688138,0.2740865
2017-12-13 15:40:00,-0.28532812,0.26724058
2017-12-13 15:50:00,-0.30125943,0.22925156
2017-12-13 16:00:00,-0.3238986,0.19124115
2017-12-13 16:10:00,-0.29958245,0.1539726
2017-12-13 16:20:00,-0.2727508,0.15028155
2017-12-13 16:30:00,-0.23082638,0.14656028
2017-12-13 16:40:00,-0.16207032,0.129926
2017-12-13 16:50:00,-0.09331426,0.11831623
2017-12-13 17:00:00,-0.03294309,0.11229393
2017-12-13 17:10:00,0.21105708,0.11445171
2017-12-13 17:20:00,0.52884424,0.12825143
2017-12-13 17:30:00,0.8961022,0.13139686
2017-12-13 17:40:00,1.0453532,0.15621418
2017-12-13 17:50:00,1.0738617,0.17008239
2017-12-13 18:00:00,1.0445147,0.20783633
2017-12-13 18:10:00,1.0386453,0.2871876
2017-12-13 18:20:00,1.0361298,0.51006407
2017-12-13 18:30:00,0.9690507,1.0999599
2017-12-13 18:40:00,0.9707277,1.5276191
2017-12-13 18:50:00,0.97659713,1.608382
2017-12-13 19:00:00,0.99672085,1.631981
2017-12-13 19:10:00,1.0084597,1.6221802
2017-12-13 19:20:00,0.9992363,1.61773
2017-12-13 19:30:00,0.9908514,1.5975695
2017-12-13 19:40:00,0.95228094,1.5885302
2017-12-13 19:50:00,0.9514425,1.5752578
2017-12-13 20:00:00,0.9254493,1.5540653
2017-12-13 20:10:00,0.9422191,1.5496606
2017-12-13 20:20:00,0.94725,1.5451946
2017-12-13 20:30:00,0.9321572,1.5542402
2017-12-13 20:40:00,0.88687885,1.5861564
2017-12-13 20:50:00,0.8533393,1.6083907
2017-12-13 21:00:00,0.8063839,1.6244001
2017-12-13 21:10:00,0.74014336,1.5230012
2017-12-13 21:20:00,0.66551787,1.4056482
2017-12-13 21:30:00,0.62359345,1.3311379
2017-12-13 21:40:00,0.52213633,1.2921925
2017-12-13 21:50:00,0.4651191,1.2345638
2017-12-13 22:00:00,0.42654863,1.094693
2017-12-13 22:10:00,0.3267685,0.8654141
2017-12-13 22:20:00,0.24208115,0.5576278
2017-12-13 22:30:00,0.14565498,0.23245183
2017-12-13 22:40:00,0.024074133,0.16966495
2017-12-13 22:50:00,-0.109245546,0.120253414
2017-12-13 23:00:00,-0.23166487,-0.13106841
2017-12-13 23:10:00,-0.31970617,-0.46490124
2017-12-13 23:20:00,-0.4194863,-0.5671458
2017-12-13 23:30:00,-0.551129,-0.6169406
2017-12-13 23:40:00,-0.660971,-0.6305694
2017-12-13 23:50:00,-0.7473353,-0.6427995
2017-12-14 00:00:00,-0.8295072,-0.6621859
2017-12-14 00:10:00,-0.91922545,-0.68053454
2017-12-14 00:20:00,-0.9577959,-0.69723713
2017-12-14 00:30:00,-1.0483527,-0.7181429
2017-12-14 00:40:00,-1.1036929,-0.7272377
2017-12-14 00:50:00,-1.1431019,-0.7378075
2017-12-14 01:00:00,-1.1883802,-0.7558236
2017-12-14 01:10:00,-1.2521054,-0.77741647
2017-12-14 01:20:00,-1.2982223,-0.79627955
2017-12-14 01:30:00,-1.316669,-0.8170846
2017-12-14 01:40:00,-1.3409852,-0.8345535
2017-12-14 01:50:00,-1.39381,-0.85137236
2017-12-14 02:00:00,-1.4634045,-0.86945355
2017-12-14 02:10:00,-1.5120368,-0.8926889
2017-12-14 02:20:00,-1.5296451,-0.9151516
2017-12-14 02:30:00,-1.5556383,-0.9419922
2017-12-14 02:40:00,-1.5782775,-0.97006285
2017-12-14 02:50:00,-1.6000781,-0.9997016
2017-12-14 03:00:00,-1.6302637,-1.0250933
2017-12-14 03:10:00,-1.649549,-1.0336543
2017-12-14 03:20:00,-1.6470336,-1.0259833
2017-12-14 03:30:00,-1.6361332,-1.0038531
2017-12-14 03:40:00,-1.644518,-0.97766924
2017-12-14 03:50:00,-1.649549,-0.9418339
2017-12-14 04:00:00,-1.6520644,-0.8173829
2017-12-14 04:10:00,-1.6336176,-0.8303665
2017-12-14 04:20:00,-1.6344562,-1.0108707
2017-12-14 04:30:00,-1.6143324,-1.2534854
2017-12-14 04:40:00,-1.5866623,-1.2391849
2017-12-14 04:50:00,-1.5623462,-1.2411611
2017-12-14 05:00:00,-1.5338376,-1.2657423
2017-12-14 05:10:00,-1.5212603,-1.2650692
2017-12-14 05:20:00,-1.5153909,-1.262336
2017-12-14 05:30:00,-1.4919131,-1.2629871
2017-12-14 05:40:00,-1.4164492,-1.2697828
2017-12-14 05:50:00,-1.3653014,-1.2724012
2017-12-14 06:00:00,-1.4172877,-1.2729177
2017-12-14 06:10:00,-1.3904561,-1.2730786
2017-12-14 06:20:00,-1.3686553,-1.2717335
2017-12-14 06:30:00,-1.3409852,-1.2704353
2017-12-14 06:40:00,-1.3720093,-1.2662222
2017-12-14 06:50:00,-1.4323804,-1.2638677
2017-12-14 07:00:00,-1.4206417,-1.25873
2017-12-14 07:10:00,-1.3896176,-1.2539272
2017-12-14 07:20:00,-1.392133,-1.248495
2017-12-14 07:30:00,-1.3736862,-1.2442732
2017-12-14 07:40:00,-1.4130952,-1.2276008
2017-12-14 07:50:00,-1.4340575,-1.2130759
2017-12-14 08:00:00,-1.3384697,-1.1598437
2017-12-14 08:10:00,-1.244559,-0.90784
2017-12-14 08:20:00,-1.1573563,-0.7300968
2017-12-14 08:30:00,-1.1145933,-0.7014049
2017-12-14 08:40:00,-1.0064282,-0.5821628
2017-12-14 08:50:00,-0.9485726,-0.48681763
2017-12-14 09:00:00,-0.8655622,-0.32143015
2017-12-14 09:10:00,-0.7607511,-0.25415853
2017-12-14 09:20:00,-0.7037339,-0.21586795
2017-12-14 09:30:00,-0.62323904,-0.19930437
2017-12-14 09:40:00,-0.57041425,-0.16340926
2017-12-14 09:50:00,-0.50249666,-0.14602868
2017-12-14 10:00:00,-0.42619422,-0.1311371
2017-12-14 10:10:00,-0.3540842,-0.124613665
2017-12-14 10:20:00,-0.2962285,-0.12204388
2017-12-14 10:30:00,-0.24424219,-0.121518895
2017-12-14 10:40:00,-0.21657208,-0.118561566
2017-12-14 10:50:00,-0.20651022,-0.1226169
2017-12-14 11:00:00,-0.24843463,-0.12216374
2017-12-14 11:10:00,-0.16123183,-0.12027876
2017-12-14 11:20:00,-0.13104625,-0.1181072
2017-12-14 11:30:00,-0.14781602,-0.11716844
2017-12-14 11:40:00,-0.20567173,-0.117139995
2017-12-14 11:50:00,-0.15368544,-0.1181305
2017-12-14 12:00:00,-0.15955485,-0.11330718
2017-12-14 12:10:00,-0.17716311,-0.10619186
2017-12-14 12:20:00,-0.17129369,-0.09208603
2017-12-14 12:30:00,-0.20399475,-0.06369908
2017-12-14 12:40:00,-0.19896382,-0.03815955
2017-12-14 12:50:00,-0.23250335,-0.018373668
2017-12-14 13:00:00,-0.23250335,0.016034186
2017-12-14 13:10:00,-0.1930944,0.08098674
2017-12-14 13:20:00,-0.18890196,0.11592516
2017-12-14 13:30:00,-0.22411847,0.13931558
2017-12-14 13:40:00,-0.23334184,0.1565958
2017-12-14 13:50:00,-0.2509501,0.16999227
2017-12-14 14:00:00,-0.19141743,0.18876764
2017-12-14 14:10:00,-0.18890196,0.20395625
2017-12-14 14:20:00,-0.1847095,0.22050422
2017-12-14 14:30:00,-0.20399475,0.23982525
2017-12-14 14:40:00,-0.2224415,0.25345868
2017-12-14 14:50:00,-0.24256521,0.2661547
2017-12-14 15:00:00,-0.27694324,0.269973
2017-12-14 15:10:00,-0.34989175,0.2696258
2017-12-14 15:20:00,-0.24256521,0.24994263
2017-12-14 15:30:00,-0.09415275,0.19580722
2017-12-14 15:40:00,-0.09918368,0.14523149
2017-12-14 15:50:00,-0.15033148,0.1147992
2017-12-14 16:00:00,-0.16039334,0.06537256
2017-12-14 16:10:00,-0.14697753,0.04084553
2017-12-14 16:20:00,-0.15703939,0.046141565
2017-12-14 16:30:00,-0.12685381,0.03689684
2017-12-14 16:40:00,-0.038812507,0.03586182
2017-12-14 16:50:00,0.06012914,0.031381562
2017-12-14 17:00:00,0.12972368,0.033509403
2017-12-14 17:10:00,0.31754512,0.046139777
2017-12-14 17:20:00,0.6630024,0.05865535
2017-12-14 17:30:00,0.9891744,0.07100123
2017-12-14 17:40:00,1.0193601,0.08499107
2017-12-14 17:50:00,0.98078954,0.09605241
2017-12-14 18:00:00,0.99420536,0.14086851
2017-12-14 18:10:00,0.9925284,0.23944858
2017-12-14 18:20:00,1.0092982,0.4661201
2017-12-14 18:30:00,1.0185215,1.0775366
2017-12-14 18:40:00,0.9975593,1.5030532
2017-12-14 18:50:00,1.0017518,1.5738777
2017-12-14 19:00:00,0.95731187,1.6014673
2017-12-14 19:10:00,0.97911257,1.571389
2017-12-14 19:20:00,0.94389606,1.5814518
2017-12-14 19:30:00,0.93634963,1.6230146
2017-12-14 19:40:00,0.9044871,1.6621077
2017-12-14 19:50:00,0.9044871,1.6768799
2017-12-14 20:00:00,0.86256266,1.6793106
2017-12-14 20:10:00,0.94138056,1.6798581
2017-12-14 20:20:00,0.94389606,1.6552173
2017-12-14 20:30:00,0.9313187,1.6095839
2017-12-14 20:40:00,0.8575317,1.5955818
2017-12-14 20:50:00,0.8080609,1.6293279
2017-12-14 21:00:00,0.78290623,1.6752677
2017-12-14 21:10:00,0.7426588,1.5391421
2017-12-14 21:20:00,0.70492685,1.4331638
2017-12-14 21:30:00,0.6202395,1.3454524
2017-12-14 21:40:00,0.53303665,1.3006628
2017-12-14 21:50:00,0.46595758,1.2414118
2017-12-14 22:00:00,0.37540084,1.1022953
2017-12-14 22:10:00,0.30664477,0.8751166
2017-12-14 22:20:00,0.20518766,0.56804156
2017-12-14 22:30:00,0.12972368,0.23397818
2017-12-14 22:40:00,0.05929065,0.1689128
2017-12-14 22:50:00,-0.07738298,0.1197041
2017-12-14 23:00:00,-0.19980231,-0.23975769
2017-12-14 23:10:00,-0.3029364,-0.48164743
2017-12-14 23:20:00,-0.403555,-0.5706365
2017-12-14 23:30:00,-0.55532146,-0.6180284
2017-12-14 23:40:00,-0.6534246,-0.6318088
2017-12-14 23:50:00,-0.7540432,-0.64566433
2017-12-15 00:00:00,-0.83789206,-0.66536534
2017-12-15 00:10:00,-0.8923938,-0.68141514
2017-12-15 00:20:00,-0.9250949,-0.6966881
2017-12-15 00:30:00,-0.98462754,-0.7162013
2017-12-15 00:40:00,-1.0533836,-0.72516584
2017-12-15 00:50:00,-1.1137547,-0.7382105
2017-12-15 01:00:00,-1.1565177,-0.75654423
2017-12-15 01:10:00,-1.2034731,-0.7760495
2017-12-15 01:20:00,-1.2722292,-0.79175556
2017-12-15 01:30:00,-1.2831295,-0.81481785
2017-12-15 01:40:00,-1.3116381,-0.8313576
2017-12-15 01:50:00,-1.3518856,-0.8488842
2017-12-15 02:00:00,-1.383748,-0.87348056
2017-12-15 02:10:00,-1.397164,-0.89774626
2017-12-15 02:20:00,-1.4214801,-0.92288864
2017-12-15 02:30:00,-1.4684354,-0.9479445
2017-12-15 02:40:00,-1.4969441,-0.9696367
2017-12-15 02:50:00,-1.5497688,-0.9967823
2017-12-15 03:00:00,-1.5883393,-1.0228804
2017-12-15 03:10:00,-1.5942087,-1.0377879
2017-12-15 03:20:00,-1.6160095,-1.0336393
2017-12-15 03:30:00,-1.6311022,-1.0142993
2017-12-15 03:40:00,-1.6411641,-0.98444116
2017-12-15 03:50:00,-1.6420026,-0.94306445
2017-12-15 04:00:00,-1.6235558,-0.81981134
2017-12-15 04:10:00,-1.6160095,-0.8314216
2017-12-15 04:20:00,-1.6344562,-1.0104352
2017-12-15 04:30:00,-1.6344562,-1.2506661
2017-12-15 04:40:00,-1.6352947,-1.2371783
2017-12-15 04:50:00,-1.6109785,-1.2404659
2017-12-15 05:00:00,-1.608463,-1.2655354
2017-12-15 05:10:00,-1.6009166,-1.2640052
2017-12-15 05:20:00,-1.5573152,-1.2615228
2017-12-15 05:30:00,-1.5338376,-1.262274
2017-12-15 05:40:00,-1.4860437,-1.2689908
2017-12-15 05:50:00,-1.3653014,-1.2709492
2017-12-15 06:00:00,-1.3795557,-1.2702056
2017-12-15 06:10:00,-1.3585935,-1.2690792
2017-12-15 06:20:00,-1.3275694,-1.2680205
2017-12-15 06:30:00,-1.3275694,-1.2681861
2017-12-15 06:40:00,-1.3158306,-1.2645091
2017-12-15 06:50:00,-1.3829097,-1.2625489
2017-12-15 07:00:00,-1.4172877,-1.2577703
2017-12-15 07:10:00,-1.3636243,-1.2527533
2017-12-15 07:20:00,-1.3242154,-1.2477157
2017-12-15 07:30:00,-1.3485316,-1.244453
2017-12-15 07:40:00,-1.4038719,-1.2282839
2017-12-15 07:50:00,-1.4483117,-1.2138032
2017-12-15 08:00:00,-1.3879405,-1.1601539
2017-12-15 08:10:00,-1.2755831,-0.90937835
2017-12-15 08:20:00,-1.1850263,-0.73111516
2017-12-15 08:30:00,-1.0491912,-0.7032354
2017-12-15 08:40:00,-1.0072668,-0.5854664
2017-12-15 08:50:00,-0.93515676,-0.4906927
2017-12-15 09:00:00,-0.8018371,-0.32675442
2017-12-15 09:10:00,-0.6752253,-0.26057705
2017-12-15 09:20:00,-0.65174764,-0.22102761
2017-12-15 09:30:00,-0.5536445,-0.20323864
2017-12-15 09:40:00,-0.5142355,-0.16817544
2017-12-15 09:50:00,-0.48908085,-0.14590907
2017-12-15 10:00:00,-0.4287097,-0.12364717
2017-12-15 10:10:00,-0.39265466,-0.111410916
2017-12-15 10:20:00,-0.34234536,-0.10067803
2017-12-15 10:30:00,-0.21154115,-0.102630556
2017-12-15 10:40:00,-0.20231777,-0.100529134
2017-12-15 10:50:00,-0.19644836,-0.10840361
2017-12-15 11:00:00,-0.19057894,-0.1152736
2017-12-15 11:10:00,-0.110084035,-0.11777318
2017-12-15 11:20:00,-0.052228324,-0.114482924
2017-12-15 11:30:00,-0.07067507,-0.114891924
2017-12-15 11:40:00,-0.06564414,-0.11689821
2017-12-15 11:50:00,-0.080736935,-0.119508386
2017-12-15 12:00:00,-0.19728684,-0.11677785
2017-12-15 12:10:00,-0.2366958,-0.11052987
2017-12-15 12:20:00,-0.2643659,-0.101441
2017-12-15 12:30:00,-0.3473763,-0.069058895
2017-12-15 12:40:00,-0.37001547,-0.038203448
2017-12-15 12:50:00,-0.3750464,-0.01637046
2017-12-15 13:00:00,-0.29455152,0.032033294
2017-12-15 13:10:00,-0.29119757,0.10528362
2017-12-15 13:20:00,-0.30796733,0.12852347
2017-12-15 13:30:00,-0.297067,0.1420359
2017-12-15 13:40:00,-0.28281265,0.15473115
2017-12-15 13:50:00,-0.33396047,0.17323196
2017-12-15 14:00:00,-0.37840036,0.18892416
2017-12-15 14:10:00,-0.3616306,0.20191509
2017-12-15 14:20:00,-0.35492268,0.22180206
2017-12-15 14:30:00,-0.32222164,0.246429
2017-12-15 14:40:00,-0.30125943,0.26071793
2017-12-15 14:50:00,-0.28448963,0.27456594
2017-12-15 15:00:00,-0.27023533,0.27798045
2017-12-15 15:10:00,-0.22579545,0.2764516
2017-12-15 15:20:00,-0.26855835,0.2756861
2017-12-15 15:30:00,-0.27694324,0.27084813
2017-12-15 15:40:00,-0.28281265,0.26426682
2017-12-15 15:50:00,-0.27107382,0.19539365
2017-12-15 16:00:00,-0.31467524,0.13380843
2017-12-15 16:10:00,-0.29455152,0.062174723
2017-12-15 16:20:00,-0.23250335,0.028352201
2017-12-15 16:30:00,-0.28532812,0.00395146
2017-12-15 16:40:00,-0.3029364,-0.011228979
2017-12-15 16:50:00,-0.22831091,-0.016357645
2017-12-15 17:00:00,-0.11846892,-0.0039798915
2017-12-15 17:10:00,0.097861126,0.008351266
2017-12-15 17:20:00,0.47685793,0.019536585
2017-12-15 17:30:00,0.8239922,0.038753778
2017-12-15 17:40:00,0.88604033,0.05040726
2017-12-15 17:50:00,0.87597847,0.053545415
2017-12-15 18:00:00,0.8239922,0.07236573
2017-12-15 18:10:00,0.8147688,0.14136782
2017-12-15 18:20:00,0.8382465,0.32779106
2017-12-15 18:30:00,0.8533393,0.9402497
2017-12-15 18:40:00,0.8483084,1.3929565
2017-12-15 18:50:00,0.8675936,1.4983668
2017-12-15 19:00:00,0.88687885,1.5607512
2017-12-15 19:10:00,0.8038685,1.5812625
2017-12-15 19:20:00,0.74182034,1.5776184
2017-12-15 19:30:00,0.70241135,1.5691814
2017-12-15 19:40:00,0.67977214,1.5524384
2017-12-15 19:50:00,0.7099578,1.547116
2017-12-15 20:00:00,0.68228763,1.5390153
2017-12-15 20:10:00,0.7476897,1.5401225
2017-12-15 20:20:00,0.7476897,1.553581
2017-12-15 20:30:00,0.7367894,1.544301
2017-12-15 20:40:00,0.73091996,1.5436318
2017-12-15 20:50:00,0.70408833,1.5577018
2017-12-15 21:00:00,0.69654197,1.5819235
2017-12-15 21:10:00,0.6630024,1.6142225
2017-12-15 21:20:00,0.53555214,1.4131756
2017-12-15 21:30:00,0.4584112,1.3393359
2017-12-15 21:40:00,0.3645005,1.3047941
2017-12-15 21:50:00,0.33012244,1.2373613
2017-12-15 22:00:00,0.29574442,1.094831
2017-12-15 22:10:00,0.24878906,0.86565185
2017-12-15 22:20:00,0.15571684,0.56284297
2017-12-15 22:30:00,0.08528379,0.23263693
2017-12-15 22:40:00,-0.004434476,0.1728917
2017-12-15 22:50:00,-0.12601532,0.13145086
2017-12-15 23:00:00,-0.17129369,-0.11202502
2017-12-15 23:10:00,-0.28532812,-0.48660457
2017-12-15 23:20:00,-0.40020105,-0.5855701
2017-12-15 23:30:00,-0.50501215,-0.6355027
2017-12-15 23:40:00,-0.5695757,-0.64864314
2017-12-15 23:50:00,-0.65761703,-0.6595144
2017-12-16 00:00:00,-0.7355965,-0.67731637
2017-12-16 00:10:00,-0.81609136,-0.6929192
2017-12-16 00:20:00,-0.8898784,-0.70765376
2017-12-16 00:30:00,-0.9745657,-0.72476244
2017-12-16 00:40:00,-1.0206826,-0.7286053
2017-12-16 00:50:00,-1.0978235,-0.73846793
2017-12-16 01:00:00,-1.169095,-0.751184
2017-12-16 01:10:00,-1.2026346,-0.76781565
2017-12-16 01:20:00,-1.2722292,-0.7898941
2017-12-16 01:30:00,-1.357755,-0.8197431
2017-12-16 01:40:00,-1.3896176,-0.8428589
2017-12-16 01:50:00,-1.4273496,-0.86327255
2017-12-16 02:00:00,-1.4566966,-0.88705313
2017-12-16 02:10:00,-1.464243,-0.90840447
2017-12-16 02:20:00,-1.5011365,-0.9316462
2017-12-16 02:30:00,-1.5288067,-0.9559474
2017-12-16 02:40:00,-1.5220988,-0.9795358
2017-12-16 02:50:00,-1.5573152,-1.0050092
2017-12-16 03:00:00,-1.6025937,-1.0207429
2017-12-16 03:10:00,-1.6193634,-1.0281337
2017-12-16 03:20:00,-1.6269097,-1.0244364
2017-12-16 03:30:00,-1.6436796,-1.0082464
2017-12-16 03:40:00,-1.644518,-0.9812498
2017-12-16 03:50:00,-1.647872,-0.94962466
2017-12-16 04:00:00,-1.6512259,-0.8307177
2017-12-16 04:10:00,-1.6654803,-0.8399097
2017-12-16 04:20:00,-1.6612878,-1.0128714
2017-12-16 04:30:00,-1.6679957,-1.2489071
2017-12-16 04:40:00,-1.6696727,-1.2357459
2017-12-16 04:50:00,-1.6612878,-1.2395877
2017-12-16 05:00:00,-1.6487105,-1.2657148
2017-12-16 05:10:00,-1.6277483,-1.2641776
2017-12-16 05:20:00,-1.6160095,-1.2613754
2017-12-16 05:30:00,-1.5615077,-1.2643328
2017-12-16 05:40:00,-1.5422225,-1.2721055
2017-12-16 05:50:00,-1.467597,-1.2741861
2017-12-16 06:00:00,-1.4784973,-1.2727711
2017-12-16 06:10:00,-1.4717894,-1.2710633
2017-12-16 06:20:00,-1.467597,-1.2697546
2017-12-16 06:30:00,-1.4348959,-1.2691412
2017-12-16 06:40:00,-1.4885591,-1.2646668
2017-12-16 06:50:00,-1.6017551,-1.2623823
2017-12-16 07:00:00,-1.6562569,-1.2580487
2017-12-16 07:10:00,-1.5975627,-1.2534982
2017-12-16 07:20:00,-1.6537415,-1.2482353
2017-12-16 07:30:00,-1.6235558,-1.2448257
2017-12-16 07:40:00,-1.6218789,-1.2283022
2017-12-16 07:50:00,-1.6394871,-1.2137452
2017-12-16 08:00:00,-1.5506073,-1.1613595
2017-12-16 08:10:00,-1.4692739,-0.92841554
2017-12-16 08:20:00,-1.4021949,-0.73383737
2017-12-16 08:30:00,-1.3418237,-0.7058345
2017-12-16 08:40:00,-1.2680367,-0.5885148
2017-12-16 08:50:00,-1.2328202,-0.49454463
2017-12-16 09:00:00,-1.1389095,-0.33002472
2017-12-16 09:10:00,-1.0399678,-0.26237684
2017-12-16 09:20:00,-0.8605313,-0.22311005
2017-12-16 09:30:00,-0.7951292,-0.20451206
2017-12-16 09:40:00,-0.7716515,-0.1700593
2017-12-16 09:50:00,-0.7188267,-0.15312529
2017-12-16 10:00:00,-0.61653113,-0.1341354
2017-12-16 10:10:00,-0.5561599,-0.12812178
2017-12-16 10:20:00,-0.51172006,-0.12382582
2017-12-16 10:30:00,-0.43961003,-0.12262069
2017-12-16 10:40:00,-0.40690896,-0.122029305
2017-12-16 10:50:00,-0.35240722,-0.12885189
2017-12-16 11:00:00,-0.34486082,-0.13036628
2017-12-16 11:10:00,-0.32306013,-0.12763582
2017-12-16 11:20:00,-0.28365114,-0.12611607
2017-12-16 11:30:00,-0.3171907,-0.12524521
2017-12-16 11:40:00,-0.28448963,-0.12386824
2017-12-16 11:50:00,-0.3255756,-0.12328479
2017-12-16 12:00:00,-0.34150687,-0.11821722
2017-12-16 12:10:00,-0.34318385,-0.11140932
2017-12-16 12:20:00,-0.34318385,-0.10241395
2017-12-16 12:30:00,-0.34318385,-0.08397317
2017-12-16 12:40:00,-0.3180292,-0.06640856
2017-12-16 12:50:00,-0.2895206,-0.054133713
2017-12-16 13:00:00,-0.28448963,-0.036600813
2017-12-16 13:10:00,-0.26688138,-0.0041628033
2017-12-16 13:20:00,-0.257658,0.041949734
2017-12-16 13:30:00,-0.26688138,0.08649963
2017-12-16 13:40:00,-0.28197417,0.110807866
2017-12-16 13:50:00,-0.3029364,0.12700051
2017-12-16 14:00:00,-0.28365114,0.14009193
2017-12-16 14:10:00,-0.28365114,0.14923453
2017-12-16 14:20:00,-0.26771986,0.16370726
2017-12-16 14:30:00,-0.2895206,0.18118176
2017-12-16 14:40:00,-0.2794587,0.20565963
2017-12-16 14:50:00,-0.30042094,0.22594613
2017-12-16 15:00:00,-0.4119399,0.23858124
2017-12-16 15:10:00,-0.4203248,0.24266702
2017-12-16 15:20:00,-0.39181617,0.24395305
2017-12-16 15:30:00,-0.4111014,0.20471084
2017-12-16 15:40:00,-0.43206364,0.16834828
2017-12-16 15:50:00,-0.41529384,0.123637676
2017-12-16 16:00:00,-0.43793306,0.07323718
2017-12-16 16:10:00,-0.43961003,-0.0015280247
2017-12-16 16:20:00,-0.44715643,-0.022826493
2017-12-16 16:30:00,-0.39852408,-0.024964035
2017-12-16 16:40:00,-0.36582303,-0.020829499
2017-12-16 16:50:00,-0.32725257,-0.012104496
2017-12-16 17:00:00,-0.25346556,-3.159046e-05
2017-12-16 17:10:00,-0.0061114533,0.016761541
2017-12-16 17:20:00,0.33850732,0.03189592
2017-12-16 17:30:00,0.6420402,0.042256176
2017-12-16 17:40:00,0.7862602,0.050199553
2017-12-16 17:50:00,0.8483084,0.059709996
2017-12-16 18:00:00,0.81896126,0.09045458
2017-12-16 18:10:00,0.8038685,0.17258623
2017-12-16 18:20:00,0.7711674,0.38509166
2017-12-16 18:30:00,0.7761983,0.9949183
2017-12-16 18:40:00,0.7409818,1.4356948
2017-12-16 18:50:00,0.7409818,1.5163124
2017-12-16 19:00:00,0.7233736,1.5339417
2017-12-16 19:10:00,0.7577516,1.5176393
2017-12-16 19:20:00,0.7535592,1.501489
2017-12-16 19:30:00,0.74601275,1.4818661
2017-12-16 19:40:00,0.73343545,1.4774505
2017-12-16 19:50:00,0.72421205,1.4765627
2017-12-16 20:00:00,0.6973804,1.4646337
2017-12-16 20:10:00,0.7124732,1.4564223
2017-12-16 20:20:00,0.6663563,1.4421092
2017-12-16 20:30:00,0.61437005,1.4368768
2017-12-16 20:40:00,0.58669996,1.4400055
2017-12-16 20:50:00,0.53974456,1.4473842
2017-12-16 21:00:00,0.51794386,1.4618278
2017-12-16 21:10:00,0.4869198,1.5006032
2017-12-16 21:20:00,0.46176514,1.3985176
2017-12-16 21:30:00,0.4349335,1.3290085
2017-12-16 21:40:00,0.35276163,1.2923014
2017-12-16 21:50:00,0.30077535,1.2387694
2017-12-16 22:00:00,0.26555884,1.1009738
2017-12-16 22:10:00,0.21105708,0.8737652
2017-12-16 22:20:00,0.14649346,0.5749897
2017-12-16 22:30:00,0.06012914,0.23684567
2017-12-16 22:40:00,0.0014349433,0.17253932
2017-12-16 22:50:00,-0.07067507,0.131387
2017-12-16 23:00:00,-0.21992603,-0.07352111
2017-12-16 23:10:00,-0.30545187,-0.4814873
2017-12-16 23:20:00,-0.39433163,-0.58791447
2017-12-16 23:30:00,-0.5318438,-0.63511395
2017-12-16 23:40:00,-0.60730773,-0.6458647
2017-12-16 23:50:00,-0.6794177,-0.6573013
2017-12-17 00:00:00,-0.7666206,-0.6744473
2017-12-17 00:10:00,-0.89323235,-0.6911018
2017-12-17 00:20:00,-0.97875816,-0.7095629
2017-12-17 00:30:00,-1.0584146,-0.7342223
2017-12-17 00:40:00,-1.1229782,-0.7459518
2017-12-17 00:50:00,-1.1908958,-0.7600081
2017-12-17 01:00:00,-1.2588134,-0.7808883
2017-12-17 01:10:00,-1.2831295,-0.80424213
2017-12-17 01:20:00,-1.3208615,-0.8236893
2017-12-17 01:30:00,-1.3678168,-0.84495056
2017-12-17 01:40:00,-1.4097413,-0.8636607
2017-12-17 01:50:00,-1.4499887,-0.88368165
2017-12-17 02:00:00,-1.500298,-0.90693957
2017-12-17 02:10:00,-1.5111984,-0.93054676
2017-12-17 02:20:00,-1.5564767,-0.9528955
2017-12-17 02:30:00,-1.5858239,-0.97863865
2017-12-17 02:40:00,-1.5958858,-0.99835527
2017-12-17 02:50:00,-1.6185249,-1.0156758
2017-12-17 03:00:00,-1.6797346,-1.0367961
2017-12-17 03:10:00,-1.723336,-1.0466375
2017-12-17 03:20:00,-1.723336,-1.0395747
2017-12-17 03:30:00,-1.723336,-1.0143331
2017-12-17 03:40:00,-1.7426212,-0.98686004
2017-12-17 03:50:00,-1.7686143,-0.94945437
2017-12-17 04:00:00,-1.7769992,-0.82362205
2017-12-17 04:10:00,-1.7761607,-0.8370738
2017-12-17 04:20:00,-1.7652603,-1.0153084
2017-12-17 04:30:00,-1.759391,-1.2562407
2017-12-17 04:40:00,-1.7535216,-1.2408757
2017-12-17 04:50:00,-1.7568755,-1.24305
2017-12-17 05:00:00,-1.7493291,-1.268847
2017-12-17 05:10:00,-1.7442982,-1.2668414
2017-12-17 05:20:00,-1.7124356,-1.2629411
2017-12-17 05:30:00,-1.7048892,-1.2644582
2017-12-17 05:40:00,-1.6638033,-1.2728351
2017-12-17 05:50:00,-1.5539613,-1.2753553
2017-12-17 06:00:00,-1.5916933,-1.2747624
2017-12-17 06:10:00,-1.5933702,-1.2734644
2017-12-17 06:20:00,-1.574085,-1.2725285
2017-12-17 06:30:00,-1.6025937,-1.2717011
2017-12-17 06:40:00,-1.6747036,-1.2673161
2017-12-17 06:50:00,-1.8206006,-1.2646188
2017-12-17 07:00:00,-1.9589512,-1.2603447
2017-12-17 07:10:00,-1.9874599,-1.2565982
2017-12-17 07:20:00,-2.0344152,-1.2513931
2017-12-17 07:30:00,-2.0251918,-1.2472029
2017-12-17 07:40:00,-2.003391,-1.230697
2017-12-17 07:50:00,-1.9874599,-1.216834
2017-12-17 08:00:00,-1.9530818,-1.1646419
2017-12-17 08:10:00,-1.9547588,-0.9294535
2017-12-17 08:20:00,-1.8834872,-0.73539376
2017-12-17 08:30:00,-1.8424014,-0.7066051
2017-12-17 08:40:00,-1.795446,-0.5877361
2017-12-17 08:50:00,-1.7384287,-0.49299082
2017-12-17 09:00:00,-1.6369716,-0.32869262
2017-12-17 09:10:00,-1.5355146,-0.26271942
2017-12-17 09:20:00,-1.4214801,-0.22396669
2017-12-17 09:30:00,-1.3502085,-0.20727034
2017-12-17 09:40:00,-1.2873219,-0.17419659
2017-12-17 09:50:00,-1.2202429,-0.15638399
2017-12-17 10:00:00,-1.1665796,-0.13922277
2017-12-17 10:10:00,-1.0894387,-0.1329465
2017-12-17 10:20:00,-1.026552,-0.12782395
2017-12-17 10:30:00,-0.98882,-0.13064896
2017-12-17 10:40:00,-0.9603114,-0.13136321
2017-12-17 10:50:00,-0.8856859,-0.13675529
2017-12-17 11:00:00,-0.81776834,-0.13869235
2017-12-17 11:10:00,-0.7775209,-0.13861671
2017-12-17 11:20:00,-0.7246961,-0.1363971
2017-12-17 11:30:00,-0.6919951,-0.13478608
2017-12-17 11:40:00,-0.66516346,-0.13277075
2017-12-17 11:50:00,-0.62827,-0.13086034
2017-12-17 12:00:00,-0.6039538,-0.12742175
2017-12-17 12:10:00,-0.588861,-0.12551302
2017-12-17 12:20:00,-0.58131456,-0.1220781
2017-12-17 12:30:00,-0.588861,-0.11811385
2017-12-17 12:40:00,-0.6374933,-0.11358385
2017-12-17 12:50:00,-0.587184,-0.10683831
2017-12-17 13:00:00,-0.57041425,-0.096536025
2017-12-17 13:10:00,-0.5720912,-0.08181595
2017-12-17 13:20:00,-0.6098232,-0.06264058
2017-12-17 13:30:00,-0.6173696,-0.043714166
2017-12-17 13:40:00,-0.62994695,-0.02719006
2017-12-17 13:50:00,-0.62827,-0.010661632
2017-12-17 14:00:00,-0.6115002,0.0055321157
2017-12-17 14:10:00,-0.6198851,0.02112703
2017-12-17 14:20:00,-0.60814625,0.036886185
2017-12-17 14:30:00,-0.6005998,0.046268836
2017-12-17 14:40:00,-0.62156206,0.048576772
2017-12-17 14:50:00,-0.61485416,0.052423164
2017-12-17 15:00:00,-0.6836102,0.061273247
2017-12-17 15:10:00,-0.68444866,0.06822525
2017-12-17 15:20:00,-0.698703,0.085097015
2017-12-17 15:30:00,-0.7406274,0.0932461
2017-12-17 15:40:00,-0.7255346,0.09201953
2017-12-17 15:50:00,-0.73056555,0.09642559
2017-12-17 16:00:00,-0.7288886,0.0985252
2017-12-17 16:10:00,-0.71966517,0.09460139
2017-12-17 16:20:00,-0.71966517,0.087206036
2017-12-17 16:30:00,-0.68025625,0.075636715
2017-12-17 16:40:00,-0.59640735,0.026574373
2017-12-17 16:50:00,-0.53771317,-0.017292053
2017-12-17 17:00:00,-0.441287,-0.035036236
2017-12-17 17:10:00,-0.23837277,-0.04292798
2017-12-17 17:20:00,0.07606042,-0.044685304
2017-12-17 17:30:00,0.4500263,-0.042189658
2017-12-17 17:40:00,0.5531604,-0.0383026
2017-12-17 17:50:00,0.5682532,-0.028518677
2017-12-17 18:00:00,0.57999206,-0.007664889
2017-12-17 18:10:00,0.59508485,0.04513438
2017-12-17 18:20:00,0.59927726,0.20616955
2017-12-17 18:30:00,0.63449377,0.80079764
2017-12-17 18:40:00,0.6311398,1.2388119
2017-12-17 18:50:00,0.6286244,1.3379254
2017-12-17 19:00:00,0.65880996,1.3835167
2017-12-17 19:10:00,0.6621639,1.3771431
2017-12-17 19:20:00,0.68899554,1.3659967
2017-12-17 19:30:00,0.64371717,1.3502395
2017-12-17 19:40:00,0.71331173,1.3447807
2017-12-17 19:50:00,0.69570345,1.3390675
2017-12-17 20:00:00,0.69151103,1.3314819
2017-12-17 20:10:00,0.7007344,1.3259467
2017-12-17 20:20:00,0.67138726,1.3166356
2017-12-17 20:30:00,0.6378477,1.3098803
2017-12-17 20:40:00,0.63700926,1.3163425
2017-12-17 20:50:00,0.59508485,1.3277467
2017-12-17 21:00:00,0.5187824,1.3470836
2017-12-17 21:10:00,0.46595758,1.3718452
2017-12-17 21:20:00,0.4206792,1.3487254
2017-12-17 21:30:00,0.36701596,1.2864438
2017-12-17 21:40:00,0.31586814,1.2563118
2017-12-17 21:50:00,0.27981314,1.2101985
2017-12-17 22:00:00,0.22614987,1.0811737
2017-12-17 22:10:00,0.17416358,0.8643441
2017-12-17 22:20:00,0.0777374,0.5817586
2017-12-17 22:30:00,0.0047888975,0.25191396
2017-12-17 22:40:00,-0.11679194,0.1737023
2017-12-17 22:50:00,-0.24675766,0.13359988
2017-12-17 23:00:00,-0.34066838,0.0020388365
2017-12-17 23:10:00,-0.44464096,-0.3264639
2017-12-17 23:20:00,-0.5578369,-0.57068896
2017-12-17 23:30:00,-0.6475552,-0.64115775
2017-12-17 23:40:00,-0.7406274,-0.6528095
2017-12-17 23:50:00,-0.8144144,-0.6657771
2017-12-18 00:00:00,-0.90413266,-0.68338394
2017-12-18 00:10:00,-0.99468946,-0.70767206
2017-12-18 00:20:00,-1.0953081,-0.7130532
2017-12-18 00:30:00,-1.169095,-0.7273659
2017-12-18 00:40:00,-1.2286277,-0.7335396
2017-12-18 00:50:00,-1.2764215,-0.7457174
2017-12-18 01:00:00,-1.3292464,-0.77190155
2017-12-18 01:10:00,-1.3795557,-0.79832804
2017-12-18 01:20:00,-1.4105798,-0.8211932
2017-12-18 01:30:00,-1.4491502,-0.8488571
2017-12-18 01:40:00,-1.4726279,-0.86763513
2017-12-18 01:50:00,-1.5120368,-0.88560057
2017-12-18 02:00:00,-1.5648617,-0.90990436
2017-12-18 02:10:00,-1.5841469,-0.9333533
2017-12-18 02:20:00,-1.608463,-0.9590012
2017-12-18 02:30:00,-1.6269097,-0.98463696
2017-12-18 02:40:00,-1.6260713,-1.0094395
2017-12-18 02:50:00,-1.6520644,-1.0289787
2017-12-18 03:00:00,-1.6428411,-1.0362508
2017-12-18 03:10:00,-1.6428411,-1.0249076
2017-12-18 03:20:00,-1.652903,-1.0013449
2017-12-18 03:30:00,-1.6629648,-0.9708891
2017-12-18 03:40:00,-1.6755421,-0.9384302
2017-12-18 03:50:00,-1.6730267,-0.905299
2017-12-18 04:00:00,-1.6671573,-0.79474777
2017-12-18 04:10:00,-1.6671573,-0.819293
2017-12-18 04:20:00,-1.649549,-1.0122851
2017-12-18 04:30:00,-1.6227174,-1.2608423
2017-12-18 04:40:00,-1.608463,-1.2450713
2017-12-18 04:50:00,-1.615171,-1.2457243
2017-12-18 05:00:00,-1.6143324,-1.2703459
2017-12-18 05:10:00,-1.6126555,-1.2690371
2017-12-18 05:20:00,-1.5824699,-1.2656677
2017-12-18 05:30:00,-1.5807929,-1.2667544
2017-12-18 05:40:00,-1.5187448,-1.2746837
2017-12-18 05:50:00,-1.39381,-1.2771297
2017-12-18 06:00:00,-1.4181261,-1.2765706
2017-12-18 06:10:00,-1.4021949,-1.2752812
2017-12-18 06:20:00,-1.3896176,-1.2733166
2017-12-18 06:30:00,-1.3527241,-1.2721713
2017-12-18 06:40:00,-1.354401,-1.2678502
2017-12-18 06:50:00,-1.4214801,-1.2653009
2017-12-18 07:00:00,-1.4181261,-1.2591908
2017-12-18 07:10:00,-1.3711708,-1.2533801
2017-12-18 07:20:00,-1.3711708,-1.2479482
2017-12-18 07:30:00,-1.3485316,-1.244511
2017-12-18 07:40:00,-1.3602704,-1.2282839
2017-12-18 07:50:00,-1.3611089,-1.2137569
2017-12-18 08:00:00,-1.2965453,-1.1604643
2017-12-18 08:10:00,-1.1942497,-0.9129622
2017-12-18 08:20:00,-1.1171087,-0.73091185
2017-12-18 08:30:00,-1.0542221,-0.70177126
2017-12-18 08:40:00,-0.9972049,-0.58290935
2017-12-18 08:50:00,-0.92761034,-0.4886004
2017-12-18 09:00:00,-0.8303457,-0.3250172
2017-12-18 09:10:00,-0.88400894,-0.25968552
2017-12-18 09:20:00,-0.7322425,-0.22110577
2017-12-18 09:30:00,-0.65845555,-0.20474535
2017-12-18 09:40:00,-0.6182081,-0.1709335
2017-12-18 09:50:00,-0.5603524,-0.15078118
2017-12-18 10:00:00,-0.50501215,-0.12998372
2017-12-18 10:10:00,-0.4488334,-0.118270844
2017-12-18 10:20:00,-0.3758849,-0.11114198
2017-12-18 10:30:00,-0.33060652,-0.11293831
2017-12-18 10:40:00,-0.2517886,-0.10861999
2017-12-18 10:50:00,-0.21237963,-0.11332747
2017-12-18 11:00:00,-0.18387102,-0.11578323
2017-12-18 11:10:00,-0.1780016,-0.11722499
2017-12-18 11:20:00,-0.13775416,-0.11552675
2017-12-18 11:30:00,-0.100860655,-0.11460054
2017-12-18 11:40:00,-0.08912182,-0.113645904
2017-12-18 11:50:00,-0.067321114,-0.11352099
2017-12-18 12:00:00,-0.05893623,-0.108913794
2017-12-18 12:10:00,-0.057259254,-0.10045285
2017-12-18 12:20:00,-0.049712855,-0.08419353
2017-12-18 12:30:00,-0.01952727,-0.055959523
2017-12-18 12:40:00,0.0022734317,-0.032338634
2017-12-18 12:50:00,0.020720178,-0.012101203
2017-12-18 13:00:00,-0.057259254,0.02327466
2017-12-18 13:10:00,-0.09415275,0.043826446
2017-12-18 13:20:00,-0.105891585,0.085015774
2017-12-18 13:30:00,-0.15200846,0.12029871
2017-12-18 13:40:00,-0.17548613,0.13658544
2017-12-18 13:50:00,-0.23082638,0.16650325
2017-12-18 14:00:00,-0.15787788,0.18255007
2017-12-18 14:10:00,-0.13775416,0.19726226
2017-12-18 14:20:00,-0.14613904,0.21815047
2017-12-18 14:30:00,-0.17884009,0.2270546
2017-12-18 14:40:00,-0.1930944,0.24584699
2017-12-18 14:50:00,-0.24088824,0.26022446
2017-12-18 15:00:00,-0.26352742,0.26931924
2017-12-18 15:10:00,-0.25262707,0.27810487
2017-12-18 15:20:00,-0.2727508,0.2803206
2017-12-18 15:30:00,-0.28197417,0.2792083
2017-12-18 15:40:00,-0.2861666,0.26366615
2017-12-18 15:50:00,-0.26101196,0.2421546
2017-12-18 16:00:00,-0.24256521,0.19804054
2017-12-18 16:10:00,-0.19980231,0.16304621
2017-12-18 16:20:00,-0.19393289,0.14730012
2017-12-18 16:30:00,-0.20231777,0.14452559
2017-12-18 16:40:00,-0.14781602,0.1465058
2017-12-18 16:50:00,-0.06312867,0.15092635
2017-12-18 17:00:00,0.045036346,0.14897057
2017-12-18 17:10:00,0.2974214,0.15449423
2017-12-18 17:20:00,0.7225351,0.14889899
2017-12-18 17:30:00,0.96569675,0.14146495
2017-12-18 17:40:00,1.0118136,0.14150453
2017-12-18 17:50:00,1.0160061,0.14308572
2017-12-18 18:00:00,1.0134906,0.1925667
2017-12-18 18:10:00,1.0512226,0.30814806
2017-12-18 18:20:00,1.1224941,0.549495
2017-12-18 18:30:00,1.1006935,1.1600198
2017-12-18 18:40:00,1.0747002,1.5702583
2017-12-18 18:50:00,1.0755388,1.6163661
2017-12-18 19:00:00,1.0738617,1.6342402
2017-12-18 19:10:00,1.0897931,1.6218113
2017-12-18 19:20:00,1.0856006,1.6058875
2017-12-18 19:30:00,1.0369682,1.596389
2017-12-18 19:40:00,0.9606658,1.5907466
2017-12-18 19:50:00,0.95060396,1.5932235
2017-12-18 20:00:00,0.9355112,1.5966997
2017-12-18 20:10:00,0.9774356,1.609937
2017-12-18 20:20:00,0.95228094,1.6169242
2017-12-18 20:30:00,0.90867954,1.6153347
2017-12-18 20:40:00,0.81225336,1.6240046
2017-12-18 20:50:00,0.75523615,1.6308442
2017-12-18 21:00:00,0.7208581,1.6103516
2017-12-18 21:10:00,0.6630024,1.4532857
2017-12-18 21:20:00,0.59508485,1.4013318
2017-12-18 21:30:00,0.509559,1.3332295
2017-12-18 21:40:00,0.42571014,1.2958475
2017-12-18 21:50:00,0.36030802,1.237005
2017-12-18 22:00:00,0.28735954,1.0972161
2017-12-18 22:10:00,0.2026722,0.8671483
2017-12-18 22:20:00,0.13810858,0.5606502
2017-12-18 22:30:00,0.08192984,0.23374555
2017-12-18 22:40:00,0.0022734317,0.1703344
2017-12-18 22:50:00,-0.120145895,0.11987689
2017-12-18 23:00:00,-0.23334184,-0.12841055
2017-12-18 23:10:00,-0.35240722,-0.44931895
2017-12-18 23:20:00,-0.44631794,-0.54716855
2017-12-18 23:30:00,-0.5628678,-0.60364807
2017-12-18 23:40:00,-0.7104418,-0.6218248
2017-12-18 23:50:00,-0.80267555,-0.6388079
2017-12-19 00:00:00,-0.8949093,-0.6582009
2017-12-19 00:10:00,-0.9619884,-0.6752111
2017-12-19 00:20:00,-1.0382909,-0.69200516
2017-12-19 00:30:00,-1.1036929,-0.7130914
2017-12-19 00:40:00,-1.136394,-0.72434044
2017-12-19 00:50:00,-1.1833494,-0.7367207
2017-12-19 01:00:00,-1.2898374,-0.75452954
2017-12-19 01:10:00,-1.3435006,-0.7750344
2017-12-19 01:20:00,-1.3980024,-0.79510117
2017-12-19 01:30:00,-1.4407654,-0.82054573
2017-12-19 01:40:00,-1.467597,-0.8394143
2017-12-19 01:50:00,-1.4843668,-0.8594761
2017-12-19 02:00:00,-1.4801743,-0.88586855
2017-12-19 02:10:00,-1.4818512,-0.91474915
2017-12-19 02:20:00,-1.5011365,-0.939331
2017-12-19 02:30:00,-1.4935901,-0.9623567
2017-12-19 02:40:00,-1.5061674,-0.9835287
2017-12-19 02:50:00,-1.5447379,-1.0078249
2017-12-19 03:00:00,-1.5531228,-1.0291783
2017-12-19 03:10:00,-1.5665386,-1.0377959
2017-12-19 03:20:00,-1.5975627,-1.0266172
2017-12-19 03:30:00,-1.615171,-0.9982526
2017-12-19 03:40:00,-1.6336176,-0.96584594
2017-12-19 03:50:00,-1.6051091,-0.92913264
2017-12-19 04:00:00,-1.6042706,-0.80973816
2017-12-19 04:10:00,-1.6143324,-0.82573307
2017-12-19 04:20:00,-1.6311022,-1.012186
2017-12-19 04:30:00,-1.6042706,-1.2556412
2017-12-19 04:40:00,-1.6025937,-1.2404885
2017-12-19 04:50:00,-1.6394871,-1.2421253
2017-12-19 05:00:00,-1.6503875,-1.2688726
2017-12-19 05:10:00,-1.647872,-1.2688069
2017-12-19 05:20:00,-1.6428411,-1.2658379
2017-12-19 05:30:00,-1.6176864,-1.2666626
2017-12-19 05:40:00,-1.5422225,-1.2741926
2017-12-19 05:50:00,-1.4030334,-1.2757591
2017-12-19 06:00:00,-1.3711708,-1.2733991
2017-12-19 06:10:00,-1.3460162,-1.271136
2017-12-19 06:20:00,-1.3326004,-1.2695876
2017-12-19 06:30:00,-1.3007377,-1.267981
2017-12-19 06:40:00,-1.3233769,-1.2633454
2017-12-19 06:50:00,-1.4063873,-1.2614102
2017-12-19 07:00:00,-1.3988409,-1.2562428
2017-12-19 07:10:00,-1.3602704,-1.251193
2017-12-19 07:20:00,-1.3653014,-1.2465897
2017-12-19 07:30:00,-1.3602704,-1.2437024
2017-12-19 07:40:00,-1.4013563,-1.2278872
2017-12-19 07:50:00,-1.4013563,-1.212806
2017-12-19 08:00:00,-1.3208615,-1.1592597
2017-12-19 08:10:00,-1.2202429,-0.90950966
2017-12-19 08:20:00,-1.1145933,-0.7314647
2017-12-19 08:30:00,-1.0299059,-0.70305824
2017-12-19 08:40:00,-0.9812736,-0.5852481
2017-12-19 08:50:00,-0.90413266,-0.49203074
2017-12-19 09:00:00,-0.83118415,-0.32948095
2017-12-19 09:10:00,-0.7800364,-0.26368752
2017-12-19 09:20:00,-0.6894796,-0.22531164
2017-12-19 09:30:00,-0.6173696,-0.20848355
2017-12-19 09:40:00,-0.5947304,-0.17390117
2017-12-19 09:50:00,-0.55280596,-0.15305409
2017-12-19 10:00:00,-0.5217819,-0.12354303
2017-12-19 10:10:00,-0.40187803,-0.10341327
2017-12-19 10:20:00,-0.3540842,-0.09177874
2017-12-19 10:30:00,-0.34989175,-0.08901597
2017-12-19 10:40:00,-0.31635222,-0.08379303
2017-12-19 10:50:00,-0.2509501,-0.094410226
2017-12-19 11:00:00,-0.19477138,-0.104904205
2017-12-19 11:10:00,-0.16458578,-0.112956345
2017-12-19 11:20:00,-0.1344002,-0.11460286
2017-12-19 11:30:00,-0.07905996,-0.11597261
2017-12-19 11:40:00,-0.056420766,-0.11723384
2017-12-19 11:50:00,-0.08828333,-0.11772142
2017-12-19 12:00:00,-0.09666821,-0.112935305
2017-12-19 12:10:00,-0.06396716,-0.105616204
2017-12-19 12:20:00,-0.075706005,-0.088367485
2017-12-19 12:30:00,-0.09499124,-0.052817896
2017-12-19 12:40:00,-0.09247577,-0.029065683
2017-12-19 12:50:00,-0.11343799,-0.0045700073
2017-12-19 13:00:00,-0.17716311,0.03674391
2017-12-19 13:10:00,-0.20231777,0.08285156
2017-12-19 13:20:00,-0.2073487,0.11866072
2017-12-19 13:30:00,-0.19477138,0.14016059
2017-12-19 13:40:00,-0.2434037,0.15657017
2017-12-19 13:50:00,-0.25346556,0.17348778
2017-12-19 14:00:00,-0.22998789,0.18356794
2017-12-19 14:10:00,-0.18051706,0.20112434
2017-12-19 14:20:00,-0.16710125,0.21981311
2017-12-19 14:30:00,-0.1847095,0.2328093
2017-12-19 14:40:00,-0.19225591,0.24743217
2017-12-19 14:50:00,-0.257658,0.2539653
2017-12-19 15:00:00,-0.2802972,0.2607334
2017-12-19 15:10:00,-0.28281265,0.26882985
2017-12-19 15:20:00,-0.27610475,0.2771564
2017-12-19 15:30:00,-0.31215978,0.28147274
2017-12-19 15:40:00,-0.33563745,0.2740525
2017-12-19 15:50:00,-0.33396047,0.24751025
2017-12-19 16:00:00,-0.33647594,0.19876939
2017-12-19 16:10:00,-0.3171907,0.17541966
2017-12-19 16:20:00,-0.23250335,0.15753126
2017-12-19 16:30:00,-0.19644836,0.13628855
2017-12-19 16:40:00,-0.16039334,0.11191133
2017-12-19 16:50:00,-0.09331426,0.09725174
2017-12-19 17:00:00,0.040005416,0.08339366
2017-12-19 17:10:00,0.27897465,0.0785231
2017-12-19 17:20:00,0.617724,0.07832724
2017-12-19 17:30:00,0.91957986,0.08777627
2017-12-19 17:40:00,1.0394838,0.09062025
2017-12-19 17:50:00,1.0470301,0.1070492
2017-12-19 18:00:00,1.0889546,0.14776227
2017-12-19 18:10:00,1.0897931,0.2537029
2017-12-19 18:20:00,1.0679923,0.48819476
2017-12-19 18:30:00,1.0512226,1.1013563
2017-12-19 18:40:00,1.0185215,1.5314724
2017-12-19 18:50:00,1.0151676,1.5888554
2017-12-19 19:00:00,1.0252295,1.6097423
2017-12-19 19:10:00,1.0403222,1.5951103
2017-12-19 19:20:00,1.0092982,1.582884
2017-12-19 19:30:00,0.99001294,1.5682924
2017-12-19 19:40:00,0.95228094,1.5591364
2017-12-19 19:50:00,0.92880327,1.550929
2017-12-19 20:00:00,0.8826864,1.539201
2017-12-19 20:10:00,0.9187414,1.5338919
2017-12-19 20:20:00,0.95060396,1.5506554
2017-12-19 20:30:00,0.91957986,1.5668169
2017-12-19 20:40:00,0.8701091,1.5828661
2017-12-19 20:50:00,0.76194406,1.6004816
2017-12-19 21:00:00,0.7166657,1.6116487
2017-12-19 21:10:00,0.7099578,1.4474568
2017-12-19 21:20:00,0.6680333,1.3948059
2017-12-19 21:30:00,0.6202395,1.3244641
2017-12-19 21:40:00,0.54226005,1.2895049
2017-12-19 21:50:00,0.46595758,1.2336545
2017-12-19 22:00:00,0.3863012,1.0940337
2017-12-19 22:10:00,0.3192221,0.8645405
2017-12-19 22:20:00,0.23705022,0.55823165
2017-12-19 22:30:00,0.1355931,0.2330375
2017-12-19 22:40:00,0.0031119203,0.16953275
2017-12-19 22:50:00,-0.14530055,0.11797795
2017-12-19 23:00:00,-0.23166487,-0.14388445
2017-12-19 23:10:00,-0.3901392,-0.45760545
2017-12-19 23:20:00,-0.47985747,-0.561977
2017-12-19 23:30:00,-0.57041425,-0.6147958
2017-12-19 23:40:00,-0.67103285,-0.62942374
2017-12-19 23:50:00,-0.7448199,-0.6441412
2017-12-20 00:00:00,-0.82279927,-0.6642366
2017-12-20 00:10:00,-0.89323235,-0.68312883
2017-12-20 00:20:00,-0.97624266,-0.6998961
2017-12-20 00:30:00,-1.0391294,-0.72163904
2017-12-20 00:40:00,-1.1330401,-0.73135734
2017-12-20 00:50:00,-1.2353356,-0.74684095
2017-12-20 01:00:00,-1.3242154,-0.76793945
2017-12-20 01:10:00,-1.3879405,-0.78692937
2017-12-20 01:20:00,-1.4852052,-0.80264056
2017-12-20 01:30:00,-1.5271297,-0.8234119
2017-12-20 01:40:00,-1.5053289,-0.83845866
2017-12-20 01:50:00,-1.4860437,-0.8553884
2017-12-20 02:00:00,-1.503652,-0.87862897
2017-12-20 02:10:00,-1.5480919,-0.9024383
2017-12-20 02:20:00,-1.5422225,-0.92517287
2017-12-20 02:30:00,-1.5564767,-0.9519189
2017-12-20 02:40:00,-1.570731,-0.9796903
2017-12-20 02:50:00,-1.5858239,-1.0089608
2017-12-20 03:00:00,-1.5908548,-1.0279335
2017-12-20 03:10:00,-1.6168479,-1.036038
2017-12-20 03:20:00,-1.6243943,-1.0247784
2017-12-20 03:30:00,-1.615171,-0.9967874
2017-12-20 03:40:00,-1.6017551,-0.9632554
2017-12-20 03:50:00,-1.6009166,-0.93216145
2017-12-20 04:00:00,-1.6160095,-0.81837916
2017-12-20 04:10:00,-1.6025937,-0.83250237
2017-12-20 04:20:00,-1.6202018,-1.0144095
2017-12-20 04:30:00,-1.6009166,-1.2525218
2017-12-20 04:40:00,-1.5933702,-1.2400159
2017-12-20 04:50:00,-1.6260713,-1.2446202
2017-12-20 05:00:00,-1.579116,-1.2709618
2017-12-20 05:10:00,-1.5531228,-1.2699022
2017-12-20 05:20:00,-1.5615077,-1.267833
2017-12-20 05:30:00,-1.5455765,-1.2692301
2017-12-20 05:40:00,-1.495267,-1.2754254
2017-12-20 05:50:00,-1.3644629,-1.2752806
2017-12-20 06:00:00,-1.3694938,-1.2732911
2017-12-20 06:10:00,-1.3552395,-1.2729208
2017-12-20 06:20:00,-1.3233769,-1.2713921
2017-12-20 06:30:00,-1.2789371,-1.2695884
2017-12-20 06:40:00,-1.3242154,-1.2653711
2017-12-20 06:50:00,-1.3820711,-1.2631928
2017-12-20 07:00:00,-1.4214801,-1.2574286
2017-12-20 07:10:00,-1.4156107,-1.2524368
2017-12-20 07:20:00,-1.4105798,-1.2473218
2017-12-20 07:30:00,-1.3812326,-1.243504
2017-12-20 07:40:00,-1.3854251,-1.2264317
2017-12-20 07:50:00,-1.4097413,-1.2115171
2017-12-20 08:00:00,-1.3309233,-1.1588494
2017-12-20 08:10:00,-1.2495899,-0.91290736
2017-12-20 08:20:00,-1.1850263,-0.7308959
2017-12-20 08:30:00,-1.1196243,-0.70255387
2017-12-20 08:40:00,-1.0382909,-0.5844089
2017-12-20 08:50:00,-1.0047513,-0.4912995
2017-12-20 09:00:00,-0.89155537,-0.3272013
2017-12-20 09:10:00,-0.7993216,-0.2595806
2017-12-20 09:20:00,-0.71714973,-0.22126755
2017-12-20 09:30:00,-0.64252424,-0.2045502
2017-12-20 09:40:00,-0.60563076,-0.17029157
2017-12-20 09:50:00,-0.55699843,-0.15050913
2017-12-20 10:00:00,-0.5058506,-0.12704462
2017-12-20 10:10:00,-0.4194863,-0.112738855
2017-12-20 10:20:00,-0.38762373,-0.10145202
2017-12-20 10:30:00,-0.30461338,-0.100233555
2017-12-20 10:40:00,-0.27610475,-0.09859783
2017-12-20 10:50:00,-0.27610475,-0.108215705
2017-12-20 11:00:00,-0.2291494,-0.11565179
2017-12-20 11:10:00,-0.13943113,-0.11959034
2017-12-20 11:20:00,-0.14530055,-0.118692875
2017-12-20 11:30:00,-0.0975067,-0.1178437
2017-12-20 11:40:00,-0.100860655,-0.11715194
2017-12-20 11:50:00,-0.080736935,-0.11711042
2017-12-20 12:00:00,-0.095829725,-0.11221914
2017-12-20 12:10:00,-0.07235205,-0.10537102
2017-12-20 12:20:00,-0.022881225,-0.09470958
2017-12-20 12:30:00,-0.033781577,-0.070250005
2017-12-20 12:40:00,-0.018688781,-0.04573156
2017-12-20 12:50:00,-0.029589133,-0.028893143
2017-12-20 13:00:00,-0.050551347,0.0010104477
2017-12-20 13:10:00,-0.05977472,0.051772326
2017-12-20 13:20:00,-0.053066812,0.098406136
2017-12-20 13:30:00,-0.07738298,0.13515884
2017-12-20 13:40:00,-0.08996031,0.15261832
2017-12-20 13:50:00,-0.13943113,0.1664108
2017-12-20 14:00:00,-0.07486752,0.1806795
2017-12-20 14:10:00,-0.0975067,0.19210923
2017-12-20 14:20:00,-0.080736935,0.2092236
2017-12-20 14:30:00,-0.11092252,0.22863549
2017-12-20 14:40:00,-0.13356172,0.24588972
2017-12-20 14:50:00,-0.14697753,0.2579079
2017-12-20 15:00:00,-0.16710125,0.26565728
2017-12-20 15:10:00,-0.18135555,0.27287787
2017-12-20 15:20:00,-0.16877823,0.27188268
2017-12-20 15:30:00,-0.19812533,0.27641943
2017-12-20 15:40:00,-0.24843463,0.267886
2017-12-20 15:50:00,-0.27778172,0.21966785
2017-12-20 16:00:00,-0.2802972,0.17424607
2017-12-20 16:10:00,-0.2727508,0.16340625
2017-12-20 16:20:00,-0.24675766,0.15980464
2017-12-20 16:30:00,-0.20651022,0.14632216
2017-12-20 16:40:00,-0.11846892,0.14483505
2017-12-20 16:50:00,-0.03294309,0.13674685
2017-12-20 17:00:00,0.008142851,0.14427114
2017-12-20 17:10:00,0.19009486,0.15367445
2017-12-20 17:20:00,0.5908924,0.16493529
2017-12-20 17:30:00,0.9556349,0.17528757
2017-12-20 17:40:00,1.0042672,0.18744552
2017-12-20 17:50:00,1.0042672,0.1987145
2017-12-20 18:00:00,1.0160061,0.2590118
2017-12-20 18:10:00,1.0713463,0.3712626
2017-12-20 18:20:00,1.0654769,0.6174165
2017-12-20 18:30:00,1.0654769,1.2222066
2017-12-20 18:40:00,1.0235524,1.6258156
2017-12-20 18:50:00,1.0201985,1.6887276
2017-12-20 19:00:00,1.0604459,1.7131516
2017-12-20 19:10:00,1.0512226,1.7027764
2017-12-20 19:20:00,0.99672085,1.7009672
2017-12-20 19:30:00,0.9170644,1.6840668
2017-12-20 19:40:00,0.909518,1.6618518
2017-12-20 19:50:00,0.8919098,1.6385939
2017-12-20 20:00:00,0.8315386,1.6116972
2017-12-20 20:10:00,0.91538745,1.5935383
2017-12-20 20:20:00,0.94305754,1.5886109
2017-12-20 20:30:00,0.95479643,1.5973155
2017-12-20 20:40:00,0.9103565,1.6376387
2017-12-20 20:50:00,0.84998536,1.6683793
2017-12-20 21:00:00,0.76194406,1.6841689
2017-12-20 21:10:00,0.7384664,1.5798072
2017-12-20 21:20:00,0.66467935,1.4072804
2017-12-20 21:30:00,0.56657624,1.3301649
2017-12-20 21:40:00,0.507882,1.2919315
2017-12-20 21:50:00,0.44583386,1.2341819
2017-12-20 22:00:00,0.39468607,1.0952001
2017-12-20 22:10:00,0.31586814,0.8679772
2017-12-20 22:20:00,0.20351069,0.5605328
2017-12-20 22:30:00,0.14062405,0.23274076
2017-12-20 22:40:00,0.058452163,0.16922301
2017-12-20 22:50:00,-0.06983658,0.120316535
2017-12-20 23:00:00,-0.2081872,-0.07356319
2017-12-20 23:10:00,-0.33060652,-0.44489467
2017-12-20 23:20:00,-0.47650352,-0.5548331
2017-12-20 23:30:00,-0.5779606,-0.6125779
2017-12-20 23:40:00,-0.660971,-0.6286175
2017-12-20 23:50:00,-0.7582357,-0.6430943
2017-12-21 00:00:00,-0.842923,-0.66185325
2017-12-21 00:10:00,-0.918387,-0.67717946
2017-12-21 00:20:00,-0.9980434,-0.6907724
2017-12-21 00:30:00,-1.0617685,-0.70706254
2017-12-21 00:40:00,-1.1120778,-0.7122898
2017-12-21 00:50:00,-1.1481328,-0.72246516
2017-12-21 01:00:00,-1.2034731,-0.74066997
2017-12-21 01:10:00,-1.2797755,-0.75722957
2017-12-21 01:20:00,-1.3191845,-0.7710557
2017-12-21 01:30:00,-1.3443391,-0.79337096
2017-12-21 01:40:00,-1.4097413,-0.8089967
2017-12-21 01:50:00,-1.4315419,-0.82526803
2017-12-21 02:00:00,-1.4717894,-0.8454419
2017-12-21 02:10:00,-1.500298,-0.8685802
2017-12-21 02:20:00,-1.5246142,-0.895937
2017-12-21 02:30:00,-1.5237757,-0.92294556
2017-12-21 02:40:00,-1.5480919,-0.94703853
2017-12-21 02:50:00,-1.5732465,-0.9754834
2017-12-21 03:00:00,-1.5598307,-1.0055727
2017-12-21 03:10:00,-1.5589923,-1.0232397
2017-12-21 03:20:00,-1.5506073,-1.0216172
2017-12-21 03:30:00,-1.5782775,-1.0000936
2017-12-21 03:40:00,-1.5900162,-0.9700223
2017-12-21 03:50:00,-1.6076245,-0.9360094
2017-12-21 04:00:00,-1.608463,-0.82079875
2017-12-21 04:10:00,-1.6042706,-0.8361689
2017-12-21 04:20:00,-1.5816314,-1.0234585
2017-12-21 04:30:00,-1.579116,-1.251939
2017-12-21 04:40:00,-1.574085,-1.2390733
2017-12-21 04:50:00,-1.5749235,-1.24157
2017-12-21 05:00:00,-1.5564767,-1.2668617
2017-12-21 05:10:00,-1.5422225,-1.2665422
2017-12-21 05:20:00,-1.5816314,-1.2637522
2017-12-21 05:30:00,-1.5682156,-1.2644159
2017-12-21 05:40:00,-1.5313221,-1.2732279
2017-12-21 05:50:00,-1.4239956,-1.2755165
2017-12-21 06:00:00,-1.3753632,-1.2744458
2017-12-21 06:10:00,-1.3778787,-1.2732711
2017-12-21 06:20:00,-1.3409852,-1.2720813
2017-12-21 06:30:00,-1.282291,-1.2698746
2017-12-21 06:40:00,-1.2705522,-1.2650601
2017-12-21 06:50:00,-1.3258924,-1.2627287
2017-12-21 07:00:00,-1.3367927,-1.2566266
2017-12-21 07:10:00,-1.3535625,-1.2508798
2017-12-21 07:20:00,-1.3803941,-1.2450342
2017-12-21 07:30:00,-1.39381,-1.241862
2017-12-21 07:40:00,-1.4466348,-1.2261575
2017-12-21 07:50:00,-1.4860437,-1.2124437
2017-12-21 08:00:00,-1.397164,-1.1594818
2017-12-21 08:10:00,-1.2831295,-0.9075633
2017-12-21 08:20:00,-1.1883802,-0.7299645
2017-12-21 08:30:00,-1.1481328,-0.70163476
2017-12-21 08:40:00,-1.1263322,-0.5841478
2017-12-21 08:50:00,-1.1129164,-0.49055284
2017-12-21 09:00:00,-1.0349369,-0.3267962
2017-12-21 09:10:00,-0.9393492,-0.2601319
2017-12-21 09:20:00,-0.842923,-0.2230752
2017-12-21 09:30:00,-0.81189895,-0.2075512
2017-12-21 09:40:00,-0.7414659,-0.17447765
2017-12-21 09:50:00,-0.6400088,-0.15833068
2017-12-21 10:00:00,-0.58299154,-0.13538335
2017-12-21 10:10:00,-0.54609805,-0.12175703
2017-12-21 10:20:00,-0.4706341,-0.10839451
2017-12-21 10:30:00,-0.441287,-0.10180044
2017-12-21 10:40:00,-0.3675,-0.095154755
2017-12-21 10:50:00,-0.3473763,-0.09633367
2017-12-21 11:00:00,-0.31467524,-0.09964542
2017-12-21 11:10:00,-0.3037749,-0.10945161
2017-12-21 11:20:00,-0.28448963,-0.11500435
2017-12-21 11:30:00,-0.24675766,-0.117219225
2017-12-21 11:40:00,-0.20651022,-0.119584076
2017-12-21 11:50:00,-0.1780016,-0.121602744
2017-12-21 12:00:00,-0.21573359,-0.117473364
2017-12-21 12:10:00,-0.1704552,-0.110859394
2017-12-21 12:20:00,-0.13020776,-0.10031178
2017-12-21 12:30:00,-0.10673007,-0.07283045
2017-12-21 12:40:00,-0.05474379,-0.05474148
2017-12-21 12:50:00,-0.04803588,-0.050353095
2017-12-21 13:00:00,-0.067321114,-0.03869775
2017-12-21 13:10:00,-0.114276476,-0.0019229501
2017-12-21 13:20:00,-0.09834519,0.033002958
2017-12-21 13:30:00,-0.149493,0.06189759
2017-12-21 13:40:00,-0.16626276,0.09018454
2017-12-21 13:50:00,-0.18890196,0.121516526
2017-12-21 14:00:00,-0.15200846,0.14729309
2017-12-21 14:10:00,-0.15536241,0.1699506
2017-12-21 14:20:00,-0.1562009,0.1877209
2017-12-21 14:30:00,-0.16542427,0.20054087
2017-12-21 14:40:00,-0.16710125,0.21780801
2017-12-21 14:50:00,-0.19057894,0.23078784
2017-12-21 15:00:00,-0.19393289,0.241912
2017-12-21 15:10:00,-0.19560987,0.24897766
2017-12-21 15:20:00,-0.19980231,0.2373882
2017-12-21 15:30:00,-0.20399475,0.21623239
2017-12-21 15:40:00,-0.23753428,0.18513885
2017-12-21 15:50:00,-0.23501882,0.17698291
2017-12-21 16:00:00,-0.21992603,0.14366332
2017-12-21 16:10:00,-0.2291494,0.12917638
2017-12-21 16:20:00,-0.19812533,0.12597403
2017-12-21 16:30:00,-0.19812533,0.12411252
2017-12-21 16:40:00,-0.13943113,0.14061591
2017-12-21 16:50:00,-0.06564414,0.1480532
2017-12-21 17:00:00,0.045874834,0.145403
2017-12-21 17:10:00,0.2823286,0.13337311
2017-12-21 17:20:00,0.55986834,0.13668945
2017-12-21 17:30:00,0.9137105,0.132296
2017-12-21 17:40:00,1.0319374,0.13691083
2017-12-21 17:50:00,1.1107553,0.14752078
2017-12-21 18:00:00,1.0923085,0.19449356
2017-12-21 18:10:00,1.0562536,0.30614313
2017-12-21 18:20:00,1.022714,0.5450708
2017-12-21 18:30:00,1.026068,1.1525393
2017-12-21 18:40:00,1.0629615,1.5723722
2017-12-21 18:50:00,1.0939856,1.6369617
2017-12-21 19:00:00,1.0512226,1.671844
2017-12-21 19:10:00,1.093147,1.6691201
2017-12-21 19:20:00,1.0419992,1.663707
2017-12-21 19:30:00,0.9841435,1.6584325
2017-12-21 19:40:00,0.95731187,1.6446123
2017-12-21 19:50:00,0.9162259,1.6368574
2017-12-21 20:00:00,0.87178606,1.6308777
2017-12-21 20:10:00,0.9204184,1.6203169
2017-12-21 20:20:00,0.92880327,1.6263866
2017-12-21 20:30:00,0.89945614,1.6250961
2017-12-21 20:40:00,0.8088994,1.64618
2017-12-21 20:50:00,0.7502052,1.6801524
2017-12-21 21:00:00,0.72672755,1.6946414
2017-12-21 21:10:00,0.68061066,1.5420195
2017-12-21 21:20:00,0.6353323,1.4150068
2017-12-21 21:30:00,0.5757996,1.3392966
2017-12-21 21:40:00,0.50704354,1.3005285
2017-12-21 21:50:00,0.47434247,1.2422544
2017-12-21 22:00:00,0.39384758,1.1007565
2017-12-21 22:10:00,0.3032908,0.86924314
2017-12-21 22:20:00,0.20770313,0.56260407
2017-12-21 22:30:00,0.11714636,0.23501462
2017-12-21 22:40:00,0.03245902,0.16985154
2017-12-21 22:50:00,-0.10756856,0.11850965
2017-12-21 23:00:00,-0.23166487,-0.081879616
2017-12-21 23:10:00,-0.35576117,-0.43771675
2017-12-21 23:20:00,-0.45889527,-0.55422926
2017-12-21 23:30:00,-0.55699843,-0.6118457
2017-12-21 23:40:00,-0.6257545,-0.62665176
2017-12-21 23:50:00,-0.71547276,-0.6407211
2017-12-22 00:00:00,-0.82028383,-0.6604116
2017-12-22 00:10:00,-0.878978,-0.6777979
2017-12-22 00:20:00,-0.94102615,-0.6927311
2017-12-22 00:30:00,-1.0156517,-0.7124344
2017-12-22 00:40:00,-1.0525452,-0.7222973
2017-12-22 00:50:00,-1.1372325,-0.73404795
2017-12-22 01:00:00,-1.2118579,-0.7494356
2017-12-22 01:10:00,-1.3149921,-0.7662183
2017-12-22 01:20:00,-1.3242154,-0.78162616
2017-12-22 01:30:00,-1.3611089,-0.80180955
2017-12-22 01:40:00,-1.4164492,-0.8150681
2017-12-22 01:50:00,-1.4508272,-0.8279321
2017-12-22 02:00:00,-1.4835283,-0.8489076
2017-12-22 02:10:00,-1.5019749,-0.8747195
2017-12-22 02:20:00,-1.5212603,-0.90163493
2017-12-22 02:30:00,-1.5262911,-0.9310922
2017-12-22 02:40:00,-1.5447379,-0.9563617
2017-12-22 02:50:00,-1.5430609,-0.985558
2017-12-22 03:00:00,-1.5782775,-1.0117724
2017-12-22 03:10:00,-1.5615077,-1.0259373
2017-12-22 03:20:00,-1.5615077,-1.0194812
2017-12-22 03:30:00,-1.5631846,-0.99746037
2017-12-22 03:40:00,-1.5942087,-0.97056973
2017-12-22 03:50:00,-1.6235558,-0.9392098
2017-12-22 04:00:00,-1.6168479,-0.8236431
2017-12-22 04:10:00,-1.6235558,-0.8384411
2017-12-22 04:20:00,-1.6193634,-1.0211035
2017-12-22 04:30:00,-1.6352947,-1.2501907
2017-12-22 04:40:00,-1.6344562,-1.2370143
2017-12-22 04:50:00,-1.6218789,-1.2409489
2017-12-22 05:00:00,-1.5975627,-1.267479
2017-12-22 05:10:00,-1.5933702,-1.2681317
2017-12-22 05:20:00,-1.5950472,-1.2641869
2017-12-22 05:30:00,-1.6051091,-1.2645972
2017-12-22 05:40:00,-1.5522844,-1.2730072
2017-12-22 05:50:00,-1.4290265,-1.2757152
2017-12-22 06:00:00,-1.3879405,-1.2745173
2017-12-22 06:10:00,-1.3476931,-1.2729636
2017-12-22 06:20:00,-1.3007377,-1.2711391
2017-12-22 06:30:00,-1.2328202,-1.2691969
2017-12-22 06:40:00,-1.2328202,-1.2650838
2017-12-22 06:50:00,-1.2881604,-1.2621639
2017-12-22 07:00:00,-1.3476931,-1.257231
2017-12-22 07:10:00,-1.3426622,-1.25178
2017-12-22 07:20:00,-1.3980024,-1.2459459
2017-12-22 07:30:00,-1.4441193,-1.241904
2017-12-22 07:40:00,-1.4877207,-1.2261956
2017-12-22 07:50:00,-1.4868822,-1.2129834
2017-12-22 08:00:00,-1.4080642,-1.1607788
2017-12-22 08:10:00,-1.2688752,-0.92180145
2017-12-22 08:20:00,-1.2336587,-0.73228127
2017-12-22 08:30:00,-1.1892188,-0.7043624
2017-12-22 08:40:00,-1.1422634,-0.5870326
2017-12-22 08:50:00,-1.0869231,-0.49264228
2017-12-22 09:00:00,-1.0525452,-0.32817227
2017-12-22 09:10:00,-0.9334798,-0.2615881
2017-12-22 09:20:00,-0.84627694,-0.22338217
2017-12-22 09:30:00,-0.76578206,-0.20754427
2017-12-22 09:40:00,-0.7624281,-0.17400438
2017-12-22 09:50:00,-0.68444866,-0.15590416
2017-12-22 10:00:00,-0.6106617,-0.13197023
2017-12-22 10:10:00,-0.5469366,-0.1124053
2017-12-22 10:20:00,-0.5251359,-0.093324766
2017-12-22 10:30:00,-0.4714726,-0.0818605
2017-12-22 10:40:00,-0.3825928,-0.07064782
2017-12-22 10:50:00,-0.3742079,-0.069901936
2017-12-22 11:00:00,-0.34066838,-0.08080612
2017-12-22 11:10:00,-0.30125943,-0.10249005
2017-12-22 11:20:00,-0.23334184,-0.11243717
2017-12-22 11:30:00,-0.26939684,-0.1177887
2017-12-22 11:40:00,-0.25681952,-0.12119202
2017-12-22 11:50:00,-0.29119757,-0.12141904
2017-12-22 12:00:00,-0.38007733,-0.11703363
2017-12-22 12:10:00,-0.38510826,-0.10977396
2017-12-22 12:20:00,-0.40774745,-0.09957162
2017-12-22 12:30:00,-0.43961003,-0.07537982
2017-12-22 12:40:00,-0.4697956,-0.05781354
2017-12-22 12:50:00,-0.45386434,-0.051153094
2017-12-22 13:00:00,-0.38426977,-0.036619186
2017-12-22 13:10:00,-0.33060652,0.002460122
2017-12-22 13:20:00,-0.3398299,0.040253818
2017-12-22 13:30:00,-0.33815292,0.074409306
2017-12-22 13:40:00,-0.3817543,0.09955436
2017-12-22 13:50:00,-0.4194863,0.120841086
2017-12-22 14:00:00,-0.43038666,0.14105195
2017-12-22 14:10:00,-0.44631794,0.1615847
2017-12-22 14:20:00,-0.43038666,0.17835009
2017-12-22 14:30:00,-0.3893007,0.1953009
2017-12-22 14:40:00,-0.41613236,0.21381399
2017-12-22 14:50:00,-0.37085396,0.22608629
2017-12-22 15:00:00,-0.40103954,0.23555538
2017-12-22 15:10:00,-0.44631794,0.24515623
2017-12-22 15:20:00,-0.44044852,0.24983492
2017-12-22 15:30:00,-0.48991933,0.2369875
2017-12-22 15:40:00,-0.5075276,0.2061202
2017-12-22 15:50:00,-0.4991427,0.15671173
2017-12-22 16:00:00,-0.45051038,0.09572998
2017-12-22 16:10:00,-0.4563798,0.0050301403
2017-12-22 16:20:00,-0.46476468,-0.029952958
2017-12-22 16:30:00,-0.46057224,-0.03939435
2017-12-22 16:40:00,-0.3901392,-0.04653135
2017-12-22 16:50:00,-0.29455152,-0.045770913
2017-12-22 17:00:00,-0.23501882,-0.035827845
2017-12-22 17:10:00,-0.06480565,-0.020398974
2017-12-22 17:20:00,0.3049678,-0.0023389459
2017-12-22 17:30:00,0.6286244,0.027972102
2017-12-22 17:40:00,0.78122926,0.02860707
2017-12-22 17:50:00,0.81141484,0.02058503
2017-12-22 18:00:00,0.81393033,0.03797564
2017-12-22 18:10:00,0.84243894,0.09630203
2017-12-22 18:20:00,0.8634012,0.27459943
2017-12-22 18:30:00,0.835731,0.8885015
2017-12-22 18:40:00,0.81141484,1.3316985
2017-12-22 18:50:00,0.8156073,1.4396583
2017-12-22 19:00:00,0.82063824,1.4902537
2017-12-22 19:10:00,0.8147688,1.4811788
2017-12-22 19:20:00,0.7627825,1.4723353
2017-12-22 19:30:00,0.7560746,1.4447753
2017-12-22 19:40:00,0.7225351,1.4283553
2017-12-22 19:50:00,0.7300815,1.4216702
2017-12-22 20:00:00,0.73762786,1.4193608
2017-12-22 20:10:00,0.76110554,1.4199926
2017-12-22 20:20:00,0.76194406,1.4179716
2017-12-22 20:30:00,0.76613647,1.4104391
2017-12-22 20:40:00,0.7367894,1.4167874
2017-12-22 20:50:00,0.71750414,1.4319329
2017-12-22 21:00:00,0.7124732,1.4470804
2017-12-22 21:10:00,0.61017764,1.4609492
2017-12-22 21:20:00,0.5632223,1.3884794
2017-12-22 21:30:00,0.53555214,1.3208644
2017-12-22 21:40:00,0.50536656,1.2840873
2017-12-22 21:50:00,0.43325654,1.2286794
2017-12-22 22:00:00,0.31670663,1.0910907
2017-12-22 22:10:00,0.2831671,0.8632442
2017-12-22 22:20:00,0.23621173,0.55995136
2017-12-22 22:30:00,0.18422544,0.23480663
2017-12-22 22:40:00,0.0777374,0.17105329
2017-12-22 22:50:00,-0.035458554,0.1289188
2017-12-22 23:00:00,-0.12936927,-0.010065317
2017-12-22 23:10:00,-0.2081872,-0.4144354
2017-12-22 23:20:00,-0.29874396,-0.56800056
2017-12-22 23:30:00,-0.3976856,-0.6278496
2017-12-22 23:40:00,-0.55280596,-0.6451547
2017-12-22 23:50:00,-0.6525861,-0.6575997
2017-12-23 00:00:00,-0.7641051,-0.6731329
2017-12-23 00:10:00,-0.8571773,-0.68889904
2017-12-23 00:20:00,-0.9611499,-0.7042083
2017-12-23 00:30:00,-1.0349369,-0.7219418
2017-12-23 00:40:00,-1.098662,-0.72902155
2017-12-23 00:50:00,-1.1858648,-0.73910403
2017-12-23 01:00:00,-1.2177274,-0.7538259
2017-12-23 01:10:00,-1.2755831,-0.77810323
2017-12-23 01:20:00,-1.3191845,-0.80001557
2017-12-23 01:30:00,-1.356078,-0.8225904
2017-12-23 01:40:00,-1.3845866,-0.8354533
2017-12-23 01:50:00,-1.4172877,-0.85445166
2017-12-23 02:00:00,-1.4634045,-0.88420737
2017-12-23 02:10:00,-1.4944286,-0.9090724
2017-12-23 02:20:00,-1.5128753,-0.9298374
2017-12-23 02:30:00,-1.5095214,-0.95110965
2017-12-23 02:40:00,-1.5422225,-0.9747999
2017-12-23 02:50:00,-1.5992397,-1.0011411
2017-12-23 03:00:00,-1.6176864,-1.0256262
2017-12-23 03:10:00,-1.6453565,-1.0394719
2017-12-23 03:20:00,-1.6621263,-1.0427479
2017-12-23 03:30:00,-1.6671573,-1.0337975
2017-12-23 03:40:00,-1.6805731,-1.0128964
2017-12-23 03:50:00,-1.6948273,-0.97891855
2017-12-23 04:00:00,-1.7082431,-0.84859407
2017-12-23 04:10:00,-1.7015352,-0.8476042
2017-12-23 04:20:00,-1.6864425,-1.016558
2017-12-23 04:30:00,-1.6948273,-1.2518281
2017-12-23 04:40:00,-1.6864425,-1.2386646
2017-12-23 04:50:00,-1.6814115,-1.2425773
2017-12-23 05:00:00,-1.6554184,-1.2677099
2017-12-23 05:10:00,-1.6470336,-1.2664669
2017-12-23 05:20:00,-1.6327792,-1.2632517
2017-12-23 05:30:00,-1.603432,-1.2645192
2017-12-23 05:40:00,-1.570731,-1.2719698
2017-12-23 05:50:00,-1.4466348,-1.2738404
2017-12-23 06:00:00,-1.4189646,-1.2731804
2017-12-23 06:10:00,-1.4206417,-1.2725759
2017-12-23 06:20:00,-1.3829097,-1.271493
2017-12-23 06:30:00,-1.4047103,-1.27006
2017-12-23 06:40:00,-1.4089028,-1.266038
2017-12-23 06:50:00,-1.4105798,-1.2643421
2017-12-23 07:00:00,-1.5145524,-1.2588521
2017-12-23 07:10:00,-1.5204217,-1.2539201
2017-12-23 07:20:00,-1.5455765,-1.2489755
2017-12-23 07:30:00,-1.5455765,-1.2456055
2017-12-23 07:40:00,-1.570731,-1.2293386
2017-12-23 07:50:00,-1.5849854,-1.2151793
2017-12-23 08:00:00,-1.5229372,-1.1627703
2017-12-23 08:10:00,-1.4566966,-0.920195
2017-12-23 08:20:00,-1.397164,-0.73364544
2017-12-23 08:30:00,-1.3661399,-0.70533025
2017-12-23 08:40:00,-1.3242154,-0.58722574
2017-12-23 08:50:00,-1.1942497,-0.49299717
2017-12-23 09:00:00,-1.1120778,-0.32811803
2017-12-23 09:10:00,-0.99133545,-0.26102182
2017-12-23 09:20:00,-0.8882014,-0.22218601
2017-12-23 09:30:00,-0.8144144,-0.20482345
2017-12-23 09:40:00,-0.74649686,-0.17133254
2017-12-23 09:50:00,-0.69283354,-0.1520836
2017-12-23 10:00:00,-0.65845555,-0.12761529
2017-12-23 10:10:00,-0.54861355,-0.11570728
2017-12-23 10:20:00,-0.46811864,-0.10370325
2017-12-23 10:30:00,-0.42200178,-0.107282236
2017-12-23 10:40:00,-0.3750464,-0.10885325
2017-12-23 10:50:00,-0.32641408,-0.11159162
2017-12-23 11:00:00,-0.331445,-0.11827661
2017-12-23 11:10:00,-0.23501882,-0.12323128
2017-12-23 11:20:00,-0.2291494,-0.1236691
2017-12-23 11:30:00,-0.17716311,-0.12279152
2017-12-23 11:40:00,-0.12601532,-0.123255305
2017-12-23 11:50:00,-0.14446206,-0.123376414
2017-12-23 12:00:00,-0.14026962,-0.11978124
2017-12-23 12:10:00,-0.14110811,-0.114931725
2017-12-23 12:20:00,-0.13020776,-0.1081203
2017-12-23 12:30:00,-0.19896382,-0.09784877
2017-12-23 12:40:00,-0.23334184,-0.087555334
2017-12-23 12:50:00,-0.18051706,-0.06975903
2017-12-23 13:00:00,-0.18722497,-0.047948554
2017-12-23 13:10:00,-0.19225591,-0.012231007
2017-12-23 13:20:00,-0.221603,0.03703016
2017-12-23 13:30:00,-0.21824905,0.08215067
2017-12-23 13:40:00,-0.23418033,0.11199036
2017-12-23 13:50:00,-0.26939684,0.12626871
2017-12-23 14:00:00,-0.27694324,0.1339426
2017-12-23 14:10:00,-0.27778172,0.1498617
2017-12-23 14:20:00,-0.29874396,0.16574115
2017-12-23 14:30:00,-0.2584965,0.18672568
2017-12-23 14:40:00,-0.31383675,0.21028963
2017-12-23 14:50:00,-0.333122,0.22843298
2017-12-23 15:00:00,-0.39097768,0.24216849
2017-12-23 15:10:00,-0.42619422,0.25534317
2017-12-23 15:20:00,-0.4203248,0.2622763
2017-12-23 15:30:00,-0.46560317,0.2707807
2017-12-23 15:40:00,-0.50249666,0.28073737
2017-12-23 15:50:00,-0.53100526,0.26507008
2017-12-23 16:00:00,-0.61233866,0.22055727
2017-12-23 16:10:00,-0.57460666,0.17348176
2017-12-23 16:20:00,-0.56202936,0.15932494
2017-12-23 16:30:00,-0.5075276,0.12243602
2017-12-23 16:40:00,-0.44547945,0.06409317
2017-12-23 16:50:00,-0.3465378,0.047611684
2017-12-23 17:00:00,-0.24591917,0.043299317
2017-12-23 17:10:00,-0.09918368,0.05280724
2017-12-23 17:20:00,0.25801244,0.0632689
2017-12-23 17:30:00,0.67977214,0.07627499
2017-12-23 17:40:00,0.8483084,0.08472198
2017-12-23 17:50:00,0.9036486,0.09384671
2017-12-23 18:00:00,0.91957986,0.12393728
2017-12-23 18:10:00,0.9170644,0.20867908
2017-12-23 18:20:00,0.876817,0.40781143
2017-12-23 18:30:00,0.8525008,1.0205934
2017-12-23 18:40:00,0.8541778,1.4403498
2017-12-23 18:50:00,0.84495443,1.5146458
2017-12-23 19:00:00,0.876817,1.5399251
2017-12-23 19:10:00,0.8726245,1.5157965
2017-12-23 19:20:00,0.8793324,1.4993211
2017-12-23 19:30:00,0.87849396,1.4726737
2017-12-23 19:40:00,0.8508238,1.4529531
2017-12-23 19:50:00,0.8265077,1.4363286
2017-12-23 20:00:00,0.79883754,1.4058142
2017-12-23 20:10:00,0.7795523,1.3918266
2017-12-23 20:20:00,0.7443358,1.3770053
2017-12-23 20:30:00,0.71582717,1.3708429
2017-12-23 20:40:00,0.6705488,1.3825196
2017-12-23 20:50:00,0.655456,1.4051054
2017-12-23 21:00:00,0.6244319,1.429868
2017-12-23 21:10:00,0.57915354,1.4501114
2017-12-23 21:20:00,0.49698168,1.3830904
2017-12-23 21:30:00,0.44667235,1.3154922
2017-12-23 21:40:00,0.35611558,1.2773798
2017-12-23 21:50:00,0.32173756,1.2260741
2017-12-23 22:00:00,0.27897465,1.090279
2017-12-23 22:10:00,0.23285778,0.86307037
2017-12-23 22:20:00,0.16829416,0.56024754
2017-12-23 22:30:00,0.14649346,0.23494506
2017-12-23 22:40:00,0.052582745,0.16819951
2017-12-23 22:50:00,-0.009465408,0.12602267
2017-12-23 23:00:00,-0.095829725,-0.011010438
2017-12-23 23:10:00,-0.20651022,-0.4114073
2017-12-23 23:20:00,-0.31635222,-0.5646698
2017-12-23 23:30:00,-0.4194863,-0.61847043
2017-12-23 23:40:00,-0.49495026,-0.63209295
2017-12-23 23:50:00,-0.58131456,-0.64571214
2017-12-24 00:00:00,-0.6676789,-0.6650612
2017-12-24 00:10:00,-0.74817383,-0.6850271
2017-12-24 00:20:00,-0.8563388,-0.7069315
2017-12-24 00:30:00,-0.9443801,-0.7318059
2017-12-24 00:40:00,-1.0299059,-0.7442524
2017-12-24 00:50:00,-1.0995005,-0.75671726
2017-12-24 01:00:00,-1.172449,-0.7763121
2017-12-24 01:10:00,-1.2294662,-0.79918134
2017-12-24 01:20:00,-1.2739061,-0.8230916
2017-12-24 01:30:00,-1.3367927,-0.848822
2017-12-24 01:40:00,-1.4231571,-0.8688867
2017-12-24 01:50:00,-1.4784973,-0.8870799
2017-12-24 02:00:00,-1.5220988,-0.90986097
2017-12-24 02:10:00,-1.575762,-0.9315195
2017-12-24 02:20:00,-1.5992397,-0.95276475
2017-12-24 02:30:00,-1.6025937,-0.9709611
2017-12-24 02:40:00,-1.6017551,-0.9925762
2017-12-24 02:50:00,-1.6202018,-1.0119069
2017-12-24 03:00:00,-1.6386486,-1.0331784
2017-12-24 03:10:00,-1.6696727,-1.0498174
2017-12-24 03:20:00,-1.6772192,-1.0570858
2017-12-24 03:30:00,-1.647872,-1.046489
2017-12-24 03:40:00,-1.6629648,-1.0230454
2017-12-24 03:50:00,-1.652903,-0.99033517
2017-12-24 04:00:00,-1.644518,-0.8546341
2017-12-24 04:10:00,-1.649549,-0.856115
2017-12-24 04:20:00,-1.6663188,-1.0199907
2017-12-24 04:30:00,-1.6981813,-1.2531862
2017-12-24 04:40:00,-1.7048892,-1.2387754
2017-12-24 04:50:00,-1.6948273,-1.2409222
2017-12-24 05:00:00,-1.6973429,-1.2669592
2017-12-24 05:10:00,-1.6629648,-1.2657561
2017-12-24 05:20:00,-1.6638033,-1.2624085
2017-12-24 05:30:00,-1.6914734,-1.2642853
2017-12-24 05:40:00,-1.7292054,-1.2736993
2017-12-24 05:50:00,-1.6176864,-1.27702
2017-12-24 06:00:00,-1.6185249,-1.2762183
2017-12-24 06:10:00,-1.6336176,-1.2756114
2017-12-24 06:20:00,-1.6302637,-1.274554
2017-12-24 06:30:00,-1.6143324,-1.2728652
2017-12-24 06:40:00,-1.6562569,-1.2673781
2017-12-24 06:50:00,-1.7627449,-1.264499
2017-12-24 07:00:00,-1.8616866,-1.2592283
2017-12-24 07:10:00,-1.9455354,-1.2549471
2017-12-24 07:20:00,-2.01513,-1.2499101
2017-12-24 07:30:00,-2.0142915,-1.2451887
2017-12-24 07:40:00,-1.9950062,-1.2283261
2017-12-24 07:50:00,-1.9782364,-1.213412
2017-12-24 08:00:00,-1.905288,-1.1609112
2017-12-24 08:10:00,-1.8742639,-0.93717444
2017-12-24 08:20:00,-1.8390474,-0.7344549
2017-12-24 08:30:00,-1.7870611,-0.7073338
2017-12-24 08:40:00,-1.7568755,-0.5910096
2017-12-24 08:50:00,-1.6939889,-0.49747083
2017-12-24 09:00:00,-1.5724081,-0.33299652
2017-12-24 09:10:00,-1.539707,-0.26537612
2017-12-24 09:20:00,-1.5153909,-0.22625509
2017-12-24 09:30:00,-1.424834,-0.21068226
2017-12-24 09:40:00,-1.3141536,-0.1805394
2017-12-24 09:50:00,-1.2277893,-0.16613996
2017-12-24 10:00:00,-1.1472944,-0.14879976
2017-12-24 10:10:00,-1.0408063,-0.14247821
2017-12-24 10:20:00,-0.94941103,-0.13649422
2017-12-24 10:30:00,-0.9049712,-0.13457681
2017-12-24 10:40:00,-0.8965863,-0.13226283
2017-12-24 10:50:00,-0.8295072,-0.13523616
2017-12-24 11:00:00,-0.7909367,-0.13629647
2017-12-24 11:10:00,-0.7573972,-0.13752367
2017-12-24 11:20:00,-0.7607511,-0.13670093
2017-12-24 11:30:00,-0.7179882,-0.13523611
2017-12-24 11:40:00,-0.66684043,-0.13297215
2017-12-24 11:50:00,-0.66432494,-0.13121614
2017-12-24 12:00:00,-0.69367206,-0.12682328
2017-12-24 12:10:00,-0.6676789,-0.12280119
2017-12-24 12:20:00,-0.5603524,-0.1186609
2017-12-24 12:30:00,-0.52010494,-0.113661885
2017-12-24 12:40:00,-0.516751,-0.110457145
2017-12-24 12:50:00,-0.5452596,-0.105436996
2017-12-24 13:00:00,-0.549452,-0.09177594
2017-12-24 13:10:00,-0.53771317,-0.07930814
2017-12-24 13:20:00,-0.5796376,-0.07171057
2017-12-24 13:30:00,-0.5645448,-0.06079767
2017-12-24 13:40:00,-0.5846685,-0.045486093
2017-12-24 13:50:00,-0.58131456,-0.029574573
2017-12-24 14:00:00,-0.5787991,-0.007924095
2017-12-24 14:10:00,-0.5628678,0.020813227
2017-12-24 14:20:00,-0.5469366,0.048331946
2017-12-24 14:30:00,-0.53519773,0.07252318
2017-12-24 14:40:00,-0.5561599,0.08625904
2017-12-24 14:50:00,-0.6173696,0.096717626
2017-12-24 15:00:00,-0.62743145,0.10434553
2017-12-24 15:10:00,-0.6156926,0.108536124
2017-12-24 15:20:00,-0.6307854,0.10001126
2017-12-24 15:30:00,-0.7070879,0.08200079
2017-12-24 15:40:00,-0.75236624,0.0713601
2017-12-24 15:50:00,-0.75907415,0.058328837
2017-12-24 16:00:00,-0.7649436,0.040515393
2017-12-24 16:10:00,-0.7976446,0.01677528
2017-12-24 16:20:00,-0.7775209,0.0214881
2017-12-24 16:30:00,-0.7641051,0.034845427
2017-12-24 16:40:00,-0.7188267,0.047555298
2017-12-24 16:50:00,-0.67354834,0.047733814
2017-12-24 17:00:00,-0.56119084,0.03271827
2017-12-24 17:10:00,-0.4287097,0.015156031
2017-12-24 17:20:00,-0.09834519,-0.010378212
2017-12-24 17:30:00,0.33766884,-0.014516324
2017-12-24 17:40:00,0.48440433,-0.023881555
2017-12-24 17:50:00,0.5607068,-0.01881203
2017-12-24 18:00:00,0.58418447,0.0002937019
2017-12-24 18:10:00,0.619401,0.057506323
2017-12-24 18:20:00,0.6252704,0.22581851
2017-12-24 18:30:00,0.6118546,0.82343805
2017-12-24 18:40:00,0.63868624,1.2614013
2017-12-24 18:50:00,0.6487481,1.3512568
2017-12-24 19:00:00,0.70241135,1.397824
2017-12-24 19:10:00,0.6973804,1.3921953
2017-12-24 19:20:00,0.6998959,1.382359
2017-12-24 19:30:00,0.7443358,1.365742
2017-12-24 19:40:00,0.7476897,1.3527743
2017-12-24 19:50:00,0.7066038,1.341752
2017-12-24 20:00:00,0.73930484,1.3296689
2017-12-24 20:10:00,0.79632205,1.3172442
2017-12-24 20:20:00,0.7954836,1.3071771
2017-12-24 20:30:00,0.7954836,1.2962171
2017-12-24 20:40:00,0.7535592,1.2948449
2017-12-24 20:50:00,0.70241135,1.2969229
2017-12-24 21:00:00,0.6621639,1.3047397
2017-12-24 21:10:00,0.6001158,1.3204283
2017-12-24 21:20:00,0.55819136,1.342474
2017-12-24 21:30:00,0.49362773,1.2720404
2017-12-24 21:40:00,0.41145584,1.2499092
2017-12-24 21:50:00,0.35192314,1.2012788
2017-12-24 22:00:00,0.3326379,1.0694752
2017-12-24 22:10:00,0.27142826,0.8528515
2017-12-24 22:20:00,0.18506393,0.57460475
2017-12-24 22:30:00,0.103730544,0.25505427
2017-12-24 22:40:00,0.005627386,0.17825514
2017-12-24 22:50:00,-0.08492938,0.128126
2017-12-24 23:00:00,-0.18974045,0.0022937655
2017-12-24 23:10:00,-0.297067,-0.13572934
2017-12-24 23:20:00,-0.40103954,-0.51233554
2017-12-24 23:30:00,-0.5008197,-0.6270675
2017-12-24 23:40:00,-0.62072355,-0.64847445
2017-12-24 23:50:00,-0.6945105,-0.66682774
2017-12-25 00:00:00,-0.7850673,-0.6925559
2017-12-25 00:10:00,-0.87813956,-0.7178893
2017-12-25 00:20:00,-0.93431824,-0.7354034
2017-12-25 00:30:00,-1.0324215,-0.755522
2017-12-25 00:40:00,-1.093631,-0.7562318
2017-12-25 00:50:00,-1.1540023,-0.7418185
2017-12-25 01:00:00,-1.1925727,-0.7527288
2017-12-25 01:10:00,-1.251267,-0.7779848
2017-12-25 01:20:00,-1.3175075,-0.8015908
2017-12-25 01:30:00,-1.3334388,-0.83026063
2017-12-25 01:40:00,-1.4063873,-0.853287
2017-12-25 01:50:00,-1.4206417,-0.87705696
2017-12-25 02:00:00,-1.4634045,-0.89896667
2017-12-25 02:10:00,-1.4776589,-0.9223766
2017-12-25 02:20:00,-1.495267,-0.94591737
2017-12-25 02:30:00,-1.5103599,-0.97173536
2017-12-25 02:40:00,-1.5170678,-0.9970883
2017-12-25 02:50:00,-1.5522844,-1.0203972
2017-12-25 03:00:00,-1.5388685,-1.041671
2017-12-25 03:10:00,-1.5539613,-1.0524272
2017-12-25 03:20:00,-1.5807929,-1.0482335
2017-12-25 03:30:00,-1.5657002,-1.0263653
2017-12-25 03:40:00,-1.5799544,-0.9973474
2017-12-25 03:50:00,-1.5682156,-0.96012354
2017-12-25 04:00:00,-1.5782775,-0.82688344
2017-12-25 04:10:00,-1.5875008,-0.83870804
2017-12-25 04:20:00,-1.6042706,-1.0169462
2017-12-25 04:30:00,-1.5799544,-1.2567959
2017-12-25 04:40:00,-1.5841469,-1.241152
2017-12-25 04:50:00,-1.5816314,-1.2423904
2017-12-25 05:00:00,-1.5338376,-1.2669604
2017-12-25 05:10:00,-1.5472534,-1.2658094
2017-12-25 05:20:00,-1.5095214,-1.2634802
2017-12-25 05:30:00,-1.4826897,-1.2643801
2017-12-25 05:40:00,-1.470951,-1.2728736
2017-12-25 05:50:00,-1.3468546,-1.2749051
2017-12-25 06:00:00,-1.313315,-1.2739805
2017-12-25 06:10:00,-1.282291,-1.2724764
2017-12-25 06:20:00,-1.2562978,-1.270685
2017-12-25 06:30:00,-1.208504,-1.2690194
2017-12-25 06:40:00,-1.2001191,-1.2647419
2017-12-25 06:50:00,-1.2487514,-1.2627094
2017-12-25 07:00:00,-1.3292464,-1.2566614
2017-12-25 07:10:00,-1.2697136,-1.2513318
2017-12-25 07:20:00,-1.2697136,-1.2466147
2017-12-25 07:30:00,-1.3074456,-1.2426276
2017-12-25 07:40:00,-1.3762017,-1.2261943
2017-12-25 07:50:00,-1.3720093,-1.2113998
2017-12-25 08:00:00,-1.2898374,-1.1590998
2017-12-25 08:10:00,-1.2319816,-0.9220122
2017-12-25 08:20:00,-1.1615486,-0.7327815
2017-12-25 08:30:00,-1.0751843,-0.70434594
2017-12-25 08:40:00,-0.9930125,-0.587663
2017-12-25 08:50:00,-0.9686963,-0.49464282
2017-12-25 09:00:00,-0.87143165,-0.3291189
2017-12-25 09:10:00,-0.7431429,-0.26149213
2017-12-25 09:20:00,-0.93012583,-0.22155619
2017-12-25 09:30:00,-0.8580158,-0.20270075
2017-12-25 09:40:00,-0.73895043,-0.16949351
2017-12-25 09:50:00,-0.588861,-0.14921468
2017-12-25 10:00:00,-0.4488334,-0.123369016
2017-12-25 10:10:00,-0.37085396,-0.10704303
2017-12-25 10:20:00,-0.3096443,-0.091355994
2017-12-25 10:30:00,-0.2652044,-0.0827757
2017-12-25 10:40:00,-0.19393289,-0.07431117
2017-12-25 10:50:00,-0.19644836,-0.08196572
2017-12-25 11:00:00,-0.1930944,-0.09564673
2017-12-25 11:10:00,-0.15955485,-0.10840005
2017-12-25 11:20:00,-0.12266136,-0.11073119
2017-12-25 11:30:00,-0.057259254,-0.11364786
2017-12-25 11:40:00,-0.051389836,-0.11824769
2017-12-25 11:50:00,-0.027073666,-0.119039014
2017-12-25 12:00:00,-0.04300495,-0.114143424
2017-12-25 12:10:00,-0.041327972,-0.10937799
2017-12-25 12:20:00,-0.043843437,-0.101701364
2017-12-25 12:30:00,-0.01952727,-0.076847814
2017-12-25 12:40:00,-0.057259254,-0.049260408
2017-12-25 12:50:00,-0.07822147,-0.03316535
2017-12-25 13:00:00,-0.016173316,-0.0072954297
2017-12-25 13:10:00,-0.0077884304,0.055480346
2017-12-25 13:20:00,0.009819828,0.04813227
2017-12-25 13:30:00,-0.0077884304,0.05472043
2017-12-25 13:40:00,-0.041327972,0.06902531
2017-12-25 13:50:00,-0.066482626,0.08296898
2017-12-25 14:00:00,-0.035458554,0.15516016
2017-12-25 14:10:00,-0.05893623,0.20390853
2017-12-25 14:20:00,-0.08157542,0.22490627
2017-12-25 14:30:00,-0.04719739,0.24609882
2017-12-25 14:40:00,-0.039650995,0.2387838
2017-12-25 14:50:00,-0.034620065,0.24301746
2017-12-25 15:00:00,-0.060613208,0.24944088
2017-12-25 15:10:00,-0.08492938,0.26016286
2017-12-25 15:20:00,-0.10421461,0.2762878
2017-12-25 15:30:00,-0.15368544,0.2824459
2017-12-25 15:40:00,-0.16793974,0.25783375
2017-12-25 15:50:00,-0.19896382,0.21456549
2017-12-25 16:00:00,-0.19560987,0.16995868
2017-12-25 16:10:00,-0.1486545,0.15152952
2017-12-25 16:20:00,-0.13356172,0.14690545
2017-12-25 16:30:00,-0.109245546,0.14650446
2017-12-25 16:40:00,-0.043843437,0.14009917
2017-12-25 16:50:00,0.024074133,0.12951767
2017-12-25 17:00:00,0.11211543,0.14396879
2017-12-25 17:10:00,0.26975128,0.15550444
2017-12-25 17:20:00,0.57328415,0.18446186
2017-12-25 17:30:00,0.95060396,0.21585113
2017-12-25 17:40:00,1.0403222,0.22767559
2017-12-25 17:50:00,1.0906316,0.24496168
2017-12-25 18:00:00,1.0839237,0.29586855
2017-12-25 18:10:00,1.099855,0.40569732
2017-12-25 18:20:00,1.0755388,0.641209
2017-12-25 18:30:00,1.0856006,1.2586464
2017-12-25 18:40:00,1.026068,1.679209
2017-12-25 18:50:00,1.0302603,1.7667888
2017-12-25 19:00:00,1.0419992,1.8103101
2017-12-25 19:10:00,1.0378067,1.8051128
2017-12-25 19:20:00,1.0009133,1.7917905
2017-12-25 19:30:00,0.9648583,1.7580793
2017-12-25 19:40:00,0.89945614,1.733097
2017-12-25 19:50:00,0.876817,1.704578
2017-12-25 20:00:00,0.87514,1.6849316
2017-12-25 20:10:00,0.95479643,1.690506
2017-12-25 20:20:00,0.9179029,1.6969715
2017-12-25 20:30:00,0.8726245,1.7142471
2017-12-25 20:40:00,0.84998536,1.7574227
2017-12-25 20:50:00,0.8508238,1.7792318
2017-12-25 21:00:00,0.8088994,1.7919272
2017-12-25 21:10:00,0.7510437,1.5803845
2017-12-25 21:20:00,0.65797144,1.4096711
2017-12-25 21:30:00,0.57915354,1.3369975
2017-12-25 21:40:00,0.4584112,1.2992612
2017-12-25 21:50:00,0.38043177,1.2432356
2017-12-25 22:00:00,0.27813616,1.1050298
2017-12-25 22:10:00,0.2546585,0.8744653
2017-12-25 22:20:00,0.16913265,0.5643452
2017-12-25 22:30:00,0.084445305,0.23386133
2017-12-25 22:40:00,0.00898134,0.16786557
2017-12-25 22:50:00,-0.13607718,0.1165621
2017-12-25 23:00:00,-0.2652044,-0.10875699
2017-12-25 23:10:00,-0.3322835,-0.4578704
2017-12-25 23:20:00,-0.44044852,-0.56407833
2017-12-25 23:30:00,-0.5385517,-0.6170089
2017-12-25 23:40:00,-0.6509091,-0.63328755
2017-12-25 23:50:00,-0.734758,-0.6482233
2017-12-26 00:00:00,-0.82531476,-0.6662063
2017-12-26 00:10:00,-0.880655,-0.68249786
2017-12-26 00:20:00,-0.96282685,-0.70192766
2017-12-26 00:30:00,-1.0173286,-0.7263613
2017-12-26 00:40:00,-1.0927926,-0.7363926
2017-12-26 00:50:00,-1.1581947,-0.7459909
2017-12-26 01:00:00,-1.2244353,-0.7654755
2017-12-26 01:10:00,-1.2671982,-0.78598267
2017-12-26 01:20:00,-1.3191845,-0.80587727
2017-12-26 01:30:00,-1.357755,-0.8312062
2017-12-26 01:40:00,-1.4038719,-0.85172296
2017-12-26 01:50:00,-1.4348959,-0.8732423
2017-12-26 02:00:00,-1.4499887,-0.90682286
2017-12-26 02:10:00,-1.4692739,-0.93161875
2017-12-26 02:20:00,-1.4810128,-0.95480597
2017-12-26 02:30:00,-1.4910747,-0.9803426
2017-12-26 02:40:00,-1.5229372,-1.0026208
2017-12-26 02:50:00,-1.5531228,-1.0303781
2017-12-26 03:00:00,-1.5547998,-1.0560551
2017-12-26 03:10:00,-1.5682156,-1.062607
2017-12-26 03:20:00,-1.5556383,-1.0482724
2017-12-26 03:30:00,-1.5958858,-1.0206599
2017-12-26 03:40:00,-1.611817,-0.9886762
2017-12-26 03:50:00,-1.6252328,-0.9470273
2017-12-26 04:00:00,-1.6562569,-0.8170279
2017-12-26 04:10:00,-1.6252328,-0.83250237
2017-12-26 04:20:00,-1.6420026,-1.0161545
2017-12-26 04:30:00,-1.646195,-1.2577124
2017-12-26 04:40:00,-1.6587723,-1.2413678
2017-12-26 04:50:00,-1.647872,-1.2423933
2017-12-26 05:00:00,-1.6277483,-1.2682724
2017-12-26 05:10:00,-1.5841469,-1.2667257
2017-12-26 05:20:00,-1.5598307,-1.2635678
2017-12-26 05:30:00,-1.5296451,-1.2647754
2017-12-26 05:40:00,-1.5212603,-1.2729607
2017-12-26 05:50:00,-1.4021949,-1.2751473
2017-12-26 06:00:00,-1.3426622,-1.2735581
2017-12-26 06:10:00,-1.3317618,-1.2721282
2017-12-26 06:20:00,-1.3099611,-1.2707117
2017-12-26 06:30:00,-1.3007377,-1.2693775
2017-12-26 06:40:00,-1.2940298,-1.2649965
2017-12-26 06:50:00,-1.3250539,-1.2627532
2017-12-26 07:00:00,-1.3443391,-1.2570603
2017-12-26 07:10:00,-1.351047,-1.2518334
2017-12-26 07:20:00,-1.3728478,-1.2459898
2017-12-26 07:30:00,-1.3963255,-1.2430885
2017-12-26 07:40:00,-1.4114182,-1.2274756
2017-12-26 07:50:00,-1.462566,-1.2136227
2017-12-26 08:00:00,-1.3803941,-1.1616645
2017-12-26 08:10:00,-1.3024148,-0.91525114
2017-12-26 08:20:00,-1.1749644,-0.7329221
2017-12-26 08:30:00,-1.1213012,-0.7049652
2017-12-26 08:40:00,-1.0424833,-0.58793306
2017-12-26 08:50:00,-0.95695746,-0.493733
2017-12-26 09:00:00,-0.8898784,-0.329758
2017-12-26 09:10:00,-0.81022197,-0.26209137
2017-12-26 09:20:00,-0.7716515,-0.2213879
2017-12-26 09:30:00,-0.73056555,-0.20252573
2017-12-26 09:40:00,-0.85130787,-0.16836107
2017-12-26 09:50:00,-0.66432494,-0.14945106
2017-12-26 10:00:00,-0.54609805,-0.12338877
2017-12-26 10:10:00,-0.4924348,-0.10773118
2017-12-26 10:20:00,-0.41864783,-0.09241058
2017-12-26 10:30:00,-0.37001547,-0.089528024
2017-12-26 10:40:00,-0.3113213,-0.08984767
2017-12-26 10:50:00,-0.23753428,-0.09790257
2017-12-26 11:00:00,-0.19393289,-0.10438656
2017-12-26 11:10:00,-0.14530055,-0.11294704
2017-12-26 11:20:00,-0.110084035,-0.11662366
2017-12-26 11:30:00,-0.049712855,-0.118365124
2017-12-26 11:40:00,-0.021204246,-0.119190864
2017-12-26 11:50:00,-0.012819361,-0.120718375
2017-12-26 12:00:00,-0.0027574992,-0.11693317
2017-12-26 12:10:00,0.04922879,-0.1116979
2017-12-26 12:20:00,0.084445305,-0.10078977
2017-12-26 12:30:00,0.112953916,-0.07320826
2017-12-26 12:40:00,0.08947624,-0.047177374
2017-12-26 12:50:00,0.1582323,-0.025454268
2017-12-26 13:00:00,0.19344881,0.0035300702
2017-12-26 13:10:00,0.2102186,0.061757922
2017-12-26 13:20:00,0.20351069,0.09983298
2017-12-26 13:30:00,0.0022734317,0.11784661
2017-12-26 13:40:00,-0.11679194,0.101928204
2017-12-26 13:50:00,-0.17548613,0.10650501
2017-12-26 14:00:00,-0.12685381,0.1312797
2017-12-26 14:10:00,0.0039504087,0.14407867
2017-12-26 14:20:00,0.084445305,0.20295727
2017-12-26 14:30:00,0.084445305,0.226949
2017-12-26 14:40:00,0.10456903,0.24217612
2017-12-26 14:50:00,0.057613675,0.2566514
2017-12-26 15:00:00,0.057613675,0.2517129
2017-12-26 15:10:00,0.035812974,0.26365992
2017-12-26 15:20:00,0.05929065,0.27567858
2017-12-26 15:30:00,0.030782042,0.28429368
2017-12-26 15:40:00,-0.0061114533,0.29255325
2017-12-26 15:50:00,-0.08660635,0.29255682
2017-12-26 16:00:00,-0.13859265,0.28745124
2017-12-26 16:10:00,-0.115114965,0.27373
2017-12-26 16:20:00,-0.11343799,0.25817627
2017-12-26 16:30:00,-0.071513556,0.24412632
2017-12-26 16:40:00,-0.004434476,0.22141731
2017-12-26 16:50:00,0.025751112,0.21681842
2017-12-26 17:00:00,0.123015784,0.2177423
2017-12-26 17:10:00,0.20518766,0.22253409
2017-12-26 17:20:00,0.49362773,0.23150817
2017-12-26 17:30:00,0.84243894,0.2253145
2017-12-26 17:40:00,1.055415,0.2890516
2017-12-26 17:50:00,1.129202,0.2532165
2017-12-26 18:00:00,1.0939856,0.2681947
2017-12-26 18:10:00,1.0856006,0.40573066
2017-12-26 18:20:00,1.0906316,0.70772105
2017-12-26 18:30:00,1.0889546,1.3782802
2017-12-26 18:40:00,1.0973395,1.8109308
2017-12-26 18:50:00,1.0788927,1.8973389
2017-12-26 19:00:00,1.050384,1.9437906
2017-12-26 19:10:00,1.0973395,1.9263297
2017-12-26 19:20:00,1.0487071,1.7854555
2017-12-26 19:30:00,1.0151676,1.7898687
2017-12-26 19:40:00,0.9983978,1.912909
2017-12-26 19:50:00,0.9782741,1.8536271
2017-12-26 20:00:00,0.9480885,1.8093958
2017-12-26 20:10:00,1.0000747,1.7841933
2017-12-26 20:20:00,0.9665353,1.7603188
2017-12-26 20:30:00,0.907841,1.7635264
2017-12-26 20:40:00,0.88604033,1.7944365
2017-12-26 20:50:00,0.84746987,1.8322093
2017-12-26 21:00:00,0.71834266,1.8729368
2017-12-26 21:10:00,0.6764182,1.8933604
2017-12-26 21:20:00,0.6395247,1.5177394
2017-12-26 21:30:00,0.5523219,1.3578131
2017-12-26 21:40:00,0.49362773,1.3051795
2017-12-26 21:50:00,0.4148098,1.2466443
2017-12-26 22:00:00,0.3477307,1.1078583
2017-12-26 22:10:00,0.24208115,0.87635577
2017-12-26 22:20:00,0.14984742,0.56516325
2017-12-26 22:30:00,0.044197857,0.23421583
2017-12-26 22:40:00,-0.014496339,0.16805857
2017-12-26 22:50:00,-0.11176101,0.11628476
2017-12-26 23:00:00,-0.24088824,-0.04112193
2017-12-26 23:10:00,-0.34989175,-0.41839603
2017-12-26 23:20:00,-0.45218736,-0.5526364
2017-12-26 23:30:00,-0.5695757,-0.61097956
2017-12-26 23:40:00,-0.65845555,-0.6248498
2017-12-26 23:50:00,-0.74565834,-0.638196
2017-12-27 00:00:00,-0.841246,-0.65763783
2017-12-27 00:10:00,-0.9049712,-0.67467326
2017-12-27 00:20:00,-0.9955279,-0.69157994
2017-12-27 00:30:00,-1.1028545,-0.71317685
2017-12-27 00:40:00,-1.1531638,-0.7209052
2017-12-27 00:50:00,-1.208504,-0.7301704
2017-12-27 01:00:00,-1.280614,-0.7501825
2017-12-27 01:10:00,-1.3393083,-0.7702569
2017-12-27 01:20:00,-1.3845866,-0.7863336
2017-12-27 01:30:00,-1.4147722,-0.8088856
2017-12-27 01:40:00,-1.4550196,-0.82329375
2017-12-27 01:50:00,-1.5019749,-0.8405818
2017-12-27 02:00:00,-1.5422225,-0.86390936
2017-12-27 02:10:00,-1.5623462,-0.8924415
2017-12-27 02:20:00,-1.570731,-0.92052233
2017-12-27 02:30:00,-1.5858239,-0.95247006
2017-12-27 02:40:00,-1.6126555,-0.9754336
2017-12-27 02:50:00,-1.6294253,-0.9968852
2017-12-27 03:00:00,-1.6394871,-1.0181247
2017-12-27 03:10:00,-1.6797346,-1.028968
2017-12-27 03:20:00,-1.6847655,-1.0215747
2017-12-27 03:30:00,-1.6847655,-0.9965894
2017-12-27 03:40:00,-1.6612878,-0.9681676
2017-12-27 03:50:00,-1.6713496,-0.93416834
2017-12-27 04:00:00,-1.6897964,-0.81908965
2017-12-27 04:10:00,-1.6847655,-0.8356519
2017-12-27 04:20:00,-1.6847655,-1.0196109
2017-12-27 04:30:00,-1.6780576,-1.2532434
2017-12-27 04:40:00,-1.718305,-1.2409842
2017-12-27 04:50:00,-1.714951,-1.2435747
2017-12-27 05:00:00,-1.6965044,-1.2690244
2017-12-27 05:10:00,-1.6562569,-1.2682817
2017-12-27 05:20:00,-1.6344562,-1.2651516
2017-12-27 05:30:00,-1.6076245,-1.2659225
2017-12-27 05:40:00,-1.6109785,-1.2738937
2017-12-27 05:50:00,-1.498621,-1.2766209
2017-12-27 06:00:00,-1.4315419,-1.2760615
2017-12-27 06:10:00,-1.4416038,-1.2748352
2017-12-27 06:20:00,-1.4315419,-1.273096
2017-12-27 06:30:00,-1.3912945,-1.2719679
2017-12-27 06:40:00,-1.3409852,-1.2676227
2017-12-27 06:50:00,-1.359432,-1.264308
2017-12-27 07:00:00,-1.4080642,-1.2585386
2017-12-27 07:10:00,-1.3778787,-1.2542567
2017-12-27 07:20:00,-1.3275694,-1.2494566
2017-12-27 07:30:00,-1.3175075,-1.24567
2017-12-27 07:40:00,-1.3644629,-1.2282478
2017-12-27 07:50:00,-1.3711708,-1.2135133
2017-12-27 08:00:00,-1.3057687,-1.1608639
2017-12-27 08:10:00,-1.2185658,-0.9103646
2017-12-27 08:20:00,-1.1783184,-0.73198533
2017-12-27 08:30:00,-1.0206826,-0.70358133
2017-12-27 08:40:00,-0.9821121,-0.5860266
2017-12-27 08:50:00,-0.920064,-0.49163395
2017-12-27 09:00:00,-0.8261532,-0.32774517
2017-12-27 09:10:00,-0.7355965,-0.26117817
2017-12-27 09:20:00,-0.6483937,-0.22233248
2017-12-27 09:30:00,-0.5913764,-0.20481932
2017-12-27 09:40:00,-0.5360362,-0.17228523
2017-12-27 09:50:00,-0.5209434,-0.1554878
2017-12-27 10:00:00,-0.49411178,-0.1318296
2017-12-27 10:10:00,-0.40523198,-0.12084783
2017-12-27 10:20:00,-0.2861666,-0.110324636
2017-12-27 10:30:00,-0.24927312,-0.10612637
2017-12-27 10:40:00,-0.19728684,-0.1005152
2017-12-27 10:50:00,-0.0681596,-0.10007444
2017-12-27 11:00:00,-0.066482626,-0.10327722
2017-12-27 11:10:00,0.030782042,-0.10928184
2017-12-27 11:20:00,0.0995381,-0.11037186
2017-12-27 11:30:00,0.1280467,-0.1094368
2017-12-27 11:40:00,0.19680277,-0.11185226
2017-12-27 11:50:00,0.20518766,-0.11404462
2017-12-27 12:00:00,0.15320137,-0.11081104
2017-12-27 12:10:00,0.13140066,-0.104797214
2017-12-27 12:20:00,0.18170998,-0.09592871
2017-12-27 12:30:00,0.20351069,-0.063868396
2017-12-27 12:40:00,0.1515244,-0.036753446
2017-12-27 12:50:00,0.14817044,-0.015889898
2017-12-27 13:00:00,0.092830196,0.02668956
2017-12-27 13:10:00,0.055936698,0.08092183
2017-12-27 13:20:00,0.05425972,0.12660399
2017-12-27 13:30:00,0.060967628,0.14830244
2017-12-27 13:40:00,0.05929065,0.1595968
2017-12-27 13:50:00,0.040843904,0.17868835
2017-12-27 14:00:00,0.04252088,0.19006374
2017-12-27 14:10:00,0.03748995,0.20376423
2017-12-27 14:20:00,0.019043202,0.22365394
2017-12-27 14:30:00,-0.024558201,0.24227181
2017-12-27 14:40:00,-0.041327972,0.26147214
2017-12-27 14:50:00,-0.06983658,0.27596793
2017-12-27 15:00:00,-0.08157542,0.28497964
2017-12-27 15:10:00,-0.110084035,0.29021904
2017-12-27 15:20:00,-0.06480565,0.29358047
2017-12-27 15:30:00,-0.07319054,0.29605222
2017-12-27 15:40:00,-0.120145895,0.2984827
2017-12-27 15:50:00,-0.15536241,0.29706782
2017-12-27 16:00:00,-0.15703939,0.28988415
2017-12-27 16:10:00,-0.13020776,0.280821
2017-12-27 16:20:00,-0.08996031,0.2693058
2017-12-27 16:30:00,-0.049712855,0.23067984
2017-12-27 16:40:00,-0.027912157,0.19838724
2017-12-27 16:50:00,0.0039504087,0.2074599
2017-12-27 17:00:00,0.0777374,0.26283038
2017-12-27 17:10:00,0.2454351,0.24691394
2017-12-27 17:20:00,0.5171054,0.2559526
2017-12-27 17:30:00,0.93467265,0.27475563
2017-12-27 17:40:00,1.0688308,0.29403773
2017-12-27 17:50:00,1.0520611,0.32553285
2017-12-27 18:00:00,1.0369682,0.38775858
2017-12-27 18:10:00,1.0352913,0.52100295
2017-12-27 18:20:00,1.0788927,0.7670258
2017-12-27 18:30:00,1.0805697,1.3551103
2017-12-27 18:40:00,1.0352913,1.7370763
2017-12-27 18:50:00,0.9447345,1.7843227
2017-12-27 19:00:00,0.95479643,1.8054883
2017-12-27 19:10:00,0.9514425,1.793441
2017-12-27 19:20:00,0.9581504,1.8008499
2017-12-27 19:30:00,0.9329957,1.797211
2017-12-27 19:40:00,0.9044871,1.7825807
2017-12-27 19:50:00,0.89945614,1.7636318
2017-12-27 20:00:00,0.909518,1.7391433
2017-12-27 20:10:00,0.9229338,1.7240891
2017-12-27 20:20:00,0.9229338,1.7283412
2017-12-27 20:30:00,0.9011331,1.7477828
2017-12-27 20:40:00,0.86927056,1.7817073
2017-12-27 20:50:00,0.79212964,1.8059592
2017-12-27 21:00:00,0.72505057,1.8156875
2017-12-27 21:10:00,0.6864801,1.7971913
2017-12-27 21:20:00,0.6261089,1.426733
2017-12-27 21:30:00,0.57747656,1.3414216
2017-12-27 21:40:00,0.50536656,1.3030989
2017-12-27 21:50:00,0.46847305,1.2466536
2017-12-27 22:00:00,0.42487165,1.1069782
2017-12-27 22:10:00,0.35779256,0.87563837
2017-12-27 22:20:00,0.23537324,0.56345123
2017-12-27 22:30:00,0.13307764,0.23314545
2017-12-27 22:40:00,-0.004434476,0.16779849
2017-12-27 22:50:00,-0.16039334,0.11759424
2017-12-27 23:00:00,-0.28281265,-0.14856112
2017-12-27 23:10:00,-0.38678524,-0.47439525
2017-12-27 23:20:00,-0.50417364,-0.5717969
2017-12-27 23:30:00,-0.551129,-0.6175666
2017-12-27 23:40:00,-0.59640735,-0.6304407
2017-12-27 23:50:00,-0.7272116,-0.6428337
2017-12-28 00:00:00,-0.8295072,-0.65836275
2017-12-28 00:10:00,-0.8747856,-0.67447186
2017-12-28 00:20:00,-0.9737272,-0.6894771
2017-12-28 00:30:00,-1.0475142,-0.7075338
2017-12-28 00:40:00,-1.0877616,-0.71452457
2017-12-28 00:50:00,-1.1514868,-0.7267194
2017-12-28 01:00:00,-1.2303047,-0.7451042
2017-12-28 01:10:00,-1.2353356,-0.76349413
2017-12-28 01:20:00,-1.2957069,-0.78078735
2017-12-28 01:30:00,-1.3275694,-0.8020034
2017-12-28 01:40:00,-1.356078,-0.817508
2017-12-28 01:50:00,-1.3762017,-0.8320912
2017-12-28 02:00:00,-1.4114182,-0.8510465
2017-12-28 02:10:00,-1.4835283,-0.873147
2017-12-28 02:20:00,-1.500298,-0.9005676
2017-12-28 02:30:00,-1.5170678,-0.9327267
2017-12-28 02:40:00,-1.5438994,-0.9658508
2017-12-28 02:50:00,-1.5606692,-0.99946725
2017-12-28 03:00:00,-1.5807929,-1.0247495
2017-12-28 03:10:00,-1.6025937,-1.0308112
2017-12-28 03:20:00,-1.6126555,-1.0197419
2017-12-28 03:30:00,-1.6210403,-0.99592483
2017-12-28 03:40:00,-1.6596109,-0.9695233
2017-12-28 03:50:00,-1.6545799,-0.9438088
2017-12-28 04:00:00,-1.6411641,-0.8340546
2017-12-28 04:10:00,-1.6260713,-0.84274507
2017-12-28 04:20:00,-1.6076245,-1.0213015
2017-12-28 04:30:00,-1.6428411,-1.2503848
2017-12-28 04:40:00,-1.6093016,-1.2381339
2017-12-28 04:50:00,-1.6093016,-1.2413411
2017-12-28 05:00:00,-1.5724081,-1.2674699
2017-12-28 05:10:00,-1.574085,-1.2651811
2017-12-28 05:20:00,-1.5472534,-1.2620921
2017-12-28 05:30:00,-1.5086828,-1.263431
2017-12-28 05:40:00,-1.4969441,-1.2712529
2017-12-28 05:50:00,-1.3896176,-1.2727934
2017-12-28 06:00:00,-1.2957069,-1.2715743
2017-12-28 06:10:00,-1.3074456,-1.2718871
2017-12-28 06:20:00,-1.2671982,-1.271271
2017-12-28 06:30:00,-1.2504284,-1.2697794
2017-12-28 06:40:00,-1.2487514,-1.2651348
2017-12-28 06:50:00,-1.2789371,-1.2627256
2017-12-28 07:00:00,-1.3225385,-1.2574989
2017-12-28 07:10:00,-1.3393083,-1.2526643
2017-12-28 07:20:00,-1.3007377,-1.247592
2017-12-28 07:30:00,-1.3778787,-1.244087
2017-12-28 07:40:00,-1.4181261,-1.2286826
2017-12-28 07:50:00,-1.4382498,-1.2143993
2017-12-28 08:00:00,-1.3845866,-1.1606579
2017-12-28 08:10:00,-1.2940298,-0.91074085
2017-12-28 08:20:00,-1.2034731,-0.7305542
2017-12-28 08:30:00,-1.1095624,-0.7032432
2017-12-28 08:40:00,-1.0542221,-0.58581215
2017-12-28 08:50:00,-1.0340984,-0.49159318
2017-12-28 09:00:00,-0.90664816,-0.3265522
2017-12-28 09:10:00,-0.8479539,-0.2594954
2017-12-28 09:20:00,-0.7607511,-0.22024325
2017-12-28 09:30:00,-0.71714973,-0.20178482
2017-12-28 09:40:00,-0.6769023,-0.16867177
2017-12-28 09:50:00,-0.6131772,-0.15018536
2017-12-28 10:00:00,-0.5427441,-0.12017075
2017-12-28 10:10:00,-0.45051038,-0.10493136
2017-12-28 10:20:00,-0.36666152,-0.08772022
2017-12-28 10:30:00,-0.2962285,-0.08148238
2017-12-28 10:40:00,-0.21405661,-0.079514585
2017-12-28 10:50:00,-0.185548,-0.086905226
2017-12-28 11:00:00,-0.14697753,-0.09635268
2017-12-28 11:10:00,-0.11679194,-0.11035151
2017-12-28 11:20:00,-0.115114965,-0.11371458
2017-12-28 11:30:00,-0.012819361,-0.11652407
2017-12-28 11:40:00,-0.0027574992,-0.11957595
2017-12-28 11:50:00,-0.024558201,-0.12095641
2017-12-28 12:00:00,-0.03797402,-0.1170343
2017-12-28 12:10:00,0.015689248,-0.11214893
2017-12-28 12:20:00,0.07102949,-0.103822395
2017-12-28 12:30:00,0.112953916,-0.08019982
2017-12-28 12:40:00,0.074383445,-0.050795615
2017-12-28 12:50:00,0.102892056,-0.038514048
2017-12-28 13:00:00,0.04922879,-0.012690574
2017-12-28 13:10:00,0.027428089,0.028365403
2017-12-28 13:20:00,0.057613675,0.08256611
2017-12-28 13:30:00,0.014012271,0.11839771
2017-12-28 13:40:00,-0.058097742,0.1347819
2017-12-28 13:50:00,-0.07822147,0.15154317
2017-12-28 14:00:00,-0.044681925,0.16710812
2017-12-28 14:10:00,-0.053066812,0.18526289
2017-12-28 14:20:00,-0.07989845,0.20859882
2017-12-28 14:30:00,-0.110084035,0.22580558
2017-12-28 14:40:00,-0.08660635,0.24334899
2017-12-28 14:50:00,-0.09499124,0.25705367
2017-12-28 15:00:00,-0.061451696,0.26631236
2017-12-28 15:10:00,-0.09499124,0.27486336
2017-12-28 15:20:00,-0.120145895,0.28001833
2017-12-28 15:30:00,-0.120145895,0.2873379
2017-12-28 15:40:00,-0.14530055,0.29039538
2017-12-28 15:50:00,-0.1704552,0.28309283
2017-12-28 16:00:00,-0.1486545,0.24542493
2017-12-28 16:10:00,-0.110084035,0.1979728
2017-12-28 16:20:00,-0.11679194,0.18445453
2017-12-28 16:30:00,-0.05977472,0.18595937
2017-12-28 16:40:00,0.03245902,0.18842551
2017-12-28 16:50:00,0.14481649,0.18347791
2017-12-28 17:00:00,0.23705022,0.18157166
2017-12-28 17:10:00,0.3645005,0.20416573
2017-12-28 17:20:00,0.6043082,0.2389074
2017-12-28 17:30:00,1.0235524,0.25485227
2017-12-28 17:40:00,1.4126111,0.24669385
2017-12-28 17:50:00,1.5149068,0.25724903
2017-12-28 18:00:00,1.5182607,0.30544358
2017-12-28 18:10:00,1.5132297,0.4225602
2017-12-28 18:20:00,1.4713054,0.6618477
2017-12-28 18:30:00,1.419319,1.2562937
2017-12-28 18:40:00,1.4109342,1.6630511
2017-12-28 18:50:00,1.4444737,1.7264094
2017-12-28 19:00:00,1.422673,1.774696
2017-12-28 19:10:00,1.3874565,1.7764399
2017-12-28 19:20:00,1.1275251,1.7673473
2017-12-28 19:30:00,0.8944252,1.7571642
2017-12-28 19:40:00,0.8726245,1.7344812
2017-12-28 19:50:00,0.8441159,1.7138159
2017-12-28 20:00:00,0.8508238,1.7067745
2017-12-28 20:10:00,0.9229338,1.7088659
2017-12-28 20:20:00,0.87765545,1.7115004
2017-12-28 20:30:00,0.911195,1.7419138
2017-12-28 20:40:00,0.8608857,1.793854
2017-12-28 20:50:00,0.8592087,1.8222104
2017-12-28 21:00:00,0.85585475,1.7605759
2017-12-28 21:10:00,0.8156073,1.4757684
2017-12-28 21:20:00,0.7351124,1.4120196
2017-12-28 21:30:00,0.6630024,1.3390467
2017-12-28 21:40:00,0.56406075,1.30075
2017-12-28 21:50:00,0.543937,1.2449741
2017-12-28 22:00:00,0.46847305,1.1064522
2017-12-28 22:10:00,0.42990258,0.8749004
2017-12-28 22:20:00,0.3192221,0.5584552
2017-12-28 22:30:00,0.19177184,0.23202083
2017-12-28 22:40:00,0.09115322,0.16279918
2017-12-28 22:50:00,0.005627386,0.105528325
2017-12-28 23:00:00,-0.13356172,-0.052152842
2017-12-28 23:10:00,-0.24759614,-0.40079436
2017-12-28 23:20:00,-0.3901392,-0.5570311
2017-12-28 23:30:00,-0.47566503,-0.6202067
2017-12-28 23:40:00,-0.5578369,-0.6355288
2017-12-28 23:50:00,-0.6601325,-0.6474496
2017-12-29 00:00:00,-0.7842288,-0.664522
2017-12-29 00:10:00,-0.81776834,-0.68082666
2017-12-29 00:20:00,-0.9049712,-0.69817895
2017-12-29 00:30:00,-0.9770812,-0.7168717
2017-12-29 00:40:00,-1.0374523,-0.72230476
2017-12-29 00:50:00,-1.0978235,-0.733783
2017-12-29 01:00:00,-1.134717,-0.7495841
2017-12-29 01:10:00,-1.1867033,-0.766387
2017-12-29 01:20:00,-1.2118579,-0.78070307
2017-12-29 01:30:00,-1.2621673,-0.80456823
2017-12-29 01:40:00,-1.3024148,-0.8199345
2017-12-29 01:50:00,-1.357755,-0.83481896
2017-12-29 02:00:00,-1.4080642,-0.85558105
2017-12-29 02:10:00,-1.4231571,-0.8750719
2017-12-29 02:20:00,-1.4566966,-0.89835167
2017-12-29 02:30:00,-1.4885591,-0.9285045
2017-12-29 02:40:00,-1.5170678,-0.9558772
2017-12-29 02:50:00,-1.5019749,-0.9813278
2017-12-29 03:00:00,-1.5371915,-1.011215
2017-12-29 03:10:00,-1.5556383,-1.0328505
2017-12-29 03:20:00,-1.5589923,-1.0422986
2017-12-29 03:30:00,-1.6059476,-1.0296713
2017-12-29 03:40:00,-1.6176864,-1.0044248
2017-12-29 03:50:00,-1.6109785,-0.9702071
2017-12-29 04:00:00,-1.644518,-0.84751856
2017-12-29 04:10:00,-1.647872,-0.8470244
2017-12-29 04:20:00,-1.649549,-1.0137012
2017-12-29 04:30:00,-1.6428411,-1.249042
2017-12-29 04:40:00,-1.6545799,-1.2368186
2017-12-29 04:50:00,-1.6881194,-1.2400122
2017-12-29 05:00:00,-1.6612878,-1.2647527
2017-12-29 05:10:00,-1.6126555,-1.2632803
2017-12-29 05:20:00,-1.6109785,-1.2597373
2017-12-29 05:30:00,-1.5824699,-1.2613933
2017-12-29 05:40:00,-1.5321606,-1.2692932
2017-12-29 05:50:00,-1.428188,-1.2717805
2017-12-29 06:00:00,-1.3661399,-1.2713938
2017-12-29 06:10:00,-1.3896176,-1.2702816
2017-12-29 06:20:00,-1.351047,-1.2693717
2017-12-29 06:30:00,-1.3376312,-1.269191
2017-12-29 06:40:00,-1.3309233,-1.2656131
2017-12-29 06:50:00,-1.3225385,-1.2617648
2017-12-29 07:00:00,-1.3460162,-1.2557015
2017-12-29 07:10:00,-1.3527241,-1.2508281
2017-12-29 07:20:00,-1.3460162,-1.2457473
2017-12-29 07:30:00,-1.4382498,-1.2433355
2017-12-29 07:40:00,-1.4818512,-1.2277458
2017-12-29 07:50:00,-1.5070059,-1.2132587
2017-12-29 08:00:00,-1.4432808,-1.1609151
2017-12-29 08:10:00,-1.357755,-0.91169417
2017-12-29 08:20:00,-1.2705522,-0.7326195
2017-12-29 08:30:00,-1.1900573,-0.70439065
2017-12-29 08:40:00,-1.1045314,-0.58709604
2017-12-29 08:50:00,-1.0307444,-0.49357378
2017-12-29 09:00:00,-0.9837891,-0.33023047
2017-12-29 09:10:00,-0.89323235,-0.26287562
2017-12-29 09:20:00,-0.80267555,-0.22365011
2017-12-29 09:30:00,-0.7288886,-0.20606366
2017-12-29 09:40:00,-0.68025625,-0.17049882
2017-12-29 09:50:00,-0.6115002,-0.15168932
2017-12-29 10:00:00,-0.53939015,-0.12420462
2017-12-29 10:10:00,-0.479019,-0.11063193
2017-12-29 10:20:00,-0.44380248,-0.09910151
2017-12-29 10:30:00,-0.37840036,-0.09717697
2017-12-29 10:40:00,-0.333122,-0.09499999
2017-12-29 10:50:00,-0.27610475,-0.09522799
2017-12-29 11:00:00,-0.28113568,-0.10119943
2017-12-29 11:10:00,-0.18890196,-0.10990808
2017-12-29 11:20:00,-0.16039334,-0.113707796
2017-12-29 11:30:00,-0.08157542,-0.11845012
2017-12-29 11:40:00,-0.034620065,-0.12173576
2017-12-29 11:50:00,-0.110084035,-0.122904964
2017-12-29 12:00:00,-0.20399475,-0.118601225
2017-12-29 12:10:00,-0.23585731,-0.11400983
2017-12-29 12:20:00,-0.24256521,-0.106628135
2017-12-29 12:30:00,-0.2660429,-0.08667602
2017-12-29 12:40:00,-0.27778172,-0.057384104
2017-12-29 12:50:00,-0.3465378,-0.039708287
2017-12-29 13:00:00,-0.3599536,-0.020407945
2017-12-29 13:10:00,-0.31635222,0.021952331
2017-12-29 13:20:00,-0.25262707,0.076045245
2017-12-29 13:30:00,-0.23418033,0.108557016
2017-12-29 13:40:00,-0.2660429,0.13012731
2017-12-29 13:50:00,-0.24256521,0.14788285
2017-12-29 14:00:00,-0.24424219,0.16559765
2017-12-29 14:10:00,-0.25430405,0.18240803
2017-12-29 14:20:00,-0.26939684,0.1964488
2017-12-29 14:30:00,-0.25262707,0.21302307
2017-12-29 14:40:00,-0.29119757,0.2290718
2017-12-29 14:50:00,-0.34989175,0.24445122
2017-12-29 15:00:00,-0.33479896,0.25542426
2017-12-29 15:10:00,-0.34989175,0.26728314
2017-12-29 15:20:00,-0.30629036,0.27541736
2017-12-29 15:30:00,-0.34318385,0.2834236
2017-12-29 15:40:00,-0.34318385,0.29205573
2017-12-29 15:50:00,-0.35659966,0.28042364
2017-12-29 16:00:00,-0.36330757,0.20710719
2017-12-29 16:10:00,-0.36330757,0.14275911
2017-12-29 16:20:00,-0.37001547,0.08088294
2017-12-29 16:30:00,-0.37001547,0.023848578
2017-12-29 16:40:00,-0.32976803,0.0119164735
2017-12-29 16:50:00,-0.30125943,-0.003202781
2017-12-29 17:00:00,-0.23418033,-0.0045444965
2017-12-29 17:10:00,-0.13356172,0.0031252801
2017-12-29 17:20:00,0.17164811,0.019864202
2017-12-29 17:30:00,0.616047,0.042288303
2017-12-29 17:40:00,0.75523615,0.06035036
2017-12-29 17:50:00,0.8038685,0.08785859
2017-12-29 18:00:00,0.8172843,0.11911768
2017-12-29 18:10:00,0.8575317,0.19768831
2017-12-29 18:20:00,0.9028101,0.3919476
2017-12-29 18:30:00,0.87765545,0.99361634
2017-12-29 18:40:00,0.8743015,1.4262702
2017-12-29 18:50:00,0.8307001,1.5019007
2017-12-29 19:00:00,0.8021915,1.5444574
2017-12-29 19:10:00,0.79045266,1.5356898
2017-12-29 19:20:00,0.76194406,1.5390241
2017-12-29 19:30:00,0.75523615,1.5303404
2017-12-29 19:40:00,0.7032499,1.528617
2017-12-29 19:50:00,0.67306423,1.521988
2017-12-29 20:00:00,0.65126354,1.5075159
2017-12-29 20:10:00,0.72001964,1.4959396
2017-12-29 20:20:00,0.7602671,1.4828123
2017-12-29 20:30:00,0.7451743,1.4679043
2017-12-29 20:40:00,0.7300815,1.4716502
2017-12-29 20:50:00,0.6848031,1.4778152
2017-12-29 21:00:00,0.62946284,1.4938884
2017-12-29 21:10:00,0.545614,1.511438
2017-12-29 21:20:00,0.5305212,1.4967592
2017-12-29 21:30:00,0.49362773,1.3347425
2017-12-29 21:40:00,0.43157956,1.2987977
2017-12-29 21:50:00,0.3645005,1.2387747
2017-12-29 22:00:00,0.26388186,1.0978003
2017-12-29 22:10:00,0.20518766,0.8681207
2017-12-29 22:20:00,0.14817044,0.56299996
2017-12-29 22:30:00,0.087799266,0.23683992
2017-12-29 22:40:00,-0.011142384,0.16902325
2017-12-29 22:50:00,-0.07486752,0.12700418
2017-12-29 23:00:00,-0.13859265,-0.0053550303
2017-12-29 23:10:00,-0.22747242,-0.35904965
2017-12-29 23:20:00,-0.30796733,-0.5660666
2017-12-29 23:30:00,-0.3616306,-0.62738
2017-12-29 23:40:00,-0.5360362,-0.64734674
2017-12-29 23:50:00,-0.60814625,-0.66321254
2017-12-30 00:00:00,-0.7255346,-0.682317
2017-12-30 00:10:00,-0.8496309,-0.6973847
2017-12-30 00:20:00,-0.9452186,-0.71053994
2017-12-30 00:30:00,-1.0072668,-0.7287346
2017-12-30 00:40:00,-1.0860847,-0.73150694
2017-12-30 00:50:00,-1.1514868,-0.7411317
2017-12-30 01:00:00,-1.2420435,-0.76282847
2017-12-30 01:10:00,-1.2990608,-0.7882073
2017-12-30 01:20:00,-1.351047,-0.80339783
2017-12-30 01:30:00,-1.4214801,-0.82477736
2017-12-30 01:40:00,-1.4382498,-0.84336376
2017-12-30 01:50:00,-1.495267,-0.86451185
2017-12-30 02:00:00,-1.5506073,-0.8934048
2017-12-30 02:10:00,-1.5388685,-0.91967523
2017-12-30 02:20:00,-1.5606692,-0.942364
2017-12-30 02:30:00,-1.5925318,-0.96553564
2017-12-30 02:40:00,-1.6193634,-0.9888616
2017-12-30 02:50:00,-1.6294253,-1.0076277
2017-12-30 03:00:00,-1.6545799,-1.0224335
2017-12-30 03:10:00,-1.6864425,-1.0321851
2017-12-30 03:20:00,-1.7065662,-1.0347683
2017-12-30 03:30:00,-1.7266899,-1.0254633
2017-12-30 03:40:00,-1.7451366,-1.0080588
2017-12-30 03:50:00,-1.7551985,-0.9814942
2017-12-30 04:00:00,-1.7350748,-0.852805
2017-12-30 04:10:00,-1.7468137,-0.8509525
2017-12-30 04:20:00,-1.7266899,-1.018898
2017-12-30 04:30:00,-1.723336,-1.2497611
2017-12-30 04:40:00,-1.7283669,-1.2375687
2017-12-30 04:50:00,-1.7401057,-1.2415808
2017-12-30 05:00:00,-1.7283669,-1.2682315
2017-12-30 05:10:00,-1.7132741,-1.2676287
2017-12-30 05:20:00,-1.7132741,-1.2645128
2017-12-30 05:30:00,-1.6981813,-1.2663263
2017-12-30 05:40:00,-1.6612878,-1.2741594
2017-12-30 05:50:00,-1.5606692,-1.2761748
2017-12-30 06:00:00,-1.4717894,-1.2752163
2017-12-30 06:10:00,-1.4801743,-1.2736461
2017-12-30 06:20:00,-1.4919131,-1.2722197
2017-12-30 06:30:00,-1.4516656,-1.2720315
2017-12-30 06:40:00,-1.4432808,-1.2686375
2017-12-30 06:50:00,-1.5204217,-1.2657115
2017-12-30 07:00:00,-1.5824699,-1.2596266
2017-12-30 07:10:00,-1.6780576,-1.2544384
2017-12-30 07:20:00,-1.7115971,-1.249515
2017-12-30 07:30:00,-1.7920921,-1.2464848
2017-12-30 07:40:00,-1.8289856,-1.230456
2017-12-30 07:50:00,-1.8138927,-1.216316
2017-12-30 08:00:00,-1.7065662,-1.1628449
2017-12-30 08:10:00,-1.6830885,-0.91561043
2017-12-30 08:20:00,-1.5657002,-0.7329624
2017-12-30 08:30:00,-1.5187448,-0.70428383
2017-12-30 08:40:00,-1.4801743,-0.58576787
2017-12-30 08:50:00,-1.3745247,-0.4912881
2017-12-30 09:00:00,-1.2185658,-0.32751417
2017-12-30 09:10:00,-1.0793768,-0.2617803
2017-12-30 09:20:00,-0.99217397,-0.2240704
2017-12-30 09:30:00,-0.9267719,-0.20785314
2017-12-30 09:40:00,-0.88652444,-0.1753279
2017-12-30 09:50:00,-0.84459996,-0.15944998
2017-12-30 10:00:00,-0.7339195,-0.13463914
2017-12-30 10:10:00,-0.65845555,-0.12056651
2017-12-30 10:20:00,-0.59808433,-0.11229089
2017-12-30 10:30:00,-0.49411178,-0.11010507
2017-12-30 10:40:00,-0.4706341,-0.10915628
2017-12-30 10:50:00,-0.4421255,-0.11537527
2017-12-30 11:00:00,-0.40020105,-0.12080826
2017-12-30 11:10:00,-0.3834313,-0.12755102
2017-12-30 11:20:00,-0.35492268,-0.12871906
2017-12-30 11:30:00,-0.3029364,-0.13022178
2017-12-30 11:40:00,-0.30629036,-0.13066189
2017-12-30 11:50:00,-0.3247371,-0.13010214
2017-12-30 12:00:00,-0.331445,-0.12439703
2017-12-30 12:10:00,-0.33647594,-0.1207626
2017-12-30 12:20:00,-0.32809106,-0.11209608
2017-12-30 12:30:00,-0.31635222,-0.09836939
2017-12-30 12:40:00,-0.31467524,-0.08973622
2017-12-30 12:50:00,-0.30461338,-0.07601898
2017-12-30 13:00:00,-0.32809106,-0.05071602
2017-12-30 13:10:00,-0.31635222,-0.011223972
2017-12-30 13:20:00,-0.32641408,0.03411168
2017-12-30 13:30:00,-0.36330757,0.06775552
2017-12-30 13:40:00,-0.40187803,0.08531481
2017-12-30 13:50:00,-0.4119399,0.09455377
2017-12-30 14:00:00,-0.4203248,0.10457337
2017-12-30 14:10:00,-0.38007733,0.11785695
2017-12-30 14:20:00,-0.41864783,0.13847473
2017-12-30 14:30:00,-0.41864783,0.16505194
2017-12-30 14:40:00,-0.4488334,0.18705454
2017-12-30 14:50:00,-0.51088154,0.20557114
2017-12-30 15:00:00,-0.5360362,0.21914145
2017-12-30 15:10:00,-0.5561599,0.22483668
2017-12-30 15:20:00,-0.5427441,0.2336899
2017-12-30 15:30:00,-0.5662218,0.24064612
2017-12-30 15:40:00,-0.5947304,0.22324198
2017-12-30 15:50:00,-0.66516346,0.15688086
2017-12-30 16:00:00,-0.6785793,0.12274057
2017-12-30 16:10:00,-0.66684043,0.08775321
2017-12-30 16:20:00,-0.6551016,0.018160254
2017-12-30 16:30:00,-0.61653113,-0.00070391595
2017-12-30 16:40:00,-0.5276513,-0.009558976
2017-12-30 16:50:00,-0.50249666,-0.010255247
2017-12-30 17:00:00,-0.44715643,-0.0081406385
2017-12-30 17:10:00,-0.3180292,-0.0016202331
2017-12-30 17:20:00,-0.044681925,0.0043463707
2017-12-30 17:30:00,0.4081019,0.008273169
2017-12-30 17:40:00,0.57244563,0.010324895
2017-12-30 17:50:00,0.6747412,0.019125402
2017-12-30 18:00:00,0.694865,0.041447222
2017-12-30 18:10:00,0.7032499,0.11569834
2017-12-30 18:20:00,0.69821894,0.30200464
2017-12-30 18:30:00,0.69654197,0.912065
2017-12-30 18:40:00,0.6680333,1.3413692
2017-12-30 18:50:00,0.65126354,1.4125704
2017-12-30 19:00:00,0.6529405,1.4459165
2017-12-30 19:10:00,0.6529405,1.4312161
2017-12-30 19:20:00,0.65126354,1.4185588
2017-12-30 19:30:00,0.6328168,1.4057194
2017-12-30 19:40:00,0.5959233,1.3957182
2017-12-30 19:50:00,0.5825075,1.37954
2017-12-30 20:00:00,0.57747656,1.3629898
2017-12-30 20:10:00,0.58418447,1.3487438
2017-12-30 20:20:00,0.5808305,1.3366497
2017-12-30 20:30:00,0.5623838,1.329654
2017-12-30 20:40:00,0.5405831,1.3378372
2017-12-30 20:50:00,0.50536656,1.3476218
2017-12-30 21:00:00,0.46679607,1.3620079
2017-12-30 21:10:00,0.39636305,1.3714341
2017-12-30 21:20:00,0.36617747,1.37886
2017-12-30 21:30:00,0.32257605,1.2984843
2017-12-30 21:40:00,0.22531138,1.2634261
2017-12-30 21:50:00,0.20854162,1.213654
2017-12-30 22:00:00,0.27058977,1.0832908
2017-12-30 22:10:00,0.2454351,0.8622184
2017-12-30 22:20:00,0.18841788,0.56417257
2017-12-30 22:30:00,0.112953916,0.24373743
2017-12-30 22:40:00,0.05929065,0.17052498
2017-12-30 22:50:00,-0.01952727,0.12818405
2017-12-30 23:00:00,-0.110084035,0.00070375204
2017-12-30 23:10:00,-0.24759614,-0.29733846
2017-12-30 23:20:00,-0.34821478,-0.5806427
2017-12-30 23:30:00,-0.4639262,-0.64149636
2017-12-30 23:40:00,-0.551129,-0.6615583
2017-12-30 23:50:00,-0.6349779,-0.67725456
