,Originales,Predichos
2014-07-04 11:00:00,0.4932357471675782,0.38398668
2014-07-04 12:00:00,0.5700409548997435,0.4370658
2014-07-04 13:00:00,0.4054583669022464,0.3128238
2014-07-04 14:00:00,0.4054583669022464,0.2077606
2014-07-04 15:00:00,0.4274027119685794,0.08020729
2014-07-04 16:00:00,0.8553174407620717,0.041431554
2014-07-04 17:00:00,1.096705236491734,0.016190922
2014-07-04 18:00:00,1.239343479422898,0.014883032
2014-07-04 19:00:00,0.5261522647670777,0.013139388
2014-07-04 20:00:00,1.0308722012927352,-0.01416173
2014-07-04 21:00:00,0.7894844055630729,0.12833571
2014-07-04 22:00:00,0.5590687823665771,0.31011707
2014-07-04 23:00:00,0.6139296450324094,0.40189004
2014-07-05 00:00:00,0.745595715430407,0.50007296
2014-07-05 01:00:00,0.7894844055630729,0.41920054
2014-07-05 02:00:00,0.8114287506294059,0.3842564
2014-07-05 03:00:00,0.7565678879635735,0.42021477
2014-07-05 04:00:00,0.6358739900987423,0.3814196
2014-07-05 05:00:00,0.5700409548997435,0.3220176
2014-07-05 06:00:00,0.5371244373002441,0.24681899
2014-07-05 07:00:00,0.5261522647670777,0.19120982
2014-07-05 08:00:00,0.2737922965042488,-0.0073413346
2014-07-05 09:00:00,0.1311540535730847,-0.10804256
2014-07-05 10:00:00,0.0543488458409194,-0.06291038
2014-07-05 11:00:00,0.1530983986394176,-0.059433244
2014-07-05 12:00:00,-0.0444007069575787,-0.01577952
2014-07-05 13:00:00,-0.2199554674882422,-0.014463136
2014-07-05 14:00:00,-0.3187050202867404,-0.022618974
2014-07-05 15:00:00,-0.3625937104194063,-0.031378068
2014-07-05 16:00:00,-0.2857885026872411,0.05274283
2014-07-05 17:00:00,-0.329677192819907,0.15237549
2014-07-05 18:00:00,-0.2528719850877416,0.2562028
2014-07-05 19:00:00,-0.2528719850877416,0.19593522
2014-07-05 20:00:00,-0.0992615696234111,0.21515885
2014-07-05 21:00:00,0.0762931909072524,0.25730816
2014-07-05 22:00:00,0.6249018175655758,0.18152776
2014-07-05 23:00:00,0.9211504759610706,0.10990105
2014-07-06 00:00:00,0.8992061308947376,0.11322056
2014-07-06 01:00:00,1.1735104442238993,0.19549914
2014-07-06 02:00:00,1.4587869300862275,0.25328556
2014-07-06 03:00:00,1.2283713068897315,0.27344006
2014-07-06 04:00:00,1.1954547892902323,0.22799061
2014-07-06 05:00:00,1.5026756202188931,0.11456283
2014-07-06 06:00:00,1.6672582082163905,0.0067144986
2014-07-06 07:00:00,1.4587869300862275,0.03488741
2014-07-06 08:00:00,1.5355921378183928,-0.008061836
2014-07-06 09:00:00,1.2942043420887306,-0.06056533
2014-07-06 10:00:00,1.283232169555564,-0.08959996
2014-07-06 11:00:00,1.0528165463590682,-0.067656
2014-07-06 12:00:00,0.8772617858284046,-0.14669806
2014-07-06 13:00:00,0.6249018175655758,-0.20323408
2014-07-06 14:00:00,0.58101312743291,-0.281452
2014-07-06 15:00:00,0.58101312743291,-0.3359089
2014-07-06 16:00:00,0.5480966098334106,-0.291011
2014-07-06 17:00:00,0.6358739900987423,-0.3175801
2014-07-06 18:00:00,0.745595715430407,-0.2980495
2014-07-06 19:00:00,0.7346235428972405,-0.2797935
2014-07-06 20:00:00,0.9211504759610706,-0.2520439
2014-07-06 21:00:00,1.0308722012927352,-0.19821365
2014-07-06 22:00:00,0.8882339583615712,-0.061432756
2014-07-06 23:00:00,0.58101312743291,0.090070315
2014-07-07 00:00:00,0.4274027119685794,0.1573979
2014-07-07 01:00:00,0.3615696767695806,0.2088525
2014-07-07 02:00:00,0.3286531591700812,0.29950356
2014-07-07 03:00:00,0.1750427437057506,0.27579597
2014-07-07 04:00:00,0.1530983986394176,0.26517567
2014-07-07 05:00:00,-0.0114841893580793,0.30454803
2014-07-07 06:00:00,-0.0663450520239117,0.34469584
2014-07-07 07:00:00,-0.1760667773555763,0.3384785
2014-07-07 08:00:00,-0.2199554674882422,0.325201
2014-07-07 09:00:00,-0.2199554674882422,0.24960211
2014-07-07 10:00:00,-0.1321780872229105,0.15942107
2014-07-07 11:00:00,0.0324045007745865,0.12772885
2014-07-07 12:00:00,0.3505975042364141,0.04588189
2014-07-07 13:00:00,0.5590687823665771,-0.043471538
2014-07-07 14:00:00,0.7126791978309076,-0.112836055
2014-07-07 15:00:00,0.8992061308947376,-0.12028345
2014-07-07 16:00:00,0.9979556836932358,-0.14203674
2014-07-07 17:00:00,1.0199000287595688,-0.14608227
2014-07-07 18:00:00,1.0089278562264024,-0.12942585
2014-07-07 19:00:00,0.9760113386269028,-0.13883281
2014-07-07 20:00:00,0.9650391660937364,-0.11332982
2014-07-07 21:00:00,1.3490652047545628,-0.06610524
2014-07-07 22:00:00,1.5246199652852264,-0.08095864
2014-07-07 23:00:00,1.4807312751525603,-0.1649668
2014-07-08 00:00:00,1.0528165463590682,-0.24690843
2014-07-08 01:00:00,0.8772617858284046,-0.30176306
2014-07-08 02:00:00,1.0089278562264024,-0.33961758
2014-07-08 03:00:00,0.95406699356057,-0.21062243
2014-07-08 04:00:00,0.7017070252977412,-0.2856149
2014-07-08 05:00:00,0.6139296450324094,-0.38306436
2014-07-08 06:00:00,0.6907348527645747,-0.42152888
2014-07-08 07:00:00,0.4822635746344118,-0.40794986
2014-07-08 08:00:00,0.4054583669022464,-0.47740203
2014-07-08 09:00:00,0.3396253317032476,-0.49574465
2014-07-08 10:00:00,0.1640705711725841,-0.41815048
2014-07-08 11:00:00,-0.3516215378862399,-0.36615318
2014-07-08 12:00:00,-0.8124527842792316,-0.3332271
2014-07-08 13:00:00,-0.9221745096108964,-0.13736045
2014-07-08 14:00:00,-0.9331466821440628,-0.09024658
2014-07-08 15:00:00,-0.9880075448098952,-0.07278871
2014-07-08 16:00:00,-0.9550910272103956,-0.028044397
2014-07-08 17:00:00,-0.9770353722767288,-0.010957414
2014-07-08 18:00:00,-1.009951889876228,0.0008647796
2014-07-08 19:00:00,-0.9880075448098952,-0.008062253
2014-07-08 20:00:00,-0.9221745096108964,-0.017863134
2014-07-08 21:00:00,-0.5600928160164028,0.041261382
2014-07-08 22:00:00,-0.6039815061490686,0.11884443
2014-07-08 23:00:00,-0.6368980237485681,0.12737924
2014-07-09 00:00:00,-0.494259780817404,0.18752289
2014-07-09 01:00:00,-0.516204125883737,-0.011354351
2014-07-09 02:00:00,-0.1650946048224099,-0.015775302
2014-07-09 03:00:00,-0.6917588864144004,-0.11102291
2014-07-09 04:00:00,-0.8892579920113969,-0.02612179
2014-07-09 05:00:00,-0.867313646945064,-0.06678901
2014-07-09 06:00:00,-0.9221745096108964,-0.13671017
2014-07-09 07:00:00,-0.9112023370777298,-0.2609482
2014-07-09 08:00:00,-0.9112023370777298,-0.26071563
2014-07-09 09:00:00,-0.9221745096108964,-0.4110983
2014-07-09 10:00:00,-0.9770353722767288,-0.36321434
2014-07-09 11:00:00,-0.9770353722767288,-0.5461082
2014-07-09 12:00:00,-0.9441188546772292,-0.7186042
2014-07-09 13:00:00,-0.9989797173430616,-0.83703333
2014-07-09 14:00:00,-1.009951889876228,-0.88857096
2014-07-09 15:00:00,-0.9880075448098952,-0.88316864
2014-07-09 16:00:00,-0.9441188546772292,-0.89138806
2014-07-09 17:00:00,-0.9441188546772292,-0.8980624
2014-07-09 18:00:00,-0.8563414744118975,-0.810827
2014-07-09 19:00:00,-0.7466197490802328,-0.7677198
2014-07-09 20:00:00,-0.7027310589475669,-0.6908874
2014-07-09 21:00:00,-0.7795362666797322,-0.5194805
2014-07-09 22:00:00,-0.7575919216133993,-0.41147637
2014-07-09 23:00:00,-0.7137032314807333,-0.31671458
2014-07-10 00:00:00,-0.7246754040138998,-0.3954359
2014-07-10 01:00:00,-0.7905084392128987,-0.4405914
2014-07-10 02:00:00,-0.5271762984169034,-0.41392013
2014-07-10 03:00:00,-0.329677192819907,-0.45175976
2014-07-10 04:00:00,-0.5271762984169034,-0.59251565
2014-07-10 05:00:00,-0.6698145413480675,-0.620541
2014-07-10 06:00:00,-0.7575919216133993,-0.72557664
2014-07-10 07:00:00,-0.823424956812398,-0.6849963
2014-07-10 08:00:00,-0.823424956812398,-0.7511857
2014-07-10 09:00:00,-0.7905084392128987,-0.84279627
2014-07-10 10:00:00,-0.7905084392128987,-0.90055704
2014-07-10 11:00:00,-0.823424956812398,-0.94523805
2014-07-10 12:00:00,-0.9331466821440628,-0.88492996
2014-07-10 13:00:00,-0.9112023370777298,-0.94104415
2014-07-10 14:00:00,-0.9002301645445634,-0.9297844
2014-07-10 15:00:00,-0.7137032314807333,-0.7609993
2014-07-10 16:00:00,-0.9112023370777298,-0.7517188
2014-07-10 17:00:00,-0.9112023370777298,-0.60563034
2014-07-10 18:00:00,-0.9002301645445634,-0.5556301
2014-07-10 19:00:00,-0.8343971293455645,-0.54965365
2014-07-10 20:00:00,-0.7905084392128987,-0.47307706
2014-07-10 21:00:00,-0.7575919216133993,-0.41616473
2014-07-10 22:00:00,-0.658842368814901,-0.44179687
2014-07-10 23:00:00,-0.6368980237485681,-0.48437166
2014-07-11 00:00:00,-0.5710649885495693,-0.51143914
2014-07-11 01:00:00,-0.5271762984169034,-0.5306001
2014-07-11 02:00:00,-0.516204125883737,-0.35991383
2014-07-11 03:00:00,-0.4613432632179046,-0.42861813
2014-07-11 04:00:00,-0.4613432632179046,-0.4310814
2014-07-11 05:00:00,-0.3955102280189058,-0.5288857
2014-07-11 06:00:00,-0.4284267456184051,-0.5885541
2014-07-11 07:00:00,-0.6478701962817346,-0.7628699
2014-07-11 08:00:00,-0.7137032314807333,-0.7555482
2014-07-11 09:00:00,-0.9002301645445634,-0.84951544
2014-07-11 10:00:00,-0.9770353722767288,-0.8522198
2014-07-11 11:00:00,-0.9550910272103956,-0.79968363
2014-07-11 12:00:00,-0.966063199743562,-0.8170831
2014-07-11 13:00:00,-0.9989797173430616,-0.86171913
2014-07-11 14:00:00,-0.9989797173430616,-0.82223517
2014-07-11 15:00:00,-0.9221745096108964,-0.7505183
2014-07-11 16:00:00,-0.9550910272103956,-0.7247252
2014-07-11 17:00:00,-0.9221745096108964,-0.68871754
2014-07-11 18:00:00,-0.9989797173430616,-0.6622905
2014-07-11 19:00:00,-0.9002301645445634,-0.6213036
2014-07-11 20:00:00,-0.7905084392128987,-0.5569155
2014-07-11 21:00:00,-0.7466197490802328,-0.4870882
2014-07-11 22:00:00,-0.7356475765470664,-0.45612258
2014-07-11 23:00:00,-0.7137032314807333,-0.444153
2014-07-12 00:00:00,-0.5930093336159022,-0.46136847
2014-07-12 01:00:00,-0.8892579920113969,-0.34228206
2014-07-12 02:00:00,-0.867313646945064,-0.37722504
2014-07-12 03:00:00,-0.9989797173430616,-0.55446416
2014-07-12 04:00:00,-0.966063199743562,-0.6128552
2014-07-12 05:00:00,-0.9989797173430616,-0.58328277
2014-07-12 06:00:00,-0.9880075448098952,-0.589368
2014-07-12 07:00:00,-0.966063199743562,-0.7059422
2014-07-12 08:00:00,-0.9880075448098952,-0.8022944
2014-07-12 09:00:00,-0.9880075448098952,-0.9570194
2014-07-12 10:00:00,-0.9989797173430616,-1.0414695
2014-07-12 11:00:00,-1.0209240624093945,-0.8114606
2014-07-12 12:00:00,-1.0318962349425609,-0.9576828
2014-07-12 13:00:00,-1.0209240624093945,-0.92870855
2014-07-12 14:00:00,-1.009951889876228,-0.94850516
2014-07-12 15:00:00,-0.9989797173430616,-0.8642683
2014-07-12 16:00:00,-0.9880075448098952,-0.90078205
2014-07-12 17:00:00,-0.9770353722767288,-0.700785
2014-07-12 18:00:00,-0.966063199743562,-0.70709264
2014-07-12 19:00:00,-0.9112023370777298,-0.63810974
2014-07-12 20:00:00,-0.9221745096108964,-0.50665975
2014-07-12 21:00:00,-0.8892579920113969,-0.37534946
2014-07-12 22:00:00,-0.8563414744118975,-0.38088238
2014-07-12 23:00:00,-0.8782858194782304,-0.25530156
2014-07-13 00:00:00,-0.7027310589475669,-0.4013384
2014-07-13 01:00:00,-0.7137032314807333,-0.33514625
2014-07-13 02:00:00,-0.7685640941465657,-0.55454504
2014-07-13 03:00:00,-0.9550910272103956,-0.60133296
2014-07-13 04:00:00,-0.8892579920113969,-0.7356746
2014-07-13 05:00:00,-0.8782858194782304,-0.7036195
2014-07-13 06:00:00,-0.9002301645445634,-0.7888414
2014-07-13 07:00:00,-0.9112023370777298,-0.7475894
2014-07-13 08:00:00,-0.9112023370777298,-0.8682697
2014-07-13 09:00:00,-0.9880075448098952,-0.9039081
2014-07-13 10:00:00,-0.9550910272103956,-0.9178999
2014-07-13 11:00:00,-0.9550910272103956,-0.9514739
2014-07-13 12:00:00,-0.9880075448098952,-0.94817924
2014-07-13 13:00:00,-0.9880075448098952,-0.96507865
2014-07-13 14:00:00,-0.966063199743562,-0.82372534
2014-07-13 15:00:00,-0.9770353722767288,-0.78608143
2014-07-13 16:00:00,-0.9989797173430616,-0.792647
2014-07-13 17:00:00,-0.8782858194782304,-0.7220531
2014-07-13 18:00:00,-0.867313646945064,-0.68690044
2014-07-13 19:00:00,-0.8782858194782304,-0.66620123
2014-07-13 20:00:00,-0.8124527842792316,-0.63638276
2014-07-13 21:00:00,-0.7137032314807333,-0.4874258
2014-07-13 22:00:00,-0.4613432632179046,-0.5052102
2014-07-13 23:00:00,-0.6039815061490686,-0.4988292
2014-07-14 00:00:00,-0.5491206434832363,-0.3715166
2014-07-14 01:00:00,-0.4613432632179046,-0.37285757
2014-07-14 02:00:00,-0.6149536786822352,-0.48027688
2014-07-14 03:00:00,-0.5930093336159022,-0.50134534
2014-07-14 04:00:00,-0.7575919216133993,-0.55536026
2014-07-14 05:00:00,-0.845369301878731,-0.60068935
2014-07-14 06:00:00,-0.867313646945064,-0.5193394
2014-07-14 07:00:00,-0.8343971293455645,-0.6254379
2014-07-14 08:00:00,-0.8892579920113969,-0.72263765
2014-07-14 09:00:00,-0.8563414744118975,-0.78248674
2014-07-14 10:00:00,-0.9002301645445634,-0.81529325
2014-07-14 11:00:00,-0.8892579920113969,-0.8753961
2014-07-14 12:00:00,-0.867313646945064,-0.84324557
2014-07-14 13:00:00,-0.8563414744118975,-0.7243615
2014-07-14 14:00:00,-0.7795362666797322,-0.6587821
2014-07-14 15:00:00,-0.7027310589475669,-0.6281751
2014-07-14 16:00:00,-0.6698145413480675,-0.6259277
2014-07-14 17:00:00,-0.7027310589475669,-0.6492581
2014-07-14 18:00:00,-0.6368980237485681,-0.55451554
2014-07-14 19:00:00,-0.680786713881234,-0.49292058
2014-07-14 20:00:00,-0.7027310589475669,-0.5484297
2014-07-14 21:00:00,-0.7685640941465657,-0.35384065
2014-07-14 22:00:00,-0.9331466821440628,-0.27731124
2014-07-14 23:00:00,-0.8892579920113969,-0.21493626
2014-07-15 00:00:00,-0.7685640941465657,-0.31259573
2014-07-15 01:00:00,-0.4393989181515716,-0.22400759
2014-07-15 02:00:00,-0.658842368814901,-0.41679424
2014-07-15 03:00:00,-0.7795362666797322,-0.44678026
2014-07-15 04:00:00,-0.7137032314807333,-0.53340095
2014-07-15 05:00:00,-0.658842368814901,-0.5995243
2014-07-15 06:00:00,-0.6368980237485681,-0.7046776
2014-07-15 07:00:00,-0.6917588864144004,-0.67798716
2014-07-15 08:00:00,-0.6149536786822352,-0.79236674
2014-07-15 09:00:00,-0.5600928160164028,-0.8949959
2014-07-15 10:00:00,-0.5491206434832363,-0.9548287
2014-07-15 11:00:00,-0.5271762984169034,-0.7875828
2014-07-15 12:00:00,-0.5491206434832363,-0.7533855
2014-07-15 13:00:00,-0.5271762984169034,-0.76710385
2014-07-15 14:00:00,-0.5491206434832363,-0.7159257
2014-07-15 15:00:00,-0.494259780817404,-0.65653235
2014-07-15 16:00:00,-0.472315435751071,-0.61873925
2014-07-15 17:00:00,-0.6039815061490686,-0.5264097
2014-07-15 18:00:00,-0.5381484709500699,-0.46435118
2014-07-15 19:00:00,-0.5600928160164028,-0.42649823
2014-07-15 20:00:00,-0.5052319533505705,-0.33539623
2014-07-15 21:00:00,-0.4174545730852387,-0.37936231
2014-07-15 22:00:00,-0.2967606752204075,-0.5125944
2014-07-15 23:00:00,-0.2089832949550758,-0.607669
2014-07-16 00:00:00,-0.0773172245570781,-0.45861787
2014-07-16 01:00:00,0.0872653634404188,-0.37158436
2014-07-16 02:00:00,0.1311540535730847,-0.346336
2014-07-16 03:00:00,0.1421262261062512,-0.42843845
2014-07-16 04:00:00,-0.1650946048224099,-0.43670803
2014-07-16 05:00:00,-0.1102337421565775,-0.46512794
2014-07-16 06:00:00,-0.1650946048224099,-0.32942733
2014-07-16 07:00:00,0.2299036063715829,-0.37437528
2014-07-16 08:00:00,0.3286531591700812,-0.45939034
2014-07-16 09:00:00,0.3615696767695806,-0.5101585
2014-07-16 10:00:00,0.5261522647670777,-0.48038906
2014-07-16 11:00:00,0.6578183351650753,-0.46252972
2014-07-16 12:00:00,0.6468461626319087,-0.48077738
2014-07-16 13:00:00,0.7894844055630729,-0.46459764
2014-07-16 14:00:00,0.4603192295680788,-0.4597184
2014-07-16 15:00:00,0.5042079197007447,-0.4739869
2014-07-16 16:00:00,0.3725418493027471,-0.39136237
2014-07-16 17:00:00,0.1201818810399182,-0.4397066
2014-07-16 18:00:00,-0.1102337421565775,-0.4549157
2014-07-16 19:00:00,-0.4393989181515716,-0.4633392
2014-07-16 20:00:00,-0.4393989181515716,-0.4553172
2014-07-16 21:00:00,-0.329677192819907,-0.41587582
2014-07-16 22:00:00,-0.2199554674882422,-0.37339926
2014-07-16 23:00:00,-0.2857885026872411,-0.31580734
2014-07-17 00:00:00,-0.3955102280189058,-0.15722674
2014-07-17 01:00:00,-0.1980111224219093,-0.32215562
2014-07-17 02:00:00,0.1201818810399182,-0.2717881
2014-07-17 03:00:00,0.1311540535730847,-0.23919654
2014-07-17 04:00:00,0.3067088141037483,-0.17270932
2014-07-17 05:00:00,0.2847644690374153,-0.2864685
2014-07-17 06:00:00,0.5151800922339111,-0.21833032
2014-07-17 07:00:00,0.3835140218359135,-0.3388158
2014-07-17 08:00:00,0.4603192295680788,-0.1642942
2014-07-17 09:00:00,0.4822635746344118,-0.14035477
2014-07-17 10:00:00,0.4603192295680788,0.055929936
2014-07-17 11:00:00,0.4274027119685794,-0.03231726
2014-07-17 12:00:00,0.3176809866369147,0.11594579
2014-07-17 13:00:00,0.3505975042364141,-0.026691938
2014-07-17 14:00:00,0.3286531591700812,-0.039820783
2014-07-17 15:00:00,0.6797626802314082,-0.029232735
2014-07-17 16:00:00,0.6797626802314082,-0.008192072
2014-07-17 17:00:00,0.6907348527645747,-0.15249456
2014-07-17 18:00:00,0.5700409548997435,-0.1428074
2014-07-17 19:00:00,0.5480966098334106,-0.31653863
2014-07-17 20:00:00,0.6578183351650753,-0.3666498
2014-07-17 21:00:00,0.7894844055630729,-0.37274846
2014-07-17 22:00:00,0.9650391660937364,-0.22425127
2014-07-17 23:00:00,1.0418443738259018,-0.3481329
2014-07-18 00:00:00,1.3161486871550634,-0.35733458
2014-07-18 01:00:00,0.9979556836932358,-0.4503683
2014-07-18 02:00:00,0.5919852999660764,-0.28411156
2014-07-18 03:00:00,0.6358739900987423,-0.3627416
2014-07-18 04:00:00,0.3396253317032476,-0.21787055
2014-07-18 05:00:00,0.3067088141037483,-0.17783418
2014-07-18 06:00:00,0.2518479514379159,-0.070003815
2014-07-18 07:00:00,0.1311540535730847,-0.09794945
2014-07-18 08:00:00,0.2408757789047494,0.0063543525
2014-07-18 09:00:00,0.1421262261062512,-0.16662315
2014-07-18 10:00:00,0.0982375359735853,-0.09849524
2014-07-18 11:00:00,0.2189314338384165,-0.09140145
2014-07-18 12:00:00,0.2737922965042488,-0.10118783
2014-07-18 13:00:00,0.2957366415705817,-0.116736285
2014-07-18 14:00:00,0.4712914021012453,-0.054044463
2014-07-18 15:00:00,0.0982375359735853,-0.02752843
2014-07-18 16:00:00,-0.0444007069575787,0.07371927
2014-07-18 17:00:00,-0.2199554674882422,0.155087
2014-07-18 18:00:00,-0.0444007069575787,0.15786159
2014-07-18 19:00:00,0.0653210183740859,0.10765589
2014-07-18 20:00:00,0.0324045007745865,0.19664615
2014-07-18 21:00:00,-0.1760667773555763,0.13129936
2014-07-18 22:00:00,-0.2199554674882422,0.105987735
2014-07-18 23:00:00,-0.2089832949550758,0.26205218
2014-07-19 00:00:00,-0.1431502597560769,0.23949406
2014-07-19 01:00:00,-0.3406493653530734,0.32211903
2014-07-19 02:00:00,-0.2967606752204075,0.19826083
2014-07-19 03:00:00,-0.307732847753574,0.0954229
2014-07-19 04:00:00,-0.2528719850877416,-0.14503708
2014-07-19 05:00:00,-0.2528719850877416,0.013281843
2014-07-19 06:00:00,-0.2748163301540746,-0.03708049
2014-07-19 07:00:00,-0.307732847753574,-0.10921515
2014-07-19 08:00:00,-0.3516215378862399,-0.07738193
2014-07-19 09:00:00,-0.4393989181515716,-0.073664084
2014-07-19 10:00:00,-0.5710649885495693,-0.15490851
2014-07-19 11:00:00,-0.5271762984169034,-0.057214
2014-07-19 12:00:00,-0.3735658829525728,-0.046571247
2014-07-19 13:00:00,-0.472315435751071,-0.00653469
2014-07-19 14:00:00,-0.5381484709500699,-0.017187903
2014-07-19 15:00:00,-0.6039815061490686,-0.016852552
2014-07-19 16:00:00,-0.680786713881234,-0.08218252
2014-07-19 17:00:00,-0.6039815061490686,-0.15569833
2014-07-19 18:00:00,-0.5710649885495693,-0.15699399
2014-07-19 19:00:00,-0.516204125883737,-0.075062804
2014-07-19 20:00:00,-0.3955102280189058,-0.06528317
2014-07-19 21:00:00,-0.307732847753574,0.009791261
2014-07-19 22:00:00,-0.2089832949550758,-0.052470066
2014-07-19 23:00:00,-0.3735658829525728,-0.09002159
2014-07-20 00:00:00,-0.6478701962817346,-0.09711326
2014-07-20 01:00:00,-0.5930093336159022,-0.11856759
2014-07-20 02:00:00,-0.4393989181515716,-0.15092254
2014-07-20 03:00:00,-0.472315435751071,-0.13215975
2014-07-20 04:00:00,-0.3845380554857393,-0.15575051
2014-07-20 05:00:00,-0.3955102280189058,-0.14612079
2014-07-20 06:00:00,-0.4174545730852387,-0.1257191
2014-07-20 07:00:00,-0.494259780817404,-0.14963256
2014-07-20 08:00:00,-0.5271762984169034,-0.20599818
2014-07-20 09:00:00,-0.494259780817404,-0.18335687
2014-07-20 10:00:00,-0.4393989181515716,-0.25835365
2014-07-20 11:00:00,-0.5271762984169034,-0.30176204
2014-07-20 12:00:00,-0.494259780817404,-0.24207231
2014-07-20 13:00:00,-0.3625937104194063,-0.19269013
2014-07-20 14:00:00,-0.1650946048224099,-0.2306658
2014-07-20 15:00:00,-0.1431502597560769,-0.23816597
2014-07-20 16:00:00,-0.2309276400214087,-0.26402685
2014-07-20 17:00:00,-0.4393989181515716,-0.24202052
2014-07-20 18:00:00,-0.3406493653530734,-0.24925143
2014-07-20 19:00:00,-0.4503710906847381,-0.20130081
2014-07-20 20:00:00,-0.516204125883737,-0.16898292
2014-07-20 21:00:00,-0.494259780817404,-0.15497337
2014-07-20 22:00:00,-0.5271762984169034,-0.12545747
2014-07-20 23:00:00,-0.5710649885495693,-0.12390464
2014-07-21 00:00:00,-0.4832876082842375,-0.19865254
2014-07-21 01:00:00,-0.4503710906847381,-0.14560378
2014-07-21 02:00:00,-0.4393989181515716,-0.1891864
2014-07-21 03:00:00,-0.494259780817404,-0.17882727
2014-07-21 04:00:00,-0.4503710906847381,-0.18062463
2014-07-21 05:00:00,-0.4503710906847381,-0.11974751
2014-07-21 06:00:00,-0.516204125883737,-0.20747009
2014-07-21 07:00:00,-0.8782858194782304,-0.26053834
2014-07-21 08:00:00,-0.8782858194782304,-0.29532295
2014-07-21 09:00:00,-0.8782858194782304,-0.3050755
2014-07-21 10:00:00,-0.9770353722767288,-0.3329143
2014-07-21 11:00:00,-0.9331466821440628,-0.28219897
2014-07-21 12:00:00,-0.966063199743562,-0.33664405
2014-07-21 13:00:00,-0.9331466821440628,-0.34198064
2014-07-21 14:00:00,-0.9441188546772292,-0.30517825
2014-07-21 15:00:00,-0.9331466821440628,-0.26379204
2014-07-21 16:00:00,-0.9550910272103956,-0.2725767
2014-07-21 17:00:00,-0.9770353722767288,-0.35397607
2014-07-21 18:00:00,-0.9441188546772292,-0.3989327
2014-07-21 19:00:00,-0.9331466821440628,-0.4158066
2014-07-21 20:00:00,-0.9112023370777298,-0.45540556
2014-07-21 21:00:00,-0.9441188546772292,-0.4869417
2014-07-21 22:00:00,-0.9770353722767288,-0.52182037
2014-07-21 23:00:00,-0.9989797173430616,-0.553008
2014-07-22 00:00:00,-1.0318962349425609,-0.5509989
2014-07-22 01:00:00,-1.0318962349425609,-0.562127
2014-07-22 02:00:00,-0.9550910272103956,-0.5939076
2014-07-22 03:00:00,-0.9880075448098952,-0.6478987
2014-07-22 04:00:00,-0.9221745096108964,-0.6946499
2014-07-22 05:00:00,-0.9221745096108964,-0.73172694
2014-07-22 06:00:00,-0.9441188546772292,-0.7169849
2014-07-22 07:00:00,-0.9002301645445634,-0.8975757
2014-07-22 08:00:00,-0.8892579920113969,-0.9922778
2014-07-22 09:00:00,-0.9331466821440628,-0.95543957
2014-07-22 10:00:00,-0.966063199743562,-0.94950366
2014-07-22 11:00:00,-0.9441188546772292,-0.998002
2014-07-22 12:00:00,-0.9221745096108964,-1.0354878
2014-07-22 13:00:00,-0.9002301645445634,-0.99995106
2014-07-22 14:00:00,-0.9112023370777298,-0.99788254
2014-07-22 15:00:00,-0.9221745096108964,-1.0292841
2014-07-22 16:00:00,-0.9221745096108964,-0.930885
2014-07-22 17:00:00,-0.9770353722767288,-0.7841252
2014-07-22 18:00:00,-0.9331466821440628,-0.9002648
2014-07-22 19:00:00,-1.009951889876228,-0.6972123
2014-07-22 20:00:00,-0.966063199743562,-0.76460475
2014-07-22 21:00:00,-0.8892579920113969,-0.77668786
2014-07-22 22:00:00,-0.867313646945064,-0.72201985
2014-07-22 23:00:00,-0.9112023370777298,-0.65756106
2014-07-23 00:00:00,-0.9221745096108964,-0.7205345
2014-07-23 01:00:00,-0.8782858194782304,-0.66147214
2014-07-23 02:00:00,-0.8782858194782304,-0.6544562
2014-07-23 03:00:00,-0.867313646945064,-0.6265648
2014-07-23 04:00:00,-0.845369301878731,-0.63693327
2014-07-23 05:00:00,-0.966063199743562,-0.62824327
2014-07-23 06:00:00,-0.9550910272103956,-0.64593756
2014-07-23 07:00:00,-0.8892579920113969,-0.61159885
2014-07-23 08:00:00,-0.8782858194782304,-0.6060614
2014-07-23 09:00:00,-0.9221745096108964,-0.6491653
2014-07-23 10:00:00,-0.9002301645445634,-0.5080596
2014-07-23 11:00:00,-0.8892579920113969,-0.6474604
2014-07-23 12:00:00,-0.9550910272103956,-0.6668491
2014-07-23 13:00:00,-0.8563414744118975,-0.6193752
2014-07-23 14:00:00,-0.8782858194782304,-0.60747045
2014-07-23 15:00:00,-0.9221745096108964,-0.6251735
2014-07-23 16:00:00,-0.8782858194782304,-0.58137584
2014-07-23 17:00:00,-0.867313646945064,-0.6267953
2014-07-23 18:00:00,-0.867313646945064,-0.6195406
2014-07-23 19:00:00,-0.6368980237485681,-0.48819602
2014-07-23 20:00:00,-0.5930093336159022,-0.5351421
2014-07-23 21:00:00,-0.6259258512154017,-0.58465046
2014-07-23 22:00:00,-0.6368980237485681,-0.54376155
2014-07-23 23:00:00,-0.6478701962817346,-0.5881406
2014-07-24 00:00:00,-0.5930093336159022,-0.6280107
2014-07-24 01:00:00,-0.494259780817404,-0.6169767
2014-07-24 02:00:00,-0.5271762984169034,-0.6591355
2014-07-24 03:00:00,-0.5491206434832363,-0.6428973
2014-07-24 04:00:00,-0.2857885026872411,-0.4981509
2014-07-24 05:00:00,-0.2967606752204075,-0.42931968
2014-07-24 06:00:00,-0.1980111224219093,-0.45440647
2014-07-24 07:00:00,-0.2857885026872411,-0.5096472
2014-07-24 08:00:00,-0.2638441576209081,-0.4414971
2014-07-24 09:00:00,-0.1980111224219093,-0.53356993
2014-07-24 10:00:00,-0.1102337421565775,-0.57661134
2014-07-24 11:00:00,0.0324045007745865,-0.64136285
2014-07-24 12:00:00,-0.121205914689744,-0.6761619
2014-07-24 13:00:00,-0.3625937104194063,-0.6591076
2014-07-24 14:00:00,-0.1650946048224099,-0.5177594
2014-07-24 15:00:00,-0.4174545730852387,-0.6423492
2014-07-24 16:00:00,-0.5491206434832363,-0.67428535
2014-07-24 17:00:00,-0.3406493653530734,-0.70523155
2014-07-24 18:00:00,-0.5381484709500699,-0.69099355
2014-07-24 19:00:00,-0.8343971293455645,-0.58271134
2014-07-24 20:00:00,-0.7356475765470664,-0.4988795
2014-07-24 21:00:00,-0.7137032314807333,-0.45979455
2014-07-24 22:00:00,-0.4064824005520722,-0.35093397
2014-07-24 23:00:00,0.0433766733077529,-0.35823685
2014-07-25 00:00:00,0.39448619436908,-0.29499555
2014-07-25 01:00:00,0.5042079197007447,-0.3594577
2014-07-25 02:00:00,0.1969870887720835,-0.24060315
2014-07-25 03:00:00,0.2957366415705817,-0.25356042
2014-07-25 04:00:00,0.5371244373002441,-0.33936167
2014-07-25 05:00:00,0.6578183351650753,-0.36606333
2014-07-25 06:00:00,0.1750427437057506,-0.42154858
2014-07-25 07:00:00,-0.0992615696234111,-0.35583866
2014-07-25 08:00:00,-0.0334285344244122,-0.24879408
2014-07-25 09:00:00,-0.4284267456184051,-0.3827741
2014-07-25 10:00:00,-0.5600928160164028,-0.3121467
2014-07-25 11:00:00,-0.658842368814901,-0.26039174
2014-07-25 12:00:00,-0.7575919216133993,-0.29819837
2014-07-25 13:00:00,-0.8014806117460651,-0.3652762
2014-07-25 14:00:00,-0.7466197490802328,-0.2449066
2014-07-25 15:00:00,-0.7905084392128987,-0.29994363
2014-07-25 16:00:00,-0.7575919216133993,-0.31526923
2014-07-25 17:00:00,-0.680786713881234,-0.23922926
2014-07-25 18:00:00,-0.6039815061490686,-0.27560323
2014-07-25 19:00:00,-0.6149536786822352,-0.3987835
2014-07-25 20:00:00,-0.494259780817404,-0.38716218
2014-07-25 21:00:00,-0.4284267456184051,-0.38454658
2014-07-25 22:00:00,-0.3406493653530734,-0.28396454
2014-07-25 23:00:00,-0.3406493653530734,-0.2494339
2014-07-26 00:00:00,-0.307732847753574,-0.13997471
2014-07-26 01:00:00,-0.1431502597560769,0.0038168933
2014-07-26 02:00:00,-0.0992615696234111,-0.06618149
2014-07-26 03:00:00,0.1750427437057506,-0.1581055
2014-07-26 04:00:00,0.39448619436908,0.022796428
2014-07-26 05:00:00,0.5042079197007447,-0.019000972
2014-07-26 06:00:00,0.5371244373002441,-0.101879604
2014-07-26 07:00:00,0.4603192295680788,-0.23368412
2014-07-26 08:00:00,0.4054583669022464,-0.3296339
2014-07-26 09:00:00,0.1421262261062512,-0.4941802
2014-07-26 10:00:00,0.20795926130525,-0.5265248
2014-07-26 11:00:00,0.0762931909072524,-0.6722681
2014-07-26 12:00:00,0.1311540535730847,-0.64836234
2014-07-26 13:00:00,-0.2199554674882422,-0.64915055
2014-07-26 14:00:00,-0.4174545730852387,-0.5988017
2014-07-26 15:00:00,-0.3625937104194063,-0.58985716
2014-07-26 16:00:00,-0.4174545730852387,-0.57891804
2014-07-26 17:00:00,-0.2638441576209081,-0.5923649
2014-07-26 18:00:00,-0.307732847753574,-0.4806412
2014-07-26 19:00:00,-0.4064824005520722,-0.4410079
2014-07-26 20:00:00,-0.472315435751071,-0.39444643
2014-07-26 21:00:00,-0.4174545730852387,-0.30042064
2014-07-26 22:00:00,-0.4503710906847381,-0.25229818
2014-07-26 23:00:00,-0.472315435751071,-0.23949227
2014-07-27 00:00:00,-0.4393989181515716,-0.26741815
2014-07-27 01:00:00,-0.3516215378862399,-0.23157227
2014-07-27 02:00:00,-0.2638441576209081,-0.069505714
2014-07-27 03:00:00,-0.1541224322892434,-0.08191834
2014-07-27 04:00:00,-0.0334285344244122,-0.10456348
2014-07-27 05:00:00,0.02143232824142,-0.10606002
2014-07-27 06:00:00,0.1201818810399182,-0.09762763
2014-07-27 07:00:00,0.0762931909072524,-0.0039554182
2014-07-27 08:00:00,0.0653210183740859,0.025820917
2014-07-27 09:00:00,0.1421262261062512,0.044083722
2014-07-27 10:00:00,0.0543488458409194,0.024861386
2014-07-27 11:00:00,0.1530983986394176,-0.02236485
2014-07-27 12:00:00,0.3615696767695806,0.030225595
2014-07-27 13:00:00,0.2189314338384165,0.015972396
2014-07-27 14:00:00,-0.0114841893580793,-0.15143034
2014-07-27 15:00:00,-0.1431502597560769,-0.16716121
2014-07-27 16:00:00,-0.0773172245570781,-0.17779455
2014-07-27 17:00:00,-0.1650946048224099,-0.14304319
2014-07-27 18:00:00,-0.0553728794907452,-0.03624841
2014-07-27 19:00:00,-0.0224563618912458,-0.041781344
2014-07-27 20:00:00,-0.0114841893580793,-0.086259566
2014-07-27 21:00:00,-0.1321780872229105,-0.12237566
2014-07-27 22:00:00,-0.1870389498887428,-0.116868995
2014-07-27 23:00:00,-0.1760667773555763,-0.1389285
2014-07-28 00:00:00,-0.0773172245570781,-0.117814146
2014-07-28 01:00:00,-0.0553728794907452,-0.11817897
2014-07-28 02:00:00,0.1421262261062512,-0.10343724
2014-07-28 03:00:00,0.2299036063715829,-0.097055025
2014-07-28 04:00:00,0.2957366415705817,-0.09110444
2014-07-28 05:00:00,0.3725418493027471,-0.08842694
2014-07-28 06:00:00,0.4164305394354129,0.054380067
2014-07-28 07:00:00,0.4493470570349123,0.033409484
2014-07-28 08:00:00,0.4712914021012453,-0.032424234
2014-07-28 09:00:00,0.2737922965042488,0.040358193
2014-07-28 10:00:00,0.1201818810399182,0.06733402
2014-07-28 11:00:00,0.1969870887720835,0.050606377
2014-07-28 12:00:00,0.1092097085067518,0.050755493
2014-07-28 13:00:00,0.0104601557082535,0.05814188
2014-07-28 14:00:00,-0.2967606752204075,-0.0010576192
2014-07-28 15:00:00,-0.4284267456184051,-0.083153255
2014-07-28 16:00:00,-0.3625937104194063,-0.024625817
2014-07-28 17:00:00,-0.2199554674882422,-0.042332105
2014-07-28 18:00:00,-0.2089832949550758,-0.050176255
2014-07-28 19:00:00,-0.2528719850877416,-0.033065505
2014-07-28 20:00:00,-0.121205914689744,-0.021611238
2014-07-28 21:00:00,-0.1321780872229105,-0.04471328
2014-07-28 22:00:00,-0.1870389498887428,-0.09194719
2014-07-28 23:00:00,-0.121205914689744,-0.13135424
2014-07-29 00:00:00,-0.0444007069575787,-0.16166289
2014-07-29 01:00:00,-0.1102337421565775,-0.14759946
2014-07-29 02:00:00,-0.0114841893580793,-0.15835463
2014-07-29 03:00:00,0.0104601557082535,-0.16072966
2014-07-29 04:00:00,0.1530983986394176,-0.18271396
2014-07-29 05:00:00,0.3835140218359135,-0.20033154
2014-07-29 06:00:00,0.6029574724992429,-0.2031376
2014-07-29 07:00:00,0.9760113386269028,-0.22204721
2014-07-29 08:00:00,0.8662896132952382,-0.21812998
2014-07-29 09:00:00,0.5590687823665771,-0.12547083
2014-07-29 10:00:00,0.2737922965042488,-0.22266561
2014-07-29 11:00:00,0.0104601557082535,-0.25925606
2014-07-29 12:00:00,-0.0882893970902446,-0.28401226
2014-07-29 13:00:00,-0.0334285344244122,-0.3110178
2014-07-29 14:00:00,-0.1541224322892434,-0.40833062
2014-07-29 15:00:00,-0.1760667773555763,-0.46568358
2014-07-29 16:00:00,-0.121205914689744,-0.44674683
2014-07-29 17:00:00,-0.121205914689744,-0.3753878
2014-07-29 18:00:00,-0.1541224322892434,-0.37441933
2014-07-29 19:00:00,-0.0882893970902446,-0.26270145
2014-07-29 20:00:00,-0.1541224322892434,-0.257902
2014-07-29 21:00:00,-0.1650946048224099,-0.26599646
2014-07-29 22:00:00,-0.1870389498887428,-0.2841172
2014-07-29 23:00:00,-0.1980111224219093,-0.30064029
2014-07-30 00:00:00,-0.2418998125545752,-0.2913617
2014-07-30 01:00:00,-0.3406493653530734,-0.2939528
2014-07-30 02:00:00,-0.5271762984169034,-0.32047972
2014-07-30 03:00:00,-0.516204125883737,-0.3432214
2014-07-30 04:00:00,-0.1321780872229105,-0.36576462
2014-07-30 05:00:00,0.186014916238917,-0.3390777
2014-07-30 06:00:00,0.1421262261062512,-0.29478568
2014-07-30 07:00:00,0.4603192295680788,-0.20334736
2014-07-30 08:00:00,0.3725418493027471,-0.17097037
2014-07-30 09:00:00,0.6468461626319087,-0.26271793
2014-07-30 10:00:00,0.5590687823665771,-0.37209296
2014-07-30 11:00:00,0.5371244373002441,-0.4994812
2014-07-30 12:00:00,0.5261522647670777,-0.57360536
2014-07-30 13:00:00,0.3505975042364141,-0.5954763
2014-07-30 14:00:00,0.3286531591700812,-0.6094131
2014-07-30 15:00:00,0.2408757789047494,-0.64822847
2014-07-30 16:00:00,0.1311540535730847,-0.6581252
2014-07-30 17:00:00,0.3286531591700812,-0.66997725
2014-07-30 18:00:00,0.4822635746344118,-0.68733484
2014-07-30 19:00:00,0.6249018175655758,-0.69537866
2014-07-30 20:00:00,0.932122648494237,-0.6882927
2014-07-30 21:00:00,1.0857330639585676,-0.6760048
2014-07-30 22:00:00,1.2283713068897315,-0.66398746
2014-07-30 23:00:00,1.217399134356565,-0.65354407
2014-07-31 00:00:00,1.1076774090249004,-0.66081935
2014-07-31 01:00:00,1.0199000287595688,-0.68740284
2014-07-31 02:00:00,1.0747608914254012,-0.58915097
2014-07-31 03:00:00,0.95406699356057,-0.7874114
2014-07-31 04:00:00,0.9211504759610706,-0.7069507
2014-07-31 05:00:00,1.0089278562264024,-0.5651024
2014-07-31 06:00:00,1.184482616757066,-0.60204506
2014-07-31 07:00:00,1.305176514621897,-0.623068
2014-07-31 08:00:00,1.6453138631500577,-0.49236768
2014-07-31 09:00:00,1.3929538948872286,-0.46949443
2014-07-31 10:00:00,1.2064269618233987,-0.26651895
2014-07-31 11:00:00,0.8333730956957388,-0.3520983
2014-07-31 12:00:00,0.8772617858284046,-0.027851129
2014-07-31 13:00:00,0.7017070252977412,-0.14013954
2014-07-31 14:00:00,0.6907348527645747,-0.0688804
2014-07-31 15:00:00,0.6029574724992429,-0.1725432
2014-07-31 16:00:00,0.3725418493027471,-0.18429247
2014-07-31 17:00:00,0.3725418493027471,-0.15829973
2014-07-31 18:00:00,0.2408757789047494,-0.061916612
2014-07-31 19:00:00,0.2737922965042488,-0.034066923
2014-07-31 20:00:00,0.3835140218359135,0.097318016
2014-07-31 21:00:00,0.7346235428972405,0.19527143
2014-07-31 22:00:00,0.95406699356057,0.24473628
2014-07-31 23:00:00,1.1625382716907329,0.3538437
2014-08-01 00:00:00,1.0528165463590682,0.3619392
2014-08-01 01:00:00,0.5919852999660764,0.35599375
2014-08-01 02:00:00,0.2189314338384165,0.33911413
2014-08-01 03:00:00,0.3835140218359135,0.34197816
2014-08-01 04:00:00,0.3505975042364141,0.28912914
2014-08-01 05:00:00,0.39448619436908,0.35109243
2014-08-01 06:00:00,0.5042079197007447,0.37571996
2014-08-01 07:00:00,0.6468461626319087,0.42127994
2014-08-01 08:00:00,0.8662896132952382,0.47928855
2014-08-01 09:00:00,0.932122648494237,0.5256555
2014-08-01 10:00:00,0.5700409548997435,0.412204
2014-08-01 11:00:00,0.1311540535730847,0.32220748
2014-08-01 12:00:00,0.2518479514379159,0.21141317
2014-08-01 13:00:00,0.0982375359735853,0.19659013
2014-08-01 14:00:00,0.0324045007745865,0.14589497
2014-08-01 15:00:00,-0.0224563618912458,0.15406719
2014-08-01 16:00:00,-0.0663450520239117,0.06252497
2014-08-01 17:00:00,0.0653210183740859,0.007901659
2014-08-01 18:00:00,0.1640705711725841,-0.05183903
2014-08-01 19:00:00,0.2628201239710824,-0.0831322
2014-08-01 20:00:00,0.3725418493027471,-0.06580349
2014-08-01 21:00:00,0.3725418493027471,0.011038935
2014-08-01 22:00:00,0.4054583669022464,0.12150153
2014-08-01 23:00:00,0.0104601557082535,0.18057114
2014-08-02 00:00:00,-0.2418998125545752,0.1876659
2014-08-02 01:00:00,-0.2309276400214087,0.084454305
2014-08-02 02:00:00,-0.1650946048224099,-0.08126586
2014-08-02 03:00:00,-0.0773172245570781,-0.0018437598
2014-08-02 04:00:00,-0.1321780872229105,-0.06064696
2014-08-02 05:00:00,-0.2418998125545752,-0.06584879
2014-08-02 06:00:00,-0.3406493653530734,-0.049347244
2014-08-02 07:00:00,-0.4174545730852387,0.007497942
2014-08-02 08:00:00,-0.472315435751071,0.026116347
2014-08-02 09:00:00,-0.2528719850877416,0.08680772
2014-08-02 10:00:00,-0.1431502597560769,0.040706016
2014-08-02 11:00:00,-0.0334285344244122,-0.06844718
2014-08-02 12:00:00,0.0104601557082535,-0.092903085
2014-08-02 13:00:00,0.1311540535730847,-0.019009182
2014-08-02 14:00:00,0.0982375359735853,-0.10172438
2014-08-02 15:00:00,0.1092097085067518,-0.11684207
2014-08-02 16:00:00,0.0433766733077529,-0.16114873
2014-08-02 17:00:00,0.0433766733077529,-0.15750855
2014-08-02 18:00:00,0.0104601557082535,-0.10461859
2014-08-02 19:00:00,-0.0005120168249128,-0.04504589
2014-08-02 20:00:00,0.1421262261062512,-0.021334046
2014-08-02 21:00:00,0.1640705711725841,0.07039548
2014-08-02 22:00:00,0.2299036063715829,0.13050619
2014-08-02 23:00:00,0.20795926130525,0.040415876
2014-08-03 00:00:00,0.4164305394354129,-0.08250936
2014-08-03 01:00:00,0.5042079197007447,-0.13882177
2014-08-03 02:00:00,0.6358739900987423,-0.16547415
2014-08-03 03:00:00,0.9211504759610706,-0.13574803
2014-08-03 04:00:00,0.9869835111600692,-0.13433412
2014-08-03 05:00:00,1.1076774090249004,-0.14845839
2014-08-03 06:00:00,0.8224009231625723,-0.22486636
2014-08-03 07:00:00,0.3505975042364141,-0.2964048
2014-08-03 08:00:00,0.02143232824142,-0.36260656
2014-08-03 09:00:00,-0.1321780872229105,-0.31686834
2014-08-03 10:00:00,-0.2857885026872411,-0.27629435
2014-08-03 11:00:00,-0.2857885026872411,-0.20083568
2014-08-03 12:00:00,-0.1980111224219093,-0.1603467
2014-08-03 13:00:00,-0.2967606752204075,-0.16385278
2014-08-03 14:00:00,-0.0553728794907452,-0.15367562
2014-08-03 15:00:00,-0.2638441576209081,-0.1529912
2014-08-03 16:00:00,0.02143232824142,-0.1692155
2014-08-03 17:00:00,-0.307732847753574,-0.18917117
2014-08-03 18:00:00,-0.3406493653530734,-0.19897498
2014-08-03 19:00:00,-0.5271762984169034,-0.17587629
2014-08-03 20:00:00,-0.5052319533505705,-0.051596932
2014-08-03 21:00:00,-0.3625937104194063,-0.09238378
2014-08-03 22:00:00,-0.4064824005520722,-0.015185336
2014-08-03 23:00:00,-0.3625937104194063,-0.1528924
2014-08-04 00:00:00,-0.2857885026872411,-0.17750758
2014-08-04 01:00:00,-0.2199554674882422,-0.08654716
2014-08-04 02:00:00,-0.0882893970902446,0.031761862
2014-08-04 03:00:00,-0.121205914689744,0.050071426
2014-08-04 04:00:00,-0.1980111224219093,0.17580993
2014-08-04 05:00:00,-0.0882893970902446,0.17847942
2014-08-04 06:00:00,-0.1102337421565775,0.14218277
2014-08-04 07:00:00,-0.1102337421565775,-0.13331173
2014-08-04 08:00:00,-0.4503710906847381,-0.2841239
2014-08-04 09:00:00,-0.966063199743562,-0.44088125
2014-08-04 10:00:00,-0.9880075448098952,-0.37754482
2014-08-04 11:00:00,-1.0209240624093945,-0.3742046
2014-08-04 12:00:00,-1.0428684074757275,-0.27783686
2014-08-04 13:00:00,-1.0209240624093945,-0.33020067
2014-08-04 14:00:00,-1.0209240624093945,-0.3838373
2014-08-04 15:00:00,-1.0318962349425609,-0.42935187
2014-08-04 16:00:00,-1.053840580008894,-0.43739486
2014-08-04 17:00:00,-1.0209240624093945,-0.3974555
2014-08-04 18:00:00,-1.0209240624093945,-0.44603813
2014-08-04 19:00:00,-1.053840580008894,-0.3466422
2014-08-04 20:00:00,-1.075784925075227,-0.37727132
2014-08-04 21:00:00,-1.075784925075227,-0.32195458
2014-08-04 22:00:00,-1.053840580008894,-0.36527747
2014-08-04 23:00:00,-1.053840580008894,-0.30712694
2014-08-05 00:00:00,-1.0318962349425609,-0.49005467
2014-08-05 01:00:00,-0.9441188546772292,-0.36199766
2014-08-05 02:00:00,-0.9550910272103956,-0.3953261
2014-08-05 03:00:00,-0.9880075448098952,-0.29735827
2014-08-05 04:00:00,-1.009951889876228,-0.4039362
2014-08-05 05:00:00,-0.9989797173430616,-0.41402757
2014-08-05 06:00:00,-0.9770353722767288,-0.409163
2014-08-05 07:00:00,-0.9441188546772292,-0.48901826
2014-08-05 08:00:00,-0.9221745096108964,-0.6236247
2014-08-05 09:00:00,-0.9441188546772292,-0.7802382
2014-08-05 10:00:00,-0.823424956812398,-0.8820253
2014-08-05 11:00:00,-0.823424956812398,-0.9236286
2014-08-05 12:00:00,-0.7575919216133993,-0.9084801
2014-08-05 13:00:00,-0.8014806117460651,-0.99503
2014-08-05 14:00:00,-0.8124527842792316,-0.8979236
2014-08-05 15:00:00,-0.7905084392128987,-0.94297737
2014-08-05 16:00:00,-0.7466197490802328,-0.95933986
2014-08-05 17:00:00,-0.5381484709500699,-0.9112501
2014-08-05 18:00:00,-0.7466197490802328,-0.8635067
2014-08-05 19:00:00,-0.823424956812398,-0.9064054
2014-08-05 20:00:00,-0.845369301878731,-0.90850556
2014-08-05 21:00:00,-0.8014806117460651,-0.91089433
2014-08-05 22:00:00,-0.7905084392128987,-0.89509356
2014-08-05 23:00:00,-0.8124527842792316,-0.8918696
2014-08-06 00:00:00,-0.7466197490802328,-0.840416
2014-08-06 01:00:00,-0.7246754040138998,-0.88702786
2014-08-06 02:00:00,-0.5710649885495693,-0.72292256
2014-08-06 03:00:00,-0.5600928160164028,-0.75497323
2014-08-06 04:00:00,-0.4393989181515716,-0.7820513
2014-08-06 05:00:00,-0.4064824005520722,-0.7831902
2014-08-06 06:00:00,-0.4174545730852387,-0.7945498
2014-08-06 07:00:00,-0.3516215378862399,-0.8071309
2014-08-06 08:00:00,-0.4064824005520722,-0.76787865
2014-08-06 09:00:00,-0.5491206434832363,-0.7968691
2014-08-06 10:00:00,-0.845369301878731,-0.6383589
2014-08-06 11:00:00,-0.9221745096108964,-0.5828758
2014-08-06 12:00:00,-1.009951889876228,-0.5252854
2014-08-06 13:00:00,-1.0318962349425609,-0.5749173
2014-08-06 14:00:00,-1.0648127525420603,-0.5912506
2014-08-06 15:00:00,-1.075784925075227,-0.5823391
2014-08-06 16:00:00,-1.0428684074757275,-0.5315724
2014-08-06 17:00:00,-1.053840580008894,-0.42838207
2014-08-06 18:00:00,-1.009951889876228,-0.37362736
2014-08-06 19:00:00,-0.9331466821440628,-0.4195785
2014-08-06 20:00:00,-0.823424956812398,-0.363194
2014-08-06 21:00:00,-0.7905084392128987,-0.32797402
2014-08-06 22:00:00,-0.5930093336159022,-0.30524313
2014-08-06 23:00:00,-0.3187050202867404,-0.23417121
2014-08-07 00:00:00,0.2737922965042488,-0.2735867
2014-08-07 01:00:00,0.4603192295680788,-0.40486467
2014-08-07 02:00:00,0.0543488458409194,-0.44883463
2014-08-07 03:00:00,0.0104601557082535,-0.39629582
2014-08-07 04:00:00,-0.121205914689744,-0.45666522
2014-08-07 05:00:00,-0.0773172245570781,-0.44250047
2014-08-07 06:00:00,-0.1650946048224099,-0.44970274
2014-08-07 07:00:00,-0.4174545730852387,-0.4747095
2014-08-07 08:00:00,-0.658842368814901,-0.5002238
2014-08-07 09:00:00,-0.5271762984169034,-0.56953394
2014-08-07 10:00:00,-0.4174545730852387,-0.6618115
2014-08-07 11:00:00,-0.494259780817404,-0.7684955
2014-08-07 12:00:00,-0.5710649885495693,-0.81991845
2014-08-07 13:00:00,-0.6478701962817346,-0.8355117
2014-08-07 14:00:00,-0.6698145413480675,-0.837105
2014-08-07 15:00:00,-0.6259258512154017,-0.86085564
2014-08-07 16:00:00,-0.6259258512154017,-0.68648595
2014-08-07 17:00:00,-0.6149536786822352,-0.6471871
2014-08-07 18:00:00,-0.6917588864144004,-0.6104021
2014-08-07 19:00:00,-0.658842368814901,-0.48522466
2014-08-07 20:00:00,-0.3955102280189058,-0.37505448
2014-08-07 21:00:00,-0.5710649885495693,-0.29336983
2014-08-07 22:00:00,-0.4832876082842375,-0.21571267
2014-08-07 23:00:00,-0.6478701962817346,-0.09506763
2014-08-08 00:00:00,-0.5710649885495693,0.09899143
2014-08-08 01:00:00,-0.7795362666797322,0.12100784
2014-08-08 02:00:00,-0.658842368814901,0.1521702
2014-08-08 03:00:00,-0.6368980237485681,0.091444485
2014-08-08 04:00:00,-0.5820371610827357,-0.04427796
2014-08-08 05:00:00,-0.5381484709500699,-0.13308874
2014-08-08 06:00:00,-0.3406493653530734,-0.16888373
2014-08-08 07:00:00,-0.2309276400214087,-0.2953663
2014-08-08 08:00:00,-0.1102337421565775,-0.36741757
2014-08-08 09:00:00,-0.1870389498887428,-0.42957437
2014-08-08 10:00:00,-0.2638441576209081,-0.45876908
2014-08-08 11:00:00,-0.1650946048224099,-0.3499149
2014-08-08 12:00:00,-0.307732847753574,-0.39161807
2014-08-08 13:00:00,-0.4832876082842375,-0.36932003
2014-08-08 14:00:00,-0.6039815061490686,-0.39584237
2014-08-08 15:00:00,-0.5930093336159022,-0.36356437
2014-08-08 16:00:00,-0.6698145413480675,-0.36310703
2014-08-08 17:00:00,-0.5600928160164028,-0.28422433
2014-08-08 18:00:00,-0.5600928160164028,-0.26768407
2014-08-08 19:00:00,-0.4174545730852387,-0.22178307
2014-08-08 20:00:00,-0.4503710906847381,-0.15881884
2014-08-08 21:00:00,-0.4613432632179046,-0.12782308
2014-08-08 22:00:00,-0.4503710906847381,-0.11610975
2014-08-08 23:00:00,-0.4393989181515716,-0.14469452
2014-08-09 00:00:00,-0.307732847753574,-0.20155479
2014-08-09 01:00:00,-0.3187050202867404,-0.14892961
2014-08-09 02:00:00,-0.1102337421565775,-0.34570572
2014-08-09 03:00:00,0.2189314338384165,-0.23495626
2014-08-09 04:00:00,0.2518479514379159,-0.17641227
2014-08-09 05:00:00,0.3505975042364141,-0.14507721
2014-08-09 06:00:00,0.4822635746344118,-0.2723147
2014-08-09 07:00:00,0.5919852999660764,-0.1757057
2014-08-09 08:00:00,0.6578183351650753,-0.1483423
2014-08-09 09:00:00,0.2628201239710824,-0.1049911
2014-08-09 10:00:00,-0.0553728794907452,-0.19360186
2014-08-09 11:00:00,-0.2199554674882422,-0.16435012
2014-08-09 12:00:00,-0.307732847753574,-0.24845588
2014-08-09 13:00:00,-0.329677192819907,-0.26712224
2014-08-09 14:00:00,-0.4613432632179046,-0.28625134
2014-08-09 15:00:00,-0.516204125883737,-0.31079167
2014-08-09 16:00:00,-0.5052319533505705,-0.31998026
2014-08-09 17:00:00,-0.6149536786822352,-0.31117025
2014-08-09 18:00:00,-0.7356475765470664,-0.25001764
2014-08-09 19:00:00,-0.5930093336159022,-0.23856714
2014-08-09 20:00:00,-0.6368980237485681,-0.24045205
2014-08-09 21:00:00,-0.494259780817404,-0.26694283
2014-08-09 22:00:00,-0.9331466821440628,-0.25300914
2014-08-09 23:00:00,-0.9002301645445634,-0.24737
2014-08-10 00:00:00,-0.9112023370777298,-0.21192358
2014-08-10 01:00:00,-0.8563414744118975,-0.20387915
2014-08-10 02:00:00,-0.8563414744118975,-0.21050236
2014-08-10 03:00:00,-0.8343971293455645,-0.1508071
2014-08-10 04:00:00,-0.867313646945064,-0.025452027
2014-08-10 05:00:00,-0.7905084392128987,-0.043576412
2014-08-10 06:00:00,-0.7575919216133993,-0.18197203
2014-08-10 07:00:00,-0.7575919216133993,-0.10365591
2014-08-10 08:00:00,-0.8343971293455645,-0.026698286
2014-08-10 09:00:00,-0.823424956812398,-0.057617076
2014-08-10 10:00:00,-0.6698145413480675,-0.1345832
2014-08-10 11:00:00,-0.680786713881234,-0.16920808
2014-08-10 12:00:00,-0.6917588864144004,-0.28797668
2014-08-10 13:00:00,-0.7027310589475669,-0.3031909
2014-08-10 14:00:00,-0.7466197490802328,-0.28859484
2014-08-10 15:00:00,-0.7685640941465657,-0.323824
2014-08-10 16:00:00,-0.845369301878731,-0.36286676
2014-08-10 17:00:00,-0.8782858194782304,-0.41514283
2014-08-10 18:00:00,-0.7905084392128987,-0.45865595
2014-08-10 19:00:00,-0.6259258512154017,-0.44946706
2014-08-10 20:00:00,-0.516204125883737,-0.43047523
2014-08-10 21:00:00,-0.5600928160164028,-0.40172273
2014-08-10 22:00:00,-0.516204125883737,-0.48268855
2014-08-10 23:00:00,-0.2418998125545752,-0.46430573
2014-08-11 00:00:00,-0.1541224322892434,-0.6137854
2014-08-11 01:00:00,-0.3845380554857393,-0.6113387
2014-08-11 02:00:00,-0.4613432632179046,-0.6649676
2014-08-11 03:00:00,-0.516204125883737,-0.5371862
2014-08-11 04:00:00,-0.8124527842792316,-0.65858126
2014-08-11 05:00:00,-0.8782858194782304,-0.6778464
2014-08-11 06:00:00,-0.966063199743562,-0.8120199
2014-08-11 07:00:00,-0.9550910272103956,-0.7679037
2014-08-11 08:00:00,-0.966063199743562,-0.6991296
2014-08-11 09:00:00,-0.966063199743562,-0.6936752
2014-08-11 10:00:00,-1.0318962349425609,-0.711313
2014-08-11 11:00:00,-0.9770353722767288,-0.5942454
2014-08-11 12:00:00,-1.0318962349425609,-0.7320513
2014-08-11 13:00:00,-1.0318962349425609,-0.6543273
2014-08-11 14:00:00,-0.9770353722767288,-0.5989661
2014-08-11 15:00:00,-0.9880075448098952,-0.6183068
2014-08-11 16:00:00,-0.9989797173430616,-0.61401606
2014-08-11 17:00:00,-0.9989797173430616,-0.59637517
2014-08-11 18:00:00,-0.9441188546772292,-0.58523214
2014-08-11 19:00:00,-0.867313646945064,-0.481327
2014-08-11 20:00:00,-0.8563414744118975,-0.41921738
2014-08-11 21:00:00,-0.845369301878731,-0.38655382
2014-08-11 22:00:00,-0.8014806117460651,-0.48412567
2014-08-11 23:00:00,-0.6368980237485681,-0.45420682
2014-08-12 00:00:00,-0.5491206434832363,-0.36102247
2014-08-12 01:00:00,-0.472315435751071,-0.32874924
2014-08-12 02:00:00,-0.7795362666797322,-0.4251448
2014-08-12 03:00:00,-0.8124527842792316,-0.48249257
2014-08-12 04:00:00,-0.845369301878731,-0.63706404
2014-08-12 05:00:00,-0.9002301645445634,-0.68755764
2014-08-12 06:00:00,-0.9331466821440628,-0.75367606
2014-08-12 07:00:00,-0.966063199743562,-0.81007916
2014-08-12 08:00:00,-0.9112023370777298,-0.80965036
2014-08-12 09:00:00,-1.009951889876228,-0.8589943
2014-08-12 10:00:00,-0.9880075448098952,-0.8989195
2014-08-12 11:00:00,-0.966063199743562,-0.9314199
2014-08-12 12:00:00,-0.8892579920113969,-0.9856121
2014-08-12 13:00:00,-0.867313646945064,-0.80471325
2014-08-12 14:00:00,-0.7685640941465657,-0.8766213
2014-08-12 15:00:00,-0.7356475765470664,-0.7908581
2014-08-12 16:00:00,-0.7905084392128987,-0.6875641
2014-08-12 17:00:00,-0.8343971293455645,-0.6587437
2014-08-12 18:00:00,-0.7575919216133993,-0.53798664
2014-08-12 19:00:00,-0.658842368814901,-0.40141106
2014-08-12 20:00:00,-0.7795362666797322,-0.3537976
2014-08-12 21:00:00,-0.3955102280189058,-0.37283468
2014-08-12 22:00:00,-0.680786713881234,-0.33740872
2014-08-12 23:00:00,-0.8892579920113969,-0.3171634
2014-08-13 00:00:00,-0.845369301878731,-0.17939858
2014-08-13 01:00:00,-0.9550910272103956,-0.117327236
2014-08-13 02:00:00,-0.9331466821440628,-0.23170364
2014-08-13 03:00:00,-0.867313646945064,-0.40886188
2014-08-13 04:00:00,-0.9002301645445634,-0.388691
2014-08-13 05:00:00,-0.8892579920113969,-0.53359777
2014-08-13 06:00:00,-0.680786713881234,-0.5874471
2014-08-13 07:00:00,-0.7027310589475669,-0.6785278
2014-08-13 08:00:00,-0.7027310589475669,-0.75181264
2014-08-13 09:00:00,-0.516204125883737,-0.80357784
2014-08-13 10:00:00,-0.494259780817404,-0.6756716
2014-08-13 11:00:00,-0.6259258512154017,-0.67811924
2014-08-13 12:00:00,-0.680786713881234,-0.6697986
2014-08-13 13:00:00,-0.8124527842792316,-0.5566872
2014-08-13 14:00:00,-0.9112023370777298,-0.45190412
2014-08-13 15:00:00,-0.9112023370777298,-0.4187103
2014-08-13 16:00:00,-0.9331466821440628,-0.34151223
2014-08-13 17:00:00,-0.8892579920113969,-0.36663413
2014-08-13 18:00:00,-0.867313646945064,-0.30565608
2014-08-13 19:00:00,-0.8343971293455645,-0.22117418
2014-08-13 20:00:00,-0.8343971293455645,-0.20515694
2014-08-13 21:00:00,-0.8124527842792316,-0.14880718
2014-08-13 22:00:00,-0.8343971293455645,-0.21211165
2014-08-13 23:00:00,-0.867313646945064,-0.32502928
2014-08-14 00:00:00,-0.7795362666797322,-0.2758864
2014-08-14 01:00:00,-0.8892579920113969,-0.4486773
2014-08-14 02:00:00,-0.8563414744118975,-0.3707229
2014-08-14 03:00:00,-0.8563414744118975,-0.47042504
2014-08-14 04:00:00,-0.9221745096108964,-0.51743764
2014-08-14 05:00:00,-0.7905084392128987,-0.4430221
2014-08-14 06:00:00,-0.7137032314807333,-0.34369114
2014-08-14 07:00:00,-0.9112023370777298,-0.5405833
2014-08-14 08:00:00,-0.823424956812398,-0.47165433
2014-08-14 09:00:00,-0.8014806117460651,-0.45686015
2014-08-14 10:00:00,-0.8124527842792316,-0.5097494
2014-08-14 11:00:00,-0.8124527842792316,-0.56403756
2014-08-14 12:00:00,-0.7905084392128987,-0.505449
2014-08-14 13:00:00,-0.6368980237485681,-0.64684004
2014-08-14 14:00:00,-0.5710649885495693,-0.6844716
2014-08-14 15:00:00,-0.7575919216133993,-0.64335936
2014-08-14 16:00:00,-0.8014806117460651,-0.6938383
2014-08-14 17:00:00,-0.8124527842792316,-0.60519105
2014-08-14 18:00:00,-0.7137032314807333,-0.6084357
2014-08-14 19:00:00,-0.7466197490802328,-0.61718535
2014-08-14 20:00:00,-0.680786713881234,-0.65072256
2014-08-14 21:00:00,-0.6917588864144004,-0.55292326
2014-08-14 22:00:00,-0.8124527842792316,-0.50277597
2014-08-14 23:00:00,-0.9112023370777298,-0.57022816
2014-08-15 00:00:00,-0.7466197490802328,-0.57795423
2014-08-15 01:00:00,-0.8124527842792316,-0.44646418
2014-08-15 02:00:00,-0.7246754040138998,-0.60081065
2014-08-15 03:00:00,-0.7466197490802328,-0.547249
2014-08-15 04:00:00,-0.845369301878731,-0.6252398
2014-08-15 05:00:00,-0.7137032314807333,-0.5404395
2014-08-15 06:00:00,-0.3187050202867404,-0.41147512
2014-08-15 07:00:00,0.02143232824142,-0.54181916
2014-08-15 08:00:00,0.2299036063715829,-0.6321026
2014-08-15 09:00:00,0.1530983986394176,-0.6466514
2014-08-15 10:00:00,-0.3955102280189058,-0.5714208
2014-08-15 11:00:00,-0.5820371610827357,-0.4706981
2014-08-15 12:00:00,-0.8124527842792316,-0.5349533
2014-08-15 13:00:00,-0.9112023370777298,-0.49597222
2014-08-15 14:00:00,-0.966063199743562,-0.44815558
2014-08-15 15:00:00,-0.9112023370777298,-0.45603263
2014-08-15 16:00:00,-0.7246754040138998,-0.46666855
2014-08-15 17:00:00,-0.5710649885495693,-0.48849028
2014-08-15 18:00:00,-0.8563414744118975,-0.5027506
2014-08-15 19:00:00,-0.7685640941465657,-0.45465085
2014-08-15 20:00:00,-0.8014806117460651,-0.38716787
2014-08-15 21:00:00,-0.8343971293455645,-0.3722722
2014-08-15 22:00:00,-0.7905084392128987,-0.36888674
2014-08-15 23:00:00,-0.7356475765470664,-0.368024
2014-08-16 00:00:00,-0.494259780817404,-0.371678
2014-08-16 01:00:00,-0.329677192819907,-0.29570097
2014-08-16 02:00:00,-0.3187050202867404,-0.43801546
2014-08-16 03:00:00,-0.1321780872229105,-0.47408274
2014-08-16 04:00:00,-0.1980111224219093,-0.40814728
2014-08-16 05:00:00,-0.5271762984169034,-0.5275551
2014-08-16 06:00:00,-0.5930093336159022,-0.41949302
2014-08-16 07:00:00,-0.7356475765470664,-0.19955361
2014-08-16 08:00:00,-0.6917588864144004,-0.23017108
2014-08-16 09:00:00,-0.5600928160164028,-0.29658845
2014-08-16 10:00:00,-0.3187050202867404,-0.25167757
2014-08-16 11:00:00,-0.3516215378862399,-0.56637895
2014-08-16 12:00:00,-0.5710649885495693,-0.5338997
2014-08-16 13:00:00,-0.6149536786822352,-0.4693633
2014-08-16 14:00:00,-0.680786713881234,-0.5334694
2014-08-16 15:00:00,-0.7905084392128987,-0.5497785
2014-08-16 16:00:00,-0.5271762984169034,-0.4349935
2014-08-16 17:00:00,-0.4064824005520722,-0.4295315
2014-08-16 18:00:00,-0.4832876082842375,-0.41137782
2014-08-16 19:00:00,-0.4284267456184051,-0.36884874
2014-08-16 20:00:00,-0.2857885026872411,-0.2948804
2014-08-16 21:00:00,-0.2199554674882422,-0.2530616
2014-08-16 22:00:00,-0.121205914689744,-0.21292245
2014-08-16 23:00:00,-0.0334285344244122,-0.20265342
2014-08-17 00:00:00,0.7894844055630729,-0.20147164
2014-08-17 01:00:00,1.1954547892902323,-0.14034992
2014-08-17 02:00:00,-0.307732847753574,-0.13487947
2014-08-17 03:00:00,-0.8892579920113969,-0.18979137
2014-08-17 04:00:00,-0.845369301878731,-0.2513318
2014-08-17 05:00:00,-0.7575919216133993,-0.34687558
2014-08-17 06:00:00,-0.8014806117460651,-0.4282794
2014-08-17 07:00:00,-0.7356475765470664,-0.38248104
2014-08-17 08:00:00,-0.680786713881234,-0.54556507
2014-08-17 09:00:00,-0.7027310589475669,-0.59052145
2014-08-17 10:00:00,-0.6698145413480675,-0.3768735
2014-08-17 11:00:00,-0.6149536786822352,-0.26271743
2014-08-17 12:00:00,-0.6917588864144004,-0.27644116
2014-08-17 13:00:00,-0.7027310589475669,-0.30515614
2014-08-17 14:00:00,-0.7905084392128987,-0.37128884
2014-08-17 15:00:00,-0.680786713881234,-0.3905572
2014-08-17 16:00:00,-0.845369301878731,-0.3574506
2014-08-17 17:00:00,-0.8782858194782304,-0.25264353
2014-08-17 18:00:00,-0.8782858194782304,-0.19049601
2014-08-17 19:00:00,-0.7137032314807333,-0.19973762
2014-08-17 20:00:00,-0.6149536786822352,-0.08913835
2014-08-17 21:00:00,-0.494259780817404,-0.036867358
2014-08-17 22:00:00,-0.2967606752204075,-0.007215211
2014-08-17 23:00:00,-0.2089832949550758,0.09596481
2014-08-18 00:00:00,-0.0773172245570781,0.22072889
2014-08-18 01:00:00,-0.0992615696234111,0.36490875
2014-08-18 02:00:00,-0.5381484709500699,0.18215267
2014-08-18 03:00:00,-0.4832876082842375,-0.170968
2014-08-18 04:00:00,-0.4832876082842375,-0.33400267
2014-08-18 05:00:00,-0.7246754040138998,-0.3575887
2014-08-18 06:00:00,-0.7137032314807333,-0.3520547
2014-08-18 07:00:00,-0.8014806117460651,-0.23861217
2014-08-18 08:00:00,-0.8124527842792316,-0.41026655
2014-08-18 09:00:00,-0.6698145413480675,-0.48639077
2014-08-18 10:00:00,-0.7137032314807333,-0.5103512
2014-08-18 11:00:00,-0.680786713881234,-0.5110281
2014-08-18 12:00:00,-0.4503710906847381,-0.50130004
2014-08-18 13:00:00,-0.3406493653530734,-0.40368664
2014-08-18 14:00:00,-0.2199554674882422,-0.46259677
2014-08-18 15:00:00,-0.2857885026872411,-0.3861934
2014-08-18 16:00:00,-0.3187050202867404,-0.41192603
2014-08-18 17:00:00,-0.3516215378862399,-0.41062564
2014-08-18 18:00:00,-0.3845380554857393,-0.34601963
2014-08-18 19:00:00,-0.3187050202867404,-0.35127938
2014-08-18 20:00:00,-0.3187050202867404,-0.2979606
2014-08-18 21:00:00,-0.2857885026872411,-0.13873431
2014-08-18 22:00:00,-0.472315435751071,-0.18073396
2014-08-18 23:00:00,-0.4393989181515716,-0.045835175
2014-08-19 00:00:00,-0.2857885026872411,-0.0007031355
2014-08-19 01:00:00,-0.4284267456184051,0.0016307589
2014-08-19 02:00:00,-0.3735658829525728,-0.17870001
2014-08-19 03:00:00,-0.2857885026872411,-0.2823741
2014-08-19 04:00:00,-0.1321780872229105,-0.184176
2014-08-19 05:00:00,-0.0663450520239117,-0.2543307
2014-08-19 06:00:00,-0.0334285344244122,-0.34659693
2014-08-19 07:00:00,0.1201818810399182,-0.3860872
2014-08-19 08:00:00,0.0762931909072524,-0.5411888
2014-08-19 09:00:00,0.2518479514379159,-0.5201994
2014-08-19 10:00:00,-0.0334285344244122,-0.35840714
2014-08-19 11:00:00,-0.0773172245570781,-0.4154706
2014-08-19 12:00:00,-0.2418998125545752,-0.34770644
2014-08-19 13:00:00,-0.3406493653530734,-0.213337
2014-08-19 14:00:00,-0.4284267456184051,-0.20018625
2014-08-19 15:00:00,-0.494259780817404,-0.16191374
2014-08-19 16:00:00,-0.5710649885495693,-0.12756968
2014-08-19 17:00:00,-0.9550910272103956,-0.14260031
2014-08-19 18:00:00,-0.4503710906847381,-0.1178549
2014-08-19 19:00:00,-0.2857885026872411,-0.09699779
2014-08-19 20:00:00,-0.2199554674882422,-0.090310104
2014-08-19 21:00:00,-0.1760667773555763,-0.066994675
2014-08-19 22:00:00,-0.2418998125545752,-0.11852362
2014-08-19 23:00:00,-0.329677192819907,-0.14825001
2014-08-20 00:00:00,-0.2967606752204075,-0.114909716
2014-08-20 01:00:00,-0.3187050202867404,-0.122744076
2014-08-20 02:00:00,-0.3516215378862399,-0.01911878
2014-08-20 03:00:00,-0.1321780872229105,-0.14352432
2014-08-20 04:00:00,-0.0114841893580793,-0.1331367
2014-08-20 05:00:00,0.0433766733077529,0.005846983
2014-08-20 06:00:00,0.0653210183740859,-3.222376e-07
2014-08-20 07:00:00,0.1640705711725841,-0.1038999
2014-08-20 08:00:00,0.1311540535730847,-0.1155254
2014-08-20 09:00:00,0.1530983986394176,-0.07566767
2014-08-20 10:00:00,0.0762931909072524,-0.024180407
2014-08-20 11:00:00,-0.0114841893580793,-0.030929336
2014-08-20 12:00:00,-0.2089832949550758,-0.003782088
2014-08-20 13:00:00,-0.3406493653530734,-0.15712632
2014-08-20 14:00:00,-0.3406493653530734,-0.15714262
2014-08-20 15:00:00,-0.2528719850877416,-0.1649943
2014-08-20 16:00:00,-0.2287332055147754,-0.15089908
2014-08-20 17:00:00,-0.2045944259418091,-0.25697562
2014-08-20 18:00:00,-0.180455646368843,-0.23297736
2014-08-20 19:00:00,-0.1563168667958767,-0.1535361
2014-08-20 20:00:00,-0.1321780872229105,-0.09565771
2014-08-20 21:00:00,-0.1080393076499442,-0.005103195
2014-08-20 22:00:00,-0.0839005280769779,-0.044401266
2014-08-20 23:00:00,-0.0597617485040118,-0.09341527
2014-08-21 00:00:00,-0.0356229689310456,-0.11204807
2014-08-21 01:00:00,-0.0114841893580793,-0.08902762
2014-08-21 02:00:00,0.1311540535730847,-0.13756822
2014-08-21 03:00:00,0.20795926130525,-0.13704862
2014-08-21 04:00:00,0.2408757789047494,-0.09910733
2014-08-21 05:00:00,0.3615696767695806,-0.12664613
2014-08-21 06:00:00,0.3615696767695806,-0.15475461
2014-08-21 07:00:00,0.4383748845017459,-0.21071458
2014-08-21 08:00:00,0.58101312743291,-0.13500151
2014-08-21 09:00:00,0.8004565780962394,-0.1206223
2014-08-21 10:00:00,0.7565678879635735,-0.1344826
2014-08-21 11:00:00,0.6907348527645747,-0.08393545
2014-08-21 12:00:00,0.4164305394354129,-0.19766079
2014-08-21 13:00:00,0.4493470570349123,-0.33054975
2014-08-21 14:00:00,0.4054583669022464,-0.2948186
2014-08-21 15:00:00,0.3725418493027471,-0.24409696
2014-08-21 16:00:00,0.2518479514379159,-0.25899315
2014-08-21 17:00:00,0.1421262261062512,-0.16539277
2014-08-21 18:00:00,0.1640705711725841,-0.16273937
2014-08-21 19:00:00,0.2518479514379159,-0.13604371
2014-08-21 20:00:00,0.4932357471675782,-0.15507309
2014-08-21 21:00:00,-0.3406493653530734,-0.17547157
2014-08-21 22:00:00,-0.8892579920113969,-0.13861059
2014-08-21 23:00:00,-0.8124527842792316,-0.10863886
2014-08-22 00:00:00,-0.8563414744118975,-0.09168213
2014-08-22 01:00:00,-0.845369301878731,-0.11174918
2014-08-22 02:00:00,-0.867313646945064,0.021750009
2014-08-22 03:00:00,-0.845369301878731,-0.0345181
2014-08-22 04:00:00,-0.9002301645445634,-0.08381633
2014-08-22 05:00:00,-0.8343971293455645,0.0073828604
2014-08-22 06:00:00,-0.7685640941465657,-0.09846299
2014-08-22 07:00:00,-0.8892579920113969,-0.056144632
2014-08-22 08:00:00,-0.845369301878731,0.061578058
2014-08-22 09:00:00,-0.8892579920113969,0.14796522
2014-08-22 10:00:00,-0.8563414744118975,0.19591492
2014-08-22 11:00:00,-0.7575919216133993,0.20087615
2014-08-22 12:00:00,-0.6368980237485681,0.10823835
2014-08-22 13:00:00,-0.6478701962817346,0.058424763
2014-08-22 14:00:00,-0.4832876082842375,0.05772049
2014-08-22 15:00:00,-0.307732847753574,0.053677373
2014-08-22 16:00:00,-0.2638441576209081,0.027170917
2014-08-22 17:00:00,-0.1431502597560769,-0.009762118
2014-08-22 18:00:00,-0.0992615696234111,-0.0072661582
2014-08-22 19:00:00,-0.0334285344244122,0.012965685
2014-08-22 20:00:00,0.1092097085067518,-0.021252954
2014-08-22 21:00:00,0.2628201239710824,-0.06363254
2014-08-22 22:00:00,0.2518479514379159,-0.28686807
2014-08-22 23:00:00,0.1092097085067518,-0.39676845
2014-08-23 00:00:00,0.1640705711725841,-0.44868833
2014-08-23 01:00:00,0.2189314338384165,-0.48150408
2014-08-23 02:00:00,0.5371244373002441,-0.5671888
2014-08-23 03:00:00,0.4603192295680788,-0.43658072
2014-08-23 04:00:00,0.4603192295680788,-0.44698644
2014-08-23 05:00:00,0.3067088141037483,-0.5465424
2014-08-23 06:00:00,0.2189314338384165,-0.5236813
2014-08-23 07:00:00,0.4164305394354129,-0.58135104
2014-08-23 08:00:00,0.3725418493027471,-0.6883168
2014-08-23 09:00:00,0.58101312743291,-0.5163377
2014-08-23 10:00:00,0.3615696767695806,-0.54014355
2014-08-23 11:00:00,0.3725418493027471,-0.5141317
2014-08-23 12:00:00,0.1750427437057506,-0.36091328
2014-08-23 13:00:00,0.0653210183740859,-0.3935978
2014-08-23 14:00:00,-0.1431502597560769,-0.4267884
2014-08-23 15:00:00,-0.1870389498887428,-0.27284455
2014-08-23 16:00:00,0.0872653634404188,-0.28651124
2014-08-23 17:00:00,-0.0553728794907452,-0.21327837
2014-08-23 18:00:00,0.0433766733077529,-0.1819327
2014-08-23 19:00:00,0.1969870887720835,-0.18198302
2014-08-23 20:00:00,0.3615696767695806,-0.05868549
2014-08-23 21:00:00,0.5590687823665771,-0.0030658487
2014-08-23 22:00:00,0.7785122330299065,0.07124848
2014-08-23 23:00:00,-0.7137032314807333,0.062195547
2014-08-24 00:00:00,-0.8124527842792316,0.028822398
2014-08-24 01:00:00,-0.8782858194782304,0.030082723
2014-08-24 02:00:00,-0.823424956812398,0.089202695
2014-08-24 03:00:00,-0.7575919216133993,0.14896993
2014-08-24 04:00:00,-0.7137032314807333,0.15654403
2014-08-24 05:00:00,-0.6698145413480675,0.10467274
2014-08-24 06:00:00,-0.6039815061490686,-0.084081024
2014-08-24 07:00:00,-0.7795362666797322,0.03657619
2014-08-24 08:00:00,-1.0648127525420603,0.1160417
2014-08-24 09:00:00,-1.0318962349425609,0.17934981
2014-08-24 10:00:00,-1.0209240624093945,0.14341407
2014-08-24 11:00:00,-1.0428684074757275,0.1275141
2014-08-24 12:00:00,-1.053840580008894,-0.055610202
2014-08-24 13:00:00,-1.009951889876228,-0.052647375
2014-08-24 14:00:00,-1.0318962349425609,-0.08617595
2014-08-24 15:00:00,-0.9880075448098952,-0.14794742
2014-08-24 16:00:00,-1.0209240624093945,-0.1368853
2014-08-24 17:00:00,-1.0318962349425609,-0.105822794
2014-08-24 18:00:00,-1.0209240624093945,-0.10208248
2014-08-24 19:00:00,-0.966063199743562,-0.048020177
2014-08-24 20:00:00,-0.9112023370777298,-0.005520204
2014-08-24 21:00:00,-0.5930093336159022,0.13164127
2014-08-24 22:00:00,-0.6149536786822352,0.17337236
2014-08-24 23:00:00,-0.680786713881234,-0.08668362
2014-08-25 00:00:00,-0.823424956812398,-0.39439097
2014-08-25 01:00:00,-0.9221745096108964,-0.49781507
2014-08-25 02:00:00,-0.8014806117460651,-0.5779968
2014-08-25 03:00:00,-0.8343971293455645,-0.51630247
2014-08-25 04:00:00,-0.8014806117460651,-0.39065808
2014-08-25 05:00:00,-0.8892579920113969,-0.443138
2014-08-25 06:00:00,-0.9331466821440628,-0.4699489
2014-08-25 07:00:00,-0.9221745096108964,-0.45434058
2014-08-25 08:00:00,-0.9112023370777298,-0.6485935
2014-08-25 09:00:00,-0.9112023370777298,-0.79863447
2014-08-25 10:00:00,-0.9880075448098952,-0.77836686
2014-08-25 11:00:00,-1.0209240624093945,-0.7991012
2014-08-25 12:00:00,-1.0209240624093945,-0.672039
2014-08-25 13:00:00,-0.9989797173430616,-0.6033249
2014-08-25 14:00:00,-1.0209240624093945,-0.57273656
2014-08-25 15:00:00,-0.9989797173430616,-0.49606055
2014-08-25 16:00:00,-1.0318962349425609,-0.4999315
2014-08-25 17:00:00,-1.0318962349425609,-0.5221382
2014-08-25 18:00:00,-1.009951889876228,-0.4893372
2014-08-25 19:00:00,-0.9770353722767288,-0.41644657
2014-08-25 20:00:00,-0.9002301645445634,-0.3365649
2014-08-25 21:00:00,-0.867313646945064,-0.27088743
2014-08-25 22:00:00,-0.7685640941465657,-0.15990998
2014-08-25 23:00:00,-0.8124527842792316,-0.09225156
2014-08-26 00:00:00,-0.8124527842792316,-0.11871009
2014-08-26 01:00:00,-0.6478701962817346,-0.2762758
2014-08-26 02:00:00,-0.7137032314807333,-0.36790645
2014-08-26 03:00:00,-0.6698145413480675,-0.35338062
2014-08-26 04:00:00,-0.658842368814901,-0.4412728
2014-08-26 05:00:00,-0.845369301878731,-0.48593438
2014-08-26 06:00:00,-0.8014806117460651,-0.5441426
2014-08-26 07:00:00,-0.9331466821440628,-0.571143
2014-08-26 08:00:00,-0.8892579920113969,-0.58993524
2014-08-26 09:00:00,-0.8892579920113969,-0.548947
2014-08-26 10:00:00,-0.9112023370777298,-0.6220045
2014-08-26 11:00:00,-0.9112023370777298,-0.7059287
2014-08-26 12:00:00,-0.9550910272103956,-0.68621355
2014-08-26 13:00:00,-0.9880075448098952,-0.6870226
2014-08-26 14:00:00,-1.0318962349425609,-0.5964845
2014-08-26 15:00:00,-1.009951889876228,-0.4991169
2014-08-26 16:00:00,-0.9880075448098952,-0.47335702
2014-08-26 17:00:00,-1.0318962349425609,-0.42009878
2014-08-26 18:00:00,-0.9550910272103956,-0.345617
2014-08-26 19:00:00,-0.8892579920113969,-0.2750604
2014-08-26 20:00:00,-0.8014806117460651,-0.22322202
2014-08-26 21:00:00,-0.7575919216133993,-0.17912129
2014-08-26 22:00:00,-0.7795362666797322,-0.15439661
2014-08-26 23:00:00,-0.6698145413480675,-0.1965611
2014-08-27 00:00:00,-0.472315435751071,-0.09526522
2014-08-27 01:00:00,-0.3187050202867404,0.007475948
2014-08-27 02:00:00,-0.3516215378862399,0.023451423
2014-08-27 03:00:00,-0.2309276400214087,-0.0015392248
2014-08-27 04:00:00,-0.121205914689744,-0.07355278
2014-08-27 05:00:00,-0.6039815061490686,-0.20636106
2014-08-27 06:00:00,-0.7575919216133993,-0.25164762
2014-08-27 07:00:00,-0.867313646945064,-0.33580884
2014-08-27 08:00:00,-0.8014806117460651,-0.4269439
2014-08-27 09:00:00,-0.8343971293455645,-0.4441169
2014-08-27 10:00:00,-0.7685640941465657,-0.48003823
2014-08-27 11:00:00,-0.823424956812398,-0.3503483
2014-08-27 12:00:00,-0.680786713881234,-0.3756796
2014-08-27 13:00:00,-0.6259258512154017,-0.52585506
2014-08-27 14:00:00,-0.5710649885495693,-0.41224995
2014-08-27 15:00:00,-0.5710649885495693,-0.30594265
2014-08-27 16:00:00,-0.5820371610827357,-0.28616327
2014-08-27 17:00:00,-0.4064824005520722,-0.16368784
2014-08-27 18:00:00,-0.4174545730852387,-0.11786356
2014-08-27 19:00:00,-0.3625937104194063,-0.08980564
2014-08-27 20:00:00,-0.2967606752204075,-0.04611904
2014-08-27 21:00:00,-0.1980111224219093,0.064237215
2014-08-27 22:00:00,-0.0663450520239117,0.072527744
2014-08-27 23:00:00,-0.0773172245570781,0.026995247
2014-08-28 00:00:00,-0.121205914689744,0.08285876
2014-08-28 01:00:00,-0.1102337421565775,0.24868238
2014-08-28 02:00:00,-0.0005120168249128,0.29081482
2014-08-28 03:00:00,0.0324045007745865,0.31178486
2014-08-28 04:00:00,0.0872653634404188,0.3224224
2014-08-28 05:00:00,-0.0992615696234111,0.22549415
2014-08-28 06:00:00,-0.1870389498887428,0.030014148
2014-08-28 07:00:00,-0.3406493653530734,-0.14745942
2014-08-28 08:00:00,-0.3955102280189058,-0.23328093
2014-08-28 09:00:00,-0.3625937104194063,-0.32932234
2014-08-28 10:00:00,-0.4174545730852387,-0.31570846
2014-08-28 11:00:00,-0.3516215378862399,-0.23557726
2014-08-28 12:00:00,-0.3735658829525728,-0.2840216
2014-08-28 13:00:00,-0.4393989181515716,-0.1733286
2014-08-28 14:00:00,-0.2967606752204075,-0.18547316
2014-08-28 15:00:00,-0.2199554674882422,-0.19434091
2014-08-28 16:00:00,-0.2199554674882422,-0.11776971
2014-08-28 17:00:00,-0.1760667773555763,-0.05005484
2014-08-28 18:00:00,-0.0224563618912458,-0.031509183
2014-08-28 19:00:00,-0.0114841893580793,0.06346186
2014-08-28 20:00:00,0.3176809866369147,0.17245284
2014-08-28 21:00:00,0.2737922965042488,0.22678927
2014-08-28 22:00:00,-0.2857885026872411,0.2747056
2014-08-28 23:00:00,-0.4613432632179046,0.298245
2014-08-29 00:00:00,-0.2309276400214087,0.27855903
2014-08-29 01:00:00,-0.2528719850877416,0.22830704
2014-08-29 02:00:00,-0.2199554674882422,0.21089765
2014-08-29 03:00:00,-0.1650946048224099,0.22025432
2014-08-29 04:00:00,-0.2857885026872411,0.10069943
2014-08-29 05:00:00,-0.2418998125545752,-0.0044209603
2014-08-29 06:00:00,-0.1102337421565775,0.1023011
2014-08-29 07:00:00,-0.121205914689744,0.08974738
2014-08-29 08:00:00,-0.3516215378862399,0.052909918
2014-08-29 09:00:00,-0.3187050202867404,-0.00020676292
2014-08-29 10:00:00,-0.3735658829525728,-0.010050887
2014-08-29 11:00:00,-0.4503710906847381,-0.0965397
2014-08-29 12:00:00,-0.5600928160164028,-0.13601255
2014-08-29 13:00:00,-0.4174545730852387,-0.038541958
2014-08-29 14:00:00,-0.2857885026872411,0.009035235
2014-08-29 15:00:00,-0.2089832949550758,0.009491717
2014-08-29 16:00:00,-0.1650946048224099,0.1399941
2014-08-29 17:00:00,-0.1321780872229105,0.110790364
2014-08-29 18:00:00,-0.1431502597560769,0.09832791
2014-08-29 19:00:00,-0.0553728794907452,0.15091883
2014-08-29 20:00:00,0.2299036063715829,0.15628085
2014-08-29 21:00:00,0.4274027119685794,0.23574977
2014-08-29 22:00:00,0.3505975042364141,0.10475468
2014-08-29 23:00:00,0.1201818810399182,0.04794485
2014-08-30 00:00:00,0.0762931909072524,-0.029015685
2014-08-30 01:00:00,0.02143232824142,-0.01628677
2014-08-30 02:00:00,0.2737922965042488,-0.0018291716
2014-08-30 03:00:00,0.8114287506294059,0.030238992
2014-08-30 04:00:00,0.5590687823665771,-0.14576161
2014-08-30 05:00:00,0.5919852999660764,-0.18290925
2014-08-30 06:00:00,0.6907348527645747,-0.23487312
2014-08-30 07:00:00,0.5261522647670777,-0.29155856
2014-08-30 08:00:00,0.5700409548997435,-0.16693793
2014-08-30 09:00:00,0.5590687823665771,-0.13838814
2014-08-30 10:00:00,0.6578183351650753,-0.2320053
2014-08-30 11:00:00,0.8004565780962394,-0.11367913
2014-08-30 12:00:00,1.0528165463590682,-0.14003718
2014-08-30 13:00:00,0.8882339583615712,-0.1132965
2014-08-30 14:00:00,0.910178303427904,-0.06575445
2014-08-30 15:00:00,0.3286531591700812,0.0019559022
2014-08-30 16:00:00,0.6358739900987423,0.03431181
2014-08-30 17:00:00,0.7017070252977412,0.01608104
2014-08-30 18:00:00,0.5371244373002441,0.047066428
2014-08-30 19:00:00,0.4493470570349123,0.099244215
2014-08-30 20:00:00,0.4712914021012453,0.19045053
2014-08-30 21:00:00,0.4712914021012453,0.28872293
2014-08-30 22:00:00,0.4164305394354129,0.350591
2014-08-30 23:00:00,0.02143232824142,0.28929058
2014-08-31 00:00:00,-0.0005120168249128,0.26061502
2014-08-31 01:00:00,0.0762931909072524,0.12936014
2014-08-31 02:00:00,0.3396253317032476,0.22806665
2014-08-31 03:00:00,0.4274027119685794,0.39438254
2014-08-31 04:00:00,0.2299036063715829,0.41576895
2014-08-31 05:00:00,-0.0334285344244122,0.2887256
2014-08-31 06:00:00,-0.1541224322892434,0.2418871
2014-08-31 07:00:00,-0.1650946048224099,0.2584634
2014-08-31 08:00:00,-0.2309276400214087,0.25424728
2014-08-31 09:00:00,-0.2199554674882422,0.32357687
2014-08-31 10:00:00,0.0543488458409194,0.38458258
2014-08-31 11:00:00,-0.4284267456184051,0.29657477
2014-08-31 12:00:00,-0.4613432632179046,0.24432664
2014-08-31 13:00:00,-0.494259780817404,0.29551205
2014-08-31 14:00:00,-0.3845380554857393,0.28720143
2014-08-31 15:00:00,-0.2418998125545752,0.28811225
2014-08-31 16:00:00,-0.2309276400214087,0.27274376
2014-08-31 17:00:00,-0.3187050202867404,0.24401748
2014-08-31 18:00:00,-0.307732847753574,0.21337274
2014-08-31 19:00:00,-0.2748163301540746,0.30869925
2014-08-31 20:00:00,-0.0773172245570781,0.2774892
2014-08-31 21:00:00,-0.0114841893580793,0.22380343
2014-08-31 22:00:00,0.0433766733077529,0.24939305
2014-08-31 23:00:00,0.0433766733077529,0.114959754
2014-09-01 00:00:00,0.0324045007745865,-0.026672104
2014-09-01 01:00:00,-0.0444007069575787,0.0808478
2014-09-01 02:00:00,-0.0553728794907452,0.15606982
2014-09-01 03:00:00,-0.1431502597560769,0.0493489
2014-09-01 04:00:00,-0.0444007069575787,-0.0034245718
2014-09-01 05:00:00,0.02143232824142,-0.04091797
2014-09-01 06:00:00,0.0104601557082535,-0.20725486
2014-09-01 07:00:00,0.0653210183740859,-0.09961883
2014-09-01 08:00:00,0.0982375359735853,-0.08810007
2014-09-01 09:00:00,0.2518479514379159,-0.13007045
2014-09-01 10:00:00,0.3505975042364141,-0.18818654
2014-09-01 11:00:00,0.4274027119685794,-0.2680115
2014-09-01 12:00:00,0.4822635746344118,-0.28492734
2014-09-01 13:00:00,0.58101312743291,-0.31114727
2014-09-01 14:00:00,0.5042079197007447,-0.32511762
2014-09-01 15:00:00,0.6907348527645747,-0.20863765
2014-09-01 16:00:00,-0.0553728794907452,-0.20246144
2014-09-01 17:00:00,0.5371244373002441,-0.26732117
2014-09-01 18:00:00,0.6249018175655758,-0.21889333
2014-09-01 19:00:00,0.6907348527645747,-0.30136
2014-09-01 20:00:00,0.8224009231625723,-0.2569631
2014-09-01 21:00:00,-0.1760667773555763,-0.16491139
2014-09-01 22:00:00,-0.823424956812398,-0.10549625
2014-09-01 23:00:00,-0.867313646945064,-0.1606423
2014-09-02 00:00:00,-0.7027310589475669,-0.18008675
2014-09-02 01:00:00,-0.5491206434832363,-0.13417509
2014-09-02 02:00:00,-0.4503710906847381,-0.07485712
2014-09-02 03:00:00,-0.5600928160164028,-0.08345995
2014-09-02 04:00:00,-0.7685640941465657,-0.0108790565
2014-09-02 05:00:00,-0.7905084392128987,-0.048175164
2014-09-02 06:00:00,-0.8014806117460651,-0.11280795
2014-09-02 07:00:00,-0.867313646945064,-0.02786872
2014-09-02 08:00:00,-0.867313646945064,-0.012832219
2014-09-02 09:00:00,-0.823424956812398,-0.022089774
2014-09-02 10:00:00,-0.7246754040138998,0.0719061
2014-09-02 11:00:00,-0.6917588864144004,0.091869034
2014-09-02 12:00:00,-0.6698145413480675,0.11068762
2014-09-02 13:00:00,-0.7027310589475669,0.18480548
2014-09-02 14:00:00,-0.8892579920113969,0.19313124
2014-09-02 15:00:00,-0.845369301878731,0.24443045
2014-09-02 16:00:00,-0.8343971293455645,0.03951419
2014-09-02 17:00:00,-0.823424956812398,0.096557915
2014-09-02 18:00:00,-0.966063199743562,0.16635066
2014-09-02 19:00:00,-0.9989797173430616,0.15419674
2014-09-02 20:00:00,-1.009951889876228,0.16369367
2014-09-02 21:00:00,-0.9880075448098952,0.01667357
2014-09-02 22:00:00,-1.0318962349425609,-0.31654227
2014-09-02 23:00:00,-0.9770353722767288,-0.36486226
2014-09-03 00:00:00,-0.9880075448098952,-0.3617549
2014-09-03 01:00:00,-0.9989797173430616,-0.21022005
2014-09-03 02:00:00,-0.9989797173430616,-0.2353974
2014-09-03 03:00:00,-0.966063199743562,-0.31144714
2014-09-03 04:00:00,-0.9989797173430616,-0.52192026
2014-09-03 05:00:00,-1.0209240624093945,-0.6416663
2014-09-03 06:00:00,-1.0318962349425609,-0.6749167
2014-09-03 07:00:00,-0.9441188546772292,-0.67130417
2014-09-03 08:00:00,-0.9770353722767288,-0.5409286
2014-09-03 09:00:00,-0.9112023370777298,-0.62060225
2014-09-03 10:00:00,-0.9221745096108964,-0.58674425
2014-09-03 11:00:00,-0.9550910272103956,-0.6902488
2014-09-03 12:00:00,-1.009951889876228,-0.53756094
2014-09-03 13:00:00,-0.966063199743562,-0.6846879
2014-09-03 14:00:00,-0.9880075448098952,-0.68344456
2014-09-03 15:00:00,-0.966063199743562,-0.65495294
2014-09-03 16:00:00,-0.9770353722767288,-0.698746
2014-09-03 17:00:00,-0.9221745096108964,-0.5734039
2014-09-03 18:00:00,-0.966063199743562,-0.6095757
2014-09-03 19:00:00,-0.9770353722767288,-0.7138836
2014-09-03 20:00:00,-0.9331466821440628,-0.6730489
2014-09-03 21:00:00,-0.867313646945064,-0.73504037
2014-09-03 22:00:00,-0.8892579920113969,-0.66034734
2014-09-03 23:00:00,-0.845369301878731,-0.63524336
2014-09-04 00:00:00,-0.845369301878731,-0.5974574
2014-09-04 01:00:00,-0.5381484709500699,-0.52515084
2014-09-04 02:00:00,-0.680786713881234,-0.65886635
2014-09-04 03:00:00,-0.5820371610827357,-0.62693816
2014-09-04 04:00:00,-0.5491206434832363,-0.6929367
2014-09-04 05:00:00,-0.5052319533505705,-0.62562793
2014-09-04 06:00:00,-0.516204125883737,-0.64345545
2014-09-04 07:00:00,-0.4832876082842375,-0.62525624
2014-09-04 08:00:00,-0.2089832949550758,-0.6087196
2014-09-04 09:00:00,-0.5710649885495693,-0.6884065
2014-09-04 10:00:00,-0.6149536786822352,-0.6638695
2014-09-04 11:00:00,-0.8014806117460651,-0.59889054
2014-09-04 12:00:00,-0.7575919216133993,-0.58937484
2014-09-04 13:00:00,-0.6039815061490686,-0.63328844
2014-09-04 14:00:00,-0.7356475765470664,-0.5391995
2014-09-04 15:00:00,-0.9112023370777298,-0.48272192
2014-09-04 16:00:00,-0.9331466821440628,-0.5077595
2014-09-04 17:00:00,-0.8014806117460651,-0.4842059
2014-09-04 18:00:00,-0.7137032314807333,-0.44111395
2014-09-04 19:00:00,-0.7575919216133993,-0.4610964
2014-09-04 20:00:00,-0.680786713881234,-0.44221932
2014-09-04 21:00:00,-0.4393989181515716,-0.35925198
2014-09-04 22:00:00,-0.5600928160164028,-0.23865002
2014-09-04 23:00:00,-0.5271762984169034,-0.21592714
2014-09-05 00:00:00,-0.4393989181515716,-0.37013856
2014-09-05 01:00:00,-0.4284267456184051,-0.38452792
2014-09-05 02:00:00,-0.3955102280189058,-0.42901585
2014-09-05 03:00:00,-0.2857885026872411,-0.34098917
2014-09-05 04:00:00,-0.2199554674882422,-0.29111475
2014-09-05 05:00:00,-0.2638441576209081,-0.40677184
2014-09-05 06:00:00,-0.329677192819907,-0.49949634
2014-09-05 07:00:00,-0.2967606752204075,-0.54882956
2014-09-05 08:00:00,-0.1541224322892434,-0.50950944
2014-09-05 09:00:00,-0.0773172245570781,-0.4424658
2014-09-05 10:00:00,-0.0444007069575787,-0.53700346
2014-09-05 11:00:00,0.0982375359735853,-0.6466068
2014-09-05 12:00:00,0.0982375359735853,-0.6089316
2014-09-05 13:00:00,0.1530983986394176,-0.5581666
2014-09-05 14:00:00,-0.1102337421565775,-0.5901039
2014-09-05 15:00:00,-0.2857885026872411,-0.6079759
2014-09-05 16:00:00,-0.2748163301540746,-0.60577315
2014-09-05 17:00:00,-0.3516215378862399,-0.60574037
2014-09-05 18:00:00,-0.329677192819907,-0.48854733
2014-09-05 19:00:00,-0.1321780872229105,-0.41467226
2014-09-05 20:00:00,0.4712914021012453,-0.33703142
2014-09-05 21:00:00,0.6029574724992429,-0.17676255
2014-09-05 22:00:00,0.5151800922339111,-0.1922766
2014-09-05 23:00:00,0.4712914021012453,-0.213494
2014-09-06 00:00:00,0.5261522647670777,-0.20769489
2014-09-06 01:00:00,0.6249018175655758,-0.2123436
2014-09-06 02:00:00,0.5700409548997435,-0.1840482
2014-09-06 03:00:00,0.5700409548997435,-0.32339
2014-09-06 04:00:00,0.5151800922339111,-0.23724937
2014-09-06 05:00:00,0.4712914021012453,-0.36335182
2014-09-06 06:00:00,0.4274027119685794,-0.41753685
2014-09-06 07:00:00,0.4603192295680788,-0.47002822
2014-09-06 08:00:00,0.4274027119685794,-0.4338286
2014-09-06 09:00:00,0.3615696767695806,-0.29272798
2014-09-06 10:00:00,0.4054583669022464,-0.21457446
2014-09-06 11:00:00,0.4164305394354129,-0.21115138
2014-09-06 12:00:00,0.4164305394354129,-0.13143168
2014-09-06 13:00:00,0.3505975042364141,-0.14672525
2014-09-06 14:00:00,0.3835140218359135,-0.12312905
2014-09-06 15:00:00,0.2957366415705817,-0.17896521
2014-09-06 16:00:00,0.0982375359735853,-0.17941175
2014-09-06 17:00:00,-0.0663450520239117,-0.18553716
2014-09-06 18:00:00,-0.0005120168249128,-0.16800362
2014-09-06 19:00:00,0.1092097085067518,-0.106189124
2014-09-06 20:00:00,0.2518479514379159,0.045050867
2014-09-06 21:00:00,0.3505975042364141,0.16045001
2014-09-06 22:00:00,0.4164305394354129,0.15909068
2014-09-06 23:00:00,0.5590687823665771,0.14015703
2014-09-07 00:00:00,0.6797626802314082,0.07273152
2014-09-07 01:00:00,0.6029574724992429,0.17854123
2014-09-07 02:00:00,0.4712914021012453,0.20924337
2014-09-07 03:00:00,0.4932357471675782,0.24654117
2014-09-07 04:00:00,0.5151800922339111,0.22729892
2014-09-07 05:00:00,0.5919852999660764,0.20928839
2014-09-07 06:00:00,0.6907348527645747,0.12834856
2014-09-07 07:00:00,0.76754006049674,0.22814846
2014-09-07 08:00:00,0.8114287506294059,0.1188604
2014-09-07 09:00:00,1.0528165463590682,0.12069356
2014-09-07 10:00:00,1.1735104442238993,0.14575776
2014-09-07 11:00:00,1.0747608914254012,0.16526622
2014-09-07 12:00:00,0.8333730956957388,0.14560829
2014-09-07 13:00:00,0.1201818810399182,0.1578945
2014-09-07 14:00:00,-0.1650946048224099,0.08979639
2014-09-07 15:00:00,-0.2309276400214087,0.13947411
2014-09-07 16:00:00,-0.0005120168249128,0.072604425
2014-09-07 17:00:00,0.0543488458409194,0.050563924
2014-09-07 18:00:00,0.1092097085067518,-0.014493281
2014-09-07 19:00:00,0.2518479514379159,-0.016988778
2014-09-07 20:00:00,0.2628201239710824,0.0453474
2014-09-07 21:00:00,0.3176809866369147,0.076009534
2014-09-07 22:00:00,0.4383748845017459,0.07599651
2014-09-07 23:00:00,0.6139296450324094,0.091837816
2014-09-08 00:00:00,0.0433766733077529,0.12759823
2014-09-08 01:00:00,-1.075784925075227,0.13630235
2014-09-08 02:00:00,-1.075784925075227,0.09202696
2014-09-08 03:00:00,-1.0318962349425609,0.051613607
2014-09-08 04:00:00,-1.0428684074757275,0.023355981
2014-09-08 05:00:00,-1.0428684074757275,0.014355263
2014-09-08 06:00:00,-1.0318962349425609,0.14962323
2014-09-08 07:00:00,-1.0648127525420603,0.15805003
2014-09-08 08:00:00,-1.0648127525420603,0.14524499
2014-09-08 09:00:00,-1.0209240624093945,0.23217715
2014-09-08 10:00:00,-1.0209240624093945,0.27415898
2014-09-08 11:00:00,-1.0648127525420603,0.22591104
2014-09-08 12:00:00,-1.0648127525420603,0.18567392
2014-09-08 13:00:00,-1.053840580008894,0.053430684
2014-09-08 14:00:00,-1.0318962349425609,-0.16863956
2014-09-08 15:00:00,-1.0318962349425609,-0.2381962
2014-09-08 16:00:00,-1.053840580008894,-0.19552585
2014-09-08 17:00:00,-0.9880075448098952,-0.13143872
2014-09-08 18:00:00,-0.9331466821440628,-0.12396782
2014-09-08 19:00:00,-0.966063199743562,-0.08787905
2014-09-08 20:00:00,-0.9441188546772292,-0.028390372
2014-09-08 21:00:00,-0.8782858194782304,-0.1176896
2014-09-08 22:00:00,-0.8892579920113969,-0.09324799
2014-09-08 23:00:00,-0.8563414744118975,-0.040314995
2014-09-09 00:00:00,-0.7685640941465657,-0.067298286
2014-09-09 01:00:00,-0.6917588864144004,-0.38978702
2014-09-09 02:00:00,-0.6698145413480675,-0.5831278
2014-09-09 03:00:00,-0.6039815061490686,-0.66075546
2014-09-09 04:00:00,-0.6368980237485681,-0.5077185
2014-09-09 05:00:00,-0.6698145413480675,-0.57969713
2014-09-09 06:00:00,-0.823424956812398,-0.5978585
2014-09-09 07:00:00,-0.845369301878731,-0.7240476
2014-09-09 08:00:00,-0.9112023370777298,-0.78109986
2014-09-09 09:00:00,-0.8014806117460651,-0.7596858
2014-09-09 10:00:00,-0.8892579920113969,-0.77932036
2014-09-09 11:00:00,-0.8563414744118975,-0.7861263
2014-09-09 12:00:00,-0.7575919216133993,-0.69042516
2014-09-09 13:00:00,-0.6259258512154017,-0.5641762
2014-09-09 14:00:00,-0.5052319533505705,-0.529592
2014-09-09 15:00:00,-0.6039815061490686,-0.4415734
2014-09-09 16:00:00,-0.6149536786822352,-0.42456582
2014-09-09 17:00:00,-0.7137032314807333,-0.40210986
2014-09-09 18:00:00,-0.6478701962817346,-0.34276032
2014-09-09 19:00:00,-0.5930093336159022,-0.34580952
2014-09-09 20:00:00,-0.5820371610827357,-0.31340468
2014-09-09 21:00:00,-0.4284267456184051,-0.1920631
2014-09-09 22:00:00,-0.2199554674882422,-0.16361764
2014-09-09 23:00:00,-0.5271762984169034,-0.09973348
2014-09-10 00:00:00,-0.6478701962817346,-0.07161472
2014-09-10 01:00:00,-0.5930093336159022,-0.2058633
2014-09-10 02:00:00,-0.6149536786822352,-0.2971935
2014-09-10 03:00:00,-0.5052319533505705,-0.29539853
2014-09-10 04:00:00,-0.4503710906847381,-0.35267812
2014-09-10 05:00:00,-0.2309276400214087,-0.3525638
2014-09-10 06:00:00,0.1640705711725841,-0.47349852
2014-09-10 07:00:00,-0.0444007069575787,-0.5441583
2014-09-10 08:00:00,0.0872653634404188,-0.59076214
2014-09-10 09:00:00,0.1311540535730847,-0.6696387
2014-09-10 10:00:00,0.1969870887720835,-0.60938513
2014-09-10 11:00:00,-0.0882893970902446,-0.523005
2014-09-10 12:00:00,-0.2857885026872411,-0.5755527
2014-09-10 13:00:00,-0.5491206434832363,-0.4704368
2014-09-10 14:00:00,-0.7027310589475669,-0.35725716
2014-09-10 15:00:00,-0.7685640941465657,-0.32115144
2014-09-10 16:00:00,-0.680786713881234,-0.32664853
2014-09-10 17:00:00,-0.7027310589475669,-0.30054283
2014-09-10 18:00:00,-0.6259258512154017,-0.28549048
2014-09-10 19:00:00,-0.5710649885495693,-0.21920303
2014-09-10 20:00:00,-0.472315435751071,-0.1515741
2014-09-10 21:00:00,-0.3845380554857393,-0.0943468
2014-09-10 22:00:00,-0.1870389498887428,-0.047585495
2014-09-10 23:00:00,-0.0553728794907452,-0.075176336
2014-09-11 00:00:00,-0.1980111224219093,-0.15633054
2014-09-11 01:00:00,-0.4284267456184051,-0.24702352
2014-09-11 02:00:00,-0.2967606752204075,-0.33063966
2014-09-11 03:00:00,-0.2528719850877416,-0.19159718
2014-09-11 04:00:00,-0.1541224322892434,-0.15567577
2014-09-11 05:00:00,-0.2089832949550758,-0.090464674
2014-09-11 06:00:00,-0.2089832949550758,-0.1111714
2014-09-11 07:00:00,-0.121205914689744,-0.06528204
2014-09-11 08:00:00,-0.0992615696234111,0.009251928
2014-09-11 09:00:00,-0.0663450520239117,0.11117924
2014-09-11 10:00:00,0.0872653634404188,0.12953037
2014-09-11 11:00:00,0.0104601557082535,0.10415668
2014-09-11 12:00:00,-0.0773172245570781,-0.042453
2014-09-11 13:00:00,-0.1321780872229105,-0.07255634
2014-09-11 14:00:00,-0.1760667773555763,-0.16571137
2014-09-11 15:00:00,-0.0992615696234111,-0.18690161
2014-09-11 16:00:00,-0.0882893970902446,-0.16261803
2014-09-11 17:00:00,-0.1321780872229105,-0.16489652
2014-09-11 18:00:00,0.1750427437057506,-0.10771192
2014-09-11 19:00:00,0.2189314338384165,-0.08707053
2014-09-11 20:00:00,0.2628201239710824,-0.08176977
2014-09-11 21:00:00,0.1421262261062512,-0.07174649
2014-09-11 22:00:00,0.0433766733077529,0.04923793
2014-09-11 23:00:00,0.0653210183740859,0.09125816
2014-09-12 00:00:00,0.2299036063715829,0.11036677
2014-09-12 01:00:00,0.2628201239710824,0.07972137
2014-09-12 02:00:00,0.3835140218359135,0.1147475
2014-09-12 03:00:00,0.5151800922339111,0.12160923
2014-09-12 04:00:00,-0.1980111224219093,0.1253694
2014-09-12 05:00:00,-0.4393989181515716,0.14456867
2014-09-12 06:00:00,-0.4393989181515716,0.104571156
2014-09-12 07:00:00,-0.5271762984169034,0.08478596
2014-09-12 08:00:00,-0.5052319533505705,0.14186957
2014-09-12 09:00:00,-0.4503710906847381,0.10677389
2014-09-12 10:00:00,-0.4503710906847381,0.06269694
2014-09-12 11:00:00,-0.2857885026872411,0.08297215
2014-09-12 12:00:00,-0.3516215378862399,0.100599386
2014-09-12 13:00:00,-0.3845380554857393,-0.034711756
2014-09-12 14:00:00,-0.3516215378862399,-0.11858665
2014-09-12 15:00:00,-0.6039815061490686,-0.1468021
2014-09-12 16:00:00,-0.7027310589475669,0.0025734957
2014-09-12 17:00:00,-0.4064824005520722,0.042360105
2014-09-12 18:00:00,-0.5052319533505705,0.08378328
2014-09-12 19:00:00,-0.5710649885495693,0.057193838
2014-09-12 20:00:00,-0.472315435751071,0.059053414
2014-09-12 21:00:00,-0.4613432632179046,0.12716119
2014-09-12 22:00:00,-0.4064824005520722,0.092456795
2014-09-12 23:00:00,-0.5381484709500699,0.0078120437
2014-09-13 00:00:00,-0.5271762984169034,0.038808666
2014-09-13 01:00:00,-0.5491206434832363,0.13272776
2014-09-13 02:00:00,-0.5052319533505705,0.23080297
2014-09-13 03:00:00,-0.4174545730852387,0.30988282
2014-09-13 04:00:00,-0.3955102280189058,0.075759284
2014-09-13 05:00:00,0.0872653634404188,-0.057299696
2014-09-13 06:00:00,-0.0553728794907452,-0.08897083
2014-09-13 07:00:00,-0.0773172245570781,-0.09269481
2014-09-13 08:00:00,-0.0663450520239117,-0.12304523
2014-09-13 09:00:00,-0.0444007069575787,-0.09356255
2014-09-13 10:00:00,-0.5381484709500699,-0.14573261
2014-09-13 11:00:00,-0.4393989181515716,-0.091445826
2014-09-13 12:00:00,-0.5491206434832363,-0.04840622
2014-09-13 13:00:00,-0.5930093336159022,-0.07263843
2014-09-13 14:00:00,-0.6698145413480675,-0.0763701
2014-09-13 15:00:00,-0.680786713881234,-0.10811361
2014-09-13 16:00:00,-0.5820371610827357,-0.16871467
2014-09-13 17:00:00,-0.5930093336159022,-0.14138563
2014-09-13 18:00:00,-0.5710649885495693,-0.12439995
2014-09-13 19:00:00,-0.516204125883737,-0.14362001
2014-09-13 20:00:00,-0.3625937104194063,-0.11178871
2014-09-13 21:00:00,-0.4284267456184051,-0.10450462
2014-09-13 22:00:00,-0.2967606752204075,-0.08447123
2014-09-13 23:00:00,-0.2309276400214087,-0.017130772
2014-09-14 00:00:00,-0.2857885026872411,-0.06762747
2014-09-14 01:00:00,-0.3187050202867404,-0.107105665
2014-09-14 02:00:00,-0.2638441576209081,-0.19546555
2014-09-14 03:00:00,-0.2748163301540746,-0.2541532
2014-09-14 04:00:00,-0.2418998125545752,-0.14609636
2014-09-14 05:00:00,-0.1541224322892434,-0.014750177
2014-09-14 06:00:00,-0.0553728794907452,-0.065481074
2014-09-14 07:00:00,0.0653210183740859,-0.14552632
2014-09-14 08:00:00,-0.2309276400214087,-0.04724019
2014-09-14 09:00:00,-0.4064824005520722,-0.061298512
2014-09-14 10:00:00,-0.5600928160164028,-0.10877978
2014-09-14 11:00:00,-0.8014806117460651,-0.15965728
2014-09-14 12:00:00,-0.9770353722767288,-0.23642927
2014-09-14 13:00:00,-0.9880075448098952,-0.24190244
2014-09-14 14:00:00,-1.0318962349425609,-0.19506755
2014-09-14 15:00:00,-0.9770353722767288,-0.26559082
2014-09-14 16:00:00,-0.966063199743562,-0.26131737
2014-09-14 17:00:00,-0.9550910272103956,-0.26198524
2014-09-14 18:00:00,-0.9880075448098952,-0.23167938
2014-09-14 19:00:00,-0.9331466821440628,-0.20885497
2014-09-14 20:00:00,-0.845369301878731,-0.19157827
2014-09-14 21:00:00,-0.7246754040138998,-0.12543464
2014-09-14 22:00:00,-0.7027310589475669,0.02024073
2014-09-14 23:00:00,-0.6368980237485681,0.0464888
2014-09-15 00:00:00,-0.6368980237485681,0.07818482
2014-09-15 01:00:00,-0.5820371610827357,0.08194559
2014-09-15 02:00:00,-0.5820371610827357,0.097977675
2014-09-15 03:00:00,-0.7905084392128987,0.049879946
2014-09-15 04:00:00,-0.8782858194782304,-0.09010591
2014-09-15 05:00:00,-0.845369301878731,-0.16940555
2014-09-15 06:00:00,-0.9221745096108964,-0.058128066
2014-09-15 07:00:00,-0.9221745096108964,-0.09424395
2014-09-15 08:00:00,-0.9331466821440628,-0.07178865
2014-09-15 09:00:00,-0.9770353722767288,-0.23126227
2014-09-15 10:00:00,-0.9770353722767288,-0.35032547
2014-09-15 11:00:00,-1.0209240624093945,-0.4566911
2014-09-15 12:00:00,-1.053840580008894,-0.48157126
2014-09-15 13:00:00,-1.0648127525420603,-0.5155702
2014-09-15 14:00:00,-1.0318962349425609,-0.5528374
2014-09-15 15:00:00,-1.009951889876228,-0.47238418
2014-09-15 16:00:00,-1.0318962349425609,-0.3862759
2014-09-15 17:00:00,-0.9770353722767288,-0.27885336
2014-09-15 18:00:00,-0.9221745096108964,-0.19225743
2014-09-15 19:00:00,-0.9002301645445634,-0.12960625
2014-09-15 20:00:00,-0.8782858194782304,-0.12122575
2014-09-15 21:00:00,-0.823424956812398,-0.03751018
2014-09-15 22:00:00,-0.8782858194782304,0.0987551
2014-09-15 23:00:00,-0.8124527842792316,0.020732915
2014-09-16 00:00:00,-0.7685640941465657,0.0038530286
2014-09-16 01:00:00,-0.7246754040138998,0.0409495
2014-09-16 02:00:00,-0.7685640941465657,-0.01116156
2014-09-16 03:00:00,-0.516204125883737,-0.016320908
2014-09-16 04:00:00,-0.5600928160164028,-0.13772592
2014-09-16 05:00:00,-0.7356475765470664,-0.26617187
2014-09-16 06:00:00,-0.9002301645445634,-0.265902
2014-09-16 07:00:00,-0.9166884233443132,-0.28572655
2014-09-16 08:00:00,-0.9331466821440628,-0.36777467
2014-09-16 09:00:00,-0.8782858194782304,-0.4100697
2014-09-16 10:00:00,-0.823424956812398,-0.40846884
2014-09-16 11:00:00,-0.8892579920113969,-0.40962416
2014-09-16 12:00:00,-0.8563414744118975,-0.45580643
2014-09-16 13:00:00,-0.7685640941465657,-0.34484777
2014-09-16 14:00:00,-0.6039815061490686,-0.40709388
2014-09-16 15:00:00,-0.3406493653530734,-0.39984268
2014-09-16 16:00:00,-0.1102337421565775,-0.36106056
2014-09-16 17:00:00,-0.0224563618912458,-0.27687615
2014-09-16 18:00:00,-0.0773172245570781,-0.17872965
2014-09-16 19:00:00,-0.3955102280189058,-0.06799192
2014-09-16 20:00:00,-0.4393989181515716,0.02108181
2014-09-16 21:00:00,-0.4832876082842375,0.071020626
2014-09-16 22:00:00,-0.4832876082842375,0.09911845
2014-09-16 23:00:00,-0.3516215378862399,0.22736132
2014-09-17 00:00:00,-0.4832876082842375,0.20948668
2014-09-17 01:00:00,-0.7685640941465657,0.2582686
2014-09-17 02:00:00,-0.823424956812398,0.13169459
2014-09-17 03:00:00,-0.9221745096108964,0.21768034
2014-09-17 04:00:00,-0.9880075448098952,0.1696952
2014-09-17 05:00:00,-0.9550910272103956,0.024389869
2014-09-17 06:00:00,-0.8892579920113969,-0.058430083
2014-09-17 07:00:00,-0.823424956812398,-0.092551254
2014-09-17 08:00:00,-0.8563414744118975,-0.21453786
2014-09-17 09:00:00,-0.9002301645445634,-0.24172664
2014-09-17 10:00:00,-0.8892579920113969,-0.38253945
2014-09-17 11:00:00,-0.7795362666797322,-0.42995712
2014-09-17 12:00:00,-0.6149536786822352,-0.35848993
2014-09-17 13:00:00,-0.2748163301540746,-0.1940094
2014-09-17 14:00:00,-0.4393989181515716,-0.15520625
2014-09-17 15:00:00,-0.4393989181515716,0.012762537
2014-09-17 16:00:00,-0.4393989181515716,0.14684357
2014-09-17 17:00:00,-0.680786713881234,0.15768518
2014-09-17 18:00:00,-0.7137032314807333,0.18447378
2014-09-17 19:00:00,-0.7466197490802328,0.2227729
2014-09-17 20:00:00,-0.6478701962817346,0.106156565
2014-09-17 21:00:00,-0.5600928160164028,0.14369103
2014-09-17 22:00:00,-0.5600928160164028,0.112428196
2014-09-17 23:00:00,-0.494259780817404,0.12649412
2014-09-18 00:00:00,-0.4832876082842375,0.1154194
2014-09-18 01:00:00,-0.4174545730852387,-0.018481994
2014-09-18 02:00:00,-0.2199554674882422,-0.022105435
2014-09-18 03:00:00,-0.0114841893580793,-0.21632233
2014-09-18 04:00:00,0.0433766733077529,-0.1531526
2014-09-18 05:00:00,-0.0114841893580793,-0.09478212
2014-09-18 06:00:00,-0.0334285344244122,-0.12648836
2014-09-18 07:00:00,0.0872653634404188,-0.06208653
2014-09-18 08:00:00,-0.0114841893580793,-0.032011725
2014-09-18 09:00:00,0.20795926130525,-0.06219057
2014-09-18 10:00:00,-0.0773172245570781,-0.18400492
2014-09-18 11:00:00,-0.2418998125545752,-0.13710745
2014-09-18 12:00:00,-0.3625937104194063,0.016074067
2014-09-18 13:00:00,-0.3406493653530734,0.062479503
2014-09-18 14:00:00,-0.5381484709500699,0.18122168
2014-09-18 15:00:00,-0.6478701962817346,0.13141595
2014-09-18 16:00:00,-0.7246754040138998,0.08398036
2014-09-18 17:00:00,-0.867313646945064,0.056412406
2014-09-18 18:00:00,-0.8014806117460651,0.04751698
2014-09-18 19:00:00,-0.7246754040138998,0.057355367
2014-09-18 20:00:00,-0.6917588864144004,0.069525875
2014-09-18 21:00:00,-0.5381484709500699,0.14121567
2014-09-18 22:00:00,-0.4284267456184051,0.15036637
2014-09-18 23:00:00,-0.4064824005520722,0.16224918
2014-09-19 00:00:00,-0.4503710906847381,0.06967015
2014-09-19 01:00:00,-0.329677192819907,-0.02549971
2014-09-19 02:00:00,-0.2418998125545752,0.12540375
2014-09-19 03:00:00,-0.1760667773555763,0.22026479
2014-09-19 04:00:00,-0.0334285344244122,0.25694773
2014-09-19 05:00:00,0.1092097085067518,0.17437291
2014-09-19 06:00:00,0.0653210183740859,0.09695717
2014-09-19 07:00:00,-0.0882893970902446,0.102498524
2014-09-19 08:00:00,0.1092097085067518,0.10441733
2014-09-19 09:00:00,0.2299036063715829,0.13486661
2014-09-19 10:00:00,0.39448619436908,0.09699801
2014-09-19 11:00:00,0.5480966098334106,0.09397782
2014-09-19 12:00:00,0.1969870887720835,0.017960792
2014-09-19 13:00:00,-0.0992615696234111,0.031177869
2014-09-19 14:00:00,-0.1541224322892434,0.0135717
2014-09-19 15:00:00,-0.3625937104194063,-0.073556475
2014-09-19 16:00:00,-0.4393989181515716,-0.046236277
2014-09-19 17:00:00,-0.516204125883737,-0.10611952
2014-09-19 18:00:00,-0.516204125883737,-0.096427046
2014-09-19 19:00:00,-0.2748163301540746,-0.04365725
2014-09-19 20:00:00,-0.0334285344244122,-0.028402606
2014-09-19 21:00:00,0.0543488458409194,0.034363903
2014-09-19 22:00:00,0.20795926130525,0.088648506
2014-09-19 23:00:00,0.4383748845017459,0.12705663
2014-09-20 00:00:00,0.4822635746344118,0.11728559
2014-09-20 01:00:00,0.4493470570349123,0.14372858
2014-09-20 02:00:00,0.4932357471675782,0.08204528
2014-09-20 03:00:00,0.4603192295680788,0.116779365
2014-09-20 04:00:00,0.4493470570349123,0.012928417
2014-09-20 05:00:00,0.39448619436908,-0.011204148
2014-09-20 06:00:00,0.3067088141037483,-0.06004496
2014-09-20 07:00:00,0.1092097085067518,-0.18706204
2014-09-20 08:00:00,0.1750427437057506,-0.14283025
2014-09-20 09:00:00,0.2518479514379159,-0.01991936
2014-09-20 10:00:00,0.2957366415705817,-0.00843803
2014-09-20 11:00:00,0.2628201239710824,0.089236796
2014-09-20 12:00:00,0.1640705711725841,0.041058578
2014-09-20 13:00:00,0.186014916238917,-0.0318268
2014-09-20 14:00:00,0.1421262261062512,-0.16352782
2014-09-20 15:00:00,-0.121205914689744,-0.17983532
2014-09-20 16:00:00,-0.0553728794907452,-0.2472209
2014-09-20 17:00:00,-0.2418998125545752,-0.24146673
2014-09-20 18:00:00,0.4383748845017459,-0.30692852
2014-09-20 19:00:00,0.58101312743291,-0.2594645
2014-09-20 20:00:00,0.6468461626319087,-0.25907195
2014-09-20 21:00:00,0.8772617858284046,-0.0730102
2014-09-20 22:00:00,1.096705236491734,0.01988182
2014-09-20 23:00:00,1.4039260674203953,-0.03419616
2014-09-21 00:00:00,1.4148982399535617,0.0708701
2014-09-21 01:00:00,1.096705236491734,0.022088176
2014-09-21 02:00:00,0.5042079197007447,0.066114776
2014-09-21 03:00:00,0.3615696767695806,0.17297211
2014-09-21 04:00:00,0.2737922965042488,0.09564341
2014-09-21 05:00:00,-0.2309276400214087,0.14029743
2014-09-21 06:00:00,-0.2199554674882422,-0.014125893
2014-09-21 07:00:00,-0.307732847753574,-0.051681906
2014-09-21 08:00:00,-0.4503710906847381,-0.07505434
2014-09-21 09:00:00,-0.4064824005520722,-0.1478068
2014-09-21 10:00:00,-0.3955102280189058,-0.03893909
2014-09-21 11:00:00,-0.5271762984169034,-0.0153678
2014-09-21 12:00:00,-0.3625937104194063,-0.05801586
2014-09-21 13:00:00,-0.2418998125545752,0.012409916
2014-09-21 14:00:00,-0.121205914689744,-0.048901297
2014-09-21 15:00:00,-0.1321780872229105,-0.08557931
2014-09-21 16:00:00,-0.0444007069575787,-0.047187112
2014-09-21 17:00:00,-0.0005120168249128,-0.09336176
2014-09-21 18:00:00,-0.0773172245570781,0.017366087
2014-09-21 19:00:00,-0.1650946048224099,0.15254653
2014-09-21 20:00:00,-0.1321780872229105,0.20354475
2014-09-21 21:00:00,-0.1980111224219093,0.32558534
2014-09-21 22:00:00,-0.2199554674882422,0.39053273
2014-09-21 23:00:00,-0.4503710906847381,0.46029198
2014-09-22 00:00:00,-0.2748163301540746,0.56797403
2014-09-22 01:00:00,-0.2528719850877416,0.5396421
2014-09-22 02:00:00,-0.329677192819907,0.4076749
2014-09-22 03:00:00,-0.2199554674882422,0.35512462
2014-09-22 04:00:00,-0.2089832949550758,0.32137474
2014-09-22 05:00:00,-0.2309276400214087,0.1713109
2014-09-22 06:00:00,-0.121205914689744,0.11528706
2014-09-22 07:00:00,0.0653210183740859,0.10542284
2014-09-22 08:00:00,0.1311540535730847,0.018656408
2014-09-22 09:00:00,0.1969870887720835,0.023281088
2014-09-22 10:00:00,0.2189314338384165,0.040354483
2014-09-22 11:00:00,0.20795926130525,-0.02140499
2014-09-22 12:00:00,0.2957366415705817,-0.07557247
2014-09-22 13:00:00,0.3067088141037483,0.009621805
2014-09-22 14:00:00,0.3835140218359135,0.03959673
2014-09-22 15:00:00,0.3615696767695806,0.06385084
2014-09-22 16:00:00,0.2628201239710824,0.10727195
2014-09-22 17:00:00,0.1311540535730847,0.090817966
2014-09-22 18:00:00,0.0762931909072524,0.11338306
2014-09-22 19:00:00,0.0982375359735853,0.10782968
2014-09-22 20:00:00,0.0872653634404188,0.1181669
2014-09-22 21:00:00,0.20795926130525,0.1097408
2014-09-22 22:00:00,0.186014916238917,0.11229714
2014-09-22 23:00:00,0.2189314338384165,0.0654806
2014-09-23 00:00:00,0.2518479514379159,0.03867819
2014-09-23 01:00:00,0.1530983986394176,0.1345002
2014-09-23 02:00:00,0.0982375359735853,0.11503611
2014-09-23 03:00:00,-0.0444007069575787,0.09790496
2014-09-23 04:00:00,0.02143232824142,0.08554011
2014-09-23 05:00:00,-0.0553728794907452,0.07254959
2014-09-23 06:00:00,-0.2089832949550758,0.11098116
2014-09-23 07:00:00,-0.2967606752204075,0.17555532
2014-09-23 08:00:00,-0.4064824005520722,0.24164455
2014-09-23 09:00:00,-0.6039815061490686,0.25334248
2014-09-23 10:00:00,-0.5381484709500699,0.15420131
2014-09-23 11:00:00,-0.658842368814901,0.10403774
2014-09-23 12:00:00,-0.7027310589475669,0.113686495
2014-09-23 13:00:00,-0.7246754040138998,0.10767176
2014-09-23 14:00:00,-0.8343971293455645,0.1020293
2014-09-23 15:00:00,-0.8014806117460651,0.09989367
2014-09-23 16:00:00,-0.7411336628136496,0.026839918
2014-09-23 17:00:00,-0.680786713881234,0.042910524
2014-09-23 18:00:00,-0.6368980237485681,0.017704284
2014-09-23 19:00:00,-0.5600928160164028,-0.024207303
2014-09-23 20:00:00,-0.4832876082842375,0.0063860025
2014-09-23 21:00:00,-0.2748163301540746,0.05534289
2014-09-23 22:00:00,-0.3516215378862399,0.053764902
2014-09-23 23:00:00,-0.1321780872229105,0.19136834
2014-09-24 00:00:00,-0.5491206434832363,0.09231699
2014-09-24 01:00:00,-0.680786713881234,0.018424382
2014-09-24 02:00:00,-0.680786713881234,0.043103136
2014-09-24 03:00:00,-0.5930093336159022,-0.015181625
2014-09-24 04:00:00,-0.7137032314807333,-0.046984203
2014-09-24 05:00:00,-0.8782858194782304,-0.0054002497
2014-09-24 06:00:00,-0.9989797173430616,-0.07182311
2014-09-24 07:00:00,-0.9770353722767288,-0.13666782
2014-09-24 08:00:00,-0.9112023370777298,-0.19157147
2014-09-24 09:00:00,-0.8563414744118975,-0.23610178
2014-09-24 10:00:00,-0.9550910272103956,-0.30067542
2014-09-24 11:00:00,-0.9112023370777298,-0.3325101
2014-09-24 12:00:00,-0.9441188546772292,-0.34345442
2014-09-24 13:00:00,-0.9221745096108964,-0.4170389
2014-09-24 14:00:00,-0.9441188546772292,-0.33615428
2014-09-24 15:00:00,-0.9770353722767288,-0.26329002
2014-09-24 16:00:00,-0.9880075448098952,-0.24012893
2014-09-24 17:00:00,-0.9880075448098952,-0.208167
2014-09-24 18:00:00,-0.7575919216133993,-0.17076504
2014-09-24 19:00:00,-0.6698145413480675,-0.11960488
2014-09-24 20:00:00,-0.4832876082842375,-0.112170555
2014-09-24 21:00:00,-0.4284267456184051,-0.09007945
2014-09-24 22:00:00,-0.3955102280189058,-0.10877014
2014-09-24 23:00:00,0.0104601557082535,-0.18249851
2014-09-25 00:00:00,0.1201818810399182,-0.16165775
2014-09-25 01:00:00,-0.1980111224219093,-0.2853974
2014-09-25 02:00:00,-0.1760667773555763,-0.3481515
2014-09-25 03:00:00,-0.121205914689744,-0.35143363
2014-09-25 04:00:00,-0.0992615696234111,-0.38953954
2014-09-25 05:00:00,-0.2089832949550758,-0.4068069
2014-09-25 06:00:00,0.0324045007745865,-0.3482756
2014-09-25 07:00:00,-0.0114841893580793,-0.46854985
2014-09-25 08:00:00,0.0543488458409194,-0.42968333
2014-09-25 09:00:00,0.2299036063715829,-0.44945765
2014-09-25 10:00:00,0.4274027119685794,-0.45908368
2014-09-25 11:00:00,0.4493470570349123,-0.4533925
2014-09-25 12:00:00,0.5261522647670777,-0.36193824
2014-09-25 13:00:00,0.745595715430407,-0.36777645
2014-09-25 14:00:00,0.6249018175655758,-0.26140323
2014-09-25 15:00:00,0.6468461626319087,-0.29758137
2014-09-25 16:00:00,0.5590687823665771,-0.26495624
2014-09-25 17:00:00,0.4054583669022464,-0.25718677
2014-09-25 18:00:00,0.3067088141037483,-0.22190994
2014-09-25 19:00:00,0.4822635746344118,-0.16528504
2014-09-25 20:00:00,0.5151800922339111,-0.09484554
2014-09-25 21:00:00,0.6249018175655758,-0.053342067
2014-09-25 22:00:00,0.4932357471675782,0.0010264274
2014-09-25 23:00:00,-0.2857885026872411,0.15876922
2014-09-26 00:00:00,-0.4393989181515716,0.2041913
2014-09-26 01:00:00,-0.2748163301540746,0.15557688
2014-09-26 02:00:00,-0.1541224322892434,0.15588626
2014-09-26 03:00:00,-0.1431502597560769,0.19607064
2014-09-26 04:00:00,-0.0114841893580793,0.1902005
2014-09-26 05:00:00,-0.0444007069575787,0.03561864
2014-09-26 06:00:00,0.0762931909072524,0.09706462
2014-09-26 07:00:00,0.1201818810399182,0.17685926
2014-09-26 08:00:00,0.2189314338384165,0.06208218
2014-09-26 09:00:00,0.2299036063715829,0.046082966
2014-09-26 10:00:00,0.2847644690374153,0.22584388
2014-09-26 11:00:00,0.3286531591700812,0.20148194
2014-09-26 12:00:00,0.2518479514379159,0.26427326
2014-09-26 13:00:00,0.3176809866369147,0.35882258
2014-09-26 14:00:00,0.5042079197007447,0.36394635
2014-09-26 15:00:00,0.6029574724992429,0.36743164
2014-09-26 16:00:00,1.0199000287595688,0.45834234
2014-09-26 17:00:00,1.0308722012927352,0.34565675
2014-09-26 18:00:00,1.1296217540912334,0.31772435
2014-09-26 19:00:00,1.283232169555564,0.2983164
2014-09-26 20:00:00,1.305176514621897,0.24638465
2014-09-26 21:00:00,1.0528165463590682,0.27853733
2014-09-26 22:00:00,0.7236513703640741,0.30970109
2014-09-26 23:00:00,0.5371244373002441,0.12556137
2014-09-27 00:00:00,0.20795926130525,-0.05976554
2014-09-27 01:00:00,0.3505975042364141,-0.06779746
2014-09-27 02:00:00,-0.4284267456184051,-0.107128866
2014-09-27 03:00:00,-0.9989797173430616,0.020291543
2014-09-27 04:00:00,-0.9989797173430616,0.012098363
2014-09-27 05:00:00,-0.6368980237485681,-0.041068695
2014-09-27 06:00:00,-0.6259258512154017,-0.08961173
2014-09-27 07:00:00,-0.5381484709500699,-0.07022502
2014-09-27 08:00:00,-0.7905084392128987,-0.07080536
2014-09-27 09:00:00,-0.8124527842792316,-0.06414517
2014-09-27 10:00:00,-0.9441188546772292,-0.030000115
2014-09-27 11:00:00,-0.9331466821440628,-0.020730862
2014-09-27 12:00:00,-0.9880075448098952,-0.08179479
2014-09-27 13:00:00,-1.0318962349425609,-0.08100396
2014-09-27 14:00:00,-0.9880075448098952,0.030712387
2014-09-27 15:00:00,-0.9880075448098952,0.09558425
2014-09-27 16:00:00,-0.9112023370777298,0.04487116
2014-09-27 17:00:00,-0.9221745096108964,0.18451545
2014-09-27 18:00:00,-0.8563414744118975,0.20457828
2014-09-27 19:00:00,-0.7466197490802328,0.2081214
2014-09-27 20:00:00,-0.5052319533505705,0.22878247
2014-09-27 21:00:00,-0.5271762984169034,0.3690019
2014-09-27 22:00:00,-0.4503710906847381,0.17897356
2014-09-27 23:00:00,-0.4503710906847381,0.069969825
2014-09-28 00:00:00,-0.2528719850877416,-0.049363963
2014-09-28 01:00:00,-0.1870389498887428,-0.102028124
2014-09-28 02:00:00,-0.1870389498887428,-0.23075026
2014-09-28 03:00:00,-0.3735658829525728,-0.43034244
2014-09-28 04:00:00,-0.4503710906847381,-0.47644988
2014-09-28 05:00:00,-0.5600928160164028,-0.49577945
2014-09-28 06:00:00,-0.4613432632179046,-0.47
2014-09-28 07:00:00,-0.4284267456184051,-0.38445058
2014-09-28 08:00:00,-0.4064824005520722,-0.48532653
2014-09-28 09:00:00,-0.3187050202867404,-0.58912325
2014-09-28 10:00:00,-0.1980111224219093,-0.63031954
2014-09-28 11:00:00,-0.1431502597560769,-0.6815088
2014-09-28 12:00:00,-0.0224563618912458,-0.50768733
2014-09-28 13:00:00,0.0104601557082535,-0.4270415
2014-09-28 14:00:00,-0.3406493653530734,-0.35620663
2014-09-28 15:00:00,-0.4174545730852387,-0.30235875
2014-09-28 16:00:00,-0.6039815061490686,-0.27119154
2014-09-28 17:00:00,-0.516204125883737,-0.2722782
2014-09-28 18:00:00,-0.5930093336159022,-0.15494217
2014-09-28 19:00:00,-0.472315435751071,-0.0557402
2014-09-28 20:00:00,-0.516204125883737,0.06286954
2014-09-28 21:00:00,-0.5381484709500699,0.013417965
2014-09-28 22:00:00,-0.4613432632179046,-0.0646513
2014-09-28 23:00:00,-0.2748163301540746,-0.07719242
2014-09-29 00:00:00,-0.2748163301540746,0.020578718
2014-09-29 01:00:00,-0.2309276400214087,0.091930725
2014-09-29 02:00:00,-0.0334285344244122,0.11455802
2014-09-29 03:00:00,0.0543488458409194,0.1182312
2014-09-29 04:00:00,0.0543488458409194,-0.039790265
2014-09-29 05:00:00,0.0762931909072524,-0.2457341
2014-09-29 06:00:00,0.0324045007745865,-0.12781703
2014-09-29 07:00:00,0.02143232824142,-0.073271
2014-09-29 08:00:00,-0.0334285344244122,-0.12418949
2014-09-29 09:00:00,-0.0114841893580793,0.005408032
2014-09-29 10:00:00,-0.1650946048224099,0.051501386
2014-09-29 11:00:00,-0.2528719850877416,0.036496513
2014-09-29 12:00:00,-0.9112023370777298,0.10825998
2014-09-29 13:00:00,-0.9550910272103956,0.113185234
2014-09-29 14:00:00,-0.9880075448098952,0.006913608
2014-09-29 15:00:00,-0.9880075448098952,-0.058428757
2014-09-29 16:00:00,-0.966063199743562,-0.06290748
2014-09-29 17:00:00,-0.9550910272103956,-0.08297723
2014-09-29 18:00:00,-0.966063199743562,-0.075622596
2014-09-29 19:00:00,-0.966063199743562,-0.087731235
2014-09-29 20:00:00,-0.9441188546772292,-0.09612853
2014-09-29 21:00:00,-0.867313646945064,-0.06008952
2014-09-29 22:00:00,-0.9112023370777298,-0.047892727
2014-09-29 23:00:00,-0.845369301878731,-0.0010133181
2014-09-30 00:00:00,-0.8124527842792316,-0.08151328
2014-09-30 01:00:00,-0.8782858194782304,-0.18233728
2014-09-30 02:00:00,-0.8343971293455645,-0.067460366
2014-09-30 03:00:00,-0.8563414744118975,-0.024296338
2014-09-30 04:00:00,-0.9112023370777298,0.038823195
2014-09-30 05:00:00,-0.9112023370777298,-0.0065206084
2014-09-30 06:00:00,-0.8782858194782304,-0.021409372
2014-09-30 07:00:00,-0.9550910272103956,-0.05967111
2014-09-30 08:00:00,-0.9002301645445634,-0.1512759
2014-09-30 09:00:00,-0.9331466821440628,-0.16643485
2014-09-30 10:00:00,-0.9112023370777298,-0.27178934
2014-09-30 11:00:00,-0.845369301878731,-0.38002253
2014-09-30 12:00:00,-0.8563414744118975,-0.4453754
2014-09-30 13:00:00,-0.9221745096108964,-0.571768
2014-09-30 14:00:00,-0.8563414744118975,-0.55547893
2014-09-30 15:00:00,-0.867313646945064,-0.3958866
2014-09-30 16:00:00,-0.845369301878731,-0.43832254
2014-09-30 17:00:00,-0.8782858194782304,-0.4141833
2014-09-30 18:00:00,-0.8124527842792316,-0.3814509
2014-09-30 19:00:00,-0.7575919216133993,-0.24519843
2014-09-30 20:00:00,-0.6149536786822352,-0.13400914
2014-09-30 21:00:00,-0.516204125883737,-0.020524332
2014-09-30 22:00:00,-0.472315435751071,0.04543499
2014-09-30 23:00:00,-0.4393989181515716,0.12947099
2014-10-01 00:00:00,-0.2418998125545752,0.16212323
2014-10-01 01:00:00,-0.1650946048224099,0.26405612
2014-10-01 02:00:00,-0.1870389498887428,0.2663224
2014-10-01 03:00:00,-0.121205914689744,0.25919423
2014-10-01 04:00:00,-0.2199554674882422,0.22401398
2014-10-01 05:00:00,-0.2199554674882422,0.20787674
2014-10-01 06:00:00,-0.3406493653530734,0.18650432
2014-10-01 07:00:00,-0.4613432632179046,0.14876984
2014-10-01 08:00:00,-0.4174545730852387,0.21512218
2014-10-01 09:00:00,-0.2967606752204075,0.23281237
2014-10-01 10:00:00,-0.2528719850877416,0.24046035
2014-10-01 11:00:00,-0.1102337421565775,0.21936464
2014-10-01 12:00:00,-0.0992615696234111,0.20102371
2014-10-01 13:00:00,-0.0444007069575787,0.20983854
2014-10-01 14:00:00,-0.3187050202867404,0.17291589
2014-10-01 15:00:00,-0.2528719850877416,0.19938731
2014-10-01 16:00:00,-0.2638441576209081,0.16509184
2014-10-01 17:00:00,-0.0005120168249128,0.12145581
2014-10-01 18:00:00,-0.0005120168249128,0.15042746
2014-10-01 19:00:00,-0.0334285344244122,0.14948918
2014-10-01 20:00:00,-0.0773172245570781,0.19678485
2014-10-01 21:00:00,-0.1321780872229105,0.29728007
2014-10-01 22:00:00,-0.1980111224219093,0.32692653
2014-10-01 23:00:00,-0.1541224322892434,0.30298507
2014-10-02 00:00:00,-0.1980111224219093,0.31069344
2014-10-02 01:00:00,-0.3406493653530734,0.3630015
2014-10-02 02:00:00,-0.3735658829525728,0.22975701
2014-10-02 03:00:00,-0.4503710906847381,0.19781482
2014-10-02 04:00:00,-0.4174545730852387,0.20952834
2014-10-02 05:00:00,-0.2967606752204075,0.1731274
2014-10-02 06:00:00,-0.2199554674882422,0.19736314
2014-10-02 07:00:00,-0.2857885026872411,0.1387884
2014-10-02 08:00:00,-0.2309276400214087,0.07097558
2014-10-02 09:00:00,-0.3955102280189058,0.0886573
2014-10-02 10:00:00,-0.4284267456184051,0.077873506
2014-10-02 11:00:00,-0.2748163301540746,0.022233
2014-10-02 12:00:00,-0.3955102280189058,-0.08548029
2014-10-02 13:00:00,-0.6698145413480675,-0.09822213
2014-10-02 14:00:00,-0.7575919216133993,-0.13558656
2014-10-02 15:00:00,-0.8014806117460651,-0.16050756
2014-10-02 16:00:00,-0.867313646945064,-0.18143389
2014-10-02 17:00:00,-0.8014806117460651,-0.15009747
2014-10-02 18:00:00,-0.7356475765470664,-0.13616298
2014-10-02 19:00:00,-0.4393989181515716,-0.03065511
2014-10-02 20:00:00,-0.2309276400214087,-0.12652482
2014-10-02 21:00:00,-0.0773172245570781,-0.23151588
2014-10-02 22:00:00,0.3176809866369147,-0.15827484
2014-10-02 23:00:00,0.3505975042364141,-0.22916639
2014-10-03 00:00:00,0.2299036063715829,-0.28642923
2014-10-03 01:00:00,0.1640705711725841,-0.32857156
2014-10-03 02:00:00,0.1421262261062512,-0.40141028
2014-10-03 03:00:00,0.3835140218359135,-0.42126054
2014-10-03 04:00:00,0.1640705711725841,-0.46045393
2014-10-03 05:00:00,0.5371244373002441,-0.42066196
2014-10-03 06:00:00,0.0982375359735853,-0.45722032
2014-10-03 07:00:00,-0.2967606752204075,-0.49773794
2014-10-03 08:00:00,-0.472315435751071,-0.48230642
2014-10-03 09:00:00,-0.516204125883737,-0.3792485
2014-10-03 10:00:00,-0.4503710906847381,-0.5147703
2014-10-03 11:00:00,-0.472315435751071,-0.4003977
2014-10-03 12:00:00,-0.1760667773555763,-0.4195426
2014-10-03 13:00:00,-0.0992615696234111,-0.43213835
2014-10-03 14:00:00,0.3615696767695806,-0.4572392
2014-10-03 15:00:00,0.7894844055630729,-0.4474324
2014-10-03 16:00:00,0.8992061308947376,-0.45722625
2014-10-03 17:00:00,1.1076774090249004,-0.40966403
2014-10-03 18:00:00,1.1735104442238993,-0.4333645
2014-10-03 19:00:00,1.0857330639585676,-0.28667128
2014-10-03 20:00:00,0.8443452682289052,-0.14934923
2014-10-03 21:00:00,0.6687905076982418,-0.035795353
2014-10-03 22:00:00,0.6139296450324094,0.026982984
2014-10-03 23:00:00,0.5700409548997435,0.12776391
2014-10-04 00:00:00,0.3286531591700812,0.18626226
2014-10-04 01:00:00,-0.0663450520239117,0.20158501
2014-10-04 02:00:00,-0.2089832949550758,0.067700915
2014-10-04 03:00:00,-0.2089832949550758,0.17002887
2014-10-04 04:00:00,-0.2418998125545752,0.2669025
2014-10-04 05:00:00,-0.3406493653530734,0.29934335
2014-10-04 06:00:00,-0.4503710906847381,0.21774545
2014-10-04 07:00:00,-0.494259780817404,-0.014083782
2014-10-04 08:00:00,-0.5052319533505705,-0.14637265
2014-10-04 09:00:00,-0.4613432632179046,-0.10756963
2014-10-04 10:00:00,-0.4284267456184051,-0.12851718
2014-10-04 11:00:00,-0.2748163301540746,-0.033409394
2014-10-04 12:00:00,-0.2418998125545752,0.0084333625
2014-10-04 13:00:00,-0.0334285344244122,0.09558555
2014-10-04 14:00:00,0.0543488458409194,0.16215587
2014-10-04 15:00:00,0.0324045007745865,0.30429175
2014-10-04 16:00:00,-0.0005120168249128,0.35245505
2014-10-04 17:00:00,0.0762931909072524,0.43122137
2014-10-04 18:00:00,0.0982375359735853,0.40606782
2014-10-04 19:00:00,0.1750427437057506,0.47736055
2014-10-04 20:00:00,0.1311540535730847,0.5140529
2014-10-04 21:00:00,0.0104601557082535,0.5155885
2014-10-04 22:00:00,-0.2199554674882422,0.5157453
2014-10-04 23:00:00,-0.2528719850877416,0.4556555
2014-10-05 00:00:00,-0.2309276400214087,0.3488664
2014-10-05 01:00:00,-0.1541224322892434,0.25831357
2014-10-05 02:00:00,-0.307732847753574,0.14772338
2014-10-05 03:00:00,-0.329677192819907,0.098312564
2014-10-05 04:00:00,-0.3955102280189058,0.009995004
2014-10-05 05:00:00,-0.3625937104194063,-0.029132018
2014-10-05 06:00:00,-0.4064824005520722,-0.088306196
2014-10-05 07:00:00,-0.5052319533505705,-0.13917774
2014-10-05 08:00:00,-0.5491206434832363,-0.17256099
2014-10-05 09:00:00,-0.867313646945064,-0.1735165
2014-10-05 10:00:00,-0.9770353722767288,-0.23434016
2014-10-05 11:00:00,-0.9880075448098952,-0.28618973
2014-10-05 12:00:00,-1.009951889876228,-0.20248617
2014-10-05 13:00:00,-1.0209240624093945,-0.07989859
2014-10-05 14:00:00,-0.9880075448098952,-0.0034147594
2014-10-05 15:00:00,-0.966063199743562,-0.07014499
2014-10-05 16:00:00,-1.009951889876228,-0.0036591534
2014-10-05 17:00:00,-1.0318962349425609,0.10067844
2014-10-05 18:00:00,-0.9770353722767288,0.17157605
2014-10-05 19:00:00,-0.9112023370777298,0.18796343
2014-10-05 20:00:00,-0.8563414744118975,0.19563662
2014-10-05 21:00:00,-0.8014806117460651,0.16868854
2014-10-05 22:00:00,-0.6259258512154017,0.1298384
2014-10-05 23:00:00,-0.7246754040138998,0.111726396
2014-10-06 00:00:00,-0.6698145413480675,0.14723168
2014-10-06 01:00:00,-0.7466197490802328,0.11752529
2014-10-06 02:00:00,-0.7905084392128987,0.1676367
2014-10-06 03:00:00,-0.7905084392128987,0.14361492
2014-10-06 04:00:00,-0.8563414744118975,0.11490948
2014-10-06 05:00:00,-0.8014806117460651,-0.0011966769
2014-10-06 06:00:00,-0.8563414744118975,-0.038724177
2014-10-06 07:00:00,-0.8563414744118975,-0.1002058
2014-10-06 08:00:00,-0.823424956812398,-0.1136756
2014-10-06 09:00:00,-0.867313646945064,-0.17953455
2014-10-06 10:00:00,-0.8563414744118975,-0.23531741
2014-10-06 11:00:00,-0.9002301645445634,-0.28170764
2014-10-06 12:00:00,-0.9002301645445634,-0.2774326
2014-10-06 13:00:00,-0.8563414744118975,-0.32794684
2014-10-06 14:00:00,-0.8782858194782304,-0.30311835
2014-10-06 15:00:00,-0.823424956812398,-0.29533708
2014-10-06 16:00:00,-0.8563414744118975,-0.30734277
2014-10-06 17:00:00,-0.823424956812398,-0.31844223
2014-10-06 18:00:00,-0.7356475765470664,-0.2678147
2014-10-06 19:00:00,-0.5491206434832363,-0.17339335
2014-10-06 20:00:00,-0.4284267456184051,-0.06848111
2014-10-06 21:00:00,-0.2857885026872411,-0.08339507
2014-10-06 22:00:00,-0.2309276400214087,0.054981418
2014-10-06 23:00:00,-0.2528719850877416,0.18073492
2014-10-07 00:00:00,-0.0992615696234111,0.20748036
2014-10-07 01:00:00,-0.0663450520239117,0.19079271
2014-10-07 02:00:00,0.0762931909072524,0.21172614
2014-10-07 03:00:00,0.1530983986394176,0.15245508
2014-10-07 04:00:00,0.0433766733077529,0.18847129
2014-10-07 05:00:00,-0.0773172245570781,0.11331216
2014-10-07 06:00:00,-0.1650946048224099,0.07939363
2014-10-07 07:00:00,-0.2748163301540746,0.034077197
2014-10-07 08:00:00,-0.2748163301540746,-0.032803707
2014-10-07 09:00:00,-0.3735658829525728,-0.054636545
2014-10-07 10:00:00,-0.3735658829525728,-0.09328879
2014-10-07 11:00:00,-0.1980111224219093,-0.099183895
2014-10-07 12:00:00,0.0433766733077529,0.0028530862
2014-10-07 13:00:00,0.1969870887720835,-0.06402271
2014-10-07 14:00:00,0.4383748845017459,-0.0071724895
2014-10-07 15:00:00,0.6358739900987423,-0.020676905
2014-10-07 16:00:00,0.8662896132952382,0.004877543
2014-10-07 17:00:00,0.8992061308947376,0.04683482
2014-10-07 18:00:00,0.9760113386269028,0.10634918
2014-10-07 19:00:00,1.3161486871550634,0.17988771
2014-10-07 20:00:00,1.5904530004842252,0.28855258
2014-10-07 21:00:00,1.70017472581589,0.39416885
2014-10-07 22:00:00,2.0183677292777173,0.46881938
2014-10-07 23:00:00,2.4791989756707093,0.4410179
2014-10-08 00:00:00,2.2048946623415477,0.4374006
2014-10-08 01:00:00,2.07322859194355,0.41779798
2014-10-08 02:00:00,1.8537851412802204,0.31328064
2014-10-08 03:00:00,1.634341690616891,0.35135266
2014-10-08 04:00:00,1.447814757553061,0.3303668
2014-10-08 05:00:00,1.3380930322213964,0.19980972
2014-10-08 06:00:00,1.283232169555564,0.09282147
2014-10-08 07:00:00,1.2612878244892312,0.13838065
2014-10-08 08:00:00,1.5685086554178922,0.05843886
2014-10-08 09:00:00,1.3600373772877292,-0.076591216
2014-10-08 10:00:00,1.491703447685727,-0.13925576
2014-10-08 11:00:00,1.7111468983490563,-0.019255647
2014-10-08 12:00:00,1.88670165887972,0.08364067
2014-10-08 13:00:00,1.820868623680721,0.22726893
2014-10-08 14:00:00,1.9744790391450515,0.2738542
2014-10-08 15:00:00,2.4133659404717105,0.34927672
2014-10-08 16:00:00,2.896141531931035,0.4085992
2014-10-08 17:00:00,3.104612810061198,0.55023295
2014-10-08 18:00:00,3.313084088191361,0.5747175
2014-10-08 19:00:00,3.247251052992362,0.73185027
2014-10-08 20:00:00,3.4996110212551907,0.8140482
2014-10-08 21:00:00,3.642249264186355,0.78883106
2014-10-08 22:00:00,3.642249264186355,0.89233893
2014-10-08 23:00:00,3.356972778324027,1.0770458
2014-10-09 00:00:00,3.1594736727270303,1.1216327
2014-10-09 01:00:00,2.940030222063701,1.1072923
2014-10-09 02:00:00,2.797391979132537,1.0542015
2014-10-09 03:00:00,2.731558943933538,0.86905473
2014-10-09 04:00:00,2.775447634066204,0.73890173
2014-10-09 05:00:00,2.687670253800872,0.6335663
2014-10-09 06:00:00,2.643781563668206,0.5319225
2014-10-09 07:00:00,2.5998928735355404,0.48450452
2014-10-09 08:00:00,2.6547537362013727,0.5617008
2014-10-09 09:00:00,2.6547537362013727,0.5507302
2014-10-09 10:00:00,2.566976355936041,0.58185405
2014-10-09 11:00:00,2.5998928735355404,0.6557469
2014-10-09 12:00:00,2.6657259087345397,0.54881555
2014-10-09 13:00:00,2.7425311164667043,0.69394714
2014-10-09 14:00:00,2.896141531931035,0.7369936
2014-10-09 15:00:00,2.994891084729533,0.8568731
2014-10-09 16:00:00,3.126557155127531,1.0741339
2014-10-09 17:00:00,3.2691953980586947,0.984903
2014-10-09 18:00:00,3.620304919120022,0.960516
2014-10-09 19:00:00,3.75197098951802,0.9461309
2014-10-09 20:00:00,3.762943162051186,1.0318292
2014-10-09 21:00:00,3.708082299385354,1.0239938
2014-10-09 22:00:00,3.5105831937883574,1.1357346
2014-10-09 23:00:00,3.883637059916017,1.197732
2014-10-10 00:00:00,3.620304919120022,1.0121022
2014-10-10 01:00:00,3.247251052992362,1.0362891
2014-10-10 02:00:00,3.137529327660697,0.7854605
2014-10-10 03:00:00,3.016835429795866,0.6750398
2014-10-10 04:00:00,2.676698081267705,0.9013767
2014-10-10 05:00:00,2.7205867714003715,0.67178184
2014-10-10 06:00:00,2.6108650460687066,0.73645526
2014-10-10 07:00:00,2.402393767938544,0.90133715
2014-10-10 08:00:00,2.457254630604376,0.7100711
2014-10-10 09:00:00,2.44628245807121,0.68533546
2014-10-10 10:00:00,2.5340598383365416,0.76654047
2014-10-10 11:00:00,2.545032010869708,0.63031554
2014-10-10 12:00:00,2.501143320737042,0.83069116
2014-10-10 13:00:00,2.3036442151400456,0.9531708
2014-10-10 14:00:00,2.171978144742048,0.9637014
2014-10-10 15:00:00,1.8318407962138876,1.1032729
2014-10-10 16:00:00,1.7660077610148888,1.1536244
2014-10-10 17:00:00,1.5685086554178922,1.1543765
2014-10-10 18:00:00,1.7879521060812216,1.2558573
2014-10-10 19:00:00,2.215866834874714,1.3036348
2014-10-10 20:00:00,2.5340598383365416,1.2420124
2014-10-10 21:00:00,2.523087665803375,1.2078898
2014-10-10 22:00:00,2.2816998700737128,1.3033065
2014-10-10 23:00:00,2.4353102855380437,1.3102772
2014-10-11 00:00:00,2.501143320737042,1.3426977
2014-10-11 01:00:00,2.2268390074078805,1.1840515
2014-10-11 02:00:00,2.084200764476716,1.1362296
2014-10-11 03:00:00,2.380449422872211,1.1634071
2014-10-11 04:00:00,2.347532905272712,0.9610162
2014-10-11 05:00:00,1.8537851412802204,0.97887385
2014-10-11 06:00:00,1.1405939266243998,0.9366192
2014-10-11 07:00:00,1.283232169555564,0.81989026
2014-10-11 08:00:00,1.118649581558067,0.9544482
2014-10-11 09:00:00,1.0528165463590682,0.9988973
2014-10-11 10:00:00,1.425870412486728,0.9864427
2014-10-11 11:00:00,1.7111468983490563,0.9935439
2014-10-11 12:00:00,1.6014251730173916,0.99094385
2014-10-11 13:00:00,1.5685086554178922,1.0051903
2014-10-11 14:00:00,1.5026756202188931,0.8963674
2014-10-11 15:00:00,1.4587869300862275,0.89120024
2014-10-11 16:00:00,1.5246199652852264,0.8094284
2014-10-11 17:00:00,1.6782303807495569,0.79656565
2014-10-11 18:00:00,0.0872653634404188,0.7435394
2014-10-11 19:00:00,-0.867313646945064,0.83562356
2014-10-11 20:00:00,-0.9002301645445634,0.9810319
2014-10-11 21:00:00,-1.0428684074757275,1.01045
2014-10-11 22:00:00,-1.0318962349425609,1.028603
2014-10-11 23:00:00,-1.0209240624093945,1.01804
2014-10-12 00:00:00,-1.009951889876228,1.0550731
2014-10-12 01:00:00,-1.0428684074757275,1.0414487
2014-10-12 02:00:00,-1.0209240624093945,1.0181282
2014-10-12 03:00:00,-0.9989797173430616,1.0731746
2014-10-12 04:00:00,-0.9989797173430616,0.99739474
2014-10-12 05:00:00,-0.9989797173430616,0.9087886
2014-10-12 06:00:00,-1.009951889876228,0.7825272
2014-10-12 07:00:00,-1.0209240624093945,0.6519693
2014-10-12 08:00:00,-1.053840580008894,0.5812128
2014-10-12 09:00:00,-1.0648127525420603,0.5201585
2014-10-12 10:00:00,-1.053840580008894,0.580359
2014-10-12 11:00:00,-1.0318962349425609,0.6248934
2014-10-12 12:00:00,-1.0648127525420603,0.644794
2014-10-12 13:00:00,-1.0428684074757275,0.6303665
2014-10-12 14:00:00,-1.0318962349425609,0.6148767
2014-10-12 15:00:00,-1.0318962349425609,0.53221273
2014-10-12 16:00:00,-1.053840580008894,0.5514519
2014-10-12 17:00:00,-1.0209240624093945,0.6230114
2014-10-12 18:00:00,-1.0318962349425609,0.34074742
2014-10-12 19:00:00,-1.0209240624093945,-0.07647381
2014-10-12 20:00:00,-0.9550910272103956,-0.22628187
2014-10-12 21:00:00,-1.009951889876228,-0.31328875
2014-10-12 22:00:00,-0.9880075448098952,-0.26223236
2014-10-12 23:00:00,-0.9880075448098952,-0.23671463
2014-10-13 00:00:00,-1.0209240624093945,-0.28219604
2014-10-13 01:00:00,-1.0428684074757275,-0.31053215
2014-10-13 02:00:00,-1.0648127525420603,-0.27892095
2014-10-13 03:00:00,-1.0648127525420603,-0.2196446
2014-10-13 04:00:00,-1.0209240624093945,-0.22454375
2014-10-13 05:00:00,-0.9989797173430616,-0.1684387
2014-10-13 06:00:00,-1.0209240624093945,-0.08369508
2014-10-13 07:00:00,-1.0428684074757275,-0.07569521
2014-10-13 08:00:00,-1.0428684074757275,-0.09430145
2014-10-13 09:00:00,-1.0209240624093945,-0.13056749
2014-10-13 10:00:00,-0.9989797173430616,-0.15220058
2014-10-13 11:00:00,-1.009951889876228,-0.2131559
2014-10-13 12:00:00,-0.9989797173430616,-0.25473592
2014-10-13 13:00:00,-0.9989797173430616,-0.15315197
2014-10-13 14:00:00,-1.009951889876228,-0.099774875
2014-10-13 15:00:00,-0.9880075448098952,-0.019673908
2014-10-13 16:00:00,-0.9880075448098952,0.05234673
2014-10-13 17:00:00,-1.009951889876228,0.0832456
2014-10-13 18:00:00,-0.9550910272103956,0.10430404
2014-10-13 19:00:00,-0.8343971293455645,0.14222765
2014-10-13 20:00:00,-0.7137032314807333,0.1634763
2014-10-13 21:00:00,-0.7137032314807333,0.19516705
2014-10-13 22:00:00,-0.5381484709500699,0.1892089
2014-10-13 23:00:00,-0.4503710906847381,0.16479357
2014-10-14 00:00:00,-0.4284267456184051,0.10085132
2014-10-14 01:00:00,-0.5820371610827357,0.10434411
2014-10-14 02:00:00,-0.6368980237485681,0.06265328
2014-10-14 03:00:00,-0.6039815061490686,0.0131959375
2014-10-14 04:00:00,-0.5820371610827357,0.038498662
2014-10-14 05:00:00,-0.7356475765470664,0.012344664
2014-10-14 06:00:00,-0.8782858194782304,-0.024027782
2014-10-14 07:00:00,-0.823424956812398,-0.07310554
2014-10-14 08:00:00,-0.8563414744118975,-0.105812125
2014-10-14 09:00:00,-0.9112023370777298,-0.11590961
2014-10-14 10:00:00,-0.8124527842792316,-0.10151566
2014-10-14 11:00:00,-0.7905084392128987,-0.13140348
2014-10-14 12:00:00,-0.7575919216133993,-0.18675837
2014-10-14 13:00:00,-0.5930093336159022,-0.16812819
2014-10-14 14:00:00,-0.5600928160164028,-0.03253866
2014-10-14 15:00:00,-0.6917588864144004,0.007304659
2014-10-14 16:00:00,-0.7575919216133993,0.07632569
2014-10-14 17:00:00,-0.7575919216133993,0.10653699
2014-10-14 18:00:00,-0.5052319533505705,0.16899611
2014-10-14 19:00:00,-0.3625937104194063,0.2575023
2014-10-14 20:00:00,-0.2748163301540746,0.3651747
2014-10-14 21:00:00,-0.1321780872229105,0.4567415
2014-10-14 22:00:00,0.1530983986394176,0.4819672
2014-10-14 23:00:00,0.3067088141037483,0.52826536
2014-10-15 00:00:00,0.4493470570349123,0.51334846
2014-10-15 01:00:00,0.5371244373002441,0.33405182
2014-10-15 02:00:00,0.5371244373002441,0.24967144
2014-10-15 03:00:00,0.2737922965042488,0.18600008
2014-10-15 04:00:00,-0.0882893970902446,0.039838113
2014-10-15 05:00:00,0.1092097085067518,-0.041709818
2014-10-15 06:00:00,-0.121205914689744,-0.047143735
2014-10-15 07:00:00,-0.1760667773555763,-0.16449577
2014-10-15 08:00:00,-0.0553728794907452,-0.20256832
2014-10-15 09:00:00,-0.4174545730852387,-0.28670686
2014-10-15 10:00:00,-0.845369301878731,-0.19570434
2014-10-15 11:00:00,-0.9770353722767288,-0.17297101
2014-10-15 12:00:00,-0.9550910272103956,-0.0998841
2014-10-15 13:00:00,-0.9989797173430616,-0.14703871
2014-10-15 14:00:00,-0.966063199743562,-0.105814256
2014-10-15 15:00:00,-0.9989797173430616,-0.14746377
2014-10-15 16:00:00,-1.009951889876228,-0.16522385
2014-10-15 17:00:00,-0.9989797173430616,-0.14069667
2014-10-15 18:00:00,-1.009951889876228,-0.10197335
2014-10-15 19:00:00,-1.0209240624093945,-0.0048925374
2014-10-15 20:00:00,-0.9221745096108964,0.07860384
2014-10-15 21:00:00,-0.8782858194782304,0.22937948
2014-10-15 22:00:00,-0.9112023370777298,0.30779603
2014-10-15 23:00:00,-0.8782858194782304,0.3936025
2014-10-16 00:00:00,-0.658842368814901,0.48359656
2014-10-16 01:00:00,-0.8014806117460651,0.53925425
2014-10-16 02:00:00,-0.8014806117460651,0.48465595
2014-10-16 03:00:00,-0.7795362666797322,0.401874
2014-10-16 04:00:00,-0.7575919216133993,0.33217305
2014-10-16 05:00:00,-0.6917588864144004,0.20877779
2014-10-16 06:00:00,-0.7027310589475669,-0.032388054
2014-10-16 07:00:00,-0.6259258512154017,-0.045439072
2014-10-16 08:00:00,-0.6149536786822352,-0.113264985
2014-10-16 09:00:00,-0.6149536786822352,-0.35625517
2014-10-16 10:00:00,-0.823424956812398,-0.52929336
2014-10-16 11:00:00,-0.9112023370777298,-0.6701068
2014-10-16 12:00:00,-0.9112023370777298,-0.76233166
2014-10-16 13:00:00,-0.8014806117460651,-0.72702307
2014-10-16 14:00:00,-0.7795362666797322,-0.74813634
2014-10-16 15:00:00,-0.7795362666797322,-0.7357536
2014-10-16 16:00:00,-0.7027310589475669,-0.77006286
2014-10-16 17:00:00,-0.4503710906847381,-0.69782054
2014-10-16 18:00:00,-0.4503710906847381,-0.6116155
2014-10-16 19:00:00,-0.472315435751071,-0.5840496
2014-10-16 20:00:00,-0.494259780817404,-0.5376663
2014-10-16 21:00:00,-0.4393989181515716,-0.43865073
2014-10-16 22:00:00,-0.329677192819907,-0.32583916
2014-10-16 23:00:00,-0.2199554674882422,-0.2530153
2014-10-17 00:00:00,-0.1650946048224099,-0.13688155
2014-10-17 01:00:00,-0.1321780872229105,-0.08801665
2014-10-17 02:00:00,-0.0992615696234111,0.07407864
2014-10-17 03:00:00,-0.0224563618912458,0.18622291
2014-10-17 04:00:00,0.0324045007745865,0.16777726
2014-10-17 05:00:00,0.0104601557082535,0.276134
2014-10-17 06:00:00,-0.0224563618912458,0.2950994
2014-10-17 07:00:00,-0.0114841893580793,0.1545218
2014-10-17 08:00:00,-0.0553728794907452,0.22178441
2014-10-17 09:00:00,-0.2638441576209081,0.1555622
2014-10-17 10:00:00,-0.2199554674882422,0.09921444
2014-10-17 11:00:00,-0.1431502597560769,-0.029608274
2014-10-17 12:00:00,-0.1431502597560769,-0.07879738
2014-10-17 13:00:00,-0.1980111224219093,-0.116245486
2014-10-17 14:00:00,0.0543488458409194,-0.12803519
2014-10-17 15:00:00,0.1750427437057506,-0.12383761
2014-10-17 16:00:00,0.0324045007745865,-0.10572932
2014-10-17 17:00:00,0.0982375359735853,-0.060988314
2014-10-17 18:00:00,0.1969870887720835,0.01746074
2014-10-17 19:00:00,0.2957366415705817,0.116337396
2014-10-17 20:00:00,0.4822635746344118,0.12956233
2014-10-17 21:00:00,0.9760113386269028,0.16290434
2014-10-17 22:00:00,0.9869835111600692,0.36743304
2014-10-17 23:00:00,1.3710095498208958,0.3554564
2014-10-18 00:00:00,1.217399134356565,0.37939852
2014-10-18 01:00:00,1.0637887188922346,0.38372928
2014-10-18 02:00:00,1.096705236491734,0.2668094
2014-10-18 03:00:00,1.0637887188922346,0.25073335
2014-10-18 04:00:00,1.0199000287595688,0.16944751
2014-10-18 05:00:00,0.8772617858284046,0.08035163
2014-10-18 06:00:00,0.186014916238917,0.012415005
2014-10-18 07:00:00,0.1092097085067518,0.047620095
2014-10-18 08:00:00,0.1201818810399182,0.030521473
2014-10-18 09:00:00,-0.0663450520239117,-0.14233321
2014-10-18 10:00:00,0.1311540535730847,-0.21619284
2014-10-18 11:00:00,0.1092097085067518,-0.11802622
2014-10-18 12:00:00,0.6029574724992429,-0.094458036
2014-10-18 13:00:00,0.9430948210274036,-0.036500446
2014-10-18 14:00:00,1.0308722012927352,-0.07652684
2014-10-18 15:00:00,1.2064269618233987,-0.014390791
2014-10-18 16:00:00,1.2612878244892312,-0.012910569
2014-10-18 17:00:00,1.425870412486728,0.08091635
2014-10-18 18:00:00,1.5246199652852264,0.17426291
2014-10-18 19:00:00,1.88670165887972,0.24065372
2014-10-18 20:00:00,2.150033799675715,0.34280923
2014-10-18 21:00:00,2.358505077805878,0.53556013
2014-10-18 22:00:00,2.81933632419887,0.6822274
2014-10-18 23:00:00,3.0936406375280314,0.7426943
2014-10-19 00:00:00,3.356972778324027,0.706054
2014-10-19 01:00:00,3.34600060579086,0.5475443
2014-10-19 02:00:00,3.170445845260197,0.45210898
2014-10-19 03:00:00,3.258223225525529,0.44896507
2014-10-19 04:00:00,3.433777986056192,0.54982847
2014-10-19 05:00:00,2.994891084729533,0.44401848
2014-10-19 06:00:00,2.874197186864702,0.24223821
2014-10-19 07:00:00,2.808364151665703,0.047940083
2014-10-19 08:00:00,2.676698081267705,-0.042857565
2014-10-19 09:00:00,2.7644754615330376,-0.11687573
2014-10-19 10:00:00,2.81933632419887,-0.035517074
2014-10-19 11:00:00,2.775447634066204,0.030617109
2014-10-19 12:00:00,2.106145109543049,0.12523055
2014-10-19 13:00:00,1.239343479422898,0.30280805
2014-10-19 14:00:00,1.2064269618233987,0.3842263
2014-10-19 15:00:00,0.910178303427904,0.41363585
2014-10-19 16:00:00,0.6687905076982418,0.47963035
2014-10-19 17:00:00,0.58101312743291,0.5717752
2014-10-19 18:00:00,0.7565678879635735,0.56539035
2014-10-19 19:00:00,1.0528165463590682,0.63799137
2014-10-19 20:00:00,1.096705236491734,0.7937034
2014-10-19 21:00:00,1.0637887188922346,0.91995376
2014-10-19 22:00:00,0.8553174407620717,1.066238
2014-10-19 23:00:00,0.6687905076982418,1.1623122
2014-10-20 00:00:00,0.6687905076982418,1.2247522
2014-10-20 01:00:00,0.7236513703640741,1.245305
2014-10-20 02:00:00,0.7785122330299065,1.0545095
2014-10-20 03:00:00,0.8443452682289052,1.0042886
2014-10-20 04:00:00,0.8443452682289052,1.0887378
2014-10-20 05:00:00,0.9760113386269028,0.93048406
2014-10-20 06:00:00,0.95406699356057,0.9090065
2014-10-20 07:00:00,1.0089278562264024,0.90909564
2014-10-20 08:00:00,1.1296217540912334,0.8562269
2014-10-20 09:00:00,1.469759102619394,0.85596955
2014-10-20 10:00:00,1.7660077610148888,0.7653463
2014-10-20 11:00:00,1.8098964511475544,0.7444845
2014-10-20 12:00:00,1.842812968747054,0.6654531
2014-10-20 13:00:00,2.029339901810884,0.44829246
2014-10-20 14:00:00,1.798924278614388,0.3893603
2014-10-20 15:00:00,1.6782303807495569,0.31572506
2014-10-20 16:00:00,1.6014251730173916,0.29850537
2014-10-20 17:00:00,1.5246199652852264,0.2946318
2014-10-20 18:00:00,1.7111468983490563,0.18689182
2014-10-20 19:00:00,1.6782303807495569,0.34706596
2014-10-20 20:00:00,1.7769799335480552,0.36919785
2014-10-20 21:00:00,1.5246199652852264,0.34481165
2014-10-20 22:00:00,0.4712914021012453,0.27236825
2014-10-20 23:00:00,-0.3187050202867404,0.22469428
2014-10-21 00:00:00,-0.4284267456184051,0.19737908
2014-10-21 01:00:00,-0.7246754040138998,0.2412037
2014-10-21 02:00:00,-0.7027310589475669,0.25466183
2014-10-21 03:00:00,-0.7356475765470664,0.21173228
2014-10-21 04:00:00,-0.7575919216133993,0.1667445
2014-10-21 05:00:00,-0.8343971293455645,0.24764091
2014-10-21 06:00:00,-0.7575919216133993,0.33275628
2014-10-21 07:00:00,-0.680786713881234,0.31023967
2014-10-21 08:00:00,-0.680786713881234,0.3869684
2014-10-21 09:00:00,-0.680786713881234,0.46836394
2014-10-21 10:00:00,-0.680786713881234,0.47516927
2014-10-21 11:00:00,-0.7027310589475669,0.5478852
2014-10-21 12:00:00,-0.680786713881234,0.5865051
2014-10-21 13:00:00,-0.6917588864144004,0.6524382
2014-10-21 14:00:00,-0.7027310589475669,0.7127733
2014-10-21 15:00:00,-0.7137032314807333,0.7257604
2014-10-21 16:00:00,-0.7356475765470664,0.67727214
2014-10-21 17:00:00,-0.6478701962817346,0.6673325
2014-10-21 18:00:00,-0.680786713881234,0.7777007
2014-10-21 19:00:00,-0.5381484709500699,0.77632785
2014-10-21 20:00:00,-0.3625937104194063,0.7501841
2014-10-21 21:00:00,-0.1760667773555763,0.7893264
2014-10-21 22:00:00,-0.0992615696234111,0.58430123
2014-10-21 23:00:00,-0.0334285344244122,0.2955278
2014-10-22 00:00:00,-0.4393989181515716,0.15102229
2014-10-22 01:00:00,-0.5491206434832363,0.060601823
2014-10-22 02:00:00,-0.5820371610827357,0.06673372
2014-10-22 03:00:00,-0.5271762984169034,0.035954468
2014-10-22 04:00:00,-0.2967606752204075,0.010547599
2014-10-22 05:00:00,0.1201818810399182,-0.10586377
2014-10-22 06:00:00,0.0433766733077529,-0.13258655
2014-10-22 07:00:00,-0.1102337421565775,-0.11650779
2014-10-22 08:00:00,-0.1760667773555763,-0.10173755
2014-10-22 09:00:00,-0.2309276400214087,-0.037425242
2014-10-22 10:00:00,-0.1870389498887428,-0.0106820855
2014-10-22 11:00:00,-0.0882893970902446,-0.014419565
2014-10-22 12:00:00,0.0433766733077529,0.009850314
2014-10-22 13:00:00,-0.0005120168249128,0.025891697
2014-10-22 14:00:00,0.0104601557082535,0.13476545
2014-10-22 15:00:00,-0.1541224322892434,0.09051839
2014-10-22 16:00:00,-0.1650946048224099,0.09682328
2014-10-22 17:00:00,-0.1870389498887428,0.116960324
2014-10-22 18:00:00,-0.0334285344244122,0.20635611
2014-10-22 19:00:00,0.186014916238917,0.2618725
2014-10-22 20:00:00,0.2628201239710824,0.27290863
2014-10-22 21:00:00,0.2957366415705817,0.2975875
2014-10-22 22:00:00,0.3505975042364141,0.3617108
2014-10-22 23:00:00,0.3286531591700812,0.309349
2014-10-23 00:00:00,0.2847644690374153,0.35695451
2014-10-23 01:00:00,0.20795926130525,0.3871529
2014-10-23 02:00:00,0.0872653634404188,0.30633253
2014-10-23 03:00:00,0.0872653634404188,0.14926308
2014-10-23 04:00:00,0.02143232824142,0.15182601
2014-10-23 05:00:00,0.1092097085067518,0.2933292
2014-10-23 06:00:00,0.1421262261062512,0.3234508
2014-10-23 07:00:00,0.0872653634404188,0.32126844
2014-10-23 08:00:00,0.1750427437057506,0.35848802
2014-10-23 09:00:00,0.3286531591700812,0.2822194
2014-10-23 10:00:00,0.3725418493027471,0.28590155
2014-10-23 11:00:00,0.39448619436908,0.344114
2014-10-23 12:00:00,0.4932357471675782,0.3776272
2014-10-23 13:00:00,0.5371244373002441,0.34160936
2014-10-23 14:00:00,0.3615696767695806,0.31709635
2014-10-23 15:00:00,0.4712914021012453,0.2876795
2014-10-23 16:00:00,0.5371244373002441,0.224382
2014-10-23 17:00:00,0.7017070252977412,0.21189895
2014-10-23 18:00:00,0.76754006049674,0.13043964
2014-10-23 19:00:00,0.8114287506294059,0.09617218
2014-10-23 20:00:00,0.9979556836932358,0.25459495
2014-10-23 21:00:00,1.0528165463590682,0.3167162
2014-10-23 22:00:00,1.0418443738259018,0.34048253
2014-10-23 23:00:00,1.2503156519560643,0.3745088
2014-10-24 00:00:00,1.3929538948872286,0.20881763
2014-10-24 01:00:00,1.283232169555564,0.24807735
2014-10-24 02:00:00,1.0418443738259018,0.31426817
2014-10-24 03:00:00,0.910178303427904,0.27707648
2014-10-24 04:00:00,0.8662896132952382,0.20024027
2014-10-24 05:00:00,0.9979556836932358,0.08190676
2014-10-24 06:00:00,0.8553174407620717,0.11236229
2014-10-24 07:00:00,0.910178303427904,0.15933555
2014-10-24 08:00:00,0.932122648494237,0.022446891
2014-10-24 09:00:00,1.0089278562264024,0.041583292
2014-10-24 10:00:00,1.0857330639585676,-0.010911072
2014-10-24 11:00:00,1.4368425850198945,0.06537271
2014-10-24 12:00:00,1.6782303807495569,0.20179325
2014-10-24 13:00:00,1.985451211678218,0.24358897
2014-10-24 14:00:00,2.1280894546093823,0.19268556
2014-10-24 15:00:00,2.380449422872211,0.16688159
2014-10-24 16:00:00,2.391421595405377,0.17718337
2014-10-24 17:00:00,2.44628245807121,0.23638771
2014-10-24 18:00:00,2.621837218601873,0.2891548
2014-10-24 19:00:00,2.643781563668206,0.35325837
2014-10-24 20:00:00,2.6986424263340387,0.3958849
2014-10-24 21:00:00,2.808364151665703,0.39857265
2014-10-24 22:00:00,3.104612810061198,0.4027966
2014-10-24 23:00:00,2.8851693593978687,0.31385487
2014-10-25 00:00:00,3.082668464994865,0.34177655
2014-10-25 01:00:00,2.7644754615330376,0.4490354
2014-10-25 02:00:00,2.402393767938544,0.3274961
2014-10-25 03:00:00,2.3036442151400456,0.1955305
2014-10-25 04:00:00,2.5340598383365416,0.09612478
2014-10-25 05:00:00,2.545032010869708,0.07269306
2014-10-25 06:00:00,2.358505077805878,0.019525295
2014-10-25 07:00:00,2.3255885602063784,-0.000513399
2014-10-25 08:00:00,2.3036442151400456,-0.042494178
2014-10-25 09:00:00,2.457254630604376,-0.042979352
2014-10-25 10:00:00,2.523087665803375,0.014475962
2014-10-25 11:00:00,2.457254630604376,0.20465985
2014-10-25 12:00:00,2.5340598383365416,0.31860888
2014-10-25 13:00:00,2.6986424263340387,0.464306
2014-10-25 14:00:00,2.7644754615330376,0.5261925
2014-10-25 15:00:00,3.027807602329033,0.559694
2014-10-25 16:00:00,3.313084088191361,0.5937522
2014-10-25 17:00:00,3.543499711387857,0.65194184
2014-10-25 18:00:00,3.730026644451687,0.56076324
2014-10-25 19:00:00,3.828776197250185,0.7122346
2014-10-25 20:00:00,4.081136165513014,0.62535995
2014-10-25 21:00:00,3.87266488738285,0.7969642
2014-10-25 22:00:00,3.433777986056192,0.653399
2014-10-25 23:00:00,3.247251052992362,0.80239654
2014-10-26 00:00:00,3.236278880459196,0.78835195
2014-10-26 01:00:00,3.060724119928532,0.72607523
2014-10-26 02:00:00,2.643781563668206,0.49249414
2014-10-26 03:00:00,2.3255885602063784,0.38345018
2014-10-26 04:00:00,1.7221190708822227,0.34198698
2014-10-26 05:00:00,0.910178303427904,0.45372048
2014-10-26 06:00:00,-0.6698145413480675,0.3264314
2014-10-26 07:00:00,-0.9221745096108964,0.35021317
2014-10-26 08:00:00,-0.9441188546772292,0.33994162
2014-10-26 09:00:00,-0.9221745096108964,0.33485135
2014-10-26 10:00:00,-0.9880075448098952,0.36121553
2014-10-26 11:00:00,-0.9880075448098952,0.42969435
2014-10-26 12:00:00,-0.9989797173430616,0.47929206
2014-10-26 13:00:00,-1.0209240624093945,0.5238017
2014-10-26 14:00:00,-0.9989797173430616,0.5982783
2014-10-26 15:00:00,-0.9989797173430616,0.6372144
2014-10-26 16:00:00,-0.9880075448098952,0.7228039
2014-10-26 17:00:00,-1.009951889876228,0.80818087
2014-10-26 18:00:00,-0.9989797173430616,0.9019372
2014-10-26 19:00:00,-0.9112023370777298,0.9539142
2014-10-26 20:00:00,-0.9331466821440628,1.003252
2014-10-26 21:00:00,-0.9331466821440628,1.0597454
2014-10-26 22:00:00,-0.966063199743562,0.99170876
2014-10-26 23:00:00,-0.9989797173430616,0.93187016
2014-10-27 00:00:00,-0.9880075448098952,0.7740886
2014-10-27 01:00:00,-0.9989797173430616,0.69439125
2014-10-27 02:00:00,-0.966063199743562,0.64336795
2014-10-27 03:00:00,-0.9989797173430616,0.5545176
2014-10-27 04:00:00,-0.9550910272103956,0.34854805
2014-10-27 05:00:00,-0.9441188546772292,0.20009896
2014-10-27 06:00:00,-0.966063199743562,-0.13321857
2014-10-27 07:00:00,-0.8343971293455645,-0.44657767
2014-10-27 08:00:00,-0.845369301878731,-0.50575715
2014-10-27 09:00:00,-0.7575919216133993,-0.52074534
2014-10-27 10:00:00,-0.472315435751071,-0.5081889
2014-10-27 11:00:00,-0.6259258512154017,-0.5068129
2014-10-27 12:00:00,-0.7137032314807333,-0.55953336
2014-10-27 13:00:00,-0.7575919216133993,-0.5394978
2014-10-27 14:00:00,-0.7685640941465657,-0.44719023
2014-10-27 15:00:00,-0.823424956812398,-0.36075032
2014-10-27 16:00:00,-0.7356475765470664,-0.3404495
2014-10-27 17:00:00,-0.6698145413480675,-0.33035058
2014-10-27 18:00:00,-0.658842368814901,-0.3201235
2014-10-27 19:00:00,-0.4393989181515716,-0.3102746
2014-10-27 20:00:00,-0.3516215378862399,-0.17090265
2014-10-27 21:00:00,-0.472315435751071,-0.20217201
2014-10-27 22:00:00,-0.5381484709500699,-0.20426981
2014-10-27 23:00:00,-0.8124527842792316,-0.1948756
2014-10-28 00:00:00,-0.5491206434832363,-0.11754381
2014-10-28 01:00:00,-0.6368980237485681,-0.14745045
2014-10-28 02:00:00,-0.6259258512154017,-0.112931155
2014-10-28 03:00:00,-0.2857885026872411,-0.090769224
2014-10-28 04:00:00,-0.1431502597560769,-0.049621604
2014-10-28 05:00:00,-0.2418998125545752,0.10671691
2014-10-28 06:00:00,-0.2528719850877416,0.26778966
2014-10-28 07:00:00,-0.0992615696234111,0.40306598
2014-10-28 08:00:00,-0.0114841893580793,0.44536018
2014-10-28 09:00:00,-0.0882893970902446,0.52404064
2014-10-28 10:00:00,-0.1870389498887428,0.56396526
2014-10-28 11:00:00,-0.0663450520239117,0.57968414
2014-10-28 12:00:00,-0.1102337421565775,0.52180254
2014-10-28 13:00:00,-0.3516215378862399,0.45706826
2014-10-28 14:00:00,-0.4393989181515716,0.41196537
2014-10-28 15:00:00,-0.516204125883737,0.40779364
2014-10-28 16:00:00,-0.5381484709500699,0.45167324
2014-10-28 17:00:00,-0.5271762984169034,0.43301296
2014-10-28 18:00:00,-0.5381484709500699,0.43567187
2014-10-28 19:00:00,-0.5820371610827357,0.5240601
2014-10-28 20:00:00,-0.5820371610827357,0.5924389
2014-10-28 21:00:00,-0.4503710906847381,0.580662
2014-10-28 22:00:00,-0.4503710906847381,0.57925385
2014-10-28 23:00:00,-0.2857885026872411,0.45420915
2014-10-29 00:00:00,-0.0773172245570781,0.44236428
2014-10-29 01:00:00,0.0104601557082535,0.50942034
2014-10-29 02:00:00,0.1201818810399182,0.40302283
2014-10-29 03:00:00,0.4274027119685794,0.49575868
2014-10-29 04:00:00,0.3176809866369147,0.5452902
2014-10-29 05:00:00,0.2957366415705817,0.43029514
2014-10-29 06:00:00,0.1530983986394176,0.34689945
2014-10-29 07:00:00,-0.0224563618912458,0.26436427
2014-10-29 08:00:00,0.02143232824142,0.17975366
2014-10-29 09:00:00,0.0653210183740859,0.2990846
2014-10-29 10:00:00,0.1201818810399182,0.3237552
2014-10-29 11:00:00,0.0653210183740859,0.38386583
2014-10-29 12:00:00,0.0543488458409194,0.40314
2014-10-29 13:00:00,0.0872653634404188,0.41739696
2014-10-29 14:00:00,0.0762931909072524,0.30076995
2014-10-29 15:00:00,0.1421262261062512,0.2861901
2014-10-29 16:00:00,0.2847644690374153,0.22865902
2014-10-29 17:00:00,0.4493470570349123,0.16929577
2014-10-29 18:00:00,0.6358739900987423,0.18193758
2014-10-29 19:00:00,0.76754006049674,0.1349812
2014-10-29 20:00:00,0.8333730956957388,0.2025893
2014-10-29 21:00:00,0.910178303427904,0.2559761
2014-10-29 22:00:00,1.0199000287595688,0.24768281
2014-10-29 23:00:00,1.2612878244892312,0.31497583
2014-10-30 00:00:00,1.2612878244892312,0.33053574
2014-10-30 01:00:00,1.2064269618233987,0.37457025
2014-10-30 02:00:00,1.2503156519560643,0.4950391
2014-10-30 03:00:00,1.2503156519560643,0.5154073
2014-10-30 04:00:00,1.88670165887972,0.47027862
2014-10-30 05:00:00,1.0747608914254012,0.35028124
2014-10-30 06:00:00,0.8333730956957388,0.33330494
2014-10-30 07:00:00,0.6468461626319087,0.24994135
2014-10-30 08:00:00,0.6358739900987423,0.26671246
2014-10-30 09:00:00,0.4054583669022464,0.24871376
2014-10-30 10:00:00,0.6139296450324094,0.13687348
2014-10-30 11:00:00,0.6687905076982418,0.23583779
2014-10-30 12:00:00,0.6907348527645747,0.23106556
2014-10-30 13:00:00,0.8553174407620717,0.21302584
2014-10-30 14:00:00,0.8772617858284046,0.24514686
2014-10-30 15:00:00,0.8662896132952382,0.36515856
2014-10-30 16:00:00,0.8992061308947376,0.40307188
2014-10-30 17:00:00,1.0089278562264024,0.40024605
2014-10-30 18:00:00,1.0857330639585676,0.45910436
2014-10-30 19:00:00,1.184482616757066,0.5506995
2014-10-30 20:00:00,1.2283713068897315,0.5680735
2014-10-30 21:00:00,1.0199000287595688,0.6658
2014-10-30 22:00:00,1.1515660991575665,0.7560365
2014-10-30 23:00:00,1.1625382716907329,0.8369158
2014-10-31 00:00:00,1.2283713068897315,0.87420565
2014-10-31 01:00:00,1.2722599970223976,0.8440036
2014-10-31 02:00:00,1.447814757553061,0.8129586
2014-10-31 03:00:00,1.3490652047545628,0.8156619
2014-10-31 04:00:00,1.4148982399535617,0.8149362
2014-10-31 05:00:00,1.1625382716907329,0.73171407
2014-10-31 06:00:00,1.0308722012927352,0.69074714
2014-10-31 07:00:00,1.217399134356565,0.69897926
2014-10-31 08:00:00,1.3710095498208958,0.6487468
2014-10-31 09:00:00,0.7565678879635735,0.4751941
2014-10-31 10:00:00,0.4822635746344118,0.3226522
2014-10-31 11:00:00,0.5480966098334106,0.42487678
2014-10-31 12:00:00,0.4822635746344118,0.43026483
2014-10-31 13:00:00,0.4712914021012453,0.42801523
2014-10-31 14:00:00,0.4712914021012453,0.48886412
2014-10-31 15:00:00,0.4932357471675782,0.44906104
2014-10-31 16:00:00,0.5700409548997435,0.50004274
2014-10-31 17:00:00,0.7126791978309076,0.6559959
2014-10-31 18:00:00,0.8333730956957388,0.6421471
2014-10-31 19:00:00,1.1954547892902323,0.73302656
2014-10-31 20:00:00,1.3600373772877292,0.6982037
2014-10-31 21:00:00,1.096705236491734,0.67638737
2014-10-31 22:00:00,0.9650391660937364,0.7511833
2014-10-31 23:00:00,0.9211504759610706,0.6974567
2014-11-01 00:00:00,0.8772617858284046,0.63956475
2014-11-01 01:00:00,0.9760113386269028,0.65661466
2014-11-01 02:00:00,1.2612878244892312,0.6628468
2014-11-01 03:00:00,0.8772617858284046,0.5852645
2014-11-01 04:00:00,-0.2089832949550758,0.6376947
2014-11-01 05:00:00,-0.2418998125545752,0.56951475
2014-11-01 06:00:00,-0.8343971293455645,0.53343534
2014-11-01 07:00:00,-0.8124527842792316,0.50256985
2014-11-01 08:00:00,-0.7795362666797322,0.45599714
2014-11-01 09:00:00,-0.8563414744118975,0.52905715
2014-11-01 10:00:00,-0.9441188546772292,0.35431987
2014-11-01 11:00:00,-0.9770353722767288,0.3923152
2014-11-01 12:00:00,-0.966063199743562,0.29533017
2014-11-01 13:00:00,-0.9770353722767288,0.24679686
2014-11-01 14:00:00,-0.9550910272103956,0.28945038
2014-11-01 15:00:00,-0.966063199743562,0.28774214
2014-11-01 16:00:00,-0.9989797173430616,0.31419855
2014-11-01 17:00:00,-0.9880075448098952,0.36382136
2014-11-01 18:00:00,-0.9880075448098952,0.3635469
2014-11-01 19:00:00,-0.9331466821440628,0.43090683
2014-11-01 20:00:00,-0.9002301645445634,0.56097645
2014-11-01 21:00:00,-0.9002301645445634,0.5331333
2014-11-01 22:00:00,-0.9441188546772292,0.47503135
2014-11-01 23:00:00,-0.9221745096108964,0.4801659
2014-11-02 00:00:00,-0.9880075448098952,0.39057228
2014-11-02 01:00:00,-0.9989797173430616,0.47257325
2014-11-02 02:00:00,-1.0318962349425609,0.5810787
2014-11-02 03:00:00,-1.009951889876228,0.46654388
2014-11-02 04:00:00,-1.0318962349425609,0.274104
2014-11-02 05:00:00,-1.0648127525420603,0.012710726
2014-11-02 06:00:00,-1.075784925075227,-0.26988328
2014-11-02 07:00:00,-1.009951889876228,-0.2477861
2014-11-02 08:00:00,-1.009951889876228,-0.20636319
2014-11-02 09:00:00,-1.0209240624093945,-0.2274923
2014-11-02 10:00:00,-1.0318962349425609,-0.28379798
2014-11-02 11:00:00,-1.009951889876228,-0.47013262
2014-11-02 12:00:00,-1.0318962349425609,-0.50324976
2014-11-02 13:00:00,-0.9989797173430616,-0.59048736
2014-11-02 14:00:00,-1.009951889876228,-0.61869365
2014-11-02 15:00:00,-1.0209240624093945,-0.53450817
2014-11-02 16:00:00,-0.9880075448098952,-0.5738893
2014-11-02 17:00:00,-0.9880075448098952,-0.464887
2014-11-02 18:00:00,-0.9770353722767288,-0.5021406
2014-11-02 19:00:00,-0.9880075448098952,-0.5058522
2014-11-02 20:00:00,-1.0209240624093945,-0.48869556
2014-11-02 21:00:00,-1.009951889876228,-0.4452957
2014-11-02 22:00:00,-1.0209240624093945,-0.43363702
2014-11-02 23:00:00,-0.9880075448098952,-0.45238084
2014-11-03 00:00:00,-0.9112023370777298,-0.4657356
2014-11-03 01:00:00,-0.8563414744118975,-0.51632744
2014-11-03 02:00:00,-0.7905084392128987,-0.55172646
2014-11-03 03:00:00,-0.7905084392128987,-0.59691095
2014-11-03 04:00:00,-0.8124527842792316,-0.628296
2014-11-03 05:00:00,-0.823424956812398,-0.630038
2014-11-03 06:00:00,-0.8782858194782304,-0.61237305
2014-11-03 07:00:00,-0.9770353722767288,-0.6088906
2014-11-03 08:00:00,-0.7905084392128987,-0.63101786
2014-11-03 09:00:00,-0.6698145413480675,-0.6479312
2014-11-03 10:00:00,-0.680786713881234,-0.6621292
2014-11-03 11:00:00,-0.9441188546772292,-0.66584295
2014-11-03 12:00:00,-0.9770353722767288,-0.65502244
2014-11-03 13:00:00,-0.9002301645445634,-0.61350286
2014-11-03 14:00:00,-1.009951889876228,-0.6396526
2014-11-03 15:00:00,-0.9880075448098952,-0.64404523
2014-11-03 16:00:00,-0.9880075448098952,-0.6299798
2014-11-03 17:00:00,-0.9770353722767288,-0.64558214
2014-11-03 18:00:00,-0.845369301878731,-0.65306944
2014-11-03 19:00:00,-0.7246754040138998,-0.6140669
2014-11-03 20:00:00,-0.658842368814901,-0.5881731
2014-11-03 21:00:00,-0.6259258512154017,-0.5733616
2014-11-03 22:00:00,-0.5710649885495693,-0.30989915
2014-11-03 23:00:00,-0.472315435751071,-0.37456095
2014-11-04 00:00:00,-0.4284267456184051,-0.35553
2014-11-04 01:00:00,-0.4393989181515716,-0.22751215
2014-11-04 02:00:00,-0.3516215378862399,-0.11210064
2014-11-04 03:00:00,-0.2638441576209081,-0.2253663
2014-11-04 04:00:00,-0.307732847753574,-0.22717643
2014-11-04 05:00:00,-0.2199554674882422,-0.16966093
2014-11-04 06:00:00,-0.2199554674882422,-0.18347302
2014-11-04 07:00:00,-0.3735658829525728,-0.26706576
2014-11-04 08:00:00,-0.3955102280189058,-0.018943155
2014-11-04 09:00:00,-0.1650946048224099,0.0029510837
2014-11-04 10:00:00,-0.0444007069575787,-0.038288526
2014-11-04 11:00:00,0.0982375359735853,-0.1288628
2014-11-04 12:00:00,0.1969870887720835,-0.11195307
2014-11-04 13:00:00,0.4493470570349123,-0.20937122
2014-11-04 14:00:00,0.6468461626319087,-0.21565601
2014-11-04 15:00:00,0.58101312743291,-0.22955742
2014-11-04 16:00:00,0.58101312743291,-0.20206764
2014-11-04 17:00:00,0.5700409548997435,-0.16627721
2014-11-04 18:00:00,0.6249018175655758,-0.12931253
2014-11-04 19:00:00,0.6468461626319087,0.017201846
2014-11-04 20:00:00,1.0528165463590682,0.14525534
2014-11-04 21:00:00,1.184482616757066,0.23615773
2014-11-04 22:00:00,1.2612878244892312,0.31453806
2014-11-04 23:00:00,1.70017472581589,0.37569678
2014-11-05 00:00:00,1.5246199652852264,0.41992396
2014-11-05 01:00:00,1.447814757553061,0.40301776
2014-11-05 02:00:00,1.2064269618233987,0.22935474
2014-11-05 03:00:00,0.9211504759610706,0.0134159755
2014-11-05 04:00:00,0.8114287506294059,0.023841312
2014-11-05 05:00:00,0.7017070252977412,0.089625634
2014-11-05 06:00:00,0.5151800922339111,0.069558404
2014-11-05 07:00:00,-0.0224563618912458,-0.02418668
2014-11-05 08:00:00,0.39448619436908,-0.2453857
2014-11-05 09:00:00,0.4054583669022464,-0.21245909
2014-11-05 10:00:00,-0.1102337421565775,-0.13499579
2014-11-05 11:00:00,-0.9441188546772292,-0.1369202
2014-11-05 12:00:00,-1.009951889876228,-0.05361727
2014-11-05 13:00:00,-1.009951889876228,-0.024051765
2014-11-05 14:00:00,-0.9770353722767288,0.026366955
2014-11-05 15:00:00,-0.9989797173430616,0.15715472
2014-11-05 16:00:00,-1.0318962349425609,0.18628046
2014-11-05 17:00:00,-1.0318962349425609,0.24659947
2014-11-05 18:00:00,-0.9880075448098952,0.2962801
2014-11-05 19:00:00,-0.9880075448098952,0.40335333
2014-11-05 20:00:00,-1.0209240624093945,0.37476048
2014-11-05 21:00:00,-1.0318962349425609,0.53306615
2014-11-05 22:00:00,-1.0428684074757275,0.6214807
2014-11-05 23:00:00,-1.0318962349425609,0.7310988
2014-11-06 00:00:00,-1.053840580008894,0.66120005
2014-11-06 01:00:00,-1.0428684074757275,0.65427685
2014-11-06 02:00:00,-1.053840580008894,0.453512
2014-11-06 03:00:00,-1.0648127525420603,0.36985084
2014-11-06 04:00:00,-1.009951889876228,0.36849782
2014-11-06 05:00:00,-0.9989797173430616,0.23532291
2014-11-06 06:00:00,-1.0209240624093945,0.09333863
2014-11-06 07:00:00,-1.0209240624093945,-0.0717484
2014-11-06 08:00:00,-0.9989797173430616,-0.076419316
2014-11-06 09:00:00,-0.9770353722767288,-0.057549678
2014-11-06 10:00:00,-0.9880075448098952,-0.063870735
2014-11-06 11:00:00,-0.9989797173430616,-0.3267861
2014-11-06 12:00:00,-1.0209240624093945,-0.58613867
2014-11-06 13:00:00,-1.053840580008894,-0.6048102
2014-11-06 14:00:00,-1.0648127525420603,-0.6155904
2014-11-06 15:00:00,-1.053840580008894,-0.57326084
2014-11-06 16:00:00,-1.0209240624093945,-0.58191806
2014-11-06 17:00:00,-1.0318962349425609,-0.5986589
2014-11-06 18:00:00,-1.0318962349425609,-0.54825515
2014-11-06 19:00:00,-0.7356475765470664,-0.5002107
2014-11-06 20:00:00,-0.658842368814901,-0.36677027
2014-11-06 21:00:00,-0.658842368814901,-0.33175397
2014-11-06 22:00:00,-0.5710649885495693,-0.26640624
2014-11-06 23:00:00,-0.6149536786822352,-0.23776323
2014-11-07 00:00:00,-0.6478701962817346,-0.1673052
2014-11-07 01:00:00,-0.6149536786822352,-0.1456959
2014-11-07 02:00:00,-0.6039815061490686,-0.13956305
2014-11-07 03:00:00,-0.2309276400214087,-0.0851255
2014-11-07 04:00:00,-0.2638441576209081,-0.107183926
2014-11-07 05:00:00,-0.2309276400214087,-0.18884201
2014-11-07 06:00:00,-0.1102337421565775,-0.17527002
2014-11-07 07:00:00,-0.2967606752204075,-0.2259924
2014-11-07 08:00:00,-0.329677192819907,-0.20505898
2014-11-07 09:00:00,-0.3735658829525728,-0.21271363
2014-11-07 10:00:00,-0.4503710906847381,-0.21986616
2014-11-07 11:00:00,-0.4174545730852387,-0.19643693
2014-11-07 12:00:00,-0.4393989181515716,-0.18028584
2014-11-07 13:00:00,-0.6478701962817346,-0.1798197
2014-11-07 14:00:00,-0.680786713881234,-0.21242294
2014-11-07 15:00:00,-0.7356475765470664,-0.2408498
2014-11-07 16:00:00,-0.9002301645445634,-0.23609215
2014-11-07 17:00:00,-0.7905084392128987,-0.246779
2014-11-07 18:00:00,-0.5930093336159022,-0.039803557
2014-11-07 19:00:00,-0.5381484709500699,0.06394411
2014-11-07 20:00:00,-0.472315435751071,0.23637296
2014-11-07 21:00:00,-0.6917588864144004,0.28299636
2014-11-07 22:00:00,-0.7137032314807333,0.5031163
2014-11-07 23:00:00,-0.6478701962817346,0.4903732
2014-11-08 00:00:00,-0.5930093336159022,0.50832415
2014-11-08 01:00:00,-0.4832876082842375,0.5701362
2014-11-08 02:00:00,-0.3406493653530734,0.5885558
2014-11-08 03:00:00,-0.2309276400214087,0.628036
2014-11-08 04:00:00,-0.2638441576209081,0.637605
2014-11-08 05:00:00,-0.3845380554857393,0.57769066
2014-11-08 06:00:00,-0.3406493653530734,0.5107507
2014-11-08 07:00:00,-0.2857885026872411,0.43834233
2014-11-08 08:00:00,-0.2309276400214087,0.361458
2014-11-08 09:00:00,-0.2418998125545752,0.3946197
2014-11-08 10:00:00,-0.1431502597560769,0.42697382
2014-11-08 11:00:00,-0.1980111224219093,0.42215586
2014-11-08 12:00:00,-0.2857885026872411,0.43823355
2014-11-08 13:00:00,-0.2528719850877416,0.43631324
2014-11-08 14:00:00,-0.1760667773555763,0.3491884
2014-11-08 15:00:00,-0.1431502597560769,0.28288695
2014-11-08 16:00:00,-0.0992615696234111,0.2779919
2014-11-08 17:00:00,-0.2528719850877416,0.35406056
2014-11-08 18:00:00,-0.2857885026872411,0.39760706
2014-11-08 19:00:00,-0.1760667773555763,0.39730543
2014-11-08 20:00:00,-0.121205914689744,0.39206332
2014-11-08 21:00:00,-0.0663450520239117,0.37088037
2014-11-08 22:00:00,-0.0882893970902446,0.3802801
2014-11-08 23:00:00,-0.0334285344244122,0.35208768
2014-11-09 00:00:00,-0.0882893970902446,0.42059618
2014-11-09 01:00:00,-0.0224563618912458,0.42095825
2014-11-09 02:00:00,0.1750427437057506,0.3825477
2014-11-09 03:00:00,0.1421262261062512,0.4706813
2014-11-09 04:00:00,0.0104601557082535,0.37165546
2014-11-09 05:00:00,-0.1431502597560769,0.18847153
2014-11-09 06:00:00,-0.5052319533505705,0.15727182
2014-11-09 07:00:00,-0.5491206434832363,0.13236217
2014-11-09 08:00:00,-0.6368980237485681,0.16052152
2014-11-09 09:00:00,-0.680786713881234,0.16122012
2014-11-09 10:00:00,-0.680786713881234,0.12745371
2014-11-09 11:00:00,-0.6698145413480675,0.10112833
2014-11-09 12:00:00,-0.7356475765470664,0.13527761
2014-11-09 13:00:00,-0.7246754040138998,0.15687056
2014-11-09 14:00:00,-0.658842368814901,0.17870302
2014-11-09 15:00:00,-0.5710649885495693,0.24566463
2014-11-09 16:00:00,-0.6039815061490686,0.33837533
2014-11-09 17:00:00,-0.6698145413480675,0.32216024
2014-11-09 18:00:00,-0.6149536786822352,0.3482932
2014-11-09 19:00:00,-0.472315435751071,0.39420804
2014-11-09 20:00:00,-0.2528719850877416,0.43403548
2014-11-09 21:00:00,-0.2638441576209081,0.388847
2014-11-09 22:00:00,-0.0224563618912458,0.42127377
2014-11-09 23:00:00,0.0104601557082535,0.5288878
2014-11-10 00:00:00,0.0433766733077529,0.46397388
2014-11-10 01:00:00,0.0653210183740859,0.43512845
2014-11-10 02:00:00,0.0872653634404188,0.5102396
2014-11-10 03:00:00,-0.0224563618912458,0.38187587
2014-11-10 04:00:00,-0.2309276400214087,0.29106468
2014-11-10 05:00:00,-0.6149536786822352,0.22341311
2014-11-10 06:00:00,-0.7356475765470664,0.052186362
2014-11-10 07:00:00,-0.6039815061490686,-0.044713758
2014-11-10 08:00:00,-0.516204125883737,-0.041104063
2014-11-10 09:00:00,-0.5820371610827357,-0.10672996
2014-11-10 10:00:00,-0.6368980237485681,-0.18213886
2014-11-10 11:00:00,-0.7246754040138998,-0.21134448
2014-11-10 12:00:00,-0.680786713881234,-0.12818494
2014-11-10 13:00:00,-0.6478701962817346,-0.24142432
2014-11-10 14:00:00,-0.4832876082842375,-0.17537665
2014-11-10 15:00:00,-0.4503710906847381,-0.09815916
2014-11-10 16:00:00,-0.3516215378862399,-0.030295128
2014-11-10 17:00:00,-0.2309276400214087,0.014731338
2014-11-10 18:00:00,-0.2309276400214087,0.059372194
2014-11-10 19:00:00,0.1201818810399182,0.20752826
2014-11-10 20:00:00,0.5151800922339111,0.36121058
2014-11-10 21:00:00,0.58101312743291,0.45974815
2014-11-10 22:00:00,0.4932357471675782,0.5293012
2014-11-10 23:00:00,0.4712914021012453,0.48210147
2014-11-11 00:00:00,0.4822635746344118,0.3927116
2014-11-11 01:00:00,1.096705236491734,0.40906835
2014-11-11 02:00:00,1.5246199652852264,0.3117555
2014-11-11 03:00:00,0.932122648494237,0.19697255
2014-11-11 04:00:00,0.6907348527645747,0.09777262
2014-11-11 05:00:00,-0.7905084392128987,-0.11116407
2014-11-11 06:00:00,-0.966063199743562,-0.1787165
2014-11-11 07:00:00,-0.9989797173430616,-0.1699183
2014-11-11 08:00:00,-0.9989797173430616,-0.19451755
2014-11-11 09:00:00,-0.9770353722767288,-0.23547816
2014-11-11 10:00:00,-0.9331466821440628,-0.2431179
2014-11-11 11:00:00,-0.9550910272103956,-0.20051852
2014-11-11 12:00:00,-0.9441188546772292,-0.23029798
2014-11-11 13:00:00,-0.9112023370777298,-0.20495841
2014-11-11 14:00:00,-0.9002301645445634,-0.117798455
2014-11-11 15:00:00,-0.9221745096108964,-0.04818935
2014-11-11 16:00:00,-0.9770353722767288,0.015167778
2014-11-11 17:00:00,-1.0209240624093945,0.16101295
2014-11-11 18:00:00,-0.9989797173430616,0.22433436
2014-11-11 19:00:00,-0.9550910272103956,0.31879842
2014-11-11 20:00:00,-0.9221745096108964,0.45088035
2014-11-11 21:00:00,-1.009951889876228,0.5589079
2014-11-11 22:00:00,-0.8892579920113969,0.5849829
2014-11-11 23:00:00,-1.009951889876228,0.62189597
2014-11-12 00:00:00,-0.9989797173430616,0.64374834
2014-11-12 01:00:00,-1.0428684074757275,0.7119213
2014-11-12 02:00:00,-1.075784925075227,0.80742234
2014-11-12 03:00:00,-1.075784925075227,0.7849231
2014-11-12 04:00:00,-1.0648127525420603,0.5987689
2014-11-12 05:00:00,-1.0648127525420603,0.11014456
2014-11-12 06:00:00,-1.0318962349425609,-0.2849605
2014-11-12 07:00:00,-1.053840580008894,-0.40618584
2014-11-12 08:00:00,-1.053840580008894,-0.531717
2014-11-12 09:00:00,-1.0428684074757275,-0.5051982
2014-11-12 10:00:00,-1.0318962349425609,-0.56849474
2014-11-12 11:00:00,-1.0318962349425609,-0.6437536
2014-11-12 12:00:00,-1.0428684074757275,-0.6347556
2014-11-12 13:00:00,-1.053840580008894,-0.6659737
2014-11-12 14:00:00,-1.0318962349425609,-0.61086696
2014-11-12 15:00:00,-1.0428684074757275,-0.61674243
2014-11-12 16:00:00,-1.0648127525420603,-0.5615759
2014-11-12 17:00:00,-1.0428684074757275,-0.5991331
2014-11-12 18:00:00,-1.0209240624093945,-0.5874022
2014-11-12 19:00:00,-0.9989797173430616,-0.6085708
2014-11-12 20:00:00,-0.9770353722767288,-0.63966715
2014-11-12 21:00:00,-0.966063199743562,-0.7118268
2014-11-12 22:00:00,-0.9331466821440628,-0.72482234
2014-11-12 23:00:00,-0.9112023370777298,-0.7390432
2014-11-13 00:00:00,-0.966063199743562,-0.78289276
2014-11-13 01:00:00,-0.9770353722767288,-0.78297627
2014-11-13 02:00:00,-0.966063199743562,-0.8290092
2014-11-13 03:00:00,-0.966063199743562,-0.8328969
2014-11-13 04:00:00,-0.9770353722767288,-0.78691214
2014-11-13 05:00:00,-0.9550910272103956,-0.7510306
2014-11-13 06:00:00,-0.9331466821440628,-0.7001222
2014-11-13 07:00:00,-0.867313646945064,-0.71756566
2014-11-13 08:00:00,-0.867313646945064,-0.7059005
2014-11-13 09:00:00,-0.658842368814901,-0.7157087
2014-11-13 10:00:00,-0.658842368814901,-0.7273498
2014-11-13 11:00:00,-0.8782858194782304,-0.74417233
2014-11-13 12:00:00,-0.9221745096108964,-0.7033696
2014-11-13 13:00:00,-0.8124527842792316,-0.6467568
2014-11-13 14:00:00,-0.823424956812398,-0.63777715
2014-11-13 15:00:00,-0.823424956812398,-0.6207569
2014-11-13 16:00:00,-0.7137032314807333,-0.5881537
2014-11-13 17:00:00,-0.7356475765470664,-0.56629753
2014-11-13 18:00:00,-0.7575919216133993,-0.55491453
2014-11-13 19:00:00,-0.7685640941465657,-0.5326079
2014-11-13 20:00:00,-0.7356475765470664,-0.5089907
2014-11-13 21:00:00,-0.6039815061490686,-0.4855938
2014-11-13 22:00:00,-0.516204125883737,-0.29585028
2014-11-13 23:00:00,-0.6149536786822352,-0.42993632
2014-11-14 00:00:00,-0.6259258512154017,-0.41694647
2014-11-14 01:00:00,-0.5271762984169034,-0.38216683
2014-11-14 02:00:00,-0.5271762984169034,-0.28712434
2014-11-14 03:00:00,-0.5271762984169034,-0.29633075
2014-11-14 04:00:00,-0.5052319533505705,-0.39903998
2014-11-14 05:00:00,-0.5271762984169034,-0.0872162
2014-11-14 06:00:00,-0.5600928160164028,-0.0132828
2014-11-14 07:00:00,-0.5600928160164028,-0.26102924
2014-11-14 08:00:00,-0.658842368814901,0.08164448
2014-11-14 09:00:00,-0.6478701962817346,0.13478304
2014-11-14 10:00:00,-0.8343971293455645,0.08653999
2014-11-14 11:00:00,-0.7685640941465657,0.017302549
2014-11-14 12:00:00,-0.867313646945064,-0.08814807
2014-11-14 13:00:00,-0.8563414744118975,-0.19974755
2014-11-14 14:00:00,-0.8782858194782304,-0.19496664
2014-11-14 15:00:00,-0.867313646945064,-0.19472663
2014-11-14 16:00:00,-0.867313646945064,-0.16975802
2014-11-14 17:00:00,-0.823424956812398,-0.13544124
2014-11-14 18:00:00,-0.7466197490802328,-0.038633145
2014-11-14 19:00:00,-0.7137032314807333,0.027327796
2014-11-14 20:00:00,-0.5491206434832363,0.059475623
2014-11-14 21:00:00,-0.2857885026872411,0.13911429
2014-11-14 22:00:00,-0.3955102280189058,0.23668721
2014-11-14 23:00:00,-0.1102337421565775,0.22202146
2014-11-15 00:00:00,0.4164305394354129,0.16605844
2014-11-15 01:00:00,0.8992061308947376,0.18737942
2014-11-15 02:00:00,1.2064269618233987,0.19151542
2014-11-15 03:00:00,1.184482616757066,0.13539411
2014-11-15 04:00:00,0.5700409548997435,0.16853376
2014-11-15 05:00:00,0.2408757789047494,0.11014376
2014-11-15 06:00:00,-0.1431502597560769,0.048472576
2014-11-15 07:00:00,-0.4174545730852387,-0.0076411013
2014-11-15 08:00:00,-0.5271762984169034,-0.063638724
2014-11-15 09:00:00,-0.5271762984169034,-0.11079759
2014-11-15 10:00:00,-0.4503710906847381,-0.091249414
2014-11-15 11:00:00,-0.0444007069575787,-0.09272454
2014-11-15 12:00:00,0.3067088141037483,-0.08024662
2014-11-15 13:00:00,0.4493470570349123,-0.037993155
2014-11-15 14:00:00,0.7346235428972405,0.07981043
2014-11-15 15:00:00,1.1625382716907329,-0.047104076
2014-11-15 16:00:00,1.3929538948872286,0.00540941
2014-11-15 17:00:00,1.6014251730173916,0.12384259
2014-11-15 18:00:00,1.425870412486728,0.12054569
2014-11-15 19:00:00,1.5246199652852264,0.27366126
2014-11-15 20:00:00,1.51364779275206,0.35769752
2014-11-15 21:00:00,1.6453138631500577,0.46682245
2014-11-15 22:00:00,1.7660077610148888,0.5273603
2014-11-15 23:00:00,2.007395556744551,0.5822335
2014-11-16 00:00:00,1.8976738314128865,0.6179391
2014-11-16 01:00:00,1.985451211678218,0.8475352
2014-11-16 02:00:00,1.2942043420887306,0.96308076
2014-11-16 03:00:00,1.3380930322213964,0.8984577
2014-11-16 04:00:00,1.1625382716907329,0.7451331
2014-11-16 05:00:00,2.2378111799410467,0.6032769
2014-11-16 06:00:00,2.1829503172752145,0.41715583
2014-11-16 07:00:00,2.0183677292777173,0.26778537
2014-11-16 08:00:00,1.820868623680721,0.23352014
2014-11-16 09:00:00,1.7111468983490563,0.3131923
2014-11-16 10:00:00,-0.2309276400214087,0.35878968
2014-11-16 11:00:00,-0.680786713881234,0.40021315
2014-11-16 12:00:00,-0.8563414744118975,0.44948027
2014-11-16 13:00:00,-0.9331466821440628,0.45087832
2014-11-16 14:00:00,-0.867313646945064,0.5199251
2014-11-16 15:00:00,-0.9002301645445634,0.72170544
2014-11-16 16:00:00,-0.8892579920113969,0.7821592
2014-11-16 17:00:00,-0.9221745096108964,0.9024592
2014-11-16 18:00:00,-0.9112023370777298,0.94090104
2014-11-16 19:00:00,-0.9331466821440628,0.90371233
2014-11-16 20:00:00,-0.8343971293455645,0.91887134
2014-11-16 21:00:00,-0.966063199743562,0.9325733
2014-11-16 22:00:00,-0.8892579920113969,0.97977
2014-11-16 23:00:00,-0.9550910272103956,1.1331078
2014-11-17 00:00:00,-0.966063199743562,1.2018921
2014-11-17 01:00:00,-0.9550910272103956,1.1882267
2014-11-17 02:00:00,-0.966063199743562,1.058762
2014-11-17 03:00:00,-0.9550910272103956,0.85059124
2014-11-17 04:00:00,-0.9770353722767288,0.89016145
2014-11-17 05:00:00,-0.9770353722767288,1.1223049
2014-11-17 06:00:00,-0.9989797173430616,1.0498195
2014-11-17 07:00:00,-0.9770353722767288,1.0560957
2014-11-17 08:00:00,-0.9112023370777298,0.9559295
2014-11-17 09:00:00,-0.8892579920113969,0.791233
2014-11-17 10:00:00,-0.8892579920113969,0.4273004
2014-11-17 11:00:00,-0.9221745096108964,-0.005371699
2014-11-17 12:00:00,-0.9441188546772292,-0.20174822
2014-11-17 13:00:00,-0.9331466821440628,-0.2225579
2014-11-17 14:00:00,-0.9331466821440628,-0.16639635
2014-11-17 15:00:00,-1.009951889876228,-0.21662305
2014-11-17 16:00:00,-0.9550910272103956,-0.35812747
2014-11-17 17:00:00,-0.9221745096108964,-0.3336068
2014-11-17 18:00:00,-0.8014806117460651,-0.3713591
2014-11-17 19:00:00,-0.5820371610827357,-0.373829
2014-11-17 20:00:00,-0.5052319533505705,-0.33796322
2014-11-17 21:00:00,-0.4174545730852387,-0.29429924
2014-11-17 22:00:00,-0.3735658829525728,-0.29309094
2014-11-17 23:00:00,-0.307732847753574,-0.3199582
2014-11-18 00:00:00,-0.2089832949550758,-0.36191234
2014-11-18 01:00:00,0.4164305394354129,-0.37784606
2014-11-18 02:00:00,0.2299036063715829,-0.40962833
2014-11-18 03:00:00,-0.2418998125545752,-0.43821704
2014-11-18 04:00:00,-0.2418998125545752,-0.45950168
2014-11-18 05:00:00,-0.4064824005520722,-0.19220038
2014-11-18 06:00:00,-0.6039815061490686,-0.2273134
2014-11-18 07:00:00,-0.6698145413480675,-0.37167877
2014-11-18 08:00:00,-0.658842368814901,-0.3314209
2014-11-18 09:00:00,-0.6368980237485681,-0.18749928
2014-11-18 10:00:00,-0.6478701962817346,-0.1272602
2014-11-18 11:00:00,-0.516204125883737,-0.15164903
2014-11-18 12:00:00,-0.5271762984169034,-0.08105817
2014-11-18 13:00:00,-0.4284267456184051,-0.03591969
2014-11-18 14:00:00,-0.4503710906847381,-0.100860514
2014-11-18 15:00:00,-0.516204125883737,-0.06440521
2014-11-18 16:00:00,-0.4503710906847381,-0.09550124
2014-11-18 17:00:00,-0.4064824005520722,-0.058545582
2014-11-18 18:00:00,-0.1541224322892434,0.08530054
2014-11-18 19:00:00,0.0653210183740859,0.2716022
2014-11-18 20:00:00,0.39448619436908,0.4860587
2014-11-18 21:00:00,0.6358739900987423,0.58292055
2014-11-18 22:00:00,0.9760113386269028,0.6459903
2014-11-18 23:00:00,1.1296217540912334,0.67215425
2014-11-19 00:00:00,1.3271208596882298,0.6565059
2014-11-19 01:00:00,1.7221190708822227,0.71571445
2014-11-19 02:00:00,2.5560041834028744,0.7413807
2014-11-19 03:00:00,2.9729467396632003,0.56402767
2014-11-19 04:00:00,2.7864198065993704,0.47044364
2014-11-19 05:00:00,1.8976738314128865,0.32910764
2014-11-19 06:00:00,1.70017472581589,0.1946198
2014-11-19 07:00:00,0.7126791978309076,0.15547703
2014-11-19 08:00:00,1.0747608914254012,0.09672522
2014-11-19 09:00:00,1.9196181764792195,0.07362698
2014-11-19 10:00:00,2.4133659404717105,0.03178648
2014-11-19 11:00:00,2.0183677292777173,0.16580829
2014-11-19 12:00:00,2.6986424263340387,0.14803658
2014-11-19 13:00:00,2.314616387673212,0.1891996
2014-11-19 14:00:00,2.983918912196367,0.27997196
2014-11-19 15:00:00,3.2801675705918614,0.28019518
2014-11-19 16:00:00,2.9619745671300337,0.27931136
2014-11-19 17:00:00,2.4901711482038755,0.38326755
2014-11-19 18:00:00,2.6986424263340387,0.4823787
2014-11-19 19:00:00,2.753503288999871,0.5656341
2014-11-19 20:00:00,2.874197186864702,0.6938498
2014-11-19 21:00:00,3.225306707926029,0.77599335
2014-11-19 22:00:00,3.3898892959235263,0.8679618
2014-11-19 23:00:00,3.115584982594364,1.012969
2014-11-20 00:00:00,3.2143345353928625,0.98314416
2014-11-20 01:00:00,3.0716962924616986,1.0685742
2014-11-20 02:00:00,2.523087665803375,1.3000721
2014-11-20 03:00:00,2.457254630604376,1.3876096
2014-11-20 04:00:00,2.566976355936041,1.3621553
2014-11-20 05:00:00,2.566976355936041,1.1933486
2014-11-20 06:00:00,2.940030222063701,1.0528976
2014-11-20 07:00:00,2.852252841798369,0.8066359
2014-11-20 08:00:00,2.457254630604376,0.7570644
2014-11-20 09:00:00,2.1829503172752145,0.93682677
2014-11-20 10:00:00,2.2487833524742133,1.0351322
2014-11-20 11:00:00,2.084200764476716,1.0287273
2014-11-20 12:00:00,2.347532905272712,1.0203323
2014-11-20 13:00:00,2.358505077805878,0.9537446
2014-11-20 14:00:00,2.25975552500738,0.94156903
2014-11-20 15:00:00,2.106145109543049,1.1406102
2014-11-20 16:00:00,2.358505077805878,1.1996361
2014-11-20 17:00:00,2.545032010869708,1.0940511
2014-11-20 18:00:00,2.6547537362013727,1.0955907
2014-11-20 19:00:00,2.6108650460687066,1.1458334
2014-11-20 20:00:00,3.016835429795866,1.0057977
2014-11-20 21:00:00,2.942562261879047,1.0700798
2014-11-20 22:00:00,2.868289093962228,1.1710693
2014-11-20 23:00:00,2.7940159260454083,1.1373205
2014-11-21 00:00:00,2.7197427581285893,1.044662
2014-11-21 01:00:00,2.64546959021177,0.9232518
2014-11-21 02:00:00,2.5711964222949506,0.80934125
2014-11-21 03:00:00,2.496923254378132,0.88044125
2014-11-21 04:00:00,2.422650086461313,0.7260657
2014-11-21 05:00:00,2.348376918544494,0.74971
2014-11-21 06:00:00,2.2741037506276744,0.7567274
2014-11-21 07:00:00,2.1998305827108555,0.87042326
2014-11-21 08:00:00,2.125557414794036,0.81055474
2014-11-21 09:00:00,2.0512842468772168,0.72841185
2014-11-21 10:00:00,0.8443452682289052,0.5797759
2014-11-21 11:00:00,0.3615696767695806,0.59407616
2014-11-21 12:00:00,-0.0773172245570781,0.56099355
2014-11-21 13:00:00,-0.1980111224219093,0.7351319
2014-11-21 14:00:00,-0.1541224322892434,0.63525516
2014-11-21 15:00:00,-0.1321780872229105,0.58267015
2014-11-21 16:00:00,-0.7356475765470664,0.62461656
2014-11-21 17:00:00,-0.9221745096108964,0.7834106
2014-11-21 18:00:00,-0.8892579920113969,0.83764225
2014-11-21 19:00:00,-0.8563414744118975,0.8659629
2014-11-21 20:00:00,-0.7575919216133993,0.9179904
2014-11-21 21:00:00,-0.6917588864144004,0.82738394
2014-11-21 22:00:00,-0.680786713881234,0.90862304
2014-11-21 23:00:00,-0.7685640941465657,1.0150565
2014-11-22 00:00:00,-0.9112023370777298,0.8629185
2014-11-22 01:00:00,-0.9989797173430616,0.80921
2014-11-22 02:00:00,-0.9989797173430616,0.7987289
2014-11-22 03:00:00,-0.966063199743562,0.7569652
2014-11-22 04:00:00,-1.009951889876228,0.87212974
2014-11-22 05:00:00,-0.9880075448098952,0.63722795
2014-11-22 06:00:00,-0.9550910272103956,0.61115474
2014-11-22 07:00:00,-0.9331466821440628,0.49674493
2014-11-22 08:00:00,-0.7795362666797322,0.60660064
2014-11-22 09:00:00,-0.7575919216133993,0.6496045
2014-11-22 10:00:00,-0.6917588864144004,0.39223185
2014-11-22 11:00:00,-0.7027310589475669,0.24766512
2014-11-22 12:00:00,-0.7575919216133993,0.15090236
2014-11-22 13:00:00,-0.8124527842792316,0.018062761
2014-11-22 14:00:00,-0.7905084392128987,0.106583945
2014-11-22 15:00:00,-0.8124527842792316,-0.046490394
2014-11-22 16:00:00,-0.680786713881234,-0.24812397
2014-11-22 17:00:00,-0.5710649885495693,-0.40801913
2014-11-22 18:00:00,-0.3845380554857393,-0.4045411
2014-11-22 19:00:00,-0.2309276400214087,-0.41477028
2014-11-22 20:00:00,0.0104601557082535,-0.3575096
2014-11-22 21:00:00,0.2518479514379159,-0.21926925
2014-11-22 22:00:00,0.5042079197007447,-0.15431453
2014-11-22 23:00:00,0.2957366415705817,-0.08784775
2014-11-23 00:00:00,0.0762931909072524,-0.12473985
2014-11-23 01:00:00,0.0653210183740859,-0.12714125
2014-11-23 02:00:00,0.1750427437057506,-0.16170825
2014-11-23 03:00:00,-0.0005120168249128,-0.11923457
2014-11-23 04:00:00,-0.0992615696234111,-0.12150369
2014-11-23 05:00:00,-0.0992615696234111,-0.07721499
2014-11-23 06:00:00,-0.0114841893580793,-0.10780675
2014-11-23 07:00:00,0.1092097085067518,-0.099717386
2014-11-23 08:00:00,0.1201818810399182,-0.11045205
2014-11-23 09:00:00,0.1421262261062512,-0.11984982
2014-11-23 10:00:00,0.0104601557082535,-0.15181956
2014-11-23 11:00:00,0.0104601557082535,-0.17448917
2014-11-23 12:00:00,0.1201818810399182,-0.19041401
2014-11-23 13:00:00,0.1530983986394176,-0.079060726
2014-11-23 14:00:00,0.20795926130525,-0.085402735
2014-11-23 15:00:00,0.4493470570349123,-0.04295086
2014-11-23 16:00:00,0.5371244373002441,0.05095955
2014-11-23 17:00:00,0.3725418493027471,0.16103801
2014-11-23 18:00:00,0.4712914021012453,0.24808264
2014-11-23 19:00:00,0.8114287506294059,0.372549
2014-11-23 20:00:00,0.8992061308947376,0.51104546
2014-11-23 21:00:00,0.8882339583615712,0.5723078
2014-11-23 22:00:00,0.9430948210274036,0.6790612
2014-11-23 23:00:00,1.0199000287595688,0.720961
2014-11-24 00:00:00,1.5355921378183928,0.63362247
2014-11-24 01:00:00,2.07322859194355,0.5951169
2014-11-24 02:00:00,1.9964233842113843,0.71118665
2014-11-24 03:00:00,0.9650391660937364,0.6149464
2014-11-24 04:00:00,0.8224009231625723,0.5421661
2014-11-24 05:00:00,0.5480966098334106,0.505329
2014-11-24 06:00:00,0.1750427437057506,0.4568339
2014-11-24 07:00:00,-0.0005120168249128,0.37476814
2014-11-24 08:00:00,-0.6368980237485681,0.2786953
2014-11-24 09:00:00,-0.6478701962817346,0.2528057
2014-11-24 10:00:00,-0.7685640941465657,0.17787868
2014-11-24 11:00:00,-0.7905084392128987,0.21440044
2014-11-24 12:00:00,-0.8892579920113969,0.24972084
2014-11-24 13:00:00,-0.8563414744118975,0.30620158
2014-11-24 14:00:00,-0.8563414744118975,0.39148247
2014-11-24 15:00:00,-0.8563414744118975,0.4252462
2014-11-24 16:00:00,-0.7575919216133993,0.4533173
2014-11-24 17:00:00,-0.7575919216133993,0.486856
2014-11-24 18:00:00,-0.6149536786822352,0.53129774
2014-11-24 19:00:00,-0.5930093336159022,0.6339404
2014-11-24 20:00:00,-0.4174545730852387,0.67318225
2014-11-24 21:00:00,-0.2199554674882422,0.6882743
2014-11-24 22:00:00,0.3176809866369147,0.60704476
2014-11-24 23:00:00,0.1969870887720835,0.6628814
2014-11-25 00:00:00,-0.1102337421565775,0.7696154
2014-11-25 01:00:00,-0.2418998125545752,0.8919746
2014-11-25 02:00:00,-0.1541224322892434,0.9503415
2014-11-25 03:00:00,0.1201818810399182,0.76058495
2014-11-25 04:00:00,0.4822635746344118,0.505621
2014-11-25 05:00:00,0.2299036063715829,0.3949597
2014-11-25 06:00:00,0.1311540535730847,0.2658127
2014-11-25 07:00:00,0.1201818810399182,0.16158012
2014-11-25 08:00:00,0.5042079197007447,0.028049758
2014-11-25 09:00:00,0.6468461626319087,-0.06892582
2014-11-25 10:00:00,0.5590687823665771,-0.17537108
2014-11-25 11:00:00,0.4712914021012453,-0.33963665
2014-11-25 12:00:00,0.6249018175655758,-0.38971835
2014-11-25 13:00:00,0.8114287506294059,-0.25182155
2014-11-25 14:00:00,1.0857330639585676,-0.24153799
2014-11-25 15:00:00,1.0089278562264024,-0.17973892
2014-11-25 16:00:00,0.9760113386269028,-0.11548521
2014-11-25 17:00:00,0.6468461626319087,-0.010609115
2014-11-25 18:00:00,1.1515660991575665,0.05916243
2014-11-25 19:00:00,1.425870412486728,0.15314537
2014-11-25 20:00:00,1.9744790391450515,0.24333867
2014-11-25 21:00:00,1.820868623680721,0.37910238
2014-11-25 22:00:00,2.314616387673212,0.55968803
2014-11-25 23:00:00,2.6547537362013727,0.64352775
2014-11-26 00:00:00,2.44628245807121,0.4785936
2014-11-26 01:00:00,2.1829503172752145,0.37500367
2014-11-26 02:00:00,2.007395556744551,0.17420147
2014-11-26 03:00:00,1.7330912434153891,0.24069926
2014-11-26 04:00:00,1.5246199652852264,0.4059116
2014-11-26 05:00:00,1.491703447685727,0.48655263
2014-11-26 06:00:00,1.5465643103515594,0.24158703
2014-11-26 07:00:00,1.3819817223540622,0.09646369
2014-11-26 08:00:00,1.2612878244892312,0.058600947
2014-11-26 09:00:00,1.1076774090249004,0.2594474
2014-11-26 10:00:00,1.1076774090249004,0.32888627
2014-11-26 11:00:00,1.469759102619394,0.38391492
2014-11-26 12:00:00,1.5465643103515594,0.35875332
2014-11-26 13:00:00,1.6453138631500577,0.4227168
2014-11-26 14:00:00,1.7440634159485555,0.49704212
2014-11-26 15:00:00,2.07322859194355,0.52869505
2014-11-26 16:00:00,2.523087665803375,0.39219823
2014-11-26 17:00:00,2.7425311164667043,0.39063597
2014-11-26 18:00:00,2.7425311164667043,0.46401173
2014-11-26 19:00:00,3.1594736727270303,0.6166081
2014-11-26 20:00:00,3.060724119928532,0.76046664
2014-11-26 21:00:00,3.6861379543190207,0.783328
2014-11-26 22:00:00,4.410301341508008,0.7986794
2014-11-26 23:00:00,4.629744792171337,0.8785556
2014-11-27 00:00:00,4.059191820446681,0.8657577
2014-11-27 01:00:00,3.71905447191852,0.8938126
2014-11-27 02:00:00,2.874197186864702,0.82966244
2014-11-27 03:00:00,0.8333730956957388,0.67268187
2014-11-27 04:00:00,-0.0224563618912458,0.5842996
2014-11-27 05:00:00,-0.8343971293455645,0.58181214
2014-11-27 06:00:00,-0.8782858194782304,0.536318
2014-11-27 07:00:00,-0.9770353722767288,0.4239091
2014-11-27 08:00:00,-0.9770353722767288,0.37139273
2014-11-27 09:00:00,-0.9441188546772292,0.39355218
2014-11-27 10:00:00,-0.9441188546772292,0.351696
2014-11-27 11:00:00,-0.9221745096108964,0.4162441
2014-11-27 12:00:00,-0.9550910272103956,0.47017086
2014-11-27 13:00:00,-0.9550910272103956,0.43205246
2014-11-27 14:00:00,-0.9441188546772292,0.4930527
2014-11-27 15:00:00,-0.9002301645445634,0.6155672
2014-11-27 16:00:00,-0.9112023370777298,0.7299876
2014-11-27 17:00:00,-0.9221745096108964,0.8255244
2014-11-27 18:00:00,-0.8782858194782304,0.8712755
2014-11-27 19:00:00,-0.7685640941465657,0.8894179
2014-11-27 20:00:00,-0.8343971293455645,0.96237373
2014-11-27 21:00:00,-0.7246754040138998,1.098781
2014-11-27 22:00:00,-0.6917588864144004,1.2623618
2014-11-27 23:00:00,-0.6698145413480675,1.346806
2014-11-28 00:00:00,-0.7246754040138998,1.2789319
2014-11-28 01:00:00,-0.6698145413480675,1.0430678
2014-11-28 02:00:00,-0.5600928160164028,0.84455436
2014-11-28 03:00:00,-0.5381484709500699,0.4004927
2014-11-28 04:00:00,-0.5271762984169034,0.023667132
2014-11-28 05:00:00,-0.329677192819907,-0.19289435
2014-11-28 06:00:00,-0.1870389498887428,-0.3562042
2014-11-28 07:00:00,-0.0882893970902446,-0.3320156
2014-11-28 08:00:00,-0.0553728794907452,-0.3644421
2014-11-28 09:00:00,-0.1870389498887428,-0.4276166
2014-11-28 10:00:00,-0.3735658829525728,-0.5051046
2014-11-28 11:00:00,-0.3735658829525728,-0.49927324
2014-11-28 12:00:00,-0.2528719850877416,-0.445252
2014-11-28 13:00:00,-0.2857885026872411,-0.41606712
2014-11-28 14:00:00,-0.329677192819907,-0.33964247
2014-11-28 15:00:00,-0.1541224322892434,-0.33503562
2014-11-28 16:00:00,-0.1102337421565775,-0.2879088
2014-11-28 17:00:00,-0.0992615696234111,-0.30520242
2014-11-28 18:00:00,-0.0114841893580793,-0.30417126
2014-11-28 19:00:00,0.3176809866369147,-0.22441807
2014-11-28 20:00:00,0.745595715430407,-0.19129409
2014-11-28 21:00:00,1.096705236491734,-0.18328041
2014-11-28 22:00:00,1.2503156519560643,-0.025229106
2014-11-28 23:00:00,1.217399134356565,-0.09538176
2014-11-29 00:00:00,1.305176514621897,-0.13768587
2014-11-29 01:00:00,1.5026756202188931,-0.15331943
2014-11-29 02:00:00,1.6233695180837246,-0.06800438
2014-11-29 03:00:00,1.6892025532827233,-0.03134335
2014-11-29 04:00:00,1.6892025532827233,0.0163087
2014-11-29 05:00:00,1.6672582082163905,0.066128425
2014-11-29 06:00:00,1.941562521545552,0.08940292
2014-11-29 07:00:00,2.095172937009883,0.04634417
2014-11-29 08:00:00,2.0512842468772168,-0.009429479
2014-11-29 09:00:00,2.1390616271425484,-0.08352231
2014-11-29 10:00:00,2.0512842468772168,-0.15447819
2014-11-29 11:00:00,2.4682268031375427,-0.05543267
2014-11-29 12:00:00,2.2048946623415477,0.026205665
2014-11-29 13:00:00,2.314616387673212,0.07255258
2014-11-29 14:00:00,2.9510023945968675,0.05453112
2014-11-29 15:00:00,3.0716962924616986,0.06259723
2014-11-29 16:00:00,3.2143345353928625,0.09122052
2014-11-29 17:00:00,2.676698081267705,0.095235996
2014-11-29 18:00:00,2.6657259087345397,0.14701355
2014-11-29 19:00:00,2.6657259087345397,0.25100824
2014-11-29 20:00:00,2.44628245807121,0.38180444
2014-11-29 21:00:00,2.501143320737042,0.5588837
2014-11-29 22:00:00,2.3255885602063784,0.674496
2014-11-29 23:00:00,1.798924278614388,0.67800653
2014-11-30 00:00:00,1.5575364828847258,0.6898362
2014-11-30 01:00:00,1.6892025532827233,0.8268904
2014-11-30 02:00:00,1.1405939266243998,0.8378565
2014-11-30 03:00:00,1.0308722012927352,0.7239968
2014-11-30 04:00:00,1.3929538948872286,0.6072258
2014-11-30 05:00:00,1.5575364828847258,0.529888
2014-11-30 06:00:00,1.4807312751525603,0.49727625
2014-11-30 07:00:00,0.745595715430407,0.680565
2014-11-30 08:00:00,-0.8782858194782304,0.72607994
2014-11-30 09:00:00,-0.9002301645445634,0.6110472
2014-11-30 10:00:00,-0.9221745096108964,0.69764215
2014-11-30 11:00:00,-0.8343971293455645,0.7927758
2014-11-30 12:00:00,-0.845369301878731,0.8280322
2014-11-30 13:00:00,-0.7027310589475669,0.8730785
2014-11-30 14:00:00,-0.6259258512154017,0.80865544
2014-11-30 15:00:00,-0.7685640941465657,0.9971153
2014-11-30 16:00:00,-0.8892579920113969,0.9366936
2014-11-30 17:00:00,-0.9441188546772292,0.80023164
2014-11-30 18:00:00,-0.9002301645445634,0.6525572
2014-11-30 19:00:00,-0.8014806117460651,0.6683021
2014-11-30 20:00:00,-0.7575919216133993,0.7058748
2014-11-30 21:00:00,-0.6149536786822352,0.63982975
2014-11-30 22:00:00,-0.7466197490802328,0.5605491
2014-11-30 23:00:00,-0.7356475765470664,0.49162868
2014-12-01 00:00:00,-0.5710649885495693,0.5252312
2014-12-01 01:00:00,-0.7027310589475669,0.39768958
2014-12-01 02:00:00,-0.823424956812398,0.30967107
2014-12-01 03:00:00,-0.867313646945064,0.25312418
2014-12-01 04:00:00,-0.9550910272103956,0.32429728
2014-12-01 05:00:00,-0.9550910272103956,0.41913125
2014-12-01 06:00:00,-0.966063199743562,0.43195805
2014-12-01 07:00:00,-0.9550910272103956,0.2671001
2014-12-01 08:00:00,-0.966063199743562,-0.19735956
2014-12-01 09:00:00,-0.9770353722767288,-0.47649074
2014-12-01 10:00:00,-0.9880075448098952,-0.50220054
2014-12-01 11:00:00,-0.966063199743562,-0.48471135
2014-12-01 12:00:00,-0.9441188546772292,-0.45905375
2014-12-01 13:00:00,-0.9770353722767288,-0.5226987
2014-12-01 14:00:00,-0.9880075448098952,-0.61298805
2014-12-01 15:00:00,-0.9989797173430616,-0.62610966
2014-12-01 16:00:00,-0.9989797173430616,-0.650855
2014-12-01 17:00:00,-1.009951889876228,-0.71404034
2014-12-01 18:00:00,-0.9989797173430616,-0.69136006
2014-12-01 19:00:00,-0.9331466821440628,-0.56552356
2014-12-01 20:00:00,-0.8892579920113969,-0.58183724
2014-12-01 21:00:00,-1.009951889876228,-0.55124295
2014-12-01 22:00:00,-0.9331466821440628,-0.5079552
2014-12-01 23:00:00,-1.009951889876228,-0.5442111
2014-12-02 00:00:00,-0.9331466821440628,-0.47746426
2014-12-02 01:00:00,-0.9770353722767288,-0.5229885
2014-12-02 02:00:00,-0.9550910272103956,-0.5160961
2014-12-02 03:00:00,-0.9770353722767288,-0.5336113
2014-12-02 04:00:00,-0.9550910272103956,-0.6070964
2014-12-02 05:00:00,-0.9770353722767288,-0.64186007
2014-12-02 06:00:00,-0.966063199743562,-0.68841577
2014-12-02 07:00:00,-0.9550910272103956,-0.6945369
2014-12-02 08:00:00,-0.9770353722767288,-0.6718227
2014-12-02 09:00:00,-0.8124527842792316,-0.60136527
2014-12-02 10:00:00,-0.845369301878731,-0.5804467
2014-12-02 11:00:00,-0.6259258512154017,-0.5715968
2014-12-02 12:00:00,-0.5271762984169034,-0.58162755
2014-12-02 13:00:00,-0.2638441576209081,-0.62377566
2014-12-02 14:00:00,-0.3735658829525728,-0.64287347
2014-12-02 15:00:00,-0.658842368814901,-0.6347371
2014-12-02 16:00:00,-0.3625937104194063,-0.60405904
2014-12-02 17:00:00,-0.2089832949550758,-0.5454264
2014-12-02 18:00:00,-0.0444007069575787,-0.5194003
2014-12-02 19:00:00,0.0872653634404188,-0.52119786
2014-12-02 20:00:00,-0.0114841893580793,-0.4875322
2014-12-02 21:00:00,0.1201818810399182,-0.4737699
2014-12-02 22:00:00,0.2189314338384165,-0.46712315
2014-12-02 23:00:00,0.2737922965042488,-0.4513186
2014-12-03 00:00:00,0.2518479514379159,-0.45484766
2014-12-03 01:00:00,0.2847644690374153,-0.43842027
2014-12-03 02:00:00,0.1201818810399182,-0.29115024
2014-12-03 03:00:00,-0.8124527842792316,-0.47273663
2014-12-03 04:00:00,-0.9770353722767288,-0.4673222
2014-12-03 05:00:00,-0.9550910272103956,-0.43496293
2014-12-03 06:00:00,-0.9989797173430616,-0.45360792
2014-12-03 07:00:00,-0.9989797173430616,-0.47321403
2014-12-03 08:00:00,-0.9550910272103956,-0.57815826
2014-12-03 09:00:00,-0.9112023370777298,-0.3732092
2014-12-03 10:00:00,-0.9221745096108964,-0.31764507
2014-12-03 11:00:00,-0.9770353722767288,-0.41479617
2014-12-03 12:00:00,-0.9770353722767288,0.03402055
2014-12-03 13:00:00,-0.9112023370777298,0.12507926
2014-12-03 14:00:00,-0.9989797173430616,0.17691773
2014-12-03 15:00:00,-0.9989797173430616,0.13310333
2014-12-03 16:00:00,-0.9770353722767288,0.13900009
2014-12-03 17:00:00,-1.009951889876228,0.23171094
2014-12-03 18:00:00,-0.9331466821440628,0.30659845
2014-12-03 19:00:00,-0.9441188546772292,0.44377005
2014-12-03 20:00:00,-0.9989797173430616,0.46127075
2014-12-03 21:00:00,-1.0209240624093945,0.47805876
2014-12-03 22:00:00,-1.0318962349425609,0.41389582
2014-12-03 23:00:00,-1.009951889876228,0.39300707
2014-12-04 00:00:00,-0.9770353722767288,0.38488615
2014-12-04 01:00:00,-0.9989797173430616,0.36180013
2014-12-04 02:00:00,-0.9770353722767288,0.31976956
2014-12-04 03:00:00,-0.9989797173430616,0.20440814
2014-12-04 04:00:00,-1.009951889876228,-0.076409206
2014-12-04 05:00:00,-1.0428684074757275,-0.18977703
2014-12-04 06:00:00,-1.0318962349425609,-0.2458876
2014-12-04 07:00:00,-0.9989797173430616,-0.2780004
2014-12-04 08:00:00,-1.0318962349425609,-0.2854714
2014-12-04 09:00:00,-1.0209240624093945,-0.30601627
2014-12-04 10:00:00,-1.0209240624093945,-0.34543532
2014-12-04 11:00:00,-1.0318962349425609,-0.3135051
2014-12-04 12:00:00,-0.9989797173430616,-0.32631242
2014-12-04 13:00:00,-0.9770353722767288,-0.33729848
2014-12-04 14:00:00,-0.9880075448098952,-0.38546547
2014-12-04 15:00:00,-0.9880075448098952,-0.39155853
2014-12-04 16:00:00,-1.009951889876228,-0.41093343
2014-12-04 17:00:00,-1.0209240624093945,-0.44378284
2014-12-04 18:00:00,-0.9880075448098952,-0.4439543
2014-12-04 19:00:00,-1.009951889876228,-0.46356267
2014-12-04 20:00:00,-0.9112023370777298,-0.49299437
2014-12-04 21:00:00,-0.9989797173430616,-0.51991034
2014-12-04 22:00:00,-0.9002301645445634,-0.5396051
2014-12-04 23:00:00,-0.9880075448098952,-0.5235545
2014-12-05 00:00:00,-1.0318962349425609,-0.5108799
2014-12-05 01:00:00,-1.0318962349425609,-0.5275918
2014-12-05 02:00:00,-0.9989797173430616,-0.5458075
2014-12-05 03:00:00,-1.009951889876228,-0.5629022
2014-12-05 04:00:00,-1.0209240624093945,-0.60504454
2014-12-05 05:00:00,-1.009951889876228,-0.62790924
2014-12-05 06:00:00,-0.9441188546772292,-0.51993525
2014-12-05 07:00:00,-0.966063199743562,-0.574784
2014-12-05 08:00:00,-0.823424956812398,-0.5536785
2014-12-05 09:00:00,-0.9770353722767288,-0.52844745
2014-12-05 10:00:00,-0.9221745096108964,-0.49205077
2014-12-05 11:00:00,-0.9112023370777298,-0.48541206
2014-12-05 12:00:00,-0.9550910272103956,-0.5359615
2014-12-05 13:00:00,-0.9989797173430616,-0.4364087
2014-12-05 14:00:00,-0.991664935654284,-0.3871593
2014-12-05 15:00:00,-0.9843501539655064,-0.4387282
2014-12-05 16:00:00,-0.9770353722767288,-0.2936268
2014-12-05 17:00:00,-0.9770353722767288,-0.35036927
2014-12-05 18:00:00,-0.7466197490802328,-0.3476363
2014-12-05 19:00:00,-0.0334285344244122,-0.35917348
2014-12-05 20:00:00,0.1640705711725841,-0.27875984
2014-12-05 21:00:00,0.3286531591700812,-0.30065393
2014-12-05 22:00:00,0.4164305394354129,-0.28667057
2014-12-05 23:00:00,0.6358739900987423,-0.25262684
2014-12-06 00:00:00,0.4383748845017459,-0.24561995
2014-12-06 01:00:00,0.5480966098334106,-0.26438123
2014-12-06 02:00:00,0.5371244373002441,-0.31034863
2014-12-06 03:00:00,0.0982375359735853,-0.24547696
2014-12-06 04:00:00,-0.1760667773555763,-0.21168764
2014-12-06 05:00:00,-0.4393989181515716,-0.15245491
2014-12-06 06:00:00,-0.680786713881234,-0.1250253
2014-12-06 07:00:00,-0.7466197490802328,-0.16702774
2014-12-06 08:00:00,-0.6149536786822352,-0.16147196
2014-12-06 09:00:00,-0.7575919216133993,-0.15443875
2014-12-06 10:00:00,-0.7575919216133993,-0.2288521
2014-12-06 11:00:00,-0.7685640941465657,-0.1809098
2014-12-06 12:00:00,-0.9221745096108964,-0.22636648
2014-12-06 13:00:00,-0.9112023370777298,-0.2887437
2014-12-06 14:00:00,-0.8892579920113969,-0.25489637
2014-12-06 15:00:00,-0.7356475765470664,-0.2268163
2014-12-06 16:00:00,-0.3187050202867404,-0.19218887
2014-12-06 17:00:00,-0.3735658829525728,-0.28566775
2014-12-06 18:00:00,-0.4284267456184051,-0.10625238
2014-12-06 19:00:00,-0.1870389498887428,0.10079593
2014-12-06 20:00:00,0.2408757789047494,0.39587376
2014-12-06 21:00:00,0.20795926130525,0.4393233
2014-12-06 22:00:00,-0.0553728794907452,0.5173839
2014-12-06 23:00:00,-0.0773172245570781,0.48672608
2014-12-07 00:00:00,0.02143232824142,0.59336215
2014-12-07 01:00:00,0.8114287506294059,0.5786424
2014-12-07 02:00:00,0.4054583669022464,0.67189
2014-12-07 03:00:00,-0.2199554674882422,0.5166745
2014-12-07 04:00:00,-0.4064824005520722,0.42140064
2014-12-07 05:00:00,-0.307732847753574,0.23405594
2014-12-07 06:00:00,-0.4503710906847381,0.07793102
2014-12-07 07:00:00,-0.4503710906847381,-0.063007034
2014-12-07 08:00:00,-0.307732847753574,-0.09652023
2014-12-07 09:00:00,-0.2309276400214087,-0.13866183
2014-12-07 10:00:00,-0.2528719850877416,-0.24653605
2014-12-07 11:00:00,-0.0444007069575787,-0.31630898
2014-12-07 12:00:00,-0.5052319533505705,-0.20848736
2014-12-07 13:00:00,-0.7246754040138998,-0.17803016
2014-12-07 14:00:00,-0.9002301645445634,-0.15642555
2014-12-07 15:00:00,-0.8563414744118975,-0.14571883
2014-12-07 16:00:00,-0.867313646945064,0.027691139
2014-12-07 17:00:00,-0.9331466821440628,0.13563943
2014-12-07 18:00:00,-0.9550910272103956,0.16128895
2014-12-07 19:00:00,-0.9770353722767288,0.25035095
2014-12-07 20:00:00,-0.9112023370777298,0.38351703
2014-12-07 21:00:00,-0.9002301645445634,0.5595358
2014-12-07 22:00:00,-0.9221745096108964,0.46411866
2014-12-07 23:00:00,-0.9112023370777298,0.4740855
2014-12-08 00:00:00,-0.9002301645445634,0.54618007
2014-12-08 01:00:00,-0.9221745096108964,0.7089628
2014-12-08 02:00:00,-0.9331466821440628,0.77089757
2014-12-08 03:00:00,-0.9112023370777298,0.58533025
2014-12-08 04:00:00,-0.8892579920113969,0.40962103
2014-12-08 05:00:00,-0.9331466821440628,0.32831508
2014-12-08 06:00:00,-0.8563414744118975,0.33381188
2014-12-08 07:00:00,-0.8782858194782304,0.315588
2014-12-08 08:00:00,-0.867313646945064,0.29348406
2014-12-08 09:00:00,-0.7466197490802328,0.22682105
2014-12-08 10:00:00,-0.8782858194782304,0.28821975
2014-12-08 11:00:00,-0.7575919216133993,0.17781976
2014-12-08 12:00:00,-0.658842368814901,-0.0249417
2014-12-08 13:00:00,0.02143232824142,-0.18957339
2014-12-08 14:00:00,0.186014916238917,-0.26203007
2014-12-08 15:00:00,-0.0005120168249128,-0.31097186
2014-12-08 16:00:00,0.1969870887720835,-0.27839136
2014-12-08 17:00:00,0.39448619436908,-0.33422273
2014-12-08 18:00:00,0.4109444531688297,-0.28552768
2014-12-08 19:00:00,0.4274027119685794,-0.28737873
2014-12-08 20:00:00,0.4438609707683291,-0.25639033
2014-12-08 21:00:00,0.4603192295680788,-0.23247361
2014-12-08 22:00:00,0.4767774883678285,-0.2209311
2014-12-08 23:00:00,0.4932357471675782,-0.19647917
2014-12-09 00:00:00,0.8772617858284046,-0.20372951
2014-12-09 01:00:00,1.0226430718928603,-0.16672662
2014-12-09 02:00:00,1.1680243579573162,-0.2550789
2014-12-09 03:00:00,1.3134056440217718,-0.27737322
2014-12-09 04:00:00,1.4587869300862275,-0.21697898
2014-12-09 05:00:00,1.6041682161506832,-0.14737013
2014-12-09 06:00:00,1.749549502215139,-0.1422052
2014-12-09 07:00:00,1.8949307882795947,-0.17790471
2014-12-09 08:00:00,2.0403120743440506,0.035095982
2014-12-09 09:00:00,2.1856933604085063,-0.013347471
2014-12-09 10:00:00,2.331074646472962,-0.07293168
2014-12-09 11:00:00,2.4764559325374176,0.029612323
2014-12-09 12:00:00,2.621837218601873,0.18068375
2014-12-09 13:00:00,2.797391979132537,0.3389129
2014-12-09 14:00:00,3.1594736727270303,0.52101773
2014-12-09 15:00:00,3.181418017793363,0.5789156
2014-12-09 16:00:00,3.016835429795866,0.6378787
2014-12-09 17:00:00,2.9290580495305343,0.7598006
2014-12-09 18:00:00,2.7644754615330376,0.7959848
2014-12-09 19:00:00,2.753503288999871,0.8898216
2014-12-09 20:00:00,2.808364151665703,0.96596164
2014-12-09 21:00:00,2.9290580495305343,0.96138173
2014-12-09 22:00:00,2.8632250143315354,0.905055
2014-12-09 23:00:00,2.7425311164667043,1.0224721
2014-12-10 00:00:00,2.314616387673212,1.0437213
2014-12-10 01:00:00,2.402393767938544,1.1401726
2014-12-10 02:00:00,2.5340598383365416,1.1503346
2014-12-10 03:00:00,2.2268390074078805,1.2192479
2014-12-10 04:00:00,2.2048946623415477,1.1851014
2014-12-10 05:00:00,2.25975552500738,1.2970902
2014-12-10 06:00:00,2.314616387673212,1.3219898
2014-12-10 07:00:00,2.391421595405377,1.3602973
2014-12-10 08:00:00,2.4682268031375427,1.3674606
2014-12-10 09:00:00,0.5700409548997435,1.2537156
2014-12-10 10:00:00,-0.3845380554857393,1.3551173
2014-12-10 11:00:00,-0.472315435751071,1.2973528
2014-12-10 12:00:00,-0.4064824005520722,1.3621448
2014-12-10 13:00:00,-0.4174545730852387,1.4137374
2014-12-10 14:00:00,-0.6039815061490686,1.4451934
2014-12-10 15:00:00,-0.8892579920113969,1.4496509
2014-12-10 16:00:00,-0.867313646945064,1.5050322
2014-12-10 17:00:00,-0.9550910272103956,1.2496682
2014-12-10 18:00:00,-0.7575919216133993,1.1920075
2014-12-10 19:00:00,-0.9112023370777298,1.128491
2014-12-10 20:00:00,-0.9441188546772292,1.1540139
2014-12-10 21:00:00,-0.9550910272103956,1.1840793
2014-12-10 22:00:00,-0.9221745096108964,1.0698193
2014-12-10 23:00:00,-0.9002301645445634,1.0490974
2014-12-11 00:00:00,-0.9002301645445634,1.1304313
2014-12-11 01:00:00,-0.8782858194782304,1.0694681
2014-12-11 02:00:00,-0.9112023370777298,1.0746033
2014-12-11 03:00:00,-0.9989797173430616,1.0455326
2014-12-11 04:00:00,-0.9221745096108964,0.9759653
2014-12-11 05:00:00,-0.9441188546772292,1.0955848
2014-12-11 06:00:00,-1.0209240624093945,1.1165378
2014-12-11 07:00:00,-0.9331466821440628,1.129796
2014-12-11 08:00:00,-0.9770353722767288,1.094716
2014-12-11 09:00:00,-0.9550910272103956,0.6625007
2014-12-11 10:00:00,-0.9221745096108964,0.19076914
2014-12-11 11:00:00,-0.9441188546772292,-0.05863782
2014-12-11 12:00:00,-0.9441188546772292,-0.16836694
2014-12-11 13:00:00,-0.9441188546772292,-0.17595115
2014-12-11 14:00:00,-0.9441188546772292,-0.2578202
2014-12-11 15:00:00,-0.966063199743562,-0.3832453
2014-12-11 16:00:00,-0.7795362666797322,-0.519709
2014-12-11 17:00:00,-0.658842368814901,-0.5063328
2014-12-11 18:00:00,-0.0882893970902446,-0.42646563
2014-12-11 19:00:00,-0.2638441576209081,-0.43437546
2014-12-11 20:00:00,-0.2089832949550758,-0.42521334
2014-12-11 21:00:00,-0.7466197490802328,-0.391213
2014-12-11 22:00:00,-0.9989797173430616,-0.40610695
2014-12-11 23:00:00,-0.966063199743562,-0.41573006
2014-12-12 00:00:00,-1.009951889876228,-0.46121985
2014-12-12 01:00:00,-1.009951889876228,-0.4951234
2014-12-12 02:00:00,-1.009951889876228,-0.53068113
2014-12-12 03:00:00,-0.9989797173430616,-0.5802307
2014-12-12 04:00:00,-0.966063199743562,-0.60795265
2014-12-12 05:00:00,-0.9441188546772292,-0.63431126
2014-12-12 06:00:00,-0.9989797173430616,-0.6749888
2014-12-12 07:00:00,-1.0209240624093945,-0.69444674
2014-12-12 08:00:00,-1.009951889876228,-0.7051131
2014-12-12 09:00:00,-0.966063199743562,-0.59705025
2014-12-12 10:00:00,-0.9550910272103956,-0.626129
2014-12-12 11:00:00,-0.9989797173430616,-0.55313873
2014-12-12 12:00:00,-0.9112023370777298,-0.4484352
2014-12-12 13:00:00,-0.9002301645445634,-0.37864533
2014-12-12 14:00:00,-0.9441188546772292,-0.45159906
2014-12-12 15:00:00,-0.9880075448098952,-0.49305403
2014-12-12 16:00:00,-0.966063199743562,-0.2533772
2014-12-12 17:00:00,-0.9989797173430616,-0.08768045
2014-12-12 18:00:00,-0.9441188546772292,-0.026257286
2014-12-12 19:00:00,-0.9112023370777298,0.3273734
2014-12-12 20:00:00,-0.867313646945064,0.3531332
2014-12-12 21:00:00,-0.5820371610827357,0.2353197
2014-12-12 22:00:00,-0.9002301645445634,0.043993466
2014-12-12 23:00:00,-0.9331466821440628,0.060006298
2014-12-13 00:00:00,-0.966063199743562,0.058536008
2014-12-13 01:00:00,-0.9221745096108964,0.051871605
2014-12-13 02:00:00,-0.9331466821440628,0.022004722
2014-12-13 03:00:00,-0.9550910272103956,-0.013517367
2014-12-13 04:00:00,-0.9221745096108964,-0.061309703
2014-12-13 05:00:00,-0.9221745096108964,-0.124173336
2014-12-13 06:00:00,-0.9880075448098952,-0.16392763
2014-12-13 07:00:00,-0.9550910272103956,-0.23758885
2014-12-13 08:00:00,-0.7356475765470664,-0.2688493
2014-12-13 09:00:00,-0.6917588864144004,-0.3158785
2014-12-13 10:00:00,-0.7027310589475669,-0.35182014
2014-12-13 11:00:00,-0.516204125883737,-0.4102677
2014-12-13 12:00:00,-0.4613432632179046,-0.441194
2014-12-13 13:00:00,-0.5930093336159022,-0.45794266
2014-12-13 14:00:00,-0.6259258512154017,-0.4795748
2014-12-13 15:00:00,-0.6478701962817346,-0.5020551
2014-12-13 16:00:00,-0.6149536786822352,-0.5204691
2014-12-13 17:00:00,-0.307732847753574,-0.547286
2014-12-13 18:00:00,-0.2199554674882422,-0.34805134
2014-12-13 19:00:00,-0.1541224322892434,-0.37523347
2014-12-13 20:00:00,-0.1980111224219093,-0.33457893
2014-12-13 21:00:00,-0.1541224322892434,-0.16047357
2014-12-13 22:00:00,-0.0224563618912458,0.058442928
2014-12-13 23:00:00,0.1311540535730847,0.072572984
2014-12-14 00:00:00,0.2847644690374153,0.11283741
2014-12-14 01:00:00,1.0089278562264024,0.18986328
2014-12-14 02:00:00,1.2283713068897315,0.17040092
2014-12-14 03:00:00,0.4822635746344118,0.10740044
2014-12-14 04:00:00,0.0762931909072524,0.20651622
2014-12-14 05:00:00,-0.1541224322892434,0.15945885
2014-12-14 06:00:00,-0.1102337421565775,0.15714054
2014-12-14 07:00:00,-0.0553728794907452,0.060091145
2014-12-14 08:00:00,-0.3187050202867404,-0.025712969
2014-12-14 09:00:00,-0.2638441576209081,0.05261489
2014-12-14 10:00:00,-0.2748163301540746,0.010763219
2014-12-14 11:00:00,-0.4613432632179046,0.0152668115
2014-12-14 12:00:00,-0.516204125883737,0.114204325
2014-12-14 13:00:00,-0.4503710906847381,0.07764914
2014-12-14 14:00:00,-0.5600928160164028,0.07396329
2014-12-14 15:00:00,-0.6149536786822352,0.08407486
2014-12-14 16:00:00,-0.5491206434832363,0.061686695
2014-12-14 17:00:00,-0.3516215378862399,0.20088813
2014-12-14 18:00:00,0.1092097085067518,0.30526465
2014-12-14 19:00:00,0.3176809866369147,0.3168649
2014-12-14 20:00:00,0.2518479514379159,0.4357223
2014-12-14 21:00:00,0.0982375359735853,0.35043323
2014-12-14 22:00:00,0.3505975042364141,0.40420648
2014-12-14 23:00:00,0.6578183351650753,0.5744414
2014-12-15 00:00:00,0.7346235428972405,0.6748259
2014-12-15 01:00:00,1.7221190708822227,0.82833505
2014-12-15 02:00:00,2.095172937009883,0.88117546
2014-12-15 03:00:00,2.2487833524742133,0.63590616
2014-12-15 04:00:00,2.270727697540546,0.45660934
2014-12-15 05:00:00,2.117117282076216,0.2409801
2014-12-15 06:00:00,1.8537851412802204,0.15417741
2014-12-15 07:00:00,-0.5820371610827357,0.15680642
2014-12-15 08:00:00,-0.8343971293455645,0.092035554
2014-12-15 09:00:00,-0.9112023370777298,0.0070393924
2014-12-15 10:00:00,-0.966063199743562,-0.029832872
2014-12-15 11:00:00,-0.9989797173430616,-0.14222206
2014-12-15 12:00:00,-0.9880075448098952,-0.09046371
2014-12-15 13:00:00,-0.9989797173430616,-0.09103833
2014-12-15 14:00:00,-0.9770353722767288,-0.04246413
2014-12-15 15:00:00,-1.009951889876228,-0.0851037
2014-12-15 16:00:00,-0.9550910272103956,0.0067064
2014-12-15 17:00:00,-0.966063199743562,0.08137948
2014-12-15 18:00:00,-0.9880075448098952,0.23668051
2014-12-15 19:00:00,-0.9989797173430616,0.41375294
2014-12-15 20:00:00,-0.9002301645445634,0.53072274
2014-12-15 21:00:00,-0.9880075448098952,0.52320635
2014-12-15 22:00:00,-0.9770353722767288,0.53889364
2014-12-15 23:00:00,-0.9770353722767288,0.6564132
2014-12-16 00:00:00,-1.0318962349425609,0.7718137
2014-12-16 01:00:00,-1.0318962349425609,0.94736665
2014-12-16 02:00:00,-1.0318962349425609,0.98417276
2014-12-16 03:00:00,-1.0428684074757275,0.9622026
2014-12-16 04:00:00,-0.9880075448098952,1.1042789
2014-12-16 05:00:00,-0.9989797173430616,1.0411092
2014-12-16 06:00:00,-0.9770353722767288,1.0692266
2014-12-16 07:00:00,-0.9770353722767288,0.56504285
2014-12-16 08:00:00,-1.009951889876228,0.062173277
2014-12-16 09:00:00,-0.966063199743562,-0.08609117
2014-12-16 10:00:00,-0.9331466821440628,-0.1313271
2014-12-16 11:00:00,-0.9770353722767288,-0.1820863
2014-12-16 12:00:00,-0.9989797173430616,-0.29735816
2014-12-16 13:00:00,-0.823424956812398,-0.37480688
2014-12-16 14:00:00,-0.845369301878731,-0.44676167
2014-12-16 15:00:00,-0.9550910272103956,-0.42354268
2014-12-16 16:00:00,-1.009951889876228,-0.38915813
2014-12-16 17:00:00,-0.9880075448098952,-0.46948037
2014-12-16 18:00:00,-0.9770353722767288,-0.41585255
2014-12-16 19:00:00,-0.966063199743562,-0.45523298
2014-12-16 20:00:00,-0.9441188546772292,-0.4764742
2014-12-16 21:00:00,-0.9441188546772292,-0.49922532
2014-12-16 22:00:00,-0.9880075448098952,-0.5202069
2014-12-16 23:00:00,-1.009951889876228,-0.52035034
2014-12-17 00:00:00,-0.9989797173430616,-0.5646336
2014-12-17 01:00:00,-0.9989797173430616,-0.6166672
2014-12-17 02:00:00,-1.009951889876228,-0.68837106
2014-12-17 03:00:00,-0.9112023370777298,-0.7410905
2014-12-17 04:00:00,-0.7685640941465657,-0.7710808
2014-12-17 05:00:00,-0.6259258512154017,-0.7647893
2014-12-17 06:00:00,-0.472315435751071,-0.76420015
2014-12-17 07:00:00,-0.3845380554857393,-0.72687477
2014-12-17 08:00:00,-0.2199554674882422,-0.6665193
2014-12-17 09:00:00,-0.1321780872229105,-0.62747806
2014-12-17 10:00:00,-0.0444007069575787,-0.60346
2014-12-17 11:00:00,0.2299036063715829,-0.6401337
2014-12-17 12:00:00,0.5700409548997435,-0.6765658
2014-12-17 13:00:00,0.7894844055630729,-0.6764468
2014-12-17 14:00:00,0.3067088141037483,-0.64315015
2014-12-17 15:00:00,-0.2528719850877416,-0.6428208
2014-12-17 16:00:00,-0.3845380554857393,-0.6178458
2014-12-17 17:00:00,-0.2309276400214087,-0.575545
2014-12-17 18:00:00,-0.0773172245570781,-0.5700084
2014-12-17 19:00:00,0.0433766733077529,-0.57024914
2014-12-17 20:00:00,1.118649581558067,-0.54650635
2014-12-17 21:00:00,1.5904530004842252,-0.52545184
2014-12-17 22:00:00,1.3710095498208958,-0.51610667
2014-12-17 23:00:00,0.8772617858284046,-0.5226734
2014-12-18 00:00:00,0.8772617858284046,-0.5163948
2014-12-18 01:00:00,0.76754006049674,-0.5319631
2014-12-18 02:00:00,0.6578183351650753,-0.3506801
2014-12-18 03:00:00,0.5042079197007447,-0.515956
2014-12-18 04:00:00,0.2737922965042488,-0.49187315
2014-12-18 05:00:00,0.3286531591700812,-0.35754716
2014-12-18 06:00:00,0.4164305394354129,-0.27427396
2014-12-18 07:00:00,0.5151800922339111,-0.19856878
2014-12-18 08:00:00,0.3835140218359135,-0.17587058
2014-12-18 09:00:00,0.39448619436908,0.050282426
2014-12-18 10:00:00,0.2628201239710824,-0.044378854
2014-12-18 11:00:00,0.3835140218359135,-0.16540301
2014-12-18 12:00:00,0.3505975042364141,0.41763848
2014-12-18 13:00:00,0.3615696767695806,0.57129675
2014-12-18 14:00:00,0.4603192295680788,0.54081905
2014-12-18 15:00:00,0.6907348527645747,0.37316096
2014-12-18 16:00:00,0.7236513703640741,0.25417596
2014-12-18 17:00:00,0.9760113386269028,0.3246381
2014-12-18 18:00:00,1.118649581558067,0.34910753
2014-12-18 19:00:00,1.4039260674203953,0.3228685
2014-12-18 20:00:00,1.5355921378183928,0.6838054
2014-12-18 21:00:00,1.4807312751525603,0.96851903
2014-12-18 22:00:00,1.6672582082163905,1.0364127
2014-12-18 23:00:00,1.6892025532827233,0.94021
2014-12-19 00:00:00,1.9086460039460529,0.7360631
2014-12-19 01:00:00,1.6782303807495569,0.72264606
2014-12-19 02:00:00,1.6233695180837246,0.72924095
2014-12-19 03:00:00,1.305176514621897,0.7092366
2014-12-19 04:00:00,1.0857330639585676,0.55611545
2014-12-19 05:00:00,1.0747608914254012,0.4917508
2014-12-19 06:00:00,1.1405939266243998,0.45430723
2014-12-19 07:00:00,-0.3735658829525728,0.40624702
2014-12-19 08:00:00,-0.8563414744118975,0.34429654
2014-12-19 09:00:00,-0.8892579920113969,0.33012408
2014-12-19 10:00:00,-0.9221745096108964,0.26366305
2014-12-19 11:00:00,-0.9770353722767288,0.2883088
2014-12-19 12:00:00,-0.9112023370777298,0.268551
2014-12-19 13:00:00,-0.9331466821440628,0.36346027
2014-12-19 14:00:00,-0.9441188546772292,0.3862269
2014-12-19 15:00:00,-0.966063199743562,0.43810156
2014-12-19 16:00:00,-1.0209240624093945,0.49420702
2014-12-19 17:00:00,-1.0209240624093945,0.6784628
2014-12-19 18:00:00,-0.9331466821440628,0.7325695
2014-12-19 19:00:00,-1.0209240624093945,0.8617473
2014-12-19 20:00:00,-0.9880075448098952,0.9245832
2014-12-19 21:00:00,-1.009951889876228,0.76361287
2014-12-19 22:00:00,-0.966063199743562,0.7474691
2014-12-19 23:00:00,-0.9770353722767288,0.8685543
2014-12-20 00:00:00,-0.9989797173430616,0.91036755
2014-12-20 01:00:00,-0.9441188546772292,0.86989284
2014-12-20 02:00:00,-1.009951889876228,0.7449308
2014-12-20 03:00:00,-0.966063199743562,0.5948411
2014-12-20 04:00:00,-0.9770353722767288,0.4475511
2014-12-20 05:00:00,-0.966063199743562,0.3727094
2014-12-20 06:00:00,-0.9331466821440628,0.28190967
2014-12-20 07:00:00,-0.966063199743562,0.016835546
2014-12-20 08:00:00,-0.966063199743562,-0.27365762
2014-12-20 09:00:00,-0.966063199743562,-0.4502878
2014-12-20 10:00:00,-0.966063199743562,-0.51684684
2014-12-20 11:00:00,-0.966063199743562,-0.49519414
2014-12-20 12:00:00,-0.966063199743562,-0.5268805
2014-12-20 13:00:00,-0.966063199743562,-0.6238975
2014-12-20 14:00:00,-0.966063199743562,-0.6656717
2014-12-20 15:00:00,-0.966063199743562,-0.63404715
2014-12-20 16:00:00,-0.966063199743562,-0.67451453
2014-12-20 17:00:00,-0.966063199743562,-0.7315419
2014-12-20 18:00:00,-0.9441188546772292,-0.6941616
2014-12-20 19:00:00,-0.9880075448098952,-0.6725361
2014-12-20 20:00:00,-1.0209240624093945,-0.6591286
2014-12-20 21:00:00,-1.009951889876228,-0.6658743
2014-12-20 22:00:00,-1.0318962349425609,-0.67261946
2014-12-20 23:00:00,-1.053840580008894,-0.68839526
2014-12-21 00:00:00,-1.053840580008894,-0.7179737
2014-12-21 01:00:00,-1.0209240624093945,-0.72078425
2014-12-21 02:00:00,-1.0318962349425609,-0.7295831
2014-12-21 03:00:00,-1.009951889876228,-0.7239365
2014-12-21 04:00:00,-1.0209240624093945,-0.69315857
2014-12-21 05:00:00,-1.0318962349425609,-0.69655216
2014-12-21 06:00:00,-0.9989797173430616,-0.69415176
2014-12-21 07:00:00,-0.9989797173430616,-0.6966503
2014-12-21 08:00:00,-0.9989797173430616,-0.66352296
2014-12-21 09:00:00,-1.009951889876228,-0.6434705
2014-12-21 10:00:00,-0.9770353722767288,-0.62567705
2014-12-21 11:00:00,-0.9112023370777298,-0.6230318
2014-12-21 12:00:00,-0.867313646945064,-0.6479052
2014-12-21 13:00:00,-0.966063199743562,-0.6516066
2014-12-21 14:00:00,-0.8782858194782304,-0.66126674
2014-12-21 15:00:00,-0.9331466821440628,-0.6552084
2014-12-21 16:00:00,-0.9550910272103956,-0.6415287
2014-12-21 17:00:00,-0.9441188546772292,-0.6203558
2014-12-21 18:00:00,-0.8782858194782304,-0.59367234
2014-12-21 19:00:00,-0.7466197490802328,-0.5786313
2014-12-21 20:00:00,-0.7356475765470664,-0.5738036
2014-12-21 21:00:00,-0.5930093336159022,-0.5658456
2014-12-21 22:00:00,-0.516204125883737,-0.55544835
2014-12-21 23:00:00,-0.3955102280189058,-0.5428279
2014-12-22 00:00:00,-0.516204125883737,-0.53292185
2014-12-22 01:00:00,-0.307732847753574,-0.52494323
2014-12-22 02:00:00,-0.1650946048224099,-0.5237465
2014-12-22 03:00:00,-0.0553728794907452,-0.51634467
2014-12-22 04:00:00,-0.0224563618912458,-0.52013093
2014-12-22 05:00:00,0.0543488458409194,-0.5444349
2014-12-22 06:00:00,0.186014916238917,-0.54541856
2014-12-22 07:00:00,0.186014916238917,-0.5485511
2014-12-22 08:00:00,0.2847644690374153,-0.5533915
2014-12-22 09:00:00,0.4932357471675782,-0.5670426
2014-12-22 10:00:00,0.39448619436908,-0.57663804
2014-12-22 11:00:00,-0.0553728794907452,-0.57680655
2014-12-22 12:00:00,-0.2199554674882422,-0.58600163
2014-12-22 13:00:00,-0.5381484709500699,-0.592467
2014-12-22 14:00:00,-0.3625937104194063,-0.6073069
2014-12-22 15:00:00,-0.3187050202867404,-0.6121103
2014-12-22 16:00:00,-0.4064824005520722,-0.6281437
2014-12-22 17:00:00,-0.2199554674882422,-0.62191695
2014-12-22 18:00:00,-0.2748163301540746,-0.6256514
2014-12-22 19:00:00,-0.1431502597560769,-0.37413242
2014-12-22 20:00:00,0.0543488458409194,-0.50034493
2014-12-22 21:00:00,0.2737922965042488,-0.48415798
2014-12-22 22:00:00,0.1640705711725841,-0.35470635
2014-12-22 23:00:00,0.2518479514379159,-0.25000733
2014-12-23 00:00:00,0.4603192295680788,-0.2731703
2014-12-23 01:00:00,0.8553174407620717,-0.31926823
2014-12-23 02:00:00,0.6907348527645747,-0.054114148
2014-12-23 03:00:00,0.6797626802314082,-0.034640975
2014-12-23 04:00:00,0.4932357471675782,-0.1062401
2014-12-23 05:00:00,0.1530983986394176,0.24193703
2014-12-23 06:00:00,-0.1760667773555763,0.34861955
2014-12-23 07:00:00,0.02143232824142,0.26209006
2014-12-23 08:00:00,-0.1980111224219093,0.16974735
2014-12-23 09:00:00,-0.1321780872229105,0.18968795
2014-12-23 10:00:00,-0.1102337421565775,0.22707015
2014-12-23 11:00:00,-0.1321780872229105,0.21105562
2014-12-23 12:00:00,-0.0553728794907452,0.15376891
2014-12-23 13:00:00,-0.2089832949550758,0.044736765
2014-12-23 14:00:00,-0.121205914689744,-0.0069416035
2014-12-23 15:00:00,-0.0553728794907452,0.019081993
2014-12-23 16:00:00,-0.472315435751071,0.044992022
2014-12-23 17:00:00,-0.4174545730852387,0.13508679
2014-12-23 18:00:00,1.469759102619394,0.14776295
2014-12-23 19:00:00,0.1969870887720835,0.22359796
2014-12-23 20:00:00,0.0872653634404188,0.29344806
2014-12-23 21:00:00,-0.7356475765470664,0.45097446
2014-12-23 22:00:00,-0.867313646945064,0.5778433
2014-12-23 23:00:00,-0.9441188546772292,0.60581625
2014-12-24 00:00:00,-0.9550910272103956,0.47960624
2014-12-24 01:00:00,-0.9989797173430616,0.40576285
2014-12-24 02:00:00,-0.9880075448098952,0.35866997
2014-12-24 03:00:00,-0.9770353722767288,0.34752157
2014-12-24 04:00:00,-0.9989797173430616,0.25749922
2014-12-24 05:00:00,-0.9331466821440628,0.17663214
2014-12-24 06:00:00,-0.9550910272103956,0.025428718
2014-12-24 07:00:00,-0.966063199743562,-0.044360064
2014-12-24 08:00:00,-0.9770353722767288,-0.15092102
2014-12-24 09:00:00,-0.9002301645445634,-0.19828083
2014-12-24 10:00:00,-0.9112023370777298,-0.18808419
2014-12-24 11:00:00,-0.9770353722767288,-0.2718518
2014-12-24 12:00:00,-0.966063199743562,-0.3094572
2014-12-24 13:00:00,-0.9441188546772292,-0.31691855
2014-12-24 14:00:00,-0.9441188546772292,-0.35698134
2014-12-24 15:00:00,-0.966063199743562,-0.3451979
2014-12-24 16:00:00,-0.9221745096108964,-0.38235563
2014-12-24 17:00:00,-0.9221745096108964,-0.25490442
2014-12-24 18:00:00,-0.966063199743562,0.17253241
2014-12-24 19:00:00,-0.8782858194782304,0.2313774
2014-12-24 20:00:00,-0.845369301878731,0.062905125
2014-12-24 21:00:00,-0.9221745096108964,-0.023427615
2014-12-24 22:00:00,-0.9112023370777298,-0.2594186
2014-12-24 23:00:00,-0.9002301645445634,-0.22634457
2014-12-25 00:00:00,-0.8782858194782304,-0.06863824
2014-12-25 01:00:00,-0.8563414744118975,-0.08364744
2014-12-25 02:00:00,-0.8563414744118975,-0.17893042
2014-12-25 03:00:00,-0.9880075448098952,-0.11388747
2014-12-25 04:00:00,-0.9441188546772292,-0.18501104
2014-12-25 05:00:00,-0.9441188546772292,-0.2793691
2014-12-25 06:00:00,-0.9002301645445634,-0.17760275
2014-12-25 07:00:00,-0.9550910272103956,-0.17204884
2014-12-25 08:00:00,-0.9002301645445634,-0.16070797
2014-12-25 09:00:00,-0.8014806117460651,-0.1595347
2014-12-25 10:00:00,-0.680786713881234,-0.18031766
2014-12-25 11:00:00,-0.823424956812398,-0.2127411
2014-12-25 12:00:00,-0.9221745096108964,-0.16047522
2014-12-25 13:00:00,-0.9221745096108964,-0.12790522
2014-12-25 14:00:00,-0.9989797173430616,-0.13256556
2014-12-25 15:00:00,-1.009951889876228,-0.09436362
2014-12-25 16:00:00,-0.9002301645445634,-0.039614104
2014-12-25 17:00:00,-0.7575919216133993,-0.030586692
2014-12-25 18:00:00,-0.680786713881234,-0.05150596
2014-12-25 19:00:00,-0.5600928160164028,0.009847378
2014-12-25 20:00:00,-0.5271762984169034,0.025470873
2014-12-25 21:00:00,-0.5491206434832363,0.009529805
2014-12-25 22:00:00,-0.5381484709500699,0.06182348
2014-12-25 23:00:00,-0.3406493653530734,0.05654294
2014-12-26 00:00:00,-0.0773172245570781,0.014110586
2014-12-26 01:00:00,-0.0663450520239117,-0.021755511
2014-12-26 02:00:00,0.5151800922339111,-0.05272793
2014-12-26 03:00:00,1.3819817223540622,-0.14121616
2014-12-26 04:00:00,0.8662896132952382,-0.18866743
2014-12-26 05:00:00,0.58101312743291,-0.18669719
2014-12-26 06:00:00,0.3615696767695806,-0.12139336
2014-12-26 07:00:00,0.2957366415705817,-0.18873875
2014-12-26 08:00:00,0.20795926130525,-0.20566884
2014-12-26 09:00:00,0.1201818810399182,-0.19860862
2014-12-26 10:00:00,0.1969870887720835,-0.17207026
2014-12-26 11:00:00,0.1750427437057506,-0.11175849
2014-12-26 12:00:00,0.3396253317032476,-0.19685265
2014-12-26 13:00:00,0.5700409548997435,-0.17319214
2014-12-26 14:00:00,0.6907348527645747,-0.20532672
2014-12-26 15:00:00,0.7785122330299065,-0.20810965
2014-12-26 16:00:00,1.0747608914254012,0.01995658
2014-12-26 17:00:00,1.469759102619394,0.19170377
2014-12-26 18:00:00,1.755035588481722,0.31211945
2014-12-26 19:00:00,1.8757294863465532,0.4103667
2014-12-26 20:00:00,1.5794808279510586,0.46550524
2014-12-26 21:00:00,1.5575364828847258,0.54545784
2014-12-26 22:00:00,1.2064269618233987,0.55195624
2014-12-26 23:00:00,1.0308722012927352,0.5860012
2014-12-27 00:00:00,0.6907348527645747,0.64664394
2014-12-27 01:00:00,1.0308722012927352,0.7326333
2014-12-27 02:00:00,0.95406699356057,0.79158825
2014-12-27 03:00:00,1.2722599970223976,0.9904248
2014-12-27 04:00:00,1.3710095498208958,0.961023
2014-12-27 05:00:00,1.0857330639585676,0.8000749
2014-12-27 06:00:00,1.1735104442238993,0.7104569
2014-12-27 07:00:00,1.3929538948872286,0.6311113
2014-12-27 08:00:00,1.7440634159485555,0.7440032
2014-12-27 09:00:00,0.8992061308947376,0.586822
2014-12-27 10:00:00,0.932122648494237,0.48760092
2014-12-27 11:00:00,0.9979556836932358,0.4962965
2014-12-27 12:00:00,1.0308722012927352,0.5982128
2014-12-27 13:00:00,1.0308722012927352,0.6494791
2014-12-27 14:00:00,1.0089278562264024,0.7276316
2014-12-27 15:00:00,1.184482616757066,0.75523883
2014-12-27 16:00:00,1.3600373772877292,0.82712656
2014-12-27 17:00:00,1.634341690616891,0.9912426
2014-12-27 18:00:00,2.380449422872211,0.96139586
2014-12-27 19:00:00,2.501143320737042,1.0384573
2014-12-27 20:00:00,2.731558943933538,1.0405494
2014-12-27 21:00:00,2.4901711482038755,1.0516328
2014-12-27 22:00:00,2.7205867714003715,1.1124833
2014-12-27 23:00:00,2.8851693593978687,1.0910873
2014-12-28 00:00:00,3.126557155127531,0.887705
2014-12-28 01:00:00,3.2143345353928625,0.80856484
2014-12-28 02:00:00,3.1594736727270303,0.7713235
2014-12-28 03:00:00,3.773915334584352,0.7270653
2014-12-28 04:00:00,2.566976355936041,0.7210929
2014-12-28 05:00:00,2.0183677292777173,0.6301325
2014-12-28 06:00:00,1.798924278614388,0.6009895
2014-12-28 07:00:00,1.3271208596882298,0.6533036
2014-12-28 08:00:00,0.6578183351650753,0.72230506
2014-12-28 09:00:00,0.6578183351650753,0.6388486
2014-12-28 10:00:00,-0.0882893970902446,0.47439998
2014-12-28 11:00:00,-0.4503710906847381,0.47662404
2014-12-28 12:00:00,-0.3406493653530734,0.39656362
2014-12-28 13:00:00,-0.5710649885495693,0.60063785
2014-12-28 14:00:00,-0.7466197490802328,0.6073102
2014-12-28 15:00:00,-0.7356475765470664,0.5851219
2014-12-28 16:00:00,-0.6039815061490686,0.631393
2014-12-28 17:00:00,-0.6368980237485681,0.7379801
2014-12-28 18:00:00,-0.6478701962817346,0.96426404
2014-12-28 19:00:00,0.1092097085067518,1.1498706
2014-12-28 20:00:00,0.8224009231625723,1.2521483
2014-12-28 21:00:00,2.117117282076216,1.2975065
2014-12-28 22:00:00,2.457254630604376,1.3216441
2014-12-28 23:00:00,2.643781563668206,1.4157311
2014-12-29 00:00:00,2.874197186864702,1.4619952
2014-12-29 01:00:00,2.983918912196367,1.3433698
2014-12-29 02:00:00,2.994891084729533,1.210164
2014-12-29 03:00:00,2.983918912196367,1.1953152
2014-12-29 04:00:00,2.391421595405377,1.0336729
2014-12-29 05:00:00,0.9650391660937364,0.7693753
2014-12-29 06:00:00,0.7785122330299065,0.53734946
2014-12-29 07:00:00,0.39448619436908,0.38755566
2014-12-29 08:00:00,0.2628201239710824,0.21519342
2014-12-29 09:00:00,0.4493470570349123,0.08729097
2014-12-29 10:00:00,0.3505975042364141,-0.054487042
2014-12-29 11:00:00,0.3725418493027471,-0.21466616
2014-12-29 12:00:00,-0.4832876082842375,-0.3060913
2014-12-29 13:00:00,-0.5710649885495693,-0.43912718
2014-12-29 14:00:00,-0.8014806117460651,-0.5895838
2014-12-29 15:00:00,-0.7905084392128987,-0.61486334
2014-12-29 16:00:00,-0.8782858194782304,-0.58033675
2014-12-29 17:00:00,-0.8563414744118975,-0.5848775
2014-12-29 18:00:00,0.2189314338384165,-0.52741855
2014-12-29 19:00:00,0.0982375359735853,-0.36658746
2014-12-29 20:00:00,0.1311540535730847,0.00014442764
2014-12-29 21:00:00,0.3067088141037483,0.43916908
2014-12-29 22:00:00,0.7017070252977412,0.7821354
2014-12-29 23:00:00,0.6468461626319087,0.8891242
2014-12-30 00:00:00,0.9760113386269028,1.0044832
2014-12-30 01:00:00,-0.0334285344244122,1.0113891
2014-12-30 02:00:00,-0.2089832949550758,1.0647523
2014-12-30 03:00:00,-0.7905084392128987,1.06838
2014-12-30 04:00:00,-0.823424956812398,0.9646434
2014-12-30 05:00:00,-0.9989797173430616,0.6396728
2014-12-30 06:00:00,-0.9989797173430616,0.34690836
2014-12-30 07:00:00,-0.9550910272103956,0.1486289
2014-12-30 08:00:00,-0.9112023370777298,0.044733547
2014-12-30 09:00:00,-0.9221745096108964,0.10717117
2014-12-30 10:00:00,-0.823424956812398,0.03155043
2014-12-30 11:00:00,-0.5710649885495693,-0.048793733
2014-12-30 12:00:00,-0.5600928160164028,-0.35029
2014-12-30 13:00:00,-0.2967606752204075,-0.6073199
2014-12-30 14:00:00,-0.3845380554857393,-0.7041903
2014-12-30 15:00:00,-0.494259780817404,-0.800929
2014-12-30 16:00:00,-0.4393989181515716,-0.746746
2014-12-30 17:00:00,-0.4064824005520722,-0.7043428
2014-12-30 18:00:00,-0.2309276400214087,-0.33275756
2014-12-30 19:00:00,-0.7137032314807333,-0.15624882
2014-12-30 20:00:00,-0.8124527842792316,-0.07702234
2014-12-30 21:00:00,-0.8782858194782304,0.091896065
2014-12-30 22:00:00,-1.009951889876228,0.022249645
2014-12-30 23:00:00,-0.9221745096108964,0.1510134
2014-12-31 00:00:00,-0.9880075448098952,0.35772368
2014-12-31 01:00:00,-0.9770353722767288,0.18999425
2014-12-31 02:00:00,-0.8782858194782304,-0.13931294
2014-12-31 03:00:00,-0.9989797173430616,-0.29152083
2014-12-31 04:00:00,-1.009951889876228,-0.39083737
2014-12-31 05:00:00,-0.9989797173430616,-0.41297683
2014-12-31 06:00:00,-1.009951889876228,-0.51457125
2014-12-31 07:00:00,-1.009951889876228,-0.42153692
2014-12-31 08:00:00,-1.009951889876228,-0.4493876
2014-12-31 09:00:00,-1.009951889876228,-0.537426
2014-12-31 10:00:00,-1.0209240624093945,-0.6422063
2014-12-31 11:00:00,-0.966063199743562,-0.5550135
2014-12-31 12:00:00,-0.9112023370777298,-0.46130252
2014-12-31 13:00:00,-0.9770353722767288,-0.34828842
2014-12-31 14:00:00,-0.9989797173430616,-0.16523647
2014-12-31 15:00:00,-0.9770353722767288,-0.18112107
2014-12-31 16:00:00,-1.009951889876228,-0.07150782
2014-12-31 17:00:00,-0.9989797173430616,-0.1127483
2014-12-31 18:00:00,-0.9880075448098952,-0.16289532
2014-12-31 19:00:00,-1.009951889876228,-0.1368501
2014-12-31 20:00:00,-0.9880075448098952,-0.22228482
2014-12-31 21:00:00,-0.9880075448098952,-0.2328285
2014-12-31 22:00:00,-1.009951889876228,-0.2963994
2014-12-31 23:00:00,-0.966063199743562,-0.25340915
