,Originales,Predichos
2017-11-24 23:40:00,-0.6161860353423114,-1.0696809
2017-11-24 23:50:00,-0.6899762519141456,-1.1298242
2017-11-25 00:00:00,-0.7917558603133754,-1.1728474
2017-11-25 00:10:00,-0.8672424033702688,-1.2069299
2017-11-25 00:20:00,-0.9613885405193368,-1.2331867
2017-11-25 00:30:00,-1.0182154881057894,-1.2536236
2017-11-25 00:40:00,-1.080131416525683,-1.2694242
2017-11-25 00:50:00,-1.1378065280437977,-1.2837675
2017-11-25 01:00:00,-1.18530367789503,-1.2964668
2017-11-25 01:10:00,-1.2930204296810972,-1.3081366
2017-11-25 01:20:00,-1.3337322735920951,-1.3193108
2017-11-25 01:30:00,-1.3532400316159323,-1.3311927
2017-11-25 01:40:00,-1.345606561744036,-1.3430743
2017-11-25 01:50:00,-1.3498473786458154,-1.3559729
2017-11-25 02:00:00,-1.40073718284543,-1.3667533
2017-11-25 02:10:00,-1.449082496628325,-1.3767731
2017-11-25 02:20:00,-1.448234332696663,-1.385813
2017-11-25 02:30:00,-1.482160869289161,-1.3957407
2017-11-25 02:40:00,-1.4838571957742193,-1.4040303
2017-11-25 02:50:00,-1.4745273980389992,-1.4109453
2017-11-25 03:00:00,-1.5008204633813362,-1.4151177
2017-11-25 03:10:00,-1.5338988360421726,-1.4196534
2017-11-25 03:20:00,-1.532202509557114,-1.4220313
2017-11-25 03:30:00,-1.556799248414392,-1.421952
2017-11-25 03:40:00,-1.5542547579976715,-1.4208723
2017-11-25 03:50:00,-1.5440767977090546,-1.4179897
2017-11-25 04:00:00,-1.5517102675809509,-1.410194
2017-11-25 04:10:00,-1.5381396529439515,-1.3924133
2017-11-25 04:20:00,-1.556799248414392,-1.3595722
2017-11-25 04:30:00,-1.5525584315126126,-1.3027139
2017-11-25 04:40:00,-1.548317614610834,-1.2302984
2017-11-25 04:50:00,-1.556799248414392,-1.1514213
2017-11-25 05:00:00,-1.5542547579976715,-1.0574563
2017-11-25 05:10:00,-1.506757608146439,-0.9590888
2017-11-25 05:20:00,-1.466045764235441,-0.9316697
2017-11-25 05:30:00,-1.3574808485177117,-1.0276065
2017-11-25 05:40:00,-1.3676588101845937,-1.2150965
2017-11-25 05:50:00,-1.3990408549821065,-1.3757753
2017-11-25 06:00:00,-1.438056372408046,-1.396271
2017-11-25 06:10:00,-1.4533233135301036,-1.410138
2017-11-25 06:20:00,-1.49318699350944,-1.417565
2017-11-25 06:30:00,-1.5746106799531705,-1.419287
2017-11-25 06:40:00,-1.6992906993463546,-1.4177598
2017-11-25 06:50:00,-1.8451748046267,-1.4166274
2017-11-25 07:00:00,-1.8129445958975248,-1.4159487
2017-11-25 07:10:00,-1.761206627766248,-1.4075828
2017-11-25 07:20:00,-1.7230392742719705,-1.3964624
2017-11-25 07:30:00,-1.7221911117185742,-1.3791028
2017-11-25 07:40:00,-1.687416412572679,-1.3626187
2017-11-25 07:50:00,-1.6746939604890765,-1.3446612
2017-11-25 08:00:00,-1.5712180256047878,-1.3269854
2017-11-25 08:10:00,-1.4796163788724406,-1.3000664
2017-11-25 08:20:00,-1.3422139073956536,-1.2725706
2017-11-25 08:30:00,-1.2412824629280856,-1.2401552
2017-11-25 08:40:00,-1.2183820505558662,-1.2019773
2017-11-25 08:50:00,-1.1395028545288564,-1.1670299
2017-11-25 09:00:00,-1.0614718210552423,-1.1475332
2017-11-25 09:10:00,-1.00464487346879,-1.1163771
2017-11-25 09:20:00,-0.9384881281471172,-1.082711
2017-11-25 09:30:00,-0.8570644417033864,-1.034935
2017-11-25 09:40:00,-0.7493476899173189,-0.9666689
2017-11-25 09:50:00,-0.6908244158458079,-0.8793929
2017-11-25 10:00:00,-0.6501125719348096,-0.80913824
2017-11-25 10:10:00,-0.6153378727889145,-0.73910797
2017-11-25 10:20:00,-0.5602072516875205,-0.6681113
2017-11-25 10:30:00,-0.508469283556244,-0.6048824
2017-11-25 10:40:00,-0.4736945844103488,-0.5575867
2017-11-25 10:50:00,-0.4864170351156864,-0.50458384
2017-11-25 11:00:00,-0.4261974345591167,-0.48508677
2017-11-25 11:10:00,-0.362585178275899,-0.46923187
2017-11-25 11:20:00,-0.3693704855943984,-0.45294607
2017-11-25 11:30:00,-0.3456219106687825,-0.4360012
2017-11-25 11:40:00,-0.281161491832168,-0.4238363
2017-11-25 11:50:00,-0.3176325188413869,-0.4332441
2017-11-25 12:00:00,-0.3227214982965626,-0.45445636
2017-11-25 12:10:00,-0.3430774202520619,-0.46103933
2017-11-25 12:20:00,-0.3447737467371202,-0.46715578
2017-11-25 12:30:00,-0.3320512960317832,-0.4661785
2017-11-25 12:40:00,-0.336292112933562,-0.4497281
2017-11-25 12:50:00,-0.3286586430616657,-0.39332992
2017-11-25 13:00:00,-0.2701353676118892,-0.36844516
2017-11-25 13:10:00,-0.2870986365972711,-0.35073268
2017-11-25 13:20:00,-0.2574129169065521,-0.33639267
2017-11-25 13:30:00,-0.2285753611474946,-0.317335
2017-11-25 13:40:00,-0.2285753611474946,-0.3016617
2017-11-25 13:50:00,-0.2794651653471097,-0.28881854
2017-11-25 14:00:00,-0.2506276095880522,-0.29248378
2017-11-25 14:10:00,-0.242145975784494,-0.299331
2017-11-25 14:20:00,-0.2396014853677734,-0.31652942
2017-11-25 14:30:00,-0.2412978118528321,-0.33908644
2017-11-25 14:40:00,-0.2904912895673885,-0.3521967
2017-11-25 14:50:00,-0.3541035444723407,-0.36316404
2017-11-25 15:00:00,-0.4126268199221172,-0.37986004
2017-11-25 15:10:00,-0.3668259951776778,-0.39879403
2017-11-25 15:20:00,-0.3736113024961778,-0.41809157
2017-11-25 15:30:00,-0.4423125382345712,-0.43479225
2017-11-25 15:40:00,-0.417715799377293,-0.4488202
2017-11-25 15:50:00,-0.4024488582552348,-0.45313287
2017-11-25 16:00:00,-0.443160702166233,-0.46157998
2017-11-25 16:10:00,-0.5127101004580229,-0.4673724
2017-11-25 16:20:00,-0.4635166241217319,-0.46626827
2017-11-25 16:30:00,-0.3863337545797803,-0.4477112
2017-11-25 16:40:00,-0.281161491832168,-0.38565794
2017-11-25 16:50:00,-0.2396014853677734,-0.2394405
2017-11-25 17:00:00,-0.2039786222902164,-0.11870375
2017-11-25 17:10:00,-0.0131418575753592,0.068708405
2017-11-25 17:20:00,0.3761651444827812,0.30117652
2017-11-25 17:30:00,0.644184778739589,0.5204747
2017-11-25 17:40:00,0.7154305048947031,0.69417447
2017-11-25 17:50:00,0.7213676482815407,0.8028912
2017-11-25 18:00:00,0.7230639747665993,0.81955415
2017-11-25 18:10:00,0.7663203090943183,0.83458996
2017-11-25 18:20:00,0.7366345894035993,0.84916776
2017-11-25 18:30:00,0.7374827533352606,0.85993975
2017-11-25 18:40:00,0.7196713217964819,0.8701429
2017-11-25 18:50:00,0.7205194843498792,0.88161474
2017-11-25 19:00:00,0.7281529556000406,0.8744153
2017-11-25 19:10:00,0.7264566291149819,0.86648446
2017-11-25 19:20:00,0.7128860144779829,0.85190433
2017-11-25 19:30:00,0.7061007071594829,0.83540815
2017-11-25 19:40:00,0.6653888632484852,0.82019633
2017-11-25 19:50:00,0.653514576474809,0.8105092
2017-11-25 20:00:00,0.6407921257694725,0.8002141
2017-11-25 20:10:00,0.6306141641025901,0.7858332
2017-11-25 20:20:00,0.6111064060787526,0.7685593
2017-11-25 20:30:00,0.6043210987602536,0.7461384
2017-11-25 20:40:00,0.5746353804477997,0.7201185
2017-11-25 20:50:00,0.5169602689296846,0.69521576
2017-11-25 21:00:00,0.4838818962688482,0.6689316
2017-11-25 21:10:00,0.4669186272834668,0.6170534
2017-11-25 21:20:00,0.4245104582656753,0.532674
2017-11-25 21:30:00,0.3931284120898977,0.42637345
2017-11-25 21:40:00,0.3023749279109461,0.30997118
2017-11-25 21:50:00,0.2930451301757261,0.19083168
2017-11-25 22:00:00,0.283715333818771,0.08655883
2017-11-25 22:10:00,0.2226475679522744,-0.021051396
2017-11-25 22:20:00,0.166668784297484,-0.15074882
2017-11-25 22:30:00,0.0852450978537525,-0.29576352
2017-11-25 22:40:00,0.056407542094696,-0.4244761
2017-11-25 22:50:00,-0.0589426809415337,-0.5182541
2017-11-25 23:00:00,-0.1530888180906017,-0.60969883
2017-11-25 23:10:00,-0.2599574073232722,-0.74794346
2017-11-25 23:20:00,-0.3405329298353414,-0.8821339
2017-11-25 23:30:00,-0.488961525532407,-0.9885307
2017-11-25 23:40:00,-0.5686888854910788,-1.0721846
2017-11-25 23:50:00,-0.6501125719348096,-1.1328824
2017-11-26 00:00:00,-0.7417142186671571,-1.1742327
2017-11-26 00:10:00,-0.8570644417033864,-1.2081
2017-11-26 00:20:00,-0.941032618563838,-1.2377536
2017-11-26 00:30:00,-1.0368750835762297,-1.263969
2017-11-26 00:40:00,-1.0580791680851254,-1.285759
2017-11-26 00:50:00,-1.1182987700199607,-1.3035386
2017-11-26 01:00:00,-1.1411991810139146,-1.3218088
2017-11-26 01:10:00,-1.1819110249249127,-1.3353012
2017-11-26 01:20:00,-1.1793665345081925,-1.3481092
2017-11-26 01:30:00,-1.2277118482910867,-1.3605666
2017-11-26 01:40:00,-1.3091355347348173,-1.3720912
2017-11-26 01:50:00,-1.3625698293511526,-1.3807751
2017-11-26 02:00:00,-1.389711058625151,-1.3871799
2017-11-26 02:10:00,-1.40752249016393,-1.3935626
2017-11-26 02:20:00,-1.4389045349614422,-1.3992256
2017-11-26 02:30:00,-1.4643494377503825,-1.4049348
2017-11-26 02:40:00,-1.4592604569169416,-1.4078147
2017-11-26 02:50:00,-1.4677420907205,-1.4101981
2017-11-26 03:00:00,-1.4745273980389992,-1.4146473
2017-11-26 03:10:00,-1.473679235485603,-1.4172261
2017-11-26 03:20:00,-1.4991241368962775,-1.4190822
2017-11-26 03:30:00,-1.5042131177297189,-1.4201356
2017-11-26 03:40:00,-1.512694751533277,-1.4198847
2017-11-26 03:50:00,-1.5517102675809509,-1.4211957
2017-11-26 04:00:00,-1.5559510844827302,-1.4199693
2017-11-26 04:10:00,-1.5500139410958922,-1.4089547
2017-11-26 04:20:00,-1.5491657771642302,-1.3888333
2017-11-26 04:30:00,-1.5457731241941133,-1.3534669
2017-11-26 04:40:00,-1.5542547579976715,-1.3070447
2017-11-26 04:50:00,-1.5593437388311129,-1.2583976
2017-11-26 05:00:00,-1.5355951625272308,-1.1853969
2017-11-26 05:10:00,-1.517783732366718,-1.1067462
2017-11-26 05:20:00,-1.5186318949201143,-1.0673769
2017-11-26 05:30:00,-1.402433509330489,-1.1091397
2017-11-26 05:40:00,-1.405826162300606,-1.2470254
2017-11-26 05:50:00,-1.4397526988931042,-1.3801454
2017-11-26 06:00:00,-1.4940351560628362,-1.3946018
2017-11-26 06:10:00,-1.482160869289161,-1.4050523
2017-11-26 06:20:00,-1.501668627312998,-1.4121935
2017-11-26 06:30:00,-1.6102335430307273,-1.4132957
2017-11-26 06:40:00,-1.7908923474569676,-1.4128971
2017-11-26 06:50:00,-1.9070907330465927,-1.411687
2017-11-26 07:00:00,-1.946954413025929,-1.4112238
2017-11-26 07:10:00,-1.9384727792223708,-1.4079533
2017-11-26 07:20:00,-1.9240540006537092,-1.4020503
2017-11-26 07:30:00,-1.8655307265821983,-1.3934348
2017-11-26 07:40:00,-1.8324523539213624,-1.3799092
2017-11-26 07:50:00,-1.8154890863142457,-1.365241
2017-11-26 08:00:00,-1.7510286674776312,-1.3525629
2017-11-26 08:10:00,-1.7094686610132366,-1.3372004
2017-11-26 08:20:00,-1.698442536792958,-1.3151351
2017-11-26 08:30:00,-1.633133954024682,-1.28929
2017-11-26 08:40:00,-1.5389878168756133,-1.2619617
2017-11-26 08:50:00,-1.4431453518632216,-1.2349728
2017-11-26 09:00:00,-1.39140738511021,-1.2145379
2017-11-26 09:10:00,-1.309983698666479,-1.1874771
2017-11-26 09:20:00,-1.2514604232167026,-1.1525539
2017-11-26 09:30:00,-1.1691885742195751,-1.1071007
2017-11-26 09:40:00,-1.0572310041534636,-1.0434551
2017-11-26 09:50:00,-1.0182154881057894,-0.96559244
2017-11-26 10:00:00,-0.950362416299058,-0.9159865
2017-11-26 10:10:00,-0.863001585090224,-0.85632706
2017-11-26 10:20:00,-0.7934521867984341,-0.7902644
2017-11-26 10:30:00,-0.7824260625781553,-0.72723955
2017-11-26 10:40:00,-0.6908244158458079,-0.67906743
2017-11-26 10:50:00,-0.6255158330775314,-0.6480164
2017-11-26 11:00:00,-0.628908487425914,-0.65672225
2017-11-26 11:10:00,-0.5610554142409174,-0.65428704
2017-11-26 11:20:00,-0.4957468328509065,-0.6483878
2017-11-26 11:30:00,-0.5016839762377441,-0.64566797
2017-11-26 11:40:00,-0.5118619379046265,-0.6413027
2017-11-26 11:50:00,-0.4940505063658477,-0.66535515
2017-11-26 12:00:00,-0.4762390748270694,-0.701399
2017-11-26 12:10:00,-0.4592758072199531,-0.74583375
2017-11-26 12:20:00,-0.4448570286512918,-0.7950929
2017-11-26 12:30:00,-0.4245011066957924,-0.8293666
2017-11-26 12:40:00,-0.3642815061392227,-0.82428396
2017-11-26 12:50:00,-0.2904912895673885,-0.7863715
2017-11-26 13:00:00,-0.2591092433916104,-0.7574535
2017-11-26 13:10:00,-0.3057582306894462,-0.728776
2017-11-26 13:20:00,-0.3269623165766074,-0.70073974
2017-11-26 13:30:00,-0.2930357799841087,-0.6806831
2017-11-26 13:40:00,-0.2837059822488886,-0.6592031
2017-11-26 13:50:00,-0.3201770092581075,-0.6374658
2017-11-26 14:00:00,-0.258261080838214,-0.64215297
2017-11-26 14:10:00,-0.277768838862051,-0.647079
2017-11-26 14:20:00,-0.3608888517908402,-0.6361117
2017-11-26 14:30:00,-0.3888782436182354,-0.62423134
2017-11-26 14:40:00,-0.404145186118559,-0.61877257
2017-11-26 14:50:00,-0.4592758072199531,-0.61689705
2017-11-26 15:00:00,-0.4932023424341858,-0.62582624
2017-11-26 15:10:00,-0.4948986689192446,-0.63487065
2017-11-26 15:20:00,-0.521191734261581,-0.63819623
2017-11-26 15:30:00,-0.576322355362975,-0.6377414
2017-11-26 15:40:00,-0.5805631736430199,-0.63463986
2017-11-26 15:50:00,-0.5254325525416259,-0.6214556
2017-11-26 16:00:00,-0.517799081291464,-0.6147539
2017-11-26 16:10:00,-0.5356105128302423,-0.60913384
2017-11-26 16:20:00,-0.5890448074465781,-0.59981656
2017-11-26 16:30:00,-0.5669925590060205,-0.5774998
2017-11-26 16:40:00,-0.4898096894640689,-0.545429
2017-11-26 16:50:00,-0.4211084537256754,-0.49015442
2017-11-26 17:00:00,-0.2989729233709468,-0.43994656
2017-11-26 17:10:00,-0.1098324851411483,-0.36047307
2017-11-26 17:20:00,0.329516157184945,-0.22243692
2017-11-26 17:30:00,0.572939052584475,-0.004454728
2017-11-26 17:40:00,0.6798076418171465,0.28080514
2017-11-26 17:50:00,0.7332419364334818,0.55672175
2017-11-26 18:00:00,0.7722574524811557,0.64637667
2017-11-26 18:10:00,0.7603831643292146,0.722601
2017-11-26 18:20:00,0.7764982693829346,0.7846876
2017-11-26 18:30:00,0.7476607136238781,0.8355388
2017-11-26 18:40:00,0.7205194843498792,0.8730209
2017-11-26 18:50:00,0.7281529556000406,0.89667416
2017-11-26 19:00:00,0.7739537789662145,0.8883103
2017-11-26 19:10:00,0.7824354127697722,0.8841097
2017-11-26 19:20:00,0.7671684716477146,0.8828752
2017-11-26 19:30:00,0.7739537789662145,0.8802561
2017-11-26 19:40:00,0.7909170479515959,0.87817675
2017-11-26 19:50:00,0.7934615369900511,0.88109916
2017-11-26 20:00:00,0.7637758186775971,0.8676974
2017-11-26 20:10:00,0.738330915888657,0.85161966
2017-11-26 20:20:00,0.6942264190075418,0.8399573
2017-11-26 20:30:00,0.6645407006950879,0.82985836
2017-11-26 20:40:00,0.6484255956413688,0.8206597
2017-11-26 20:50:00,0.598383955373415,0.81040037
2017-11-26 21:00:00,0.533923536536801,0.79083973
2017-11-26 21:10:00,0.4932116940040682,0.7531393
2017-11-26 21:20:00,0.4669186272834668,0.68122846
2017-11-26 21:30:00,0.4117880061820728,0.58538574
2017-11-26 21:40:00,0.3693798371642813,0.47840816
2017-11-26 21:50:00,0.3320606476016661,0.36751506
2017-11-26 22:00:00,0.2667520648333896,0.24759656
2017-11-26 22:10:00,0.2167104245654368,0.10842244
2017-11-26 22:20:00,0.1420720454402053,-0.039488666
2017-11-26 22:30:00,0.0199365150854771,-0.18027954
2017-11-26 22:40:00,-0.0809949293820913,-0.28836775
2017-11-26 22:50:00,-0.1742929039777624,-0.36053893
2017-11-26 23:00:00,-0.2633500602933897,-0.4473375
2017-11-26 23:10:00,-0.3498627275705614,-0.5968041
2017-11-26 23:20:00,-0.4406162117495124,-0.7493726
2017-11-26 23:30:00,-0.5483329635355799,-0.8679809
2017-11-26 23:40:00,-0.6797982916255291,-0.9567016
2017-11-26 23:50:00,-0.7595256502059359,-1.020962
2017-11-27 00:00:00,-0.8350121932628287,-1.0657673
2017-11-27 00:10:00,-0.8918391408492815,-1.1063409
2017-11-27 00:20:00,-0.9291583304118968,-1.1426181
2017-11-27 00:30:00,-1.03008977625773,-1.174025
2017-11-27 00:40:00,-1.0614718210552423,-1.2009434
2017-11-27 00:50:00,-1.114906115671578,-1.2263384
2017-11-27 01:00:00,-1.1759738815380751,-1.2477547
2017-11-27 01:10:00,-1.2175338880024698,-1.2691479
2017-11-27 01:20:00,-1.225167357874366,-1.2887793
2017-11-27 01:30:00,-1.255701240118482,-1.3082707
2017-11-27 01:40:00,-1.2709681812405396,-1.3259485
2017-11-27 01:50:00,-1.3125281890831997,-1.3417437
2017-11-27 02:00:00,-1.340517580910595,-1.3545539
2017-11-27 02:10:00,-1.3922555476636065,-1.3670349
2017-11-27 02:20:00,-1.4329673915746046,-1.378393
2017-11-27 02:30:00,-1.456715966500221,-1.3895407
2017-11-27 02:40:00,-1.4711347450688823,-1.4002676
2017-11-27 02:50:00,-1.4872498487443369,-1.4100795
2017-11-27 03:00:00,-1.5050612802831151,-1.418057
2017-11-27 03:10:00,-1.532202509557114,-1.4246144
2017-11-27 03:20:00,-1.5737625160215083,-1.4305785
2017-11-27 03:30:00,-1.5881812945901697,-1.4366498
2017-11-27 03:40:00,-1.556799248414392,-1.4427762
2017-11-27 03:50:00,-1.5517102675809509,-1.448113
2017-11-27 04:00:00,-1.5551029219293333,-1.4500195
2017-11-27 04:10:00,-1.5440767977090546,-1.446552
2017-11-27 04:20:00,-1.5432286337773926,-1.4362214
2017-11-27 04:30:00,-1.5254172022386143,-1.419638
2017-11-27 04:40:00,-1.4965796464795569,-1.3953629
2017-11-27 04:50:00,-1.485553522259278,-1.3655999
2017-11-27 05:00:00,-1.4601086208486034,-1.3154621
2017-11-27 05:10:00,-1.4592604569169416,-1.2543968
2017-11-27 05:20:00,-1.431271065089546,-1.2058663
2017-11-27 05:30:00,-1.331187783175375,-1.2211745
2017-11-27 05:40:00,-1.3260988023419336,-1.301007
2017-11-27 05:50:00,-1.38207758737499,-1.3903341
2017-11-27 06:00:00,-1.3735959535714313,-1.4004163
2017-11-27 06:10:00,-1.365114319767873,-1.4069929
2017-11-27 06:20:00,-1.38462207779171,-1.4136772
2017-11-27 06:30:00,-1.4185486143842088,-1.4152634
2017-11-27 06:40:00,-1.5101502611165565,-1.4171239
2017-11-27 06:50:00,-1.5703698630513916,-1.4177611
2017-11-27 07:00:00,-1.4787682149407786,-1.4176908
2017-11-27 07:10:00,-1.4177004504525466,-1.4132373
2017-11-27 07:20:00,-1.3744441175030937,-1.4070487
2017-11-27 07:30:00,-1.3176171685383755,-1.3996032
2017-11-27 07:40:00,-1.2726645091038638,-1.390518
2017-11-27 07:50:00,-1.2667273643387609,-1.3823502
2017-11-27 08:00:00,-1.2031151094338086,-1.37661
2017-11-27 08:10:00,-1.0835240694958,-1.3671165
2017-11-27 08:20:00,-0.980048134611512,-1.3525848
2017-11-27 08:30:00,-1.0758905996239037,-1.3326215
2017-11-27 08:40:00,-0.875724037173827,-1.3104081
2017-11-27 08:50:00,-0.8384048476112111,-1.2834727
2017-11-27 09:00:00,-0.7417142186671571,-1.2620134
2017-11-27 09:10:00,-0.8918391408492815,-1.2267791
2017-11-27 09:20:00,-1.220926540972587,-1.1765095
2017-11-27 09:30:00,-1.21074858068397,-1.101907
2017-11-27 09:40:00,-1.1683404102879134,-1.0216925
2017-11-27 09:50:00,-1.0903093768143,-0.9302122
2017-11-27 10:00:00,-1.0504456968349636,-0.8449802
2017-11-27 10:10:00,-0.9274620039268384,-0.75458175
2017-11-27 10:20:00,-0.8273787233909324,-0.66753405
2017-11-27 10:30:00,-0.7764889191913177,-0.60016686
2017-11-27 10:40:00,-0.7400178921820989,-0.5380201
2017-11-27 10:50:00,-0.6670758395419261,-0.48207983
2017-11-27 11:00:00,-0.6323011403960315,-0.45087376
2017-11-27 11:10:00,-0.6009190942202532,-0.40873978
2017-11-27 11:20:00,-0.6127933823721939,-0.35794944
2017-11-27 11:30:00,-0.5966782773184744,-0.31161293
2017-11-27 11:40:00,-0.5907411339316363,-0.26920012
2017-11-27 11:50:00,-0.6009190942202532,-0.23350051
2017-11-27 12:00:00,-0.6297566499793108,-0.21904582
2017-11-27 12:10:00,-0.5805631736430199,-0.20507622
2017-11-27 12:20:00,-0.5585109252024623,-0.19252032
2017-11-27 12:30:00,-0.5432439827021387,-0.17903289
2017-11-27 12:40:00,-0.5016839762377441,-0.1544097
2017-11-27 12:50:00,-0.4618202962584082,-0.12122494
2017-11-27 13:00:00,-0.4601239697733494,-0.106338635
2017-11-27 13:10:00,-0.443160702166233,-0.0980615
2017-11-27 13:20:00,-0.4601239697733494,-0.0993658
2017-11-27 13:30:00,-0.5127101004580229,-0.11113542
2017-11-27 13:40:00,-0.5415476562170805,-0.12882558
2017-11-27 13:50:00,-0.5729297023928581,-0.14715941
2017-11-27 14:00:00,-0.5457884731188593,-0.17765531
2017-11-27 14:10:00,-0.5152545908747435,-0.21951754
2017-11-27 14:20:00,-0.5415476562170805,-0.27077648
2017-11-27 14:30:00,-0.6373901212294721,-0.30989277
2017-11-27 14:40:00,-0.6110970558871357,-0.36892143
2017-11-27 14:50:00,-0.6034635846369739,-0.43721804
2017-11-27 15:00:00,-0.6144897088572526,-0.53290504
2017-11-27 15:10:00,-0.4389198852644537,-0.61005634
2017-11-27 15:20:00,-0.3812447737463391,-0.63648856
2017-11-27 15:30:00,-0.4321345779459543,-0.6451426
2017-11-27 15:40:00,-0.4100823295053966,-0.6378032
2017-11-27 15:50:00,-0.4474015190680119,-0.6222767
2017-11-27 16:00:00,-0.4380717213327918,-0.617541
2017-11-27 16:10:00,-0.3286586430616657,-0.6237892
2017-11-27 16:20:00,-0.2701353676118892,-0.6228021
2017-11-27 16:30:00,-0.2082194391919957,-0.60727066
2017-11-27 16:40:00,-0.1157696285279859,-0.5689578
2017-11-27 16:50:00,-0.0513092110696373,-0.5006015
2017-11-27 17:00:00,0.0988157111124864,-0.44422343
2017-11-27 17:10:00,0.3456312608603999,-0.32848758
2017-11-27 17:20:00,0.745116223207157,-0.13661093
2017-11-27 17:30:00,0.9987170802735694,0.12017748
2017-11-27 17:40:00,1.043669741086347,0.38699767
2017-11-27 17:50:00,1.1038893430211822,0.5882137
2017-11-27 18:00:00,1.062329335178522,0.6456882
2017-11-27 18:10:00,1.0606330086934634,0.69165593
2017-11-27 18:20:00,1.0453660675714058,0.72533745
2017-11-27 18:30:00,1.0368844337678471,0.7485735
2017-11-27 18:40:00,1.0241619830625095,0.7585356
2017-11-27 18:50:00,1.0317954529344058,0.7602866
2017-11-27 19:00:00,0.9876909560532906,0.7405729
2017-11-27 19:10:00,0.9690313619611156,0.71396655
2017-11-27 19:20:00,0.9444346231038376,0.68745995
2017-11-27 19:30:00,0.8799742042672237,0.6701769
2017-11-27 19:40:00,0.8647072631451651,0.6616884
2017-11-27 19:50:00,0.8765815512971062,0.6495757
2017-11-27 20:00:00,0.8239954206124324,0.6374987
2017-11-27 20:10:00,0.8630109366601063,0.6188458
2017-11-27 20:20:00,0.8358697073861084,0.59857863
2017-11-27 20:30:00,0.8087284781121097,0.585298
2017-11-27 20:40:00,0.8104248059754334,0.57045776
2017-11-27 20:50:00,0.786676229671552,0.5544573
2017-11-27 21:00:00,0.7239121386982618,0.5367532
2017-11-27 21:10:00,0.6543627390282064,0.47629362
2017-11-27 21:20:00,0.5670019091976374,0.37973055
2017-11-27 21:30:00,0.4957561830425234,0.2826447
2017-11-27 21:40:00,0.4474108692596293,0.19891855
2017-11-27 21:50:00,0.3583537129440025,0.1402642
2017-11-27 22:00:00,0.2692965552501097,0.101716995
2017-11-27 22:10:00,0.2234957318839358,0.03468954
2017-11-27 22:20:00,0.1369830646067641,-0.058076132
2017-11-27 22:30:00,0.033507129722476,-0.16201806
2017-11-27 22:40:00,-0.0216234913789179,-0.2687339
2017-11-27 22:50:00,-0.151392491605543,-0.3730243
2017-11-27 23:00:00,-0.2523239360731109,-0.48564836
2017-11-27 23:10:00,-0.3574961988207232,-0.60424876
2017-11-27 23:20:00,-0.4736945844103488,-0.71756846
2017-11-27 23:30:00,-0.5491811274672417,-0.8268667
2017-11-27 23:40:00,-0.6077044015387533,-0.9240606
2017-11-27 23:50:00,-0.7077876834529243,-1.0044689
2017-11-28 00:00:00,-0.8231379064891535,-1.0705922
2017-11-28 00:10:00,-0.8723313828254444,-1.1233127
2017-11-28 00:20:00,-0.9715665008079536,-1.1641389
2017-11-28 00:30:00,-1.0292416123260684,-1.196532
2017-11-28 00:40:00,-1.0903093768143,-1.2216294
2017-11-28 00:50:00,-1.125932239891857,-1.2420502
2017-11-28 01:00:00,-1.175125717606413,-1.2605839
2017-11-28 01:10:00,-1.2132930711006904,-1.2798891
2017-11-28 01:20:00,-1.281146142907422,-1.2989991
2017-11-28 01:30:00,-1.3354286000771542,-1.3178372
2017-11-28 01:40:00,-1.3583290124493737,-1.3357556
2017-11-28 01:50:00,-1.376140443988152,-1.3528043
2017-11-28 02:00:00,-1.3998890189137685,-1.3679669
2017-11-28 02:10:00,-1.4168522865208846,-1.382026
2017-11-28 02:20:00,-1.4329673915746046,-1.3954055
2017-11-28 02:30:00,-1.47707188845572,-1.4077044
2017-11-28 02:40:00,-1.5008204633813362,-1.4184961
2017-11-28 02:50:00,-1.5135429140866732,-1.429182
2017-11-28 03:00:00,-1.5423804698457309,-1.4374776
2017-11-28 03:10:00,-1.5847886402417872,-1.4445869
2017-11-28 03:20:00,-1.5703698630513916,-1.450839
2017-11-28 03:30:00,-1.5703698630513916,-1.4563124
2017-11-28 03:40:00,-1.5695216991197296,-1.460804
2017-11-28 03:50:00,-1.566977208703009,-1.4644084
2017-11-28 04:00:00,-1.5813959872716703,-1.4652545
2017-11-28 04:10:00,-1.5958147644620662,-1.4611685
2017-11-28 04:20:00,-1.6102335430307273,-1.4504994
2017-11-28 04:30:00,-1.5941184379770073,-1.4334465
2017-11-28 04:40:00,-1.561888229247833,-1.4080911
2017-11-28 04:50:00,-1.5457731241941133,-1.3757355
2017-11-28 05:00:00,-1.503364953798057,-1.3158445
2017-11-28 05:10:00,-1.5008204633813362,-1.223917
2017-11-28 05:20:00,-1.476223724524058,-1.1367093
2017-11-28 05:30:00,-1.371899627086373,-1.1421196
2017-11-28 05:40:00,-1.3286432927586542,-1.2523842
2017-11-28 05:50:00,-1.3829257513066515,-1.3689528
2017-11-28 06:00:00,-1.3778367704732106,-1.385747
2017-11-28 06:10:00,-1.340517580910595,-1.4011561
2017-11-28 06:20:00,-1.355784522032653,-1.4117142
2017-11-28 06:30:00,-1.4168522865208846,-1.4159672
2017-11-28 06:40:00,-1.47707188845572,-1.4156176
2017-11-28 06:50:00,-1.5355951625272308,-1.4180418
2017-11-28 07:00:00,-1.4389045349614422,-1.4208212
2017-11-28 07:10:00,-1.40073718284543,-1.4203024
2017-11-28 07:20:00,-1.338821254425537,-1.4148856
2017-11-28 07:30:00,-1.2879314502259214,-1.4062338
2017-11-28 07:40:00,-1.2828424693924807,-1.3944774
2017-11-28 07:50:00,-1.283690633324143,-1.380662
2017-11-28 08:00:00,-1.2039632733654704,-1.3728541
2017-11-28 08:10:00,-1.0886130503292413,-1.3597317
2017-11-28 08:20:00,-1.0504456968349636,-1.3435419
2017-11-28 08:30:00,-0.9953150757335696,-1.3216972
2017-11-28 08:40:00,-0.9401844546321756,-1.2954534
2017-11-28 08:50:00,-0.8468864814147694,-1.2679441
2017-11-28 09:00:00,-0.7900595338283172,-1.241102
2017-11-28 09:10:00,-0.748499525985657,-1.2011929
2017-11-28 09:20:00,-0.7756407552596558,-1.1508355
2017-11-28 09:30:00,-0.6882799254290873,-1.0821326
2017-11-28 09:40:00,-0.583107662681475,-0.98756033
2017-11-28 09:50:00,-0.5101656100413022,-0.88975364
2017-11-28 10:00:00,-0.4881133616007446,-0.79826576
2017-11-28 10:10:00,-0.4524904999014531,-0.68435055
2017-11-28 10:20:00,-0.4228047802107342,-0.5786128
2017-11-28 10:30:00,-0.3176325188413869,-0.48349223
2017-11-28 10:40:00,-0.3201770092581075,-0.40499327
2017-11-28 10:50:00,-0.2786170014154474,-0.34554002
2017-11-28 11:00:00,-0.2370569949510527,-0.31692815
2017-11-28 11:10:00,-0.2133084200254369,-0.27542385
2017-11-28 11:20:00,-0.1776855569478799,-0.22509089
2017-11-28 11:30:00,-0.141214531316926,-0.18197677
2017-11-28 11:40:00,-0.0996545248525314,-0.14665712
2017-11-28 11:50:00,-0.1200104454297653,-0.11831042
2017-11-28 12:00:00,-0.1361255504834853,-0.11555956
2017-11-28 12:10:00,-0.0682724786767537,-0.11547616
2017-11-28 12:20:00,-0.0835394197988114,-0.11430058
2017-11-28 12:30:00,-0.0979581969892077,-0.11152099
2017-11-28 12:40:00,-0.0445239037511374,-0.1063827
2017-11-28 12:50:00,0.0250254959189173,-0.09115453
2017-11-28 13:00:00,0.0487740708445336,-0.09280117
2017-11-28 13:10:00,0.0419887635260347,-0.0935289
2017-11-28 13:20:00,0.0131512077669771,-0.10183373
2017-11-28 13:30:00,-0.0377385964326379,-0.11214705
2017-11-28 13:40:00,-0.1310365696500441,-0.119865894
2017-11-28 13:50:00,-0.2107639296087163,-0.12420687
2017-11-28 14:00:00,-0.2200937273439364,-0.14132208
2017-11-28 14:10:00,-0.2294235250791564,-0.16582204
2017-11-28 14:20:00,-0.2472349566179352,-0.18986975
2017-11-28 14:30:00,-0.251475773519714,-0.21017303
2017-11-28 14:40:00,-0.2480831191713316,-0.22908598
2017-11-28 14:50:00,-0.2362088323976564,-0.25052848
2017-11-28 15:00:00,-0.2141565839570988,-0.27936482
2017-11-28 15:10:00,-0.167507596659263,-0.30569008
2017-11-28 15:20:00,-0.1938006620015994,-0.31974354
2017-11-28 15:30:00,-0.2005859693200994,-0.33380446
2017-11-28 15:40:00,-0.206523112706937,-0.34450552
2017-11-28 15:50:00,-0.1785337208795418,-0.3483042
2017-11-28 16:00:00,-0.2022822958051581,-0.35551137
2017-11-28 16:10:00,-0.2251827081773776,-0.3612904
2017-11-28 16:20:00,-0.2014341318734958,-0.3606777
2017-11-28 16:30:00,-0.2234863803140533,-0.3495757
2017-11-28 16:40:00,-0.0818430933137532,-0.3018302
2017-11-28 16:50:00,-0.0131418575753592,-0.1878199
2017-11-28 17:00:00,0.1005120389758112,-0.08732778
2017-11-28 17:10:00,0.3337569740867238,0.08745669
2017-11-28 17:20:00,0.7137341784096443,0.34445643
2017-11-28 17:30:00,0.972424014931233,0.6180933
2017-11-28 17:40:00,1.0453660675714058,0.82983965
2017-11-28 17:50:00,1.1004966886727998,0.96112084
2017-11-28 18:00:00,1.0546958653066258,0.98972255
2017-11-28 18:10:00,1.011439532357172,1.0133554
2017-11-28 18:20:00,1.0055023875920694,1.0313425
2017-11-28 18:30:00,1.0080468780087894,1.0429662
2017-11-28 18:40:00,1.0122876949105692,1.0433267
2017-11-28 18:50:00,0.9927799368867318,1.0290847
2017-11-28 19:00:00,0.972424014931233,0.99117965
2017-11-28 19:10:00,0.9647905450593366,0.9463014
2017-11-28 19:20:00,0.9622460546426156,0.89892155
2017-11-28 19:30:00,0.8994819622910601,0.85457057
2017-11-28 19:40:00,0.8655554270768274,0.8190776
2017-11-28 19:50:00,0.8825186946839438,0.79458326
2017-11-28 20:00:00,0.862162772728445,0.77495354
2017-11-28 20:10:00,0.8502884859547698,0.7531983
2017-11-28 20:20:00,0.8613146101750486,0.7327004
2017-11-28 20:30:00,0.7671684716477146,0.71279365
2017-11-28 20:40:00,0.7035562167427629,0.6884295
2017-11-28 20:50:00,0.6602998837933091,0.6586073
2017-11-28 21:00:00,0.5805725238346373,0.6249016
2017-11-28 21:10:00,0.5576721114624174,0.55965364
2017-11-28 21:20:00,0.5288345557033598,0.4662963
2017-11-28 21:30:00,0.5254419027332433,0.36400843
2017-11-28 21:40:00,0.4363847450393505,0.26831058
2017-11-28 21:50:00,0.3592018754973989,0.17616689
2017-11-28 22:00:00,0.2709928817351685,0.10167827
2017-11-28 22:10:00,0.1802393975562179,0.0038159825
2017-11-28 22:20:00,0.127653266871544,-0.112391785
2017-11-28 22:30:00,0.0241773319872559,-0.22439271
2017-11-28 22:40:00,-0.066576152191695,-0.34563693
2017-11-28 22:50:00,-0.1870153546831,-0.46501675
2017-11-28 23:00:00,-0.2743761845136686,-0.5803967
2017-11-28 23:10:00,-0.3693704855943984,-0.6939426
2017-11-28 23:20:00,-0.4719982579252901,-0.7913805
2017-11-28 23:30:00,-0.5406994936636835,-0.8793387
2017-11-28 23:40:00,-0.6212750161757526,-0.9547989
2017-11-28 23:50:00,-0.7026987026194831,-1.0131578
2017-11-29 00:00:00,-0.8536717887332693,-1.0579872
2017-11-29 00:10:00,-0.9257656774417796,-1.0972669
2017-11-29 00:20:00,-0.9953150757335696,-1.1295098
2017-11-29 00:30:00,-1.0385714100612884,-1.1596606
2017-11-29 00:40:00,-1.1123616252548576,-1.1875159
2017-11-29 00:50:00,-1.150528978749135,-1.2113023
2017-11-29 01:00:00,-1.205659599850529,-1.2344531
2017-11-29 01:10:00,-1.261638384883585,-1.256944
2017-11-29 01:20:00,-1.321009822886758,-1.2785219
2017-11-29 01:30:00,-1.3574808485177117,-1.299248
2017-11-29 01:40:00,-1.3583290124493737,-1.3192023
2017-11-29 01:50:00,-1.3769886065415489,-1.3380036
2017-11-29 02:00:00,-1.411763307065709,-1.353498
2017-11-29 02:10:00,-1.4278784107411635,-1.3688754
2017-11-29 02:20:00,-1.4584122929852792,-1.3821505
2017-11-29 02:30:00,-1.4601086208486034,-1.3951573
2017-11-29 02:40:00,-1.4397526988931042,-1.4061457
2017-11-29 02:50:00,-1.457564130431883,-1.4161198
2017-11-29 03:00:00,-1.4796163788724406,-1.4238719
2017-11-29 03:10:00,-1.4999723008279393,-1.4313624
2017-11-29 03:20:00,-1.492338829577778,-1.4380859
2017-11-29 03:30:00,-1.521176385336835,-1.4432106
2017-11-29 03:40:00,-1.532202509557114,-1.4455721
2017-11-29 03:50:00,-1.5830923137567283,-1.4481162
2017-11-29 04:00:00,-1.5847886402417872,-1.4488837
2017-11-29 04:10:00,-1.5788514968549496,-1.441514
2017-11-29 04:20:00,-1.561040065316171,-1.4261973
2017-11-29 04:30:00,-1.5551029219293333,-1.3996919
2017-11-29 04:40:00,-1.5695216991197296,-1.3603339
2017-11-29 04:50:00,-1.5508621050275544,-1.30978
2017-11-29 05:00:00,-1.522872711821894,-1.2344297
2017-11-29 05:10:00,-1.5237208757535556,-1.1494093
2017-11-29 05:20:00,-1.4999723008279393,-1.1011463
2017-11-29 05:30:00,-1.405826162300606,-1.154362
2017-11-29 05:40:00,-1.3617216654194906,-1.2745006
2017-11-29 05:50:00,-1.371899627086373,-1.3860552
2017-11-29 06:00:00,-1.366810646252932,-1.3969148
2017-11-29 06:10:00,-1.3074392082497586,-1.404872
2017-11-29 06:20:00,-1.3125281890831997,-1.4106534
2017-11-29 06:30:00,-1.345606561744036,-1.4136215
2017-11-29 06:40:00,-1.3973445284970476,-1.4127543
2017-11-29 06:50:00,-1.47707188845572,-1.411892
2017-11-29 07:00:00,-1.4431453518632216,-1.4101167
2017-11-29 07:10:00,-1.431271065089546,-1.4053094
2017-11-29 07:20:00,-1.4236375938393846,-1.3968437
2017-11-29 07:30:00,-1.3888628946934891,-1.3826168
2017-11-29 07:40:00,-1.3880147307618276,-1.3666534
2017-11-29 07:50:00,-1.3685069727379906,-1.3488287
2017-11-29 08:00:00,-1.236193482094645,-1.3332266
2017-11-29 08:10:00,-1.1395028545288564,-1.315176
2017-11-29 08:20:00,-1.09963917454952,-1.2880418
2017-11-29 08:30:00,-1.040267736546347,-1.2582302
2017-11-29 08:40:00,-0.9647811934894538,-1.2286718
2017-11-29 08:50:00,-0.7476513634322601,-1.1923044
2017-11-29 09:00:00,-0.6942170688159249,-1.1655419
2017-11-29 09:10:00,-0.6297566499793108,-1.128346
2017-11-29 09:20:00,-0.5669925590060205,-1.0897951
2017-11-29 09:30:00,-0.5110137739729647,-1.038686
2017-11-29 09:40:00,-0.4728464204786869,-0.9552066
2017-11-29 09:50:00,-0.4609721337050113,-0.83655113
2017-11-29 10:00:00,-0.398208041353456,-0.7360222
2017-11-29 10:10:00,-0.3371402768652239,-0.62313455
2017-11-29 10:20:00,-0.2633500602933897,-0.5220359
2017-11-29 10:30:00,-0.2650463881567135,-0.42917868
2017-11-29 10:40:00,-0.1666594327276011,-0.34751397
2017-11-29 10:50:00,-0.1267957527482647,-0.28257075
2017-11-29 11:00:00,-0.0623353352899161,-0.2545876
2017-11-29 11:10:00,0.0318108032374173,-0.22327396
2017-11-29 11:20:00,0.0750671361868711,-0.18664166
2017-11-29 11:30:00,0.10475285587759,-0.15405
2017-11-29 11:40:00,0.1395275550234852,-0.11613187
2017-11-29 11:50:00,0.182783887972938,-0.09243636
2017-11-29 12:00:00,0.1488573527587053,-0.093266174
2017-11-29 12:10:00,0.3134010521312249,-0.09885457
2017-11-29 12:20:00,0.3702279997176776,-0.105928466
2017-11-29 12:30:00,0.3795577974528977,-0.11370918
2017-11-29 12:40:00,0.3592018754973989,-0.11862326
2017-11-29 12:50:00,0.3558092225272814,-0.114777476
2017-11-29 13:00:00,0.3473275887237237,-0.12399575
2017-11-29 13:10:00,0.3498720791404438,-0.1310595
2017-11-29 13:20:00,0.3422386078902825,-0.13450707
2017-11-29 13:30:00,0.2981341110091673,-0.13731985
2017-11-29 13:40:00,0.2396108369376558,-0.13667792
2017-11-29 13:50:00,0.1878728688063792,-0.13520539
2017-11-29 14:00:00,0.0945748942107076,-0.15014067
2017-11-29 14:10:00,0.0148475342520359,-0.169763
2017-11-29 14:20:00,0.0360516201391961,-0.18593475
2017-11-29 14:30:00,-0.0038120598401392,-0.19573948
2017-11-29 14:40:00,-0.0165345105454767,-0.19897763
2017-11-29 14:50:00,-0.0029638959084778,-0.20924176
2017-11-29 15:00:00,-0.0580945170098713,-0.22238556
2017-11-29 15:10:00,-0.066576152191695,-0.23356447
2017-11-29 15:20:00,-0.0326496155991967,-0.23953742
2017-11-29 15:30:00,-0.0122936936436979,-0.23950428
2017-11-29 15:40:00,-0.0402830868493585,-0.23013842
2017-11-29 15:50:00,0.0046695739634184,-0.20804703
2017-11-29 16:00:00,0.0843969339220912,-0.19699645
2017-11-29 16:10:00,0.1301977572882651,-0.18648756
2017-11-29 16:20:00,0.1446165358569264,-0.17289689
2017-11-29 16:30:00,0.1446165358569264,-0.14882559
2017-11-29 16:40:00,0.2243438944373331,-0.11214408
2017-11-29 16:50:00,0.2938932941073884,-0.049108047
2017-11-29 17:00:00,0.3524165681788989,-0.023399074
2017-11-29 17:10:00,0.4864263866855693,0.031367756
2017-11-29 17:20:00,0.9181415577615004,0.16183001
2017-11-29 17:30:00,1.1386640421670764,0.41106197
2017-11-29 17:40:00,1.1878575198816328,0.7504197
2017-11-29 17:50:00,1.1878575198816328,1.0244474
2017-11-29 18:00:00,1.1479938399022975,1.1121638
2017-11-29 18:10:00,1.11915628414324,1.1823092
2017-11-29 18:20:00,1.094559545285961,1.2276626
2017-11-29 18:30:00,1.092015054869241,1.2526655
2017-11-29 18:40:00,1.1157636297948574,1.2609687
2017-11-29 18:50:00,1.0733554593988008,1.2530379
2017-11-29 19:00:00,1.0818370945806246,1.2150548
2017-11-29 19:10:00,1.0775962776788448,1.171459
2017-11-29 19:20:00,1.0258583095475682,1.1200368
2017-11-29 19:30:00,0.9800574861813944,1.0645671
2017-11-29 19:40:00,0.9257750276333968,1.0112498
2017-11-29 19:50:00,0.8977856358060015,0.9630359
2017-11-29 20:00:00,0.8494403220231074,0.92677397
2017-11-29 20:10:00,0.9088117600262804,0.891442
2017-11-29 20:20:00,0.8876076755173851,0.84817785
2017-11-29 20:30:00,0.8290844000676085,0.80702525
2017-11-29 20:40:00,0.7917652105049933,0.7645814
2017-11-29 20:50:00,0.7629276547459357,0.7214006
2017-11-29 21:00:00,0.7137341784096443,0.6994867
2017-11-29 21:10:00,0.657755393376589,0.6593779
2017-11-29 21:20:00,0.5593684393257411,0.58599716
2017-11-29 21:30:00,0.4703112816318492,0.5042963
2017-11-29 21:40:00,0.35496105859562,0.42366943
2017-11-29 21:50:00,0.3074639087443873,0.32210654
2017-11-29 22:00:00,0.1929618496398205,0.22022682
2017-11-29 22:10:00,0.143768371925264,0.08199766
2017-11-29 22:20:00,0.0614965215498712,-0.07130225
2017-11-29 22:30:00,-0.0029638959084778,-0.22288853
2017-11-29 22:40:00,-0.1106806490728102,-0.3677704
2017-11-29 22:50:00,-0.1810782112962624,-0.49571165
2017-11-29 23:00:00,-0.3125435380079461,-0.6003116
2017-11-29 23:10:00,-0.407537839088676,-0.69943386
2017-11-29 23:20:00,-0.4915060159491271,-0.79643685
2017-11-29 23:30:00,-0.6000709316668569,-0.88672924
2017-11-29 23:40:00,-0.7281436054084232,-0.9661253
2017-11-29 23:50:00,-0.8231379064891535,-1.0312898
2017-11-30 00:00:00,-0.8850538335307815,-1.0855157
2017-11-30 00:10:00,-0.949514252367396,-1.1290293
2017-11-30 00:20:00,-0.9876816058616732,-1.1653912
2017-11-30 00:30:00,-1.0623199849869047,-1.1968492
2017-11-30 00:40:00,-1.1293248942402394,-1.2227874
2017-11-30 00:50:00,-1.1844555153416334,-1.2433918
2017-11-30 01:00:00,-1.214141233654087,-1.2615132
2017-11-30 01:10:00,-1.2565494040501437,-1.2795732
2017-11-30 01:20:00,-1.2870832862942596,-1.2981592
2017-11-30 01:30:00,-1.310831861219876,-1.317694
2017-11-30 01:40:00,-1.3498473786458154,-1.337708
2017-11-30 01:50:00,-1.350695541199212,-1.3566759
2017-11-30 02:00:00,-1.393951875526931,-1.3748515
2017-11-30 02:10:00,-1.4253339203244428,-1.391602
2017-11-30 02:20:00,-1.455867803946824,-1.4066656
2017-11-30 02:30:00,-1.473679235485603,-1.4200519
2017-11-30 02:40:00,-1.4745273980389992,-1.4320992
2017-11-30 02:50:00,-1.4685902546521616,-1.4430616
2017-11-30 03:00:00,-1.5194800588517765,-1.4511132
2017-11-30 03:10:00,-1.5186318949201143,-1.4584441
2017-11-30 03:20:00,-1.5364433264588933,-1.4637353
2017-11-30 03:30:00,-1.5551029219293333,-1.467319
2017-11-30 03:40:00,-1.5830923137567283,-1.4699132
2017-11-30 03:50:00,-1.558495574899451,-1.4730171
2017-11-30 04:00:00,-1.548317614610834,-1.4740019
2017-11-30 04:10:00,-1.5542547579976715,-1.470911
2017-11-30 04:20:00,-1.5822441498250666,-1.461869
2017-11-30 04:30:00,-1.5355951625272308,-1.4466814
2017-11-30 04:40:00,-1.5050612802831151,-1.4262462
2017-11-30 04:50:00,-1.4643494377503825,-1.3985791
2017-11-30 05:00:00,-1.4516269870450451,-1.3503379
2017-11-30 05:10:00,-1.4422971893098246,-1.2804883
2017-11-30 05:20:00,-1.476223724524058,-1.2190285
2017-11-30 05:30:00,-1.3880147307618276,-1.2252882
2017-11-30 05:40:00,-1.284538795877539,-1.3062572
2017-11-30 05:50:00,-1.3159208420533173,-1.3912191
2017-11-30 06:00:00,-1.355784522032653,-1.4016968
2017-11-30 06:10:00,-1.3277951302052575,-1.4068656
2017-11-30 06:20:00,-1.3227061493718166,-1.4117386
2017-11-30 06:30:00,-1.3829257513066515,-1.4155768
2017-11-30 06:40:00,-1.449930659181721,-1.4142339
2017-11-30 06:50:00,-1.583940477688391,-1.4119093
2017-11-30 07:00:00,-1.5135429140866732,-1.4140983
2017-11-30 07:10:00,-1.4601086208486034,-1.413037
2017-11-30 07:20:00,-1.4160041239674883,-1.409534
2017-11-30 07:30:00,-1.3964963659436511,-1.4026133
2017-11-30 07:40:00,-1.371899627086373,-1.3902643
2017-11-30 07:50:00,-1.336276764008816,-1.3799284
2017-11-30 08:00:00,-1.242130626859748,-1.3722743
2017-11-30 08:10:00,-1.1284767303085774,-1.358823
2017-11-30 08:20:00,-1.080131416525683,-1.3410571
2017-11-30 08:30:00,-1.01397467120401,-1.3148289
2017-11-30 08:40:00,-0.9486660898139992,-1.2832868
2017-11-30 08:50:00,-0.8850538335307815,-1.2570391
2017-11-30 09:00:00,-0.7917558603133754,-1.2318907
2017-11-30 09:10:00,-0.7629183045543183,-1.2032709
2017-11-30 09:20:00,-0.6687721674052504,-1.1679126
2017-11-30 09:30:00,-0.5924374604166951,-1.1047204
2017-11-30 09:40:00,-0.5500292900206386,-1.012439
2017-11-30 09:50:00,-0.5220398981932434,-0.9143092
2017-11-30 10:00:00,-0.4804798917288483,-0.8400794
2017-11-30 10:10:00,-0.3803966098146772,-0.7594184
2017-11-30 10:20:00,-0.3337476225168414,-0.65577227
2017-11-30 10:30:00,-0.3345957864485038,-0.5657815
2017-11-30 10:40:00,-0.3388366033502826,-0.49894646
2017-11-30 10:50:00,-0.2904912895673885,-0.45563558
2017-11-30 11:00:00,-0.2438423022695527,-0.43076393
2017-11-30 11:10:00,-0.1904080076532169,-0.39979583
2017-11-30 11:20:00,-0.1887116811681587,-0.34272966
2017-11-30 11:30:00,-0.1853190281980412,-0.2820026
2017-11-30 11:40:00,-0.1776855569478799,-0.24304077
2017-11-30 11:50:00,-0.2048267862218782,-0.22454888
2017-11-30 12:00:00,-0.1590259628557048,-0.21928275
2017-11-30 12:10:00,-0.0962618705041489,-0.21849671
2017-11-30 12:20:00,-0.0301051251824761,-0.21960196
2017-11-30 12:30:00,-0.0419794133344168,-0.21552315
2017-11-30 12:40:00,-0.0411312494027549,-0.2088019
2017-11-30 12:50:00,0.0063659004484772,-0.18585499
2017-11-30 13:00:00,-0.0055083863251979,-0.17927818
2017-11-30 13:10:00,-0.008052876741919,-0.17692289
2017-11-30 13:20:00,-0.0394349229176962,-0.1768177
2017-11-30 13:30:00,-0.0555500279714162,-0.17477483
2017-11-30 13:40:00,-0.1183141189447065,-0.17282507
2017-11-30 13:50:00,-0.1454553482187054,-0.17044386
2017-11-30 14:00:00,-0.1904080076532169,-0.18134886
2017-11-30 14:10:00,-0.17090024962938,-0.19865113
2017-11-30 14:20:00,-0.1564814724389842,-0.21455133
2017-11-30 14:30:00,-0.1598741254091011,-0.22928616
2017-11-30 14:40:00,-0.1496961651204842,-0.24491718
2017-11-30 14:50:00,-0.1598741254091011,-0.2594684
2017-11-30 15:00:00,-0.1742929039777624,-0.28421113
2017-11-30 15:10:00,-0.1649631062425424,-0.30708942
2017-11-30 15:20:00,-0.2056749501535406,-0.33200696
2017-11-30 15:30:00,-0.1912561715848793,-0.35415134
2017-11-30 15:40:00,-0.2124602560937745,-0.36642674
2017-11-30 15:50:00,-0.2489312831029934,-0.36587632
2017-11-30 16:00:00,-0.2837059822488886,-0.37326267
2017-11-30 16:10:00,-0.2565647529748898,-0.37447146
2017-11-30 16:20:00,-0.2633500602933897,-0.3476903
2017-11-30 16:30:00,-0.2540202639364347,-0.2678418
2017-11-30 16:40:00,-0.1632667797574836,-0.1058279
2017-11-30 16:50:00,-0.0784504389653707,0.16445166
2017-11-30 17:00:00,0.0504703973295924,0.325421
2017-11-30 17:10:00,0.3040712543960049,0.51052094
2017-11-30 17:20:00,0.7332419364334818,0.6846529
2017-11-30 17:30:00,0.9223823746632802,0.82537216
2017-11-30 17:40:00,0.9647905450593366,0.9255954
2017-11-30 17:50:00,1.0080468780087894,0.9963104
2017-11-30 18:00:00,1.0055023875920694,1.0071943
2017-11-30 18:10:00,0.9944762633717906,1.0109118
2017-11-30 18:20:00,0.9647905450593366,1.0056485
2017-11-30 18:30:00,0.9113562504430014,0.9959892
2017-11-30 18:40:00,0.9308640084668378,0.9799757
2017-11-30 18:50:00,0.926623191565059,0.95458686
2017-11-30 19:00:00,0.9283195180501178,0.9202648
2017-11-30 19:10:00,0.938497479717,0.88065124
2017-11-30 19:20:00,0.9088117600262804,0.8369681
2017-11-30 19:30:00,0.8587701197583275,0.79161984
2017-11-30 19:40:00,0.8239954206124324,0.7551281
2017-11-30 19:50:00,0.8290844000676085,0.7274863
2017-11-30 20:00:00,0.7977023538918309,0.7137626
2017-11-30 20:10:00,0.8451995051213286,0.69404477
2017-11-30 20:20:00,0.8248435831658297,0.66790426
2017-11-30 20:30:00,0.8146656228772122,0.6387232
2017-11-30 20:40:00,0.7646239812309945,0.6057601
2017-11-30 20:50:00,0.7120378505463205,0.5676691
2017-11-30 21:00:00,0.6679333536652053,0.5305919
2017-11-30 21:10:00,0.5941431384716362,0.46172982
2017-11-30 21:20:00,0.5237455762481845,0.36740336
2017-11-30 21:30:00,0.4796410793670693,0.2621522
2017-11-30 21:40:00,0.4083953532119553,0.16114263
2017-11-30 21:50:00,0.3922802481582353,0.06921214
2017-11-30 22:00:00,0.3023749279109461,-0.0055590104
2017-11-30 22:10:00,0.2735373721518895,-0.10250117
2017-11-30 22:20:00,0.2141659341487157,-0.21643923
2017-11-30 22:30:00,0.1166271426512652,-0.3336787
2017-11-30 22:40:00,0.0793079530886499,-0.43905082
2017-11-30 22:50:00,-0.0004194068700227,-0.5363801
2017-11-30 23:00:00,-0.1225549358464859,-0.64829606
2017-11-30 23:10:00,-0.2217900538289951,-0.7790267
2017-11-30 23:20:00,-0.3244178261598868,-0.88964707
2017-11-30 23:30:00,-0.4228047802107342,-0.98148483
2017-11-30 23:40:00,-0.5110137739729647,-1.0544586
2017-11-30 23:50:00,-0.6026154220835775,-1.1080595
2017-12-01 00:00:00,-0.7272115919368625,-1.1480854
2017-12-01 00:10:00,-0.8194453319141206,-1.180786
2017-12-01 00:20:00,-0.8974247645046486,-1.2080114
2017-12-01 00:30:00,-0.9745657099657836,-1.2316227
2017-12-01 00:40:00,-1.058414563488189,-1.2523186
2017-12-01 00:50:00,-1.1137548063719311,-1.2706091
2017-12-01 01:00:00,-1.1766414472028677,-1.2860793
2017-12-01 01:10:00,-1.2034730794479471,-1.3024435
2017-12-01 01:20:00,-1.2839679789397174,-1.3198516
2017-12-01 01:30:00,-1.335115779285166,-1.3372093
2017-12-01 01:40:00,-1.3837481141076382,-1.3541961
2017-12-01 01:50:00,-1.432380448930111,-1.3686097
2017-12-01 02:00:00,-1.4541811515075034,-1.3817228
2017-12-01 02:10:00,-1.4592120825534558,-1.3924664
2017-12-01 02:20:00,-1.4759818527066308,-1.402812
2017-12-01 02:30:00,-1.506167440360611,-1.4126408
2017-12-01 02:40:00,-1.5262911659226863,-1.420424
2017-12-01 02:50:00,-1.5254526774150274,-1.4277513
2017-12-01 03:00:00,-1.5464148901064956,-1.4333098
2017-12-01 03:10:00,-1.5455764015988374,-1.4377348
2017-12-01 03:20:00,-1.5539612866754244,-1.4411645
2017-12-01 03:30:00,-1.561507683244353,-1.4437119
2017-12-01 03:40:00,-1.573246523729841,-1.4455798
2017-12-01 03:50:00,-1.56737710417623,-1.4487677
2017-12-01 04:00:00,-1.5690540811915474,-1.4487615
2017-12-01 04:10:00,-1.579115943283452,-1.4383559
2017-12-01 04:20:00,-1.5690540811915474,-1.4129611
2017-12-01 04:30:00,-1.5849853628370631,-1.3694849
2017-12-01 04:40:00,-1.590016293883016,-1.3170755
2017-12-01 04:50:00,-1.585823851344722,-1.2506487
2017-12-01 05:00:00,-1.5942087364213096,-1.1605477
2017-12-01 05:10:00,-1.6076245525438495,-1.0661545
2017-12-01 05:20:00,-1.592531759405992,-1.0143492
2017-12-01 05:30:00,-1.562346171752012,-1.0572917
2017-12-01 05:40:00,-1.4852052276691423,-1.186894
2017-12-01 05:50:00,-1.533837562491615,-1.3185327
2017-12-01 06:00:00,-1.536353028014591,-1.354936
2017-12-01 06:10:00,-1.4885591816997774,-1.3774116
2017-12-01 06:20:00,-1.535514539506932,-1.3906025
2017-12-01 06:30:00,-1.6067860640361906,-1.3988128
2017-12-01 06:40:00,-1.7535215583895325,-1.4013124
2017-12-01 06:50:00,-1.9203807769266832,-1.4013718
2017-12-01 07:00:00,-1.9958447439942355,-1.400497
2017-12-01 07:10:00,-2.0352537052324617,-1.3945787
2017-12-01 07:20:00,-2.0243533546328982,-1.3839061
2017-12-01 07:30:00,-1.984105904887013,-1.3648579
2017-12-01 07:40:00,-1.941342989618152,-1.3418012
2017-12-01 07:50:00,-1.9321196160339056,-1.314807
2017-12-01 08:00:00,-1.8767793731501632,-1.290692
2017-12-01 08:10:00,-1.806346335750298,-1.2558708
2017-12-01 08:20:00,-1.772806794065683,-1.2180126
2017-12-01 08:30:00,-1.696504337112207,-1.1710817
2017-12-01 08:40:00,-1.6587723542675636,-1.1188654
2017-12-01 08:50:00,-1.6093015295591666,-1.0546749
2017-12-01 09:00:00,-1.5346760509992734,-1.0044469
2017-12-01 09:10:00,-1.44328080090794,-0.948219
2017-12-01 09:20:00,-1.382071137092321,-0.8904261
2017-12-01 09:30:00,-1.2739061168478123,-0.824362
2017-12-01 09:40:00,-1.1514867905948398,-0.74177784
2017-12-01 09:50:00,-1.0617685175188236,-0.66976637
2017-12-01 10:00:00,-0.9946894355278592,-0.6324305
2017-12-01 10:10:00,-0.98378908355003,-0.5896571
2017-12-01 10:20:00,-0.9460570993271212,-0.55224985
2017-12-01 10:30:00,-0.8907168564433792,-0.514494
2017-12-01 10:40:00,-0.8378920790826129,-0.48735884
2017-12-01 10:50:00,-0.8093834684439499,-0.47530973
2017-12-01 11:00:00,-0.7607511336214777,-0.51018673
2017-12-01 11:10:00,-0.709603333276029,-0.5376465
2017-12-01 11:20:00,-0.6810947226373666,-0.557694
2017-12-01 11:30:00,-0.6634864639765331,-0.5608477
2017-12-01 11:40:00,-0.5762836564234928,-0.5596195
2017-12-01 11:50:00,-0.5813145874694456,-0.57241184
2017-12-01 12:00:00,-0.6064692440774734,-0.6220705
2017-12-01 12:10:00,-0.6492321593463345,-0.6881375
2017-12-01 12:20:00,-0.6685173950224855,-0.7456983
2017-12-01 12:30:00,-0.7146342643219813,-0.8000205
2017-12-01 12:40:00,-0.7112803102913466,-0.8287662
2017-12-01 12:50:00,-0.6710328605454614,-0.8108184
2017-12-01 13:00:00,-0.6207235487076715,-0.79159766
2017-12-01 13:10:00,-0.586345518515398,-0.7688286
2017-12-01 13:20:00,-0.5519674897013894,-0.74606997
2017-12-01 13:30:00,-0.5804760989617869,-0.7280254
2017-12-01 13:40:00,-0.586345518515398,-0.7088809
2017-12-01 13:50:00,-0.6115001751234257,-0.6823262
2017-12-01 14:00:00,-0.6643249524841914,-0.6807274
2017-12-01 14:10:00,-0.6970260056611479,-0.6848051
2017-12-01 14:20:00,-0.7154727528296402,-0.6839902
2017-12-01 14:30:00,-0.763266599144454,-0.6876574
2017-12-01 14:40:00,-0.7741669511222831,-0.6855083
2017-12-01 14:50:00,-0.8018370718750217,-0.6815244
2017-12-01 15:00:00,-0.8496309181898352,-0.6910214
2017-12-01 15:10:00,-0.8311841710213429,-0.70250505
2017-12-01 15:20:00,-0.8462769641592004,-0.70959145
2017-12-01 15:30:00,-0.8429230101285652,-0.7158033
2017-12-01 15:40:00,-0.8789780173361563,-0.72095436
2017-12-01 15:50:00,-0.8982632530123074,-0.7209432
2017-12-01 16:00:00,-0.9049711624518428,-0.72774875
2017-12-01 16:10:00,-0.910840582005454,-0.72540885
2017-12-01 16:20:00,-0.893232321966355,-0.7143666
2017-12-01 16:30:00,-0.8412460331132475,-0.69538707
2017-12-01 16:40:00,-0.7590741566061601,-0.66516966
2017-12-01 16:50:00,-0.7272115919368625,-0.6140085
2017-12-01 17:00:00,-0.5720912138851992,-0.5841842
2017-12-01 17:10:00,-0.359115126048552,-0.5386625
2017-12-01 17:20:00,0.0341359964477866,-0.46025196
2017-12-01 17:30:00,0.2638818544376085,-0.32689616
2017-12-01 17:40:00,0.318383608813692,-0.12915066
2017-12-01 17:50:00,0.3276069823979388,0.13321441
2017-12-01 18:00:00,0.35695408154426,0.20484301
2017-12-01 18:10:00,0.3695314091591411,0.30665776
2017-12-01 18:20:00,0.3426997769140613,0.4251667
2017-12-01 18:30:00,0.3594695470672365,0.54482806
2017-12-01 18:40:00,0.378754784121652,0.64867175
2017-12-01 18:50:00,0.3502461734829896,0.72683775
2017-12-01 19:00:00,0.3351533803451321,0.73432094
2017-12-01 19:10:00,0.3502461734829896,0.73363966
2017-12-01 19:20:00,0.3510846619906484,0.7261915
2017-12-01 19:30:00,0.3468922194523554,0.72226864
2017-12-01 19:40:00,0.304967792691152,0.72450584
2017-12-01 19:50:00,0.3083217467217873,0.73438495
2017-12-01 20:00:00,0.2848440671290767,0.72028613
2017-12-01 20:10:00,0.3536001275136248,0.7062808
2017-12-01 20:20:00,0.378754784121652,0.6936419
2017-12-01 20:30:00,0.3720468746821165,0.6843534
2017-12-01 20:40:00,0.3426997769140613,0.68030244
2017-12-01 20:50:00,0.3167066317983743,0.6815566
2017-12-01 21:00:00,0.2856825556367355,0.662788
2017-12-01 21:10:00,0.2663973199605849,0.6270153
2017-12-01 21:20:00,0.2638818544376085,0.56561834
2017-12-01 21:30:00,0.188417885991791,0.4811326
2017-12-01 21:40:00,0.1171463614625324,0.39385366
2017-12-01 21:50:00,0.0877992623162112,0.30817425
2017-12-01 22:00:00,0.0534212321239371,0.21217318
2017-12-01 22:10:00,0.0073043628244408,0.109533995
2017-12-01 22:20:00,-0.053905299612912,-0.017987374
2017-12-01 22:30:00,-0.0958297263741148,-0.22114068
2017-12-01 22:40:00,-0.1494929922425394,-0.51237357
2017-12-01 22:50:00,-0.266042898941901,-0.72663563
2017-12-01 23:00:00,-0.3197061648103256,-0.80253834
2017-12-01 23:10:00,-0.359115126048552,-0.8955118
2017-12-01 23:20:00,-0.4261942094177819,-1.0150644
2017-12-01 23:30:00,-0.5460980687695128,-1.1218004
2017-12-01 23:40:00,-0.6668404180071679,-1.2060931
2017-12-01 23:50:00,-0.7397889209300095,-1.2638417
2017-12-02 00:00:00,-0.8370535905749541,-1.2933114
2017-12-02 00:10:00,-0.9250948866356526,-1.3164302
2017-12-02 00:20:00,-1.0198440907576214,-1.3336344
2017-12-02 00:30:00,-1.1036929442800263,-1.3469454
2017-12-02 00:40:00,-1.1732874931722328,-1.3589482
2017-12-02 00:50:00,-1.2361741326249038,-1.3689975
2017-12-02 01:00:00,-1.2671982087865423,-1.3727169
2017-12-02 01:10:00,-1.31247658957838,-1.3764368
2017-12-02 01:20:00,-1.36278590141617,-1.3807886
2017-12-02 01:30:00,-1.3921330005624912,-1.3868291
2017-12-02 01:40:00,-1.4290264948994758,-1.393283
2017-12-02 01:50:00,-1.4784973196078723,-1.3999342
2017-12-02 02:00:00,-1.518744767975492,-1.4040065
2017-12-02 02:10:00,-1.5413839590605434,-1.408592
2017-12-02 02:20:00,-1.5531227981677656,-1.414122
2017-12-02 02:30:00,-1.593370247913651,-1.4187503
2017-12-02 02:40:00,-1.5757619892528174,-1.4236135
2017-12-02 02:50:00,-1.6034321100055555,-1.4293158
2017-12-02 03:00:00,-1.602593621497897,-1.432426
2017-12-02 03:10:00,-1.598401178959603,-1.433997
2017-12-02 03:20:00,-1.613493973475726,-1.4340725
2017-12-02 03:30:00,-1.6260713010906072,-1.4309676
2017-12-02 03:40:00,-1.627748278105925,-1.4270376
2017-12-02 03:50:00,-1.6352946746748531,-1.4228991
2017-12-02 04:00:00,-1.6503874678127106,-1.4127806
2017-12-02 04:10:00,-1.6738651474054207,-1.3901173
2017-12-02 04:20:00,-1.6864424750203018,-1.345726
2017-12-02 04:30:00,-1.6730266588977618,-1.2740711
2017-12-02 04:40:00,-1.6688342163594685,-1.1689906
2017-12-02 04:50:00,-1.657095377252246,-1.0411735
2017-12-02 05:00:00,-1.6512259563203695,-0.8895487
2017-12-02 05:10:00,-1.634456186167195,-0.7660982
2017-12-02 05:20:00,-1.636133163182512,-0.7611647
2017-12-02 05:30:00,-1.605109087020873,-0.93488413
2017-12-02 05:40:00,-1.5220987233843923,-1.1966099
2017-12-02 05:50:00,-1.542222447568202,-1.393656
2017-12-02 06:00:00,-1.636133163182512,-1.4111668
2017-12-02 06:10:00,-1.5740850122374996,-1.4236121
2017-12-02 06:20:00,-1.590016293883016,-1.4318179
2017-12-02 06:30:00,-1.6847654980049849,-1.4331563
2017-12-02 06:40:00,-1.7535215583895325,-1.4305859
2017-12-02 06:50:00,-1.9153498445024653,-1.4239948
2017-12-02 07:00:00,-1.9581127597713264,-1.4192024
2017-12-02 07:10:00,-2.0293842856788507,-1.4137299
2017-12-02 07:20:00,-2.033576728217144,-1.4028358
2017-12-02 07:30:00,-1.9824289278716956,-1.3905706
2017-12-02 07:40:00,-1.96649764622618,-1.3740422
2017-12-02 07:50:00,-1.8960646088263144,-1.3555547
2017-12-02 08:00:00,-1.8164081978422035,-1.3419034
2017-12-02 08:10:00,-1.7778377251116355,-1.3223643
2017-12-02 08:20:00,-1.7325593443197982,-1.2970041
2017-12-02 08:30:00,-1.6327792091518771,-1.2670524
2017-12-02 08:40:00,-1.5606691947366944,-1.2374145
2017-12-02 08:50:00,-1.5179062794678333,-1.1993015
2017-12-02 09:00:00,-1.4374113813543288,-1.1721222
2017-12-02 09:10:00,-1.329246359731555,-1.148741
2017-12-02 09:20:00,-1.2177273854564117,-1.1113741
2017-12-02 09:30:00,-1.1431019055182527,-1.0658836
2017-12-02 09:40:00,-1.10788538681832,-1.0093482
2017-12-02 09:50:00,-0.9829505950423714,-0.9420697
2017-12-02 10:00:00,-0.8655622012136169,-0.8916759
2017-12-02 10:10:00,-0.8412460331132475,-0.82608503
2017-12-02 10:20:00,-0.7758439281376007,-0.7520322
2017-12-02 10:30:00,-0.7372734554070332,-0.68546957
2017-12-02 10:40:00,-0.6970260056611479,-0.63632315
2017-12-02 10:50:00,-0.5955688934779093,-0.6058731
2017-12-02 11:00:00,-0.5536444667167071,-0.6078835
2017-12-02 11:10:00,-0.5201049250320918,-0.5995868
2017-12-02 11:20:00,-0.5066891075312864,-0.5795985
2017-12-02 11:30:00,-0.4178093229629294,-0.5430172
2017-12-02 11:40:00,-0.4236787438948061,-0.53059703
2017-12-02 11:50:00,-0.3993625757944372,-0.55258447
2017-12-02 12:00:00,-0.3926546677331672,-0.5790891
2017-12-02 12:10:00,-0.3792388516106273,-0.6222517
2017-12-02 12:20:00,-0.3825928056412621,-0.65343696
2017-12-02 12:30:00,-0.4144553689322942,-0.6720241
2017-12-02 12:40:00,-0.4396100255403218,-0.69005173
2017-12-02 12:50:00,-0.4253557209101232,-0.6567785
2017-12-02 13:00:00,-0.408585949378683,-0.6363322
2017-12-02 13:10:00,-0.4035550183327307,-0.6007182
2017-12-02 13:20:00,-0.4102629263940007,-0.5550194
2017-12-02 13:30:00,-0.3742079191864095,-0.5210038
2017-12-02 13:40:00,-0.430386651956076,-0.48094097
2017-12-02 13:50:00,-0.5217819020474094,-0.4558349
2017-12-02 14:00:00,-0.4723110787172783,-0.45908305
2017-12-02 14:10:00,-0.4647646821483496,-0.45925662
2017-12-02 14:20:00,-0.4714725902096195,-0.4581038
2017-12-02 14:30:00,-0.5201049250320918,-0.46679637
2017-12-02 14:40:00,-0.5561599322396834,-0.475345
2017-12-02 14:50:00,-0.5729297023928581,-0.47670746
2017-12-02 15:00:00,-0.6198850602000132,-0.48956886
2017-12-02 15:10:00,-0.5989228475085445,-0.50508076
2017-12-02 15:20:00,-0.603953778554497,-0.52214926
2017-12-02 15:30:00,-0.6307854107995767,-0.5328811
2017-12-02 15:40:00,-0.6349778533378703,-0.5310423
2017-12-02 15:50:00,-0.6240775027383068,-0.5274225
2017-12-02 16:00:00,-0.7020569367071008,-0.53619534
2017-12-02 16:10:00,-0.6886411205845608,-0.5369789
2017-12-02 16:20:00,-0.657617044422922,-0.5287842
2017-12-02 16:30:00,-0.6190465716923544,-0.5048806
2017-12-02 16:40:00,-0.545259580261854,-0.45610407
2017-12-02 16:50:00,-0.5410671377235604,-0.37393132
2017-12-02 17:00:00,-0.4681186361789848,-0.30552498
2017-12-02 17:10:00,-0.1788400913888611,-0.1971181
2017-12-02 17:20:00,0.2521430153303862,-0.034598928
2017-12-02 17:30:00,0.491112246904455,0.18190461
2017-12-02 17:40:00,0.512912949481847,0.4155543
2017-12-02 17:50:00,0.5363906276962916,0.606558
2017-12-02 18:00:00,0.5850229625187644,0.624978
2017-12-02 18:10:00,0.5707686578885657,0.64608556
2017-12-02 18:20:00,0.564899238334955,0.6714975
2017-12-02 18:30:00,0.5632222613196374,0.7020458
2017-12-02 18:40:00,0.5422600472499033,0.7360258
2017-12-02 18:50:00,0.5313596966503398,0.76527184
2017-12-02 19:00:00,0.5590298187813434,0.7581956
2017-12-02 19:10:00,0.5514834208341491,0.7505447
2017-12-02 19:20:00,0.5799920314728125,0.747503
2017-12-02 19:30:00,0.5757995889345184,0.7469067
2017-12-02 19:40:00,0.5942463361030103,0.7534031
2017-12-02 19:50:00,0.5749611004268597,0.7688076
2017-12-02 20:00:00,0.547290978295856,0.7658929
2017-12-02 20:10:00,0.5330366736656573,0.7592985
2017-12-02 20:20:00,0.5028510860116774,0.75090814
2017-12-02 20:30:00,0.4927892239197716,0.7448792
2017-12-02 20:40:00,0.4391259580513471,0.738781
2017-12-02 20:50:00,0.4282256074517835,0.732996
2017-12-02 21:00:00,0.3519231504983072,0.7162082
2017-12-02 21:10:00,0.3276069823979388,0.67578053
2017-12-02 21:20:00,0.3116757007524225,0.6004055
2017-12-02 21:30:00,0.2588509233916557,0.4954932
2017-12-02 21:40:00,0.2437581302537992,0.3747529
2017-12-02 21:50:00,0.2160880081227946,0.24946173
2017-12-02 22:00:00,0.1942873055454026,0.11960243
2017-12-02 22:10:00,0.1599092767313935,-0.037589546
2017-12-02 22:20:00,0.1070844979923627,-0.24726474
2017-12-02 22:30:00,0.0223971559622983,-0.48257056
2017-12-02 22:40:00,-0.0161733153900037,-0.6521843
2017-12-02 22:50:00,-0.1142764749208725,-0.7314107
2017-12-02 23:00:00,-0.2148950985964523,-0.78149945
2017-12-02 23:10:00,-0.2786202265567821,-0.8893907
2017-12-02 23:20:00,-0.3557611720179167,-1.0058659
2017-12-02 23:30:00,-0.4505103761398853,-1.0954076
2017-12-02 23:40:00,-0.5511290011937306,-1.15999
2017-12-02 23:50:00,-0.6911565861075367,-1.2029444
2017-12-03 00:00:00,-0.7389504324223507,-1.2265172
2017-12-03 00:10:00,-0.806868002920974,-1.2471468
2017-12-03 00:20:00,-0.8680776667365929,-1.2653252
2017-12-03 00:30:00,-0.9536034972743156,-1.282347
2017-12-03 00:40:00,-1.05086816691926,-1.2985212
2017-12-03 00:50:00,-1.0953080592034388,-1.3123851
2017-12-03 01:00:00,-1.1825108667564788,-1.3229156
2017-12-03 01:10:00,-1.2093424990015584,-1.3334057
2017-12-03 01:20:00,-1.2671982087865423,-1.3439963
2017-12-03 01:30:00,-1.3258924057009196,-1.355239
2017-12-03 01:40:00,-1.3762017175387096,-1.3657486
2017-12-03 01:50:00,-1.4097412592233247,-1.3752866
2017-12-03 02:00:00,-1.4080642822080072,-1.3815358
2017-12-03 02:10:00,-1.4390883583696463,-1.3863099
2017-12-03 02:20:00,-1.4701124331530198,-1.3908939
2017-12-03 02:30:00,-1.4919131357304125,-1.3959758
2017-12-03 02:40:00,-1.5204217449908095,-1.401252
2017-12-03 02:50:00,-1.5598307062290355,-1.4057566
2017-12-03 03:00:00,-1.6093015295591666,-1.4083576
2017-12-03 03:10:00,-1.6118169964604083,-1.4099462
2017-12-03 03:20:00,-1.621040370044655,-1.4101857
2017-12-03 03:30:00,-1.636133163182512,-1.4092898
2017-12-03 03:40:00,-1.6453565367667582,-1.4062666
2017-12-03 03:50:00,-1.670511193374786,-1.4018395
2017-12-03 04:00:00,-1.6747036359130796,-1.3918042
2017-12-03 04:10:00,-1.6856039865126429,-1.3714414
2017-12-03 04:20:00,-1.680573055466691,-1.3323262
2017-12-03 04:30:00,-1.678057589943715,-1.2698846
2017-12-03 04:40:00,-1.6939888715892306,-1.190208
2017-12-03 04:50:00,-1.678057589943715,-1.1084529
2017-12-03 05:00:00,-1.6629647968058572,-1.0134873
2017-12-03 05:10:00,-1.6579338657599048,-0.9259302
2017-12-03 05:20:00,-1.647033513782076,-0.9161175
2017-12-03 05:30:00,-1.605947575528532,-1.0250399
2017-12-03 05:40:00,-1.5053289518529522,-1.2257516
2017-12-03 05:50:00,-1.5380300050299085,-1.3841231
2017-12-03 06:00:00,-1.584146874329405,-1.40169
2017-12-03 06:10:00,-1.595885713436627,-1.4139111
2017-12-03 06:20:00,-1.6252328125829485,-1.4213557
2017-12-03 06:30:00,-1.6839270094973258,-1.4248672
2017-12-03 06:40:00,-1.836531923404278,-1.4244416
2017-12-03 06:50:00,-1.9924907899636009,-1.424298
2017-12-03 07:00:00,-2.0360921937401204,-1.4231987
2017-12-03 07:10:00,-2.113233139201256,-1.4174571
2017-12-03 07:20:00,-2.101494300094033,-1.4074667
2017-12-03 07:30:00,-2.0721472009477115,-1.3950937
2017-12-03 07:40:00,-2.0738241779630293,-1.3825161
2017-12-03 07:50:00,-2.0478310328473426,-1.3690782
2017-12-03 08:00:00,-1.9933292784712595,-1.362359
2017-12-03 08:10:00,-1.9396660126028344,-1.3544478
2017-12-03 08:20:00,-1.9052879824105609,-1.3467929
2017-12-03 08:30:00,-1.826470059934108,-1.337601
2017-12-03 08:40:00,-1.7778377251116355,-1.3266821
2017-12-03 08:50:00,-1.7174665511819407,-1.3155134
2017-12-03 09:00:00,-1.6621263082981983,-1.3018079
2017-12-03 09:10:00,-1.573246523729841,-1.280444
2017-12-03 09:20:00,-1.5019749978223174,-1.2503536
2017-12-03 09:30:00,-1.4332189388160348,-1.2144156
2017-12-03 09:40:00,-1.345177642755336,-1.1699809
2017-12-03 09:50:00,-1.2646827432635663,-1.1025913
2017-12-03 10:00:00,-1.2219198279947052,-1.0491608
2017-12-03 10:10:00,-1.135555508949324,-0.9853985
2017-12-03 10:20:00,-1.0768613106566811,-0.9165469
2017-12-03 10:30:00,-0.9904969916113,-0.8475237
2017-12-03 10:40:00,-0.9695347789198314,-0.7913377
2017-12-03 10:50:00,-0.9074866279748192,-0.75215924
2017-12-03 11:00:00,-0.8915553449510375,-0.7488478
2017-12-03 11:10:00,-0.8345381250519777,-0.7481838
2017-12-03 11:20:00,-0.813575910982244,-0.7447534
2017-12-03 11:30:00,-0.7842288132141878,-0.7370587
2017-12-03 11:40:00,-0.7272115919368625,-0.74758595
2017-12-03 11:50:00,-0.7104418217836878,-0.7916018
2017-12-03 12:00:00,-0.7003799596917831,-0.86026675
2017-12-03 12:10:00,-0.7070878677530531,-0.9225438
2017-12-03 12:20:00,-0.6752253030837554,-0.9733329
2017-12-03 12:30:00,-0.6710328605454614,-1.0220857
2017-12-03 12:40:00,-0.6467166938233581,-1.042424
2017-12-03 12:50:00,-0.6391702972544298,-1.024933
2017-12-03 13:00:00,-0.6701943720378031,-1.0149865
2017-12-03 13:10:00,-0.6987029826764655,-0.98554784
2017-12-03 13:20:00,-0.7146342643219813,-0.9573436
2017-12-03 13:30:00,-0.7397889209300095,-0.9294277
2017-12-03 13:40:00,-0.7171497298449577,-0.889868
2017-12-03 13:50:00,-0.702895425214759,-0.8472367
2017-12-03 14:00:00,-0.6701943720378031,-0.8288577
2017-12-03 14:10:00,-0.6861256550615844,-0.81540537
2017-12-03 14:20:00,-0.7079263562607119,-0.7988665
2017-12-03 14:30:00,-0.7079263562607119,-0.78829175
2017-12-03 14:40:00,-0.6894796090922196,-0.77716976
2017-12-03 14:50:00,-0.7137957758143231,-0.76949793
2017-12-03 15:00:00,-0.7833903247065295,-0.77616996
2017-12-03 15:10:00,-0.8219607974370965,-0.7866748
2017-12-03 15:20:00,-0.7884212557524818,-0.7955774
2017-12-03 15:30:00,-0.8211223089294383,-0.7983354
2017-12-03 15:40:00,-0.8127374224745851,-0.7963061
2017-12-03 15:50:00,-0.8186068434064618,-0.78814846
2017-12-03 16:00:00,-0.8278302169907081,-0.78307873
2017-12-03 16:10:00,-0.8320226595290017,-0.7740465
2017-12-03 16:20:00,-0.8219607974370965,-0.7562039
2017-12-03 16:30:00,-0.7951291638137518,-0.7325447
2017-12-03 16:40:00,-0.7112803102913466,-0.69403076
2017-12-03 16:50:00,-0.6626479754688743,-0.644836
2017-12-03 17:00:00,-0.5477750457848304,-0.6093707
2017-12-03 17:10:00,-0.2987439521188574,-0.5677132
2017-12-03 17:20:00,0.1087614750076794,-0.5072272
2017-12-03 17:30:00,0.4055864163667318,-0.42054987
2017-12-03 17:40:00,0.500335620488701,-0.30129728
2017-12-03 17:50:00,0.5288442311273633,-0.13503239
2017-12-03 18:00:00,0.5154284150048234,-0.067714825
2017-12-03 18:10:00,0.4894352698891374,0.022013713
2017-12-03 18:20:00,0.486919804366161,0.124597
2017-12-03 18:30:00,0.517105392020141,0.243966
2017-12-03 18:40:00,0.5355521391886338,0.36024264
2017-12-03 18:50:00,0.5581913302736845,0.46394476
2017-12-03 19:00:00,0.6160470386804032,0.4742594
2017-12-03 19:10:00,0.6596484424569231,0.48929057
2017-12-03 19:20:00,0.6822876321637089,0.5168128
2017-12-03 19:30:00,0.6755797241024394,0.5569679
2017-12-03 19:40:00,0.6604869309645819,0.597526
2017-12-03 19:50:00,0.6596484424569231,0.63191813
2017-12-03 20:00:00,0.6713872815641454,0.62389195
2017-12-03 20:10:00,0.6739027470871218,0.6181118
2017-12-03 20:20:00,0.6412016952884314,0.6135617
2017-12-03 20:30:00,0.6118545961421091,0.60802186
2017-12-03 20:40:00,0.5917308705800348,0.599972
2017-12-03 20:50:00,0.5607067957966609,0.59285134
2017-12-03 21:00:00,0.5338751621733162,0.5699095
2017-12-03 21:10:00,0.4919507354121128,0.53692746
2017-12-03 21:20:00,0.408940370397367,0.4786123
2017-12-03 21:30:00,0.3452152424370378,0.38822994
2017-12-03 21:40:00,0.2940674420915886,0.2751756
2017-12-03 21:50:00,0.2580124348839979,0.15397012
2017-12-03 22:00:00,0.1775175353922275,0.018856317
2017-12-03 22:10:00,0.0836068197779172,-0.14110288
2017-12-03 22:20:00,-0.0002420337444874,-0.34884688
2017-12-03 22:30:00,-0.118468917459166,-0.5887789
2017-12-03 22:40:00,-0.1872249764654482,-0.76812714
2017-12-03 22:50:00,-0.2995824406265157,-0.85391647
2017-12-03 23:00:00,-0.4102629263940007,-0.89438355
2017-12-03 23:10:00,-0.5159124824937983,-0.97086674
2017-12-03 23:20:00,-0.6131771521387432,-1.0584599
2017-12-03 23:30:00,-0.7339195013763978,-1.1292189
2017-12-03 23:40:00,-0.8261532399753906,-1.1796162
2017-12-03 23:50:00,-0.8907168564433792,-1.2128675
2017-12-04 00:00:00,-0.9879815260883236,-1.2301356
2017-12-04 00:10:00,-1.021521067772939,-1.2446172
2017-12-04 00:20:00,-1.088600151142169,-1.2588584
2017-12-04 00:30:00,-1.1523252791024987,-1.274853
2017-12-04 00:40:00,-1.200957613924971,-1.2891704
2017-12-04 00:50:00,-1.297383795062257,-1.3028358
2017-12-04 01:00:00,-1.335954267792825,-1.3137407
2017-12-04 01:10:00,-1.3728477635080747,-1.3261995
2017-12-04 01:20:00,-1.4055488166850312,-1.3400179
2017-12-04 01:30:00,-1.465081502107067,-1.3545549
2017-12-04 01:40:00,-1.4810127851308488,-1.3671987
2017-12-04 01:50:00,-1.511198371406563,-1.3798319
2017-12-04 02:00:00,-1.5472533786141545,-1.3904514
2017-12-04 02:10:00,-1.5438994245835198,-1.40082
2017-12-04 02:20:00,-1.5740850122374996,-1.4106572
2017-12-04 02:30:00,-1.573246523729841,-1.4195026
2017-12-04 02:40:00,-1.629425255121242,-1.4273307
2017-12-04 02:50:00,-1.639487117213147,-1.4351875
2017-12-04 03:00:00,-1.681411543974349,-1.4407785
2017-12-04 03:10:00,-1.6537414232216108,-1.4444449
2017-12-04 03:20:00,-1.7048892235670594,-1.4469087
2017-12-04 03:30:00,-1.6990198040134483,-1.4482708
2017-12-04 03:40:00,-1.6839270094973258,-1.4494781
2017-12-04 03:50:00,-1.6646417738211747,-1.4499519
2017-12-04 04:00:00,-1.6654802623288336,-1.4473015
2017-12-04 04:10:00,-1.6763806129283971,-1.4349831
2017-12-04 04:20:00,-1.670511193374786,-1.4081535
2017-12-04 04:30:00,-1.6503874678127106,-1.360256
2017-12-04 04:40:00,-1.6604493312828807,-1.2888587
2017-12-04 04:50:00,-1.627748278105925,-1.1910746
2017-12-04 05:00:00,-1.599239667467262,-1.0320427
2017-12-04 05:10:00,-1.610140019445091,-0.88760585
2017-12-04 05:20:00,-1.554799775183083,-0.8846815
2017-12-04 05:30:00,-1.4852052276691423,-1.0510035
2017-12-04 05:40:00,-1.3803941600770036,-1.2735934
2017-12-04 05:50:00,-1.384586602615297,-1.4315972
2017-12-04 06:00:00,-1.402194862654396,-1.4434971
2017-12-04 06:10:00,-1.39297148907015,-1.4531255
2017-12-04 06:20:00,-1.3795556715693449,-1.458692
2017-12-04 06:30:00,-1.4307034719147933,-1.4611251
2017-12-04 06:40:00,-1.53048360846098,-1.4624575
2017-12-04 06:50:00,-1.6378101401978296,-1.4617605
2017-12-04 07:00:00,-1.5757619892528174,-1.4629334
2017-12-04 07:10:00,-1.5195832564831508,-1.4620209
2017-12-04 07:20:00,-1.4751433641989722,-1.4591208
2017-12-04 07:30:00,-1.4701124331530198,-1.4532021
2017-12-04 07:40:00,-1.5103598828989044,-1.4467427
2017-12-04 07:50:00,-1.5170677909601744,-1.4401257
2017-12-04 08:00:00,-1.3980024201161023,-1.432997
2017-12-04 08:10:00,-1.308284147040086,-1.4249227
2017-12-04 08:20:00,-1.1850263322794552,-1.4144943
2017-12-04 08:30:00,-1.1338785319340066,-1.4005196
2017-12-04 08:40:00,-1.074345845133705,-1.3793097
2017-12-04 08:50:00,-1.04416025885799,-1.3555584
2017-12-04 09:00:00,-0.9569574513049504,-1.33411
2017-12-04 09:10:00,-0.8882013909204027,-1.3115731
2017-12-04 09:20:00,-0.8211223089294383,-1.2724597
2017-12-04 09:30:00,-0.7800363706758943,-1.2255274
2017-12-04 09:40:00,-0.7305655473457632,-1.1661907
2017-12-04 09:50:00,-0.6777407686067314,-1.0947778
2017-12-04 10:00:00,-0.5771221449311517,-1.0202417
2017-12-04 10:10:00,-0.4974657339470405,-0.9266037
2017-12-04 10:20:00,-0.4882423603627941,-0.8096307
2017-12-04 10:30:00,-0.4178093229629294,-0.6891695
2017-12-04 10:40:00,-0.3440223329106944,-0.57683676
2017-12-04 10:50:00,-0.289520578534611,-0.48894414
2017-12-04 11:00:00,-0.3020979061494921,-0.43886253
2017-12-04 11:10:00,-0.2652044104342422,-0.3724745
2017-12-04 11:20:00,-0.2568195253576546,-0.31223944
2017-12-04 11:30:00,-0.2626889449112657,-0.26115766
2017-12-04 11:40:00,-0.2475961517734087,-0.21857083
2017-12-04 11:50:00,-0.2073487020275235,-0.20015852
2017-12-04 12:00:00,-0.2098641675504999,-0.20293811
2017-12-04 12:10:00,-0.1679397407892971,-0.20607203
2017-12-04 12:20:00,-0.1436235726889282,-0.21122889
2017-12-04 12:30:00,-0.1587163672050512,-0.21227294
2017-12-04 12:40:00,-0.1394311301506347,-0.20469403
2017-12-04 12:50:00,-0.1335617105970236,-0.18143989
2017-12-04 13:00:00,-0.131884733581706,-0.17329752
2017-12-04 13:10:00,-0.1645857867586624,-0.17181416
2017-12-04 13:20:00,-0.20315625948923,-0.17522104
2017-12-04 13:30:00,-0.2207645181500634,-0.18118063
2017-12-04 13:40:00,-0.2626889449112657,-0.1792793
2017-12-04 13:50:00,-0.2610119678959486,-0.17244996
2017-12-04 14:00:00,-0.1914174190037422,-0.18246198
2017-12-04 14:10:00,-0.1956098615420357,-0.19769678
2017-12-04 14:20:00,-0.1922559075114005,-0.2203314
2017-12-04 14:30:00,-0.2048332365045471,-0.24191347
2017-12-04 14:40:00,-0.211541144565817,-0.26109418
2017-12-04 14:50:00,-0.2534655713270199,-0.27522948
2017-12-04 15:00:00,-0.2886820900269523,-0.29893962
2017-12-04 15:10:00,-0.2526270828193611,-0.3250241
2017-12-04 15:20:00,-0.2719123184955121,-0.35082552
2017-12-04 15:30:00,-0.2903590670422699,-0.37022164
2017-12-04 15:40:00,-0.2979054636111986,-0.3804963
2017-12-04 15:50:00,-0.3004209291341745,-0.3793852
2017-12-04 16:00:00,-0.3314450052958134,-0.38809428
2017-12-04 16:10:00,-0.2995824406265157,-0.39389393
2017-12-04 16:20:00,-0.3113212797337385,-0.38595036
2017-12-04 16:30:00,-0.2802972035720992,-0.35941383
2017-12-04 16:40:00,-0.20315625948923,-0.29746953
2017-12-04 16:50:00,-0.1427850841812694,-0.16158903
2017-12-04 17:00:00,-0.0396509949827138,-0.038149033
2017-12-04 17:10:00,0.2387271978295813,0.15404622
2017-12-04 17:20:00,0.664679373502876,0.3953455
2017-12-04 17:30:00,0.949765475754706,0.62011546
2017-12-04 17:40:00,1.0009132761001542,0.784853
2017-12-04 17:50:00,1.0051057186384482,0.88484865
2017-12-04 18:00:00,0.9447345433304882,0.899777
2017-12-04 18:10:00,0.9506039642623648,0.9081238
2017-12-04 18:20:00,0.9338341927309236,0.90950686
2017-12-04 18:30:00,0.9355111697462414,0.90944684
2017-12-04 18:40:00,0.9405421007921942,0.90281945
2017-12-04 18:50:00,0.8994561625386507,0.8920357
2017-12-04 19:00:00,0.8910712774620626,0.86823756
2017-12-04 19:10:00,0.8902327889544038,0.8454556
2017-12-04 19:20:00,0.8734630188012297,0.8245427
2017-12-04 19:30:00,0.8122533549856108,0.80593187
2017-12-04 19:40:00,0.7803907916945783,0.79336137
2017-12-04 19:50:00,0.7896141652788241,0.7835358
2017-12-04 20:00:00,0.7686519512090909,0.77157456
2017-12-04 20:10:00,0.8088994009549756,0.75640476
2017-12-04 20:20:00,0.8340540575630028,0.7399157
2017-12-04 20:30:00,0.8256691724864157,0.7190973
2017-12-04 20:40:00,0.8047069584166816,0.69051987
2017-12-04 20:50:00,0.7267275244478876,0.6574426
2017-12-04 21:00:00,0.6747412355947806,0.61827177
2017-12-04 21:10:00,0.6227549467416736,0.54857534
2017-12-04 21:20:00,0.5078820184358952,0.4471807
2017-12-04 21:30:00,0.4290640959594424,0.33012825
2017-12-04 21:40:00,0.3544386160212836,0.21505797
2017-12-04 21:50:00,0.3519231504983072,0.10430755
2017-12-04 22:00:00,0.2957444191069062,0.0037501864
2017-12-04 22:10:00,0.2219574276764062,-0.12458295
2017-12-04 22:20:00,0.0953456588851395,-0.2643867
2017-12-04 22:30:00,0.0450363470473501,-0.39587393
2017-12-04 22:40:00,-0.0824139102515749,-0.50708205
2017-12-04 22:50:00,-0.2257954491960158,-0.6111329
2017-12-04 23:00:00,-0.3121597682413968,-0.7213951
2017-12-04 23:10:00,-0.4228402553871472,-0.84039277
2017-12-04 23:20:00,-0.5444210917541956,-0.9440647
2017-12-04 23:30:00,-0.6249159912459655,-1.0320303
2017-12-04 23:40:00,-0.7213421723832513,-1.1016748
2017-12-04 23:50:00,-0.8244762629600729,-1.1523168
2017-12-05 00:00:00,-0.9049711624518428,-1.1878703
2017-12-05 00:10:00,-0.9812736180270536,-1.2159901
2017-12-05 00:20:00,-1.05086816691926,-1.2375079
2017-12-05 00:30:00,-1.1439403940259112,-1.2541478
2017-12-05 00:40:00,-1.172449004664574,-1.2689613
2017-12-05 00:50:00,-1.2303047130712927,-1.282162
2017-12-05 01:00:00,-1.2739061168478123,-1.2944835
2017-12-05 01:10:00,-1.3300848482392136,-1.3080182
2017-12-05 01:20:00,-1.3443391528694124,-1.3242424
2017-12-05 01:30:00,-1.4055488166850312,-1.341397
2017-12-05 01:40:00,-1.4281880063918169,-1.3591774
2017-12-05 01:50:00,-1.4726278986759958,-1.3740172
2017-12-05 02:00:00,-1.4826897621461663,-1.3866725
2017-12-05 02:10:00,-1.4885591816997774,-1.3984635
2017-12-05 02:20:00,-1.4961055782687058,-1.4103417
2017-12-05 02:30:00,-1.521260234876734,-1.4208211
2017-12-05 02:40:00,-1.5438994245835198,-1.4310654
2017-12-05 02:50:00,-1.5824698973140874,-1.4401319
2017-12-05 03:00:00,-1.5749235007451583,-1.4469033
2017-12-05 03:10:00,-1.610140019445091,-1.4525285
2017-12-05 03:20:00,-1.6126554849680674,-1.4565345
2017-12-05 03:30:00,-1.5975626904519442,-1.4588621
2017-12-05 03:40:00,-1.634456186167195,-1.4604573
2017-12-05 03:50:00,-1.639487117213147,-1.4635131
2017-12-05 04:00:00,-1.6218788585523136,-1.4650025
2017-12-05 04:10:00,-1.6185249045216783,-1.462115
2017-12-05 04:20:00,-1.621040370044655,-1.4540312
2017-12-05 04:30:00,-1.6319407206442185,-1.4415448
2017-12-05 04:40:00,-1.6319407206442185,-1.4222729
2017-12-05 04:50:00,-1.6000781559749206,-1.3962452
2017-12-05 05:00:00,-1.5816314088064285,-1.3459876
2017-12-05 05:10:00,-1.552284309660107,-1.2727623
2017-12-05 05:20:00,-1.5447379130911785,-1.2110939
2017-12-05 05:30:00,-1.4910746472227534,-1.2341416
2017-12-05 05:40:00,-1.356916481862559,-1.3283862
2017-12-05 05:50:00,-1.3736862520157336,-1.418771
2017-12-05 06:00:00,-1.3728477635080747,-1.4291108
2017-12-05 06:10:00,-1.3594319473855347,-1.4362724
2017-12-05 06:20:00,-1.3560779933549,-1.441853
2017-12-05 06:30:00,-1.3577549703702172,-1.4426528
2017-12-05 06:40:00,-1.4198031213152298,-1.4442003
2017-12-05 06:50:00,-1.527129654430345,-1.4447567
2017-12-05 07:00:00,-1.4793358081155312,-1.4460213
2017-12-05 07:10:00,-1.4248340523611822,-1.445209
2017-12-05 07:20:00,-1.3602704358931936,-1.4425534
2017-12-05 07:30:00,-1.351885550816606,-1.436429
2017-12-05 07:40:00,-1.4105797477309836,-1.4295697
2017-12-05 07:50:00,-1.4424423124002812,-1.4204575
2017-12-05 08:00:00,-1.2940298410316224,-1.4128163
2017-12-05 08:10:00,-1.18838028631009,-1.4039357
2017-12-05 08:20:00,-1.1221396914485189,-1.3931786
2017-12-05 08:30:00,-1.074345845133705,-1.3788352
2017-12-05 08:40:00,-1.0416447933350144,-1.361741
2017-12-05 08:50:00,-0.9770811754887602,-1.339155
2017-12-05 09:00:00,-0.908325116482478,-1.325774
2017-12-05 09:10:00,-0.8529848722204704,-1.3005764
2017-12-05 09:20:00,-0.8118989339669264,-1.2684677
2017-12-05 09:30:00,-0.6987029826764655,-1.2356277
2017-12-05 09:40:00,-0.6291084337842591,-1.180917
2017-12-05 09:50:00,-0.5670602828392469,-1.111285
2017-12-05 10:00:00,-0.5217819020474094,-1.0354967
2017-12-05 10:10:00,-0.4857268948398182,-0.94690233
2017-12-05 10:20:00,-0.4270326979254408,-0.84542376
2017-12-05 10:30:00,-0.3540841950025996,-0.7399134
2017-12-05 10:40:00,-0.3423453558953773,-0.6375175
2017-12-05 10:50:00,-0.2752662725261469,-0.5500756
2017-12-05 11:00:00,-0.1998023054585948,-0.4882398
2017-12-05 11:10:00,-0.1763246258658847,-0.42699328
2017-12-05 11:20:00,-0.1821940454194958,-0.35524967
2017-12-05 11:30:00,-0.1687782292969559,-0.2861319
2017-12-05 11:40:00,-0.1209843829821425,-0.24127302
2017-12-05 11:50:00,-0.1310462450740472,-0.21392205
2017-12-05 12:00:00,-0.1385926416429759,-0.2051916
2017-12-05 12:10:00,-0.1293692680587295,-0.19777879
2017-12-05 12:20:00,-0.1025376344353847,-0.19051684
2017-12-05 12:30:00,-0.0924757723434796,-0.18737409
2017-12-05 12:40:00,-0.0572592536435472,-0.18250874
2017-12-05 12:50:00,-0.0748675136826461,-0.16501093
2017-12-05 13:00:00,-0.0782214677132814,-0.1596682
2017-12-05 13:10:00,-0.088283329805186,-0.15945709
2017-12-05 13:20:00,-0.1134379864132137,-0.16540338
2017-12-05 13:30:00,-0.1503314807501982,-0.16993631
2017-12-05 13:40:00,-0.2039947479968888,-0.16465744
2017-12-05 13:50:00,-0.2098641675504999,-0.15477586
2017-12-05 14:00:00,-0.20315625948923,-0.16439047
2017-12-05 14:10:00,-0.1847095109424723,-0.18148167
2017-12-05 14:20:00,-0.1998023054585948,-0.2008831
2017-12-05 14:30:00,-0.1536854347808334,-0.21941526
2017-12-05 14:40:00,-0.1771631143735435,-0.2346479
2017-12-05 14:50:00,-0.211541144565817,-0.24813321
2017-12-05 15:00:00,-0.2316648687496269,-0.26835507
2017-12-05 15:10:00,-0.281135692079758,-0.28770643
2017-12-05 15:20:00,-0.3020979061494921,-0.30268383
2017-12-05 15:30:00,-0.3255755843639367,-0.3172864
2017-12-05 15:40:00,-0.3775618745953097,-0.3240178
2017-12-05 15:50:00,-0.389300713702532,-0.31901273
2017-12-05 16:00:00,-0.4127783919169766,-0.32026592
2017-12-05 16:10:00,-0.371692453663433,-0.3122444
2017-12-05 16:20:00,-0.3456993099260121,-0.28621033
2017-12-05 16:30:00,-0.2668813874495598,-0.23107553
2017-12-05 16:40:00,-0.1972868385573533,-0.12694421
2017-12-05 16:50:00,-0.1520084577655158,0.04386542
2017-12-05 17:00:00,-0.0790599562209397,0.17898838
2017-12-05 17:10:00,0.1523628787841993,0.36780548
2017-12-05 17:20:00,0.5716071463962245,0.56902015
2017-12-05 17:30:00,0.8516623162238367,0.74510163
2017-12-05 17:40:00,0.9598273378466108,0.8707709
2017-12-05 17:50:00,0.9707276884461742,0.9495581
2017-12-05 18:00:00,0.9405421007921942,0.961701
2017-12-05 18:10:00,0.9480884973611224,0.9699606
2017-12-05 18:20:00,0.9472500088534636,0.97236305
2017-12-05 18:30:00,0.954796406800658,0.96956164
2017-12-05 18:40:00,0.8969406970156742,0.9582022
2017-12-05 18:50:00,0.9070025604858448,0.945126
2017-12-05 19:00:00,0.8994561625386507,0.9216515
2017-12-05 19:10:00,0.8709475532782532,0.89494735
2017-12-05 19:20:00,0.8457928966702251,0.8662766
2017-12-05 19:30:00,0.8223152184557805,0.8392194
2017-12-05 19:40:00,0.7996760273707297,0.8179961
2017-12-05 19:50:00,0.7938066078171181,0.80165726
2017-12-05 20:00:00,0.7787138146792606,0.78859156
2017-12-05 20:10:00,0.8189612644251463,0.77085143
2017-12-05 20:20:00,0.8323770805476852,0.75025576
2017-12-05 20:30:00,0.8038684699090228,0.7235917
2017-12-05 20:40:00,0.7745213721409676,0.6929523
2017-12-05 20:50:00,0.6957034496645148,0.6625468
2017-12-05 21:00:00,0.6403632067807725,0.62998575
2017-12-05 21:10:00,0.6043081995731809,0.5707963
2017-12-05 21:20:00,0.5380676047116092,0.47358286
2017-12-05 21:30:00,0.478534919289574,0.35496113
2017-12-05 21:40:00,0.404747927859073,0.23370403
2017-12-05 21:50:00,0.3863011806905813,0.11682449
2017-12-05 22:00:00,0.3452152424370378,0.006724501
2017-12-05 22:10:00,0.2538199923457039,-0.13078219
2017-12-05 22:20:00,0.1414625281846358,-0.28933358
2017-12-05 22:30:00,0.0257511113711995,-0.4456437
2017-12-05 22:40:00,-0.0698365826366938,-0.5685523
2017-12-05 22:50:00,-0.1612318327280272,-0.66457194
2017-12-05 23:00:00,-0.2861666231257103,-0.7571644
2017-12-05 23:10:00,-0.3951701332561431,-0.8679026
2017-12-05 23:20:00,-0.4597337497241317,-0.96747667
2017-12-05 23:30:00,-0.6005998245238622,-1.0461096
2017-12-05 23:40:00,-0.7054108907377354,-1.1076922
2017-12-05 23:50:00,-0.8085449799362916,-1.1521568
2017-12-06 00:00:00,-0.9016172070429428,-1.1860628
2017-12-06 00:10:00,-1.0039128091121057,-1.213191
2017-12-06 00:20:00,-1.0324214183725025,-1.2356236
2017-12-06 00:30:00,-1.086084685619193,-1.2546586
2017-12-06 00:40:00,-1.1892187748177487,-1.2702017
2017-12-06 00:50:00,-1.202634590940289,-1.2847314
2017-12-06 01:00:00,-1.2621672777405903,-1.2979579
2017-12-06 01:10:00,-1.3099611240554037,-1.3114845
2017-12-06 01:20:00,-1.3711707864927571,-1.32575
2017-12-06 01:30:00,-1.3854250911229558,-1.3411502
2017-12-06 01:40:00,-1.41309521325396,-1.3564706
2017-12-06 01:50:00,-1.4516656859845276,-1.3703092
2017-12-06 02:00:00,-1.4784973196078723,-1.3821013
2017-12-06 02:10:00,-1.521260234876734,-1.3932109
2017-12-06 02:20:00,-1.572408035222182,-1.4038756
2017-12-06 02:30:00,-1.5581537292137184,-1.4141347
2017-12-06 02:40:00,-1.590016293883016,-1.4234917
2017-12-06 02:50:00,-1.5967242019442855,-1.4317415
2017-12-06 03:00:00,-1.6302637436289007,-1.4384491
2017-12-06 03:10:00,-1.6176864160140196,-1.4445018
2017-12-06 03:20:00,-1.633617697659536,-1.4492898
2017-12-06 03:30:00,-1.6411640942284642,-1.4529022
2017-12-06 03:40:00,-1.6319407206442185,-1.455702
2017-12-06 03:50:00,-1.6235558355676307,-1.4586359
2017-12-06 04:00:00,-1.6168479275063607,-1.4607997
2017-12-06 04:10:00,-1.6260713010906072,-1.4581783
2017-12-06 04:20:00,-1.614332461983385,-1.450156
2017-12-06 04:30:00,-1.6185249045216783,-1.4356606
2017-12-06 04:40:00,-1.6084630410515084,-1.4165559
2017-12-06 04:50:00,-1.577438966268135,-1.3927368
2017-12-06 05:00:00,-1.5405454705528845,-1.3486524
2017-12-06 05:10:00,-1.5397069820452265,-1.2779245
2017-12-06 05:20:00,-1.5464148901064956,-1.2242736
2017-12-06 05:30:00,-1.5070059288682698,-1.2407753
2017-12-06 05:40:00,-1.395486954593126,-1.3271434
2017-12-06 05:50:00,-1.4147721902692771,-1.4189692
2017-12-06 06:00:00,-1.4273495178841582,-1.4278287
2017-12-06 06:10:00,-1.3871020681382735,-1.4314294
2017-12-06 06:20:00,-1.346016131262995,-1.4334998
2017-12-06 06:30:00,-1.3384697333158009,-1.435195
2017-12-06 06:40:00,-1.4281880063918169,-1.4343305
2017-12-06 06:50:00,-1.5279681429380034,-1.4356495
2017-12-06 07:00:00,-1.5002980208069998,-1.438852
2017-12-06 07:10:00,-1.4793358081155312,-1.4380685
2017-12-06 07:20:00,-1.43657289284667,-1.4339509
2017-12-06 07:30:00,-1.3988409086237612,-1.428697
2017-12-06 07:40:00,-1.4298649834071346,-1.4240438
2017-12-06 07:50:00,-1.4508271974768687,-1.4166229
2017-12-06 08:00:00,-1.384586602615297,-1.4123472
2017-12-06 08:10:00,-1.278098559386106,-1.402802
2017-12-06 08:20:00,-1.1799954012335028,-1.3873769
2017-12-06 08:30:00,-1.0953080592034388,-1.3734543
2017-12-06 08:40:00,-1.0181671137423036,-1.3576052
2017-12-06 08:50:00,-0.9821121065347124,-1.339458
2017-12-06 09:00:00,-0.9301258176816052,-1.3193274
2017-12-06 09:10:00,-0.8085449799362916,-1.2950199
2017-12-06 09:20:00,-0.7255346149215454,-1.2608519
2017-12-06 09:30:00,-0.7045724022300767,-1.2200046
2017-12-06 09:40:00,-0.6224005257229891,-1.1703461
2017-12-06 09:50:00,-0.6156926176617192,-1.1096778
2017-12-06 10:00:00,-0.5611908632856358,-1.0490801
2017-12-06 10:10:00,-0.5502905113078068,-0.97077245
2017-12-06 10:20:00,-0.5117200399555047,-0.8834062
2017-12-06 10:30:00,-0.4270326979254408,-0.7839802
2017-12-06 10:40:00,-0.3960086217638019,-0.684014
2017-12-06 10:50:00,-0.3633075685868455,-0.6067862
2017-12-06 11:00:00,-0.3733694306787506,-0.5600994
2017-12-06 11:10:00,-0.3306065167881545,-0.50045943
2017-12-06 11:20:00,-0.289520578534611,-0.42814675
2017-12-06 11:30:00,-0.255142548342337,-0.36308596
2017-12-06 11:40:00,-0.2450806862504323,-0.3153121
2017-12-06 11:50:00,-0.2299878917343093,-0.28091297
2017-12-06 12:00:00,-0.2475961517734087,-0.262255
2017-12-06 12:10:00,-0.1989638169509359,-0.25094393
2017-12-06 12:20:00,-0.1712936948199324,-0.24778831
2017-12-06 12:30:00,-0.1914174190037422,-0.24897769
2017-12-06 12:40:00,-0.1637472982510036,-0.24260095
2017-12-06 12:50:00,-0.1285307795510712,-0.22548619
2017-12-06 13:00:00,-0.1243383370127772,-0.21945672
2017-12-06 13:10:00,-0.1209843829821425,-0.21286474
2017-12-06 13:20:00,-0.1377541531353171,-0.20944735
2017-12-06 13:30:00,-0.1419465956736106,-0.20839782
2017-12-06 13:40:00,-0.1562009016820748,-0.20130171
2017-12-06 13:50:00,-0.1603933442203684,-0.18995133
2017-12-06 14:00:00,-0.1679397407892971,-0.18820596
2017-12-06 14:10:00,-0.144462061196587,-0.19559497
2017-12-06 14:20:00,-0.1595548557127101,-0.20953503
2017-12-06 14:30:00,-0.2048332365045471,-0.22693798
2017-12-06 14:40:00,-0.2048332365045471,-0.24602804
2017-12-06 14:50:00,-0.2350188227802621,-0.26127508
2017-12-06 15:00:00,-0.2777817380491232,-0.28428343
2017-12-06 15:10:00,-0.289520578534611,-0.31344724
2017-12-06 15:20:00,-0.3046133716724686,-0.3413811
2017-12-06 15:30:00,-0.315513722272032,-0.35795057
2017-12-06 15:40:00,-0.3406683788800597,-0.36438593
2017-12-06 15:50:00,-0.386785248179556,-0.35273364
2017-12-06 16:00:00,-0.3960086217638019,-0.3496472
2017-12-06 16:10:00,-0.3448608214183533,-0.32866725
2017-12-06 16:20:00,-0.3440223329106944,-0.28461996
2017-12-06 16:30:00,-0.2836511576027344,-0.21170731
2017-12-06 16:40:00,-0.1998023054585948,-0.09350607
2017-12-06 16:50:00,-0.1721321833275912,0.0835776
2017-12-06 17:00:00,-0.053905299612912,0.21544026
2017-12-06 17:10:00,0.1817099779305215,0.3702046
2017-12-06 17:20:00,0.6185625042033795,0.5387128
2017-12-06 17:30:00,0.8726245302935709,0.69116515
2017-12-06 17:40:00,0.9388651237768766,0.8102631
2017-12-06 17:50:00,0.949765475754706,0.89206475
2017-12-06 18:00:00,0.9531194297853404,0.91097933
2017-12-06 18:10:00,0.9489269872470472,0.9243565
2017-12-06 18:20:00,0.9472500088534636,0.9339053
2017-12-06 18:30:00,0.9640197803849048,0.9419398
2017-12-06 18:40:00,0.941380589299853,0.9409537
2017-12-06 18:50:00,0.9145489570547732,0.932496
2017-12-06 19:00:00,0.920418376608384,0.9124463
2017-12-06 19:10:00,0.911195003024138,0.8883365
2017-12-06 19:20:00,0.9170644225777496,0.8635265
2017-12-06 19:30:00,0.8541777817468131,0.83948606
2017-12-06 19:40:00,0.8105763779702932,0.81663245
2017-12-06 19:50:00,0.7870986997558487,0.79590034
2017-12-06 20:00:00,0.7518821810559158,0.7781399
2017-12-06 20:10:00,0.8248306839787569,0.75636727
2017-12-06 20:20:00,0.8424389426395908,0.73236114
2017-12-06 20:30:00,0.8256691724864157,0.7078692
2017-12-06 20:40:00,0.785421722740531,0.6769108
2017-12-06 20:50:00,0.7024113577257842,0.64185387
2017-12-06 21:00:00,0.6412016952884314,0.6072957
2017-12-06 21:10:00,0.6227549467416736,0.54933965
2017-12-06 21:20:00,0.5674147038579315,0.45352525
2017-12-06 21:30:00,0.5020125975040185,0.33479166
2017-12-06 21:40:00,0.4433184005896411,0.21183397
2017-12-06 21:50:00,0.4257101419288072,0.08724809
2017-12-06 22:00:00,0.3686929206514823,-0.034372054
2017-12-06 22:10:00,0.2890365110456367,-0.18497956
2017-12-06 22:20:00,0.1892563744994498,-0.34960943
2017-12-06 22:30:00,0.0953456588851395,-0.50361925
2017-12-06 22:40:00,-0.0304276213984674,-0.6207155
2017-12-06 22:50:00,-0.125176825520436,-0.71385974
2017-12-06 23:00:00,-0.2584965023729722,-0.8054115
2017-12-06 23:10:00,-0.3809158286259444,-0.9083501
2017-12-06 23:20:00,-0.5033351535006516,-0.9942735
2017-12-06 23:30:00,-0.6249159912459655,-1.0622149
2017-12-06 23:40:00,-0.7037339137224179,-1.1177406
2017-12-06 23:50:00,-0.7850673017218466,-1.1605003
2017-12-07 00:00:00,-0.893232321966355,-1.1944224
2017-12-07 00:10:00,-0.977919663996419,-1.2212458
2017-12-07 00:20:00,-1.0617685175188236,-1.2413824
2017-12-07 00:30:00,-1.1137548063719311,-1.2568765
2017-12-07 00:40:00,-1.1741259816798917,-1.2703693
2017-12-07 00:50:00,-1.2219198279947052,-1.282686
2017-12-07 01:00:00,-1.314992055101356,-1.2954302
2017-12-07 01:10:00,-1.3367927563004836,-1.308696
2017-12-07 01:20:00,-1.3795556715693449,-1.3223478
2017-12-07 01:30:00,-1.4097412592233247,-1.3361658
2017-12-07 01:40:00,-1.4449577779232576,-1.3497488
2017-12-07 01:50:00,-1.4843667391614834,-1.3618678
2017-12-07 02:00:00,-1.4986210437916825,-1.3729557
2017-12-07 02:10:00,-1.5397069820452265,-1.3839192
2017-12-07 02:20:00,-1.6067860640361906,-1.3945686
2017-12-07 02:30:00,-1.7032122465517423,-1.4041935
2017-12-07 02:40:00,-1.6923118945739128,-1.4135673
2017-12-07 02:50:00,-1.6478720022897342,-1.4223552
2017-12-07 03:00:00,-1.6646417738211747,-1.4296355
2017-12-07 03:10:00,-1.6696727048671272,-1.4363829
2017-12-07 03:20:00,-1.6587723542675636,-1.4424613
2017-12-07 03:30:00,-1.6713496818824447,-1.4476943
2017-12-07 03:40:00,-1.7090816661053536,-1.4517932
2017-12-07 03:50:00,-1.6688342163594685,-1.4558611
2017-12-07 04:00:00,-1.6512259563203695,-1.4588068
2017-12-07 04:10:00,-1.6688342163594685,-1.4568782
2017-12-07 04:20:00,-1.6663187508364918,-1.4504818
2017-12-07 04:30:00,-1.6352946746748531,-1.4409788
2017-12-07 04:40:00,-1.6537414232216108,-1.4272001
2017-12-07 04:50:00,-1.642002582736123,-1.4097192
2017-12-07 05:00:00,-1.6126554849680674,-1.3735546
2017-12-07 05:10:00,-1.6076245525438495,-1.3123544
2017-12-07 05:20:00,-1.622717347059972,-1.2557383
2017-12-07 05:30:00,-1.577438966268135,-1.2531601
2017-12-07 05:40:00,-1.4592120825534558,-1.3263816
2017-12-07 05:50:00,-1.44328080090794,-1.415942
2017-12-07 06:00:00,-1.4617275480764322,-1.4240881
2017-12-07 06:10:00,-1.470950921660678,-1.4305954
2017-12-07 06:20:00,-1.4047103281773723,-1.433835
2017-12-07 06:30:00,-1.393809977577809,-1.4364381
2017-12-07 06:40:00,-1.4223185868382058,-1.4378097
2017-12-07 06:50:00,-1.5631846602596708,-1.4411373
2017-12-07 07:00:00,-1.535514539506932,-1.4433451
2017-12-07 07:10:00,-1.4935901127457298,-1.4429024
2017-12-07 07:20:00,-1.462566036584091,-1.4399643
2017-12-07 07:30:00,-1.4558581285228211,-1.4365277
2017-12-07 07:40:00,-1.4852052276691423,-1.4310312
2017-12-07 07:50:00,-1.511198371406563,-1.4244456
2017-12-07 08:00:00,-1.3837481141076382,-1.4226828
2017-12-07 08:10:00,-1.3107996125630623,-1.4182098
2017-12-07 08:20:00,-1.2126964544104588,-1.4087515
2017-12-07 08:30:00,-1.1732874931722328,-1.3892963
2017-12-07 08:40:00,-1.088600151142169,-1.3654158
2017-12-07 08:50:00,-1.038290839304379,-1.3469234
2017-12-07 09:00:00,-0.9393491912658514,-1.3289624
2017-12-07 09:10:00,-0.8462769641592004,-1.3044868
2017-12-07 09:20:00,-0.7942906753060929,-1.278067
2017-12-07 09:30:00,-0.6760637915914143,-1.2458191
2017-12-07 09:40:00,-0.6618094869612156,-1.1950078
2017-12-07 09:50:00,-0.588860984038374,-1.1419637
2017-12-07 10:00:00,-0.5938919150843267,-1.0888143
2017-12-07 10:10:00,-0.5133970169708219,-1.0251588
2017-12-07 10:20:00,-0.4622492152471081,-0.9449301
2017-12-07 10:30:00,-0.4035550183327307,-0.8653131
2017-12-07 10:40:00,-0.3708539651557743,-0.7765208
2017-12-07 10:50:00,-0.3691769881404567,-0.69750935
2017-12-07 11:00:00,-0.3431838444030357,-0.6403888
2017-12-07 11:10:00,-0.2517885943117023,-0.57661855
2017-12-07 11:20:00,-0.2442421977427735,-0.49690208
2017-12-07 11:30:00,-0.2241184721806982,-0.42255184
2017-12-07 11:40:00,-0.1746476488505671,-0.36918482
2017-12-07 11:50:00,-0.1805170684041782,-0.334508
2017-12-07 12:00:00,-0.2308263802419681,-0.312846
2017-12-07 12:10:00,-0.1721321833275912,-0.28829604
2017-12-07 12:20:00,-0.1570393901897336,-0.2748811
2017-12-07 12:30:00,-0.1821940454194958,-0.26695687
2017-12-07 12:40:00,-0.1671012522816383,-0.26321024
2017-12-07 12:50:00,-0.188063464973107,-0.24291947
2017-12-07 13:00:00,-0.224956960688357,-0.23261485
2017-12-07 13:10:00,-0.2618504564036069,-0.22527504
2017-12-07 13:20:00,-0.2693968529725357,-0.22065686
2017-12-07 13:30:00,-0.2601734793882898,-0.21444337
2017-12-07 13:40:00,-0.3121597682413968,-0.2025671
2017-12-07 13:50:00,-0.3490532639566473,-0.18379351
2017-12-07 14:00:00,-0.2987439521188574,-0.18358159
2017-12-07 14:10:00,-0.3062903486877857,-0.1868104
2017-12-07 14:20:00,-0.3121597682413968,-0.1949488
2017-12-07 14:30:00,-0.3096443027184209,-0.20029975
2017-12-07 14:40:00,-0.2861666231257103,-0.20707679
2017-12-07 14:50:00,-0.3431838444030357,-0.21364504
2017-12-07 15:00:00,-0.3876237366872144,-0.23420548
2017-12-07 15:10:00,-0.3607921030638696,-0.2571304
2017-12-07 15:20:00,-0.3666615226174807,-0.27489743
2017-12-07 15:30:00,-0.4018780413174131,-0.2889456
2017-12-07 15:40:00,-0.4169708344552706,-0.28337634
2017-12-07 15:50:00,-0.4127783919169766,-0.260253
2017-12-07 16:00:00,-0.4178093229629294,-0.24029621
2017-12-07 16:10:00,-0.4136168804246354,-0.2014977
2017-12-07 16:20:00,-0.3725309421710919,-0.1321587
2017-12-07 16:30:00,-0.3431838444030357,-0.01858512
2017-12-07 16:40:00,-0.255142548342337,0.14908016
2017-12-07 16:50:00,-0.1545239246667572,0.36113924
2017-12-07 17:00:00,-0.0220427363218803,0.46503463
2017-12-07 17:10:00,0.1959642825607192,0.5892279
2017-12-07 17:20:00,0.6219164582340149,0.69829375
2017-12-07 17:30:00,0.9095180260088204,0.78646064
2017-12-07 17:40:00,0.9833050160610554,0.8487438
2017-12-07 17:50:00,1.0017517646078131,0.88752705
2017-12-07 18:00:00,0.9749201309844684,0.8884213
2017-12-07 18:10:00,0.9824665275533964,0.87802577
2017-12-07 18:20:00,0.9816280390457376,0.8613437
2017-12-07 18:30:00,0.9724046654614918,0.8425843
2017-12-07 18:40:00,0.9682122229231978,0.81755245
2017-12-07 18:50:00,0.9623428033695872,0.7944204
2017-12-07 19:00:00,0.954796406800658,0.7729234
2017-12-07 19:10:00,0.9556348953083168,0.7502127
2017-12-07 19:20:00,0.8910712774620626,0.7232697
2017-12-07 19:30:00,0.8617241796940074,0.69685024
2017-12-07 19:40:00,0.807222423939658,0.6772745
2017-12-07 19:50:00,0.7996760273707297,0.66351265
2017-12-07 20:00:00,0.781229280202237,0.6512831
2017-12-07 20:10:00,0.8407619656242733,0.63723403
2017-12-07 20:20:00,0.8382465001012969,0.62391603
2017-12-07 20:30:00,0.8307001035323686,0.6076012
2017-12-07 20:40:00,0.8013530043860464,0.5825295
2017-12-07 20:50:00,0.7569131121018676,0.55485743
2017-12-07 21:00:00,0.6713872815641454,0.5249931
2017-12-07 21:10:00,0.6420401837960902,0.4644582
2017-12-07 21:20:00,0.5925693590876926,0.37002662
2017-12-07 21:30:00,0.5196208575431175,0.2609747
2017-12-07 21:40:00,0.4382874695436882,0.14556208
2017-12-07 21:50:00,0.404747927859073,0.024100315
2017-12-07 22:00:00,0.3032908156758344,-0.09681414
2017-12-07 22:10:00,0.2454351072691168,-0.2566323
2017-12-07 22:20:00,0.1909333515147674,-0.42414844
2017-12-07 22:30:00,0.1037305439617275,-0.5550375
2017-12-07 22:40:00,0.006465874316783,-0.6474009
2017-12-07 22:50:00,-0.1276922910434124,-0.7227537
2017-12-07 23:00:00,-0.2442421977427735,-0.80109423
2017-12-07 23:10:00,-0.3423453558953773,-0.8925118
2017-12-07 23:20:00,-0.4555413071858382,-0.97649175
2017-12-07 23:30:00,-0.549452022800148,-1.0463679
2017-12-07 23:40:00,-0.650909136361652,-1.1026026
2017-12-07 23:50:00,-0.7649435761597717,-1.1457183
2017-12-08 00:00:00,-0.8529848722204704,-1.1785805
2017-12-08 00:10:00,-0.9301258176816052,-1.2045121
2017-12-08 00:20:00,-1.0064282746350814,-1.2263613
2017-12-08 00:30:00,-1.0676379370724347,-1.2461641
2017-12-08 00:40:00,-1.13136306641103,-1.2634404
2017-12-08 00:50:00,-1.179156912725844,-1.2779881
2017-12-08 01:00:00,-1.2244352935176814,-1.2930084
2017-12-08 01:10:00,-1.2688751858018603,-1.3074844
2017-12-08 01:20:00,-1.3166690321166736,-1.3224809
2017-12-08 01:30:00,-1.365301366939146,-1.3384519
2017-12-08 01:40:00,-1.3736862520157336,-1.3535287
2017-12-08 01:50:00,-1.4080642822080072,-1.3669491
2017-12-08 02:00:00,-1.4508271974768687,-1.3800251
2017-12-08 02:10:00,-1.4659199906147258,-1.3922185
2017-12-08 02:20:00,-1.528806631445662,-1.4031568
2017-12-08 02:30:00,-1.5606691947366944,-1.4131857
2017-12-08 02:40:00,-1.579954431791111,-1.4228458
2017-12-08 02:50:00,-1.5891778053753574,-1.4316642
2017-12-08 03:00:00,-1.622717347059972,-1.4384154
2017-12-08 03:10:00,-1.6319407206442185,-1.4444425
2017-12-08 03:20:00,-1.6378101401978296,-1.4497519
2017-12-08 03:30:00,-1.6713496818824447,-1.4524435
2017-12-08 03:40:00,-1.6721881703901036,-1.4550828
2017-12-08 03:50:00,-1.6545799117292697,-1.4585468
2017-12-08 04:00:00,-1.6352946746748531,-1.4600538
2017-12-08 04:10:00,-1.652902933335687,-1.4561956
2017-12-08 04:20:00,-1.6352946746748531,-1.4473847
2017-12-08 04:30:00,-1.6311022321365596,-1.4309993
2017-12-08 04:40:00,-1.6386486287054882,-1.4056745
2017-12-08 04:50:00,-1.6084630410515084,-1.3728101
2017-12-08 05:00:00,-1.585823851344722,-1.3121163
2017-12-08 05:10:00,-1.5740850122374996,-1.2285982
2017-12-08 05:20:00,-1.586662339852381,-1.1531625
2017-12-08 05:30:00,-1.583308385821746,-1.164592
2017-12-08 05:40:00,-1.4575351055381387,-1.2811815
2017-12-08 05:50:00,-1.4516656859845276,-1.3980222
2017-12-08 06:00:00,-1.4734663871836544,-1.4141842
2017-12-08 06:10:00,-1.4575351055381387,-1.4245245
2017-12-08 06:20:00,-1.43657289284667,-1.431036
2017-12-08 06:30:00,-1.3971639316084437,-1.4340384
2017-12-08 06:40:00,-1.4399268468773048,-1.434264
2017-12-08 06:50:00,-1.5413839590605434,-1.4334841
2017-12-08 07:00:00,-1.528806631445662,-1.4353142
2017-12-08 07:10:00,-1.4659199906147258,-1.4356134
2017-12-08 07:20:00,-1.4541811515075034,-1.4337245
2017-12-08 07:30:00,-1.460050571061115,-1.4292103
2017-12-08 07:40:00,-1.4852052276691423,-1.4248335
2017-12-08 07:50:00,-1.4902361587150943,-1.420793
2017-12-08 08:00:00,-1.4307034719147933,-1.4185504
2017-12-08 08:10:00,-1.3250539171932614,-1.4151323
2017-12-08 08:20:00,-1.2185658739640703,-1.4052373
2017-12-08 08:30:00,-1.1347170204416652,-1.391729
2017-12-08 08:40:00,-1.0735073566260465,-1.375005
2017-12-08 08:50:00,-1.0366138622890615,-1.3589017
2017-12-08 09:00:00,-1.004751297619764,-1.342998
2017-12-08 09:10:00,-0.8588542917740815,-1.3233114
2017-12-08 09:20:00,-0.8160913778834854,-1.297903
2017-12-08 09:30:00,-0.7682975301904065,-1.2584611
2017-12-08 09:40:00,-0.7397889209300095,-1.1988602
2017-12-08 09:50:00,-0.6517476248693108,-1.124594
2017-12-08 10:00:00,-0.560352374777977,-1.0549693
2017-12-08 10:10:00,-0.5092045744325283,-0.97367305
2017-12-08 10:20:00,-0.5016581764853341,-0.8790053
2017-12-08 10:30:00,-0.452187353155203,-0.77099127
2017-12-08 10:40:00,-0.4035550183327307,-0.67854613
2017-12-08 10:50:00,-0.3901392022101908,-0.6055669
2017-12-08 11:00:00,-0.3364759363417662,-0.55705196
2017-12-08 11:10:00,-0.3322834938034721,-0.4978507
2017-12-08 11:20:00,-0.2937130210729046,-0.43040267
2017-12-08 11:30:00,-0.2534655713270199,-0.35690948
2017-12-08 11:40:00,-0.2148950985964523,-0.29966125
2017-12-08 11:50:00,-0.2450806862504323,-0.26274487
2017-12-08 12:00:00,-0.333121982311131,-0.24411422
2017-12-08 12:10:00,-0.4345790944943695,-0.22896679
2017-12-08 12:20:00,-0.386785248179556,-0.2148346
2017-12-08 12:30:00,-0.4119399034093183,-0.21081032
2017-12-08 12:40:00,-0.4002010643020955,-0.20620671
2017-12-08 12:50:00,-0.4119399034093183,-0.19259997
2017-12-08 13:00:00,-0.3943316447484843,-0.1885635
2017-12-08 13:10:00,-0.3440223329106944,-0.19091523
2017-12-08 13:20:00,-0.3230601188409608,-0.19372112
2017-12-08 13:30:00,-0.3549226835102584,-0.19457957
2017-12-08 13:40:00,-0.3356374478341074,-0.19174688
2017-12-08 13:50:00,-0.3666615226174807,-0.18759753
2017-12-08 14:00:00,-0.3943316447484843,-0.1920675
2017-12-08 14:10:00,-0.3784003631029685,-0.20262098
2017-12-08 14:20:00,-0.3934931562408255,-0.2196681
2017-12-08 14:30:00,-0.408585949378683,-0.23909858
2017-12-08 14:40:00,-0.3809158286259444,-0.25862023
2017-12-08 14:50:00,-0.3934931562408255,-0.27421677
2017-12-08 15:00:00,-0.4924348029010881,-0.29324546
2017-12-08 15:10:00,-0.452187353155203,-0.3212062
2017-12-08 15:20:00,-0.4144553689322942,-0.34670982
2017-12-08 15:30:00,-0.4312251404637348,-0.3655329
2017-12-08 15:40:00,-0.4572182842011553,-0.37297484
2017-12-08 15:50:00,-0.4882423603627941,-0.37176493
2017-12-08 16:00:00,-0.4639261936406907,-0.38197783
2017-12-08 16:10:00,-0.4697956131943019,-0.38851696
2017-12-08 16:20:00,-0.4706341017019607,-0.38037422
2017-12-08 16:30:00,-0.3859467596718973,-0.35049322
2017-12-08 16:40:00,-0.3364759363417662,-0.27941588
2017-12-08 16:50:00,-0.2752662725261469,-0.14050186
2017-12-08 17:00:00,-0.16626276377398,-0.041023552
2017-12-08 17:10:00,0.0659985597388182,0.11070168
2017-12-08 17:20:00,0.4592496822351574,0.31049398
2017-12-08 17:30:00,0.785421722740531,0.5103643
2017-12-08 17:40:00,0.8667551107399593,0.65352565
2017-12-08 17:50:00,0.8726245302935709,0.7418438
2017-12-08 18:00:00,0.8265076609940746,0.7518718
2017-12-08 18:10:00,0.8483083621932015,0.77212983
2017-12-08 18:20:00,0.8558547587621308,0.7854704
2017-12-08 18:30:00,0.8726245302935709,0.798782
2017-12-08 18:40:00,0.881009415370158,0.8082954
2017-12-08 18:50:00,0.8583702242851062,0.8168611
2017-12-08 19:00:00,0.819799752932804,0.8098604
2017-12-08 19:10:00,0.8256691724864157,0.79299855
2017-12-08 19:20:00,0.8122533549856108,0.77035147
2017-12-08 19:30:00,0.7778753261716018,0.75184983
2017-12-08 19:40:00,0.7451742729946453,0.7340923
2017-12-08 19:50:00,0.7543976465788922,0.725389
2017-12-08 20:00:00,0.7401433419486935,0.7182093
2017-12-08 20:10:00,0.811414866477952,0.7078139
2017-12-08 20:20:00,0.837408011593638,0.6965006
2017-12-08 20:30:00,0.7845832342328722,0.6831345
2017-12-08 20:40:00,0.737627876425717,0.6628307
2017-12-08 20:50:00,0.7049268232487607,0.6402911
2017-12-08 21:00:00,0.6403632067807725,0.6176787
2017-12-08 21:10:00,0.564899238334955,0.56700724
2017-12-08 21:20:00,0.5380676047116092,0.47558883
2017-12-08 21:30:00,0.4642806146593752,0.3586447
2017-12-08 21:40:00,0.4475108431279351,0.23845974
2017-12-08 21:50:00,0.4148097899509786,0.123245224
2017-12-08 22:00:00,0.3586310585595776,0.012760926
2017-12-08 22:10:00,0.3041293041834932,-0.11758134
2017-12-08 22:20:00,0.2026721920002547,-0.26970622
2017-12-08 22:30:00,0.1339161316157076,-0.4256505
2017-12-08 22:40:00,0.0374899504784218,-0.5377716
2017-12-08 22:50:00,-0.0706750711443526,-0.61881
2017-12-08 23:00:00,-0.1612318327280272,-0.70723885
2017-12-08 23:10:00,-0.259334990880631,-0.8269489
2017-12-08 23:20:00,-0.3373144248494245,-0.9391206
2017-12-08 23:30:00,-0.4438024680786154,-1.0311849
2017-12-08 23:40:00,-0.5938919150843267,-1.1049421
2017-12-08 23:50:00,-0.7037339137224179,-1.1575503
2017-12-09 00:00:00,-0.7867442787371641,-1.1949606
2017-12-09 00:10:00,-0.8404075446055893,-1.2233799
2017-12-09 00:20:00,-0.9234179096203352,-1.2441046
2017-12-09 00:30:00,-0.9988818780661528,-1.2611804
2017-12-09 00:40:00,-1.0693149140877525,-1.2762467
2017-12-09 00:50:00,-1.1263321353650777,-1.2889694
2017-12-09 01:00:00,-1.2001191254173122,-1.3004184
2017-12-09 01:10:00,-1.265521231771225,-1.3130963
2017-12-09 01:20:00,-1.3116381010707214,-1.3271338
2017-12-09 01:30:00,-1.3074456585324274,-1.3418713
2017-12-09 01:40:00,-1.3619474129085112,-1.3563907
2017-12-09 01:50:00,-1.44328080090794,-1.3696916
2017-12-09 02:00:00,-1.4617275480764322,-1.3812053
2017-12-09 02:10:00,-1.4919131357304125,-1.3928716
2017-12-09 02:20:00,-1.552284309660107,-1.4039273
2017-12-09 02:30:00,-1.5782774547757932,-1.4138861
2017-12-09 02:40:00,-1.602593621497897,-1.4220866
2017-12-09 02:50:00,-1.626909789598266,-1.4301426
2017-12-09 03:00:00,-1.6017551329902384,-1.4363544
2017-12-09 03:10:00,-1.6235558355676307,-1.4425976
2017-12-09 03:20:00,-1.6118169964604083,-1.4472095
2017-12-09 03:30:00,-1.6327792091518771,-1.4517106
2017-12-09 03:40:00,-1.6537414232216108,-1.4557426
2017-12-09 03:50:00,-1.6621263082981983,-1.458974
2017-12-09 04:00:00,-1.657095377252246,-1.4614698
2017-12-09 04:10:00,-1.6679957278518096,-1.4587932
2017-12-09 04:20:00,-1.6554184002369283,-1.4492633
2017-12-09 04:30:00,-1.6587723542675636,-1.4304657
2017-12-09 04:40:00,-1.6445180482590995,-1.4052845
2017-12-09 04:50:00,-1.6118169964604083,-1.3744333
2017-12-09 05:00:00,-1.6285867666135831,-1.3230922
2017-12-09 05:10:00,-1.620201881536996,-1.2444302
2017-12-09 05:20:00,-1.6017551329902384,-1.1726208
2017-12-09 05:30:00,-1.5807929202987696,-1.1678115
2017-12-09 05:40:00,-1.4491502204615512,-1.2655915
2017-12-09 05:50:00,-1.4047103281773723,-1.3786135
2017-12-09 06:00:00,-1.4499887089692098,-1.3971967
2017-12-09 06:10:00,-1.4416038238926223,-1.4121022
2017-12-09 06:20:00,-1.421480098330547,-1.421713
2017-12-09 06:30:00,-1.4550196400151625,-1.4281716
2017-12-09 06:40:00,-1.542222447568202,-1.4326501
2017-12-09 06:50:00,-1.6688342163594685,-1.4366332
2017-12-09 07:00:00,-1.721658993720235,-1.4419768
2017-12-09 07:10:00,-1.7040507350594007,-1.4428445
2017-12-09 07:20:00,-1.6696727048671272,-1.4400841
2017-12-09 07:30:00,-1.6436795597514406,-1.4357002
2017-12-09 07:40:00,-1.6503874678127106,-1.4306915
2017-12-09 07:50:00,-1.6076245525438495,-1.4215832
2017-12-09 08:00:00,-1.511198371406563,-1.4180584
2017-12-09 08:10:00,-1.4843667391614834,-1.4115295
2017-12-09 08:20:00,-1.3963254431007848,-1.3987482
2017-12-09 08:30:00,-1.3242154286856025,-1.3844123
2017-12-09 08:40:00,-1.2529439027780784,-1.3670862
2017-12-09 08:50:00,-1.2126964544104588,-1.3445622
2017-12-09 09:00:00,-1.0793767761796575,-1.3282071
2017-12-09 09:10:00,-0.9376722142505338,-1.308755
2017-12-09 09:20:00,-0.8756240633055217,-1.2867147
2017-12-09 09:30:00,-0.8194453319141206,-1.2559786
2017-12-09 09:40:00,-0.7515277600372318,-1.2103188
2017-12-09 09:50:00,-0.6961875171534891,-1.1561625
2017-12-09 10:00:00,-0.6743868145760966,-1.1067263
2017-12-09 10:10:00,-0.6123386636310845,-1.0446732
2017-12-09 10:20:00,-0.5528059782090482,-0.9694995
2017-12-09 10:30:00,-0.4697956131943019,-0.87978935
2017-12-09 10:40:00,-0.3909776907178496,-0.79791313
2017-12-09 10:50:00,-0.3574381490332344,-0.7347171
2017-12-09 11:00:00,-0.3364759363417662,-0.6831577
2017-12-09 11:10:00,-0.3062903486877857,-0.62626547
2017-12-09 11:20:00,-0.2987439521188574,-0.5665768
2017-12-09 11:30:00,-0.2769432495414645,-0.50387365
2017-12-09 11:40:00,-0.2308263802419681,-0.46517166
2017-12-09 11:50:00,-0.2400497538262145,-0.45705444
2017-12-09 12:00:00,-0.1838710224348134,-0.4621352
2017-12-09 12:10:00,-0.2132181215811347,-0.47279093
2017-12-09 12:20:00,-0.162070321235686,-0.48655376
2017-12-09 12:30:00,-0.1226613599974596,-0.4949306
2017-12-09 12:40:00,-0.0614516961818407,-0.4903973
2017-12-09 12:50:00,-0.064805650212476,-0.46654
2017-12-09 13:00:00,-0.0438434375210073,-0.43964893
2017-12-09 13:10:00,-0.0455204145363249,-0.41132265
2017-12-09 13:20:00,-0.0765444906979637,-0.38586256
2017-12-09 13:30:00,-0.0857678642822096,-0.36028168
2017-12-09 13:40:00,-0.0975067033894319,-0.33160272
2017-12-09 13:50:00,-0.1436235726889282,-0.3094543
2017-12-09 14:00:00,-0.144462061196587,-0.30711395
2017-12-09 14:10:00,-0.144462061196587,-0.30388358
2017-12-09 14:20:00,-0.1763246258658847,-0.30465022
2017-12-09 14:30:00,-0.1930943960190593,-0.3060561
2017-12-09 14:40:00,-0.2442421977427735,-0.3062974
2017-12-09 14:50:00,-0.2299878917343093,-0.30297515
2017-12-09 15:00:00,-0.2257954491960158,-0.31384185
2017-12-09 15:10:00,-0.211541144565817,-0.33178228
2017-12-09 15:20:00,-0.2693968529725357,-0.34587535
2017-12-09 15:30:00,-0.2911975555499286,-0.35166478
2017-12-09 15:40:00,-0.315513722272032,-0.34620413
2017-12-09 15:50:00,-0.2844896461103932,-0.32699558
2017-12-09 16:00:00,-0.2987439521188574,-0.3147283
2017-12-09 16:10:00,-0.2861666231257103,-0.29325858
2017-12-09 16:20:00,-0.266042898941901,-0.2528472
2017-12-09 16:30:00,-0.2065102135198647,-0.1857691
2017-12-09 16:40:00,-0.1109225208902373,-0.075314745
2017-12-09 16:50:00,-0.0337815754291026,0.09202008
2017-12-09 17:00:00,0.0467133240626677,0.21730632
2017-12-09 17:10:00,0.2546584808533627,0.38867006
2017-12-09 17:20:00,0.5976002915119114,0.5727265
2017-12-09 17:30:00,0.8323770805476852,0.73792297
2017-12-09 17:40:00,0.919579888100726,0.86476773
2017-12-09 17:50:00,0.8893943004467451,0.9521802
2017-12-09 18:00:00,0.9053255834705274,0.9711616
2017-12-09 18:10:00,0.8835248808931344,0.9904065
2017-12-09 18:20:00,0.8835248808931344,1.0010087
2017-12-09 18:30:00,0.8927482544773803,1.002972
2017-12-09 18:40:00,0.885201857908452,0.9941284
2017-12-09 18:50:00,0.8483083621932015,0.98128015
2017-12-09 19:00:00,0.8231537069634394,0.9565908
2017-12-09 19:10:00,0.8650781337246416,0.9285263
2017-12-09 19:20:00,0.8139303320009275,0.8996355
2017-12-09 19:30:00,0.8382465001012969,0.8672791
2017-12-09 19:40:00,0.7996760273707297,0.83413243
2017-12-09 19:50:00,0.7627825316554793,0.80671984
2017-12-09 20:00:00,0.7644595086707969,0.78235537
2017-12-09 20:10:00,0.751043692548257,0.75673366
2017-12-09 20:20:00,0.7242120589249121,0.73139983
2017-12-09 20:30:00,0.7141501968330065,0.7025427
2017-12-09 20:40:00,0.7284045028414712,0.67290866
2017-12-09 20:50:00,0.6504250688726773,0.63637716
2017-12-09 21:00:00,0.6177240156957208,0.5976619
2017-12-09 21:10:00,0.5875384280417407,0.5345934
2017-12-09 21:20:00,0.5489679553111727,0.44573137
2017-12-09 21:30:00,0.5070435285499704,0.33859888
2017-12-09 21:40:00,0.4776964307819151,0.22469667
2017-12-09 21:50:00,0.4584111937274986,0.10361312
2017-12-09 22:00:00,0.4064249048743906,-0.0074695647
2017-12-09 22:10:00,0.3410227998987437,-0.1470614
2017-12-09 22:20:00,0.2513045268227274,-0.3029442
2017-12-09 22:30:00,0.1917718400224262,-0.45064875
2017-12-09 22:40:00,0.1037305439617275,-0.5800657
2017-12-09 22:50:00,0.0341359964477866,-0.7018881
2017-12-09 23:00:00,-0.1042146114507018,-0.81316584
2017-12-09 23:10:00,-0.1998023054585948,-0.9244533
2017-12-09 23:20:00,-0.2928745325652457,-1.0192349
2017-12-09 23:30:00,-0.4060704838557066,-1.0919259
2017-12-09 23:40:00,-0.4957887569317229,-1.1491201
2017-12-09 23:50:00,-0.597245870493227,-1.1906972
2017-12-10 00:00:00,-0.7196651953679342,-1.2212119
2017-12-10 00:10:00,-0.7582356680985017,-1.2472544
2017-12-10 00:20:00,-0.8404075446055893,-1.270432
2017-12-10 00:30:00,-0.9183869785743828,-1.2896814
2017-12-10 00:40:00,-0.9871430375806648,-1.3040745
2017-12-10 00:50:00,-1.0533836324422363,-1.3172927
2017-12-10 01:00:00,-1.1363939974569828,-1.3288541
2017-12-10 01:10:00,-1.2017961024326298,-1.3396115
2017-12-10 01:20:00,-1.2185658739640703,-1.349782
2017-12-10 01:30:00,-1.253782391285737,-1.3595577
2017-12-10 01:40:00,-1.302414727486475,-1.3679633
2017-12-10 01:50:00,-1.3166690321166736,-1.3756447
2017-12-10 02:00:00,-1.352724039324265,-1.3814956
2017-12-10 02:10:00,-1.4298649834071346,-1.3864505
2017-12-10 02:20:00,-1.44328080090794,-1.3920946
2017-12-10 02:30:00,-1.4608890595687734,-1.3976945
2017-12-10 02:40:00,-1.4793358081155312,-1.4032098
2017-12-10 02:50:00,-1.4977825552840234,-1.4067738
2017-12-10 03:00:00,-1.5388684935375674,-1.4102452
2017-12-10 03:10:00,-1.5631846602596708,-1.4135967
2017-12-10 03:20:00,-1.6193633930293372,-1.4161731
2017-12-10 03:30:00,-1.6596108427752223,-1.4170926
2017-12-10 03:40:00,-1.683088520989667,-1.4169822
2017-12-10 03:50:00,-1.677219101436056,-1.4172332
2017-12-10 04:00:00,-1.6738651474054207,-1.4146562
2017-12-10 04:10:00,-1.6478720022897342,-1.4030336
2017-12-10 04:20:00,-1.6554184002369283,-1.3752606
2017-12-10 04:30:00,-1.6118169964604083,-1.3296608
2017-12-10 04:40:00,-1.6042705985132142,-1.2681918
2017-12-10 04:50:00,-1.598401178959603,-1.1993753
2017-12-10 05:00:00,-1.6218788585523136,-1.0928087
2017-12-10 05:10:00,-1.6084630410515084,-0.96682227
2017-12-10 05:20:00,-1.6093015295591666,-0.89581966
2017-12-10 05:30:00,-1.584146874329405,-0.9726691
2017-12-10 05:40:00,-1.4885591816997774,-1.1722004
2017-12-10 05:50:00,-1.464243013599409,-1.3562376
2017-12-10 06:00:00,-1.499459532299341,-1.3726473
2017-12-10 06:10:00,-1.5011365093146587,-1.3853185
2017-12-10 06:20:00,-1.4919131357304125,-1.3927658
2017-12-10 06:30:00,-1.5070059288682698,-1.3959552
2017-12-10 06:40:00,-1.626909789598266,-1.3986425
2017-12-10 06:50:00,-1.806346335750298,-1.4011488
2017-12-10 07:00:00,-1.962305203687886,-1.4065496
2017-12-10 07:10:00,-1.9924907899636009,-1.4044342
2017-12-10 07:20:00,-2.034415216724803,-1.4020362
2017-12-10 07:30:00,-2.0168069580639694,-1.3979368
2017-12-10 07:40:00,-1.9950062554865764,-1.3926538
2017-12-10 07:50:00,-1.9757210198104251,-1.3882351
2017-12-10 08:00:00,-1.934635081556882,-1.3874929
2017-12-10 08:10:00,-1.8801333271807985,-1.3798127
2017-12-10 08:20:00,-1.7962844736583934,-1.370451
2017-12-10 08:30:00,-1.756875512420167,-1.3571696
2017-12-10 08:40:00,-1.681411543974349,-1.3457049
2017-12-10 08:50:00,-1.627748278105925,-1.3370991
2017-12-10 09:00:00,-1.512036859914222,-1.3283682
2017-12-10 09:10:00,-1.445796266430916,-1.3144712
2017-12-10 09:20:00,-1.3342772907775071,-1.2933857
2017-12-10 09:30:00,-1.2152119199334352,-1.2648075
2017-12-10 09:40:00,-1.1498098135795225,-1.2230449
2017-12-10 09:50:00,-1.0324214183725025,-1.1727136
2017-12-10 10:00:00,-0.9200639555897004,-1.1211382
2017-12-10 10:10:00,-0.8186068434064618,-1.0646924
2017-12-10 10:20:00,-0.7355964783917155,-0.9983401
2017-12-10 10:30:00,-0.6810947226373666,-0.9372343
2017-12-10 10:40:00,-0.6349778533378703,-0.8809729
2017-12-10 10:50:00,-0.5930534265766679,-0.83133686
2017-12-10 11:00:00,-0.4924348029010881,-0.8058099
2017-12-10 11:10:00,-0.4588952612164729,-0.78930414
2017-12-10 11:20:00,-0.4077474608710242,-0.7642999
2017-12-10 11:30:00,-0.3675000111251395,-0.74198717
2017-12-10 11:40:00,-0.3691769881404567,-0.74160963
2017-12-10 11:50:00,-0.3658230341098219,-0.769729
2017-12-10 12:00:00,-0.3993625757944372,-0.8174508
2017-12-10 12:10:00,-0.4002010643020955,-0.86247724
2017-12-10 12:20:00,-0.4127783919169766,-0.91530937
2017-12-10 12:30:00,-0.4765035212555719,-0.9714684
2017-12-10 12:40:00,-0.5284898101086793,-1.0049536
2017-12-10 12:50:00,-0.5066891075312864,-1.0111833
2017-12-10 13:00:00,-0.4890808488704529,-0.994443
2017-12-10 13:10:00,-0.5050121305159693,-0.9685429
2017-12-10 13:20:00,-0.5343592296622904,-0.9311803
2017-12-10 13:30:00,-0.5142355054784806,-0.8888262
2017-12-10 13:40:00,-0.5175894595091158,-0.84401757
2017-12-10 13:50:00,-0.4983042224546993,-0.7984974
2017-12-10 14:00:00,-0.4773420097632306,-0.76524293
2017-12-10 14:10:00,-0.4689571246866436,-0.7321005
2017-12-10 14:20:00,-0.4555413071858382,-0.70415044
2017-12-10 14:30:00,-0.5033351535006516,-0.6727028
2017-12-10 14:40:00,-0.579637610454128,-0.6445966
2017-12-10 14:50:00,-0.6089847096004493,-0.6172522
2017-12-10 15:00:00,-0.6333008763225526,-0.6051643
2017-12-10 15:10:00,-0.6735483260684378,-0.59043974
2017-12-10 15:20:00,-0.6383318073685055,-0.57621163
2017-12-10 15:30:00,-0.6517476248693108,-0.5593011
2017-12-10 15:40:00,-0.6819332111450254,-0.53120893
2017-12-10 15:50:00,-0.7129572873066642,-0.49863544
2017-12-10 16:00:00,-0.7104418217836878,-0.47969
2017-12-10 16:10:00,-0.731404035853422,-0.4578202
2017-12-10 16:20:00,-0.7171497298449577,-0.4275517
2017-12-10 16:30:00,-0.7012184481994419,-0.3848689
2017-12-10 16:40:00,-0.629946922291918,-0.32765397
2017-12-10 16:50:00,-0.5159124824937983,-0.25336513
2017-12-10 17:00:00,-0.4220017668794884,-0.21350293
2017-12-10 17:10:00,-0.2274724262113334,-0.14927986
2017-12-10 17:20:00,0.1817099779305215,-0.05393209
2017-12-10 17:30:00,0.4550572396968634,0.08509143
2017-12-10 17:40:00,0.5590298187813434,0.26334834
2017-12-10 17:50:00,0.5967618030042526,0.45314288
2017-12-10 18:00:00,0.6051466880808397,0.4865808
2017-12-10 18:10:00,0.5892154050570584,0.5258374
2017-12-10 18:20:00,0.5623837728119786,0.57012343
2017-12-10 18:30:00,0.595084824610669,0.6220283
2017-12-10 18:40:00,0.5892154050570584,0.675021
2017-12-10 18:50:00,0.6244319237569902,0.71772486
2017-12-10 19:00:00,0.6370092513718714,0.715756
2017-12-10 19:10:00,0.68144914365605,0.71940356
2017-12-10 19:20:00,0.6739027470871218,0.7299124
2017-12-10 19:30:00,0.6739027470871218,0.74099
2017-12-10 19:40:00,0.6537790229033125,0.7509541
2017-12-10 19:50:00,0.6915110071262207,0.76086056
2017-12-10 20:00:00,0.7225350819095946,0.7567461
2017-12-10 20:10:00,0.6898340301109032,0.7487339
2017-12-10 20:20:00,0.6261089007723079,0.735737
2017-12-10 20:30:00,0.6160470386804032,0.72512394
2017-12-10 20:40:00,0.6110161076344514,0.7157094
2017-12-10 20:50:00,0.5598683072890022,0.7051471
2017-12-10 21:00:00,0.5288442311273633,0.6807552
2017-12-10 21:10:00,0.5137514379895058,0.6350948
2017-12-10 21:20:00,0.4718270112283035,0.5500769
2017-12-10 21:30:00,0.4475108431279351,0.43517002
2017-12-10 21:40:00,0.374562340205093,0.3017874
2017-12-10 21:50:00,0.3326379148221566,0.15717933
2017-12-10 22:00:00,0.2865210441443943,0.000612054
2017-12-10 22:10:00,0.2269883587223591,-0.18497989
2017-12-10 22:20:00,0.1381085741540016,-0.40530837
2017-12-10 22:30:00,0.0441978585396913,-0.63017565
2017-12-10 22:40:00,-0.0681596056213762,-0.77564925
2017-12-10 22:50:00,-0.1746476488505671,-0.8472424
2017-12-10 23:00:00,-0.2400497538262145,-0.8931653
2017-12-10 23:10:00,-0.3398298903724009,-0.97466254
2017-12-10 23:20:00,-0.4136168804246354,-1.0645686
2017-12-10 23:30:00,-0.5201049250320918,-1.1371925
2017-12-10 23:40:00,-0.6400087857620881,-1.1912824
2017-12-10 23:50:00,-0.702895425214759,-1.2284191
2017-12-11 00:00:00,-0.7758439281376007,-1.2503061
2017-12-11 00:10:00,-0.8915553449510375,-1.2688931
2017-12-11 00:20:00,-0.9879815260883236,-1.2854505
2017-12-11 00:30:00,-1.0558990979652123,-1.3006271
2017-12-11 00:40:00,-1.115431783387249,-1.3141499
2017-12-11 00:50:00,-1.1758029586952088,-1.3269162
2017-12-11 01:00:00,-1.2194043624717288,-1.3367589
2017-12-11 01:10:00,-1.2579748352022964,-1.3464361
2017-12-11 01:20:00,-1.2864834444626938,-1.3554182
2017-12-11 01:30:00,-1.3577549703702172,-1.363725
2017-12-11 01:40:00,-1.3678168324621225,-1.372736
2017-12-11 01:50:00,-1.4013563741467376,-1.3816547
2017-12-11 02:00:00,-1.4248340523611822,-1.3881116
2017-12-11 02:10:00,-1.4818512736385077,-1.3944917
2017-12-11 02:20:00,-1.5019749978223174,-1.3997936
2017-12-11 02:30:00,-1.5036519748376345,-1.4057536
2017-12-11 02:40:00,-1.3686553209697812,-1.4123484
2017-12-11 02:50:00,-1.3552395048472412,-1.4181883
2017-12-11 03:00:00,-1.365301366939146,-1.4232094
2017-12-11 03:10:00,-1.393809977577809,-1.4281635
2017-12-11 03:20:00,-1.3871020681382735,-1.4328315
2017-12-11 03:30:00,-1.4281880063918169,-1.4366262
2017-12-11 03:40:00,-1.5028134863299758,-1.4380233
2017-12-11 03:50:00,-1.4944286012533887,-1.438288
2017-12-11 04:00:00,-1.4717894101683369,-1.4370499
2017-12-11 04:10:00,-1.4474732434462334,-1.4266881
2017-12-11 04:20:00,-1.3921330005624912,-1.4035993
2017-12-11 04:30:00,-1.4784973196078723,-1.3670418
2017-12-11 04:40:00,-1.5388684935375674,-1.3138868
2017-12-11 04:50:00,-1.5564767521984009,-1.2465587
2017-12-11 05:00:00,-1.5380300050299085,-1.1371039
2017-12-11 05:10:00,-1.565700127160912,-1.0050068
2017-12-11 05:20:00,-1.56737710417623,-0.9303206
2017-12-11 05:30:00,-1.5380300050299085,-1.0092876
2017-12-11 05:40:00,-1.4399268468773048,-1.2007097
2017-12-11 05:50:00,-1.382071137092321,-1.3786514
2017-12-11 06:00:00,-1.3728477635080747,-1.39573
2017-12-11 06:10:00,-1.4164491672845947,-1.406749
2017-12-11 06:20:00,-1.3334388022698485,-1.411756
2017-12-11 06:30:00,-1.31247658957838,-1.4146192
2017-12-11 06:40:00,-1.4055488166850312,-1.4155117
2017-12-11 06:50:00,-1.527129654430345,-1.4166386
2017-12-11 07:00:00,-1.4919131357304125,-1.4191887
2017-12-11 07:10:00,-1.2646827432635663,-1.4183745
2017-12-11 07:20:00,-1.244559017701491,-1.4165063
2017-12-11 07:30:00,-1.1867033092947727,-1.4063187
2017-12-11 07:40:00,-1.194249705863701,-1.3952594
2017-12-11 07:50:00,-1.194249705863701,-1.3756652
2017-12-11 08:00:00,-1.0424832818426726,-1.3518994
2017-12-11 08:10:00,-0.9200639555897004,-1.3060703
2017-12-11 08:20:00,-0.8462769641592004,-1.22665
2017-12-11 08:30:00,-0.7993216063520453,-1.122535
2017-12-11 08:40:00,-0.7557202025755253,-1.0874529
2017-12-11 08:50:00,-0.6525861133769691,-1.0630213
2017-12-11 09:00:00,-0.5351977181699493,-1.0647701
2017-12-11 09:10:00,-0.6198850602000132,-1.0565553
2017-12-11 09:20:00,-0.72218066089091,-1.0318251
2017-12-11 09:30:00,-0.6643249524841914,-1.0040057
2017-12-11 09:40:00,-0.5922149380690092,-0.94632584
2017-12-11 09:50:00,-0.5695757483622234,-0.8842297
2017-12-11 10:00:00,-0.4815344523015247,-0.8383749
2017-12-11 10:10:00,-0.4270326979254408,-0.8105842
2017-12-11 10:20:00,-0.3398298903724009,-0.8109631
2017-12-11 10:30:00,-0.2702353414801945,-0.76023525
2017-12-11 10:40:00,-0.2358573112879204,-0.6732219
2017-12-11 10:50:00,-0.1956098615420357,-0.59526217
2017-12-11 11:00:00,-0.1276922910434124,-0.5423983
2017-12-11 11:10:00,-0.0975067033894319,-0.47993526
2017-12-11 11:20:00,-0.0220427363218803,-0.41273364
2017-12-11 11:30:00,0.0492287895856441,-0.35099176
2017-12-11 11:40:00,0.0534212321239371,-0.3056219
2017-12-11 11:50:00,0.0903147278391876,-0.27912346
2017-12-11 12:00:00,0.1339161316157076,-0.2662171
2017-12-11 12:10:00,0.1607477652390523,-0.23730502
2017-12-11 12:20:00,0.1590707882237347,-0.23055968
2017-12-11 12:30:00,0.1481704362459063,-0.21430558
2017-12-11 12:40:00,0.1959642825607192,-0.16530389
2017-12-11 12:50:00,0.1557168341931005,-0.09103349
2017-12-11 13:00:00,0.1322391546003899,-0.00012453645
2017-12-11 13:10:00,0.0911532163468464,0.020394145
2017-12-11 13:20:00,0.0291050654018338,0.035624035
2017-12-11 13:30:00,-0.0002420337444874,0.040123124
2017-12-11 13:40:00,-0.0253966903525145,0.04959151
2017-12-11 13:50:00,-0.0346200639367609,0.060351364
2017-12-11 14:00:00,-0.0463589030439837,0.04039571
2017-12-11 14:10:00,-0.0740290251749873,0.009481602
2017-12-11 14:20:00,-0.1234998485051184,-0.021757845
2017-12-11 14:30:00,-0.1788400913888611,-0.0477732
2017-12-11 14:40:00,-0.1930943960190593,-0.0692907
2017-12-11 14:50:00,-0.2148950985964523,-0.09322797
2017-12-11 15:00:00,-0.2098641675504999,-0.131313
2017-12-11 15:10:00,-0.1629088097433448,-0.16254103
2017-12-11 15:20:00,-0.1478160152272218,-0.17759198
2017-12-11 15:30:00,-0.1411081071659523,-0.17954858
2017-12-11 15:40:00,-0.1788400913888611,-0.16632073
2017-12-11 15:50:00,-0.2090256790428411,-0.13472232
2017-12-11 16:00:00,-0.2610119678959486,-0.11411752
2017-12-11 16:10:00,-0.2769432495414645,-0.082991436
2017-12-11 16:20:00,-0.2425652207274559,-0.038058665
2017-12-11 16:30:00,-0.3054518601801269,0.023495851
2017-12-11 16:40:00,-0.3616305915715284,0.1069518
2017-12-11 16:50:00,-0.3197061648103256,0.20365158
2017-12-11 17:00:00,-0.2065102135198647,0.21139447
2017-12-11 17:10:00,0.0743834461936713,0.23720449
2017-12-11 17:20:00,0.4340950270053952,0.31528148
2017-12-11 17:30:00,0.7560746235942098,0.46001223
2017-12-11 17:40:00,0.859208712792765,0.67390513
2017-12-11 17:50:00,0.8432774311472496,0.900585
2017-12-11 18:00:00,0.8751399958165473,0.9869067
2017-12-11 18:10:00,0.8701090647705945,1.0636594
2017-12-11 18:20:00,0.8734630188012297,1.1157265
2017-12-11 18:30:00,0.8525008047314956,1.1426203
2017-12-11 18:40:00,0.8583702242851062,1.1462255
2017-12-11 18:50:00,0.7946450963247769,1.1342582
2017-12-11 19:00:00,0.7845832342328722,1.104363
2017-12-11 19:10:00,0.8541777817468131,1.0722201
2017-12-11 19:20:00,0.9531194297853404,1.0384555
2017-12-11 19:30:00,0.9271262846696544,0.99951535
2017-12-11 19:40:00,0.8860403464161108,0.96211034
2017-12-11 19:50:00,0.8902327889544038,0.92548734
2017-12-11 20:00:00,0.8625626682016663,0.89289707
2017-12-11 20:10:00,0.9405421007921942,0.8582048
2017-12-11 20:20:00,0.9128719800394556,0.82420963
2017-12-11 20:30:00,0.8919097659697215,0.79299086
2017-12-11 20:40:00,0.8441159196549085,0.76241845
2017-12-11 20:50:00,0.8231537069634394,0.73113394
2017-12-11 21:00:00,0.7493667155329394,0.70169586
2017-12-11 21:10:00,0.7149886853406653,0.63778317
2017-12-11 21:20:00,0.6881570530955855,0.5312192
2017-12-11 21:30:00,0.616885527188062,0.39103356
2017-12-11 21:40:00,0.5254902770967281,0.23740041
2017-12-11 21:50:00,0.4953046894427481,0.064669386
2017-12-11 22:00:00,0.404747927859073,-0.10524629
2017-12-11 22:10:00,0.3686929206514823,-0.3065946
2017-12-11 22:20:00,0.248789061299751,-0.49773768
2017-12-11 22:30:00,0.1523628787841993,-0.6291668
2017-12-11 22:40:00,0.0425208815243737,-0.70698625
2017-12-11 22:50:00,-0.0555822766282296,-0.77991277
2017-12-11 23:00:00,-0.1520084577655158,-0.86233324
2017-12-11 23:10:00,-0.2509501058040435,-0.9540145
2017-12-11 23:20:00,-0.3440223329106944,-1.0266626
2017-12-11 23:30:00,-0.4639261936406907,-1.0819995
2017-12-11 23:40:00,-0.6014383130315205,-1.1267779
2017-12-11 23:50:00,-0.702895425214759,-1.1609561
2017-12-12 00:00:00,-0.7976446293367276,-1.1885788
2017-12-12 00:10:00,-0.8915553449510375,-1.2080156
2017-12-12 00:20:00,-0.9770811754887602,-1.2247257
2017-12-12 00:30:00,-1.039129327812038,-1.2385753
2017-12-12 00:40:00,-1.10117747875705,-1.2507694
2017-12-12 00:50:00,-1.1623871411944031,-1.2605977
2017-12-12 01:00:00,-1.2059885449709238,-1.2716789
2017-12-12 01:10:00,-1.2319816900866098,-1.285461
2017-12-12 01:20:00,-1.285644955955035,-1.2990239
2017-12-12 01:30:00,-1.329246359731555,-1.313422
2017-12-12 01:40:00,-1.3686553209697812,-1.3279098
2017-12-12 01:50:00,-1.3988409086237612,-1.3413346
2017-12-12 02:00:00,-1.4298649834071346,-1.3544483
2017-12-12 02:10:00,-1.4449577779232576,-1.3650575
2017-12-12 02:20:00,-1.460050571061115,-1.3757039
2017-12-12 02:30:00,-1.5086829058835869,-1.385622
2017-12-12 02:40:00,-1.5170677909601744,-1.396513
2017-12-12 02:50:00,-1.5162293024525155,-1.4063857
2017-12-12 03:00:00,-1.52377570039971,-1.4142809
2017-12-12 03:10:00,-1.5564767521984009,-1.4202082
2017-12-12 03:20:00,-1.566538615668571,-1.4237113
2017-12-12 03:30:00,-1.622717347059972,-1.4241719
2017-12-12 03:40:00,-1.640325605720806,-1.4199917
2017-12-12 03:50:00,-1.6612878197905396,-1.4107612
2017-12-12 04:00:00,-1.6688342163594685,-1.3891159
2017-12-12 04:10:00,-1.640325605720806,-1.3480767
2017-12-12 04:20:00,-1.639487117213147,-1.2609495
2017-12-12 04:30:00,-1.6260713010906072,-1.1229957
2017-12-12 04:40:00,-1.6009166444825795,-0.9214986
2017-12-12 04:50:00,-1.584146874329405,-0.7253533
2017-12-12 05:00:00,-1.566538615668571,-0.5240409
2017-12-12 05:10:00,-1.5606691947366944,-0.40063432
2017-12-12 05:20:00,-1.555638263690742,-0.41259977
2017-12-12 05:30:00,-1.5397069820452265,-0.6102955
2017-12-12 05:40:00,-1.465081502107067,-0.959127
2017-12-12 05:50:00,-1.4005178856390788,-1.2723315
2017-12-12 06:00:00,-1.4332189388160348,-1.3177022
2017-12-12 06:10:00,-1.395486954593126,-1.3518064
2017-12-12 06:20:00,-1.3661398554468047,-1.3711762
2017-12-12 06:30:00,-1.34937008529363,-1.3836061
2017-12-12 06:40:00,-1.36949380947744,-1.3893812
2017-12-12 06:50:00,-1.4659199906147258,-1.3913202
2017-12-12 07:00:00,-1.4667584791223844,-1.3943553
2017-12-12 07:10:00,-1.4164491672845947,-1.3924549
2017-12-12 07:20:00,-1.4332189388160348,-1.3867345
2017-12-12 07:30:00,-1.4072257937003487,-1.3773899
2017-12-12 07:40:00,-1.4634045250917498,-1.3663535
2017-12-12 07:50:00,-1.4684354561377022,-1.3512509
2017-12-12 08:00:00,-1.3485315967859717,-1.3378148
2017-12-12 08:10:00,-1.2512669257627609,-1.3276774
2017-12-12 08:20:00,-1.1984421484019951,-1.314157
2017-12-12 08:30:00,-1.1799954012335028,-1.287579
2017-12-12 08:40:00,-1.0835692200962166,-1.2565154
2017-12-12 08:50:00,-1.021521067772939,-1.2230053
2017-12-12 09:00:00,-0.9209024440973592,-1.2016025
2017-12-12 09:10:00,-0.7817133476912118,-1.1689682
2017-12-12 09:20:00,-0.6953490286458308,-1.1279106
2017-12-12 09:30:00,-0.6224005257229891,-1.0638518
2017-12-12 09:40:00,-0.6249159912459655,-0.98160547
2017-12-12 09:50:00,-0.5871840070230568,-0.8728921
2017-12-12 10:00:00,-0.5201049250320918,-0.7696304
2017-12-12 10:10:00,-0.4211632783718296,-0.66776985
2017-12-12 10:20:00,-0.3356374478341074,-0.5440756
2017-12-12 10:30:00,-0.2861666231257103,-0.43669072
2017-12-12 10:40:00,-0.2484346402810675,-0.34967673
2017-12-12 10:50:00,-0.2459191747580911,-0.27840754
2017-12-12 11:00:00,-0.1889019534807658,-0.24353766
2017-12-12 11:10:00,-0.1654242752663212,-0.20742548
2017-12-12 11:20:00,-0.1352386876123407,-0.16238186
2017-12-12 11:30:00,-0.0916372838358207,-0.118862525
2017-12-12 11:40:00,-0.0899603068205036,-0.08375536
2017-12-12 11:50:00,-0.0128193613593685,-0.06795287
2017-12-12 12:00:00,-0.0203657579282967,-0.07051654
2017-12-12 12:10:00,0.0098198283474172,-0.08199312
2017-12-12 12:20:00,-0.0119808728517097,-0.091406986
2017-12-12 12:30:00,-0.0815754217439161,-0.09657602
2017-12-12 12:40:00,-0.0731905366673285,-0.101151064
2017-12-12 12:50:00,-0.0639671617048171,-0.09830934
2017-12-12 13:00:00,-0.118468917459166,-0.107304424
2017-12-12 13:10:00,-0.0933142608511384,-0.121933505
2017-12-12 13:20:00,-0.0807369332362573,-0.13398209
2017-12-12 13:30:00,-0.1285307795510712,-0.1462077
2017-12-12 13:40:00,-0.1528469462731746,-0.15107942
2017-12-12 13:50:00,-0.1629088097433448,-0.15110974
2017-12-12 14:00:00,-0.1344001991046824,-0.16813245
2017-12-12 14:10:00,-0.1344001991046824,-0.19098188
2017-12-12 14:20:00,-0.1327232220893648,-0.21301284
2017-12-12 14:30:00,-0.1369156646276583,-0.22903143
2017-12-12 14:40:00,-0.3264140728715955,-0.24481007
2017-12-12 14:50:00,-0.281135692079758,-0.25653833
2017-12-12 15:00:00,-0.322221630333302,-0.27466288
2017-12-12 15:10:00,-0.322221630333302,-0.2970361
2017-12-12 15:20:00,-0.3297680269022308,-0.3202675
2017-12-12 15:30:00,-0.3255755843639367,-0.34188426
2017-12-12 15:40:00,-0.3809158286259444,-0.35273
2017-12-12 15:50:00,-0.3431838444030357,-0.35049695
2017-12-12 16:00:00,-0.3272525613792543,-0.35338995
2017-12-12 16:10:00,-0.2735892955108292,-0.3579612
2017-12-12 16:20:00,-0.2408882423338733,-0.35897425
2017-12-12 16:30:00,-0.2283109147189922,-0.34676775
2017-12-12 16:40:00,-0.1520084577655158,-0.30040848
2017-12-12 16:50:00,-0.0924757723434796,-0.17568085
2017-12-12 17:00:00,0.0240741343558819,-0.07135181
2017-12-12 17:10:00,0.2135725425998191,0.119124904
2017-12-12 17:20:00,0.5757995889345184,0.3746467
2017-12-12 17:30:00,0.954796406800658,0.629155
2017-12-12 17:40:00,0.9916899011376424,0.8133586
2017-12-12 17:50:00,1.0109751381920589,0.93122035
2017-12-12 18:00:00,1.0118136266997175,0.9455742
2017-12-12 18:10:00,0.993366879531226,0.95257145
2017-12-12 18:20:00,0.9908514126299836,0.9568174
2017-12-12 18:30:00,0.9916899011376424,0.95941263
2017-12-12 18:40:00,0.9874974585993492,0.95593643
2017-12-12 18:50:00,0.9623428033695872,0.94730717
2017-12-12 19:00:00,0.9656967574002214,0.9262523
2017-12-12 19:10:00,0.9774355965074436,0.8966177
2017-12-12 19:20:00,0.9740816424768096,0.8638895
2017-12-12 19:30:00,0.8818479038778168,0.83432376
2017-12-12 19:40:00,0.8323770805476852,0.8095395
2017-12-12 19:50:00,0.7996760273707297,0.7890579
2017-12-12 20:00:00,0.7669749741937734,0.7668123
2017-12-12 20:10:00,0.8248306839787569,0.7421008
2017-12-12 20:20:00,0.8441159196549085,0.71668226
2017-12-12 20:30:00,0.8097378894626345,0.69129837
2017-12-12 20:40:00,0.8122533549856108,0.6733991
2017-12-12 20:50:00,0.7946450963247769,0.6490279
2017-12-12 21:00:00,0.7594285776248441,0.6225755
2017-12-12 21:10:00,0.7040883347411019,0.5698934
2017-12-12 21:20:00,0.6085006421114749,0.486374
2017-12-12 21:30:00,0.530521208142681,0.38285995
2017-12-12 21:40:00,0.4273871189441248,0.28753048
2017-12-12 21:50:00,0.3754008300910177,0.20617795
2017-12-12 22:00:00,0.3091602352294461,0.14485705
2017-12-12 22:10:00,0.2378887093219225,0.067174464
2017-12-12 22:20:00,0.1523628787841993,-0.034555294
2017-12-12 22:30:00,0.0265895998788573,-0.14919314
2017-12-12 22:40:00,-0.0715135596520114,-0.26070693
2017-12-12 22:50:00,-0.1914174190037422,-0.3620214
2017-12-12 23:00:00,-0.2920360440575875,-0.4730493
2017-12-12 23:10:00,-0.3792388516106273,-0.60964113
2017-12-12 23:20:00,-0.4874038718551358,-0.73484516
2017-12-12 23:30:00,-0.6265929682612826,-0.8394382
2017-12-12 23:40:00,-0.7188267068602754,-0.9314025
2017-12-12 23:50:00,-0.7859057902295054,-1.0088624
2017-12-13 00:00:00,-0.8638852241982994,-1.0702107
2017-12-13 00:10:00,-0.9485725662283628,-1.1208141
2017-12-13 00:20:00,-1.008943740158058,-1.1628764
2017-12-13 00:30:00,-1.0793767761796575,-1.199367
2017-12-13 00:40:00,-1.1204627144332011,-1.2276338
2017-12-13 00:50:00,-1.1799954012335028,-1.2486932
2017-12-13 01:00:00,-1.2428820406861738,-1.2652352
2017-12-13 01:10:00,-1.291514375508646,-1.283081
2017-12-13 01:20:00,-1.340985198838777,-1.3012614
2017-12-13 01:30:00,-1.3745247405233925,-1.3201735
2017-12-13 01:40:00,-1.4608890595687734,-1.3381288
2017-12-13 01:50:00,-1.4919131357304125,-1.3534083
2017-12-13 02:00:00,-1.5128753484218809,-1.3653545
2017-12-13 02:10:00,-1.5506073326447896,-1.3758025
2017-12-13 02:20:00,-1.590016293883016,-1.3859655
2017-12-13 02:30:00,-1.6118169964604083,-1.396612
2017-12-13 02:40:00,-1.6151709504910436,-1.4070712
2017-12-13 02:50:00,-1.6260713010906072,-1.4168175
2017-12-13 03:00:00,-1.6352946746748531,-1.424083
2017-12-13 03:10:00,-1.6847654980049849,-1.4302621
2017-12-13 03:20:00,-1.689796429050937,-1.4347223
2017-12-13 03:30:00,-1.7082431775976947,-1.4374645
2017-12-13 03:40:00,-1.700696781028766,-1.4423336
2017-12-13 03:50:00,-1.696504337112207,-1.446486
2017-12-13 04:00:00,-1.6931503830815715,-1.4483495
2017-12-13 04:10:00,-1.6956658486045482,-1.4466535
2017-12-13 04:20:00,-1.7099201546130125,-1.441175
2017-12-13 04:30:00,-1.7074046890900358,-1.4291692
2017-12-13 04:40:00,-1.689796429050937,-1.4146715
2017-12-13 04:50:00,-1.680573055466691,-1.3985327
2017-12-13 05:00:00,-1.6713496818824447,-1.3724918
2017-12-13 05:10:00,-1.647033513782076,-1.3383383
2017-12-13 05:20:00,-1.6478720022897342,-1.313118
2017-12-13 05:30:00,-1.626909789598266,-1.3169994
2017-12-13 05:40:00,-1.5170677909601744,-1.3611546
2017-12-13 05:50:00,-1.4223185868382058,-1.4178387
2017-12-13 06:00:00,-1.4273495178841582,-1.4305112
2017-12-13 06:10:00,-1.3854250911229558,-1.439827
2017-12-13 06:20:00,-1.3476931082783126,-1.4464684
2017-12-13 06:30:00,-1.3300848482392136,-1.45104
2017-12-13 06:40:00,-1.3594319473855347,-1.4555948
2017-12-13 06:50:00,-1.460050571061115,-1.4581211
2017-12-13 07:00:00,-1.4634045250917498,-1.4605155
2017-12-13 07:10:00,-1.382071137092321,-1.4603176
2017-12-13 07:20:00,-1.3711707864927571,-1.4573288
2017-12-13 07:30:00,-1.382909625599979,-1.453583
2017-12-13 07:40:00,-1.3795556715693449,-1.4469905
2017-12-13 07:50:00,-1.3988409086237612,-1.4384029
2017-12-13 08:00:00,-1.2889989099856696,-1.4304206
2017-12-13 08:10:00,-1.229466224563634,-1.4216992
2017-12-13 08:20:00,-1.166579583732697,-1.4094119
2017-12-13 08:30:00,-1.1221396914485189,-1.3934367
2017-12-13 08:40:00,-0.9963664125431768,-1.3740547
2017-12-13 08:50:00,-0.9359952372352162,-1.3537921
2017-12-13 09:00:00,-0.9032941840582602,-1.3386827
2017-12-13 09:10:00,-0.813575910982244,-1.3109307
2017-12-13 09:20:00,-0.7641050876521129,-1.2778654
2017-12-13 09:30:00,-0.690318097599878,-1.2327168
2017-12-13 09:40:00,-0.616531106169378,-1.1825039
2017-12-13 09:50:00,-0.6265929682612826,-1.1167195
2017-12-13 10:00:00,-0.5276513216010206,-1.0520306
2017-12-13 10:10:00,-0.4639261936406907,-0.9646511
2017-12-13 10:20:00,-0.3574381490332344,-0.8570867
2017-12-13 10:30:00,-0.3113212797337385,-0.73067313
2017-12-13 10:40:00,-0.2911975555499286,-0.6159697
2017-12-13 10:50:00,-0.2257954491960158,-0.5134187
2017-12-13 11:00:00,-0.2216030066577222,-0.4472313
2017-12-13 11:10:00,-0.224956960688357,-0.38596073
2017-12-13 11:20:00,-0.1562009016820748,-0.310392
2017-12-13 11:30:00,-0.1067300769736783,-0.23005608
2017-12-13 11:40:00,-0.0773829792056225,-0.16736254
2017-12-13 11:50:00,-0.0924757723434796,-0.13088492
2017-12-13 12:00:00,-0.0790599562209397,-0.11233723
2017-12-13 12:10:00,-0.068998094129035,-0.100256905
2017-12-13 12:20:00,-0.0438434375210073,-0.0963421
2017-12-13 12:30:00,-0.0840908872668925,-0.09553142
2017-12-13 12:40:00,-0.0874448412975272,-0.09453566
2017-12-13 12:50:00,-0.0782214677132814,-0.08246775
2017-12-13 13:00:00,-0.0958297263741148,-0.0785407
2017-12-13 13:10:00,-0.1117610093978961,-0.08474341
2017-12-13 13:20:00,-0.0983451918970907,-0.093367085
2017-12-13 13:30:00,-0.151169969257857,-0.09586564
2017-12-13 13:40:00,-0.1000221689124083,-0.098104835
2017-12-13 13:50:00,-0.155362413174416,-0.096803665
2017-12-13 14:00:00,-0.1729706718352495,-0.111699656
2017-12-13 14:10:00,-0.2543040598346787,-0.1290643
2017-12-13 14:20:00,-0.1746476488505671,-0.14711395
2017-12-13 14:30:00,-0.2107026560581587,-0.15993859
2017-12-13 14:40:00,-0.2006407939662536,-0.1753479
2017-12-13 14:50:00,-0.2140566100887935,-0.18911546
2017-12-13 15:00:00,-0.2652044104342422,-0.2093527
2017-12-13 15:10:00,-0.2761047610338056,-0.23460808
2017-12-13 15:20:00,-0.2383727768108968,-0.2576709
2017-12-13 15:30:00,-0.2668813874495598,-0.27977604
2017-12-13 15:40:00,-0.285328134618052,-0.299321
2017-12-13 15:50:00,-0.3012594176418333,-0.30190745
2017-12-13 16:00:00,-0.3238986073486196,-0.31196085
2017-12-13 16:10:00,-0.2995824406265157,-0.31092215
2017-12-13 16:20:00,-0.2727508070031709,-0.29082388
2017-12-13 16:30:00,-0.2308263802419681,-0.23917767
2017-12-13 16:40:00,-0.162070321235686,-0.13693997
2017-12-13 16:50:00,-0.0933142608511384,0.038208447
2017-12-13 17:00:00,-0.0329430869214438,0.1961202
2017-12-13 17:10:00,0.2110570770768427,0.39185873
2017-12-13 17:20:00,0.5288442311273633,0.6077508
2017-12-13 17:30:00,0.8961022085080155,0.7633471
2017-12-13 17:40:00,1.045353168384333,0.86469406
2017-12-13 17:50:00,1.0738617776447303,0.93191934
2017-12-13 18:00:00,1.0445146798766742,0.9395475
2017-12-13 18:10:00,1.0386452603230636,0.94458586
2017-12-13 18:20:00,1.0361297934218212,0.9442287
2017-12-13 18:30:00,0.9690507114308566,0.9442933
2017-12-13 18:40:00,0.9707276884461742,0.94087225
2017-12-13 18:50:00,0.9765971079997858,0.934961
2017-12-13 19:00:00,0.9967208335618604,0.92435104
2017-12-13 19:10:00,1.0084596726690835,0.9122131
2017-12-13 19:20:00,0.9992362990848368,0.8942682
2017-12-13 19:30:00,0.9908514126299836,0.8762277
2017-12-13 19:40:00,0.9522809412776816,0.84373635
2017-12-13 19:50:00,0.9514424527700236,0.8108995
2017-12-13 20:00:00,0.9254493076543366,0.78266317
2017-12-13 20:10:00,0.9422190778075118,0.75666517
2017-12-13 20:20:00,0.9472500088534636,0.72062373
2017-12-13 20:30:00,0.9321572157156072,0.68475646
2017-12-13 20:40:00,0.8868788349237696,0.64563245
2017-12-13 20:50:00,0.8533392932391544,0.60333186
2017-12-13 21:00:00,0.8063839354319992,0.5637022
2017-12-13 21:10:00,0.7401433419486935,0.49959835
2017-12-13 21:20:00,0.6655178620105348,0.40527847
2017-12-13 21:30:00,0.6235934352493324,0.2959852
2017-12-13 21:40:00,0.5221363230660939,0.17121552
2017-12-13 21:50:00,0.465119103167034,0.043589614
2017-12-13 22:00:00,0.4265486304364659,-0.06949127
2017-12-13 22:10:00,0.32676849389028,-0.21596399
2017-12-13 22:20:00,0.2420811518602156,-0.39583793
2017-12-13 22:30:00,0.1456549707229298,-0.5640739
2017-12-13 22:40:00,0.0240741343558819,-0.6896294
2017-12-13 22:50:00,-0.1092455424966547,-0.77631116
2017-12-13 23:00:00,-0.2316648687496269,-0.84526247
2017-12-13 23:10:00,-0.3197061648103256,-0.92966276
2017-12-13 23:20:00,-0.419486301356512,-1.0062325
2017-12-13 23:30:00,-0.5511290011937306,-1.0664272
2017-12-13 23:40:00,-0.6609709984535568,-1.1124876
2017-12-13 23:50:00,-0.7473353174989378,-1.1461004
2017-12-14 00:00:00,-0.8295071940060252,-1.1716032
2017-12-14 00:10:00,-0.9192254670820416,-1.1936476
2017-12-14 00:20:00,-0.9577959398126092,-1.2133224
2017-12-14 00:30:00,-1.048352701396284,-1.2315931
2017-12-14 00:40:00,-1.1036929442800263,-1.2488785
2017-12-14 00:50:00,-1.1431019055182527,-1.2632878
2017-12-14 01:00:00,-1.18838028631009,-1.2761128
2017-12-14 01:10:00,-1.2521054142704195,-1.2908373
2017-12-14 01:20:00,-1.298222283569916,-1.3078382
2017-12-14 01:30:00,-1.3166690321166736,-1.3247963
2017-12-14 01:40:00,-1.340985198838777,-1.3419454
2017-12-14 01:50:00,-1.393809977577809,-1.3574586
2017-12-14 02:00:00,-1.4634045250917498,-1.370743
2017-12-14 02:10:00,-1.512036859914222,-1.3836646
2017-12-14 02:20:00,-1.529645119953321,-1.3964597
2017-12-14 02:30:00,-1.555638263690742,-1.4080721
2017-12-14 02:40:00,-1.5782774547757932,-1.4190754
2017-12-14 02:50:00,-1.6000781559749206,-1.4292911
2017-12-14 03:00:00,-1.6302637436289007,-1.436621
2017-12-14 03:10:00,-1.6495489793050515,-1.4423519
2017-12-14 03:20:00,-1.647033513782076,-1.4467474
2017-12-14 03:30:00,-1.636133163182512,-1.4497633
2017-12-14 03:40:00,-1.6445180482590995,-1.451514
2017-12-14 03:50:00,-1.6495489793050515,-1.4523945
2017-12-14 04:00:00,-1.6520644448280282,-1.4502459
2017-12-14 04:10:00,-1.633617697659536,-1.438206
2017-12-14 04:20:00,-1.634456186167195,-1.4112635
2017-12-14 04:30:00,-1.614332461983385,-1.3663058
2017-12-14 04:40:00,-1.586662339852381,-1.2955103
2017-12-14 04:50:00,-1.562346171752012,-1.2046179
2017-12-14 05:00:00,-1.533837562491615,-1.0630106
2017-12-14 05:10:00,-1.521260234876734,-0.9159333
2017-12-14 05:20:00,-1.5153908139448569,-0.8630657
2017-12-14 05:30:00,-1.4919131357304125,-0.9796813
2017-12-14 05:40:00,-1.4164491672845947,-1.1916769
2017-12-14 05:50:00,-1.365301366939146,-1.3639538
2017-12-14 06:00:00,-1.4172876557922536,-1.3832324
2017-12-14 06:10:00,-1.3904560235471737,-1.3955708
2017-12-14 06:20:00,-1.3686553209697812,-1.4061997
2017-12-14 06:30:00,-1.340985198838777,-1.4103409
2017-12-14 06:40:00,-1.372009275000416,-1.4118576
2017-12-14 06:50:00,-1.432380448930111,-1.4154253
2017-12-14 07:00:00,-1.4206416098228882,-1.4211802
2017-12-14 07:10:00,-1.3896175350395148,-1.4224719
2017-12-14 07:20:00,-1.3921330005624912,-1.4210551
2017-12-14 07:30:00,-1.3736862520157336,-1.4182462
2017-12-14 07:40:00,-1.41309521325396,-1.4156318
2017-12-14 07:50:00,-1.4340574273236937,-1.4113336
2017-12-14 08:00:00,-1.3384697333158009,-1.4074543
2017-12-14 08:10:00,-1.244559017701491,-1.397849
2017-12-14 08:20:00,-1.1573562101484511,-1.3855956
2017-12-14 08:30:00,-1.11459329487959,-1.3682585
2017-12-14 08:40:00,-1.0064282746350814,-1.3478082
2017-12-14 08:50:00,-0.9485725662283628,-1.3253582
2017-12-14 09:00:00,-0.8655622012136169,-1.3005333
2017-12-14 09:10:00,-0.7607511336214777,-1.2624999
2017-12-14 09:20:00,-0.7037339137224179,-1.2169641
2017-12-14 09:30:00,-0.623239014230648,-1.1633905
2017-12-14 09:40:00,-0.5704142368698817,-1.0902036
2017-12-14 09:50:00,-0.5024966649929928,-1.001039
2017-12-14 10:00:00,-0.4261942094177819,-0.9149771
2017-12-14 10:10:00,-0.3540841950025996,-0.8172566
2017-12-14 10:20:00,-0.296228486595881,-0.7023843
2017-12-14 10:30:00,-0.2442421977427735,-0.5874336
2017-12-14 10:40:00,-0.2165720756117699,-0.4914678
2017-12-14 10:50:00,-0.2065102135198647,-0.4164083
2017-12-14 11:00:00,-0.2484346402810675,-0.37320676
2017-12-14 11:10:00,-0.1612318327280272,-0.325232
2017-12-14 11:20:00,-0.1310462450740472,-0.2689233
2017-12-14 11:30:00,-0.1478160152272218,-0.21807137
2017-12-14 11:40:00,-0.2056717250122059,-0.18532151
2017-12-14 11:50:00,-0.1536854347808334,-0.1677524
2017-12-14 12:00:00,-0.1595548557127101,-0.15770707
2017-12-14 12:10:00,-0.1771631143735435,-0.1518652
2017-12-14 12:20:00,-0.1712936948199324,-0.14902513
2017-12-14 12:30:00,-0.2039947479968888,-0.15045923
2017-12-14 12:40:00,-0.1989638169509359,-0.1499193
2017-12-14 12:50:00,-0.2325033572572857,-0.14624399
2017-12-14 13:00:00,-0.2325033572572857,-0.15278989
2017-12-14 13:10:00,-0.1930943960190593,-0.16138238
2017-12-14 13:20:00,-0.1889019534807658,-0.1685111
2017-12-14 13:30:00,-0.2241184721806982,-0.17576706
2017-12-14 13:40:00,-0.2333418457649445,-0.17611873
2017-12-14 13:50:00,-0.2509501058040435,-0.17185205
2017-12-14 14:00:00,-0.1914174190037422,-0.1774334
2017-12-14 14:10:00,-0.1889019534807658,-0.18606903
2017-12-14 14:20:00,-0.1847095109424723,-0.19738267
2017-12-14 14:30:00,-0.2039947479968888,-0.2043668
2017-12-14 14:40:00,-0.222441495165381,-0.21359435
2017-12-14 14:50:00,-0.2425652207274559,-0.2210837
2017-12-14 15:00:00,-0.2769432495414645,-0.23930195
2017-12-14 15:10:00,-0.3498917524643056,-0.2626137
2017-12-14 15:20:00,-0.2425652207274559,-0.2834113
2017-12-14 15:30:00,-0.0941527493587972,-0.30041808
2017-12-14 15:40:00,-0.0991836804047495,-0.30949634
2017-12-14 15:50:00,-0.1503314807501982,-0.3095415
2017-12-14 16:00:00,-0.1603933442203684,-0.31798634
2017-12-14 16:10:00,-0.1469775267195635,-0.32293448
2017-12-14 16:20:00,-0.1570393901897336,-0.31405967
2017-12-14 16:30:00,-0.1268538025357536,-0.28513741
2017-12-14 16:40:00,-0.038812506475055,-0.2219181
2017-12-14 16:50:00,0.0601291401852076,-0.11427683
2017-12-14 17:00:00,0.1297236890774135,-0.014744762
2017-12-14 17:10:00,0.3175451203060331,0.13105771
2017-12-14 17:20:00,0.6630023964875583,0.32822222
2017-12-14 17:30:00,0.989174435614667,0.55029684
2017-12-14 17:40:00,1.019360023268647,0.73222274
2017-12-14 17:50:00,0.9807895505380788,0.85208803
2017-12-14 18:00:00,0.9942053680388848,0.86931634
2017-12-14 18:10:00,0.9925283896453012,0.8841054
2017-12-14 18:20:00,1.009298161176741,0.8939839
2017-12-14 18:30:00,1.0185215347609882,0.9009391
2017-12-14 18:40:00,0.997559322069519,0.8963056
2017-12-14 18:50:00,1.0017517646078131,0.8881081
2017-12-14 19:00:00,0.9573118723236343,0.86538106
2017-12-14 19:10:00,0.9791125735227612,0.8342032
2017-12-14 19:20:00,0.9438960548228296,0.7993324
2017-12-14 19:30:00,0.9363496582539002,0.770884
2017-12-14 19:40:00,0.9044870935846026,0.7456871
2017-12-14 19:50:00,0.9044870935846026,0.72594905
2017-12-14 20:00:00,0.8625626682016663,0.70612514
2017-12-14 20:10:00,0.941380589299853,0.68231684
2017-12-14 20:20:00,0.9438960548228296,0.6573704
2017-12-14 20:30:00,0.9313187272079484,0.6356207
2017-12-14 20:40:00,0.8575317357774473,0.60985273
2017-12-14 20:50:00,0.8080609124473168,0.5751539
2017-12-14 21:00:00,0.7829062572175546,0.5489038
2017-12-14 21:10:00,0.7426588074716699,0.50295454
2017-12-14 21:20:00,0.7049268232487607,0.41568837
2017-12-14 21:30:00,0.6202394812186972,0.302053
2017-12-14 21:40:00,0.5330366736656573,0.18722329
2017-12-14 21:50:00,0.4659575916746928,0.07779278
2017-12-14 22:00:00,0.3754008300910177,-0.013088409
2017-12-14 22:10:00,0.3066447697064697,-0.131203
2017-12-14 22:20:00,0.2051876575232311,-0.2629227
2017-12-14 22:30:00,0.1297236890774135,-0.39451244
2017-12-14 22:40:00,0.0592906516775488,-0.51359755
2017-12-14 22:50:00,-0.0773829792056225,-0.6254466
2017-12-14 23:00:00,-0.1998023054585948,-0.7282309
2017-12-14 23:10:00,-0.3029363946571509,-0.8388409
2017-12-14 23:20:00,-0.4035550183327307,-0.93973494
2017-12-14 23:30:00,-0.5553214437320246,-1.024308
2017-12-14 23:40:00,-0.653424601884628,-1.0878584
2017-12-14 23:50:00,-0.7540432255602078,-1.1336979
2017-12-15 00:00:00,-0.8378920790826129,-1.1687269
2017-12-15 00:10:00,-0.8923938334586963,-1.1945608
2017-12-15 00:20:00,-0.9250948866356526,-1.2142503
2017-12-15 00:30:00,-0.9846275720576888,-1.2298268
2017-12-15 00:40:00,-1.0533836324422363,-1.2458112
2017-12-15 00:50:00,-1.1137548063719311,-1.2601283
2017-12-15 01:00:00,-1.1565177216407925,-1.2723553
2017-12-15 01:10:00,-1.2034730794479471,-1.2862241
2017-12-15 01:20:00,-1.272229139832495,-1.3010125
2017-12-15 01:30:00,-1.2831294904320585,-1.3178265
2017-12-15 01:40:00,-1.3116381010707214,-1.3352038
2017-12-15 01:50:00,-1.351885550816606,-1.3515626
2017-12-15 02:00:00,-1.3837481141076382,-1.3669606
2017-12-15 02:10:00,-1.3971639316084437,-1.3815613
2017-12-15 02:20:00,-1.421480098330547,-1.395545
2017-12-15 02:30:00,-1.4684354561377022,-1.4074621
2017-12-15 02:40:00,-1.4969440667763645,-1.4179766
2017-12-15 02:50:00,-1.549768844137131,-1.4270768
2017-12-15 03:00:00,-1.5883393168676985,-1.4349577
2017-12-15 03:10:00,-1.5942087364213096,-1.4418596
2017-12-15 03:20:00,-1.616009438998702,-1.447832
2017-12-15 03:30:00,-1.6311022321365596,-1.4518466
2017-12-15 03:40:00,-1.6411640942284642,-1.4541929
2017-12-15 03:50:00,-1.642002582736123,-1.4561647
2017-12-15 04:00:00,-1.6235558355676307,-1.4551017
2017-12-15 04:10:00,-1.616009438998702,-1.4468129
2017-12-15 04:20:00,-1.634456186167195,-1.426017
2017-12-15 04:30:00,-1.634456186167195,-1.3894241
2017-12-15 04:40:00,-1.6352946746748531,-1.333248
2017-12-15 04:50:00,-1.6109785079527497,-1.2629426
2017-12-15 05:00:00,-1.6084630410515084,-1.1540649
2017-12-15 05:10:00,-1.6009166444825795,-1.0206022
2017-12-15 05:20:00,-1.5573152407060595,-0.9381132
2017-12-15 05:30:00,-1.533837562491615,-1.0084155
2017-12-15 05:40:00,-1.486043716176801,-1.1835475
2017-12-15 05:50:00,-1.365301366939146,-1.3414929
2017-12-15 06:00:00,-1.3795556715693449,-1.3616295
2017-12-15 06:10:00,-1.358593458877876,-1.3772179
2017-12-15 06:20:00,-1.3275693827162371,-1.3891003
2017-12-15 06:30:00,-1.3275693827162371,-1.3959581
2017-12-15 06:40:00,-1.315830543609015,-1.3970708
2017-12-15 06:50:00,-1.382909625599979,-1.3970846
2017-12-15 07:00:00,-1.4172876557922536,-1.4032433
2017-12-15 07:10:00,-1.363624389923829,-1.4042997
2017-12-15 07:20:00,-1.3242154286856025,-1.3996158
2017-12-15 07:30:00,-1.3485315967859717,-1.3936787
2017-12-15 07:40:00,-1.4038718396697136,-1.3881842
2017-12-15 07:50:00,-1.4483117319538923,-1.3829286
2017-12-15 08:00:00,-1.3879405566459322,-1.3798065
2017-12-15 08:10:00,-1.2755830938631296,-1.3745465
2017-12-15 08:20:00,-1.1850263322794552,-1.3648739
2017-12-15 08:30:00,-1.0491911899039426,-1.3460269
2017-12-15 08:40:00,-1.00726676314274,-1.3231168
2017-12-15 08:50:00,-0.9351567487275574,-1.2965844
2017-12-15 09:00:00,-0.8018370718750217,-1.2746923
2017-12-15 09:10:00,-0.6752253030837554,-1.2391835
2017-12-15 09:20:00,-0.6517476248693108,-1.1952567
2017-12-15 09:30:00,-0.5536444667167071,-1.1322808
2017-12-15 09:40:00,-0.5142355054784806,-1.0610021
2017-12-15 09:50:00,-0.4890808488704529,-0.96777636
2017-12-15 10:00:00,-0.4287096749407584,-0.88133985
2017-12-15 10:10:00,-0.3926546677331672,-0.7785605
2017-12-15 10:20:00,-0.3423453558953773,-0.6595096
2017-12-15 10:30:00,-0.211541144565817,-0.5366127
2017-12-15 10:40:00,-0.2023177709815712,-0.4306067
2017-12-15 10:50:00,-0.1964483500496945,-0.35194358
2017-12-15 11:00:00,-0.1905789304960834,-0.30841678
2017-12-15 11:10:00,-0.1100840323825785,-0.25687936
2017-12-15 11:20:00,-0.0522283225975949,-0.21384045
2017-12-15 11:30:00,-0.0706750711443526,-0.16850358
2017-12-15 11:40:00,-0.0656441387201343,-0.1289188
2017-12-15 11:50:00,-0.0807369332362573,-0.110143304
2017-12-15 12:00:00,-0.1972868385573533,-0.10458338
2017-12-15 12:10:00,-0.2366957997955792,-0.10398656
2017-12-15 12:20:00,-0.2643659219265833,-0.10614927
2017-12-15 12:30:00,-0.3473762869413297,-0.10905591
2017-12-15 12:40:00,-0.3700154766481154,-0.115338445
2017-12-15 12:50:00,-0.3750464090723333,-0.11904015
2017-12-15 13:00:00,-0.2945515095805634,-0.12693375
2017-12-15 13:10:00,-0.2911975555499286,-0.1366489
2017-12-15 13:20:00,-0.3079673257031033,-0.15105805
2017-12-15 13:30:00,-0.2970669751035398,-0.16001734
2017-12-15 13:40:00,-0.2828126690950756,-0.16053887
2017-12-15 13:50:00,-0.3339604708187897,-0.15284964
2017-12-15 14:00:00,-0.3784003631029685,-0.15368833
2017-12-15 14:10:00,-0.3616305915715284,-0.16232497
2017-12-15 14:20:00,-0.3549226835102584,-0.17442119
2017-12-15 14:30:00,-0.322221630333302,-0.19068438
2017-12-15 14:40:00,-0.3012594176418333,-0.20131569
2017-12-15 14:50:00,-0.2844896461103932,-0.20834327
2017-12-15 15:00:00,-0.2702353414801945,-0.22872673
2017-12-15 15:10:00,-0.2257954491960158,-0.25406238
2017-12-15 15:20:00,-0.2685583644648769,-0.27447543
2017-12-15 15:30:00,-0.2769432495414645,-0.29391333
2017-12-15 15:40:00,-0.2828126690950756,-0.30555782
2017-12-15 15:50:00,-0.2710738299878533,-0.3047547
2017-12-15 16:00:00,-0.3146752337643732,-0.3138018
2017-12-15 16:10:00,-0.2945515095805634,-0.32166925
2017-12-15 16:20:00,-0.2325033572572857,-0.3241838
2017-12-15 16:30:00,-0.285328134618052,-0.31576732
2017-12-15 16:40:00,-0.3029363946571509,-0.2706582
2017-12-15 16:50:00,-0.2283109147189922,-0.16022907
2017-12-15 17:00:00,-0.118468917459166,-0.08598332
2017-12-15 17:10:00,0.0978611244081159,0.05769129
2017-12-15 17:20:00,0.4768579422742563,0.2893866
2017-12-15 17:30:00,0.8239921954710981,0.5255599
2017-12-15 17:40:00,0.8860403464161108,0.6882164
2017-12-15 17:50:00,0.8759784843242061,0.7786548
2017-12-15 18:00:00,0.8239921954710981,0.7765024
2017-12-15 18:10:00,0.8147688205085862,0.7774722
2017-12-15 18:20:00,0.8382465001012969,0.7815413
2017-12-15 18:30:00,0.8533392932391544,0.7931408
2017-12-15 18:40:00,0.8483083621932015,0.8042577
2017-12-15 18:50:00,0.867593599247618,0.8137154
2017-12-15 19:00:00,0.8868788349237696,0.79956234
2017-12-15 19:10:00,0.8038684699090228,0.78151387
2017-12-15 19:20:00,0.7418203189640111,0.76362115
2017-12-15 19:30:00,0.7024113577257842,0.7437232
2017-12-15 19:40:00,0.6797721666407335,0.7246339
2017-12-15 19:50:00,0.7099577542947135,0.7163568
2017-12-15 20:00:00,0.6822876321637089,0.71600395
2017-12-15 20:10:00,0.7476897385176218,0.71033216
2017-12-15 20:20:00,0.7476897385176218,0.7028459
2017-12-15 20:30:00,0.7367893879180583,0.6932165
2017-12-15 20:40:00,0.7309199683644476,0.6797878
2017-12-15 20:50:00,0.7040883347411019,0.66318697
2017-12-15 21:00:00,0.6965419381721736,0.64102024
2017-12-15 21:10:00,0.6630023964875583,0.58940166
2017-12-15 21:20:00,0.5355521391886338,0.5070458
2017-12-15 21:30:00,0.4584111937274986,0.40087405
2017-12-15 21:40:00,0.3645004781131883,0.28642538
2017-12-15 21:50:00,0.3301224479209143,0.17436852
2017-12-15 22:00:00,0.2957444191069062,0.07374652
2017-12-15 22:10:00,0.248789061299751,-0.054397274
2017-12-15 22:20:00,0.1557168341931005,-0.22164023
2017-12-15 22:30:00,0.0852837967932348,-0.38849112
2017-12-15 22:40:00,-0.0044344762827814,-0.5088661
2017-12-15 22:50:00,-0.1260153140280948,-0.59406257
2017-12-15 23:00:00,-0.1712936948199324,-0.6789928
2017-12-15 23:10:00,-0.285328134618052,-0.80450433
2017-12-15 23:20:00,-0.4002010643020955,-0.9285592
2017-12-15 23:30:00,-0.5050121305159693,-1.031735
2017-12-15 23:40:00,-0.5695757483622234,-1.1120827
2017-12-15 23:50:00,-0.657617044422922,-1.170132
2017-12-16 00:00:00,-0.7355964783917155,-1.2091588
2017-12-16 00:10:00,-0.8160913778834854,-1.2401192
2017-12-16 00:20:00,-0.8898783679357204,-1.2646031
2017-12-16 00:30:00,-0.9745657099657836,-1.2843161
2017-12-16 00:40:00,-1.02068257926528,-1.3002187
2017-12-16 00:50:00,-1.0978235247264152,-1.3128676
2017-12-16 01:00:00,-1.1690950506339388,-1.3219366
2017-12-16 01:10:00,-1.202634590940289,-1.3298192
2017-12-16 01:20:00,-1.272229139832495,-1.3393748
2017-12-16 01:30:00,-1.3577549703702172,-1.350555
2017-12-16 01:40:00,-1.3896175350395148,-1.3641772
2017-12-16 01:50:00,-1.4273495178841582,-1.3767374
2017-12-16 02:00:00,-1.4566966170304798,-1.387053
2017-12-16 02:10:00,-1.464243013599409,-1.3969944
2017-12-16 02:20:00,-1.5011365093146587,-1.4060667
2017-12-16 02:30:00,-1.528806631445662,-1.4150007
2017-12-16 02:40:00,-1.5220987233843923,-1.4234736
2017-12-16 02:50:00,-1.5573152407060595,-1.4312716
2017-12-16 03:00:00,-1.602593621497897,-1.43615
2017-12-16 03:10:00,-1.6193633930293372,-1.4408672
2017-12-16 03:20:00,-1.626909789598266,-1.4433676
2017-12-16 03:30:00,-1.6436795597514406,-1.4437935
2017-12-16 03:40:00,-1.6445180482590995,-1.4429455
2017-12-16 03:50:00,-1.6478720022897342,-1.4427273
2017-12-16 04:00:00,-1.6512259563203695,-1.4391351
2017-12-16 04:10:00,-1.6654802623288336,-1.425233
2017-12-16 04:20:00,-1.6612878197905396,-1.3978198
2017-12-16 04:30:00,-1.6679957278518096,-1.354202
2017-12-16 04:40:00,-1.6696727048671272,-1.2876537
2017-12-16 04:50:00,-1.6612878197905396,-1.203377
2017-12-16 05:00:00,-1.648710490797393,-1.088005
2017-12-16 05:10:00,-1.627748278105925,-0.9514098
2017-12-16 05:20:00,-1.616009438998702,-0.8772693
2017-12-16 05:30:00,-1.561507683244353,-0.9675508
2017-12-16 05:40:00,-1.542222447568202,-1.1666381
2017-12-16 05:50:00,-1.467596967630043,-1.350766
2017-12-16 06:00:00,-1.4784973196078723,-1.3742931
2017-12-16 06:10:00,-1.4717894101683369,-1.391838
2017-12-16 06:20:00,-1.467596967630043,-1.4046376
2017-12-16 06:30:00,-1.4348959158313523,-1.4128143
2017-12-16 06:40:00,-1.4885591816997774,-1.4202251
2017-12-16 06:50:00,-1.6017551329902384,-1.42559
2017-12-16 07:00:00,-1.6562568887445872,-1.4312053
2017-12-16 07:10:00,-1.5975626904519442,-1.4350933
2017-12-16 07:20:00,-1.6537414232216108,-1.434169
2017-12-16 07:30:00,-1.6235558355676307,-1.4255986
2017-12-16 07:40:00,-1.6218788585523136,-1.414408
2017-12-16 07:50:00,-1.639487117213147,-1.398706
2017-12-16 08:00:00,-1.5506073326447896,-1.3877935
2017-12-16 08:10:00,-1.4692739446453609,-1.377053
2017-12-16 08:20:00,-1.402194862654396,-1.362001
2017-12-16 08:30:00,-1.341823687346436,-1.3421198
2017-12-16 08:40:00,-1.2680366972942014,-1.3265127
2017-12-16 08:50:00,-1.2328201785942683,-1.3133235
2017-12-16 09:00:00,-1.1389094629799588,-1.3008578
2017-12-16 09:10:00,-1.0399678163196966,-1.27974
2017-12-16 09:20:00,-0.8605312701676641,-1.2531574
2017-12-16 09:30:00,-0.7951291638137518,-1.2133863
2017-12-16 09:40:00,-0.7716514855993066,-1.1665907
2017-12-16 09:50:00,-0.7188267068602754,-1.1026745
2017-12-16 10:00:00,-0.616531106169378,-1.0398383
2017-12-16 10:10:00,-0.5561599322396834,-0.9591916
2017-12-16 10:20:00,-0.5117200399555047,-0.86907154
2017-12-16 10:30:00,-0.4396100255403218,-0.7802138
2017-12-16 10:40:00,-0.4069089723633654,-0.6754261
2017-12-16 10:50:00,-0.352407217987282,-0.5884872
2017-12-16 11:00:00,-0.3448608214183533,-0.54032636
2017-12-16 11:10:00,-0.3230601188409608,-0.49258026
2017-12-16 11:20:00,-0.2836511576027344,-0.4467037
2017-12-16 11:30:00,-0.3171906992873496,-0.40648916
2017-12-16 11:40:00,-0.2844896461103932,-0.37360922
2017-12-16 11:50:00,-0.3255755843639367,-0.36174193
2017-12-16 12:00:00,-0.3415068673877185,-0.37081432
2017-12-16 12:10:00,-0.3431838444030357,-0.37942985
2017-12-16 12:20:00,-0.3431838444030357,-0.37628946
2017-12-16 12:30:00,-0.3431838444030357,-0.38310865
2017-12-16 12:40:00,-0.318029187795008,-0.37710193
2017-12-16 12:50:00,-0.289520578534611,-0.3513754
2017-12-16 13:00:00,-0.2844896461103932,-0.32886633
2017-12-16 13:10:00,-0.2668813874495598,-0.31948057
2017-12-16 13:20:00,-0.2576580138653134,-0.29935446
2017-12-16 13:30:00,-0.2668813874495598,-0.28326592
2017-12-16 13:40:00,-0.2819741805874168,-0.26566887
2017-12-16 13:50:00,-0.3029363946571509,-0.2453545
2017-12-16 14:00:00,-0.2836511576027344,-0.24701002
2017-12-16 14:10:00,-0.2836511576027344,-0.25337768
2017-12-16 14:20:00,-0.2677198759572181,-0.26047084
2017-12-16 14:30:00,-0.289520578534611,-0.26719847
2017-12-16 14:40:00,-0.2794587150644409,-0.2744136
2017-12-16 14:50:00,-0.3004209291341745,-0.27708068
2017-12-16 15:00:00,-0.4119399034093183,-0.28965345
2017-12-16 15:10:00,-0.4203247898641708,-0.30553526
2017-12-16 15:20:00,-0.3918161792255084,-0.33211342
2017-12-16 15:30:00,-0.4111014149016594,-0.3567237
2017-12-16 15:40:00,-0.4320636289713931,-0.3708493
2017-12-16 15:50:00,-0.415293857439953,-0.37610596
2017-12-16 16:00:00,-0.4379330485250042,-0.39498582
2017-12-16 16:10:00,-0.4396100255403218,-0.41009268
2017-12-16 16:20:00,-0.4471564221092506,-0.4112851
2017-12-16 16:30:00,-0.3985240872867784,-0.38869074
2017-12-16 16:40:00,-0.3658230341098219,-0.32335252
2017-12-16 16:50:00,-0.3272525613792543,-0.18486258
2017-12-16 17:00:00,-0.2534655713270199,-0.061725255
2017-12-16 17:10:00,-0.006111453298098,0.11892839
2017-12-16 17:20:00,0.3385073343757673,0.3239396
2017-12-16 17:30:00,0.6420401837960902,0.52439976
2017-12-16 17:40:00,0.7862602112481899,0.6791709
2017-12-16 17:50:00,0.8483083621932015,0.7824237
2017-12-16 18:00:00,0.8189612644251463,0.79848486
2017-12-16 18:10:00,0.8038684699090228,0.8130119
2017-12-16 18:20:00,0.7711674167320663,0.8282363
2017-12-16 18:30:00,0.7761983491562842,0.84260637
2017-12-16 18:40:00,0.7409818304563524,0.8532017
2017-12-16 18:50:00,0.7409818304563524,0.8614126
2017-12-16 19:00:00,0.7233735704172534,0.854199
2017-12-16 19:10:00,0.7577516006095264,0.8436267
2017-12-16 19:20:00,0.7535591580712334,0.8315546
2017-12-16 19:30:00,0.7460127615023041,0.8197922
2017-12-16 19:40:00,0.733435433887423,0.8089095
2017-12-16 19:50:00,0.7242120589249121,0.8025404
2017-12-16 20:00:00,0.6973804266798324,0.79424775
2017-12-16 20:10:00,0.7124732198176889,0.7842606
2017-12-16 20:20:00,0.6663563505181935,0.7734922
2017-12-16 20:30:00,0.6143700616650856,0.76092714
2017-12-16 20:40:00,0.586699939534082,0.7446596
2017-12-16 20:50:00,0.5397445817269269,0.7258781
2017-12-16 21:00:00,0.5179438805277998,0.7047692
2017-12-16 21:10:00,0.486919804366161,0.6623381
2017-12-16 21:20:00,0.4617651477581328,0.5905159
2017-12-16 21:30:00,0.434933515513054,0.4910477
2017-12-16 21:40:00,0.352761639005966,0.375976
2017-12-16 21:50:00,0.300775350152859,0.25372645
2017-12-16 22:00:00,0.2655588314529262,0.13462198
2017-12-16 22:10:00,0.2110570770768427,-0.006301908
2017-12-16 22:20:00,0.1464934592305886,-0.17336082
2017-12-16 22:30:00,0.0601291401852076,-0.3608289
2017-12-16 22:40:00,0.0014349432708302,-0.51067275
2017-12-16 22:50:00,-0.0706750711443526,-0.60180473
2017-12-16 23:00:00,-0.2199260296424046,-0.6745021
2017-12-16 23:10:00,-0.3054518601801269,-0.7990255
2017-12-16 23:20:00,-0.3943316447484843,-0.9317914
2017-12-16 23:30:00,-0.5318437641393146,-1.0389191
2017-12-16 23:40:00,-0.6073077325851322,-1.1156129
2017-12-16 23:50:00,-0.6794177456220489,-1.1700464
2017-12-17 00:00:00,-0.7666205531750888,-1.2037654
2017-12-17 00:10:00,-0.893232321966355,-1.2312949
2017-12-17 00:20:00,-0.9787581525040778,-1.2573329
2017-12-17 00:30:00,-1.058414563488189,-1.2801275
2017-12-17 00:40:00,-1.1229781799561775,-1.3009304
2017-12-17 00:50:00,-1.1908957518330665,-1.3198297
2017-12-17 01:00:00,-1.258813323709955,-1.3341233
2017-12-17 01:10:00,-1.2831294904320585,-1.3472545
2017-12-17 01:20:00,-1.3208614746549672,-1.3594705
2017-12-17 01:30:00,-1.3678168324621225,-1.3708507
2017-12-17 01:40:00,-1.4097412592233247,-1.3829588
2017-12-17 01:50:00,-1.4499887089692098,-1.3941976
2017-12-17 02:00:00,-1.5002980208069998,-1.4015561
2017-12-17 02:10:00,-1.511198371406563,-1.4090437
2017-12-17 02:20:00,-1.5564767521984009,-1.4156835
2017-12-17 02:30:00,-1.585823851344722,-1.4220681
2017-12-17 02:40:00,-1.595885713436627,-1.4278824
2017-12-17 02:50:00,-1.6185249045216783,-1.4334646
2017-12-17 03:00:00,-1.6797345669590318,-1.4379718
2017-12-17 03:10:00,-1.7233359707355518,-1.4415245
2017-12-17 03:20:00,-1.7233359707355518,-1.4452952
2017-12-17 03:30:00,-1.7233359707355518,-1.4487164
2017-12-17 03:40:00,-1.7426212077899683,-1.450618
2017-12-17 03:50:00,-1.768614351527389,-1.4518254
2017-12-17 04:00:00,-1.7769992366039769,-1.4524851
2017-12-17 04:10:00,-1.776160748096318,-1.4460888
2017-12-17 04:20:00,-1.765260397496755,-1.4307189
2017-12-17 04:30:00,-1.7593909779431434,-1.4075118
2017-12-17 04:40:00,-1.7535215583895325,-1.3753916
2017-12-17 04:50:00,-1.756875512420167,-1.3320321
2017-12-17 05:00:00,-1.7493291158512383,-1.2486192
2017-12-17 05:10:00,-1.744298184805286,-1.1474742
2017-12-17 05:20:00,-1.7124356201359885,-1.089412
2017-12-17 05:30:00,-1.7048892235670594,-1.1436191
2017-12-17 05:40:00,-1.663803285313516,-1.2752042
2017-12-17 05:50:00,-1.5539612866754244,-1.40127
2017-12-17 06:00:00,-1.5916932708983331,-1.4206111
2017-12-17 06:10:00,-1.593370247913651,-1.4317027
2017-12-17 06:20:00,-1.5740850122374996,-1.4386212
2017-12-17 06:30:00,-1.602593621497897,-1.442512
2017-12-17 06:40:00,-1.6747036359130796,-1.4443922
2017-12-17 06:50:00,-1.8206006403804968,-1.4456829
2017-12-17 07:00:00,-1.9589512482789853,-1.4479525
2017-12-17 07:10:00,-1.987459858917648,-1.4484851
2017-12-17 07:20:00,-2.034415216724803,-1.4474858
2017-12-17 07:30:00,-2.025191843140557,-1.4453104
2017-12-17 07:40:00,-2.003391140563164,-1.441698
2017-12-17 07:50:00,-1.987459858917648,-1.4368081
2017-12-17 08:00:00,-1.9530818287253744,-1.4334648
2017-12-17 08:10:00,-1.954758805740692,-1.4310975
2017-12-17 08:20:00,-1.8834872812114327,-1.4236575
2017-12-17 08:30:00,-1.8424013429578896,-1.4148571
2017-12-17 08:40:00,-1.7954459851507345,-1.4071732
2017-12-17 08:50:00,-1.7384287638734093,-1.4006517
2017-12-17 09:00:00,-1.636971651690171,-1.3933377
2017-12-17 09:10:00,-1.535514539506932,-1.3778064
2017-12-17 09:20:00,-1.421480098330547,-1.3602638
2017-12-17 09:30:00,-1.350208573801289,-1.3410134
2017-12-17 09:40:00,-1.2873219329703525,-1.318605
2017-12-17 09:50:00,-1.2202428509793877,-1.2861767
2017-12-17 10:00:00,-1.166579583732697,-1.2559271
2017-12-17 10:10:00,-1.0894386396498277,-1.2149413
2017-12-17 10:20:00,-1.0265519988188914,-1.1665634
2017-12-17 10:30:00,-0.9888200145959825,-1.1080655
2017-12-17 10:40:00,-0.9603114053355856,-1.0402141
2017-12-17 10:50:00,-0.8856859253974263,-0.96953374
2017-12-17 11:00:00,-0.817768354898803,-0.9274778
2017-12-17 11:10:00,-0.7775209051529183,-0.88262725
2017-12-17 11:20:00,-0.7246961264138865,-0.84399587
2017-12-17 11:30:00,-0.6919950746151956,-0.79716575
2017-12-17 11:40:00,-0.6651634409918503,-0.76502174
2017-12-17 11:50:00,-0.6282699452766003,-0.7875503
2017-12-17 12:00:00,-0.603953778554497,-0.83586895
2017-12-17 12:10:00,-0.588860984038374,-0.8834707
2017-12-17 12:20:00,-0.5813145874694456,-0.9352868
2017-12-17 12:30:00,-0.588860984038374,-0.97844476
2017-12-17 12:40:00,-0.6374933188608467,-1.0107648
2017-12-17 12:50:00,-0.5871840070230568,-1.0217285
2017-12-17 13:00:00,-0.5704142368698817,-1.015186
2017-12-17 13:10:00,-0.5720912138851992,-0.99432486
2017-12-17 13:20:00,-0.609823198108108,-0.9627572
2017-12-17 13:30:00,-0.6173695946770368,-0.92930555
2017-12-17 13:40:00,-0.629946922291918,-0.89260864
2017-12-17 13:50:00,-0.6282699452766003,-0.85573155
2017-12-17 14:00:00,-0.6115001751234257,-0.83666664
2017-12-17 14:10:00,-0.6198850602000132,-0.8096587
2017-12-17 14:20:00,-0.6081462210927905,-0.78520447
2017-12-17 14:30:00,-0.6005998245238622,-0.7615703
2017-12-17 14:40:00,-0.6215620372153303,-0.7414584
2017-12-17 14:50:00,-0.6148541291540603,-0.7265089
2017-12-17 15:00:00,-0.683610189538608,-0.7316702
2017-12-17 15:10:00,-0.6844486780462669,-0.74331653
2017-12-17 15:20:00,-0.6987029826764655,-0.7578115
2017-12-17 15:30:00,-0.7406274094376678,-0.76919633
2017-12-17 15:40:00,-0.7255346149215454,-0.7732695
2017-12-17 15:50:00,-0.7305655473457632,-0.7691229
2017-12-17 16:00:00,-0.7288885703304455,-0.7698958
2017-12-17 16:10:00,-0.7196651953679342,-0.7652549
2017-12-17 16:20:00,-0.7196651953679342,-0.7501326
2017-12-17 16:30:00,-0.6802562341297078,-0.71890473
2017-12-17 16:40:00,-0.5964073819855682,-0.66733104
2017-12-17 16:50:00,-0.5377131836929258,-0.5940736
2017-12-17 17:00:00,-0.4412870025556395,-0.5333528
2017-12-17 17:10:00,-0.2383727768108968,-0.44323176
2017-12-17 17:20:00,0.0760604232089889,-0.31120405
2017-12-17 17:30:00,0.4500263086509105,-0.121615335
2017-12-17 17:40:00,0.5531603992277327,0.12479375
2017-12-17 17:50:00,0.5682531923655892,0.3790597
2017-12-17 18:00:00,0.5799920314728125,0.46313736
2017-12-17 18:10:00,0.595084824610669,0.5349797
2017-12-17 18:20:00,0.5992772685272281,0.5911556
2017-12-17 18:30:00,0.6344937858488959,0.6409859
2017-12-17 18:40:00,0.6311398318182607,0.6898985
2017-12-17 18:50:00,0.6286243662952843,0.72740114
2017-12-17 19:00:00,0.6588099539492643,0.7213456
2017-12-17 19:10:00,0.6621639079798995,0.716005
2017-12-17 19:20:00,0.6889955416032443,0.71614915
2017-12-17 19:30:00,0.6437171608114067,0.7208982
2017-12-17 19:40:00,0.7133117083253477,0.72991914
2017-12-17 19:50:00,0.6957034496645148,0.74464697
2017-12-17 20:00:00,0.6915110071262207,0.7456525
2017-12-17 20:10:00,0.7007343807104666,0.7446515
2017-12-17 20:20:00,0.6713872815641454,0.7422709
2017-12-17 20:30:00,0.6378477398795301,0.73676157
2017-12-17 20:40:00,0.6370092513718714,0.73158056
2017-12-17 20:50:00,0.595084824610669,0.7258364
2017-12-17 21:00:00,0.5187823690354586,0.71036714
2017-12-17 21:10:00,0.4659575916746928,0.6721191
2017-12-17 21:20:00,0.4206792108828553,0.6069999
2017-12-17 21:30:00,0.3670159436361647,0.51629514
2017-12-17 21:40:00,0.3158681432907155,0.40588972
2017-12-17 21:50:00,0.2798131360831248,0.28715476
2017-12-17 22:00:00,0.2261498702147003,0.16371924
2017-12-17 22:10:00,0.1741635813615923,0.033659678
2017-12-17 22:20:00,0.0777374002243065,-0.12232059
2017-12-17 22:30:00,0.0047888973014654,-0.33497712
2017-12-17 22:40:00,-0.1167919404438484,-0.54977745
2017-12-17 22:50:00,-0.2467576632657499,-0.6678823
2017-12-17 23:00:00,-0.3406683788800597,-0.70604134
2017-12-17 23:10:00,-0.4446409565862742,-0.7902556
2017-12-17 23:20:00,-0.5578369092550005,-0.911969
2017-12-17 23:30:00,-0.6475551823310168,-1.028405
2017-12-17 23:40:00,-0.7406274094376678,-1.1122195
2017-12-17 23:50:00,-0.8144143994899028,-1.1689174
2017-12-18 00:00:00,-0.904132673944184,-1.2013676
2017-12-18 00:10:00,-0.9946894355278592,-1.2277291
2017-12-18 00:20:00,-1.0953080592034388,-1.2520878
2017-12-18 00:30:00,-1.1690950506339388,-1.2733171
2017-12-18 00:40:00,-1.228627736055975,-1.2912338
2017-12-18 00:50:00,-1.2764215823707885,-1.3068188
2017-12-18 01:00:00,-1.329246359731555,-1.3195789
2017-12-18 01:10:00,-1.3795556715693449,-1.3327589
2017-12-18 01:20:00,-1.4105797477309836,-1.3469012
2017-12-18 01:30:00,-1.4491502204615512,-1.3622229
2017-12-18 01:40:00,-1.4726278986759958,-1.3783007
2017-12-18 01:50:00,-1.512036859914222,-1.3912449
2017-12-18 02:00:00,-1.5648616372749884,-1.4009557
2017-12-18 02:10:00,-1.584146874329405,-1.4102485
2017-12-18 02:20:00,-1.6084630410515084,-1.4194101
2017-12-18 02:30:00,-1.626909789598266,-1.4280901
2017-12-18 02:40:00,-1.6260713010906072,-1.4362998
2017-12-18 02:50:00,-1.6520644448280282,-1.4435401
2017-12-18 03:00:00,-1.6428410712437818,-1.4483705
2017-12-18 03:10:00,-1.6428410712437818,-1.4526023
2017-12-18 03:20:00,-1.652902933335687,-1.4558946
2017-12-18 03:30:00,-1.6629647968058572,-1.4579471
2017-12-18 03:40:00,-1.6755421244207382,-1.4595585
2017-12-18 03:50:00,-1.6730266588977618,-1.4614325
2017-12-18 04:00:00,-1.6671572393441507,-1.4610684
2017-12-18 04:10:00,-1.6671572393441507,-1.4557415
2017-12-18 04:20:00,-1.6495489793050515,-1.4421331
2017-12-18 04:30:00,-1.622717347059972,-1.42106
2017-12-18 04:40:00,-1.6084630410515084,-1.3922944
2017-12-18 04:50:00,-1.6151709504910436,-1.3553243
2017-12-18 05:00:00,-1.614332461983385,-1.2814038
2017-12-18 05:10:00,-1.6126554849680674,-1.1856039
2017-12-18 05:20:00,-1.5824698973140874,-1.1357906
2017-12-18 05:30:00,-1.5807929202987696,-1.1903532
2017-12-18 05:40:00,-1.518744767975492,-1.3194638
2017-12-18 05:50:00,-1.393809977577809,-1.4268037
2017-12-18 06:00:00,-1.4181261442999122,-1.4398488
2017-12-18 06:10:00,-1.402194862654396,-1.4483222
2017-12-18 06:20:00,-1.3896175350395148,-1.4524776
2017-12-18 06:30:00,-1.352724039324265,-1.4538548
2017-12-18 06:40:00,-1.3544010163395823,-1.4540932
2017-12-18 06:50:00,-1.421480098330547,-1.4557412
2017-12-18 07:00:00,-1.4181261442999122,-1.4576434
2017-12-18 07:10:00,-1.3711707864927571,-1.456171
2017-12-18 07:20:00,-1.3711707864927571,-1.4528074
2017-12-18 07:30:00,-1.3485315967859717,-1.4465549
2017-12-18 07:40:00,-1.3602704358931936,-1.4406282
2017-12-18 07:50:00,-1.3611089244008523,-1.4337097
2017-12-18 08:00:00,-1.2965453065545984,-1.4244698
2017-12-18 08:10:00,-1.194249705863701,-1.4149235
2017-12-18 08:20:00,-1.1171087604025662,-1.4013982
2017-12-18 08:30:00,-1.0542221209498954,-1.3843784
2017-12-18 08:40:00,-0.9972049010508356,-1.364932
2017-12-18 08:50:00,-0.9276103521586292,-1.3404737
2017-12-18 09:00:00,-0.8303456825136841,-1.319464
2017-12-18 09:10:00,-0.8840089483821092,-1.296808
2017-12-18 09:20:00,-0.7322425243610807,-1.266494
2017-12-18 09:30:00,-0.6584555329305803,-1.2258146
2017-12-18 09:40:00,-0.6182080831846957,-1.1704443
2017-12-18 09:50:00,-0.560352374777977,-1.1036978
2017-12-18 10:00:00,-0.5050121305159693,-1.0366278
2017-12-18 10:10:00,-0.4488333991245682,-0.94798684
2017-12-18 10:20:00,-0.3758848975799921,-0.84904605
2017-12-18 10:30:00,-0.3306065167881545,-0.74515533
2017-12-18 10:40:00,-0.2517885943117023,-0.64708966
2017-12-18 10:50:00,-0.2123796330734758,-0.5523607
2017-12-18 11:00:00,-0.1838710224348134,-0.47917768
2017-12-18 11:10:00,-0.1780016028812023,-0.40423238
2017-12-18 11:20:00,-0.1377541531353171,-0.33496967
2017-12-18 11:30:00,-0.1008606574200671,-0.2660918
2017-12-18 11:40:00,-0.0891218183128448,-0.2134934
2017-12-18 11:50:00,-0.0673211171137174,-0.19055629
2017-12-18 12:00:00,-0.0589362306588648,-0.17981933
2017-12-18 12:10:00,-0.0572592536435472,-0.17073214
2017-12-18 12:20:00,-0.0497128570746184,-0.16231006
2017-12-18 12:30:00,-0.0195272694206379,-0.15668103
2017-12-18 12:40:00,0.002273431778489,-0.15115812
2017-12-18 12:50:00,0.0207201789469807,-0.1413732
2017-12-18 13:00:00,-0.0572592536435472,-0.13805959
2017-12-18 13:10:00,-0.0941527493587972,-0.13866405
2017-12-18 13:20:00,-0.1058915884660195,-0.13826112
2017-12-18 13:30:00,-0.1520084577655158,-0.14148995
2017-12-18 13:40:00,-0.1754861373582259,-0.13971353
2017-12-18 13:50:00,-0.2308263802419681,-0.13869075
2017-12-18 14:00:00,-0.1578778786973924,-0.14788823
2017-12-18 14:10:00,-0.1377541531353171,-0.16215762
2017-12-18 14:20:00,-0.1461390382119047,-0.17787042
2017-12-18 14:30:00,-0.1788400913888611,-0.19376862
2017-12-18 14:40:00,-0.1930943960190593,-0.20742932
2017-12-18 14:50:00,-0.2408882423338733,-0.21967316
2017-12-18 15:00:00,-0.2635274334189246,-0.24296844
2017-12-18 15:10:00,-0.2526270828193611,-0.25498822
2017-12-18 15:20:00,-0.2727508070031709,-0.27172896
2017-12-18 15:30:00,-0.2819741805874168,-0.28215283
2017-12-18 15:40:00,-0.2861666231257103,-0.27993193
2017-12-18 15:50:00,-0.2610119678959486,-0.26157877
2017-12-18 16:00:00,-0.2425652207274559,-0.24908933
2017-12-18 16:10:00,-0.1998023054585948,-0.22220902
2017-12-18 16:20:00,-0.1939328845267181,-0.17096946
2017-12-18 16:30:00,-0.2023177709815712,-0.07990223
2017-12-18 16:40:00,-0.1478160152272218,0.062292326
2017-12-18 16:50:00,-0.0631286731971583,0.25450027
2017-12-18 17:00:00,0.0450363470473501,0.37796468
2017-12-18 17:10:00,0.2974213961222238,0.52733105
2017-12-18 17:20:00,0.7225350819095946,0.6807131
2017-12-18 17:30:00,0.9656967574002214,0.80794734
2017-12-18 17:40:00,1.0118136266997175,0.9000761
2017-12-18 17:50:00,1.0160060692380115,0.9592511
2017-12-18 18:00:00,1.0134906037150353,0.9622291
2017-12-18 18:10:00,1.0512225879379449,0.96046007
2017-12-18 18:20:00,1.122494112467202,0.95344585
2017-12-18 18:30:00,1.1006934112680753,0.9369413
2017-12-18 18:40:00,1.0747002661523892,0.9126013
2017-12-18 18:50:00,1.075538754660048,0.8829095
2017-12-18 19:00:00,1.0738617776447303,0.85391384
2017-12-18 19:10:00,1.0897930606685118,0.8253491
2017-12-18 19:20:00,1.0856006181302176,0.7976759
2017-12-18 19:30:00,1.0369682833077458,0.7771757
2017-12-18 19:40:00,0.9606658263542696,0.7628494
2017-12-18 19:50:00,0.9506039642623648,0.75822896
2017-12-18 20:00:00,0.9355111697462414,0.7489386
2017-12-18 20:10:00,0.9774355965074436,0.7347993
2017-12-18 20:20:00,0.9522809412776816,0.7202992
2017-12-18 20:30:00,0.9086795375011616,0.70374894
2017-12-18 20:40:00,0.8122533549856108,0.6835559
2017-12-18 20:50:00,0.7552361350865511,0.6624432
2017-12-18 21:00:00,0.7208581048942769,0.6387355
2017-12-18 21:10:00,0.6630023964875583,0.5870146
2017-12-18 21:20:00,0.595084824610669,0.49852654
2017-12-18 21:30:00,0.5095589954512127,0.38978538
2017-12-18 21:40:00,0.4257101419288072,0.27677903
2017-12-18 21:50:00,0.3603080355748942,0.16081417
2017-12-18 22:00:00,0.2873595340303191,0.046316303
2017-12-18 22:10:00,0.2026721920002547,-0.09382737
2017-12-18 22:20:00,0.1381085741540016,-0.24974647
2017-12-18 22:30:00,0.0819298427626006,-0.3956395
2017-12-18 22:40:00,0.002273431778489,-0.5119313
2017-12-18 22:50:00,-0.1201458944744837,-0.6041587
2017-12-18 23:00:00,-0.2333418457649445,-0.69392514
2017-12-18 23:10:00,-0.352407217987282,-0.7965138
2017-12-18 23:20:00,-0.4463179336015918,-0.8858463
2017-12-18 23:30:00,-0.5628678403009534,-0.9598358
2017-12-18 23:40:00,-0.7104418217836878,-1.0243859
2017-12-18 23:50:00,-0.8026755603826805,-1.0739772
2017-12-19 00:00:00,-0.8949092989816727,-1.1126411
2017-12-19 00:10:00,-0.9619883823509028,-1.1441144
2017-12-19 00:20:00,-1.038290839304379,-1.171839
2017-12-19 00:30:00,-1.1036929442800263,-1.1973509
2017-12-19 00:40:00,-1.1363939974569828,-1.2222421
2017-12-19 00:50:00,-1.1833493552641374,-1.244961
2017-12-19 01:00:00,-1.2898373984933285,-1.2654128
2017-12-19 01:10:00,-1.3435006643617535,-1.2868075
2017-12-19 01:20:00,-1.3980024201161023,-1.3079989
2017-12-19 01:30:00,-1.4407653353849637,-1.3291497
2017-12-19 01:40:00,-1.467596967630043,-1.349956
2017-12-19 01:50:00,-1.4843667391614834,-1.3686405
2017-12-19 02:00:00,-1.48017429662319,-1.3855088
2017-12-19 02:10:00,-1.4818512736385077,-1.4011828
2017-12-19 02:20:00,-1.5011365093146587,-1.4146109
2017-12-19 02:30:00,-1.4935901127457298,-1.4263027
2017-12-19 02:40:00,-1.506167440360611,-1.4363935
2017-12-19 02:50:00,-1.5447379130911785,-1.4452815
2017-12-19 03:00:00,-1.5531227981677656,-1.45218
2017-12-19 03:10:00,-1.566538615668571,-1.4581852
2017-12-19 03:20:00,-1.5975626904519442,-1.4625857
2017-12-19 03:30:00,-1.6151709504910436,-1.4663305
2017-12-19 03:40:00,-1.633617697659536,-1.468627
2017-12-19 03:50:00,-1.605109087020873,-1.4713013
2017-12-19 04:00:00,-1.6042705985132142,-1.4712787
2017-12-19 04:10:00,-1.614332461983385,-1.4651796
2017-12-19 04:20:00,-1.6311022321365596,-1.4537477
2017-12-19 04:30:00,-1.6042705985132142,-1.4358263
2017-12-19 04:40:00,-1.602593621497897,-1.4104819
2017-12-19 04:50:00,-1.639487117213147,-1.379032
2017-12-19 05:00:00,-1.6503874678127106,-1.3260329
2017-12-19 05:10:00,-1.6478720022897342,-1.2537367
2017-12-19 05:20:00,-1.6428410712437818,-1.2011209
2017-12-19 05:30:00,-1.6176864160140196,-1.2274599
2017-12-19 05:40:00,-1.542222447568202,-1.3192966
2017-12-19 05:50:00,-1.4030333511620547,-1.4091389
2017-12-19 06:00:00,-1.3711707864927571,-1.4220893
2017-12-19 06:10:00,-1.346016131262995,-1.4317476
2017-12-19 06:20:00,-1.3326003137621896,-1.4385257
2017-12-19 06:30:00,-1.300737750471158,-1.4417622
2017-12-19 06:40:00,-1.3233769401779436,-1.4439063
2017-12-19 06:50:00,-1.40638730519269,-1.4480045
2017-12-19 07:00:00,-1.3988409086237612,-1.4496734
2017-12-19 07:10:00,-1.3602704358931936,-1.4471736
2017-12-19 07:20:00,-1.365301366939146,-1.4417775
2017-12-19 07:30:00,-1.3602704358931936,-1.4333723
2017-12-19 07:40:00,-1.4013563741467376,-1.4229562
2017-12-19 07:50:00,-1.4013563741467376,-1.4089531
2017-12-19 08:00:00,-1.3208614746549672,-1.398966
2017-12-19 08:10:00,-1.2202428509793877,-1.386522
2017-12-19 08:20:00,-1.11459329487959,-1.368468
2017-12-19 08:30:00,-1.029905952849526,-1.349726
2017-12-19 08:40:00,-0.9812736180270536,-1.3299037
2017-12-19 08:50:00,-0.904132673944184,-1.3057531
2017-12-19 09:00:00,-0.8311841710213429,-1.29009
2017-12-19 09:10:00,-0.7800363706758943,-1.2708406
2017-12-19 09:20:00,-0.6894796090922196,-1.2413169
2017-12-19 09:30:00,-0.6173695946770368,-1.2025237
2017-12-19 09:40:00,-0.5947304035919856,-1.1467464
2017-12-19 09:50:00,-0.5528059782090482,-1.0859342
2017-12-19 10:00:00,-0.5217819020474094,-1.0327181
2017-12-19 10:10:00,-0.4018780413174131,-0.9497654
2017-12-19 10:20:00,-0.3540841950025996,-0.83813983
2017-12-19 10:30:00,-0.3498917524643056,-0.7307274
2017-12-19 10:40:00,-0.3163522107796909,-0.6351182
2017-12-19 10:50:00,-0.2509501058040435,-0.5334924
2017-12-19 11:00:00,-0.1947713730343769,-0.46090508
2017-12-19 11:10:00,-0.1645857867586624,-0.38531092
2017-12-19 11:20:00,-0.1344001991046824,-0.30864376
2017-12-19 11:30:00,-0.0790599562209397,-0.23592988
2017-12-19 11:40:00,-0.0564207651358884,-0.18111897
2017-12-19 11:50:00,-0.088283329805186,-0.15644272
2017-12-19 12:00:00,-0.0966682148817736,-0.15365034
2017-12-19 12:10:00,-0.0639671617048171,-0.15105912
2017-12-19 12:20:00,-0.0757060021903049,-0.14851493
2017-12-19 12:30:00,-0.094991237866456,-0.1503559
2017-12-19 12:40:00,-0.0924757723434796,-0.14887933
2017-12-19 12:50:00,-0.1134379864132137,-0.14076939
2017-12-19 13:00:00,-0.1771631143735435,-0.14376299
2017-12-19 13:10:00,-0.2023177709815712,-0.14894672
2017-12-19 13:20:00,-0.2073487020275235,-0.1515426
2017-12-19 13:30:00,-0.1947713730343769,-0.1531949
2017-12-19 13:40:00,-0.2434037092351147,-0.14746219
2017-12-19 13:50:00,-0.2534655713270199,-0.13957739
2017-12-19 14:00:00,-0.2299878917343093,-0.14332132
2017-12-19 14:10:00,-0.1805170684041782,-0.1532427
2017-12-19 14:20:00,-0.1671012522816383,-0.16741636
2017-12-19 14:30:00,-0.1847095109424723,-0.18350571
2017-12-19 14:40:00,-0.1922559075114005,-0.1966365
2017-12-19 14:50:00,-0.2576580138653134,-0.21019164
2017-12-19 15:00:00,-0.2802972035720992,-0.23172733
2017-12-19 15:10:00,-0.2828126690950756,-0.253096
2017-12-19 15:20:00,-0.2761047610338056,-0.27534986
2017-12-19 15:30:00,-0.3121597682413968,-0.29321495
2017-12-19 15:40:00,-0.3356374478341074,-0.2972268
2017-12-19 15:50:00,-0.3339604708187897,-0.28543487
2017-12-19 16:00:00,-0.3364759363417662,-0.27778137
2017-12-19 16:10:00,-0.3171906992873496,-0.26089123
2017-12-19 16:20:00,-0.2325033572572857,-0.21911682
2017-12-19 16:30:00,-0.1964483500496945,-0.13964573
2017-12-19 16:40:00,-0.1603933442203684,-0.012033038
2017-12-19 16:50:00,-0.0933142608511384,0.17331982
2017-12-19 17:00:00,0.0400054160013972,0.29823992
2017-12-19 17:10:00,0.2789746475754661,0.4479616
2017-12-19 17:20:00,0.6177240156957208,0.60828155
2017-12-19 17:30:00,0.919579888100726,0.750129
2017-12-19 17:40:00,1.0394837488307225,0.84798
2017-12-19 17:50:00,1.047030145399651,0.9096016
2017-12-19 18:00:00,1.088954572160853,0.91279066
2017-12-19 18:10:00,1.0897930606685118,0.90912473
2017-12-19 18:20:00,1.0679923580911188,0.9014143
2017-12-19 18:30:00,1.0512225879379449,0.89198834
2017-12-19 18:40:00,1.0185215347609882,0.8766565
2017-12-19 18:50:00,1.0151675807303528,0.8615156
2017-12-19 19:00:00,1.0252294428222577,0.84406346
2017-12-19 19:10:00,1.0403222373383805,0.8262905
2017-12-19 19:20:00,1.009298161176741,0.8070288
2017-12-19 19:30:00,0.9900129241223248,0.78376824
2017-12-19 19:40:00,0.9522809412776816,0.7657867
2017-12-19 19:50:00,0.928803261684972,0.75419635
2017-12-19 20:00:00,0.8826863923854755,0.7471493
2017-12-19 20:10:00,0.9187413995930672,0.7311689
2017-12-19 20:20:00,0.9506039642623648,0.70951796
2017-12-19 20:30:00,0.919579888100726,0.6862776
2017-12-19 20:40:00,0.8701090647705945,0.65812516
2017-12-19 20:50:00,0.7619440431478205,0.6296151
2017-12-19 21:00:00,0.716665662355983,0.5960861
2017-12-19 21:10:00,0.7099577542947135,0.5331039
2017-12-19 21:20:00,0.6680333275335112,0.4396213
2017-12-19 21:30:00,0.6202394812186972,0.32833707
2017-12-19 21:40:00,0.5422600472499033,0.21398738
2017-12-19 21:50:00,0.4659575916746928,0.1009928
2017-12-19 22:00:00,0.3863011806905813,0.0018601827
2017-12-19 22:10:00,0.3192220973213507,-0.116311505
2017-12-19 22:20:00,0.2370502208142637,-0.26724568
2017-12-19 22:30:00,0.1355931086310252,-0.41507605
2017-12-19 22:40:00,0.0031119202861478,-0.5284105
2017-12-19 22:50:00,-0.1453005497042458,-0.623707
2017-12-19 23:00:00,-0.2316648687496269,-0.7171061
2017-12-19 23:10:00,-0.3901392022101908,-0.8208001
2017-12-19 23:20:00,-0.4798574752862071,-0.91734153
2017-12-19 23:30:00,-0.5704142368698817,-0.9974703
2017-12-19 23:40:00,-0.6710328605454614,-1.0628468
2017-12-19 23:50:00,-0.7448198519759619,-1.1132854
2017-12-20 00:00:00,-0.8227992859447554,-1.1541073
2017-12-20 00:10:00,-0.893232321966355,-1.1887212
2017-12-20 00:20:00,-0.9762426869811014,-1.2146263
2017-12-20 00:30:00,-1.039129327812038,-1.2350678
2017-12-20 00:40:00,-1.1330400434263477,-1.2514501
2017-12-20 00:50:00,-1.235335644117245,-1.268329
2017-12-20 01:00:00,-1.3242154286856025,-1.2842693
2017-12-20 01:10:00,-1.3879405566459322,-1.2996535
2017-12-20 01:20:00,-1.4852052276691423,-1.3144121
2017-12-20 01:30:00,-1.527129654430345,-1.3285615
2017-12-20 01:40:00,-1.5053289518529522,-1.3433454
2017-12-20 01:50:00,-1.486043716176801,-1.3576033
2017-12-20 02:00:00,-1.5036519748376345,-1.370945
2017-12-20 02:10:00,-1.5480918671218131,-1.3842444
2017-12-20 02:20:00,-1.542222447568202,-1.3968382
2017-12-20 02:30:00,-1.5564767521984009,-1.4088349
2017-12-20 02:40:00,-1.570731058206865,-1.4197528
2017-12-20 02:50:00,-1.585823851344722,-1.4296906
2017-12-20 03:00:00,-1.5908547823906745,-1.43733
2017-12-20 03:10:00,-1.6168479275063607,-1.4449973
2017-12-20 03:20:00,-1.6243943240752896,-1.4512229
2017-12-20 03:30:00,-1.6151709504910436,-1.4562695
2017-12-20 03:40:00,-1.6017551329902384,-1.4594138
2017-12-20 03:50:00,-1.6009166444825795,-1.4615825
2017-12-20 04:00:00,-1.616009438998702,-1.461865
2017-12-20 04:10:00,-1.602593621497897,-1.454159
2017-12-20 04:20:00,-1.620201881536996,-1.4345756
2017-12-20 04:30:00,-1.6009166444825795,-1.3952017
2017-12-20 04:40:00,-1.593370247913651,-1.3369193
2017-12-20 04:50:00,-1.6260713010906072,-1.2588334
2017-12-20 05:00:00,-1.579115943283452,-1.1243588
2017-12-20 05:10:00,-1.5531227981677656,-0.9614335
2017-12-20 05:20:00,-1.561507683244353,-0.90124696
2017-12-20 05:30:00,-1.5455764015988374,-1.0101341
2017-12-20 05:40:00,-1.4952670897610474,-1.2115614
2017-12-20 05:50:00,-1.3644628784314872,-1.382014
2017-12-20 06:00:00,-1.36949380947744,-1.409224
2017-12-20 06:10:00,-1.3552395048472412,-1.4299958
2017-12-20 06:20:00,-1.3233769401779436,-1.4440088
2017-12-20 06:30:00,-1.278937047893765,-1.4528055
2017-12-20 06:40:00,-1.3242154286856025,-1.4561522
2017-12-20 06:50:00,-1.382071137092321,-1.4558412
2017-12-20 07:00:00,-1.421480098330547,-1.4565789
2017-12-20 07:10:00,-1.4156106787769358,-1.4547899
2017-12-20 07:20:00,-1.4105797477309836,-1.446691
2017-12-20 07:30:00,-1.3812326485846622,-1.4338195
2017-12-20 07:40:00,-1.3854250911229558,-1.4197401
2017-12-20 07:50:00,-1.4097412592233247,-1.4072471
2017-12-20 08:00:00,-1.3309233367468725,-1.397105
2017-12-20 08:10:00,-1.2495899487474438,-1.3817312
2017-12-20 08:20:00,-1.1850263322794552,-1.3630923
2017-12-20 08:30:00,-1.1196242259255422,-1.3384011
2017-12-20 08:40:00,-1.038290839304379,-1.3053691
2017-12-20 08:50:00,-1.004751297619764,-1.2712514
2017-12-20 09:00:00,-0.8915553449510375,-1.246289
2017-12-20 09:10:00,-0.7993216063520453,-1.2053955
2017-12-20 09:20:00,-0.7171497298449577,-1.1534946
2017-12-20 09:30:00,-0.6425242512850645,-1.091613
2017-12-20 09:40:00,-0.6056307555698145,-1.0201719
2017-12-20 09:50:00,-0.5569984207473423,-0.93331295
2017-12-20 10:00:00,-0.505850619023628,-0.8586152
2017-12-20 10:10:00,-0.419486301356512,-0.76142764
2017-12-20 10:20:00,-0.3876237366872144,-0.64531225
2017-12-20 10:30:00,-0.3046133716724686,-0.5308213
2017-12-20 10:40:00,-0.2761047610338056,-0.43134335
2017-12-20 10:50:00,-0.2761047610338056,-0.3367493
2017-12-20 11:00:00,-0.229149403226651,-0.28705075
2017-12-20 11:10:00,-0.1394311301506347,-0.24263176
2017-12-20 11:20:00,-0.1453005497042458,-0.18780205
2017-12-20 11:30:00,-0.0975067033894319,-0.13893314
2017-12-20 11:40:00,-0.1008606574200671,-0.103805706
2017-12-20 11:50:00,-0.0807369332362573,-0.091049716
2017-12-20 12:00:00,-0.0958297263741148,-0.09213239
2017-12-20 12:10:00,-0.0723520481596697,-0.094122306
2017-12-20 12:20:00,-0.0228812248295391,-0.09864664
2017-12-20 12:30:00,-0.0337815754291026,-0.109882176
2017-12-20 12:40:00,-0.0186887809129791,-0.11759378
2017-12-20 12:50:00,-0.0295891328908086,-0.12254031
2017-12-20 13:00:00,-0.0505513455822772,-0.13080662
2017-12-20 13:10:00,-0.0597747191665231,-0.13676701
2017-12-20 13:20:00,-0.0530668111052532,-0.14333332
2017-12-20 13:30:00,-0.0773829792056225,-0.1516324
2017-12-20 13:40:00,-0.0899603068205036,-0.15658782
2017-12-20 13:50:00,-0.1394311301506347,-0.1568192
2017-12-20 14:00:00,-0.0748675136826461,-0.16620561
2017-12-20 14:10:00,-0.0975067033894319,-0.17945102
2017-12-20 14:20:00,-0.0807369332362573,-0.19416168
2017-12-20 14:30:00,-0.1109225208902373,-0.2072612
2017-12-20 14:40:00,-0.1335617105970236,-0.21977037
2017-12-20 14:50:00,-0.1469775267195635,-0.22728719
2017-12-20 15:00:00,-0.1671012522816383,-0.2455444
2017-12-20 15:10:00,-0.181355556911837,-0.26773307
2017-12-20 15:20:00,-0.1687782292969559,-0.28993127
2017-12-20 15:30:00,-0.1981253284432776,-0.30907944
2017-12-20 15:40:00,-0.2484346402810675,-0.3213261
2017-12-20 15:50:00,-0.2777817380491232,-0.32365817
2017-12-20 16:00:00,-0.2802972035720992,-0.331952
2017-12-20 16:10:00,-0.2727508070031709,-0.33993927
2017-12-20 16:20:00,-0.2467576632657499,-0.33748776
2017-12-20 16:30:00,-0.2065102135198647,-0.3162985
2017-12-20 16:40:00,-0.118468917459166,-0.25165614
2017-12-20 16:50:00,-0.0329430869214438,-0.11960517
2017-12-20 17:00:00,0.0081428513320996,-0.0091823675
2017-12-20 17:10:00,0.1900948630071086,0.18692082
2017-12-20 17:20:00,0.590892382072376,0.45063123
2017-12-20 17:30:00,0.9556348953083168,0.70372564
2017-12-20 17:40:00,1.0042672301307896,0.8711139
2017-12-20 17:50:00,1.0042672301307896,0.9712159
2017-12-20 18:00:00,1.0160060692380115,0.9853618
2017-12-20 18:10:00,1.071346312121754,0.99567217
2017-12-20 18:20:00,1.0654768925681424,0.99832267
2017-12-20 18:30:00,1.0654768925681424,0.9965622
2017-12-20 18:40:00,1.02355246580694,0.9872265
2017-12-20 18:50:00,1.0201985117763055,0.9740117
2017-12-20 19:00:00,1.0604459615221904,0.94894046
2017-12-20 19:10:00,1.0512225879379449,0.9229662
2017-12-20 19:20:00,0.9967208335618604,0.89323723
2017-12-20 19:30:00,0.9170644225777496,0.8649051
2017-12-20 19:40:00,0.9095180260088204,0.83914876
2017-12-20 19:50:00,0.8919097659697215,0.8240982
2017-12-20 20:00:00,0.8315385920400273,0.8050805
2017-12-20 20:10:00,0.915387445562432,0.78333944
2017-12-20 20:20:00,0.9430575663151706,0.7542033
2017-12-20 20:30:00,0.954796406800658,0.7254377
2017-12-20 20:40:00,0.9103565145164793,0.69426
2017-12-20 20:50:00,0.8499853392085192,0.66070074
2017-12-20 21:00:00,0.7619440431478205,0.62763184
2017-12-20 21:10:00,0.7384663649333759,0.5681005
2017-12-20 21:20:00,0.664679373502876,0.47040585
2017-12-20 21:30:00,0.5665762153502726,0.35485962
2017-12-20 21:40:00,0.5078820184358952,0.24354991
2017-12-20 21:50:00,0.4458338661126175,0.14418851
2017-12-20 22:00:00,0.3946860657671683,0.061959993
2017-12-20 22:10:00,0.3158681432907155,-0.03604007
2017-12-20 22:20:00,0.2035106805079135,-0.15711154
2017-12-20 22:30:00,0.140624039676977,-0.28872016
2017-12-20 22:40:00,0.05845216316989,-0.41382128
2017-12-20 22:50:00,-0.0698365826366938,-0.52576745
2017-12-20 23:00:00,-0.2081871905351823,-0.62633044
2017-12-20 23:10:00,-0.3306065167881545,-0.73770815
2017-12-20 23:20:00,-0.4765035212555719,-0.8394914
2017-12-20 23:30:00,-0.5779606334388104,-0.9298709
2017-12-20 23:40:00,-0.6609709984535568,-1.003248
2017-12-20 23:50:00,-0.7582356680985017,-1.0588485
2017-12-21 00:00:00,-0.8429230101285652,-1.1035857
2017-12-21 00:10:00,-0.9183869785743828,-1.1387097
2017-12-21 00:20:00,-0.9980433895584944,-1.1668556
2017-12-21 00:30:00,-1.0617685175188236,-1.1872027
2017-12-21 00:40:00,-1.1120778293566136,-1.205806
2017-12-21 00:50:00,-1.1481328365642052,-1.2221341
2017-12-21 01:00:00,-1.2034730794479471,-1.2389007
2017-12-21 01:10:00,-1.2797755364014238,-1.256453
2017-12-21 01:20:00,-1.31918449763965,-1.2754042
2017-12-21 01:30:00,-1.3443391528694124,-1.2958431
2017-12-21 01:40:00,-1.4097412592233247,-1.3162246
2017-12-21 01:50:00,-1.4315419604224522,-1.3350765
2017-12-21 02:00:00,-1.4717894101683369,-1.3512604
2017-12-21 02:10:00,-1.5002980208069998,-1.3670712
2017-12-21 02:20:00,-1.5246141889073688,-1.3825672
2017-12-21 02:30:00,-1.52377570039971,-1.3960135
2017-12-21 02:40:00,-1.5480918671218131,-1.4080071
2017-12-21 02:50:00,-1.573246523729841,-1.4189416
2017-12-21 03:00:00,-1.5598307062290355,-1.4278624
2017-12-21 03:10:00,-1.5589922177213766,-1.4357483
2017-12-21 03:20:00,-1.5506073326447896,-1.4409928
2017-12-21 03:30:00,-1.5782774547757932,-1.4458414
2017-12-21 03:40:00,-1.590016293883016,-1.449825
2017-12-21 03:50:00,-1.6076245525438495,-1.452438
2017-12-21 04:00:00,-1.6084630410515084,-1.4516683
2017-12-21 04:10:00,-1.6042705985132142,-1.4445808
2017-12-21 04:20:00,-1.5816314088064285,-1.428907
2017-12-21 04:30:00,-1.579115943283452,-1.4030912
2017-12-21 04:40:00,-1.5740850122374996,-1.3662183
2017-12-21 04:50:00,-1.5749235007451583,-1.3178191
2017-12-21 05:00:00,-1.5564767521984009,-1.2419381
2017-12-21 05:10:00,-1.542222447568202,-1.1470156
2017-12-21 05:20:00,-1.5816314088064285,-1.0928735
2017-12-21 05:30:00,-1.5682155926838883,-1.1397445
2017-12-21 05:40:00,-1.5313220969686383,-1.2713305
2017-12-21 05:50:00,-1.423995563853523,-1.3898315
2017-12-21 06:00:00,-1.3753632290310511,-1.4078684
2017-12-21 06:10:00,-1.3778786945540271,-1.4208229
2017-12-21 06:20:00,-1.340985198838777,-1.4299293
2017-12-21 06:30:00,-1.2822910019243996,-1.4341946
2017-12-21 06:40:00,-1.2705521628171774,-1.4344835
2017-12-21 06:50:00,-1.3258924057009196,-1.4355448
2017-12-21 07:00:00,-1.3367927563004836,-1.4376466
2017-12-21 07:10:00,-1.3535625278319237,-1.4356818
2017-12-21 07:20:00,-1.3803941600770036,-1.4299573
2017-12-21 07:30:00,-1.393809977577809,-1.4205027
2017-12-21 07:40:00,-1.4466347549385747,-1.4075754
2017-12-21 07:50:00,-1.486043716176801,-1.3928223
2017-12-21 08:00:00,-1.3971639316084437,-1.3783069
2017-12-21 08:10:00,-1.2831294904320585,-1.3613656
2017-12-21 08:20:00,-1.18838028631009,-1.3398206
2017-12-21 08:30:00,-1.1481328365642052,-1.3156785
2017-12-21 08:40:00,-1.1263321353650777,-1.279766
2017-12-21 08:50:00,-1.1129163178642725,-1.2347741
2017-12-21 09:00:00,-1.0349368838954789,-1.1958098
2017-12-21 09:10:00,-0.9393491912658514,-1.1475375
2017-12-21 09:20:00,-0.8429230101285652,-1.1002102
2017-12-21 09:30:00,-0.8118989339669264,-1.0351713
2017-12-21 09:40:00,-0.7414658979453266,-0.9605295
2017-12-21 09:50:00,-0.6400087857620881,-0.8651182
2017-12-21 10:00:00,-0.5829915644847627,-0.78295106
2017-12-21 10:10:00,-0.5460980687695128,-0.6848597
2017-12-21 10:20:00,-0.4706341017019607,-0.5864573
2017-12-21 10:30:00,-0.4412870025556395,-0.48534462
2017-12-21 10:40:00,-0.3675000111251395,-0.3928645
2017-12-21 10:50:00,-0.3473762869413297,-0.31662464
2017-12-21 11:00:00,-0.3146752337643732,-0.27997223
2017-12-21 11:10:00,-0.3037748831648098,-0.24143043
2017-12-21 11:20:00,-0.2844896461103932,-0.18975762
2017-12-21 11:30:00,-0.2467576632657499,-0.14136687
2017-12-21 11:40:00,-0.2065102135198647,-0.10142535
2017-12-21 11:50:00,-0.1780016028812023,-0.081233114
2017-12-21 12:00:00,-0.2157335871041111,-0.08455424
2017-12-21 12:10:00,-0.1704552063122735,-0.08492498
2017-12-21 12:20:00,-0.1302077565663884,-0.08883689
2017-12-21 12:30:00,-0.1067300769736783,-0.09864856
2017-12-21 12:40:00,-0.0547437881205708,-0.11040762
2017-12-21 12:50:00,-0.0480358800593008,-0.12380248
2017-12-21 13:00:00,-0.0673211171137174,-0.14895602
2017-12-21 13:10:00,-0.1142764749208725,-0.17222619
2017-12-21 13:20:00,-0.0983451918970907,-0.1930515
2017-12-21 13:30:00,-0.1494929922425394,-0.21117625
2017-12-21 13:40:00,-0.16626276377398,-0.22187343
2017-12-21 13:50:00,-0.1889019534807658,-0.22372133
2017-12-21 14:00:00,-0.1520084577655158,-0.23738709
2017-12-21 14:10:00,-0.155362413174416,-0.25836924
2017-12-21 14:20:00,-0.1562009016820748,-0.28483984
2017-12-21 14:30:00,-0.1654242752663212,-0.31044486
2017-12-21 14:40:00,-0.1671012522816383,-0.33093196
2017-12-21 14:50:00,-0.1905789304960834,-0.3447087
2017-12-21 15:00:00,-0.1939328845267181,-0.36570016
2017-12-21 15:10:00,-0.1956098615420357,-0.39108077
2017-12-21 15:20:00,-0.1998023054585948,-0.41743964
2017-12-21 15:30:00,-0.2039947479968888,-0.43502948
2017-12-21 15:40:00,-0.237534288303238,-0.44521335
2017-12-21 15:50:00,-0.2350188227802621,-0.44635215
2017-12-21 16:00:00,-0.2199260296424046,-0.45111993
2017-12-21 16:10:00,-0.229149403226651,-0.4466026
2017-12-21 16:20:00,-0.1981253284432776,-0.42699042
2017-12-21 16:30:00,-0.1981253284432776,-0.37588102
2017-12-21 16:40:00,-0.1394311301506347,-0.27078697
2017-12-21 16:50:00,-0.0656441387201343,-0.07133201
2017-12-21 17:00:00,0.0458748355550089,0.084702775
2017-12-21 17:10:00,0.2823286016061013,0.2818136
2017-12-21 17:20:00,0.5598683072890022,0.49830082
2017-12-21 17:30:00,0.9137104685471144,0.69433695
2017-12-21 17:40:00,1.031937350883528,0.833265
2017-12-21 17:50:00,1.11075527335998,0.9184864
2017-12-21 18:00:00,1.0923085261914882,0.9309116
2017-12-21 18:10:00,1.0562535189838964,0.93889177
2017-12-21 18:20:00,1.0227139772992813,0.94070137
2017-12-21 18:30:00,1.0260679313299164,0.9361002
2017-12-21 18:40:00,1.0629614270451668,0.9236633
2017-12-21 18:50:00,1.0939855032068058,0.909188
2017-12-21 19:00:00,1.0512225879379449,0.8854584
2017-12-21 19:10:00,1.0931470146991469,0.86384135
2017-12-21 19:20:00,1.0419992143536978,0.8398145
2017-12-21 19:30:00,0.984143504568714,0.82216483
2017-12-21 19:40:00,0.9573118723236343,0.80824465
2017-12-21 19:50:00,0.9162259340700908,0.7976072
2017-12-21 20:00:00,0.8717860417859121,0.78619504
2017-12-21 20:10:00,0.920418376608384,0.77263933
2017-12-21 20:20:00,0.928803261684972,0.75457674
2017-12-21 20:30:00,0.8994561625386507,0.7321182
2017-12-21 20:40:00,0.8088994009549756,0.70698243
2017-12-21 20:50:00,0.7502052040405982,0.68009263
2017-12-21 21:00:00,0.7267275244478876,0.65001446
2017-12-21 21:10:00,0.6806106551483923,0.5945845
2017-12-21 21:20:00,0.6353322743565547,0.50862825
2017-12-21 21:30:00,0.5757995889345184,0.39979503
2017-12-21 21:40:00,0.5070435285499704,0.29083398
2017-12-21 21:50:00,0.4743424767512799,0.18716504
2017-12-21 22:00:00,0.3938475772595095,0.095263705
2017-12-21 22:10:00,0.3032908156758344,-0.01467989
2017-12-21 22:20:00,0.2077031230462075,-0.15289235
2017-12-21 22:30:00,0.1171463614625324,-0.295885
2017-12-21 22:40:00,0.032459019432469,-0.41735289
2017-12-21 22:50:00,-0.1075685654813371,-0.5184368
2017-12-21 23:00:00,-0.2316648687496269,-0.61861753
2017-12-21 23:10:00,-0.3557611720179167,-0.7358169
2017-12-21 23:20:00,-0.4588952612164729,-0.84233457
2017-12-21 23:30:00,-0.5569984207473423,-0.9302866
2017-12-21 23:40:00,-0.6257544797536244,-1.0004745
2017-12-21 23:50:00,-0.7154727528296402,-1.0547342
2017-12-22 00:00:00,-0.8202838204217794,-1.0975649
2017-12-22 00:10:00,-0.8789780173361563,-1.133117
2017-12-22 00:20:00,-0.941026168281169,-1.1626675
2017-12-22 00:30:00,-1.015651648219328,-1.1881077
2017-12-22 00:40:00,-1.0525451439345777,-1.213162
2017-12-22 00:50:00,-1.1372324859646412,-1.2360913
2017-12-22 01:00:00,-1.2118579645245349,-1.2562073
2017-12-22 01:10:00,-1.314992055101356,-1.2756643
2017-12-22 01:20:00,-1.3242154286856025,-1.2946544
2017-12-22 01:30:00,-1.3611089244008523,-1.3141385
2017-12-22 01:40:00,-1.4164491672845947,-1.3324766
2017-12-22 01:50:00,-1.4508271974768687,-1.3473711
2017-12-22 02:00:00,-1.4835282506538248,-1.3607051
2017-12-22 02:10:00,-1.5019749978223174,-1.374372
2017-12-22 02:20:00,-1.521260234876734,-1.3876429
2017-12-22 02:30:00,-1.5262911659226863,-1.3992968
2017-12-22 02:40:00,-1.5447379130911785,-1.4092705
2017-12-22 02:50:00,-1.543060936075861,-1.4195452
2017-12-22 03:00:00,-1.5782774547757932,-1.427958
2017-12-22 03:10:00,-1.561507683244353,-1.4348005
2017-12-22 03:20:00,-1.561507683244353,-1.4403186
2017-12-22 03:30:00,-1.5631846602596708,-1.4440095
2017-12-22 03:40:00,-1.5942087364213096,-1.4455311
2017-12-22 03:50:00,-1.6235558355676307,-1.4484732
2017-12-22 04:00:00,-1.6168479275063607,-1.4470955
2017-12-22 04:10:00,-1.6235558355676307,-1.4380476
2017-12-22 04:20:00,-1.6193633930293372,-1.4191328
2017-12-22 04:30:00,-1.6352946746748531,-1.3883297
2017-12-22 04:40:00,-1.634456186167195,-1.341977
2017-12-22 04:50:00,-1.6218788585523136,-1.2820268
2017-12-22 05:00:00,-1.5975626904519442,-1.1847086
2017-12-22 05:10:00,-1.593370247913651,-1.0754708
2017-12-22 05:20:00,-1.5950472249289684,-1.0279045
2017-12-22 05:30:00,-1.605109087020873,-1.0958943
2017-12-22 05:40:00,-1.552284309660107,-1.2525659
2017-12-22 05:50:00,-1.4290264948994758,-1.38407
2017-12-22 06:00:00,-1.3879405566459322,-1.4036145
2017-12-22 06:10:00,-1.3476931082783126,-1.4178817
2017-12-22 06:20:00,-1.300737750471158,-1.4276558
2017-12-22 06:30:00,-1.2328201785942683,-1.4322679
2017-12-22 06:40:00,-1.2328201785942683,-1.4358642
2017-12-22 06:50:00,-1.288160421478011,-1.4353532
2017-12-22 07:00:00,-1.3476931082783126,-1.4341793
2017-12-22 07:10:00,-1.3426621758540946,-1.4262807
2017-12-22 07:20:00,-1.3980024201161023,-1.4171947
2017-12-22 07:30:00,-1.4441192894155988,-1.4054476
2017-12-22 07:40:00,-1.4877206931921187,-1.3936279
2017-12-22 07:50:00,-1.48688220468446,-1.3821576
2017-12-22 08:00:00,-1.4080642822080072,-1.3711357
2017-12-22 08:10:00,-1.2688751858018603,-1.3549854
2017-12-22 08:20:00,-1.2336586671019274,-1.3322653
2017-12-22 08:30:00,-1.1892187748177487,-1.3053408
2017-12-22 08:40:00,-1.142263417010594,-1.2707522
2017-12-22 08:50:00,-1.0869231741268512,-1.2346389
2017-12-22 09:00:00,-1.0525451439345777,-1.199761
2017-12-22 09:10:00,-0.9334797717122404,-1.1578405
2017-12-22 09:20:00,-0.8462769641592004,-1.1156486
2017-12-22 09:30:00,-0.76578206466743,-1.0746293
2017-12-22 09:40:00,-0.7624281106367953,-1.0275745
2017-12-22 09:50:00,-0.6844486780462669,-0.96184844
2017-12-22 10:00:00,-0.6106616866157668,-0.9109264
2017-12-22 10:10:00,-0.5469365572771716,-0.83399385
2017-12-22 10:20:00,-0.5251358560780446,-0.7376235
2017-12-22 10:30:00,-0.4714725902096195,-0.6109031
2017-12-22 10:40:00,-0.3825928056412621,-0.48846862
2017-12-22 10:50:00,-0.3742079191864095,-0.37985203
2017-12-22 11:00:00,-0.3406683788800597,-0.30894375
2017-12-22 11:10:00,-0.3012594176418333,-0.2428132
2017-12-22 11:20:00,-0.2333418457649445,-0.18447702
2017-12-22 11:30:00,-0.2693968529725357,-0.12313318
2017-12-22 11:40:00,-0.2568195253576546,-0.07274763
2017-12-22 11:50:00,-0.2911975555499286,-0.04682983
2017-12-22 12:00:00,-0.3800773401182861,-0.044418383
2017-12-22 12:10:00,-0.3851082711642384,-0.052557472
2017-12-22 12:20:00,-0.4077474608710242,-0.065715834
2017-12-22 12:30:00,-0.4396100255403218,-0.08483088
2017-12-22 12:40:00,-0.4697956131943019,-0.10324277
2017-12-22 12:50:00,-0.4538643301705206,-0.119814664
2017-12-22 13:00:00,-0.3842697826565797,-0.14305922
2017-12-22 13:10:00,-0.3306065167881545,-0.16635501
2017-12-22 13:20:00,-0.3398298903724009,-0.1837043
2017-12-22 13:30:00,-0.3381529133570833,-0.19405514
2017-12-22 13:40:00,-0.3817543171336032,-0.19591227
2017-12-22 13:50:00,-0.419486301356512,-0.192671
2017-12-22 14:00:00,-0.430386651956076,-0.19885586
2017-12-22 14:10:00,-0.4463179336015918,-0.2147626
2017-12-22 14:20:00,-0.430386651956076,-0.23191956
2017-12-22 14:30:00,-0.389300713702532,-0.25058612
2017-12-22 14:40:00,-0.4161323459476118,-0.26799744
2017-12-22 14:50:00,-0.3708539651557743,-0.28461972
2017-12-22 15:00:00,-0.4010395528097543,-0.3069279
2017-12-22 15:10:00,-0.4463179336015918,-0.33651742
2017-12-22 15:20:00,-0.4404485140479807,-0.36927894
2017-12-22 15:30:00,-0.4899193373781118,-0.40199712
2017-12-22 15:40:00,-0.5075275974172107,-0.41553894
2017-12-22 15:50:00,-0.4991427109623581,-0.41836518
2017-12-22 16:00:00,-0.4505103761398853,-0.4310231
2017-12-22 16:10:00,-0.4563797956934965,-0.4412292
2017-12-22 16:20:00,-0.4647646821483496,-0.43996757
2017-12-22 16:30:00,-0.4605722382317905,-0.421029
2017-12-22 16:40:00,-0.3901392022101908,-0.3656149
2017-12-22 16:50:00,-0.2945515095805634,-0.2355912
2017-12-22 17:00:00,-0.2350188227802621,-0.14066191
2017-12-22 17:10:00,-0.064805650212476,0.015132552
2017-12-22 17:20:00,0.304967792691152,0.23385394
2017-12-22 17:30:00,0.6286243662952843,0.4466413
2017-12-22 17:40:00,0.781229280202237,0.61692935
2017-12-22 17:50:00,0.811414866477952,0.7232714
2017-12-22 18:00:00,0.8139303320009275,0.73258466
2017-12-22 18:10:00,0.8424389426395908,0.74310917
2017-12-22 18:20:00,0.863401156709325,0.7540831
2017-12-22 18:30:00,0.8357310345783204,0.76811713
2017-12-22 18:40:00,0.811414866477952,0.7840293
2017-12-22 18:50:00,0.8156073090162451,0.7985528
2017-12-22 19:00:00,0.8206382414404629,0.788081
2017-12-22 19:10:00,0.8147688205085862,0.7676945
2017-12-22 19:20:00,0.7627825316554793,0.7442773
2017-12-22 19:30:00,0.7560746235942098,0.72296196
2017-12-22 19:40:00,0.7225350819095946,0.7095241
2017-12-22 19:50:00,0.7300814798567888,0.7057579
2017-12-22 20:00:00,0.737627876425717,0.70215195
2017-12-22 20:10:00,0.7611055546401617,0.70060784
2017-12-22 20:20:00,0.7619440431478205,0.6944544
2017-12-22 20:30:00,0.7661364856861145,0.68347496
2017-12-22 20:40:00,0.7367893879180583,0.66979057
2017-12-22 20:50:00,0.7175041508636417,0.65153164
2017-12-22 21:00:00,0.7124732198176889,0.63134617
2017-12-22 21:10:00,0.6101776191267926,0.592299
2017-12-22 21:20:00,0.5632222613196374,0.5178216
2017-12-22 21:30:00,0.5355521391886338,0.414597
2017-12-22 21:40:00,0.5053665515346527,0.29719055
2017-12-22 21:50:00,0.4332565384977364,0.17968474
2017-12-22 22:00:00,0.3167066317983743,0.06894678
2017-12-22 22:10:00,0.2831670901137601,-0.049687807
2017-12-22 22:20:00,0.2362117323066049,-0.18729438
2017-12-22 22:30:00,0.1842254434534969,-0.34511623
2017-12-22 22:40:00,0.0777374002243065,-0.48880497
2017-12-22 22:50:00,-0.0354585524444197,-0.5841012
2017-12-22 23:00:00,-0.1293692680587295,-0.65506154
2017-12-22 23:10:00,-0.2081871905351823,-0.7679522
2017-12-22 23:20:00,-0.2987439521188574,-0.8928204
2017-12-22 23:30:00,-0.3976855987791196,-1.0004165
2017-12-22 23:40:00,-0.5528059782090482,-1.0832703
2017-12-22 23:50:00,-0.6525861133769691,-1.1426802
2017-12-23 00:00:00,-0.7641050876521129,-1.1813293
2017-12-23 00:10:00,-0.8571773147587639,-1.2125026
2017-12-23 00:20:00,-0.961149893843244,-1.2377205
2017-12-23 00:30:00,-1.0349368838954789,-1.2571604
2017-12-23 00:40:00,-1.098662013234074,-1.2724906
2017-12-23 00:50:00,-1.185864820787114,-1.2840173
2017-12-23 01:00:00,-1.2177273854564117,-1.2928181
2017-12-23 01:10:00,-1.2755830938631296,-1.3042268
2017-12-23 01:20:00,-1.31918449763965,-1.3171015
2017-12-23 01:30:00,-1.3560779933549,-1.3301415
2017-12-23 01:40:00,-1.384586602615297,-1.3437316
2017-12-23 01:50:00,-1.4172876557922536,-1.357258
2017-12-23 02:00:00,-1.4634045250917498,-1.3696728
2017-12-23 02:10:00,-1.4944286012533887,-1.3814751
2017-12-23 02:20:00,-1.5128753484218809,-1.3924072
2017-12-23 02:30:00,-1.5095213943912456,-1.4021969
2017-12-23 02:40:00,-1.542222447568202,-1.4104016
2017-12-23 02:50:00,-1.599239667467262,-1.4185472
2017-12-23 03:00:00,-1.6176864160140196,-1.4247873
2017-12-23 03:10:00,-1.6453565367667582,-1.4300238
2017-12-23 03:20:00,-1.6621263082981983,-1.4341494
2017-12-23 03:30:00,-1.6671572393441507,-1.4384999
2017-12-23 03:40:00,-1.680573055466691,-1.4419827
2017-12-23 03:50:00,-1.6948273600968893,-1.4443908
2017-12-23 04:00:00,-1.7082431775976947,-1.4430907
2017-12-23 04:10:00,-1.7015352695364248,-1.4333016
2017-12-23 04:20:00,-1.6864424750203018,-1.411232
2017-12-23 04:30:00,-1.6948273600968893,-1.3772447
2017-12-23 04:40:00,-1.6864424750203018,-1.3287216
2017-12-23 04:50:00,-1.681411543974349,-1.2696321
2017-12-23 05:00:00,-1.6554184002369283,-1.1950439
2017-12-23 05:10:00,-1.647033513782076,-1.1206548
2017-12-23 05:20:00,-1.6327792091518771,-1.0767527
2017-12-23 05:30:00,-1.6034321100055555,-1.1235361
2017-12-23 05:40:00,-1.570731058206865,-1.2539592
2017-12-23 05:50:00,-1.4466347549385747,-1.3857849
2017-12-23 06:00:00,-1.4189646328075711,-1.4065595
2017-12-23 06:10:00,-1.4206416098228882,-1.4225241
2017-12-23 06:20:00,-1.382909625599979,-1.4330163
2017-12-23 06:30:00,-1.4047103281773723,-1.4400073
2017-12-23 06:40:00,-1.4089027707156658,-1.4457031
2017-12-23 06:50:00,-1.4105797477309836,-1.4494224
2017-12-23 07:00:00,-1.5145523254371984,-1.4549663
2017-12-23 07:10:00,-1.5204217449908095,-1.4561346
2017-12-23 07:20:00,-1.5455764015988374,-1.453891
2017-12-23 07:30:00,-1.5455764015988374,-1.44832
2017-12-23 07:40:00,-1.570731058206865,-1.4412751
2017-12-23 07:50:00,-1.5849853628370631,-1.4339
2017-12-23 08:00:00,-1.522937211892051,-1.4277227
2017-12-23 08:10:00,-1.4566966170304798,-1.420549
2017-12-23 08:20:00,-1.3971639316084437,-1.4096904
2017-12-23 08:30:00,-1.3661398554468047,-1.4004419
2017-12-23 08:40:00,-1.3242154286856025,-1.3905247
2017-12-23 08:50:00,-1.194249705863701,-1.3765931
2017-12-23 09:00:00,-1.1120778293566136,-1.366616
2017-12-23 09:10:00,-0.9913354801189588,-1.3500373
2017-12-23 09:20:00,-0.8882013909204027,-1.3276145
2017-12-23 09:30:00,-0.8144143994899028,-1.2992462
2017-12-23 09:40:00,-0.746496828991279,-1.265381
2017-12-23 09:50:00,-0.6928335631228544,-1.2170148
2017-12-23 10:00:00,-0.6584555329305803,-1.1619953
2017-12-23 10:10:00,-0.5486135342924892,-1.091778
2017-12-23 10:20:00,-0.4681186361789848,-1.0081525
2017-12-23 10:30:00,-0.4220017668794884,-0.9093726
2017-12-23 10:40:00,-0.3750464090723333,-0.8040479
2017-12-23 10:50:00,-0.3264140728715955,-0.7082183
2017-12-23 11:00:00,-0.3314450052958134,-0.64666945
2017-12-23 11:10:00,-0.2350188227802621,-0.5827851
2017-12-23 11:20:00,-0.229149403226651,-0.51301205
2017-12-23 11:30:00,-0.1771631143735435,-0.44526502
2017-12-23 11:40:00,-0.1260153140280948,-0.38582453
2017-12-23 11:50:00,-0.144462061196587,-0.35744467
2017-12-23 12:00:00,-0.1402696186582935,-0.35403976
2017-12-23 12:10:00,-0.1411081071659523,-0.35087115
2017-12-23 12:20:00,-0.1302077565663884,-0.3539355
2017-12-23 12:30:00,-0.1989638169509359,-0.34885502
2017-12-23 12:40:00,-0.2333418457649445,-0.344034
2017-12-23 12:50:00,-0.1805170684041782,-0.35264167
2017-12-23 13:00:00,-0.1872249764654482,-0.35612068
2017-12-23 13:10:00,-0.1922559075114005,-0.3535355
2017-12-23 13:20:00,-0.2216030066577222,-0.34517363
2017-12-23 13:30:00,-0.218249052627087,-0.33498985
2017-12-23 13:40:00,-0.2341803342726033,-0.3178495
2017-12-23 13:50:00,-0.2693968529725357,-0.29941252
2017-12-23 14:00:00,-0.2769432495414645,-0.29838356
2017-12-23 14:10:00,-0.2777817380491232,-0.2993758
2017-12-23 14:20:00,-0.2987439521188574,-0.2995474
2017-12-23 14:30:00,-0.2584965023729722,-0.2941064
2017-12-23 14:40:00,-0.3138367452567144,-0.2847428
2017-12-23 14:50:00,-0.333121982311131,-0.28120485
2017-12-23 15:00:00,-0.3909776907178496,-0.28695598
2017-12-23 15:10:00,-0.4261942094177819,-0.2977783
2017-12-23 15:20:00,-0.4203247898641708,-0.3105519
2017-12-23 15:30:00,-0.4656031706560083,-0.3184391
2017-12-23 15:40:00,-0.5024966649929928,-0.31608263
2017-12-23 15:50:00,-0.5310052756316558,-0.30096585
2017-12-23 16:00:00,-0.6123386636310845,-0.29488155
2017-12-23 16:10:00,-0.5746066794081757,-0.2878447
2017-12-23 16:20:00,-0.5620293517932946,-0.27117148
2017-12-23 16:30:00,-0.5075275974172107,-0.23659372
2017-12-23 16:40:00,-0.445479445093933,-0.16998078
2017-12-23 16:50:00,-0.3465377984336709,-0.049067248
2017-12-23 17:00:00,-0.2459191747580911,0.031147445
2017-12-23 17:10:00,-0.0991836804047495,0.18450563
2017-12-23 17:20:00,0.2580124348839979,0.3962669
2017-12-23 17:30:00,0.6797721666407335,0.6228246
2017-12-23 17:40:00,0.8483083621932015,0.7931462
2017-12-23 17:50:00,0.9036486050769438,0.88672245
2017-12-23 18:00:00,0.919579888100726,0.8909402
2017-12-23 18:10:00,0.9170644225777496,0.88977623
2017-12-23 18:20:00,0.8768169728318639,0.88464206
2017-12-23 18:30:00,0.8525008047314956,0.88197386
2017-12-23 18:40:00,0.8541777817468131,0.8800782
2017-12-23 18:50:00,0.8449544081625663,0.8713067
2017-12-23 19:00:00,0.8768169728318639,0.8503069
2017-12-23 19:10:00,0.8726245302935709,0.8288509
2017-12-23 19:20:00,0.8793324383548403,0.8109043
2017-12-23 19:30:00,0.8784939498471815,0.7930148
2017-12-23 19:40:00,0.8508238277161779,0.7768834
2017-12-23 19:50:00,0.8265076609940746,0.76693124
2017-12-23 20:00:00,0.798837538863071,0.75794923
2017-12-23 20:10:00,0.7795523031869194,0.7472866
2017-12-23 20:20:00,0.7443357844869866,0.7350154
2017-12-23 20:30:00,0.7158271738483242,0.71705186
2017-12-23 20:40:00,0.6705487930564866,0.6958695
2017-12-23 20:50:00,0.6554559999186301,0.6710797
2017-12-23 21:00:00,0.6244319237569902,0.64656574
2017-12-23 21:10:00,0.5791535429651538,0.601528
2017-12-23 21:20:00,0.4969816664580657,0.52141994
2017-12-23 21:30:00,0.4466723546202763,0.40648985
2017-12-23 21:40:00,0.3561155930366012,0.27121016
2017-12-23 21:50:00,0.3217375628443272,0.12975238
2017-12-23 22:00:00,0.2789746475754661,-0.0050867535
2017-12-23 22:10:00,0.2328577782759697,-0.16302013
2017-12-23 22:20:00,0.1682941618079816,-0.34339237
2017-12-23 22:30:00,0.1464934592305886,-0.51605195
2017-12-23 22:40:00,0.0525827436162783,-0.6397442
2017-12-23 22:50:00,-0.0094654073287332,-0.7233894
2017-12-23 23:00:00,-0.0958297263741148,-0.7971433
2017-12-23 23:10:00,-0.2065102135198647,-0.89203537
2017-12-23 23:20:00,-0.3163522107796909,-0.98360914
2017-12-23 23:30:00,-0.419486301356512,-1.0545135
2017-12-23 23:40:00,-0.4949502684240641,-1.1072335
2017-12-23 23:50:00,-0.5813145874694456,-1.1463792
2017-12-24 00:00:00,-0.6676789065148266,-1.1756208
2017-12-24 00:10:00,-0.7481738060065966,-1.2012894
2017-12-24 00:20:00,-0.8563388262511051,-1.2243133
2017-12-24 00:30:00,-0.9443801223118038,-1.2456694
2017-12-24 00:40:00,-1.029905952849526,-1.2647438
2017-12-24 00:50:00,-1.0995005017417323,-1.281861
2017-12-24 01:00:00,-1.172449004664574,-1.296299
2017-12-24 01:10:00,-1.229466224563634,-1.3112049
2017-12-24 01:20:00,-1.2739061168478123,-1.3267162
2017-12-24 01:30:00,-1.3367927563004836,-1.3418534
2017-12-24 01:40:00,-1.4231570753458649,-1.35689
2017-12-24 01:50:00,-1.4784973196078723,-1.3695142
2017-12-24 02:00:00,-1.5220987233843923,-1.3800433
2017-12-24 02:10:00,-1.5757619892528174,-1.3894806
2017-12-24 02:20:00,-1.599239667467262,-1.3975244
2017-12-24 02:30:00,-1.602593621497897,-1.4039149
2017-12-24 02:40:00,-1.6017551329902384,-1.4107182
2017-12-24 02:50:00,-1.620201881536996,-1.4163688
2017-12-24 03:00:00,-1.6386486287054882,-1.4209542
2017-12-24 03:10:00,-1.6696727048671272,-1.4251721
2017-12-24 03:20:00,-1.677219101436056,-1.4273038
2017-12-24 03:30:00,-1.6478720022897342,-1.4280796
2017-12-24 03:40:00,-1.6629647968058572,-1.427089
2017-12-24 03:50:00,-1.652902933335687,-1.4270744
2017-12-24 04:00:00,-1.6445180482590995,-1.4254861
2017-12-24 04:10:00,-1.6495489793050515,-1.4127297
2017-12-24 04:20:00,-1.6663187508364918,-1.3864582
2017-12-24 04:30:00,-1.6981813155057897,-1.3482977
2017-12-24 04:40:00,-1.7048892235670594,-1.2965863
2017-12-24 04:50:00,-1.6948273600968893,-1.2447505
2017-12-24 05:00:00,-1.6973428256198655,-1.1702862
2017-12-24 05:10:00,-1.6629647968058572,-1.0838674
2017-12-24 05:20:00,-1.663803285313516,-1.0279245
2017-12-24 05:30:00,-1.6914734060662542,-1.0720543
2017-12-24 05:40:00,-1.7292053902891629,-1.2221825
2017-12-24 05:50:00,-1.6176864160140196,-1.3771607
2017-12-24 06:00:00,-1.6185249045216783,-1.4013118
2017-12-24 06:10:00,-1.633617697659536,-1.4195995
2017-12-24 06:20:00,-1.6302637436289007,-1.431944
2017-12-24 06:30:00,-1.614332461983385,-1.4394457
2017-12-24 06:40:00,-1.6562568887445872,-1.4441195
2017-12-24 06:50:00,-1.7627449319737782,-1.4488753
2017-12-24 07:00:00,-1.86168657863404,-1.4544505
2017-12-24 07:10:00,-1.9455354321564453,-1.455445
2017-12-24 07:20:00,-2.015129981048652,-1.4549167
2017-12-24 07:30:00,-2.014291492540993,-1.4523578
2017-12-24 07:40:00,-1.9950062554865764,-1.4457428
2017-12-24 07:50:00,-1.9782364853334016,-1.4381372
2017-12-24 08:00:00,-1.9052879824105609,-1.4310353
2017-12-24 08:10:00,-1.874263907627187,-1.4199148
2017-12-24 08:20:00,-1.8390473889272545,-1.4065118
2017-12-24 08:30:00,-1.787061100074147,-1.391321
2017-12-24 08:40:00,-1.756875512420167,-1.3775792
2017-12-24 08:50:00,-1.6939888715892306,-1.3632622
2017-12-24 09:00:00,-1.572408035222182,-1.3534529
2017-12-24 09:10:00,-1.5397069820452265,-1.3322675
2017-12-24 09:20:00,-1.5153908139448569,-1.3045515
2017-12-24 09:30:00,-1.4248340523611822,-1.278152
2017-12-24 09:40:00,-1.3141535665936972,-1.2479713
2017-12-24 09:50:00,-1.2277892475483163,-1.2149732
2017-12-24 10:00:00,-1.1472943480565465,-1.1914444
2017-12-24 10:10:00,-1.0408063048273557,-1.1634905
2017-12-24 10:20:00,-0.9494110547360216,-1.1254709
2017-12-24 10:30:00,-0.9049711624518428,-1.0762101
2017-12-24 10:40:00,-0.8965862759969903,-1.0160348
2017-12-24 10:50:00,-0.8295071940060252,-0.96911377
2017-12-24 11:00:00,-0.7909367212754577,-0.9432031
2017-12-24 11:10:00,-0.757397179590843,-0.92988104
2017-12-24 11:20:00,-0.7607511336214777,-0.9147943
2017-12-24 11:30:00,-0.7179882183526166,-0.8876754
2017-12-24 11:40:00,-0.6668404180071679,-0.8521232
2017-12-24 11:50:00,-0.6643249524841914,-0.8545969
2017-12-24 12:00:00,-0.6936720516305132,-0.8787094
2017-12-24 12:10:00,-0.6676789065148266,-0.90211695
2017-12-24 12:20:00,-0.560352374777977,-0.92526835
2017-12-24 12:30:00,-0.5201049250320918,-0.95546985
2017-12-24 12:40:00,-0.5167509710014571,-0.9781471
2017-12-24 12:50:00,-0.545259580261854,-0.9865326
2017-12-24 13:00:00,-0.549452022800148,-0.99576694
2017-12-24 13:10:00,-0.5377131836929258,-0.9787145
2017-12-24 13:20:00,-0.579637610454128,-0.94569767
2017-12-24 13:30:00,-0.5645448173162705,-0.90947145
2017-12-24 13:40:00,-0.5846685415000804,-0.8725192
2017-12-24 13:50:00,-0.5813145874694456,-0.83148605
2017-12-24 14:00:00,-0.5787991219464692,-0.81632257
2017-12-24 14:10:00,-0.5628678403009534,-0.7987768
2017-12-24 14:20:00,-0.5469365572771716,-0.7807751
2017-12-24 14:30:00,-0.5351977181699493,-0.76289004
2017-12-24 14:40:00,-0.5561599322396834,-0.7409621
2017-12-24 14:50:00,-0.6173695946770368,-0.7241201
2017-12-24 15:00:00,-0.6274314567689415,-0.7323483
2017-12-24 15:10:00,-0.6156926176617192,-0.73580223
2017-12-24 15:20:00,-0.6307854107995767,-0.7318715
2017-12-24 15:30:00,-0.7070878677530531,-0.7266017
2017-12-24 15:40:00,-0.7523662485448906,-0.72081506
2017-12-24 15:50:00,-0.7590741566061601,-0.70973825
2017-12-24 16:00:00,-0.7649435761597717,-0.70736855
2017-12-24 16:10:00,-0.7976446293367276,-0.70170254
2017-12-24 16:20:00,-0.7775209051529183,-0.68691057
2017-12-24 16:30:00,-0.7641050876521129,-0.65508753
2017-12-24 16:40:00,-0.7188267068602754,-0.601801
2017-12-24 16:50:00,-0.6735483260684378,-0.53473145
2017-12-24 17:00:00,-0.5611908632856358,-0.48667255
2017-12-24 17:10:00,-0.4287096749407584,-0.42372444
2017-12-24 17:20:00,-0.0983451918970907,-0.33439896
2017-12-24 17:30:00,0.3376688458681085,-0.21568528
2017-12-24 17:40:00,0.4844043388431846,-0.05682819
2017-12-24 17:50:00,0.5607067957966609,0.14411625
2017-12-24 18:00:00,0.5841844740111055,0.2526799
2017-12-24 18:10:00,0.6194009927110384,0.35724562
2017-12-24 18:20:00,0.6252704122646491,0.4475484
2017-12-24 18:30:00,0.6118545961421091,0.5329286
2017-12-24 18:40:00,0.6386862283871889,0.6091755
2017-12-24 18:50:00,0.6487480918573596,0.67795235
2017-12-24 19:00:00,0.7024113577257842,0.6895952
2017-12-24 19:10:00,0.6973804266798324,0.7022624
2017-12-24 19:20:00,0.6998958922028078,0.71668947
2017-12-24 19:30:00,0.7443357844869866,0.73052317
2017-12-24 19:40:00,0.7476897385176218,0.74733204
2017-12-24 19:50:00,0.7066038002640782,0.76482457
2017-12-24 20:00:00,0.7393048534410347,0.7660149
2017-12-24 20:10:00,0.7963220733400945,0.765541
2017-12-24 20:20:00,0.7954835848324358,0.76474303
2017-12-24 20:30:00,0.7954835848324358,0.75920343
2017-12-24 20:40:00,0.7535591580712334,0.75224984
2017-12-24 20:50:00,0.7024113577257842,0.7468735
2017-12-24 21:00:00,0.6621639079798995,0.7316033
2017-12-24 21:10:00,0.6001157570348868,0.698252
2017-12-24 21:20:00,0.5581913302736845,0.6397816
2017-12-24 21:30:00,0.4936277124274305,0.5483566
2017-12-24 21:40:00,0.4114558359203434,0.4345558
2017-12-24 21:50:00,0.3519231504983072,0.30740786
2017-12-24 22:00:00,0.3326379148221566,0.1610412
2017-12-24 22:10:00,0.2714282510065368,-0.0014798865
2017-12-24 22:20:00,0.1850639319611557,-0.21561892
2017-12-24 22:30:00,0.1037305439617275,-0.48309734
2017-12-24 22:40:00,0.0056273858091242,-0.6999899
2017-12-24 22:50:00,-0.0849293757745508,-0.8013827
2017-12-24 23:00:00,-0.1897404419884246,-0.8281503
2017-12-24 23:10:00,-0.2970669751035398,-0.87652224
2017-12-24 23:20:00,-0.4010395528097543,-0.963716
2017-12-24 23:30:00,-0.5008196879776753,-1.0479248
2017-12-24 23:40:00,-0.6207235487076715,-1.1097724
2017-12-24 23:50:00,-0.6945105401381719,-1.153111
2017-12-25 00:00:00,-0.7850673017218466,-1.1775131
2017-12-25 00:10:00,-0.8781395288284981,-1.1980469
2017-12-25 00:20:00,-0.934318260219899,-1.2162373
2017-12-25 00:30:00,-1.0324214183725025,-1.2321769
2017-12-25 00:40:00,-1.0936310821881212,-1.2469015
2017-12-25 00:50:00,-1.1540022561178165,-1.2603462
2017-12-25 01:00:00,-1.1925727288483838,-1.2715394
2017-12-25 01:10:00,-1.2512669257627609,-1.2847705
2017-12-25 01:20:00,-1.3175075206243323,-1.2992855
2017-12-25 01:30:00,-1.3334388022698485,-1.3147782
2017-12-25 01:40:00,-1.40638730519269,-1.3307052
2017-12-25 01:50:00,-1.4206416098228882,-1.3457066
2017-12-25 02:00:00,-1.4634045250917498,-1.3575659
2017-12-25 02:10:00,-1.4776588311002137,-1.3693011
2017-12-25 02:20:00,-1.4952670897610474,-1.3807955
2017-12-25 02:30:00,-1.5103598828989044,-1.3925879
2017-12-25 02:40:00,-1.5170677909601744,-1.4030337
2017-12-25 02:50:00,-1.552284309660107,-1.412328
2017-12-25 03:00:00,-1.5388684935375674,-1.4196172
2017-12-25 03:10:00,-1.5539612866754244,-1.4252498
2017-12-25 03:20:00,-1.5807929202987696,-1.4304917
2017-12-25 03:30:00,-1.565700127160912,-1.4336836
2017-12-25 03:40:00,-1.579954431791111,-1.4355861
2017-12-25 03:50:00,-1.5682155926838883,-1.4351313
2017-12-25 04:00:00,-1.5782774547757932,-1.433611
2017-12-25 04:10:00,-1.5875008283600396,-1.4260316
2017-12-25 04:20:00,-1.6042705985132142,-1.4114411
2017-12-25 04:30:00,-1.579954431791111,-1.3828459
2017-12-25 04:40:00,-1.584146874329405,-1.3455851
2017-12-25 04:50:00,-1.5816314088064285,-1.3007224
2017-12-25 05:00:00,-1.533837562491615,-1.2293453
2017-12-25 05:10:00,-1.5472533786141545,-1.1421988
2017-12-25 05:20:00,-1.5095213943912456,-1.083466
2017-12-25 05:30:00,-1.4826897621461663,-1.1373336
2017-12-25 05:40:00,-1.470950921660678,-1.265231
2017-12-25 05:50:00,-1.3468546197706537,-1.392321
2017-12-25 06:00:00,-1.313315078086039,-1.4083637
2017-12-25 06:10:00,-1.2822910019243996,-1.4184487
2017-12-25 06:20:00,-1.2562978568087138,-1.4246981
2017-12-25 06:30:00,-1.2085040104938998,-1.424866
2017-12-25 06:40:00,-1.2001191254173122,-1.4242867
2017-12-25 06:50:00,-1.248751460239785,-1.4224942
2017-12-25 07:00:00,-1.329246359731555,-1.4240754
2017-12-25 07:10:00,-1.2697136743095183,-1.4219182
2017-12-25 07:20:00,-1.2697136743095183,-1.4140549
2017-12-25 07:30:00,-1.3074456585324274,-1.4084024
2017-12-25 07:40:00,-1.3762017175387096,-1.3975302
2017-12-25 07:50:00,-1.372009275000416,-1.3875673
2017-12-25 08:00:00,-1.2898373984933285,-1.3801651
2017-12-25 08:10:00,-1.2319816900866098,-1.3710396
2017-12-25 08:20:00,-1.1615486526867451,-1.3576918
2017-12-25 08:30:00,-1.0751843336413636,-1.3407501
2017-12-25 08:40:00,-0.9930124585125416,-1.3222213
2017-12-25 08:50:00,-0.9686962904121726,-1.3005121
2017-12-25 09:00:00,-0.8714316207672281,-1.2833828
2017-12-25 09:10:00,-0.7431428749606442,-1.2617471
2017-12-25 09:20:00,-0.9301258176816052,-1.2201475
2017-12-25 09:30:00,-0.8580158032664227,-1.1756647
2017-12-25 09:40:00,-0.7389504324223507,-1.1174432
2017-12-25 09:50:00,-0.588860984038374,-1.0562422
2017-12-25 10:00:00,-0.4488333991245682,-0.99068934
2017-12-25 10:10:00,-0.3708539651557743,-0.90446675
2017-12-25 10:20:00,-0.3096443027184209,-0.8013024
2017-12-25 10:30:00,-0.2652044104342422,-0.69613916
2017-12-25 10:40:00,-0.1939328845267181,-0.58558834
2017-12-25 10:50:00,-0.1964483500496945,-0.48025504
2017-12-25 11:00:00,-0.1930943960190593,-0.41344684
2017-12-25 11:10:00,-0.1595548557127101,-0.33793595
2017-12-25 11:20:00,-0.1226613599974596,-0.27272853
2017-12-25 11:30:00,-0.0572592536435472,-0.21103981
2017-12-25 11:40:00,-0.051389834089936,-0.15802665
2017-12-25 11:50:00,-0.0270736673678327,-0.13008913
2017-12-25 12:00:00,-0.0430049490133485,-0.11887473
2017-12-25 12:10:00,-0.0413279719980309,-0.11394125
2017-12-25 12:20:00,-0.0438434375210073,-0.114659846
2017-12-25 12:30:00,-0.0195272694206379,-0.118929386
2017-12-25 12:40:00,-0.0572592536435472,-0.12554982
2017-12-25 12:50:00,-0.0782214677132814,-0.13174841
2017-12-25 13:00:00,-0.0161733153900037,-0.13522094
2017-12-25 13:10:00,-0.0077884303134156,-0.14388682
2017-12-25 13:20:00,0.0098198283474172,-0.15621999
2017-12-25 13:30:00,-0.0077884303134156,-0.16483185
2017-12-25 13:40:00,-0.0413279719980309,-0.16299093
2017-12-25 13:50:00,-0.0664826286060586,-0.15741034
2017-12-25 14:00:00,-0.0354585524444197,-0.163684
2017-12-25 14:10:00,-0.0589362306588648,-0.17179327
2017-12-25 14:20:00,-0.0815754217439161,-0.18201834
2017-12-25 14:30:00,-0.047197391551642,-0.1934349
2017-12-25 14:40:00,-0.0396509949827138,-0.20495012
2017-12-25 14:50:00,-0.0346200639367609,-0.21177995
2017-12-25 15:00:00,-0.0606132076741819,-0.23055217
2017-12-25 15:10:00,-0.0849293757745508,-0.25348297
2017-12-25 15:20:00,-0.1042146114507018,-0.24674347
2017-12-25 15:30:00,-0.1536854347808334,-0.23179013
2017-12-25 15:40:00,-0.1679397407892971,-0.21040988
2017-12-25 15:50:00,-0.1989638169509359,-0.18371734
2017-12-25 16:00:00,-0.1956098615420357,-0.17589265
2017-12-25 16:10:00,-0.1486545037348806,-0.16067241
2017-12-25 16:20:00,-0.1335617105970236,-0.1250806
2017-12-25 16:30:00,-0.1092455424966547,-0.05379254
2017-12-25 16:40:00,-0.0438434375210073,0.061210033
2017-12-25 16:50:00,0.0240741343558819,0.22243935
2017-12-25 17:00:00,0.1121154304165806,0.32749274
2017-12-25 17:10:00,0.2697512739912202,0.47997117
2017-12-25 17:20:00,0.5732841234115421,0.658526
2017-12-25 17:30:00,0.9506039642623648,0.82175165
2017-12-25 17:40:00,1.0403222373383805,0.93767625
2017-12-25 17:50:00,1.0906315491761704,1.0112643
2017-12-25 18:00:00,1.0839236411149011,1.0271692
2017-12-25 18:10:00,1.0998549227604164,1.0373654
2017-12-25 18:20:00,1.075538754660048,1.0412726
2017-12-25 18:30:00,1.0856006181302176,1.0385648
2017-12-25 18:40:00,1.0260679313299164,1.0330954
2017-12-25 18:50:00,1.0302603738682106,1.0263917
2017-12-25 19:00:00,1.0419992143536978,1.0071886
2017-12-25 19:10:00,1.0378067718154047,0.9826685
2017-12-25 19:20:00,1.0009132761001542,0.95151824
2017-12-25 19:30:00,0.9648582688925624,0.91844636
2017-12-25 19:40:00,0.8994561625386507,0.89054203
2017-12-25 19:50:00,0.8768169728318639,0.86742
2017-12-25 20:00:00,0.8751399958165473,0.8468194
2017-12-25 20:10:00,0.954796406800658,0.82669073
2017-12-25 20:20:00,0.9179029110854084,0.8028174
2017-12-25 20:30:00,0.8726245302935709,0.77034324
2017-12-25 20:40:00,0.8499853392085192,0.7299081
2017-12-25 20:50:00,0.8508238277161779,0.6847678
2017-12-25 21:00:00,0.8088994009549756,0.6467577
2017-12-25 21:10:00,0.751043692548257,0.5879846
2017-12-25 21:20:00,0.6579714654416055,0.49868062
2017-12-25 21:30:00,0.5791535429651538,0.3882313
2017-12-25 21:40:00,0.4584111937274986,0.26883075
2017-12-25 21:50:00,0.3804317611369696,0.15180436
2017-12-25 22:00:00,0.2781361590678072,0.04652381
2017-12-25 22:10:00,0.2546584808533627,-0.08734015
2017-12-25 22:20:00,0.1691326503156404,-0.24677363
2017-12-25 22:30:00,0.084445308285576,-0.39855102
2017-12-25 22:40:00,0.0089813398397584,-0.53043467
2017-12-25 22:50:00,-0.1360771761199995,-0.64104193
2017-12-25 23:00:00,-0.2652044104342422,-0.7394782
2017-12-25 23:10:00,-0.3322834938034721,-0.840749
2017-12-25 23:20:00,-0.4404485140479807,-0.93114454
2017-12-25 23:30:00,-0.538551672200584,-1.0087276
2017-12-25 23:40:00,-0.650909136361652,-1.0741873
2017-12-25 23:50:00,-0.7347579898840567,-1.1230997
2017-12-26 00:00:00,-0.8253147514677318,-1.1603873
2017-12-26 00:10:00,-0.880654994351474,-1.1874688
2017-12-26 00:20:00,-0.9628268708585614,-1.2110363
2017-12-26 00:30:00,-1.017328625234645,-1.2322795
2017-12-26 00:40:00,-1.092792593680463,-1.2493732
2017-12-26 00:50:00,-1.1581946986561098,-1.2616754
2017-12-26 01:00:00,-1.2244352935176814,-1.2724363
2017-12-26 01:10:00,-1.2671982087865423,-1.2850642
2017-12-26 01:20:00,-1.31918449763965,-1.3003354
2017-12-26 01:30:00,-1.3577549703702172,-1.31593
2017-12-26 01:40:00,-1.4038718396697136,-1.3326004
2017-12-26 01:50:00,-1.4348959158313523,-1.3493848
2017-12-26 02:00:00,-1.4499887089692098,-1.366253
2017-12-26 02:10:00,-1.4692739446453609,-1.3811343
2017-12-26 02:20:00,-1.4810127851308488,-1.3946409
2017-12-26 02:30:00,-1.4910746472227534,-1.4073187
2017-12-26 02:40:00,-1.522937211892051,-1.4192182
2017-12-26 02:50:00,-1.5531227981677656,-1.4303371
2017-12-26 03:00:00,-1.554799775183083,-1.43964
2017-12-26 03:10:00,-1.5682155926838883,-1.4473406
2017-12-26 03:20:00,-1.555638263690742,-1.4536088
2017-12-26 03:30:00,-1.595885713436627,-1.4591494
2017-12-26 03:40:00,-1.6118169964604083,-1.4631435
2017-12-26 03:50:00,-1.6252328125829485,-1.4668214
2017-12-26 04:00:00,-1.6562568887445872,-1.4677324
2017-12-26 04:10:00,-1.6252328125829485,-1.4636052
2017-12-26 04:20:00,-1.642002582736123,-1.4538244
2017-12-26 04:30:00,-1.646195025274417,-1.4347916
2017-12-26 04:40:00,-1.6587723542675636,-1.4071369
2017-12-26 04:50:00,-1.6478720022897342,-1.3702176
2017-12-26 05:00:00,-1.627748278105925,-1.3052968
2017-12-26 05:10:00,-1.584146874329405,-1.2099023
2017-12-26 05:20:00,-1.5598307062290355,-1.1200811
2017-12-26 05:30:00,-1.529645119953321,-1.1341004
2017-12-26 05:40:00,-1.521260234876734,-1.2559412
2017-12-26 05:50:00,-1.402194862654396,-1.3828076
2017-12-26 06:00:00,-1.3426621758540946,-1.3982226
2017-12-26 06:10:00,-1.3317618252545311,-1.4113116
2017-12-26 06:20:00,-1.3099611240554037,-1.4194839
2017-12-26 06:30:00,-1.300737750471158,-1.4235936
2017-12-26 06:40:00,-1.2940298410316224,-1.4242177
2017-12-26 06:50:00,-1.3250539171932614,-1.4261615
2017-12-26 07:00:00,-1.3443391528694124,-1.4293776
2017-12-26 07:10:00,-1.3510470623089477,-1.4274199
2017-12-26 07:20:00,-1.3728477635080747,-1.4220024
2017-12-26 07:30:00,-1.3963254431007848,-1.4151378
2017-12-26 07:40:00,-1.4114182362386425,-1.4065372
2017-12-26 07:50:00,-1.462566036584091,-1.3961456
2017-12-26 08:00:00,-1.3803941600770036,-1.3891282
2017-12-26 08:10:00,-1.302414727486475,-1.3800104
2017-12-26 08:20:00,-1.17496447018755,-1.3682375
2017-12-26 08:30:00,-1.1213012029408598,-1.3541207
2017-12-26 08:40:00,-1.0424832818426726,-1.3356065
2017-12-26 08:50:00,-0.9569574513049504,-1.3135421
2017-12-26 09:00:00,-0.8898783679357204,-1.2975609
2017-12-26 09:10:00,-0.8102219569516087,-1.2752702
2017-12-26 09:20:00,-0.7716514855993066,-1.2539841
2017-12-26 09:30:00,-0.7305655473457632,-1.2212049
2017-12-26 09:40:00,-0.8513078952051527,-1.179282
2017-12-26 09:50:00,-0.6643249524841914,-1.1287432
2017-12-26 10:00:00,-0.5460980687695128,-1.0663736
2017-12-26 10:10:00,-0.4924348029010881,-0.9956508
2017-12-26 10:20:00,-0.4186478128488537,-0.90864784
2017-12-26 10:30:00,-0.3700154766481154,-0.8075045
2017-12-26 10:40:00,-0.3113212797337385,-0.7003617
2017-12-26 10:50:00,-0.237534288303238,-0.59687096
2017-12-26 11:00:00,-0.1939328845267181,-0.5154387
2017-12-26 11:10:00,-0.1453005497042458,-0.44449988
2017-12-26 11:20:00,-0.1100840323825785,-0.3740476
2017-12-26 11:30:00,-0.0497128570746184,-0.3059814
2017-12-26 11:40:00,-0.0212042464359555,-0.2437993
2017-12-26 11:50:00,-0.0128193613593685,-0.20875525
2017-12-26 12:00:00,-0.0027574992674638,-0.196828
2017-12-26 12:10:00,0.0492287895856441,-0.18980198
2017-12-26 12:20:00,0.084445308285576,-0.18738963
2017-12-26 12:30:00,0.1129539189242394,-0.18399727
2017-12-26 12:40:00,0.0894762393315288,-0.18522136
2017-12-26 12:50:00,0.1582322997160759,-0.18640992
2017-12-26 13:00:00,0.1934488170377438,-0.19647089
2017-12-26 13:10:00,0.2102185885691839,-0.20383392
2017-12-26 13:20:00,0.2035106805079135,-0.20543733
2017-12-26 13:30:00,0.002273431778489,-0.20388846
2017-12-26 13:40:00,-0.1167919404438484,-0.20004787
2017-12-26 13:50:00,-0.1754861373582259,-0.18863028
2017-12-26 14:00:00,-0.1268538025357536,-0.18816501
2017-12-26 14:10:00,0.0039504087938066,-0.19213322
2017-12-26 14:20:00,0.084445308285576,-0.20405123
2017-12-26 14:30:00,0.084445308285576,-0.21442938
2017-12-26 14:40:00,0.1045690324693863,-0.22600912
2017-12-26 14:50:00,0.0576136746622312,-0.23920736
2017-12-26 15:00:00,0.0576136746622312,-0.26147345
2017-12-26 15:10:00,0.0358129734631042,-0.2854462
2017-12-26 15:20:00,0.0592906516775488,-0.30405498
2017-12-26 15:30:00,0.0307820424171514,-0.31362483
2017-12-26 15:40:00,-0.006111453298098,-0.29791215
2017-12-26 15:50:00,-0.0866063527898684,-0.28192267
2017-12-26 16:00:00,-0.1385926416429759,-0.2779071
2017-12-26 16:10:00,-0.1151149634285313,-0.26538387
2017-12-26 16:20:00,-0.1134379864132137,-0.23568514
2017-12-26 16:30:00,-0.0715135596520114,-0.17562172
2017-12-26 16:40:00,-0.0044344762827814,-0.08124226
2017-12-26 16:50:00,0.0257511113711995,0.07279636
2017-12-26 17:00:00,0.1230157810161441,0.19335732
2017-12-26 17:10:00,0.2051876575232311,0.3764141
2017-12-26 17:20:00,0.4936277124274305,0.6082375
2017-12-26 17:30:00,0.8424389426395908,0.8325767
2017-12-26 17:40:00,1.0554150304762375,0.99330705
2017-12-26 17:50:00,1.1292020219067376,1.0865653
2017-12-26 18:00:00,1.0939855032068058,1.106807
2017-12-26 18:10:00,1.0856006181302176,1.1248792
2017-12-26 18:20:00,1.0906315491761704,1.1370344
2017-12-26 18:30:00,1.088954572160853,1.1421132
2017-12-26 18:40:00,1.09733945723744,1.1411077
2017-12-26 18:50:00,1.0788927086906823,1.1267079
2017-12-26 19:00:00,1.0503840994302858,1.0937802
2017-12-26 19:10:00,1.09733945723744,1.0504384
2017-12-26 19:20:00,1.0487071224149682,1.0023175
2017-12-26 19:30:00,1.0151675807303528,0.9732582
2017-12-26 19:40:00,0.9983978105771778,0.9578797
2017-12-26 19:50:00,0.9782740850151024,0.9539055
2017-12-26 20:00:00,0.9480884973611224,0.94919866
2017-12-26 20:10:00,1.0000747875924954,0.9228123
2017-12-26 20:20:00,0.9665352459078802,0.87972856
2017-12-26 20:30:00,0.9078410489935036,0.8308019
2017-12-26 20:40:00,0.8860403464161108,0.7734992
2017-12-26 20:50:00,0.8474698736855427,0.7196664
2017-12-26 21:00:00,0.7183426393713005,0.6754648
2017-12-26 21:10:00,0.6764182126100983,0.6090329
2017-12-26 21:20:00,0.6395247168948478,0.5066392
2017-12-26 21:30:00,0.5523219107200739,0.38093123
2017-12-26 21:40:00,0.4936277124274305,0.24744877
2017-12-26 21:50:00,0.4148097899509786,0.11948252
2017-12-26 22:00:00,0.3477307079600132,0.017228713
2017-12-26 22:10:00,0.2420811518602156,-0.111902565
2017-12-26 22:20:00,0.1498474132612239,-0.2629417
2017-12-26 22:30:00,0.0441978585396913,-0.41507778
2017-12-26 22:40:00,-0.0144963383746861,-0.54244727
2017-12-26 22:50:00,-0.1117610093978961,-0.64620835
2017-12-26 23:00:00,-0.2408882423338733,-0.73790073
2017-12-26 23:10:00,-0.3498917524643056,-0.8265514
2017-12-26 23:20:00,-0.452187353155203,-0.90750736
2017-12-26 23:30:00,-0.5695757483622234,-0.9766526
2017-12-26 23:40:00,-0.6584555329305803,-1.0327396
2017-12-26 23:50:00,-0.7456583404836207,-1.0751168
2017-12-27 00:00:00,-0.8412460331132475,-1.1095684
2017-12-27 00:10:00,-0.9049711624518428,-1.1379673
2017-12-27 00:20:00,-0.995527924035518,-1.1623194
2017-12-27 00:30:00,-1.1028544557723676,-1.1848562
2017-12-27 00:40:00,-1.1531637676101576,-1.2034411
2017-12-27 00:50:00,-1.2085040104938998,-1.2193915
2017-12-27 01:00:00,-1.2806140249090825,-1.2374723
2017-12-27 01:10:00,-1.3393082218234595,-1.2566587
2017-12-27 01:20:00,-1.384586602615297,-1.2771599
2017-12-27 01:30:00,-1.4147721902692771,-1.2982311
2017-12-27 01:40:00,-1.4550196400151625,-1.31878
2017-12-27 01:50:00,-1.5019749978223174,-1.3377318
2017-12-27 02:00:00,-1.542222447568202,-1.3549076
2017-12-27 02:10:00,-1.562346171752012,-1.3718164
2017-12-27 02:20:00,-1.570731058206865,-1.3874189
2017-12-27 02:30:00,-1.585823851344722,-1.4018013
2017-12-27 02:40:00,-1.6126554849680674,-1.4141526
2017-12-27 02:50:00,-1.629425255121242,-1.4249685
2017-12-27 03:00:00,-1.639487117213147,-1.4325521
2017-12-27 03:10:00,-1.6797345669590318,-1.4404681
2017-12-27 03:20:00,-1.6847654980049849,-1.4468597
2017-12-27 03:30:00,-1.6847654980049849,-1.4519776
2017-12-27 03:40:00,-1.6612878197905396,-1.455883
2017-12-27 03:50:00,-1.6713496818824447,-1.4592829
2017-12-27 04:00:00,-1.689796429050937,-1.4596345
2017-12-27 04:10:00,-1.6847654980049849,-1.4502889
2017-12-27 04:20:00,-1.6847654980049849,-1.4304116
2017-12-27 04:30:00,-1.678057589943715,-1.3960056
2017-12-27 04:40:00,-1.7183050396895994,-1.3473616
2017-12-27 04:50:00,-1.7149510856589647,-1.2859302
2017-12-27 05:00:00,-1.696504337112207,-1.1977241
2017-12-27 05:10:00,-1.6562568887445872,-1.0959914
2017-12-27 05:20:00,-1.634456186167195,-1.0407326
2017-12-27 05:30:00,-1.6076245525438495,-1.1044343
2017-12-27 05:40:00,-1.6109785079527497,-1.2555779
2017-12-27 05:50:00,-1.4986210437916825,-1.3908434
2017-12-27 06:00:00,-1.4315419604224522,-1.4145586
2017-12-27 06:10:00,-1.4416038238926223,-1.431644
2017-12-27 06:20:00,-1.4315419604224522,-1.442942
2017-12-27 06:30:00,-1.3912945120548326,-1.449686
2017-12-27 06:40:00,-1.340985198838777,-1.4556332
2017-12-27 06:50:00,-1.3594319473855347,-1.4599108
2017-12-27 07:00:00,-1.4080642822080072,-1.4633312
2017-12-27 07:10:00,-1.3778786945540271,-1.4639673
2017-12-27 07:20:00,-1.3275693827162371,-1.4613979
2017-12-27 07:30:00,-1.3175075206243323,-1.4582422
2017-12-27 07:40:00,-1.3644628784314872,-1.4526747
2017-12-27 07:50:00,-1.3711707864927571,-1.4455209
2017-12-27 08:00:00,-1.3057686815171103,-1.4393613
2017-12-27 08:10:00,-1.2185658739640703,-1.429888
2017-12-27 08:20:00,-1.1783184242181852,-1.4181827
2017-12-27 08:30:00,-1.02068257926528,-1.4028984
2017-12-27 08:40:00,-0.9821121065347124,-1.3843744
2017-12-27 08:50:00,-0.9200639555897004,-1.3646221
2017-12-27 09:00:00,-0.8261532399753906,-1.3517079
2017-12-27 09:10:00,-0.7355964783917155,-1.3275497
2017-12-27 09:20:00,-0.6483936708386756,-1.2937932
2017-12-27 09:30:00,-0.5913764495613503,-1.2506107
2017-12-27 09:40:00,-0.5360362066776081,-1.2049773
2017-12-27 09:50:00,-0.5209434135397506,-1.1428199
2017-12-27 10:00:00,-0.4941117799164053,-1.0779085
2017-12-27 10:10:00,-0.4052319953480483,-0.991764
2017-12-27 10:20:00,-0.2861666231257103,-0.88458997
2017-12-27 10:30:00,-0.2492731287887258,-0.7682568
2017-12-27 10:40:00,-0.1972868385573533,-0.64476115
2017-12-27 10:50:00,-0.0681596056213762,-0.52765095
2017-12-27 11:00:00,-0.0664826286060586,-0.4520835
2017-12-27 11:10:00,0.0307820424171514,-0.3800656
2017-12-27 11:20:00,0.0995381014234335,-0.31523705
2017-12-27 11:30:00,0.1280467120620959,-0.25678653
2017-12-27 11:40:00,0.196802771068378,-0.20081311
2017-12-27 11:50:00,0.2051876575232311,-0.16895267
2017-12-27 12:00:00,0.1532013672918581,-0.15722755
2017-12-27 12:10:00,0.1314006660927311,-0.14428455
2017-12-27 12:20:00,0.1817099779305215,-0.13198704
2017-12-27 12:30:00,0.2035106805079135,-0.119846135
2017-12-27 12:40:00,0.1515243902765405,-0.11469479
2017-12-27 12:50:00,0.1481704362459063,-0.11185315
2017-12-27 13:00:00,0.092830193362164,-0.111799955
2017-12-27 13:10:00,0.0559366976469136,-0.11252193
2017-12-27 13:20:00,0.0542597206315959,-0.11836547
2017-12-27 13:30:00,0.0609676286928664,-0.12581158
2017-12-27 13:40:00,0.0592906516775488,-0.1252197
2017-12-27 13:50:00,0.040843904509056,-0.12303209
2017-12-27 14:00:00,0.0425208815243737,-0.12955497
2017-12-27 14:10:00,0.0374899504784218,-0.13974625
2017-12-27 14:20:00,0.0190432019316641,-0.14702404
2017-12-27 14:30:00,-0.0245582018448567,-0.1607288
2017-12-27 14:40:00,-0.0413279719980309,-0.16845807
2017-12-27 14:50:00,-0.0698365826366938,-0.17002219
2017-12-27 15:00:00,-0.0815754217439161,-0.17869306
2017-12-27 15:10:00,-0.1100840323825785,-0.18830702
2017-12-27 15:20:00,-0.064805650212476,-0.19517832
2017-12-27 15:30:00,-0.0731905366673285,-0.19533226
2017-12-27 15:40:00,-0.1201458944744837,-0.18690605
2017-12-27 15:50:00,-0.155362413174416,-0.16617888
2017-12-27 16:00:00,-0.1570393901897336,-0.15352939
2017-12-27 16:10:00,-0.1302077565663884,-0.14714709
2017-12-27 16:20:00,-0.0899603068205036,-0.14275114
2017-12-27 16:30:00,-0.0497128570746184,-0.12884492
2017-12-27 16:40:00,-0.0279121558754915,-0.10046148
2017-12-27 16:50:00,0.0039504087938066,-0.04308108
2017-12-27 17:00:00,0.0777374002243065,-0.014064115
2017-12-27 17:10:00,0.2454351072691168,0.051099107
2017-12-27 17:20:00,0.517105392020141,0.21170111
2017-12-27 17:30:00,0.9346726812385826,0.50833565
2017-12-27 17:40:00,1.0688308465987777,0.8379253
2017-12-27 17:50:00,1.0520610764456035,1.0327146
2017-12-27 18:00:00,1.0369682833077458,1.074552
2017-12-27 18:10:00,1.0352913049141623,1.10766
2017-12-27 18:20:00,1.0788927086906823,1.1292915
2017-12-27 18:30:00,1.080569685706,1.1336555
2017-12-27 18:40:00,1.0352913049141623,1.1263937
2017-12-27 18:50:00,0.9447345433304882,1.1094478
2017-12-27 19:00:00,0.954796406800658,1.082555
2017-12-27 19:10:00,0.9514424527700236,1.0540297
2017-12-27 19:20:00,0.9581503608312932,1.0201356
2017-12-27 19:30:00,0.9329957042232648,0.98087496
2017-12-27 19:40:00,0.9044870935846026,0.9397436
2017-12-27 19:50:00,0.8994561625386507,0.90233094
2017-12-27 20:00:00,0.9095180260088204,0.8708254
2017-12-27 20:10:00,0.9229338421313604,0.8339866
2017-12-27 20:20:00,0.9229338421313604,0.7921272
2017-12-27 20:30:00,0.9011331395539685,0.74662596
2017-12-27 20:40:00,0.8692705762629357,0.6979725
2017-12-27 20:50:00,0.7921296308018005,0.64881575
2017-12-27 21:00:00,0.72505054743257,0.6096787
2017-12-27 21:10:00,0.686480076080269,0.54860073
2017-12-27 21:20:00,0.6261089007723079,0.4514406
2017-12-27 21:30:00,0.5774765659498361,0.33504495
2017-12-27 21:40:00,0.5053665515346527,0.2239436
2017-12-27 21:50:00,0.4684730571976683,0.114857644
2017-12-27 22:00:00,0.4248716534211483,0.026786916
2017-12-27 22:10:00,0.3577925700519188,-0.08958346
2017-12-27 22:20:00,0.2353732437989461,-0.23013914
2017-12-27 22:30:00,0.1330776431080488,-0.37004593
2017-12-27 22:40:00,-0.0044344762827814,-0.4912344
2017-12-27 22:50:00,-0.1603933442203684,-0.603938
2017-12-27 23:00:00,-0.2828126690950756,-0.70868677
2017-12-27 23:10:00,-0.386785248179556,-0.81647503
2017-12-27 23:20:00,-0.5041736420083105,-0.9097335
2017-12-27 23:30:00,-0.5511290011937306,-0.9884705
2017-12-27 23:40:00,-0.5964073819855682,-1.0516882
2017-12-27 23:50:00,-0.7272115919368625,-1.0974194
2017-12-28 00:00:00,-0.8295071940060252,-1.1318748
2017-12-28 00:10:00,-0.8747855747978628,-1.1599513
2017-12-28 00:20:00,-0.973727221458125,-1.1832756
2017-12-28 00:30:00,-1.0475142128886257,-1.2018692
2017-12-28 00:40:00,-1.08776166263451,-1.217327
2017-12-28 00:50:00,-1.1514867905948398,-1.2320924
2017-12-28 01:00:00,-1.2303047130712927,-1.2474494
2017-12-28 01:10:00,-1.235335644117245,-1.2646377
2017-12-28 01:20:00,-1.2957068180469395,-1.2824607
2017-12-28 01:30:00,-1.3275693827162371,-1.3011624
2017-12-28 01:40:00,-1.3560779933549,-1.3202786
2017-12-28 01:50:00,-1.3762017175387096,-1.3368173
2017-12-28 02:00:00,-1.4114182362386425,-1.3512468
2017-12-28 02:10:00,-1.4835282506538248,-1.3648611
2017-12-28 02:20:00,-1.5002980208069998,-1.3789985
2017-12-28 02:30:00,-1.5170677909601744,-1.3915918
2017-12-28 02:40:00,-1.5438994245835198,-1.402956
2017-12-28 02:50:00,-1.5606691947366944,-1.4135715
2017-12-28 03:00:00,-1.5807929202987696,-1.4226129
2017-12-28 03:10:00,-1.602593621497897,-1.4306023
2017-12-28 03:20:00,-1.6126554849680674,-1.4377842
2017-12-28 03:30:00,-1.621040370044655,-1.4427383
2017-12-28 03:40:00,-1.6596108427752223,-1.4465191
2017-12-28 03:50:00,-1.6545799117292697,-1.450587
2017-12-28 04:00:00,-1.6411640942284642,-1.4520596
2017-12-28 04:10:00,-1.6260713010906072,-1.4462273
2017-12-28 04:20:00,-1.6076245525438495,-1.4284594
2017-12-28 04:30:00,-1.6428410712437818,-1.394387
2017-12-28 04:40:00,-1.6093015295591666,-1.3438859
2017-12-28 04:50:00,-1.6093015295591666,-1.2789637
2017-12-28 05:00:00,-1.572408035222182,-1.1844963
2017-12-28 05:10:00,-1.5740850122374996,-1.0762007
2017-12-28 05:20:00,-1.5472533786141545,-1.0228163
2017-12-28 05:30:00,-1.5086829058835869,-1.0904464
2017-12-28 05:40:00,-1.4969440667763645,-1.2472763
2017-12-28 05:50:00,-1.3896175350395148,-1.3817635
2017-12-28 06:00:00,-1.2957068180469395,-1.4017448
2017-12-28 06:10:00,-1.3074456585324274,-1.417356
2017-12-28 06:20:00,-1.2671982087865423,-1.4258466
2017-12-28 06:30:00,-1.250428437255102,-1.4294827
2017-12-28 06:40:00,-1.248751460239785,-1.4309846
2017-12-28 06:50:00,-1.278937047893765,-1.4327013
2017-12-28 07:00:00,-1.322538451670285,-1.4331783
2017-12-28 07:10:00,-1.3393082218234595,-1.4346147
2017-12-28 07:20:00,-1.300737750471158,-1.432253
2017-12-28 07:30:00,-1.3778786945540271,-1.4268641
2017-12-28 07:40:00,-1.4181261442999122,-1.4202268
2017-12-28 07:50:00,-1.4382498698619877,-1.4144816
2017-12-28 08:00:00,-1.384586602615297,-1.4116712
2017-12-28 08:10:00,-1.2940298410316224,-1.4019892
2017-12-28 08:20:00,-1.2034730794479471,-1.388495
2017-12-28 08:30:00,-1.1095623638336376,-1.3718529
2017-12-28 08:40:00,-1.0542221209498954,-1.3540884
2017-12-28 08:50:00,-1.03409839538782,-1.332615
2017-12-28 09:00:00,-0.9066481394671604,-1.3184216
2017-12-28 09:10:00,-0.8479539411745175,-1.2962463
2017-12-28 09:20:00,-0.7607511336214777,-1.2601683
2017-12-28 09:30:00,-0.7171497298449577,-1.2106271
2017-12-28 09:40:00,-0.6769022800990726,-1.1436017
2017-12-28 09:50:00,-0.6131771521387432,-1.0511254
2017-12-28 10:00:00,-0.5427441147388781,-0.9579147
2017-12-28 10:10:00,-0.4505103761398853,-0.8557753
2017-12-28 10:20:00,-0.3666615226174807,-0.7392773
2017-12-28 10:30:00,-0.296228486595881,-0.6037331
2017-12-28 10:40:00,-0.2140566100887935,-0.49814978
2017-12-28 10:50:00,-0.1855479994501306,-0.40544084
2017-12-28 11:00:00,-0.1469775267195635,-0.35053715
2017-12-28 11:10:00,-0.1167919404438484,-0.29325235
2017-12-28 11:20:00,-0.1151149634285313,-0.23757145
2017-12-28 11:30:00,-0.0128193613593685,-0.18484785
2017-12-28 11:40:00,-0.0027574992674638,-0.13500461
2017-12-28 11:50:00,-0.0245582018448567,-0.10832912
2017-12-28 12:00:00,-0.0379740179673961,-0.111356914
2017-12-28 12:10:00,0.0156892479010289,-0.11153266
2017-12-28 12:20:00,0.0710294921630361,-0.1165939
2017-12-28 12:30:00,0.1129539189242394,-0.12104085
2017-12-28 12:40:00,0.0743834461936713,-0.12581025
2017-12-28 12:50:00,0.1028920554540687,-0.12933323
2017-12-28 13:00:00,0.0492287895856441,-0.14266989
2017-12-28 13:10:00,0.0274280883865161,-0.15429293
2017-12-28 13:20:00,0.0576136746622312,-0.1724259
2017-12-28 13:30:00,0.0140122708857112,-0.1811808
2017-12-28 13:40:00,-0.058097742151206,-0.1832146
2017-12-28 13:50:00,-0.0782214677132814,-0.1812948
2017-12-28 14:00:00,-0.0446819260286661,-0.1891473
2017-12-28 14:10:00,-0.0530668111052532,-0.20054823
2017-12-28 14:20:00,-0.0798984447285985,-0.21416217
2017-12-28 14:30:00,-0.1100840323825785,-0.22875711
2017-12-28 14:40:00,-0.0866063527898684,-0.23855516
2017-12-28 14:50:00,-0.094991237866456,-0.24194214
2017-12-28 15:00:00,-0.0614516961818407,-0.25745207
2017-12-28 15:10:00,-0.094991237866456,-0.27405855
2017-12-28 15:20:00,-0.1201458944744837,-0.2906417
2017-12-28 15:30:00,-0.1201458944744837,-0.29887822
2017-12-28 15:40:00,-0.1453005497042458,-0.29592738
2017-12-28 15:50:00,-0.1704552063122735,-0.28223535
2017-12-28 16:00:00,-0.1486545037348806,-0.27685708
2017-12-28 16:10:00,-0.1100840323825785,-0.2685678
2017-12-28 16:20:00,-0.1167919404438484,-0.24952516
2017-12-28 16:30:00,-0.0597747191665231,-0.206402
2017-12-28 16:40:00,0.032459019432469,-0.12153277
2017-12-28 16:50:00,0.144816482215271,0.028006373
2017-12-28 17:00:00,0.2370502208142637,0.15198979
2017-12-28 17:10:00,0.3645004781131883,0.33951023
2017-12-28 17:20:00,0.6043081995731809,0.5741821
2017-12-28 17:30:00,1.02355246580694,0.80278546
2017-12-28 17:40:00,1.412611145764985,0.9558213
2017-12-28 17:50:00,1.5149067464558823,1.0445921
2017-12-28 18:00:00,1.5182607004865176,1.0613482
2017-12-28 18:10:00,1.513229769440565,1.0713334
2017-12-28 18:20:00,1.4713053426793623,1.0718371
2017-12-28 18:30:00,1.4193190538262546,1.0622625
2017-12-28 18:40:00,1.4109341687496677,1.0471667
2017-12-28 18:50:00,1.4444737104342829,1.0237956
2017-12-28 19:00:00,1.42267300785689,0.9948578
2017-12-28 19:10:00,1.387456489156957,0.9625487
2017-12-28 19:20:00,1.127525044891421,0.91959494
2017-12-28 19:30:00,0.8944252314926978,0.87838227
2017-12-28 19:40:00,0.8726245302935709,0.84532434
2017-12-28 19:50:00,0.8441159196549085,0.8172602
2017-12-28 20:00:00,0.8508238277161779,0.79341847
2017-12-28 20:10:00,0.9229338421313604,0.76526064
2017-12-28 20:20:00,0.8776554613395228,0.73408645
2017-12-28 20:30:00,0.911195003024138,0.70013756
2017-12-28 20:40:00,0.8608856911863486,0.6575945
2017-12-28 20:50:00,0.859208712792765,0.61057186
2017-12-28 21:00:00,0.8558547587621308,0.564749
2017-12-28 21:10:00,0.8156073090162451,0.502296
2017-12-28 21:20:00,0.7351124109027407,0.41629308
2017-12-28 21:30:00,0.6630023964875583,0.31160682
2017-12-28 21:40:00,0.5640607498272961,0.21011522
2017-12-28 21:50:00,0.5439370242652208,0.11777471
2017-12-28 22:00:00,0.4684730571976683,0.047155496
2017-12-28 22:10:00,0.4299025844671011,-0.048337396
2017-12-28 22:20:00,0.3192220973213507,-0.15934175
2017-12-28 22:30:00,0.1917718400224262,-0.27309576
2017-12-28 22:40:00,0.0911532163468464,-0.37880597
2017-12-28 22:50:00,0.0056273858091242,-0.47564688
2017-12-28 23:00:00,-0.1335617105970236,-0.56145
2017-12-28 23:10:00,-0.2475961517734087,-0.65088034
2017-12-28 23:20:00,-0.3901392022101908,-0.74085945
2017-12-28 23:30:00,-0.475665032747913,-0.8328212
2017-12-28 23:40:00,-0.5578369092550005,-0.92164266
2017-12-28 23:50:00,-0.6601325099458979,-0.99907154
2017-12-29 00:00:00,-0.7842288132141878,-1.0616279
2017-12-29 00:10:00,-0.817768354898803,-1.1107157
2017-12-29 00:20:00,-0.9049711624518428,-1.1510952
2017-12-29 00:30:00,-0.9770811754887602,-1.1834333
2017-12-29 00:40:00,-1.0374523507967202,-1.2106016
2017-12-29 00:50:00,-1.0978235247264152,-1.2315345
2017-12-29 01:00:00,-1.1347170204416652,-1.248256
2017-12-29 01:10:00,-1.1867033092947727,-1.2642547
2017-12-29 01:20:00,-1.2118579645245349,-1.2804008
2017-12-29 01:30:00,-1.2621672777405903,-1.295177
2017-12-29 01:40:00,-1.302414727486475,-1.3111707
2017-12-29 01:50:00,-1.3577549703702172,-1.326008
2017-12-29 02:00:00,-1.4080642822080072,-1.3404167
2017-12-29 02:10:00,-1.4231570753458649,-1.3540609
2017-12-29 02:20:00,-1.4566966170304798,-1.3675007
2017-12-29 02:30:00,-1.4885591816997774,-1.381392
2017-12-29 02:40:00,-1.5170677909601744,-1.3940492
2017-12-29 02:50:00,-1.5019749978223174,-1.4057719
2017-12-29 03:00:00,-1.5371915165222498,-1.4163
2017-12-29 03:10:00,-1.555638263690742,-1.4252983
2017-12-29 03:20:00,-1.5589922177213766,-1.4325008
2017-12-29 03:30:00,-1.605947575528532,-1.4386308
2017-12-29 03:40:00,-1.6176864160140196,-1.4438394
2017-12-29 03:50:00,-1.6109785079527497,-1.4492526
2017-12-29 04:00:00,-1.6445180482590995,-1.4524553
2017-12-29 04:10:00,-1.6478720022897342,-1.4481208
2017-12-29 04:20:00,-1.6495489793050515,-1.4316962
2017-12-29 04:30:00,-1.6428410712437818,-1.4011061
2017-12-29 04:40:00,-1.6545799117292697,-1.3591444
2017-12-29 04:50:00,-1.6881194520356193,-1.3085144
2017-12-29 05:00:00,-1.6612878197905396,-1.2341104
2017-12-29 05:10:00,-1.6126554849680674,-1.1340148
2017-12-29 05:20:00,-1.6109785079527497,-1.0393872
2017-12-29 05:30:00,-1.5824698973140874,-1.0483384
2017-12-29 05:40:00,-1.5321605854762974,-1.1852596
2017-12-29 05:50:00,-1.4281880063918169,-1.3356938
2017-12-29 06:00:00,-1.3661398554468047,-1.3588762
2017-12-29 06:10:00,-1.3896175350395148,-1.3776383
2017-12-29 06:20:00,-1.3510470623089477,-1.3899946
2017-12-29 06:30:00,-1.3376312448081424,-1.3977085
2017-12-29 06:40:00,-1.3309233367468725,-1.4017715
2017-12-29 06:50:00,-1.322538451670285,-1.4047627
2017-12-29 07:00:00,-1.346016131262995,-1.4118042
2017-12-29 07:10:00,-1.352724039324265,-1.4144815
2017-12-29 07:20:00,-1.346016131262995,-1.4154927
2017-12-29 07:30:00,-1.4382498698619877,-1.4120108
2017-12-29 07:40:00,-1.4818512736385077,-1.4084117
2017-12-29 07:50:00,-1.5070059288682698,-1.4005731
2017-12-29 08:00:00,-1.44328080090794,-1.3956659
2017-12-29 08:10:00,-1.3577549703702172,-1.3895819
2017-12-29 08:20:00,-1.2705521628171774,-1.3788476
2017-12-29 08:30:00,-1.1900572633254074,-1.3636727
2017-12-29 08:40:00,-1.1045314327876852,-1.344115
2017-12-29 08:50:00,-1.030744441357185,-1.3267255
2017-12-29 09:00:00,-0.98378908355003,-1.3114518
2017-12-29 09:10:00,-0.893232321966355,-1.2935882
2017-12-29 09:20:00,-0.8026755603826805,-1.2697073
2017-12-29 09:30:00,-0.7288885703304455,-1.2336843
2017-12-29 09:40:00,-0.6802562341297078,-1.181561
2017-12-29 09:50:00,-0.6115001751234257,-1.1244712
2017-12-29 10:00:00,-0.5393901607082429,-1.0638918
2017-12-29 10:10:00,-0.4790189867785482,-0.9808189
2017-12-29 10:20:00,-0.4438024680786154,-0.88258976
2017-12-29 10:30:00,-0.3784003631029685,-0.7741683
2017-12-29 10:40:00,-0.333121982311131,-0.65800244
2017-12-29 10:50:00,-0.2761047610338056,-0.53668094
2017-12-29 11:00:00,-0.281135692079758,-0.45828408
2017-12-29 11:10:00,-0.1889019534807658,-0.38655427
2017-12-29 11:20:00,-0.1603933442203684,-0.3168415
2017-12-29 11:30:00,-0.0815754217439161,-0.25176823
2017-12-29 11:40:00,-0.0346200639367609,-0.20289066
2017-12-29 11:50:00,-0.1100840323825785,-0.1788292
2017-12-29 12:00:00,-0.2039947479968888,-0.176402
2017-12-29 12:10:00,-0.2358573112879204,-0.17228873
2017-12-29 12:20:00,-0.2425652207274559,-0.1734814
2017-12-29 12:30:00,-0.266042898941901,-0.1731573
2017-12-29 12:40:00,-0.2777817380491232,-0.17323956
2017-12-29 12:50:00,-0.3465377984336709,-0.17863078
2017-12-29 13:00:00,-0.3599536145562108,-0.19433513
2017-12-29 13:10:00,-0.3163522107796909,-0.20912443
2017-12-29 13:20:00,-0.2526270828193611,-0.22640717
2017-12-29 13:30:00,-0.2341803342726033,-0.23205397
2017-12-29 13:40:00,-0.266042898941901,-0.23012006
2017-12-29 13:50:00,-0.2425652207274559,-0.22278681
2017-12-29 14:00:00,-0.2442421977427735,-0.22530285
2017-12-29 14:10:00,-0.2543040598346787,-0.23198378
2017-12-29 14:20:00,-0.2693968529725357,-0.24221
2017-12-29 14:30:00,-0.2526270828193611,-0.25283536
2017-12-29 14:40:00,-0.2911975555499286,-0.2631031
2017-12-29 14:50:00,-0.3498917524643056,-0.27151877
2017-12-29 15:00:00,-0.3347989593264486,-0.28414556
2017-12-29 15:10:00,-0.3498917524643056,-0.2985967
2017-12-29 15:20:00,-0.3062903486877857,-0.31282666
2017-12-29 15:30:00,-0.3431838444030357,-0.3214511
2017-12-29 15:40:00,-0.3431838444030357,-0.31852612
2017-12-29 15:50:00,-0.3565996605255755,-0.30436698
2017-12-29 16:00:00,-0.3633075685868455,-0.30106226
2017-12-29 16:10:00,-0.3633075685868455,-0.29702136
2017-12-29 16:20:00,-0.3700154766481154,-0.2835723
2017-12-29 16:30:00,-0.3700154766481154,-0.25218108
2017-12-29 16:40:00,-0.3297680269022308,-0.18665412
2017-12-29 16:50:00,-0.3012594176418333,-0.06724079
2017-12-29 17:00:00,-0.2341803342726033,0.011284845
2017-12-29 17:10:00,-0.1335617105970236,0.14796609
2017-12-29 17:20:00,0.1716481158386158,0.33920467
2017-12-29 17:30:00,0.6160470386804032,0.55693704
2017-12-29 17:40:00,0.7552361350865511,0.71523124
2017-12-29 17:50:00,0.8038684699090228,0.8018692
2017-12-29 18:00:00,0.8172842874098287,0.8062114
2017-12-29 18:10:00,0.8575317357774473,0.8106465
2017-12-29 18:20:00,0.9028101165692848,0.8146068
2017-12-29 18:30:00,0.8776554613395228,0.81642604
2017-12-29 18:40:00,0.8743015073088886,0.8176022
2017-12-29 18:50:00,0.8307001035323686,0.8268648
2017-12-29 19:00:00,0.8021914928937052,0.82763666
2017-12-29 19:10:00,0.7904526537864829,0.8177417
2017-12-29 19:20:00,0.7619440431478205,0.7971732
2017-12-29 19:30:00,0.7552361350865511,0.77192456
2017-12-29 19:40:00,0.703249846233443,0.7504605
2017-12-29 19:50:00,0.6730642585794631,0.73112124
2017-12-29 20:00:00,0.651263557380336,0.71962184
2017-12-29 20:10:00,0.7200196163866182,0.70718896
2017-12-29 20:20:00,0.7602670661325028,0.6934357
2017-12-29 20:30:00,0.7451742729946453,0.6760111
2017-12-29 20:40:00,0.7300814798567888,0.6569851
2017-12-29 20:50:00,0.6848030990649513,0.63942844
2017-12-29 21:00:00,0.6294628548029431,0.6237175
2017-12-29 21:10:00,0.5456140012805385,0.5924264
2017-12-29 21:20:00,0.530521208142681,0.5253927
2017-12-29 21:30:00,0.4936277124274305,0.42015204
2017-12-29 21:40:00,0.4315795614824188,0.29452655
2017-12-29 21:50:00,0.3645004781131883,0.15791148
2017-12-29 22:00:00,0.2638818544376085,0.02025082
2017-12-29 22:10:00,0.2051876575232311,-0.150133
2017-12-29 22:20:00,0.1481704362459063,-0.35291263
2017-12-29 22:30:00,0.0877992623162112,-0.5601452
2017-12-29 22:40:00,-0.0111423843440508,-0.71589655
2017-12-29 22:50:00,-0.0748675136826461,-0.806428
2017-12-29 23:00:00,-0.1385926416429759,-0.8666085
2017-12-29 23:10:00,-0.2274724262113334,-0.9464578
2017-12-29 23:20:00,-0.3079673257031033,-1.0309823
2017-12-29 23:30:00,-0.3616305915715284,-1.1014048
2017-12-29 23:40:00,-0.5360362066776081,-1.1557658
2017-12-29 23:50:00,-0.6081462210927905,-1.196348
2017-12-30 00:00:00,-0.7255346149215454,-1.2256773
2017-12-30 00:10:00,-0.8496309181898352,-1.2492478
2017-12-30 00:20:00,-0.9452186108194626,-1.2673702
2017-12-30 00:30:00,-1.00726676314274,-1.2819116
2017-12-30 00:40:00,-1.086084685619193,-1.2935379
2017-12-30 00:50:00,-1.1514867905948398,-1.3020556
2017-12-30 01:00:00,-1.242043552178515,-1.3104805
2017-12-30 01:10:00,-1.2990607720775749,-1.321047
2017-12-30 01:20:00,-1.3510470623089477,-1.332298
2017-12-30 01:30:00,-1.421480098330547,-1.3440906
2017-12-30 01:40:00,-1.4382498698619877,-1.355856
2017-12-30 01:50:00,-1.4952670897610474,-1.368157
2017-12-30 02:00:00,-1.5506073326447896,-1.3797295
2017-12-30 02:10:00,-1.5388684935375674,-1.3913901
2017-12-30 02:20:00,-1.5606691947366944,-1.4027735
2017-12-30 02:30:00,-1.592531759405992,-1.4132141
2017-12-30 02:40:00,-1.6193633930293372,-1.4230608
2017-12-30 02:50:00,-1.629425255121242,-1.431758
2017-12-30 03:00:00,-1.6545799117292697,-1.437882
2017-12-30 03:10:00,-1.6864424750203018,-1.442615
2017-12-30 03:20:00,-1.7065662005823772,-1.447047
2017-12-30 03:30:00,-1.7266899247661869,-1.4497144
2017-12-30 03:40:00,-1.7451366733129448,-1.4512764
2017-12-30 03:50:00,-1.7551985354048494,-1.4518204
2017-12-30 04:00:00,-1.7350748098427746,-1.4499223
2017-12-30 04:10:00,-1.7468136503282623,-1.4367645
2017-12-30 04:20:00,-1.7266899247661869,-1.4070616
2017-12-30 04:30:00,-1.7233359707355518,-1.3545101
2017-12-30 04:40:00,-1.7283669017815046,-1.2769136
2017-12-30 04:50:00,-1.7401057408887268,-1.1837475
2017-12-30 05:00:00,-1.7283669017815046,-1.0713574
2017-12-30 05:10:00,-1.7132741086436472,-0.96168584
2017-12-30 05:20:00,-1.7132741086436472,-0.90380794
2017-12-30 05:30:00,-1.6981813155057897,-0.97670376
2017-12-30 05:40:00,-1.6612878197905396,-1.1568335
2017-12-30 05:50:00,-1.5606691947366944,-1.3459034
2017-12-30 06:00:00,-1.4717894101683369,-1.3836936
2017-12-30 06:10:00,-1.48017429662319,-1.4094898
2017-12-30 06:20:00,-1.4919131357304125,-1.4269915
2017-12-30 06:30:00,-1.4516656859845276,-1.4381154
2017-12-30 06:40:00,-1.44328080090794,-1.4450828
2017-12-30 06:50:00,-1.5204217449908095,-1.4505773
2017-12-30 07:00:00,-1.5824698973140874,-1.4555994
2017-12-30 07:10:00,-1.678057589943715,-1.4598074
2017-12-30 07:20:00,-1.7115971316283294,-1.4603515
2017-12-30 07:30:00,-1.7920920311200998,-1.4571623
2017-12-30 07:40:00,-1.8289855254570844,-1.4536598
2017-12-30 07:50:00,-1.8138927323192269,-1.4489373
2017-12-30 08:00:00,-1.7065662005823772,-1.4441999
2017-12-30 08:10:00,-1.683088520989667,-1.4406608
2017-12-30 08:20:00,-1.565700127160912,-1.4350059
2017-12-30 08:30:00,-1.518744767975492,-1.4266101
2017-12-30 08:40:00,-1.48017429662319,-1.4160584
2017-12-30 08:50:00,-1.3745247405233925,-1.4029194
2017-12-30 09:00:00,-1.2185658739640703,-1.393309
2017-12-30 09:10:00,-1.0793767761796575,-1.3782675
2017-12-30 09:20:00,-0.9921739700048828,-1.3620933
2017-12-30 09:30:00,-0.9267718636509704,-1.3371642
2017-12-30 09:40:00,-0.8865244139050851,-1.304419
2017-12-30 09:50:00,-0.8445999871438828,-1.2627442
2017-12-30 10:00:00,-0.7339195013763978,-1.2189058
2017-12-30 10:10:00,-0.6584555329305803,-1.1503029
2017-12-30 10:20:00,-0.5980843590008857,-1.0672126
2017-12-30 10:30:00,-0.4941117799164053,-0.9610899
2017-12-30 10:40:00,-0.4706341017019607,-0.8473999
2017-12-30 10:50:00,-0.4421254910632983,-0.73182774
2017-12-30 11:00:00,-0.4002010643020955,-0.65425617
2017-12-30 11:10:00,-0.3834312941489208,-0.5907601
2017-12-30 11:20:00,-0.3549226835102584,-0.52397335
2017-12-30 11:30:00,-0.3029363946571509,-0.46249303
2017-12-30 11:40:00,-0.3062903486877857,-0.41688707
2017-12-30 11:50:00,-0.3247370958562779,-0.39760825
2017-12-30 12:00:00,-0.3314450052958134,-0.4057571
2017-12-30 12:10:00,-0.3364759363417662,-0.4164792
2017-12-30 12:20:00,-0.3280910498869132,-0.42060032
2017-12-30 12:30:00,-0.3163522107796909,-0.4302011
2017-12-30 12:40:00,-0.3146752337643732,-0.4484448
2017-12-30 12:50:00,-0.3046133716724686,-0.45986786
2017-12-30 13:00:00,-0.3280910498869132,-0.48467347
2017-12-30 13:10:00,-0.3163522107796909,-0.48784587
2017-12-30 13:20:00,-0.3264140728715955,-0.48260108
2017-12-30 13:30:00,-0.3633075685868455,-0.4588522
2017-12-30 13:40:00,-0.4018780413174131,-0.42749488
2017-12-30 13:50:00,-0.4119399034093183,-0.3984951
2017-12-30 14:00:00,-0.4203247898641708,-0.39188305
2017-12-30 14:10:00,-0.3800773401182861,-0.38456565
2017-12-30 14:20:00,-0.4186478128488537,-0.38493338
2017-12-30 14:30:00,-0.4186478128488537,-0.38258284
2017-12-30 14:40:00,-0.4488333991245682,-0.37459403
2017-12-30 14:50:00,-0.5108815514478459,-0.36806878
2017-12-30 15:00:00,-0.5360362066776081,-0.37701106
2017-12-30 15:10:00,-0.5561599322396834,-0.39405483
2017-12-30 15:20:00,-0.5427441147388781,-0.4114102
2017-12-30 15:30:00,-0.5662217943315881,-0.42358035
2017-12-30 15:40:00,-0.5947304035919856,-0.42445543
2017-12-30 15:50:00,-0.6651634409918503,-0.41186824
2017-12-30 16:00:00,-0.6785792571143902,-0.4090438
2017-12-30 16:10:00,-0.6668404180071679,-0.4001991
2017-12-30 16:20:00,-0.6551015788999456,-0.37713557
2017-12-30 16:30:00,-0.616531106169378,-0.3300818
2017-12-30 16:40:00,-0.5276513216010206,-0.2375342
2017-12-30 16:50:00,-0.5024966649929928,-0.07934949
2017-12-30 17:00:00,-0.4471564221092506,0.039758656
2017-12-30 17:10:00,-0.318029187795008,0.20417261
2017-12-30 17:20:00,-0.0446819260286661,0.39734858
2017-12-30 17:30:00,0.4081018818897082,0.5789738
2017-12-30 17:40:00,0.5724456349038832,0.7145757
2017-12-30 17:50:00,0.6747412355947806,0.8018823
2017-12-30 18:00:00,0.6948649611568559,0.8127057
2017-12-30 18:10:00,0.703249846233443,0.81957203
2017-12-30 18:20:00,0.6982189151874912,0.8208615
2017-12-30 18:30:00,0.6965419381721736,0.8170431
2017-12-30 18:40:00,0.6680333275335112,0.8117479
2017-12-30 18:50:00,0.651263557380336,0.80481666
2017-12-30 19:00:00,0.6529405343956537,0.79049146
2017-12-30 19:10:00,0.6529405343956537,0.7701957
2017-12-30 19:20:00,0.651263557380336,0.74785227
2017-12-30 19:30:00,0.6328168088335783,0.7296843
2017-12-30 19:40:00,0.5959233144965939,0.7168457
2017-12-30 19:50:00,0.582507496995788,0.70771486
2017-12-30 20:00:00,0.5774765659498361,0.70026356
2017-12-30 20:10:00,0.5841844740111055,0.6859585
2017-12-30 20:20:00,0.5808305199804703,0.6714837
2017-12-30 20:30:00,0.5623837728119786,0.65323764
2017-12-30 20:40:00,0.5405830702345856,0.6325266
2017-12-30 20:50:00,0.5053665515346527,0.6130441
2017-12-30 21:00:00,0.4667960801823517,0.5921163
2017-12-30 21:10:00,0.3963630427824859,0.55189294
2017-12-30 21:20:00,0.3661774551285059,0.4793835
2017-12-30 21:30:00,0.3225760513519859,0.36981925
2017-12-30 21:40:00,0.2253113817070414,0.23392281
2017-12-30 21:50:00,0.2085416115538663,0.080899835
2017-12-30 22:00:00,0.270589762498879,-0.080054015
2017-12-30 22:10:00,0.2454351072691168,-0.28754607
2017-12-30 22:20:00,0.188417885991791,-0.52811134
2017-12-30 22:30:00,0.1129539189242394,-0.7501166
2017-12-30 22:40:00,0.0592906516775488,-0.8986162
2017-12-30 22:50:00,-0.0195272694206379,-0.9753215
2017-12-30 23:00:00,-0.1100840323825785,-1.0176064
2017-12-30 23:10:00,-0.2475961517734087,-1.0756683
2017-12-30 23:20:00,-0.3482147754489885,-1.1404405
2017-12-30 23:30:00,-0.4639261936406907,-1.1949112
2017-12-30 23:40:00,-0.5511290011937306,-1.236169
2017-12-30 23:50:00,-0.6349778533378703,-1.264704
