,Originales,Predichos
2014-07-04 14:00:00,0.4054583669022464,0.19484027
2014-07-04 15:00:00,0.4274027119685794,0.051632024
2014-07-04 16:00:00,0.8553174407620717,0.02147294
2014-07-04 17:00:00,1.096705236491734,-0.0030781534
2014-07-04 18:00:00,1.239343479422898,-0.030381313
2014-07-04 19:00:00,0.5261522647670777,-0.056597017
2014-07-04 20:00:00,1.0308722012927352,-0.074211545
2014-07-04 21:00:00,0.7894844055630729,0.20488255
2014-07-04 22:00:00,0.5590687823665771,0.34792528
2014-07-04 23:00:00,0.6139296450324094,0.42321047
2014-07-05 00:00:00,0.745595715430407,0.49399766
2014-07-05 01:00:00,0.7894844055630729,0.31065354
2014-07-05 02:00:00,0.8114287506294059,0.35085607
2014-07-05 03:00:00,0.7565678879635735,0.34967592
2014-07-05 04:00:00,0.6358739900987423,0.3107405
2014-07-05 05:00:00,0.5700409548997435,0.2661183
2014-07-05 06:00:00,0.5371244373002441,0.1912074
2014-07-05 07:00:00,0.5261522647670777,0.071026824
2014-07-05 08:00:00,0.2737922965042488,-0.0982511
2014-07-05 09:00:00,0.1311540535730847,-0.11499513
2014-07-05 10:00:00,0.0543488458409194,-0.03723242
2014-07-05 11:00:00,0.1530983986394176,-0.018442472
2014-07-05 12:00:00,-0.0444007069575787,0.015860865
2014-07-05 13:00:00,-0.2199554674882422,-0.0052995887
2014-07-05 14:00:00,-0.3187050202867404,-0.0052410867
2014-07-05 15:00:00,-0.3625937104194063,-0.057883315
2014-07-05 16:00:00,-0.2857885026872411,0.042938583
2014-07-05 17:00:00,-0.329677192819907,0.12541597
2014-07-05 18:00:00,-0.2528719850877416,0.18256669
2014-07-05 19:00:00,-0.2528719850877416,-0.0020902958
2014-07-05 20:00:00,-0.0992615696234111,0.110897906
2014-07-05 21:00:00,0.0762931909072524,0.060052283
2014-07-05 22:00:00,0.6249018175655758,-0.022084838
2014-07-05 23:00:00,0.9211504759610706,-0.17101555
2014-07-06 00:00:00,0.8992061308947376,-0.02309381
2014-07-06 01:00:00,1.1735104442238993,0.11981822
2014-07-06 02:00:00,1.4587869300862275,0.16967888
2014-07-06 03:00:00,1.2283713068897315,0.16915248
2014-07-06 04:00:00,1.1954547892902323,0.15389143
2014-07-06 05:00:00,1.5026756202188931,0.05950407
2014-07-06 06:00:00,1.6672582082163905,-0.13903844
2014-07-06 07:00:00,1.4587869300862275,-0.020828923
2014-07-06 08:00:00,1.5355921378183928,-0.056924336
2014-07-06 09:00:00,1.2942043420887306,-0.09582376
2014-07-06 10:00:00,1.283232169555564,-0.13037674
2014-07-06 11:00:00,1.0528165463590682,-0.119921766
2014-07-06 12:00:00,0.8772617858284046,-0.18892363
2014-07-06 13:00:00,0.6249018175655758,-0.25075662
2014-07-06 14:00:00,0.58101312743291,-0.30587348
2014-07-06 15:00:00,0.58101312743291,-0.32694623
2014-07-06 16:00:00,0.5480966098334106,-0.22977695
2014-07-06 17:00:00,0.6358739900987423,-0.30327493
2014-07-06 18:00:00,0.745595715430407,-0.30304155
2014-07-06 19:00:00,0.7346235428972405,-0.2898277
2014-07-06 20:00:00,0.9211504759610706,-0.2566002
2014-07-06 21:00:00,1.0308722012927352,-0.1915706
2014-07-06 22:00:00,0.8882339583615712,-0.029652825
2014-07-06 23:00:00,0.58101312743291,0.0879891
2014-07-07 00:00:00,0.4274027119685794,0.08864195
2014-07-07 01:00:00,0.3615696767695806,0.13752486
2014-07-07 02:00:00,0.3286531591700812,0.21793087
2014-07-07 03:00:00,0.1750427437057506,0.16263999
2014-07-07 04:00:00,0.1530983986394176,0.14889432
2014-07-07 05:00:00,-0.0114841893580793,0.2322277
2014-07-07 06:00:00,-0.0663450520239117,0.31303844
2014-07-07 07:00:00,-0.1760667773555763,0.2588271
2014-07-07 08:00:00,-0.2199554674882422,0.27083334
2014-07-07 09:00:00,-0.2199554674882422,0.20730518
2014-07-07 10:00:00,-0.1321780872229105,0.19017543
2014-07-07 11:00:00,0.0324045007745865,0.11758501
2014-07-07 12:00:00,0.3505975042364141,0.04664541
2014-07-07 13:00:00,0.5590687823665771,-0.03338837
2014-07-07 14:00:00,0.7126791978309076,-0.067633055
2014-07-07 15:00:00,0.8992061308947376,-0.075572215
2014-07-07 16:00:00,0.9979556836932358,-0.10160843
2014-07-07 17:00:00,1.0199000287595688,-0.096652605
2014-07-07 18:00:00,1.0089278562264024,-0.07423889
2014-07-07 19:00:00,0.9760113386269028,-0.06507527
2014-07-07 20:00:00,0.9650391660937364,-0.015947333
2014-07-07 21:00:00,1.3490652047545628,0.02216425
2014-07-07 22:00:00,1.5246199652852264,-0.024168571
2014-07-07 23:00:00,1.4807312751525603,-0.12933834
2014-07-08 00:00:00,1.0528165463590682,-0.20178202
2014-07-08 01:00:00,0.8772617858284046,-0.22642197
2014-07-08 02:00:00,1.0089278562264024,-0.25501046
2014-07-08 03:00:00,0.95406699356057,-0.12819044
2014-07-08 04:00:00,0.7017070252977412,-0.08386547
2014-07-08 05:00:00,0.6139296450324094,-0.19651636
2014-07-08 06:00:00,0.6907348527645747,-0.24174808
2014-07-08 07:00:00,0.4822635746344118,-0.2814396
2014-07-08 08:00:00,0.4054583669022464,-0.30932045
2014-07-08 09:00:00,0.3396253317032476,-0.32954183
2014-07-08 10:00:00,0.1640705711725841,-0.3156721
2014-07-08 11:00:00,-0.3516215378862399,-0.27079016
2014-07-08 12:00:00,-0.8124527842792316,-0.188347
2014-07-08 13:00:00,-0.9221745096108964,-0.13231851
2014-07-08 14:00:00,-0.9331466821440628,-0.08321952
2014-07-08 15:00:00,-0.9880075448098952,-0.038324602
2014-07-08 16:00:00,-0.9550910272103956,-0.012870094
2014-07-08 17:00:00,-0.9770353722767288,-0.022104746
2014-07-08 18:00:00,-1.009951889876228,-0.03366322
2014-07-08 19:00:00,-0.9880075448098952,-0.042530917
2014-07-08 20:00:00,-0.9221745096108964,-0.055970587
2014-07-08 21:00:00,-0.5600928160164028,0.04519344
2014-07-08 22:00:00,-0.6039815061490686,0.09568835
2014-07-08 23:00:00,-0.6368980237485681,0.09103239
2014-07-09 00:00:00,-0.494259780817404,0.13596527
2014-07-09 01:00:00,-0.516204125883737,0.027157197
2014-07-09 02:00:00,-0.1650946048224099,0.13803457
2014-07-09 03:00:00,-0.6917588864144004,-0.11640219
2014-07-09 04:00:00,-0.8892579920113969,0.004505763
2014-07-09 05:00:00,-0.867313646945064,0.034705095
2014-07-09 06:00:00,-0.9221745096108964,-0.08809691
2014-07-09 07:00:00,-0.9112023370777298,-0.25753728
2014-07-09 08:00:00,-0.9112023370777298,-0.3368909
2014-07-09 09:00:00,-0.9221745096108964,-0.3875867
2014-07-09 10:00:00,-0.9770353722767288,-0.37258014
2014-07-09 11:00:00,-0.9770353722767288,-0.5982016
2014-07-09 12:00:00,-0.9441188546772292,-0.71385884
2014-07-09 13:00:00,-0.9989797173430616,-0.7718379
2014-07-09 14:00:00,-1.009951889876228,-0.8608914
2014-07-09 15:00:00,-0.9880075448098952,-0.8329416
2014-07-09 16:00:00,-0.9441188546772292,-0.90196383
2014-07-09 17:00:00,-0.9441188546772292,-0.8485873
2014-07-09 18:00:00,-0.8563414744118975,-0.7380119
2014-07-09 19:00:00,-0.7466197490802328,-0.69066656
2014-07-09 20:00:00,-0.7027310589475669,-0.63425994
2014-07-09 21:00:00,-0.7795362666797322,-0.42306513
2014-07-09 22:00:00,-0.7575919216133993,-0.3683489
2014-07-09 23:00:00,-0.7137032314807333,-0.35138017
2014-07-10 00:00:00,-0.7246754040138998,-0.5448963
2014-07-10 01:00:00,-0.7905084392128987,-0.62059915
2014-07-10 02:00:00,-0.5271762984169034,-0.47793484
2014-07-10 03:00:00,-0.329677192819907,-0.5858321
2014-07-10 04:00:00,-0.5271762984169034,-0.64470696
2014-07-10 05:00:00,-0.6698145413480675,-0.6542033
2014-07-10 06:00:00,-0.7575919216133993,-0.6718119
2014-07-10 07:00:00,-0.823424956812398,-0.6726369
2014-07-10 08:00:00,-0.823424956812398,-0.664767
2014-07-10 09:00:00,-0.7905084392128987,-0.6781815
2014-07-10 10:00:00,-0.7905084392128987,-0.76317126
2014-07-10 11:00:00,-0.823424956812398,-0.79005474
2014-07-10 12:00:00,-0.9331466821440628,-0.69783366
2014-07-10 13:00:00,-0.9112023370777298,-0.7834926
2014-07-10 14:00:00,-0.9002301645445634,-0.8062281
2014-07-10 15:00:00,-0.7137032314807333,-0.5633612
2014-07-10 16:00:00,-0.9112023370777298,-0.54273105
2014-07-10 17:00:00,-0.9112023370777298,-0.43853462
2014-07-10 18:00:00,-0.9002301645445634,-0.4900117
2014-07-10 19:00:00,-0.8343971293455645,-0.47662795
2014-07-10 20:00:00,-0.7905084392128987,-0.4638532
2014-07-10 21:00:00,-0.7575919216133993,-0.5076819
2014-07-10 22:00:00,-0.658842368814901,-0.5098737
2014-07-10 23:00:00,-0.6368980237485681,-0.56202465
2014-07-11 00:00:00,-0.5710649885495693,-0.5471704
2014-07-11 01:00:00,-0.5271762984169034,-0.6585823
2014-07-11 02:00:00,-0.516204125883737,-0.37942687
2014-07-11 03:00:00,-0.4613432632179046,-0.49103075
2014-07-11 04:00:00,-0.4613432632179046,-0.49706054
2014-07-11 05:00:00,-0.3955102280189058,-0.5299759
2014-07-11 06:00:00,-0.4284267456184051,-0.55906457
2014-07-11 07:00:00,-0.6478701962817346,-0.59270626
2014-07-11 08:00:00,-0.7137032314807333,-0.61434084
2014-07-11 09:00:00,-0.9002301645445634,-0.6423351
2014-07-11 10:00:00,-0.9770353722767288,-0.646833
2014-07-11 11:00:00,-0.9550910272103956,-0.47085297
2014-07-11 12:00:00,-0.966063199743562,-0.55239314
2014-07-11 13:00:00,-0.9989797173430616,-0.5674037
2014-07-11 14:00:00,-0.9989797173430616,-0.5766995
2014-07-11 15:00:00,-0.9221745096108964,-0.55597204
2014-07-11 16:00:00,-0.9550910272103956,-0.6084682
2014-07-11 17:00:00,-0.9221745096108964,-0.6376134
2014-07-11 18:00:00,-0.9989797173430616,-0.63851297
2014-07-11 19:00:00,-0.9002301645445634,-0.6268927
2014-07-11 20:00:00,-0.7905084392128987,-0.602946
2014-07-11 21:00:00,-0.7466197490802328,-0.588007
2014-07-11 22:00:00,-0.7356475765470664,-0.56340444
2014-07-11 23:00:00,-0.7137032314807333,-0.5340328
2014-07-12 00:00:00,-0.5930093336159022,-0.51410776
2014-07-12 01:00:00,-0.8892579920113969,-0.34412685
2014-07-12 02:00:00,-0.867313646945064,-0.30765313
2014-07-12 03:00:00,-0.9989797173430616,-0.5100123
2014-07-12 04:00:00,-0.966063199743562,-0.57532793
2014-07-12 05:00:00,-0.9989797173430616,-0.49617875
2014-07-12 06:00:00,-0.9880075448098952,-0.49082434
2014-07-12 07:00:00,-0.966063199743562,-0.5800359
2014-07-12 08:00:00,-0.9880075448098952,-0.68581
2014-07-12 09:00:00,-0.9880075448098952,-0.7821701
2014-07-12 10:00:00,-0.9989797173430616,-0.8368861
2014-07-12 11:00:00,-1.0209240624093945,-0.61164135
2014-07-12 12:00:00,-1.0318962349425609,-0.7920726
2014-07-12 13:00:00,-1.0209240624093945,-0.69598454
2014-07-12 14:00:00,-1.009951889876228,-0.8390621
2014-07-12 15:00:00,-0.9989797173430616,-0.7800769
2014-07-12 16:00:00,-0.9880075448098952,-0.8580954
2014-07-12 17:00:00,-0.9770353722767288,-0.6169511
2014-07-12 18:00:00,-0.966063199743562,-0.6392309
2014-07-12 19:00:00,-0.9112023370777298,-0.60348296
2014-07-12 20:00:00,-0.9221745096108964,-0.44187114
2014-07-12 21:00:00,-0.8892579920113969,-0.37936306
2014-07-12 22:00:00,-0.8563414744118975,-0.34243873
2014-07-12 23:00:00,-0.8782858194782304,-0.31379193
2014-07-13 00:00:00,-0.7027310589475669,-0.5331565
2014-07-13 01:00:00,-0.7137032314807333,-0.43992656
2014-07-13 02:00:00,-0.7685640941465657,-0.6350443
2014-07-13 03:00:00,-0.9550910272103956,-0.73331517
2014-07-13 04:00:00,-0.8892579920113969,-0.76207495
2014-07-13 05:00:00,-0.8782858194782304,-0.79008037
2014-07-13 06:00:00,-0.9002301645445634,-0.81330085
2014-07-13 07:00:00,-0.9112023370777298,-0.8076119
2014-07-13 08:00:00,-0.9112023370777298,-0.8217868
2014-07-13 09:00:00,-0.9880075448098952,-0.8254251
2014-07-13 10:00:00,-0.9550910272103956,-0.8418914
2014-07-13 11:00:00,-0.9550910272103956,-0.8836662
2014-07-13 12:00:00,-0.9880075448098952,-0.90877247
2014-07-13 13:00:00,-0.9880075448098952,-0.9388114
2014-07-13 14:00:00,-0.966063199743562,-0.7404696
2014-07-13 15:00:00,-0.9770353722767288,-0.682094
2014-07-13 16:00:00,-0.9989797173430616,-0.6569885
2014-07-13 17:00:00,-0.8782858194782304,-0.6581905
2014-07-13 18:00:00,-0.867313646945064,-0.64131355
2014-07-13 19:00:00,-0.8782858194782304,-0.6111279
2014-07-13 20:00:00,-0.8124527842792316,-0.5995901
2014-07-13 21:00:00,-0.7137032314807333,-0.48349577
2014-07-13 22:00:00,-0.4613432632179046,-0.52351415
2014-07-13 23:00:00,-0.6039815061490686,-0.5026142
2014-07-14 00:00:00,-0.5491206434832363,-0.41995922
2014-07-14 01:00:00,-0.4613432632179046,-0.5073397
2014-07-14 02:00:00,-0.6149536786822352,-0.6267146
2014-07-14 03:00:00,-0.5930093336159022,-0.5959367
2014-07-14 04:00:00,-0.7575919216133993,-0.5718715
2014-07-14 05:00:00,-0.845369301878731,-0.6497956
2014-07-14 06:00:00,-0.867313646945064,-0.43459982
2014-07-14 07:00:00,-0.8343971293455645,-0.5341783
2014-07-14 08:00:00,-0.8892579920113969,-0.5690736
2014-07-14 09:00:00,-0.8563414744118975,-0.67987996
2014-07-14 10:00:00,-0.9002301645445634,-0.6508818
2014-07-14 11:00:00,-0.8892579920113969,-0.64852077
2014-07-14 12:00:00,-0.867313646945064,-0.67176634
2014-07-14 13:00:00,-0.8563414744118975,-0.51271266
2014-07-14 14:00:00,-0.7795362666797322,-0.47187525
2014-07-14 15:00:00,-0.7027310589475669,-0.46673435
2014-07-14 16:00:00,-0.6698145413480675,-0.6005406
2014-07-14 17:00:00,-0.7027310589475669,-0.6415698
2014-07-14 18:00:00,-0.6368980237485681,-0.5507713
2014-07-14 19:00:00,-0.680786713881234,-0.52442825
2014-07-14 20:00:00,-0.7027310589475669,-0.64045054
2014-07-14 21:00:00,-0.7685640941465657,-0.402622
2014-07-14 22:00:00,-0.9331466821440628,-0.26425588
2014-07-14 23:00:00,-0.8892579920113969,-0.2530946
2014-07-15 00:00:00,-0.7685640941465657,-0.39091194
2014-07-15 01:00:00,-0.4393989181515716,-0.23219934
2014-07-15 02:00:00,-0.658842368814901,-0.38868585
2014-07-15 03:00:00,-0.7795362666797322,-0.42214108
2014-07-15 04:00:00,-0.7137032314807333,-0.48739737
2014-07-15 05:00:00,-0.658842368814901,-0.5106796
2014-07-15 06:00:00,-0.6368980237485681,-0.55828094
2014-07-15 07:00:00,-0.6917588864144004,-0.56831527
2014-07-15 08:00:00,-0.6149536786822352,-0.6760663
2014-07-15 09:00:00,-0.5600928160164028,-0.70358855
2014-07-15 10:00:00,-0.5491206434832363,-0.7527724
2014-07-15 11:00:00,-0.5271762984169034,-0.5117973
2014-07-15 12:00:00,-0.5491206434832363,-0.4410967
2014-07-15 13:00:00,-0.5271762984169034,-0.49994332
2014-07-15 14:00:00,-0.5491206434832363,-0.5016415
2014-07-15 15:00:00,-0.494259780817404,-0.5000772
2014-07-15 16:00:00,-0.472315435751071,-0.47799352
2014-07-15 17:00:00,-0.6039815061490686,-0.4907918
2014-07-15 18:00:00,-0.5381484709500699,-0.46922964
2014-07-15 19:00:00,-0.5600928160164028,-0.46000287
2014-07-15 20:00:00,-0.5052319533505705,-0.33672625
2014-07-15 21:00:00,-0.4174545730852387,-0.51634985
2014-07-15 22:00:00,-0.2967606752204075,-0.7040128
2014-07-15 23:00:00,-0.2089832949550758,-0.7446149
2014-07-16 00:00:00,-0.0773172245570781,-0.5429022
2014-07-16 01:00:00,0.0872653634404188,-0.39083922
2014-07-16 02:00:00,0.1311540535730847,-0.42177582
2014-07-16 03:00:00,0.1421262261062512,-0.4493017
2014-07-16 04:00:00,-0.1650946048224099,-0.4215952
2014-07-16 05:00:00,-0.1102337421565775,-0.39487866
2014-07-16 06:00:00,-0.1650946048224099,-0.25685227
2014-07-16 07:00:00,0.2299036063715829,-0.24272569
2014-07-16 08:00:00,0.3286531591700812,-0.36932096
2014-07-16 09:00:00,0.3615696767695806,-0.4832378
2014-07-16 10:00:00,0.5261522647670777,-0.359008
2014-07-16 11:00:00,0.6578183351650753,-0.3511716
2014-07-16 12:00:00,0.6468461626319087,-0.37107036
2014-07-16 13:00:00,0.7894844055630729,-0.3670663
2014-07-16 14:00:00,0.4603192295680788,-0.3873601
2014-07-16 15:00:00,0.5042079197007447,-0.38381183
2014-07-16 16:00:00,0.3725418493027471,-0.3973364
2014-07-16 17:00:00,0.1201818810399182,-0.43951687
2014-07-16 18:00:00,-0.1102337421565775,-0.43284202
2014-07-16 19:00:00,-0.4393989181515716,-0.4385904
2014-07-16 20:00:00,-0.4393989181515716,-0.42826217
2014-07-16 21:00:00,-0.329677192819907,-0.3821978
2014-07-16 22:00:00,-0.2199554674882422,-0.31429973
2014-07-16 23:00:00,-0.2857885026872411,-0.2739112
2014-07-17 00:00:00,-0.3955102280189058,-0.110650055
2014-07-17 01:00:00,-0.1980111224219093,-0.29036796
2014-07-17 02:00:00,0.1201818810399182,-0.16576745
2014-07-17 03:00:00,0.1311540535730847,-0.12760478
2014-07-17 04:00:00,0.3067088141037483,-0.10987619
2014-07-17 05:00:00,0.2847644690374153,-0.16179384
2014-07-17 06:00:00,0.5151800922339111,-0.09962907
2014-07-17 07:00:00,0.3835140218359135,-0.23316868
2014-07-17 08:00:00,0.4603192295680788,-0.087986894
2014-07-17 09:00:00,0.4822635746344118,0.047541864
2014-07-17 10:00:00,0.4603192295680788,0.1315568
2014-07-17 11:00:00,0.4274027119685794,0.094398
2014-07-17 12:00:00,0.3176809866369147,0.17663734
2014-07-17 13:00:00,0.3505975042364141,-0.035608314
2014-07-17 14:00:00,0.3286531591700812,-0.13659011
2014-07-17 15:00:00,0.6797626802314082,-0.06756694
2014-07-17 16:00:00,0.6797626802314082,-0.09294411
2014-07-17 17:00:00,0.6907348527645747,-0.15197511
2014-07-17 18:00:00,0.5700409548997435,-0.22487508
2014-07-17 19:00:00,0.5480966098334106,-0.3116837
2014-07-17 20:00:00,0.6578183351650753,-0.30857992
2014-07-17 21:00:00,0.7894844055630729,-0.2771379
2014-07-17 22:00:00,0.9650391660937364,-0.13078143
2014-07-17 23:00:00,1.0418443738259018,-0.27163437
2014-07-18 00:00:00,1.3161486871550634,-0.21118875
2014-07-18 01:00:00,0.9979556836932358,-0.3576352
2014-07-18 02:00:00,0.5919852999660764,-0.17478798
2014-07-18 03:00:00,0.6358739900987423,-0.31171596
2014-07-18 04:00:00,0.3396253317032476,-0.13693334
2014-07-18 05:00:00,0.3067088141037483,8.502044e-05
2014-07-18 06:00:00,0.2518479514379159,0.10688553
2014-07-18 07:00:00,0.1311540535730847,0.10331056
2014-07-18 08:00:00,0.2408757789047494,0.13092588
2014-07-18 09:00:00,0.1421262261062512,-0.12987106
2014-07-18 10:00:00,0.0982375359735853,-0.05101668
2014-07-18 11:00:00,0.2189314338384165,-0.052058272
2014-07-18 12:00:00,0.2737922965042488,-0.084897555
2014-07-18 13:00:00,0.2957366415705817,-0.087474726
2014-07-18 14:00:00,0.4712914021012453,-0.08114868
2014-07-18 15:00:00,0.0982375359735853,0.005881721
2014-07-18 16:00:00,-0.0444007069575787,0.016952971
2014-07-18 17:00:00,-0.2199554674882422,0.13300292
2014-07-18 18:00:00,-0.0444007069575787,0.14371093
2014-07-18 19:00:00,0.0653210183740859,0.17617176
2014-07-18 20:00:00,0.0324045007745865,0.22790317
2014-07-18 21:00:00,-0.1760667773555763,0.03131274
2014-07-18 22:00:00,-0.2199554674882422,-0.006495377
2014-07-18 23:00:00,-0.2089832949550758,0.251932
2014-07-19 00:00:00,-0.1431502597560769,0.118372776
2014-07-19 01:00:00,-0.3406493653530734,0.25540143
2014-07-19 02:00:00,-0.2967606752204075,0.087462135
2014-07-19 03:00:00,-0.307732847753574,-0.07411318
2014-07-19 04:00:00,-0.2528719850877416,-0.2248885
2014-07-19 05:00:00,-0.2528719850877416,-0.02209062
2014-07-19 06:00:00,-0.2748163301540746,-0.07294346
2014-07-19 07:00:00,-0.307732847753574,-0.10202273
2014-07-19 08:00:00,-0.3516215378862399,-0.082325004
2014-07-19 09:00:00,-0.4393989181515716,-0.09853024
2014-07-19 10:00:00,-0.5710649885495693,-0.118842624
2014-07-19 11:00:00,-0.5271762984169034,-0.09214672
2014-07-19 12:00:00,-0.3735658829525728,0.010937834
2014-07-19 13:00:00,-0.472315435751071,0.047295637
2014-07-19 14:00:00,-0.5381484709500699,0.009709114
2014-07-19 15:00:00,-0.6039815061490686,-0.11808451
2014-07-19 16:00:00,-0.680786713881234,-0.18331246
2014-07-19 17:00:00,-0.6039815061490686,-0.26969144
2014-07-19 18:00:00,-0.5710649885495693,-0.24416111
2014-07-19 19:00:00,-0.516204125883737,-0.1959301
2014-07-19 20:00:00,-0.3955102280189058,-0.20613645
2014-07-19 21:00:00,-0.307732847753574,-0.12531729
2014-07-19 22:00:00,-0.2089832949550758,-0.18480961
2014-07-19 23:00:00,-0.3735658829525728,-0.2158946
2014-07-20 00:00:00,-0.6478701962817346,-0.19575928
2014-07-20 01:00:00,-0.5930093336159022,-0.25974184
2014-07-20 02:00:00,-0.4393989181515716,-0.2389232
2014-07-20 03:00:00,-0.472315435751071,-0.22225867
2014-07-20 04:00:00,-0.3845380554857393,-0.1982921
2014-07-20 05:00:00,-0.3955102280189058,-0.21072347
2014-07-20 06:00:00,-0.4174545730852387,-0.106299646
2014-07-20 07:00:00,-0.494259780817404,-0.16935422
2014-07-20 08:00:00,-0.5271762984169034,-0.20558952
2014-07-20 09:00:00,-0.494259780817404,-0.14613527
2014-07-20 10:00:00,-0.4393989181515716,-0.26061743
2014-07-20 11:00:00,-0.5271762984169034,-0.28050333
2014-07-20 12:00:00,-0.494259780817404,-0.26753092
2014-07-20 13:00:00,-0.3625937104194063,-0.21385156
2014-07-20 14:00:00,-0.1650946048224099,-0.29816338
2014-07-20 15:00:00,-0.1431502597560769,-0.33981663
2014-07-20 16:00:00,-0.2309276400214087,-0.3880645
2014-07-20 17:00:00,-0.4393989181515716,-0.37125307
2014-07-20 18:00:00,-0.3406493653530734,-0.3673737
2014-07-20 19:00:00,-0.4503710906847381,-0.348983
2014-07-20 20:00:00,-0.516204125883737,-0.310843
2014-07-20 21:00:00,-0.494259780817404,-0.2741102
2014-07-20 22:00:00,-0.5271762984169034,-0.23723389
2014-07-20 23:00:00,-0.5710649885495693,-0.27596694
2014-07-21 00:00:00,-0.4832876082842375,-0.36065194
2014-07-21 01:00:00,-0.4503710906847381,-0.24037682
2014-07-21 02:00:00,-0.4393989181515716,-0.23980798
2014-07-21 03:00:00,-0.494259780817404,-0.25100416
2014-07-21 04:00:00,-0.4503710906847381,-0.23405622
2014-07-21 05:00:00,-0.4503710906847381,-0.14724304
2014-07-21 06:00:00,-0.516204125883737,-0.21832725
2014-07-21 07:00:00,-0.8782858194782304,-0.26023322
2014-07-21 08:00:00,-0.8782858194782304,-0.2863066
2014-07-21 09:00:00,-0.8782858194782304,-0.295015
2014-07-21 10:00:00,-0.9770353722767288,-0.28287524
2014-07-21 11:00:00,-0.9331466821440628,-0.32400686
2014-07-21 12:00:00,-0.966063199743562,-0.34693336
2014-07-21 13:00:00,-0.9331466821440628,-0.33625048
2014-07-21 14:00:00,-0.9441188546772292,-0.28401804
2014-07-21 15:00:00,-0.9331466821440628,-0.29092026
2014-07-21 16:00:00,-0.9550910272103956,-0.3346872
2014-07-21 17:00:00,-0.9770353722767288,-0.41854352
2014-07-21 18:00:00,-0.9441188546772292,-0.4051491
2014-07-21 19:00:00,-0.9331466821440628,-0.4365136
2014-07-21 20:00:00,-0.9112023370777298,-0.46405312
2014-07-21 21:00:00,-0.9441188546772292,-0.47500917
2014-07-21 22:00:00,-0.9770353722767288,-0.49903464
2014-07-21 23:00:00,-0.9989797173430616,-0.52424866
2014-07-22 00:00:00,-1.0318962349425609,-0.49968863
2014-07-22 01:00:00,-1.0318962349425609,-0.5079262
2014-07-22 02:00:00,-0.9550910272103956,-0.5105129
2014-07-22 03:00:00,-0.9880075448098952,-0.54248375
2014-07-22 04:00:00,-0.9221745096108964,-0.5344536
2014-07-22 05:00:00,-0.9221745096108964,-0.5460596
2014-07-22 06:00:00,-0.9441188546772292,-0.5703417
2014-07-22 07:00:00,-0.9002301645445634,-0.6477719
2014-07-22 08:00:00,-0.8892579920113969,-0.6753634
2014-07-22 09:00:00,-0.9331466821440628,-0.6755458
2014-07-22 10:00:00,-0.966063199743562,-0.719178
2014-07-22 11:00:00,-0.9441188546772292,-0.7365614
2014-07-22 12:00:00,-0.9221745096108964,-0.8140848
2014-07-22 13:00:00,-0.9002301645445634,-0.76426595
2014-07-22 14:00:00,-0.9112023370777298,-0.7735637
2014-07-22 15:00:00,-0.9221745096108964,-0.7882567
2014-07-22 16:00:00,-0.9221745096108964,-0.84457916
2014-07-22 17:00:00,-0.9770353722767288,-0.6151766
2014-07-22 18:00:00,-0.9331466821440628,-0.7757439
2014-07-22 19:00:00,-1.009951889876228,-0.5603851
2014-07-22 20:00:00,-0.966063199743562,-0.7357895
2014-07-22 21:00:00,-0.8892579920113969,-0.78308976
2014-07-22 22:00:00,-0.867313646945064,-0.71720266
2014-07-22 23:00:00,-0.9112023370777298,-0.71711665
2014-07-23 00:00:00,-0.9221745096108964,-0.716856
2014-07-23 01:00:00,-0.8782858194782304,-0.6976357
2014-07-23 02:00:00,-0.8782858194782304,-0.67309225
2014-07-23 03:00:00,-0.867313646945064,-0.75138515
2014-07-23 04:00:00,-0.845369301878731,-0.6681252
2014-07-23 05:00:00,-0.966063199743562,-0.6443279
2014-07-23 06:00:00,-0.9550910272103956,-0.64649665
2014-07-23 07:00:00,-0.8892579920113969,-0.620275
2014-07-23 08:00:00,-0.8782858194782304,-0.59373146
2014-07-23 09:00:00,-0.9221745096108964,-0.6132922
2014-07-23 10:00:00,-0.9002301645445634,-0.42054904
2014-07-23 11:00:00,-0.8892579920113969,-0.6100746
2014-07-23 12:00:00,-0.9550910272103956,-0.57323426
2014-07-23 13:00:00,-0.8563414744118975,-0.5649545
2014-07-23 14:00:00,-0.8782858194782304,-0.57890254
2014-07-23 15:00:00,-0.9221745096108964,-0.5941462
2014-07-23 16:00:00,-0.8782858194782304,-0.59550136
2014-07-23 17:00:00,-0.867313646945064,-0.6328101
2014-07-23 18:00:00,-0.867313646945064,-0.6245536
2014-07-23 19:00:00,-0.6368980237485681,-0.45003915
2014-07-23 20:00:00,-0.5930093336159022,-0.5451812
2014-07-23 21:00:00,-0.6259258512154017,-0.54357344
2014-07-23 22:00:00,-0.6368980237485681,-0.55274916
2014-07-23 23:00:00,-0.6478701962817346,-0.57317406
2014-07-24 00:00:00,-0.5930093336159022,-0.5806893
2014-07-24 01:00:00,-0.494259780817404,-0.5884333
2014-07-24 02:00:00,-0.5271762984169034,-0.5990657
2014-07-24 03:00:00,-0.5491206434832363,-0.587339
2014-07-24 04:00:00,-0.2857885026872411,-0.3794632
2014-07-24 05:00:00,-0.2967606752204075,-0.3368872
2014-07-24 06:00:00,-0.1980111224219093,-0.30462328
2014-07-24 07:00:00,-0.2857885026872411,-0.4587047
2014-07-24 08:00:00,-0.2638441576209081,-0.31688458
2014-07-24 09:00:00,-0.1980111224219093,-0.4634544
2014-07-24 10:00:00,-0.1102337421565775,-0.5329459
2014-07-24 11:00:00,0.0324045007745865,-0.5571634
2014-07-24 12:00:00,-0.121205914689744,-0.59829634
2014-07-24 13:00:00,-0.3625937104194063,-0.4963222
2014-07-24 14:00:00,-0.1650946048224099,-0.49436182
2014-07-24 15:00:00,-0.4174545730852387,-0.5914471
2014-07-24 16:00:00,-0.5491206434832363,-0.6097794
2014-07-24 17:00:00,-0.3406493653530734,-0.62624353
2014-07-24 18:00:00,-0.5381484709500699,-0.64180315
2014-07-24 19:00:00,-0.8343971293455645,-0.47613695
2014-07-24 20:00:00,-0.7356475765470664,-0.41909146
2014-07-24 21:00:00,-0.7137032314807333,-0.40178186
2014-07-24 22:00:00,-0.4064824005520722,-0.28049314
2014-07-24 23:00:00,0.0433766733077529,-0.32004938
2014-07-25 00:00:00,0.39448619436908,-0.2233814
2014-07-25 01:00:00,0.5042079197007447,-0.41842052
2014-07-25 02:00:00,0.1969870887720835,-0.2372066
2014-07-25 03:00:00,0.2957366415705817,-0.19305506
2014-07-25 04:00:00,0.5371244373002441,-0.37669063
2014-07-25 05:00:00,0.6578183351650753,-0.36110386
2014-07-25 06:00:00,0.1750427437057506,-0.41709712
2014-07-25 07:00:00,-0.0992615696234111,-0.1949989
2014-07-25 08:00:00,-0.0334285344244122,-0.1351874
2014-07-25 09:00:00,-0.4284267456184051,-0.32361624
2014-07-25 10:00:00,-0.5600928160164028,-0.09363792
2014-07-25 11:00:00,-0.658842368814901,-0.06459025
2014-07-25 12:00:00,-0.7575919216133993,-0.19332604
2014-07-25 13:00:00,-0.8014806117460651,-0.31187725
2014-07-25 14:00:00,-0.7466197490802328,-0.11762244
2014-07-25 15:00:00,-0.7905084392128987,-0.122221135
2014-07-25 16:00:00,-0.7575919216133993,-0.23881404
2014-07-25 17:00:00,-0.680786713881234,-0.2024617
2014-07-25 18:00:00,-0.6039815061490686,-0.2637586
2014-07-25 19:00:00,-0.6149536786822352,-0.36451027
2014-07-25 20:00:00,-0.494259780817404,-0.34479186
2014-07-25 21:00:00,-0.4284267456184051,-0.32973886
2014-07-25 22:00:00,-0.3406493653530734,-0.13298333
2014-07-25 23:00:00,-0.3406493653530734,-0.21281944
2014-07-26 00:00:00,-0.307732847753574,-0.18529145
2014-07-26 01:00:00,-0.1431502597560769,0.010710308
2014-07-26 02:00:00,-0.0992615696234111,-0.20787753
2014-07-26 03:00:00,0.1750427437057506,-0.16283537
2014-07-26 04:00:00,0.39448619436908,0.0899818
2014-07-26 05:00:00,0.5042079197007447,0.015181595
2014-07-26 06:00:00,0.5371244373002441,-0.12299774
2014-07-26 07:00:00,0.4603192295680788,-0.25574374
2014-07-26 08:00:00,0.4054583669022464,-0.29657853
2014-07-26 09:00:00,0.1421262261062512,-0.42581365
2014-07-26 10:00:00,0.20795926130525,-0.5093356
2014-07-26 11:00:00,0.0762931909072524,-0.63210577
2014-07-26 12:00:00,0.1311540535730847,-0.4420897
2014-07-26 13:00:00,-0.2199554674882422,-0.46755135
2014-07-26 14:00:00,-0.4174545730852387,-0.47124207
2014-07-26 15:00:00,-0.3625937104194063,-0.49532354
2014-07-26 16:00:00,-0.4174545730852387,-0.47585294
2014-07-26 17:00:00,-0.2638441576209081,-0.4613648
2014-07-26 18:00:00,-0.307732847753574,-0.43521056
2014-07-26 19:00:00,-0.4064824005520722,-0.42216468
2014-07-26 20:00:00,-0.472315435751071,-0.3739384
2014-07-26 21:00:00,-0.4174545730852387,-0.33418673
2014-07-26 22:00:00,-0.4503710906847381,-0.3214685
2014-07-26 23:00:00,-0.472315435751071,-0.3038308
2014-07-27 00:00:00,-0.4393989181515716,-0.30777442
2014-07-27 01:00:00,-0.3516215378862399,-0.2627894
2014-07-27 02:00:00,-0.2638441576209081,-0.11104994
2014-07-27 03:00:00,-0.1541224322892434,-0.072597645
2014-07-27 04:00:00,-0.0334285344244122,-0.19650792
2014-07-27 05:00:00,0.02143232824142,-0.20062973
2014-07-27 06:00:00,0.1201818810399182,-0.19823979
2014-07-27 07:00:00,0.0762931909072524,0.043015473
2014-07-27 08:00:00,0.0653210183740859,0.09973452
2014-07-27 09:00:00,0.1421262261062512,0.06606946
2014-07-27 10:00:00,0.0543488458409194,0.10175178
2014-07-27 11:00:00,0.1530983986394176,0.008571589
2014-07-27 12:00:00,0.3615696767695806,0.07472903
2014-07-27 13:00:00,0.2189314338384165,-0.02154771
2014-07-27 14:00:00,-0.0114841893580793,-0.16639315
2014-07-27 15:00:00,-0.1431502597560769,-0.2048779
2014-07-27 16:00:00,-0.0773172245570781,-0.24345185
2014-07-27 17:00:00,-0.1650946048224099,-0.22139578
2014-07-27 18:00:00,-0.0553728794907452,-0.2378444
2014-07-27 19:00:00,-0.0224563618912458,-0.2671917
2014-07-27 20:00:00,-0.0114841893580793,-0.28595605
2014-07-27 21:00:00,-0.1321780872229105,-0.2677552
2014-07-27 22:00:00,-0.1870389498887428,-0.28180364
2014-07-27 23:00:00,-0.1760667773555763,-0.3026685
2014-07-28 00:00:00,-0.0773172245570781,-0.27937117
2014-07-28 01:00:00,-0.0553728794907452,-0.26333144
2014-07-28 02:00:00,0.1421262261062512,-0.2513185
2014-07-28 03:00:00,0.2299036063715829,-0.23206018
2014-07-28 04:00:00,0.2957366415705817,-0.18236066
2014-07-28 05:00:00,0.3725418493027471,-0.16154636
2014-07-28 06:00:00,0.4164305394354129,0.013270089
2014-07-28 07:00:00,0.4493470570349123,0.02653564
2014-07-28 08:00:00,0.4712914021012453,-0.041659288
2014-07-28 09:00:00,0.2737922965042488,0.033589445
2014-07-28 10:00:00,0.1201818810399182,0.025307218
2014-07-28 11:00:00,0.1969870887720835,0.059427373
2014-07-28 12:00:00,0.1092097085067518,0.015936518
2014-07-28 13:00:00,0.0104601557082535,-0.05083012
2014-07-28 14:00:00,-0.2967606752204075,-0.14378478
2014-07-28 15:00:00,-0.4284267456184051,-0.20723419
2014-07-28 16:00:00,-0.3625937104194063,-0.21191116
2014-07-28 17:00:00,-0.2199554674882422,-0.25040895
2014-07-28 18:00:00,-0.2089832949550758,-0.24210419
2014-07-28 19:00:00,-0.2528719850877416,-0.23483738
2014-07-28 20:00:00,-0.121205914689744,-0.21349202
2014-07-28 21:00:00,-0.1321780872229105,-0.24734516
2014-07-28 22:00:00,-0.1870389498887428,-0.24957813
2014-07-28 23:00:00,-0.121205914689744,-0.2679683
2014-07-29 00:00:00,-0.0444007069575787,-0.24602877
2014-07-29 01:00:00,-0.1102337421565775,-0.24568681
2014-07-29 02:00:00,-0.0114841893580793,-0.19522469
2014-07-29 03:00:00,0.0104601557082535,-0.16856073
2014-07-29 04:00:00,0.1530983986394176,-0.1571189
2014-07-29 05:00:00,0.3835140218359135,-0.13683306
2014-07-29 06:00:00,0.6029574724992429,-0.1425773
2014-07-29 07:00:00,0.9760113386269028,-0.13439377
2014-07-29 08:00:00,0.8662896132952382,-0.13398187
2014-07-29 09:00:00,0.5590687823665771,-0.046047308
2014-07-29 10:00:00,0.2737922965042488,-0.0663101
2014-07-29 11:00:00,0.0104601557082535,-0.057389133
2014-07-29 12:00:00,-0.0882893970902446,-0.16950627
2014-07-29 13:00:00,-0.0334285344244122,-0.22573586
2014-07-29 14:00:00,-0.1541224322892434,-0.3383589
2014-07-29 15:00:00,-0.1760667773555763,-0.40698168
2014-07-29 16:00:00,-0.121205914689744,-0.40862775
2014-07-29 17:00:00,-0.121205914689744,-0.3863632
2014-07-29 18:00:00,-0.1541224322892434,-0.3926874
2014-07-29 19:00:00,-0.0882893970902446,-0.39120275
2014-07-29 20:00:00,-0.1541224322892434,-0.36378616
2014-07-29 21:00:00,-0.1650946048224099,-0.34754583
2014-07-29 22:00:00,-0.1870389498887428,-0.3490897
2014-07-29 23:00:00,-0.1980111224219093,-0.3352431
2014-07-30 00:00:00,-0.2418998125545752,-0.31905138
2014-07-30 01:00:00,-0.3406493653530734,-0.34000814
2014-07-30 02:00:00,-0.5271762984169034,-0.32867226
2014-07-30 03:00:00,-0.516204125883737,-0.3255738
2014-07-30 04:00:00,-0.1321780872229105,-0.2772035
2014-07-30 05:00:00,0.186014916238917,-0.20992394
2014-07-30 06:00:00,0.1421262261062512,-0.14844513
2014-07-30 07:00:00,0.4603192295680788,-0.04876069
2014-07-30 08:00:00,0.3725418493027471,-0.06880652
2014-07-30 09:00:00,0.6468461626319087,-0.17998074
2014-07-30 10:00:00,0.5590687823665771,-0.28337544
2014-07-30 11:00:00,0.5371244373002441,-0.3817843
2014-07-30 12:00:00,0.5261522647670777,-0.42866164
2014-07-30 13:00:00,0.3505975042364141,-0.44484597
2014-07-30 14:00:00,0.3286531591700812,-0.49414808
2014-07-30 15:00:00,0.2408757789047494,-0.5098741
2014-07-30 16:00:00,0.1311540535730847,-0.5198015
2014-07-30 17:00:00,0.3286531591700812,-0.5246744
2014-07-30 18:00:00,0.4822635746344118,-0.539486
2014-07-30 19:00:00,0.6249018175655758,-0.5285494
2014-07-30 20:00:00,0.932122648494237,-0.55011874
2014-07-30 21:00:00,1.0857330639585676,-0.55798286
2014-07-30 22:00:00,1.2283713068897315,-0.55129457
2014-07-30 23:00:00,1.217399134356565,-0.5293932
2014-07-31 00:00:00,1.1076774090249004,-0.5577079
2014-07-31 01:00:00,1.0199000287595688,-0.5866618
2014-07-31 02:00:00,1.0747608914254012,-0.40940166
2014-07-31 03:00:00,0.95406699356057,-0.43053037
2014-07-31 04:00:00,0.9211504759610706,-0.23000754
2014-07-31 05:00:00,1.0089278562264024,-0.26931056
2014-07-31 06:00:00,1.184482616757066,-0.31188893
2014-07-31 07:00:00,1.305176514621897,-0.32103992
2014-07-31 08:00:00,1.6453138631500577,-0.093240775
2014-07-31 09:00:00,1.3929538948872286,-0.20335902
2014-07-31 10:00:00,1.2064269618233987,-0.09284095
2014-07-31 11:00:00,0.8333730956957388,-0.059742473
2014-07-31 12:00:00,0.8772617858284046,-0.02929241
2014-07-31 13:00:00,0.7017070252977412,-0.07944109
2014-07-31 14:00:00,0.6907348527645747,-0.0848239
2014-07-31 15:00:00,0.6029574724992429,-0.10580578
2014-07-31 16:00:00,0.3725418493027471,-0.15048392
2014-07-31 17:00:00,0.3725418493027471,-0.107164405
2014-07-31 18:00:00,0.2408757789047494,-0.05204826
2014-07-31 19:00:00,0.2737922965042488,-0.008497125
2014-07-31 20:00:00,0.3835140218359135,0.09957973
2014-07-31 21:00:00,0.7346235428972405,0.17287655
2014-07-31 22:00:00,0.95406699356057,0.22175662
2014-07-31 23:00:00,1.1625382716907329,0.34239554
2014-08-01 00:00:00,1.0528165463590682,0.3611052
2014-08-01 01:00:00,0.5919852999660764,0.3583408
2014-08-01 02:00:00,0.2189314338384165,0.29092935
2014-08-01 03:00:00,0.3835140218359135,0.24415864
2014-08-01 04:00:00,0.3505975042364141,0.19714315
2014-08-01 05:00:00,0.39448619436908,0.31349784
2014-08-01 06:00:00,0.5042079197007447,0.30831861
2014-08-01 07:00:00,0.6468461626319087,0.3309882
2014-08-01 08:00:00,0.8662896132952382,0.40084803
2014-08-01 09:00:00,0.932122648494237,0.3397185
2014-08-01 10:00:00,0.5700409548997435,0.2719862
2014-08-01 11:00:00,0.1311540535730847,0.1520824
2014-08-01 12:00:00,0.2518479514379159,0.124255426
2014-08-01 13:00:00,0.0982375359735853,0.06717444
2014-08-01 14:00:00,0.0324045007745865,0.03572098
2014-08-01 15:00:00,-0.0224563618912458,0.00257417
2014-08-01 16:00:00,-0.0663450520239117,-0.07822617
2014-08-01 17:00:00,0.0653210183740859,-0.09592562
2014-08-01 18:00:00,0.1640705711725841,-0.1572303
2014-08-01 19:00:00,0.2628201239710824,-0.15152954
2014-08-01 20:00:00,0.3725418493027471,-0.13156414
2014-08-01 21:00:00,0.3725418493027471,-0.029094717
2014-08-01 22:00:00,0.4054583669022464,0.04824198
2014-08-01 23:00:00,0.0104601557082535,0.09787185
2014-08-02 00:00:00,-0.2418998125545752,0.08418871
2014-08-02 01:00:00,-0.2309276400214087,-0.03825841
2014-08-02 02:00:00,-0.1650946048224099,-0.16269986
2014-08-02 03:00:00,-0.0773172245570781,-0.0044835713
2014-08-02 04:00:00,-0.1321780872229105,-0.05008366
2014-08-02 05:00:00,-0.2418998125545752,-0.059251986
2014-08-02 06:00:00,-0.3406493653530734,-0.10367524
2014-08-02 07:00:00,-0.4174545730852387,-0.010500452
2014-08-02 08:00:00,-0.472315435751071,0.056563206
2014-08-02 09:00:00,-0.2528719850877416,0.10135544
2014-08-02 10:00:00,-0.1431502597560769,-0.004055744
2014-08-02 11:00:00,-0.0334285344244122,-0.12946999
2014-08-02 12:00:00,0.0104601557082535,-0.02864506
2014-08-02 13:00:00,0.1311540535730847,-0.050302856
2014-08-02 14:00:00,0.0982375359735853,-0.14091761
2014-08-02 15:00:00,0.1092097085067518,-0.18962547
2014-08-02 16:00:00,0.0433766733077529,-0.21091996
2014-08-02 17:00:00,0.0433766733077529,-0.1846989
2014-08-02 18:00:00,0.0104601557082535,-0.1492934
2014-08-02 19:00:00,-0.0005120168249128,-0.11830243
2014-08-02 20:00:00,0.1421262261062512,-0.08631473
2014-08-02 21:00:00,0.1640705711725841,0.025349269
2014-08-02 22:00:00,0.2299036063715829,0.066261865
2014-08-02 23:00:00,0.20795926130525,-0.10789914
2014-08-03 00:00:00,0.4164305394354129,-0.22164364
2014-08-03 01:00:00,0.5042079197007447,-0.2330042
2014-08-03 02:00:00,0.6358739900987423,-0.21156542
2014-08-03 03:00:00,0.9211504759610706,-0.20312898
2014-08-03 04:00:00,0.9869835111600692,-0.21588083
2014-08-03 05:00:00,1.1076774090249004,-0.15325265
2014-08-03 06:00:00,0.8224009231625723,-0.15104607
2014-08-03 07:00:00,0.3505975042364141,-0.2617753
2014-08-03 08:00:00,0.02143232824142,-0.31450948
2014-08-03 09:00:00,-0.1321780872229105,-0.18960421
2014-08-03 10:00:00,-0.2857885026872411,-0.133554
2014-08-03 11:00:00,-0.2857885026872411,-0.084387325
2014-08-03 12:00:00,-0.1980111224219093,-0.083366014
2014-08-03 13:00:00,-0.2967606752204075,-0.06210821
2014-08-03 14:00:00,-0.0553728794907452,-0.05881258
2014-08-03 15:00:00,-0.2638441576209081,-0.1439784
2014-08-03 16:00:00,0.02143232824142,-0.18719341
2014-08-03 17:00:00,-0.307732847753574,-0.20860915
2014-08-03 18:00:00,-0.3406493653530734,-0.24384867
2014-08-03 19:00:00,-0.5271762984169034,-0.25048772
2014-08-03 20:00:00,-0.5052319533505705,-0.11226895
2014-08-03 21:00:00,-0.3625937104194063,-0.16401361
2014-08-03 22:00:00,-0.4064824005520722,-0.073736034
2014-08-03 23:00:00,-0.3625937104194063,-0.2837421
2014-08-04 00:00:00,-0.2857885026872411,-0.30176437
2014-08-04 01:00:00,-0.2199554674882422,-0.12955523
2014-08-04 02:00:00,-0.0882893970902446,0.038162507
2014-08-04 03:00:00,-0.121205914689744,0.07313169
2014-08-04 04:00:00,-0.1980111224219093,0.18428011
2014-08-04 05:00:00,-0.0882893970902446,0.24365886
2014-08-04 06:00:00,-0.1102337421565775,0.18648706
2014-08-04 07:00:00,-0.1102337421565775,-0.18276902
2014-08-04 08:00:00,-0.4503710906847381,-0.36979705
2014-08-04 09:00:00,-0.966063199743562,-0.40215707
2014-08-04 10:00:00,-0.9880075448098952,-0.2986089
2014-08-04 11:00:00,-1.0209240624093945,-0.27040732
2014-08-04 12:00:00,-1.0428684074757275,-0.22714917
2014-08-04 13:00:00,-1.0209240624093945,-0.24896301
2014-08-04 14:00:00,-1.0209240624093945,-0.3651108
2014-08-04 15:00:00,-1.0318962349425609,-0.4543906
2014-08-04 16:00:00,-1.053840580008894,-0.40558663
2014-08-04 17:00:00,-1.0209240624093945,-0.38904846
2014-08-04 18:00:00,-1.0209240624093945,-0.29042745
2014-08-04 19:00:00,-1.053840580008894,-0.30737552
2014-08-04 20:00:00,-1.075784925075227,-0.3662498
2014-08-04 21:00:00,-1.075784925075227,-0.33722737
2014-08-04 22:00:00,-1.053840580008894,-0.35310686
2014-08-04 23:00:00,-1.053840580008894,-0.25313485
2014-08-05 00:00:00,-1.0318962349425609,-0.4487753
2014-08-05 01:00:00,-0.9441188546772292,-0.25645664
2014-08-05 02:00:00,-0.9550910272103956,-0.267405
2014-08-05 03:00:00,-0.9880075448098952,-0.19844045
2014-08-05 04:00:00,-1.009951889876228,-0.37248868
2014-08-05 05:00:00,-0.9989797173430616,-0.39930797
2014-08-05 06:00:00,-0.9770353722767288,-0.23483242
2014-08-05 07:00:00,-0.9441188546772292,-0.42948437
2014-08-05 08:00:00,-0.9221745096108964,-0.57004315
2014-08-05 09:00:00,-0.9441188546772292,-0.7437479
2014-08-05 10:00:00,-0.823424956812398,-0.7957135
2014-08-05 11:00:00,-0.823424956812398,-0.8307232
2014-08-05 12:00:00,-0.7575919216133993,-0.8447022
2014-08-05 13:00:00,-0.8014806117460651,-0.8422043
2014-08-05 14:00:00,-0.8124527842792316,-0.72435284
2014-08-05 15:00:00,-0.7905084392128987,-0.768683
2014-08-05 16:00:00,-0.7466197490802328,-0.8003523
2014-08-05 17:00:00,-0.5381484709500699,-0.717904
2014-08-05 18:00:00,-0.7466197490802328,-0.6983877
2014-08-05 19:00:00,-0.823424956812398,-0.7782331
2014-08-05 20:00:00,-0.845369301878731,-0.7132352
2014-08-05 21:00:00,-0.8014806117460651,-0.6834099
2014-08-05 22:00:00,-0.7905084392128987,-0.6639546
2014-08-05 23:00:00,-0.8124527842792316,-0.67779356
2014-08-06 00:00:00,-0.7466197490802328,-0.65808576
2014-08-06 01:00:00,-0.7246754040138998,-0.71040016
2014-08-06 02:00:00,-0.5710649885495693,-0.49229705
2014-08-06 03:00:00,-0.5600928160164028,-0.5881328
2014-08-06 04:00:00,-0.4393989181515716,-0.6104333
2014-08-06 05:00:00,-0.4064824005520722,-0.6147233
2014-08-06 06:00:00,-0.4174545730852387,-0.61357224
2014-08-06 07:00:00,-0.3516215378862399,-0.6045106
2014-08-06 08:00:00,-0.4064824005520722,-0.5750449
2014-08-06 09:00:00,-0.5491206434832363,-0.5604918
2014-08-06 10:00:00,-0.845369301878731,-0.34176776
2014-08-06 11:00:00,-0.9221745096108964,-0.2686438
2014-08-06 12:00:00,-1.009951889876228,-0.23210199
2014-08-06 13:00:00,-1.0318962349425609,-0.31854704
2014-08-06 14:00:00,-1.0648127525420603,-0.3635624
2014-08-06 15:00:00,-1.075784925075227,-0.36667475
2014-08-06 16:00:00,-1.0428684074757275,-0.35112813
2014-08-06 17:00:00,-1.053840580008894,-0.29473132
2014-08-06 18:00:00,-1.009951889876228,-0.3407658
2014-08-06 19:00:00,-0.9331466821440628,-0.3604981
2014-08-06 20:00:00,-0.823424956812398,-0.36178085
2014-08-06 21:00:00,-0.7905084392128987,-0.32897013
2014-08-06 22:00:00,-0.5930093336159022,-0.33144194
2014-08-06 23:00:00,-0.3187050202867404,-0.22607636
2014-08-07 00:00:00,0.2737922965042488,-0.24843363
2014-08-07 01:00:00,0.4603192295680788,-0.42978686
2014-08-07 02:00:00,0.0543488458409194,-0.45810243
2014-08-07 03:00:00,0.0104601557082535,-0.38843668
2014-08-07 04:00:00,-0.121205914689744,-0.35573727
2014-08-07 05:00:00,-0.0773172245570781,-0.34129763
2014-08-07 06:00:00,-0.1650946048224099,-0.32601756
2014-08-07 07:00:00,-0.4174545730852387,-0.31925088
2014-08-07 08:00:00,-0.658842368814901,-0.35017934
2014-08-07 09:00:00,-0.5271762984169034,-0.4839407
2014-08-07 10:00:00,-0.4174545730852387,-0.5426977
2014-08-07 11:00:00,-0.494259780817404,-0.67076194
2014-08-07 12:00:00,-0.5710649885495693,-0.7598831
2014-08-07 13:00:00,-0.6478701962817346,-0.79337895
2014-08-07 14:00:00,-0.6698145413480675,-0.8256091
2014-08-07 15:00:00,-0.6259258512154017,-0.848368
2014-08-07 16:00:00,-0.6259258512154017,-0.65781575
2014-08-07 17:00:00,-0.6149536786822352,-0.6120997
2014-08-07 18:00:00,-0.6917588864144004,-0.57328635
2014-08-07 19:00:00,-0.658842368814901,-0.50122315
2014-08-07 20:00:00,-0.3955102280189058,-0.4312733
2014-08-07 21:00:00,-0.5710649885495693,-0.3920632
2014-08-07 22:00:00,-0.4832876082842375,-0.32603908
2014-08-07 23:00:00,-0.6478701962817346,-0.22846371
2014-08-08 00:00:00,-0.5710649885495693,0.06214065
2014-08-08 01:00:00,-0.7795362666797322,-0.06297844
2014-08-08 02:00:00,-0.658842368814901,0.04143966
2014-08-08 03:00:00,-0.6368980237485681,-0.01103208
2014-08-08 04:00:00,-0.5820371610827357,-0.2308395
2014-08-08 05:00:00,-0.5381484709500699,-0.18888678
2014-08-08 06:00:00,-0.3406493653530734,-0.21917315
2014-08-08 07:00:00,-0.2309276400214087,-0.30784065
2014-08-08 08:00:00,-0.1102337421565775,-0.40303713
2014-08-08 09:00:00,-0.1870389498887428,-0.39103916
2014-08-08 10:00:00,-0.2638441576209081,-0.43383256
2014-08-08 11:00:00,-0.1650946048224099,-0.21536568
2014-08-08 12:00:00,-0.307732847753574,-0.25846767
2014-08-08 13:00:00,-0.4832876082842375,-0.18997462
2014-08-08 14:00:00,-0.6039815061490686,-0.2521935
2014-08-08 15:00:00,-0.5930093336159022,-0.25606108
2014-08-08 16:00:00,-0.6698145413480675,-0.2899682
2014-08-08 17:00:00,-0.5600928160164028,-0.30105937
2014-08-08 18:00:00,-0.5600928160164028,-0.32083392
2014-08-08 19:00:00,-0.4174545730852387,-0.3060321
2014-08-08 20:00:00,-0.4503710906847381,-0.24183272
2014-08-08 21:00:00,-0.4613432632179046,-0.27229005
2014-08-08 22:00:00,-0.4503710906847381,-0.258058
2014-08-08 23:00:00,-0.4393989181515716,-0.30965886
2014-08-09 00:00:00,-0.307732847753574,-0.3287494
2014-08-09 01:00:00,-0.3187050202867404,-0.25590286
2014-08-09 02:00:00,-0.1102337421565775,-0.45012516
2014-08-09 03:00:00,0.2189314338384165,-0.24910073
2014-08-09 04:00:00,0.2518479514379159,-0.15704991
2014-08-09 05:00:00,0.3505975042364141,-0.10913233
2014-08-09 06:00:00,0.4822635746344118,-0.28904578
2014-08-09 07:00:00,0.5919852999660764,-0.06592112
2014-08-09 08:00:00,0.6578183351650753,0.023761952
2014-08-09 09:00:00,0.2628201239710824,0.021613697
2014-08-09 10:00:00,-0.0553728794907452,-0.06986926
2014-08-09 11:00:00,-0.2199554674882422,-0.0980444
2014-08-09 12:00:00,-0.307732847753574,-0.15876137
2014-08-09 13:00:00,-0.329677192819907,-0.24307923
2014-08-09 14:00:00,-0.4613432632179046,-0.299234
2014-08-09 15:00:00,-0.516204125883737,-0.32786483
2014-08-09 16:00:00,-0.5052319533505705,-0.35842058
2014-08-09 17:00:00,-0.6149536786822352,-0.35041666
2014-08-09 18:00:00,-0.7356475765470664,-0.34900558
2014-08-09 19:00:00,-0.5930093336159022,-0.30065453
2014-08-09 20:00:00,-0.6368980237485681,-0.30666065
2014-08-09 21:00:00,-0.494259780817404,-0.3060986
2014-08-09 22:00:00,-0.9331466821440628,-0.29184383
2014-08-09 23:00:00,-0.9002301645445634,-0.28688323
2014-08-10 00:00:00,-0.9112023370777298,-0.2508046
2014-08-10 01:00:00,-0.8563414744118975,-0.26351607
2014-08-10 02:00:00,-0.8563414744118975,-0.19816309
2014-08-10 03:00:00,-0.8343971293455645,-0.10981759
2014-08-10 04:00:00,-0.867313646945064,0.04233501
2014-08-10 05:00:00,-0.7905084392128987,0.107573666
2014-08-10 06:00:00,-0.7575919216133993,-0.06424566
2014-08-10 07:00:00,-0.7575919216133993,0.057901867
2014-08-10 08:00:00,-0.8343971293455645,0.076409854
2014-08-10 09:00:00,-0.823424956812398,-0.03887018
2014-08-10 10:00:00,-0.6698145413480675,-0.043465517
2014-08-10 11:00:00,-0.680786713881234,-0.07770529
2014-08-10 12:00:00,-0.6917588864144004,-0.1972705
2014-08-10 13:00:00,-0.7027310589475669,-0.23099746
2014-08-10 14:00:00,-0.7466197490802328,-0.29162937
2014-08-10 15:00:00,-0.7685640941465657,-0.3305855
2014-08-10 16:00:00,-0.845369301878731,-0.35479847
2014-08-10 17:00:00,-0.8782858194782304,-0.4018607
2014-08-10 18:00:00,-0.7905084392128987,-0.43518123
2014-08-10 19:00:00,-0.6259258512154017,-0.41607532
2014-08-10 20:00:00,-0.516204125883737,-0.41785198
2014-08-10 21:00:00,-0.5600928160164028,-0.36714038
2014-08-10 22:00:00,-0.516204125883737,-0.50176996
2014-08-10 23:00:00,-0.2418998125545752,-0.3604028
2014-08-11 00:00:00,-0.1541224322892434,-0.5860892
2014-08-11 01:00:00,-0.3845380554857393,-0.5620799
2014-08-11 02:00:00,-0.4613432632179046,-0.64322627
2014-08-11 03:00:00,-0.516204125883737,-0.43783098
2014-08-11 04:00:00,-0.8124527842792316,-0.56428754
2014-08-11 05:00:00,-0.8782858194782304,-0.58113277
2014-08-11 06:00:00,-0.966063199743562,-0.6586032
2014-08-11 07:00:00,-0.9550910272103956,-0.628181
2014-08-11 08:00:00,-0.966063199743562,-0.47011173
2014-08-11 09:00:00,-0.966063199743562,-0.49845475
2014-08-11 10:00:00,-1.0318962349425609,-0.37928897
2014-08-11 11:00:00,-0.9770353722767288,-0.34613335
2014-08-11 12:00:00,-1.0318962349425609,-0.5082398
2014-08-11 13:00:00,-1.0318962349425609,-0.46975747
2014-08-11 14:00:00,-0.9770353722767288,-0.39890087
2014-08-11 15:00:00,-0.9880075448098952,-0.3860799
2014-08-11 16:00:00,-0.9989797173430616,-0.48882145
2014-08-11 17:00:00,-0.9989797173430616,-0.51726454
2014-08-11 18:00:00,-0.9441188546772292,-0.50341797
2014-08-11 19:00:00,-0.867313646945064,-0.4510474
2014-08-11 20:00:00,-0.8563414744118975,-0.4070052
2014-08-11 21:00:00,-0.845369301878731,-0.40118
2014-08-11 22:00:00,-0.8014806117460651,-0.50348914
2014-08-11 23:00:00,-0.6368980237485681,-0.4836818
2014-08-12 00:00:00,-0.5491206434832363,-0.35967177
2014-08-12 01:00:00,-0.472315435751071,-0.3947878
2014-08-12 02:00:00,-0.7795362666797322,-0.42212683
2014-08-12 03:00:00,-0.8124527842792316,-0.46041813
2014-08-12 04:00:00,-0.845369301878731,-0.5458176
2014-08-12 05:00:00,-0.9002301645445634,-0.5612234
2014-08-12 06:00:00,-0.9331466821440628,-0.5887907
2014-08-12 07:00:00,-0.966063199743562,-0.6152964
2014-08-12 08:00:00,-0.9112023370777298,-0.64372116
2014-08-12 09:00:00,-1.009951889876228,-0.72016764
2014-08-12 10:00:00,-0.9880075448098952,-0.71102357
2014-08-12 11:00:00,-0.966063199743562,-0.71129954
2014-08-12 12:00:00,-0.8892579920113969,-0.7898571
2014-08-12 13:00:00,-0.867313646945064,-0.57814485
2014-08-12 14:00:00,-0.7685640941465657,-0.7612855
2014-08-12 15:00:00,-0.7356475765470664,-0.6558967
2014-08-12 16:00:00,-0.7905084392128987,-0.62777245
2014-08-12 17:00:00,-0.8343971293455645,-0.60638994
2014-08-12 18:00:00,-0.7575919216133993,-0.48475295
2014-08-12 19:00:00,-0.658842368814901,-0.40094045
2014-08-12 20:00:00,-0.7795362666797322,-0.35151172
2014-08-12 21:00:00,-0.3955102280189058,-0.5178553
2014-08-12 22:00:00,-0.680786713881234,-0.4362864
2014-08-12 23:00:00,-0.8892579920113969,-0.43121853
2014-08-13 00:00:00,-0.845369301878731,-0.2464744
2014-08-13 01:00:00,-0.9550910272103956,-0.16608708
2014-08-13 02:00:00,-0.9331466821440628,-0.40991455
2014-08-13 03:00:00,-0.867313646945064,-0.47112954
2014-08-13 04:00:00,-0.9002301645445634,-0.49413437
2014-08-13 05:00:00,-0.8892579920113969,-0.6196324
2014-08-13 06:00:00,-0.680786713881234,-0.5564074
2014-08-13 07:00:00,-0.7027310589475669,-0.5790926
2014-08-13 08:00:00,-0.7027310589475669,-0.6477838
2014-08-13 09:00:00,-0.516204125883737,-0.7059114
2014-08-13 10:00:00,-0.494259780817404,-0.4642281
2014-08-13 11:00:00,-0.6259258512154017,-0.4701405
2014-08-13 12:00:00,-0.680786713881234,-0.44269106
2014-08-13 13:00:00,-0.8124527842792316,-0.45461166
2014-08-13 14:00:00,-0.9112023370777298,-0.327729
2014-08-13 15:00:00,-0.9112023370777298,-0.3781742
2014-08-13 16:00:00,-0.9331466821440628,-0.41169778
2014-08-13 17:00:00,-0.8892579920113969,-0.42779005
2014-08-13 18:00:00,-0.867313646945064,-0.39571115
2014-08-13 19:00:00,-0.8343971293455645,-0.2690247
2014-08-13 20:00:00,-0.8343971293455645,-0.33481354
2014-08-13 21:00:00,-0.8124527842792316,-0.23408495
2014-08-13 22:00:00,-0.8343971293455645,-0.40256605
2014-08-13 23:00:00,-0.867313646945064,-0.49420047
2014-08-14 00:00:00,-0.7795362666797322,-0.38888016
2014-08-14 01:00:00,-0.8892579920113969,-0.5798008
2014-08-14 02:00:00,-0.8563414744118975,-0.35723853
2014-08-14 03:00:00,-0.8563414744118975,-0.5136073
2014-08-14 04:00:00,-0.9221745096108964,-0.57782346
2014-08-14 05:00:00,-0.7905084392128987,-0.40130955
2014-08-14 06:00:00,-0.7137032314807333,-0.21598585
2014-08-14 07:00:00,-0.9112023370777298,-0.42026663
2014-08-14 08:00:00,-0.823424956812398,-0.30359086
2014-08-14 09:00:00,-0.8014806117460651,-0.20851694
2014-08-14 10:00:00,-0.8124527842792316,-0.37286478
2014-08-14 11:00:00,-0.8124527842792316,-0.37561125
2014-08-14 12:00:00,-0.7905084392128987,-0.40049803
2014-08-14 13:00:00,-0.6368980237485681,-0.4398602
2014-08-14 14:00:00,-0.5710649885495693,-0.5840395
2014-08-14 15:00:00,-0.7575919216133993,-0.53987366
2014-08-14 16:00:00,-0.8014806117460651,-0.5380886
2014-08-14 17:00:00,-0.8124527842792316,-0.35747725
2014-08-14 18:00:00,-0.7137032314807333,-0.46320403
2014-08-14 19:00:00,-0.7466197490802328,-0.396235
2014-08-14 20:00:00,-0.680786713881234,-0.36573738
2014-08-14 21:00:00,-0.6917588864144004,-0.25938955
2014-08-14 22:00:00,-0.8124527842792316,-0.21098697
2014-08-14 23:00:00,-0.9112023370777298,-0.43654606
2014-08-15 00:00:00,-0.7466197490802328,-0.40818128
2014-08-15 01:00:00,-0.8124527842792316,-0.25171256
2014-08-15 02:00:00,-0.7246754040138998,-0.46303216
2014-08-15 03:00:00,-0.7466197490802328,-0.42686877
2014-08-15 04:00:00,-0.845369301878731,-0.44699648
2014-08-15 05:00:00,-0.7137032314807333,-0.25974768
2014-08-15 06:00:00,-0.3187050202867404,-0.1897299
2014-08-15 07:00:00,0.02143232824142,-0.37603232
2014-08-15 08:00:00,0.2299036063715829,-0.4197517
2014-08-15 09:00:00,0.1530983986394176,-0.45125145
2014-08-15 10:00:00,-0.3955102280189058,-0.28262234
2014-08-15 11:00:00,-0.5820371610827357,-0.24342401
2014-08-15 12:00:00,-0.8124527842792316,-0.29850948
2014-08-15 13:00:00,-0.9112023370777298,-0.28845316
2014-08-15 14:00:00,-0.966063199743562,-0.2606137
2014-08-15 15:00:00,-0.9112023370777298,-0.3260662
2014-08-15 16:00:00,-0.7246754040138998,-0.3684845
2014-08-15 17:00:00,-0.5710649885495693,-0.39911073
2014-08-15 18:00:00,-0.8563414744118975,-0.379345
2014-08-15 19:00:00,-0.7685640941465657,-0.3822338
2014-08-15 20:00:00,-0.8014806117460651,-0.3665988
2014-08-15 21:00:00,-0.8343971293455645,-0.42372257
2014-08-15 22:00:00,-0.7905084392128987,-0.3018518
2014-08-15 23:00:00,-0.7356475765470664,-0.24582435
2014-08-16 00:00:00,-0.494259780817404,-0.2737358
2014-08-16 01:00:00,-0.329677192819907,-0.2219903
2014-08-16 02:00:00,-0.3187050202867404,-0.41305017
2014-08-16 03:00:00,-0.1321780872229105,-0.40715373
2014-08-16 04:00:00,-0.1980111224219093,-0.26321292
2014-08-16 05:00:00,-0.5271762984169034,-0.44616798
2014-08-16 06:00:00,-0.5930093336159022,-0.15999193
2014-08-16 07:00:00,-0.7356475765470664,0.024483109
2014-08-16 08:00:00,-0.6917588864144004,-0.13358195
2014-08-16 09:00:00,-0.5600928160164028,-0.22137617
2014-08-16 10:00:00,-0.3187050202867404,-0.16139367
2014-08-16 11:00:00,-0.3516215378862399,-0.4578904
2014-08-16 12:00:00,-0.5710649885495693,-0.34528756
2014-08-16 13:00:00,-0.6149536786822352,-0.344765
2014-08-16 14:00:00,-0.680786713881234,-0.433066
2014-08-16 15:00:00,-0.7905084392128987,-0.44254667
2014-08-16 16:00:00,-0.5271762984169034,-0.39824927
2014-08-16 17:00:00,-0.4064824005520722,-0.34585574
2014-08-16 18:00:00,-0.4832876082842375,-0.384441
2014-08-16 19:00:00,-0.4284267456184051,-0.26434523
2014-08-16 20:00:00,-0.2857885026872411,-0.22566335
2014-08-16 21:00:00,-0.2199554674882422,-0.21409933
2014-08-16 22:00:00,-0.121205914689744,-0.26921815
2014-08-16 23:00:00,-0.0334285344244122,-0.283636
2014-08-17 00:00:00,0.7894844055630729,-0.22816691
2014-08-17 01:00:00,1.1954547892902323,-0.0883333
2014-08-17 02:00:00,-0.307732847753574,-0.02825739
2014-08-17 03:00:00,-0.8892579920113969,-0.1242856
2014-08-17 04:00:00,-0.845369301878731,-0.19021633
2014-08-17 05:00:00,-0.7575919216133993,-0.2936077
2014-08-17 06:00:00,-0.8014806117460651,-0.36397988
2014-08-17 07:00:00,-0.7356475765470664,-0.26066464
2014-08-17 08:00:00,-0.680786713881234,-0.4671195
2014-08-17 09:00:00,-0.7027310589475669,-0.50226253
2014-08-17 10:00:00,-0.6698145413480675,-0.21966253
2014-08-17 11:00:00,-0.6149536786822352,-0.13294302
2014-08-17 12:00:00,-0.6917588864144004,-0.1690689
2014-08-17 13:00:00,-0.7027310589475669,-0.17364697
2014-08-17 14:00:00,-0.7905084392128987,-0.19033666
2014-08-17 15:00:00,-0.680786713881234,-0.31659624
2014-08-17 16:00:00,-0.845369301878731,-0.28548485
2014-08-17 17:00:00,-0.8782858194782304,-0.25807056
2014-08-17 18:00:00,-0.8782858194782304,-0.26745078
2014-08-17 19:00:00,-0.7137032314807333,-0.251878
2014-08-17 20:00:00,-0.6149536786822352,-0.10158079
2014-08-17 21:00:00,-0.494259780817404,-0.11963419
2014-08-17 22:00:00,-0.2967606752204075,-0.092806004
2014-08-17 23:00:00,-0.2089832949550758,0.02523009
2014-08-18 00:00:00,-0.0773172245570781,0.18888618
2014-08-18 01:00:00,-0.0992615696234111,0.2985679
2014-08-18 02:00:00,-0.5381484709500699,-0.09902469
2014-08-18 03:00:00,-0.4832876082842375,-0.30397028
2014-08-18 04:00:00,-0.4832876082842375,-0.32470956
2014-08-18 05:00:00,-0.7246754040138998,-0.28960976
2014-08-18 06:00:00,-0.7137032314807333,-0.42472443
2014-08-18 07:00:00,-0.8014806117460651,-0.23423545
2014-08-18 08:00:00,-0.8124527842792316,-0.41357365
2014-08-18 09:00:00,-0.6698145413480675,-0.48029596
2014-08-18 10:00:00,-0.7137032314807333,-0.44729424
2014-08-18 11:00:00,-0.680786713881234,-0.45087522
2014-08-18 12:00:00,-0.4503710906847381,-0.29840913
2014-08-18 13:00:00,-0.3406493653530734,-0.33070728
2014-08-18 14:00:00,-0.2199554674882422,-0.37121728
2014-08-18 15:00:00,-0.2857885026872411,-0.33942756
2014-08-18 16:00:00,-0.3187050202867404,-0.38418576
2014-08-18 17:00:00,-0.3516215378862399,-0.3923105
2014-08-18 18:00:00,-0.3845380554857393,-0.38341027
2014-08-18 19:00:00,-0.3187050202867404,-0.33397415
2014-08-18 20:00:00,-0.3187050202867404,-0.29836833
2014-08-18 21:00:00,-0.2857885026872411,-0.1289182
2014-08-18 22:00:00,-0.472315435751071,-0.29949135
2014-08-18 23:00:00,-0.4393989181515716,-0.08612012
2014-08-19 00:00:00,-0.2857885026872411,-0.093978725
2014-08-19 01:00:00,-0.4284267456184051,-0.10150357
2014-08-19 02:00:00,-0.3735658829525728,-0.3547238
2014-08-19 03:00:00,-0.2857885026872411,-0.37917545
2014-08-19 04:00:00,-0.1321780872229105,-0.15622762
2014-08-19 05:00:00,-0.0663450520239117,-0.31070846
2014-08-19 06:00:00,-0.0334285344244122,-0.3313926
2014-08-19 07:00:00,0.1201818810399182,-0.39276427
2014-08-19 08:00:00,0.0762931909072524,-0.47524738
2014-08-19 09:00:00,0.2518479514379159,-0.46867588
2014-08-19 10:00:00,-0.0334285344244122,-0.24128972
2014-08-19 11:00:00,-0.0773172245570781,-0.26042232
2014-08-19 12:00:00,-0.2418998125545752,-0.20641969
2014-08-19 13:00:00,-0.3406493653530734,-0.16927844
2014-08-19 14:00:00,-0.4284267456184051,-0.13630931
2014-08-19 15:00:00,-0.494259780817404,-0.16563307
2014-08-19 16:00:00,-0.5710649885495693,-0.17786601
2014-08-19 17:00:00,-0.9550910272103956,-0.18943761
2014-08-19 18:00:00,-0.4503710906847381,-0.1981702
2014-08-19 19:00:00,-0.2857885026872411,-0.17603557
2014-08-19 20:00:00,-0.2199554674882422,-0.17662202
2014-08-19 21:00:00,-0.1760667773555763,-0.16564722
2014-08-19 22:00:00,-0.2418998125545752,-0.22094308
2014-08-19 23:00:00,-0.329677192819907,-0.2418014
2014-08-20 00:00:00,-0.2967606752204075,-0.1968293
2014-08-20 01:00:00,-0.3187050202867404,-0.22049208
2014-08-20 02:00:00,-0.3516215378862399,-0.06060081
2014-08-20 03:00:00,-0.1321780872229105,-0.23032975
2014-08-20 04:00:00,-0.0114841893580793,-0.10013642
2014-08-20 05:00:00,0.0433766733077529,0.054319464
2014-08-20 06:00:00,0.0653210183740859,0.03337107
2014-08-20 07:00:00,0.1640705711725841,-0.10119823
2014-08-20 08:00:00,0.1311540535730847,-0.0735228
2014-08-20 09:00:00,0.1530983986394176,-0.03645537
2014-08-20 10:00:00,0.0762931909072524,0.036350854
2014-08-20 11:00:00,-0.0114841893580793,0.04736737
2014-08-20 12:00:00,-0.2089832949550758,0.012929419
2014-08-20 13:00:00,-0.3406493653530734,-0.11873781
2014-08-20 14:00:00,-0.3406493653530734,-0.19491984
2014-08-20 15:00:00,-0.2528719850877416,-0.23415573
2014-08-20 16:00:00,-0.2287332055147754,-0.2755155
2014-08-20 17:00:00,-0.2045944259418091,-0.39399934
2014-08-20 18:00:00,-0.180455646368843,-0.27813506
2014-08-20 19:00:00,-0.1563168667958767,-0.21986945
2014-08-20 20:00:00,-0.1321780872229105,-0.17938852
2014-08-20 21:00:00,-0.1080393076499442,-0.1677683
2014-08-20 22:00:00,-0.0839005280769779,-0.17477421
2014-08-20 23:00:00,-0.0597617485040118,-0.20259808
2014-08-21 00:00:00,-0.0356229689310456,-0.20211941
2014-08-21 01:00:00,-0.0114841893580793,-0.20574923
2014-08-21 02:00:00,0.1311540535730847,-0.22127639
2014-08-21 03:00:00,0.20795926130525,-0.15399101
2014-08-21 04:00:00,0.2408757789047494,-0.13339321
2014-08-21 05:00:00,0.3615696767695806,-0.11732594
2014-08-21 06:00:00,0.3615696767695806,-0.113188155
2014-08-21 07:00:00,0.4383748845017459,-0.2068092
2014-08-21 08:00:00,0.58101312743291,-0.008779397
2014-08-21 09:00:00,0.8004565780962394,0.04289379
2014-08-21 10:00:00,0.7565678879635735,-0.04313945
2014-08-21 11:00:00,0.6907348527645747,-0.0077158716
2014-08-21 12:00:00,0.4164305394354129,-0.1506135
2014-08-21 13:00:00,0.4493470570349123,-0.22201581
2014-08-21 14:00:00,0.4054583669022464,-0.25412834
2014-08-21 15:00:00,0.3725418493027471,-0.25557443
2014-08-21 16:00:00,0.2518479514379159,-0.25144613
2014-08-21 17:00:00,0.1421262261062512,-0.23082781
2014-08-21 18:00:00,0.1640705711725841,-0.23757352
2014-08-21 19:00:00,0.2518479514379159,-0.22558863
2014-08-21 20:00:00,0.4932357471675782,-0.2213936
2014-08-21 21:00:00,-0.3406493653530734,-0.2202748
2014-08-21 22:00:00,-0.8892579920113969,-0.20306303
2014-08-21 23:00:00,-0.8124527842792316,-0.19428973
2014-08-22 00:00:00,-0.8563414744118975,-0.18600504
2014-08-22 01:00:00,-0.845369301878731,-0.18719523
2014-08-22 02:00:00,-0.867313646945064,-0.003792813
2014-08-22 03:00:00,-0.845369301878731,-0.027878812
2014-08-22 04:00:00,-0.9002301645445634,-0.029494962
2014-08-22 05:00:00,-0.8343971293455645,0.086674936
2014-08-22 06:00:00,-0.7685640941465657,-0.14079128
2014-08-22 07:00:00,-0.8892579920113969,0.06922854
2014-08-22 08:00:00,-0.845369301878731,0.16234504
2014-08-22 09:00:00,-0.8892579920113969,0.23650767
2014-08-22 10:00:00,-0.8563414744118975,0.24293415
2014-08-22 11:00:00,-0.7575919216133993,0.22303484
2014-08-22 12:00:00,-0.6368980237485681,0.05068112
2014-08-22 13:00:00,-0.6478701962817346,0.029463897
2014-08-22 14:00:00,-0.4832876082842375,-0.0025709774
2014-08-22 15:00:00,-0.307732847753574,-0.026761105
2014-08-22 16:00:00,-0.2638441576209081,-0.071479134
2014-08-22 17:00:00,-0.1431502597560769,-0.12057959
2014-08-22 18:00:00,-0.0992615696234111,-0.12846817
2014-08-22 19:00:00,-0.0334285344244122,-0.08503734
2014-08-22 20:00:00,0.1092097085067518,-0.15448101
2014-08-22 21:00:00,0.2628201239710824,-0.22075985
2014-08-22 22:00:00,0.2518479514379159,-0.37816358
2014-08-22 23:00:00,0.1092097085067518,-0.46510327
2014-08-23 00:00:00,0.1640705711725841,-0.51396406
2014-08-23 01:00:00,0.2189314338384165,-0.6000437
2014-08-23 02:00:00,0.5371244373002441,-0.664051
2014-08-23 03:00:00,0.4603192295680788,-0.4154285
2014-08-23 04:00:00,0.4603192295680788,-0.3516941
2014-08-23 05:00:00,0.3067088141037483,-0.4805129
2014-08-23 06:00:00,0.2189314338384165,-0.4845401
2014-08-23 07:00:00,0.4164305394354129,-0.5398329
2014-08-23 08:00:00,0.3725418493027471,-0.64216745
2014-08-23 09:00:00,0.58101312743291,-0.44549847
2014-08-23 10:00:00,0.3615696767695806,-0.37762475
2014-08-23 11:00:00,0.3725418493027471,-0.31843486
2014-08-23 12:00:00,0.1750427437057506,-0.26120892
2014-08-23 13:00:00,0.0653210183740859,-0.33576933
2014-08-23 14:00:00,-0.1431502597560769,-0.31492886
2014-08-23 15:00:00,-0.1870389498887428,-0.18798034
2014-08-23 16:00:00,0.0872653634404188,-0.22630215
2014-08-23 17:00:00,-0.0553728794907452,-0.1108002
2014-08-23 18:00:00,0.0433766733077529,-0.16163214
2014-08-23 19:00:00,0.1969870887720835,-0.15285796
2014-08-23 20:00:00,0.3615696767695806,-0.01771987
2014-08-23 21:00:00,0.5590687823665771,-0.0066361036
2014-08-23 22:00:00,0.7785122330299065,0.103405245
2014-08-23 23:00:00,-0.7137032314807333,0.0068468694
2014-08-24 00:00:00,-0.8124527842792316,0.0063197706
2014-08-24 01:00:00,-0.8782858194782304,0.024606565
2014-08-24 02:00:00,-0.823424956812398,0.112126596
2014-08-24 03:00:00,-0.7575919216133993,0.17800607
2014-08-24 04:00:00,-0.7137032314807333,0.19711567
2014-08-24 05:00:00,-0.6698145413480675,0.17552583
2014-08-24 06:00:00,-0.6039815061490686,-0.09766366
2014-08-24 07:00:00,-0.7795362666797322,0.13477634
2014-08-24 08:00:00,-1.0648127525420603,0.16998057
2014-08-24 09:00:00,-1.0318962349425609,0.21811451
2014-08-24 10:00:00,-1.0209240624093945,0.1572875
2014-08-24 11:00:00,-1.0428684074757275,0.14682932
2014-08-24 12:00:00,-1.053840580008894,-0.010244003
2014-08-24 13:00:00,-1.009951889876228,-0.005926391
2014-08-24 14:00:00,-1.0318962349425609,-0.07052136
2014-08-24 15:00:00,-0.9880075448098952,-0.18423833
2014-08-24 16:00:00,-1.0209240624093945,-0.14072762
2014-08-24 17:00:00,-1.0318962349425609,-0.19784777
2014-08-24 18:00:00,-1.0209240624093945,-0.17795812
2014-08-24 19:00:00,-0.966063199743562,-0.12528749
2014-08-24 20:00:00,-0.9112023370777298,-0.07651081
2014-08-24 21:00:00,-0.5930093336159022,0.09873951
2014-08-24 22:00:00,-0.6149536786822352,0.115796246
2014-08-24 23:00:00,-0.680786713881234,-0.37040997
2014-08-25 00:00:00,-0.823424956812398,-0.4838054
2014-08-25 01:00:00,-0.9221745096108964,-0.60956407
2014-08-25 02:00:00,-0.8014806117460651,-0.58327633
2014-08-25 03:00:00,-0.8343971293455645,-0.5648286
2014-08-25 04:00:00,-0.8014806117460651,-0.37648806
2014-08-25 05:00:00,-0.8892579920113969,-0.3785623
2014-08-25 06:00:00,-0.9331466821440628,-0.3392524
2014-08-25 07:00:00,-0.9221745096108964,-0.30167168
2014-08-25 08:00:00,-0.9112023370777298,-0.5324078
2014-08-25 09:00:00,-0.9112023370777298,-0.6262119
2014-08-25 10:00:00,-0.9880075448098952,-0.66346896
2014-08-25 11:00:00,-1.0209240624093945,-0.70663875
2014-08-25 12:00:00,-1.0209240624093945,-0.52108634
2014-08-25 13:00:00,-0.9989797173430616,-0.4701852
2014-08-25 14:00:00,-1.0209240624093945,-0.44582856
2014-08-25 15:00:00,-0.9989797173430616,-0.4206278
2014-08-25 16:00:00,-1.0318962349425609,-0.4225232
2014-08-25 17:00:00,-1.0318962349425609,-0.47497788
2014-08-25 18:00:00,-1.009951889876228,-0.4832694
2014-08-25 19:00:00,-0.9770353722767288,-0.45772442
2014-08-25 20:00:00,-0.9002301645445634,-0.4303331
2014-08-25 21:00:00,-0.867313646945064,-0.34742004
2014-08-25 22:00:00,-0.7685640941465657,-0.33161998
2014-08-25 23:00:00,-0.8124527842792316,-0.19241329
2014-08-26 00:00:00,-0.8124527842792316,-0.2533419
2014-08-26 01:00:00,-0.6478701962817346,-0.44913238
2014-08-26 02:00:00,-0.7137032314807333,-0.48061574
2014-08-26 03:00:00,-0.6698145413480675,-0.42289433
2014-08-26 04:00:00,-0.658842368814901,-0.42104194
2014-08-26 05:00:00,-0.845369301878731,-0.44482148
2014-08-26 06:00:00,-0.8014806117460651,-0.47150028
2014-08-26 07:00:00,-0.9331466821440628,-0.48397428
2014-08-26 08:00:00,-0.8892579920113969,-0.5571647
2014-08-26 09:00:00,-0.8892579920113969,-0.5056655
2014-08-26 10:00:00,-0.9112023370777298,-0.5228164
2014-08-26 11:00:00,-0.9112023370777298,-0.61182016
2014-08-26 12:00:00,-0.9550910272103956,-0.58617586
2014-08-26 13:00:00,-0.9880075448098952,-0.5913073
2014-08-26 14:00:00,-1.0318962349425609,-0.4320254
2014-08-26 15:00:00,-1.009951889876228,-0.4649418
2014-08-26 16:00:00,-0.9880075448098952,-0.47704977
2014-08-26 17:00:00,-1.0318962349425609,-0.46271324
2014-08-26 18:00:00,-0.9550910272103956,-0.4460973
2014-08-26 19:00:00,-0.8892579920113969,-0.42259413
2014-08-26 20:00:00,-0.8014806117460651,-0.3868114
2014-08-26 21:00:00,-0.7575919216133993,-0.36390477
2014-08-26 22:00:00,-0.7795362666797322,-0.33033112
2014-08-26 23:00:00,-0.6698145413480675,-0.4653378
2014-08-27 00:00:00,-0.472315435751071,-0.23130824
2014-08-27 01:00:00,-0.3187050202867404,-0.09101681
2014-08-27 02:00:00,-0.3516215378862399,-0.1602775
2014-08-27 03:00:00,-0.2309276400214087,-0.23788835
2014-08-27 04:00:00,-0.121205914689744,-0.2693095
2014-08-27 05:00:00,-0.6039815061490686,-0.32569218
2014-08-27 06:00:00,-0.7575919216133993,-0.32450616
2014-08-27 07:00:00,-0.867313646945064,-0.38326147
2014-08-27 08:00:00,-0.8014806117460651,-0.39958024
2014-08-27 09:00:00,-0.8343971293455645,-0.42195675
2014-08-27 10:00:00,-0.7685640941465657,-0.45269257
2014-08-27 11:00:00,-0.823424956812398,-0.26639107
2014-08-27 12:00:00,-0.680786713881234,-0.2387011
2014-08-27 13:00:00,-0.6259258512154017,-0.48997885
2014-08-27 14:00:00,-0.5710649885495693,-0.3526659
2014-08-27 15:00:00,-0.5710649885495693,-0.30556524
2014-08-27 16:00:00,-0.5820371610827357,-0.28459716
2014-08-27 17:00:00,-0.4064824005520722,-0.27620924
2014-08-27 18:00:00,-0.4174545730852387,-0.3104515
2014-08-27 19:00:00,-0.3625937104194063,-0.29673296
2014-08-27 20:00:00,-0.2967606752204075,-0.27800497
2014-08-27 21:00:00,-0.1980111224219093,-0.27465814
2014-08-27 22:00:00,-0.0663450520239117,-0.27940735
2014-08-27 23:00:00,-0.0773172245570781,-0.3478003
2014-08-28 00:00:00,-0.121205914689744,-0.17509784
2014-08-28 01:00:00,-0.1102337421565775,-0.01968523
2014-08-28 02:00:00,-0.0005120168249128,0.025631705
2014-08-28 03:00:00,0.0324045007745865,0.08410188
2014-08-28 04:00:00,0.0872653634404188,0.14172797
2014-08-28 05:00:00,-0.0992615696234111,0.03891278
2014-08-28 06:00:00,-0.1870389498887428,-0.18074034
2014-08-28 07:00:00,-0.3406493653530734,-0.25977978
2014-08-28 08:00:00,-0.3955102280189058,-0.30879328
2014-08-28 09:00:00,-0.3625937104194063,-0.42383617
2014-08-28 10:00:00,-0.4174545730852387,-0.19470198
2014-08-28 11:00:00,-0.3516215378862399,-0.18140596
2014-08-28 12:00:00,-0.3735658829525728,-0.22240017
2014-08-28 13:00:00,-0.4393989181515716,-0.11548372
2014-08-28 14:00:00,-0.2967606752204075,-0.18109258
2014-08-28 15:00:00,-0.2199554674882422,-0.20588966
2014-08-28 16:00:00,-0.2199554674882422,-0.21401452
2014-08-28 17:00:00,-0.1760667773555763,-0.17699733
2014-08-28 18:00:00,-0.0224563618912458,-0.17125133
2014-08-28 19:00:00,-0.0114841893580793,-0.14774488
2014-08-28 20:00:00,0.3176809866369147,0.010760138
2014-08-28 21:00:00,0.2737922965042488,-0.0046681818
2014-08-28 22:00:00,-0.2857885026872411,0.013863007
2014-08-28 23:00:00,-0.4613432632179046,0.01628446
2014-08-29 00:00:00,-0.2309276400214087,0.00054825284
2014-08-29 01:00:00,-0.2528719850877416,-0.020846626
2014-08-29 02:00:00,-0.2199554674882422,0.0021810923
2014-08-29 03:00:00,-0.1650946048224099,0.09272916
2014-08-29 04:00:00,-0.2857885026872411,-0.10097482
2014-08-29 05:00:00,-0.2418998125545752,-0.20993705
2014-08-29 06:00:00,-0.1102337421565775,0.005362639
2014-08-29 07:00:00,-0.121205914689744,0.049440138
2014-08-29 08:00:00,-0.3516215378862399,0.06170983
2014-08-29 09:00:00,-0.3187050202867404,-0.07979616
2014-08-29 10:00:00,-0.3735658829525728,0.01409621
2014-08-29 11:00:00,-0.4503710906847381,-0.12272667
2014-08-29 12:00:00,-0.5600928160164028,-0.1888346
2014-08-29 13:00:00,-0.4174545730852387,-0.0602239
2014-08-29 14:00:00,-0.2857885026872411,0.011274377
2014-08-29 15:00:00,-0.2089832949550758,0.04558844
2014-08-29 16:00:00,-0.1650946048224099,0.07002624
2014-08-29 17:00:00,-0.1321780872229105,0.007828066
2014-08-29 18:00:00,-0.1431502597560769,0.032301314
2014-08-29 19:00:00,-0.0553728794907452,0.04278343
2014-08-29 20:00:00,0.2299036063715829,0.039211027
2014-08-29 21:00:00,0.4274027119685794,0.11362184
2014-08-29 22:00:00,0.3505975042364141,-0.08970686
2014-08-29 23:00:00,0.1201818810399182,-0.09573542
2014-08-30 00:00:00,0.0762931909072524,-0.21312355
2014-08-30 01:00:00,0.02143232824142,-0.18149556
2014-08-30 02:00:00,0.2737922965042488,-0.08089297
2014-08-30 03:00:00,0.8114287506294059,0.03214059
2014-08-30 04:00:00,0.5590687823665771,-0.20480932
2014-08-30 05:00:00,0.5919852999660764,-0.15832318
2014-08-30 06:00:00,0.6907348527645747,-0.22037108
2014-08-30 07:00:00,0.5261522647670777,-0.2600566
2014-08-30 08:00:00,0.5700409548997435,-0.07881812
2014-08-30 09:00:00,0.5590687823665771,-0.0038765278
2014-08-30 10:00:00,0.6578183351650753,-0.16169403
2014-08-30 11:00:00,0.8004565780962394,-0.05037924
2014-08-30 12:00:00,1.0528165463590682,-0.03272625
2014-08-30 13:00:00,0.8882339583615712,0.0004144404
2014-08-30 14:00:00,0.910178303427904,-0.03898395
2014-08-30 15:00:00,0.3286531591700812,0.047868975
2014-08-30 16:00:00,0.6358739900987423,0.076774664
2014-08-30 17:00:00,0.7017070252977412,0.011461357
2014-08-30 18:00:00,0.5371244373002441,0.0006195102
2014-08-30 19:00:00,0.4493470570349123,0.028381625
2014-08-30 20:00:00,0.4712914021012453,0.1954857
2014-08-30 21:00:00,0.4712914021012453,0.29419145
2014-08-30 22:00:00,0.4164305394354129,0.23558088
2014-08-30 23:00:00,0.02143232824142,0.16243081
2014-08-31 00:00:00,-0.0005120168249128,0.13573001
2014-08-31 01:00:00,0.0762931909072524,-0.053651743
2014-08-31 02:00:00,0.3396253317032476,0.19978948
2014-08-31 03:00:00,0.4274027119685794,0.3935081
2014-08-31 04:00:00,0.2299036063715829,0.39164236
2014-08-31 05:00:00,-0.0334285344244122,0.15597059
2014-08-31 06:00:00,-0.1541224322892434,0.10621042
2014-08-31 07:00:00,-0.1650946048224099,0.29456735
2014-08-31 08:00:00,-0.2309276400214087,0.17918341
2014-08-31 09:00:00,-0.2199554674882422,0.30144244
2014-08-31 10:00:00,0.0543488458409194,0.37504312
2014-08-31 11:00:00,-0.4284267456184051,0.1643184
2014-08-31 12:00:00,-0.4613432632179046,0.15439178
2014-08-31 13:00:00,-0.494259780817404,0.064407595
2014-08-31 14:00:00,-0.3845380554857393,0.20571773
2014-08-31 15:00:00,-0.2418998125545752,0.16930483
2014-08-31 16:00:00,-0.2309276400214087,0.27490145
2014-08-31 17:00:00,-0.3187050202867404,0.06759039
2014-08-31 18:00:00,-0.307732847753574,0.12291945
2014-08-31 19:00:00,-0.2748163301540746,0.2166545
2014-08-31 20:00:00,-0.0773172245570781,0.1544575
2014-08-31 21:00:00,-0.0114841893580793,0.14410816
2014-08-31 22:00:00,0.0433766733077529,0.20942722
2014-08-31 23:00:00,0.0433766733077529,0.058117457
2014-09-01 00:00:00,0.0324045007745865,-0.13874494
2014-09-01 01:00:00,-0.0444007069575787,0.07891012
2014-09-01 02:00:00,-0.0553728794907452,0.18304788
2014-09-01 03:00:00,-0.1431502597560769,-0.04037235
2014-09-01 04:00:00,-0.0444007069575787,-0.18042906
2014-09-01 05:00:00,0.02143232824142,-0.18176
2014-09-01 06:00:00,0.0104601557082535,-0.21160658
2014-09-01 07:00:00,0.0653210183740859,-0.06076949
2014-09-01 08:00:00,0.0982375359735853,-0.021522125
2014-09-01 09:00:00,0.2518479514379159,-0.08333447
2014-09-01 10:00:00,0.3505975042364141,-0.21308006
2014-09-01 11:00:00,0.4274027119685794,-0.393178
2014-09-01 12:00:00,0.4822635746344118,-0.19577248
2014-09-01 13:00:00,0.58101312743291,-0.22202586
2014-09-01 14:00:00,0.5042079197007447,-0.21765248
2014-09-01 15:00:00,0.6907348527645747,-0.17454433
2014-09-01 16:00:00,-0.0553728794907452,-0.17609079
2014-09-01 17:00:00,0.5371244373002441,-0.32943383
2014-09-01 18:00:00,0.6249018175655758,-0.20835592
2014-09-01 19:00:00,0.6907348527645747,-0.33476678
2014-09-01 20:00:00,0.8224009231625723,-0.23635466
2014-09-01 21:00:00,-0.1760667773555763,-0.18754734
2014-09-01 22:00:00,-0.823424956812398,-0.17297693
2014-09-01 23:00:00,-0.867313646945064,-0.24042575
2014-09-02 00:00:00,-0.7027310589475669,-0.24707799
2014-09-02 01:00:00,-0.5491206434832363,-0.122705095
2014-09-02 02:00:00,-0.4503710906847381,-0.013747862
2014-09-02 03:00:00,-0.5600928160164028,-0.060864888
2014-09-02 04:00:00,-0.7685640941465657,0.06525373
2014-09-02 05:00:00,-0.7905084392128987,0.02841925
2014-09-02 06:00:00,-0.8014806117460651,-0.13837816
2014-09-02 07:00:00,-0.867313646945064,0.06651268
2014-09-02 08:00:00,-0.867313646945064,0.03674572
2014-09-02 09:00:00,-0.823424956812398,0.0738628
2014-09-02 10:00:00,-0.7246754040138998,0.1103685
2014-09-02 11:00:00,-0.6917588864144004,0.15452401
2014-09-02 12:00:00,-0.6698145413480675,0.15183981
2014-09-02 13:00:00,-0.7027310589475669,0.1645888
2014-09-02 14:00:00,-0.8892579920113969,0.12909578
2014-09-02 15:00:00,-0.845369301878731,0.28059646
2014-09-02 16:00:00,-0.8343971293455645,-0.14543252
2014-09-02 17:00:00,-0.823424956812398,0.19181617
2014-09-02 18:00:00,-0.966063199743562,0.021104792
2014-09-02 19:00:00,-0.9989797173430616,0.07540987
2014-09-02 20:00:00,-1.009951889876228,0.02311013
2014-09-02 21:00:00,-0.9880075448098952,-0.18788986
2014-09-02 22:00:00,-1.0318962349425609,-0.2973829
2014-09-02 23:00:00,-0.9770353722767288,-0.31900844
2014-09-03 00:00:00,-0.9880075448098952,-0.18233676
2014-09-03 01:00:00,-0.9989797173430616,-0.12485122
2014-09-03 02:00:00,-0.9989797173430616,-0.07407867
2014-09-03 03:00:00,-0.966063199743562,-0.3511633
2014-09-03 04:00:00,-0.9989797173430616,-0.41326198
2014-09-03 05:00:00,-1.0209240624093945,-0.53413177
2014-09-03 06:00:00,-1.0318962349425609,-0.46963298
2014-09-03 07:00:00,-0.9441188546772292,-0.49471408
2014-09-03 08:00:00,-0.9770353722767288,-0.41966024
2014-09-03 09:00:00,-0.9112023370777298,-0.55336744
2014-09-03 10:00:00,-0.9221745096108964,-0.5688227
2014-09-03 11:00:00,-0.9550910272103956,-0.5966448
2014-09-03 12:00:00,-1.009951889876228,-0.3484076
2014-09-03 13:00:00,-0.966063199743562,-0.5381546
2014-09-03 14:00:00,-0.9880075448098952,-0.65048045
2014-09-03 15:00:00,-0.966063199743562,-0.49826705
2014-09-03 16:00:00,-0.9770353722767288,-0.5814783
2014-09-03 17:00:00,-0.9221745096108964,-0.36382776
2014-09-03 18:00:00,-0.966063199743562,-0.5812492
2014-09-03 19:00:00,-0.9770353722767288,-0.5675866
2014-09-03 20:00:00,-0.9331466821440628,-0.64488226
2014-09-03 21:00:00,-0.867313646945064,-0.6471306
2014-09-03 22:00:00,-0.8892579920113969,-0.5484877
2014-09-03 23:00:00,-0.845369301878731,-0.50393426
2014-09-04 00:00:00,-0.845369301878731,-0.33352223
2014-09-04 01:00:00,-0.5381484709500699,-0.46487132
2014-09-04 02:00:00,-0.680786713881234,-0.5041001
2014-09-04 03:00:00,-0.5820371610827357,-0.5676855
2014-09-04 04:00:00,-0.5491206434832363,-0.504904
2014-09-04 05:00:00,-0.5052319533505705,-0.48646876
2014-09-04 06:00:00,-0.516204125883737,-0.49290794
2014-09-04 07:00:00,-0.4832876082842375,-0.4729172
2014-09-04 08:00:00,-0.2089832949550758,-0.49377573
2014-09-04 09:00:00,-0.5710649885495693,-0.47983265
2014-09-04 10:00:00,-0.6149536786822352,-0.49139446
2014-09-04 11:00:00,-0.8014806117460651,-0.33339143
2014-09-04 12:00:00,-0.7575919216133993,-0.3304879
2014-09-04 13:00:00,-0.6039815061490686,-0.4658776
2014-09-04 14:00:00,-0.7356475765470664,-0.42925885
2014-09-04 15:00:00,-0.9112023370777298,-0.35317102
2014-09-04 16:00:00,-0.9331466821440628,-0.41440764
2014-09-04 17:00:00,-0.8014806117460651,-0.43292034
2014-09-04 18:00:00,-0.7137032314807333,-0.42505547
2014-09-04 19:00:00,-0.7575919216133993,-0.42483115
2014-09-04 20:00:00,-0.680786713881234,-0.4040764
2014-09-04 21:00:00,-0.4393989181515716,-0.36579162
2014-09-04 22:00:00,-0.5600928160164028,-0.2385724
2014-09-04 23:00:00,-0.5271762984169034,-0.19749284
2014-09-05 00:00:00,-0.4393989181515716,-0.45144057
2014-09-05 01:00:00,-0.4284267456184051,-0.4392091
2014-09-05 02:00:00,-0.3955102280189058,-0.4969669
2014-09-05 03:00:00,-0.2857885026872411,-0.2283361
2014-09-05 04:00:00,-0.2199554674882422,-0.15820192
2014-09-05 05:00:00,-0.2638441576209081,-0.280459
2014-09-05 06:00:00,-0.329677192819907,-0.31347233
2014-09-05 07:00:00,-0.2967606752204075,-0.3364656
2014-09-05 08:00:00,-0.1541224322892434,-0.28801715
2014-09-05 09:00:00,-0.0773172245570781,-0.21936573
2014-09-05 10:00:00,-0.0444007069575787,-0.20385244
2014-09-05 11:00:00,0.0982375359735853,-0.35239464
2014-09-05 12:00:00,0.0982375359735853,-0.29641253
2014-09-05 13:00:00,0.1530983986394176,-0.32851332
2014-09-05 14:00:00,-0.1102337421565775,-0.40043995
2014-09-05 15:00:00,-0.2857885026872411,-0.47220117
2014-09-05 16:00:00,-0.2748163301540746,-0.4919393
2014-09-05 17:00:00,-0.3516215378862399,-0.45638028
2014-09-05 18:00:00,-0.329677192819907,-0.4200334
2014-09-05 19:00:00,-0.1321780872229105,-0.40712065
2014-09-05 20:00:00,0.4712914021012453,-0.3614192
2014-09-05 21:00:00,0.6029574724992429,-0.17362069
2014-09-05 22:00:00,0.5151800922339111,-0.25156254
2014-09-05 23:00:00,0.4712914021012453,-0.2569037
2014-09-06 00:00:00,0.5261522647670777,-0.21847849
2014-09-06 01:00:00,0.6249018175655758,-0.21224208
2014-09-06 02:00:00,0.5700409548997435,-0.09345814
2014-09-06 03:00:00,0.5700409548997435,-0.29461414
2014-09-06 04:00:00,0.5151800922339111,-0.09795719
2014-09-06 05:00:00,0.4712914021012453,-0.2905572
2014-09-06 06:00:00,0.4274027119685794,-0.35568804
2014-09-06 07:00:00,0.4603192295680788,-0.37349612
2014-09-06 08:00:00,0.4274027119685794,-0.3564162
2014-09-06 09:00:00,0.3615696767695806,-0.08966958
2014-09-06 10:00:00,0.4054583669022464,-0.097972564
2014-09-06 11:00:00,0.4164305394354129,-0.043069117
2014-09-06 12:00:00,0.4164305394354129,-0.035597973
2014-09-06 13:00:00,0.3505975042364141,-0.03395658
2014-09-06 14:00:00,0.3835140218359135,-0.11127203
2014-09-06 15:00:00,0.2957366415705817,-0.1606686
2014-09-06 16:00:00,0.0982375359735853,-0.16630954
2014-09-06 17:00:00,-0.0663450520239117,-0.18989219
2014-09-06 18:00:00,-0.0005120168249128,-0.1907169
2014-09-06 19:00:00,0.1092097085067518,-0.13453259
2014-09-06 20:00:00,0.2518479514379159,0.049143024
2014-09-06 21:00:00,0.3505975042364141,0.098969586
2014-09-06 22:00:00,0.4164305394354129,0.09554542
2014-09-06 23:00:00,0.5590687823665771,0.083943434
2014-09-07 00:00:00,0.6797626802314082,-0.020075252
2014-09-07 01:00:00,0.6029574724992429,0.22219278
2014-09-07 02:00:00,0.4712914021012453,0.16663073
2014-09-07 03:00:00,0.4932357471675782,0.18126108
2014-09-07 04:00:00,0.5151800922339111,0.1501453
2014-09-07 05:00:00,0.5919852999660764,0.15910082
2014-09-07 06:00:00,0.6907348527645747,0.15829651
2014-09-07 07:00:00,0.76754006049674,0.2617565
2014-09-07 08:00:00,0.8114287506294059,0.030077258
2014-09-07 09:00:00,1.0528165463590682,0.16946687
2014-09-07 10:00:00,1.1735104442238993,0.13127284
2014-09-07 11:00:00,1.0747608914254012,0.18826453
2014-09-07 12:00:00,0.8333730956957388,0.1254661
2014-09-07 13:00:00,0.1201818810399182,0.07375453
2014-09-07 14:00:00,-0.1650946048224099,0.06519709
2014-09-07 15:00:00,-0.2309276400214087,0.040725388
2014-09-07 16:00:00,-0.0005120168249128,-0.033356555
2014-09-07 17:00:00,0.0543488458409194,-0.09046658
2014-09-07 18:00:00,0.1092097085067518,-0.08350947
2014-09-07 19:00:00,0.2518479514379159,-0.06827804
2014-09-07 20:00:00,0.2628201239710824,-0.039096646
2014-09-07 21:00:00,0.3176809866369147,-0.023965022
2014-09-07 22:00:00,0.4383748845017459,-0.00860866
2014-09-07 23:00:00,0.6139296450324094,0.027988562
2014-09-08 00:00:00,0.0433766733077529,0.06789557
2014-09-08 01:00:00,-1.075784925075227,0.032498024
2014-09-08 02:00:00,-1.075784925075227,-0.008508792
2014-09-08 03:00:00,-1.0318962349425609,-0.013984075
2014-09-08 04:00:00,-1.0428684074757275,-0.008702656
2014-09-08 05:00:00,-1.0428684074757275,0.0060785506
2014-09-08 06:00:00,-1.0318962349425609,0.16505848
2014-09-08 07:00:00,-1.0648127525420603,0.2337118
2014-09-08 08:00:00,-1.0648127525420603,0.19211297
2014-09-08 09:00:00,-1.0209240624093945,0.32319742
2014-09-08 10:00:00,-1.0209240624093945,0.2964279
2014-09-08 11:00:00,-1.0648127525420603,0.23002999
2014-09-08 12:00:00,-1.0648127525420603,0.15031703
2014-09-08 13:00:00,-1.053840580008894,-0.068422295
2014-09-08 14:00:00,-1.0318962349425609,-0.20548685
2014-09-08 15:00:00,-1.0318962349425609,-0.26704034
2014-09-08 16:00:00,-1.053840580008894,-0.20948277
2014-09-08 17:00:00,-0.9880075448098952,-0.18633382
2014-09-08 18:00:00,-0.9331466821440628,-0.16336314
2014-09-08 19:00:00,-0.966063199743562,-0.12573527
2014-09-08 20:00:00,-0.9441188546772292,0.017457077
2014-09-08 21:00:00,-0.8782858194782304,-0.08748291
2014-09-08 22:00:00,-0.8892579920113969,-0.08413968
2014-09-08 23:00:00,-0.8563414744118975,-0.04674264
2014-09-09 00:00:00,-0.7685640941465657,-0.20767526
2014-09-09 01:00:00,-0.6917588864144004,-0.5315213
2014-09-09 02:00:00,-0.6698145413480675,-0.5997563
2014-09-09 03:00:00,-0.6039815061490686,-0.6052197
2014-09-09 04:00:00,-0.6368980237485681,-0.42758307
2014-09-09 05:00:00,-0.6698145413480675,-0.5398276
2014-09-09 06:00:00,-0.823424956812398,-0.57496303
2014-09-09 07:00:00,-0.845369301878731,-0.6141097
2014-09-09 08:00:00,-0.9112023370777298,-0.64332074
2014-09-09 09:00:00,-0.8014806117460651,-0.6628447
2014-09-09 10:00:00,-0.8892579920113969,-0.74482226
2014-09-09 11:00:00,-0.8563414744118975,-0.71914893
2014-09-09 12:00:00,-0.7575919216133993,-0.71075195
2014-09-09 13:00:00,-0.6259258512154017,-0.5174042
2014-09-09 14:00:00,-0.5052319533505705,-0.6174064
2014-09-09 15:00:00,-0.6039815061490686,-0.47290406
2014-09-09 16:00:00,-0.6149536786822352,-0.51743674
2014-09-09 17:00:00,-0.7137032314807333,-0.49805772
2014-09-09 18:00:00,-0.6478701962817346,-0.47368726
2014-09-09 19:00:00,-0.5930093336159022,-0.48590788
2014-09-09 20:00:00,-0.5820371610827357,-0.4845533
2014-09-09 21:00:00,-0.4284267456184051,-0.3263715
2014-09-09 22:00:00,-0.2199554674882422,-0.28770038
2014-09-09 23:00:00,-0.5271762984169034,-0.25831637
2014-09-10 00:00:00,-0.6478701962817346,-0.20821671
2014-09-10 01:00:00,-0.5930093336159022,-0.37724918
2014-09-10 02:00:00,-0.6149536786822352,-0.42438078
2014-09-10 03:00:00,-0.5052319533505705,-0.35005158
2014-09-10 04:00:00,-0.4503710906847381,-0.36529914
2014-09-10 05:00:00,-0.2309276400214087,-0.18795893
2014-09-10 06:00:00,0.1640705711725841,-0.3405586
2014-09-10 07:00:00,-0.0444007069575787,-0.3898883
2014-09-10 08:00:00,0.0872653634404188,-0.43407616
2014-09-10 09:00:00,0.1311540535730847,-0.4229557
2014-09-10 10:00:00,0.1969870887720835,-0.35934943
2014-09-10 11:00:00,-0.0882893970902446,-0.24293725
2014-09-10 12:00:00,-0.2857885026872411,-0.27124947
2014-09-10 13:00:00,-0.5491206434832363,-0.26147723
2014-09-10 14:00:00,-0.7027310589475669,-0.13950513
2014-09-10 15:00:00,-0.7685640941465657,-0.234994
2014-09-10 16:00:00,-0.680786713881234,-0.25657225
2014-09-10 17:00:00,-0.7027310589475669,-0.28752288
2014-09-10 18:00:00,-0.6259258512154017,-0.27275836
2014-09-10 19:00:00,-0.5710649885495693,-0.24879478
2014-09-10 20:00:00,-0.472315435751071,-0.2070771
2014-09-10 21:00:00,-0.3845380554857393,-0.18527804
2014-09-10 22:00:00,-0.1870389498887428,-0.122791655
2014-09-10 23:00:00,-0.0553728794907452,-0.19840202
2014-09-11 00:00:00,-0.1980111224219093,-0.22323208
2014-09-11 01:00:00,-0.4284267456184051,-0.3386123
2014-09-11 02:00:00,-0.2967606752204075,-0.3787495
2014-09-11 03:00:00,-0.2528719850877416,-0.112569086
2014-09-11 04:00:00,-0.1541224322892434,-0.10541993
2014-09-11 05:00:00,-0.2089832949550758,-0.057880484
2014-09-11 06:00:00,-0.2089832949550758,-0.07988312
2014-09-11 07:00:00,-0.121205914689744,0.09050838
2014-09-11 08:00:00,-0.0992615696234111,0.18605824
2014-09-11 09:00:00,-0.0663450520239117,0.22430994
2014-09-11 10:00:00,0.0872653634404188,0.25215653
2014-09-11 11:00:00,0.0104601557082535,0.086245306
2014-09-11 12:00:00,-0.0773172245570781,-0.016564002
2014-09-11 13:00:00,-0.1321780872229105,-0.12192138
2014-09-11 14:00:00,-0.1760667773555763,-0.20291887
2014-09-11 15:00:00,-0.0992615696234111,-0.24637581
2014-09-11 16:00:00,-0.0882893970902446,-0.23278794
2014-09-11 17:00:00,-0.1321780872229105,-0.23968033
2014-09-11 18:00:00,0.1750427437057506,-0.21805821
2014-09-11 19:00:00,0.2189314338384165,-0.19710942
2014-09-11 20:00:00,0.2628201239710824,-0.16441213
2014-09-11 21:00:00,0.1421262261062512,-0.13695063
2014-09-11 22:00:00,0.0433766733077529,0.030723194
2014-09-11 23:00:00,0.0653210183740859,0.04976342
2014-09-12 00:00:00,0.2299036063715829,0.0033916626
2014-09-12 01:00:00,0.2628201239710824,-0.05193796
2014-09-12 02:00:00,0.3835140218359135,0.088273786
2014-09-12 03:00:00,0.5151800922339111,0.11106112
2014-09-12 04:00:00,-0.1980111224219093,0.13322777
2014-09-12 05:00:00,-0.4393989181515716,0.121927835
2014-09-12 06:00:00,-0.4393989181515716,0.13390492
2014-09-12 07:00:00,-0.5271762984169034,0.14891382
2014-09-12 08:00:00,-0.5052319533505705,0.14018045
2014-09-12 09:00:00,-0.4503710906847381,0.059397034
2014-09-12 10:00:00,-0.4503710906847381,0.0693552
2014-09-12 11:00:00,-0.2857885026872411,0.03642968
2014-09-12 12:00:00,-0.3516215378862399,0.09868524
2014-09-12 13:00:00,-0.3845380554857393,-0.15867622
2014-09-12 14:00:00,-0.3516215378862399,-0.24293874
2014-09-12 15:00:00,-0.6039815061490686,-0.2578872
2014-09-12 16:00:00,-0.7027310589475669,-0.01910094
2014-09-12 17:00:00,-0.4064824005520722,0.039822735
2014-09-12 18:00:00,-0.5052319533505705,0.06942988
2014-09-12 19:00:00,-0.5710649885495693,0.016527722
2014-09-12 20:00:00,-0.472315435751071,-0.0039188173
2014-09-12 21:00:00,-0.4613432632179046,0.14035259
2014-09-12 22:00:00,-0.4064824005520722,-0.029940119
2014-09-12 23:00:00,-0.5381484709500699,-0.07777008
2014-09-13 00:00:00,-0.5271762984169034,-0.036479138
2014-09-13 01:00:00,-0.5491206434832363,0.15625085
2014-09-13 02:00:00,-0.5052319533505705,0.23022999
2014-09-13 03:00:00,-0.4174545730852387,0.28797007
2014-09-13 04:00:00,-0.3955102280189058,-0.05909308
2014-09-13 05:00:00,0.0872653634404188,-0.016032359
2014-09-13 06:00:00,-0.0553728794907452,0.010336766
2014-09-13 07:00:00,-0.0773172245570781,-0.003744742
2014-09-13 08:00:00,-0.0663450520239117,-0.082825415
2014-09-13 09:00:00,-0.0444007069575787,-0.08021944
2014-09-13 10:00:00,-0.5381484709500699,-0.08682861
2014-09-13 11:00:00,-0.4393989181515716,0.038300343
2014-09-13 12:00:00,-0.5491206434832363,0.032991298
2014-09-13 13:00:00,-0.5930093336159022,0.048018016
2014-09-13 14:00:00,-0.6698145413480675,0.06603784
2014-09-13 15:00:00,-0.680786713881234,-0.077482514
2014-09-13 16:00:00,-0.5820371610827357,-0.15877913
2014-09-13 17:00:00,-0.5930093336159022,-0.110170655
2014-09-13 18:00:00,-0.5710649885495693,-0.13989003
2014-09-13 19:00:00,-0.516204125883737,-0.15817022
2014-09-13 20:00:00,-0.3625937104194063,-0.12651436
2014-09-13 21:00:00,-0.4284267456184051,-0.13002373
2014-09-13 22:00:00,-0.2967606752204075,-0.11524018
2014-09-13 23:00:00,-0.2309276400214087,-0.033053063
2014-09-14 00:00:00,-0.2857885026872411,-0.08613796
2014-09-14 01:00:00,-0.3187050202867404,-0.11806133
2014-09-14 02:00:00,-0.2638441576209081,-0.2978136
2014-09-14 03:00:00,-0.2748163301540746,-0.34642875
2014-09-14 04:00:00,-0.2418998125545752,-0.08325835
2014-09-14 05:00:00,-0.1541224322892434,0.12307096
2014-09-14 06:00:00,-0.0553728794907452,-0.12640424
2014-09-14 07:00:00,0.0653210183740859,-0.20129949
2014-09-14 08:00:00,-0.2309276400214087,0.04210066
2014-09-14 09:00:00,-0.4064824005520722,0.022826413
2014-09-14 10:00:00,-0.5600928160164028,-0.120381705
2014-09-14 11:00:00,-0.8014806117460651,-0.1456062
2014-09-14 12:00:00,-0.9770353722767288,-0.18064444
2014-09-14 13:00:00,-0.9880075448098952,-0.21724506
2014-09-14 14:00:00,-1.0318962349425609,-0.26748192
2014-09-14 15:00:00,-0.9770353722767288,-0.27200872
2014-09-14 16:00:00,-0.966063199743562,-0.24328344
2014-09-14 17:00:00,-0.9550910272103956,-0.26197684
2014-09-14 18:00:00,-0.9880075448098952,-0.25690788
2014-09-14 19:00:00,-0.9331466821440628,-0.22154064
2014-09-14 20:00:00,-0.845369301878731,-0.19063261
2014-09-14 21:00:00,-0.7246754040138998,-0.1834356
2014-09-14 22:00:00,-0.7027310589475669,-0.0031089392
2014-09-14 23:00:00,-0.6368980237485681,0.058030672
2014-09-15 00:00:00,-0.6368980237485681,0.06511108
2014-09-15 01:00:00,-0.5820371610827357,-0.015829762
2014-09-15 02:00:00,-0.5820371610827357,0.08334347
2014-09-15 03:00:00,-0.7905084392128987,0.025520423
2014-09-15 04:00:00,-0.8782858194782304,-0.17382334
2014-09-15 05:00:00,-0.845369301878731,-0.2339466
2014-09-15 06:00:00,-0.9221745096108964,0.03652843
2014-09-15 07:00:00,-0.9221745096108964,-0.01634278
2014-09-15 08:00:00,-0.9331466821440628,-0.127097
2014-09-15 09:00:00,-0.9770353722767288,-0.3016029
2014-09-15 10:00:00,-0.9770353722767288,-0.38154396
2014-09-15 11:00:00,-1.0209240624093945,-0.48467478
2014-09-15 12:00:00,-1.053840580008894,-0.5534478
2014-09-15 13:00:00,-1.0648127525420603,-0.5743384
2014-09-15 14:00:00,-1.0318962349425609,-0.600897
2014-09-15 15:00:00,-1.009951889876228,-0.4968704
2014-09-15 16:00:00,-1.0318962349425609,-0.4847833
2014-09-15 17:00:00,-0.9770353722767288,-0.27416164
2014-09-15 18:00:00,-0.9221745096108964,-0.18998627
2014-09-15 19:00:00,-0.9002301645445634,-0.2135558
2014-09-15 20:00:00,-0.8782858194782304,-0.35703027
2014-09-15 21:00:00,-0.823424956812398,-0.20150034
2014-09-15 22:00:00,-0.8782858194782304,-0.0821499
2014-09-15 23:00:00,-0.8124527842792316,-0.27874053
2014-09-16 00:00:00,-0.7685640941465657,-0.2516507
2014-09-16 01:00:00,-0.7246754040138998,-0.056927867
2014-09-16 02:00:00,-0.7685640941465657,-0.17628118
2014-09-16 03:00:00,-0.516204125883737,-0.26372942
2014-09-16 04:00:00,-0.5600928160164028,-0.287432
2014-09-16 05:00:00,-0.7356475765470664,-0.2853248
2014-09-16 06:00:00,-0.9002301645445634,-0.32732758
2014-09-16 07:00:00,-0.9166884233443132,-0.35542953
2014-09-16 08:00:00,-0.9331466821440628,-0.37854356
2014-09-16 09:00:00,-0.8782858194782304,-0.43456057
2014-09-16 10:00:00,-0.823424956812398,-0.39783695
2014-09-16 11:00:00,-0.8892579920113969,-0.40800735
2014-09-16 12:00:00,-0.8563414744118975,-0.42131937
2014-09-16 13:00:00,-0.7685640941465657,-0.2550785
2014-09-16 14:00:00,-0.6039815061490686,-0.3720901
2014-09-16 15:00:00,-0.3406493653530734,-0.4222638
2014-09-16 16:00:00,-0.1102337421565775,-0.4527052
2014-09-16 17:00:00,-0.0224563618912458,-0.3637359
2014-09-16 18:00:00,-0.0773172245570781,-0.33490688
2014-09-16 19:00:00,-0.3955102280189058,-0.3011688
2014-09-16 20:00:00,-0.4393989181515716,-0.27304703
2014-09-16 21:00:00,-0.4832876082842375,-0.24736951
2014-09-16 22:00:00,-0.4832876082842375,-0.27590463
2014-09-16 23:00:00,-0.3516215378862399,-0.09804798
2014-09-17 00:00:00,-0.4832876082842375,-0.11702224
2014-09-17 01:00:00,-0.7685640941465657,-0.029936215
2014-09-17 02:00:00,-0.823424956812398,-0.25612748
2014-09-17 03:00:00,-0.9221745096108964,0.012281844
2014-09-17 04:00:00,-0.9880075448098952,-0.10529151
2014-09-17 05:00:00,-0.9550910272103956,-0.18491603
2014-09-17 06:00:00,-0.8892579920113969,-0.24674843
2014-09-17 07:00:00,-0.823424956812398,-0.088698946
2014-09-17 08:00:00,-0.8563414744118975,-0.2282945
2014-09-17 09:00:00,-0.9002301645445634,-0.32899767
2014-09-17 10:00:00,-0.8892579920113969,-0.3581748
2014-09-17 11:00:00,-0.7795362666797322,-0.3971053
2014-09-17 12:00:00,-0.6149536786822352,-0.23225437
2014-09-17 13:00:00,-0.2748163301540746,-0.09708472
2014-09-17 14:00:00,-0.4393989181515716,0.008773217
2014-09-17 15:00:00,-0.4393989181515716,0.023547197
2014-09-17 16:00:00,-0.4393989181515716,0.19581194
2014-09-17 17:00:00,-0.680786713881234,-0.00627861
2014-09-17 18:00:00,-0.7137032314807333,0.17262723
2014-09-17 19:00:00,-0.7466197490802328,0.05395239
2014-09-17 20:00:00,-0.6478701962817346,0.023100624
2014-09-17 21:00:00,-0.5600928160164028,0.00043151714
2014-09-17 22:00:00,-0.5600928160164028,-0.0019704904
2014-09-17 23:00:00,-0.494259780817404,0.023171643
2014-09-18 00:00:00,-0.4832876082842375,-0.02086093
2014-09-18 01:00:00,-0.4174545730852387,-0.11875648
2014-09-18 02:00:00,-0.2199554674882422,0.008252481
2014-09-18 03:00:00,-0.0114841893580793,-0.27386248
2014-09-18 04:00:00,0.0433766733077529,-0.101649456
2014-09-18 05:00:00,-0.0114841893580793,-0.12086146
2014-09-18 06:00:00,-0.0334285344244122,-0.092508905
2014-09-18 07:00:00,0.0872653634404188,-0.08816711
2014-09-18 08:00:00,-0.0114841893580793,0.0058648977
2014-09-18 09:00:00,0.20795926130525,0.032999553
2014-09-18 10:00:00,-0.0773172245570781,-0.19940272
2014-09-18 11:00:00,-0.2418998125545752,0.027410874
2014-09-18 12:00:00,-0.3625937104194063,0.10130752
2014-09-18 13:00:00,-0.3406493653530734,0.19399785
2014-09-18 14:00:00,-0.5381484709500699,0.14492062
2014-09-18 15:00:00,-0.6478701962817346,0.054419525
2014-09-18 16:00:00,-0.7246754040138998,-0.0031138267
2014-09-18 17:00:00,-0.867313646945064,-0.07540845
2014-09-18 18:00:00,-0.8014806117460651,-0.0932074
2014-09-18 19:00:00,-0.7246754040138998,-0.08710299
2014-09-18 20:00:00,-0.6917588864144004,-0.06056302
2014-09-18 21:00:00,-0.5381484709500699,0.0760249
2014-09-18 22:00:00,-0.4284267456184051,0.040357895
2014-09-18 23:00:00,-0.4064824005520722,0.12558056
2014-09-19 00:00:00,-0.4503710906847381,-0.08906629
2014-09-19 01:00:00,-0.329677192819907,-0.1324083
2014-09-19 02:00:00,-0.2418998125545752,0.13741331
2014-09-19 03:00:00,-0.1760667773555763,0.28867382
2014-09-19 04:00:00,-0.0334285344244122,0.17007504
2014-09-19 05:00:00,0.1092097085067518,0.11138757
2014-09-19 06:00:00,0.0653210183740859,0.07959541
2014-09-19 07:00:00,-0.0882893970902446,0.08650728
2014-09-19 08:00:00,0.1092097085067518,0.04048533
2014-09-19 09:00:00,0.2299036063715829,0.06947041
2014-09-19 10:00:00,0.39448619436908,0.0050422642
2014-09-19 11:00:00,0.5480966098334106,0.103169434
2014-09-19 12:00:00,0.1969870887720835,-0.09559592
2014-09-19 13:00:00,-0.0992615696234111,0.017939458
2014-09-19 14:00:00,-0.1541224322892434,-0.10678711
2014-09-19 15:00:00,-0.3625937104194063,-0.17637287
2014-09-19 16:00:00,-0.4393989181515716,-0.20429769
2014-09-19 17:00:00,-0.516204125883737,-0.2411863
2014-09-19 18:00:00,-0.516204125883737,-0.21908684
2014-09-19 19:00:00,-0.2748163301540746,-0.17886196
2014-09-19 20:00:00,-0.0334285344244122,-0.15136687
2014-09-19 21:00:00,0.0543488458409194,-0.12360091
2014-09-19 22:00:00,0.20795926130525,-0.10220521
2014-09-19 23:00:00,0.4383748845017459,-0.101088636
2014-09-20 00:00:00,0.4822635746344118,-0.07473574
2014-09-20 01:00:00,0.4493470570349123,-0.030744037
2014-09-20 02:00:00,0.4932357471675782,-0.18698643
2014-09-20 03:00:00,0.4603192295680788,0.017637054
2014-09-20 04:00:00,0.4493470570349123,-0.15160207
2014-09-20 05:00:00,0.39448619436908,-0.16393326
2014-09-20 06:00:00,0.3067088141037483,-0.20024993
2014-09-20 07:00:00,0.1092097085067518,-0.2577694
2014-09-20 08:00:00,0.1750427437057506,-0.059061356
2014-09-20 09:00:00,0.2518479514379159,0.016489485
2014-09-20 10:00:00,0.2957366415705817,0.082548894
2014-09-20 11:00:00,0.2628201239710824,0.2074662
2014-09-20 12:00:00,0.1640705711725841,0.1376891
2014-09-20 13:00:00,0.186014916238917,-0.03853283
2014-09-20 14:00:00,0.1421262261062512,-0.08795714
2014-09-20 15:00:00,-0.121205914689744,-0.16770098
2014-09-20 16:00:00,-0.0553728794907452,-0.193547
2014-09-20 17:00:00,-0.2418998125545752,-0.21956287
2014-09-20 18:00:00,0.4383748845017459,-0.36553478
2014-09-20 19:00:00,0.58101312743291,-0.16426955
2014-09-20 20:00:00,0.6468461626319087,-0.23319902
2014-09-20 21:00:00,0.8772617858284046,0.019260148
2014-09-20 22:00:00,1.096705236491734,0.12717791
2014-09-20 23:00:00,1.4039260674203953,-0.048155464
2014-09-21 00:00:00,1.4148982399535617,0.16376753
2014-09-21 01:00:00,1.096705236491734,-0.053402744
2014-09-21 02:00:00,0.5042079197007447,0.16888015
2014-09-21 03:00:00,0.3615696767695806,0.1898943
2014-09-21 04:00:00,0.2737922965042488,0.21654217
2014-09-21 05:00:00,-0.2309276400214087,0.22210674
2014-09-21 06:00:00,-0.2199554674882422,0.04975725
2014-09-21 07:00:00,-0.307732847753574,0.12849258
2014-09-21 08:00:00,-0.4503710906847381,-0.01363205
2014-09-21 09:00:00,-0.4064824005520722,-0.0509563
2014-09-21 10:00:00,-0.3955102280189058,0.097529806
2014-09-21 11:00:00,-0.5271762984169034,0.11751465
2014-09-21 12:00:00,-0.3625937104194063,0.090827264
2014-09-21 13:00:00,-0.2418998125545752,0.112198
2014-09-21 14:00:00,-0.121205914689744,0.016869033
2014-09-21 15:00:00,-0.1321780872229105,0.0071999524
2014-09-21 16:00:00,-0.0444007069575787,0.032043703
2014-09-21 17:00:00,-0.0005120168249128,-0.085961185
2014-09-21 18:00:00,-0.0773172245570781,0.19847022
2014-09-21 19:00:00,-0.1650946048224099,0.19938295
2014-09-21 20:00:00,-0.1321780872229105,0.31795257
2014-09-21 21:00:00,-0.1980111224219093,0.31706336
2014-09-21 22:00:00,-0.2199554674882422,0.34969223
2014-09-21 23:00:00,-0.4503710906847381,0.4525288
2014-09-22 00:00:00,-0.2748163301540746,0.44736198
2014-09-22 01:00:00,-0.2528719850877416,0.37204313
2014-09-22 02:00:00,-0.329677192819907,0.19486032
2014-09-22 03:00:00,-0.2199554674882422,0.2362637
2014-09-22 04:00:00,-0.2089832949550758,0.24105977
2014-09-22 05:00:00,-0.2309276400214087,0.11577732
2014-09-22 06:00:00,-0.121205914689744,0.05093295
2014-09-22 07:00:00,0.0653210183740859,0.08575412
2014-09-22 08:00:00,0.1311540535730847,-0.005836716
2014-09-22 09:00:00,0.1969870887720835,0.06786857
2014-09-22 10:00:00,0.2189314338384165,0.08365709
2014-09-22 11:00:00,0.20795926130525,-0.051637284
2014-09-22 12:00:00,0.2957366415705817,-0.03629195
2014-09-22 13:00:00,0.3067088141037483,-0.027490666
2014-09-22 14:00:00,0.3835140218359135,0.013097653
2014-09-22 15:00:00,0.3615696767695806,0.0027229283
2014-09-22 16:00:00,0.2628201239710824,0.016014406
2014-09-22 17:00:00,0.1311540535730847,0.04172168
2014-09-22 18:00:00,0.0762931909072524,0.0014655981
2014-09-22 19:00:00,0.0982375359735853,-0.015838375
2014-09-22 20:00:00,0.0872653634404188,-0.009691438
2014-09-22 21:00:00,0.20795926130525,-0.038472317
2014-09-22 22:00:00,0.186014916238917,-0.060627498
2014-09-22 23:00:00,0.2189314338384165,-0.13011071
2014-09-23 00:00:00,0.2518479514379159,-0.10117846
2014-09-23 01:00:00,0.1530983986394176,0.036838062
2014-09-23 02:00:00,0.0982375359735853,0.067793585
2014-09-23 03:00:00,-0.0444007069575787,0.030346105
2014-09-23 04:00:00,0.02143232824142,0.016647497
2014-09-23 05:00:00,-0.0553728794907452,0.007579455
2014-09-23 06:00:00,-0.2089832949550758,0.14253692
2014-09-23 07:00:00,-0.2967606752204075,0.22587226
2014-09-23 08:00:00,-0.4064824005520722,0.2740383
2014-09-23 09:00:00,-0.6039815061490686,0.23111735
2014-09-23 10:00:00,-0.5381484709500699,0.039967544
2014-09-23 11:00:00,-0.658842368814901,-0.029275632
2014-09-23 12:00:00,-0.7027310589475669,-0.043575875
2014-09-23 13:00:00,-0.7246754040138998,-0.0773431
2014-09-23 14:00:00,-0.8343971293455645,-0.09470456
2014-09-23 15:00:00,-0.8014806117460651,-0.11756056
2014-09-23 16:00:00,-0.7411336628136496,-0.17139618
2014-09-23 17:00:00,-0.680786713881234,-0.10988089
2014-09-23 18:00:00,-0.6368980237485681,-0.10525373
2014-09-23 19:00:00,-0.5600928160164028,-0.16339678
2014-09-23 20:00:00,-0.4832876082842375,-0.10025578
2014-09-23 21:00:00,-0.2748163301540746,-0.05255749
2014-09-23 22:00:00,-0.3516215378862399,-0.048159994
2014-09-23 23:00:00,-0.1321780872229105,0.15165268
2014-09-24 00:00:00,-0.5491206434832363,-0.03533212
2014-09-24 01:00:00,-0.680786713881234,-0.12744303
2014-09-24 02:00:00,-0.680786713881234,-0.082790844
2014-09-24 03:00:00,-0.5930093336159022,-0.12091453
2014-09-24 04:00:00,-0.7137032314807333,-0.1061322
2014-09-24 05:00:00,-0.8782858194782304,-0.11751627
2014-09-24 06:00:00,-0.9989797173430616,-0.1640865
2014-09-24 07:00:00,-0.9770353722767288,-0.20449565
2014-09-24 08:00:00,-0.9112023370777298,-0.25354365
2014-09-24 09:00:00,-0.8563414744118975,-0.30902424
2014-09-24 10:00:00,-0.9550910272103956,-0.28618535
2014-09-24 11:00:00,-0.9112023370777298,-0.39027303
2014-09-24 12:00:00,-0.9441188546772292,-0.34692755
2014-09-24 13:00:00,-0.9221745096108964,-0.42254603
2014-09-24 14:00:00,-0.9441188546772292,-0.22932099
2014-09-24 15:00:00,-0.9770353722767288,-0.14915152
2014-09-24 16:00:00,-0.9880075448098952,-0.10159778
2014-09-24 17:00:00,-0.9880075448098952,-0.14874502
2014-09-24 18:00:00,-0.7575919216133993,-0.05921986
2014-09-24 19:00:00,-0.6698145413480675,-0.0030292477
2014-09-24 20:00:00,-0.4832876082842375,-0.049069755
2014-09-24 21:00:00,-0.4284267456184051,-0.0014425721
2014-09-24 22:00:00,-0.3955102280189058,-0.034498654
2014-09-24 23:00:00,0.0104601557082535,-0.15711556
2014-09-25 00:00:00,0.1201818810399182,-0.049934484
2014-09-25 01:00:00,-0.1980111224219093,-0.2893336
2014-09-25 02:00:00,-0.1760667773555763,-0.36195397
2014-09-25 03:00:00,-0.121205914689744,-0.3804734
2014-09-25 04:00:00,-0.0992615696234111,-0.431002
2014-09-25 05:00:00,-0.2089832949550758,-0.40578842
2014-09-25 06:00:00,0.0324045007745865,-0.25183403
2014-09-25 07:00:00,-0.0114841893580793,-0.33935603
2014-09-25 08:00:00,0.0543488458409194,-0.34321395
2014-09-25 09:00:00,0.2299036063715829,-0.32910582
2014-09-25 10:00:00,0.4274027119685794,-0.43959844
2014-09-25 11:00:00,0.4493470570349123,-0.2908284
2014-09-25 12:00:00,0.5261522647670777,-0.19402514
2014-09-25 13:00:00,0.745595715430407,-0.1401567
2014-09-25 14:00:00,0.6249018175655758,-0.14967933
2014-09-25 15:00:00,0.6468461626319087,-0.252389
2014-09-25 16:00:00,0.5590687823665771,-0.2036967
2014-09-25 17:00:00,0.4054583669022464,-0.25436574
2014-09-25 18:00:00,0.3067088141037483,-0.19815986
2014-09-25 19:00:00,0.4822635746344118,-0.17505972
2014-09-25 20:00:00,0.5151800922339111,-0.10749044
2014-09-25 21:00:00,0.6249018175655758,-0.08711078
2014-09-25 22:00:00,0.4932357471675782,-0.054138415
2014-09-25 23:00:00,-0.2857885026872411,0.16857193
2014-09-26 00:00:00,-0.4393989181515716,0.1567664
2014-09-26 01:00:00,-0.2748163301540746,0.089410104
2014-09-26 02:00:00,-0.1541224322892434,0.099531405
2014-09-26 03:00:00,-0.1431502597560769,0.20975535
2014-09-26 04:00:00,-0.0114841893580793,0.25361383
2014-09-26 05:00:00,-0.0444007069575787,-0.013155928
2014-09-26 06:00:00,0.0762931909072524,0.21138288
2014-09-26 07:00:00,0.1201818810399182,0.27229625
2014-09-26 08:00:00,0.2189314338384165,0.059514813
2014-09-26 09:00:00,0.2299036063715829,0.043326803
2014-09-26 10:00:00,0.2847644690374153,0.33737296
2014-09-26 11:00:00,0.3286531591700812,0.30302778
2014-09-26 12:00:00,0.2518479514379159,0.31063414
2014-09-26 13:00:00,0.3176809866369147,0.34456223
2014-09-26 14:00:00,0.5042079197007447,0.30145016
2014-09-26 15:00:00,0.6029574724992429,0.39779744
2014-09-26 16:00:00,1.0199000287595688,0.30953312
2014-09-26 17:00:00,1.0308722012927352,0.24049605
2014-09-26 18:00:00,1.1296217540912334,0.20090054
2014-09-26 19:00:00,1.283232169555564,0.23025154
2014-09-26 20:00:00,1.305176514621897,0.06649674
2014-09-26 21:00:00,1.0528165463590682,0.20757838
2014-09-26 22:00:00,0.7236513703640741,0.1957935
2014-09-26 23:00:00,0.5371244373002441,-0.037885748
2014-09-27 00:00:00,0.20795926130525,-0.1140176
2014-09-27 01:00:00,0.3505975042364141,-0.071934156
2014-09-27 02:00:00,-0.4284267456184051,-0.05031199
2014-09-27 03:00:00,-0.9989797173430616,0.04575602
2014-09-27 04:00:00,-0.9989797173430616,0.020661334
2014-09-27 05:00:00,-0.6368980237485681,0.016234735
2014-09-27 06:00:00,-0.6259258512154017,0.011618892
2014-09-27 07:00:00,-0.5381484709500699,0.019699136
2014-09-27 08:00:00,-0.7905084392128987,0.053129353
2014-09-27 09:00:00,-0.8124527842792316,0.056164287
2014-09-27 10:00:00,-0.9441188546772292,0.042302243
2014-09-27 11:00:00,-0.9331466821440628,0.02751916
2014-09-27 12:00:00,-0.9880075448098952,-0.017928323
2014-09-27 13:00:00,-1.0318962349425609,-0.03563521
2014-09-27 14:00:00,-0.9880075448098952,0.1073303
2014-09-27 15:00:00,-0.9880075448098952,0.1777484
2014-09-27 16:00:00,-0.9112023370777298,0.06802193
2014-09-27 17:00:00,-0.9221745096108964,0.2842579
2014-09-27 18:00:00,-0.8563414744118975,0.20788895
2014-09-27 19:00:00,-0.7466197490802328,0.2313688
2014-09-27 20:00:00,-0.5052319533505705,0.2332427
2014-09-27 21:00:00,-0.5271762984169034,0.35088873
2014-09-27 22:00:00,-0.4503710906847381,0.12830208
2014-09-27 23:00:00,-0.4503710906847381,0.05334861
2014-09-28 00:00:00,-0.2528719850877416,-0.11485907
2014-09-28 01:00:00,-0.1870389498887428,-0.1261611
2014-09-28 02:00:00,-0.1870389498887428,-0.25713044
2014-09-28 03:00:00,-0.3735658829525728,-0.43847114
2014-09-28 04:00:00,-0.4503710906847381,-0.27788156
2014-09-28 05:00:00,-0.5600928160164028,-0.29004702
2014-09-28 06:00:00,-0.4613432632179046,-0.29978895
2014-09-28 07:00:00,-0.4284267456184051,-0.28122672
2014-09-28 08:00:00,-0.4064824005520722,-0.36083096
2014-09-28 09:00:00,-0.3187050202867404,-0.47471526
2014-09-28 10:00:00,-0.1980111224219093,-0.5457163
2014-09-28 11:00:00,-0.1431502597560769,-0.5842457
2014-09-28 12:00:00,-0.0224563618912458,-0.36084354
2014-09-28 13:00:00,0.0104601557082535,-0.31970155
2014-09-28 14:00:00,-0.3406493653530734,-0.38366953
2014-09-28 15:00:00,-0.4174545730852387,-0.31137824
2014-09-28 16:00:00,-0.6039815061490686,-0.3399631
2014-09-28 17:00:00,-0.516204125883737,-0.36044192
2014-09-28 18:00:00,-0.5930093336159022,-0.22459544
2014-09-28 19:00:00,-0.472315435751071,-0.14161861
2014-09-28 20:00:00,-0.516204125883737,-0.051222138
2014-09-28 21:00:00,-0.5381484709500699,-0.29856136
2014-09-28 22:00:00,-0.4613432632179046,-0.32085016
2014-09-28 23:00:00,-0.2748163301540746,-0.34318715
2014-09-29 00:00:00,-0.2748163301540746,-0.11683007
2014-09-29 01:00:00,-0.2309276400214087,-0.027541792
2014-09-29 02:00:00,-0.0334285344244122,0.08963766
2014-09-29 03:00:00,0.0543488458409194,0.10418325
2014-09-29 04:00:00,0.0543488458409194,-0.15584719
2014-09-29 05:00:00,0.0762931909072524,-0.2688035
2014-09-29 06:00:00,0.0324045007745865,-0.021392396
2014-09-29 07:00:00,0.02143232824142,0.05800522
2014-09-29 08:00:00,-0.0334285344244122,-0.06951607
2014-09-29 09:00:00,-0.0114841893580793,0.09438225
2014-09-29 10:00:00,-0.1650946048224099,0.17678557
2014-09-29 11:00:00,-0.2528719850877416,0.13958563
2014-09-29 12:00:00,-0.9112023370777298,0.12554313
2014-09-29 13:00:00,-0.9550910272103956,0.105087765
2014-09-29 14:00:00,-0.9880075448098952,-0.008392533
2014-09-29 15:00:00,-0.9880075448098952,-0.075426854
2014-09-29 16:00:00,-0.966063199743562,-0.13667727
2014-09-29 17:00:00,-0.9550910272103956,-0.120462336
2014-09-29 18:00:00,-0.966063199743562,-0.14053525
2014-09-29 19:00:00,-0.966063199743562,-0.13530627
2014-09-29 20:00:00,-0.9441188546772292,-0.138204
2014-09-29 21:00:00,-0.867313646945064,-0.014336934
2014-09-29 22:00:00,-0.9112023370777298,0.0405832
2014-09-29 23:00:00,-0.845369301878731,0.12085692
2014-09-30 00:00:00,-0.8124527842792316,-0.13577048
2014-09-30 01:00:00,-0.8782858194782304,-0.21486805
2014-09-30 02:00:00,-0.8343971293455645,0.049257107
2014-09-30 03:00:00,-0.8563414744118975,0.12622827
2014-09-30 04:00:00,-0.9112023370777298,0.17981838
2014-09-30 05:00:00,-0.9112023370777298,0.06432868
2014-09-30 06:00:00,-0.8782858194782304,0.17536913
2014-09-30 07:00:00,-0.9550910272103956,0.032231964
2014-09-30 08:00:00,-0.9002301645445634,-0.112941466
2014-09-30 09:00:00,-0.9331466821440628,-0.06821304
2014-09-30 10:00:00,-0.9112023370777298,-0.23407127
2014-09-30 11:00:00,-0.845369301878731,-0.30338085
2014-09-30 12:00:00,-0.8563414744118975,-0.5143604
2014-09-30 13:00:00,-0.9221745096108964,-0.5783805
2014-09-30 14:00:00,-0.8563414744118975,-0.59105915
2014-09-30 15:00:00,-0.867313646945064,-0.39756852
2014-09-30 16:00:00,-0.845369301878731,-0.49618793
2014-09-30 17:00:00,-0.8782858194782304,-0.51120436
2014-09-30 18:00:00,-0.8124527842792316,-0.514772
2014-09-30 19:00:00,-0.7575919216133993,-0.31074288
2014-09-30 20:00:00,-0.6149536786822352,-0.2083103
2014-09-30 21:00:00,-0.516204125883737,-0.15078564
2014-09-30 22:00:00,-0.472315435751071,-0.14086956
2014-09-30 23:00:00,-0.4393989181515716,-0.11159206
2014-10-01 00:00:00,-0.2418998125545752,-0.06230692
2014-10-01 01:00:00,-0.1650946048224099,-0.0500023
2014-10-01 02:00:00,-0.1870389498887428,-0.052794836
2014-10-01 03:00:00,-0.121205914689744,-0.064189814
2014-10-01 04:00:00,-0.2199554674882422,-0.08617797
2014-10-01 05:00:00,-0.2199554674882422,-0.081816785
2014-10-01 06:00:00,-0.3406493653530734,-0.08085393
2014-10-01 07:00:00,-0.4613432632179046,-0.09665414
2014-10-01 08:00:00,-0.4174545730852387,0.049173333
2014-10-01 09:00:00,-0.2967606752204075,0.07199914
2014-10-01 10:00:00,-0.2528719850877416,0.10575593
2014-10-01 11:00:00,-0.1102337421565775,0.045710035
2014-10-01 12:00:00,-0.0992615696234111,0.03681258
2014-10-01 13:00:00,-0.0444007069575787,0.09883053
2014-10-01 14:00:00,-0.3187050202867404,0.041165568
2014-10-01 15:00:00,-0.2528719850877416,0.085880555
2014-10-01 16:00:00,-0.2638441576209081,0.018282184
2014-10-01 17:00:00,-0.0005120168249128,-0.0021540131
2014-10-01 18:00:00,-0.0005120168249128,0.010306427
2014-10-01 19:00:00,-0.0334285344244122,-0.0007417109
2014-10-01 20:00:00,-0.0773172245570781,0.032830037
2014-10-01 21:00:00,-0.1321780872229105,0.14968114
2014-10-01 22:00:00,-0.1980111224219093,0.18657948
2014-10-01 23:00:00,-0.1541224322892434,0.10387296
2014-10-02 00:00:00,-0.1980111224219093,0.13782442
2014-10-02 01:00:00,-0.3406493653530734,0.23041765
2014-10-02 02:00:00,-0.3735658829525728,-0.024346253
2014-10-02 03:00:00,-0.4503710906847381,0.07943312
2014-10-02 04:00:00,-0.4174545730852387,0.07819415
2014-10-02 05:00:00,-0.2967606752204075,0.16567288
2014-10-02 06:00:00,-0.2199554674882422,0.1593823
2014-10-02 07:00:00,-0.2857885026872411,0.1380178
2014-10-02 08:00:00,-0.2309276400214087,0.1279514
2014-10-02 09:00:00,-0.3955102280189058,0.15605359
2014-10-02 10:00:00,-0.4284267456184051,0.08344302
2014-10-02 11:00:00,-0.2748163301540746,0.019015053
2014-10-02 12:00:00,-0.3955102280189058,-0.10124772
2014-10-02 13:00:00,-0.6698145413480675,-0.0600427
2014-10-02 14:00:00,-0.7575919216133993,-0.12365758
2014-10-02 15:00:00,-0.8014806117460651,-0.12773244
2014-10-02 16:00:00,-0.867313646945064,-0.1475919
2014-10-02 17:00:00,-0.8014806117460651,-0.08322086
2014-10-02 18:00:00,-0.7356475765470664,-0.08270394
2014-10-02 19:00:00,-0.4393989181515716,0.09483845
2014-10-02 20:00:00,-0.2309276400214087,-0.03238099
2014-10-02 21:00:00,-0.0773172245570781,-0.09184257
2014-10-02 22:00:00,0.3176809866369147,0.039404802
2014-10-02 23:00:00,0.3505975042364141,-0.07827913
2014-10-03 00:00:00,0.2299036063715829,-0.13053139
2014-10-03 01:00:00,0.1640705711725841,-0.21583141
2014-10-03 02:00:00,0.1421262261062512,-0.22439255
2014-10-03 03:00:00,0.3835140218359135,-0.2646266
2014-10-03 04:00:00,0.1640705711725841,-0.27586213
2014-10-03 05:00:00,0.5371244373002441,-0.26206803
2014-10-03 06:00:00,0.0982375359735853,-0.23198448
2014-10-03 07:00:00,-0.2967606752204075,-0.25147793
2014-10-03 08:00:00,-0.472315435751071,-0.24934126
2014-10-03 09:00:00,-0.516204125883737,-0.116748266
2014-10-03 10:00:00,-0.4503710906847381,-0.25126776
2014-10-03 11:00:00,-0.472315435751071,-0.06508047
2014-10-03 12:00:00,-0.1760667773555763,-0.22522497
2014-10-03 13:00:00,-0.0992615696234111,-0.16810031
2014-10-03 14:00:00,0.3615696767695806,-0.23939659
2014-10-03 15:00:00,0.7894844055630729,-0.18191339
2014-10-03 16:00:00,0.8992061308947376,-0.23998477
2014-10-03 17:00:00,1.1076774090249004,-0.2455986
2014-10-03 18:00:00,1.1735104442238993,-0.2105782
2014-10-03 19:00:00,1.0857330639585676,-0.12930812
2014-10-03 20:00:00,0.8443452682289052,0.045867167
2014-10-03 21:00:00,0.6687905076982418,0.05664014
2014-10-03 22:00:00,0.6139296450324094,0.15923004
2014-10-03 23:00:00,0.5700409548997435,0.19191404
2014-10-04 00:00:00,0.3286531591700812,0.26049435
2014-10-04 01:00:00,-0.0663450520239117,0.29742664
2014-10-04 02:00:00,-0.2089832949550758,0.05692742
2014-10-04 03:00:00,-0.2089832949550758,0.30592364
2014-10-04 04:00:00,-0.2418998125545752,0.30216292
2014-10-04 05:00:00,-0.3406493653530734,0.41186202
2014-10-04 06:00:00,-0.4503710906847381,0.14509161
2014-10-04 07:00:00,-0.494259780817404,-0.006208947
2014-10-04 08:00:00,-0.5052319533505705,-0.09068864
2014-10-04 09:00:00,-0.4613432632179046,0.039452173
2014-10-04 10:00:00,-0.4284267456184051,-0.0708436
2014-10-04 11:00:00,-0.2748163301540746,0.047380097
2014-10-04 12:00:00,-0.2418998125545752,0.16157533
2014-10-04 13:00:00,-0.0334285344244122,0.20390521
2014-10-04 14:00:00,0.0543488458409194,0.26212656
2014-10-04 15:00:00,0.0324045007745865,0.35669005
2014-10-04 16:00:00,-0.0005120168249128,0.40041187
2014-10-04 17:00:00,0.0762931909072524,0.4644619
2014-10-04 18:00:00,0.0982375359735853,0.3337093
2014-10-04 19:00:00,0.1750427437057506,0.5103419
2014-10-04 20:00:00,0.1311540535730847,0.47864893
2014-10-04 21:00:00,0.0104601557082535,0.4491337
2014-10-04 22:00:00,-0.2199554674882422,0.42906898
2014-10-04 23:00:00,-0.2528719850877416,0.3381716
2014-10-05 00:00:00,-0.2309276400214087,0.22663458
2014-10-05 01:00:00,-0.1541224322892434,0.095216624
2014-10-05 02:00:00,-0.307732847753574,0.048877276
2014-10-05 03:00:00,-0.329677192819907,0.013583848
2014-10-05 04:00:00,-0.3955102280189058,-0.012820652
2014-10-05 05:00:00,-0.3625937104194063,-0.062032305
2014-10-05 06:00:00,-0.4064824005520722,-0.071289815
2014-10-05 07:00:00,-0.5052319533505705,-0.06880424
2014-10-05 08:00:00,-0.5491206434832363,-0.0501697
2014-10-05 09:00:00,-0.867313646945064,-0.04692235
2014-10-05 10:00:00,-0.9770353722767288,-0.16654028
2014-10-05 11:00:00,-0.9880075448098952,-0.19612636
2014-10-05 12:00:00,-1.009951889876228,-0.055900864
2014-10-05 13:00:00,-1.0209240624093945,0.121354915
2014-10-05 14:00:00,-0.9880075448098952,0.08561104
2014-10-05 15:00:00,-0.966063199743562,-0.09487098
2014-10-05 16:00:00,-1.009951889876228,0.09350554
2014-10-05 17:00:00,-1.0318962349425609,0.16782346
2014-10-05 18:00:00,-0.9770353722767288,0.21893914
2014-10-05 19:00:00,-0.9112023370777298,0.16435015
2014-10-05 20:00:00,-0.8563414744118975,0.14836758
2014-10-05 21:00:00,-0.8014806117460651,0.119931854
2014-10-05 22:00:00,-0.6259258512154017,0.06460828
2014-10-05 23:00:00,-0.7246754040138998,0.055227704
2014-10-06 00:00:00,-0.6698145413480675,0.17058745
2014-10-06 01:00:00,-0.7466197490802328,0.15357377
2014-10-06 02:00:00,-0.7905084392128987,0.1995995
2014-10-06 03:00:00,-0.7905084392128987,0.12645738
2014-10-06 04:00:00,-0.8563414744118975,0.102708764
2014-10-06 05:00:00,-0.8014806117460651,-0.057358466
2014-10-06 06:00:00,-0.8563414744118975,-0.0256659
2014-10-06 07:00:00,-0.8563414744118975,-0.14887781
2014-10-06 08:00:00,-0.823424956812398,-0.11821275
2014-10-06 09:00:00,-0.867313646945064,-0.21356398
2014-10-06 10:00:00,-0.8563414744118975,-0.2680676
2014-10-06 11:00:00,-0.9002301645445634,-0.29507682
2014-10-06 12:00:00,-0.9002301645445634,-0.35195893
2014-10-06 13:00:00,-0.8563414744118975,-0.38308567
2014-10-06 14:00:00,-0.8782858194782304,-0.39711666
2014-10-06 15:00:00,-0.823424956812398,-0.45023412
2014-10-06 16:00:00,-0.8563414744118975,-0.49150658
2014-10-06 17:00:00,-0.823424956812398,-0.5231761
2014-10-06 18:00:00,-0.7356475765470664,-0.5209106
2014-10-06 19:00:00,-0.5491206434832363,-0.47001347
2014-10-06 20:00:00,-0.4284267456184051,-0.3359607
2014-10-06 21:00:00,-0.2857885026872411,-0.36061108
2014-10-06 22:00:00,-0.2309276400214087,-0.2227592
2014-10-06 23:00:00,-0.2528719850877416,-0.05505172
2014-10-07 00:00:00,-0.0992615696234111,0.046016313
2014-10-07 01:00:00,-0.0663450520239117,-0.10460583
2014-10-07 02:00:00,0.0762931909072524,0.022897312
2014-10-07 03:00:00,0.1530983986394176,-0.11462542
2014-10-07 04:00:00,0.0433766733077529,0.014445433
2014-10-07 05:00:00,-0.0773172245570781,-0.08005937
2014-10-07 06:00:00,-0.1650946048224099,-0.1138375
2014-10-07 07:00:00,-0.2748163301540746,-0.11822187
2014-10-07 08:00:00,-0.2748163301540746,-0.13316949
2014-10-07 09:00:00,-0.3735658829525728,-0.15872703
2014-10-07 10:00:00,-0.3735658829525728,-0.2393225
2014-10-07 11:00:00,-0.1980111224219093,-0.04143124
2014-10-07 12:00:00,0.0433766733077529,0.0026941393
2014-10-07 13:00:00,0.1969870887720835,-0.05635456
2014-10-07 14:00:00,0.4383748845017459,-0.083277605
2014-10-07 15:00:00,0.6358739900987423,-0.08428214
2014-10-07 16:00:00,0.8662896132952382,-0.097309135
2014-10-07 17:00:00,0.8992061308947376,-0.077407815
2014-10-07 18:00:00,0.9760113386269028,-0.039719693
2014-10-07 19:00:00,1.3161486871550634,0.0295221
2014-10-07 20:00:00,1.5904530004842252,0.0662275
2014-10-07 21:00:00,1.70017472581589,0.21982692
2014-10-07 22:00:00,2.0183677292777173,0.25517553
2014-10-07 23:00:00,2.4791989756707093,0.16559783
2014-10-08 00:00:00,2.2048946623415477,0.17074005
2014-10-08 01:00:00,2.07322859194355,0.17683472
2014-10-08 02:00:00,1.8537851412802204,0.038579904
2014-10-08 03:00:00,1.634341690616891,0.28049672
2014-10-08 04:00:00,1.447814757553061,0.13603191
2014-10-08 05:00:00,1.3380930322213964,0.07580403
2014-10-08 06:00:00,1.283232169555564,0.04110951
2014-10-08 07:00:00,1.2612878244892312,0.18565156
2014-10-08 08:00:00,1.5685086554178922,0.05032759
2014-10-08 09:00:00,1.3600373772877292,-0.09249287
2014-10-08 10:00:00,1.491703447685727,-0.15131237
2014-10-08 11:00:00,1.7111468983490563,0.107952006
2014-10-08 12:00:00,1.88670165887972,0.21680154
2014-10-08 13:00:00,1.820868623680721,0.28068805
2014-10-08 14:00:00,1.9744790391450515,0.37485486
2014-10-08 15:00:00,2.4133659404717105,0.35524538
2014-10-08 16:00:00,2.896141531931035,0.41323912
2014-10-08 17:00:00,3.104612810061198,0.43197715
2014-10-08 18:00:00,3.313084088191361,0.5560169
2014-10-08 19:00:00,3.247251052992362,0.690094
2014-10-08 20:00:00,3.4996110212551907,0.703822
2014-10-08 21:00:00,3.642249264186355,0.5371285
2014-10-08 22:00:00,3.642249264186355,0.8197854
2014-10-08 23:00:00,3.356972778324027,0.9986421
2014-10-09 00:00:00,3.1594736727270303,0.9658255
2014-10-09 01:00:00,2.940030222063701,0.93946904
2014-10-09 02:00:00,2.797391979132537,0.89812154
2014-10-09 03:00:00,2.731558943933538,0.65368444
2014-10-09 04:00:00,2.775447634066204,0.54699224
2014-10-09 05:00:00,2.687670253800872,0.50709116
2014-10-09 06:00:00,2.643781563668206,0.37818402
2014-10-09 07:00:00,2.5998928735355404,0.41423014
2014-10-09 08:00:00,2.6547537362013727,0.50618744
2014-10-09 09:00:00,2.6547537362013727,0.4801709
2014-10-09 10:00:00,2.566976355936041,0.6822074
2014-10-09 11:00:00,2.5998928735355404,0.66933745
2014-10-09 12:00:00,2.6657259087345397,0.5152418
2014-10-09 13:00:00,2.7425311164667043,0.68813246
2014-10-09 14:00:00,2.896141531931035,0.6761081
2014-10-09 15:00:00,2.994891084729533,0.7686809
2014-10-09 16:00:00,3.126557155127531,0.9839562
2014-10-09 17:00:00,3.2691953980586947,0.83439606
2014-10-09 18:00:00,3.620304919120022,0.8279945
2014-10-09 19:00:00,3.75197098951802,0.7894395
2014-10-09 20:00:00,3.762943162051186,1.0793525
2014-10-09 21:00:00,3.708082299385354,0.9537672
2014-10-09 22:00:00,3.5105831937883574,1.1420233
2014-10-09 23:00:00,3.883637059916017,1.1173699
2014-10-10 00:00:00,3.620304919120022,0.8281322
2014-10-10 01:00:00,3.247251052992362,0.9667822
2014-10-10 02:00:00,3.137529327660697,0.7258899
2014-10-10 03:00:00,3.016835429795866,0.651241
2014-10-10 04:00:00,2.676698081267705,0.8270992
2014-10-10 05:00:00,2.7205867714003715,0.6767482
2014-10-10 06:00:00,2.6108650460687066,0.72888505
2014-10-10 07:00:00,2.402393767938544,0.8981051
2014-10-10 08:00:00,2.457254630604376,0.79228014
2014-10-10 09:00:00,2.44628245807121,0.6897368
2014-10-10 10:00:00,2.5340598383365416,0.862851
2014-10-10 11:00:00,2.545032010869708,0.6598802
2014-10-10 12:00:00,2.501143320737042,0.8739921
2014-10-10 13:00:00,2.3036442151400456,0.92184895
2014-10-10 14:00:00,2.171978144742048,0.9825776
2014-10-10 15:00:00,1.8318407962138876,0.9287903
2014-10-10 16:00:00,1.7660077610148888,1.0159509
2014-10-10 17:00:00,1.5685086554178922,1.0847691
2014-10-10 18:00:00,1.7879521060812216,1.2074596
2014-10-10 19:00:00,2.215866834874714,1.2641231
2014-10-10 20:00:00,2.5340598383365416,1.1138967
2014-10-10 21:00:00,2.523087665803375,1.0599699
2014-10-10 22:00:00,2.2816998700737128,1.1504858
2014-10-10 23:00:00,2.4353102855380437,1.2740666
2014-10-11 00:00:00,2.501143320737042,1.2530776
2014-10-11 01:00:00,2.2268390074078805,1.0111736
2014-10-11 02:00:00,2.084200764476716,1.0342997
2014-10-11 03:00:00,2.380449422872211,1.0977385
2014-10-11 04:00:00,2.347532905272712,0.7708321
2014-10-11 05:00:00,1.8537851412802204,0.9739483
2014-10-11 06:00:00,1.1405939266243998,0.82005423
2014-10-11 07:00:00,1.283232169555564,0.6418406
2014-10-11 08:00:00,1.118649581558067,0.8790506
2014-10-11 09:00:00,1.0528165463590682,0.93266827
2014-10-11 10:00:00,1.425870412486728,0.8761471
2014-10-11 11:00:00,1.7111468983490563,0.8773758
2014-10-11 12:00:00,1.6014251730173916,0.9179563
2014-10-11 13:00:00,1.5685086554178922,0.78594834
2014-10-11 14:00:00,1.5026756202188931,0.7116191
2014-10-11 15:00:00,1.4587869300862275,0.60829645
2014-10-11 16:00:00,1.5246199652852264,0.55345887
2014-10-11 17:00:00,1.6782303807495569,0.49104443
2014-10-11 18:00:00,0.0872653634404188,0.37000617
2014-10-11 19:00:00,-0.867313646945064,0.6011202
2014-10-11 20:00:00,-0.9002301645445634,0.73626715
2014-10-11 21:00:00,-1.0428684074757275,0.7593891
2014-10-11 22:00:00,-1.0318962349425609,0.79130656
2014-10-11 23:00:00,-1.0209240624093945,0.8438743
2014-10-12 00:00:00,-1.009951889876228,0.799504
2014-10-12 01:00:00,-1.0428684074757275,0.73486704
2014-10-12 02:00:00,-1.0209240624093945,0.7735123
2014-10-12 03:00:00,-0.9989797173430616,0.8583786
2014-10-12 04:00:00,-0.9989797173430616,0.798666
2014-10-12 05:00:00,-0.9989797173430616,0.64339197
2014-10-12 06:00:00,-1.009951889876228,0.5375733
2014-10-12 07:00:00,-1.0209240624093945,0.49967125
2014-10-12 08:00:00,-1.053840580008894,0.4205082
2014-10-12 09:00:00,-1.0648127525420603,0.39094397
2014-10-12 10:00:00,-1.053840580008894,0.48111778
2014-10-12 11:00:00,-1.0318962349425609,0.5473259
2014-10-12 12:00:00,-1.0648127525420603,0.5140435
2014-10-12 13:00:00,-1.0428684074757275,0.58719903
2014-10-12 14:00:00,-1.0318962349425609,0.59862083
2014-10-12 15:00:00,-1.0318962349425609,0.43674093
2014-10-12 16:00:00,-1.053840580008894,0.42306674
2014-10-12 17:00:00,-1.0209240624093945,0.45426437
2014-10-12 18:00:00,-1.0318962349425609,0.01118193
2014-10-12 19:00:00,-1.0209240624093945,-0.31678626
2014-10-12 20:00:00,-0.9550910272103956,-0.39620614
2014-10-12 21:00:00,-1.009951889876228,-0.45764488
2014-10-12 22:00:00,-0.9880075448098952,-0.48111627
2014-10-12 23:00:00,-0.9880075448098952,-0.49052954
2014-10-13 00:00:00,-1.0209240624093945,-0.47671223
2014-10-13 01:00:00,-1.0428684074757275,-0.4847208
2014-10-13 02:00:00,-1.0648127525420603,-0.474303
2014-10-13 03:00:00,-1.0648127525420603,-0.49071038
2014-10-13 04:00:00,-1.0209240624093945,-0.415214
2014-10-13 05:00:00,-0.9989797173430616,-0.38352868
2014-10-13 06:00:00,-1.0209240624093945,-0.3679111
2014-10-13 07:00:00,-1.0428684074757275,-0.38943493
2014-10-13 08:00:00,-1.0428684074757275,-0.37379715
2014-10-13 09:00:00,-1.0209240624093945,-0.41911104
2014-10-13 10:00:00,-0.9989797173430616,-0.461665
2014-10-13 11:00:00,-1.009951889876228,-0.48042753
2014-10-13 12:00:00,-0.9989797173430616,-0.52162355
2014-10-13 13:00:00,-0.9989797173430616,-0.44391018
2014-10-13 14:00:00,-1.009951889876228,-0.43427938
2014-10-13 15:00:00,-0.9880075448098952,-0.41752815
2014-10-13 16:00:00,-0.9880075448098952,-0.39856756
2014-10-13 17:00:00,-1.009951889876228,-0.39883783
2014-10-13 18:00:00,-0.9550910272103956,-0.36307734
2014-10-13 19:00:00,-0.8343971293455645,-0.29196635
2014-10-13 20:00:00,-0.7137032314807333,-0.24362727
2014-10-13 21:00:00,-0.7137032314807333,-0.22172055
2014-10-13 22:00:00,-0.5381484709500699,-0.20211534
2014-10-13 23:00:00,-0.4503710906847381,-0.20607351
2014-10-14 00:00:00,-0.4284267456184051,-0.21075915
2014-10-14 01:00:00,-0.5820371610827357,-0.21072905
2014-10-14 02:00:00,-0.6368980237485681,-0.22482115
2014-10-14 03:00:00,-0.6039815061490686,-0.23787118
2014-10-14 04:00:00,-0.5820371610827357,-0.23653798
2014-10-14 05:00:00,-0.7356475765470664,-0.22032297
2014-10-14 06:00:00,-0.8782858194782304,-0.25831318
2014-10-14 07:00:00,-0.823424956812398,-0.19982024
2014-10-14 08:00:00,-0.8563414744118975,-0.20358223
2014-10-14 09:00:00,-0.9112023370777298,-0.20112707
2014-10-14 10:00:00,-0.8124527842792316,-0.21656717
2014-10-14 11:00:00,-0.7905084392128987,-0.23616517
2014-10-14 12:00:00,-0.7575919216133993,-0.26246622
2014-10-14 13:00:00,-0.5930093336159022,-0.29241318
2014-10-14 14:00:00,-0.5600928160164028,-0.12177431
2014-10-14 15:00:00,-0.6917588864144004,-0.06886084
2014-10-14 16:00:00,-0.7575919216133993,-0.13646112
2014-10-14 17:00:00,-0.7575919216133993,-0.12621963
2014-10-14 18:00:00,-0.5052319533505705,-0.07163646
2014-10-14 19:00:00,-0.3625937104194063,-0.026440581
2014-10-14 20:00:00,-0.2748163301540746,0.11281697
2014-10-14 21:00:00,-0.1321780872229105,0.1619709
2014-10-14 22:00:00,0.1530983986394176,0.22078311
2014-10-14 23:00:00,0.3067088141037483,0.26350462
2014-10-15 00:00:00,0.4493470570349123,0.28685197
2014-10-15 01:00:00,0.5371244373002441,0.0032531116
2014-10-15 02:00:00,0.5371244373002441,0.1710339
2014-10-15 03:00:00,0.2737922965042488,0.036768325
2014-10-15 04:00:00,-0.0882893970902446,-0.003149828
2014-10-15 05:00:00,0.1092097085067518,-0.06415319
2014-10-15 06:00:00,-0.121205914689744,0.054344155
2014-10-15 07:00:00,-0.1760667773555763,-0.06435374
2014-10-15 08:00:00,-0.0553728794907452,-0.12836821
2014-10-15 09:00:00,-0.4174545730852387,-0.18239109
2014-10-15 10:00:00,-0.845369301878731,-0.019804379
2014-10-15 11:00:00,-0.9770353722767288,0.031159738
2014-10-15 12:00:00,-0.9550910272103956,0.04580293
2014-10-15 13:00:00,-0.9989797173430616,-0.014123609
2014-10-15 14:00:00,-0.966063199743562,-0.057753988
2014-10-15 15:00:00,-0.9989797173430616,-0.13532524
2014-10-15 16:00:00,-1.009951889876228,-0.16568117
2014-10-15 17:00:00,-0.9989797173430616,-0.17777547
2014-10-15 18:00:00,-1.009951889876228,-0.10511731
2014-10-15 19:00:00,-1.0209240624093945,-0.06246593
2014-10-15 20:00:00,-0.9221745096108964,-0.043085314
2014-10-15 21:00:00,-0.8782858194782304,0.08691128
2014-10-15 22:00:00,-0.9112023370777298,0.22897129
2014-10-15 23:00:00,-0.8782858194782304,0.2954566
2014-10-16 00:00:00,-0.658842368814901,0.3500922
2014-10-16 01:00:00,-0.8014806117460651,0.40232465
2014-10-16 02:00:00,-0.8014806117460651,0.24568875
2014-10-16 03:00:00,-0.7795362666797322,0.2949302
2014-10-16 04:00:00,-0.7575919216133993,0.22356825
2014-10-16 05:00:00,-0.6917588864144004,0.2870579
2014-10-16 06:00:00,-0.7027310589475669,0.053604
2014-10-16 07:00:00,-0.6259258512154017,0.15140703
2014-10-16 08:00:00,-0.6149536786822352,0.042748146
2014-10-16 09:00:00,-0.6149536786822352,-0.18831323
2014-10-16 10:00:00,-0.823424956812398,-0.3646892
2014-10-16 11:00:00,-0.9112023370777298,-0.45179275
2014-10-16 12:00:00,-0.9112023370777298,-0.48353413
2014-10-16 13:00:00,-0.8014806117460651,-0.5215844
2014-10-16 14:00:00,-0.7795362666797322,-0.5489431
2014-10-16 15:00:00,-0.7795362666797322,-0.5804309
2014-10-16 16:00:00,-0.7027310589475669,-0.5911585
2014-10-16 17:00:00,-0.4503710906847381,-0.5770771
2014-10-16 18:00:00,-0.4503710906847381,-0.57562715
2014-10-16 19:00:00,-0.472315435751071,-0.59870744
2014-10-16 20:00:00,-0.494259780817404,-0.55436623
2014-10-16 21:00:00,-0.4393989181515716,-0.5376308
2014-10-16 22:00:00,-0.329677192819907,-0.5358774
2014-10-16 23:00:00,-0.2199554674882422,-0.26586443
2014-10-17 00:00:00,-0.1650946048224099,-0.10513162
2014-10-17 01:00:00,-0.1321780872229105,-0.18520163
2014-10-17 02:00:00,-0.0992615696234111,-0.07805563
2014-10-17 03:00:00,-0.0224563618912458,-0.03375449
2014-10-17 04:00:00,0.0324045007745865,0.0048691425
2014-10-17 05:00:00,0.0104601557082535,0.04701043
2014-10-17 06:00:00,-0.0224563618912458,0.08787199
2014-10-17 07:00:00,-0.0114841893580793,0.12875603
2014-10-17 08:00:00,-0.0553728794907452,0.13335416
2014-10-17 09:00:00,-0.2638441576209081,0.1518548
2014-10-17 10:00:00,-0.2199554674882422,0.10433612
2014-10-17 11:00:00,-0.1431502597560769,-0.032979928
2014-10-17 12:00:00,-0.1431502597560769,-0.0837098
2014-10-17 13:00:00,-0.1980111224219093,-0.10131898
2014-10-17 14:00:00,0.0543488458409194,-0.12195366
2014-10-17 15:00:00,0.1750427437057506,-0.14997046
2014-10-17 16:00:00,0.0324045007745865,-0.136692
2014-10-17 17:00:00,0.0982375359735853,-0.07187369
2014-10-17 18:00:00,0.1969870887720835,-0.04335513
2014-10-17 19:00:00,0.2957366415705817,-0.049186938
2014-10-17 20:00:00,0.4822635746344118,-0.060874112
2014-10-17 21:00:00,0.9760113386269028,-0.055468254
2014-10-17 22:00:00,0.9869835111600692,0.13461208
2014-10-17 23:00:00,1.3710095498208958,0.10066263
2014-10-18 00:00:00,1.217399134356565,0.1698388
2014-10-18 01:00:00,1.0637887188922346,0.19720073
2014-10-18 02:00:00,1.096705236491734,0.051814638
2014-10-18 03:00:00,1.0637887188922346,0.19447069
2014-10-18 04:00:00,1.0199000287595688,0.062275983
2014-10-18 05:00:00,0.8772617858284046,0.022490049
2014-10-18 06:00:00,0.186014916238917,-0.03211101
2014-10-18 07:00:00,0.1092097085067518,0.13735299
2014-10-18 08:00:00,0.1201818810399182,-0.010320639
2014-10-18 09:00:00,-0.0663450520239117,-0.11978481
2014-10-18 10:00:00,0.1311540535730847,-0.14474566
2014-10-18 11:00:00,0.1092097085067518,0.04606665
2014-10-18 12:00:00,0.6029574724992429,0.09142933
2014-10-18 13:00:00,0.9430948210274036,0.07836201
2014-10-18 14:00:00,1.0308722012927352,0.059185825
2014-10-18 15:00:00,1.2064269618233987,0.08033072
2014-10-18 16:00:00,1.2612878244892312,0.040660955
2014-10-18 17:00:00,1.425870412486728,0.044962697
2014-10-18 18:00:00,1.5246199652852264,0.19844164
2014-10-18 19:00:00,1.88670165887972,0.2023999
2014-10-18 20:00:00,2.150033799675715,0.23814945
2014-10-18 21:00:00,2.358505077805878,0.3966753
2014-10-18 22:00:00,2.81933632419887,0.48311418
2014-10-18 23:00:00,3.0936406375280314,0.6326642
2014-10-19 00:00:00,3.356972778324027,0.4481455
2014-10-19 01:00:00,3.34600060579086,0.34734824
2014-10-19 02:00:00,3.170445845260197,0.261379
2014-10-19 03:00:00,3.258223225525529,0.28659946
2014-10-19 04:00:00,3.433777986056192,0.44920912
2014-10-19 05:00:00,2.994891084729533,0.3056031
2014-10-19 06:00:00,2.874197186864702,0.08791531
2014-10-19 07:00:00,2.808364151665703,0.019579941
2014-10-19 08:00:00,2.676698081267705,0.0023046527
2014-10-19 09:00:00,2.7644754615330376,-0.126462
2014-10-19 10:00:00,2.81933632419887,0.13051702
2014-10-19 11:00:00,2.775447634066204,0.16678725
2014-10-19 12:00:00,2.106145109543049,0.2992195
2014-10-19 13:00:00,1.239343479422898,0.40629536
2014-10-19 14:00:00,1.2064269618233987,0.4387214
2014-10-19 15:00:00,0.910178303427904,0.4025185
2014-10-19 16:00:00,0.6687905076982418,0.42005593
2014-10-19 17:00:00,0.58101312743291,0.4623231
2014-10-19 18:00:00,0.7565678879635735,0.34468114
2014-10-19 19:00:00,1.0528165463590682,0.39632285
2014-10-19 20:00:00,1.096705236491734,0.62080365
2014-10-19 21:00:00,1.0637887188922346,0.72209364
2014-10-19 22:00:00,0.8553174407620717,0.93084097
2014-10-19 23:00:00,0.6687905076982418,1.0275189
2014-10-20 00:00:00,0.6687905076982418,1.1142324
2014-10-20 01:00:00,0.7236513703640741,1.1352029
2014-10-20 02:00:00,0.7785122330299065,0.86667114
2014-10-20 03:00:00,0.8443452682289052,0.9762494
2014-10-20 04:00:00,0.8443452682289052,1.1110181
2014-10-20 05:00:00,0.9760113386269028,0.7914931
2014-10-20 06:00:00,0.95406699356057,0.96524066
2014-10-20 07:00:00,1.0089278562264024,0.9995038
2014-10-20 08:00:00,1.1296217540912334,0.9116362
2014-10-20 09:00:00,1.469759102619394,1.0086353
2014-10-20 10:00:00,1.7660077610148888,0.93943566
2014-10-20 11:00:00,1.8098964511475544,0.89862597
2014-10-20 12:00:00,1.842812968747054,0.6789492
2014-10-20 13:00:00,2.029339901810884,0.4053388
2014-10-20 14:00:00,1.798924278614388,0.33875963
2014-10-20 15:00:00,1.6782303807495569,0.24088211
2014-10-20 16:00:00,1.6014251730173916,0.15150623
2014-10-20 17:00:00,1.5246199652852264,0.11011512
2014-10-20 18:00:00,1.7111468983490563,0.02821813
2014-10-20 19:00:00,1.6782303807495569,0.31018984
2014-10-20 20:00:00,1.7769799335480552,0.30048078
2014-10-20 21:00:00,1.5246199652852264,0.27851367
2014-10-20 22:00:00,0.4712914021012453,0.19773959
2014-10-20 23:00:00,-0.3187050202867404,0.13653193
2014-10-21 00:00:00,-0.4284267456184051,0.11855144
2014-10-21 01:00:00,-0.7246754040138998,0.1332827
2014-10-21 02:00:00,-0.7027310589475669,0.16460834
2014-10-21 03:00:00,-0.7356475765470664,0.009374717
2014-10-21 04:00:00,-0.7575919216133993,-0.052430443
2014-10-21 05:00:00,-0.8343971293455645,0.2518279
2014-10-21 06:00:00,-0.7575919216133993,0.30895388
2014-10-21 07:00:00,-0.680786713881234,0.27908117
2014-10-21 08:00:00,-0.680786713881234,0.39561176
2014-10-21 09:00:00,-0.680786713881234,0.5215371
2014-10-21 10:00:00,-0.680786713881234,0.35348997
2014-10-21 11:00:00,-0.7027310589475669,0.48704404
2014-10-21 12:00:00,-0.680786713881234,0.53546125
2014-10-21 13:00:00,-0.6917588864144004,0.6148358
2014-10-21 14:00:00,-0.7027310589475669,0.5716125
2014-10-21 15:00:00,-0.7137032314807333,0.53967077
2014-10-21 16:00:00,-0.7356475765470664,0.52869266
2014-10-21 17:00:00,-0.6478701962817346,0.51197845
2014-10-21 18:00:00,-0.680786713881234,0.69942045
2014-10-21 19:00:00,-0.5381484709500699,0.6395051
2014-10-21 20:00:00,-0.3625937104194063,0.65880513
2014-10-21 21:00:00,-0.1760667773555763,0.59735936
2014-10-21 22:00:00,-0.0992615696234111,0.31611317
2014-10-21 23:00:00,-0.0334285344244122,0.07187877
2014-10-22 00:00:00,-0.4393989181515716,0.00848485
2014-10-22 01:00:00,-0.5491206434832363,-0.08177637
2014-10-22 02:00:00,-0.5820371610827357,-0.08891409
2014-10-22 03:00:00,-0.5271762984169034,-0.099894606
2014-10-22 04:00:00,-0.2967606752204075,-0.11205136
2014-10-22 05:00:00,0.1201818810399182,-0.16381621
2014-10-22 06:00:00,0.0433766733077529,-0.16493894
2014-10-22 07:00:00,-0.1102337421565775,-0.14034085
2014-10-22 08:00:00,-0.1760667773555763,-0.14935328
2014-10-22 09:00:00,-0.2309276400214087,-0.17114596
2014-10-22 10:00:00,-0.1870389498887428,-0.16687794
2014-10-22 11:00:00,-0.0882893970902446,-0.18845393
2014-10-22 12:00:00,0.0433766733077529,-0.19836144
2014-10-22 13:00:00,-0.0005120168249128,-0.22068904
2014-10-22 14:00:00,0.0104601557082535,-0.11249102
2014-10-22 15:00:00,-0.1541224322892434,-0.17884673
2014-10-22 16:00:00,-0.1650946048224099,-0.19662845
2014-10-22 17:00:00,-0.1870389498887428,-0.16544779
2014-10-22 18:00:00,-0.0334285344244122,-0.07630374
2014-10-22 19:00:00,0.186014916238917,0.013849685
2014-10-22 20:00:00,0.2628201239710824,-0.0016032066
2014-10-22 21:00:00,0.2957366415705817,0.05009965
2014-10-22 22:00:00,0.3505975042364141,0.10577925
2014-10-22 23:00:00,0.3286531591700812,0.006394306
2014-10-23 00:00:00,0.2847644690374153,0.12071822
2014-10-23 01:00:00,0.20795926130525,0.13396071
2014-10-23 02:00:00,0.0872653634404188,0.15063676
2014-10-23 03:00:00,0.0872653634404188,-0.07516237
2014-10-23 04:00:00,0.02143232824142,0.17588553
2014-10-23 05:00:00,0.1092097085067518,0.34248132
2014-10-23 06:00:00,0.1421262261062512,0.35837302
2014-10-23 07:00:00,0.0872653634404188,0.32638377
2014-10-23 08:00:00,0.1750427437057506,0.3164529
2014-10-23 09:00:00,0.3286531591700812,0.29966313
2014-10-23 10:00:00,0.3725418493027471,0.30428004
2014-10-23 11:00:00,0.39448619436908,0.33399507
2014-10-23 12:00:00,0.4932357471675782,0.2886837
2014-10-23 13:00:00,0.5371244373002441,0.24443774
2014-10-23 14:00:00,0.3615696767695806,0.20293148
2014-10-23 15:00:00,0.4712914021012453,0.1494957
2014-10-23 16:00:00,0.5371244373002441,0.12789346
2014-10-23 17:00:00,0.7017070252977412,0.11683599
2014-10-23 18:00:00,0.76754006049674,-0.02235197
2014-10-23 19:00:00,0.8114287506294059,-0.028999379
2014-10-23 20:00:00,0.9979556836932358,0.22876446
2014-10-23 21:00:00,1.0528165463590682,0.30352458
2014-10-23 22:00:00,1.0418443738259018,0.3504682
2014-10-23 23:00:00,1.2503156519560643,0.35991052
2014-10-24 00:00:00,1.3929538948872286,0.10221311
2014-10-24 01:00:00,1.283232169555564,0.26853415
2014-10-24 02:00:00,1.0418443738259018,0.17675756
2014-10-24 03:00:00,0.910178303427904,0.27325565
2014-10-24 04:00:00,0.8662896132952382,0.077593096
2014-10-24 05:00:00,0.9979556836932358,0.024108777
2014-10-24 06:00:00,0.8553174407620717,0.17660029
2014-10-24 07:00:00,0.910178303427904,0.20031326
2014-10-24 08:00:00,0.932122648494237,-0.018113425
2014-10-24 09:00:00,1.0089278562264024,0.03371606
2014-10-24 10:00:00,1.0857330639585676,-0.0600008
2014-10-24 11:00:00,1.4368425850198945,0.161949
2014-10-24 12:00:00,1.6782303807495569,0.24215366
2014-10-24 13:00:00,1.985451211678218,0.27344447
2014-10-24 14:00:00,2.1280894546093823,0.23742287
2014-10-24 15:00:00,2.380449422872211,0.18203117
2014-10-24 16:00:00,2.391421595405377,0.18367197
2014-10-24 17:00:00,2.44628245807121,0.23178948
2014-10-24 18:00:00,2.621837218601873,0.3587721
2014-10-24 19:00:00,2.643781563668206,0.41592568
2014-10-24 20:00:00,2.6986424263340387,0.46623802
2014-10-24 21:00:00,2.808364151665703,0.40328875
2014-10-24 22:00:00,3.104612810061198,0.3720679
2014-10-24 23:00:00,2.8851693593978687,0.24100246
2014-10-25 00:00:00,3.082668464994865,0.3201903
2014-10-25 01:00:00,2.7644754615330376,0.45306283
2014-10-25 02:00:00,2.402393767938544,0.26779923
2014-10-25 03:00:00,2.3036442151400456,0.1806225
2014-10-25 04:00:00,2.5340598383365416,0.16116928
2014-10-25 05:00:00,2.545032010869708,0.18460177
2014-10-25 06:00:00,2.358505077805878,0.12571408
2014-10-25 07:00:00,2.3255885602063784,0.120691456
2014-10-25 08:00:00,2.3036442151400456,0.12820141
2014-10-25 09:00:00,2.457254630604376,0.1457236
2014-10-25 10:00:00,2.523087665803375,0.16341211
2014-10-25 11:00:00,2.457254630604376,0.4122432
2014-10-25 12:00:00,2.5340598383365416,0.51699513
2014-10-25 13:00:00,2.6986424263340387,0.61572045
2014-10-25 14:00:00,2.7644754615330376,0.5967149
2014-10-25 15:00:00,3.027807602329033,0.65107113
2014-10-25 16:00:00,3.313084088191361,0.6569697
2014-10-25 17:00:00,3.543499711387857,0.6873415
2014-10-25 18:00:00,3.730026644451687,0.5739748
2014-10-25 19:00:00,3.828776197250185,0.7864892
2014-10-25 20:00:00,4.081136165513014,0.59148514
2014-10-25 21:00:00,3.87266488738285,0.83989733
2014-10-25 22:00:00,3.433777986056192,0.70241016
2014-10-25 23:00:00,3.247251052992362,0.86437124
2014-10-26 00:00:00,3.236278880459196,0.9678823
2014-10-26 01:00:00,3.060724119928532,0.7460236
2014-10-26 02:00:00,2.643781563668206,0.61851364
2014-10-26 03:00:00,2.3255885602063784,0.47685164
2014-10-26 04:00:00,1.7221190708822227,0.58565444
2014-10-26 05:00:00,0.910178303427904,0.5971213
2014-10-26 06:00:00,-0.6698145413480675,0.5454644
2014-10-26 07:00:00,-0.9221745096108964,0.5285446
2014-10-26 08:00:00,-0.9441188546772292,0.519694
2014-10-26 09:00:00,-0.9221745096108964,0.548118
2014-10-26 10:00:00,-0.9880075448098952,0.5597711
2014-10-26 11:00:00,-0.9880075448098952,0.6994157
2014-10-26 12:00:00,-0.9989797173430616,0.74017256
2014-10-26 13:00:00,-1.0209240624093945,0.7137303
2014-10-26 14:00:00,-0.9989797173430616,0.70852524
2014-10-26 15:00:00,-0.9989797173430616,0.76905024
2014-10-26 16:00:00,-0.9880075448098952,0.8450342
2014-10-26 17:00:00,-1.009951889876228,0.91666406
2014-10-26 18:00:00,-0.9989797173430616,1.0813632
2014-10-26 19:00:00,-0.9112023370777298,1.0518274
2014-10-26 20:00:00,-0.9331466821440628,1.1200334
2014-10-26 21:00:00,-0.9331466821440628,1.1486698
2014-10-26 22:00:00,-0.966063199743562,1.0868961
2014-10-26 23:00:00,-0.9989797173430616,1.045848
2014-10-27 00:00:00,-0.9880075448098952,0.87031645
2014-10-27 01:00:00,-0.9989797173430616,0.8048
2014-10-27 02:00:00,-0.966063199743562,0.6961629
2014-10-27 03:00:00,-0.9989797173430616,0.60276467
2014-10-27 04:00:00,-0.9550910272103956,0.34042883
2014-10-27 05:00:00,-0.9441188546772292,0.14551918
2014-10-27 06:00:00,-0.966063199743562,-0.30274105
2014-10-27 07:00:00,-0.8343971293455645,-0.50259393
2014-10-27 08:00:00,-0.845369301878731,-0.54051083
2014-10-27 09:00:00,-0.7575919216133993,-0.5552961
2014-10-27 10:00:00,-0.472315435751071,-0.60337293
2014-10-27 11:00:00,-0.6259258512154017,-0.64589536
2014-10-27 12:00:00,-0.7137032314807333,-0.68356943
2014-10-27 13:00:00,-0.7575919216133993,-0.716792
2014-10-27 14:00:00,-0.7685640941465657,-0.73834914
2014-10-27 15:00:00,-0.823424956812398,-0.75605536
2014-10-27 16:00:00,-0.7356475765470664,-0.77483255
2014-10-27 17:00:00,-0.6698145413480675,-0.7879218
2014-10-27 18:00:00,-0.658842368814901,-0.7905649
2014-10-27 19:00:00,-0.4393989181515716,-0.77810913
2014-10-27 20:00:00,-0.3516215378862399,-0.6241287
2014-10-27 21:00:00,-0.472315435751071,-0.6513472
2014-10-27 22:00:00,-0.5381484709500699,-0.63644075
2014-10-27 23:00:00,-0.8124527842792316,-0.64201355
2014-10-28 00:00:00,-0.5491206434832363,-0.6372147
2014-10-28 01:00:00,-0.6368980237485681,-0.6228227
2014-10-28 02:00:00,-0.6259258512154017,-0.59437484
2014-10-28 03:00:00,-0.2857885026872411,-0.5932046
2014-10-28 04:00:00,-0.1431502597560769,-0.55042666
2014-10-28 05:00:00,-0.2418998125545752,-0.2222304
2014-10-28 06:00:00,-0.2528719850877416,-0.038377754
2014-10-28 07:00:00,-0.0992615696234111,0.09405387
2014-10-28 08:00:00,-0.0114841893580793,0.13394542
2014-10-28 09:00:00,-0.0882893970902446,0.17565173
2014-10-28 10:00:00,-0.1870389498887428,0.28114223
2014-10-28 11:00:00,-0.0663450520239117,0.25736642
2014-10-28 12:00:00,-0.1102337421565775,0.16428338
2014-10-28 13:00:00,-0.3516215378862399,0.11597449
2014-10-28 14:00:00,-0.4393989181515716,0.09382961
2014-10-28 15:00:00,-0.516204125883737,0.058925517
2014-10-28 16:00:00,-0.5381484709500699,0.08563358
2014-10-28 17:00:00,-0.5271762984169034,0.09459595
2014-10-28 18:00:00,-0.5381484709500699,0.11427633
2014-10-28 19:00:00,-0.5820371610827357,0.16880444
2014-10-28 20:00:00,-0.5820371610827357,0.18769944
2014-10-28 21:00:00,-0.4503710906847381,0.16853817
2014-10-28 22:00:00,-0.4503710906847381,0.15849023
2014-10-28 23:00:00,-0.2857885026872411,-0.033450954
2014-10-29 00:00:00,-0.0773172245570781,0.15611704
2014-10-29 01:00:00,0.0104601557082535,0.25607353
2014-10-29 02:00:00,0.1201818810399182,0.032824434
2014-10-29 03:00:00,0.4274027119685794,0.32343996
2014-10-29 04:00:00,0.3176809866369147,0.34847945
2014-10-29 05:00:00,0.2957366415705817,0.30200788
2014-10-29 06:00:00,0.1530983986394176,0.10677452
2014-10-29 07:00:00,-0.0224563618912458,0.075419076
2014-10-29 08:00:00,0.02143232824142,0.057597093
2014-10-29 09:00:00,0.0653210183740859,0.25917554
2014-10-29 10:00:00,0.1201818810399182,0.2748284
2014-10-29 11:00:00,0.0653210183740859,0.32104295
2014-10-29 12:00:00,0.0543488458409194,0.32237366
2014-10-29 13:00:00,0.0872653634404188,0.2630618
2014-10-29 14:00:00,0.0762931909072524,0.14941077
2014-10-29 15:00:00,0.1421262261062512,0.19474505
2014-10-29 16:00:00,0.2847644690374153,0.11930177
2014-10-29 17:00:00,0.4493470570349123,0.087588556
2014-10-29 18:00:00,0.6358739900987423,0.08509653
2014-10-29 19:00:00,0.76754006049674,0.055206455
2014-10-29 20:00:00,0.8333730956957388,0.14908454
2014-10-29 21:00:00,0.910178303427904,0.14398573
2014-10-29 22:00:00,1.0199000287595688,0.1374803
2014-10-29 23:00:00,1.2612878244892312,0.21067159
2014-10-30 00:00:00,1.2612878244892312,0.09027723
2014-10-30 01:00:00,1.2064269618233987,0.30681667
2014-10-30 02:00:00,1.2503156519560643,0.41995624
2014-10-30 03:00:00,1.2503156519560643,0.49073648
2014-10-30 04:00:00,1.88670165887972,0.30771998
2014-10-30 05:00:00,1.0747608914254012,0.2575565
2014-10-30 06:00:00,0.8333730956957388,0.21000673
2014-10-30 07:00:00,0.6468461626319087,0.15526833
2014-10-30 08:00:00,0.6358739900987423,0.14192472
2014-10-30 09:00:00,0.4054583669022464,0.11315038
2014-10-30 10:00:00,0.6139296450324094,0.09686618
2014-10-30 11:00:00,0.6687905076982418,0.23847689
2014-10-30 12:00:00,0.6907348527645747,0.26747826
2014-10-30 13:00:00,0.8553174407620717,0.30234385
2014-10-30 14:00:00,0.8772617858284046,0.318591
2014-10-30 15:00:00,0.8662896132952382,0.34757742
2014-10-30 16:00:00,0.8992061308947376,0.32798135
2014-10-30 17:00:00,1.0089278562264024,0.20287965
2014-10-30 18:00:00,1.0857330639585676,0.38429186
2014-10-30 19:00:00,1.184482616757066,0.45829663
2014-10-30 20:00:00,1.2283713068897315,0.48031658
2014-10-30 21:00:00,1.0199000287595688,0.50432193
2014-10-30 22:00:00,1.1515660991575665,0.63675684
2014-10-30 23:00:00,1.1625382716907329,0.651375
2014-10-31 00:00:00,1.2283713068897315,0.6419491
2014-10-31 01:00:00,1.2722599970223976,0.60283995
2014-10-31 02:00:00,1.447814757553061,0.59111315
2014-10-31 03:00:00,1.3490652047545628,0.65910894
2014-10-31 04:00:00,1.4148982399535617,0.60027486
2014-10-31 05:00:00,1.1625382716907329,0.4311594
2014-10-31 06:00:00,1.0308722012927352,0.5210363
2014-10-31 07:00:00,1.217399134356565,0.5251892
2014-10-31 08:00:00,1.3710095498208958,0.54469043
2014-10-31 09:00:00,0.7565678879635735,0.2292187
2014-10-31 10:00:00,0.4822635746344118,0.2005998
2014-10-31 11:00:00,0.5480966098334106,0.42175686
2014-10-31 12:00:00,0.4822635746344118,0.46466416
2014-10-31 13:00:00,0.4712914021012453,0.26187715
2014-10-31 14:00:00,0.4712914021012453,0.4572827
2014-10-31 15:00:00,0.4932357471675782,0.4037285
2014-10-31 16:00:00,0.5700409548997435,0.4910298
2014-10-31 17:00:00,0.7126791978309076,0.56484324
2014-10-31 18:00:00,0.8333730956957388,0.60849684
2014-10-31 19:00:00,1.1954547892902323,0.6438704
2014-10-31 20:00:00,1.3600373772877292,0.48786452
2014-10-31 21:00:00,1.096705236491734,0.56950563
2014-10-31 22:00:00,0.9650391660937364,0.6176836
2014-10-31 23:00:00,0.9211504759610706,0.6320809
2014-11-01 00:00:00,0.8772617858284046,0.3956474
2014-11-01 01:00:00,0.9760113386269028,0.58995396
2014-11-01 02:00:00,1.2612878244892312,0.41267058
2014-11-01 03:00:00,0.8772617858284046,0.41539162
2014-11-01 04:00:00,-0.2089832949550758,0.50314194
2014-11-01 05:00:00,-0.2418998125545752,0.38743785
2014-11-01 06:00:00,-0.8343971293455645,0.49462226
2014-11-01 07:00:00,-0.8124527842792316,0.31923673
2014-11-01 08:00:00,-0.7795362666797322,0.31276926
2014-11-01 09:00:00,-0.8563414744118975,0.40508533
2014-11-01 10:00:00,-0.9441188546772292,0.38249785
2014-11-01 11:00:00,-0.9770353722767288,0.38394132
2014-11-01 12:00:00,-0.966063199743562,0.28361696
2014-11-01 13:00:00,-0.9770353722767288,0.2619468
2014-11-01 14:00:00,-0.9550910272103956,0.22541507
2014-11-01 15:00:00,-0.966063199743562,0.22235812
2014-11-01 16:00:00,-0.9989797173430616,0.23086028
2014-11-01 17:00:00,-0.9880075448098952,0.3499723
2014-11-01 18:00:00,-0.9880075448098952,0.4144327
2014-11-01 19:00:00,-0.9331466821440628,0.52822083
2014-11-01 20:00:00,-0.9002301645445634,0.6061435
2014-11-01 21:00:00,-0.9002301645445634,0.4709896
2014-11-01 22:00:00,-0.9441188546772292,0.40041795
2014-11-01 23:00:00,-0.9221745096108964,0.36155665
2014-11-02 00:00:00,-0.9880075448098952,0.27304465
2014-11-02 01:00:00,-0.9989797173430616,0.43809986
2014-11-02 02:00:00,-1.0318962349425609,0.5628308
2014-11-02 03:00:00,-1.009951889876228,0.320331
2014-11-02 04:00:00,-1.0318962349425609,0.14518397
2014-11-02 05:00:00,-1.0648127525420603,-0.032858185
2014-11-02 06:00:00,-1.075784925075227,-0.34540546
2014-11-02 07:00:00,-1.009951889876228,-0.13414963
2014-11-02 08:00:00,-1.009951889876228,-0.08157166
2014-11-02 09:00:00,-1.0209240624093945,-0.09585165
2014-11-02 10:00:00,-1.0318962349425609,-0.29384065
2014-11-02 11:00:00,-1.009951889876228,-0.39177054
2014-11-02 12:00:00,-1.0318962349425609,-0.4299745
2014-11-02 13:00:00,-0.9989797173430616,-0.466476
2014-11-02 14:00:00,-1.009951889876228,-0.4986214
2014-11-02 15:00:00,-1.0209240624093945,-0.5212435
2014-11-02 16:00:00,-0.9880075448098952,-0.55109936
2014-11-02 17:00:00,-0.9880075448098952,-0.57561874
2014-11-02 18:00:00,-0.9770353722767288,-0.5940737
2014-11-02 19:00:00,-0.9880075448098952,-0.5917848
2014-11-02 20:00:00,-1.0209240624093945,-0.5970606
2014-11-02 21:00:00,-1.009951889876228,-0.5823022
2014-11-02 22:00:00,-1.0209240624093945,-0.5914529
2014-11-02 23:00:00,-0.9880075448098952,-0.5937846
2014-11-03 00:00:00,-0.9112023370777298,-0.60852814
2014-11-03 01:00:00,-0.8563414744118975,-0.6339212
2014-11-03 02:00:00,-0.7905084392128987,-0.6741672
2014-11-03 03:00:00,-0.7905084392128987,-0.66617465
2014-11-03 04:00:00,-0.8124527842792316,-0.6569145
2014-11-03 05:00:00,-0.823424956812398,-0.6445908
2014-11-03 06:00:00,-0.8782858194782304,-0.60781676
2014-11-03 07:00:00,-0.9770353722767288,-0.5963972
2014-11-03 08:00:00,-0.7905084392128987,-0.6010663
2014-11-03 09:00:00,-0.6698145413480675,-0.60728174
2014-11-03 10:00:00,-0.680786713881234,-0.6155344
2014-11-03 11:00:00,-0.9441188546772292,-0.60845447
2014-11-03 12:00:00,-0.9770353722767288,-0.6356882
2014-11-03 13:00:00,-0.9002301645445634,-0.6572639
2014-11-03 14:00:00,-1.009951889876228,-0.68547094
2014-11-03 15:00:00,-0.9880075448098952,-0.7086211
2014-11-03 16:00:00,-0.9880075448098952,-0.7137668
2014-11-03 17:00:00,-0.9770353722767288,-0.7206779
2014-11-03 18:00:00,-0.845369301878731,-0.72391135
2014-11-03 19:00:00,-0.7246754040138998,-0.7359804
2014-11-03 20:00:00,-0.658842368814901,-0.7563941
2014-11-03 21:00:00,-0.6259258512154017,-0.72579116
2014-11-03 22:00:00,-0.5710649885495693,-0.32161063
2014-11-03 23:00:00,-0.472315435751071,-0.19405235
2014-11-04 00:00:00,-0.4284267456184051,-0.10372361
2014-11-04 01:00:00,-0.4393989181515716,-0.046622314
2014-11-04 02:00:00,-0.3516215378862399,-0.0027782228
2014-11-04 03:00:00,-0.2638441576209081,-0.21354751
2014-11-04 04:00:00,-0.307732847753574,-0.021831473
2014-11-04 05:00:00,-0.2199554674882422,-0.13107114
2014-11-04 06:00:00,-0.2199554674882422,0.0049689803
2014-11-04 07:00:00,-0.3735658829525728,0.015935669
2014-11-04 08:00:00,-0.3955102280189058,-0.00729545
2014-11-04 09:00:00,-0.1650946048224099,0.07887667
2014-11-04 10:00:00,-0.0444007069575787,-0.09351977
2014-11-04 11:00:00,0.0982375359735853,-0.039584227
2014-11-04 12:00:00,0.1969870887720835,-0.03935439
2014-11-04 13:00:00,0.4493470570349123,-0.12267027
2014-11-04 14:00:00,0.6468461626319087,-0.19091366
2014-11-04 15:00:00,0.58101312743291,-0.20472176
2014-11-04 16:00:00,0.58101312743291,-0.21402912
2014-11-04 17:00:00,0.5700409548997435,-0.2171585
2014-11-04 18:00:00,0.6249018175655758,-0.18711968
2014-11-04 19:00:00,0.6468461626319087,-0.014348378
2014-11-04 20:00:00,1.0528165463590682,0.0859502
2014-11-04 21:00:00,1.184482616757066,0.12438501
2014-11-04 22:00:00,1.2612878244892312,0.10696901
2014-11-04 23:00:00,1.70017472581589,0.122006424
2014-11-05 00:00:00,1.5246199652852264,0.12830089
2014-11-05 01:00:00,1.447814757553061,0.12258796
2014-11-05 02:00:00,1.2064269618233987,-0.1020697
2014-11-05 03:00:00,0.9211504759610706,-0.14317228
2014-11-05 04:00:00,0.8114287506294059,0.05721823
2014-11-05 05:00:00,0.7017070252977412,0.1518388
2014-11-05 06:00:00,0.5151800922339111,0.16571425
2014-11-05 07:00:00,-0.0224563618912458,0.13648763
2014-11-05 08:00:00,0.39448619436908,-0.11798813
2014-11-05 09:00:00,0.4054583669022464,0.09302574
2014-11-05 10:00:00,-0.1102337421565775,0.089519374
2014-11-05 11:00:00,-0.9441188546772292,0.120592244
2014-11-05 12:00:00,-1.009951889876228,0.13044797
2014-11-05 13:00:00,-1.009951889876228,0.18599679
2014-11-05 14:00:00,-0.9770353722767288,0.23633654
2014-11-05 15:00:00,-0.9989797173430616,0.325294
2014-11-05 16:00:00,-1.0318962349425609,0.2576154
2014-11-05 17:00:00,-1.0318962349425609,0.34617478
2014-11-05 18:00:00,-0.9880075448098952,0.41392028
2014-11-05 19:00:00,-0.9880075448098952,0.43436185
2014-11-05 20:00:00,-1.0209240624093945,0.29170665
2014-11-05 21:00:00,-1.0318962349425609,0.53363484
2014-11-05 22:00:00,-1.0428684074757275,0.6088683
2014-11-05 23:00:00,-1.0318962349425609,0.7450177
2014-11-06 00:00:00,-1.053840580008894,0.54752105
2014-11-06 01:00:00,-1.0428684074757275,0.65029496
2014-11-06 02:00:00,-1.053840580008894,0.39575127
2014-11-06 03:00:00,-1.0648127525420603,0.32562163
2014-11-06 04:00:00,-1.009951889876228,0.43206975
2014-11-06 05:00:00,-0.9989797173430616,0.25956675
2014-11-06 06:00:00,-1.0209240624093945,0.15419368
2014-11-06 07:00:00,-1.0209240624093945,-0.00728946
2014-11-06 08:00:00,-0.9989797173430616,0.10751284
2014-11-06 09:00:00,-0.9770353722767288,0.07711551
2014-11-06 10:00:00,-0.9880075448098952,0.07710587
2014-11-06 11:00:00,-0.9989797173430616,-0.31466934
2014-11-06 12:00:00,-1.0209240624093945,-0.44437885
2014-11-06 13:00:00,-1.053840580008894,-0.50712407
2014-11-06 14:00:00,-1.0648127525420603,-0.53576684
2014-11-06 15:00:00,-1.053840580008894,-0.5675583
2014-11-06 16:00:00,-1.0209240624093945,-0.59145045
2014-11-06 17:00:00,-1.0318962349425609,-0.6072265
2014-11-06 18:00:00,-1.0318962349425609,-0.59929115
2014-11-06 19:00:00,-0.7356475765470664,-0.566442
2014-11-06 20:00:00,-0.658842368814901,-0.5894411
2014-11-06 21:00:00,-0.658842368814901,-0.5248314
2014-11-06 22:00:00,-0.5710649885495693,-0.48995543
2014-11-06 23:00:00,-0.6149536786822352,-0.5504407
2014-11-07 00:00:00,-0.6478701962817346,-0.47127157
2014-11-07 01:00:00,-0.6149536786822352,-0.4487428
2014-11-07 02:00:00,-0.6039815061490686,-0.4242053
2014-11-07 03:00:00,-0.2309276400214087,-0.39511538
2014-11-07 04:00:00,-0.2638441576209081,-0.45059487
2014-11-07 05:00:00,-0.2309276400214087,-0.4577959
2014-11-07 06:00:00,-0.1102337421565775,-0.45053837
2014-11-07 07:00:00,-0.2967606752204075,-0.4274246
2014-11-07 08:00:00,-0.329677192819907,-0.42216063
2014-11-07 09:00:00,-0.3735658829525728,-0.42075947
2014-11-07 10:00:00,-0.4503710906847381,-0.428861
2014-11-07 11:00:00,-0.4174545730852387,-0.40375575
2014-11-07 12:00:00,-0.4393989181515716,-0.41067445
2014-11-07 13:00:00,-0.6478701962817346,-0.4417115
2014-11-07 14:00:00,-0.680786713881234,-0.4714998
2014-11-07 15:00:00,-0.7356475765470664,-0.48006007
2014-11-07 16:00:00,-0.9002301645445634,-0.4805753
2014-11-07 17:00:00,-0.7905084392128987,-0.44891292
2014-11-07 18:00:00,-0.5930093336159022,-0.10137408
2014-11-07 19:00:00,-0.5381484709500699,0.089339785
2014-11-07 20:00:00,-0.472315435751071,0.18473162
2014-11-07 21:00:00,-0.6917588864144004,0.15250657
2014-11-07 22:00:00,-0.7137032314807333,0.27510145
2014-11-07 23:00:00,-0.6478701962817346,0.23387201
2014-11-08 00:00:00,-0.5930093336159022,0.21674374
2014-11-08 01:00:00,-0.4832876082842375,0.3103723
2014-11-08 02:00:00,-0.3406493653530734,0.32480767
2014-11-08 03:00:00,-0.2309276400214087,0.45082042
2014-11-08 04:00:00,-0.2638441576209081,0.472327
2014-11-08 05:00:00,-0.3845380554857393,0.42464113
2014-11-08 06:00:00,-0.3406493653530734,0.3607916
2014-11-08 07:00:00,-0.2857885026872411,0.28852382
2014-11-08 08:00:00,-0.2309276400214087,0.16972779
2014-11-08 09:00:00,-0.2418998125545752,0.36278364
2014-11-08 10:00:00,-0.1431502597560769,0.3965554
2014-11-08 11:00:00,-0.1980111224219093,0.41407412
2014-11-08 12:00:00,-0.2857885026872411,0.42501354
2014-11-08 13:00:00,-0.2528719850877416,0.37693948
2014-11-08 14:00:00,-0.1760667773555763,0.35433134
2014-11-08 15:00:00,-0.1431502597560769,0.0800912
2014-11-08 16:00:00,-0.0992615696234111,0.21507967
2014-11-08 17:00:00,-0.2528719850877416,0.28405893
2014-11-08 18:00:00,-0.2857885026872411,0.33395138
2014-11-08 19:00:00,-0.1760667773555763,0.23238389
2014-11-08 20:00:00,-0.121205914689744,0.20919958
2014-11-08 21:00:00,-0.0663450520239117,0.25144947
2014-11-08 22:00:00,-0.0882893970902446,0.27056605
2014-11-08 23:00:00,-0.0334285344244122,0.20880349
2014-11-09 00:00:00,-0.0882893970902446,0.29540223
2014-11-09 01:00:00,-0.0224563618912458,0.17233522
2014-11-09 02:00:00,0.1750427437057506,0.1589871
2014-11-09 03:00:00,0.1421262261062512,0.3135535
2014-11-09 04:00:00,0.0104601557082535,0.16783676
2014-11-09 05:00:00,-0.1431502597560769,0.10314485
2014-11-09 06:00:00,-0.5052319533505705,0.09380289
2014-11-09 07:00:00,-0.5491206434832363,0.0990101
2014-11-09 08:00:00,-0.6368980237485681,0.12404079
2014-11-09 09:00:00,-0.680786713881234,0.08827964
2014-11-09 10:00:00,-0.680786713881234,0.07081457
2014-11-09 11:00:00,-0.6698145413480675,0.0420397
2014-11-09 12:00:00,-0.7356475765470664,0.17624925
2014-11-09 13:00:00,-0.7246754040138998,0.22469874
2014-11-09 14:00:00,-0.658842368814901,0.18165956
2014-11-09 15:00:00,-0.5710649885495693,0.19813143
2014-11-09 16:00:00,-0.6039815061490686,0.20968348
2014-11-09 17:00:00,-0.6698145413480675,0.1620677
2014-11-09 18:00:00,-0.6149536786822352,0.22911344
2014-11-09 19:00:00,-0.472315435751071,0.32056874
2014-11-09 20:00:00,-0.2528719850877416,0.36883354
2014-11-09 21:00:00,-0.2638441576209081,0.15802558
2014-11-09 22:00:00,-0.0224563618912458,0.24894993
2014-11-09 23:00:00,0.0104601557082535,0.3795788
2014-11-10 00:00:00,0.0433766733077529,0.21904044
2014-11-10 01:00:00,0.0653210183740859,0.21873431
2014-11-10 02:00:00,0.0872653634404188,0.41926917
2014-11-10 03:00:00,-0.0224563618912458,0.27085543
2014-11-10 04:00:00,-0.2309276400214087,0.20545082
2014-11-10 05:00:00,-0.6149536786822352,0.14546077
2014-11-10 06:00:00,-0.7356475765470664,0.032903768
2014-11-10 07:00:00,-0.6039815061490686,-0.0074539986
2014-11-10 08:00:00,-0.516204125883737,-0.06905625
2014-11-10 09:00:00,-0.5820371610827357,-0.10566992
2014-11-10 10:00:00,-0.6368980237485681,-0.15498026
2014-11-10 11:00:00,-0.7246754040138998,-0.17229114
2014-11-10 12:00:00,-0.680786713881234,-0.046385936
2014-11-10 13:00:00,-0.6478701962817346,-0.19322579
2014-11-10 14:00:00,-0.4832876082842375,-0.12809974
2014-11-10 15:00:00,-0.4503710906847381,-0.0829717
2014-11-10 16:00:00,-0.3516215378862399,-0.07938709
2014-11-10 17:00:00,-0.2309276400214087,-0.087491445
2014-11-10 18:00:00,-0.2309276400214087,-0.051007442
2014-11-10 19:00:00,0.1201818810399182,0.09767487
2014-11-10 20:00:00,0.5151800922339111,0.2075072
2014-11-10 21:00:00,0.58101312743291,0.25631392
2014-11-10 22:00:00,0.4932357471675782,0.33236852
2014-11-10 23:00:00,0.4712914021012453,0.09480884
2014-11-11 00:00:00,0.4822635746344118,0.03915284
2014-11-11 01:00:00,1.096705236491734,0.2759237
2014-11-11 02:00:00,1.5246199652852264,0.15322943
2014-11-11 03:00:00,0.932122648494237,0.06843314
2014-11-11 04:00:00,0.6907348527645747,0.0016230736
2014-11-11 05:00:00,-0.7905084392128987,-0.114238255
2014-11-11 06:00:00,-0.966063199743562,-0.144481
2014-11-11 07:00:00,-0.9989797173430616,-0.112987496
2014-11-11 08:00:00,-0.9989797173430616,-0.09610603
2014-11-11 09:00:00,-0.9770353722767288,-0.12820376
2014-11-11 10:00:00,-0.9331466821440628,-0.1686636
2014-11-11 11:00:00,-0.9550910272103956,-0.022584906
2014-11-11 12:00:00,-0.9441188546772292,0.0015799794
2014-11-11 13:00:00,-0.9112023370777298,-0.050140746
2014-11-11 14:00:00,-0.9002301645445634,-0.03594961
2014-11-11 15:00:00,-0.9221745096108964,-0.04860892
2014-11-11 16:00:00,-0.9770353722767288,-0.027169546
2014-11-11 17:00:00,-1.0209240624093945,0.12114776
2014-11-11 18:00:00,-0.9989797173430616,0.18049401
2014-11-11 19:00:00,-0.9550910272103956,0.19036014
2014-11-11 20:00:00,-0.9221745096108964,0.28347304
2014-11-11 21:00:00,-1.009951889876228,0.40683252
2014-11-11 22:00:00,-0.8892579920113969,0.4053168
2014-11-11 23:00:00,-1.009951889876228,0.42963475
2014-11-12 00:00:00,-0.9989797173430616,0.46108717
2014-11-12 01:00:00,-1.0428684074757275,0.6061025
2014-11-12 02:00:00,-1.075784925075227,0.73755974
2014-11-12 03:00:00,-1.075784925075227,0.6047831
2014-11-12 04:00:00,-1.0648127525420603,0.5422818
2014-11-12 05:00:00,-1.0648127525420603,-0.04994688
2014-11-12 06:00:00,-1.0318962349425609,-0.17732094
2014-11-12 07:00:00,-1.053840580008894,-0.28153512
2014-11-12 08:00:00,-1.053840580008894,-0.32514918
2014-11-12 09:00:00,-1.0428684074757275,-0.34685224
2014-11-12 10:00:00,-1.0318962349425609,-0.36137003
2014-11-12 11:00:00,-1.0318962349425609,-0.40683255
2014-11-12 12:00:00,-1.0428684074757275,-0.44480395
2014-11-12 13:00:00,-1.053840580008894,-0.45965302
2014-11-12 14:00:00,-1.0318962349425609,-0.46669567
2014-11-12 15:00:00,-1.0428684074757275,-0.4936993
2014-11-12 16:00:00,-1.0648127525420603,-0.5358041
2014-11-12 17:00:00,-1.0428684074757275,-0.579732
2014-11-12 18:00:00,-1.0209240624093945,-0.59204745
2014-11-12 19:00:00,-0.9989797173430616,-0.59895134
2014-11-12 20:00:00,-0.9770353722767288,-0.5818001
2014-11-12 21:00:00,-0.966063199743562,-0.6391017
2014-11-12 22:00:00,-0.9331466821440628,-0.61919826
2014-11-12 23:00:00,-0.9112023370777298,-0.65200454
2014-11-13 00:00:00,-0.966063199743562,-0.66091686
2014-11-13 01:00:00,-0.9770353722767288,-0.7071255
2014-11-13 02:00:00,-0.966063199743562,-0.7451464
2014-11-13 03:00:00,-0.966063199743562,-0.75254613
2014-11-13 04:00:00,-0.9770353722767288,-0.7389228
2014-11-13 05:00:00,-0.9550910272103956,-0.6891124
2014-11-13 06:00:00,-0.9331466821440628,-0.6488283
2014-11-13 07:00:00,-0.867313646945064,-0.63666695
2014-11-13 08:00:00,-0.867313646945064,-0.6278914
2014-11-13 09:00:00,-0.658842368814901,-0.63122827
2014-11-13 10:00:00,-0.658842368814901,-0.652166
2014-11-13 11:00:00,-0.8782858194782304,-0.6711828
2014-11-13 12:00:00,-0.9221745096108964,-0.69596905
2014-11-13 13:00:00,-0.8124527842792316,-0.73174185
2014-11-13 14:00:00,-0.823424956812398,-0.7470667
2014-11-13 15:00:00,-0.823424956812398,-0.77273387
2014-11-13 16:00:00,-0.7137032314807333,-0.78710824
2014-11-13 17:00:00,-0.7356475765470664,-0.7722375
2014-11-13 18:00:00,-0.7575919216133993,-0.7729581
2014-11-13 19:00:00,-0.7685640941465657,-0.7738927
2014-11-13 20:00:00,-0.7356475765470664,-0.77091676
2014-11-13 21:00:00,-0.6039815061490686,-0.7602892
2014-11-13 22:00:00,-0.516204125883737,-0.52908015
2014-11-13 23:00:00,-0.6149536786822352,-0.38219136
2014-11-14 00:00:00,-0.6259258512154017,-0.36664835
2014-11-14 01:00:00,-0.5271762984169034,-0.34198684
2014-11-14 02:00:00,-0.5271762984169034,-0.103332005
2014-11-14 03:00:00,-0.5271762984169034,-0.03757759
2014-11-14 04:00:00,-0.5052319533505705,-0.16383135
2014-11-14 05:00:00,-0.5271762984169034,0.0069967005
2014-11-14 06:00:00,-0.5600928160164028,0.0490356
2014-11-14 07:00:00,-0.5600928160164028,-0.15064542
2014-11-14 08:00:00,-0.658842368814901,-0.2234696
2014-11-14 09:00:00,-0.6478701962817346,-0.04479886
2014-11-14 10:00:00,-0.8343971293455645,-0.022884166
2014-11-14 11:00:00,-0.7685640941465657,-0.16392285
2014-11-14 12:00:00,-0.867313646945064,-0.22201659
2014-11-14 13:00:00,-0.8563414744118975,-0.22578697
2014-11-14 14:00:00,-0.8782858194782304,-0.25493848
2014-11-14 15:00:00,-0.867313646945064,-0.28024566
2014-11-14 16:00:00,-0.867313646945064,-0.2640339
2014-11-14 17:00:00,-0.823424956812398,-0.27188355
2014-11-14 18:00:00,-0.7466197490802328,-0.14574292
2014-11-14 19:00:00,-0.7137032314807333,-0.10437115
2014-11-14 20:00:00,-0.5491206434832363,-0.07414583
2014-11-14 21:00:00,-0.2857885026872411,-0.031593196
2014-11-14 22:00:00,-0.3955102280189058,-0.012130892
2014-11-14 23:00:00,-0.1102337421565775,-0.068593286
2014-11-15 00:00:00,0.4164305394354129,-0.08291652
2014-11-15 01:00:00,0.8992061308947376,-0.06877688
2014-11-15 02:00:00,1.2064269618233987,-0.0812222
2014-11-15 03:00:00,1.184482616757066,-0.097247265
2014-11-15 04:00:00,0.5700409548997435,-0.07536239
2014-11-15 05:00:00,0.2408757789047494,-0.0962212
2014-11-15 06:00:00,-0.1431502597560769,-0.11296331
2014-11-15 07:00:00,-0.4174545730852387,-0.08993604
2014-11-15 08:00:00,-0.5271762984169034,-0.102423124
2014-11-15 09:00:00,-0.5271762984169034,-0.20476203
2014-11-15 10:00:00,-0.4503710906847381,-0.04750701
2014-11-15 11:00:00,-0.0444007069575787,0.03427384
2014-11-15 12:00:00,0.3067088141037483,0.04058806
2014-11-15 13:00:00,0.4493470570349123,0.04527975
2014-11-15 14:00:00,0.7346235428972405,0.049447887
2014-11-15 15:00:00,1.1625382716907329,-0.17997415
2014-11-15 16:00:00,1.3929538948872286,-0.07689785
2014-11-15 17:00:00,1.6014251730173916,-0.030676505
2014-11-15 18:00:00,1.425870412486728,0.0028199945
2014-11-15 19:00:00,1.5246199652852264,0.1236862
2014-11-15 20:00:00,1.51364779275206,0.13841164
2014-11-15 21:00:00,1.6453138631500577,0.23469667
2014-11-15 22:00:00,1.7660077610148888,0.19772375
2014-11-15 23:00:00,2.007395556744551,0.2738193
2014-11-16 00:00:00,1.8976738314128865,0.26845625
2014-11-16 01:00:00,1.985451211678218,0.64780015
2014-11-16 02:00:00,1.2942043420887306,0.6323618
2014-11-16 03:00:00,1.3380930322213964,0.53224033
2014-11-16 04:00:00,1.1625382716907329,0.42063865
2014-11-16 05:00:00,2.2378111799410467,0.32094842
2014-11-16 06:00:00,2.1829503172752145,0.20506515
2014-11-16 07:00:00,2.0183677292777173,0.025683353
2014-11-16 08:00:00,1.820868623680721,0.0352251
2014-11-16 09:00:00,1.7111468983490563,0.19560651
2014-11-16 10:00:00,-0.2309276400214087,0.24921572
2014-11-16 11:00:00,-0.680786713881234,0.34671116
2014-11-16 12:00:00,-0.8563414744118975,0.4685032
2014-11-16 13:00:00,-0.9331466821440628,0.43938908
2014-11-16 14:00:00,-0.867313646945064,0.5824037
2014-11-16 15:00:00,-0.9002301645445634,0.6689909
2014-11-16 16:00:00,-0.8892579920113969,0.64765924
2014-11-16 17:00:00,-0.9221745096108964,0.6856888
2014-11-16 18:00:00,-0.9112023370777298,0.6267157
2014-11-16 19:00:00,-0.9331466821440628,0.6283316
2014-11-16 20:00:00,-0.8343971293455645,0.6057833
2014-11-16 21:00:00,-0.966063199743562,0.63162166
2014-11-16 22:00:00,-0.8892579920113969,0.67096406
2014-11-16 23:00:00,-0.9550910272103956,0.8988667
2014-11-17 00:00:00,-0.966063199743562,0.92326576
2014-11-17 01:00:00,-0.9550910272103956,0.9294794
2014-11-17 02:00:00,-0.966063199743562,0.74621993
2014-11-17 03:00:00,-0.9550910272103956,0.5745637
2014-11-17 04:00:00,-0.9770353722767288,0.6681216
2014-11-17 05:00:00,-0.9770353722767288,0.9881343
2014-11-17 06:00:00,-0.9989797173430616,0.7960319
2014-11-17 07:00:00,-0.9770353722767288,0.9685106
2014-11-17 08:00:00,-0.9112023370777298,0.8095992
2014-11-17 09:00:00,-0.8892579920113969,0.71365696
2014-11-17 10:00:00,-0.8892579920113969,0.14887089
2014-11-17 11:00:00,-0.9221745096108964,-0.09504571
2014-11-17 12:00:00,-0.9441188546772292,-0.23836352
2014-11-17 13:00:00,-0.9331466821440628,-0.3093608
2014-11-17 14:00:00,-0.9331466821440628,-0.34714442
2014-11-17 15:00:00,-1.009951889876228,-0.39113525
2014-11-17 16:00:00,-0.9550910272103956,-0.3940466
2014-11-17 17:00:00,-0.9221745096108964,-0.4177029
2014-11-17 18:00:00,-0.8014806117460651,-0.42486632
2014-11-17 19:00:00,-0.5820371610827357,-0.4302748
2014-11-17 20:00:00,-0.5052319533505705,-0.40302533
2014-11-17 21:00:00,-0.4174545730852387,-0.43392578
2014-11-17 22:00:00,-0.3735658829525728,-0.42023045
2014-11-17 23:00:00,-0.307732847753574,-0.4687097
2014-11-18 00:00:00,-0.2089832949550758,-0.493985
2014-11-18 01:00:00,0.4164305394354129,-0.50529397
2014-11-18 02:00:00,0.2299036063715829,-0.50691724
2014-11-18 03:00:00,-0.2418998125545752,-0.49711472
2014-11-18 04:00:00,-0.2418998125545752,-0.5102174
2014-11-18 05:00:00,-0.4064824005520722,-0.23017156
2014-11-18 06:00:00,-0.6039815061490686,-0.1431738
2014-11-18 07:00:00,-0.6698145413480675,-0.33244422
2014-11-18 08:00:00,-0.658842368814901,-0.35782063
2014-11-18 09:00:00,-0.6368980237485681,-0.30928499
2014-11-18 10:00:00,-0.6478701962817346,-0.2401885
2014-11-18 11:00:00,-0.516204125883737,-0.20964886
2014-11-18 12:00:00,-0.5271762984169034,-0.20782714
2014-11-18 13:00:00,-0.4284267456184051,-0.20990482
2014-11-18 14:00:00,-0.4503710906847381,-0.22006993
2014-11-18 15:00:00,-0.516204125883737,-0.24699457
2014-11-18 16:00:00,-0.4503710906847381,-0.2435865
2014-11-18 17:00:00,-0.4064824005520722,-0.23459251
2014-11-18 18:00:00,-0.1541224322892434,0.049482144
2014-11-18 19:00:00,0.0653210183740859,0.19814368
2014-11-18 20:00:00,0.39448619436908,0.2684711
2014-11-18 21:00:00,0.6358739900987423,0.32676968
2014-11-18 22:00:00,0.9760113386269028,0.29096797
2014-11-18 23:00:00,1.1296217540912334,0.38521093
2014-11-19 00:00:00,1.3271208596882298,0.26658717
2014-11-19 01:00:00,1.7221190708822227,0.40822005
2014-11-19 02:00:00,2.5560041834028744,0.36432725
2014-11-19 03:00:00,2.9729467396632003,0.22091226
2014-11-19 04:00:00,2.7864198065993704,0.19616373
2014-11-19 05:00:00,1.8976738314128865,0.09674945
2014-11-19 06:00:00,1.70017472581589,0.009450564
2014-11-19 07:00:00,0.7126791978309076,-0.006867638
2014-11-19 08:00:00,1.0747608914254012,-0.0008211937
2014-11-19 09:00:00,1.9196181764792195,-0.008788129
2014-11-19 10:00:00,2.4133659404717105,-0.040078454
2014-11-19 11:00:00,2.0183677292777173,0.17674209
2014-11-19 12:00:00,2.6986424263340387,0.22440024
2014-11-19 13:00:00,2.314616387673212,0.26368228
2014-11-19 14:00:00,2.983918912196367,0.26420632
2014-11-19 15:00:00,3.2801675705918614,0.17241798
2014-11-19 16:00:00,2.9619745671300337,0.17281638
2014-11-19 17:00:00,2.4901711482038755,0.27811456
2014-11-19 18:00:00,2.6986424263340387,0.27769613
2014-11-19 19:00:00,2.753503288999871,0.3980091
2014-11-19 20:00:00,2.874197186864702,0.52052754
2014-11-19 21:00:00,3.225306707926029,0.52180153
2014-11-19 22:00:00,3.3898892959235263,0.6886849
2014-11-19 23:00:00,3.115584982594364,0.665104
2014-11-20 00:00:00,3.2143345353928625,0.54473215
2014-11-20 01:00:00,3.0716962924616986,0.8352176
2014-11-20 02:00:00,2.523087665803375,1.094173
2014-11-20 03:00:00,2.457254630604376,1.2597389
2014-11-20 04:00:00,2.566976355936041,1.0982208
2014-11-20 05:00:00,2.566976355936041,1.0062671
2014-11-20 06:00:00,2.940030222063701,0.96972746
2014-11-20 07:00:00,2.852252841798369,0.5580019
2014-11-20 08:00:00,2.457254630604376,0.7408666
2014-11-20 09:00:00,2.1829503172752145,0.9003708
2014-11-20 10:00:00,2.2487833524742133,1.1164938
2014-11-20 11:00:00,2.084200764476716,1.0145324
2014-11-20 12:00:00,2.347532905272712,1.1528565
2014-11-20 13:00:00,2.358505077805878,0.9626441
2014-11-20 14:00:00,2.25975552500738,1.0838273
2014-11-20 15:00:00,2.106145109543049,1.2437752
2014-11-20 16:00:00,2.358505077805878,1.1294667
2014-11-20 17:00:00,2.545032010869708,1.0708436
2014-11-20 18:00:00,2.6547537362013727,1.1292073
2014-11-20 19:00:00,2.6108650460687066,1.1355692
2014-11-20 20:00:00,3.016835429795866,0.91124374
2014-11-20 21:00:00,2.942562261879047,1.1763957
2014-11-20 22:00:00,2.868289093962228,1.2338104
2014-11-20 23:00:00,2.7940159260454083,1.1843854
2014-11-21 00:00:00,2.7197427581285893,1.0422157
2014-11-21 01:00:00,2.64546959021177,0.93112504
2014-11-21 02:00:00,2.5711964222949506,0.7173791
2014-11-21 03:00:00,2.496923254378132,0.8277628
2014-11-21 04:00:00,2.422650086461313,0.71802276
2014-11-21 05:00:00,2.348376918544494,0.8518838
2014-11-21 06:00:00,2.2741037506276744,0.82040197
2014-11-21 07:00:00,2.1998305827108555,0.98927796
2014-11-21 08:00:00,2.125557414794036,0.9198689
2014-11-21 09:00:00,2.0512842468772168,0.8396
2014-11-21 10:00:00,0.8443452682289052,0.65625376
2014-11-21 11:00:00,0.3615696767695806,0.7381368
2014-11-21 12:00:00,-0.0773172245570781,0.71507406
2014-11-21 13:00:00,-0.1980111224219093,0.7826917
2014-11-21 14:00:00,-0.1541224322892434,0.68639845
2014-11-21 15:00:00,-0.1321780872229105,0.60423213
2014-11-21 16:00:00,-0.7356475765470664,0.6664887
2014-11-21 17:00:00,-0.9221745096108964,0.7405411
2014-11-21 18:00:00,-0.8892579920113969,0.8693716
2014-11-21 19:00:00,-0.8563414744118975,0.81427175
2014-11-21 20:00:00,-0.7575919216133993,1.002695
2014-11-21 21:00:00,-0.6917588864144004,0.75927943
2014-11-21 22:00:00,-0.680786713881234,0.9361537
2014-11-21 23:00:00,-0.7685640941465657,0.9675892
2014-11-22 00:00:00,-0.9112023370777298,0.8114597
2014-11-22 01:00:00,-0.9989797173430616,0.75111043
2014-11-22 02:00:00,-0.9989797173430616,0.7220507
2014-11-22 03:00:00,-0.966063199743562,0.6686545
2014-11-22 04:00:00,-1.009951889876228,0.8147685
2014-11-22 05:00:00,-0.9880075448098952,0.662053
2014-11-22 06:00:00,-0.9550910272103956,0.60716605
2014-11-22 07:00:00,-0.9331466821440628,0.562159
2014-11-22 08:00:00,-0.7795362666797322,0.71398073
2014-11-22 09:00:00,-0.7575919216133993,0.7496781
2014-11-22 10:00:00,-0.6917588864144004,0.27523008
2014-11-22 11:00:00,-0.7027310589475669,0.22865279
2014-11-22 12:00:00,-0.7575919216133993,0.093762614
2014-11-22 13:00:00,-0.8124527842792316,0.023641923
2014-11-22 14:00:00,-0.7905084392128987,0.03253413
2014-11-22 15:00:00,-0.8124527842792316,-0.14839475
2014-11-22 16:00:00,-0.680786713881234,-0.38320023
2014-11-22 17:00:00,-0.5710649885495693,-0.48319554
2014-11-22 18:00:00,-0.3845380554857393,-0.5057939
2014-11-22 19:00:00,-0.2309276400214087,-0.5476364
2014-11-22 20:00:00,0.0104601557082535,-0.45935884
2014-11-22 21:00:00,0.2518479514379159,-0.40248317
2014-11-22 22:00:00,0.5042079197007447,-0.38839296
2014-11-22 23:00:00,0.2957366415705817,-0.42125914
2014-11-23 00:00:00,0.0762931909072524,-0.45391816
2014-11-23 01:00:00,0.0653210183740859,-0.47875097
2014-11-23 02:00:00,0.1750427437057506,-0.5171968
2014-11-23 03:00:00,-0.0005120168249128,-0.431661
2014-11-23 04:00:00,-0.0992615696234111,-0.42649165
2014-11-23 05:00:00,-0.0992615696234111,-0.42206225
2014-11-23 06:00:00,-0.0114841893580793,-0.38821056
2014-11-23 07:00:00,0.1092097085067518,-0.3663244
2014-11-23 08:00:00,0.1201818810399182,-0.35112494
2014-11-23 09:00:00,0.1421262261062512,-0.36244047
2014-11-23 10:00:00,0.0104601557082535,-0.31132743
2014-11-23 11:00:00,0.0104601557082535,-0.30674353
2014-11-23 12:00:00,0.1201818810399182,-0.31685838
2014-11-23 13:00:00,0.1530983986394176,-0.13571377
2014-11-23 14:00:00,0.20795926130525,-0.07775044
2014-11-23 15:00:00,0.4493470570349123,-0.13708703
2014-11-23 16:00:00,0.5371244373002441,-0.06901019
2014-11-23 17:00:00,0.3725418493027471,0.002214441
2014-11-23 18:00:00,0.4712914021012453,0.081458576
2014-11-23 19:00:00,0.8114287506294059,0.15698199
2014-11-23 20:00:00,0.8992061308947376,0.23517556
2014-11-23 21:00:00,0.8882339583615712,0.32200158
2014-11-23 22:00:00,0.9430948210274036,0.41397893
2014-11-23 23:00:00,1.0199000287595688,0.3794628
2014-11-24 00:00:00,1.5355921378183928,0.3141214
2014-11-24 01:00:00,2.07322859194355,0.32980418
2014-11-24 02:00:00,1.9964233842113843,0.4641638
2014-11-24 03:00:00,0.9650391660937364,0.27743244
2014-11-24 04:00:00,0.8224009231625723,0.36709982
2014-11-24 05:00:00,0.5480966098334106,0.39780247
2014-11-24 06:00:00,0.1750427437057506,0.4388421
2014-11-24 07:00:00,-0.0005120168249128,0.31946424
2014-11-24 08:00:00,-0.6368980237485681,0.26759067
2014-11-24 09:00:00,-0.6478701962817346,0.24344768
2014-11-24 10:00:00,-0.7685640941465657,0.17892174
2014-11-24 11:00:00,-0.7905084392128987,0.26150274
2014-11-24 12:00:00,-0.8892579920113969,0.2999609
2014-11-24 13:00:00,-0.8563414744118975,0.3830857
2014-11-24 14:00:00,-0.8563414744118975,0.41081852
2014-11-24 15:00:00,-0.8563414744118975,0.4139373
2014-11-24 16:00:00,-0.7575919216133993,0.41950962
2014-11-24 17:00:00,-0.7575919216133993,0.4750951
2014-11-24 18:00:00,-0.6149536786822352,0.5356118
2014-11-24 19:00:00,-0.5930093336159022,0.6404218
2014-11-24 20:00:00,-0.4174545730852387,0.60167116
2014-11-24 21:00:00,-0.2199554674882422,0.5818984
2014-11-24 22:00:00,0.3176809866369147,0.40475383
2014-11-24 23:00:00,0.1969870887720835,0.62810606
2014-11-25 00:00:00,-0.1102337421565775,0.66372603
2014-11-25 01:00:00,-0.2418998125545752,0.7864111
2014-11-25 02:00:00,-0.1541224322892434,0.75509125
2014-11-25 03:00:00,0.1201818810399182,0.5023095
2014-11-25 04:00:00,0.4822635746344118,0.41851327
2014-11-25 05:00:00,0.2299036063715829,0.32022566
2014-11-25 06:00:00,0.1311540535730847,0.18277575
2014-11-25 07:00:00,0.1201818810399182,0.11020977
2014-11-25 08:00:00,0.5042079197007447,-0.16837277
2014-11-25 09:00:00,0.6468461626319087,-0.14202403
2014-11-25 10:00:00,0.5590687823665771,-0.26587564
2014-11-25 11:00:00,0.4712914021012453,-0.33148313
2014-11-25 12:00:00,0.6249018175655758,-0.40557313
2014-11-25 13:00:00,0.8114287506294059,-0.17585541
2014-11-25 14:00:00,1.0857330639585676,-0.12581821
2014-11-25 15:00:00,1.0089278562264024,-0.17909172
2014-11-25 16:00:00,0.9760113386269028,-0.14524268
2014-11-25 17:00:00,0.6468461626319087,-0.11933657
2014-11-25 18:00:00,1.1515660991575665,-0.07832878
2014-11-25 19:00:00,1.425870412486728,-0.075737275
2014-11-25 20:00:00,1.9744790391450515,-0.010231724
2014-11-25 21:00:00,1.820868623680721,0.15109503
2014-11-25 22:00:00,2.314616387673212,0.35189164
2014-11-25 23:00:00,2.6547537362013727,0.3420771
2014-11-26 00:00:00,2.44628245807121,0.011554787
2014-11-26 01:00:00,2.1829503172752145,0.036236502
2014-11-26 02:00:00,2.007395556744551,-0.09796926
2014-11-26 03:00:00,1.7330912434153891,0.20418595
2014-11-26 04:00:00,1.5246199652852264,0.38064858
2014-11-26 05:00:00,1.491703447685727,0.34664735
2014-11-26 06:00:00,1.5465643103515594,0.097823136
2014-11-26 07:00:00,1.3819817223540622,0.031220788
2014-11-26 08:00:00,1.2612878244892312,0.13980691
2014-11-26 09:00:00,1.1076774090249004,0.42676544
2014-11-26 10:00:00,1.1076774090249004,0.49047762
2014-11-26 11:00:00,1.469759102619394,0.49130076
2014-11-26 12:00:00,1.5465643103515594,0.546086
2014-11-26 13:00:00,1.6453138631500577,0.5535789
2014-11-26 14:00:00,1.7440634159485555,0.60666233
2014-11-26 15:00:00,2.07322859194355,0.52418715
2014-11-26 16:00:00,2.523087665803375,0.47613475
2014-11-26 17:00:00,2.7425311164667043,0.3866906
2014-11-26 18:00:00,2.7425311164667043,0.48441118
2014-11-26 19:00:00,3.1594736727270303,0.6686191
2014-11-26 20:00:00,3.060724119928532,0.7584128
2014-11-26 21:00:00,3.6861379543190207,0.6963733
2014-11-26 22:00:00,4.410301341508008,0.7750744
2014-11-26 23:00:00,4.629744792171337,0.86329776
2014-11-27 00:00:00,4.059191820446681,0.8444261
2014-11-27 01:00:00,3.71905447191852,0.8712922
2014-11-27 02:00:00,2.874197186864702,0.8547525
2014-11-27 03:00:00,0.8333730956957388,0.6798063
2014-11-27 04:00:00,-0.0224563618912458,0.6579396
2014-11-27 05:00:00,-0.8343971293455645,0.65988034
2014-11-27 06:00:00,-0.8782858194782304,0.69989294
2014-11-27 07:00:00,-0.9770353722767288,0.5968414
2014-11-27 08:00:00,-0.9770353722767288,0.5347317
2014-11-27 09:00:00,-0.9441188546772292,0.5384799
2014-11-27 10:00:00,-0.9441188546772292,0.5416462
2014-11-27 11:00:00,-0.9221745096108964,0.6234079
2014-11-27 12:00:00,-0.9550910272103956,0.64743584
2014-11-27 13:00:00,-0.9550910272103956,0.57813925
2014-11-27 14:00:00,-0.9441188546772292,0.65787596
2014-11-27 15:00:00,-0.9002301645445634,0.7711561
2014-11-27 16:00:00,-0.9112023370777298,0.83865476
2014-11-27 17:00:00,-0.9221745096108964,0.90537345
2014-11-27 18:00:00,-0.8782858194782304,0.9246061
2014-11-27 19:00:00,-0.7685640941465657,1.0136003
2014-11-27 20:00:00,-0.8343971293455645,0.9977523
2014-11-27 21:00:00,-0.7246754040138998,1.2444414
2014-11-27 22:00:00,-0.6917588864144004,1.4419161
2014-11-27 23:00:00,-0.6698145413480675,1.513224
2014-11-28 00:00:00,-0.7246754040138998,1.4170431
2014-11-28 01:00:00,-0.6698145413480675,1.1844716
2014-11-28 02:00:00,-0.5600928160164028,0.9279335
2014-11-28 03:00:00,-0.5381484709500699,0.24814053
2014-11-28 04:00:00,-0.5271762984169034,-0.10843026
2014-11-28 05:00:00,-0.329677192819907,-0.42034408
2014-11-28 06:00:00,-0.1870389498887428,-0.49722338
2014-11-28 07:00:00,-0.0882893970902446,-0.44752163
2014-11-28 08:00:00,-0.0553728794907452,-0.43169063
2014-11-28 09:00:00,-0.1870389498887428,-0.505463
2014-11-28 10:00:00,-0.3735658829525728,-0.5296262
2014-11-28 11:00:00,-0.3735658829525728,-0.5628943
2014-11-28 12:00:00,-0.2528719850877416,-0.49764693
2014-11-28 13:00:00,-0.2857885026872411,-0.5720065
2014-11-28 14:00:00,-0.329677192819907,-0.6046091
2014-11-28 15:00:00,-0.1541224322892434,-0.62050855
2014-11-28 16:00:00,-0.1102337421565775,-0.65220124
2014-11-28 17:00:00,-0.0992615696234111,-0.674572
2014-11-28 18:00:00,-0.0114841893580793,-0.6764854
2014-11-28 19:00:00,0.3176809866369147,-0.53012484
2014-11-28 20:00:00,0.745595715430407,-0.5175309
2014-11-28 21:00:00,1.096705236491734,-0.49762577
2014-11-28 22:00:00,1.2503156519560643,-0.3297335
2014-11-28 23:00:00,1.217399134356565,-0.4410219
2014-11-29 00:00:00,1.305176514621897,-0.46707526
2014-11-29 01:00:00,1.5026756202188931,-0.4448517
2014-11-29 02:00:00,1.6233695180837246,-0.40372092
2014-11-29 03:00:00,1.6892025532827233,-0.3291131
2014-11-29 04:00:00,1.6892025532827233,-0.2652674
2014-11-29 05:00:00,1.6672582082163905,-0.14426397
2014-11-29 06:00:00,1.941562521545552,-0.05986931
2014-11-29 07:00:00,2.095172937009883,-0.019785574
2014-11-29 08:00:00,2.0512842468772168,-0.004304474
2014-11-29 09:00:00,2.1390616271425484,-0.051798306
2014-11-29 10:00:00,2.0512842468772168,-0.11089576
2014-11-29 11:00:00,2.4682268031375427,0.07804073
2014-11-29 12:00:00,2.2048946623415477,0.1403269
2014-11-29 13:00:00,2.314616387673212,0.15336318
2014-11-29 14:00:00,2.9510023945968675,0.07402683
2014-11-29 15:00:00,3.0716962924616986,0.108169
2014-11-29 16:00:00,3.2143345353928625,0.12733357
2014-11-29 17:00:00,2.676698081267705,0.13663544
2014-11-29 18:00:00,2.6657259087345397,0.16215332
2014-11-29 19:00:00,2.6657259087345397,0.2523976
2014-11-29 20:00:00,2.44628245807121,0.3810893
2014-11-29 21:00:00,2.501143320737042,0.50201523
2014-11-29 22:00:00,2.3255885602063784,0.5257496
2014-11-29 23:00:00,1.798924278614388,0.5333322
2014-11-30 00:00:00,1.5575364828847258,0.57741433
2014-11-30 01:00:00,1.6892025532827233,0.74847955
2014-11-30 02:00:00,1.1405939266243998,0.74783474
2014-11-30 03:00:00,1.0308722012927352,0.60089296
2014-11-30 04:00:00,1.3929538948872286,0.5428768
2014-11-30 05:00:00,1.5575364828847258,0.50246066
2014-11-30 06:00:00,1.4807312751525603,0.54536396
2014-11-30 07:00:00,0.745595715430407,0.82717365
2014-11-30 08:00:00,-0.8782858194782304,0.87890446
2014-11-30 09:00:00,-0.9002301645445634,0.6910364
2014-11-30 10:00:00,-0.9221745096108964,0.88162297
2014-11-30 11:00:00,-0.8343971293455645,1.0158827
2014-11-30 12:00:00,-0.845369301878731,0.9617705
2014-11-30 13:00:00,-0.7027310589475669,0.98225176
2014-11-30 14:00:00,-0.6259258512154017,1.0770556
2014-11-30 15:00:00,-0.7685640941465657,1.1738161
2014-11-30 16:00:00,-0.8892579920113969,0.98166853
2014-11-30 17:00:00,-0.9441188546772292,0.8732417
2014-11-30 18:00:00,-0.9002301645445634,0.77411264
2014-11-30 19:00:00,-0.8014806117460651,0.81531775
2014-11-30 20:00:00,-0.7575919216133993,0.7472692
2014-11-30 21:00:00,-0.6149536786822352,0.73015004
2014-11-30 22:00:00,-0.7466197490802328,0.6799274
2014-11-30 23:00:00,-0.7356475765470664,0.5309376
2014-12-01 00:00:00,-0.5710649885495693,0.6096687
2014-12-01 01:00:00,-0.7027310589475669,0.4076926
2014-12-01 02:00:00,-0.823424956812398,0.29438466
2014-12-01 03:00:00,-0.867313646945064,0.26839635
2014-12-01 04:00:00,-0.9550910272103956,0.36017808
2014-12-01 05:00:00,-0.9550910272103956,0.41726932
2014-12-01 06:00:00,-0.966063199743562,0.39401796
2014-12-01 07:00:00,-0.9550910272103956,0.1693239
2014-12-01 08:00:00,-0.966063199743562,-0.33501878
2014-12-01 09:00:00,-0.9770353722767288,-0.4179147
2014-12-01 10:00:00,-0.9880075448098952,-0.47865278
2014-12-01 11:00:00,-0.966063199743562,-0.52035546
2014-12-01 12:00:00,-0.9441188546772292,-0.5600042
2014-12-01 13:00:00,-0.9770353722767288,-0.55295426
2014-12-01 14:00:00,-0.9880075448098952,-0.5592646
2014-12-01 15:00:00,-0.9989797173430616,-0.6270741
2014-12-01 16:00:00,-0.9989797173430616,-0.6532628
2014-12-01 17:00:00,-1.009951889876228,-0.6755941
2014-12-01 18:00:00,-0.9989797173430616,-0.6468755
2014-12-01 19:00:00,-0.9331466821440628,-0.64074856
2014-12-01 20:00:00,-0.8892579920113969,-0.619425
2014-12-01 21:00:00,-1.009951889876228,-0.5663335
2014-12-01 22:00:00,-0.9331466821440628,-0.59015316
2014-12-01 23:00:00,-1.009951889876228,-0.5897575
2014-12-02 00:00:00,-0.9331466821440628,-0.5585055
2014-12-02 01:00:00,-0.9770353722767288,-0.59833544
2014-12-02 02:00:00,-0.9550910272103956,-0.6176738
2014-12-02 03:00:00,-0.9770353722767288,-0.646758
2014-12-02 04:00:00,-0.9550910272103956,-0.67915255
2014-12-02 05:00:00,-0.9770353722767288,-0.6970205
2014-12-02 06:00:00,-0.966063199743562,-0.7206324
2014-12-02 07:00:00,-0.9550910272103956,-0.7077005
2014-12-02 08:00:00,-0.9770353722767288,-0.6599495
2014-12-02 09:00:00,-0.8124527842792316,-0.6398881
2014-12-02 10:00:00,-0.845369301878731,-0.638174
2014-12-02 11:00:00,-0.6259258512154017,-0.65808916
2014-12-02 12:00:00,-0.5271762984169034,-0.6702626
2014-12-02 13:00:00,-0.2638441576209081,-0.71476585
2014-12-02 14:00:00,-0.3735658829525728,-0.7575044
2014-12-02 15:00:00,-0.658842368814901,-0.76655793
2014-12-02 16:00:00,-0.3625937104194063,-0.7657425
2014-12-02 17:00:00,-0.2089832949550758,-0.7660139
2014-12-02 18:00:00,-0.0444007069575787,-0.77449304
2014-12-02 19:00:00,0.0872653634404188,-0.7713809
2014-12-02 20:00:00,-0.0114841893580793,-0.7503755
2014-12-02 21:00:00,0.1201818810399182,-0.79603565
2014-12-02 22:00:00,0.2189314338384165,-0.77915645
2014-12-02 23:00:00,0.2737922965042488,-0.8005987
2014-12-03 00:00:00,0.2518479514379159,-0.7942618
2014-12-03 01:00:00,0.2847644690374153,-0.802102
2014-12-03 02:00:00,0.1201818810399182,-0.5294036
2014-12-03 03:00:00,-0.8124527842792316,-0.49050224
2014-12-03 04:00:00,-0.9770353722767288,-0.46916965
2014-12-03 05:00:00,-0.9550910272103956,-0.4636804
2014-12-03 06:00:00,-0.9989797173430616,-0.43749356
2014-12-03 07:00:00,-0.9989797173430616,-0.31560165
2014-12-03 08:00:00,-0.9550910272103956,-0.2954627
2014-12-03 09:00:00,-0.9112023370777298,-0.22204903
2014-12-03 10:00:00,-0.9221745096108964,-0.23059784
2014-12-03 11:00:00,-0.9770353722767288,0.005023936
2014-12-03 12:00:00,-0.9770353722767288,0.0884786
2014-12-03 13:00:00,-0.9112023370777298,0.17611848
2014-12-03 14:00:00,-0.9989797173430616,0.16345276
2014-12-03 15:00:00,-0.9989797173430616,0.016511003
2014-12-03 16:00:00,-0.9770353722767288,0.08568319
2014-12-03 17:00:00,-1.009951889876228,0.12920074
2014-12-03 18:00:00,-0.9331466821440628,0.18479173
2014-12-03 19:00:00,-0.9441188546772292,0.3429211
2014-12-03 20:00:00,-0.9989797173430616,0.3549073
2014-12-03 21:00:00,-1.0209240624093945,0.42472264
2014-12-03 22:00:00,-1.0318962349425609,0.2218615
2014-12-03 23:00:00,-1.009951889876228,0.26198977
2014-12-04 00:00:00,-0.9770353722767288,0.23774363
2014-12-04 01:00:00,-0.9989797173430616,0.24526383
2014-12-04 02:00:00,-0.9770353722767288,0.1718178
2014-12-04 03:00:00,-0.9989797173430616,0.10567955
2014-12-04 04:00:00,-1.009951889876228,-0.11996301
2014-12-04 05:00:00,-1.0428684074757275,-0.16229433
2014-12-04 06:00:00,-1.0318962349425609,-0.18977062
2014-12-04 07:00:00,-0.9989797173430616,-0.20291652
2014-12-04 08:00:00,-1.0318962349425609,-0.1952978
2014-12-04 09:00:00,-1.0209240624093945,-0.18953823
2014-12-04 10:00:00,-1.0209240624093945,-0.21263222
2014-12-04 11:00:00,-1.0318962349425609,-0.2895199
2014-12-04 12:00:00,-0.9989797173430616,-0.3512552
2014-12-04 13:00:00,-0.9770353722767288,-0.38812572
2014-12-04 14:00:00,-0.9880075448098952,-0.43779504
2014-12-04 15:00:00,-0.9880075448098952,-0.44018495
2014-12-04 16:00:00,-1.009951889876228,-0.44754547
2014-12-04 17:00:00,-1.0209240624093945,-0.47455305
2014-12-04 18:00:00,-0.9880075448098952,-0.45198852
2014-12-04 19:00:00,-1.009951889876228,-0.4669871
2014-12-04 20:00:00,-0.9112023370777298,-0.48088443
2014-12-04 21:00:00,-0.9989797173430616,-0.49327087
2014-12-04 22:00:00,-0.9002301645445634,-0.4879604
2014-12-04 23:00:00,-0.9880075448098952,-0.4805948
2014-12-05 00:00:00,-1.0318962349425609,-0.4728121
2014-12-05 01:00:00,-1.0318962349425609,-0.4721914
2014-12-05 02:00:00,-0.9989797173430616,-0.46809745
2014-12-05 03:00:00,-1.009951889876228,-0.46255565
2014-12-05 04:00:00,-1.0209240624093945,-0.44941795
2014-12-05 05:00:00,-1.009951889876228,-0.44901413
2014-12-05 06:00:00,-0.9441188546772292,-0.36964738
2014-12-05 07:00:00,-0.966063199743562,-0.28337145
2014-12-05 08:00:00,-0.823424956812398,-0.25934267
2014-12-05 09:00:00,-0.9770353722767288,-0.25638688
2014-12-05 10:00:00,-0.9221745096108964,-0.25969338
2014-12-05 11:00:00,-0.9112023370777298,-0.27491525
2014-12-05 12:00:00,-0.9550910272103956,-0.28427842
2014-12-05 13:00:00,-0.9989797173430616,-0.30230895
2014-12-05 14:00:00,-0.991664935654284,-0.31124833
2014-12-05 15:00:00,-0.9843501539655064,-0.32420564
2014-12-05 16:00:00,-0.9770353722767288,-0.33554637
2014-12-05 17:00:00,-0.9770353722767288,-0.3366964
2014-12-05 18:00:00,-0.7466197490802328,-0.32044733
2014-12-05 19:00:00,-0.0334285344244122,-0.31850052
2014-12-05 20:00:00,0.1640705711725841,-0.29681975
2014-12-05 21:00:00,0.3286531591700812,-0.23115948
2014-12-05 22:00:00,0.4164305394354129,-0.19091147
2014-12-05 23:00:00,0.6358739900987423,-0.20533635
2014-12-06 00:00:00,0.4383748845017459,-0.22130957
2014-12-06 01:00:00,0.5480966098334106,-0.20983635
2014-12-06 02:00:00,0.5371244373002441,-0.20120521
2014-12-06 03:00:00,0.0982375359735853,-0.1995672
2014-12-06 04:00:00,-0.1760667773555763,-0.24495365
2014-12-06 05:00:00,-0.4393989181515716,0.0050757322
2014-12-06 06:00:00,-0.680786713881234,-0.06815203
2014-12-06 07:00:00,-0.7466197490802328,-0.19241367
2014-12-06 08:00:00,-0.6149536786822352,-0.11024257
2014-12-06 09:00:00,-0.7575919216133993,-0.16001073
2014-12-06 10:00:00,-0.7575919216133993,-0.15714973
2014-12-06 11:00:00,-0.7685640941465657,-0.17652301
2014-12-06 12:00:00,-0.9221745096108964,-0.21891122
2014-12-06 13:00:00,-0.9112023370777298,-0.25998735
2014-12-06 14:00:00,-0.8892579920113969,-0.281788
2014-12-06 15:00:00,-0.7356475765470664,-0.32687873
2014-12-06 16:00:00,-0.3187050202867404,-0.16388537
2014-12-06 17:00:00,-0.3735658829525728,-0.28338367
2014-12-06 18:00:00,-0.4284267456184051,-0.063936196
2014-12-06 19:00:00,-0.1870389498887428,0.17095803
2014-12-06 20:00:00,0.2408757789047494,0.38830623
2014-12-06 21:00:00,0.20795926130525,0.4101242
2014-12-06 22:00:00,-0.0553728794907452,0.3467444
2014-12-06 23:00:00,-0.0773172245570781,0.38844424
2014-12-07 00:00:00,0.02143232824142,0.51684386
2014-12-07 01:00:00,0.8114287506294059,0.43796772
2014-12-07 02:00:00,0.4054583669022464,0.58003706
2014-12-07 03:00:00,-0.2199554674882422,0.3317941
2014-12-07 04:00:00,-0.4064824005520722,0.3801426
2014-12-07 05:00:00,-0.307732847753574,0.14751226
2014-12-07 06:00:00,-0.4503710906847381,0.038765557
2014-12-07 07:00:00,-0.4503710906847381,0.012990395
2014-12-07 08:00:00,-0.307732847753574,0.015259454
2014-12-07 09:00:00,-0.2309276400214087,-0.123146825
2014-12-07 10:00:00,-0.2528719850877416,-0.17885841
2014-12-07 11:00:00,-0.0444007069575787,-0.21615882
2014-12-07 12:00:00,-0.5052319533505705,-0.0336233
2014-12-07 13:00:00,-0.7246754040138998,0.029553602
2014-12-07 14:00:00,-0.9002301645445634,-0.0135129
2014-12-07 15:00:00,-0.8563414744118975,0.02963292
2014-12-07 16:00:00,-0.867313646945064,0.14390314
2014-12-07 17:00:00,-0.9331466821440628,0.15992914
2014-12-07 18:00:00,-0.9550910272103956,0.13740638
2014-12-07 19:00:00,-0.9770353722767288,0.16932113
2014-12-07 20:00:00,-0.9112023370777298,0.2590763
2014-12-07 21:00:00,-0.9002301645445634,0.35538214
2014-12-07 22:00:00,-0.9221745096108964,0.068603344
2014-12-07 23:00:00,-0.9112023370777298,0.24563883
2014-12-08 00:00:00,-0.9002301645445634,0.31202912
2014-12-08 01:00:00,-0.9221745096108964,0.5436997
2014-12-08 02:00:00,-0.9331466821440628,0.46302786
2014-12-08 03:00:00,-0.9112023370777298,0.2476344
2014-12-08 04:00:00,-0.8892579920113969,0.24080797
2014-12-08 05:00:00,-0.9331466821440628,0.22161926
2014-12-08 06:00:00,-0.8563414744118975,0.2887556
2014-12-08 07:00:00,-0.8782858194782304,0.2357346
2014-12-08 08:00:00,-0.867313646945064,0.26195142
2014-12-08 09:00:00,-0.7466197490802328,0.29191408
2014-12-08 10:00:00,-0.8782858194782304,0.37716445
2014-12-08 11:00:00,-0.7575919216133993,0.24807088
2014-12-08 12:00:00,-0.658842368814901,0.039771654
2014-12-08 13:00:00,0.02143232824142,-0.10258249
2014-12-08 14:00:00,0.186014916238917,-0.18982576
2014-12-08 15:00:00,-0.0005120168249128,-0.21314114
2014-12-08 16:00:00,0.1969870887720835,-0.23540609
2014-12-08 17:00:00,0.39448619436908,-0.2587754
2014-12-08 18:00:00,0.4109444531688297,-0.27243817
2014-12-08 19:00:00,0.4274027119685794,-0.2945145
2014-12-08 20:00:00,0.4438609707683291,-0.2857764
2014-12-08 21:00:00,0.4603192295680788,-0.31375262
2014-12-08 22:00:00,0.4767774883678285,-0.28653905
2014-12-08 23:00:00,0.4932357471675782,-0.2839603
2014-12-09 00:00:00,0.8772617858284046,-0.27982724
2014-12-09 01:00:00,1.0226430718928603,-0.31556487
2014-12-09 02:00:00,1.1680243579573162,-0.25860164
2014-12-09 03:00:00,1.3134056440217718,-0.18890049
2014-12-09 04:00:00,1.4587869300862275,-0.16407354
2014-12-09 05:00:00,1.6041682161506832,-0.15848432
2014-12-09 06:00:00,1.749549502215139,-0.11982592
2014-12-09 07:00:00,1.8949307882795947,-0.11175322
2014-12-09 08:00:00,2.0403120743440506,0.071259655
2014-12-09 09:00:00,2.1856933604085063,-0.008682391
2014-12-09 10:00:00,2.331074646472962,-0.08213895
2014-12-09 11:00:00,2.4764559325374176,0.113092
2014-12-09 12:00:00,2.621837218601873,0.22089082
2014-12-09 13:00:00,2.797391979132537,0.45123354
2014-12-09 14:00:00,3.1594736727270303,0.5423336
2014-12-09 15:00:00,3.181418017793363,0.4441827
2014-12-09 16:00:00,3.016835429795866,0.5741851
2014-12-09 17:00:00,2.9290580495305343,0.67812485
2014-12-09 18:00:00,2.7644754615330376,0.64437234
2014-12-09 19:00:00,2.753503288999871,0.6484453
2014-12-09 20:00:00,2.808364151665703,0.66806287
2014-12-09 21:00:00,2.9290580495305343,0.6793702
2014-12-09 22:00:00,2.8632250143315354,0.51491064
2014-12-09 23:00:00,2.7425311164667043,0.71969324
2014-12-10 00:00:00,2.314616387673212,0.79113466
2014-12-10 01:00:00,2.402393767938544,0.921757
2014-12-10 02:00:00,2.5340598383365416,0.9070012
2014-12-10 03:00:00,2.2268390074078805,1.0292579
2014-12-10 04:00:00,2.2048946623415477,1.0859367
2014-12-10 05:00:00,2.25975552500738,1.1332436
2014-12-10 06:00:00,2.314616387673212,1.1813564
2014-12-10 07:00:00,2.391421595405377,1.2303575
2014-12-10 08:00:00,2.4682268031375427,1.1753806
2014-12-10 09:00:00,0.5700409548997435,1.0382785
2014-12-10 10:00:00,-0.3845380554857393,1.2716713
2014-12-10 11:00:00,-0.472315435751071,1.0760773
2014-12-10 12:00:00,-0.4064824005520722,1.2701868
2014-12-10 13:00:00,-0.4174545730852387,1.3036169
2014-12-10 14:00:00,-0.6039815061490686,1.3007878
2014-12-10 15:00:00,-0.8892579920113969,1.374395
2014-12-10 16:00:00,-0.867313646945064,1.3440717
2014-12-10 17:00:00,-0.9550910272103956,1.0684007
2014-12-10 18:00:00,-0.7575919216133993,1.052152
2014-12-10 19:00:00,-0.9112023370777298,1.0233383
2014-12-10 20:00:00,-0.9441188546772292,1.014678
2014-12-10 21:00:00,-0.9550910272103956,1.0332724
2014-12-10 22:00:00,-0.9221745096108964,0.94722545
2014-12-10 23:00:00,-0.9002301645445634,0.95586157
2014-12-11 00:00:00,-0.9002301645445634,0.99773425
2014-12-11 01:00:00,-0.8782858194782304,0.9580025
2014-12-11 02:00:00,-0.9112023370777298,0.98156714
2014-12-11 03:00:00,-0.9989797173430616,0.895798
2014-12-11 04:00:00,-0.9221745096108964,0.7829614
2014-12-11 05:00:00,-0.9441188546772292,0.9305801
2014-12-11 06:00:00,-1.0209240624093945,0.96478546
2014-12-11 07:00:00,-0.9331466821440628,0.99128586
2014-12-11 08:00:00,-0.9770353722767288,0.8638014
2014-12-11 09:00:00,-0.9550910272103956,0.2461537
2014-12-11 10:00:00,-0.9221745096108964,-0.101165704
2014-12-11 11:00:00,-0.9441188546772292,-0.20083667
2014-12-11 12:00:00,-0.9441188546772292,-0.2633506
2014-12-11 13:00:00,-0.9441188546772292,-0.31375164
2014-12-11 14:00:00,-0.9441188546772292,-0.390027
2014-12-11 15:00:00,-0.966063199743562,-0.5025011
2014-12-11 16:00:00,-0.7795362666797322,-0.50997066
2014-12-11 17:00:00,-0.658842368814901,-0.5113648
2014-12-11 18:00:00,-0.0882893970902446,-0.45448008
2014-12-11 19:00:00,-0.2638441576209081,-0.48029178
2014-12-11 20:00:00,-0.2089832949550758,-0.48779607
2014-12-11 21:00:00,-0.7466197490802328,-0.5070155
2014-12-11 22:00:00,-0.9989797173430616,-0.49238878
2014-12-11 23:00:00,-0.966063199743562,-0.48822516
2014-12-12 00:00:00,-1.009951889876228,-0.49995553
2014-12-12 01:00:00,-1.009951889876228,-0.50800854
2014-12-12 02:00:00,-1.009951889876228,-0.5279722
2014-12-12 03:00:00,-0.9989797173430616,-0.5415798
2014-12-12 04:00:00,-0.966063199743562,-0.52399683
2014-12-12 05:00:00,-0.9441188546772292,-0.54942715
2014-12-12 06:00:00,-0.9989797173430616,-0.59891254
2014-12-12 07:00:00,-1.0209240624093945,-0.5983853
2014-12-12 08:00:00,-1.009951889876228,-0.5851183
2014-12-12 09:00:00,-0.966063199743562,-0.4396342
2014-12-12 10:00:00,-0.9550910272103956,-0.37624392
2014-12-12 11:00:00,-0.9989797173430616,-0.28321922
2014-12-12 12:00:00,-0.9112023370777298,-0.28234833
2014-12-12 13:00:00,-0.9002301645445634,-0.28448805
2014-12-12 14:00:00,-0.9441188546772292,-0.28433582
2014-12-12 15:00:00,-0.9880075448098952,-0.2824751
2014-12-12 16:00:00,-0.966063199743562,-0.11715373
2014-12-12 17:00:00,-0.9989797173430616,0.06649882
2014-12-12 18:00:00,-0.9441188546772292,0.18964066
2014-12-12 19:00:00,-0.9112023370777298,0.16194989
2014-12-12 20:00:00,-0.867313646945064,0.115428306
2014-12-12 21:00:00,-0.5820371610827357,-0.06966946
2014-12-12 22:00:00,-0.9002301645445634,-0.1571655
2014-12-12 23:00:00,-0.9331466821440628,-0.16596599
2014-12-13 00:00:00,-0.966063199743562,-0.18427534
2014-12-13 01:00:00,-0.9221745096108964,-0.2110119
2014-12-13 02:00:00,-0.9331466821440628,-0.2219244
2014-12-13 03:00:00,-0.9550910272103956,-0.22379942
2014-12-13 04:00:00,-0.9221745096108964,-0.22128625
2014-12-13 05:00:00,-0.9221745096108964,-0.2247568
2014-12-13 06:00:00,-0.9880075448098952,-0.24303429
2014-12-13 07:00:00,-0.9550910272103956,-0.26432925
2014-12-13 08:00:00,-0.7356475765470664,-0.2586206
2014-12-13 09:00:00,-0.6917588864144004,-0.26982576
2014-12-13 10:00:00,-0.7027310589475669,-0.29080617
2014-12-13 11:00:00,-0.516204125883737,-0.34104902
2014-12-13 12:00:00,-0.4613432632179046,-0.35630232
2014-12-13 13:00:00,-0.5930093336159022,-0.37590727
2014-12-13 14:00:00,-0.6259258512154017,-0.40602326
2014-12-13 15:00:00,-0.6478701962817346,-0.42933673
2014-12-13 16:00:00,-0.6149536786822352,-0.45668006
2014-12-13 17:00:00,-0.307732847753574,-0.505923
2014-12-13 18:00:00,-0.2199554674882422,-0.1987246
2014-12-13 19:00:00,-0.1541224322892434,-0.0930065
2014-12-13 20:00:00,-0.1980111224219093,-0.0115671065
2014-12-13 21:00:00,-0.1541224322892434,0.050967135
2014-12-13 22:00:00,-0.0224563618912458,0.0940242
2014-12-13 23:00:00,0.1311540535730847,0.11586676
2014-12-14 00:00:00,0.2847644690374153,0.14554717
2014-12-14 01:00:00,1.0089278562264024,0.17170434
2014-12-14 02:00:00,1.2283713068897315,0.11710585
2014-12-14 03:00:00,0.4822635746344118,0.18498237
2014-12-14 04:00:00,0.0762931909072524,0.12828207
2014-12-14 05:00:00,-0.1541224322892434,0.18345313
2014-12-14 06:00:00,-0.1102337421565775,0.20300508
2014-12-14 07:00:00,-0.0553728794907452,0.06777928
2014-12-14 08:00:00,-0.3187050202867404,0.0016829167
2014-12-14 09:00:00,-0.2638441576209081,0.21792379
2014-12-14 10:00:00,-0.2748163301540746,0.08140341
2014-12-14 11:00:00,-0.4613432632179046,0.19626836
2014-12-14 12:00:00,-0.516204125883737,0.2950424
2014-12-14 13:00:00,-0.4503710906847381,0.1887261
2014-12-14 14:00:00,-0.5600928160164028,0.22563161
2014-12-14 15:00:00,-0.6149536786822352,0.15439434
2014-12-14 16:00:00,-0.5491206434832363,0.13613725
2014-12-14 17:00:00,-0.3516215378862399,0.21800993
2014-12-14 18:00:00,0.1092097085067518,0.21700777
2014-12-14 19:00:00,0.3176809866369147,0.22390606
2014-12-14 20:00:00,0.2518479514379159,0.3281891
2014-12-14 21:00:00,0.0982375359735853,0.120342664
2014-12-14 22:00:00,0.3505975042364141,0.3386514
2014-12-14 23:00:00,0.6578183351650753,0.44749486
2014-12-15 00:00:00,0.7346235428972405,0.51559335
2014-12-15 01:00:00,1.7221190708822227,0.7233321
2014-12-15 02:00:00,2.095172937009883,0.5704723
2014-12-15 03:00:00,2.2487833524742133,0.39718226
2014-12-15 04:00:00,2.270727697540546,0.26563695
2014-12-15 05:00:00,2.117117282076216,0.16492806
2014-12-15 06:00:00,1.8537851412802204,0.15175742
2014-12-15 07:00:00,-0.5820371610827357,0.17507471
2014-12-15 08:00:00,-0.8343971293455645,0.112409614
2014-12-15 09:00:00,-0.9112023370777298,-0.007772779
2014-12-15 10:00:00,-0.966063199743562,0.028354237
2014-12-15 11:00:00,-0.9989797173430616,-0.061764322
2014-12-15 12:00:00,-0.9880075448098952,0.06721581
2014-12-15 13:00:00,-0.9989797173430616,0.114924066
2014-12-15 14:00:00,-0.9770353722767288,0.09422626
2014-12-15 15:00:00,-1.009951889876228,0.0134122465
2014-12-15 16:00:00,-0.9550910272103956,0.022792885
2014-12-15 17:00:00,-0.966063199743562,0.08610175
2014-12-15 18:00:00,-0.9880075448098952,0.23166148
2014-12-15 19:00:00,-0.9989797173430616,0.3097178
2014-12-15 20:00:00,-0.9002301645445634,0.3807673
2014-12-15 21:00:00,-0.9880075448098952,0.31658617
2014-12-15 22:00:00,-0.9770353722767288,0.33977628
2014-12-15 23:00:00,-0.9770353722767288,0.407645
2014-12-16 00:00:00,-1.0318962349425609,0.5227626
2014-12-16 01:00:00,-1.0318962349425609,0.7819981
2014-12-16 02:00:00,-1.0318962349425609,0.67983335
2014-12-16 03:00:00,-1.0428684074757275,0.78434616
2014-12-16 04:00:00,-0.9880075448098952,0.9835226
2014-12-16 05:00:00,-0.9989797173430616,0.83234566
2014-12-16 06:00:00,-0.9770353722767288,0.9138007
2014-12-16 07:00:00,-0.9770353722767288,0.085229285
2014-12-16 08:00:00,-1.009951889876228,-0.086466946
2014-12-16 09:00:00,-0.966063199743562,-0.15610683
2014-12-16 10:00:00,-0.9331466821440628,-0.20964275
2014-12-16 11:00:00,-0.9770353722767288,-0.25061974
2014-12-16 12:00:00,-0.9989797173430616,-0.29314876
2014-12-16 13:00:00,-0.823424956812398,-0.34001866
2014-12-16 14:00:00,-0.845369301878731,-0.3626796
2014-12-16 15:00:00,-0.9550910272103956,-0.37047058
2014-12-16 16:00:00,-1.009951889876228,-0.35683715
2014-12-16 17:00:00,-0.9880075448098952,-0.35220468
2014-12-16 18:00:00,-0.9770353722767288,-0.3833205
2014-12-16 19:00:00,-0.966063199743562,-0.4062032
2014-12-16 20:00:00,-0.9441188546772292,-0.40006703
2014-12-16 21:00:00,-0.9441188546772292,-0.42696714
2014-12-16 22:00:00,-0.9880075448098952,-0.4467024
2014-12-16 23:00:00,-1.009951889876228,-0.47552323
2014-12-17 00:00:00,-0.9989797173430616,-0.5186905
2014-12-17 01:00:00,-0.9989797173430616,-0.58153844
2014-12-17 02:00:00,-1.009951889876228,-0.5935476
2014-12-17 03:00:00,-0.9112023370777298,-0.62702656
2014-12-17 04:00:00,-0.7685640941465657,-0.64490694
2014-12-17 05:00:00,-0.6259258512154017,-0.6471898
2014-12-17 06:00:00,-0.472315435751071,-0.6653218
2014-12-17 07:00:00,-0.3845380554857393,-0.59452325
2014-12-17 08:00:00,-0.2199554674882422,-0.54520327
2014-12-17 09:00:00,-0.1321780872229105,-0.51879305
2014-12-17 10:00:00,-0.0444007069575787,-0.51311743
2014-12-17 11:00:00,0.2299036063715829,-0.53921074
2014-12-17 12:00:00,0.5700409548997435,-0.5644646
2014-12-17 13:00:00,0.7894844055630729,-0.55174005
2014-12-17 14:00:00,0.3067088141037483,-0.56741977
2014-12-17 15:00:00,-0.2528719850877416,-0.60855
2014-12-17 16:00:00,-0.3845380554857393,-0.64007914
2014-12-17 17:00:00,-0.2309276400214087,-0.6433864
2014-12-17 18:00:00,-0.0773172245570781,-0.6402058
2014-12-17 19:00:00,0.0433766733077529,-0.6390723
2014-12-17 20:00:00,1.118649581558067,-0.64132696
2014-12-17 21:00:00,1.5904530004842252,-0.6530875
2014-12-17 22:00:00,1.3710095498208958,-0.6819344
2014-12-17 23:00:00,0.8772617858284046,-0.7040328
2014-12-18 00:00:00,0.8772617858284046,-0.7135496
2014-12-18 01:00:00,0.76754006049674,-0.7320273
2014-12-18 02:00:00,0.6578183351650753,-0.33029044
2014-12-18 03:00:00,0.5042079197007447,-0.19706066
2014-12-18 04:00:00,0.2737922965042488,-0.12712353
2014-12-18 05:00:00,0.3286531591700812,-0.06538891
2014-12-18 06:00:00,0.4164305394354129,0.01979808
2014-12-18 07:00:00,0.5151800922339111,0.1684726
2014-12-18 08:00:00,0.3835140218359135,0.28346798
2014-12-18 09:00:00,0.39448619436908,0.33331376
2014-12-18 10:00:00,0.2628201239710824,0.12639241
2014-12-18 11:00:00,0.3835140218359135,0.13921924
2014-12-18 12:00:00,0.3505975042364141,0.45974752
2014-12-18 13:00:00,0.3615696767695806,0.48753348
2014-12-18 14:00:00,0.4603192295680788,0.35591865
2014-12-18 15:00:00,0.6907348527645747,0.19444077
2014-12-18 16:00:00,0.7236513703640741,0.15410818
2014-12-18 17:00:00,0.9760113386269028,0.31101742
2014-12-18 18:00:00,1.118649581558067,0.14291202
2014-12-18 19:00:00,1.4039260674203953,0.13555034
2014-12-18 20:00:00,1.5355921378183928,0.662174
2014-12-18 21:00:00,1.4807312751525603,0.8959316
2014-12-18 22:00:00,1.6672582082163905,0.8905214
2014-12-18 23:00:00,1.6892025532827233,0.6320373
2014-12-19 00:00:00,1.9086460039460529,0.49833557
2014-12-19 01:00:00,1.6782303807495569,0.5208022
2014-12-19 02:00:00,1.6233695180837246,0.45064804
2014-12-19 03:00:00,1.305176514621897,0.4003699
2014-12-19 04:00:00,1.0857330639585676,0.30181375
2014-12-19 05:00:00,1.0747608914254012,0.2975579
2014-12-19 06:00:00,1.1405939266243998,0.31339204
2014-12-19 07:00:00,-0.3735658829525728,0.32881644
2014-12-19 08:00:00,-0.8563414744118975,0.2667285
2014-12-19 09:00:00,-0.8892579920113969,0.2371126
2014-12-19 10:00:00,-0.9221745096108964,0.13595925
2014-12-19 11:00:00,-0.9770353722767288,0.22114246
2014-12-19 12:00:00,-0.9112023370777298,0.08238087
2014-12-19 13:00:00,-0.9331466821440628,0.20382239
2014-12-19 14:00:00,-0.9441188546772292,0.27652445
2014-12-19 15:00:00,-0.966063199743562,0.3742014
2014-12-19 16:00:00,-1.0209240624093945,0.42131817
2014-12-19 17:00:00,-1.0209240624093945,0.5898532
2014-12-19 18:00:00,-0.9331466821440628,0.67268145
2014-12-19 19:00:00,-1.0209240624093945,0.7869709
2014-12-19 20:00:00,-0.9880075448098952,0.7776821
2014-12-19 21:00:00,-1.009951889876228,0.487683
2014-12-19 22:00:00,-0.966063199743562,0.53373086
2014-12-19 23:00:00,-0.9770353722767288,0.72690713
2014-12-20 00:00:00,-0.9989797173430616,0.68397707
2014-12-20 01:00:00,-0.9441188546772292,0.60182935
2014-12-20 02:00:00,-1.009951889876228,0.5581681
2014-12-20 03:00:00,-0.966063199743562,0.45488295
2014-12-20 04:00:00,-0.9770353722767288,0.38728994
2014-12-20 05:00:00,-0.966063199743562,0.37052578
2014-12-20 06:00:00,-0.9331466821440628,0.3673719
2014-12-20 07:00:00,-0.966063199743562,-0.0821098
2014-12-20 08:00:00,-0.966063199743562,-0.29484776
2014-12-20 09:00:00,-0.966063199743562,-0.34862363
2014-12-20 10:00:00,-0.966063199743562,-0.35755655
2014-12-20 11:00:00,-0.966063199743562,-0.4192679
2014-12-20 12:00:00,-0.966063199743562,-0.41928872
2014-12-20 13:00:00,-0.966063199743562,-0.46892336
2014-12-20 14:00:00,-0.966063199743562,-0.5046133
2014-12-20 15:00:00,-0.966063199743562,-0.5283135
2014-12-20 16:00:00,-0.966063199743562,-0.55926305
2014-12-20 17:00:00,-0.966063199743562,-0.5861246
2014-12-20 18:00:00,-0.9441188546772292,-0.57540846
2014-12-20 19:00:00,-0.9880075448098952,-0.61570054
2014-12-20 20:00:00,-1.0209240624093945,-0.61378783
2014-12-20 21:00:00,-1.009951889876228,-0.6021368
2014-12-20 22:00:00,-1.0318962349425609,-0.5990884
2014-12-20 23:00:00,-1.053840580008894,-0.61730725
2014-12-21 00:00:00,-1.053840580008894,-0.62927115
2014-12-21 01:00:00,-1.0209240624093945,-0.614919
2014-12-21 02:00:00,-1.0318962349425609,-0.6322256
2014-12-21 03:00:00,-1.009951889876228,-0.617697
2014-12-21 04:00:00,-1.0209240624093945,-0.6206143
2014-12-21 05:00:00,-1.0318962349425609,-0.6333886
2014-12-21 06:00:00,-0.9989797173430616,-0.62666106
2014-12-21 07:00:00,-0.9989797173430616,-0.60279113
2014-12-21 08:00:00,-0.9989797173430616,-0.5558718
2014-12-21 09:00:00,-1.009951889876228,-0.53433305
2014-12-21 10:00:00,-0.9770353722767288,-0.54493374
2014-12-21 11:00:00,-0.9112023370777298,-0.55072385
2014-12-21 12:00:00,-0.867313646945064,-0.5784812
2014-12-21 13:00:00,-0.966063199743562,-0.6053715
2014-12-21 14:00:00,-0.8782858194782304,-0.6210751
2014-12-21 15:00:00,-0.9331466821440628,-0.6466644
2014-12-21 16:00:00,-0.9550910272103956,-0.65721273
2014-12-21 17:00:00,-0.9441188546772292,-0.6650143
2014-12-21 18:00:00,-0.8782858194782304,-0.65606487
2014-12-21 19:00:00,-0.7466197490802328,-0.6602653
2014-12-21 20:00:00,-0.7356475765470664,-0.67204463
2014-12-21 21:00:00,-0.5930093336159022,-0.66945815
2014-12-21 22:00:00,-0.516204125883737,-0.6720181
2014-12-21 23:00:00,-0.3955102280189058,-0.6903431
2014-12-22 00:00:00,-0.516204125883737,-0.7070254
2014-12-22 01:00:00,-0.307732847753574,-0.7106017
2014-12-22 02:00:00,-0.1650946048224099,-0.7240796
2014-12-22 03:00:00,-0.0553728794907452,-0.73427075
2014-12-22 04:00:00,-0.0224563618912458,-0.755198
2014-12-22 05:00:00,0.0543488458409194,-0.7683428
2014-12-22 06:00:00,0.186014916238917,-0.78102726
2014-12-22 07:00:00,0.186014916238917,-0.7885647
2014-12-22 08:00:00,0.2847644690374153,-0.799624
2014-12-22 09:00:00,0.4932357471675782,-0.82003057
2014-12-22 10:00:00,0.39448619436908,-0.83193445
2014-12-22 11:00:00,-0.0553728794907452,-0.84095395
2014-12-22 12:00:00,-0.2199554674882422,-0.8691267
2014-12-22 13:00:00,-0.5381484709500699,-0.9233423
2014-12-22 14:00:00,-0.3625937104194063,-0.9384885
2014-12-22 15:00:00,-0.3187050202867404,-0.96758187
2014-12-22 16:00:00,-0.4064824005520722,-0.9983795
2014-12-22 17:00:00,-0.2199554674882422,-1.0116998
2014-12-22 18:00:00,-0.2748163301540746,-1.006073
2014-12-22 19:00:00,-0.1431502597560769,-0.50405246
2014-12-22 20:00:00,0.0543488458409194,-0.36688617
2014-12-22 21:00:00,0.2737922965042488,-0.26629156
2014-12-22 22:00:00,0.1640705711725841,-0.20280583
2014-12-22 23:00:00,0.2518479514379159,-0.026573291
2014-12-23 00:00:00,0.4603192295680788,0.0041481648
2014-12-23 01:00:00,0.8553174407620717,0.096601255
2014-12-23 02:00:00,0.6907348527645747,0.1817242
2014-12-23 03:00:00,0.6797626802314082,0.25046772
2014-12-23 04:00:00,0.4932357471675782,0.29270634
2014-12-23 05:00:00,0.1530983986394176,0.17615871
2014-12-23 06:00:00,-0.1760667773555763,0.25679967
2014-12-23 07:00:00,0.02143232824142,0.11466212
2014-12-23 08:00:00,-0.1980111224219093,0.107852735
2014-12-23 09:00:00,-0.1321780872229105,0.14202596
2014-12-23 10:00:00,-0.1102337421565775,0.17979695
2014-12-23 11:00:00,-0.1321780872229105,0.22290878
2014-12-23 12:00:00,-0.0553728794907452,0.20158486
2014-12-23 13:00:00,-0.2089832949550758,0.11873079
2014-12-23 14:00:00,-0.121205914689744,0.06934912
2014-12-23 15:00:00,-0.0553728794907452,0.070257105
2014-12-23 16:00:00,-0.472315435751071,0.05016119
2014-12-23 17:00:00,-0.4174545730852387,0.104132004
2014-12-23 18:00:00,1.469759102619394,0.09474481
2014-12-23 19:00:00,0.1969870887720835,0.2048303
2014-12-23 20:00:00,0.0872653634404188,0.20937835
2014-12-23 21:00:00,-0.7356475765470664,0.35457504
2014-12-23 22:00:00,-0.867313646945064,0.36536705
2014-12-23 23:00:00,-0.9441188546772292,0.38296708
2014-12-24 00:00:00,-0.9550910272103956,0.18061842
2014-12-24 01:00:00,-0.9989797173430616,0.21231462
2014-12-24 02:00:00,-0.9880075448098952,0.13030215
2014-12-24 03:00:00,-0.9770353722767288,0.18434952
2014-12-24 04:00:00,-0.9989797173430616,0.1235751
2014-12-24 05:00:00,-0.9331466821440628,0.028752664
2014-12-24 06:00:00,-0.9550910272103956,-0.089076616
2014-12-24 07:00:00,-0.966063199743562,-0.026413312
2014-12-24 08:00:00,-0.9770353722767288,-0.091681145
2014-12-24 09:00:00,-0.9002301645445634,-0.09923693
2014-12-24 10:00:00,-0.9112023370777298,-0.12319299
2014-12-24 11:00:00,-0.9770353722767288,-0.15571271
2014-12-24 12:00:00,-0.966063199743562,-0.16466783
2014-12-24 13:00:00,-0.9441188546772292,-0.22740062
2014-12-24 14:00:00,-0.9441188546772292,-0.22136408
2014-12-24 15:00:00,-0.966063199743562,-0.22390538
2014-12-24 16:00:00,-0.9221745096108964,-0.30390328
2014-12-24 17:00:00,-0.9221745096108964,-0.16031618
2014-12-24 18:00:00,-0.966063199743562,0.5164668
2014-12-24 19:00:00,-0.8782858194782304,0.10598207
2014-12-24 20:00:00,-0.845369301878731,-8.898042e-05
2014-12-24 21:00:00,-0.9221745096108964,-0.226196
2014-12-24 22:00:00,-0.9112023370777298,-0.3004129
2014-12-24 23:00:00,-0.9002301645445634,-0.40627268
2014-12-25 00:00:00,-0.8782858194782304,-0.17971335
2014-12-25 01:00:00,-0.8563414744118975,-0.26171386
2014-12-25 02:00:00,-0.8563414744118975,-0.28539267
2014-12-25 03:00:00,-0.9880075448098952,-0.25728422
2014-12-25 04:00:00,-0.9441188546772292,-0.26107195
2014-12-25 05:00:00,-0.9441188546772292,-0.21258798
2014-12-25 06:00:00,-0.9002301645445634,-0.18605015
2014-12-25 07:00:00,-0.9550910272103956,-0.17687567
2014-12-25 08:00:00,-0.9002301645445634,-0.17273457
2014-12-25 09:00:00,-0.8014806117460651,-0.21812503
2014-12-25 10:00:00,-0.680786713881234,-0.23605996
2014-12-25 11:00:00,-0.823424956812398,-0.27894586
2014-12-25 12:00:00,-0.9221745096108964,-0.19776806
2014-12-25 13:00:00,-0.9221745096108964,-0.18355633
2014-12-25 14:00:00,-0.9989797173430616,-0.19098969
2014-12-25 15:00:00,-1.009951889876228,-0.2016416
2014-12-25 16:00:00,-0.9002301645445634,-0.18136324
2014-12-25 17:00:00,-0.7575919216133993,-0.18789159
2014-12-25 18:00:00,-0.680786713881234,-0.27658674
2014-12-25 19:00:00,-0.5600928160164028,-0.23169897
2014-12-25 20:00:00,-0.5271762984169034,-0.20444195
2014-12-25 21:00:00,-0.5491206434832363,-0.19442965
2014-12-25 22:00:00,-0.5381484709500699,-0.16243139
2014-12-25 23:00:00,-0.3406493653530734,-0.141763
2014-12-26 00:00:00,-0.0773172245570781,-0.1731945
2014-12-26 01:00:00,-0.0663450520239117,-0.16545492
2014-12-26 02:00:00,0.5151800922339111,-0.15383269
2014-12-26 03:00:00,1.3819817223540622,-0.17303278
2014-12-26 04:00:00,0.8662896132952382,-0.1691885
2014-12-26 05:00:00,0.58101312743291,-0.16103126
2014-12-26 06:00:00,0.3615696767695806,-0.14766203
2014-12-26 07:00:00,0.2957366415705817,-0.18019314
2014-12-26 08:00:00,0.20795926130525,-0.17959602
2014-12-26 09:00:00,0.1201818810399182,-0.1626469
2014-12-26 10:00:00,0.1969870887720835,-0.13743415
2014-12-26 11:00:00,0.1750427437057506,-0.08321559
2014-12-26 12:00:00,0.3396253317032476,-0.1258945
2014-12-26 13:00:00,0.5700409548997435,-0.14275916
2014-12-26 14:00:00,0.6907348527645747,-0.24529852
2014-12-26 15:00:00,0.7785122330299065,-0.27114087
2014-12-26 16:00:00,1.0747608914254012,-0.074185364
2014-12-26 17:00:00,1.469759102619394,0.1197966
2014-12-26 18:00:00,1.755035588481722,0.22765972
2014-12-26 19:00:00,1.8757294863465532,0.29760736
2014-12-26 20:00:00,1.5794808279510586,0.25798622
2014-12-26 21:00:00,1.5575364828847258,0.33613598
2014-12-26 22:00:00,1.2064269618233987,0.29619697
2014-12-26 23:00:00,1.0308722012927352,0.33589172
2014-12-27 00:00:00,0.6907348527645747,0.4173014
2014-12-27 01:00:00,1.0308722012927352,0.5276565
2014-12-27 02:00:00,0.95406699356057,0.72043633
2014-12-27 03:00:00,1.2722599970223976,0.89252055
2014-12-27 04:00:00,1.3710095498208958,0.70186687
2014-12-27 05:00:00,1.0857330639585676,0.5814453
2014-12-27 06:00:00,1.1735104442238993,0.49114466
2014-12-27 07:00:00,1.3929538948872286,0.45140094
2014-12-27 08:00:00,1.7440634159485555,0.599603
2014-12-27 09:00:00,0.8992061308947376,0.3589349
2014-12-27 10:00:00,0.932122648494237,0.3028533
2014-12-27 11:00:00,0.9979556836932358,0.4336662
2014-12-27 12:00:00,1.0308722012927352,0.57946485
2014-12-27 13:00:00,1.0308722012927352,0.66509813
2014-12-27 14:00:00,1.0089278562264024,0.7267644
2014-12-27 15:00:00,1.184482616757066,0.7769949
2014-12-27 16:00:00,1.3600373772877292,0.8470739
2014-12-27 17:00:00,1.634341690616891,0.945167
2014-12-27 18:00:00,2.380449422872211,0.7838085
2014-12-27 19:00:00,2.501143320737042,1.0003923
2014-12-27 20:00:00,2.731558943933538,0.8110304
2014-12-27 21:00:00,2.4901711482038755,0.9264244
2014-12-27 22:00:00,2.7205867714003715,0.86089724
2014-12-27 23:00:00,2.8851693593978687,0.8119603
2014-12-28 00:00:00,3.126557155127531,0.54280376
2014-12-28 01:00:00,3.2143345353928625,0.55634314
2014-12-28 02:00:00,3.1594736727270303,0.48866203
2014-12-28 03:00:00,3.773915334584352,0.52592486
2014-12-28 04:00:00,2.566976355936041,0.5610313
2014-12-28 05:00:00,2.0183677292777173,0.4920639
2014-12-28 06:00:00,1.798924278614388,0.5143757
2014-12-28 07:00:00,1.3271208596882298,0.57200795
2014-12-28 08:00:00,0.6578183351650753,0.6513616
2014-12-28 09:00:00,0.6578183351650753,0.45108765
2014-12-28 10:00:00,-0.0882893970902446,0.43705967
2014-12-28 11:00:00,-0.4503710906847381,0.4152902
2014-12-28 12:00:00,-0.3406493653530734,0.376606
2014-12-28 13:00:00,-0.5710649885495693,0.526529
2014-12-28 14:00:00,-0.7466197490802328,0.5422593
2014-12-28 15:00:00,-0.7356475765470664,0.52360266
2014-12-28 16:00:00,-0.6039815061490686,0.54296637
2014-12-28 17:00:00,-0.6368980237485681,0.60292774
2014-12-28 18:00:00,-0.6478701962817346,0.9132702
2014-12-28 19:00:00,0.1092097085067518,0.99200064
2014-12-28 20:00:00,0.8224009231625723,1.09681
2014-12-28 21:00:00,2.117117282076216,1.0510225
2014-12-28 22:00:00,2.457254630604376,1.1095362
2014-12-28 23:00:00,2.643781563668206,1.1620926
2014-12-29 00:00:00,2.874197186864702,1.2561629
2014-12-29 01:00:00,2.983918912196367,1.0246857
2014-12-29 02:00:00,2.994891084729533,1.0279176
2014-12-29 03:00:00,2.983918912196367,1.1422005
2014-12-29 04:00:00,2.391421595405377,0.8328502
2014-12-29 05:00:00,0.9650391660937364,0.65651745
2014-12-29 06:00:00,0.7785122330299065,0.5594062
2014-12-29 07:00:00,0.39448619436908,0.40692315
2014-12-29 08:00:00,0.2628201239710824,0.112983175
2014-12-29 09:00:00,0.4493470570349123,0.04820586
2014-12-29 10:00:00,0.3505975042364141,-0.117116265
2014-12-29 11:00:00,0.3725418493027471,-0.26570928
2014-12-29 12:00:00,-0.4832876082842375,-0.3546273
2014-12-29 13:00:00,-0.5710649885495693,-0.40192473
2014-12-29 14:00:00,-0.8014806117460651,-0.46925256
2014-12-29 15:00:00,-0.7905084392128987,-0.48532927
2014-12-29 16:00:00,-0.8782858194782304,-0.4627207
2014-12-29 17:00:00,-0.8563414744118975,-0.49084753
2014-12-29 18:00:00,0.2189314338384165,-0.522181
2014-12-29 19:00:00,0.0982375359735853,-0.3506564
2014-12-29 20:00:00,0.1311540535730847,0.07827345
2014-12-29 21:00:00,0.3067088141037483,0.5326176
2014-12-29 22:00:00,0.7017070252977412,0.70157266
2014-12-29 23:00:00,0.6468461626319087,0.8042539
2014-12-30 00:00:00,0.9760113386269028,0.8778712
2014-12-30 01:00:00,-0.0334285344244122,0.94281733
2014-12-30 02:00:00,-0.2089832949550758,0.94522697
2014-12-30 03:00:00,-0.7905084392128987,0.9423657
2014-12-30 04:00:00,-0.823424956812398,0.81261045
2014-12-30 05:00:00,-0.9989797173430616,0.44421726
2014-12-30 06:00:00,-0.9989797173430616,0.19368283
2014-12-30 07:00:00,-0.9550910272103956,0.031632014
2014-12-30 08:00:00,-0.9112023370777298,0.1594059
2014-12-30 09:00:00,-0.9221745096108964,0.24442904
2014-12-30 10:00:00,-0.823424956812398,0.23819889
2014-12-30 11:00:00,-0.5710649885495693,0.26654652
2014-12-30 12:00:00,-0.5600928160164028,-0.14813702
2014-12-30 13:00:00,-0.2967606752204075,-0.27681458
2014-12-30 14:00:00,-0.3845380554857393,-0.39022905
2014-12-30 15:00:00,-0.494259780817404,-0.42579967
2014-12-30 16:00:00,-0.4393989181515716,-0.48392698
2014-12-30 17:00:00,-0.4064824005520722,-0.48415416
2014-12-30 18:00:00,-0.2309276400214087,0.040344037
2014-12-30 19:00:00,-0.7137032314807333,0.09539009
2014-12-30 20:00:00,-0.8124527842792316,0.10635919
2014-12-30 21:00:00,-0.8782858194782304,0.12790023
2014-12-30 22:00:00,-1.009951889876228,-0.018969765
2014-12-30 23:00:00,-0.9221745096108964,-0.009097522
2014-12-31 00:00:00,-0.9880075448098952,0.23449875
2014-12-31 01:00:00,-0.9770353722767288,-0.16519313
2014-12-31 02:00:00,-0.8782858194782304,-0.28042692
2014-12-31 03:00:00,-0.9989797173430616,-0.46849692
2014-12-31 04:00:00,-1.009951889876228,-0.48980534
2014-12-31 05:00:00,-0.9989797173430616,-0.525918
2014-12-31 06:00:00,-1.009951889876228,-0.5179524
2014-12-31 07:00:00,-1.009951889876228,-0.27170524
2014-12-31 08:00:00,-1.009951889876228,-0.20423162
2014-12-31 09:00:00,-1.009951889876228,-0.34399915
2014-12-31 10:00:00,-1.0209240624093945,-0.4527608
2014-12-31 11:00:00,-0.966063199743562,-0.25830638
2014-12-31 12:00:00,-0.9112023370777298,-0.18256044
2014-12-31 13:00:00,-0.9770353722767288,-0.07413023
2014-12-31 14:00:00,-0.9989797173430616,-0.056668617
2014-12-31 15:00:00,-0.9770353722767288,-0.085032515
2014-12-31 16:00:00,-1.009951889876228,0.045809247
2014-12-31 17:00:00,-0.9989797173430616,-0.14969438
2014-12-31 18:00:00,-0.9880075448098952,-0.20139872
2014-12-31 19:00:00,-1.009951889876228,-0.28758135
2014-12-31 20:00:00,-0.9880075448098952,-0.33433804
2014-12-31 21:00:00,-0.9880075448098952,-0.36771977
2014-12-31 22:00:00,-1.009951889876228,-0.40719232
2014-12-31 23:00:00,-0.966063199743562,-0.38337797
