,Originales,Predichos
2014-07-04 14:00:00,0.40545836690224646,0.43898904
2014-07-04 15:00:00,0.42740271196857943,0.23887056
2014-07-04 16:00:00,0.8553174407620717,0.21759263
2014-07-04 17:00:00,1.096705236491734,0.1853213
2014-07-04 18:00:00,1.2393434794228981,0.19582862
2014-07-04 19:00:00,0.5261522647670777,0.31034544
2014-07-04 20:00:00,1.0308722012927352,0.25466543
2014-07-04 21:00:00,0.7894844055630729,0.42474133
2014-07-04 22:00:00,0.5590687823665771,0.59733236
2014-07-04 23:00:00,0.6139296450324094,0.7239492
2014-07-05 00:00:00,0.745595715430407,0.82048506
2014-07-05 01:00:00,0.7894844055630729,0.6772113
2014-07-05 02:00:00,0.8114287506294059,0.8296779
2014-07-05 03:00:00,0.7565678879635735,0.81054914
2014-07-05 04:00:00,0.6358739900987423,0.7979279
2014-07-05 05:00:00,0.5700409548997435,0.68286514
2014-07-05 06:00:00,0.5371244373002441,0.56612444
2014-07-05 07:00:00,0.5261522647670777,0.4337601
2014-07-05 08:00:00,0.27379229650424886,0.22543517
2014-07-05 09:00:00,0.13115405357308474,0.16885072
2014-07-05 10:00:00,0.054348845840919466,0.20562062
2014-07-05 11:00:00,0.15309839863941768,0.22452334
2014-07-05 12:00:00,-0.04440070695757876,0.24328208
2014-07-05 13:00:00,-0.21995546748824227,0.23685351
2014-07-05 14:00:00,-0.31870502028674047,0.20118079
2014-07-05 15:00:00,-0.36259371041940636,0.09953923
2014-07-05 16:00:00,-0.2857885026872411,0.2845455
2014-07-05 17:00:00,-0.329677192819907,0.47768074
2014-07-05 18:00:00,-0.25287198508774167,0.639331
2014-07-05 19:00:00,-0.25287198508774167,0.4796928
2014-07-05 20:00:00,-0.09926156962341111,0.6010179
2014-07-05 21:00:00,0.07629319090725241,0.60220236
2014-07-05 22:00:00,0.6249018175655758,0.45059618
2014-07-05 23:00:00,0.9211504759610706,0.37447894
2014-07-06 00:00:00,0.8992061308947376,0.5759677
2014-07-06 01:00:00,1.1735104442238993,0.62629265
2014-07-06 02:00:00,1.4587869300862275,0.6660308
2014-07-06 03:00:00,1.2283713068897317,0.6616156
2014-07-06 04:00:00,1.1954547892902323,0.55311173
2014-07-06 05:00:00,1.5026756202188933,0.40932626
2014-07-06 06:00:00,1.6672582082163905,0.21108004
2014-07-06 07:00:00,1.4587869300862275,0.24960223
2014-07-06 08:00:00,1.5355921378183928,0.28213507
2014-07-06 09:00:00,1.2942043420887306,0.20688966
2014-07-06 10:00:00,1.283232169555564,0.11774393
2014-07-06 11:00:00,1.0528165463590682,0.13016531
2014-07-06 12:00:00,0.8772617858284046,-0.036041755
2014-07-06 13:00:00,0.6249018175655758,-0.23004052
2014-07-06 14:00:00,0.58101312743291,-0.23350313
2014-07-06 15:00:00,0.58101312743291,-0.16775522
2014-07-06 16:00:00,0.5480966098334106,-0.02935949
2014-07-06 17:00:00,0.6358739900987423,-0.002919875
2014-07-06 18:00:00,0.745595715430407,-0.020973917
2014-07-06 19:00:00,0.7346235428972405,-0.02418466
2014-07-06 20:00:00,0.9211504759610706,0.025329087
2014-07-06 21:00:00,1.0308722012927352,0.10807467
2014-07-06 22:00:00,0.8882339583615712,0.41970098
2014-07-06 23:00:00,0.58101312743291,0.59263724
2014-07-07 00:00:00,0.42740271196857943,0.5418667
2014-07-07 01:00:00,0.36156967676958063,0.5585043
2014-07-07 02:00:00,0.3286531591700812,0.61848515
2014-07-07 03:00:00,0.17504274370575063,0.506828
2014-07-07 04:00:00,0.15309839863941768,0.38335353
2014-07-07 05:00:00,-0.011484189358079351,0.45481881
2014-07-07 06:00:00,-0.0663450520239117,0.5857536
2014-07-07 07:00:00,-0.17606677735557638,0.49542642
2014-07-07 08:00:00,-0.21995546748824227,0.51642734
2014-07-07 09:00:00,-0.21995546748824227,0.4711992
2014-07-07 10:00:00,-0.13217808722291052,0.46094754
2014-07-07 11:00:00,0.03240450077458652,0.3829652
2014-07-07 12:00:00,0.3505975042364141,0.2768153
2014-07-07 13:00:00,0.5590687823665771,0.29328984
2014-07-07 14:00:00,0.7126791978309076,0.18807217
2014-07-07 15:00:00,0.8992061308947376,0.12840602
2014-07-07 16:00:00,0.9979556836932358,0.15672693
2014-07-07 17:00:00,1.0199000287595688,0.15263495
2014-07-07 18:00:00,1.0089278562264024,0.12201735
2014-07-07 19:00:00,0.9760113386269029,0.16739148
2014-07-07 20:00:00,0.9650391660937364,0.3001716
2014-07-07 21:00:00,1.3490652047545628,0.30335897
2014-07-07 22:00:00,1.5246199652852264,0.31787187
2014-07-07 23:00:00,1.4807312751525605,0.28165996
2014-07-08 00:00:00,1.0528165463590682,0.19771782
2014-07-08 01:00:00,0.8772617858284046,0.15574956
2014-07-08 02:00:00,1.0089278562264024,0.0827684
2014-07-08 03:00:00,0.9540669935605699,0.19994888
2014-07-08 04:00:00,0.7017070252977412,0.16758707
2014-07-08 05:00:00,0.6139296450324094,0.047183804
2014-07-08 06:00:00,0.6907348527645747,-0.015461428
2014-07-08 07:00:00,0.4822635746344118,-0.059078448
2014-07-08 08:00:00,0.40545836690224646,-0.08936977
2014-07-08 09:00:00,0.33962533170324766,-0.110215284
2014-07-08 10:00:00,0.16407057117258417,-0.082049005
2014-07-08 11:00:00,-0.3516215378862399,-0.03267469
2014-07-08 12:00:00,-0.8124527842792316,0.05573036
2014-07-08 13:00:00,-0.9221745096108963,0.103544325
2014-07-08 14:00:00,-0.9331466821440627,0.15538159
2014-07-08 15:00:00,-0.9880075448098952,0.20544913
2014-07-08 16:00:00,-0.9550910272103957,0.2433329
2014-07-08 17:00:00,-0.9770353722767287,0.31151074
2014-07-08 18:00:00,-1.009951889876228,0.34207556
2014-07-08 19:00:00,-0.9880075448098952,0.31554863
2014-07-08 20:00:00,-0.9221745096108963,0.2840842
2014-07-08 21:00:00,-0.5600928160164028,0.3532365
2014-07-08 22:00:00,-0.6039815061490686,0.4257617
2014-07-08 23:00:00,-0.6368980237485681,0.44147283
2014-07-09 00:00:00,-0.494259780817404,0.47625053
2014-07-09 01:00:00,-0.516204125883737,0.40643978
2014-07-09 02:00:00,-0.16509460482240992,0.429748
2014-07-09 03:00:00,-0.6917588864144004,0.22006986
2014-07-09 04:00:00,-0.8892579920113969,0.23427927
2014-07-09 05:00:00,-0.867313646945064,0.18707809
2014-07-09 06:00:00,-0.9221745096108963,0.13091832
2014-07-09 07:00:00,-0.9112023370777298,-0.04226377
2014-07-09 08:00:00,-0.9112023370777298,-0.12793115
2014-07-09 09:00:00,-0.9221745096108963,-0.19827598
2014-07-09 10:00:00,-0.9770353722767287,-0.23918378
2014-07-09 11:00:00,-0.9770353722767287,-0.436494
2014-07-09 12:00:00,-0.9441188546772292,-0.6013114
2014-07-09 13:00:00,-0.9989797173430616,-0.7431427
2014-07-09 14:00:00,-1.009951889876228,-0.8057454
2014-07-09 15:00:00,-0.9880075448098952,-0.7999072
2014-07-09 16:00:00,-0.9441188546772292,-0.83678126
2014-07-09 17:00:00,-0.9441188546772292,-0.91528094
2014-07-09 18:00:00,-0.8563414744118975,-0.71835464
2014-07-09 19:00:00,-0.7466197490802328,-0.6132093
2014-07-09 20:00:00,-0.7027310589475669,-0.5635528
2014-07-09 21:00:00,-0.7795362666797322,-0.3509348
2014-07-09 22:00:00,-0.7575919216133993,-0.3288727
2014-07-09 23:00:00,-0.7137032314807333,-0.21832576
2014-07-10 00:00:00,-0.7246754040138998,-0.29929486
2014-07-10 01:00:00,-0.7905084392128987,-0.45192647
2014-07-10 02:00:00,-0.5271762984169034,-0.27506042
2014-07-10 03:00:00,-0.329677192819907,-0.3326216
2014-07-10 04:00:00,-0.5271762984169034,-0.4823575
2014-07-10 05:00:00,-0.6698145413480675,-0.46478206
2014-07-10 06:00:00,-0.7575919216133993,-0.62793714
2014-07-10 07:00:00,-0.823424956812398,-0.66070956
2014-07-10 08:00:00,-0.823424956812398,-0.6084645
2014-07-10 09:00:00,-0.7905084392128987,-0.69759506
2014-07-10 10:00:00,-0.7905084392128987,-0.6779572
2014-07-10 11:00:00,-0.823424956812398,-0.7729557
2014-07-10 12:00:00,-0.9331466821440627,-0.75837463
2014-07-10 13:00:00,-0.9112023370777298,-0.72883964
2014-07-10 14:00:00,-0.9002301645445634,-0.9176179
2014-07-10 15:00:00,-0.7137032314807333,-0.7783411
2014-07-10 16:00:00,-0.9112023370777298,-0.71196294
2014-07-10 17:00:00,-0.9112023370777298,-0.5526317
2014-07-10 18:00:00,-0.9002301645445634,-0.5547752
2014-07-10 19:00:00,-0.8343971293455645,-0.5391032
2014-07-10 20:00:00,-0.7905084392128987,-0.42293283
2014-07-10 21:00:00,-0.7575919216133993,-0.37357533
2014-07-10 22:00:00,-0.658842368814901,-0.36941966
2014-07-10 23:00:00,-0.6368980237485681,-0.32791558
2014-07-11 00:00:00,-0.5710649885495693,-0.28769332
2014-07-11 01:00:00,-0.5271762984169034,-0.42053074
2014-07-11 02:00:00,-0.516204125883737,-0.29316676
2014-07-11 03:00:00,-0.4613432632179046,-0.36076188
2014-07-11 04:00:00,-0.4613432632179046,-0.37558183
2014-07-11 05:00:00,-0.3955102280189058,-0.5407501
2014-07-11 06:00:00,-0.42842674561840516,-0.56898695
2014-07-11 07:00:00,-0.6478701962817346,-0.56127816
2014-07-11 08:00:00,-0.7137032314807333,-0.61799556
2014-07-11 09:00:00,-0.9002301645445634,-0.7007058
2014-07-11 10:00:00,-0.9770353722767287,-0.73056203
2014-07-11 11:00:00,-0.9550910272103957,-0.7037368
2014-07-11 12:00:00,-0.9660631997435621,-0.7748688
2014-07-11 13:00:00,-0.9989797173430616,-0.8241689
2014-07-11 14:00:00,-0.9989797173430616,-0.8380988
2014-07-11 15:00:00,-0.9221745096108963,-0.7554503
2014-07-11 16:00:00,-0.9550910272103957,-0.6906855
2014-07-11 17:00:00,-0.9221745096108963,-0.6142468
2014-07-11 18:00:00,-0.9989797173430616,-0.5108027
2014-07-11 19:00:00,-0.9002301645445634,-0.51759595
2014-07-11 20:00:00,-0.7905084392128987,-0.5211079
2014-07-11 21:00:00,-0.7466197490802328,-0.357569
2014-07-11 22:00:00,-0.7356475765470664,-0.49734247
2014-07-11 23:00:00,-0.7137032314807333,-0.54557997
2014-07-12 00:00:00,-0.5930093336159022,-0.48985237
2014-07-12 01:00:00,-0.8892579920113969,-0.31761348
2014-07-12 02:00:00,-0.867313646945064,-0.27838132
2014-07-12 03:00:00,-0.9989797173430616,-0.36024544
2014-07-12 04:00:00,-0.9660631997435621,-0.4540931
2014-07-12 05:00:00,-0.9989797173430616,-0.48664492
2014-07-12 06:00:00,-0.9880075448098952,-0.4318117
2014-07-12 07:00:00,-0.9660631997435621,-0.5769484
2014-07-12 08:00:00,-0.9880075448098952,-0.653211
2014-07-12 09:00:00,-0.9880075448098952,-0.8725383
2014-07-12 10:00:00,-0.9989797173430616,-1.0301598
2014-07-12 11:00:00,-1.0209240624093945,-0.86665297
2014-07-12 12:00:00,-1.0318962349425609,-1.1136441
2014-07-12 13:00:00,-1.0209240624093945,-1.0125824
2014-07-12 14:00:00,-1.009951889876228,-1.1076324
2014-07-12 15:00:00,-0.9989797173430616,-0.96920735
2014-07-12 16:00:00,-0.9880075448098952,-1.0363506
2014-07-12 17:00:00,-0.9770353722767287,-0.78726435
2014-07-12 18:00:00,-0.9660631997435621,-0.84528095
2014-07-12 19:00:00,-0.9112023370777298,-0.7708737
2014-07-12 20:00:00,-0.9221745096108963,-0.55266875
2014-07-12 21:00:00,-0.8892579920113969,-0.44506922
2014-07-12 22:00:00,-0.8563414744118975,-0.41887617
2014-07-12 23:00:00,-0.8782858194782304,-0.3883558
2014-07-13 00:00:00,-0.7027310589475669,-0.42793852
2014-07-13 01:00:00,-0.7137032314807333,-0.37406567
2014-07-13 02:00:00,-0.7685640941465657,-0.55103624
2014-07-13 03:00:00,-0.9550910272103957,-0.57381624
2014-07-13 04:00:00,-0.8892579920113969,-0.76233625
2014-07-13 05:00:00,-0.8782858194782304,-0.75891036
2014-07-13 06:00:00,-0.9002301645445634,-0.8467905
2014-07-13 07:00:00,-0.9112023370777298,-0.8036022
2014-07-13 08:00:00,-0.9112023370777298,-0.8684854
2014-07-13 09:00:00,-0.9880075448098952,-0.94393957
2014-07-13 10:00:00,-0.9550910272103957,-0.9606561
2014-07-13 11:00:00,-0.9550910272103957,-1.0396357
2014-07-13 12:00:00,-0.9880075448098952,-1.0572844
2014-07-13 13:00:00,-0.9880075448098952,-1.1398249
2014-07-13 14:00:00,-0.9660631997435621,-1.0469389
2014-07-13 15:00:00,-0.9770353722767287,-0.93536764
2014-07-13 16:00:00,-0.9989797173430616,-0.9918969
2014-07-13 17:00:00,-0.8782858194782304,-0.8442715
2014-07-13 18:00:00,-0.867313646945064,-0.80673957
2014-07-13 19:00:00,-0.8782858194782304,-0.7471977
2014-07-13 20:00:00,-0.8124527842792316,-0.5321061
2014-07-13 21:00:00,-0.7137032314807333,-0.423753
2014-07-13 22:00:00,-0.4613432632179046,-0.38687146
2014-07-13 23:00:00,-0.6039815061490686,-0.27717155
2014-07-14 00:00:00,-0.5491206434832363,-0.25447798
2014-07-14 01:00:00,-0.4613432632179046,-0.3534543
2014-07-14 02:00:00,-0.6149536786822352,-0.46366358
2014-07-14 03:00:00,-0.5930093336159022,-0.6111317
2014-07-14 04:00:00,-0.7575919216133993,-0.5559915
2014-07-14 05:00:00,-0.845369301878731,-0.58584386
2014-07-14 06:00:00,-0.867313646945064,-0.5203863
2014-07-14 07:00:00,-0.8343971293455645,-0.5687316
2014-07-14 08:00:00,-0.8892579920113969,-0.7731952
2014-07-14 09:00:00,-0.8563414744118975,-0.81576586
2014-07-14 10:00:00,-0.9002301645445634,-0.8066362
2014-07-14 11:00:00,-0.8892579920113969,-0.8196518
2014-07-14 12:00:00,-0.867313646945064,-0.8526631
2014-07-14 13:00:00,-0.8563414744118975,-0.7606976
2014-07-14 14:00:00,-0.7795362666797322,-0.7425055
2014-07-14 15:00:00,-0.7027310589475669,-0.8287243
2014-07-14 16:00:00,-0.6698145413480675,-0.8422416
2014-07-14 17:00:00,-0.7027310589475669,-0.8264715
2014-07-14 18:00:00,-0.6368980237485681,-0.7523673
2014-07-14 19:00:00,-0.680786713881234,-0.51581997
2014-07-14 20:00:00,-0.7027310589475669,-0.49384028
2014-07-14 21:00:00,-0.7685640941465657,-0.33705452
2014-07-14 22:00:00,-0.9331466821440627,-0.29494923
2014-07-14 23:00:00,-0.8892579920113969,-0.2888959
2014-07-15 00:00:00,-0.7685640941465657,-0.42171925
2014-07-15 01:00:00,-0.43939891815157167,-0.26945245
2014-07-15 02:00:00,-0.658842368814901,-0.4431487
2014-07-15 03:00:00,-0.7795362666797322,-0.392156
2014-07-15 04:00:00,-0.7137032314807333,-0.48069376
2014-07-15 05:00:00,-0.658842368814901,-0.53270596
2014-07-15 06:00:00,-0.6368980237485681,-0.69149595
2014-07-15 07:00:00,-0.6917588864144004,-0.7859548
2014-07-15 08:00:00,-0.6149536786822352,-0.8232659
2014-07-15 09:00:00,-0.5600928160164028,-0.8536019
2014-07-15 10:00:00,-0.5491206434832363,-0.99002796
2014-07-15 11:00:00,-0.5271762984169034,-0.8622398
2014-07-15 12:00:00,-0.5491206434832363,-0.72496206
2014-07-15 13:00:00,-0.5271762984169034,-0.7739309
2014-07-15 14:00:00,-0.5491206434832363,-0.8961498
2014-07-15 15:00:00,-0.494259780817404,-0.8165608
2014-07-15 16:00:00,-0.47231543575107104,-0.6789161
2014-07-15 17:00:00,-0.6039815061490686,-0.5758088
2014-07-15 18:00:00,-0.5381484709500699,-0.47024274
2014-07-15 19:00:00,-0.5600928160164028,-0.31762466
2014-07-15 20:00:00,-0.5052319533505705,-0.23368064
2014-07-15 21:00:00,-0.4174545730852387,-0.35361668
2014-07-15 22:00:00,-0.29676067522040755,-0.54318935
2014-07-15 23:00:00,-0.2089832949550758,-0.5880452
2014-07-16 00:00:00,-0.07731722455707817,-0.46529883
2014-07-16 01:00:00,0.08726536344041887,-0.2823242
2014-07-16 02:00:00,0.13115405357308474,-0.19428226
2014-07-16 03:00:00,0.14212622610625122,-0.3496421
2014-07-16 04:00:00,-0.16509460482240992,-0.41894916
2014-07-16 05:00:00,-0.11023374215657758,-0.5143217
2014-07-16 06:00:00,-0.16509460482240992,-0.36354193
2014-07-16 07:00:00,0.22990360637158297,-0.308666
2014-07-16 08:00:00,0.3286531591700812,-0.46805137
2014-07-16 09:00:00,0.36156967676958063,-0.3990999
2014-07-16 10:00:00,0.5261522647670777,-0.25287002
2014-07-16 11:00:00,0.6578183351650753,-0.3724792
2014-07-16 12:00:00,0.6468461626319087,-0.40304112
2014-07-16 13:00:00,0.7894844055630729,-0.4099086
2014-07-16 14:00:00,0.4603192295680788,-0.4125643
2014-07-16 15:00:00,0.5042079197007447,-0.48751542
2014-07-16 16:00:00,0.3725418493027471,-0.49080938
2014-07-16 17:00:00,0.12018188103991828,-0.4054253
2014-07-16 18:00:00,-0.11023374215657758,-0.5057473
2014-07-16 19:00:00,-0.43939891815157167,-0.5065709
2014-07-16 20:00:00,-0.43939891815157167,-0.4077372
2014-07-16 21:00:00,-0.329677192819907,-0.26536337
2014-07-16 22:00:00,-0.21995546748824227,-0.2822342
2014-07-16 23:00:00,-0.2857885026872411,-0.26430947
2014-07-17 00:00:00,-0.3955102280189058,-0.0069258176
2014-07-17 01:00:00,-0.19801112242190932,-0.13643175
2014-07-17 02:00:00,0.12018188103991828,-0.040100772
2014-07-17 03:00:00,0.13115405357308474,-0.09610451
2014-07-17 04:00:00,0.3067088141037483,-0.13580781
2014-07-17 05:00:00,0.2847644690374153,-0.14807716
2014-07-17 06:00:00,0.5151800922339111,-0.13998112
2014-07-17 07:00:00,0.38351402183591354,-0.26524332
2014-07-17 08:00:00,0.4603192295680788,-0.13565165
2014-07-17 09:00:00,0.4822635746344118,-0.037001938
2014-07-17 10:00:00,0.4603192295680788,0.0837481
2014-07-17 11:00:00,0.42740271196857943,0.085674554
2014-07-17 12:00:00,0.31768098663691474,0.1464198
2014-07-17 13:00:00,0.3505975042364141,0.07315741
2014-07-17 14:00:00,0.3286531591700812,-0.034000564
2014-07-17 15:00:00,0.6797626802314082,-0.025361903
2014-07-17 16:00:00,0.6797626802314082,0.10787716
2014-07-17 17:00:00,0.6907348527645747,-0.09633104
2014-07-17 18:00:00,0.5700409548997435,-0.13582125
2014-07-17 19:00:00,0.5480966098334106,-0.26761895
2014-07-17 20:00:00,0.6578183351650753,-0.46483624
2014-07-17 21:00:00,0.7894844055630729,-0.5798736
2014-07-17 22:00:00,0.9650391660937364,-0.31407386
2014-07-17 23:00:00,1.0418443738259018,-0.35142606
2014-07-18 00:00:00,1.3161486871550634,-0.2656415
2014-07-18 01:00:00,0.9979556836932358,-0.29183316
2014-07-18 02:00:00,0.5919852999660764,-0.13679013
2014-07-18 03:00:00,0.6358739900987423,-0.32603994
2014-07-18 04:00:00,0.33962533170324766,-0.13115
2014-07-18 05:00:00,0.3067088141037483,-0.061697014
2014-07-18 06:00:00,0.2518479514379159,0.19304633
2014-07-18 07:00:00,0.13115405357308474,0.12650071
2014-07-18 08:00:00,0.24087577890474945,0.15476415
2014-07-18 09:00:00,0.14212622610625122,0.038218852
2014-07-18 10:00:00,0.09823753597358534,0.058652632
2014-07-18 11:00:00,0.2189314338384165,0.04831292
2014-07-18 12:00:00,0.27379229650424886,0.14163908
2014-07-18 13:00:00,0.29573664157058177,0.051082075
2014-07-18 14:00:00,0.4712914021012453,0.08758606
2014-07-18 15:00:00,0.09823753597358534,0.16749835
2014-07-18 16:00:00,-0.04440070695757876,0.11841606
2014-07-18 17:00:00,-0.21995546748824227,0.20642203
2014-07-18 18:00:00,-0.04440070695757876,0.3239134
2014-07-18 19:00:00,0.06532101837408594,0.3561257
2014-07-18 20:00:00,0.03240450077458652,0.425547
2014-07-18 21:00:00,-0.17606677735557638,0.4290647
2014-07-18 22:00:00,-0.21995546748824227,0.34673473
2014-07-18 23:00:00,-0.2089832949550758,0.3698998
2014-07-19 00:00:00,-0.14315025975607698,0.47038263
2014-07-19 01:00:00,-0.34064936535307344,0.5170061
2014-07-19 02:00:00,-0.29676067522040755,0.39842886
2014-07-19 03:00:00,-0.307732847753574,0.32166007
2014-07-19 04:00:00,-0.25287198508774167,0.049016543
2014-07-19 05:00:00,-0.25287198508774167,0.11311556
2014-07-19 06:00:00,-0.27481633015407464,0.11444061
2014-07-19 07:00:00,-0.307732847753574,0.032476943
2014-07-19 08:00:00,-0.3516215378862399,0.15600252
2014-07-19 09:00:00,-0.43939891815157167,0.12082178
2014-07-19 10:00:00,-0.5710649885495693,0.11119885
2014-07-19 11:00:00,-0.5271762984169034,0.042962544
2014-07-19 12:00:00,-0.3735658829525728,0.07864983
2014-07-19 13:00:00,-0.47231543575107104,0.21775389
2014-07-19 14:00:00,-0.5381484709500699,0.1913982
2014-07-19 15:00:00,-0.6039815061490686,0.2813781
2014-07-19 16:00:00,-0.680786713881234,0.19086808
2014-07-19 17:00:00,-0.6039815061490686,0.09572006
2014-07-19 18:00:00,-0.5710649885495693,0.2009151
2014-07-19 19:00:00,-0.516204125883737,0.166792
2014-07-19 20:00:00,-0.3955102280189058,0.35120314
2014-07-19 21:00:00,-0.307732847753574,0.3049321
2014-07-19 22:00:00,-0.2089832949550758,0.1525574
2014-07-19 23:00:00,-0.3735658829525728,0.17936933
2014-07-20 00:00:00,-0.6478701962817346,0.08643799
2014-07-20 01:00:00,-0.5930093336159022,-0.020918677
2014-07-20 02:00:00,-0.43939891815157167,0.03647832
2014-07-20 03:00:00,-0.47231543575107104,0.029433422
2014-07-20 04:00:00,-0.3845380554857393,0.037993632
2014-07-20 05:00:00,-0.3955102280189058,0.06359553
2014-07-20 06:00:00,-0.4174545730852387,0.05387666
2014-07-20 07:00:00,-0.494259780817404,0.044772148
2014-07-20 08:00:00,-0.5271762984169034,-0.01806328
2014-07-20 09:00:00,-0.494259780817404,-0.123035766
2014-07-20 10:00:00,-0.43939891815157167,-0.13094276
2014-07-20 11:00:00,-0.5271762984169034,-0.03895906
2014-07-20 12:00:00,-0.494259780817404,-0.11377039
2014-07-20 13:00:00,-0.36259371041940636,-0.05757524
2014-07-20 14:00:00,-0.16509460482240992,-0.008519426
2014-07-20 15:00:00,-0.14315025975607698,-0.12526023
2014-07-20 16:00:00,-0.23092764002140873,-0.15294534
2014-07-20 17:00:00,-0.43939891815157167,-0.09444342
2014-07-20 18:00:00,-0.34064936535307344,-0.059216388
2014-07-20 19:00:00,-0.45037109068473813,-0.045211755
2014-07-20 20:00:00,-0.516204125883737,-0.07222763
2014-07-20 21:00:00,-0.494259780817404,0.021211281
2014-07-20 22:00:00,-0.5271762984169034,-0.0021692477
2014-07-20 23:00:00,-0.5710649885495693,-0.02999878
2014-07-21 00:00:00,-0.4832876082842375,-0.06529678
2014-07-21 01:00:00,-0.45037109068473813,0.008821454
2014-07-21 02:00:00,-0.43939891815157167,-0.10632341
2014-07-21 03:00:00,-0.494259780817404,-0.08958352
2014-07-21 04:00:00,-0.45037109068473813,-0.08711352
2014-07-21 05:00:00,-0.45037109068473813,-0.077327654
2014-07-21 06:00:00,-0.516204125883737,-0.13080662
2014-07-21 07:00:00,-0.8782858194782304,-0.13878429
2014-07-21 08:00:00,-0.8782858194782304,-0.16047105
2014-07-21 09:00:00,-0.8782858194782304,-0.16358739
2014-07-21 10:00:00,-0.9770353722767287,-0.1714682
2014-07-21 11:00:00,-0.9331466821440627,-0.18224111
2014-07-21 12:00:00,-0.9660631997435621,-0.20983312
2014-07-21 13:00:00,-0.9331466821440627,-0.2836986
2014-07-21 14:00:00,-0.9441188546772292,-0.2589411
2014-07-21 15:00:00,-0.9331466821440627,-0.19919106
2014-07-21 16:00:00,-0.9550910272103957,-0.26293215
2014-07-21 17:00:00,-0.9770353722767287,-0.30675417
2014-07-21 18:00:00,-0.9441188546772292,-0.32107407
2014-07-21 19:00:00,-0.9331466821440627,-0.28947768
2014-07-21 20:00:00,-0.9112023370777298,-0.36298507
2014-07-21 21:00:00,-0.9441188546772292,-0.3755843
2014-07-21 22:00:00,-0.9770353722767287,-0.39941785
2014-07-21 23:00:00,-0.9989797173430616,-0.4401405
2014-07-22 00:00:00,-1.0318962349425609,-0.40205854
2014-07-22 01:00:00,-1.0318962349425609,-0.41400713
2014-07-22 02:00:00,-0.9550910272103957,-0.41499773
2014-07-22 03:00:00,-0.9880075448098952,-0.45370314
2014-07-22 04:00:00,-0.9221745096108963,-0.44608316
2014-07-22 05:00:00,-0.9221745096108963,-0.44597477
2014-07-22 06:00:00,-0.9441188546772292,-0.523861
2014-07-22 07:00:00,-0.9002301645445634,-0.62860966
2014-07-22 08:00:00,-0.8892579920113969,-0.7262277
2014-07-22 09:00:00,-0.9331466821440627,-0.7398192
2014-07-22 10:00:00,-0.9660631997435621,-0.7989885
2014-07-22 11:00:00,-0.9441188546772292,-0.79087895
2014-07-22 12:00:00,-0.9221745096108963,-0.85643274
2014-07-22 13:00:00,-0.9002301645445634,-0.8920083
2014-07-22 14:00:00,-0.9112023370777298,-0.8853266
2014-07-22 15:00:00,-0.9221745096108963,-0.9281427
2014-07-22 16:00:00,-0.9221745096108963,-0.9758505
2014-07-22 17:00:00,-0.9770353722767287,-0.8512966
2014-07-22 18:00:00,-0.9331466821440627,-0.95310277
2014-07-22 19:00:00,-1.009951889876228,-0.75707924
2014-07-22 20:00:00,-0.9660631997435621,-0.8874528
2014-07-22 21:00:00,-0.8892579920113969,-0.85281146
2014-07-22 22:00:00,-0.867313646945064,-0.92367744
2014-07-22 23:00:00,-0.9112023370777298,-0.8388986
2014-07-23 00:00:00,-0.9221745096108963,-0.8169407
2014-07-23 01:00:00,-0.8782858194782304,-0.8449907
2014-07-23 02:00:00,-0.8782858194782304,-0.8602402
2014-07-23 03:00:00,-0.867313646945064,-0.85381866
2014-07-23 04:00:00,-0.845369301878731,-0.77963907
2014-07-23 05:00:00,-0.9660631997435621,-0.7698215
2014-07-23 06:00:00,-0.9550910272103957,-0.72429204
2014-07-23 07:00:00,-0.8892579920113969,-0.69962543
2014-07-23 08:00:00,-0.8782858194782304,-0.6978237
2014-07-23 09:00:00,-0.9221745096108963,-0.6076649
2014-07-23 10:00:00,-0.9002301645445634,-0.5737253
2014-07-23 11:00:00,-0.8892579920113969,-0.6585135
2014-07-23 12:00:00,-0.9550910272103957,-0.60727143
2014-07-23 13:00:00,-0.8563414744118975,-0.69820136
2014-07-23 14:00:00,-0.8782858194782304,-0.5935736
2014-07-23 15:00:00,-0.9221745096108963,-0.6002704
2014-07-23 16:00:00,-0.8782858194782304,-0.6362063
2014-07-23 17:00:00,-0.867313646945064,-0.6498052
2014-07-23 18:00:00,-0.867313646945064,-0.7216924
2014-07-23 19:00:00,-0.6368980237485681,-0.5784369
2014-07-23 20:00:00,-0.5930093336159022,-0.5588633
2014-07-23 21:00:00,-0.6259258512154017,-0.6040264
2014-07-23 22:00:00,-0.6368980237485681,-0.6890406
2014-07-23 23:00:00,-0.6478701962817346,-0.55463564
2014-07-24 00:00:00,-0.5930093336159022,-0.613781
2014-07-24 01:00:00,-0.494259780817404,-0.5582075
2014-07-24 02:00:00,-0.5271762984169034,-0.56174296
2014-07-24 03:00:00,-0.5491206434832363,-0.6303528
2014-07-24 04:00:00,-0.2857885026872411,-0.48233095
2014-07-24 05:00:00,-0.29676067522040755,-0.42649052
2014-07-24 06:00:00,-0.19801112242190932,-0.48554814
2014-07-24 07:00:00,-0.2857885026872411,-0.62084657
2014-07-24 08:00:00,-0.2638441576209081,-0.44047636
2014-07-24 09:00:00,-0.19801112242190932,-0.61511403
2014-07-24 10:00:00,-0.11023374215657758,-0.6172622
2014-07-24 11:00:00,0.03240450077458652,-0.6238427
2014-07-24 12:00:00,-0.12120591468974404,-0.72424203
2014-07-24 13:00:00,-0.36259371041940636,-0.5940802
2014-07-24 14:00:00,-0.16509460482240992,-0.61850196
2014-07-24 15:00:00,-0.4174545730852387,-0.645192
2014-07-24 16:00:00,-0.5491206434832363,-0.6971089
2014-07-24 17:00:00,-0.34064936535307344,-0.7281178
2014-07-24 18:00:00,-0.5381484709500699,-0.6359238
2014-07-24 19:00:00,-0.8343971293455645,-0.48919755
2014-07-24 20:00:00,-0.7356475765470664,-0.4369333
2014-07-24 21:00:00,-0.7137032314807333,-0.47279298
2014-07-24 22:00:00,-0.40648240055207224,-0.36902076
2014-07-24 23:00:00,0.043376673307752994,-0.47504374
2014-07-25 00:00:00,0.39448619436908,-0.45481363
2014-07-25 01:00:00,0.5042079197007447,-0.52354133
2014-07-25 02:00:00,0.19698708877208357,-0.5129214
2014-07-25 03:00:00,0.29573664157058177,-0.37326154
2014-07-25 04:00:00,0.5371244373002441,-0.36676794
2014-07-25 05:00:00,0.6578183351650753,-0.45868132
2014-07-25 06:00:00,0.17504274370575063,-0.42577255
2014-07-25 07:00:00,-0.09926156962341111,-0.37172276
2014-07-25 08:00:00,-0.03342853442441229,-0.24021754
2014-07-25 09:00:00,-0.42842674561840516,-0.32016906
2014-07-25 10:00:00,-0.5600928160164028,-0.25336528
2014-07-25 11:00:00,-0.658842368814901,-0.26016623
2014-07-25 12:00:00,-0.7575919216133993,-0.3644814
2014-07-25 13:00:00,-0.8014806117460651,-0.46124297
2014-07-25 14:00:00,-0.7466197490802328,-0.2372492
2014-07-25 15:00:00,-0.7905084392128987,-0.3669237
2014-07-25 16:00:00,-0.7575919216133993,-0.33912235
2014-07-25 17:00:00,-0.680786713881234,-0.197685
2014-07-25 18:00:00,-0.6039815061490686,-0.3282612
2014-07-25 19:00:00,-0.6149536786822352,-0.45977774
2014-07-25 20:00:00,-0.494259780817404,-0.5582612
2014-07-25 21:00:00,-0.42842674561840516,-0.36280328
2014-07-25 22:00:00,-0.34064936535307344,-0.23068574
2014-07-25 23:00:00,-0.34064936535307344,-0.33572924
2014-07-26 00:00:00,-0.307732847753574,-0.0793244
2014-07-26 01:00:00,-0.14315025975607698,-0.014339618
2014-07-26 02:00:00,-0.09926156962341111,-0.11214962
2014-07-26 03:00:00,0.17504274370575063,-0.09781803
2014-07-26 04:00:00,0.39448619436908,0.0939257
2014-07-26 05:00:00,0.5042079197007447,0.14008304
2014-07-26 06:00:00,0.5371244373002441,-0.08055436
2014-07-26 07:00:00,0.4603192295680788,-0.32903117
2014-07-26 08:00:00,0.40545836690224646,-0.23128426
2014-07-26 09:00:00,0.14212622610625122,-0.39057994
2014-07-26 10:00:00,0.20795926130525003,-0.51144606
2014-07-26 11:00:00,0.07629319090725241,-0.49200118
2014-07-26 12:00:00,0.13115405357308474,-0.41407305
2014-07-26 13:00:00,-0.21995546748824227,-0.53082806
2014-07-26 14:00:00,-0.4174545730852387,-0.586277
2014-07-26 15:00:00,-0.36259371041940636,-0.59691364
2014-07-26 16:00:00,-0.4174545730852387,-0.5943588
2014-07-26 17:00:00,-0.2638441576209081,-0.5002301
2014-07-26 18:00:00,-0.307732847753574,-0.32457858
2014-07-26 19:00:00,-0.40648240055207224,-0.30719942
2014-07-26 20:00:00,-0.47231543575107104,-0.09161054
2014-07-26 21:00:00,-0.4174545730852387,-0.2590861
2014-07-26 22:00:00,-0.45037109068473813,-0.12492701
2014-07-26 23:00:00,-0.47231543575107104,0.0513008
2014-07-27 00:00:00,-0.43939891815157167,-0.1880143
2014-07-27 01:00:00,-0.3516215378862399,-0.0001883097
2014-07-27 02:00:00,-0.2638441576209081,0.22737807
2014-07-27 03:00:00,-0.15412243228924344,0.19561839
2014-07-27 04:00:00,-0.03342853442441229,0.13809401
2014-07-27 05:00:00,0.021432328241420058,-0.019881327
2014-07-27 06:00:00,0.12018188103991828,0.033756636
2014-07-27 07:00:00,0.07629319090725241,0.19030684
2014-07-27 08:00:00,0.06532101837408594,0.10106222
2014-07-27 09:00:00,0.14212622610625122,0.1537329
2014-07-27 10:00:00,0.054348845840919466,0.19969141
2014-07-27 11:00:00,0.15309839863941768,-0.082955696
2014-07-27 12:00:00,0.36156967676958063,-0.101584576
2014-07-27 13:00:00,0.2189314338384165,-0.027776271
2014-07-27 14:00:00,-0.011484189358079351,-0.15741143
2014-07-27 15:00:00,-0.14315025975607698,-0.14728245
2014-07-27 16:00:00,-0.07731722455707817,0.0021000858
2014-07-27 17:00:00,-0.16509460482240992,0.0029785857
2014-07-27 18:00:00,-0.05537287949074523,-0.0026580328
2014-07-27 19:00:00,-0.02245636189124582,-0.08164141
2014-07-27 20:00:00,-0.011484189358079351,-0.11287897
2014-07-27 21:00:00,-0.13217808722291052,0.021540768
2014-07-27 22:00:00,-0.18703894988874287,-0.048749343
2014-07-27 23:00:00,-0.17606677735557638,-0.025642462
2014-07-28 00:00:00,-0.07731722455707817,0.0023958161
2014-07-28 01:00:00,-0.05537287949074523,-0.13560855
2014-07-28 02:00:00,0.14212622610625122,-0.09741117
2014-07-28 03:00:00,0.22990360637158297,-0.043476272
2014-07-28 04:00:00,0.29573664157058177,-0.027956203
2014-07-28 05:00:00,0.3725418493027471,0.023608886
2014-07-28 06:00:00,0.41643053943541297,0.15929303
2014-07-28 07:00:00,0.44934705703491234,0.2063869
2014-07-28 08:00:00,0.4712914021012453,0.20405427
2014-07-28 09:00:00,0.27379229650424886,0.15290946
2014-07-28 10:00:00,0.12018188103991828,0.20114282
2014-07-28 11:00:00,0.19698708877208357,0.32641476
2014-07-28 12:00:00,0.10920970850675181,0.2766951
2014-07-28 13:00:00,0.010460155708253588,0.2573446
2014-07-28 14:00:00,-0.29676067522040755,0.12516049
2014-07-28 15:00:00,-0.42842674561840516,0.043668076
2014-07-28 16:00:00,-0.36259371041940636,0.0016212873
2014-07-28 17:00:00,-0.21995546748824227,-0.07720746
2014-07-28 18:00:00,-0.2089832949550758,-0.029903635
2014-07-28 19:00:00,-0.25287198508774167,0.0032910518
2014-07-28 20:00:00,-0.12120591468974404,0.09224265
2014-07-28 21:00:00,-0.13217808722291052,0.07311927
2014-07-28 22:00:00,-0.18703894988874287,0.03544248
2014-07-28 23:00:00,-0.12120591468974404,-0.028382812
2014-07-29 00:00:00,-0.04440070695757876,-0.076906584
2014-07-29 01:00:00,-0.11023374215657758,-0.055754356
2014-07-29 02:00:00,-0.011484189358079351,-0.14143217
2014-07-29 03:00:00,0.010460155708253588,-0.15658289
2014-07-29 04:00:00,0.15309839863941768,-0.13853797
2014-07-29 05:00:00,0.38351402183591354,-0.104746595
2014-07-29 06:00:00,0.6029574724992429,-0.039736234
2014-07-29 07:00:00,0.9760113386269029,-0.016195899
2014-07-29 08:00:00,0.8662896132952382,0.019271541
2014-07-29 09:00:00,0.5590687823665771,0.13915819
2014-07-29 10:00:00,0.27379229650424886,0.10669218
2014-07-29 11:00:00,0.010460155708253588,0.12590128
2014-07-29 12:00:00,-0.08828939709024464,0.038802564
2014-07-29 13:00:00,-0.03342853442441229,-0.09246801
2014-07-29 14:00:00,-0.15412243228924344,-0.2576119
2014-07-29 15:00:00,-0.17606677735557638,-0.28801128
2014-07-29 16:00:00,-0.12120591468974404,-0.3117411
2014-07-29 17:00:00,-0.12120591468974404,-0.23931375
2014-07-29 18:00:00,-0.15412243228924344,-0.21363044
2014-07-29 19:00:00,-0.08828939709024464,-0.1692026
2014-07-29 20:00:00,-0.15412243228924344,-0.16520002
2014-07-29 21:00:00,-0.16509460482240992,-0.18309712
2014-07-29 22:00:00,-0.18703894988874287,-0.18702805
2014-07-29 23:00:00,-0.19801112242190932,-0.17170015
2014-07-30 00:00:00,-0.2418998125545752,-0.14477855
2014-07-30 01:00:00,-0.34064936535307344,-0.16303799
2014-07-30 02:00:00,-0.5271762984169034,-0.1852999
2014-07-30 03:00:00,-0.516204125883737,-0.2460776
2014-07-30 04:00:00,-0.13217808722291052,-0.25105143
2014-07-30 05:00:00,0.18601491623891708,-0.11978456
2014-07-30 06:00:00,0.14212622610625122,-0.00038066506
2014-07-30 07:00:00,0.4603192295680788,0.13837203
2014-07-30 08:00:00,0.3725418493027471,0.18948692
2014-07-30 09:00:00,0.6468461626319087,0.1549102
2014-07-30 10:00:00,0.5590687823665771,0.033806898
2014-07-30 11:00:00,0.5371244373002441,-0.09886175
2014-07-30 12:00:00,0.5261522647670777,-0.19355291
2014-07-30 13:00:00,0.3505975042364141,-0.2389516
2014-07-30 14:00:00,0.3286531591700812,-0.31477675
2014-07-30 15:00:00,0.24087577890474945,-0.3649863
2014-07-30 16:00:00,0.13115405357308474,-0.39326558
2014-07-30 17:00:00,0.3286531591700812,-0.3507433
2014-07-30 18:00:00,0.4822635746344118,-0.30643755
2014-07-30 19:00:00,0.6249018175655758,-0.25762284
2014-07-30 20:00:00,0.932122648494237,-0.22760478
2014-07-30 21:00:00,1.0857330639585676,-0.23119956
2014-07-30 22:00:00,1.2283713068897317,-0.23465136
2014-07-30 23:00:00,1.217399134356565,-0.27811402
2014-07-31 00:00:00,1.1076774090249004,-0.34183383
2014-07-31 01:00:00,1.0199000287595688,-0.42255634
2014-07-31 02:00:00,1.0747608914254012,-0.21159187
2014-07-31 03:00:00,0.9540669935605699,-0.23789617
2014-07-31 04:00:00,0.9211504759610706,-0.15337437
2014-07-31 05:00:00,1.0089278562264024,-0.11757637
2014-07-31 06:00:00,1.184482616757066,-0.11366704
2014-07-31 07:00:00,1.305176514621897,-0.1427109
2014-07-31 08:00:00,1.6453138631500575,0.032926712
2014-07-31 09:00:00,1.3929538948872286,-0.022778243
2014-07-31 10:00:00,1.2064269618233987,0.10526614
2014-07-31 11:00:00,0.8333730956957388,0.0013222359
2014-07-31 12:00:00,0.8772617858284046,0.005774595
2014-07-31 13:00:00,0.7017070252977412,-0.12760168
2014-07-31 14:00:00,0.6907348527645747,-0.17864281
2014-07-31 15:00:00,0.6029574724992429,-0.22720397
2014-07-31 16:00:00,0.3725418493027471,-0.24553168
2014-07-31 17:00:00,0.3725418493027471,-0.1632199
2014-07-31 18:00:00,0.24087577890474945,-0.03361702
2014-07-31 19:00:00,0.27379229650424886,-0.021011494
2014-07-31 20:00:00,0.38351402183591354,0.06672553
2014-07-31 21:00:00,0.7346235428972405,0.15385306
2014-07-31 22:00:00,0.9540669935605699,0.33079055
2014-07-31 23:00:00,1.1625382716907329,0.5095642
2014-08-01 00:00:00,1.0528165463590682,0.61746603
2014-08-01 01:00:00,0.5919852999660764,0.59495634
2014-08-01 02:00:00,0.2189314338384165,0.5543564
2014-08-01 03:00:00,0.38351402183591354,0.5346441
2014-08-01 04:00:00,0.3505975042364141,0.4167834
2014-08-01 05:00:00,0.39448619436908,0.5988742
2014-08-01 06:00:00,0.5042079197007447,0.697272
2014-08-01 07:00:00,0.6468461626319087,0.70904547
2014-08-01 08:00:00,0.8662896132952382,0.8021427
2014-08-01 09:00:00,0.932122648494237,0.7279776
2014-08-01 10:00:00,0.5700409548997435,0.67760897
2014-08-01 11:00:00,0.13115405357308474,0.6036488
2014-08-01 12:00:00,0.2518479514379159,0.51964134
2014-08-01 13:00:00,0.09823753597358534,0.47681245
2014-08-01 14:00:00,0.03240450077458652,0.49150437
2014-08-01 15:00:00,-0.02245636189124582,0.346061
2014-08-01 16:00:00,-0.0663450520239117,0.2237581
2014-08-01 17:00:00,0.06532101837408594,0.12509403
2014-08-01 18:00:00,0.16407057117258417,-0.01643601
2014-08-01 19:00:00,0.2628201239710824,0.1077267
2014-08-01 20:00:00,0.3725418493027471,0.17726633
2014-08-01 21:00:00,0.3725418493027471,0.3278427
2014-08-01 22:00:00,0.40545836690224646,0.43723205
2014-08-01 23:00:00,0.010460155708253588,0.55046195
2014-08-02 00:00:00,-0.2418998125545752,0.5294506
2014-08-02 01:00:00,-0.23092764002140873,0.356968
2014-08-02 02:00:00,-0.16509460482240992,0.2992881
2014-08-02 03:00:00,-0.07731722455707817,0.36660978
2014-08-02 04:00:00,-0.13217808722291052,0.30178422
2014-08-02 05:00:00,-0.2418998125545752,0.17804086
2014-08-02 06:00:00,-0.34064936535307344,0.15838188
2014-08-02 07:00:00,-0.4174545730852387,0.21974799
2014-08-02 08:00:00,-0.47231543575107104,0.28820598
2014-08-02 09:00:00,-0.25287198508774167,0.39293176
2014-08-02 10:00:00,-0.14315025975607698,0.32243228
2014-08-02 11:00:00,-0.03342853442441229,0.23317584
2014-08-02 12:00:00,0.010460155708253588,0.24096453
2014-08-02 13:00:00,0.13115405357308474,0.205012
2014-08-02 14:00:00,0.09823753597358534,0.11391039
2014-08-02 15:00:00,0.10920970850675181,-0.011210756
2014-08-02 16:00:00,0.043376673307752994,-0.05764515
2014-08-02 17:00:00,0.043376673307752994,0.0065955333
2014-08-02 18:00:00,0.010460155708253588,0.08180057
2014-08-02 19:00:00,-0.0005120168249128817,0.14833188
2014-08-02 20:00:00,0.14212622610625122,0.16981107
2014-08-02 21:00:00,0.16407057117258417,0.29801583
2014-08-02 22:00:00,0.22990360637158297,0.38008577
2014-08-02 23:00:00,0.20795926130525003,0.2832309
2014-08-03 00:00:00,0.41643053943541297,0.14494678
2014-08-03 01:00:00,0.5042079197007447,0.047315106
2014-08-03 02:00:00,0.6358739900987423,0.039984792
2014-08-03 03:00:00,0.9211504759610706,0.07577496
2014-08-03 04:00:00,0.9869835111600693,0.009731032
2014-08-03 05:00:00,1.1076774090249004,0.01643173
2014-08-03 06:00:00,0.8224009231625723,-0.02056697
2014-08-03 07:00:00,0.3505975042364141,-0.08332992
2014-08-03 08:00:00,0.021432328241420058,-0.13983846
2014-08-03 09:00:00,-0.13217808722291052,-0.06767387
2014-08-03 10:00:00,-0.2857885026872411,-0.010532957
2014-08-03 11:00:00,-0.2857885026872411,0.10334552
2014-08-03 12:00:00,-0.19801112242190932,0.13914865
2014-08-03 13:00:00,-0.29676067522040755,0.18209395
2014-08-03 14:00:00,-0.05537287949074523,0.16372836
2014-08-03 15:00:00,-0.2638441576209081,0.11451211
2014-08-03 16:00:00,0.021432328241420058,0.08482491
2014-08-03 17:00:00,-0.307732847753574,-0.01663749
2014-08-03 18:00:00,-0.34064936535307344,-0.038694106
2014-08-03 19:00:00,-0.5271762984169034,-0.018050518
2014-08-03 20:00:00,-0.5052319533505705,0.112920605
2014-08-03 21:00:00,-0.36259371041940636,0.05922738
2014-08-03 22:00:00,-0.40648240055207224,0.13790101
2014-08-03 23:00:00,-0.36259371041940636,0.00012641028
2014-08-04 00:00:00,-0.2857885026872411,-0.008080376
2014-08-04 01:00:00,-0.21995546748824227,0.07596835
2014-08-04 02:00:00,-0.08828939709024464,0.17844254
2014-08-04 03:00:00,-0.12120591468974404,0.2379033
2014-08-04 04:00:00,-0.19801112242190932,0.28888005
2014-08-04 05:00:00,-0.08828939709024464,0.20802471
2014-08-04 06:00:00,-0.11023374215657758,0.18920484
2014-08-04 07:00:00,-0.11023374215657758,-0.085923925
2014-08-04 08:00:00,-0.45037109068473813,-0.22823033
2014-08-04 09:00:00,-0.9660631997435621,-0.26327223
2014-08-04 10:00:00,-0.9880075448098952,-0.18890536
2014-08-04 11:00:00,-1.0209240624093945,-0.11863481
2014-08-04 12:00:00,-1.0428684074757275,-0.06954242
2014-08-04 13:00:00,-1.0209240624093945,-0.2886619
2014-08-04 14:00:00,-1.0209240624093945,-0.37984246
2014-08-04 15:00:00,-1.0318962349425609,-0.38103157
2014-08-04 16:00:00,-1.053840580008894,-0.29616356
2014-08-04 17:00:00,-1.0209240624093945,-0.19363075
2014-08-04 18:00:00,-1.0209240624093945,-0.14110786
2014-08-04 19:00:00,-1.053840580008894,-0.15971503
2014-08-04 20:00:00,-1.075784925075227,-0.16337001
2014-08-04 21:00:00,-1.075784925075227,-0.30438715
2014-08-04 22:00:00,-1.053840580008894,-0.40348405
2014-08-04 23:00:00,-1.053840580008894,-0.23883972
2014-08-05 00:00:00,-1.0318962349425609,-0.24279737
2014-08-05 01:00:00,-0.9441188546772292,-0.046900287
2014-08-05 02:00:00,-0.9550910272103957,-0.09659024
2014-08-05 03:00:00,-0.9880075448098952,-0.080626555
2014-08-05 04:00:00,-1.009951889876228,-0.27295095
2014-08-05 05:00:00,-0.9989797173430616,-0.33608633
2014-08-05 06:00:00,-0.9770353722767287,-0.3564699
2014-08-05 07:00:00,-0.9441188546772292,-0.35011497
2014-08-05 08:00:00,-0.9221745096108963,-0.42188582
2014-08-05 09:00:00,-0.9441188546772292,-0.7101905
2014-08-05 10:00:00,-0.823424956812398,-0.8670965
2014-08-05 11:00:00,-0.823424956812398,-1.0570605
2014-08-05 12:00:00,-0.7575919216133993,-1.1325247
2014-08-05 13:00:00,-0.8014806117460651,-1.1446981
2014-08-05 14:00:00,-0.8124527842792316,-1.1042652
2014-08-05 15:00:00,-0.7905084392128987,-1.0641646
2014-08-05 16:00:00,-0.7466197490802328,-0.99376804
2014-08-05 17:00:00,-0.5381484709500699,-0.9265518
2014-08-05 18:00:00,-0.7466197490802328,-0.96973604
2014-08-05 19:00:00,-0.823424956812398,-1.0685388
2014-08-05 20:00:00,-0.845369301878731,-0.91598994
2014-08-05 21:00:00,-0.8014806117460651,-0.8870608
2014-08-05 22:00:00,-0.7905084392128987,-0.87890726
2014-08-05 23:00:00,-0.8124527842792316,-0.86999434
2014-08-06 00:00:00,-0.7466197490802328,-0.7646044
2014-08-06 01:00:00,-0.7246754040138998,-0.76965994
2014-08-06 02:00:00,-0.5710649885495693,-0.7213559
2014-08-06 03:00:00,-0.5600928160164028,-0.8008037
2014-08-06 04:00:00,-0.43939891815157167,-0.63725823
2014-08-06 05:00:00,-0.40648240055207224,-0.76934546
2014-08-06 06:00:00,-0.4174545730852387,-0.77720755
2014-08-06 07:00:00,-0.3516215378862399,-0.67086583
2014-08-06 08:00:00,-0.40648240055207224,-0.6829445
2014-08-06 09:00:00,-0.5491206434832363,-0.6357259
2014-08-06 10:00:00,-0.845369301878731,-0.52516943
2014-08-06 11:00:00,-0.9221745096108963,-0.4131729
2014-08-06 12:00:00,-1.009951889876228,-0.28601432
2014-08-06 13:00:00,-1.0318962349425609,-0.39592376
2014-08-06 14:00:00,-1.0648127525420603,-0.39076638
2014-08-06 15:00:00,-1.075784925075227,-0.38362017
2014-08-06 16:00:00,-1.0428684074757275,-0.24603066
2014-08-06 17:00:00,-1.053840580008894,-0.14880252
2014-08-06 18:00:00,-1.009951889876228,-0.10361882
2014-08-06 19:00:00,-0.9331466821440627,-0.17775497
2014-08-06 20:00:00,-0.823424956812398,-0.3492718
2014-08-06 21:00:00,-0.7905084392128987,-0.18593577
2014-08-06 22:00:00,-0.5930093336159022,-0.32455382
2014-08-06 23:00:00,-0.31870502028674047,-0.23071289
2014-08-07 00:00:00,0.27379229650424886,-0.15167508
2014-08-07 01:00:00,0.4603192295680788,-0.2925147
2014-08-07 02:00:00,0.054348845840919466,-0.27239692
2014-08-07 03:00:00,0.010460155708253588,-0.37640002
2014-08-07 04:00:00,-0.12120591468974404,-0.35236496
2014-08-07 05:00:00,-0.07731722455707817,-0.25316423
2014-08-07 06:00:00,-0.16509460482240992,-0.35230616
2014-08-07 07:00:00,-0.4174545730852387,-0.40421948
2014-08-07 08:00:00,-0.658842368814901,-0.36444932
2014-08-07 09:00:00,-0.5271762984169034,-0.53020316
2014-08-07 10:00:00,-0.4174545730852387,-0.6014604
2014-08-07 11:00:00,-0.494259780817404,-0.75602204
2014-08-07 12:00:00,-0.5710649885495693,-0.841237
2014-08-07 13:00:00,-0.6478701962817346,-0.8374386
2014-08-07 14:00:00,-0.6698145413480675,-0.88977736
2014-08-07 15:00:00,-0.6259258512154017,-1.0007875
2014-08-07 16:00:00,-0.6259258512154017,-0.8602013
2014-08-07 17:00:00,-0.6149536786822352,-0.77415633
2014-08-07 18:00:00,-0.6917588864144004,-0.6825192
2014-08-07 19:00:00,-0.658842368814901,-0.5644204
2014-08-07 20:00:00,-0.3955102280189058,-0.42956412
2014-08-07 21:00:00,-0.5710649885495693,-0.3564381
2014-08-07 22:00:00,-0.4832876082842375,-0.19365963
2014-08-07 23:00:00,-0.6478701962817346,-0.15447503
2014-08-08 00:00:00,-0.5710649885495693,0.16542628
2014-08-08 01:00:00,-0.7795362666797322,0.14560065
2014-08-08 02:00:00,-0.658842368814901,0.16692254
2014-08-08 03:00:00,-0.6368980237485681,0.082908206
2014-08-08 04:00:00,-0.5820371610827357,-0.107063405
2014-08-08 05:00:00,-0.5381484709500699,-0.1182164
2014-08-08 06:00:00,-0.34064936535307344,-0.08532443
2014-08-08 07:00:00,-0.23092764002140873,-0.22406447
2014-08-08 08:00:00,-0.11023374215657758,-0.25987142
2014-08-08 09:00:00,-0.18703894988874287,-0.2732339
2014-08-08 10:00:00,-0.2638441576209081,-0.40690646
2014-08-08 11:00:00,-0.16509460482240992,-0.3470043
2014-08-08 12:00:00,-0.307732847753574,-0.47107285
2014-08-08 13:00:00,-0.4832876082842375,-0.4429278
2014-08-08 14:00:00,-0.6039815061490686,-0.48606277
2014-08-08 15:00:00,-0.5930093336159022,-0.5300541
2014-08-08 16:00:00,-0.6698145413480675,-0.44405895
2014-08-08 17:00:00,-0.5600928160164028,-0.44071633
2014-08-08 18:00:00,-0.5600928160164028,-0.3583547
2014-08-08 19:00:00,-0.4174545730852387,-0.21786031
2014-08-08 20:00:00,-0.45037109068473813,-0.23984447
2014-08-08 21:00:00,-0.4613432632179046,-0.16165316
2014-08-08 22:00:00,-0.45037109068473813,-0.09217142
2014-08-08 23:00:00,-0.43939891815157167,-0.25397897
2014-08-09 00:00:00,-0.307732847753574,-0.26206082
2014-08-09 01:00:00,-0.31870502028674047,-0.14308372
2014-08-09 02:00:00,-0.11023374215657758,-0.31905365
2014-08-09 03:00:00,0.2189314338384165,-0.14069232
2014-08-09 04:00:00,0.2518479514379159,-0.1175629
2014-08-09 05:00:00,0.3505975042364141,-0.050496995
2014-08-09 06:00:00,0.4822635746344118,-0.13529292
2014-08-09 07:00:00,0.5919852999660764,-0.10717699
2014-08-09 08:00:00,0.6578183351650753,0.020751331
2014-08-09 09:00:00,0.2628201239710824,0.067175664
2014-08-09 10:00:00,-0.05537287949074523,-0.11137964
2014-08-09 11:00:00,-0.21995546748824227,-0.060908265
2014-08-09 12:00:00,-0.307732847753574,-0.20163682
2014-08-09 13:00:00,-0.329677192819907,-0.37264007
2014-08-09 14:00:00,-0.4613432632179046,-0.3808422
2014-08-09 15:00:00,-0.516204125883737,-0.31785056
2014-08-09 16:00:00,-0.5052319533505705,-0.521691
2014-08-09 17:00:00,-0.6149536786822352,-0.3465291
2014-08-09 18:00:00,-0.7356475765470664,-0.26360795
2014-08-09 19:00:00,-0.5930093336159022,-0.24948514
2014-08-09 20:00:00,-0.6368980237485681,-0.26751414
2014-08-09 21:00:00,-0.494259780817404,-0.2826328
2014-08-09 22:00:00,-0.9331466821440627,-0.1571835
2014-08-09 23:00:00,-0.9002301645445634,-0.13600594
2014-08-10 00:00:00,-0.9112023370777298,-0.16637883
2014-08-10 01:00:00,-0.8563414744118975,-0.19031766
2014-08-10 02:00:00,-0.8563414744118975,-0.1342653
2014-08-10 03:00:00,-0.8343971293455645,-0.11023201
2014-08-10 04:00:00,-0.867313646945064,0.035657786
2014-08-10 05:00:00,-0.7905084392128987,0.13928235
2014-08-10 06:00:00,-0.7575919216133993,0.034513466
2014-08-10 07:00:00,-0.7575919216133993,0.18027496
2014-08-10 08:00:00,-0.8343971293455645,0.10479031
2014-08-10 09:00:00,-0.823424956812398,0.13349608
2014-08-10 10:00:00,-0.6698145413480675,0.08083872
2014-08-10 11:00:00,-0.680786713881234,-0.004255362
2014-08-10 12:00:00,-0.6917588864144004,-0.13579798
2014-08-10 13:00:00,-0.7027310589475669,-0.18786225
2014-08-10 14:00:00,-0.7466197490802328,-0.30984032
2014-08-10 15:00:00,-0.7685640941465657,-0.38583615
2014-08-10 16:00:00,-0.845369301878731,-0.33592492
2014-08-10 17:00:00,-0.8782858194782304,-0.41564178
2014-08-10 18:00:00,-0.7905084392128987,-0.37333667
2014-08-10 19:00:00,-0.6259258512154017,-0.317056
2014-08-10 20:00:00,-0.516204125883737,-0.36852443
2014-08-10 21:00:00,-0.5600928160164028,-0.33221072
2014-08-10 22:00:00,-0.516204125883737,-0.54838437
2014-08-10 23:00:00,-0.2418998125545752,-0.36693475
2014-08-11 00:00:00,-0.15412243228924344,-0.5505183
2014-08-11 01:00:00,-0.3845380554857393,-0.599396
2014-08-11 02:00:00,-0.4613432632179046,-0.6696574
2014-08-11 03:00:00,-0.516204125883737,-0.47017637
2014-08-11 04:00:00,-0.8124527842792316,-0.7147404
2014-08-11 05:00:00,-0.8782858194782304,-0.6464626
2014-08-11 06:00:00,-0.9660631997435621,-0.7191573
2014-08-11 07:00:00,-0.9550910272103957,-0.67212564
2014-08-11 08:00:00,-0.9660631997435621,-0.57943875
2014-08-11 09:00:00,-0.9660631997435621,-0.58143216
2014-08-11 10:00:00,-1.0318962349425609,-0.4689446
2014-08-11 11:00:00,-0.9770353722767287,-0.51290077
2014-08-11 12:00:00,-1.0318962349425609,-0.6744835
2014-08-11 13:00:00,-1.0318962349425609,-0.53466004
2014-08-11 14:00:00,-0.9770353722767287,-0.5301404
2014-08-11 15:00:00,-0.9880075448098952,-0.5102865
2014-08-11 16:00:00,-0.9989797173430616,-0.5243612
2014-08-11 17:00:00,-0.9989797173430616,-0.45963168
2014-08-11 18:00:00,-0.9441188546772292,-0.48947352
2014-08-11 19:00:00,-0.867313646945064,-0.43882442
2014-08-11 20:00:00,-0.8563414744118975,-0.31773537
2014-08-11 21:00:00,-0.845369301878731,-0.2905175
2014-08-11 22:00:00,-0.8014806117460651,-0.29711363
2014-08-11 23:00:00,-0.6368980237485681,-0.26953128
2014-08-12 00:00:00,-0.5491206434832363,-0.20223707
2014-08-12 01:00:00,-0.47231543575107104,-0.2928026
2014-08-12 02:00:00,-0.7795362666797322,-0.4740223
2014-08-12 03:00:00,-0.8124527842792316,-0.49438488
2014-08-12 04:00:00,-0.845369301878731,-0.67931604
2014-08-12 05:00:00,-0.9002301645445634,-0.7034287
2014-08-12 06:00:00,-0.9331466821440627,-0.7337843
2014-08-12 07:00:00,-0.9660631997435621,-0.7772292
2014-08-12 08:00:00,-0.9112023370777298,-0.791993
2014-08-12 09:00:00,-1.009951889876228,-0.7761095
2014-08-12 10:00:00,-0.9880075448098952,-0.8463473
2014-08-12 11:00:00,-0.9660631997435621,-0.78832465
2014-08-12 12:00:00,-0.8892579920113969,-0.89280325
2014-08-12 13:00:00,-0.867313646945064,-0.80716974
2014-08-12 14:00:00,-0.7685640941465657,-0.81515247
2014-08-12 15:00:00,-0.7356475765470664,-0.7469884
2014-08-12 16:00:00,-0.7905084392128987,-0.6582885
2014-08-12 17:00:00,-0.8343971293455645,-0.6033449
2014-08-12 18:00:00,-0.7575919216133993,-0.50931454
2014-08-12 19:00:00,-0.658842368814901,-0.24728853
2014-08-12 20:00:00,-0.7795362666797322,-0.24638802
2014-08-12 21:00:00,-0.3955102280189058,-0.3063547
2014-08-12 22:00:00,-0.680786713881234,-0.29334944
2014-08-12 23:00:00,-0.8892579920113969,-0.25732476
2014-08-13 00:00:00,-0.845369301878731,-0.17234787
2014-08-13 01:00:00,-0.9550910272103957,-0.16181865
2014-08-13 02:00:00,-0.9331466821440627,-0.22064885
2014-08-13 03:00:00,-0.867313646945064,-0.35376382
2014-08-13 04:00:00,-0.9002301645445634,-0.6091612
2014-08-13 05:00:00,-0.8892579920113969,-0.6682828
2014-08-13 06:00:00,-0.680786713881234,-0.61703235
2014-08-13 07:00:00,-0.7027310589475669,-0.6872427
2014-08-13 08:00:00,-0.7027310589475669,-0.7205922
2014-08-13 09:00:00,-0.516204125883737,-0.82470363
2014-08-13 10:00:00,-0.494259780817404,-0.71218425
2014-08-13 11:00:00,-0.6259258512154017,-0.7944073
2014-08-13 12:00:00,-0.680786713881234,-0.78207934
2014-08-13 13:00:00,-0.8124527842792316,-0.74347097
2014-08-13 14:00:00,-0.9112023370777298,-0.53609115
2014-08-13 15:00:00,-0.9112023370777298,-0.5187713
2014-08-13 16:00:00,-0.9331466821440627,-0.4869964
2014-08-13 17:00:00,-0.8892579920113969,-0.48700237
2014-08-13 18:00:00,-0.867313646945064,-0.47021797
2014-08-13 19:00:00,-0.8343971293455645,-0.24920383
2014-08-13 20:00:00,-0.8343971293455645,-0.27502736
2014-08-13 21:00:00,-0.8124527842792316,-0.19979927
2014-08-13 22:00:00,-0.8343971293455645,-0.2939204
2014-08-13 23:00:00,-0.867313646945064,-0.38858682
2014-08-14 00:00:00,-0.7795362666797322,-0.35431325
2014-08-14 01:00:00,-0.8892579920113969,-0.42579418
2014-08-14 02:00:00,-0.8563414744118975,-0.31473845
2014-08-14 03:00:00,-0.8563414744118975,-0.5799513
2014-08-14 04:00:00,-0.9221745096108963,-0.49747902
2014-08-14 05:00:00,-0.7905084392128987,-0.50827295
2014-08-14 06:00:00,-0.7137032314807333,-0.35151842
2014-08-14 07:00:00,-0.9112023370777298,-0.50761133
2014-08-14 08:00:00,-0.823424956812398,-0.5256342
2014-08-14 09:00:00,-0.8014806117460651,-0.45652822
2014-08-14 10:00:00,-0.8124527842792316,-0.67018753
2014-08-14 11:00:00,-0.8124527842792316,-0.6927608
2014-08-14 12:00:00,-0.7905084392128987,-0.7369386
2014-08-14 13:00:00,-0.6368980237485681,-0.80583483
2014-08-14 14:00:00,-0.5710649885495693,-0.9401936
2014-08-14 15:00:00,-0.7575919216133993,-0.94286007
2014-08-14 16:00:00,-0.8014806117460651,-0.76258105
2014-08-14 17:00:00,-0.8124527842792316,-0.8199332
2014-08-14 18:00:00,-0.7137032314807333,-0.8123182
2014-08-14 19:00:00,-0.7466197490802328,-0.6210255
2014-08-14 20:00:00,-0.680786713881234,-0.6747374
2014-08-14 21:00:00,-0.6917588864144004,-0.5564334
2014-08-14 22:00:00,-0.8124527842792316,-0.44021285
2014-08-14 23:00:00,-0.9112023370777298,-0.53393763
2014-08-15 00:00:00,-0.7466197490802328,-0.5724985
2014-08-15 01:00:00,-0.8124527842792316,-0.5188436
2014-08-15 02:00:00,-0.7246754040138998,-0.6615574
2014-08-15 03:00:00,-0.7466197490802328,-0.5877294
2014-08-15 04:00:00,-0.845369301878731,-0.69611853
2014-08-15 05:00:00,-0.7137032314807333,-0.5776859
2014-08-15 06:00:00,-0.31870502028674047,-0.42787686
2014-08-15 07:00:00,0.021432328241420058,-0.55068654
2014-08-15 08:00:00,0.22990360637158297,-0.5637321
2014-08-15 09:00:00,0.15309839863941768,-0.63080615
2014-08-15 10:00:00,-0.3955102280189058,-0.517085
2014-08-15 11:00:00,-0.5820371610827357,-0.32759106
2014-08-15 12:00:00,-0.8124527842792316,-0.29847753
2014-08-15 13:00:00,-0.9112023370777298,-0.4962458
2014-08-15 14:00:00,-0.9660631997435621,-0.35267624
2014-08-15 15:00:00,-0.9112023370777298,-0.2850507
2014-08-15 16:00:00,-0.7246754040138998,-0.47650865
2014-08-15 17:00:00,-0.5710649885495693,-0.2377046
2014-08-15 18:00:00,-0.8563414744118975,-0.25092304
2014-08-15 19:00:00,-0.7685640941465657,-0.25484473
2014-08-15 20:00:00,-0.8014806117460651,-0.11770863
2014-08-15 21:00:00,-0.8343971293455645,-0.2912203
2014-08-15 22:00:00,-0.7905084392128987,-0.26696646
2014-08-15 23:00:00,-0.7356475765470664,-0.32197794
2014-08-16 00:00:00,-0.494259780817404,-0.20819879
2014-08-16 01:00:00,-0.329677192819907,-0.107714325
2014-08-16 02:00:00,-0.31870502028674047,-0.3464532
2014-08-16 03:00:00,-0.13217808722291052,-0.38926834
2014-08-16 04:00:00,-0.19801112242190932,-0.26497358
2014-08-16 05:00:00,-0.5271762984169034,-0.41832945
2014-08-16 06:00:00,-0.5930093336159022,-0.20286563
2014-08-16 07:00:00,-0.7356475765470664,0.0007060319
2014-08-16 08:00:00,-0.6917588864144004,-0.090515696
2014-08-16 09:00:00,-0.5600928160164028,-0.1874581
2014-08-16 10:00:00,-0.31870502028674047,-0.25096822
2014-08-16 11:00:00,-0.3516215378862399,-0.5019435
2014-08-16 12:00:00,-0.5710649885495693,-0.47411722
2014-08-16 13:00:00,-0.6149536786822352,-0.47619972
2014-08-16 14:00:00,-0.680786713881234,-0.556351
2014-08-16 15:00:00,-0.7905084392128987,-0.616381
2014-08-16 16:00:00,-0.5271762984169034,-0.5570727
2014-08-16 17:00:00,-0.40648240055207224,-0.41668808
2014-08-16 18:00:00,-0.4832876082842375,-0.39087036
2014-08-16 19:00:00,-0.42842674561840516,-0.3247844
2014-08-16 20:00:00,-0.2857885026872411,-0.027577415
2014-08-16 21:00:00,-0.21995546748824227,-0.083724655
2014-08-16 22:00:00,-0.12120591468974404,-0.3484206
2014-08-16 23:00:00,-0.03342853442441229,-0.2062675
2014-08-17 00:00:00,0.7894844055630729,-0.3033235
2014-08-17 01:00:00,1.1954547892902323,-0.14576694
2014-08-17 02:00:00,-0.307732847753574,0.06887836
2014-08-17 03:00:00,-0.8892579920113969,-0.16089767
2014-08-17 04:00:00,-0.845369301878731,-0.10406896
2014-08-17 05:00:00,-0.7575919216133993,-0.24723068
2014-08-17 06:00:00,-0.8014806117460651,-0.47834778
2014-08-17 07:00:00,-0.7356475765470664,-0.27699354
2014-08-17 08:00:00,-0.680786713881234,-0.43804896
2014-08-17 09:00:00,-0.7027310589475669,-0.44837546
2014-08-17 10:00:00,-0.6698145413480675,-0.20556453
2014-08-17 11:00:00,-0.6149536786822352,-0.23839661
2014-08-17 12:00:00,-0.6917588864144004,-0.2757315
2014-08-17 13:00:00,-0.7027310589475669,-0.28097928
2014-08-17 14:00:00,-0.7905084392128987,-0.41338295
2014-08-17 15:00:00,-0.680786713881234,-0.45104575
2014-08-17 16:00:00,-0.845369301878731,-0.2171216
2014-08-17 17:00:00,-0.8782858194782304,-0.30782798
2014-08-17 18:00:00,-0.8782858194782304,-0.18715277
2014-08-17 19:00:00,-0.7137032314807333,-0.11058061
2014-08-17 20:00:00,-0.6149536786822352,-0.057520367
2014-08-17 21:00:00,-0.494259780817404,0.148078
2014-08-17 22:00:00,-0.29676067522040755,0.14069134
2014-08-17 23:00:00,-0.2089832949550758,0.24035537
2014-08-18 00:00:00,-0.07731722455707817,0.47483978
2014-08-18 01:00:00,-0.09926156962341111,0.60855913
2014-08-18 02:00:00,-0.5381484709500699,0.31349385
2014-08-18 03:00:00,-0.4832876082842375,-0.13609532
2014-08-18 04:00:00,-0.4832876082842375,-0.31426644
2014-08-18 05:00:00,-0.7246754040138998,-0.29639402
2014-08-18 06:00:00,-0.7137032314807333,-0.4720758
2014-08-18 07:00:00,-0.8014806117460651,-0.38848835
2014-08-18 08:00:00,-0.8124527842792316,-0.38256308
2014-08-18 09:00:00,-0.6698145413480675,-0.4392903
2014-08-18 10:00:00,-0.7137032314807333,-0.42340463
2014-08-18 11:00:00,-0.680786713881234,-0.4168865
2014-08-18 12:00:00,-0.45037109068473813,-0.3917775
2014-08-18 13:00:00,-0.34064936535307344,-0.38423997
2014-08-18 14:00:00,-0.21995546748824227,-0.5407236
2014-08-18 15:00:00,-0.2857885026872411,-0.55597514
2014-08-18 16:00:00,-0.31870502028674047,-0.55464333
2014-08-18 17:00:00,-0.3516215378862399,-0.58130026
2014-08-18 18:00:00,-0.3845380554857393,-0.44535
2014-08-18 19:00:00,-0.31870502028674047,-0.33449697
2014-08-18 20:00:00,-0.31870502028674047,-0.2732647
2014-08-18 21:00:00,-0.2857885026872411,-0.06998103
2014-08-18 22:00:00,-0.47231543575107104,-0.13194883
2014-08-18 23:00:00,-0.43939891815157167,0.08714663
2014-08-19 00:00:00,-0.2857885026872411,0.108118355
2014-08-19 01:00:00,-0.42842674561840516,0.13916594
2014-08-19 02:00:00,-0.3735658829525728,-0.055404134
2014-08-19 03:00:00,-0.2857885026872411,-0.30468962
2014-08-19 04:00:00,-0.13217808722291052,-0.2997771
2014-08-19 05:00:00,-0.0663450520239117,-0.29962522
2014-08-19 06:00:00,-0.03342853442441229,-0.4052042
2014-08-19 07:00:00,0.12018188103991828,-0.5029797
2014-08-19 08:00:00,0.07629319090725241,-0.5704256
2014-08-19 09:00:00,0.2518479514379159,-0.6253757
2014-08-19 10:00:00,-0.03342853442441229,-0.33706635
2014-08-19 11:00:00,-0.07731722455707817,-0.2996817
2014-08-19 12:00:00,-0.2418998125545752,-0.33317187
2014-08-19 13:00:00,-0.34064936535307344,-0.21788293
2014-08-19 14:00:00,-0.42842674561840516,-0.25653577
2014-08-19 15:00:00,-0.494259780817404,-0.17930907
2014-08-19 16:00:00,-0.5710649885495693,-0.17814717
2014-08-19 17:00:00,-0.9550910272103957,-0.26365682
2014-08-19 18:00:00,-0.45037109068473813,-0.062189333
2014-08-19 19:00:00,-0.2857885026872411,-0.080000125
2014-08-19 20:00:00,-0.21995546748824227,-0.080940925
2014-08-19 21:00:00,-0.17606677735557638,-0.095043406
2014-08-19 22:00:00,-0.2418998125545752,-0.15057278
2014-08-19 23:00:00,-0.329677192819907,-0.06401219
2014-08-20 00:00:00,-0.29676067522040755,0.017985791
2014-08-20 01:00:00,-0.31870502028674047,0.03902907
2014-08-20 02:00:00,-0.3516215378862399,0.1481266
2014-08-20 03:00:00,-0.13217808722291052,-0.013572123
2014-08-20 04:00:00,-0.011484189358079351,-0.122177236
2014-08-20 05:00:00,0.043376673307752994,0.06090629
2014-08-20 06:00:00,0.06532101837408594,0.06791198
2014-08-20 07:00:00,0.16407057117258417,-0.08547356
2014-08-20 08:00:00,0.13115405357308474,-0.03510173
2014-08-20 09:00:00,0.15309839863941768,-0.07843471
2014-08-20 10:00:00,0.07629319090725241,0.07243592
2014-08-20 11:00:00,-0.011484189358079351,0.03772124
2014-08-20 12:00:00,-0.2089832949550758,0.06349547
2014-08-20 13:00:00,-0.34064936535307344,-0.120097555
2014-08-20 14:00:00,-0.34064936535307344,-0.24143746
2014-08-20 15:00:00,-0.25287198508774167,-0.21628374
2014-08-20 16:00:00,-0.2287332055147754,-0.12832657
2014-08-20 17:00:00,-0.20459442594180915,-0.3236933
2014-08-20 18:00:00,-0.18045564636884304,-0.23679096
2014-08-20 19:00:00,-0.15631686679587678,0.0370437
2014-08-20 20:00:00,-0.13217808722291052,0.008786095
2014-08-20 21:00:00,-0.10803930764994425,-0.036100935
2014-08-20 22:00:00,-0.08390052807697798,-0.023535606
2014-08-20 23:00:00,-0.05976174850401188,0.004197724
2014-08-21 00:00:00,-0.035622968931045614,0.069993764
2014-08-21 01:00:00,-0.011484189358079351,-0.040259413
2014-08-21 02:00:00,0.13115405357308474,-0.036386937
2014-08-21 03:00:00,0.20795926130525003,-0.024206854
2014-08-21 04:00:00,0.24087577890474945,-0.11280712
2014-08-21 05:00:00,0.36156967676958063,-0.076798275
2014-08-21 06:00:00,0.36156967676958063,-0.029926918
2014-08-21 07:00:00,0.4383748845017459,-0.076876
2014-08-21 08:00:00,0.58101312743291,0.11747073
2014-08-21 09:00:00,0.8004565780962394,0.1333211
2014-08-21 10:00:00,0.7565678879635735,0.13607523
2014-08-21 11:00:00,0.6907348527645747,0.13060516
2014-08-21 12:00:00,0.41643053943541297,-0.07231923
2014-08-21 13:00:00,0.44934705703491234,-0.18411264
2014-08-21 14:00:00,0.40545836690224646,-0.17735055
2014-08-21 15:00:00,0.3725418493027471,-0.17877871
2014-08-21 16:00:00,0.2518479514379159,-0.20023793
2014-08-21 17:00:00,0.14212622610625122,-0.12182685
2014-08-21 18:00:00,0.16407057117258417,-0.15097126
2014-08-21 19:00:00,0.2518479514379159,-0.1567097
2014-08-21 20:00:00,0.49323574716757823,-0.09646069
2014-08-21 21:00:00,-0.34064936535307344,-0.10407936
2014-08-21 22:00:00,-0.8892579920113969,0.0047963187
2014-08-21 23:00:00,-0.8124527842792316,-0.0075204074
2014-08-22 00:00:00,-0.8563414744118975,0.04258339
2014-08-22 01:00:00,-0.845369301878731,0.023982316
2014-08-22 02:00:00,-0.867313646945064,-0.0033514407
2014-08-22 03:00:00,-0.845369301878731,0.050263464
2014-08-22 04:00:00,-0.9002301645445634,0.07348282
2014-08-22 05:00:00,-0.8343971293455645,0.07003707
2014-08-22 06:00:00,-0.7685640941465657,0.047374673
2014-08-22 07:00:00,-0.8892579920113969,0.13351238
2014-08-22 08:00:00,-0.845369301878731,0.23502395
2014-08-22 09:00:00,-0.8892579920113969,0.4151622
2014-08-22 10:00:00,-0.8563414744118975,0.4134953
2014-08-22 11:00:00,-0.7575919216133993,0.42209032
2014-08-22 12:00:00,-0.6368980237485681,0.25117707
2014-08-22 13:00:00,-0.6478701962817346,0.14693683
2014-08-22 14:00:00,-0.4832876082842375,0.14672431
2014-08-22 15:00:00,-0.307732847753574,0.119489804
2014-08-22 16:00:00,-0.2638441576209081,0.04308884
2014-08-22 17:00:00,-0.14315025975607698,0.025917254
2014-08-22 18:00:00,-0.09926156962341111,0.015299046
2014-08-22 19:00:00,-0.03342853442441229,0.015426846
2014-08-22 20:00:00,0.10920970850675181,-0.055579714
2014-08-22 21:00:00,0.2628201239710824,-0.07814905
2014-08-22 22:00:00,0.2518479514379159,-0.3603232
2014-08-22 23:00:00,0.10920970850675181,-0.36803013
2014-08-23 00:00:00,0.16407057117258417,-0.35419613
2014-08-23 01:00:00,0.2189314338384165,-0.6210117
2014-08-23 02:00:00,0.5371244373002441,-0.6660014
2014-08-23 03:00:00,0.4603192295680788,-0.5504997
2014-08-23 04:00:00,0.4603192295680788,-0.4899649
2014-08-23 05:00:00,0.3067088141037483,-0.51258385
2014-08-23 06:00:00,0.2189314338384165,-0.57259756
2014-08-23 07:00:00,0.41643053943541297,-0.5742661
2014-08-23 08:00:00,0.3725418493027471,-0.5834084
2014-08-23 09:00:00,0.58101312743291,-0.48235795
2014-08-23 10:00:00,0.36156967676958063,-0.4079541
2014-08-23 11:00:00,0.3725418493027471,-0.27310133
2014-08-23 12:00:00,0.17504274370575063,-0.35648915
2014-08-23 13:00:00,0.06532101837408594,-0.28686413
2014-08-23 14:00:00,-0.14315025975607698,-0.27518433
2014-08-23 15:00:00,-0.18703894988874287,-0.2930433
2014-08-23 16:00:00,0.08726536344041887,-0.21190655
2014-08-23 17:00:00,-0.05537287949074523,0.038519192
2014-08-23 18:00:00,0.043376673307752994,-0.0019824207
2014-08-23 19:00:00,0.19698708877208357,0.091137454
2014-08-23 20:00:00,0.36156967676958063,0.23657951
2014-08-23 21:00:00,0.5590687823665771,0.12395059
2014-08-23 22:00:00,0.7785122330299065,0.2185911
2014-08-23 23:00:00,-0.7137032314807333,0.21284977
2014-08-24 00:00:00,-0.8124527842792316,0.15410978
2014-08-24 01:00:00,-0.8782858194782304,0.22849673
2014-08-24 02:00:00,-0.823424956812398,0.17987767
2014-08-24 03:00:00,-0.7575919216133993,0.17224327
2014-08-24 04:00:00,-0.7137032314807333,0.16017544
2014-08-24 05:00:00,-0.6698145413480675,0.06611109
2014-08-24 06:00:00,-0.6039815061490686,-0.03652963
2014-08-24 07:00:00,-0.7795362666797322,0.16884458
2014-08-24 08:00:00,-1.0648127525420603,0.0962377
2014-08-24 09:00:00,-1.0318962349425609,0.28762707
2014-08-24 10:00:00,-1.0209240624093945,0.2888994
2014-08-24 11:00:00,-1.0428684074757275,0.13839945
2014-08-24 12:00:00,-1.053840580008894,0.112233885
2014-08-24 13:00:00,-1.009951889876228,0.09537132
2014-08-24 14:00:00,-1.0318962349425609,-0.029715888
2014-08-24 15:00:00,-0.9880075448098952,0.048969798
2014-08-24 16:00:00,-1.0209240624093945,0.002808298
2014-08-24 17:00:00,-1.0318962349425609,0.021329127
2014-08-24 18:00:00,-1.0209240624093945,0.075786896
2014-08-24 19:00:00,-0.9660631997435621,0.06788692
2014-08-24 20:00:00,-0.9112023370777298,0.08570117
2014-08-24 21:00:00,-0.5930093336159022,0.29948035
2014-08-24 22:00:00,-0.6149536786822352,0.37137616
2014-08-24 23:00:00,-0.680786713881234,-0.062040262
2014-08-25 00:00:00,-0.823424956812398,-0.32389715
2014-08-25 01:00:00,-0.9221745096108963,-0.56642014
2014-08-25 02:00:00,-0.8014806117460651,-0.52132183
2014-08-25 03:00:00,-0.8343971293455645,-0.5532819
2014-08-25 04:00:00,-0.8014806117460651,-0.47618723
2014-08-25 05:00:00,-0.8892579920113969,-0.4553736
2014-08-25 06:00:00,-0.9331466821440627,-0.4367441
2014-08-25 07:00:00,-0.9221745096108963,-0.4690392
2014-08-25 08:00:00,-0.9112023370777298,-0.5394464
2014-08-25 09:00:00,-0.9112023370777298,-0.61470747
2014-08-25 10:00:00,-0.9880075448098952,-0.6860612
2014-08-25 11:00:00,-1.0209240624093945,-0.6160535
2014-08-25 12:00:00,-1.0209240624093945,-0.6641341
2014-08-25 13:00:00,-0.9989797173430616,-0.5078911
2014-08-25 14:00:00,-1.0209240624093945,-0.5171684
2014-08-25 15:00:00,-0.9989797173430616,-0.5238312
2014-08-25 16:00:00,-1.0318962349425609,-0.38182133
2014-08-25 17:00:00,-1.0318962349425609,-0.46740693
2014-08-25 18:00:00,-1.009951889876228,-0.36200547
2014-08-25 19:00:00,-0.9770353722767287,-0.29220247
2014-08-25 20:00:00,-0.9002301645445634,-0.19261572
2014-08-25 21:00:00,-0.867313646945064,-0.13341302
2014-08-25 22:00:00,-0.7685640941465657,-0.1890378
2014-08-25 23:00:00,-0.8124527842792316,-0.08255874
2014-08-26 00:00:00,-0.8124527842792316,-0.27920654
2014-08-26 01:00:00,-0.6478701962817346,-0.41354156
2014-08-26 02:00:00,-0.7137032314807333,-0.39197305
2014-08-26 03:00:00,-0.6698145413480675,-0.39572567
2014-08-26 04:00:00,-0.658842368814901,-0.49783868
2014-08-26 05:00:00,-0.845369301878731,-0.53728867
2014-08-26 06:00:00,-0.8014806117460651,-0.58916026
2014-08-26 07:00:00,-0.9331466821440627,-0.6386786
2014-08-26 08:00:00,-0.8892579920113969,-0.68117017
2014-08-26 09:00:00,-0.8892579920113969,-0.6389775
2014-08-26 10:00:00,-0.9112023370777298,-0.59815115
2014-08-26 11:00:00,-0.9112023370777298,-0.79211074
2014-08-26 12:00:00,-0.9550910272103957,-0.76378745
2014-08-26 13:00:00,-0.9880075448098952,-0.7124955
2014-08-26 14:00:00,-1.0318962349425609,-0.7026275
2014-08-26 15:00:00,-1.009951889876228,-0.6641912
2014-08-26 16:00:00,-0.9880075448098952,-0.5991686
2014-08-26 17:00:00,-1.0318962349425609,-0.53929526
2014-08-26 18:00:00,-0.9550910272103957,-0.41691592
2014-08-26 19:00:00,-0.8892579920113969,-0.32451573
2014-08-26 20:00:00,-0.8014806117460651,-0.27531484
2014-08-26 21:00:00,-0.7575919216133993,-0.24868682
2014-08-26 22:00:00,-0.7795362666797322,-0.22535652
2014-08-26 23:00:00,-0.6698145413480675,-0.3470356
2014-08-27 00:00:00,-0.47231543575107104,-0.16483015
2014-08-27 01:00:00,-0.31870502028674047,-0.03953292
2014-08-27 02:00:00,-0.3516215378862399,-0.038851984
2014-08-27 03:00:00,-0.23092764002140873,-0.12200152
2014-08-27 04:00:00,-0.12120591468974404,-0.17019367
2014-08-27 05:00:00,-0.6039815061490686,-0.30621454
2014-08-27 06:00:00,-0.7575919216133993,-0.40201914
2014-08-27 07:00:00,-0.867313646945064,-0.4701392
2014-08-27 08:00:00,-0.8014806117460651,-0.46906084
2014-08-27 09:00:00,-0.8343971293455645,-0.51971316
2014-08-27 10:00:00,-0.7685640941465657,-0.57491595
2014-08-27 11:00:00,-0.823424956812398,-0.42698517
2014-08-27 12:00:00,-0.680786713881234,-0.40567547
2014-08-27 13:00:00,-0.6259258512154017,-0.7425832
2014-08-27 14:00:00,-0.5710649885495693,-0.61737794
2014-08-27 15:00:00,-0.5710649885495693,-0.50351506
2014-08-27 16:00:00,-0.5820371610827357,-0.42449135
2014-08-27 17:00:00,-0.40648240055207224,-0.38913542
2014-08-27 18:00:00,-0.4174545730852387,-0.29543653
2014-08-27 19:00:00,-0.36259371041940636,-0.2162244
2014-08-27 20:00:00,-0.29676067522040755,-0.14318421
2014-08-27 21:00:00,-0.19801112242190932,-0.10401933
2014-08-27 22:00:00,-0.0663450520239117,0.002080787
2014-08-27 23:00:00,-0.07731722455707817,-0.13656393
2014-08-28 00:00:00,-0.12120591468974404,-0.11242049
2014-08-28 01:00:00,-0.11023374215657758,0.13317029
2014-08-28 02:00:00,-0.0005120168249128817,0.16000086
2014-08-28 03:00:00,0.03240450077458652,0.14712471
2014-08-28 04:00:00,0.08726536344041887,0.19767934
2014-08-28 05:00:00,-0.09926156962341111,0.005485462
2014-08-28 06:00:00,-0.18703894988874287,-0.09978334
2014-08-28 07:00:00,-0.34064936535307344,-0.2710194
2014-08-28 08:00:00,-0.3955102280189058,-0.39998043
2014-08-28 09:00:00,-0.36259371041940636,-0.43193042
2014-08-28 10:00:00,-0.4174545730852387,-0.3232819
2014-08-28 11:00:00,-0.3516215378862399,-0.36237937
2014-08-28 12:00:00,-0.3735658829525728,-0.29625168
2014-08-28 13:00:00,-0.43939891815157167,-0.29482046
2014-08-28 14:00:00,-0.29676067522040755,-0.34875143
2014-08-28 15:00:00,-0.21995546748824227,-0.34439987
2014-08-28 16:00:00,-0.21995546748824227,-0.30466276
2014-08-28 17:00:00,-0.17606677735557638,-0.16559178
2014-08-28 18:00:00,-0.02245636189124582,-0.1865989
2014-08-28 19:00:00,-0.011484189358079351,-0.1677256
2014-08-28 20:00:00,0.31768098663691474,0.0813489
2014-08-28 21:00:00,0.27379229650424886,0.019491788
2014-08-28 22:00:00,-0.2857885026872411,0.025697468
2014-08-28 23:00:00,-0.4613432632179046,0.13019097
2014-08-29 00:00:00,-0.23092764002140873,0.23732471
2014-08-29 01:00:00,-0.25287198508774167,0.12930435
2014-08-29 02:00:00,-0.21995546748824227,0.15538836
2014-08-29 03:00:00,-0.16509460482240992,0.30976886
2014-08-29 04:00:00,-0.2857885026872411,0.00353425
2014-08-29 05:00:00,-0.2418998125545752,-0.08502391
2014-08-29 06:00:00,-0.11023374215657758,0.038273968
2014-08-29 07:00:00,-0.12120591468974404,0.007666194
2014-08-29 08:00:00,-0.3516215378862399,0.04012537
2014-08-29 09:00:00,-0.31870502028674047,-0.13828948
2014-08-29 10:00:00,-0.3735658829525728,-0.028752394
2014-08-29 11:00:00,-0.45037109068473813,-0.22993815
2014-08-29 12:00:00,-0.5600928160164028,-0.34023738
2014-08-29 13:00:00,-0.4174545730852387,-0.12806687
2014-08-29 14:00:00,-0.2857885026872411,-0.03857796
2014-08-29 15:00:00,-0.2089832949550758,-0.0077383574
2014-08-29 16:00:00,-0.16509460482240992,0.16090015
2014-08-29 17:00:00,-0.13217808722291052,0.11524638
2014-08-29 18:00:00,-0.14315025975607698,-0.017418046
2014-08-29 19:00:00,-0.05537287949074523,-0.0010718778
2014-08-29 20:00:00,0.22990360637158297,0.13328448
2014-08-29 21:00:00,0.42740271196857943,0.18047497
2014-08-29 22:00:00,0.3505975042364141,0.034680977
2014-08-29 23:00:00,0.12018188103991828,-0.014633492
2014-08-30 00:00:00,0.07629319090725241,-0.1328285
2014-08-30 01:00:00,0.021432328241420058,-0.1730375
2014-08-30 02:00:00,0.27379229650424886,-0.20256549
2014-08-30 03:00:00,0.8114287506294059,-0.10100602
2014-08-30 04:00:00,0.5590687823665771,-0.27795997
2014-08-30 05:00:00,0.5919852999660764,-0.2455104
2014-08-30 06:00:00,0.6907348527645747,-0.34136617
2014-08-30 07:00:00,0.5261522647670777,-0.4683546
2014-08-30 08:00:00,0.5700409548997435,-0.3009599
2014-08-30 09:00:00,0.5590687823665771,-0.1040503
2014-08-30 10:00:00,0.6578183351650753,-0.32394195
2014-08-30 11:00:00,0.8004565780962394,-0.1772627
2014-08-30 12:00:00,1.0528165463590682,-0.17599627
2014-08-30 13:00:00,0.8882339583615712,-0.13988575
2014-08-30 14:00:00,0.9101783034279041,-0.15467381
2014-08-30 15:00:00,0.3286531591700812,-0.058854938
2014-08-30 16:00:00,0.6358739900987423,0.11520482
2014-08-30 17:00:00,0.7017070252977412,0.05739542
2014-08-30 18:00:00,0.5371244373002441,0.17130393
2014-08-30 19:00:00,0.44934705703491234,0.31365463
2014-08-30 20:00:00,0.4712914021012453,0.3028443
2014-08-30 21:00:00,0.4712914021012453,0.50351745
2014-08-30 22:00:00,0.41643053943541297,0.5928965
2014-08-30 23:00:00,0.021432328241420058,0.4452157
2014-08-31 00:00:00,-0.0005120168249128817,0.33580196
2014-08-31 01:00:00,0.07629319090725241,0.28001142
2014-08-31 02:00:00,0.33962533170324766,0.40502378
2014-08-31 03:00:00,0.42740271196857943,0.5434226
2014-08-31 04:00:00,0.22990360637158297,0.5184725
2014-08-31 05:00:00,-0.03342853442441229,0.29888028
2014-08-31 06:00:00,-0.15412243228924344,0.32075626
2014-08-31 07:00:00,-0.16509460482240992,0.28163767
2014-08-31 08:00:00,-0.23092764002140873,0.2325083
2014-08-31 09:00:00,-0.21995546748824227,0.39794406
2014-08-31 10:00:00,0.054348845840919466,0.4238513
2014-08-31 11:00:00,-0.42842674561840516,0.38578594
2014-08-31 12:00:00,-0.4613432632179046,0.3253165
2014-08-31 13:00:00,-0.494259780817404,0.24939096
2014-08-31 14:00:00,-0.3845380554857393,0.4335639
2014-08-31 15:00:00,-0.2418998125545752,0.29390085
2014-08-31 16:00:00,-0.23092764002140873,0.36656728
2014-08-31 17:00:00,-0.31870502028674047,0.32515752
2014-08-31 18:00:00,-0.307732847753574,0.33244276
2014-08-31 19:00:00,-0.27481633015407464,0.17704454
2014-08-31 20:00:00,-0.07731722455707817,0.1899713
2014-08-31 21:00:00,-0.011484189358079351,0.4008989
2014-08-31 22:00:00,0.043376673307752994,0.36620384
2014-08-31 23:00:00,0.043376673307752994,0.3257022
2014-09-01 00:00:00,0.03240450077458652,0.16661114
2014-09-01 01:00:00,-0.04440070695757876,0.18572065
2014-09-01 02:00:00,-0.05537287949074523,0.28340697
2014-09-01 03:00:00,-0.14315025975607698,0.031199664
2014-09-01 04:00:00,-0.04440070695757876,0.0017741099
2014-09-01 05:00:00,0.021432328241420058,0.025562532
2014-09-01 06:00:00,0.010460155708253588,-0.13978192
2014-09-01 07:00:00,0.06532101837408594,-0.023656555
2014-09-01 08:00:00,0.09823753597358534,0.0386194
2014-09-01 09:00:00,0.2518479514379159,-0.06501954
2014-09-01 10:00:00,0.3505975042364141,-0.15193659
2014-09-01 11:00:00,0.42740271196857943,-0.3221317
2014-09-01 12:00:00,0.4822635746344118,-0.20965248
2014-09-01 13:00:00,0.58101312743291,-0.18583071
2014-09-01 14:00:00,0.5042079197007447,-0.24697298
2014-09-01 15:00:00,0.6907348527645747,-0.08658651
2014-09-01 16:00:00,-0.05537287949074523,-0.08662545
2014-09-01 17:00:00,0.5371244373002441,-0.3291644
2014-09-01 18:00:00,0.6249018175655758,-0.20742407
2014-09-01 19:00:00,0.6907348527645747,-0.2548149
2014-09-01 20:00:00,0.8224009231625723,-0.05289173
2014-09-01 21:00:00,-0.17606677735557638,-0.0063315006
2014-09-01 22:00:00,-0.823424956812398,0.11477721
2014-09-01 23:00:00,-0.867313646945064,-0.11889278
2014-09-02 00:00:00,-0.7027310589475669,-0.25979602
2014-09-02 01:00:00,-0.5491206434832363,-0.21783829
2014-09-02 02:00:00,-0.45037109068473813,-0.01186992
2014-09-02 03:00:00,-0.5600928160164028,0.06305042
2014-09-02 04:00:00,-0.7685640941465657,0.113825895
2014-09-02 05:00:00,-0.7905084392128987,0.07171637
2014-09-02 06:00:00,-0.8014806117460651,-0.13526663
2014-09-02 07:00:00,-0.867313646945064,0.0891682
2014-09-02 08:00:00,-0.867313646945064,0.13547969
2014-09-02 09:00:00,-0.823424956812398,0.11733969
2014-09-02 10:00:00,-0.7246754040138998,0.336049
2014-09-02 11:00:00,-0.6917588864144004,0.33657813
2014-09-02 12:00:00,-0.6698145413480675,0.20743862
2014-09-02 13:00:00,-0.7027310589475669,0.34606212
2014-09-02 14:00:00,-0.8892579920113969,0.36161518
2014-09-02 15:00:00,-0.845369301878731,0.3975883
2014-09-02 16:00:00,-0.8343971293455645,0.0617144
2014-09-02 17:00:00,-0.823424956812398,0.37909836
2014-09-02 18:00:00,-0.9660631997435621,0.35928047
2014-09-02 19:00:00,-0.9989797173430616,0.28556457
2014-09-02 20:00:00,-1.009951889876228,0.22107866
2014-09-02 21:00:00,-0.9880075448098952,0.14901525
2014-09-02 22:00:00,-1.0318962349425609,-0.2786551
2014-09-02 23:00:00,-0.9770353722767287,-0.30969837
2014-09-03 00:00:00,-0.9880075448098952,-0.14425904
2014-09-03 01:00:00,-0.9989797173430616,-0.23939931
2014-09-03 02:00:00,-0.9989797173430616,-0.21204337
2014-09-03 03:00:00,-0.9660631997435621,-0.3765638
2014-09-03 04:00:00,-0.9989797173430616,-0.46354598
2014-09-03 05:00:00,-1.0209240624093945,-0.563934
2014-09-03 06:00:00,-1.0318962349425609,-0.5454695
2014-09-03 07:00:00,-0.9441188546772292,-0.43716684
2014-09-03 08:00:00,-0.9770353722767287,-0.49491268
2014-09-03 09:00:00,-0.9112023370777298,-0.6762276
2014-09-03 10:00:00,-0.9221745096108963,-0.67057395
2014-09-03 11:00:00,-0.9550910272103957,-0.75859505
2014-09-03 12:00:00,-1.009951889876228,-0.5089385
2014-09-03 13:00:00,-0.9660631997435621,-0.5462658
2014-09-03 14:00:00,-0.9880075448098952,-0.5409368
2014-09-03 15:00:00,-0.9660631997435621,-0.59192824
2014-09-03 16:00:00,-0.9770353722767287,-0.65631974
2014-09-03 17:00:00,-0.9221745096108963,-0.6036203
2014-09-03 18:00:00,-0.9660631997435621,-0.82681584
2014-09-03 19:00:00,-0.9770353722767287,-0.7859424
2014-09-03 20:00:00,-0.9331466821440627,-0.7641202
2014-09-03 21:00:00,-0.867313646945064,-0.76808923
2014-09-03 22:00:00,-0.8892579920113969,-0.7787631
2014-09-03 23:00:00,-0.845369301878731,-0.63510716
2014-09-04 00:00:00,-0.845369301878731,-0.603018
2014-09-04 01:00:00,-0.5381484709500699,-0.60835534
2014-09-04 02:00:00,-0.680786713881234,-0.56176805
2014-09-04 03:00:00,-0.5820371610827357,-0.66296417
2014-09-04 04:00:00,-0.5491206434832363,-0.7301256
2014-09-04 05:00:00,-0.5052319533505705,-0.77432734
2014-09-04 06:00:00,-0.516204125883737,-0.6552342
2014-09-04 07:00:00,-0.4832876082842375,-0.6083155
2014-09-04 08:00:00,-0.2089832949550758,-0.6707769
2014-09-04 09:00:00,-0.5710649885495693,-0.6332709
2014-09-04 10:00:00,-0.6149536786822352,-0.53454876
2014-09-04 11:00:00,-0.8014806117460651,-0.4277745
2014-09-04 12:00:00,-0.7575919216133993,-0.34344518
2014-09-04 13:00:00,-0.6039815061490686,-0.32536638
2014-09-04 14:00:00,-0.7356475765470664,-0.36739445
2014-09-04 15:00:00,-0.9112023370777298,-0.37600997
2014-09-04 16:00:00,-0.9331466821440627,-0.42786133
2014-09-04 17:00:00,-0.8014806117460651,-0.37445647
2014-09-04 18:00:00,-0.7137032314807333,-0.30479407
2014-09-04 19:00:00,-0.7575919216133993,-0.31681007
2014-09-04 20:00:00,-0.680786713881234,-0.22202885
2014-09-04 21:00:00,-0.43939891815157167,-0.16778564
2014-09-04 22:00:00,-0.5600928160164028,-0.1677416
2014-09-04 23:00:00,-0.5271762984169034,-0.12296704
2014-09-05 00:00:00,-0.43939891815157167,-0.32918826
2014-09-05 01:00:00,-0.42842674561840516,-0.3296473
2014-09-05 02:00:00,-0.3955102280189058,-0.4686907
2014-09-05 03:00:00,-0.2857885026872411,-0.3167245
2014-09-05 04:00:00,-0.21995546748824227,-0.2436359
2014-09-05 05:00:00,-0.2638441576209081,-0.39610675
2014-09-05 06:00:00,-0.329677192819907,-0.39550537
2014-09-05 07:00:00,-0.29676067522040755,-0.56036955
2014-09-05 08:00:00,-0.15412243228924344,-0.51593083
2014-09-05 09:00:00,-0.07731722455707817,-0.4790543
2014-09-05 10:00:00,-0.04440070695757876,-0.40559283
2014-09-05 11:00:00,0.09823753597358534,-0.46535778
2014-09-05 12:00:00,0.09823753597358534,-0.50252587
2014-09-05 13:00:00,0.15309839863941768,-0.41562915
2014-09-05 14:00:00,-0.11023374215657758,-0.6463791
2014-09-05 15:00:00,-0.2857885026872411,-0.7018749
2014-09-05 16:00:00,-0.27481633015407464,-0.7185483
2014-09-05 17:00:00,-0.3516215378862399,-0.5242202
2014-09-05 18:00:00,-0.329677192819907,-0.37545064
2014-09-05 19:00:00,-0.13217808722291052,-0.4750542
2014-09-05 20:00:00,0.4712914021012453,-0.32022846
2014-09-05 21:00:00,0.6029574724992429,-0.24709588
2014-09-05 22:00:00,0.5151800922339111,-0.26466835
2014-09-05 23:00:00,0.4712914021012453,-0.14383581
2014-09-06 00:00:00,0.5261522647670777,-0.13752043
2014-09-06 01:00:00,0.6249018175655758,-0.1613977
2014-09-06 02:00:00,0.5700409548997435,-0.11088245
2014-09-06 03:00:00,0.5700409548997435,-0.2852974
2014-09-06 04:00:00,0.5151800922339111,-0.15413374
2014-09-06 05:00:00,0.4712914021012453,-0.36360985
2014-09-06 06:00:00,0.42740271196857943,-0.40688047
2014-09-06 07:00:00,0.4603192295680788,-0.3649708
2014-09-06 08:00:00,0.42740271196857943,-0.3988898
2014-09-06 09:00:00,0.36156967676958063,-0.2423341
2014-09-06 10:00:00,0.40545836690224646,-0.13246208
2014-09-06 11:00:00,0.41643053943541297,-0.15445152
2014-09-06 12:00:00,0.41643053943541297,-0.26387656
2014-09-06 13:00:00,0.3505975042364141,-0.25093457
2014-09-06 14:00:00,0.38351402183591354,-0.3098774
2014-09-06 15:00:00,0.29573664157058177,-0.23272598
2014-09-06 16:00:00,0.09823753597358534,-0.19805473
2014-09-06 17:00:00,-0.0663450520239117,-0.2915662
2014-09-06 18:00:00,-0.0005120168249128817,-0.098081514
2014-09-06 19:00:00,0.10920970850675181,-0.067314856
2014-09-06 20:00:00,0.2518479514379159,0.10753792
2014-09-06 21:00:00,0.3505975042364141,0.30596432
2014-09-06 22:00:00,0.41643053943541297,0.33013636
2014-09-06 23:00:00,0.5590687823665771,0.4614287
2014-09-07 00:00:00,0.6797626802314082,0.35958725
2014-09-07 01:00:00,0.6029574724992429,0.4762646
2014-09-07 02:00:00,0.4712914021012453,0.441988
2014-09-07 03:00:00,0.49323574716757823,0.36029553
2014-09-07 04:00:00,0.5151800922339111,0.27905598
2014-09-07 05:00:00,0.5919852999660764,0.27096376
2014-09-07 06:00:00,0.6907348527645747,0.22693726
2014-09-07 07:00:00,0.76754006049674,0.3931639
2014-09-07 08:00:00,0.8114287506294059,0.2863825
2014-09-07 09:00:00,1.0528165463590682,0.3049813
2014-09-07 10:00:00,1.1735104442238993,0.35937744
2014-09-07 11:00:00,1.0747608914254012,0.3548233
2014-09-07 12:00:00,0.8333730956957388,0.29623824
2014-09-07 13:00:00,0.12018188103991828,0.26112747
2014-09-07 14:00:00,-0.16509460482240992,0.11566835
2014-09-07 15:00:00,-0.23092764002140873,0.22790739
2014-09-07 16:00:00,-0.0005120168249128817,0.08328624
2014-09-07 17:00:00,0.054348845840919466,0.11179185
2014-09-07 18:00:00,0.10920970850675181,0.009288801
2014-09-07 19:00:00,0.2518479514379159,0.025349468
2014-09-07 20:00:00,0.2628201239710824,0.24224687
2014-09-07 21:00:00,0.31768098663691474,0.26460642
2014-09-07 22:00:00,0.4383748845017459,0.27796605
2014-09-07 23:00:00,0.6139296450324094,0.33764383
2014-09-08 00:00:00,0.043376673307752994,0.4193304
2014-09-08 01:00:00,-1.075784925075227,0.36431107
2014-09-08 02:00:00,-1.075784925075227,0.2808145
2014-09-08 03:00:00,-1.0318962349425609,0.21537325
2014-09-08 04:00:00,-1.0428684074757275,0.20600414
2014-09-08 05:00:00,-1.0428684074757275,0.17674309
2014-09-08 06:00:00,-1.0318962349425609,0.21583235
2014-09-08 07:00:00,-1.0648127525420603,0.40466046
2014-09-08 08:00:00,-1.0648127525420603,0.37002867
2014-09-08 09:00:00,-1.0209240624093945,0.46440217
2014-09-08 10:00:00,-1.0209240624093945,0.52433443
2014-09-08 11:00:00,-1.0648127525420603,0.46277922
2014-09-08 12:00:00,-1.0648127525420603,0.39159566
2014-09-08 13:00:00,-1.053840580008894,0.22938317
2014-09-08 14:00:00,-1.0318962349425609,0.02460039
2014-09-08 15:00:00,-1.0318962349425609,-0.06305256
2014-09-08 16:00:00,-1.053840580008894,-0.06649289
2014-09-08 17:00:00,-0.9880075448098952,-0.024876647
2014-09-08 18:00:00,-0.9331466821440627,-0.048402958
2014-09-08 19:00:00,-0.9660631997435621,0.029619
2014-09-08 20:00:00,-0.9441188546772292,0.1687024
2014-09-08 21:00:00,-0.8782858194782304,0.13590917
2014-09-08 22:00:00,-0.8892579920113969,0.11207352
2014-09-08 23:00:00,-0.8563414744118975,0.07572777
2014-09-09 00:00:00,-0.7685640941465657,-0.049384907
2014-09-09 01:00:00,-0.6917588864144004,-0.4524042
2014-09-09 02:00:00,-0.6698145413480675,-0.6836329
2014-09-09 03:00:00,-0.6039815061490686,-0.7476823
2014-09-09 04:00:00,-0.6368980237485681,-0.68659395
2014-09-09 05:00:00,-0.6698145413480675,-0.6748933
2014-09-09 06:00:00,-0.823424956812398,-0.7476323
2014-09-09 07:00:00,-0.845369301878731,-0.77242225
2014-09-09 08:00:00,-0.9112023370777298,-0.7512395
2014-09-09 09:00:00,-0.8014806117460651,-0.6773652
2014-09-09 10:00:00,-0.8892579920113969,-0.599218
2014-09-09 11:00:00,-0.8563414744118975,-0.65677744
2014-09-09 12:00:00,-0.7575919216133993,-0.6737804
2014-09-09 13:00:00,-0.6259258512154017,-0.60437244
2014-09-09 14:00:00,-0.5052319533505705,-0.679968
2014-09-09 15:00:00,-0.6039815061490686,-0.4893393
2014-09-09 16:00:00,-0.6149536786822352,-0.58841985
2014-09-09 17:00:00,-0.7137032314807333,-0.4333193
2014-09-09 18:00:00,-0.6478701962817346,-0.30515164
2014-09-09 19:00:00,-0.5930093336159022,-0.315498
2014-09-09 20:00:00,-0.5820371610827357,-0.32729316
2014-09-09 21:00:00,-0.42842674561840516,-0.20115936
2014-09-09 22:00:00,-0.21995546748824227,-0.12980196
2014-09-09 23:00:00,-0.5271762984169034,-0.060892366
2014-09-10 00:00:00,-0.6478701962817346,-0.11073983
2014-09-10 01:00:00,-0.5930093336159022,-0.2517007
2014-09-10 02:00:00,-0.6149536786822352,-0.2546593
2014-09-10 03:00:00,-0.5052319533505705,-0.2979832
2014-09-10 04:00:00,-0.45037109068473813,-0.33423096
2014-09-10 05:00:00,-0.23092764002140873,-0.17402029
2014-09-10 06:00:00,0.16407057117258417,-0.423061
2014-09-10 07:00:00,-0.04440070695757876,-0.5353886
2014-09-10 08:00:00,0.08726536344041887,-0.6728243
2014-09-10 09:00:00,0.13115405357308474,-0.71765214
2014-09-10 10:00:00,0.19698708877208357,-0.66449887
2014-09-10 11:00:00,-0.08828939709024464,-0.57502806
2014-09-10 12:00:00,-0.2857885026872411,-0.6002539
2014-09-10 13:00:00,-0.5491206434832363,-0.4887684
2014-09-10 14:00:00,-0.7027310589475669,-0.37072876
2014-09-10 15:00:00,-0.7685640941465657,-0.48973346
2014-09-10 16:00:00,-0.680786713881234,-0.4113054
2014-09-10 17:00:00,-0.7027310589475669,-0.4302641
2014-09-10 18:00:00,-0.6259258512154017,-0.3273624
2014-09-10 19:00:00,-0.5710649885495693,-0.113370776
2014-09-10 20:00:00,-0.47231543575107104,-0.20544663
2014-09-10 21:00:00,-0.3845380554857393,-0.12839532
2014-09-10 22:00:00,-0.18703894988874287,-0.09191014
2014-09-10 23:00:00,-0.05537287949074523,-0.20872295
2014-09-11 00:00:00,-0.19801112242190932,-0.0890703
2014-09-11 01:00:00,-0.42842674561840516,-0.21200076
2014-09-11 02:00:00,-0.29676067522040755,-0.2574988
2014-09-11 03:00:00,-0.25287198508774167,-0.08556631
2014-09-11 04:00:00,-0.15412243228924344,-0.11368791
2014-09-11 05:00:00,-0.2089832949550758,-0.116547816
2014-09-11 06:00:00,-0.2089832949550758,-0.10049632
2014-09-11 07:00:00,-0.12120591468974404,-0.029098615
2014-09-11 08:00:00,-0.09926156962341111,0.041121367
2014-09-11 09:00:00,-0.0663450520239117,0.27485028
2014-09-11 10:00:00,0.08726536344041887,0.22247887
2014-09-11 11:00:00,0.010460155708253588,0.19850686
2014-09-11 12:00:00,-0.07731722455707817,-0.030984137
2014-09-11 13:00:00,-0.13217808722291052,-0.18460363
2014-09-11 14:00:00,-0.17606677735557638,-0.22022578
2014-09-11 15:00:00,-0.09926156962341111,-0.31307256
2014-09-11 16:00:00,-0.08828939709024464,-0.26948217
2014-09-11 17:00:00,-0.13217808722291052,-0.13949135
2014-09-11 18:00:00,0.17504274370575063,-0.07930359
2014-09-11 19:00:00,0.2189314338384165,-0.029717721
2014-09-11 20:00:00,0.2628201239710824,-0.016654398
2014-09-11 21:00:00,0.14212622610625122,0.004592996
2014-09-11 22:00:00,0.043376673307752994,0.23038891
2014-09-11 23:00:00,0.06532101837408594,0.29277995
2014-09-12 00:00:00,0.22990360637158297,0.16372511
2014-09-12 01:00:00,0.2628201239710824,0.02612915
2014-09-12 02:00:00,0.38351402183591354,0.099408545
2014-09-12 03:00:00,0.5151800922339111,0.097256
2014-09-12 04:00:00,-0.19801112242190932,0.124626406
2014-09-12 05:00:00,-0.43939891815157167,0.19211811
2014-09-12 06:00:00,-0.43939891815157167,0.20422629
2014-09-12 07:00:00,-0.5271762984169034,0.15421268
2014-09-12 08:00:00,-0.5052319533505705,0.21896833
2014-09-12 09:00:00,-0.45037109068473813,0.23329523
2014-09-12 10:00:00,-0.45037109068473813,0.23780751
2014-09-12 11:00:00,-0.2857885026872411,0.17525908
2014-09-12 12:00:00,-0.3516215378862399,0.21603236
2014-09-12 13:00:00,-0.3845380554857393,0.045979477
2014-09-12 14:00:00,-0.3516215378862399,-0.1737994
2014-09-12 15:00:00,-0.6039815061490686,-0.248321
2014-09-12 16:00:00,-0.7027310589475669,-0.020015048
2014-09-12 17:00:00,-0.40648240055207224,-0.019338269
2014-09-12 18:00:00,-0.5052319533505705,0.11109468
2014-09-12 19:00:00,-0.5710649885495693,0.058750216
2014-09-12 20:00:00,-0.47231543575107104,0.044098213
2014-09-12 21:00:00,-0.4613432632179046,0.090725504
2014-09-12 22:00:00,-0.40648240055207224,0.062953815
2014-09-12 23:00:00,-0.5381484709500699,0.049571462
2014-09-13 00:00:00,-0.5271762984169034,-0.07998506
2014-09-13 01:00:00,-0.5491206434832363,0.12396939
2014-09-13 02:00:00,-0.5052319533505705,0.228201
2014-09-13 03:00:00,-0.4174545730852387,0.31777322
2014-09-13 04:00:00,-0.3955102280189058,-0.047665134
2014-09-13 05:00:00,0.08726536344041887,-0.14322135
2014-09-13 06:00:00,-0.05537287949074523,-0.017771244
2014-09-13 07:00:00,-0.07731722455707817,0.09314808
2014-09-13 08:00:00,-0.0663450520239117,0.016513644
2014-09-13 09:00:00,-0.04440070695757876,-0.037242368
2014-09-13 10:00:00,-0.5381484709500699,-0.1267266
2014-09-13 11:00:00,-0.43939891815157167,0.043914452
2014-09-13 12:00:00,-0.5491206434832363,0.03193432
2014-09-13 13:00:00,-0.5930093336159022,0.060343884
2014-09-13 14:00:00,-0.6698145413480675,0.07917493
2014-09-13 15:00:00,-0.680786713881234,0.011216894
2014-09-13 16:00:00,-0.5820371610827357,-0.020865556
2014-09-13 17:00:00,-0.5930093336159022,-0.014999112
2014-09-13 18:00:00,-0.5710649885495693,-0.038943823
2014-09-13 19:00:00,-0.516204125883737,-0.07716239
2014-09-13 20:00:00,-0.36259371041940636,-0.0123592615
2014-09-13 21:00:00,-0.42842674561840516,0.009363402
2014-09-13 22:00:00,-0.29676067522040755,-0.012964033
2014-09-13 23:00:00,-0.23092764002140873,-0.034776263
2014-09-14 00:00:00,-0.2857885026872411,-0.07398211
2014-09-14 01:00:00,-0.31870502028674047,-0.109703496
2014-09-14 02:00:00,-0.2638441576209081,-0.27765578
2014-09-14 03:00:00,-0.27481633015407464,-0.22212759
2014-09-14 04:00:00,-0.2418998125545752,-0.13447109
2014-09-14 05:00:00,-0.15412243228924344,0.056858998
2014-09-14 06:00:00,-0.05537287949074523,-0.028250232
2014-09-14 07:00:00,0.06532101837408594,-0.13262948
2014-09-14 08:00:00,-0.23092764002140873,-0.01159478
2014-09-14 09:00:00,-0.40648240055207224,-0.00815659
2014-09-14 10:00:00,-0.5600928160164028,-0.10253192
2014-09-14 11:00:00,-0.8014806117460651,-0.14510477
2014-09-14 12:00:00,-0.9770353722767287,-0.17138445
2014-09-14 13:00:00,-0.9880075448098952,-0.24627984
2014-09-14 14:00:00,-1.0318962349425609,-0.20448616
2014-09-14 15:00:00,-0.9770353722767287,-0.1360335
2014-09-14 16:00:00,-0.9660631997435621,-0.22557947
2014-09-14 17:00:00,-0.9550910272103957,-0.1860199
2014-09-14 18:00:00,-0.9880075448098952,-0.08089108
2014-09-14 19:00:00,-0.9331466821440627,-0.050566673
2014-09-14 20:00:00,-0.845369301878731,-0.05309621
2014-09-14 21:00:00,-0.7246754040138998,-0.13293496
2014-09-14 22:00:00,-0.7027310589475669,0.013388868
2014-09-14 23:00:00,-0.6368980237485681,0.1676634
2014-09-15 00:00:00,-0.6368980237485681,0.2102094
2014-09-15 01:00:00,-0.5820371610827357,0.10819945
2014-09-15 02:00:00,-0.5820371610827357,0.17715466
2014-09-15 03:00:00,-0.7905084392128987,0.091544725
2014-09-15 04:00:00,-0.8782858194782304,-0.092493966
2014-09-15 05:00:00,-0.845369301878731,-0.114080854
2014-09-15 06:00:00,-0.9221745096108963,0.053274386
2014-09-15 07:00:00,-0.9221745096108963,0.019872032
2014-09-15 08:00:00,-0.9331466821440627,-0.07114568
2014-09-15 09:00:00,-0.9770353722767287,-0.29601932
2014-09-15 10:00:00,-0.9770353722767287,-0.40651828
2014-09-15 11:00:00,-1.0209240624093945,-0.61667407
2014-09-15 12:00:00,-1.053840580008894,-0.75848556
2014-09-15 13:00:00,-1.0648127525420603,-0.7952731
2014-09-15 14:00:00,-1.0318962349425609,-0.8255446
2014-09-15 15:00:00,-1.009951889876228,-0.8913158
2014-09-15 16:00:00,-1.0318962349425609,-0.7457708
2014-09-15 17:00:00,-0.9770353722767287,-0.54504794
2014-09-15 18:00:00,-0.9221745096108963,-0.57970345
2014-09-15 19:00:00,-0.9002301645445634,-0.4574964
2014-09-15 20:00:00,-0.8782858194782304,-0.41211843
2014-09-15 21:00:00,-0.823424956812398,-0.25305456
2014-09-15 22:00:00,-0.8782858194782304,-0.1385836
2014-09-15 23:00:00,-0.8124527842792316,-0.2047846
2014-09-16 00:00:00,-0.7685640941465657,-0.18813905
2014-09-16 01:00:00,-0.7246754040138998,-0.10655257
2014-09-16 02:00:00,-0.7685640941465657,-0.19608283
2014-09-16 03:00:00,-0.516204125883737,-0.19697693
2014-09-16 04:00:00,-0.5600928160164028,-0.22362828
2014-09-16 05:00:00,-0.7356475765470664,-0.39256093
2014-09-16 06:00:00,-0.9002301645445634,-0.42068288
2014-09-16 07:00:00,-0.9166884233443131,-0.32526007
2014-09-16 08:00:00,-0.9331466821440627,-0.31203085
2014-09-16 09:00:00,-0.8782858194782304,-0.44735202
2014-09-16 10:00:00,-0.823424956812398,-0.56884444
2014-09-16 11:00:00,-0.8892579920113969,-0.50010866
2014-09-16 12:00:00,-0.8563414744118975,-0.4729126
2014-09-16 13:00:00,-0.7685640941465657,-0.5043501
2014-09-16 14:00:00,-0.6039815061490686,-0.53047067
2014-09-16 15:00:00,-0.34064936535307344,-0.5499677
2014-09-16 16:00:00,-0.11023374215657758,-0.6476419
2014-09-16 17:00:00,-0.02245636189124582,-0.49206817
2014-09-16 18:00:00,-0.07731722455707817,-0.40929663
2014-09-16 19:00:00,-0.3955102280189058,-0.28077444
2014-09-16 20:00:00,-0.43939891815157167,-0.21652529
2014-09-16 21:00:00,-0.4832876082842375,-0.16968113
2014-09-16 22:00:00,-0.4832876082842375,-0.15833697
2014-09-16 23:00:00,-0.3516215378862399,-0.047297627
2014-09-17 00:00:00,-0.4832876082842375,-0.05865866
2014-09-17 01:00:00,-0.7685640941465657,0.0019877478
2014-09-17 02:00:00,-0.823424956812398,-0.14203241
2014-09-17 03:00:00,-0.9221745096108963,0.093318455
2014-09-17 04:00:00,-0.9880075448098952,0.02755066
2014-09-17 05:00:00,-0.9550910272103957,-0.08992234
2014-09-17 06:00:00,-0.8892579920113969,-0.16620415
2014-09-17 07:00:00,-0.823424956812398,-0.082927875
2014-09-17 08:00:00,-0.8563414744118975,-0.30450505
2014-09-17 09:00:00,-0.9002301645445634,-0.41591847
2014-09-17 10:00:00,-0.8892579920113969,-0.49252087
2014-09-17 11:00:00,-0.7795362666797322,-0.6487973
2014-09-17 12:00:00,-0.6149536786822352,-0.61053324
2014-09-17 13:00:00,-0.27481633015407464,-0.33529228
2014-09-17 14:00:00,-0.43939891815157167,-0.2888431
2014-09-17 15:00:00,-0.43939891815157167,-0.3278235
2014-09-17 16:00:00,-0.43939891815157167,-0.15968579
2014-09-17 17:00:00,-0.680786713881234,-0.19622687
2014-09-17 18:00:00,-0.7137032314807333,-0.13044155
2014-09-17 19:00:00,-0.7466197490802328,-0.192364
2014-09-17 20:00:00,-0.6478701962817346,-0.0684242
2014-09-17 21:00:00,-0.5600928160164028,-0.07348514
2014-09-17 22:00:00,-0.5600928160164028,-0.07063327
2014-09-17 23:00:00,-0.494259780817404,-0.03541225
2014-09-18 00:00:00,-0.4832876082842375,-0.13810119
2014-09-18 01:00:00,-0.4174545730852387,-0.20663822
2014-09-18 02:00:00,-0.21995546748824227,-0.05710981
2014-09-18 03:00:00,-0.011484189358079351,-0.2624097
2014-09-18 04:00:00,0.043376673307752994,-0.117846854
2014-09-18 05:00:00,-0.011484189358079351,-0.15570179
2014-09-18 06:00:00,-0.03342853442441229,-0.18260223
2014-09-18 07:00:00,0.08726536344041887,-0.2853229
2014-09-18 08:00:00,-0.011484189358079351,-0.15477592
2014-09-18 09:00:00,0.20795926130525003,-0.08276921
2014-09-18 10:00:00,-0.07731722455707817,-0.2582243
2014-09-18 11:00:00,-0.2418998125545752,-0.116563596
2014-09-18 12:00:00,-0.36259371041940636,-0.09317969
2014-09-18 13:00:00,-0.34064936535307344,0.075312115
2014-09-18 14:00:00,-0.5381484709500699,-0.019800691
2014-09-18 15:00:00,-0.6478701962817346,-0.008962415
2014-09-18 16:00:00,-0.7246754040138998,0.12474429
2014-09-18 17:00:00,-0.867313646945064,-0.07417949
2014-09-18 18:00:00,-0.8014806117460651,0.049889572
2014-09-18 19:00:00,-0.7246754040138998,0.06272738
2014-09-18 20:00:00,-0.6917588864144004,-0.04539703
2014-09-18 21:00:00,-0.5381484709500699,0.05893477
2014-09-18 22:00:00,-0.42842674561840516,0.04578597
2014-09-18 23:00:00,-0.40648240055207224,0.1263279
2014-09-19 00:00:00,-0.45037109068473813,-0.101118736
2014-09-19 01:00:00,-0.329677192819907,-0.11640873
2014-09-19 02:00:00,-0.2418998125545752,0.05996792
2014-09-19 03:00:00,-0.17606677735557638,0.25621936
2014-09-19 04:00:00,-0.03342853442441229,0.13087153
2014-09-19 05:00:00,0.10920970850675181,-0.018044168
2014-09-19 06:00:00,0.06532101837408594,-0.05562339
2014-09-19 07:00:00,-0.08828939709024464,-0.035369735
2014-09-19 08:00:00,0.10920970850675181,-0.1130308
2014-09-19 09:00:00,0.22990360637158297,-0.025489956
2014-09-19 10:00:00,0.39448619436908,-0.009211199
2014-09-19 11:00:00,0.5480966098334106,0.004934134
2014-09-19 12:00:00,0.19698708877208357,-0.044579096
2014-09-19 13:00:00,-0.09926156962341111,0.014356729
2014-09-19 14:00:00,-0.15412243228924344,-0.13437456
2014-09-19 15:00:00,-0.36259371041940636,-0.2597772
2014-09-19 16:00:00,-0.43939891815157167,-0.27658585
2014-09-19 17:00:00,-0.516204125883737,-0.027199581
2014-09-19 18:00:00,-0.516204125883737,-0.103965364
2014-09-19 19:00:00,-0.27481633015407464,-0.06090557
2014-09-19 20:00:00,-0.03342853442441229,-0.005097324
2014-09-19 21:00:00,0.054348845840919466,0.062584355
2014-09-19 22:00:00,0.20795926130525003,0.07537234
2014-09-19 23:00:00,0.4383748845017459,0.041171454
2014-09-20 00:00:00,0.4822635746344118,0.24886239
2014-09-20 01:00:00,0.44934705703491234,0.14084998
2014-09-20 02:00:00,0.49323574716757823,0.0045258403
2014-09-20 03:00:00,0.4603192295680788,0.22979677
2014-09-20 04:00:00,0.44934705703491234,-0.030043371
2014-09-20 05:00:00,0.39448619436908,-0.025558293
2014-09-20 06:00:00,0.3067088141037483,-0.1746696
2014-09-20 07:00:00,0.10920970850675181,-0.21119654
2014-09-20 08:00:00,0.17504274370575063,-0.019986525
2014-09-20 09:00:00,0.2518479514379159,0.027964626
2014-09-20 10:00:00,0.29573664157058177,0.048525114
2014-09-20 11:00:00,0.2628201239710824,0.1286822
2014-09-20 12:00:00,0.16407057117258417,0.030396044
2014-09-20 13:00:00,0.18601491623891708,-0.21556163
2014-09-20 14:00:00,0.14212622610625122,-0.1790829
2014-09-20 15:00:00,-0.12120591468974404,-0.26332045
2014-09-20 16:00:00,-0.05537287949074523,-0.37632996
2014-09-20 17:00:00,-0.2418998125545752,-0.24556032
2014-09-20 18:00:00,0.4383748845017459,-0.45629507
2014-09-20 19:00:00,0.58101312743291,-0.23552957
2014-09-20 20:00:00,0.6468461626319087,-0.29348803
2014-09-20 21:00:00,0.8772617858284046,-0.077955134
2014-09-20 22:00:00,1.096705236491734,0.22229087
2014-09-20 23:00:00,1.4039260674203953,0.10424598
2014-09-21 00:00:00,1.4148982399535617,0.18224707
2014-09-21 01:00:00,1.096705236491734,0.1406833
2014-09-21 02:00:00,0.5042079197007447,0.22621456
2014-09-21 03:00:00,0.36156967676958063,0.14638671
2014-09-21 04:00:00,0.27379229650424886,0.2160635
2014-09-21 05:00:00,-0.23092764002140873,0.1429646
2014-09-21 06:00:00,-0.21995546748824227,0.108920954
2014-09-21 07:00:00,-0.307732847753574,0.0952249
2014-09-21 08:00:00,-0.45037109068473813,-0.10459306
2014-09-21 09:00:00,-0.40648240055207224,0.0897217
2014-09-21 10:00:00,-0.3955102280189058,0.046317168
2014-09-21 11:00:00,-0.5271762984169034,0.2459161
2014-09-21 12:00:00,-0.36259371041940636,0.2235919
2014-09-21 13:00:00,-0.2418998125545752,0.07698137
2014-09-21 14:00:00,-0.12120591468974404,0.07989093
2014-09-21 15:00:00,-0.13217808722291052,-0.127668
2014-09-21 16:00:00,-0.04440070695757876,0.015382372
2014-09-21 17:00:00,-0.0005120168249128817,-0.025659136
2014-09-21 18:00:00,-0.07731722455707817,0.21381429
2014-09-21 19:00:00,-0.16509460482240992,0.3762221
2014-09-21 20:00:00,-0.13217808722291052,0.4211787
2014-09-21 21:00:00,-0.19801112242190932,0.5943324
2014-09-21 22:00:00,-0.21995546748824227,0.67469954
2014-09-21 23:00:00,-0.45037109068473813,0.79617494
2014-09-22 00:00:00,-0.27481633015407464,0.8141506
2014-09-22 01:00:00,-0.25287198508774167,0.69588274
2014-09-22 02:00:00,-0.329677192819907,0.48402953
2014-09-22 03:00:00,-0.21995546748824227,0.38521233
2014-09-22 04:00:00,-0.2089832949550758,0.19581378
2014-09-22 05:00:00,-0.23092764002140873,0.059193525
2014-09-22 06:00:00,-0.12120591468974404,-0.009546913
2014-09-22 07:00:00,0.06532101837408594,-0.0053900387
2014-09-22 08:00:00,0.13115405357308474,0.061896816
2014-09-22 09:00:00,0.19698708877208357,0.08388578
2014-09-22 10:00:00,0.2189314338384165,0.24797162
2014-09-22 11:00:00,0.20795926130525003,0.112962484
2014-09-22 12:00:00,0.29573664157058177,0.042643495
2014-09-22 13:00:00,0.3067088141037483,0.2526594
2014-09-22 14:00:00,0.38351402183591354,0.120626636
2014-09-22 15:00:00,0.36156967676958063,0.28673658
2014-09-22 16:00:00,0.2628201239710824,0.27330106
2014-09-22 17:00:00,0.13115405357308474,0.27450395
2014-09-22 18:00:00,0.07629319090725241,0.3193767
2014-09-22 19:00:00,0.09823753597358534,0.2116737
2014-09-22 20:00:00,0.08726536344041887,0.27296212
2014-09-22 21:00:00,0.20795926130525003,0.17556795
2014-09-22 22:00:00,0.18601491623891708,0.22199813
2014-09-22 23:00:00,0.2189314338384165,0.21623752
2014-09-23 00:00:00,0.2518479514379159,0.1987282
2014-09-23 01:00:00,0.15309839863941768,0.33553216
2014-09-23 02:00:00,0.09823753597358534,0.31480974
2014-09-23 03:00:00,-0.04440070695757876,0.23223487
2014-09-23 04:00:00,0.021432328241420058,0.16466329
2014-09-23 05:00:00,-0.05537287949074523,0.14399919
2014-09-23 06:00:00,-0.2089832949550758,0.24118036
2014-09-23 07:00:00,-0.29676067522040755,0.33846217
2014-09-23 08:00:00,-0.40648240055207224,0.39585215
2014-09-23 09:00:00,-0.6039815061490686,0.43008947
2014-09-23 10:00:00,-0.5381484709500699,0.29124832
2014-09-23 11:00:00,-0.658842368814901,0.24305865
2014-09-23 12:00:00,-0.7027310589475669,0.21130836
2014-09-23 13:00:00,-0.7246754040138998,0.18390793
2014-09-23 14:00:00,-0.8343971293455645,0.17644766
2014-09-23 15:00:00,-0.8014806117460651,0.16152915
2014-09-23 16:00:00,-0.7411336628136496,0.09342037
2014-09-23 17:00:00,-0.680786713881234,-0.032452997
2014-09-23 18:00:00,-0.6368980237485681,-0.086344816
2014-09-23 19:00:00,-0.5600928160164028,-0.1814017
2014-09-23 20:00:00,-0.4832876082842375,-0.1411154
2014-09-23 21:00:00,-0.27481633015407464,-0.082853496
2014-09-23 22:00:00,-0.3516215378862399,-0.0133578405
2014-09-23 23:00:00,-0.13217808722291052,0.11429861
2014-09-24 00:00:00,-0.5491206434832363,-0.06626364
2014-09-24 01:00:00,-0.680786713881234,-0.13501307
2014-09-24 02:00:00,-0.680786713881234,-0.1651386
2014-09-24 03:00:00,-0.5930093336159022,-0.07037094
2014-09-24 04:00:00,-0.7137032314807333,-0.04635734
2014-09-24 05:00:00,-0.8782858194782304,-0.054016016
2014-09-24 06:00:00,-0.9989797173430616,-0.10540423
2014-09-24 07:00:00,-0.9770353722767287,-0.12750524
2014-09-24 08:00:00,-0.9112023370777298,-0.17874515
2014-09-24 09:00:00,-0.8563414744118975,-0.27446312
2014-09-24 10:00:00,-0.9550910272103957,-0.2629901
2014-09-24 11:00:00,-0.9112023370777298,-0.37709042
2014-09-24 12:00:00,-0.9441188546772292,-0.3165875
2014-09-24 13:00:00,-0.9221745096108963,-0.35392717
2014-09-24 14:00:00,-0.9441188546772292,-0.32207236
2014-09-24 15:00:00,-0.9770353722767287,-0.27827388
2014-09-24 16:00:00,-0.9880075448098952,-0.24494773
2014-09-24 17:00:00,-0.9880075448098952,-0.24868837
2014-09-24 18:00:00,-0.7575919216133993,-0.06874632
2014-09-24 19:00:00,-0.6698145413480675,-0.05137162
2014-09-24 20:00:00,-0.4832876082842375,-0.016101046
2014-09-24 21:00:00,-0.42842674561840516,0.07620055
2014-09-24 22:00:00,-0.3955102280189058,-0.058987588
2014-09-24 23:00:00,0.010460155708253588,-0.13173765
2014-09-25 00:00:00,0.12018188103991828,-0.05081443
2014-09-25 01:00:00,-0.19801112242190932,-0.3198039
2014-09-25 02:00:00,-0.17606677735557638,-0.34186536
2014-09-25 03:00:00,-0.12120591468974404,-0.46713167
2014-09-25 04:00:00,-0.09926156962341111,-0.40856665
2014-09-25 05:00:00,-0.2089832949550758,-0.36309326
2014-09-25 06:00:00,0.03240450077458652,-0.36185992
2014-09-25 07:00:00,-0.011484189358079351,-0.45863706
2014-09-25 08:00:00,0.054348845840919466,-0.515075
2014-09-25 09:00:00,0.22990360637158297,-0.5801552
2014-09-25 10:00:00,0.42740271196857943,-0.64741427
2014-09-25 11:00:00,0.44934705703491234,-0.5023716
2014-09-25 12:00:00,0.5261522647670777,-0.40044886
2014-09-25 13:00:00,0.745595715430407,-0.40169528
2014-09-25 14:00:00,0.6249018175655758,-0.2453503
2014-09-25 15:00:00,0.6468461626319087,-0.37287334
2014-09-25 16:00:00,0.5590687823665771,-0.26996803
2014-09-25 17:00:00,0.40545836690224646,-0.25310028
2014-09-25 18:00:00,0.3067088141037483,-0.20359507
2014-09-25 19:00:00,0.4822635746344118,0.012193549
2014-09-25 20:00:00,0.5151800922339111,0.10938854
2014-09-25 21:00:00,0.6249018175655758,0.119894184
2014-09-25 22:00:00,0.49323574716757823,0.18881956
2014-09-25 23:00:00,-0.2857885026872411,0.18048802
2014-09-26 00:00:00,-0.43939891815157167,0.17616704
2014-09-26 01:00:00,-0.27481633015407464,0.22188342
2014-09-26 02:00:00,-0.15412243228924344,0.13924
2014-09-26 03:00:00,-0.14315025975607698,0.36032188
2014-09-26 04:00:00,-0.011484189358079351,0.3224041
2014-09-26 05:00:00,-0.04440070695757876,-0.03752289
2014-09-26 06:00:00,0.07629319090725241,0.21198335
2014-09-26 07:00:00,0.12018188103991828,0.11687978
2014-09-26 08:00:00,0.2189314338384165,0.01472833
2014-09-26 09:00:00,0.22990360637158297,0.014490332
2014-09-26 10:00:00,0.2847644690374153,0.18551677
2014-09-26 11:00:00,0.3286531591700812,0.14356554
2014-09-26 12:00:00,0.2518479514379159,0.2041224
2014-09-26 13:00:00,0.31768098663691474,0.27466142
2014-09-26 14:00:00,0.5042079197007447,0.22306558
2014-09-26 15:00:00,0.6029574724992429,0.2708601
2014-09-26 16:00:00,1.0199000287595688,0.21259141
2014-09-26 17:00:00,1.0308722012927352,0.33878797
2014-09-26 18:00:00,1.1296217540912334,0.36929384
2014-09-26 19:00:00,1.283232169555564,0.23998708
2014-09-26 20:00:00,1.305176514621897,0.30366495
2014-09-26 21:00:00,1.0528165463590682,0.3539093
2014-09-26 22:00:00,0.7236513703640741,0.29320976
2014-09-26 23:00:00,0.5371244373002441,0.12422476
2014-09-27 00:00:00,0.20795926130525003,0.019139966
2014-09-27 01:00:00,0.3505975042364141,0.07123616
2014-09-27 02:00:00,-0.42842674561840516,0.072547935
2014-09-27 03:00:00,-0.9989797173430616,-0.018274466
2014-09-27 04:00:00,-0.9989797173430616,0.050197974
2014-09-27 05:00:00,-0.6368980237485681,0.11648593
2014-09-27 06:00:00,-0.6259258512154017,-0.051584724
2014-09-27 07:00:00,-0.5381484709500699,0.05487982
2014-09-27 08:00:00,-0.7905084392128987,0.11148878
2014-09-27 09:00:00,-0.8124527842792316,0.11336511
2014-09-27 10:00:00,-0.9441188546772292,0.14459652
2014-09-27 11:00:00,-0.9331466821440627,0.11932374
2014-09-27 12:00:00,-0.9880075448098952,0.19654036
2014-09-27 13:00:00,-1.0318962349425609,0.1834726
2014-09-27 14:00:00,-0.9880075448098952,0.23478663
2014-09-27 15:00:00,-0.9880075448098952,0.29799414
2014-09-27 16:00:00,-0.9112023370777298,0.3089218
2014-09-27 17:00:00,-0.9221745096108963,0.35607424
2014-09-27 18:00:00,-0.8563414744118975,0.26781744
2014-09-27 19:00:00,-0.7466197490802328,0.42310554
2014-09-27 20:00:00,-0.5052319533505705,0.27241933
2014-09-27 21:00:00,-0.5271762984169034,0.39372623
2014-09-27 22:00:00,-0.45037109068473813,0.29886213
2014-09-27 23:00:00,-0.45037109068473813,0.109253325
2014-09-28 00:00:00,-0.25287198508774167,-0.121215545
2014-09-28 01:00:00,-0.18703894988874287,-0.12720981
2014-09-28 02:00:00,-0.18703894988874287,-0.33653665
2014-09-28 03:00:00,-0.3735658829525728,-0.5341955
2014-09-28 04:00:00,-0.45037109068473813,-0.51816756
2014-09-28 05:00:00,-0.5600928160164028,-0.54148394
2014-09-28 06:00:00,-0.4613432632179046,-0.57721215
2014-09-28 07:00:00,-0.42842674561840516,-0.5979915
2014-09-28 08:00:00,-0.40648240055207224,-0.6585955
2014-09-28 09:00:00,-0.31870502028674047,-0.60540146
2014-09-28 10:00:00,-0.19801112242190932,-0.59226024
2014-09-28 11:00:00,-0.14315025975607698,-0.6179722
2014-09-28 12:00:00,-0.02245636189124582,-0.35390905
2014-09-28 13:00:00,0.010460155708253588,-0.2872561
2014-09-28 14:00:00,-0.34064936535307344,-0.36470407
2014-09-28 15:00:00,-0.4174545730852387,-0.28636035
2014-09-28 16:00:00,-0.6039815061490686,-0.28388128
2014-09-28 17:00:00,-0.516204125883737,-0.23017097
2014-09-28 18:00:00,-0.5930093336159022,0.05735408
2014-09-28 19:00:00,-0.47231543575107104,0.12864935
2014-09-28 20:00:00,-0.516204125883737,0.2658298
2014-09-28 21:00:00,-0.5381484709500699,0.12081992
2014-09-28 22:00:00,-0.4613432632179046,-0.010265442
2014-09-28 23:00:00,-0.27481633015407464,0.02631579
2014-09-29 00:00:00,-0.27481633015407464,0.058252476
2014-09-29 01:00:00,-0.23092764002140873,0.12531492
2014-09-29 02:00:00,-0.03342853442441229,0.35241377
2014-09-29 03:00:00,0.054348845840919466,0.20772088
2014-09-29 04:00:00,0.054348845840919466,-0.13010013
2014-09-29 05:00:00,0.07629319090725241,-0.23355538
2014-09-29 06:00:00,0.03240450077458652,-0.122616805
2014-09-29 07:00:00,0.021432328241420058,-0.048849694
2014-09-29 08:00:00,-0.03342853442441229,-0.015917953
2014-09-29 09:00:00,-0.011484189358079351,0.13394442
2014-09-29 10:00:00,-0.16509460482240992,0.25847036
2014-09-29 11:00:00,-0.25287198508774167,0.033549212
2014-09-29 12:00:00,-0.9112023370777298,-0.019174794
2014-09-29 13:00:00,-0.9550910272103957,0.12674865
2014-09-29 14:00:00,-0.9880075448098952,-0.041132513
2014-09-29 15:00:00,-0.9880075448098952,0.0019644797
2014-09-29 16:00:00,-0.9660631997435621,0.05570294
2014-09-29 17:00:00,-0.9550910272103957,0.04006607
2014-09-29 18:00:00,-0.9660631997435621,-0.19500765
2014-09-29 19:00:00,-0.9660631997435621,-0.17766345
2014-09-29 20:00:00,-0.9441188546772292,-0.1178522
2014-09-29 21:00:00,-0.867313646945064,0.038149472
2014-09-29 22:00:00,-0.9112023370777298,0.10280157
2014-09-29 23:00:00,-0.845369301878731,0.15400833
2014-09-30 00:00:00,-0.8124527842792316,0.06094622
2014-09-30 01:00:00,-0.8782858194782304,-0.026212946
2014-09-30 02:00:00,-0.8343971293455645,0.042194746
2014-09-30 03:00:00,-0.8563414744118975,0.09251561
2014-09-30 04:00:00,-0.9112023370777298,0.22733831
2014-09-30 05:00:00,-0.9112023370777298,0.030491898
2014-09-30 06:00:00,-0.8782858194782304,0.06720542
2014-09-30 07:00:00,-0.9550910272103957,-0.08401563
2014-09-30 08:00:00,-0.9002301645445634,-0.16949594
2014-09-30 09:00:00,-0.9331466821440627,-0.2583508
2014-09-30 10:00:00,-0.9112023370777298,-0.45193577
2014-09-30 11:00:00,-0.845369301878731,-0.41137916
2014-09-30 12:00:00,-0.8563414744118975,-0.54588604
2014-09-30 13:00:00,-0.9221745096108963,-0.6843446
2014-09-30 14:00:00,-0.8563414744118975,-0.9131914
2014-09-30 15:00:00,-0.867313646945064,-0.75664216
2014-09-30 16:00:00,-0.845369301878731,-0.7748415
2014-09-30 17:00:00,-0.8782858194782304,-0.7977217
2014-09-30 18:00:00,-0.8124527842792316,-0.62164724
2014-09-30 19:00:00,-0.7575919216133993,-0.5354081
2014-09-30 20:00:00,-0.6149536786822352,-0.45169848
2014-09-30 21:00:00,-0.516204125883737,-0.3270445
2014-09-30 22:00:00,-0.47231543575107104,-0.28477287
2014-09-30 23:00:00,-0.43939891815157167,-0.2548913
2014-10-01 00:00:00,-0.2418998125545752,-0.22609583
2014-10-01 01:00:00,-0.16509460482240992,-0.05339385
2014-10-01 02:00:00,-0.18703894988874287,-0.07740499
2014-10-01 03:00:00,-0.12120591468974404,-0.16914707
2014-10-01 04:00:00,-0.21995546748824227,-0.06594472
2014-10-01 05:00:00,-0.21995546748824227,0.082599856
2014-10-01 06:00:00,-0.34064936535307344,0.008492313
2014-10-01 07:00:00,-0.4613432632179046,0.014021926
2014-10-01 08:00:00,-0.4174545730852387,0.17127398
2014-10-01 09:00:00,-0.29676067522040755,0.23630798
2014-10-01 10:00:00,-0.25287198508774167,0.27702358
2014-10-01 11:00:00,-0.11023374215657758,0.12894326
2014-10-01 12:00:00,-0.09926156962341111,0.092982404
2014-10-01 13:00:00,-0.04440070695757876,0.015713578
2014-10-01 14:00:00,-0.31870502028674047,0.033218324
2014-10-01 15:00:00,-0.25287198508774167,0.13946792
2014-10-01 16:00:00,-0.2638441576209081,0.036815736
2014-10-01 17:00:00,-0.0005120168249128817,0.06468505
2014-10-01 18:00:00,-0.0005120168249128817,0.04262221
2014-10-01 19:00:00,-0.03342853442441229,0.032775484
2014-10-01 20:00:00,-0.07731722455707817,-0.04348612
2014-10-01 21:00:00,-0.13217808722291052,0.12488427
2014-10-01 22:00:00,-0.19801112242190932,0.16492158
2014-10-01 23:00:00,-0.15412243228924344,0.01753185
2014-10-02 00:00:00,-0.19801112242190932,0.096866824
2014-10-02 01:00:00,-0.34064936535307344,0.15545395
2014-10-02 02:00:00,-0.3735658829525728,-0.010747157
2014-10-02 03:00:00,-0.45037109068473813,0.011812104
2014-10-02 04:00:00,-0.4174545730852387,-0.021406356
2014-10-02 05:00:00,-0.29676067522040755,0.079107046
2014-10-02 06:00:00,-0.21995546748824227,-0.011358924
2014-10-02 07:00:00,-0.2857885026872411,-0.0066043884
2014-10-02 08:00:00,-0.23092764002140873,0.0067758276
2014-10-02 09:00:00,-0.3955102280189058,-0.030562244
2014-10-02 10:00:00,-0.42842674561840516,-0.012489069
2014-10-02 11:00:00,-0.27481633015407464,0.00698125
2014-10-02 12:00:00,-0.3955102280189058,-0.17167813
2014-10-02 13:00:00,-0.6698145413480675,-0.14495063
2014-10-02 14:00:00,-0.7575919216133993,-0.22597429
2014-10-02 15:00:00,-0.8014806117460651,-0.30982307
2014-10-02 16:00:00,-0.867313646945064,-0.44711316
2014-10-02 17:00:00,-0.8014806117460651,-0.38022864
2014-10-02 18:00:00,-0.7356475765470664,-0.3821069
2014-10-02 19:00:00,-0.43939891815157167,-0.1357781
2014-10-02 20:00:00,-0.23092764002140873,-0.18828267
2014-10-02 21:00:00,-0.07731722455707817,-0.27142054
2014-10-02 22:00:00,0.31768098663691474,-0.21507066
2014-10-02 23:00:00,0.3505975042364141,-0.23961765
2014-10-03 00:00:00,0.22990360637158297,-0.3317048
2014-10-03 01:00:00,0.16407057117258417,-0.38435286
2014-10-03 02:00:00,0.14212622610625122,-0.46789825
2014-10-03 03:00:00,0.38351402183591354,-0.48526257
2014-10-03 04:00:00,0.16407057117258417,-0.4058249
2014-10-03 05:00:00,0.5371244373002441,-0.45271888
2014-10-03 06:00:00,0.09823753597358534,-0.40882117
2014-10-03 07:00:00,-0.29676067522040755,-0.44085282
2014-10-03 08:00:00,-0.47231543575107104,-0.42297733
2014-10-03 09:00:00,-0.516204125883737,-0.1729187
2014-10-03 10:00:00,-0.45037109068473813,-0.34428543
2014-10-03 11:00:00,-0.47231543575107104,-0.18203479
2014-10-03 12:00:00,-0.17606677735557638,-0.2827854
2014-10-03 13:00:00,-0.09926156962341111,-0.29779992
2014-10-03 14:00:00,0.36156967676958063,-0.34213942
2014-10-03 15:00:00,0.7894844055630729,-0.33642265
2014-10-03 16:00:00,0.8992061308947376,-0.29587713
2014-10-03 17:00:00,1.1076774090249004,-0.1297954
2014-10-03 18:00:00,1.1735104442238993,-0.17077005
2014-10-03 19:00:00,1.0857330639585676,0.03451258
2014-10-03 20:00:00,0.8443452682289052,0.20734194
2014-10-03 21:00:00,0.6687905076982418,0.18202832
2014-10-03 22:00:00,0.6139296450324094,0.22257039
2014-10-03 23:00:00,0.5700409548997435,0.31150508
2014-10-04 00:00:00,0.3286531591700812,0.27997178
2014-10-04 01:00:00,-0.0663450520239117,0.32989863
2014-10-04 02:00:00,-0.2089832949550758,0.07091028
2014-10-04 03:00:00,-0.2089832949550758,0.2809356
2014-10-04 04:00:00,-0.2418998125545752,0.38911355
2014-10-04 05:00:00,-0.34064936535307344,0.49205244
2014-10-04 06:00:00,-0.45037109068473813,0.3491158
2014-10-04 07:00:00,-0.494259780817404,0.21314606
2014-10-04 08:00:00,-0.5052319533505705,-0.013996914
2014-10-04 09:00:00,-0.4613432632179046,0.023187362
2014-10-04 10:00:00,-0.42842674561840516,0.0011071041
2014-10-04 11:00:00,-0.27481633015407464,0.020516073
2014-10-04 12:00:00,-0.2418998125545752,0.00085779745
2014-10-04 13:00:00,-0.03342853442441229,0.096997194
2014-10-04 14:00:00,0.054348845840919466,0.20124891
2014-10-04 15:00:00,0.03240450077458652,0.3921119
2014-10-04 16:00:00,-0.0005120168249128817,0.3505379
2014-10-04 17:00:00,0.07629319090725241,0.6183186
2014-10-04 18:00:00,0.09823753597358534,0.6430618
2014-10-04 19:00:00,0.17504274370575063,0.77326095
2014-10-04 20:00:00,0.13115405357308474,0.7584507
2014-10-04 21:00:00,0.010460155708253588,0.70081466
2014-10-04 22:00:00,-0.21995546748824227,0.69909626
2014-10-04 23:00:00,-0.25287198508774167,0.6443908
2014-10-05 00:00:00,-0.23092764002140873,0.46239403
2014-10-05 01:00:00,-0.15412243228924344,0.34216487
2014-10-05 02:00:00,-0.307732847753574,0.30526066
2014-10-05 03:00:00,-0.329677192819907,0.1945189
2014-10-05 04:00:00,-0.3955102280189058,0.12366865
2014-10-05 05:00:00,-0.36259371041940636,0.0017084889
2014-10-05 06:00:00,-0.40648240055207224,-0.058435358
2014-10-05 07:00:00,-0.5052319533505705,-0.068148725
2014-10-05 08:00:00,-0.5491206434832363,-0.23495513
2014-10-05 09:00:00,-0.867313646945064,-0.025098417
2014-10-05 10:00:00,-0.9770353722767287,-0.15651965
2014-10-05 11:00:00,-0.9880075448098952,-0.10389354
2014-10-05 12:00:00,-1.009951889876228,-0.013499709
2014-10-05 13:00:00,-1.0209240624093945,0.071040004
2014-10-05 14:00:00,-0.9880075448098952,0.15360963
2014-10-05 15:00:00,-0.9660631997435621,0.035075136
2014-10-05 16:00:00,-1.009951889876228,0.13284086
2014-10-05 17:00:00,-1.0318962349425609,0.19433957
2014-10-05 18:00:00,-0.9770353722767287,0.27781343
2014-10-05 19:00:00,-0.9112023370777298,0.26487172
2014-10-05 20:00:00,-0.8563414744118975,0.2575938
2014-10-05 21:00:00,-0.8014806117460651,0.16311568
2014-10-05 22:00:00,-0.6259258512154017,0.16067794
2014-10-05 23:00:00,-0.7246754040138998,0.2290622
2014-10-06 00:00:00,-0.6698145413480675,0.19838408
2014-10-06 01:00:00,-0.7466197490802328,0.12944716
2014-10-06 02:00:00,-0.7905084392128987,0.1639007
2014-10-06 03:00:00,-0.7905084392128987,0.17757857
2014-10-06 04:00:00,-0.8563414744118975,0.12666334
2014-10-06 05:00:00,-0.8014806117460651,-0.15790695
2014-10-06 06:00:00,-0.8563414744118975,-0.1408262
2014-10-06 07:00:00,-0.8563414744118975,-0.10994415
2014-10-06 08:00:00,-0.823424956812398,0.0127380565
2014-10-06 09:00:00,-0.867313646945064,-0.16542822
2014-10-06 10:00:00,-0.8563414744118975,-0.23312977
2014-10-06 11:00:00,-0.9002301645445634,-0.2633605
2014-10-06 12:00:00,-0.9002301645445634,-0.4076029
2014-10-06 13:00:00,-0.8563414744118975,-0.4464435
2014-10-06 14:00:00,-0.8782858194782304,-0.39489713
2014-10-06 15:00:00,-0.823424956812398,-0.33760476
2014-10-06 16:00:00,-0.8563414744118975,-0.42211926
2014-10-06 17:00:00,-0.823424956812398,-0.47579837
2014-10-06 18:00:00,-0.7356475765470664,-0.37525207
2014-10-06 19:00:00,-0.5491206434832363,-0.34356576
2014-10-06 20:00:00,-0.42842674561840516,-0.28066447
2014-10-06 21:00:00,-0.2857885026872411,-0.3385306
2014-10-06 22:00:00,-0.23092764002140873,-0.19468015
2014-10-06 23:00:00,-0.25287198508774167,-0.11055515
2014-10-07 00:00:00,-0.09926156962341111,0.00017048419
2014-10-07 01:00:00,-0.0663450520239117,-0.04399755
2014-10-07 02:00:00,0.07629319090725241,-0.049732864
2014-10-07 03:00:00,0.15309839863941768,-0.12390522
2014-10-07 04:00:00,0.043376673307752994,0.03231083
2014-10-07 05:00:00,-0.07731722455707817,-0.02095674
2014-10-07 06:00:00,-0.16509460482240992,-0.07018199
2014-10-07 07:00:00,-0.27481633015407464,-0.14476338
2014-10-07 08:00:00,-0.27481633015407464,-0.09158176
2014-10-07 09:00:00,-0.3735658829525728,-0.18893999
2014-10-07 10:00:00,-0.3735658829525728,-0.27551603
2014-10-07 11:00:00,-0.19801112242190932,-0.19810891
2014-10-07 12:00:00,0.043376673307752994,-0.048075553
2014-10-07 13:00:00,0.19698708877208357,-0.12514392
2014-10-07 14:00:00,0.4383748845017459,-0.21161872
2014-10-07 15:00:00,0.6358739900987423,-0.1871129
2014-10-07 16:00:00,0.8662896132952382,-0.2841305
2014-10-07 17:00:00,0.8992061308947376,-0.27195516
2014-10-07 18:00:00,0.9760113386269029,-0.066146635
2014-10-07 19:00:00,1.3161486871550634,-0.0034582932
2014-10-07 20:00:00,1.5904530004842252,0.089193754
2014-10-07 21:00:00,1.70017472581589,0.2870708
2014-10-07 22:00:00,2.0183677292777173,0.33793855
2014-10-07 23:00:00,2.4791989756707093,0.27641395
2014-10-08 00:00:00,2.2048946623415473,0.24179545
2014-10-08 01:00:00,2.07322859194355,0.25334588
2014-10-08 02:00:00,1.8537851412802204,0.21419725
2014-10-08 03:00:00,1.634341690616891,0.21320677
2014-10-08 04:00:00,1.447814757553061,0.05528436
2014-10-08 05:00:00,1.3380930322213964,-0.008527929
2014-10-08 06:00:00,1.283232169555564,-0.14113826
2014-10-08 07:00:00,1.2612878244892312,-0.05360218
2014-10-08 08:00:00,1.5685086554178922,-0.099169604
2014-10-08 09:00:00,1.3600373772877292,-0.21414715
2014-10-08 10:00:00,1.491703447685727,-0.270503
2014-10-08 11:00:00,1.7111468983490563,-0.06997448
2014-10-08 12:00:00,1.8867016588797199,0.06863299
2014-10-08 13:00:00,1.820868623680721,0.09912513
2014-10-08 14:00:00,1.9744790391450515,0.17970097
2014-10-08 15:00:00,2.4133659404717105,0.15521517
2014-10-08 16:00:00,2.896141531931035,0.10459179
2014-10-08 17:00:00,3.104612810061198,0.36810273
2014-10-08 18:00:00,3.313084088191361,0.4570505
2014-10-08 19:00:00,3.247251052992362,0.6699207
2014-10-08 20:00:00,3.4996110212551907,0.8109499
2014-10-08 21:00:00,3.642249264186355,0.7697272
2014-10-08 22:00:00,3.642249264186355,1.118873
2014-10-08 23:00:00,3.356972778324027,1.1954854
2014-10-09 00:00:00,3.1594736727270303,1.2896045
2014-10-09 01:00:00,2.940030222063701,1.2882954
2014-10-09 02:00:00,2.7973919791325366,1.2425001
2014-10-09 03:00:00,2.731558943933538,1.0220664
2014-10-09 04:00:00,2.7754476340662038,0.7840557
2014-10-09 05:00:00,2.687670253800872,0.6106664
2014-10-09 06:00:00,2.643781563668206,0.54540753
2014-10-09 07:00:00,2.5998928735355404,0.5565442
2014-10-09 08:00:00,2.6547537362013727,0.63167846
2014-10-09 09:00:00,2.6547537362013727,0.74414426
2014-10-09 10:00:00,2.566976355936041,0.79411167
2014-10-09 11:00:00,2.5998928735355404,0.7078839
2014-10-09 12:00:00,2.6657259087345393,0.70412457
2014-10-09 13:00:00,2.7425311164667043,0.8114696
2014-10-09 14:00:00,2.896141531931035,0.84107983
2014-10-09 15:00:00,2.994891084729533,1.0174749
2014-10-09 16:00:00,3.126557155127531,1.3146043
2014-10-09 17:00:00,3.2691953980586947,1.329875
2014-10-09 18:00:00,3.620304919120022,1.3311896
2014-10-09 19:00:00,3.7519709895180196,1.3362892
2014-10-09 20:00:00,3.762943162051186,1.6833111
2014-10-09 21:00:00,3.708082299385354,1.6554713
2014-10-09 22:00:00,3.5105831937883574,1.7907417
2014-10-09 23:00:00,3.8836370599160173,1.8577125
2014-10-10 00:00:00,3.620304919120022,1.6447396
2014-10-10 01:00:00,3.247251052992362,1.5052352
2014-10-10 02:00:00,3.1375293276606975,1.3311057
2014-10-10 03:00:00,3.016835429795866,1.2147405
2014-10-10 04:00:00,2.6766980812677055,1.1390096
2014-10-10 05:00:00,2.7205867714003715,1.2005777
2014-10-10 06:00:00,2.6108650460687066,1.1624098
2014-10-10 07:00:00,2.402393767938544,1.144631
2014-10-10 08:00:00,2.457254630604376,1.0942303
2014-10-10 09:00:00,2.44628245807121,0.9551564
2014-10-10 10:00:00,2.5340598383365416,1.2453325
2014-10-10 11:00:00,2.5450320108697078,1.2655377
2014-10-10 12:00:00,2.501143320737042,1.4270866
2014-10-10 13:00:00,2.3036442151400456,1.5358908
2014-10-10 14:00:00,2.171978144742048,1.6361512
2014-10-10 15:00:00,1.8318407962138874,1.5811098
2014-10-10 16:00:00,1.7660077610148888,1.583199
2014-10-10 17:00:00,1.5685086554178922,1.7583281
2014-10-10 18:00:00,1.7879521060812216,1.9967982
2014-10-10 19:00:00,2.215866834874714,1.9879243
2014-10-10 20:00:00,2.5340598383365416,2.1215863
2014-10-10 21:00:00,2.523087665803375,2.1051056
2014-10-10 22:00:00,2.2816998700737128,2.1442795
2014-10-10 23:00:00,2.4353102855380433,2.3229513
2014-10-11 00:00:00,2.501143320737042,2.176117
2014-10-11 01:00:00,2.2268390074078805,1.9029435
2014-10-11 02:00:00,2.084200764476716,1.9635166
2014-10-11 03:00:00,2.380449422872211,1.6523509
2014-10-11 04:00:00,2.3475329052727116,1.5190336
2014-10-11 05:00:00,1.8537851412802204,1.5720868
2014-10-11 06:00:00,1.1405939266243998,1.18084
2014-10-11 07:00:00,1.283232169555564,1.2651882
2014-10-11 08:00:00,1.118649581558067,1.3715801
2014-10-11 09:00:00,1.0528165463590682,1.5384611
2014-10-11 10:00:00,1.425870412486728,1.5089914
2014-10-11 11:00:00,1.7111468983490563,1.4938428
2014-10-11 12:00:00,1.6014251730173916,1.5632491
2014-10-11 13:00:00,1.5685086554178922,1.4951549
2014-10-11 14:00:00,1.5026756202188933,1.4939414
2014-10-11 15:00:00,1.4587869300862275,1.1781694
2014-10-11 16:00:00,1.5246199652852264,1.2970243
2014-10-11 17:00:00,1.6782303807495569,1.0983647
2014-10-11 18:00:00,0.08726536344041887,1.0826845
2014-10-11 19:00:00,-0.867313646945064,1.5132396
2014-10-11 20:00:00,-0.9002301645445634,1.4350361
2014-10-11 21:00:00,-1.0428684074757275,1.5836804
2014-10-11 22:00:00,-1.0318962349425609,1.7144463
2014-10-11 23:00:00,-1.0209240624093945,1.6660285
2014-10-12 00:00:00,-1.009951889876228,1.6668861
2014-10-12 01:00:00,-1.0428684074757275,1.5650864
2014-10-12 02:00:00,-1.0209240624093945,1.4067997
2014-10-12 03:00:00,-0.9989797173430616,1.5275859
2014-10-12 04:00:00,-0.9989797173430616,1.433319
2014-10-12 05:00:00,-0.9989797173430616,1.2405279
2014-10-12 06:00:00,-1.009951889876228,1.182734
2014-10-12 07:00:00,-1.0209240624093945,0.9283577
2014-10-12 08:00:00,-1.053840580008894,0.8969024
2014-10-12 09:00:00,-1.0648127525420603,0.88178605
2014-10-12 10:00:00,-1.053840580008894,0.88551533
2014-10-12 11:00:00,-1.0318962349425609,1.1210833
2014-10-12 12:00:00,-1.0648127525420603,1.1046515
2014-10-12 13:00:00,-1.0428684074757275,1.0693494
2014-10-12 14:00:00,-1.0318962349425609,1.1179965
2014-10-12 15:00:00,-1.0318962349425609,0.96463335
2014-10-12 16:00:00,-1.053840580008894,0.8081427
2014-10-12 17:00:00,-1.0209240624093945,0.9173176
2014-10-12 18:00:00,-1.0318962349425609,0.53643423
2014-10-12 19:00:00,-1.0209240624093945,-0.074655496
2014-10-12 20:00:00,-0.9550910272103957,-0.0775892
2014-10-12 21:00:00,-1.009951889876228,-0.147935
2014-10-12 22:00:00,-0.9880075448098952,-0.25458923
2014-10-12 23:00:00,-0.9880075448098952,-0.2664774
2014-10-13 00:00:00,-1.0209240624093945,-0.32237485
2014-10-13 01:00:00,-1.0428684074757275,-0.23486936
2014-10-13 02:00:00,-1.0648127525420603,-0.33607617
2014-10-13 03:00:00,-1.0648127525420603,-0.28319243
2014-10-13 04:00:00,-1.0209240624093945,-0.12203949
2014-10-13 05:00:00,-0.9989797173430616,-0.31250328
2014-10-13 06:00:00,-1.0209240624093945,-0.36368322
2014-10-13 07:00:00,-1.0428684074757275,-0.37098125
2014-10-13 08:00:00,-1.0428684074757275,-0.29324108
2014-10-13 09:00:00,-1.0209240624093945,-0.32524535
2014-10-13 10:00:00,-0.9989797173430616,-0.29158747
2014-10-13 11:00:00,-1.009951889876228,-0.13559008
2014-10-13 12:00:00,-0.9989797173430616,-0.19710067
2014-10-13 13:00:00,-0.9989797173430616,-0.15546787
2014-10-13 14:00:00,-1.009951889876228,-0.12351217
2014-10-13 15:00:00,-0.9880075448098952,-0.08289687
2014-10-13 16:00:00,-0.9880075448098952,-0.1420717
2014-10-13 17:00:00,-1.009951889876228,-0.18525714
2014-10-13 18:00:00,-0.9550910272103957,-0.14258575
2014-10-13 19:00:00,-0.8343971293455645,-0.13979676
2014-10-13 20:00:00,-0.7137032314807333,-0.13287914
2014-10-13 21:00:00,-0.7137032314807333,-0.11974364
2014-10-13 22:00:00,-0.5381484709500699,-0.13950017
2014-10-13 23:00:00,-0.45037109068473813,-0.1987181
2014-10-14 00:00:00,-0.42842674561840516,-0.24864468
2014-10-14 01:00:00,-0.5820371610827357,-0.29292086
2014-10-14 02:00:00,-0.6368980237485681,-0.2875657
2014-10-14 03:00:00,-0.6039815061490686,-0.32028508
2014-10-14 04:00:00,-0.5820371610827357,-0.3230955
2014-10-14 05:00:00,-0.7356475765470664,-0.29337215
2014-10-14 06:00:00,-0.8782858194782304,-0.33969522
2014-10-14 07:00:00,-0.823424956812398,-0.31137085
2014-10-14 08:00:00,-0.8563414744118975,-0.2911051
2014-10-14 09:00:00,-0.9112023370777298,-0.3403454
2014-10-14 10:00:00,-0.8124527842792316,-0.3702661
2014-10-14 11:00:00,-0.7905084392128987,-0.4485871
2014-10-14 12:00:00,-0.7575919216133993,-0.48150656
2014-10-14 13:00:00,-0.5930093336159022,-0.51610583
2014-10-14 14:00:00,-0.5600928160164028,-0.36628693
2014-10-14 15:00:00,-0.6917588864144004,-0.32741472
2014-10-14 16:00:00,-0.7575919216133993,-0.287239
2014-10-14 17:00:00,-0.7575919216133993,-0.28669867
2014-10-14 18:00:00,-0.5052319533505705,-0.2519484
2014-10-14 19:00:00,-0.36259371041940636,-0.2005715
2014-10-14 20:00:00,-0.27481633015407464,-0.09119553
2014-10-14 21:00:00,-0.13217808722291052,-0.020691711
2014-10-14 22:00:00,0.15309839863941768,0.063085295
2014-10-14 23:00:00,0.3067088141037483,0.083435096
2014-10-15 00:00:00,0.44934705703491234,0.0918742
2014-10-15 01:00:00,0.5371244373002441,-0.15173575
2014-10-15 02:00:00,0.5371244373002441,-0.0803067
2014-10-15 03:00:00,0.27379229650424886,-0.18323734
2014-10-15 04:00:00,-0.08828939709024464,-0.12606108
2014-10-15 05:00:00,0.10920970850675181,-0.22146708
2014-10-15 06:00:00,-0.12120591468974404,-0.20868781
2014-10-15 07:00:00,-0.17606677735557638,-0.38851207
2014-10-15 08:00:00,-0.05537287949074523,-0.47033185
2014-10-15 09:00:00,-0.4174545730852387,-0.53798324
2014-10-15 10:00:00,-0.845369301878731,-0.3863791
2014-10-15 11:00:00,-0.9770353722767287,-0.3861211
2014-10-15 12:00:00,-0.9550910272103957,-0.30489948
2014-10-15 13:00:00,-0.9989797173430616,-0.32263306
2014-10-15 14:00:00,-0.9660631997435621,-0.41030675
2014-10-15 15:00:00,-0.9989797173430616,-0.4816904
2014-10-15 16:00:00,-1.009951889876228,-0.40483567
2014-10-15 17:00:00,-0.9989797173430616,-0.3867098
2014-10-15 18:00:00,-1.009951889876228,-0.24676892
2014-10-15 19:00:00,-1.0209240624093945,-0.11271863
2014-10-15 20:00:00,-0.9221745096108963,0.013729284
2014-10-15 21:00:00,-0.8782858194782304,0.20575312
2014-10-15 22:00:00,-0.9112023370777298,0.29054773
2014-10-15 23:00:00,-0.8782858194782304,0.3890894
2014-10-16 00:00:00,-0.658842368814901,0.5193249
2014-10-16 01:00:00,-0.8014806117460651,0.61880106
2014-10-16 02:00:00,-0.8014806117460651,0.5012132
2014-10-16 03:00:00,-0.7795362666797322,0.47450995
2014-10-16 04:00:00,-0.7575919216133993,0.24665484
2014-10-16 05:00:00,-0.6917588864144004,0.2704945
2014-10-16 06:00:00,-0.7027310589475669,0.056633204
2014-10-16 07:00:00,-0.6259258512154017,0.02890563
2014-10-16 08:00:00,-0.6149536786822352,-0.00026889518
2014-10-16 09:00:00,-0.6149536786822352,-0.22987059
2014-10-16 10:00:00,-0.823424956812398,-0.47446036
2014-10-16 11:00:00,-0.9112023370777298,-0.5787707
2014-10-16 12:00:00,-0.9112023370777298,-0.68760204
2014-10-16 13:00:00,-0.8014806117460651,-0.81322086
2014-10-16 14:00:00,-0.7795362666797322,-0.87814415
2014-10-16 15:00:00,-0.7795362666797322,-0.9780544
2014-10-16 16:00:00,-0.7027310589475669,-1.1327012
2014-10-16 17:00:00,-0.45037109068473813,-1.0045761
2014-10-16 18:00:00,-0.45037109068473813,-0.8588753
2014-10-16 19:00:00,-0.47231543575107104,-0.8097034
2014-10-16 20:00:00,-0.494259780817404,-0.74877447
2014-10-16 21:00:00,-0.43939891815157167,-0.6415916
2014-10-16 22:00:00,-0.329677192819907,-0.46510974
2014-10-16 23:00:00,-0.21995546748824227,-0.34186327
2014-10-17 00:00:00,-0.16509460482240992,-0.198558
2014-10-17 01:00:00,-0.13217808722291052,-0.15319666
2014-10-17 02:00:00,-0.09926156962341111,-0.053306676
2014-10-17 03:00:00,-0.02245636189124582,-0.09895699
2014-10-17 04:00:00,0.03240450077458652,-0.08065905
2014-10-17 05:00:00,0.010460155708253588,0.022014089
2014-10-17 06:00:00,-0.02245636189124582,0.114296935
2014-10-17 07:00:00,-0.011484189358079351,0.13243431
2014-10-17 08:00:00,-0.05537287949074523,0.18804792
2014-10-17 09:00:00,-0.2638441576209081,0.25029236
2014-10-17 10:00:00,-0.21995546748824227,0.26144657
2014-10-17 11:00:00,-0.14315025975607698,0.054153107
2014-10-17 12:00:00,-0.14315025975607698,-0.075111985
2014-10-17 13:00:00,-0.19801112242190932,0.0771351
2014-10-17 14:00:00,0.054348845840919466,-0.02889686
2014-10-17 15:00:00,0.17504274370575063,-0.0665879
2014-10-17 16:00:00,0.03240450077458652,0.0256738
2014-10-17 17:00:00,0.09823753597358534,-0.040703192
2014-10-17 18:00:00,0.19698708877208357,0.012652159
2014-10-17 19:00:00,0.29573664157058177,0.09342175
2014-10-17 20:00:00,0.4822635746344118,0.05225308
2014-10-17 21:00:00,0.9760113386269029,0.050167616
2014-10-17 22:00:00,0.9869835111600693,0.18570375
2014-10-17 23:00:00,1.3710095498208958,0.19212413
2014-10-18 00:00:00,1.217399134356565,0.12062334
2014-10-18 01:00:00,1.0637887188922346,0.12114128
2014-10-18 02:00:00,1.096705236491734,0.090715356
2014-10-18 03:00:00,1.0637887188922346,0.15077251
2014-10-18 04:00:00,1.0199000287595688,0.019646771
2014-10-18 05:00:00,0.8772617858284046,0.08142712
2014-10-18 06:00:00,0.18601491623891708,0.042151544
2014-10-18 07:00:00,0.10920970850675181,0.13581818
2014-10-18 08:00:00,0.12018188103991828,0.05726379
2014-10-18 09:00:00,-0.0663450520239117,-0.099631466
2014-10-18 10:00:00,0.13115405357308474,-0.21627682
2014-10-18 11:00:00,0.10920970850675181,-0.058792517
2014-10-18 12:00:00,0.6029574724992429,-0.020117924
2014-10-18 13:00:00,0.9430948210274035,-0.086161375
2014-10-18 14:00:00,1.0308722012927352,-0.06583706
2014-10-18 15:00:00,1.2064269618233987,-0.040921375
2014-10-18 16:00:00,1.2612878244892312,-0.14376819
2014-10-18 17:00:00,1.425870412486728,0.011087995
2014-10-18 18:00:00,1.5246199652852264,0.10086833
2014-10-18 19:00:00,1.8867016588797199,0.22107834
2014-10-18 20:00:00,2.150033799675715,0.27954292
2014-10-18 21:00:00,2.358505077805878,0.4500256
2014-10-18 22:00:00,2.81933632419887,0.6951918
2014-10-18 23:00:00,3.0936406375280314,0.74506414
2014-10-19 00:00:00,3.356972778324027,0.5797929
2014-10-19 01:00:00,3.3460006057908602,0.5707343
2014-10-19 02:00:00,3.170445845260197,0.49572232
2014-10-19 03:00:00,3.2582232255255286,0.46464247
2014-10-19 04:00:00,3.433777986056192,0.55105346
2014-10-19 05:00:00,2.994891084729533,0.41650608
2014-10-19 06:00:00,2.874197186864702,0.19566494
2014-10-19 07:00:00,2.808364151665703,0.044564255
2014-10-19 08:00:00,2.6766980812677055,0.034915384
2014-10-19 09:00:00,2.7644754615330376,-0.039828084
2014-10-19 10:00:00,2.81933632419887,0.09725078
2014-10-19 11:00:00,2.7754476340662038,0.13005227
2014-10-19 12:00:00,2.106145109543049,0.30615878
2014-10-19 13:00:00,1.2393434794228981,0.4758415
2014-10-19 14:00:00,1.2064269618233987,0.4500973
2014-10-19 15:00:00,0.9101783034279041,0.46264952
2014-10-19 16:00:00,0.6687905076982418,0.53079003
2014-10-19 17:00:00,0.58101312743291,0.6881665
2014-10-19 18:00:00,0.7565678879635735,0.83140427
2014-10-19 19:00:00,1.0528165463590682,0.8755828
2014-10-19 20:00:00,1.096705236491734,1.1228719
2014-10-19 21:00:00,1.0637887188922346,1.2540472
2014-10-19 22:00:00,0.8553174407620717,1.469839
2014-10-19 23:00:00,0.6687905076982418,1.6984274
2014-10-20 00:00:00,0.6687905076982418,1.7870382
2014-10-20 01:00:00,0.7236513703640741,1.78607
2014-10-20 02:00:00,0.7785122330299065,1.6199228
2014-10-20 03:00:00,0.8443452682289052,1.5731981
2014-10-20 04:00:00,0.8443452682289052,1.56861
2014-10-20 05:00:00,0.9760113386269029,1.3704805
2014-10-20 06:00:00,0.9540669935605699,1.3707176
2014-10-20 07:00:00,1.0089278562264024,1.4077203
2014-10-20 08:00:00,1.1296217540912334,1.2410336
2014-10-20 09:00:00,1.469759102619394,1.326698
2014-10-20 10:00:00,1.7660077610148888,1.3887762
2014-10-20 11:00:00,1.8098964511475546,1.3235097
2014-10-20 12:00:00,1.842812968747054,1.1397822
2014-10-20 13:00:00,2.029339901810884,0.80027395
2014-10-20 14:00:00,1.798924278614388,0.71496683
2014-10-20 15:00:00,1.6782303807495569,0.5227721
2014-10-20 16:00:00,1.6014251730173916,0.38717675
2014-10-20 17:00:00,1.5246199652852264,0.42427105
2014-10-20 18:00:00,1.7111468983490563,0.3421319
2014-10-20 19:00:00,1.6782303807495569,0.5973683
2014-10-20 20:00:00,1.7769799335480552,0.7474415
2014-10-20 21:00:00,1.5246199652852264,0.71044296
2014-10-20 22:00:00,0.4712914021012453,0.7687537
2014-10-20 23:00:00,-0.31870502028674047,0.7893242
2014-10-21 00:00:00,-0.42842674561840516,0.48398632
2014-10-21 01:00:00,-0.7246754040138998,0.55054075
2014-10-21 02:00:00,-0.7027310589475669,0.60531193
2014-10-21 03:00:00,-0.7356475765470664,0.32484442
2014-10-21 04:00:00,-0.7575919216133993,0.28918725
2014-10-21 05:00:00,-0.8343971293455645,0.36856022
2014-10-21 06:00:00,-0.7575919216133993,0.4612835
2014-10-21 07:00:00,-0.680786713881234,0.45989853
2014-10-21 08:00:00,-0.680786713881234,0.48631817
2014-10-21 09:00:00,-0.680786713881234,0.8717945
2014-10-21 10:00:00,-0.680786713881234,0.8185747
2014-10-21 11:00:00,-0.7027310589475669,0.91304904
2014-10-21 12:00:00,-0.680786713881234,1.0218111
2014-10-21 13:00:00,-0.6917588864144004,0.95685524
2014-10-21 14:00:00,-0.7027310589475669,0.8588753
2014-10-21 15:00:00,-0.7137032314807333,0.8874112
2014-10-21 16:00:00,-0.7356475765470664,0.87678593
2014-10-21 17:00:00,-0.6478701962817346,0.70536524
2014-10-21 18:00:00,-0.680786713881234,0.87226206
2014-10-21 19:00:00,-0.5381484709500699,1.080904
2014-10-21 20:00:00,-0.36259371041940636,1.0634627
2014-10-21 21:00:00,-0.17606677735557638,1.0714931
2014-10-21 22:00:00,-0.09926156962341111,0.8320258
2014-10-21 23:00:00,-0.03342853442441229,0.44542038
2014-10-22 00:00:00,-0.43939891815157167,0.2345027
2014-10-22 01:00:00,-0.5491206434832363,0.104632996
2014-10-22 02:00:00,-0.5820371610827357,0.060843393
2014-10-22 03:00:00,-0.5271762984169034,0.09433765
2014-10-22 04:00:00,-0.29676067522040755,0.03277915
2014-10-22 05:00:00,0.12018188103991828,-0.048053745
2014-10-22 06:00:00,0.043376673307752994,-0.02766414
2014-10-22 07:00:00,-0.11023374215657758,0.03528121
2014-10-22 08:00:00,-0.17606677735557638,0.123877175
2014-10-22 09:00:00,-0.23092764002140873,0.053819608
2014-10-22 10:00:00,-0.18703894988874287,0.09112654
2014-10-22 11:00:00,-0.08828939709024464,0.119170785
2014-10-22 12:00:00,0.043376673307752994,-0.011380173
2014-10-22 13:00:00,-0.0005120168249128817,-0.031073622
2014-10-22 14:00:00,0.010460155708253588,0.08110029
2014-10-22 15:00:00,-0.15412243228924344,0.0708793
2014-10-22 16:00:00,-0.16509460482240992,-0.06350794
2014-10-22 17:00:00,-0.18703894988874287,0.07844436
2014-10-22 18:00:00,-0.03342853442441229,0.2308695
2014-10-22 19:00:00,0.18601491623891708,0.22213826
2014-10-22 20:00:00,0.2628201239710824,0.31685954
2014-10-22 21:00:00,0.29573664157058177,0.34027892
2014-10-22 22:00:00,0.3505975042364141,0.23092443
2014-10-22 23:00:00,0.3286531591700812,0.105136305
2014-10-23 00:00:00,0.2847644690374153,0.22085151
2014-10-23 01:00:00,0.20795926130525003,0.13022327
2014-10-23 02:00:00,0.08726536344041887,0.08410933
2014-10-23 03:00:00,0.08726536344041887,-0.055559747
2014-10-23 04:00:00,0.021432328241420058,0.13262162
2014-10-23 05:00:00,0.10920970850675181,0.18806815
2014-10-23 06:00:00,0.14212622610625122,0.24781013
2014-10-23 07:00:00,0.08726536344041887,0.29645222
2014-10-23 08:00:00,0.17504274370575063,0.2811377
2014-10-23 09:00:00,0.3286531591700812,0.22827205
2014-10-23 10:00:00,0.3725418493027471,0.25965786
2014-10-23 11:00:00,0.39448619436908,0.3422026
2014-10-23 12:00:00,0.49323574716757823,0.32844967
2014-10-23 13:00:00,0.5371244373002441,0.23042971
2014-10-23 14:00:00,0.36156967676958063,0.2898264
2014-10-23 15:00:00,0.4712914021012453,0.21551168
2014-10-23 16:00:00,0.5371244373002441,0.21067622
2014-10-23 17:00:00,0.7017070252977412,0.13291258
2014-10-23 18:00:00,0.76754006049674,0.0122489855
2014-10-23 19:00:00,0.8114287506294059,0.05453313
2014-10-23 20:00:00,0.9979556836932358,0.27782565
2014-10-23 21:00:00,1.0528165463590682,0.33399063
2014-10-23 22:00:00,1.0418443738259018,0.3856035
2014-10-23 23:00:00,1.2503156519560645,0.46632567
2014-10-24 00:00:00,1.3929538948872286,0.26807368
2014-10-24 01:00:00,1.283232169555564,0.2790548
2014-10-24 02:00:00,1.0418443738259018,0.23959747
2014-10-24 03:00:00,0.9101783034279041,0.36619118
2014-10-24 04:00:00,0.8662896132952382,0.18050608
2014-10-24 05:00:00,0.9979556836932358,0.14652607
2014-10-24 06:00:00,0.8553174407620717,0.26483917
2014-10-24 07:00:00,0.9101783034279041,0.3016823
2014-10-24 08:00:00,0.932122648494237,0.059652686
2014-10-24 09:00:00,1.0089278562264024,0.047329273
2014-10-24 10:00:00,1.0857330639585676,0.113426976
2014-10-24 11:00:00,1.4368425850198945,0.23931578
2014-10-24 12:00:00,1.6782303807495569,0.40931225
2014-10-24 13:00:00,1.9854512116782181,0.49740005
2014-10-24 14:00:00,2.1280894546093823,0.23760542
2014-10-24 15:00:00,2.380449422872211,0.25301635
2014-10-24 16:00:00,2.3914215954053772,0.2264744
2014-10-24 17:00:00,2.44628245807121,0.43750894
2014-10-24 18:00:00,2.6218372186018732,0.4905234
2014-10-24 19:00:00,2.643781563668206,0.4535955
2014-10-24 20:00:00,2.6986424263340387,0.7470792
2014-10-24 21:00:00,2.808364151665703,0.590723
2014-10-24 22:00:00,3.104612810061198,0.49616492
2014-10-24 23:00:00,2.8851693593978687,0.4011572
2014-10-25 00:00:00,3.082668464994865,0.39211145
2014-10-25 01:00:00,2.7644754615330376,0.5496193
2014-10-25 02:00:00,2.402393767938544,0.4622237
2014-10-25 03:00:00,2.3036442151400456,0.28621373
2014-10-25 04:00:00,2.5340598383365416,0.23115247
2014-10-25 05:00:00,2.5450320108697078,0.110844195
2014-10-25 06:00:00,2.358505077805878,-0.05833169
2014-10-25 07:00:00,2.3255885602063784,0.014579728
2014-10-25 08:00:00,2.3036442151400456,0.069601804
2014-10-25 09:00:00,2.457254630604376,0.19739914
2014-10-25 10:00:00,2.523087665803375,0.15864691
2014-10-25 11:00:00,2.457254630604376,0.41577104
2014-10-25 12:00:00,2.5340598383365416,0.58905894
2014-10-25 13:00:00,2.6986424263340387,0.6016149
2014-10-25 14:00:00,2.7644754615330376,0.68277395
2014-10-25 15:00:00,3.0278076023290326,0.8744576
2014-10-25 16:00:00,3.313084088191361,0.90063536
2014-10-25 17:00:00,3.543499711387857,0.9764597
2014-10-25 18:00:00,3.7300266444516867,0.9207668
2014-10-25 19:00:00,3.828776197250185,1.1774122
2014-10-25 20:00:00,4.081136165513014,1.0527332
2014-10-25 21:00:00,3.8726648873828506,1.2470703
2014-10-25 22:00:00,3.433777986056192,1.226346
2014-10-25 23:00:00,3.247251052992362,1.371841
2014-10-26 00:00:00,3.2362788804591958,1.4221057
2014-10-26 01:00:00,3.060724119928532,1.3600667
2014-10-26 02:00:00,2.643781563668206,1.1593533
2014-10-26 03:00:00,2.3255885602063784,0.9682974
2014-10-26 04:00:00,1.7221190708822227,0.88600963
2014-10-26 05:00:00,0.9101783034279041,0.89484787
2014-10-26 06:00:00,-0.6698145413480675,0.88942623
2014-10-26 07:00:00,-0.9221745096108963,0.86487013
2014-10-26 08:00:00,-0.9441188546772292,0.7311453
2014-10-26 09:00:00,-0.9221745096108963,0.83851355
2014-10-26 10:00:00,-0.9880075448098952,0.87698835
2014-10-26 11:00:00,-0.9880075448098952,1.0412893
2014-10-26 12:00:00,-0.9989797173430616,1.0306339
2014-10-26 13:00:00,-1.0209240624093945,1.1691878
2014-10-26 14:00:00,-0.9989797173430616,1.2502959
2014-10-26 15:00:00,-0.9989797173430616,1.2014863
2014-10-26 16:00:00,-0.9880075448098952,1.4206706
2014-10-26 17:00:00,-1.009951889876228,1.5254767
2014-10-26 18:00:00,-0.9989797173430616,1.7730043
2014-10-26 19:00:00,-0.9112023370777298,1.8823876
2014-10-26 20:00:00,-0.9331466821440627,1.9673874
2014-10-26 21:00:00,-0.9331466821440627,2.061956
2014-10-26 22:00:00,-0.9660631997435621,1.9494644
2014-10-26 23:00:00,-0.9989797173430616,1.8760308
2014-10-27 00:00:00,-0.9880075448098952,1.7721698
2014-10-27 01:00:00,-0.9989797173430616,1.6466635
2014-10-27 02:00:00,-0.9660631997435621,1.3654848
2014-10-27 03:00:00,-0.9989797173430616,1.2050111
2014-10-27 04:00:00,-0.9550910272103957,0.80893046
2014-10-27 05:00:00,-0.9441188546772292,0.48849693
2014-10-27 06:00:00,-0.9660631997435621,-0.08827669
2014-10-27 07:00:00,-0.8343971293455645,-0.41085795
2014-10-27 08:00:00,-0.845369301878731,-0.49635786
2014-10-27 09:00:00,-0.7575919216133993,-0.58914346
2014-10-27 10:00:00,-0.47231543575107104,-0.5462322
2014-10-27 11:00:00,-0.6259258512154017,-0.55919814
2014-10-27 12:00:00,-0.7137032314807333,-0.49614966
2014-10-27 13:00:00,-0.7575919216133993,-0.47501338
2014-10-27 14:00:00,-0.7685640941465657,-0.5807978
2014-10-27 15:00:00,-0.823424956812398,-0.4299085
2014-10-27 16:00:00,-0.7356475765470664,-0.51920325
2014-10-27 17:00:00,-0.6698145413480675,-0.38987416
2014-10-27 18:00:00,-0.658842368814901,-0.43160617
2014-10-27 19:00:00,-0.43939891815157167,-0.33067703
2014-10-27 20:00:00,-0.3516215378862399,-0.116235666
2014-10-27 21:00:00,-0.47231543575107104,-0.14835909
2014-10-27 22:00:00,-0.5381484709500699,-0.099533215
2014-10-27 23:00:00,-0.8124527842792316,-0.15696308
2014-10-28 00:00:00,-0.5491206434832363,-0.10376616
2014-10-28 01:00:00,-0.6368980237485681,-0.2346124
2014-10-28 02:00:00,-0.6259258512154017,-0.2582553
2014-10-28 03:00:00,-0.2857885026872411,-0.22366092
2014-10-28 04:00:00,-0.14315025975607698,-0.23691028
2014-10-28 05:00:00,-0.2418998125545752,-0.04805842
2014-10-28 06:00:00,-0.25287198508774167,0.08402505
2014-10-28 07:00:00,-0.09926156962341111,0.24946591
2014-10-28 08:00:00,-0.011484189358079351,0.25523105
2014-10-28 09:00:00,-0.08828939709024464,0.34653682
2014-10-28 10:00:00,-0.18703894988874287,0.5141545
2014-10-28 11:00:00,-0.0663450520239117,0.4962204
2014-10-28 12:00:00,-0.11023374215657758,0.4114021
2014-10-28 13:00:00,-0.3516215378862399,0.30715743
2014-10-28 14:00:00,-0.43939891815157167,0.32057357
2014-10-28 15:00:00,-0.516204125883737,0.30112642
2014-10-28 16:00:00,-0.5381484709500699,0.3067163
2014-10-28 17:00:00,-0.5271762984169034,0.37561056
2014-10-28 18:00:00,-0.5381484709500699,0.33775184
2014-10-28 19:00:00,-0.5820371610827357,0.4082724
2014-10-28 20:00:00,-0.5820371610827357,0.4248799
2014-10-28 21:00:00,-0.45037109068473813,0.42520845
2014-10-28 22:00:00,-0.45037109068473813,0.27597648
2014-10-28 23:00:00,-0.2857885026872411,0.023014575
2014-10-29 00:00:00,-0.07731722455707817,0.124837145
2014-10-29 01:00:00,0.010460155708253588,0.15000248
2014-10-29 02:00:00,0.12018188103991828,-0.0054527298
2014-10-29 03:00:00,0.42740271196857943,0.11148887
2014-10-29 04:00:00,0.31768098663691474,0.116271414
2014-10-29 05:00:00,0.29573664157058177,0.100431085
2014-10-29 06:00:00,0.15309839863941768,-0.07406569
2014-10-29 07:00:00,-0.02245636189124582,-0.056091882
2014-10-29 08:00:00,0.021432328241420058,-0.029861681
2014-10-29 09:00:00,0.06532101837408594,0.13818371
2014-10-29 10:00:00,0.12018188103991828,0.12904951
2014-10-29 11:00:00,0.06532101837408594,0.2691967
2014-10-29 12:00:00,0.054348845840919466,0.1347833
2014-10-29 13:00:00,0.08726536344041887,-0.035039134
2014-10-29 14:00:00,0.07629319090725241,-0.02419072
2014-10-29 15:00:00,0.14212622610625122,-0.004978992
2014-10-29 16:00:00,0.2847644690374153,-0.028897122
2014-10-29 17:00:00,0.44934705703491234,0.08821935
2014-10-29 18:00:00,0.6358739900987423,0.039802037
2014-10-29 19:00:00,0.76754006049674,0.12206432
2014-10-29 20:00:00,0.8333730956957388,0.18103963
2014-10-29 21:00:00,0.9101783034279041,0.0765225
2014-10-29 22:00:00,1.0199000287595688,0.12325535
2014-10-29 23:00:00,1.2612878244892312,0.20890152
2014-10-30 00:00:00,1.2612878244892312,0.10861833
2014-10-30 01:00:00,1.2064269618233987,0.28762785
2014-10-30 02:00:00,1.2503156519560645,0.30530876
2014-10-30 03:00:00,1.2503156519560645,0.42725325
2014-10-30 04:00:00,1.8867016588797199,0.34969923
2014-10-30 05:00:00,1.0747608914254012,0.25932422
2014-10-30 06:00:00,0.8333730956957388,0.20423907
2014-10-30 07:00:00,0.6468461626319087,0.17633194
2014-10-30 08:00:00,0.6358739900987423,0.0568097
2014-10-30 09:00:00,0.40545836690224646,0.14863223
2014-10-30 10:00:00,0.6139296450324094,0.115292646
2014-10-30 11:00:00,0.6687905076982418,0.09644788
2014-10-30 12:00:00,0.6907348527645747,0.16036493
2014-10-30 13:00:00,0.8553174407620717,0.21309721
2014-10-30 14:00:00,0.8772617858284046,0.07881235
2014-10-30 15:00:00,0.8662896132952382,0.23677772
2014-10-30 16:00:00,0.8992061308947376,0.31642193
2014-10-30 17:00:00,1.0089278562264024,0.2302492
2014-10-30 18:00:00,1.0857330639585676,0.40219042
2014-10-30 19:00:00,1.184482616757066,0.43687493
2014-10-30 20:00:00,1.2283713068897317,0.6182212
2014-10-30 21:00:00,1.0199000287595688,0.7503689
2014-10-30 22:00:00,1.1515660991575665,0.8215434
2014-10-30 23:00:00,1.1625382716907329,0.96247333
2014-10-31 00:00:00,1.2283713068897317,0.9436112
2014-10-31 01:00:00,1.2722599970223976,0.9218331
2014-10-31 02:00:00,1.447814757553061,0.88672835
2014-10-31 03:00:00,1.3490652047545628,0.8823839
2014-10-31 04:00:00,1.4148982399535617,0.9121199
2014-10-31 05:00:00,1.1625382716907329,0.7178841
2014-10-31 06:00:00,1.0308722012927352,0.593174
2014-10-31 07:00:00,1.217399134356565,0.60748774
2014-10-31 08:00:00,1.3710095498208958,0.6601067
2014-10-31 09:00:00,0.7565678879635735,0.45137438
2014-10-31 10:00:00,0.4822635746344118,0.33479726
2014-10-31 11:00:00,0.5480966098334106,0.4640512
2014-10-31 12:00:00,0.4822635746344118,0.50059044
2014-10-31 13:00:00,0.4712914021012453,0.46022552
2014-10-31 14:00:00,0.4712914021012453,0.62706083
2014-10-31 15:00:00,0.49323574716757823,0.4669063
2014-10-31 16:00:00,0.5700409548997435,0.629401
2014-10-31 17:00:00,0.7126791978309076,0.76301676
2014-10-31 18:00:00,0.8333730956957388,0.7362015
2014-10-31 19:00:00,1.1954547892902323,0.79287094
2014-10-31 20:00:00,1.3600373772877292,0.75963634
2014-10-31 21:00:00,1.096705236491734,0.9656979
2014-10-31 22:00:00,0.9650391660937364,1.0571699
2014-10-31 23:00:00,0.9211504759610706,0.93703836
2014-11-01 00:00:00,0.8772617858284046,0.8853968
2014-11-01 01:00:00,0.9760113386269029,1.0792792
2014-11-01 02:00:00,1.2612878244892312,0.8207635
2014-11-01 03:00:00,0.8772617858284046,0.7935204
2014-11-01 04:00:00,-0.2089832949550758,0.78926617
2014-11-01 05:00:00,-0.2418998125545752,0.57187885
2014-11-01 06:00:00,-0.8343971293455645,0.66867554
2014-11-01 07:00:00,-0.8124527842792316,0.59557825
2014-11-01 08:00:00,-0.7795362666797322,0.5095209
2014-11-01 09:00:00,-0.8563414744118975,0.64405894
2014-11-01 10:00:00,-0.9441188546772292,0.5181271
2014-11-01 11:00:00,-0.9770353722767287,0.5818035
2014-11-01 12:00:00,-0.9660631997435621,0.55358034
2014-11-01 13:00:00,-0.9770353722767287,0.43179157
2014-11-01 14:00:00,-0.9550910272103957,0.4034464
2014-11-01 15:00:00,-0.9660631997435621,0.33240962
2014-11-01 16:00:00,-0.9989797173430616,0.3302716
2014-11-01 17:00:00,-0.9880075448098952,0.6355757
2014-11-01 18:00:00,-0.9880075448098952,0.73411757
2014-11-01 19:00:00,-0.9331466821440627,0.8222715
2014-11-01 20:00:00,-0.9002301645445634,1.1543236
2014-11-01 21:00:00,-0.9002301645445634,0.8443633
2014-11-01 22:00:00,-0.9441188546772292,0.6953525
2014-11-01 23:00:00,-0.9221745096108963,0.8266668
2014-11-02 00:00:00,-0.9880075448098952,0.66776687
2014-11-02 01:00:00,-0.9989797173430616,0.84415764
2014-11-02 02:00:00,-1.0318962349425609,0.84465504
2014-11-02 03:00:00,-1.009951889876228,0.6393419
2014-11-02 04:00:00,-1.0318962349425609,0.34313607
2014-11-02 05:00:00,-1.0648127525420603,0.023439996
2014-11-02 06:00:00,-1.075784925075227,-0.23657176
2014-11-02 07:00:00,-1.009951889876228,-0.076600805
2014-11-02 08:00:00,-1.009951889876228,-0.1957792
2014-11-02 09:00:00,-1.0209240624093945,-0.19733512
2014-11-02 10:00:00,-1.0318962349425609,-0.2531106
2014-11-02 11:00:00,-1.009951889876228,-0.58259094
2014-11-02 12:00:00,-1.0318962349425609,-0.65000784
2014-11-02 13:00:00,-0.9989797173430616,-0.69653386
2014-11-02 14:00:00,-1.009951889876228,-0.6595464
2014-11-02 15:00:00,-1.0209240624093945,-0.53721064
2014-11-02 16:00:00,-0.9880075448098952,-0.60696936
2014-11-02 17:00:00,-0.9880075448098952,-0.5551867
2014-11-02 18:00:00,-0.9770353722767287,-0.5379036
2014-11-02 19:00:00,-0.9880075448098952,-0.5882734
2014-11-02 20:00:00,-1.0209240624093945,-0.54768366
2014-11-02 21:00:00,-1.009951889876228,-0.3436219
2014-11-02 22:00:00,-1.0209240624093945,-0.46201155
2014-11-02 23:00:00,-0.9880075448098952,-0.4143741
2014-11-03 00:00:00,-0.9112023370777298,-0.57759255
2014-11-03 01:00:00,-0.8563414744118975,-0.76727754
2014-11-03 02:00:00,-0.7905084392128987,-0.6820075
2014-11-03 03:00:00,-0.7905084392128987,-0.80179036
2014-11-03 04:00:00,-0.8124527842792316,-0.7176154
2014-11-03 05:00:00,-0.823424956812398,-0.5849616
2014-11-03 06:00:00,-0.8782858194782304,-0.64205986
2014-11-03 07:00:00,-0.9770353722767287,-0.49541718
2014-11-03 08:00:00,-0.7905084392128987,-0.46343946
2014-11-03 09:00:00,-0.6698145413480675,-0.5268971
2014-11-03 10:00:00,-0.680786713881234,-0.4814626
2014-11-03 11:00:00,-0.9441188546772292,-0.57261455
2014-11-03 12:00:00,-0.9770353722767287,-0.6184518
2014-11-03 13:00:00,-0.9002301645445634,-0.5523477
2014-11-03 14:00:00,-1.009951889876228,-0.58732694
2014-11-03 15:00:00,-0.9880075448098952,-0.64771086
2014-11-03 16:00:00,-0.9880075448098952,-0.61569613
2014-11-03 17:00:00,-0.9770353722767287,-0.5425225
2014-11-03 18:00:00,-0.845369301878731,-0.56331086
2014-11-03 19:00:00,-0.7246754040138998,-0.48102382
2014-11-03 20:00:00,-0.658842368814901,-0.4563135
2014-11-03 21:00:00,-0.6259258512154017,-0.4979201
2014-11-03 22:00:00,-0.5710649885495693,-0.105168544
2014-11-03 23:00:00,-0.47231543575107104,-0.07537452
2014-11-04 00:00:00,-0.42842674561840516,-0.045744337
2014-11-04 01:00:00,-0.43939891815157167,-0.09719527
2014-11-04 02:00:00,-0.3516215378862399,-0.06536796
2014-11-04 03:00:00,-0.2638441576209081,-0.2064678
2014-11-04 04:00:00,-0.307732847753574,-0.16207412
2014-11-04 05:00:00,-0.21995546748824227,-0.23094457
2014-11-04 06:00:00,-0.21995546748824227,-0.016328603
2014-11-04 07:00:00,-0.3735658829525728,-0.046962112
2014-11-04 08:00:00,-0.3955102280189058,-0.03695135
2014-11-04 09:00:00,-0.16509460482240992,-0.13095436
2014-11-04 10:00:00,-0.04440070695757876,-0.30735976
2014-11-04 11:00:00,0.09823753597358534,-0.30908996
2014-11-04 12:00:00,0.19698708877208357,-0.2752552
2014-11-04 13:00:00,0.44934705703491234,-0.23521698
2014-11-04 14:00:00,0.6468461626319087,-0.33544335
2014-11-04 15:00:00,0.58101312743291,-0.39174175
2014-11-04 16:00:00,0.58101312743291,-0.48624212
2014-11-04 17:00:00,0.5700409548997435,-0.5681531
2014-11-04 18:00:00,0.6249018175655758,-0.44865116
2014-11-04 19:00:00,0.6468461626319087,-0.24329463
2014-11-04 20:00:00,1.0528165463590682,0.058880843
2014-11-04 21:00:00,1.184482616757066,0.084962286
2014-11-04 22:00:00,1.2612878244892312,0.046897992
2014-11-04 23:00:00,1.70017472581589,0.10546908
2014-11-05 00:00:00,1.5246199652852264,-0.03852491
2014-11-05 01:00:00,1.447814757553061,0.087715365
2014-11-05 02:00:00,1.2064269618233987,0.03135303
2014-11-05 03:00:00,0.9211504759610706,-0.078872845
2014-11-05 04:00:00,0.8114287506294059,0.059318155
2014-11-05 05:00:00,0.7017070252977412,0.021698765
2014-11-05 06:00:00,0.5151800922339111,0.019404478
2014-11-05 07:00:00,-0.02245636189124582,0.0831102
2014-11-05 08:00:00,0.39448619436908,-0.24129239
2014-11-05 09:00:00,0.40545836690224646,-0.10042145
2014-11-05 10:00:00,-0.11023374215657758,0.040412
2014-11-05 11:00:00,-0.9441188546772292,0.05389089
2014-11-05 12:00:00,-1.009951889876228,-0.013084035
2014-11-05 13:00:00,-1.009951889876228,-0.034869894
2014-11-05 14:00:00,-0.9770353722767287,-0.063629195
2014-11-05 15:00:00,-0.9989797173430616,0.07752922
2014-11-05 16:00:00,-1.0318962349425609,-0.087217
2014-11-05 17:00:00,-1.0318962349425609,0.12095956
2014-11-05 18:00:00,-0.9880075448098952,0.2357772
2014-11-05 19:00:00,-0.9880075448098952,0.3148796
2014-11-05 20:00:00,-1.0209240624093945,0.36007753
2014-11-05 21:00:00,-1.0318962349425609,0.4709736
2014-11-05 22:00:00,-1.0428684074757275,0.5052305
2014-11-05 23:00:00,-1.0318962349425609,0.7579188
2014-11-06 00:00:00,-1.053840580008894,0.68602294
2014-11-06 01:00:00,-1.0428684074757275,0.711056
2014-11-06 02:00:00,-1.053840580008894,0.48934463
2014-11-06 03:00:00,-1.0648127525420603,0.3067991
2014-11-06 04:00:00,-1.009951889876228,0.33494243
2014-11-06 05:00:00,-0.9989797173430616,0.27365384
2014-11-06 06:00:00,-1.0209240624093945,0.03567215
2014-11-06 07:00:00,-1.0209240624093945,-0.0025073588
2014-11-06 08:00:00,-0.9989797173430616,0.005854588
2014-11-06 09:00:00,-0.9770353722767287,0.009920336
2014-11-06 10:00:00,-0.9880075448098952,0.0640972
2014-11-06 11:00:00,-0.9989797173430616,-0.3267693
2014-11-06 12:00:00,-1.0209240624093945,-0.4756109
2014-11-06 13:00:00,-1.053840580008894,-0.5467836
2014-11-06 14:00:00,-1.0648127525420603,-0.70179653
2014-11-06 15:00:00,-1.053840580008894,-0.6967183
2014-11-06 16:00:00,-1.0209240624093945,-0.67929596
2014-11-06 17:00:00,-1.0318962349425609,-0.5670118
2014-11-06 18:00:00,-1.0318962349425609,-0.45193142
2014-11-06 19:00:00,-0.7356475765470664,-0.3175893
2014-11-06 20:00:00,-0.658842368814901,-0.22127104
2014-11-06 21:00:00,-0.658842368814901,-0.2714461
2014-11-06 22:00:00,-0.5710649885495693,-0.29226047
2014-11-06 23:00:00,-0.6149536786822352,-0.26995575
2014-11-07 00:00:00,-0.6478701962817346,-0.25417927
2014-11-07 01:00:00,-0.6149536786822352,-0.3505981
2014-11-07 02:00:00,-0.6039815061490686,-0.3721165
2014-11-07 03:00:00,-0.23092764002140873,-0.30244616
2014-11-07 04:00:00,-0.2638441576209081,-0.3329318
2014-11-07 05:00:00,-0.23092764002140873,-0.3120382
2014-11-07 06:00:00,-0.11023374215657758,-0.4119048
2014-11-07 07:00:00,-0.29676067522040755,-0.35964727
2014-11-07 08:00:00,-0.329677192819907,-0.36726213
2014-11-07 09:00:00,-0.3735658829525728,-0.400631
2014-11-07 10:00:00,-0.45037109068473813,-0.3576222
2014-11-07 11:00:00,-0.4174545730852387,-0.46683547
2014-11-07 12:00:00,-0.43939891815157167,-0.54407775
2014-11-07 13:00:00,-0.6478701962817346,-0.51397043
2014-11-07 14:00:00,-0.680786713881234,-0.5741011
2014-11-07 15:00:00,-0.7356475765470664,-0.6570524
2014-11-07 16:00:00,-0.9002301645445634,-0.545232
2014-11-07 17:00:00,-0.7905084392128987,-0.50371456
2014-11-07 18:00:00,-0.5930093336159022,-0.34471676
2014-11-07 19:00:00,-0.5381484709500699,-0.0008640364
2014-11-07 20:00:00,-0.47231543575107104,0.15116605
2014-11-07 21:00:00,-0.6917588864144004,0.19430411
2014-11-07 22:00:00,-0.7137032314807333,0.31940824
2014-11-07 23:00:00,-0.6478701962817346,0.27055767
2014-11-08 00:00:00,-0.5930093336159022,0.27614242
2014-11-08 01:00:00,-0.4832876082842375,0.2969207
2014-11-08 02:00:00,-0.34064936535307344,0.33215278
2014-11-08 03:00:00,-0.23092764002140873,0.42473567
2014-11-08 04:00:00,-0.2638441576209081,0.43439394
2014-11-08 05:00:00,-0.3845380554857393,0.40656254
2014-11-08 06:00:00,-0.34064936535307344,0.35346478
2014-11-08 07:00:00,-0.2857885026872411,0.23133358
2014-11-08 08:00:00,-0.23092764002140873,0.24600664
2014-11-08 09:00:00,-0.2418998125545752,0.3755856
2014-11-08 10:00:00,-0.14315025975607698,0.29417628
2014-11-08 11:00:00,-0.19801112242190932,0.19538495
2014-11-08 12:00:00,-0.2857885026872411,0.119111754
2014-11-08 13:00:00,-0.25287198508774167,0.061833613
2014-11-08 14:00:00,-0.17606677735557638,-0.041860294
2014-11-08 15:00:00,-0.14315025975607698,-0.1406557
2014-11-08 16:00:00,-0.09926156962341111,-0.024790365
2014-11-08 17:00:00,-0.25287198508774167,0.038494296
2014-11-08 18:00:00,-0.2857885026872411,0.13091278
2014-11-08 19:00:00,-0.17606677735557638,0.033584304
2014-11-08 20:00:00,-0.12120591468974404,0.11686262
2014-11-08 21:00:00,-0.0663450520239117,0.09495369
2014-11-08 22:00:00,-0.08828939709024464,0.11316316
2014-11-08 23:00:00,-0.03342853442441229,0.25264674
2014-11-09 00:00:00,-0.08828939709024464,0.3250216
2014-11-09 01:00:00,-0.02245636189124582,0.1844534
2014-11-09 02:00:00,0.17504274370575063,0.1188483
2014-11-09 03:00:00,0.14212622610625122,0.21612379
2014-11-09 04:00:00,0.010460155708253588,0.17497236
2014-11-09 05:00:00,-0.14315025975607698,0.005682584
2014-11-09 06:00:00,-0.5052319533505705,0.031811178
2014-11-09 07:00:00,-0.5491206434832363,0.15414628
2014-11-09 08:00:00,-0.6368980237485681,0.09536482
2014-11-09 09:00:00,-0.680786713881234,0.03036528
2014-11-09 10:00:00,-0.680786713881234,-0.06454699
2014-11-09 11:00:00,-0.6698145413480675,-0.08482095
2014-11-09 12:00:00,-0.7356475765470664,-0.037263546
2014-11-09 13:00:00,-0.7246754040138998,-0.0011711214
2014-11-09 14:00:00,-0.658842368814901,0.07890942
2014-11-09 15:00:00,-0.5710649885495693,-0.0608271
2014-11-09 16:00:00,-0.6039815061490686,-0.018298738
2014-11-09 17:00:00,-0.6698145413480675,0.029481739
2014-11-09 18:00:00,-0.6149536786822352,0.09735522
2014-11-09 19:00:00,-0.47231543575107104,0.2722147
2014-11-09 20:00:00,-0.25287198508774167,0.3166064
2014-11-09 21:00:00,-0.2638441576209081,0.18006295
2014-11-09 22:00:00,-0.02245636189124582,0.41694298
2014-11-09 23:00:00,0.010460155708253588,0.38524938
2014-11-10 00:00:00,0.043376673307752994,0.3318852
2014-11-10 01:00:00,0.06532101837408594,0.3099536
2014-11-10 02:00:00,0.08726536344041887,0.42833132
2014-11-10 03:00:00,-0.02245636189124582,0.33813414
2014-11-10 04:00:00,-0.23092764002140873,0.15651396
2014-11-10 05:00:00,-0.6149536786822352,0.08403415
2014-11-10 06:00:00,-0.7356475765470664,-0.14228398
2014-11-10 07:00:00,-0.6039815061490686,-0.28026682
2014-11-10 08:00:00,-0.516204125883737,-0.20255932
2014-11-10 09:00:00,-0.5820371610827357,-0.17842707
2014-11-10 10:00:00,-0.6368980237485681,-0.273983
2014-11-10 11:00:00,-0.7246754040138998,-0.47750735
2014-11-10 12:00:00,-0.680786713881234,-0.26557612
2014-11-10 13:00:00,-0.6478701962817346,-0.3774548
2014-11-10 14:00:00,-0.4832876082842375,-0.40446
2014-11-10 15:00:00,-0.45037109068473813,-0.2024073
2014-11-10 16:00:00,-0.3516215378862399,-0.13416687
2014-11-10 17:00:00,-0.23092764002140873,-0.18272778
2014-11-10 18:00:00,-0.23092764002140873,0.002507206
2014-11-10 19:00:00,0.12018188103991828,0.06139179
2014-11-10 20:00:00,0.5151800922339111,0.2651606
2014-11-10 21:00:00,0.58101312743291,0.43085167
2014-11-10 22:00:00,0.49323574716757823,0.49241754
2014-11-10 23:00:00,0.4712914021012453,0.40756977
2014-11-11 00:00:00,0.4822635746344118,0.2817133
2014-11-11 01:00:00,1.096705236491734,0.45625806
2014-11-11 02:00:00,1.5246199652852264,0.45374846
2014-11-11 03:00:00,0.932122648494237,0.2175079
2014-11-11 04:00:00,0.6907348527645747,0.12325
2014-11-11 05:00:00,-0.7905084392128987,-0.10906784
2014-11-11 06:00:00,-0.9660631997435621,-0.3601039
2014-11-11 07:00:00,-0.9989797173430616,-0.28836298
2014-11-11 08:00:00,-0.9989797173430616,-0.28904927
2014-11-11 09:00:00,-0.9770353722767287,-0.39127988
2014-11-11 10:00:00,-0.9331466821440627,-0.39086375
2014-11-11 11:00:00,-0.9550910272103957,-0.21087089
2014-11-11 12:00:00,-0.9441188546772292,-0.27274534
2014-11-11 13:00:00,-0.9112023370777298,-0.41804263
2014-11-11 14:00:00,-0.9002301645445634,-0.3046525
2014-11-11 15:00:00,-0.9221745096108963,-0.24821338
2014-11-11 16:00:00,-0.9770353722767287,-0.25472292
2014-11-11 17:00:00,-1.0209240624093945,0.065740414
2014-11-11 18:00:00,-0.9989797173430616,0.19384667
2014-11-11 19:00:00,-0.9550910272103957,0.21606538
2014-11-11 20:00:00,-0.9221745096108963,0.4692139
2014-11-11 21:00:00,-1.009951889876228,0.63555306
2014-11-11 22:00:00,-0.8892579920113969,0.7263445
2014-11-11 23:00:00,-1.009951889876228,0.6923943
2014-11-12 00:00:00,-0.9989797173430616,0.68046385
2014-11-12 01:00:00,-1.0428684074757275,0.90048987
2014-11-12 02:00:00,-1.075784925075227,0.9287395
2014-11-12 03:00:00,-1.075784925075227,0.8018251
2014-11-12 04:00:00,-1.0648127525420603,0.66866463
2014-11-12 05:00:00,-1.0648127525420603,0.0056609847
2014-11-12 06:00:00,-1.0318962349425609,-0.18940464
2014-11-12 07:00:00,-1.053840580008894,-0.25567472
2014-11-12 08:00:00,-1.053840580008894,-0.36866665
2014-11-12 09:00:00,-1.0428684074757275,-0.50545394
2014-11-12 10:00:00,-1.0318962349425609,-0.5438103
2014-11-12 11:00:00,-1.0318962349425609,-0.7173088
2014-11-12 12:00:00,-1.0428684074757275,-0.7903448
2014-11-12 13:00:00,-1.053840580008894,-0.6791064
2014-11-12 14:00:00,-1.0318962349425609,-0.7217891
2014-11-12 15:00:00,-1.0428684074757275,-0.7820538
2014-11-12 16:00:00,-1.0648127525420603,-0.7388906
2014-11-12 17:00:00,-1.0428684074757275,-0.7417459
2014-11-12 18:00:00,-1.0209240624093945,-0.7692369
2014-11-12 19:00:00,-0.9989797173430616,-0.7494731
2014-11-12 20:00:00,-0.9770353722767287,-0.64419466
2014-11-12 21:00:00,-0.9660631997435621,-0.625351
2014-11-12 22:00:00,-0.9331466821440627,-0.69286996
2014-11-12 23:00:00,-0.9112023370777298,-0.6127127
2014-11-13 00:00:00,-0.9660631997435621,-0.569598
2014-11-13 01:00:00,-0.9770353722767287,-0.64597744
2014-11-13 02:00:00,-0.9660631997435621,-0.6420588
2014-11-13 03:00:00,-0.9660631997435621,-0.64306986
2014-11-13 04:00:00,-0.9770353722767287,-0.71108794
2014-11-13 05:00:00,-0.9550910272103957,-0.72640496
2014-11-13 06:00:00,-0.9331466821440627,-0.6861972
2014-11-13 07:00:00,-0.867313646945064,-0.6789561
2014-11-13 08:00:00,-0.867313646945064,-0.74769497
2014-11-13 09:00:00,-0.658842368814901,-0.7627229
2014-11-13 10:00:00,-0.658842368814901,-0.76552004
2014-11-13 11:00:00,-0.8782858194782304,-0.84107786
2014-11-13 12:00:00,-0.9221745096108963,-0.828146
2014-11-13 13:00:00,-0.8124527842792316,-0.77037174
2014-11-13 14:00:00,-0.823424956812398,-0.76141703
2014-11-13 15:00:00,-0.823424956812398,-0.7486782
2014-11-13 16:00:00,-0.7137032314807333,-0.6759976
2014-11-13 17:00:00,-0.7356475765470664,-0.6684647
2014-11-13 18:00:00,-0.7575919216133993,-0.6935117
2014-11-13 19:00:00,-0.7685640941465657,-0.6431803
2014-11-13 20:00:00,-0.7356475765470664,-0.6643576
2014-11-13 21:00:00,-0.6039815061490686,-0.67499334
2014-11-13 22:00:00,-0.516204125883737,-0.3232966
2014-11-13 23:00:00,-0.6149536786822352,-0.23824596
2014-11-14 00:00:00,-0.6259258512154017,-0.32672766
2014-11-14 01:00:00,-0.5271762984169034,-0.2928772
2014-11-14 02:00:00,-0.5271762984169034,-0.09885637
2014-11-14 03:00:00,-0.5271762984169034,-0.087921426
2014-11-14 04:00:00,-0.5052319533505705,-0.22615501
2014-11-14 05:00:00,-0.5271762984169034,-0.11722774
2014-11-14 06:00:00,-0.5600928160164028,0.025610939
2014-11-14 07:00:00,-0.5600928160164028,-0.1120222
2014-11-14 08:00:00,-0.658842368814901,-0.16847223
2014-11-14 09:00:00,-0.6478701962817346,-0.11151629
2014-11-14 10:00:00,-0.8343971293455645,-0.113408014
2014-11-14 11:00:00,-0.7685640941465657,-0.24217302
2014-11-14 12:00:00,-0.867313646945064,-0.34008598
2014-11-14 13:00:00,-0.8563414744118975,-0.31558633
2014-11-14 14:00:00,-0.8782858194782304,-0.46954373
2014-11-14 15:00:00,-0.867313646945064,-0.5120488
2014-11-14 16:00:00,-0.867313646945064,-0.3968836
2014-11-14 17:00:00,-0.823424956812398,-0.5315097
2014-11-14 18:00:00,-0.7466197490802328,-0.43101847
2014-11-14 19:00:00,-0.7137032314807333,-0.20102939
2014-11-14 20:00:00,-0.5491206434832363,-0.15943277
2014-11-14 21:00:00,-0.2857885026872411,-0.1204044
2014-11-14 22:00:00,-0.3955102280189058,-0.07939379
2014-11-14 23:00:00,-0.11023374215657758,-0.17031503
2014-11-15 00:00:00,0.41643053943541297,-0.12297817
2014-11-15 01:00:00,0.8992061308947376,-0.09730318
2014-11-15 02:00:00,1.2064269618233987,-0.11692157
2014-11-15 03:00:00,1.184482616757066,-0.10189278
2014-11-15 04:00:00,0.5700409548997435,-0.13381904
2014-11-15 05:00:00,0.24087577890474945,-0.22754064
2014-11-15 06:00:00,-0.14315025975607698,-0.26957113
2014-11-15 07:00:00,-0.4174545730852387,-0.1705291
2014-11-15 08:00:00,-0.5271762984169034,-0.20496288
2014-11-15 09:00:00,-0.5271762984169034,-0.2783745
2014-11-15 10:00:00,-0.45037109068473813,-0.27351955
2014-11-15 11:00:00,-0.04440070695757876,-0.18497524
2014-11-15 12:00:00,0.3067088141037483,-0.1991708
2014-11-15 13:00:00,0.44934705703491234,-0.33083045
2014-11-15 14:00:00,0.7346235428972405,-0.29967806
2014-11-15 15:00:00,1.1625382716907329,-0.28445354
2014-11-15 16:00:00,1.3929538948872286,-0.2301816
2014-11-15 17:00:00,1.6014251730173916,-0.11659234
2014-11-15 18:00:00,1.425870412486728,0.06255278
2014-11-15 19:00:00,1.5246199652852264,0.09091244
2014-11-15 20:00:00,1.51364779275206,0.051207077
2014-11-15 21:00:00,1.6453138631500575,0.20223087
2014-11-15 22:00:00,1.7660077610148888,0.19881934
2014-11-15 23:00:00,2.007395556744551,0.17470852
2014-11-16 00:00:00,1.8976738314128863,0.32665882
2014-11-16 01:00:00,1.9854512116782181,0.71465266
2014-11-16 02:00:00,1.2942043420887306,0.7062359
2014-11-16 03:00:00,1.3380930322213964,0.69923615
2014-11-16 04:00:00,1.1625382716907329,0.53421116
2014-11-16 05:00:00,2.2378111799410467,0.35133576
2014-11-16 06:00:00,2.1829503172752145,0.18444714
2014-11-16 07:00:00,2.0183677292777173,0.007467501
2014-11-16 08:00:00,1.820868623680721,0.038239725
2014-11-16 09:00:00,1.7111468983490563,0.08630793
2014-11-16 10:00:00,-0.23092764002140873,-0.021107517
2014-11-16 11:00:00,-0.680786713881234,0.13534307
2014-11-16 12:00:00,-0.8563414744118975,0.23850453
2014-11-16 13:00:00,-0.9331466821440627,0.22058308
2014-11-16 14:00:00,-0.867313646945064,0.4287565
2014-11-16 15:00:00,-0.9002301645445634,0.61759406
2014-11-16 16:00:00,-0.8892579920113969,0.74135953
2014-11-16 17:00:00,-0.9221745096108963,0.82701117
2014-11-16 18:00:00,-0.9112023370777298,0.79506093
2014-11-16 19:00:00,-0.9331466821440627,0.8228101
2014-11-16 20:00:00,-0.8343971293455645,0.97030777
2014-11-16 21:00:00,-0.9660631997435621,0.85732675
2014-11-16 22:00:00,-0.8892579920113969,0.9435137
2014-11-16 23:00:00,-0.9550910272103957,1.2505934
2014-11-17 00:00:00,-0.9660631997435621,1.2065665
2014-11-17 01:00:00,-0.9550910272103957,1.2676679
2014-11-17 02:00:00,-0.9660631997435621,0.9965067
2014-11-17 03:00:00,-0.9550910272103957,0.6910152
2014-11-17 04:00:00,-0.9770353722767287,0.7347142
2014-11-17 05:00:00,-0.9770353722767287,0.99754435
2014-11-17 06:00:00,-0.9989797173430616,0.943072
2014-11-17 07:00:00,-0.9770353722767287,1.1124216
2014-11-17 08:00:00,-0.9112023370777298,0.92878604
2014-11-17 09:00:00,-0.8892579920113969,0.9192419
2014-11-17 10:00:00,-0.8892579920113969,0.42451853
2014-11-17 11:00:00,-0.9221745096108963,0.027214885
2014-11-17 12:00:00,-0.9441188546772292,-0.16519225
2014-11-17 13:00:00,-0.9331466821440627,-0.31858692
2014-11-17 14:00:00,-0.9331466821440627,-0.36256182
2014-11-17 15:00:00,-1.009951889876228,-0.39108062
2014-11-17 16:00:00,-0.9550910272103957,-0.4773482
2014-11-17 17:00:00,-0.9221745096108963,-0.44779542
2014-11-17 18:00:00,-0.8014806117460651,-0.3275029
2014-11-17 19:00:00,-0.5820371610827357,-0.359705
2014-11-17 20:00:00,-0.5052319533505705,-0.25918823
2014-11-17 21:00:00,-0.4174545730852387,-0.11605348
2014-11-17 22:00:00,-0.3735658829525728,-0.29824632
2014-11-17 23:00:00,-0.307732847753574,-0.24844974
2014-11-18 00:00:00,-0.2089832949550758,-0.20379463
2014-11-18 01:00:00,0.41643053943541297,-0.41837722
2014-11-18 02:00:00,0.22990360637158297,-0.30290037
2014-11-18 03:00:00,-0.2418998125545752,-0.35607937
2014-11-18 04:00:00,-0.2418998125545752,-0.41623932
2014-11-18 05:00:00,-0.40648240055207224,-0.019991085
2014-11-18 06:00:00,-0.6039815061490686,-0.03706303
2014-11-18 07:00:00,-0.6698145413480675,-0.16075537
2014-11-18 08:00:00,-0.658842368814901,-0.10661591
2014-11-18 09:00:00,-0.6368980237485681,-0.13718167
2014-11-18 10:00:00,-0.6478701962817346,-0.0055364557
2014-11-18 11:00:00,-0.516204125883737,0.032261737
2014-11-18 12:00:00,-0.5271762984169034,-0.008879935
2014-11-18 13:00:00,-0.42842674561840516,0.06369477
2014-11-18 14:00:00,-0.45037109068473813,-0.08771442
2014-11-18 15:00:00,-0.516204125883737,-0.1790834
2014-11-18 16:00:00,-0.45037109068473813,-0.23325393
2014-11-18 17:00:00,-0.40648240055207224,-0.29097098
2014-11-18 18:00:00,-0.15412243228924344,-0.11317232
2014-11-18 19:00:00,0.06532101837408594,0.20248133
2014-11-18 20:00:00,0.39448619436908,0.41601717
2014-11-18 21:00:00,0.6358739900987423,0.3369379
2014-11-18 22:00:00,0.9760113386269029,0.38192344
2014-11-18 23:00:00,1.1296217540912334,0.39367718
2014-11-19 00:00:00,1.3271208596882298,0.33886635
2014-11-19 01:00:00,1.7221190708822227,0.41333765
2014-11-19 02:00:00,2.5560041834028744,0.31555414
2014-11-19 03:00:00,2.9729467396632003,0.27270055
2014-11-19 04:00:00,2.7864198065993704,0.085644625
2014-11-19 05:00:00,1.8976738314128863,-0.061325304
2014-11-19 06:00:00,1.70017472581589,-0.14411393
2014-11-19 07:00:00,0.7126791978309076,-0.24983385
2014-11-19 08:00:00,1.0747608914254012,-0.18564877
2014-11-19 09:00:00,1.9196181764792193,-0.18850967
2014-11-19 10:00:00,2.4133659404717105,-0.23261845
2014-11-19 11:00:00,2.0183677292777173,-0.12985727
2014-11-19 12:00:00,2.6986424263340387,-0.1546584
2014-11-19 13:00:00,2.314616387673212,-0.09893689
2014-11-19 14:00:00,2.983918912196367,-0.06890764
2014-11-19 15:00:00,3.2801675705918614,-0.06954423
2014-11-19 16:00:00,2.9619745671300337,-0.040014103
2014-11-19 17:00:00,2.4901711482038755,0.095675625
2014-11-19 18:00:00,2.6986424263340387,0.27571535
2014-11-19 19:00:00,2.753503288999871,0.377564
2014-11-19 20:00:00,2.874197186864702,0.50009155
2014-11-19 21:00:00,3.225306707926029,0.67159724
2014-11-19 22:00:00,3.3898892959235263,0.8145159
2014-11-19 23:00:00,3.1155849825943642,0.8357816
2014-11-20 00:00:00,3.2143345353928625,0.8850844
2014-11-20 01:00:00,3.0716962924616986,1.138943
2014-11-20 02:00:00,2.523087665803375,1.3693238
2014-11-20 03:00:00,2.457254630604376,1.5678508
2014-11-20 04:00:00,2.566976355936041,1.441366
2014-11-20 05:00:00,2.566976355936041,1.226933
2014-11-20 06:00:00,2.940030222063701,1.0330954
2014-11-20 07:00:00,2.8522528417983692,0.74734896
2014-11-20 08:00:00,2.457254630604376,0.7890344
2014-11-20 09:00:00,2.1829503172752145,0.98596364
2014-11-20 10:00:00,2.2487833524742133,1.1113944
2014-11-20 11:00:00,2.084200764476716,1.0296754
2014-11-20 12:00:00,2.3475329052727116,1.2512617
2014-11-20 13:00:00,2.358505077805878,0.97025776
2014-11-20 14:00:00,2.25975552500738,1.1507267
2014-11-20 15:00:00,2.106145109543049,1.4038258
2014-11-20 16:00:00,2.358505077805878,1.3435211
2014-11-20 17:00:00,2.5450320108697078,1.4391314
2014-11-20 18:00:00,2.6547537362013727,1.3672369
2014-11-20 19:00:00,2.6108650460687066,1.4325861
2014-11-20 20:00:00,3.016835429795866,1.3310966
2014-11-20 21:00:00,2.942562261879047,1.5191882
2014-11-20 22:00:00,2.8682890939622276,1.6815083
2014-11-20 23:00:00,2.7940159260454083,1.7040038
2014-11-21 00:00:00,2.7197427581285893,1.6545653
2014-11-21 01:00:00,2.64546959021177,1.5390743
2014-11-21 02:00:00,2.5711964222949506,1.2142849
2014-11-21 03:00:00,2.496923254378132,1.1852351
2014-11-21 04:00:00,2.422650086461313,1.0575373
2014-11-21 05:00:00,2.348376918544494,1.1151077
2014-11-21 06:00:00,2.2741037506276744,1.0030148
2014-11-21 07:00:00,2.1998305827108555,1.165195
2014-11-21 08:00:00,2.125557414794036,1.1337508
2014-11-21 09:00:00,2.0512842468772168,1.1044767
2014-11-21 10:00:00,0.8443452682289052,0.8853722
2014-11-21 11:00:00,0.36156967676958063,1.0012738
2014-11-21 12:00:00,-0.07731722455707817,0.94567305
2014-11-21 13:00:00,-0.19801112242190932,1.0941072
2014-11-21 14:00:00,-0.15412243228924344,1.0839543
2014-11-21 15:00:00,-0.13217808722291052,0.9384077
2014-11-21 16:00:00,-0.7356475765470664,1.034651
2014-11-21 17:00:00,-0.9221745096108963,1.1923368
2014-11-21 18:00:00,-0.8892579920113969,1.3750348
2014-11-21 19:00:00,-0.8563414744118975,1.3978323
2014-11-21 20:00:00,-0.7575919216133993,1.5172694
2014-11-21 21:00:00,-0.6917588864144004,1.540879
2014-11-21 22:00:00,-0.680786713881234,1.4733479
2014-11-21 23:00:00,-0.7685640941465657,1.4228438
2014-11-22 00:00:00,-0.9112023370777298,1.3989829
2014-11-22 01:00:00,-0.9989797173430616,1.2750287
2014-11-22 02:00:00,-0.9989797173430616,1.1278238
2014-11-22 03:00:00,-0.9660631997435621,1.1722105
2014-11-22 04:00:00,-1.009951889876228,1.2408528
2014-11-22 05:00:00,-0.9880075448098952,1.0699596
2014-11-22 06:00:00,-0.9550910272103957,1.0636946
2014-11-22 07:00:00,-0.9331466821440627,0.91841775
2014-11-22 08:00:00,-0.7795362666797322,1.0212276
2014-11-22 09:00:00,-0.7575919216133993,1.1432879
2014-11-22 10:00:00,-0.6917588864144004,0.7785192
2014-11-22 11:00:00,-0.7027310589475669,0.54781336
2014-11-22 12:00:00,-0.7575919216133993,0.39026317
2014-11-22 13:00:00,-0.8124527842792316,0.41694337
2014-11-22 14:00:00,-0.7905084392128987,0.37571257
2014-11-22 15:00:00,-0.8124527842792316,0.2537132
2014-11-22 16:00:00,-0.680786713881234,-0.11892735
2014-11-22 17:00:00,-0.5710649885495693,-0.053077493
2014-11-22 18:00:00,-0.3845380554857393,0.01630199
2014-11-22 19:00:00,-0.23092764002140873,-0.10439121
2014-11-22 20:00:00,0.010460155708253588,0.10424793
2014-11-22 21:00:00,0.2518479514379159,0.13133594
2014-11-22 22:00:00,0.5042079197007447,0.12141573
2014-11-22 23:00:00,0.29573664157058177,0.16013783
2014-11-23 00:00:00,0.07629319090725241,-0.031708475
2014-11-23 01:00:00,0.06532101837408594,-0.11758325
2014-11-23 02:00:00,0.17504274370575063,-0.18880248
2014-11-23 03:00:00,-0.0005120168249128817,-0.17757773
2014-11-23 04:00:00,-0.09926156962341111,-0.14841372
2014-11-23 05:00:00,-0.09926156962341111,-0.31052434
2014-11-23 06:00:00,-0.011484189358079351,-0.32297423
2014-11-23 07:00:00,0.10920970850675181,-0.20104688
2014-11-23 08:00:00,0.12018188103991828,-0.24684387
2014-11-23 09:00:00,0.14212622610625122,-0.16367096
2014-11-23 10:00:00,0.010460155708253588,-0.09799422
2014-11-23 11:00:00,0.010460155708253588,-0.058079615
2014-11-23 12:00:00,0.12018188103991828,-0.10053437
2014-11-23 13:00:00,0.15309839863941768,-0.014106408
2014-11-23 14:00:00,0.20795926130525003,0.13820884
2014-11-23 15:00:00,0.44934705703491234,0.02759505
2014-11-23 16:00:00,0.5371244373002441,0.007834844
2014-11-23 17:00:00,0.3725418493027471,0.1331425
2014-11-23 18:00:00,0.4712914021012453,0.22165403
2014-11-23 19:00:00,0.8114287506294059,0.3646018
2014-11-23 20:00:00,0.8992061308947376,0.5394936
2014-11-23 21:00:00,0.8882339583615712,0.7291742
2014-11-23 22:00:00,0.9430948210274035,0.82819897
2014-11-23 23:00:00,1.0199000287595688,0.7771575
2014-11-24 00:00:00,1.5355921378183928,0.6978223
2014-11-24 01:00:00,2.07322859194355,0.49472332
2014-11-24 02:00:00,1.9964233842113845,0.5797562
2014-11-24 03:00:00,0.9650391660937364,0.4205862
2014-11-24 04:00:00,0.8224009231625723,0.33086193
2014-11-24 05:00:00,0.5480966098334106,0.2729166
2014-11-24 06:00:00,0.17504274370575063,0.29763165
2014-11-24 07:00:00,-0.0005120168249128817,0.25516102
2014-11-24 08:00:00,-0.6368980237485681,0.29081756
2014-11-24 09:00:00,-0.6478701962817346,0.28370908
2014-11-24 10:00:00,-0.7685640941465657,0.26673406
2014-11-24 11:00:00,-0.7905084392128987,0.31285113
2014-11-24 12:00:00,-0.8892579920113969,0.36568785
2014-11-24 13:00:00,-0.8563414744118975,0.30227205
2014-11-24 14:00:00,-0.8563414744118975,0.21342504
2014-11-24 15:00:00,-0.8563414744118975,0.2188349
2014-11-24 16:00:00,-0.7575919216133993,0.2953783
2014-11-24 17:00:00,-0.7575919216133993,0.24812192
2014-11-24 18:00:00,-0.6149536786822352,0.35154358
2014-11-24 19:00:00,-0.5930093336159022,0.5967761
2014-11-24 20:00:00,-0.4174545730852387,0.63504755
2014-11-24 21:00:00,-0.21995546748824227,0.5890804
2014-11-24 22:00:00,0.31768098663691474,0.42382407
2014-11-24 23:00:00,0.19698708877208357,0.63043034
2014-11-25 00:00:00,-0.11023374215657758,0.68729603
2014-11-25 01:00:00,-0.2418998125545752,0.9010694
2014-11-25 02:00:00,-0.15412243228924344,0.90937155
2014-11-25 03:00:00,0.12018188103991828,0.64288276
2014-11-25 04:00:00,0.4822635746344118,0.4213372
2014-11-25 05:00:00,0.22990360637158297,0.21391013
2014-11-25 06:00:00,0.13115405357308474,0.010470215
2014-11-25 07:00:00,0.12018188103991828,-0.09614328
2014-11-25 08:00:00,0.5042079197007447,-0.27653578
2014-11-25 09:00:00,0.6468461626319087,-0.28281182
2014-11-25 10:00:00,0.5590687823665771,-0.4235488
2014-11-25 11:00:00,0.4712914021012453,-0.509667
2014-11-25 12:00:00,0.6249018175655758,-0.6054062
2014-11-25 13:00:00,0.8114287506294059,-0.33507934
2014-11-25 14:00:00,1.0857330639585676,-0.27078253
2014-11-25 15:00:00,1.0089278562264024,-0.19920424
2014-11-25 16:00:00,0.9760113386269029,-0.18301287
2014-11-25 17:00:00,0.6468461626319087,-0.14865077
2014-11-25 18:00:00,1.1515660991575665,-0.046360362
2014-11-25 19:00:00,1.425870412486728,0.07578842
2014-11-25 20:00:00,1.9744790391450515,0.2591359
2014-11-25 21:00:00,1.820868623680721,0.45510393
2014-11-25 22:00:00,2.314616387673212,0.6315355
2014-11-25 23:00:00,2.6547537362013727,0.7197594
2014-11-26 00:00:00,2.44628245807121,0.53182924
2014-11-26 01:00:00,2.1829503172752145,0.44635195
2014-11-26 02:00:00,2.007395556744551,0.28206414
2014-11-26 03:00:00,1.7330912434153893,0.4955232
2014-11-26 04:00:00,1.5246199652852264,0.62356144
2014-11-26 05:00:00,1.491703447685727,0.68632495
2014-11-26 06:00:00,1.5465643103515594,0.26466954
2014-11-26 07:00:00,1.3819817223540622,0.11902444
2014-11-26 08:00:00,1.2612878244892312,0.14501703
2014-11-26 09:00:00,1.1076774090249004,0.31676722
2014-11-26 10:00:00,1.1076774090249004,0.35009688
2014-11-26 11:00:00,1.469759102619394,0.43968853
2014-11-26 12:00:00,1.5465643103515594,0.50789773
2014-11-26 13:00:00,1.6453138631500575,0.41741213
2014-11-26 14:00:00,1.7440634159485557,0.40641797
2014-11-26 15:00:00,2.07322859194355,0.4828071
2014-11-26 16:00:00,2.523087665803375,0.4325267
2014-11-26 17:00:00,2.7425311164667043,0.52917314
2014-11-26 18:00:00,2.7425311164667043,0.676717
2014-11-26 19:00:00,3.1594736727270303,0.9311881
2014-11-26 20:00:00,3.060724119928532,0.9064271
2014-11-26 21:00:00,3.6861379543190207,0.78177696
2014-11-26 22:00:00,4.410301341508008,0.9635091
2014-11-26 23:00:00,4.629744792171337,1.1590015
2014-11-27 00:00:00,4.059191820446681,1.1723113
2014-11-27 01:00:00,3.71905447191852,1.2245021
2014-11-27 02:00:00,2.874197186864702,1.150693
2014-11-27 03:00:00,0.8333730956957388,0.9045071
2014-11-27 04:00:00,-0.02245636189124582,0.79040724
2014-11-27 05:00:00,-0.8343971293455645,0.6927685
2014-11-27 06:00:00,-0.8782858194782304,0.5937275
2014-11-27 07:00:00,-0.9770353722767287,0.55772
2014-11-27 08:00:00,-0.9770353722767287,0.5094041
2014-11-27 09:00:00,-0.9441188546772292,0.5906363
2014-11-27 10:00:00,-0.9441188546772292,0.5320416
2014-11-27 11:00:00,-0.9221745096108963,0.586266
2014-11-27 12:00:00,-0.9550910272103957,0.6140341
2014-11-27 13:00:00,-0.9550910272103957,0.5707051
2014-11-27 14:00:00,-0.9441188546772292,0.6969957
2014-11-27 15:00:00,-0.9002301645445634,0.86351067
2014-11-27 16:00:00,-0.9112023370777298,1.0342108
2014-11-27 17:00:00,-0.9221745096108963,1.1075952
2014-11-27 18:00:00,-0.8782858194782304,1.1124945
2014-11-27 19:00:00,-0.7685640941465657,1.3146665
2014-11-27 20:00:00,-0.8343971293455645,1.4014598
2014-11-27 21:00:00,-0.7246754040138998,1.7077541
2014-11-27 22:00:00,-0.6917588864144004,1.9633273
2014-11-27 23:00:00,-0.6698145413480675,2.2063437
2014-11-28 00:00:00,-0.7246754040138998,2.109873
2014-11-28 01:00:00,-0.6698145413480675,1.9130725
2014-11-28 02:00:00,-0.5600928160164028,1.5200642
2014-11-28 03:00:00,-0.5381484709500699,0.7445908
2014-11-28 04:00:00,-0.5271762984169034,0.2573841
2014-11-28 05:00:00,-0.329677192819907,-0.19781652
2014-11-28 06:00:00,-0.18703894988874287,-0.43926278
2014-11-28 07:00:00,-0.08828939709024464,-0.44148514
2014-11-28 08:00:00,-0.05537287949074523,-0.47497877
2014-11-28 09:00:00,-0.18703894988874287,-0.55288714
2014-11-28 10:00:00,-0.3735658829525728,-0.48407364
2014-11-28 11:00:00,-0.3735658829525728,-0.43934122
2014-11-28 12:00:00,-0.25287198508774167,-0.27529165
2014-11-28 13:00:00,-0.2857885026872411,-0.20409644
2014-11-28 14:00:00,-0.329677192819907,-0.2337214
2014-11-28 15:00:00,-0.15412243228924344,-0.27388
2014-11-28 16:00:00,-0.11023374215657758,-0.30482057
2014-11-28 17:00:00,-0.09926156962341111,-0.30347037
2014-11-28 18:00:00,-0.011484189358079351,-0.26170415
2014-11-28 19:00:00,0.31768098663691474,-0.13289103
2014-11-28 20:00:00,0.745595715430407,-0.08003851
2014-11-28 21:00:00,1.096705236491734,0.07723026
2014-11-28 22:00:00,1.2503156519560645,0.21133786
2014-11-28 23:00:00,1.217399134356565,0.099453114
2014-11-29 00:00:00,1.305176514621897,0.08844867
2014-11-29 01:00:00,1.5026756202188933,-0.0019905195
2014-11-29 02:00:00,1.6233695180837246,0.0060826056
2014-11-29 03:00:00,1.6892025532827233,0.010441467
2014-11-29 04:00:00,1.6892025532827233,-0.027093217
2014-11-29 05:00:00,1.6672582082163905,0.015616514
2014-11-29 06:00:00,1.941562521545552,0.024638258
2014-11-29 07:00:00,2.095172937009883,-0.006040387
2014-11-29 08:00:00,2.0512842468772168,0.029062442
2014-11-29 09:00:00,2.1390616271425484,-0.0037050322
2014-11-29 10:00:00,2.0512842468772168,-0.062238634
2014-11-29 11:00:00,2.4682268031375427,0.05084633
2014-11-29 12:00:00,2.2048946623415473,0.17877838
2014-11-29 13:00:00,2.314616387673212,0.19402447
2014-11-29 14:00:00,2.9510023945968675,0.09233595
2014-11-29 15:00:00,3.0716962924616986,0.06863726
2014-11-29 16:00:00,3.2143345353928625,0.08398249
2014-11-29 17:00:00,2.6766980812677055,0.16235697
2014-11-29 18:00:00,2.6657259087345393,0.1998297
2014-11-29 19:00:00,2.6657259087345393,0.2907529
2014-11-29 20:00:00,2.44628245807121,0.4746878
2014-11-29 21:00:00,2.501143320737042,0.5108628
2014-11-29 22:00:00,2.3255885602063784,0.6535218
2014-11-29 23:00:00,1.798924278614388,0.6646529
2014-11-30 00:00:00,1.5575364828847258,0.63734126
2014-11-30 01:00:00,1.6892025532827233,0.8666948
2014-11-30 02:00:00,1.1405939266243998,0.79231423
2014-11-30 03:00:00,1.0308722012927352,0.6868121
2014-11-30 04:00:00,1.3929538948872286,0.56369007
2014-11-30 05:00:00,1.5575364828847258,0.4144616
2014-11-30 06:00:00,1.4807312751525605,0.5268895
2014-11-30 07:00:00,0.745595715430407,0.80353105
2014-11-30 08:00:00,-0.8782858194782304,0.94076836
2014-11-30 09:00:00,-0.9002301645445634,0.8164799
2014-11-30 10:00:00,-0.9221745096108963,0.8771146
2014-11-30 11:00:00,-0.8343971293455645,0.9713463
2014-11-30 12:00:00,-0.845369301878731,0.90849453
2014-11-30 13:00:00,-0.7027310589475669,0.93848747
2014-11-30 14:00:00,-0.6259258512154017,1.1015956
2014-11-30 15:00:00,-0.7685640941465657,1.2611239
2014-11-30 16:00:00,-0.8892579920113969,1.1913397
2014-11-30 17:00:00,-0.9441188546772292,1.1161716
2014-11-30 18:00:00,-0.9002301645445634,1.0408045
2014-11-30 19:00:00,-0.8014806117460651,1.0404692
2014-11-30 20:00:00,-0.7575919216133993,1.0936385
2014-11-30 21:00:00,-0.6149536786822352,1.2869325
2014-11-30 22:00:00,-0.7466197490802328,1.1521298
2014-11-30 23:00:00,-0.7356475765470664,0.9508471
2014-12-01 00:00:00,-0.5710649885495693,0.96657544
2014-12-01 01:00:00,-0.7027310589475669,0.7287517
2014-12-01 02:00:00,-0.823424956812398,0.677397
2014-12-01 03:00:00,-0.867313646945064,0.5109445
2014-12-01 04:00:00,-0.9550910272103957,0.50851953
2014-12-01 05:00:00,-0.9550910272103957,0.6474905
2014-12-01 06:00:00,-0.9660631997435621,0.56902987
2014-12-01 07:00:00,-0.9550910272103957,0.40238297
2014-12-01 08:00:00,-0.9660631997435621,-0.1368196
2014-12-01 09:00:00,-0.9770353722767287,-0.28797957
2014-12-01 10:00:00,-0.9880075448098952,-0.226486
2014-12-01 11:00:00,-0.9660631997435621,-0.32445186
2014-12-01 12:00:00,-0.9441188546772292,-0.4428027
2014-12-01 13:00:00,-0.9770353722767287,-0.38752472
2014-12-01 14:00:00,-0.9880075448098952,-0.39804256
2014-12-01 15:00:00,-0.9989797173430616,-0.5910673
2014-12-01 16:00:00,-0.9989797173430616,-0.52146626
2014-12-01 17:00:00,-1.009951889876228,-0.5731252
2014-12-01 18:00:00,-0.9989797173430616,-0.5437351
2014-12-01 19:00:00,-0.9331466821440627,-0.4007374
2014-12-01 20:00:00,-0.8892579920113969,-0.41354275
2014-12-01 21:00:00,-1.009951889876228,-0.32779795
2014-12-01 22:00:00,-0.9331466821440627,-0.41054344
2014-12-01 23:00:00,-1.009951889876228,-0.40264162
2014-12-02 00:00:00,-0.9331466821440627,-0.38574767
2014-12-02 01:00:00,-0.9770353722767287,-0.41677147
2014-12-02 02:00:00,-0.9550910272103957,-0.51311594
2014-12-02 03:00:00,-0.9770353722767287,-0.5693205
2014-12-02 04:00:00,-0.9550910272103957,-0.65094906
2014-12-02 05:00:00,-0.9770353722767287,-0.7251435
2014-12-02 06:00:00,-0.9660631997435621,-0.543938
2014-12-02 07:00:00,-0.9550910272103957,-0.70703524
2014-12-02 08:00:00,-0.9770353722767287,-0.65872353
2014-12-02 09:00:00,-0.8124527842792316,-0.5609819
2014-12-02 10:00:00,-0.845369301878731,-0.5818072
2014-12-02 11:00:00,-0.6259258512154017,-0.4746844
2014-12-02 12:00:00,-0.5271762984169034,-0.5237697
2014-12-02 13:00:00,-0.2638441576209081,-0.5178701
2014-12-02 14:00:00,-0.3735658829525728,-0.6638784
2014-12-02 15:00:00,-0.658842368814901,-0.62935287
2014-12-02 16:00:00,-0.36259371041940636,-0.66743857
2014-12-02 17:00:00,-0.2089832949550758,-0.67651075
2014-12-02 18:00:00,-0.04440070695757876,-0.59883636
2014-12-02 19:00:00,0.08726536344041887,-0.5691502
2014-12-02 20:00:00,-0.011484189358079351,-0.5070897
2014-12-02 21:00:00,0.12018188103991828,-0.58581156
2014-12-02 22:00:00,0.2189314338384165,-0.57158834
2014-12-02 23:00:00,0.27379229650424886,-0.6242419
2014-12-03 00:00:00,0.2518479514379159,-0.68363464
2014-12-03 01:00:00,0.2847644690374153,-0.74245554
2014-12-03 02:00:00,0.12018188103991828,-0.32663983
2014-12-03 03:00:00,-0.8124527842792316,-0.28840604
2014-12-03 04:00:00,-0.9770353722767287,-0.37293682
2014-12-03 05:00:00,-0.9550910272103957,-0.39101094
2014-12-03 06:00:00,-0.9989797173430616,-0.33194214
2014-12-03 07:00:00,-0.9989797173430616,-0.3178773
2014-12-03 08:00:00,-0.9550910272103957,-0.3262308
2014-12-03 09:00:00,-0.9112023370777298,-0.3024356
2014-12-03 10:00:00,-0.9221745096108963,-0.19490358
2014-12-03 11:00:00,-0.9770353722767287,-0.061443225
2014-12-03 12:00:00,-0.9770353722767287,0.003019072
2014-12-03 13:00:00,-0.9112023370777298,0.0634768
2014-12-03 14:00:00,-0.9989797173430616,-0.009665847
2014-12-03 15:00:00,-0.9989797173430616,-0.10629714
2014-12-03 16:00:00,-0.9770353722767287,-0.11284446
2014-12-03 17:00:00,-1.009951889876228,0.026425518
2014-12-03 18:00:00,-0.9331466821440627,0.07489772
2014-12-03 19:00:00,-0.9441188546772292,0.1880149
2014-12-03 20:00:00,-0.9989797173430616,0.23585895
2014-12-03 21:00:00,-1.0209240624093945,0.19443983
2014-12-03 22:00:00,-1.0318962349425609,0.10479786
2014-12-03 23:00:00,-1.009951889876228,0.1989237
2014-12-04 00:00:00,-0.9770353722767287,0.16353115
2014-12-04 01:00:00,-0.9989797173430616,0.20805374
2014-12-04 02:00:00,-0.9770353722767287,0.15487522
2014-12-04 03:00:00,-0.9989797173430616,-0.042036407
2014-12-04 04:00:00,-1.009951889876228,-0.41108134
2014-12-04 05:00:00,-1.0428684074757275,-0.5042894
2014-12-04 06:00:00,-1.0318962349425609,-0.4807018
2014-12-04 07:00:00,-0.9989797173430616,-0.53246486
2014-12-04 08:00:00,-1.0318962349425609,-0.5716066
2014-12-04 09:00:00,-1.0209240624093945,-0.5116471
2014-12-04 10:00:00,-1.0209240624093945,-0.45427388
2014-12-04 11:00:00,-1.0318962349425609,-0.35346106
2014-12-04 12:00:00,-0.9989797173430616,-0.53767926
2014-12-04 13:00:00,-0.9770353722767287,-0.5195602
2014-12-04 14:00:00,-0.9880075448098952,-0.5776346
2014-12-04 15:00:00,-0.9880075448098952,-0.6261533
2014-12-04 16:00:00,-1.009951889876228,-0.60922134
2014-12-04 17:00:00,-1.0209240624093945,-0.60290104
2014-12-04 18:00:00,-0.9880075448098952,-0.6382801
2014-12-04 19:00:00,-1.009951889876228,-0.46510458
2014-12-04 20:00:00,-0.9112023370777298,-0.4485312
2014-12-04 21:00:00,-0.9989797173430616,-0.37142372
2014-12-04 22:00:00,-0.9002301645445634,-0.21468279
2014-12-04 23:00:00,-0.9880075448098952,-0.26079094
2014-12-05 00:00:00,-1.0318962349425609,-0.32117194
2014-12-05 01:00:00,-1.0318962349425609,-0.34508717
2014-12-05 02:00:00,-0.9989797173430616,-0.41121984
2014-12-05 03:00:00,-1.009951889876228,-0.45838672
2014-12-05 04:00:00,-1.0209240624093945,-0.5336822
2014-12-05 05:00:00,-1.009951889876228,-0.47122455
2014-12-05 06:00:00,-0.9441188546772292,-0.31672162
2014-12-05 07:00:00,-0.9660631997435621,-0.2804553
2014-12-05 08:00:00,-0.823424956812398,-0.31507707
2014-12-05 09:00:00,-0.9770353722767287,-0.2916137
2014-12-05 10:00:00,-0.9221745096108963,-0.38115185
2014-12-05 11:00:00,-0.9112023370777298,-0.42628175
2014-12-05 12:00:00,-0.9550910272103957,-0.39318284
2014-12-05 13:00:00,-0.9989797173430616,-0.45969063
2014-12-05 14:00:00,-0.9916649356542839,-0.43940055
2014-12-05 15:00:00,-0.9843501539655063,-0.36834806
2014-12-05 16:00:00,-0.9770353722767287,-0.4295429
2014-12-05 17:00:00,-0.9770353722767287,-0.5009233
2014-12-05 18:00:00,-0.7466197490802328,-0.48691958
2014-12-05 19:00:00,-0.03342853442441229,-0.4835428
2014-12-05 20:00:00,0.16407057117258417,-0.49296534
2014-12-05 21:00:00,0.3286531591700812,-0.4269064
2014-12-05 22:00:00,0.41643053943541297,-0.43102062
2014-12-05 23:00:00,0.6358739900987423,-0.3926025
2014-12-06 00:00:00,0.4383748845017459,-0.44606018
2014-12-06 01:00:00,0.5480966098334106,-0.49271935
2014-12-06 02:00:00,0.5371244373002441,-0.4987675
2014-12-06 03:00:00,0.09823753597358534,-0.5271067
2014-12-06 04:00:00,-0.17606677735557638,-0.4886978
2014-12-06 05:00:00,-0.43939891815157167,-0.3156169
2014-12-06 06:00:00,-0.680786713881234,-0.3548467
2014-12-06 07:00:00,-0.7466197490802328,-0.41665298
2014-12-06 08:00:00,-0.6149536786822352,-0.38096407
2014-12-06 09:00:00,-0.7575919216133993,-0.37956747
2014-12-06 10:00:00,-0.7575919216133993,-0.37171102
2014-12-06 11:00:00,-0.7685640941465657,-0.3501586
2014-12-06 12:00:00,-0.9221745096108963,-0.39520752
2014-12-06 13:00:00,-0.9112023370777298,-0.43440098
2014-12-06 14:00:00,-0.8892579920113969,-0.46236712
2014-12-06 15:00:00,-0.7356475765470664,-0.4805035
2014-12-06 16:00:00,-0.31870502028674047,-0.37570757
2014-12-06 17:00:00,-0.3735658829525728,-0.47506106
2014-12-06 18:00:00,-0.42842674561840516,-0.3045085
2014-12-06 19:00:00,-0.18703894988874287,0.051960472
2014-12-06 20:00:00,0.24087577890474945,0.26028308
2014-12-06 21:00:00,0.20795926130525003,0.24778888
2014-12-06 22:00:00,-0.05537287949074523,0.2235597
2014-12-06 23:00:00,-0.07731722455707817,0.25310543
2014-12-07 00:00:00,0.021432328241420058,0.43915266
2014-12-07 01:00:00,0.8114287506294059,0.393654
2014-12-07 02:00:00,0.40545836690224646,0.43194866
2014-12-07 03:00:00,-0.21995546748824227,0.28453618
2014-12-07 04:00:00,-0.40648240055207224,0.14964724
2014-12-07 05:00:00,-0.307732847753574,-0.11128991
2014-12-07 06:00:00,-0.45037109068473813,-0.14969084
2014-12-07 07:00:00,-0.45037109068473813,-0.326428
2014-12-07 08:00:00,-0.307732847753574,-0.2156944
2014-12-07 09:00:00,-0.23092764002140873,-0.36081356
2014-12-07 10:00:00,-0.25287198508774167,-0.43012673
2014-12-07 11:00:00,-0.04440070695757876,-0.4697004
2014-12-07 12:00:00,-0.5052319533505705,-0.5250573
2014-12-07 13:00:00,-0.7246754040138998,-0.40561134
2014-12-07 14:00:00,-0.9002301645445634,-0.32325065
2014-12-07 15:00:00,-0.8563414744118975,-0.35696304
2014-12-07 16:00:00,-0.867313646945064,-0.18033779
2014-12-07 17:00:00,-0.9331466821440627,-0.13899776
2014-12-07 18:00:00,-0.9550910272103957,-0.035783336
2014-12-07 19:00:00,-0.9770353722767287,0.042209078
2014-12-07 20:00:00,-0.9112023370777298,0.23706096
2014-12-07 21:00:00,-0.9002301645445634,0.47352487
2014-12-07 22:00:00,-0.9221745096108963,0.32819694
2014-12-07 23:00:00,-0.9112023370777298,0.3953199
2014-12-08 00:00:00,-0.9002301645445634,0.41428334
2014-12-08 01:00:00,-0.9221745096108963,0.6876427
2014-12-08 02:00:00,-0.9331466821440627,0.699852
2014-12-08 03:00:00,-0.9112023370777298,0.51710266
2014-12-08 04:00:00,-0.8892579920113969,0.4043652
2014-12-08 05:00:00,-0.9331466821440627,0.35895938
2014-12-08 06:00:00,-0.8563414744118975,0.3150011
2014-12-08 07:00:00,-0.8782858194782304,0.3294442
2014-12-08 08:00:00,-0.867313646945064,0.35005498
2014-12-08 09:00:00,-0.7466197490802328,0.27621427
2014-12-08 10:00:00,-0.8782858194782304,0.4366983
2014-12-08 11:00:00,-0.7575919216133993,0.19858602
2014-12-08 12:00:00,-0.658842368814901,-0.070648514
2014-12-08 13:00:00,0.021432328241420058,-0.2091417
2014-12-08 14:00:00,0.18601491623891708,-0.32129502
2014-12-08 15:00:00,-0.0005120168249128817,-0.29755545
2014-12-08 16:00:00,0.19698708877208357,-0.3127886
2014-12-08 17:00:00,0.39448619436908,-0.44095245
2014-12-08 18:00:00,0.4109444531688297,-0.41002905
2014-12-08 19:00:00,0.42740271196857943,-0.41403338
2014-12-08 20:00:00,0.44386097076832914,-0.40791166
2014-12-08 21:00:00,0.4603192295680788,-0.4843395
2014-12-08 22:00:00,0.4767774883678285,-0.45913905
2014-12-08 23:00:00,0.49323574716757823,-0.44698325
2014-12-09 00:00:00,0.8772617858284046,-0.35753402
2014-12-09 01:00:00,1.0226430718928603,-0.35914993
2014-12-09 02:00:00,1.1680243579573162,-0.32401425
2014-12-09 03:00:00,1.3134056440217718,-0.35241556
2014-12-09 04:00:00,1.4587869300862275,-0.3936111
2014-12-09 05:00:00,1.6041682161506832,-0.33411634
2014-12-09 06:00:00,1.749549502215139,-0.33275062
2014-12-09 07:00:00,1.8949307882795947,-0.29836935
2014-12-09 08:00:00,2.0403120743440506,-0.066141
2014-12-09 09:00:00,2.1856933604085063,-0.12201578
2014-12-09 10:00:00,2.331074646472962,-0.12694925
2014-12-09 11:00:00,2.4764559325374176,0.03157071
2014-12-09 12:00:00,2.6218372186018732,0.21160707
2014-12-09 13:00:00,2.7973919791325366,0.34666324
2014-12-09 14:00:00,3.1594736727270303,0.47891483
2014-12-09 15:00:00,3.181418017793363,0.4778837
2014-12-09 16:00:00,3.016835429795866,0.5850961
2014-12-09 17:00:00,2.9290580495305343,0.6767574
2014-12-09 18:00:00,2.7644754615330376,0.688358
2014-12-09 19:00:00,2.753503288999871,0.7942733
2014-12-09 20:00:00,2.808364151665703,0.6469882
2014-12-09 21:00:00,2.9290580495305343,0.674117
2014-12-09 22:00:00,2.8632250143315354,0.72182924
2014-12-09 23:00:00,2.7425311164667043,0.7161607
2014-12-10 00:00:00,2.314616387673212,0.77034825
2014-12-10 01:00:00,2.402393767938544,0.91100377
2014-12-10 02:00:00,2.5340598383365416,0.918984
2014-12-10 03:00:00,2.2268390074078805,1.0514791
2014-12-10 04:00:00,2.2048946623415473,1.0478357
2014-12-10 05:00:00,2.25975552500738,1.1460388
2014-12-10 06:00:00,2.314616387673212,1.3317997
2014-12-10 07:00:00,2.3914215954053772,1.3405145
2014-12-10 08:00:00,2.4682268031375427,1.4101076
2014-12-10 09:00:00,0.5700409548997435,1.3672402
2014-12-10 10:00:00,-0.3845380554857393,1.4619157
2014-12-10 11:00:00,-0.47231543575107104,1.3504575
2014-12-10 12:00:00,-0.40648240055207224,1.4789194
2014-12-10 13:00:00,-0.4174545730852387,1.5733855
2014-12-10 14:00:00,-0.6039815061490686,1.7051365
2014-12-10 15:00:00,-0.8892579920113969,1.7008755
2014-12-10 16:00:00,-0.867313646945064,1.6436169
2014-12-10 17:00:00,-0.9550910272103957,1.4829798
2014-12-10 18:00:00,-0.7575919216133993,1.4747274
2014-12-10 19:00:00,-0.9112023370777298,1.4355853
2014-12-10 20:00:00,-0.9441188546772292,1.5712752
2014-12-10 21:00:00,-0.9550910272103957,1.5979522
2014-12-10 22:00:00,-0.9221745096108963,1.4781024
2014-12-10 23:00:00,-0.9002301645445634,1.426967
2014-12-11 00:00:00,-0.9002301645445634,1.3776323
2014-12-11 01:00:00,-0.8782858194782304,1.2617284
2014-12-11 02:00:00,-0.9112023370777298,1.4443698
2014-12-11 03:00:00,-0.9989797173430616,1.2561805
2014-12-11 04:00:00,-0.9221745096108963,1.0546098
2014-12-11 05:00:00,-0.9441188546772292,1.2859021
2014-12-11 06:00:00,-1.0209240624093945,1.2244587
2014-12-11 07:00:00,-0.9331466821440627,1.352248
2014-12-11 08:00:00,-0.9770353722767287,1.311718
2014-12-11 09:00:00,-0.9550910272103957,0.67475086
2014-12-11 10:00:00,-0.9221745096108963,0.36333233
2014-12-11 11:00:00,-0.9441188546772292,0.15530798
2014-12-11 12:00:00,-0.9441188546772292,0.0036827624
2014-12-11 13:00:00,-0.9441188546772292,-0.03282231
2014-12-11 14:00:00,-0.9441188546772292,-0.17459145
2014-12-11 15:00:00,-0.9660631997435621,-0.37892622
2014-12-11 16:00:00,-0.7795362666797322,-0.2877496
2014-12-11 17:00:00,-0.658842368814901,-0.46972448
2014-12-11 18:00:00,-0.08828939709024464,-0.4459284
2014-12-11 19:00:00,-0.2638441576209081,-0.28933424
2014-12-11 20:00:00,-0.2089832949550758,-0.4299812
2014-12-11 21:00:00,-0.7466197490802328,-0.32515025
2014-12-11 22:00:00,-0.9989797173430616,-0.35887146
2014-12-11 23:00:00,-0.9660631997435621,-0.50194347
2014-12-12 00:00:00,-1.009951889876228,-0.44435868
2014-12-12 01:00:00,-1.009951889876228,-0.30367857
2014-12-12 02:00:00,-1.009951889876228,-0.28417578
2014-12-12 03:00:00,-0.9989797173430616,-0.28454423
2014-12-12 04:00:00,-0.9660631997435621,-0.28571874
2014-12-12 05:00:00,-0.9441188546772292,-0.35279885
2014-12-12 06:00:00,-0.9989797173430616,-0.3122732
2014-12-12 07:00:00,-1.0209240624093945,-0.31940866
2014-12-12 08:00:00,-1.009951889876228,-0.25284916
2014-12-12 09:00:00,-0.9660631997435621,-0.1146669
2014-12-12 10:00:00,-0.9550910272103957,-0.15643364
2014-12-12 11:00:00,-0.9989797173430616,-0.025648564
2014-12-12 12:00:00,-0.9112023370777298,0.01876643
2014-12-12 13:00:00,-0.9002301645445634,-0.0022885036
2014-12-12 14:00:00,-0.9441188546772292,-0.047780268
2014-12-12 15:00:00,-0.9880075448098952,-0.1264579
2014-12-12 16:00:00,-0.9660631997435621,-0.094801135
2014-12-12 17:00:00,-0.9989797173430616,0.11315245
2014-12-12 18:00:00,-0.9441188546772292,0.34510872
2014-12-12 19:00:00,-0.9112023370777298,0.3699769
2014-12-12 20:00:00,-0.867313646945064,0.29378113
2014-12-12 21:00:00,-0.5820371610827357,0.018848263
2014-12-12 22:00:00,-0.9002301645445634,-0.06906003
2014-12-12 23:00:00,-0.9331466821440627,-0.10309518
2014-12-13 00:00:00,-0.9660631997435621,-0.19445455
2014-12-13 01:00:00,-0.9221745096108963,-0.21412793
2014-12-13 02:00:00,-0.9331466821440627,-0.33366126
2014-12-13 03:00:00,-0.9550910272103957,-0.39394993
2014-12-13 04:00:00,-0.9221745096108963,-0.4904919
2014-12-13 05:00:00,-0.9221745096108963,-0.47674042
2014-12-13 06:00:00,-0.9880075448098952,-0.37897342
2014-12-13 07:00:00,-0.9550910272103957,-0.36571848
2014-12-13 08:00:00,-0.7356475765470664,-0.40395504
2014-12-13 09:00:00,-0.6917588864144004,-0.3980586
2014-12-13 10:00:00,-0.7027310589475669,-0.53870577
2014-12-13 11:00:00,-0.516204125883737,-0.6199092
2014-12-13 12:00:00,-0.4613432632179046,-0.592225
2014-12-13 13:00:00,-0.5930093336159022,-0.5521838
2014-12-13 14:00:00,-0.6259258512154017,-0.551455
2014-12-13 15:00:00,-0.6478701962817346,-0.6159763
2014-12-13 16:00:00,-0.6149536786822352,-0.6650396
2014-12-13 17:00:00,-0.307732847753574,-0.627958
2014-12-13 18:00:00,-0.21995546748824227,-0.30295622
2014-12-13 19:00:00,-0.15412243228924344,-0.18849081
2014-12-13 20:00:00,-0.19801112242190932,-0.12485548
2014-12-13 21:00:00,-0.15412243228924344,-0.10095882
2014-12-13 22:00:00,-0.02245636189124582,-0.04553701
2014-12-13 23:00:00,0.13115405357308474,-0.069272466
2014-12-14 00:00:00,0.2847644690374153,-0.080897205
2014-12-14 01:00:00,1.0089278562264024,-0.07160846
2014-12-14 02:00:00,1.2283713068897317,-0.02672965
2014-12-14 03:00:00,0.4822635746344118,-0.014856234
2014-12-14 04:00:00,0.07629319090725241,-0.021818183
2014-12-14 05:00:00,-0.15412243228924344,0.0320997
2014-12-14 06:00:00,-0.11023374215657758,-0.047653005
2014-12-14 07:00:00,-0.05537287949074523,-0.2071212
2014-12-14 08:00:00,-0.31870502028674047,-0.28704426
2014-12-14 09:00:00,-0.2638441576209081,-0.11911639
2014-12-14 10:00:00,-0.27481633015407464,-0.21474308
2014-12-14 11:00:00,-0.4613432632179046,-0.18550944
2014-12-14 12:00:00,-0.516204125883737,-0.13717893
2014-12-14 13:00:00,-0.45037109068473813,-0.21759671
2014-12-14 14:00:00,-0.5600928160164028,-0.26500684
2014-12-14 15:00:00,-0.6149536786822352,-0.21537805
2014-12-14 16:00:00,-0.5491206434832363,-0.18513784
2014-12-14 17:00:00,-0.3516215378862399,-0.06782988
2014-12-14 18:00:00,0.10920970850675181,-0.016492713
2014-12-14 19:00:00,0.31768098663691474,0.082415126
2014-12-14 20:00:00,0.2518479514379159,0.22652248
2014-12-14 21:00:00,0.09823753597358534,0.061712183
2014-12-14 22:00:00,0.3505975042364141,0.25462556
2014-12-14 23:00:00,0.6578183351650753,0.35510203
2014-12-15 00:00:00,0.7346235428972405,0.46317953
2014-12-15 01:00:00,1.7221190708822227,0.6992677
2014-12-15 02:00:00,2.095172937009883,0.6326335
2014-12-15 03:00:00,2.2487833524742133,0.43359962
2014-12-15 04:00:00,2.270727697540546,0.33396283
2014-12-15 05:00:00,2.1171172820762156,0.107310496
2014-12-15 06:00:00,1.8537851412802204,0.09370084
2014-12-15 07:00:00,-0.5820371610827357,0.15074012
2014-12-15 08:00:00,-0.8343971293455645,-0.10101385
2014-12-15 09:00:00,-0.9112023370777298,-0.10496644
2014-12-15 10:00:00,-0.9660631997435621,-0.17078382
2014-12-15 11:00:00,-0.9989797173430616,-0.2835388
2014-12-15 12:00:00,-0.9880075448098952,-0.10370117
2014-12-15 13:00:00,-0.9989797173430616,-0.121213846
2014-12-15 14:00:00,-0.9770353722767287,-0.013139721
2014-12-15 15:00:00,-1.009951889876228,-0.080985926
2014-12-15 16:00:00,-0.9550910272103957,-0.32661566
2014-12-15 17:00:00,-0.9660631997435621,-0.14195892
2014-12-15 18:00:00,-0.9880075448098952,0.14294359
2014-12-15 19:00:00,-0.9989797173430616,0.24292007
2014-12-15 20:00:00,-0.9002301645445634,0.4867051
2014-12-15 21:00:00,-0.9880075448098952,0.4878692
2014-12-15 22:00:00,-0.9770353722767287,0.5678383
2014-12-15 23:00:00,-0.9770353722767287,0.62925285
2014-12-16 00:00:00,-1.0318962349425609,0.7366897
2014-12-16 01:00:00,-1.0318962349425609,1.0950557
2014-12-16 02:00:00,-1.0318962349425609,1.1474407
2014-12-16 03:00:00,-1.0428684074757275,1.1377875
2014-12-16 04:00:00,-0.9880075448098952,1.2728631
2014-12-16 05:00:00,-0.9989797173430616,1.1536734
2014-12-16 06:00:00,-0.9770353722767287,1.0541632
2014-12-16 07:00:00,-0.9770353722767287,0.3614945
2014-12-16 08:00:00,-1.009951889876228,-0.0040687425
2014-12-16 09:00:00,-0.9660631997435621,-0.22658262
2014-12-16 10:00:00,-0.9331466821440627,-0.2359257
2014-12-16 11:00:00,-0.9770353722767287,-0.35894805
2014-12-16 12:00:00,-0.9989797173430616,-0.47905165
2014-12-16 13:00:00,-0.823424956812398,-0.575669
2014-12-16 14:00:00,-0.845369301878731,-0.58722365
2014-12-16 15:00:00,-0.9550910272103957,-0.6889774
2014-12-16 16:00:00,-1.009951889876228,-0.6799559
2014-12-16 17:00:00,-0.9880075448098952,-0.68417823
2014-12-16 18:00:00,-0.9770353722767287,-0.55370635
2014-12-16 19:00:00,-0.9660631997435621,-0.5430815
2014-12-16 20:00:00,-0.9441188546772292,-0.45154512
2014-12-16 21:00:00,-0.9441188546772292,-0.5097328
2014-12-16 22:00:00,-0.9880075448098952,-0.4480937
2014-12-16 23:00:00,-1.009951889876228,-0.28633803
2014-12-17 00:00:00,-0.9989797173430616,-0.3943483
2014-12-17 01:00:00,-0.9989797173430616,-0.29975644
2014-12-17 02:00:00,-1.009951889876228,-0.3358121
2014-12-17 03:00:00,-0.9112023370777298,-0.45589814
2014-12-17 04:00:00,-0.7685640941465657,-0.44573843
2014-12-17 05:00:00,-0.6259258512154017,-0.48220268
2014-12-17 06:00:00,-0.47231543575107104,-0.4554955
2014-12-17 07:00:00,-0.3845380554857393,-0.4708253
2014-12-17 08:00:00,-0.21995546748824227,-0.49005532
2014-12-17 09:00:00,-0.13217808722291052,-0.42222738
2014-12-17 10:00:00,-0.04440070695757876,-0.43249384
2014-12-17 11:00:00,0.22990360637158297,-0.5140229
2014-12-17 12:00:00,0.5700409548997435,-0.51172215
2014-12-17 13:00:00,0.7894844055630729,-0.60721105
2014-12-17 14:00:00,0.3067088141037483,-0.7044992
2014-12-17 15:00:00,-0.25287198508774167,-0.68642074
2014-12-17 16:00:00,-0.3845380554857393,-0.56599104
2014-12-17 17:00:00,-0.23092764002140873,-0.58147067
2014-12-17 18:00:00,-0.07731722455707817,-0.5250278
2014-12-17 19:00:00,0.043376673307752994,-0.4389053
2014-12-17 20:00:00,1.118649581558067,-0.49256235
2014-12-17 21:00:00,1.5904530004842252,-0.5354999
2014-12-17 22:00:00,1.3710095498208958,-0.5799853
2014-12-17 23:00:00,0.8772617858284046,-0.5962468
2014-12-18 00:00:00,0.8772617858284046,-0.6291925
2014-12-18 01:00:00,0.76754006049674,-0.7433164
2014-12-18 02:00:00,0.6578183351650753,-0.21934587
2014-12-18 03:00:00,0.5042079197007447,-0.14155349
2014-12-18 04:00:00,0.27379229650424886,-0.19755101
2014-12-18 05:00:00,0.3286531591700812,-0.09901407
2014-12-18 06:00:00,0.41643053943541297,-0.057995223
2014-12-18 07:00:00,0.5151800922339111,0.041926075
2014-12-18 08:00:00,0.38351402183591354,0.16481692
2014-12-18 09:00:00,0.39448619436908,0.27595052
2014-12-18 10:00:00,0.2628201239710824,0.24899188
2014-12-18 11:00:00,0.38351402183591354,0.20946115
2014-12-18 12:00:00,0.3505975042364141,0.40105167
2014-12-18 13:00:00,0.36156967676958063,0.4764505
2014-12-18 14:00:00,0.4603192295680788,0.3342263
2014-12-18 15:00:00,0.6907348527645747,0.13895899
2014-12-18 16:00:00,0.7236513703640741,0.052338254
2014-12-18 17:00:00,0.9760113386269029,0.15063483
2014-12-18 18:00:00,1.118649581558067,0.048326086
2014-12-18 19:00:00,1.4039260674203953,-0.017107047
2014-12-18 20:00:00,1.5355921378183928,0.3651197
2014-12-18 21:00:00,1.4807312751525605,0.6278171
2014-12-18 22:00:00,1.6672582082163905,0.78193325
2014-12-18 23:00:00,1.6892025532827233,0.69656575
2014-12-19 00:00:00,1.9086460039460527,0.48680213
2014-12-19 01:00:00,1.6782303807495569,0.3947562
2014-12-19 02:00:00,1.6233695180837246,0.4457932
2014-12-19 03:00:00,1.305176514621897,0.36367303
2014-12-19 04:00:00,1.0857330639585676,0.27664396
2014-12-19 05:00:00,1.0747608914254012,0.22563884
2014-12-19 06:00:00,1.1405939266243998,0.30335012
2014-12-19 07:00:00,-0.3735658829525728,0.43262422
2014-12-19 08:00:00,-0.8563414744118975,0.262659
2014-12-19 09:00:00,-0.8892579920113969,0.21516266
2014-12-19 10:00:00,-0.9221745096108963,0.26734558
2014-12-19 11:00:00,-0.9770353722767287,0.44391355
2014-12-19 12:00:00,-0.9112023370777298,0.40608215
2014-12-19 13:00:00,-0.9331466821440627,0.37136728
2014-12-19 14:00:00,-0.9441188546772292,0.32704955
2014-12-19 15:00:00,-0.9660631997435621,0.5218412
2014-12-19 16:00:00,-1.0209240624093945,0.38191265
2014-12-19 17:00:00,-1.0209240624093945,0.6090417
2014-12-19 18:00:00,-0.9331466821440627,0.77201116
2014-12-19 19:00:00,-1.0209240624093945,0.9537024
2014-12-19 20:00:00,-0.9880075448098952,1.1458106
2014-12-19 21:00:00,-1.009951889876228,1.0087396
2014-12-19 22:00:00,-0.9660631997435621,1.0479128
2014-12-19 23:00:00,-0.9770353722767287,1.1510028
2014-12-20 00:00:00,-0.9989797173430616,1.0834918
2014-12-20 01:00:00,-0.9441188546772292,1.0449034
2014-12-20 02:00:00,-1.009951889876228,0.94010276
2014-12-20 03:00:00,-0.9660631997435621,0.8592357
2014-12-20 04:00:00,-0.9770353722767287,0.65073365
2014-12-20 05:00:00,-0.9660631997435621,0.51140034
2014-12-20 06:00:00,-0.9331466821440627,0.4229455
2014-12-20 07:00:00,-0.9660631997435621,-0.05624494
2014-12-20 08:00:00,-0.9660631997435621,-0.3055144
2014-12-20 09:00:00,-0.9660631997435621,-0.48827645
2014-12-20 10:00:00,-0.9660631997435621,-0.6013141
2014-12-20 11:00:00,-0.9660631997435621,-0.68033904
2014-12-20 12:00:00,-0.9660631997435621,-0.6891641
2014-12-20 13:00:00,-0.9660631997435621,-0.6454018
2014-12-20 14:00:00,-0.9660631997435621,-0.67716855
2014-12-20 15:00:00,-0.9660631997435621,-0.6264711
2014-12-20 16:00:00,-0.9660631997435621,-0.6783394
2014-12-20 17:00:00,-0.9660631997435621,-0.66088045
2014-12-20 18:00:00,-0.9441188546772292,-0.5747926
2014-12-20 19:00:00,-0.9880075448098952,-0.54223067
2014-12-20 20:00:00,-1.0209240624093945,-0.44685972
2014-12-20 21:00:00,-1.009951889876228,-0.4058898
2014-12-20 22:00:00,-1.0318962349425609,-0.49000463
2014-12-20 23:00:00,-1.053840580008894,-0.43584204
2014-12-21 00:00:00,-1.053840580008894,-0.42502204
2014-12-21 01:00:00,-1.0209240624093945,-0.42493245
2014-12-21 02:00:00,-1.0318962349425609,-0.37944847
2014-12-21 03:00:00,-1.009951889876228,-0.46926346
2014-12-21 04:00:00,-1.0209240624093945,-0.42249084
2014-12-21 05:00:00,-1.0318962349425609,-0.338171
2014-12-21 06:00:00,-0.9989797173430616,-0.43647006
2014-12-21 07:00:00,-0.9989797173430616,-0.42381257
2014-12-21 08:00:00,-0.9989797173430616,-0.45810604
2014-12-21 09:00:00,-1.009951889876228,-0.4923967
2014-12-21 10:00:00,-0.9770353722767287,-0.54067653
2014-12-21 11:00:00,-0.9112023370777298,-0.4885431
2014-12-21 12:00:00,-0.867313646945064,-0.5076079
2014-12-21 13:00:00,-0.9660631997435621,-0.57335883
2014-12-21 14:00:00,-0.8782858194782304,-0.55312943
2014-12-21 15:00:00,-0.9331466821440627,-0.5683219
2014-12-21 16:00:00,-0.9550910272103957,-0.53400105
2014-12-21 17:00:00,-0.9441188546772292,-0.50988126
2014-12-21 18:00:00,-0.8782858194782304,-0.43976846
2014-12-21 19:00:00,-0.7466197490802328,-0.4425651
2014-12-21 20:00:00,-0.7356475765470664,-0.5259039
2014-12-21 21:00:00,-0.5930093336159022,-0.50219387
2014-12-21 22:00:00,-0.516204125883737,-0.53609985
2014-12-21 23:00:00,-0.3955102280189058,-0.61294097
2014-12-22 00:00:00,-0.516204125883737,-0.6881597
2014-12-22 01:00:00,-0.307732847753574,-0.7196329
2014-12-22 02:00:00,-0.16509460482240992,-0.74310976
2014-12-22 03:00:00,-0.05537287949074523,-0.73807174
2014-12-22 04:00:00,-0.02245636189124582,-0.7368539
2014-12-22 05:00:00,0.054348845840919466,-0.7056274
2014-12-22 06:00:00,0.18601491623891708,-0.72660375
2014-12-22 07:00:00,0.18601491623891708,-0.7193268
2014-12-22 08:00:00,0.2847644690374153,-0.69794506
2014-12-22 09:00:00,0.49323574716757823,-0.70028865
2014-12-22 10:00:00,0.39448619436908,-0.7103892
2014-12-22 11:00:00,-0.05537287949074523,-0.70098156
2014-12-22 12:00:00,-0.21995546748824227,-0.6942949
2014-12-22 13:00:00,-0.5381484709500699,-0.73832846
2014-12-22 14:00:00,-0.36259371041940636,-0.7586098
2014-12-22 15:00:00,-0.31870502028674047,-0.8042422
2014-12-22 16:00:00,-0.40648240055207224,-0.82674843
2014-12-22 17:00:00,-0.21995546748824227,-0.83985364
2014-12-22 18:00:00,-0.27481633015407464,-0.82341534
2014-12-22 19:00:00,-0.14315025975607698,-0.18511513
2014-12-22 20:00:00,0.054348845840919466,-0.07312767
2014-12-22 21:00:00,0.27379229650424886,-0.08658237
2014-12-22 22:00:00,0.16407057117258417,-0.017764188
2014-12-22 23:00:00,0.2518479514379159,0.15987685
2014-12-23 00:00:00,0.4603192295680788,0.11976219
2014-12-23 01:00:00,0.8553174407620717,0.18658525
2014-12-23 02:00:00,0.6907348527645747,0.23774016
2014-12-23 03:00:00,0.6797626802314082,0.40453905
2014-12-23 04:00:00,0.49323574716757823,0.3521454
2014-12-23 05:00:00,0.15309839863941768,0.2422694
2014-12-23 06:00:00,-0.17606677735557638,0.20903358
2014-12-23 07:00:00,0.021432328241420058,-0.0057157427
2014-12-23 08:00:00,-0.19801112242190932,-0.030107796
2014-12-23 09:00:00,-0.13217808722291052,-0.034580573
2014-12-23 10:00:00,-0.11023374215657758,0.09153076
2014-12-23 11:00:00,-0.13217808722291052,0.009539962
2014-12-23 12:00:00,-0.05537287949074523,-0.0732344
2014-12-23 13:00:00,-0.2089832949550758,-0.18862191
2014-12-23 14:00:00,-0.12120591468974404,-0.3790406
2014-12-23 15:00:00,-0.05537287949074523,-0.3748414
2014-12-23 16:00:00,-0.47231543575107104,-0.23566675
2014-12-23 17:00:00,-0.4174545730852387,-0.0220314
2014-12-23 18:00:00,1.469759102619394,0.05087414
2014-12-23 19:00:00,0.19698708877208357,0.19952881
2014-12-23 20:00:00,0.08726536344041887,0.26598662
2014-12-23 21:00:00,-0.7356475765470664,0.3377686
2014-12-23 22:00:00,-0.867313646945064,0.45379367
2014-12-23 23:00:00,-0.9441188546772292,0.58229935
2014-12-24 00:00:00,-0.9550910272103957,0.46421722
2014-12-24 01:00:00,-0.9989797173430616,0.59235245
2014-12-24 02:00:00,-0.9880075448098952,0.4483042
2014-12-24 03:00:00,-0.9770353722767287,0.47694027
2014-12-24 04:00:00,-0.9989797173430616,0.516342
2014-12-24 05:00:00,-0.9331466821440627,0.27681828
2014-12-24 06:00:00,-0.9550910272103957,0.083103634
2014-12-24 07:00:00,-0.9660631997435621,-0.0120354965
2014-12-24 08:00:00,-0.9770353722767287,-0.068246074
2014-12-24 09:00:00,-0.9002301645445634,-0.14777505
2014-12-24 10:00:00,-0.9112023370777298,-0.2674278
2014-12-24 11:00:00,-0.9770353722767287,-0.3515819
2014-12-24 12:00:00,-0.9660631997435621,-0.21477598
2014-12-24 13:00:00,-0.9441188546772292,-0.27750176
2014-12-24 14:00:00,-0.9441188546772292,-0.26190582
2014-12-24 15:00:00,-0.9660631997435621,-0.24365324
2014-12-24 16:00:00,-0.9221745096108963,-0.43424487
2014-12-24 17:00:00,-0.9221745096108963,-0.38763538
2014-12-24 18:00:00,-0.9660631997435621,0.18671721
2014-12-24 19:00:00,-0.8782858194782304,0.031450268
2014-12-24 20:00:00,-0.845369301878731,-0.04970184
2014-12-24 21:00:00,-0.9221745096108963,-0.1691446
2014-12-24 22:00:00,-0.9112023370777298,-0.15649399
2014-12-24 23:00:00,-0.9002301645445634,-0.22376671
2014-12-25 00:00:00,-0.8782858194782304,0.018693335
2014-12-25 01:00:00,-0.8563414744118975,-0.12534258
2014-12-25 02:00:00,-0.8563414744118975,-0.20746547
2014-12-25 03:00:00,-0.9880075448098952,-0.38217795
2014-12-25 04:00:00,-0.9441188546772292,-0.44609588
2014-12-25 05:00:00,-0.9441188546772292,-0.4934318
2014-12-25 06:00:00,-0.9002301645445634,-0.5038406
2014-12-25 07:00:00,-0.9550910272103957,-0.35306475
2014-12-25 08:00:00,-0.9002301645445634,-0.26132977
2014-12-25 09:00:00,-0.8014806117460651,-0.26350474
2014-12-25 10:00:00,-0.680786713881234,-0.293245
2014-12-25 11:00:00,-0.823424956812398,-0.37655148
2014-12-25 12:00:00,-0.9221745096108963,-0.3986375
2014-12-25 13:00:00,-0.9221745096108963,-0.3690822
2014-12-25 14:00:00,-0.9989797173430616,-0.24589321
2014-12-25 15:00:00,-1.009951889876228,-0.28615633
2014-12-25 16:00:00,-0.9002301645445634,-0.2645678
2014-12-25 17:00:00,-0.7575919216133993,-0.18098578
2014-12-25 18:00:00,-0.680786713881234,-0.15972036
2014-12-25 19:00:00,-0.5600928160164028,-0.044690724
2014-12-25 20:00:00,-0.5271762984169034,-0.04599895
2014-12-25 21:00:00,-0.5491206434832363,0.013029914
2014-12-25 22:00:00,-0.5381484709500699,0.023116171
2014-12-25 23:00:00,-0.34064936535307344,-0.06465795
2014-12-26 00:00:00,-0.07731722455707817,-0.039790977
2014-12-26 01:00:00,-0.0663450520239117,-0.08546946
2014-12-26 02:00:00,0.5151800922339111,-0.082077764
2014-12-26 03:00:00,1.3819817223540622,-0.105636515
2014-12-26 04:00:00,0.8662896132952382,-0.1592995
2014-12-26 05:00:00,0.58101312743291,-0.19398114
2014-12-26 06:00:00,0.36156967676958063,-0.020037517
2014-12-26 07:00:00,0.29573664157058177,-0.14914235
2014-12-26 08:00:00,0.20795926130525003,-0.17794815
2014-12-26 09:00:00,0.12018188103991828,-0.10938345
2014-12-26 10:00:00,0.19698708877208357,-0.10883289
2014-12-26 11:00:00,0.17504274370575063,-0.113082655
2014-12-26 12:00:00,0.33962533170324766,-0.13100272
2014-12-26 13:00:00,0.5700409548997435,-0.1764889
2014-12-26 14:00:00,0.6907348527645747,-0.35890466
2014-12-26 15:00:00,0.7785122330299065,-0.4102204
2014-12-26 16:00:00,1.0747608914254012,-0.29988274
2014-12-26 17:00:00,1.469759102619394,-0.10958927
2014-12-26 18:00:00,1.7550355884817221,-0.007866217
2014-12-26 19:00:00,1.8757294863465535,0.09645215
2014-12-26 20:00:00,1.5794808279510586,0.10849748
2014-12-26 21:00:00,1.5575364828847258,0.13146394
2014-12-26 22:00:00,1.2064269618233987,0.11211311
2014-12-26 23:00:00,1.0308722012927352,0.22845197
2014-12-27 00:00:00,0.6907348527645747,0.27777436
2014-12-27 01:00:00,1.0308722012927352,0.35156348
2014-12-27 02:00:00,0.9540669935605699,0.5484137
2014-12-27 03:00:00,1.2722599970223976,0.8334117
2014-12-27 04:00:00,1.3710095498208958,0.65876526
2014-12-27 05:00:00,1.0857330639585676,0.49585724
2014-12-27 06:00:00,1.1735104442238993,0.45276347
2014-12-27 07:00:00,1.3929538948872286,0.42555514
2014-12-27 08:00:00,1.7440634159485557,0.5054374
2014-12-27 09:00:00,0.8992061308947376,0.29335392
2014-12-27 10:00:00,0.932122648494237,0.1311095
2014-12-27 11:00:00,0.9979556836932358,0.15855789
2014-12-27 12:00:00,1.0308722012927352,0.19808432
2014-12-27 13:00:00,1.0308722012927352,0.26809162
2014-12-27 14:00:00,1.0089278562264024,0.39005792
2014-12-27 15:00:00,1.184482616757066,0.47092634
2014-12-27 16:00:00,1.3600373772877292,0.5940843
2014-12-27 17:00:00,1.634341690616891,0.7384487
2014-12-27 18:00:00,2.380449422872211,0.70801646
2014-12-27 19:00:00,2.501143320737042,0.9216487
2014-12-27 20:00:00,2.731558943933538,0.8503692
2014-12-27 21:00:00,2.4901711482038755,1.0417397
2014-12-27 22:00:00,2.7205867714003715,1.0869489
2014-12-27 23:00:00,2.8851693593978687,1.0207512
2014-12-28 00:00:00,3.126557155127531,0.70275354
2014-12-28 01:00:00,3.2143345353928625,0.6699106
2014-12-28 02:00:00,3.1594736727270303,0.5832883
2014-12-28 03:00:00,3.7739153345843524,0.7234296
2014-12-28 04:00:00,2.566976355936041,0.6420819
2014-12-28 05:00:00,2.0183677292777173,0.56464964
2014-12-28 06:00:00,1.798924278614388,0.6002947
2014-12-28 07:00:00,1.3271208596882298,0.5927458
2014-12-28 08:00:00,0.6578183351650753,0.59761566
2014-12-28 09:00:00,0.6578183351650753,0.4949245
2014-12-28 10:00:00,-0.08828939709024464,0.36644512
2014-12-28 11:00:00,-0.45037109068473813,0.38362592
2014-12-28 12:00:00,-0.34064936535307344,0.40913957
2014-12-28 13:00:00,-0.5710649885495693,0.5056312
2014-12-28 14:00:00,-0.7466197490802328,0.617532
2014-12-28 15:00:00,-0.7356475765470664,0.52357274
2014-12-28 16:00:00,-0.6039815061490686,0.6126918
2014-12-28 17:00:00,-0.6368980237485681,0.888274
2014-12-28 18:00:00,-0.6478701962817346,1.180986
2014-12-28 19:00:00,0.10920970850675181,1.407058
2014-12-28 20:00:00,0.8224009231625723,1.6577189
2014-12-28 21:00:00,2.1171172820762156,1.639173
2014-12-28 22:00:00,2.457254630604376,1.6642373
2014-12-28 23:00:00,2.643781563668206,1.809541
2014-12-29 00:00:00,2.874197186864702,1.9045298
2014-12-29 01:00:00,2.983918912196367,1.7935338
2014-12-29 02:00:00,2.994891084729533,1.7183208
2014-12-29 03:00:00,2.983918912196367,1.8340027
2014-12-29 04:00:00,2.3914215954053772,1.5644715
2014-12-29 05:00:00,0.9650391660937364,1.1143887
2014-12-29 06:00:00,0.7785122330299065,0.8727835
2014-12-29 07:00:00,0.39448619436908,0.65625805
2014-12-29 08:00:00,0.2628201239710824,0.38191295
2014-12-29 09:00:00,0.44934705703491234,0.21220401
2014-12-29 10:00:00,0.3505975042364141,0.08151621
2014-12-29 11:00:00,0.3725418493027471,-0.061093755
2014-12-29 12:00:00,-0.4832876082842375,-0.2556569
2014-12-29 13:00:00,-0.5710649885495693,-0.32719177
2014-12-29 14:00:00,-0.8014806117460651,-0.48619622
2014-12-29 15:00:00,-0.7905084392128987,-0.56805605
2014-12-29 16:00:00,-0.8782858194782304,-0.57880884
2014-12-29 17:00:00,-0.8563414744118975,-0.4783967
2014-12-29 18:00:00,0.2189314338384165,-0.3650036
2014-12-29 19:00:00,0.09823753597358534,-0.083931
2014-12-29 20:00:00,0.13115405357308474,0.36920303
2014-12-29 21:00:00,0.3067088141037483,0.9363656
2014-12-29 22:00:00,0.7017070252977412,1.2509489
2014-12-29 23:00:00,0.6468461626319087,1.3578918
2014-12-30 00:00:00,0.9760113386269029,1.5924742
2014-12-30 01:00:00,-0.03342853442441229,1.6589327
2014-12-30 02:00:00,-0.2089832949550758,1.6775317
2014-12-30 03:00:00,-0.7905084392128987,1.6227386
2014-12-30 04:00:00,-0.823424956812398,1.3520057
2014-12-30 05:00:00,-0.9989797173430616,0.9217091
2014-12-30 06:00:00,-0.9989797173430616,0.54639286
2014-12-30 07:00:00,-0.9550910272103957,0.21398163
2014-12-30 08:00:00,-0.9112023370777298,0.21055329
2014-12-30 09:00:00,-0.9221745096108963,0.29175138
2014-12-30 10:00:00,-0.823424956812398,0.26111382
2014-12-30 11:00:00,-0.5710649885495693,0.22724536
2014-12-30 12:00:00,-0.5600928160164028,-0.09338323
2014-12-30 13:00:00,-0.29676067522040755,-0.3883791
2014-12-30 14:00:00,-0.3845380554857393,-0.6171198
2014-12-30 15:00:00,-0.494259780817404,-0.5649709
2014-12-30 16:00:00,-0.43939891815157167,-0.6385636
2014-12-30 17:00:00,-0.40648240055207224,-0.61053675
2014-12-30 18:00:00,-0.23092764002140873,-0.10949678
2014-12-30 19:00:00,-0.7137032314807333,0.09088828
2014-12-30 20:00:00,-0.8124527842792316,0.11521081
2014-12-30 21:00:00,-0.8782858194782304,0.20028761
2014-12-30 22:00:00,-1.009951889876228,0.2975696
2014-12-30 23:00:00,-0.9221745096108963,0.29035315
2014-12-31 00:00:00,-0.9880075448098952,0.49891686
2014-12-31 01:00:00,-0.9770353722767287,0.17712098
2014-12-31 02:00:00,-0.8782858194782304,0.028396364
2014-12-31 03:00:00,-0.9989797173430616,-0.27869117
2014-12-31 04:00:00,-1.009951889876228,-0.5133888
2014-12-31 05:00:00,-0.9989797173430616,-0.5893232
2014-12-31 06:00:00,-1.009951889876228,-0.59491354
2014-12-31 07:00:00,-1.009951889876228,-0.52195835
2014-12-31 08:00:00,-1.009951889876228,-0.38209996
2014-12-31 09:00:00,-1.009951889876228,-0.3614437
2014-12-31 10:00:00,-1.0209240624093945,-0.4834292
2014-12-31 11:00:00,-0.9660631997435621,-0.35546178
2014-12-31 12:00:00,-0.9112023370777298,-0.43933013
2014-12-31 13:00:00,-0.9770353722767287,-0.20919293
2014-12-31 14:00:00,-0.9989797173430616,-0.06535405
2014-12-31 15:00:00,-0.9770353722767287,-0.10996254
2014-12-31 16:00:00,-1.009951889876228,0.046404935
2014-12-31 17:00:00,-0.9989797173430616,-0.13178968
2014-12-31 18:00:00,-0.9880075448098952,-0.11876338
2014-12-31 19:00:00,-1.009951889876228,-0.11316897
2014-12-31 20:00:00,-0.9880075448098952,-0.14978117
2014-12-31 21:00:00,-0.9880075448098952,-0.01907937
2014-12-31 22:00:00,-1.009951889876228,-0.1347273
2014-12-31 23:00:00,-0.9660631997435621,-0.2917046
