,Originales,Predichos
2014-07-04 11:00:00,0.4932357471675782,0.39500195
2014-07-04 12:00:00,0.5700409548997435,0.3887208
2014-07-04 13:00:00,0.4054583669022464,0.2762044
2014-07-04 14:00:00,0.4054583669022464,0.206635
2014-07-04 15:00:00,0.4274027119685794,0.11171666
2014-07-04 16:00:00,0.8553174407620717,0.004801985
2014-07-04 17:00:00,1.096705236491734,0.011976238
2014-07-04 18:00:00,1.239343479422898,0.003421303
2014-07-04 19:00:00,0.5261522647670777,-0.02476295
2014-07-04 20:00:00,1.0308722012927352,-0.034657653
2014-07-04 21:00:00,0.7894844055630729,0.14769186
2014-07-04 22:00:00,0.5590687823665771,0.30857092
2014-07-04 23:00:00,0.6139296450324094,0.35122615
2014-07-05 00:00:00,0.745595715430407,0.44956452
2014-07-05 01:00:00,0.7894844055630729,0.3686018
2014-07-05 02:00:00,0.8114287506294059,0.34437716
2014-07-05 03:00:00,0.7565678879635735,0.36353064
2014-07-05 04:00:00,0.6358739900987423,0.35276192
2014-07-05 05:00:00,0.5700409548997435,0.34486926
2014-07-05 06:00:00,0.5371244373002441,0.27910465
2014-07-05 07:00:00,0.5261522647670777,0.1507965
2014-07-05 08:00:00,0.2737922965042488,0.0016431436
2014-07-05 09:00:00,0.1311540535730847,-0.042003643
2014-07-05 10:00:00,0.0543488458409194,-0.1003751
2014-07-05 11:00:00,0.1530983986394176,-0.20074183
2014-07-05 12:00:00,-0.0444007069575787,-0.09518844
2014-07-05 13:00:00,-0.2199554674882422,-0.103319645
2014-07-05 14:00:00,-0.3187050202867404,-0.18039164
2014-07-05 15:00:00,-0.3625937104194063,-0.1842463
2014-07-05 16:00:00,-0.2857885026872411,-0.059243456
2014-07-05 17:00:00,-0.329677192819907,0.054204855
2014-07-05 18:00:00,-0.2528719850877416,0.085067764
2014-07-05 19:00:00,-0.2528719850877416,-0.024309058
2014-07-05 20:00:00,-0.0992615696234111,0.113980144
2014-07-05 21:00:00,0.0762931909072524,0.09526387
2014-07-05 22:00:00,0.6249018175655758,0.0038098432
2014-07-05 23:00:00,0.9211504759610706,-0.009028476
2014-07-06 00:00:00,0.8992061308947376,0.10028927
2014-07-06 01:00:00,1.1735104442238993,0.106594846
2014-07-06 02:00:00,1.4587869300862275,0.14264423
2014-07-06 03:00:00,1.2283713068897315,0.22122025
2014-07-06 04:00:00,1.1954547892902323,0.11712107
2014-07-06 05:00:00,1.5026756202188931,0.008533601
2014-07-06 06:00:00,1.6672582082163905,-0.051762734
2014-07-06 07:00:00,1.4587869300862275,-0.03759736
2014-07-06 08:00:00,1.5355921378183928,-0.08395679
2014-07-06 09:00:00,1.2942043420887306,-0.19933137
2014-07-06 10:00:00,1.283232169555564,-0.11536826
2014-07-06 11:00:00,1.0528165463590682,-0.14234073
2014-07-06 12:00:00,0.8772617858284046,-0.24838443
2014-07-06 13:00:00,0.6249018175655758,-0.31150717
2014-07-06 14:00:00,0.58101312743291,-0.3443636
2014-07-06 15:00:00,0.58101312743291,-0.36832753
2014-07-06 16:00:00,0.5480966098334106,-0.35593274
2014-07-06 17:00:00,0.6358739900987423,-0.33458215
2014-07-06 18:00:00,0.745595715430407,-0.31263152
2014-07-06 19:00:00,0.7346235428972405,-0.275966
2014-07-06 20:00:00,0.9211504759610706,-0.29244018
2014-07-06 21:00:00,1.0308722012927352,-0.20129374
2014-07-06 22:00:00,0.8882339583615712,-0.01997308
2014-07-06 23:00:00,0.58101312743291,0.08739397
2014-07-07 00:00:00,0.4274027119685794,0.076706246
2014-07-07 01:00:00,0.3615696767695806,0.12653233
2014-07-07 02:00:00,0.3286531591700812,0.22596267
2014-07-07 03:00:00,0.1750427437057506,0.14735544
2014-07-07 04:00:00,0.1530983986394176,0.13494226
2014-07-07 05:00:00,-0.0114841893580793,0.2523741
2014-07-07 06:00:00,-0.0663450520239117,0.3047802
2014-07-07 07:00:00,-0.1760667773555763,0.24065334
2014-07-07 08:00:00,-0.2199554674882422,0.27584472
2014-07-07 09:00:00,-0.2199554674882422,0.19417034
2014-07-07 10:00:00,-0.1321780872229105,0.124810934
2014-07-07 11:00:00,0.0324045007745865,0.08164421
2014-07-07 12:00:00,0.3505975042364141,0.021983817
2014-07-07 13:00:00,0.5590687823665771,-0.071836576
2014-07-07 14:00:00,0.7126791978309076,-0.08899838
2014-07-07 15:00:00,0.8992061308947376,-0.09046946
2014-07-07 16:00:00,0.9979556836932358,-0.1346883
2014-07-07 17:00:00,1.0199000287595688,-0.12033121
2014-07-07 18:00:00,1.0089278562264024,-0.09110239
2014-07-07 19:00:00,0.9760113386269028,-0.105912894
2014-07-07 20:00:00,0.9650391660937364,-0.04602598
2014-07-07 21:00:00,1.3490652047545628,-0.007037483
2014-07-07 22:00:00,1.5246199652852264,-0.062714584
2014-07-07 23:00:00,1.4807312751525603,-0.15494248
2014-07-08 00:00:00,1.0528165463590682,-0.18889394
2014-07-08 01:00:00,0.8772617858284046,-0.20882592
2014-07-08 02:00:00,1.0089278562264024,-0.23704235
2014-07-08 03:00:00,0.95406699356057,-0.119664535
2014-07-08 04:00:00,0.7017070252977412,-0.0807966
2014-07-08 05:00:00,0.6139296450324094,-0.21254994
2014-07-08 06:00:00,0.6907348527645747,-0.28950235
2014-07-08 07:00:00,0.4822635746344118,-0.3515403
2014-07-08 08:00:00,0.4054583669022464,-0.43253624
2014-07-08 09:00:00,0.3396253317032476,-0.448896
2014-07-08 10:00:00,0.1640705711725841,-0.33766094
2014-07-08 11:00:00,-0.3516215378862399,-0.32369605
2014-07-08 12:00:00,-0.8124527842792316,-0.25633472
2014-07-08 13:00:00,-0.9221745096108964,-0.20569289
2014-07-08 14:00:00,-0.9331466821440628,-0.13966234
2014-07-08 15:00:00,-0.9880075448098952,-0.13248345
2014-07-08 16:00:00,-0.9550910272103956,-0.11505869
2014-07-08 17:00:00,-0.9770353722767288,-0.11814168
2014-07-08 18:00:00,-1.009951889876228,-0.10526429
2014-07-08 19:00:00,-0.9880075448098952,-0.094439685
2014-07-08 20:00:00,-0.9221745096108964,-0.08099213
2014-07-08 21:00:00,-0.5600928160164028,0.029428553
2014-07-08 22:00:00,-0.6039815061490686,0.10361615
2014-07-08 23:00:00,-0.6368980237485681,0.1090489
2014-07-09 00:00:00,-0.494259780817404,0.09767862
2014-07-09 01:00:00,-0.516204125883737,0.037926067
2014-07-09 02:00:00,-0.1650946048224099,0.06895882
2014-07-09 03:00:00,-0.6917588864144004,-0.056512795
2014-07-09 04:00:00,-0.8892579920113969,-0.09589048
2014-07-09 05:00:00,-0.867313646945064,-0.06643635
2014-07-09 06:00:00,-0.9221745096108964,-0.178728
2014-07-09 07:00:00,-0.9112023370777298,-0.12602682
2014-07-09 08:00:00,-0.9112023370777298,-0.27057588
2014-07-09 09:00:00,-0.9221745096108964,-0.40337476
2014-07-09 10:00:00,-0.9770353722767288,-0.41928136
2014-07-09 11:00:00,-0.9770353722767288,-0.5510739
2014-07-09 12:00:00,-0.9441188546772292,-0.6819321
2014-07-09 13:00:00,-0.9989797173430616,-0.8349918
2014-07-09 14:00:00,-1.009951889876228,-0.88581645
2014-07-09 15:00:00,-0.9880075448098952,-0.8041073
2014-07-09 16:00:00,-0.9441188546772292,-0.87250334
2014-07-09 17:00:00,-0.9441188546772292,-0.90971863
2014-07-09 18:00:00,-0.8563414744118975,-0.82763374
2014-07-09 19:00:00,-0.7466197490802328,-0.8008841
2014-07-09 20:00:00,-0.7027310589475669,-0.6673187
2014-07-09 21:00:00,-0.7795362666797322,-0.54271656
2014-07-09 22:00:00,-0.7575919216133993,-0.49343577
2014-07-09 23:00:00,-0.7137032314807333,-0.45847887
2014-07-10 00:00:00,-0.7246754040138998,-0.4870596
2014-07-10 01:00:00,-0.7905084392128987,-0.5109102
2014-07-10 02:00:00,-0.5271762984169034,-0.46798927
2014-07-10 03:00:00,-0.329677192819907,-0.5801317
2014-07-10 04:00:00,-0.5271762984169034,-0.570326
2014-07-10 05:00:00,-0.6698145413480675,-0.5787588
2014-07-10 06:00:00,-0.7575919216133993,-0.651747
2014-07-10 07:00:00,-0.823424956812398,-0.69280636
2014-07-10 08:00:00,-0.823424956812398,-0.70028394
2014-07-10 09:00:00,-0.7905084392128987,-0.7311133
2014-07-10 10:00:00,-0.7905084392128987,-0.8491261
2014-07-10 11:00:00,-0.823424956812398,-0.864057
2014-07-10 12:00:00,-0.9331466821440628,-0.79600555
2014-07-10 13:00:00,-0.9112023370777298,-0.88195646
2014-07-10 14:00:00,-0.9002301645445634,-0.85809577
2014-07-10 15:00:00,-0.7137032314807333,-0.7230026
2014-07-10 16:00:00,-0.9112023370777298,-0.7464713
2014-07-10 17:00:00,-0.9112023370777298,-0.62849134
2014-07-10 18:00:00,-0.9002301645445634,-0.53011495
2014-07-10 19:00:00,-0.8343971293455645,-0.56216514
2014-07-10 20:00:00,-0.7905084392128987,-0.5327027
2014-07-10 21:00:00,-0.7575919216133993,-0.5415943
2014-07-10 22:00:00,-0.658842368814901,-0.43503752
2014-07-10 23:00:00,-0.6368980237485681,-0.41532543
2014-07-11 00:00:00,-0.5710649885495693,-0.42758247
2014-07-11 01:00:00,-0.5271762984169034,-0.4044989
2014-07-11 02:00:00,-0.516204125883737,-0.32800812
2014-07-11 03:00:00,-0.4613432632179046,-0.30980745
2014-07-11 04:00:00,-0.4613432632179046,-0.37729296
2014-07-11 05:00:00,-0.3955102280189058,-0.43049276
2014-07-11 06:00:00,-0.4284267456184051,-0.5875165
2014-07-11 07:00:00,-0.6478701962817346,-0.61745894
2014-07-11 08:00:00,-0.7137032314807333,-0.649958
2014-07-11 09:00:00,-0.9002301645445634,-0.68972254
2014-07-11 10:00:00,-0.9770353722767288,-0.7451966
2014-07-11 11:00:00,-0.9550910272103956,-0.72347236
2014-07-11 12:00:00,-0.966063199743562,-0.68086684
2014-07-11 13:00:00,-0.9989797173430616,-0.74374384
2014-07-11 14:00:00,-0.9989797173430616,-0.69274193
2014-07-11 15:00:00,-0.9221745096108964,-0.726354
2014-07-11 16:00:00,-0.9550910272103956,-0.7310837
2014-07-11 17:00:00,-0.9221745096108964,-0.67373985
2014-07-11 18:00:00,-0.9989797173430616,-0.606864
2014-07-11 19:00:00,-0.9002301645445634,-0.5576179
2014-07-11 20:00:00,-0.7905084392128987,-0.5194861
2014-07-11 21:00:00,-0.7466197490802328,-0.43300396
2014-07-11 22:00:00,-0.7356475765470664,-0.4156599
2014-07-11 23:00:00,-0.7137032314807333,-0.4235806
2014-07-12 00:00:00,-0.5930093336159022,-0.40239322
2014-07-12 01:00:00,-0.8892579920113969,-0.28199956
2014-07-12 02:00:00,-0.867313646945064,-0.2897014
2014-07-12 03:00:00,-0.9989797173430616,-0.40132874
2014-07-12 04:00:00,-0.966063199743562,-0.4531976
2014-07-12 05:00:00,-0.9989797173430616,-0.49116272
2014-07-12 06:00:00,-0.9880075448098952,-0.57272255
2014-07-12 07:00:00,-0.966063199743562,-0.5812292
2014-07-12 08:00:00,-0.9880075448098952,-0.6050499
2014-07-12 09:00:00,-0.9880075448098952,-0.7627443
2014-07-12 10:00:00,-0.9989797173430616,-0.87813663
2014-07-12 11:00:00,-1.0209240624093945,-0.8186908
2014-07-12 12:00:00,-1.0318962349425609,-0.80349535
2014-07-12 13:00:00,-1.0209240624093945,-0.8495649
2014-07-12 14:00:00,-1.009951889876228,-0.879476
2014-07-12 15:00:00,-0.9989797173430616,-0.92738914
2014-07-12 16:00:00,-0.9880075448098952,-0.84233415
2014-07-12 17:00:00,-0.9770353722767288,-0.7552163
2014-07-12 18:00:00,-0.966063199743562,-0.67931694
2014-07-12 19:00:00,-0.9112023370777298,-0.63795364
2014-07-12 20:00:00,-0.9221745096108964,-0.4709191
2014-07-12 21:00:00,-0.8892579920113969,-0.40567952
2014-07-12 22:00:00,-0.8563414744118975,-0.4284687
2014-07-12 23:00:00,-0.8782858194782304,-0.3100436
2014-07-13 00:00:00,-0.7027310589475669,-0.4109475
2014-07-13 01:00:00,-0.7137032314807333,-0.42494357
2014-07-13 02:00:00,-0.7685640941465657,-0.53226703
2014-07-13 03:00:00,-0.9550910272103956,-0.554225
2014-07-13 04:00:00,-0.8892579920113969,-0.49412975
2014-07-13 05:00:00,-0.8782858194782304,-0.6541103
2014-07-13 06:00:00,-0.9002301645445634,-0.66767204
2014-07-13 07:00:00,-0.9112023370777298,-0.69577867
2014-07-13 08:00:00,-0.9112023370777298,-0.7312291
2014-07-13 09:00:00,-0.9880075448098952,-0.7715658
2014-07-13 10:00:00,-0.9550910272103956,-0.88176286
2014-07-13 11:00:00,-0.9550910272103956,-0.87469435
2014-07-13 12:00:00,-0.9880075448098952,-0.9669842
2014-07-13 13:00:00,-0.9880075448098952,-0.9765605
2014-07-13 14:00:00,-0.966063199743562,-0.8373032
2014-07-13 15:00:00,-0.9770353722767288,-0.7770694
2014-07-13 16:00:00,-0.9989797173430616,-0.7585393
2014-07-13 17:00:00,-0.8782858194782304,-0.72328776
2014-07-13 18:00:00,-0.867313646945064,-0.74338526
2014-07-13 19:00:00,-0.8782858194782304,-0.6938708
2014-07-13 20:00:00,-0.8124527842792316,-0.64826584
2014-07-13 21:00:00,-0.7137032314807333,-0.4986632
2014-07-13 22:00:00,-0.4613432632179046,-0.4549141
2014-07-13 23:00:00,-0.6039815061490686,-0.44679636
2014-07-14 00:00:00,-0.5491206434832363,-0.3062444
2014-07-14 01:00:00,-0.4613432632179046,-0.3143233
2014-07-14 02:00:00,-0.6149536786822352,-0.39400434
2014-07-14 03:00:00,-0.5930093336159022,-0.4493409
2014-07-14 04:00:00,-0.7575919216133993,-0.46271586
2014-07-14 05:00:00,-0.845369301878731,-0.50998986
2014-07-14 06:00:00,-0.867313646945064,-0.43444958
2014-07-14 07:00:00,-0.8343971293455645,-0.52512944
2014-07-14 08:00:00,-0.8892579920113969,-0.6122012
2014-07-14 09:00:00,-0.8563414744118975,-0.6271706
2014-07-14 10:00:00,-0.9002301645445634,-0.73930264
2014-07-14 11:00:00,-0.8892579920113969,-0.7536006
2014-07-14 12:00:00,-0.867313646945064,-0.7776899
2014-07-14 13:00:00,-0.8563414744118975,-0.6116572
2014-07-14 14:00:00,-0.7795362666797322,-0.5999233
2014-07-14 15:00:00,-0.7027310589475669,-0.6327593
2014-07-14 16:00:00,-0.6698145413480675,-0.5455774
2014-07-14 17:00:00,-0.7027310589475669,-0.58139956
2014-07-14 18:00:00,-0.6368980237485681,-0.5139027
2014-07-14 19:00:00,-0.680786713881234,-0.5386279
2014-07-14 20:00:00,-0.7027310589475669,-0.4401089
2014-07-14 21:00:00,-0.7685640941465657,-0.27835828
2014-07-14 22:00:00,-0.9331466821440628,-0.2204149
2014-07-14 23:00:00,-0.8892579920113969,-0.24516323
2014-07-15 00:00:00,-0.7685640941465657,-0.21110359
2014-07-15 01:00:00,-0.4393989181515716,-0.18121369
2014-07-15 02:00:00,-0.658842368814901,-0.35441774
2014-07-15 03:00:00,-0.7795362666797322,-0.43128493
2014-07-15 04:00:00,-0.7137032314807333,-0.37413067
2014-07-15 05:00:00,-0.658842368814901,-0.5013483
2014-07-15 06:00:00,-0.6368980237485681,-0.6152064
2014-07-15 07:00:00,-0.6917588864144004,-0.56913155
2014-07-15 08:00:00,-0.6149536786822352,-0.6359618
2014-07-15 09:00:00,-0.5600928160164028,-0.6782516
2014-07-15 10:00:00,-0.5491206434832363,-0.8028072
2014-07-15 11:00:00,-0.5271762984169034,-0.7057959
2014-07-15 12:00:00,-0.5491206434832363,-0.6771389
2014-07-15 13:00:00,-0.5271762984169034,-0.6836705
2014-07-15 14:00:00,-0.5491206434832363,-0.6364778
2014-07-15 15:00:00,-0.494259780817404,-0.66394323
2014-07-15 16:00:00,-0.472315435751071,-0.649342
2014-07-15 17:00:00,-0.6039815061490686,-0.5502009
2014-07-15 18:00:00,-0.5381484709500699,-0.4756059
2014-07-15 19:00:00,-0.5600928160164028,-0.43659312
2014-07-15 20:00:00,-0.5052319533505705,-0.34878665
2014-07-15 21:00:00,-0.4174545730852387,-0.3600909
2014-07-15 22:00:00,-0.2967606752204075,-0.45780337
2014-07-15 23:00:00,-0.2089832949550758,-0.502785
2014-07-16 00:00:00,-0.0773172245570781,-0.47427732
2014-07-16 01:00:00,0.0872653634404188,-0.33483228
2014-07-16 02:00:00,0.1311540535730847,-0.30689484
2014-07-16 03:00:00,0.1421262261062512,-0.32667345
2014-07-16 04:00:00,-0.1650946048224099,-0.41322255
2014-07-16 05:00:00,-0.1102337421565775,-0.42870918
2014-07-16 06:00:00,-0.1650946048224099,-0.33677804
2014-07-16 07:00:00,0.2299036063715829,-0.30351502
2014-07-16 08:00:00,0.3286531591700812,-0.39494812
2014-07-16 09:00:00,0.3615696767695806,-0.47703582
2014-07-16 10:00:00,0.5261522647670777,-0.4087844
2014-07-16 11:00:00,0.6578183351650753,-0.44381368
2014-07-16 12:00:00,0.6468461626319087,-0.43126565
2014-07-16 13:00:00,0.7894844055630729,-0.33438706
2014-07-16 14:00:00,0.4603192295680788,-0.39159018
2014-07-16 15:00:00,0.5042079197007447,-0.41453445
2014-07-16 16:00:00,0.3725418493027471,-0.39787304
2014-07-16 17:00:00,0.1201818810399182,-0.38279983
2014-07-16 18:00:00,-0.1102337421565775,-0.40776318
2014-07-16 19:00:00,-0.4393989181515716,-0.43372297
2014-07-16 20:00:00,-0.4393989181515716,-0.3870662
2014-07-16 21:00:00,-0.329677192819907,-0.3266646
2014-07-16 22:00:00,-0.2199554674882422,-0.24016112
2014-07-16 23:00:00,-0.2857885026872411,-0.23456475
2014-07-17 00:00:00,-0.3955102280189058,-0.12614481
2014-07-17 01:00:00,-0.1980111224219093,-0.16688174
2014-07-17 02:00:00,0.1201818810399182,-0.15101781
2014-07-17 03:00:00,0.1311540535730847,-0.15515515
2014-07-17 04:00:00,0.3067088141037483,-0.248965
2014-07-17 05:00:00,0.2847644690374153,-0.17694491
2014-07-17 06:00:00,0.5151800922339111,-0.20471299
2014-07-17 07:00:00,0.3835140218359135,-0.17492437
2014-07-17 08:00:00,0.4603192295680788,-0.15201575
2014-07-17 09:00:00,0.4822635746344118,-0.050800655
2014-07-17 10:00:00,0.4603192295680788,-0.020004306
2014-07-17 11:00:00,0.4274027119685794,0.057120685
2014-07-17 12:00:00,0.3176809866369147,0.08105546
2014-07-17 13:00:00,0.3505975042364141,-0.015711986
2014-07-17 14:00:00,0.3286531591700812,-0.102703705
2014-07-17 15:00:00,0.6797626802314082,-0.08347322
2014-07-17 16:00:00,0.6797626802314082,-0.108844385
2014-07-17 17:00:00,0.6907348527645747,-0.14370365
2014-07-17 18:00:00,0.5700409548997435,-0.18743242
2014-07-17 19:00:00,0.5480966098334106,-0.27517495
2014-07-17 20:00:00,0.6578183351650753,-0.32877922
2014-07-17 21:00:00,0.7894844055630729,-0.30705562
2014-07-17 22:00:00,0.9650391660937364,-0.1589997
2014-07-17 23:00:00,1.0418443738259018,-0.26866218
2014-07-18 00:00:00,1.3161486871550634,-0.28231728
2014-07-18 01:00:00,0.9979556836932358,-0.29785407
2014-07-18 02:00:00,0.5919852999660764,-0.2211805
2014-07-18 03:00:00,0.6358739900987423,-0.2148498
2014-07-18 04:00:00,0.3396253317032476,-0.23403427
2014-07-18 05:00:00,0.3067088141037483,-0.067069575
2014-07-18 06:00:00,0.2518479514379159,-0.07268925
2014-07-18 07:00:00,0.1311540535730847,-0.008579144
2014-07-18 08:00:00,0.2408757789047494,0.027265433
2014-07-18 09:00:00,0.1421262261062512,-0.17618449
2014-07-18 10:00:00,0.0982375359735853,-0.1173785
2014-07-18 11:00:00,0.2189314338384165,-0.16246001
2014-07-18 12:00:00,0.2737922965042488,-0.15656497
2014-07-18 13:00:00,0.2957366415705817,-0.07813194
2014-07-18 14:00:00,0.4712914021012453,-0.060319677
2014-07-18 15:00:00,0.0982375359735853,0.009303238
2014-07-18 16:00:00,-0.0444007069575787,0.024637435
2014-07-18 17:00:00,-0.2199554674882422,0.08315277
2014-07-18 18:00:00,-0.0444007069575787,0.1114641
2014-07-18 19:00:00,0.0653210183740859,0.05126625
2014-07-18 20:00:00,0.0324045007745865,0.14423484
2014-07-18 21:00:00,-0.1760667773555763,0.10161173
2014-07-18 22:00:00,-0.2199554674882422,0.06752136
2014-07-18 23:00:00,-0.2089832949550758,0.18343167
2014-07-19 00:00:00,-0.1431502597560769,0.16397583
2014-07-19 01:00:00,-0.3406493653530734,0.27557904
2014-07-19 02:00:00,-0.2967606752204075,0.18844171
2014-07-19 03:00:00,-0.307732847753574,-0.011618186
2014-07-19 04:00:00,-0.2528719850877416,-0.02375498
2014-07-19 05:00:00,-0.2528719850877416,-0.06451213
2014-07-19 06:00:00,-0.2748163301540746,-0.066977136
2014-07-19 07:00:00,-0.307732847753574,-0.09101611
2014-07-19 08:00:00,-0.3516215378862399,-0.06314702
2014-07-19 09:00:00,-0.4393989181515716,-0.08688183
2014-07-19 10:00:00,-0.5710649885495693,-0.1932937
2014-07-19 11:00:00,-0.5271762984169034,-0.118000776
2014-07-19 12:00:00,-0.3735658829525728,-0.026238946
2014-07-19 13:00:00,-0.472315435751071,-0.056538526
2014-07-19 14:00:00,-0.5381484709500699,-0.06173297
2014-07-19 15:00:00,-0.6039815061490686,-0.088821545
2014-07-19 16:00:00,-0.680786713881234,-0.20844561
2014-07-19 17:00:00,-0.6039815061490686,-0.2711582
2014-07-19 18:00:00,-0.5710649885495693,-0.20151126
2014-07-19 19:00:00,-0.516204125883737,-0.12680805
2014-07-19 20:00:00,-0.3955102280189058,-0.111496344
2014-07-19 21:00:00,-0.307732847753574,-0.10733996
2014-07-19 22:00:00,-0.2089832949550758,-0.10690224
2014-07-19 23:00:00,-0.3735658829525728,-0.12812786
2014-07-20 00:00:00,-0.6478701962817346,-0.14955606
2014-07-20 01:00:00,-0.5930093336159022,-0.22987811
2014-07-20 02:00:00,-0.4393989181515716,-0.21057661
2014-07-20 03:00:00,-0.472315435751071,-0.17365517
2014-07-20 04:00:00,-0.3845380554857393,-0.1266946
2014-07-20 05:00:00,-0.3955102280189058,-0.18216254
2014-07-20 06:00:00,-0.4174545730852387,-0.16831209
2014-07-20 07:00:00,-0.494259780817404,-0.19333851
2014-07-20 08:00:00,-0.5271762984169034,-0.24729194
2014-07-20 09:00:00,-0.494259780817404,-0.23321159
2014-07-20 10:00:00,-0.4393989181515716,-0.33719373
2014-07-20 11:00:00,-0.5271762984169034,-0.32393652
2014-07-20 12:00:00,-0.494259780817404,-0.2626563
2014-07-20 13:00:00,-0.3625937104194063,-0.27648756
2014-07-20 14:00:00,-0.1650946048224099,-0.2891344
2014-07-20 15:00:00,-0.1431502597560769,-0.28226903
2014-07-20 16:00:00,-0.2309276400214087,-0.27576712
2014-07-20 17:00:00,-0.4393989181515716,-0.3218469
2014-07-20 18:00:00,-0.3406493653530734,-0.2981067
2014-07-20 19:00:00,-0.4503710906847381,-0.2561671
2014-07-20 20:00:00,-0.516204125883737,-0.23362261
2014-07-20 21:00:00,-0.494259780817404,-0.2010888
2014-07-20 22:00:00,-0.5271762984169034,-0.18064561
2014-07-20 23:00:00,-0.5710649885495693,-0.1792623
2014-07-21 00:00:00,-0.4832876082842375,-0.28638113
2014-07-21 01:00:00,-0.4503710906847381,-0.20418744
2014-07-21 02:00:00,-0.4393989181515716,-0.14028339
2014-07-21 03:00:00,-0.494259780817404,-0.17282276
2014-07-21 04:00:00,-0.4503710906847381,-0.16965303
2014-07-21 05:00:00,-0.4503710906847381,-0.18638517
2014-07-21 06:00:00,-0.516204125883737,-0.22915587
2014-07-21 07:00:00,-0.8782858194782304,-0.26484933
2014-07-21 08:00:00,-0.8782858194782304,-0.24119523
2014-07-21 09:00:00,-0.8782858194782304,-0.31234586
2014-07-21 10:00:00,-0.9770353722767288,-0.28346708
2014-07-21 11:00:00,-0.9331466821440628,-0.28795063
2014-07-21 12:00:00,-0.966063199743562,-0.32022938
2014-07-21 13:00:00,-0.9331466821440628,-0.32800645
2014-07-21 14:00:00,-0.9441188546772292,-0.2993731
2014-07-21 15:00:00,-0.9331466821440628,-0.27342182
2014-07-21 16:00:00,-0.9550910272103956,-0.3224257
2014-07-21 17:00:00,-0.9770353722767288,-0.40955207
2014-07-21 18:00:00,-0.9441188546772292,-0.39981002
2014-07-21 19:00:00,-0.9331466821440628,-0.41130942
2014-07-21 20:00:00,-0.9112023370777298,-0.43199444
2014-07-21 21:00:00,-0.9441188546772292,-0.4384774
2014-07-21 22:00:00,-0.9770353722767288,-0.46151626
2014-07-21 23:00:00,-0.9989797173430616,-0.48654577
2014-07-22 00:00:00,-1.0318962349425609,-0.45827594
2014-07-22 01:00:00,-1.0318962349425609,-0.47367948
2014-07-22 02:00:00,-0.9550910272103956,-0.5043157
2014-07-22 03:00:00,-0.9880075448098952,-0.53456664
2014-07-22 04:00:00,-0.9221745096108964,-0.55287325
2014-07-22 05:00:00,-0.9221745096108964,-0.5871972
2014-07-22 06:00:00,-0.9441188546772292,-0.56080407
2014-07-22 07:00:00,-0.9002301645445634,-0.63686824
2014-07-22 08:00:00,-0.8892579920113969,-0.7182017
2014-07-22 09:00:00,-0.9331466821440628,-0.7928264
2014-07-22 10:00:00,-0.966063199743562,-0.7953483
2014-07-22 11:00:00,-0.9441188546772292,-0.7921548
2014-07-22 12:00:00,-0.9221745096108964,-0.8690803
2014-07-22 13:00:00,-0.9002301645445634,-0.8018818
2014-07-22 14:00:00,-0.9112023370777298,-0.8473294
2014-07-22 15:00:00,-0.9221745096108964,-0.87627053
2014-07-22 16:00:00,-0.9221745096108964,-0.8831483
2014-07-22 17:00:00,-0.9770353722767288,-0.7890357
2014-07-22 18:00:00,-0.9331466821440628,-0.85157704
2014-07-22 19:00:00,-1.009951889876228,-0.7177679
2014-07-22 20:00:00,-0.966063199743562,-0.6955244
2014-07-22 21:00:00,-0.8892579920113969,-0.8168215
2014-07-22 22:00:00,-0.867313646945064,-0.70658803
2014-07-22 23:00:00,-0.9112023370777298,-0.74503994
2014-07-23 00:00:00,-0.9221745096108964,-0.6658631
2014-07-23 01:00:00,-0.8782858194782304,-0.6029958
2014-07-23 02:00:00,-0.8782858194782304,-0.64963466
2014-07-23 03:00:00,-0.867313646945064,-0.60997415
2014-07-23 04:00:00,-0.845369301878731,-0.6404725
2014-07-23 05:00:00,-0.966063199743562,-0.579413
2014-07-23 06:00:00,-0.9550910272103956,-0.63761306
2014-07-23 07:00:00,-0.8892579920113969,-0.5883117
2014-07-23 08:00:00,-0.8782858194782304,-0.58455
2014-07-23 09:00:00,-0.9221745096108964,-0.6334486
2014-07-23 10:00:00,-0.9002301645445634,-0.5363094
2014-07-23 11:00:00,-0.8892579920113969,-0.599066
2014-07-23 12:00:00,-0.9550910272103956,-0.5896739
2014-07-23 13:00:00,-0.8563414744118975,-0.5682478
2014-07-23 14:00:00,-0.8782858194782304,-0.6316062
2014-07-23 15:00:00,-0.9221745096108964,-0.5550849
2014-07-23 16:00:00,-0.8782858194782304,-0.53162366
2014-07-23 17:00:00,-0.867313646945064,-0.5582585
2014-07-23 18:00:00,-0.867313646945064,-0.56105167
2014-07-23 19:00:00,-0.6368980237485681,-0.46780145
2014-07-23 20:00:00,-0.5930093336159022,-0.4345344
2014-07-23 21:00:00,-0.6259258512154017,-0.46378964
2014-07-23 22:00:00,-0.6368980237485681,-0.4618422
2014-07-23 23:00:00,-0.6478701962817346,-0.56435454
2014-07-24 00:00:00,-0.5930093336159022,-0.53884614
2014-07-24 01:00:00,-0.494259780817404,-0.51585966
2014-07-24 02:00:00,-0.5271762984169034,-0.5210856
2014-07-24 03:00:00,-0.5491206434832363,-0.5189585
2014-07-24 04:00:00,-0.2857885026872411,-0.408177
2014-07-24 05:00:00,-0.2967606752204075,-0.36605027
2014-07-24 06:00:00,-0.1980111224219093,-0.3688912
2014-07-24 07:00:00,-0.2857885026872411,-0.40684223
2014-07-24 08:00:00,-0.2638441576209081,-0.4146823
2014-07-24 09:00:00,-0.1980111224219093,-0.4882913
2014-07-24 10:00:00,-0.1102337421565775,-0.5463551
2014-07-24 11:00:00,0.0324045007745865,-0.46278924
2014-07-24 12:00:00,-0.121205914689744,-0.5764836
2014-07-24 13:00:00,-0.3625937104194063,-0.5301337
2014-07-24 14:00:00,-0.1650946048224099,-0.46624574
2014-07-24 15:00:00,-0.4174545730852387,-0.52556306
2014-07-24 16:00:00,-0.5491206434832363,-0.5466658
2014-07-24 17:00:00,-0.3406493653530734,-0.63112634
2014-07-24 18:00:00,-0.5381484709500699,-0.6303358
2014-07-24 19:00:00,-0.8343971293455645,-0.5297351
2014-07-24 20:00:00,-0.7356475765470664,-0.45037997
2014-07-24 21:00:00,-0.7137032314807333,-0.4362194
2014-07-24 22:00:00,-0.4064824005520722,-0.35119876
2014-07-24 23:00:00,0.0433766733077529,-0.32237315
2014-07-25 00:00:00,0.39448619436908,-0.27593884
2014-07-25 01:00:00,0.5042079197007447,-0.3263077
2014-07-25 02:00:00,0.1969870887720835,-0.28787115
2014-07-25 03:00:00,0.2957366415705817,-0.26587507
2014-07-25 04:00:00,0.5371244373002441,-0.35006475
2014-07-25 05:00:00,0.6578183351650753,-0.22429222
2014-07-25 06:00:00,0.1750427437057506,-0.34439427
2014-07-25 07:00:00,-0.0992615696234111,-0.351004
2014-07-25 08:00:00,-0.0334285344244122,-0.21889703
2014-07-25 09:00:00,-0.4284267456184051,-0.31847295
2014-07-25 10:00:00,-0.5600928160164028,-0.11947876
2014-07-25 11:00:00,-0.658842368814901,-0.25576383
2014-07-25 12:00:00,-0.7575919216133993,-0.34109575
2014-07-25 13:00:00,-0.8014806117460651,-0.26220936
2014-07-25 14:00:00,-0.7466197490802328,-0.2949437
2014-07-25 15:00:00,-0.7905084392128987,-0.30079287
2014-07-25 16:00:00,-0.7575919216133993,-0.3358849
2014-07-25 17:00:00,-0.680786713881234,-0.15820664
2014-07-25 18:00:00,-0.6039815061490686,-0.241017
2014-07-25 19:00:00,-0.6149536786822352,-0.4789862
2014-07-25 20:00:00,-0.494259780817404,-0.34146553
2014-07-25 21:00:00,-0.4284267456184051,-0.27854925
2014-07-25 22:00:00,-0.3406493653530734,-0.1954307
2014-07-25 23:00:00,-0.3406493653530734,-0.10968003
2014-07-26 00:00:00,-0.307732847753574,0.00868639
2014-07-26 01:00:00,-0.1431502597560769,0.08247046
2014-07-26 02:00:00,-0.0992615696234111,-0.14706954
2014-07-26 03:00:00,0.1750427437057506,-0.07531321
2014-07-26 04:00:00,0.39448619436908,0.10993838
2014-07-26 05:00:00,0.5042079197007447,0.01823913
2014-07-26 06:00:00,0.5371244373002441,-0.080931224
2014-07-26 07:00:00,0.4603192295680788,-0.21614051
2014-07-26 08:00:00,0.4054583669022464,-0.32298905
2014-07-26 09:00:00,0.1421262261062512,-0.47325948
2014-07-26 10:00:00,0.20795926130525,-0.5605265
2014-07-26 11:00:00,0.0762931909072524,-0.5542785
2014-07-26 12:00:00,0.1311540535730847,-0.545889
2014-07-26 13:00:00,-0.2199554674882422,-0.58569634
2014-07-26 14:00:00,-0.4174545730852387,-0.53662866
2014-07-26 15:00:00,-0.3625937104194063,-0.5174869
2014-07-26 16:00:00,-0.4174545730852387,-0.61097914
2014-07-26 17:00:00,-0.2638441576209081,-0.5623034
2014-07-26 18:00:00,-0.307732847753574,-0.4570919
2014-07-26 19:00:00,-0.4064824005520722,-0.39981842
2014-07-26 20:00:00,-0.472315435751071,-0.3302446
2014-07-26 21:00:00,-0.4174545730852387,-0.33797216
2014-07-26 22:00:00,-0.4503710906847381,-0.2505702
2014-07-26 23:00:00,-0.472315435751071,-0.24126224
2014-07-27 00:00:00,-0.4393989181515716,-0.232334
2014-07-27 01:00:00,-0.3516215378862399,-0.19805712
2014-07-27 02:00:00,-0.2638441576209081,-0.062778875
2014-07-27 03:00:00,-0.1541224322892434,0.021851975
2014-07-27 04:00:00,-0.0334285344244122,-0.04571585
2014-07-27 05:00:00,0.02143232824142,-0.051234353
2014-07-27 06:00:00,0.1201818810399182,-0.09778136
2014-07-27 07:00:00,0.0762931909072524,-0.040265035
2014-07-27 08:00:00,0.0653210183740859,0.013232376
2014-07-27 09:00:00,0.1421262261062512,0.028574891
2014-07-27 10:00:00,0.0543488458409194,0.06663215
2014-07-27 11:00:00,0.1530983986394176,-0.08941204
2014-07-27 12:00:00,0.3615696767695806,-0.06905772
2014-07-27 13:00:00,0.2189314338384165,-0.121907815
2014-07-27 14:00:00,-0.0114841893580793,-0.23570855
2014-07-27 15:00:00,-0.1431502597560769,-0.19300723
2014-07-27 16:00:00,-0.0773172245570781,-0.22622122
2014-07-27 17:00:00,-0.1650946048224099,-0.14699858
2014-07-27 18:00:00,-0.0553728794907452,-0.074856326
2014-07-27 19:00:00,-0.0224563618912458,-0.09978241
2014-07-27 20:00:00,-0.0114841893580793,-0.113410056
2014-07-27 21:00:00,-0.1321780872229105,-0.1244272
2014-07-27 22:00:00,-0.1870389498887428,-0.12049705
2014-07-27 23:00:00,-0.1760667773555763,-0.114980906
2014-07-28 00:00:00,-0.0773172245570781,-0.12014875
2014-07-28 01:00:00,-0.0553728794907452,-0.1090053
2014-07-28 02:00:00,0.1421262261062512,-0.11241749
2014-07-28 03:00:00,0.2299036063715829,-0.09128301
2014-07-28 04:00:00,0.2957366415705817,-0.050702635
2014-07-28 05:00:00,0.3725418493027471,-0.046126407
2014-07-28 06:00:00,0.4164305394354129,0.07897243
2014-07-28 07:00:00,0.4493470570349123,0.07290463
2014-07-28 08:00:00,0.4712914021012453,-0.014007516
2014-07-28 09:00:00,0.2737922965042488,0.01760279
2014-07-28 10:00:00,0.1201818810399182,-0.017370138
2014-07-28 11:00:00,0.1969870887720835,-0.012158178
2014-07-28 12:00:00,0.1092097085067518,0.061093543
2014-07-28 13:00:00,0.0104601557082535,0.042906348
2014-07-28 14:00:00,-0.2967606752204075,-0.06694093
2014-07-28 15:00:00,-0.4284267456184051,-0.15033692
2014-07-28 16:00:00,-0.3625937104194063,-0.11748552
2014-07-28 17:00:00,-0.2199554674882422,-0.10945597
2014-07-28 18:00:00,-0.2089832949550758,-0.11986624
2014-07-28 19:00:00,-0.2528719850877416,-0.08340302
2014-07-28 20:00:00,-0.121205914689744,-0.09302865
2014-07-28 21:00:00,-0.1321780872229105,-0.10661735
2014-07-28 22:00:00,-0.1870389498887428,-0.12941666
2014-07-28 23:00:00,-0.121205914689744,-0.15264665
2014-07-29 00:00:00,-0.0444007069575787,-0.14224702
2014-07-29 01:00:00,-0.1102337421565775,-0.15182804
2014-07-29 02:00:00,-0.0114841893580793,-0.11526388
2014-07-29 03:00:00,0.0104601557082535,-0.12054436
2014-07-29 04:00:00,0.1530983986394176,-0.12903808
2014-07-29 05:00:00,0.3835140218359135,-0.1370092
2014-07-29 06:00:00,0.6029574724992429,-0.14998819
2014-07-29 07:00:00,0.9760113386269028,-0.16876644
2014-07-29 08:00:00,0.8662896132952382,-0.1598133
2014-07-29 09:00:00,0.5590687823665771,-0.10859978
2014-07-29 10:00:00,0.2737922965042488,-0.14334032
2014-07-29 11:00:00,0.0104601557082535,-0.14617887
2014-07-29 12:00:00,-0.0882893970902446,-0.22735152
2014-07-29 13:00:00,-0.0334285344244122,-0.30165187
2014-07-29 14:00:00,-0.1541224322892434,-0.39677975
2014-07-29 15:00:00,-0.1760667773555763,-0.49255058
2014-07-29 16:00:00,-0.121205914689744,-0.41234356
2014-07-29 17:00:00,-0.121205914689744,-0.3548453
2014-07-29 18:00:00,-0.1541224322892434,-0.35117373
2014-07-29 19:00:00,-0.0882893970902446,-0.36702865
2014-07-29 20:00:00,-0.1541224322892434,-0.3081476
2014-07-29 21:00:00,-0.1650946048224099,-0.2828551
2014-07-29 22:00:00,-0.1870389498887428,-0.30527604
2014-07-29 23:00:00,-0.1980111224219093,-0.27730587
2014-07-30 00:00:00,-0.2418998125545752,-0.27797398
2014-07-30 01:00:00,-0.3406493653530734,-0.30000174
2014-07-30 02:00:00,-0.5271762984169034,-0.29207194
2014-07-30 03:00:00,-0.516204125883737,-0.3011658
2014-07-30 04:00:00,-0.1321780872229105,-0.2755979
2014-07-30 05:00:00,0.186014916238917,-0.23021542
2014-07-30 06:00:00,0.1421262261062512,-0.168761
2014-07-30 07:00:00,0.4603192295680788,-0.09054129
2014-07-30 08:00:00,0.3725418493027471,-0.12286724
2014-07-30 09:00:00,0.6468461626319087,-0.2493406
2014-07-30 10:00:00,0.5590687823665771,-0.35252616
2014-07-30 11:00:00,0.5371244373002441,-0.4349564
2014-07-30 12:00:00,0.5261522647670777,-0.46743697
2014-07-30 13:00:00,0.3505975042364141,-0.44264954
2014-07-30 14:00:00,0.3286531591700812,-0.48119617
2014-07-30 15:00:00,0.2408757789047494,-0.5252214
2014-07-30 16:00:00,0.1311540535730847,-0.5358908
2014-07-30 17:00:00,0.3286531591700812,-0.55655056
2014-07-30 18:00:00,0.4822635746344118,-0.5916248
2014-07-30 19:00:00,0.6249018175655758,-0.5683503
2014-07-30 20:00:00,0.932122648494237,-0.5780339
2014-07-30 21:00:00,1.0857330639585676,-0.5772693
2014-07-30 22:00:00,1.2283713068897315,-0.56978405
2014-07-30 23:00:00,1.217399134356565,-0.5514443
2014-07-31 00:00:00,1.1076774090249004,-0.5539597
2014-07-31 01:00:00,1.0199000287595688,-0.5836089
2014-07-31 02:00:00,1.0747608914254012,-0.42823464
2014-07-31 03:00:00,0.95406699356057,-0.41931996
2014-07-31 04:00:00,0.9211504759610706,-0.36261687
2014-07-31 05:00:00,1.0089278562264024,-0.37027
2014-07-31 06:00:00,1.184482616757066,-0.45302194
2014-07-31 07:00:00,1.305176514621897,-0.42749944
2014-07-31 08:00:00,1.6453138631500577,-0.41128668
2014-07-31 09:00:00,1.3929538948872286,-0.24939315
2014-07-31 10:00:00,1.2064269618233987,-0.18847337
2014-07-31 11:00:00,0.8333730956957388,-0.08653343
2014-07-31 12:00:00,0.8772617858284046,-0.21547826
2014-07-31 13:00:00,0.7017070252977412,-0.12091167
2014-07-31 14:00:00,0.6907348527645747,-0.12806775
2014-07-31 15:00:00,0.6029574724992429,-0.194143
2014-07-31 16:00:00,0.3725418493027471,-0.22893822
2014-07-31 17:00:00,0.3725418493027471,-0.20855567
2014-07-31 18:00:00,0.2408757789047494,-0.045240067
2014-07-31 19:00:00,0.2737922965042488,-0.051076133
2014-07-31 20:00:00,0.3835140218359135,0.07337846
2014-07-31 21:00:00,0.7346235428972405,0.18976802
2014-07-31 22:00:00,0.95406699356057,0.22744673
2014-07-31 23:00:00,1.1625382716907329,0.30553943
2014-08-01 00:00:00,1.0528165463590682,0.33313555
2014-08-01 01:00:00,0.5919852999660764,0.31655312
2014-08-01 02:00:00,0.2189314338384165,0.30903256
2014-08-01 03:00:00,0.3835140218359135,0.26258945
2014-08-01 04:00:00,0.3505975042364141,0.23229131
2014-08-01 05:00:00,0.39448619436908,0.29234672
2014-08-01 06:00:00,0.5042079197007447,0.3946867
2014-08-01 07:00:00,0.6468461626319087,0.4384454
2014-08-01 08:00:00,0.8662896132952382,0.5020664
2014-08-01 09:00:00,0.932122648494237,0.3969417
2014-08-01 10:00:00,0.5700409548997435,0.33174747
2014-08-01 11:00:00,0.1311540535730847,0.22870296
2014-08-01 12:00:00,0.2518479514379159,0.19560121
2014-08-01 13:00:00,0.0982375359735853,0.13379087
2014-08-01 14:00:00,0.0324045007745865,0.107331485
2014-08-01 15:00:00,-0.0224563618912458,0.09602484
2014-08-01 16:00:00,-0.0663450520239117,0.0022642948
2014-08-01 17:00:00,0.0653210183740859,-0.0465488
2014-08-01 18:00:00,0.1640705711725841,-0.09149651
2014-08-01 19:00:00,0.2628201239710824,-0.1117377
2014-08-01 20:00:00,0.3725418493027471,-0.09043826
2014-08-01 21:00:00,0.3725418493027471,0.013140198
2014-08-01 22:00:00,0.4054583669022464,0.08107701
2014-08-01 23:00:00,0.0104601557082535,0.13508512
2014-08-02 00:00:00,-0.2418998125545752,0.11751364
2014-08-02 01:00:00,-0.2309276400214087,-0.015916534
2014-08-02 02:00:00,-0.1650946048224099,-0.13260484
2014-08-02 03:00:00,-0.0773172245570781,-0.0069479346
2014-08-02 04:00:00,-0.1321780872229105,-0.0070914924
2014-08-02 05:00:00,-0.2418998125545752,-0.043066707
2014-08-02 06:00:00,-0.3406493653530734,-0.06883904
2014-08-02 07:00:00,-0.4174545730852387,-0.078498796
2014-08-02 08:00:00,-0.472315435751071,-0.044326868
2014-08-02 09:00:00,-0.2528719850877416,-0.017868854
2014-08-02 10:00:00,-0.1431502597560769,-0.01937044
2014-08-02 11:00:00,-0.0334285344244122,-0.19420253
2014-08-02 12:00:00,0.0104601557082535,-0.15554114
2014-08-02 13:00:00,0.1311540535730847,-0.13462918
2014-08-02 14:00:00,0.0982375359735853,-0.19182688
2014-08-02 15:00:00,0.1092097085067518,-0.18527444
2014-08-02 16:00:00,0.0433766733077529,-0.2694234
2014-08-02 17:00:00,0.0433766733077529,-0.27134266
2014-08-02 18:00:00,0.0104601557082535,-0.17307493
2014-08-02 19:00:00,-0.0005120168249128,-0.12080598
2014-08-02 20:00:00,0.1421262261062512,-0.09467654
2014-08-02 21:00:00,0.1640705711725841,-0.029969957
2014-08-02 22:00:00,0.2299036063715829,0.03225166
2014-08-02 23:00:00,0.20795926130525,-0.068157926
2014-08-03 00:00:00,0.4164305394354129,-0.16572985
2014-08-03 01:00:00,0.5042079197007447,-0.18528762
2014-08-03 02:00:00,0.6358739900987423,-0.18080203
2014-08-03 03:00:00,0.9211504759610706,-0.1617344
2014-08-03 04:00:00,0.9869835111600692,-0.15927309
2014-08-03 05:00:00,1.1076774090249004,-0.17466523
2014-08-03 06:00:00,0.8224009231625723,-0.24098256
2014-08-03 07:00:00,0.3505975042364141,-0.3003419
2014-08-03 08:00:00,0.02143232824142,-0.33116728
2014-08-03 09:00:00,-0.1321780872229105,-0.32870936
2014-08-03 10:00:00,-0.2857885026872411,-0.28659177
2014-08-03 11:00:00,-0.2857885026872411,-0.19877914
2014-08-03 12:00:00,-0.1980111224219093,-0.15110993
2014-08-03 13:00:00,-0.2967606752204075,-0.16354151
2014-08-03 14:00:00,-0.0553728794907452,-0.19876929
2014-08-03 15:00:00,-0.2638441576209081,-0.20264252
2014-08-03 16:00:00,0.02143232824142,-0.2020386
2014-08-03 17:00:00,-0.307732847753574,-0.24767612
2014-08-03 18:00:00,-0.3406493653530734,-0.28706643
2014-08-03 19:00:00,-0.5271762984169034,-0.24117197
2014-08-03 20:00:00,-0.5052319533505705,-0.13231131
2014-08-03 21:00:00,-0.3625937104194063,-0.13583499
2014-08-03 22:00:00,-0.4064824005520722,-0.08812207
2014-08-03 23:00:00,-0.3625937104194063,-0.1367274
2014-08-04 00:00:00,-0.2857885026872411,-0.16747081
2014-08-04 01:00:00,-0.2199554674882422,-0.102973625
2014-08-04 02:00:00,-0.0882893970902446,-0.08551304
2014-08-04 03:00:00,-0.121205914689744,0.055778768
2014-08-04 04:00:00,-0.1980111224219093,0.1716106
2014-08-04 05:00:00,-0.0882893970902446,0.123957485
2014-08-04 06:00:00,-0.1102337421565775,0.014358487
2014-08-04 07:00:00,-0.1102337421565775,-0.19242834
2014-08-04 08:00:00,-0.4503710906847381,-0.31792146
2014-08-04 09:00:00,-0.966063199743562,-0.45580474
2014-08-04 10:00:00,-0.9880075448098952,-0.503704
2014-08-04 11:00:00,-1.0209240624093945,-0.34602618
2014-08-04 12:00:00,-1.0428684074757275,-0.23508567
2014-08-04 13:00:00,-1.0209240624093945,-0.31007972
2014-08-04 14:00:00,-1.0209240624093945,-0.4020982
2014-08-04 15:00:00,-1.0318962349425609,-0.48245174
2014-08-04 16:00:00,-1.053840580008894,-0.42529145
2014-08-04 17:00:00,-1.0209240624093945,-0.5059469
2014-08-04 18:00:00,-1.0209240624093945,-0.39099813
2014-08-04 19:00:00,-1.053840580008894,-0.3720605
2014-08-04 20:00:00,-1.075784925075227,-0.35811284
2014-08-04 21:00:00,-1.075784925075227,-0.33460137
2014-08-04 22:00:00,-1.053840580008894,-0.376625
2014-08-04 23:00:00,-1.053840580008894,-0.34074318
2014-08-05 00:00:00,-1.0318962349425609,-0.39587837
2014-08-05 01:00:00,-0.9441188546772292,-0.34041873
2014-08-05 02:00:00,-0.9550910272103956,-0.3284472
2014-08-05 03:00:00,-0.9880075448098952,-0.3851742
2014-08-05 04:00:00,-1.009951889876228,-0.34515297
2014-08-05 05:00:00,-0.9989797173430616,-0.41772872
2014-08-05 06:00:00,-0.9770353722767288,-0.349167
2014-08-05 07:00:00,-0.9441188546772292,-0.45416778
2014-08-05 08:00:00,-0.9221745096108964,-0.5114455
2014-08-05 09:00:00,-0.9441188546772292,-0.6351531
2014-08-05 10:00:00,-0.823424956812398,-0.9122968
2014-08-05 11:00:00,-0.823424956812398,-0.86009204
2014-08-05 12:00:00,-0.7575919216133993,-0.8686156
2014-08-05 13:00:00,-0.8014806117460651,-0.84278667
2014-08-05 14:00:00,-0.8124527842792316,-0.82179976
2014-08-05 15:00:00,-0.7905084392128987,-0.84156287
2014-08-05 16:00:00,-0.7466197490802328,-0.8236456
2014-08-05 17:00:00,-0.5381484709500699,-0.84023815
2014-08-05 18:00:00,-0.7466197490802328,-0.87245584
2014-08-05 19:00:00,-0.823424956812398,-0.90085113
2014-08-05 20:00:00,-0.845369301878731,-0.85150635
2014-08-05 21:00:00,-0.8014806117460651,-0.832881
2014-08-05 22:00:00,-0.7905084392128987,-0.84896964
2014-08-05 23:00:00,-0.8124527842792316,-0.8030876
2014-08-06 00:00:00,-0.7466197490802328,-0.76256216
2014-08-06 01:00:00,-0.7246754040138998,-0.7873931
2014-08-06 02:00:00,-0.5710649885495693,-0.6895964
2014-08-06 03:00:00,-0.5600928160164028,-0.68582606
2014-08-06 04:00:00,-0.4393989181515716,-0.68742526
2014-08-06 05:00:00,-0.4064824005520722,-0.6501809
2014-08-06 06:00:00,-0.4174545730852387,-0.7419292
2014-08-06 07:00:00,-0.3516215378862399,-0.69183755
2014-08-06 08:00:00,-0.4064824005520722,-0.64078027
2014-08-06 09:00:00,-0.5491206434832363,-0.6305709
2014-08-06 10:00:00,-0.845369301878731,-0.5316745
2014-08-06 11:00:00,-0.9221745096108964,-0.5363612
2014-08-06 12:00:00,-1.009951889876228,-0.428266
2014-08-06 13:00:00,-1.0318962349425609,-0.47322288
2014-08-06 14:00:00,-1.0648127525420603,-0.5512593
2014-08-06 15:00:00,-1.075784925075227,-0.531009
2014-08-06 16:00:00,-1.0428684074757275,-0.49856642
2014-08-06 17:00:00,-1.053840580008894,-0.34708488
2014-08-06 18:00:00,-1.009951889876228,-0.32833058
2014-08-06 19:00:00,-0.9331466821440628,-0.3362328
2014-08-06 20:00:00,-0.823424956812398,-0.28579533
2014-08-06 21:00:00,-0.7905084392128987,-0.2250405
2014-08-06 22:00:00,-0.5930093336159022,-0.21312036
2014-08-06 23:00:00,-0.3187050202867404,-0.17022774
2014-08-07 00:00:00,0.2737922965042488,-0.17296994
2014-08-07 01:00:00,0.4603192295680788,-0.26049665
2014-08-07 02:00:00,0.0543488458409194,-0.29407772
2014-08-07 03:00:00,0.0104601557082535,-0.33028036
2014-08-07 04:00:00,-0.121205914689744,-0.33289987
2014-08-07 05:00:00,-0.0773172245570781,-0.2840827
2014-08-07 06:00:00,-0.1650946048224099,-0.25503743
2014-08-07 07:00:00,-0.4174545730852387,-0.3221322
2014-08-07 08:00:00,-0.658842368814901,-0.39978093
2014-08-07 09:00:00,-0.5271762984169034,-0.4746268
2014-08-07 10:00:00,-0.4174545730852387,-0.55426216
2014-08-07 11:00:00,-0.494259780817404,-0.6998473
2014-08-07 12:00:00,-0.5710649885495693,-0.76684225
2014-08-07 13:00:00,-0.6478701962817346,-0.7334943
2014-08-07 14:00:00,-0.6698145413480675,-0.7716631
2014-08-07 15:00:00,-0.6259258512154017,-0.756222
2014-08-07 16:00:00,-0.6259258512154017,-0.6623317
2014-08-07 17:00:00,-0.6149536786822352,-0.63710374
2014-08-07 18:00:00,-0.6917588864144004,-0.5853336
2014-08-07 19:00:00,-0.658842368814901,-0.51944286
2014-08-07 20:00:00,-0.3955102280189058,-0.47069353
2014-08-07 21:00:00,-0.5710649885495693,-0.4337406
2014-08-07 22:00:00,-0.4832876082842375,-0.33900714
2014-08-07 23:00:00,-0.6478701962817346,-0.20344262
2014-08-08 00:00:00,-0.5710649885495693,0.052249957
2014-08-08 01:00:00,-0.7795362666797322,0.09460707
2014-08-08 02:00:00,-0.658842368814901,0.09486115
2014-08-08 03:00:00,-0.6368980237485681,0.052795153
2014-08-08 04:00:00,-0.5820371610827357,-0.12608545
2014-08-08 05:00:00,-0.5381484709500699,-0.04795704
2014-08-08 06:00:00,-0.3406493653530734,-0.1608426
2014-08-08 07:00:00,-0.2309276400214087,-0.26292676
2014-08-08 08:00:00,-0.1102337421565775,-0.31001413
2014-08-08 09:00:00,-0.1870389498887428,-0.31001085
2014-08-08 10:00:00,-0.2638441576209081,-0.30894867
2014-08-08 11:00:00,-0.1650946048224099,-0.32788986
2014-08-08 12:00:00,-0.307732847753574,-0.31096086
2014-08-08 13:00:00,-0.4832876082842375,-0.3181163
2014-08-08 14:00:00,-0.6039815061490686,-0.33823636
2014-08-08 15:00:00,-0.5930093336159022,-0.37893456
2014-08-08 16:00:00,-0.6698145413480675,-0.35407728
2014-08-08 17:00:00,-0.5600928160164028,-0.3455881
2014-08-08 18:00:00,-0.5600928160164028,-0.29162228
2014-08-08 19:00:00,-0.4174545730852387,-0.22977841
2014-08-08 20:00:00,-0.4503710906847381,-0.15963525
2014-08-08 21:00:00,-0.4613432632179046,-0.09248264
2014-08-08 22:00:00,-0.4503710906847381,-0.09596126
2014-08-08 23:00:00,-0.4393989181515716,-0.11201045
2014-08-09 00:00:00,-0.307732847753574,-0.16492388
2014-08-09 01:00:00,-0.3187050202867404,-0.15290618
2014-08-09 02:00:00,-0.1102337421565775,-0.19560945
2014-08-09 03:00:00,0.2189314338384165,-0.1526305
2014-08-09 04:00:00,0.2518479514379159,-0.12267217
2014-08-09 05:00:00,0.3505975042364141,-0.1709548
2014-08-09 06:00:00,0.4822635746344118,-0.117283896
2014-08-09 07:00:00,0.5919852999660764,-0.107008204
2014-08-09 08:00:00,0.6578183351650753,-0.093092114
2014-08-09 09:00:00,0.2628201239710824,-0.15924183
2014-08-09 10:00:00,-0.0553728794907452,-0.072108716
2014-08-09 11:00:00,-0.2199554674882422,-0.12609188
2014-08-09 12:00:00,-0.307732847753574,-0.26921576
2014-08-09 13:00:00,-0.329677192819907,-0.30202407
2014-08-09 14:00:00,-0.4613432632179046,-0.272471
2014-08-09 15:00:00,-0.516204125883737,-0.23924726
2014-08-09 16:00:00,-0.5052319533505705,-0.33888635
2014-08-09 17:00:00,-0.6149536786822352,-0.2626574
2014-08-09 18:00:00,-0.7356475765470664,-0.22530435
2014-08-09 19:00:00,-0.5930093336159022,-0.19688949
2014-08-09 20:00:00,-0.6368980237485681,-0.22923476
2014-08-09 21:00:00,-0.494259780817404,-0.2191936
2014-08-09 22:00:00,-0.9331466821440628,-0.21866778
2014-08-09 23:00:00,-0.9002301645445634,-0.20501819
2014-08-10 00:00:00,-0.9112023370777298,-0.1634463
2014-08-10 01:00:00,-0.8563414744118975,-0.17076443
2014-08-10 02:00:00,-0.8563414744118975,-0.14145017
2014-08-10 03:00:00,-0.8343971293455645,-0.07435964
2014-08-10 04:00:00,-0.867313646945064,0.013152476
2014-08-10 05:00:00,-0.7905084392128987,0.050207186
2014-08-10 06:00:00,-0.7575919216133993,-0.0126494
2014-08-10 07:00:00,-0.7575919216133993,-0.006556781
2014-08-10 08:00:00,-0.8343971293455645,-0.03968529
2014-08-10 09:00:00,-0.823424956812398,-0.15599076
2014-08-10 10:00:00,-0.6698145413480675,-0.11709197
2014-08-10 11:00:00,-0.680786713881234,-0.14370601
2014-08-10 12:00:00,-0.6917588864144004,-0.19931561
2014-08-10 13:00:00,-0.7027310589475669,-0.21820503
2014-08-10 14:00:00,-0.7466197490802328,-0.29013675
2014-08-10 15:00:00,-0.7685640941465657,-0.31119448
2014-08-10 16:00:00,-0.845369301878731,-0.39284092
2014-08-10 17:00:00,-0.8782858194782304,-0.38365114
2014-08-10 18:00:00,-0.7905084392128987,-0.43020582
2014-08-10 19:00:00,-0.6259258512154017,-0.40657562
2014-08-10 20:00:00,-0.516204125883737,-0.37608722
2014-08-10 21:00:00,-0.5600928160164028,-0.33869898
2014-08-10 22:00:00,-0.516204125883737,-0.4297721
2014-08-10 23:00:00,-0.2418998125545752,-0.35866928
2014-08-11 00:00:00,-0.1541224322892434,-0.4579537
2014-08-11 01:00:00,-0.3845380554857393,-0.4991863
2014-08-11 02:00:00,-0.4613432632179046,-0.5090864
2014-08-11 03:00:00,-0.516204125883737,-0.53453356
2014-08-11 04:00:00,-0.8124527842792316,-0.554412
2014-08-11 05:00:00,-0.8782858194782304,-0.5819718
2014-08-11 06:00:00,-0.966063199743562,-0.56715786
2014-08-11 07:00:00,-0.9550910272103956,-0.70133024
2014-08-11 08:00:00,-0.966063199743562,-0.71687853
2014-08-11 09:00:00,-0.966063199743562,-0.6403718
2014-08-11 10:00:00,-1.0318962349425609,-0.5711936
2014-08-11 11:00:00,-0.9770353722767288,-0.54859376
2014-08-11 12:00:00,-1.0318962349425609,-0.7244016
2014-08-11 13:00:00,-1.0318962349425609,-0.61524475
2014-08-11 14:00:00,-0.9770353722767288,-0.6306092
2014-08-11 15:00:00,-0.9880075448098952,-0.63673997
2014-08-11 16:00:00,-0.9989797173430616,-0.6082752
2014-08-11 17:00:00,-0.9989797173430616,-0.5930208
2014-08-11 18:00:00,-0.9441188546772292,-0.56193256
2014-08-11 19:00:00,-0.867313646945064,-0.5352363
2014-08-11 20:00:00,-0.8563414744118975,-0.4222337
2014-08-11 21:00:00,-0.845369301878731,-0.36647832
2014-08-11 22:00:00,-0.8014806117460651,-0.42091137
2014-08-11 23:00:00,-0.6368980237485681,-0.37662664
2014-08-12 00:00:00,-0.5491206434832363,-0.30344227
2014-08-12 01:00:00,-0.472315435751071,-0.37822798
2014-08-12 02:00:00,-0.7795362666797322,-0.38446414
2014-08-12 03:00:00,-0.8124527842792316,-0.40965676
2014-08-12 04:00:00,-0.845369301878731,-0.5551609
2014-08-12 05:00:00,-0.9002301645445634,-0.59484124
2014-08-12 06:00:00,-0.9331466821440628,-0.6212147
2014-08-12 07:00:00,-0.966063199743562,-0.64294493
2014-08-12 08:00:00,-0.9112023370777298,-0.7401759
2014-08-12 09:00:00,-1.009951889876228,-0.75510716
2014-08-12 10:00:00,-0.9880075448098952,-0.78100884
2014-08-12 11:00:00,-0.966063199743562,-0.7947353
2014-08-12 12:00:00,-0.8892579920113969,-0.8334286
2014-08-12 13:00:00,-0.867313646945064,-0.7025412
2014-08-12 14:00:00,-0.7685640941465657,-0.77877474
2014-08-12 15:00:00,-0.7356475765470664,-0.75283384
2014-08-12 16:00:00,-0.7905084392128987,-0.6489231
2014-08-12 17:00:00,-0.8343971293455645,-0.71242964
2014-08-12 18:00:00,-0.7575919216133993,-0.50325894
2014-08-12 19:00:00,-0.658842368814901,-0.45435476
2014-08-12 20:00:00,-0.7795362666797322,-0.37102133
2014-08-12 21:00:00,-0.3955102280189058,-0.38847798
2014-08-12 22:00:00,-0.680786713881234,-0.40798315
2014-08-12 23:00:00,-0.8892579920113969,-0.287939
2014-08-13 00:00:00,-0.845369301878731,-0.24781077
2014-08-13 01:00:00,-0.9550910272103956,-0.07473222
2014-08-13 02:00:00,-0.9331466821440628,-0.21749775
2014-08-13 03:00:00,-0.867313646945064,-0.30048394
2014-08-13 04:00:00,-0.9002301645445634,-0.35169727
2014-08-13 05:00:00,-0.8892579920113969,-0.47821283
2014-08-13 06:00:00,-0.680786713881234,-0.46530813
2014-08-13 07:00:00,-0.7027310589475669,-0.5084286
2014-08-13 08:00:00,-0.7027310589475669,-0.588307
2014-08-13 09:00:00,-0.516204125883737,-0.6699837
2014-08-13 10:00:00,-0.494259780817404,-0.5907611
2014-08-13 11:00:00,-0.6259258512154017,-0.6259608
2014-08-13 12:00:00,-0.680786713881234,-0.5574863
2014-08-13 13:00:00,-0.8124527842792316,-0.50586104
2014-08-13 14:00:00,-0.9112023370777298,-0.50741
2014-08-13 15:00:00,-0.9112023370777298,-0.4666595
2014-08-13 16:00:00,-0.9331466821440628,-0.43046674
2014-08-13 17:00:00,-0.8892579920113969,-0.36378205
2014-08-13 18:00:00,-0.867313646945064,-0.3680156
2014-08-13 19:00:00,-0.8343971293455645,-0.27545008
2014-08-13 20:00:00,-0.8343971293455645,-0.189691
2014-08-13 21:00:00,-0.8124527842792316,-0.05917719
2014-08-13 22:00:00,-0.8343971293455645,-0.15831085
2014-08-13 23:00:00,-0.867313646945064,-0.35294378
2014-08-14 00:00:00,-0.7795362666797322,-0.27301165
2014-08-14 01:00:00,-0.8892579920113969,-0.38988477
2014-08-14 02:00:00,-0.8563414744118975,-0.30544013
2014-08-14 03:00:00,-0.8563414744118975,-0.31769326
2014-08-14 04:00:00,-0.9221745096108964,-0.46766362
2014-08-14 05:00:00,-0.7905084392128987,-0.35782403
2014-08-14 06:00:00,-0.7137032314807333,-0.35743445
2014-08-14 07:00:00,-0.9112023370777298,-0.41238356
2014-08-14 08:00:00,-0.823424956812398,-0.36976317
2014-08-14 09:00:00,-0.8014806117460651,-0.3296119
2014-08-14 10:00:00,-0.8124527842792316,-0.49459517
2014-08-14 11:00:00,-0.8124527842792316,-0.49081326
2014-08-14 12:00:00,-0.7905084392128987,-0.43953764
2014-08-14 13:00:00,-0.6368980237485681,-0.56590104
2014-08-14 14:00:00,-0.5710649885495693,-0.5938579
2014-08-14 15:00:00,-0.7575919216133993,-0.5336112
2014-08-14 16:00:00,-0.8014806117460651,-0.5015872
2014-08-14 17:00:00,-0.8124527842792316,-0.5405429
2014-08-14 18:00:00,-0.7137032314807333,-0.50314075
2014-08-14 19:00:00,-0.7466197490802328,-0.46151575
2014-08-14 20:00:00,-0.680786713881234,-0.50205445
2014-08-14 21:00:00,-0.6917588864144004,-0.5214627
2014-08-14 22:00:00,-0.8124527842792316,-0.39830193
2014-08-14 23:00:00,-0.9112023370777298,-0.4448649
2014-08-15 00:00:00,-0.7466197490802328,-0.45358157
2014-08-15 01:00:00,-0.8124527842792316,-0.41443634
2014-08-15 02:00:00,-0.7246754040138998,-0.54776365
2014-08-15 03:00:00,-0.7466197490802328,-0.3821028
2014-08-15 04:00:00,-0.845369301878731,-0.40961802
2014-08-15 05:00:00,-0.7137032314807333,-0.46181226
2014-08-15 06:00:00,-0.3187050202867404,-0.35758752
2014-08-15 07:00:00,0.02143232824142,-0.43292153
2014-08-15 08:00:00,0.2299036063715829,-0.42925537
2014-08-15 09:00:00,0.1530983986394176,-0.5816959
2014-08-15 10:00:00,-0.3955102280189058,-0.5461962
2014-08-15 11:00:00,-0.5820371610827357,-0.37160978
2014-08-15 12:00:00,-0.8124527842792316,-0.38736993
2014-08-15 13:00:00,-0.9112023370777298,-0.36206856
2014-08-15 14:00:00,-0.966063199743562,-0.4159556
2014-08-15 15:00:00,-0.9112023370777298,-0.44939908
2014-08-15 16:00:00,-0.7246754040138998,-0.42727876
2014-08-15 17:00:00,-0.5710649885495693,-0.4445567
2014-08-15 18:00:00,-0.8563414744118975,-0.40404195
2014-08-15 19:00:00,-0.7685640941465657,-0.40175655
2014-08-15 20:00:00,-0.8014806117460651,-0.32877076
2014-08-15 21:00:00,-0.8343971293455645,-0.2992988
2014-08-15 22:00:00,-0.7905084392128987,-0.27915624
2014-08-15 23:00:00,-0.7356475765470664,-0.25473228
2014-08-16 00:00:00,-0.494259780817404,-0.26060924
2014-08-16 01:00:00,-0.329677192819907,-0.19530796
2014-08-16 02:00:00,-0.3187050202867404,-0.31748852
2014-08-16 03:00:00,-0.1321780872229105,-0.38335067
2014-08-16 04:00:00,-0.1980111224219093,-0.29652876
2014-08-16 05:00:00,-0.5271762984169034,-0.43346193
2014-08-16 06:00:00,-0.5930093336159022,-0.17923225
2014-08-16 07:00:00,-0.7356475765470664,-0.07009015
2014-08-16 08:00:00,-0.6917588864144004,-0.17976603
2014-08-16 09:00:00,-0.5600928160164028,-0.14268902
2014-08-16 10:00:00,-0.3187050202867404,-0.33056575
2014-08-16 11:00:00,-0.3516215378862399,-0.55813634
2014-08-16 12:00:00,-0.5710649885495693,-0.5011753
2014-08-16 13:00:00,-0.6149536786822352,-0.43221253
2014-08-16 14:00:00,-0.680786713881234,-0.50841904
2014-08-16 15:00:00,-0.7905084392128987,-0.4539863
2014-08-16 16:00:00,-0.5271762984169034,-0.42213187
2014-08-16 17:00:00,-0.4064824005520722,-0.3720761
2014-08-16 18:00:00,-0.4832876082842375,-0.42520526
2014-08-16 19:00:00,-0.4284267456184051,-0.33757478
2014-08-16 20:00:00,-0.2857885026872411,-0.21918416
2014-08-16 21:00:00,-0.2199554674882422,-0.2580347
2014-08-16 22:00:00,-0.121205914689744,-0.19652727
2014-08-16 23:00:00,-0.0334285344244122,-0.18659234
2014-08-17 00:00:00,0.7894844055630729,-0.17364565
2014-08-17 01:00:00,1.1954547892902323,-0.12868401
2014-08-17 02:00:00,-0.307732847753574,-0.03808972
2014-08-17 03:00:00,-0.8892579920113969,-0.05407151
2014-08-17 04:00:00,-0.845369301878731,-0.1471508
2014-08-17 05:00:00,-0.7575919216133993,-0.3110456
2014-08-17 06:00:00,-0.8014806117460651,-0.41274905
2014-08-17 07:00:00,-0.7356475765470664,-0.34314668
2014-08-17 08:00:00,-0.680786713881234,-0.41609257
2014-08-17 09:00:00,-0.7027310589475669,-0.3954497
2014-08-17 10:00:00,-0.6698145413480675,-0.25127795
2014-08-17 11:00:00,-0.6149536786822352,-0.31062627
2014-08-17 12:00:00,-0.6917588864144004,-0.2692447
2014-08-17 13:00:00,-0.7027310589475669,-0.2664634
2014-08-17 14:00:00,-0.7905084392128987,-0.36669537
2014-08-17 15:00:00,-0.680786713881234,-0.4408186
2014-08-17 16:00:00,-0.845369301878731,-0.37731916
2014-08-17 17:00:00,-0.8782858194782304,-0.23730291
2014-08-17 18:00:00,-0.8782858194782304,-0.27885017
2014-08-17 19:00:00,-0.7137032314807333,-0.24196279
2014-08-17 20:00:00,-0.6149536786822352,-0.03224496
2014-08-17 21:00:00,-0.494259780817404,-0.0037654955
2014-08-17 22:00:00,-0.2967606752204075,0.024347905
2014-08-17 23:00:00,-0.2089832949550758,0.100809425
2014-08-18 00:00:00,-0.0773172245570781,0.25187603
2014-08-18 01:00:00,-0.0992615696234111,0.37616387
2014-08-18 02:00:00,-0.5381484709500699,-9.506568e-05
2014-08-18 03:00:00,-0.4832876082842375,-0.27458423
2014-08-18 04:00:00,-0.4832876082842375,-0.25021455
2014-08-18 05:00:00,-0.7246754040138998,-0.24598609
2014-08-18 06:00:00,-0.7137032314807333,-0.2545411
2014-08-18 07:00:00,-0.8014806117460651,-0.1606553
2014-08-18 08:00:00,-0.8124527842792316,-0.3424136
2014-08-18 09:00:00,-0.6698145413480675,-0.42791757
2014-08-18 10:00:00,-0.7137032314807333,-0.35973293
2014-08-18 11:00:00,-0.680786713881234,-0.5213551
2014-08-18 12:00:00,-0.4503710906847381,-0.44701478
2014-08-18 13:00:00,-0.3406493653530734,-0.40010965
2014-08-18 14:00:00,-0.2199554674882422,-0.41000205
2014-08-18 15:00:00,-0.2857885026872411,-0.32587832
2014-08-18 16:00:00,-0.3187050202867404,-0.5072033
2014-08-18 17:00:00,-0.3516215378862399,-0.4158021
2014-08-18 18:00:00,-0.3845380554857393,-0.39839268
2014-08-18 19:00:00,-0.3187050202867404,-0.33663893
2014-08-18 20:00:00,-0.3187050202867404,-0.28202328
2014-08-18 21:00:00,-0.2857885026872411,-0.14116119
2014-08-18 22:00:00,-0.472315435751071,-0.092429526
2014-08-18 23:00:00,-0.4393989181515716,-0.033951703
2014-08-19 00:00:00,-0.2857885026872411,-0.033160906
2014-08-19 01:00:00,-0.4284267456184051,-0.10382864
2014-08-19 02:00:00,-0.3735658829525728,-0.1180003
2014-08-19 03:00:00,-0.2857885026872411,-0.19804613
2014-08-19 04:00:00,-0.1321780872229105,-0.12759563
2014-08-19 05:00:00,-0.0663450520239117,-0.2815937
2014-08-19 06:00:00,-0.0334285344244122,-0.25496468
2014-08-19 07:00:00,0.1201818810399182,-0.26441753
2014-08-19 08:00:00,0.0762931909072524,-0.5675068
2014-08-19 09:00:00,0.2518479514379159,-0.46139672
2014-08-19 10:00:00,-0.0334285344244122,-0.36963597
2014-08-19 11:00:00,-0.0773172245570781,-0.39057857
2014-08-19 12:00:00,-0.2418998125545752,-0.31185025
2014-08-19 13:00:00,-0.3406493653530734,-0.22827776
2014-08-19 14:00:00,-0.4284267456184051,-0.21973439
2014-08-19 15:00:00,-0.494259780817404,-0.2281183
2014-08-19 16:00:00,-0.5710649885495693,-0.22237107
2014-08-19 17:00:00,-0.9550910272103956,-0.18520266
2014-08-19 18:00:00,-0.4503710906847381,-0.18267137
2014-08-19 19:00:00,-0.2857885026872411,-0.17152119
2014-08-19 20:00:00,-0.2199554674882422,-0.08150917
2014-08-19 21:00:00,-0.1760667773555763,-0.07612036
2014-08-19 22:00:00,-0.2418998125545752,-0.12091328
2014-08-19 23:00:00,-0.329677192819907,-0.1223492
2014-08-20 00:00:00,-0.2967606752204075,-0.081283525
2014-08-20 01:00:00,-0.3187050202867404,-0.09191839
2014-08-20 02:00:00,-0.3516215378862399,0.02094886
2014-08-20 03:00:00,-0.1321780872229105,-0.009544436
2014-08-20 04:00:00,-0.0114841893580793,-0.018328741
2014-08-20 05:00:00,0.0433766733077529,0.019660152
2014-08-20 06:00:00,0.0653210183740859,-0.03670618
2014-08-20 07:00:00,0.1640705711725841,0.0010824502
2014-08-20 08:00:00,0.1311540535730847,-0.05405514
2014-08-20 09:00:00,0.1530983986394176,-0.074863
2014-08-20 10:00:00,0.0762931909072524,-0.11302215
2014-08-20 11:00:00,-0.0114841893580793,-0.060397647
2014-08-20 12:00:00,-0.2089832949550758,-0.033439588
2014-08-20 13:00:00,-0.3406493653530734,-0.13086094
2014-08-20 14:00:00,-0.3406493653530734,-0.213801
2014-08-20 15:00:00,-0.2528719850877416,-0.1861482
2014-08-20 16:00:00,-0.2287332055147754,-0.21272588
2014-08-20 17:00:00,-0.2045944259418091,-0.31739265
2014-08-20 18:00:00,-0.180455646368843,-0.16312778
2014-08-20 19:00:00,-0.1563168667958767,-0.08552243
2014-08-20 20:00:00,-0.1321780872229105,-0.050930962
2014-08-20 21:00:00,-0.1080393076499442,-0.028237976
2014-08-20 22:00:00,-0.0839005280769779,-0.024442267
2014-08-20 23:00:00,-0.0597617485040118,-0.11532289
2014-08-21 00:00:00,-0.0356229689310456,-0.111723125
2014-08-21 01:00:00,-0.0114841893580793,-0.09801607
2014-08-21 02:00:00,0.1311540535730847,-0.14889532
2014-08-21 03:00:00,0.20795926130525,-0.09158195
2014-08-21 04:00:00,0.2408757789047494,-0.03825866
2014-08-21 05:00:00,0.3615696767695806,-0.08543606
2014-08-21 06:00:00,0.3615696767695806,-0.09326674
2014-08-21 07:00:00,0.4383748845017459,-0.09382594
2014-08-21 08:00:00,0.58101312743291,-0.046732116
2014-08-21 09:00:00,0.8004565780962394,-0.05353545
2014-08-21 10:00:00,0.7565678879635735,-0.14448011
2014-08-21 11:00:00,0.6907348527645747,-0.055757202
2014-08-21 12:00:00,0.4164305394354129,-0.2236915
2014-08-21 13:00:00,0.4493470570349123,-0.3300261
2014-08-21 14:00:00,0.4054583669022464,-0.24854365
2014-08-21 15:00:00,0.3725418493027471,-0.25138998
2014-08-21 16:00:00,0.2518479514379159,-0.20520206
2014-08-21 17:00:00,0.1421262261062512,-0.24854594
2014-08-21 18:00:00,0.1640705711725841,-0.18924037
2014-08-21 19:00:00,0.2518479514379159,-0.17157048
2014-08-21 20:00:00,0.4932357471675782,-0.18337722
2014-08-21 21:00:00,-0.3406493653530734,-0.14622422
2014-08-21 22:00:00,-0.8892579920113969,-0.13461977
2014-08-21 23:00:00,-0.8124527842792316,-0.10724862
2014-08-22 00:00:00,-0.8563414744118975,-0.10110989
2014-08-22 01:00:00,-0.845369301878731,-0.09737894
2014-08-22 02:00:00,-0.867313646945064,0.028742589
2014-08-22 03:00:00,-0.845369301878731,0.02443115
2014-08-22 04:00:00,-0.9002301645445634,-0.005644329
2014-08-22 05:00:00,-0.8343971293455645,0.029303472
2014-08-22 06:00:00,-0.7685640941465657,-0.102289125
2014-08-22 07:00:00,-0.8892579920113969,-0.007714737
2014-08-22 08:00:00,-0.845369301878731,0.06230196
2014-08-22 09:00:00,-0.8892579920113969,0.11537945
2014-08-22 10:00:00,-0.8563414744118975,0.23497495
2014-08-22 11:00:00,-0.7575919216133993,0.15282416
2014-08-22 12:00:00,-0.6368980237485681,0.047738012
2014-08-22 13:00:00,-0.6478701962817346,0.026663136
2014-08-22 14:00:00,-0.4832876082842375,0.010148399
2014-08-22 15:00:00,-0.307732847753574,0.016942274
2014-08-22 16:00:00,-0.2638441576209081,-0.09189732
2014-08-22 17:00:00,-0.1431502597560769,-0.07491004
2014-08-22 18:00:00,-0.0992615696234111,-0.07971731
2014-08-22 19:00:00,-0.0334285344244122,-0.041550178
2014-08-22 20:00:00,0.1092097085067518,-0.0071553756
2014-08-22 21:00:00,0.2628201239710824,-0.14038983
2014-08-22 22:00:00,0.2518479514379159,-0.3338729
2014-08-22 23:00:00,0.1092097085067518,-0.38740873
2014-08-23 00:00:00,0.1640705711725841,-0.32561365
2014-08-23 01:00:00,0.2189314338384165,-0.4142369
2014-08-23 02:00:00,0.5371244373002441,-0.5130276
2014-08-23 03:00:00,0.4603192295680788,-0.4041136
2014-08-23 04:00:00,0.4603192295680788,-0.42831394
2014-08-23 05:00:00,0.3067088141037483,-0.4284654
2014-08-23 06:00:00,0.2189314338384165,-0.42991924
2014-08-23 07:00:00,0.4164305394354129,-0.5902033
2014-08-23 08:00:00,0.3725418493027471,-0.7097347
2014-08-23 09:00:00,0.58101312743291,-0.57857835
2014-08-23 10:00:00,0.3615696767695806,-0.5120587
2014-08-23 11:00:00,0.3725418493027471,-0.49990976
2014-08-23 12:00:00,0.1750427437057506,-0.37815005
2014-08-23 13:00:00,0.0653210183740859,-0.4201501
2014-08-23 14:00:00,-0.1431502597560769,-0.41292468
2014-08-23 15:00:00,-0.1870389498887428,-0.34510115
2014-08-23 16:00:00,0.0872653634404188,-0.33971065
2014-08-23 17:00:00,-0.0553728794907452,-0.21381739
2014-08-23 18:00:00,0.0433766733077529,-0.20246038
2014-08-23 19:00:00,0.1969870887720835,-0.18823138
2014-08-23 20:00:00,0.3615696767695806,-0.057083357
2014-08-23 21:00:00,0.5590687823665771,0.0038789324
2014-08-23 22:00:00,0.7785122330299065,0.085354745
2014-08-23 23:00:00,-0.7137032314807333,0.010829251
2014-08-24 00:00:00,-0.8124527842792316,-0.036731225
2014-08-24 01:00:00,-0.8782858194782304,0.018589579
2014-08-24 02:00:00,-0.823424956812398,0.050223213
2014-08-24 03:00:00,-0.7575919216133993,0.12285912
2014-08-24 04:00:00,-0.7137032314807333,0.12431356
2014-08-24 05:00:00,-0.6698145413480675,0.09020394
2014-08-24 06:00:00,-0.6039815061490686,-0.004169263
2014-08-24 07:00:00,-0.7795362666797322,0.060831163
2014-08-24 08:00:00,-1.0648127525420603,0.10927585
2014-08-24 09:00:00,-1.0318962349425609,0.09458256
2014-08-24 10:00:00,-1.0209240624093945,0.16531077
2014-08-24 11:00:00,-1.0428684074757275,0.06986958
2014-08-24 12:00:00,-1.053840580008894,-0.052365057
2014-08-24 13:00:00,-1.009951889876228,-0.043130722
2014-08-24 14:00:00,-1.0318962349425609,-0.089941174
2014-08-24 15:00:00,-0.9880075448098952,-0.13687727
2014-08-24 16:00:00,-1.0209240624093945,-0.1216269
2014-08-24 17:00:00,-1.0318962349425609,-0.12653992
2014-08-24 18:00:00,-1.0209240624093945,-0.14330098
2014-08-24 19:00:00,-0.966063199743562,-0.04905632
2014-08-24 20:00:00,-0.9112023370777298,0.004043188
2014-08-24 21:00:00,-0.5930093336159022,0.110991
2014-08-24 22:00:00,-0.6149536786822352,0.15303257
2014-08-24 23:00:00,-0.680786713881234,-0.25137085
2014-08-25 00:00:00,-0.823424956812398,-0.37277463
2014-08-25 01:00:00,-0.9221745096108964,-0.46004245
2014-08-25 02:00:00,-0.8014806117460651,-0.47632307
2014-08-25 03:00:00,-0.8343971293455645,-0.4677717
2014-08-25 04:00:00,-0.8014806117460651,-0.34381235
2014-08-25 05:00:00,-0.8892579920113969,-0.38130146
2014-08-25 06:00:00,-0.9331466821440628,-0.4223737
2014-08-25 07:00:00,-0.9221745096108964,-0.40006888
2014-08-25 08:00:00,-0.9112023370777298,-0.66501844
2014-08-25 09:00:00,-0.9112023370777298,-0.75058377
2014-08-25 10:00:00,-0.9880075448098952,-0.71053797
2014-08-25 11:00:00,-1.0209240624093945,-0.81916213
2014-08-25 12:00:00,-1.0209240624093945,-0.6535815
2014-08-25 13:00:00,-0.9989797173430616,-0.5728321
2014-08-25 14:00:00,-1.0209240624093945,-0.5443327
2014-08-25 15:00:00,-0.9989797173430616,-0.51108426
2014-08-25 16:00:00,-1.0318962349425609,-0.5570808
2014-08-25 17:00:00,-1.0318962349425609,-0.57402456
2014-08-25 18:00:00,-1.009951889876228,-0.5511111
2014-08-25 19:00:00,-0.9770353722767288,-0.48750496
2014-08-25 20:00:00,-0.9002301645445634,-0.44937754
2014-08-25 21:00:00,-0.867313646945064,-0.31393528
2014-08-25 22:00:00,-0.7685640941465657,-0.23775154
2014-08-25 23:00:00,-0.8124527842792316,-0.09087901
2014-08-26 00:00:00,-0.8124527842792316,-0.12280057
2014-08-26 01:00:00,-0.6478701962817346,-0.26663223
2014-08-26 02:00:00,-0.7137032314807333,-0.2962324
2014-08-26 03:00:00,-0.6698145413480675,-0.40281317
2014-08-26 04:00:00,-0.658842368814901,-0.453035
2014-08-26 05:00:00,-0.845369301878731,-0.4218827
2014-08-26 06:00:00,-0.8014806117460651,-0.4112503
2014-08-26 07:00:00,-0.9331466821440628,-0.48853153
2014-08-26 08:00:00,-0.8892579920113969,-0.5354333
2014-08-26 09:00:00,-0.8892579920113969,-0.4779824
2014-08-26 10:00:00,-0.9112023370777298,-0.52617455
2014-08-26 11:00:00,-0.9112023370777298,-0.64646876
2014-08-26 12:00:00,-0.9550910272103956,-0.6264339
2014-08-26 13:00:00,-0.9880075448098952,-0.6640297
2014-08-26 14:00:00,-1.0318962349425609,-0.59732676
2014-08-26 15:00:00,-1.009951889876228,-0.51633275
2014-08-26 16:00:00,-0.9880075448098952,-0.50511533
2014-08-26 17:00:00,-1.0318962349425609,-0.41646117
2014-08-26 18:00:00,-0.9550910272103956,-0.44474855
2014-08-26 19:00:00,-0.8892579920113969,-0.35716912
2014-08-26 20:00:00,-0.8014806117460651,-0.26924866
2014-08-26 21:00:00,-0.7575919216133993,-0.25474858
2014-08-26 22:00:00,-0.7795362666797322,-0.19328499
2014-08-26 23:00:00,-0.6698145413480675,-0.20984152
2014-08-27 00:00:00,-0.472315435751071,-0.06444959
2014-08-27 01:00:00,-0.3187050202867404,0.014899816
2014-08-27 02:00:00,-0.3516215378862399,-0.039446633
2014-08-27 03:00:00,-0.2309276400214087,0.008372817
2014-08-27 04:00:00,-0.121205914689744,-0.10383572
2014-08-27 05:00:00,-0.6039815061490686,-0.2370836
2014-08-27 06:00:00,-0.7575919216133993,-0.25632733
2014-08-27 07:00:00,-0.867313646945064,-0.26870257
2014-08-27 08:00:00,-0.8014806117460651,-0.30008143
2014-08-27 09:00:00,-0.8343971293455645,-0.42132413
2014-08-27 10:00:00,-0.7685640941465657,-0.40738982
2014-08-27 11:00:00,-0.823424956812398,-0.32437426
2014-08-27 12:00:00,-0.680786713881234,-0.33646715
2014-08-27 13:00:00,-0.6259258512154017,-0.47139508
2014-08-27 14:00:00,-0.5710649885495693,-0.4038146
2014-08-27 15:00:00,-0.5710649885495693,-0.41397813
2014-08-27 16:00:00,-0.5820371610827357,-0.40720588
2014-08-27 17:00:00,-0.4064824005520722,-0.20213804
2014-08-27 18:00:00,-0.4174545730852387,-0.1601918
2014-08-27 19:00:00,-0.3625937104194063,-0.13298038
2014-08-27 20:00:00,-0.2967606752204075,-0.08811909
2014-08-27 21:00:00,-0.1980111224219093,-0.024255592
2014-08-27 22:00:00,-0.0663450520239117,0.041374784
2014-08-27 23:00:00,-0.0773172245570781,-0.02103572
2014-08-28 00:00:00,-0.121205914689744,0.12393004
2014-08-28 01:00:00,-0.1102337421565775,0.1954257
2014-08-28 02:00:00,-0.0005120168249128,0.17074919
2014-08-28 03:00:00,0.0324045007745865,0.29334465
2014-08-28 04:00:00,0.0872653634404188,0.27462602
2014-08-28 05:00:00,-0.0992615696234111,0.11033641
2014-08-28 06:00:00,-0.1870389498887428,-0.048264824
2014-08-28 07:00:00,-0.3406493653530734,-0.12664795
2014-08-28 08:00:00,-0.3955102280189058,-0.1867637
2014-08-28 09:00:00,-0.3625937104194063,-0.37633526
2014-08-28 10:00:00,-0.4174545730852387,-0.197051
2014-08-28 11:00:00,-0.3516215378862399,-0.19854575
2014-08-28 12:00:00,-0.3735658829525728,-0.2486102
2014-08-28 13:00:00,-0.4393989181515716,-0.11018777
2014-08-28 14:00:00,-0.2967606752204075,-0.22157297
2014-08-28 15:00:00,-0.2199554674882422,-0.2567677
2014-08-28 16:00:00,-0.2199554674882422,-0.21937856
2014-08-28 17:00:00,-0.1760667773555763,-0.18729183
2014-08-28 18:00:00,-0.0224563618912458,-0.07999038
2014-08-28 19:00:00,-0.0114841893580793,-0.025940295
2014-08-28 20:00:00,0.3176809866369147,0.1667628
2014-08-28 21:00:00,0.2737922965042488,0.22509941
2014-08-28 22:00:00,-0.2857885026872411,0.22050062
2014-08-28 23:00:00,-0.4613432632179046,0.23514113
2014-08-29 00:00:00,-0.2309276400214087,0.14882265
2014-08-29 01:00:00,-0.2528719850877416,0.1252669
2014-08-29 02:00:00,-0.2199554674882422,0.14843872
2014-08-29 03:00:00,-0.1650946048224099,0.20172642
2014-08-29 04:00:00,-0.2857885026872411,0.09327288
2014-08-29 05:00:00,-0.2418998125545752,0.011854161
2014-08-29 06:00:00,-0.1102337421565775,0.080780506
2014-08-29 07:00:00,-0.121205914689744,-0.04194082
2014-08-29 08:00:00,-0.3516215378862399,0.043822397
2014-08-29 09:00:00,-0.3187050202867404,0.059830856
2014-08-29 10:00:00,-0.3735658829525728,-0.033871453
2014-08-29 11:00:00,-0.4503710906847381,-0.14679569
2014-08-29 12:00:00,-0.5600928160164028,-0.20549425
2014-08-29 13:00:00,-0.4174545730852387,-0.030177444
2014-08-29 14:00:00,-0.2857885026872411,-0.065084144
2014-08-29 15:00:00,-0.2089832949550758,0.006856203
2014-08-29 16:00:00,-0.1650946048224099,0.14418879
2014-08-29 17:00:00,-0.1321780872229105,0.09621145
2014-08-29 18:00:00,-0.1431502597560769,0.108792156
2014-08-29 19:00:00,-0.0553728794907452,0.079949394
2014-08-29 20:00:00,0.2299036063715829,0.17506474
2014-08-29 21:00:00,0.4274027119685794,0.2262941
2014-08-29 22:00:00,0.3505975042364141,0.041765425
2014-08-29 23:00:00,0.1201818810399182,0.017571695
2014-08-30 00:00:00,0.0762931909072524,0.064462766
2014-08-30 01:00:00,0.02143232824142,0.002459716
2014-08-30 02:00:00,0.2737922965042488,0.03572024
2014-08-30 03:00:00,0.8114287506294059,0.0016936027
2014-08-30 04:00:00,0.5590687823665771,-0.07555124
2014-08-30 05:00:00,0.5919852999660764,-0.09821102
2014-08-30 06:00:00,0.6907348527645747,-0.18679847
2014-08-30 07:00:00,0.5261522647670777,-0.31330454
2014-08-30 08:00:00,0.5700409548997435,-0.227571
2014-08-30 09:00:00,0.5590687823665771,-0.14935969
2014-08-30 10:00:00,0.6578183351650753,-0.22082785
2014-08-30 11:00:00,0.8004565780962394,-0.14389008
2014-08-30 12:00:00,1.0528165463590682,-0.1839852
2014-08-30 13:00:00,0.8882339583615712,-0.14817287
2014-08-30 14:00:00,0.910178303427904,-0.11058515
2014-08-30 15:00:00,0.3286531591700812,-0.045894317
2014-08-30 16:00:00,0.6358739900987423,-0.022633262
2014-08-30 17:00:00,0.7017070252977412,-0.05286091
2014-08-30 18:00:00,0.5371244373002441,0.09029926
2014-08-30 19:00:00,0.4493470570349123,0.14355895
2014-08-30 20:00:00,0.4712914021012453,0.19619444
2014-08-30 21:00:00,0.4712914021012453,0.35902667
2014-08-30 22:00:00,0.4164305394354129,0.37638718
2014-08-30 23:00:00,0.02143232824142,0.31758264
2014-08-31 00:00:00,-0.0005120168249128,0.18955947
2014-08-31 01:00:00,0.0762931909072524,0.09135625
2014-08-31 02:00:00,0.3396253317032476,0.2517507
2014-08-31 03:00:00,0.4274027119685794,0.40900522
2014-08-31 04:00:00,0.2299036063715829,0.37447762
2014-08-31 05:00:00,-0.0334285344244122,0.35283813
2014-08-31 06:00:00,-0.1541224322892434,0.2669475
2014-08-31 07:00:00,-0.1650946048224099,0.25708842
2014-08-31 08:00:00,-0.2309276400214087,0.1404394
2014-08-31 09:00:00,-0.2199554674882422,0.32155013
2014-08-31 10:00:00,0.0543488458409194,0.44793093
2014-08-31 11:00:00,-0.4284267456184051,0.20383072
2014-08-31 12:00:00,-0.4613432632179046,0.34035873
2014-08-31 13:00:00,-0.494259780817404,0.23518777
2014-08-31 14:00:00,-0.3845380554857393,0.21658504
2014-08-31 15:00:00,-0.2418998125545752,0.15626615
2014-08-31 16:00:00,-0.2309276400214087,0.239333
2014-08-31 17:00:00,-0.3187050202867404,0.3011642
2014-08-31 18:00:00,-0.307732847753574,0.18743767
2014-08-31 19:00:00,-0.2748163301540746,0.17406678
2014-08-31 20:00:00,-0.0773172245570781,0.15662944
2014-08-31 21:00:00,-0.0114841893580793,0.1918268
2014-08-31 22:00:00,0.0433766733077529,0.21334079
2014-08-31 23:00:00,0.0433766733077529,0.037376653
2014-09-01 00:00:00,0.0324045007745865,-0.023011869
2014-09-01 01:00:00,-0.0444007069575787,0.13998891
2014-09-01 02:00:00,-0.0553728794907452,0.18188143
2014-09-01 03:00:00,-0.1431502597560769,-0.014798291
2014-09-01 04:00:00,-0.0444007069575787,0.021754928
2014-09-01 05:00:00,0.02143232824142,-0.10535887
2014-09-01 06:00:00,0.0104601557082535,-0.25649124
2014-09-01 07:00:00,0.0653210183740859,-0.1240983
2014-09-01 08:00:00,0.0982375359735853,-0.037476476
2014-09-01 09:00:00,0.2518479514379159,-0.112348795
2014-09-01 10:00:00,0.3505975042364141,-0.20734155
2014-09-01 11:00:00,0.4274027119685794,-0.35679412
2014-09-01 12:00:00,0.4822635746344118,-0.31346112
2014-09-01 13:00:00,0.58101312743291,-0.3570016
2014-09-01 14:00:00,0.5042079197007447,-0.2889018
2014-09-01 15:00:00,0.6907348527645747,-0.17820898
2014-09-01 16:00:00,-0.0553728794907452,-0.26194498
2014-09-01 17:00:00,0.5371244373002441,-0.3227601
2014-09-01 18:00:00,0.6249018175655758,-0.22063461
2014-09-01 19:00:00,0.6907348527645747,-0.26451397
2014-09-01 20:00:00,0.8224009231625723,-0.2794701
2014-09-01 21:00:00,-0.1760667773555763,-0.17812496
2014-09-01 22:00:00,-0.823424956812398,-0.1721931
2014-09-01 23:00:00,-0.867313646945064,-0.14348003
2014-09-02 00:00:00,-0.7027310589475669,-0.17096682
2014-09-02 01:00:00,-0.5491206434832363,-0.1826453
2014-09-02 02:00:00,-0.4503710906847381,-0.16326573
2014-09-02 03:00:00,-0.5600928160164028,-0.19742739
2014-09-02 04:00:00,-0.7685640941465657,-0.026058555
2014-09-02 05:00:00,-0.7905084392128987,-0.080514476
2014-09-02 06:00:00,-0.8014806117460651,-0.17387791
2014-09-02 07:00:00,-0.867313646945064,-0.062454987
2014-09-02 08:00:00,-0.867313646945064,-0.08402105
2014-09-02 09:00:00,-0.823424956812398,-0.051566426
2014-09-02 10:00:00,-0.7246754040138998,0.10433459
2014-09-02 11:00:00,-0.6917588864144004,0.11171313
2014-09-02 12:00:00,-0.6698145413480675,0.14756949
2014-09-02 13:00:00,-0.7027310589475669,0.15084472
2014-09-02 14:00:00,-0.8892579920113969,0.14931427
2014-09-02 15:00:00,-0.845369301878731,0.23682836
2014-09-02 16:00:00,-0.8343971293455645,-0.058788262
2014-09-02 17:00:00,-0.823424956812398,0.19190054
2014-09-02 18:00:00,-0.966063199743562,0.18607281
2014-09-02 19:00:00,-0.9989797173430616,0.118295416
2014-09-02 20:00:00,-1.009951889876228,0.21050239
2014-09-02 21:00:00,-0.9880075448098952,-0.10148522
2014-09-02 22:00:00,-1.0318962349425609,-0.2935496
2014-09-02 23:00:00,-0.9770353722767288,-0.3166819
2014-09-03 00:00:00,-0.9880075448098952,-0.16544943
2014-09-03 01:00:00,-0.9989797173430616,-0.12802412
2014-09-03 02:00:00,-0.9989797173430616,-0.18977508
2014-09-03 03:00:00,-0.966063199743562,-0.24897036
2014-09-03 04:00:00,-0.9989797173430616,-0.45939606
2014-09-03 05:00:00,-1.0209240624093945,-0.5206882
2014-09-03 06:00:00,-1.0318962349425609,-0.54283565
2014-09-03 07:00:00,-0.9441188546772292,-0.48344207
2014-09-03 08:00:00,-0.9770353722767288,-0.45814064
2014-09-03 09:00:00,-0.9112023370777298,-0.4941945
2014-09-03 10:00:00,-0.9221745096108964,-0.5499159
2014-09-03 11:00:00,-0.9550910272103956,-0.58245856
2014-09-03 12:00:00,-1.009951889876228,-0.5267175
2014-09-03 13:00:00,-0.966063199743562,-0.62378204
2014-09-03 14:00:00,-0.9880075448098952,-0.6845162
2014-09-03 15:00:00,-0.966063199743562,-0.62530136
2014-09-03 16:00:00,-0.9770353722767288,-0.71739596
2014-09-03 17:00:00,-0.9221745096108964,-0.5820077
2014-09-03 18:00:00,-0.966063199743562,-0.6031885
2014-09-03 19:00:00,-0.9770353722767288,-0.68848026
2014-09-03 20:00:00,-0.9331466821440628,-0.701952
2014-09-03 21:00:00,-0.867313646945064,-0.7691866
2014-09-03 22:00:00,-0.8892579920113969,-0.55783147
2014-09-03 23:00:00,-0.845369301878731,-0.62030077
2014-09-04 00:00:00,-0.845369301878731,-0.56909394
2014-09-04 01:00:00,-0.5381484709500699,-0.55172014
2014-09-04 02:00:00,-0.680786713881234,-0.6492819
2014-09-04 03:00:00,-0.5820371610827357,-0.5646827
2014-09-04 04:00:00,-0.5491206434832363,-0.6462196
2014-09-04 05:00:00,-0.5052319533505705,-0.5882721
2014-09-04 06:00:00,-0.516204125883737,-0.5865588
2014-09-04 07:00:00,-0.4832876082842375,-0.53624636
2014-09-04 08:00:00,-0.2089832949550758,-0.59033954
2014-09-04 09:00:00,-0.5710649885495693,-0.61112297
2014-09-04 10:00:00,-0.6149536786822352,-0.558895
2014-09-04 11:00:00,-0.8014806117460651,-0.5230354
2014-09-04 12:00:00,-0.7575919216133993,-0.521831
2014-09-04 13:00:00,-0.6039815061490686,-0.57144624
2014-09-04 14:00:00,-0.7356475765470664,-0.4878502
2014-09-04 15:00:00,-0.9112023370777298,-0.5012624
2014-09-04 16:00:00,-0.9331466821440628,-0.53633547
2014-09-04 17:00:00,-0.8014806117460651,-0.43248576
2014-09-04 18:00:00,-0.7137032314807333,-0.38670948
2014-09-04 19:00:00,-0.7575919216133993,-0.40747437
2014-09-04 20:00:00,-0.680786713881234,-0.3663916
2014-09-04 21:00:00,-0.4393989181515716,-0.27529672
2014-09-04 22:00:00,-0.5600928160164028,-0.1584682
2014-09-04 23:00:00,-0.5271762984169034,-0.17170584
2014-09-05 00:00:00,-0.4393989181515716,-0.27530697
2014-09-05 01:00:00,-0.4284267456184051,-0.21201849
2014-09-05 02:00:00,-0.3955102280189058,-0.3255833
2014-09-05 03:00:00,-0.2857885026872411,-0.30763525
2014-09-05 04:00:00,-0.2199554674882422,-0.16899182
2014-09-05 05:00:00,-0.2638441576209081,-0.19555715
2014-09-05 06:00:00,-0.329677192819907,-0.24440451
2014-09-05 07:00:00,-0.2967606752204075,-0.39126283
2014-09-05 08:00:00,-0.1541224322892434,-0.4530186
2014-09-05 09:00:00,-0.0773172245570781,-0.38325503
2014-09-05 10:00:00,-0.0444007069575787,-0.4261296
2014-09-05 11:00:00,0.0982375359735853,-0.5167974
2014-09-05 12:00:00,0.0982375359735853,-0.5016675
2014-09-05 13:00:00,0.1530983986394176,-0.47323972
2014-09-05 14:00:00,-0.1102337421565775,-0.4911034
2014-09-05 15:00:00,-0.2857885026872411,-0.5577884
2014-09-05 16:00:00,-0.2748163301540746,-0.595652
2014-09-05 17:00:00,-0.3516215378862399,-0.51166224
2014-09-05 18:00:00,-0.329677192819907,-0.44443685
2014-09-05 19:00:00,-0.1321780872229105,-0.36323673
2014-09-05 20:00:00,0.4712914021012453,-0.29016274
2014-09-05 21:00:00,0.6029574724992429,-0.16605866
2014-09-05 22:00:00,0.5151800922339111,-0.18008946
2014-09-05 23:00:00,0.4712914021012453,-0.20724247
2014-09-06 00:00:00,0.5261522647670777,-0.15126996
2014-09-06 01:00:00,0.6249018175655758,-0.20824584
2014-09-06 02:00:00,0.5700409548997435,-0.11689651
2014-09-06 03:00:00,0.5700409548997435,-0.18672428
2014-09-06 04:00:00,0.5151800922339111,-0.14747818
2014-09-06 05:00:00,0.4712914021012453,-0.24543783
2014-09-06 06:00:00,0.4274027119685794,-0.37704527
2014-09-06 07:00:00,0.4603192295680788,-0.2749848
2014-09-06 08:00:00,0.4274027119685794,-0.38652837
2014-09-06 09:00:00,0.3615696767695806,-0.20608613
2014-09-06 10:00:00,0.4054583669022464,-0.1869607
2014-09-06 11:00:00,0.4164305394354129,-0.14985491
2014-09-06 12:00:00,0.4164305394354129,-0.07133736
2014-09-06 13:00:00,0.3505975042364141,-0.2462688
2014-09-06 14:00:00,0.3835140218359135,-0.20981371
2014-09-06 15:00:00,0.2957366415705817,-0.25772205
2014-09-06 16:00:00,0.0982375359735853,-0.24358588
2014-09-06 17:00:00,-0.0663450520239117,-0.22449294
2014-09-06 18:00:00,-0.0005120168249128,-0.21475558
2014-09-06 19:00:00,0.1092097085067518,-0.07062779
2014-09-06 20:00:00,0.2518479514379159,0.10127959
2014-09-06 21:00:00,0.3505975042364141,0.14533587
2014-09-06 22:00:00,0.4164305394354129,0.14867216
2014-09-06 23:00:00,0.5590687823665771,0.15255667
2014-09-07 00:00:00,0.6797626802314082,0.12293059
2014-09-07 01:00:00,0.6029574724992429,0.24368054
2014-09-07 02:00:00,0.4712914021012453,0.230447
2014-09-07 03:00:00,0.4932357471675782,0.18566307
2014-09-07 04:00:00,0.5151800922339111,0.2645943
2014-09-07 05:00:00,0.5919852999660764,0.15917069
2014-09-07 06:00:00,0.6907348527645747,0.14081639
2014-09-07 07:00:00,0.76754006049674,0.23187718
2014-09-07 08:00:00,0.8114287506294059,0.119552076
2014-09-07 09:00:00,1.0528165463590682,0.14400522
2014-09-07 10:00:00,1.1735104442238993,0.0663524
2014-09-07 11:00:00,1.0747608914254012,0.107658595
2014-09-07 12:00:00,0.8333730956957388,0.20884052
2014-09-07 13:00:00,0.1201818810399182,0.11886349
2014-09-07 14:00:00,-0.1650946048224099,0.1350835
2014-09-07 15:00:00,-0.2309276400214087,0.073941484
2014-09-07 16:00:00,-0.0005120168249128,0.036271673
2014-09-07 17:00:00,0.0543488458409194,0.02334394
2014-09-07 18:00:00,0.1092097085067518,-0.04061623
2014-09-07 19:00:00,0.2518479514379159,0.022952642
2014-09-07 20:00:00,0.2628201239710824,0.023851387
2014-09-07 21:00:00,0.3176809866369147,0.072966546
2014-09-07 22:00:00,0.4383748845017459,0.07450926
2014-09-07 23:00:00,0.6139296450324094,0.093031764
2014-09-08 00:00:00,0.0433766733077529,0.13943285
2014-09-08 01:00:00,-1.075784925075227,0.094027415
2014-09-08 02:00:00,-1.075784925075227,0.038135353
2014-09-08 03:00:00,-1.0318962349425609,0.038017783
2014-09-08 04:00:00,-1.0428684074757275,0.039523225
2014-09-08 05:00:00,-1.0428684074757275,0.04210129
2014-09-08 06:00:00,-1.0318962349425609,0.14623758
2014-09-08 07:00:00,-1.0648127525420603,0.16960222
2014-09-08 08:00:00,-1.0648127525420603,0.14050014
2014-09-08 09:00:00,-1.0209240624093945,0.23984793
2014-09-08 10:00:00,-1.0209240624093945,0.21516111
2014-09-08 11:00:00,-1.0648127525420603,0.14027062
2014-09-08 12:00:00,-1.0648127525420603,0.10017267
2014-09-08 13:00:00,-1.053840580008894,-0.089653105
2014-09-08 14:00:00,-1.0318962349425609,-0.20854145
2014-09-08 15:00:00,-1.0318962349425609,-0.21495198
2014-09-08 16:00:00,-1.053840580008894,-0.15182182
2014-09-08 17:00:00,-0.9880075448098952,-0.1273787
2014-09-08 18:00:00,-0.9331466821440628,-0.1444384
2014-09-08 19:00:00,-0.966063199743562,-0.1156088
2014-09-08 20:00:00,-0.9441188546772292,-0.08106099
2014-09-08 21:00:00,-0.8782858194782304,-0.10833798
2014-09-08 22:00:00,-0.8892579920113969,-0.07017781
2014-09-08 23:00:00,-0.8563414744118975,-0.030037224
2014-09-09 00:00:00,-0.7685640941465657,-0.21750268
2014-09-09 01:00:00,-0.6917588864144004,-0.4757592
2014-09-09 02:00:00,-0.6698145413480675,-0.5011251
2014-09-09 03:00:00,-0.6039815061490686,-0.47263217
2014-09-09 04:00:00,-0.6368980237485681,-0.4412998
2014-09-09 05:00:00,-0.6698145413480675,-0.47289312
2014-09-09 06:00:00,-0.823424956812398,-0.49915886
2014-09-09 07:00:00,-0.845369301878731,-0.6274556
2014-09-09 08:00:00,-0.9112023370777298,-0.7563436
2014-09-09 09:00:00,-0.8014806117460651,-0.7196695
2014-09-09 10:00:00,-0.8892579920113969,-0.7626916
2014-09-09 11:00:00,-0.8563414744118975,-0.71911865
2014-09-09 12:00:00,-0.7575919216133993,-0.69999707
2014-09-09 13:00:00,-0.6259258512154017,-0.6400461
2014-09-09 14:00:00,-0.5052319533505705,-0.5535399
2014-09-09 15:00:00,-0.6039815061490686,-0.53708476
2014-09-09 16:00:00,-0.6149536786822352,-0.56798506
2014-09-09 17:00:00,-0.7137032314807333,-0.6062419
2014-09-09 18:00:00,-0.6478701962817346,-0.473609
2014-09-09 19:00:00,-0.5930093336159022,-0.47830197
2014-09-09 20:00:00,-0.5820371610827357,-0.46435493
2014-09-09 21:00:00,-0.4284267456184051,-0.3025335
2014-09-09 22:00:00,-0.2199554674882422,-0.24097265
2014-09-09 23:00:00,-0.5271762984169034,-0.14959307
2014-09-10 00:00:00,-0.6478701962817346,-0.114642814
2014-09-10 01:00:00,-0.5930093336159022,-0.14565003
2014-09-10 02:00:00,-0.6149536786822352,-0.23000415
2014-09-10 03:00:00,-0.5052319533505705,-0.2555883
2014-09-10 04:00:00,-0.4503710906847381,-0.3605188
2014-09-10 05:00:00,-0.2309276400214087,-0.26224554
2014-09-10 06:00:00,0.1640705711725841,-0.32948828
2014-09-10 07:00:00,-0.0444007069575787,-0.41097593
2014-09-10 08:00:00,0.0872653634404188,-0.48359495
2014-09-10 09:00:00,0.1311540535730847,-0.578488
2014-09-10 10:00:00,0.1969870887720835,-0.4789052
2014-09-10 11:00:00,-0.0882893970902446,-0.44160527
2014-09-10 12:00:00,-0.2857885026872411,-0.43131948
2014-09-10 13:00:00,-0.5491206434832363,-0.38105822
2014-09-10 14:00:00,-0.7027310589475669,-0.32616282
2014-09-10 15:00:00,-0.7685640941465657,-0.33623895
2014-09-10 16:00:00,-0.680786713881234,-0.34438813
2014-09-10 17:00:00,-0.7027310589475669,-0.30196196
2014-09-10 18:00:00,-0.6259258512154017,-0.2785294
2014-09-10 19:00:00,-0.5710649885495693,-0.19760156
2014-09-10 20:00:00,-0.472315435751071,-0.112633795
2014-09-10 21:00:00,-0.3845380554857393,-0.06374944
2014-09-10 22:00:00,-0.1870389498887428,-0.025359236
2014-09-10 23:00:00,-0.0553728794907452,-0.1071274
2014-09-11 00:00:00,-0.1980111224219093,-0.14261536
2014-09-11 01:00:00,-0.4284267456184051,-0.15294269
2014-09-11 02:00:00,-0.2967606752204075,-0.16894272
2014-09-11 03:00:00,-0.2528719850877416,-0.12905332
2014-09-11 04:00:00,-0.1541224322892434,-0.12920792
2014-09-11 05:00:00,-0.2089832949550758,-0.060155015
2014-09-11 06:00:00,-0.2089832949550758,0.01914531
2014-09-11 07:00:00,-0.121205914689744,-0.044036016
2014-09-11 08:00:00,-0.0992615696234111,-0.0022054575
2014-09-11 09:00:00,-0.0663450520239117,0.044514116
2014-09-11 10:00:00,0.0872653634404188,0.20276698
2014-09-11 11:00:00,0.0104601557082535,-0.019335918
2014-09-11 12:00:00,-0.0773172245570781,-0.1171834
2014-09-11 13:00:00,-0.1321780872229105,-0.12138121
2014-09-11 14:00:00,-0.1760667773555763,-0.18292601
2014-09-11 15:00:00,-0.0992615696234111,-0.12664099
2014-09-11 16:00:00,-0.0882893970902446,-0.13656141
2014-09-11 17:00:00,-0.1321780872229105,-0.103174195
2014-09-11 18:00:00,0.1750427437057506,-0.059456676
2014-09-11 19:00:00,0.2189314338384165,-0.045879837
2014-09-11 20:00:00,0.2628201239710824,-0.03137652
2014-09-11 21:00:00,0.1421262261062512,-0.037212722
2014-09-11 22:00:00,0.0433766733077529,0.08707079
2014-09-11 23:00:00,0.0653210183740859,0.14708477
2014-09-12 00:00:00,0.2299036063715829,0.11094272
2014-09-12 01:00:00,0.2628201239710824,0.038393464
2014-09-12 02:00:00,0.3835140218359135,0.07368547
2014-09-12 03:00:00,0.5151800922339111,0.11241001
2014-09-12 04:00:00,-0.1980111224219093,0.13203773
2014-09-12 05:00:00,-0.4393989181515716,0.16722961
2014-09-12 06:00:00,-0.4393989181515716,0.118442714
2014-09-12 07:00:00,-0.5271762984169034,0.119999826
2014-09-12 08:00:00,-0.5052319533505705,0.16258633
2014-09-12 09:00:00,-0.4503710906847381,0.13264737
2014-09-12 10:00:00,-0.4503710906847381,0.14133048
2014-09-12 11:00:00,-0.2857885026872411,0.11455391
2014-09-12 12:00:00,-0.3516215378862399,0.13457236
2014-09-12 13:00:00,-0.3845380554857393,0.058729548
2014-09-12 14:00:00,-0.3516215378862399,-0.017188683
2014-09-12 15:00:00,-0.6039815061490686,-0.08160345
2014-09-12 16:00:00,-0.7027310589475669,-0.07704443
2014-09-12 17:00:00,-0.4064824005520722,0.009947989
2014-09-12 18:00:00,-0.5052319533505705,0.10464531
2014-09-12 19:00:00,-0.5710649885495693,0.11648387
2014-09-12 20:00:00,-0.472315435751071,-0.009607598
2014-09-12 21:00:00,-0.4613432632179046,0.0062386766
2014-09-12 22:00:00,-0.4064824005520722,0.006364174
2014-09-12 23:00:00,-0.5381484709500699,-0.0067063533
2014-09-13 00:00:00,-0.5271762984169034,0.08062075
2014-09-13 01:00:00,-0.5491206434832363,0.08179882
2014-09-13 02:00:00,-0.5052319533505705,0.2103819
2014-09-13 03:00:00,-0.4174545730852387,0.29581416
2014-09-13 04:00:00,-0.3955102280189058,0.05546346
2014-09-13 05:00:00,0.0872653634404188,-0.12931404
2014-09-13 06:00:00,-0.0553728794907452,-0.11319849
2014-09-13 07:00:00,-0.0773172245570781,-0.09070052
2014-09-13 08:00:00,-0.0663450520239117,-0.04008855
2014-09-13 09:00:00,-0.0444007069575787,-0.045018163
2014-09-13 10:00:00,-0.5381484709500699,-0.12465559
2014-09-13 11:00:00,-0.4393989181515716,-0.04128048
2014-09-13 12:00:00,-0.5491206434832363,0.025059577
2014-09-13 13:00:00,-0.5930093336159022,0.029092412
2014-09-13 14:00:00,-0.6698145413480675,-0.011267483
2014-09-13 15:00:00,-0.680786713881234,-0.08404878
2014-09-13 16:00:00,-0.5820371610827357,-0.16356133
2014-09-13 17:00:00,-0.5930093336159022,-0.10814048
2014-09-13 18:00:00,-0.5710649885495693,-0.15195532
2014-09-13 19:00:00,-0.516204125883737,-0.13790667
2014-09-13 20:00:00,-0.3625937104194063,-0.06336269
2014-09-13 21:00:00,-0.4284267456184051,-0.047586665
2014-09-13 22:00:00,-0.2967606752204075,-0.049505867
2014-09-13 23:00:00,-0.2309276400214087,-0.006129941
2014-09-14 00:00:00,-0.2857885026872411,-0.02820722
2014-09-14 01:00:00,-0.3187050202867404,-0.099602014
2014-09-14 02:00:00,-0.2638441576209081,-0.16656195
2014-09-14 03:00:00,-0.2748163301540746,-0.23201746
2014-09-14 04:00:00,-0.2418998125545752,-0.11370134
2014-09-14 05:00:00,-0.1541224322892434,0.04396474
2014-09-14 06:00:00,-0.0553728794907452,0.005977746
2014-09-14 07:00:00,0.0653210183740859,-0.02810981
2014-09-14 08:00:00,-0.2309276400214087,-0.07714473
2014-09-14 09:00:00,-0.4064824005520722,-0.15607014
2014-09-14 10:00:00,-0.5600928160164028,-0.1988637
2014-09-14 11:00:00,-0.8014806117460651,-0.10099289
2014-09-14 12:00:00,-0.9770353722767288,-0.27212843
2014-09-14 13:00:00,-0.9880075448098952,-0.345166
2014-09-14 14:00:00,-1.0318962349425609,-0.26135424
2014-09-14 15:00:00,-0.9770353722767288,-0.18136817
2014-09-14 16:00:00,-0.966063199743562,-0.24549954
2014-09-14 17:00:00,-0.9550910272103956,-0.28070056
2014-09-14 18:00:00,-0.9880075448098952,-0.19116262
2014-09-14 19:00:00,-0.9331466821440628,-0.17589885
2014-09-14 20:00:00,-0.845369301878731,-0.15331763
2014-09-14 21:00:00,-0.7246754040138998,-0.13778247
2014-09-14 22:00:00,-0.7027310589475669,-0.00030811504
2014-09-14 23:00:00,-0.6368980237485681,0.07239312
2014-09-15 00:00:00,-0.6368980237485681,0.056571174
2014-09-15 01:00:00,-0.5820371610827357,0.041279826
2014-09-15 02:00:00,-0.5820371610827357,0.079623714
2014-09-15 03:00:00,-0.7905084392128987,0.04059286
2014-09-15 04:00:00,-0.8782858194782304,-0.0791363
2014-09-15 05:00:00,-0.845369301878731,-0.07050325
2014-09-15 06:00:00,-0.9221745096108964,-0.00067077205
2014-09-15 07:00:00,-0.9221745096108964,-0.01633993
2014-09-15 08:00:00,-0.9331466821440628,-0.04746193
2014-09-15 09:00:00,-0.9770353722767288,-0.11292812
2014-09-15 10:00:00,-0.9770353722767288,-0.2981954
2014-09-15 11:00:00,-1.0209240624093945,-0.41897097
2014-09-15 12:00:00,-1.053840580008894,-0.46154943
2014-09-15 13:00:00,-1.0648127525420603,-0.429653
2014-09-15 14:00:00,-1.0318962349425609,-0.5029425
2014-09-15 15:00:00,-1.009951889876228,-0.5042573
2014-09-15 16:00:00,-1.0318962349425609,-0.40099806
2014-09-15 17:00:00,-0.9770353722767288,-0.34355474
2014-09-15 18:00:00,-0.9221745096108964,-0.29301253
2014-09-15 19:00:00,-0.9002301645445634,-0.27822685
2014-09-15 20:00:00,-0.8782858194782304,-0.26191217
2014-09-15 21:00:00,-0.823424956812398,-0.21159652
2014-09-15 22:00:00,-0.8782858194782304,-0.14364769
2014-09-15 23:00:00,-0.8124527842792316,-0.17909168
2014-09-16 00:00:00,-0.7685640941465657,-0.02286879
2014-09-16 01:00:00,-0.7246754040138998,0.033234235
2014-09-16 02:00:00,-0.7685640941465657,-0.11712961
2014-09-16 03:00:00,-0.516204125883737,-0.05966063
2014-09-16 04:00:00,-0.5600928160164028,-0.08111143
2014-09-16 05:00:00,-0.7356475765470664,-0.2261895
2014-09-16 06:00:00,-0.9002301645445634,-0.3091853
2014-09-16 07:00:00,-0.9166884233443132,-0.29417443
2014-09-16 08:00:00,-0.9331466821440628,-0.2738582
2014-09-16 09:00:00,-0.8782858194782304,-0.38816816
2014-09-16 10:00:00,-0.823424956812398,-0.39587948
2014-09-16 11:00:00,-0.8892579920113969,-0.36820006
2014-09-16 12:00:00,-0.8563414744118975,-0.4591405
2014-09-16 13:00:00,-0.7685640941465657,-0.3719698
2014-09-16 14:00:00,-0.6039815061490686,-0.44661376
2014-09-16 15:00:00,-0.3406493653530734,-0.45012277
2014-09-16 16:00:00,-0.1102337421565775,-0.42478484
2014-09-16 17:00:00,-0.0224563618912458,-0.43765116
2014-09-16 18:00:00,-0.0773172245570781,-0.269719
2014-09-16 19:00:00,-0.3955102280189058,-0.2019198
2014-09-16 20:00:00,-0.4393989181515716,-0.07814905
2014-09-16 21:00:00,-0.4832876082842375,-0.02738585
2014-09-16 22:00:00,-0.4832876082842375,-0.07721232
2014-09-16 23:00:00,-0.3516215378862399,0.1069759
2014-09-17 00:00:00,-0.4832876082842375,0.12848769
2014-09-17 01:00:00,-0.7685640941465657,0.12333211
2014-09-17 02:00:00,-0.823424956812398,0.018885951
2014-09-17 03:00:00,-0.9221745096108964,0.13556576
2014-09-17 04:00:00,-0.9880075448098952,0.081996575
2014-09-17 05:00:00,-0.9550910272103956,-0.0628191
2014-09-17 06:00:00,-0.8892579920113969,-0.009642176
2014-09-17 07:00:00,-0.823424956812398,-0.11582364
2014-09-17 08:00:00,-0.8563414744118975,-0.1951575
2014-09-17 09:00:00,-0.9002301645445634,-0.21413271
2014-09-17 10:00:00,-0.8892579920113969,-0.25187975
2014-09-17 11:00:00,-0.7795362666797322,-0.37806404
2014-09-17 12:00:00,-0.6149536786822352,-0.3628693
2014-09-17 13:00:00,-0.2748163301540746,-0.18135557
2014-09-17 14:00:00,-0.4393989181515716,-0.10441938
2014-09-17 15:00:00,-0.4393989181515716,-0.008611146
2014-09-17 16:00:00,-0.4393989181515716,0.06516436
2014-09-17 17:00:00,-0.680786713881234,0.025085948
2014-09-17 18:00:00,-0.7137032314807333,0.083503544
2014-09-17 19:00:00,-0.7466197490802328,0.047937553
2014-09-17 20:00:00,-0.6478701962817346,0.0075298958
2014-09-17 21:00:00,-0.5600928160164028,0.11867082
2014-09-17 22:00:00,-0.5600928160164028,0.09864214
2014-09-17 23:00:00,-0.494259780817404,0.13871287
2014-09-18 00:00:00,-0.4832876082842375,0.11373472
2014-09-18 01:00:00,-0.4174545730852387,-0.011226075
2014-09-18 02:00:00,-0.2199554674882422,0.0556536
2014-09-18 03:00:00,-0.0114841893580793,-0.14372787
2014-09-18 04:00:00,0.0433766733077529,-0.07411611
2014-09-18 05:00:00,-0.0114841893580793,-0.0621842
2014-09-18 06:00:00,-0.0334285344244122,-0.12240666
2014-09-18 07:00:00,0.0872653634404188,-0.034889366
2014-09-18 08:00:00,-0.0114841893580793,-0.046950966
2014-09-18 09:00:00,0.20795926130525,-0.048636556
2014-09-18 10:00:00,-0.0773172245570781,-0.15240014
2014-09-18 11:00:00,-0.2418998125545752,-0.025299728
2014-09-18 12:00:00,-0.3625937104194063,0.022854418
2014-09-18 13:00:00,-0.3406493653530734,-0.012658766
2014-09-18 14:00:00,-0.5381484709500699,0.15932806
2014-09-18 15:00:00,-0.6478701962817346,0.08625156
2014-09-18 16:00:00,-0.7246754040138998,0.048744503
2014-09-18 17:00:00,-0.867313646945064,0.01719591
2014-09-18 18:00:00,-0.8014806117460651,0.03084309
2014-09-18 19:00:00,-0.7246754040138998,0.12362087
2014-09-18 20:00:00,-0.6917588864144004,0.071306944
2014-09-18 21:00:00,-0.5381484709500699,0.17677802
2014-09-18 22:00:00,-0.4284267456184051,0.20925117
2014-09-18 23:00:00,-0.4064824005520722,0.20737249
2014-09-19 00:00:00,-0.4503710906847381,0.12727824
2014-09-19 01:00:00,-0.329677192819907,0.046457727
2014-09-19 02:00:00,-0.2418998125545752,0.15028027
2014-09-19 03:00:00,-0.1760667773555763,0.20005728
2014-09-19 04:00:00,-0.0334285344244122,0.26569057
2014-09-19 05:00:00,0.1092097085067518,0.24651933
2014-09-19 06:00:00,0.0653210183740859,0.10588363
2014-09-19 07:00:00,-0.0882893970902446,0.056099657
2014-09-19 08:00:00,0.1092097085067518,0.041883837
2014-09-19 09:00:00,0.2299036063715829,0.13274549
2014-09-19 10:00:00,0.39448619436908,0.022005565
2014-09-19 11:00:00,0.5480966098334106,-0.023935968
2014-09-19 12:00:00,0.1969870887720835,-0.047662206
2014-09-19 13:00:00,-0.0992615696234111,0.011105809
2014-09-19 14:00:00,-0.1541224322892434,-0.09747279
2014-09-19 15:00:00,-0.3625937104194063,-0.20577756
2014-09-19 16:00:00,-0.4393989181515716,-0.14375553
2014-09-19 17:00:00,-0.516204125883737,-0.20238316
2014-09-19 18:00:00,-0.516204125883737,-0.1339576
2014-09-19 19:00:00,-0.2748163301540746,-0.044500235
2014-09-19 20:00:00,-0.0334285344244122,-0.032644317
2014-09-19 21:00:00,0.0543488458409194,0.03185189
2014-09-19 22:00:00,0.20795926130525,0.02448707
2014-09-19 23:00:00,0.4383748845017459,0.049087595
2014-09-20 00:00:00,0.4822635746344118,0.054297548
2014-09-20 01:00:00,0.4493470570349123,0.12287876
2014-09-20 02:00:00,0.4932357471675782,0.05549976
2014-09-20 03:00:00,0.4603192295680788,0.10025643
2014-09-20 04:00:00,0.4493470570349123,0.020772744
2014-09-20 05:00:00,0.39448619436908,-0.026169233
2014-09-20 06:00:00,0.3067088141037483,0.0233601
2014-09-20 07:00:00,0.1092097085067518,-0.21102288
2014-09-20 08:00:00,0.1750427437057506,-0.08934484
2014-09-20 09:00:00,0.2518479514379159,-0.015022496
2014-09-20 10:00:00,0.2957366415705817,-0.011859316
2014-09-20 11:00:00,0.2628201239710824,0.10840246
2014-09-20 12:00:00,0.1640705711725841,-0.09975085
2014-09-20 13:00:00,0.186014916238917,-0.18539476
2014-09-20 14:00:00,0.1421262261062512,-0.20554785
2014-09-20 15:00:00,-0.121205914689744,-0.26882303
2014-09-20 16:00:00,-0.0553728794907452,-0.31203032
2014-09-20 17:00:00,-0.2418998125545752,-0.26643667
2014-09-20 18:00:00,0.4383748845017459,-0.2714475
2014-09-20 19:00:00,0.58101312743291,-0.17207122
2014-09-20 20:00:00,0.6468461626319087,-0.14640239
2014-09-20 21:00:00,0.8772617858284046,-0.07395914
2014-09-20 22:00:00,1.096705236491734,0.09595415
2014-09-20 23:00:00,1.4039260674203953,-0.008849395
2014-09-21 00:00:00,1.4148982399535617,0.12566084
2014-09-21 01:00:00,1.096705236491734,-0.020524934
2014-09-21 02:00:00,0.5042079197007447,-0.00015225634
2014-09-21 03:00:00,0.3615696767695806,0.15195215
2014-09-21 04:00:00,0.2737922965042488,0.036851246
2014-09-21 05:00:00,-0.2309276400214087,0.18283905
2014-09-21 06:00:00,-0.2199554674882422,-0.016726375
2014-09-21 07:00:00,-0.307732847753574,0.0022156425
2014-09-21 08:00:00,-0.4503710906847381,-0.034268703
2014-09-21 09:00:00,-0.4064824005520722,-0.16033202
2014-09-21 10:00:00,-0.3955102280189058,0.056810725
2014-09-21 11:00:00,-0.5271762984169034,-0.066546276
2014-09-21 12:00:00,-0.3625937104194063,0.01759579
2014-09-21 13:00:00,-0.2418998125545752,0.1049408
2014-09-21 14:00:00,-0.121205914689744,-0.008898474
2014-09-21 15:00:00,-0.1321780872229105,-0.05773732
2014-09-21 16:00:00,-0.0444007069575787,-0.09943871
2014-09-21 17:00:00,-0.0005120168249128,-0.10390788
2014-09-21 18:00:00,-0.0773172245570781,0.12647854
2014-09-21 19:00:00,-0.1650946048224099,0.14716682
2014-09-21 20:00:00,-0.1321780872229105,0.22764024
2014-09-21 21:00:00,-0.1980111224219093,0.3327405
2014-09-21 22:00:00,-0.2199554674882422,0.3673523
2014-09-21 23:00:00,-0.4503710906847381,0.49334317
2014-09-22 00:00:00,-0.2748163301540746,0.49290752
2014-09-22 01:00:00,-0.2528719850877416,0.47241104
2014-09-22 02:00:00,-0.329677192819907,0.3100922
2014-09-22 03:00:00,-0.2199554674882422,0.2668457
2014-09-22 04:00:00,-0.2089832949550758,0.2956426
2014-09-22 05:00:00,-0.2309276400214087,0.14334428
2014-09-22 06:00:00,-0.121205914689744,0.15269718
2014-09-22 07:00:00,0.0653210183740859,0.13169718
2014-09-22 08:00:00,0.1311540535730847,0.010431524
2014-09-22 09:00:00,0.1969870887720835,0.035383437
2014-09-22 10:00:00,0.2189314338384165,0.11265807
2014-09-22 11:00:00,0.20795926130525,-0.034609098
2014-09-22 12:00:00,0.2957366415705817,0.02177592
2014-09-22 13:00:00,0.3067088141037483,0.047960456
2014-09-22 14:00:00,0.3835140218359135,0.059536327
2014-09-22 15:00:00,0.3615696767695806,0.09942162
2014-09-22 16:00:00,0.2628201239710824,0.10333401
2014-09-22 17:00:00,0.1311540535730847,0.1252878
2014-09-22 18:00:00,0.0762931909072524,0.052288067
2014-09-22 19:00:00,0.0982375359735853,0.03757995
2014-09-22 20:00:00,0.0872653634404188,0.08040124
2014-09-22 21:00:00,0.20795926130525,0.035800215
2014-09-22 22:00:00,0.186014916238917,0.016431239
2014-09-22 23:00:00,0.2189314338384165,-0.025106598
2014-09-23 00:00:00,0.2518479514379159,0.0016480274
2014-09-23 01:00:00,0.1530983986394176,0.115577176
2014-09-23 02:00:00,0.0982375359735853,0.14694211
2014-09-23 03:00:00,-0.0444007069575787,0.11531237
2014-09-23 04:00:00,0.02143232824142,0.084732234
2014-09-23 05:00:00,-0.0553728794907452,0.021138784
2014-09-23 06:00:00,-0.2089832949550758,0.059114497
2014-09-23 07:00:00,-0.2967606752204075,0.16310772
2014-09-23 08:00:00,-0.4064824005520722,0.24760097
2014-09-23 09:00:00,-0.6039815061490686,0.24602813
2014-09-23 10:00:00,-0.5381484709500699,0.14363845
2014-09-23 11:00:00,-0.658842368814901,0.10170147
2014-09-23 12:00:00,-0.7027310589475669,0.098043114
2014-09-23 13:00:00,-0.7246754040138998,0.072467044
2014-09-23 14:00:00,-0.8343971293455645,0.11442949
2014-09-23 15:00:00,-0.8014806117460651,0.08106668
2014-09-23 16:00:00,-0.7411336628136496,0.020409841
2014-09-23 17:00:00,-0.680786713881234,-0.010329476
2014-09-23 18:00:00,-0.6368980237485681,-0.030995319
2014-09-23 19:00:00,-0.5600928160164028,-0.072979346
2014-09-23 20:00:00,-0.4832876082842375,-0.09665534
2014-09-23 21:00:00,-0.2748163301540746,-0.090493105
2014-09-23 22:00:00,-0.3516215378862399,-0.11021057
2014-09-23 23:00:00,-0.1321780872229105,0.041849565
2014-09-24 00:00:00,-0.5491206434832363,-0.014822381
2014-09-24 01:00:00,-0.680786713881234,-0.10020013
2014-09-24 02:00:00,-0.680786713881234,-0.07837652
2014-09-24 03:00:00,-0.5930093336159022,-0.18278283
2014-09-24 04:00:00,-0.7137032314807333,-0.0790161
2014-09-24 05:00:00,-0.8782858194782304,-0.062006272
2014-09-24 06:00:00,-0.9989797173430616,-0.12303138
2014-09-24 07:00:00,-0.9770353722767288,-0.20233127
2014-09-24 08:00:00,-0.9112023370777298,-0.2578208
2014-09-24 09:00:00,-0.8563414744118975,-0.25747317
2014-09-24 10:00:00,-0.9550910272103956,-0.27992812
2014-09-24 11:00:00,-0.9112023370777298,-0.32633954
2014-09-24 12:00:00,-0.9441188546772292,-0.3240704
2014-09-24 13:00:00,-0.9221745096108964,-0.37668592
2014-09-24 14:00:00,-0.9441188546772292,-0.34938157
2014-09-24 15:00:00,-0.9770353722767288,-0.28766152
2014-09-24 16:00:00,-0.9880075448098952,-0.2571715
2014-09-24 17:00:00,-0.9880075448098952,-0.19871613
2014-09-24 18:00:00,-0.7575919216133993,-0.21879272
2014-09-24 19:00:00,-0.6698145413480675,-0.17713027
2014-09-24 20:00:00,-0.4832876082842375,-0.15601562
2014-09-24 21:00:00,-0.4284267456184051,-0.06615266
2014-09-24 22:00:00,-0.3955102280189058,-0.05529486
2014-09-24 23:00:00,0.0104601557082535,-0.14778669
2014-09-25 00:00:00,0.1201818810399182,-0.0729901
2014-09-25 01:00:00,-0.1980111224219093,-0.16554537
2014-09-25 02:00:00,-0.1760667773555763,-0.23503028
2014-09-25 03:00:00,-0.121205914689744,-0.18777046
2014-09-25 04:00:00,-0.0992615696234111,-0.37006712
2014-09-25 05:00:00,-0.2089832949550758,-0.3455085
2014-09-25 06:00:00,0.0324045007745865,-0.31353214
2014-09-25 07:00:00,-0.0114841893580793,-0.37581348
2014-09-25 08:00:00,0.0543488458409194,-0.35802317
2014-09-25 09:00:00,0.2299036063715829,-0.41870025
2014-09-25 10:00:00,0.4274027119685794,-0.52893174
2014-09-25 11:00:00,0.4493470570349123,-0.4677691
2014-09-25 12:00:00,0.5261522647670777,-0.37953708
2014-09-25 13:00:00,0.745595715430407,-0.3436296
2014-09-25 14:00:00,0.6249018175655758,-0.27907607
2014-09-25 15:00:00,0.6468461626319087,-0.3529773
2014-09-25 16:00:00,0.5590687823665771,-0.31280708
2014-09-25 17:00:00,0.4054583669022464,-0.31825608
2014-09-25 18:00:00,0.3067088141037483,-0.24459079
2014-09-25 19:00:00,0.4822635746344118,-0.110482216
2014-09-25 20:00:00,0.5151800922339111,-0.09354068
2014-09-25 21:00:00,0.6249018175655758,-0.0057155434
2014-09-25 22:00:00,0.4932357471675782,0.05608966
2014-09-25 23:00:00,-0.2857885026872411,0.2386713
2014-09-26 00:00:00,-0.4393989181515716,0.28079477
2014-09-26 01:00:00,-0.2748163301540746,0.149705
2014-09-26 02:00:00,-0.1541224322892434,0.16422129
2014-09-26 03:00:00,-0.1431502597560769,0.16469303
2014-09-26 04:00:00,-0.0114841893580793,0.18637338
2014-09-26 05:00:00,-0.0444007069575787,0.07788175
2014-09-26 06:00:00,0.0762931909072524,0.21035022
2014-09-26 07:00:00,0.1201818810399182,0.16454764
2014-09-26 08:00:00,0.2189314338384165,0.04133572
2014-09-26 09:00:00,0.2299036063715829,0.22011471
2014-09-26 10:00:00,0.2847644690374153,0.27716163
2014-09-26 11:00:00,0.3286531591700812,0.17956738
2014-09-26 12:00:00,0.2518479514379159,0.27526373
2014-09-26 13:00:00,0.3176809866369147,0.43256128
2014-09-26 14:00:00,0.5042079197007447,0.3054781
2014-09-26 15:00:00,0.6029574724992429,0.26319414
2014-09-26 16:00:00,1.0199000287595688,0.34394825
2014-09-26 17:00:00,1.0308722012927352,0.34057808
2014-09-26 18:00:00,1.1296217540912334,0.24707198
2014-09-26 19:00:00,1.283232169555564,0.22541466
2014-09-26 20:00:00,1.305176514621897,0.26465112
2014-09-26 21:00:00,1.0528165463590682,0.31051412
2014-09-26 22:00:00,0.7236513703640741,0.28269166
2014-09-26 23:00:00,0.5371244373002441,-0.004395541
2014-09-27 00:00:00,0.20795926130525,-0.029700723
2014-09-27 01:00:00,0.3505975042364141,0.02863707
2014-09-27 02:00:00,-0.4284267456184051,0.0036006682
2014-09-27 03:00:00,-0.9989797173430616,0.03359173
2014-09-27 04:00:00,-0.9989797173430616,0.062015038
2014-09-27 05:00:00,-0.6368980237485681,0.041907225
2014-09-27 06:00:00,-0.6259258512154017,-0.047237426
2014-09-27 07:00:00,-0.5381484709500699,-0.049108546
2014-09-27 08:00:00,-0.7905084392128987,0.004588995
2014-09-27 09:00:00,-0.8124527842792316,-0.0124794
2014-09-27 10:00:00,-0.9441188546772292,-0.0050502196
2014-09-27 11:00:00,-0.9331466821440628,-0.0014329106
2014-09-27 12:00:00,-0.9880075448098952,-0.045824535
2014-09-27 13:00:00,-1.0318962349425609,-0.05055727
2014-09-27 14:00:00,-0.9880075448098952,0.052369546
2014-09-27 15:00:00,-0.9880075448098952,0.091489315
2014-09-27 16:00:00,-0.9112023370777298,0.108396515
2014-09-27 17:00:00,-0.9221745096108964,0.21651554
2014-09-27 18:00:00,-0.8563414744118975,0.1449287
2014-09-27 19:00:00,-0.7466197490802328,0.14303686
2014-09-27 20:00:00,-0.5052319533505705,0.28233057
2014-09-27 21:00:00,-0.5271762984169034,0.2177898
2014-09-27 22:00:00,-0.4503710906847381,0.12733534
2014-09-27 23:00:00,-0.4503710906847381,0.08864449
2014-09-28 00:00:00,-0.2528719850877416,0.003364388
2014-09-28 01:00:00,-0.1870389498887428,-0.075822815
2014-09-28 02:00:00,-0.1870389498887428,-0.30266675
2014-09-28 03:00:00,-0.3735658829525728,-0.4546668
2014-09-28 04:00:00,-0.4503710906847381,-0.39054573
2014-09-28 05:00:00,-0.5600928160164028,-0.31113392
2014-09-28 06:00:00,-0.4613432632179046,-0.36265945
2014-09-28 07:00:00,-0.4284267456184051,-0.28810042
2014-09-28 08:00:00,-0.4064824005520722,-0.49501973
2014-09-28 09:00:00,-0.3187050202867404,-0.547345
2014-09-28 10:00:00,-0.1980111224219093,-0.5764168
2014-09-28 11:00:00,-0.1431502597560769,-0.5930257
2014-09-28 12:00:00,-0.0224563618912458,-0.5237626
2014-09-28 13:00:00,0.0104601557082535,-0.46970767
2014-09-28 14:00:00,-0.3406493653530734,-0.4116006
2014-09-28 15:00:00,-0.4174545730852387,-0.3506747
2014-09-28 16:00:00,-0.6039815061490686,-0.4267662
2014-09-28 17:00:00,-0.516204125883737,-0.45049977
2014-09-28 18:00:00,-0.5930093336159022,-0.26377568
2014-09-28 19:00:00,-0.472315435751071,-0.17769156
2014-09-28 20:00:00,-0.516204125883737,-0.031676196
2014-09-28 21:00:00,-0.5381484709500699,-0.09104045
2014-09-28 22:00:00,-0.4613432632179046,-0.07628876
2014-09-28 23:00:00,-0.2748163301540746,-0.08494423
2014-09-29 00:00:00,-0.2748163301540746,-0.040170614
2014-09-29 01:00:00,-0.2309276400214087,0.10434635
2014-09-29 02:00:00,-0.0334285344244122,0.16525483
2014-09-29 03:00:00,0.0543488458409194,0.11829212
2014-09-29 04:00:00,0.0543488458409194,-0.11153793
2014-09-29 05:00:00,0.0762931909072524,-0.23020545
2014-09-29 06:00:00,0.0324045007745865,-0.14399476
2014-09-29 07:00:00,0.02143232824142,-0.17608431
2014-09-29 08:00:00,-0.0334285344244122,-0.09826879
2014-09-29 09:00:00,-0.0114841893580793,0.06905295
2014-09-29 10:00:00,-0.1650946048224099,0.08260566
2014-09-29 11:00:00,-0.2528719850877416,0.015294578
2014-09-29 12:00:00,-0.9112023370777298,0.14535193
2014-09-29 13:00:00,-0.9550910272103956,0.13607645
2014-09-29 14:00:00,-0.9880075448098952,-0.06220124
2014-09-29 15:00:00,-0.9880075448098952,-0.10416046
2014-09-29 16:00:00,-0.966063199743562,-0.051024165
2014-09-29 17:00:00,-0.9550910272103956,-0.0016778
2014-09-29 18:00:00,-0.966063199743562,-0.0816543
2014-09-29 19:00:00,-0.966063199743562,-0.032339774
2014-09-29 20:00:00,-0.9441188546772292,-0.02345306
2014-09-29 21:00:00,-0.867313646945064,0.0095251575
2014-09-29 22:00:00,-0.9112023370777298,0.065299794
2014-09-29 23:00:00,-0.845369301878731,0.12503713
2014-09-30 00:00:00,-0.8124527842792316,0.0028492399
2014-09-30 01:00:00,-0.8782858194782304,-0.098671585
2014-09-30 02:00:00,-0.8343971293455645,-0.009769142
2014-09-30 03:00:00,-0.8563414744118975,-0.0014432408
2014-09-30 04:00:00,-0.9112023370777298,0.15537775
2014-09-30 05:00:00,-0.9112023370777298,0.1881265
2014-09-30 06:00:00,-0.8782858194782304,0.06758271
2014-09-30 07:00:00,-0.9550910272103956,-0.06606594
2014-09-30 08:00:00,-0.9002301645445634,-0.13605703
2014-09-30 09:00:00,-0.9331466821440628,-0.03432914
2014-09-30 10:00:00,-0.9112023370777298,-0.28378218
2014-09-30 11:00:00,-0.845369301878731,-0.3299412
2014-09-30 12:00:00,-0.8563414744118975,-0.40014744
2014-09-30 13:00:00,-0.9221745096108964,-0.49498907
2014-09-30 14:00:00,-0.8563414744118975,-0.4822396
2014-09-30 15:00:00,-0.867313646945064,-0.4130014
2014-09-30 16:00:00,-0.845369301878731,-0.38826102
2014-09-30 17:00:00,-0.8782858194782304,-0.41644505
2014-09-30 18:00:00,-0.8124527842792316,-0.44673914
2014-09-30 19:00:00,-0.7575919216133993,-0.4169294
2014-09-30 20:00:00,-0.6149536786822352,-0.27810514
2014-09-30 21:00:00,-0.516204125883737,-0.18527722
2014-09-30 22:00:00,-0.472315435751071,-0.099209234
2014-09-30 23:00:00,-0.4393989181515716,-0.092495084
2014-10-01 00:00:00,-0.2418998125545752,-0.030735394
2014-10-01 01:00:00,-0.1650946048224099,0.06836839
2014-10-01 02:00:00,-0.1870389498887428,0.08724959
2014-10-01 03:00:00,-0.121205914689744,0.07641104
2014-10-01 04:00:00,-0.2199554674882422,0.046448443
2014-10-01 05:00:00,-0.2199554674882422,0.0879153
2014-10-01 06:00:00,-0.3406493653530734,0.10976656
2014-10-01 07:00:00,-0.4613432632179046,0.08267966
2014-10-01 08:00:00,-0.4174545730852387,0.18491402
2014-10-01 09:00:00,-0.2967606752204075,0.19714792
2014-10-01 10:00:00,-0.2528719850877416,0.19577992
2014-10-01 11:00:00,-0.1102337421565775,0.20364182
2014-10-01 12:00:00,-0.0992615696234111,0.1795118
2014-10-01 13:00:00,-0.0444007069575787,0.16077423
2014-10-01 14:00:00,-0.3187050202867404,0.11459908
2014-10-01 15:00:00,-0.2528719850877416,0.18671083
2014-10-01 16:00:00,-0.2638441576209081,0.18061015
2014-10-01 17:00:00,-0.0005120168249128,0.12124646
2014-10-01 18:00:00,-0.0005120168249128,0.17770928
2014-10-01 19:00:00,-0.0334285344244122,0.1653573
2014-10-01 20:00:00,-0.0773172245570781,0.2097862
2014-10-01 21:00:00,-0.1321780872229105,0.27986544
2014-10-01 22:00:00,-0.1980111224219093,0.30763805
2014-10-01 23:00:00,-0.1541224322892434,0.30227315
2014-10-02 00:00:00,-0.1980111224219093,0.33636928
2014-10-02 01:00:00,-0.3406493653530734,0.3555448
2014-10-02 02:00:00,-0.3735658829525728,0.1931696
2014-10-02 03:00:00,-0.4503710906847381,0.22642529
2014-10-02 04:00:00,-0.4174545730852387,0.20166004
2014-10-02 05:00:00,-0.2967606752204075,0.11688715
2014-10-02 06:00:00,-0.2199554674882422,0.19022174
2014-10-02 07:00:00,-0.2857885026872411,0.12681559
2014-10-02 08:00:00,-0.2309276400214087,0.1103746
2014-10-02 09:00:00,-0.3955102280189058,0.08417785
2014-10-02 10:00:00,-0.4284267456184051,0.050873127
2014-10-02 11:00:00,-0.2748163301540746,0.07782285
2014-10-02 12:00:00,-0.3955102280189058,-0.047474626
2014-10-02 13:00:00,-0.6698145413480675,-0.0380108
2014-10-02 14:00:00,-0.7575919216133993,-0.115424186
2014-10-02 15:00:00,-0.8014806117460651,-0.09868355
2014-10-02 16:00:00,-0.867313646945064,-0.071564935
2014-10-02 17:00:00,-0.8014806117460651,-0.06479642
2014-10-02 18:00:00,-0.7356475765470664,-0.10442747
2014-10-02 19:00:00,-0.4393989181515716,-0.040621363
2014-10-02 20:00:00,-0.2309276400214087,-0.12431094
2014-10-02 21:00:00,-0.0773172245570781,-0.19460523
2014-10-02 22:00:00,0.3176809866369147,-0.17906222
2014-10-02 23:00:00,0.3505975042364141,-0.26183972
2014-10-03 00:00:00,0.2299036063715829,-0.24522719
2014-10-03 01:00:00,0.1640705711725841,-0.26673082
2014-10-03 02:00:00,0.1421262261062512,-0.33650094
2014-10-03 03:00:00,0.3835140218359135,-0.3387095
2014-10-03 04:00:00,0.1640705711725841,-0.36501452
2014-10-03 05:00:00,0.5371244373002441,-0.29067427
2014-10-03 06:00:00,0.0982375359735853,-0.32417113
2014-10-03 07:00:00,-0.2967606752204075,-0.3877797
2014-10-03 08:00:00,-0.472315435751071,-0.35668525
2014-10-03 09:00:00,-0.516204125883737,-0.36757594
2014-10-03 10:00:00,-0.4503710906847381,-0.43207294
2014-10-03 11:00:00,-0.472315435751071,-0.32107317
2014-10-03 12:00:00,-0.1760667773555763,-0.35495305
2014-10-03 13:00:00,-0.0992615696234111,-0.47527906
2014-10-03 14:00:00,0.3615696767695806,-0.4316432
2014-10-03 15:00:00,0.7894844055630729,-0.45756552
2014-10-03 16:00:00,0.8992061308947376,-0.40337905
2014-10-03 17:00:00,1.1076774090249004,-0.40446258
2014-10-03 18:00:00,1.1735104442238993,-0.33679932
2014-10-03 19:00:00,1.0857330639585676,-0.23110035
2014-10-03 20:00:00,0.8443452682289052,-0.060873926
2014-10-03 21:00:00,0.6687905076982418,0.057532083
2014-10-03 22:00:00,0.6139296450324094,0.11730781
2014-10-03 23:00:00,0.5700409548997435,0.20101535
2014-10-04 00:00:00,0.3286531591700812,0.16183883
2014-10-04 01:00:00,-0.0663450520239117,0.22422296
2014-10-04 02:00:00,-0.2089832949550758,0.15433586
2014-10-04 03:00:00,-0.2089832949550758,0.2764095
2014-10-04 04:00:00,-0.2418998125545752,0.21937841
2014-10-04 05:00:00,-0.3406493653530734,0.27460563
2014-10-04 06:00:00,-0.4503710906847381,0.2718101
2014-10-04 07:00:00,-0.494259780817404,0.057286542
2014-10-04 08:00:00,-0.5052319533505705,-0.06626807
2014-10-04 09:00:00,-0.4613432632179046,-0.07591145
2014-10-04 10:00:00,-0.4284267456184051,-0.017917406
2014-10-04 11:00:00,-0.2748163301540746,0.098596305
2014-10-04 12:00:00,-0.2418998125545752,0.127743
2014-10-04 13:00:00,-0.0334285344244122,0.13513744
2014-10-04 14:00:00,0.0543488458409194,0.29122555
2014-10-04 15:00:00,0.0324045007745865,0.38888448
2014-10-04 16:00:00,-0.0005120168249128,0.34813407
2014-10-04 17:00:00,0.0762931909072524,0.3758693
2014-10-04 18:00:00,0.0982375359735853,0.40139216
2014-10-04 19:00:00,0.1750427437057506,0.51479805
2014-10-04 20:00:00,0.1311540535730847,0.422624
2014-10-04 21:00:00,0.0104601557082535,0.4148439
2014-10-04 22:00:00,-0.2199554674882422,0.531302
2014-10-04 23:00:00,-0.2528719850877416,0.44772866
2014-10-05 00:00:00,-0.2309276400214087,0.33761787
2014-10-05 01:00:00,-0.1541224322892434,0.21419673
2014-10-05 02:00:00,-0.307732847753574,0.14799806
2014-10-05 03:00:00,-0.329677192819907,0.15683071
2014-10-05 04:00:00,-0.3955102280189058,0.05190515
2014-10-05 05:00:00,-0.3625937104194063,0.03594848
2014-10-05 06:00:00,-0.4064824005520722,-0.0017556027
2014-10-05 07:00:00,-0.5052319533505705,-0.023883317
2014-10-05 08:00:00,-0.5491206434832363,-0.029428612
2014-10-05 09:00:00,-0.867313646945064,-0.07289627
2014-10-05 10:00:00,-0.9770353722767288,-0.13325356
2014-10-05 11:00:00,-0.9880075448098952,-0.15515321
2014-10-05 12:00:00,-1.009951889876228,-0.14480409
2014-10-05 13:00:00,-1.0209240624093945,-0.07770321
2014-10-05 14:00:00,-0.9880075448098952,0.017372213
2014-10-05 15:00:00,-0.966063199743562,-0.029155292
2014-10-05 16:00:00,-1.009951889876228,-0.019561708
2014-10-05 17:00:00,-1.0318962349425609,0.013140488
2014-10-05 18:00:00,-0.9770353722767288,0.08090569
2014-10-05 19:00:00,-0.9112023370777298,0.25199994
2014-10-05 20:00:00,-0.8563414744118975,0.13451684
2014-10-05 21:00:00,-0.8014806117460651,0.05406877
2014-10-05 22:00:00,-0.6259258512154017,0.022495952
2014-10-05 23:00:00,-0.7246754040138998,0.10462023
2014-10-06 00:00:00,-0.6698145413480675,0.19513798
2014-10-06 01:00:00,-0.7466197490802328,0.14533964
2014-10-06 02:00:00,-0.7905084392128987,0.19678748
2014-10-06 03:00:00,-0.7905084392128987,0.17710681
2014-10-06 04:00:00,-0.8563414744118975,0.09680265
2014-10-06 05:00:00,-0.8014806117460651,0.032119345
2014-10-06 06:00:00,-0.8563414744118975,-0.010347711
2014-10-06 07:00:00,-0.8563414744118975,-0.0690906
2014-10-06 08:00:00,-0.823424956812398,-0.10253477
2014-10-06 09:00:00,-0.867313646945064,-0.1534578
2014-10-06 10:00:00,-0.8563414744118975,-0.22794662
2014-10-06 11:00:00,-0.9002301645445634,-0.23663807
2014-10-06 12:00:00,-0.9002301645445634,-0.3027966
2014-10-06 13:00:00,-0.8563414744118975,-0.36785722
2014-10-06 14:00:00,-0.8782858194782304,-0.35559005
2014-10-06 15:00:00,-0.823424956812398,-0.36017817
2014-10-06 16:00:00,-0.8563414744118975,-0.35147142
2014-10-06 17:00:00,-0.823424956812398,-0.38852572
2014-10-06 18:00:00,-0.7356475765470664,-0.37774098
2014-10-06 19:00:00,-0.5491206434832363,-0.28045
2014-10-06 20:00:00,-0.4284267456184051,-0.17878258
2014-10-06 21:00:00,-0.2857885026872411,-0.16480209
2014-10-06 22:00:00,-0.2309276400214087,-0.042955503
2014-10-06 23:00:00,-0.2528719850877416,-0.010092098
2014-10-07 00:00:00,-0.0992615696234111,0.0032006688
2014-10-07 01:00:00,-0.0663450520239117,0.004572656
2014-10-07 02:00:00,0.0762931909072524,0.053709175
2014-10-07 03:00:00,0.1530983986394176,-0.05034419
2014-10-07 04:00:00,0.0433766733077529,-0.033917505
2014-10-07 05:00:00,-0.0773172245570781,0.028925795
2014-10-07 06:00:00,-0.1650946048224099,-0.003818456
2014-10-07 07:00:00,-0.2748163301540746,-0.01090133
2014-10-07 08:00:00,-0.2748163301540746,-0.100402966
2014-10-07 09:00:00,-0.3735658829525728,-0.06799611
2014-10-07 10:00:00,-0.3735658829525728,-0.07680511
2014-10-07 11:00:00,-0.1980111224219093,-0.092020065
2014-10-07 12:00:00,0.0433766733077529,-0.06408838
2014-10-07 13:00:00,0.1969870887720835,-0.11075023
2014-10-07 14:00:00,0.4383748845017459,-0.020317402
2014-10-07 15:00:00,0.6358739900987423,-0.12931702
2014-10-07 16:00:00,0.8662896132952382,-0.14725892
2014-10-07 17:00:00,0.8992061308947376,-0.05767728
2014-10-07 18:00:00,0.9760113386269028,0.029724251
2014-10-07 19:00:00,1.3161486871550634,0.14551805
2014-10-07 20:00:00,1.5904530004842252,0.17011346
2014-10-07 21:00:00,1.70017472581589,0.345924
2014-10-07 22:00:00,2.0183677292777173,0.42144585
2014-10-07 23:00:00,2.4791989756707093,0.35374504
2014-10-08 00:00:00,2.2048946623415477,0.36234662
2014-10-08 01:00:00,2.07322859194355,0.34165132
2014-10-08 02:00:00,1.8537851412802204,0.2578665
2014-10-08 03:00:00,1.634341690616891,0.3739873
2014-10-08 04:00:00,1.447814757553061,0.2992975
2014-10-08 05:00:00,1.3380930322213964,0.16499388
2014-10-08 06:00:00,1.283232169555564,0.18881321
2014-10-08 07:00:00,1.2612878244892312,0.10421029
2014-10-08 08:00:00,1.5685086554178922,0.06456627
2014-10-08 09:00:00,1.3600373772877292,-0.025489764
2014-10-08 10:00:00,1.491703447685727,-0.058944415
2014-10-08 11:00:00,1.7111468983490563,-0.05051742
2014-10-08 12:00:00,1.88670165887972,0.0036161207
2014-10-08 13:00:00,1.820868623680721,0.20737973
2014-10-08 14:00:00,1.9744790391450515,0.30499068
2014-10-08 15:00:00,2.4133659404717105,0.23747188
2014-10-08 16:00:00,2.896141531931035,0.27255142
2014-10-08 17:00:00,3.104612810061198,0.38220936
2014-10-08 18:00:00,3.313084088191361,0.46436465
2014-10-08 19:00:00,3.247251052992362,0.62798154
2014-10-08 20:00:00,3.4996110212551907,0.73828113
2014-10-08 21:00:00,3.642249264186355,0.7834443
2014-10-08 22:00:00,3.642249264186355,0.9409283
2014-10-08 23:00:00,3.356972778324027,1.0907414
2014-10-09 00:00:00,3.1594736727270303,1.0783874
2014-10-09 01:00:00,2.940030222063701,1.1361983
2014-10-09 02:00:00,2.797391979132537,1.020521
2014-10-09 03:00:00,2.731558943933538,0.79231393
2014-10-09 04:00:00,2.775447634066204,0.7117618
2014-10-09 05:00:00,2.687670253800872,0.70384824
2014-10-09 06:00:00,2.643781563668206,0.5677445
2014-10-09 07:00:00,2.5998928735355404,0.51717323
2014-10-09 08:00:00,2.6547537362013727,0.6403539
2014-10-09 09:00:00,2.6547537362013727,0.5835147
2014-10-09 10:00:00,2.566976355936041,0.6525001
2014-10-09 11:00:00,2.5998928735355404,0.66353536
2014-10-09 12:00:00,2.6657259087345397,0.605507
2014-10-09 13:00:00,2.7425311164667043,0.62507796
2014-10-09 14:00:00,2.896141531931035,0.6074927
2014-10-09 15:00:00,2.994891084729533,0.7448658
2014-10-09 16:00:00,3.126557155127531,1.0429522
2014-10-09 17:00:00,3.2691953980586947,1.0188795
2014-10-09 18:00:00,3.620304919120022,1.0590514
2014-10-09 19:00:00,3.75197098951802,1.0056013
2014-10-09 20:00:00,3.762943162051186,1.1493262
2014-10-09 21:00:00,3.708082299385354,1.2543883
2014-10-09 22:00:00,3.5105831937883574,1.3013588
2014-10-09 23:00:00,3.883637059916017,1.3302116
2014-10-10 00:00:00,3.620304919120022,1.0511953
2014-10-10 01:00:00,3.247251052992362,1.1478525
2014-10-10 02:00:00,3.137529327660697,1.0084382
2014-10-10 03:00:00,3.016835429795866,0.8628888
2014-10-10 04:00:00,2.676698081267705,1.0246829
2014-10-10 05:00:00,2.7205867714003715,0.80991894
2014-10-10 06:00:00,2.6108650460687066,0.9144205
2014-10-10 07:00:00,2.402393767938544,0.9234821
2014-10-10 08:00:00,2.457254630604376,0.8078796
2014-10-10 09:00:00,2.44628245807121,0.8086049
2014-10-10 10:00:00,2.5340598383365416,0.7906949
2014-10-10 11:00:00,2.545032010869708,0.68442804
2014-10-10 12:00:00,2.501143320737042,0.7890557
2014-10-10 13:00:00,2.3036442151400456,0.92899936
2014-10-10 14:00:00,2.171978144742048,0.9471092
2014-10-10 15:00:00,1.8318407962138876,1.0247897
2014-10-10 16:00:00,1.7660077610148888,1.02277
2014-10-10 17:00:00,1.5685086554178922,1.1359798
2014-10-10 18:00:00,1.7879521060812216,1.2770746
2014-10-10 19:00:00,2.215866834874714,1.3988277
2014-10-10 20:00:00,2.5340598383365416,1.4215353
2014-10-10 21:00:00,2.523087665803375,1.3146921
2014-10-10 22:00:00,2.2816998700737128,1.3563417
2014-10-10 23:00:00,2.4353102855380437,1.450432
2014-10-11 00:00:00,2.501143320737042,1.5584551
2014-10-11 01:00:00,2.2268390074078805,1.3826736
2014-10-11 02:00:00,2.084200764476716,1.2732606
2014-10-11 03:00:00,2.380449422872211,1.2532226
2014-10-11 04:00:00,2.347532905272712,0.9889809
2014-10-11 05:00:00,1.8537851412802204,1.1518031
2014-10-11 06:00:00,1.1405939266243998,1.0258989
2014-10-11 07:00:00,1.283232169555564,0.7410971
2014-10-11 08:00:00,1.118649581558067,0.9628632
2014-10-11 09:00:00,1.0528165463590682,0.95290446
2014-10-11 10:00:00,1.425870412486728,0.92927074
2014-10-11 11:00:00,1.7111468983490563,0.9879273
2014-10-11 12:00:00,1.6014251730173916,0.9447208
2014-10-11 13:00:00,1.5685086554178922,0.81254447
2014-10-11 14:00:00,1.5026756202188931,0.72549665
2014-10-11 15:00:00,1.4587869300862275,0.73835564
2014-10-11 16:00:00,1.5246199652852264,0.62899065
2014-10-11 17:00:00,1.6782303807495569,0.56363606
2014-10-11 18:00:00,0.0872653634404188,0.6210306
2014-10-11 19:00:00,-0.867313646945064,0.8021271
2014-10-11 20:00:00,-0.9002301645445634,0.88599837
2014-10-11 21:00:00,-1.0428684074757275,0.85390586
2014-10-11 22:00:00,-1.0318962349425609,0.9413808
2014-10-11 23:00:00,-1.0209240624093945,0.89221185
2014-10-12 00:00:00,-1.009951889876228,0.8456793
2014-10-12 01:00:00,-1.0428684074757275,0.82227933
2014-10-12 02:00:00,-1.0209240624093945,0.7982671
2014-10-12 03:00:00,-0.9989797173430616,0.88382685
2014-10-12 04:00:00,-0.9989797173430616,0.8523052
2014-10-12 05:00:00,-0.9989797173430616,0.74416864
2014-10-12 06:00:00,-1.009951889876228,0.53969467
2014-10-12 07:00:00,-1.0209240624093945,0.4933226
2014-10-12 08:00:00,-1.053840580008894,0.46939003
2014-10-12 09:00:00,-1.0648127525420603,0.44511202
2014-10-12 10:00:00,-1.053840580008894,0.48043203
2014-10-12 11:00:00,-1.0318962349425609,0.5664076
2014-10-12 12:00:00,-1.0648127525420603,0.5227856
2014-10-12 13:00:00,-1.0428684074757275,0.5956012
2014-10-12 14:00:00,-1.0318962349425609,0.58137983
2014-10-12 15:00:00,-1.0318962349425609,0.44871467
2014-10-12 16:00:00,-1.053840580008894,0.49162245
2014-10-12 17:00:00,-1.0209240624093945,0.5047202
2014-10-12 18:00:00,-1.0318962349425609,0.02706271
2014-10-12 19:00:00,-1.0209240624093945,-0.28547686
2014-10-12 20:00:00,-0.9550910272103956,-0.2844978
2014-10-12 21:00:00,-1.009951889876228,-0.3287726
2014-10-12 22:00:00,-0.9880075448098952,-0.35620928
2014-10-12 23:00:00,-0.9880075448098952,-0.27705085
2014-10-13 00:00:00,-1.0209240624093945,-0.31994537
2014-10-13 01:00:00,-1.0428684074757275,-0.40739796
2014-10-13 02:00:00,-1.0648127525420603,-0.37847322
2014-10-13 03:00:00,-1.0648127525420603,-0.37304127
2014-10-13 04:00:00,-1.0209240624093945,-0.35787234
2014-10-13 05:00:00,-0.9989797173430616,-0.3410918
2014-10-13 06:00:00,-1.0209240624093945,-0.34953344
2014-10-13 07:00:00,-1.0428684074757275,-0.33009022
2014-10-13 08:00:00,-1.0428684074757275,-0.35012645
2014-10-13 09:00:00,-1.0209240624093945,-0.4076761
2014-10-13 10:00:00,-0.9989797173430616,-0.39151046
2014-10-13 11:00:00,-1.009951889876228,-0.39536732
2014-10-13 12:00:00,-0.9989797173430616,-0.4235445
2014-10-13 13:00:00,-0.9989797173430616,-0.3810462
2014-10-13 14:00:00,-1.009951889876228,-0.2978428
2014-10-13 15:00:00,-0.9880075448098952,-0.26022708
2014-10-13 16:00:00,-0.9880075448098952,-0.20740429
2014-10-13 17:00:00,-1.009951889876228,-0.2021394
2014-10-13 18:00:00,-0.9550910272103956,-0.12837172
2014-10-13 19:00:00,-0.8343971293455645,-0.09126933
2014-10-13 20:00:00,-0.7137032314807333,-0.06789358
2014-10-13 21:00:00,-0.7137032314807333,-0.08328067
2014-10-13 22:00:00,-0.5381484709500699,-0.0824966
2014-10-13 23:00:00,-0.4503710906847381,-0.08592522
2014-10-14 00:00:00,-0.4284267456184051,-0.08471792
2014-10-14 01:00:00,-0.5820371610827357,-0.05341444
2014-10-14 02:00:00,-0.6368980237485681,-0.06489901
2014-10-14 03:00:00,-0.6039815061490686,-0.07377292
2014-10-14 04:00:00,-0.5820371610827357,-0.039324705
2014-10-14 05:00:00,-0.7356475765470664,-0.043750204
2014-10-14 06:00:00,-0.8782858194782304,-0.028732665
2014-10-14 07:00:00,-0.823424956812398,-0.008919954
2014-10-14 08:00:00,-0.8563414744118975,-0.088919744
2014-10-14 09:00:00,-0.9112023370777298,-0.17229444
2014-10-14 10:00:00,-0.8124527842792316,-0.12303956
2014-10-14 11:00:00,-0.7905084392128987,-0.17810479
2014-10-14 12:00:00,-0.7575919216133993,-0.24168222
2014-10-14 13:00:00,-0.5930093336159022,-0.2103697
2014-10-14 14:00:00,-0.5600928160164028,-0.1443383
2014-10-14 15:00:00,-0.6917588864144004,-0.061399437
2014-10-14 16:00:00,-0.7575919216133993,-0.09512468
2014-10-14 17:00:00,-0.7575919216133993,-0.0069126915
2014-10-14 18:00:00,-0.5052319533505705,0.018676806
2014-10-14 19:00:00,-0.3625937104194063,0.065462604
2014-10-14 20:00:00,-0.2748163301540746,0.21107648
2014-10-14 21:00:00,-0.1321780872229105,0.29101738
2014-10-14 22:00:00,0.1530983986394176,0.3439863
2014-10-14 23:00:00,0.3067088141037483,0.39032072
2014-10-15 00:00:00,0.4493470570349123,0.41202396
2014-10-15 01:00:00,0.5371244373002441,0.2555285
2014-10-15 02:00:00,0.5371244373002441,0.24332166
2014-10-15 03:00:00,0.2737922965042488,0.15283117
2014-10-15 04:00:00,-0.0882893970902446,0.044297677
2014-10-15 05:00:00,0.1092097085067518,0.06882903
2014-10-15 06:00:00,-0.121205914689744,-0.015246332
2014-10-15 07:00:00,-0.1760667773555763,-0.064214125
2014-10-15 08:00:00,-0.0553728794907452,-0.09464379
2014-10-15 09:00:00,-0.4174545730852387,-0.15514615
2014-10-15 10:00:00,-0.845369301878731,-0.16696908
2014-10-15 11:00:00,-0.9770353722767288,-0.18100311
2014-10-15 12:00:00,-0.9550910272103956,-0.10058984
2014-10-15 13:00:00,-0.9989797173430616,-0.06353924
2014-10-15 14:00:00,-0.966063199743562,-0.16908973
2014-10-15 15:00:00,-0.9989797173430616,-0.2755289
2014-10-15 16:00:00,-1.009951889876228,-0.2239811
2014-10-15 17:00:00,-0.9989797173430616,-0.17502972
2014-10-15 18:00:00,-1.009951889876228,-0.093578056
2014-10-15 19:00:00,-1.0209240624093945,-0.018847693
2014-10-15 20:00:00,-0.9221745096108964,0.07398635
2014-10-15 21:00:00,-0.8782858194782304,0.18183535
2014-10-15 22:00:00,-0.9112023370777298,0.3173775
2014-10-15 23:00:00,-0.8782858194782304,0.37005398
2014-10-16 00:00:00,-0.658842368814901,0.41209197
2014-10-16 01:00:00,-0.8014806117460651,0.44922045
2014-10-16 02:00:00,-0.8014806117460651,0.37881285
2014-10-16 03:00:00,-0.7795362666797322,0.30903244
2014-10-16 04:00:00,-0.7575919216133993,0.2586285
2014-10-16 05:00:00,-0.6917588864144004,0.23484546
2014-10-16 06:00:00,-0.7027310589475669,0.15793845
2014-10-16 07:00:00,-0.6259258512154017,0.09281233
2014-10-16 08:00:00,-0.6149536786822352,0.005067285
2014-10-16 09:00:00,-0.6149536786822352,-0.2307887
2014-10-16 10:00:00,-0.823424956812398,-0.37886256
2014-10-16 11:00:00,-0.9112023370777298,-0.5230687
2014-10-16 12:00:00,-0.9112023370777298,-0.5962744
2014-10-16 13:00:00,-0.8014806117460651,-0.5667505
2014-10-16 14:00:00,-0.7795362666797322,-0.57097507
2014-10-16 15:00:00,-0.7795362666797322,-0.56486464
2014-10-16 16:00:00,-0.7027310589475669,-0.6803411
2014-10-16 17:00:00,-0.4503710906847381,-0.58808845
2014-10-16 18:00:00,-0.4503710906847381,-0.5701269
2014-10-16 19:00:00,-0.472315435751071,-0.6015381
2014-10-16 20:00:00,-0.494259780817404,-0.49366567
2014-10-16 21:00:00,-0.4393989181515716,-0.4401765
2014-10-16 22:00:00,-0.329677192819907,-0.3547427
2014-10-16 23:00:00,-0.2199554674882422,-0.18887104
2014-10-17 00:00:00,-0.1650946048224099,-0.07701522
2014-10-17 01:00:00,-0.1321780872229105,-0.14800622
2014-10-17 02:00:00,-0.0992615696234111,0.0125697665
2014-10-17 03:00:00,-0.0224563618912458,-0.022856437
2014-10-17 04:00:00,0.0324045007745865,-0.09250133
2014-10-17 05:00:00,0.0104601557082535,0.08129677
2014-10-17 06:00:00,-0.0224563618912458,0.116720736
2014-10-17 07:00:00,-0.0114841893580793,0.11660656
2014-10-17 08:00:00,-0.0553728794907452,0.03483719
2014-10-17 09:00:00,-0.2638441576209081,0.13248459
2014-10-17 10:00:00,-0.2199554674882422,0.11460844
2014-10-17 11:00:00,-0.1431502597560769,-0.012444055
2014-10-17 12:00:00,-0.1431502597560769,-0.037479885
2014-10-17 13:00:00,-0.1980111224219093,-0.047668245
2014-10-17 14:00:00,0.0543488458409194,-0.10391165
2014-10-17 15:00:00,0.1750427437057506,-0.06648241
2014-10-17 16:00:00,0.0324045007745865,-0.031150877
2014-10-17 17:00:00,0.0982375359735853,0.015170585
2014-10-17 18:00:00,0.1969870887720835,0.078562945
2014-10-17 19:00:00,0.2957366415705817,0.12232472
2014-10-17 20:00:00,0.4822635746344118,0.14234887
2014-10-17 21:00:00,0.9760113386269028,0.15462756
2014-10-17 22:00:00,0.9869835111600692,0.29544348
2014-10-17 23:00:00,1.3710095498208958,0.3215248
2014-10-18 00:00:00,1.217399134356565,0.33593455
2014-10-18 01:00:00,1.0637887188922346,0.33224005
2014-10-18 02:00:00,1.096705236491734,0.24237609
2014-10-18 03:00:00,1.0637887188922346,0.30813986
2014-10-18 04:00:00,1.0199000287595688,0.20117915
2014-10-18 05:00:00,0.8772617858284046,0.14602001
2014-10-18 06:00:00,0.186014916238917,0.14168769
2014-10-18 07:00:00,0.1092097085067518,0.09282839
2014-10-18 08:00:00,0.1201818810399182,0.04107668
2014-10-18 09:00:00,-0.0663450520239117,-0.084564224
2014-10-18 10:00:00,0.1311540535730847,-0.09772374
2014-10-18 11:00:00,0.1092097085067518,-0.086190954
2014-10-18 12:00:00,0.6029574724992429,-0.113366365
2014-10-18 13:00:00,0.9430948210274036,-0.04770488
2014-10-18 14:00:00,1.0308722012927352,-0.011714458
2014-10-18 15:00:00,1.2064269618233987,-0.07769723
2014-10-18 16:00:00,1.2612878244892312,-0.13072348
2014-10-18 17:00:00,1.425870412486728,-0.046912447
2014-10-18 18:00:00,1.5246199652852264,0.11489692
2014-10-18 19:00:00,1.88670165887972,0.20401008
2014-10-18 20:00:00,2.150033799675715,0.29073933
2014-10-18 21:00:00,2.358505077805878,0.509435
2014-10-18 22:00:00,2.81933632419887,0.5404459
2014-10-18 23:00:00,3.0936406375280314,0.68012106
2014-10-19 00:00:00,3.356972778324027,0.6388242
2014-10-19 01:00:00,3.34600060579086,0.5495279
2014-10-19 02:00:00,3.170445845260197,0.43765575
2014-10-19 03:00:00,3.258223225525529,0.41562742
2014-10-19 04:00:00,3.433777986056192,0.492122
2014-10-19 05:00:00,2.994891084729533,0.4105313
2014-10-19 06:00:00,2.874197186864702,0.23274231
2014-10-19 07:00:00,2.808364151665703,0.0814963
2014-10-19 08:00:00,2.676698081267705,-0.016350381
2014-10-19 09:00:00,2.7644754615330376,-0.0630861
2014-10-19 10:00:00,2.81933632419887,0.013045542
2014-10-19 11:00:00,2.775447634066204,0.04777887
2014-10-19 12:00:00,2.106145109543049,0.09222978
2014-10-19 13:00:00,1.239343479422898,0.2949996
2014-10-19 14:00:00,1.2064269618233987,0.320547
2014-10-19 15:00:00,0.910178303427904,0.27636957
2014-10-19 16:00:00,0.6687905076982418,0.35439086
2014-10-19 17:00:00,0.58101312743291,0.44434965
2014-10-19 18:00:00,0.7565678879635735,0.45996812
2014-10-19 19:00:00,1.0528165463590682,0.58282834
2014-10-19 20:00:00,1.096705236491734,0.8151296
2014-10-19 21:00:00,1.0637887188922346,0.86554444
2014-10-19 22:00:00,0.8553174407620717,1.1168461
2014-10-19 23:00:00,0.6687905076982418,1.2600383
2014-10-20 00:00:00,0.6687905076982418,1.2746538
2014-10-20 01:00:00,0.7236513703640741,1.2935463
2014-10-20 02:00:00,0.7785122330299065,1.1164924
2014-10-20 03:00:00,0.8443452682289052,1.1566817
2014-10-20 04:00:00,0.8443452682289052,1.1753925
2014-10-20 05:00:00,0.9760113386269028,0.924835
2014-10-20 06:00:00,0.95406699356057,1.1279646
2014-10-20 07:00:00,1.0089278562264024,1.121571
2014-10-20 08:00:00,1.1296217540912334,0.95447266
2014-10-20 09:00:00,1.469759102619394,1.1088227
2014-10-20 10:00:00,1.7660077610148888,1.048256
2014-10-20 11:00:00,1.8098964511475544,0.9395069
2014-10-20 12:00:00,1.842812968747054,0.7008563
2014-10-20 13:00:00,2.029339901810884,0.44046938
2014-10-20 14:00:00,1.798924278614388,0.4519453
2014-10-20 15:00:00,1.6782303807495569,0.329306
2014-10-20 16:00:00,1.6014251730173916,0.31189197
2014-10-20 17:00:00,1.5246199652852264,0.30901203
2014-10-20 18:00:00,1.7111468983490563,0.25620916
2014-10-20 19:00:00,1.6782303807495569,0.39004168
2014-10-20 20:00:00,1.7769799335480552,0.3482778
2014-10-20 21:00:00,1.5246199652852264,0.27238303
2014-10-20 22:00:00,0.4712914021012453,0.26063502
2014-10-20 23:00:00,-0.3187050202867404,0.07827762
2014-10-21 00:00:00,-0.4284267456184051,0.08523527
2014-10-21 01:00:00,-0.7246754040138998,0.14450222
2014-10-21 02:00:00,-0.7027310589475669,0.21198303
2014-10-21 03:00:00,-0.7356475765470664,0.18852583
2014-10-21 04:00:00,-0.7575919216133993,0.042798255
2014-10-21 05:00:00,-0.8343971293455645,0.2080888
2014-10-21 06:00:00,-0.7575919216133993,0.18025567
2014-10-21 07:00:00,-0.680786713881234,0.19254363
2014-10-21 08:00:00,-0.680786713881234,0.31090608
2014-10-21 09:00:00,-0.680786713881234,0.3132881
2014-10-21 10:00:00,-0.680786713881234,0.24467036
2014-10-21 11:00:00,-0.7027310589475669,0.38142794
2014-10-21 12:00:00,-0.680786713881234,0.44191816
2014-10-21 13:00:00,-0.6917588864144004,0.4404735
2014-10-21 14:00:00,-0.7027310589475669,0.4888674
2014-10-21 15:00:00,-0.7137032314807333,0.49202687
2014-10-21 16:00:00,-0.7356475765470664,0.4892224
2014-10-21 17:00:00,-0.6478701962817346,0.44445628
2014-10-21 18:00:00,-0.680786713881234,0.5939281
2014-10-21 19:00:00,-0.5381484709500699,0.64590013
2014-10-21 20:00:00,-0.3625937104194063,0.5921136
2014-10-21 21:00:00,-0.1760667773555763,0.58312476
2014-10-21 22:00:00,-0.0992615696234111,0.32095307
2014-10-21 23:00:00,-0.0334285344244122,0.12278892
2014-10-22 00:00:00,-0.4393989181515716,0.11535744
2014-10-22 01:00:00,-0.5491206434832363,0.06464964
2014-10-22 02:00:00,-0.5820371610827357,0.039797384
2014-10-22 03:00:00,-0.5271762984169034,0.072957456
2014-10-22 04:00:00,-0.2967606752204075,0.041253593
2014-10-22 05:00:00,0.1201818810399182,-0.06833253
2014-10-22 06:00:00,0.0433766733077529,-0.07540506
2014-10-22 07:00:00,-0.1102337421565775,-0.08169225
2014-10-22 08:00:00,-0.1760667773555763,-0.12035698
2014-10-22 09:00:00,-0.2309276400214087,-0.111055404
2014-10-22 10:00:00,-0.1870389498887428,-0.07607145
2014-10-22 11:00:00,-0.0882893970902446,-0.084118724
2014-10-22 12:00:00,0.0433766733077529,-0.0797378
2014-10-22 13:00:00,-0.0005120168249128,-0.07753116
2014-10-22 14:00:00,0.0104601557082535,-0.0058501735
2014-10-22 15:00:00,-0.1541224322892434,-0.017126497
2014-10-22 16:00:00,-0.1650946048224099,-0.042546544
2014-10-22 17:00:00,-0.1870389498887428,-0.03095336
2014-10-22 18:00:00,-0.0334285344244122,-0.026691724
2014-10-22 19:00:00,0.186014916238917,0.056310255
2014-10-22 20:00:00,0.2628201239710824,0.098537534
2014-10-22 21:00:00,0.2957366415705817,0.21337724
2014-10-22 22:00:00,0.3505975042364141,0.24026912
2014-10-22 23:00:00,0.3286531591700812,0.2046893
2014-10-23 00:00:00,0.2847644690374153,0.2122563
2014-10-23 01:00:00,0.20795926130525,0.17406324
2014-10-23 02:00:00,0.0872653634404188,0.13474467
2014-10-23 03:00:00,0.0872653634404188,0.10811171
2014-10-23 04:00:00,0.02143232824142,0.1318198
2014-10-23 05:00:00,0.1092097085067518,0.25939107
2014-10-23 06:00:00,0.1421262261062512,0.20150244
2014-10-23 07:00:00,0.0872653634404188,0.29173934
2014-10-23 08:00:00,0.1750427437057506,0.2778512
2014-10-23 09:00:00,0.3286531591700812,0.17264995
2014-10-23 10:00:00,0.3725418493027471,0.25019786
2014-10-23 11:00:00,0.39448619436908,0.3535458
2014-10-23 12:00:00,0.4932357471675782,0.39487863
2014-10-23 13:00:00,0.5371244373002441,0.28609967
2014-10-23 14:00:00,0.3615696767695806,0.29607505
2014-10-23 15:00:00,0.4712914021012453,0.2450419
2014-10-23 16:00:00,0.5371244373002441,0.2442067
2014-10-23 17:00:00,0.7017070252977412,0.22791213
2014-10-23 18:00:00,0.76754006049674,0.19153416
2014-10-23 19:00:00,0.8114287506294059,0.18806306
2014-10-23 20:00:00,0.9979556836932358,0.25693107
2014-10-23 21:00:00,1.0528165463590682,0.25719786
2014-10-23 22:00:00,1.0418443738259018,0.3336525
2014-10-23 23:00:00,1.2503156519560643,0.40308136
2014-10-24 00:00:00,1.3929538948872286,0.18247965
2014-10-24 01:00:00,1.283232169555564,0.1896486
2014-10-24 02:00:00,1.0418443738259018,0.1498957
2014-10-24 03:00:00,0.910178303427904,0.18219516
2014-10-24 04:00:00,0.8662896132952382,0.20197977
2014-10-24 05:00:00,0.9979556836932358,0.051922213
2014-10-24 06:00:00,0.8553174407620717,0.17089516
2014-10-24 07:00:00,0.910178303427904,0.14845932
2014-10-24 08:00:00,0.932122648494237,0.09838551
2014-10-24 09:00:00,1.0089278562264024,0.19987147
2014-10-24 10:00:00,1.0857330639585676,-0.009600274
2014-10-24 11:00:00,1.4368425850198945,0.022305038
2014-10-24 12:00:00,1.6782303807495569,0.17795989
2014-10-24 13:00:00,1.985451211678218,0.228345
2014-10-24 14:00:00,2.1280894546093823,0.1982283
2014-10-24 15:00:00,2.380449422872211,0.09347643
2014-10-24 16:00:00,2.391421595405377,0.12068084
2014-10-24 17:00:00,2.44628245807121,0.19596902
2014-10-24 18:00:00,2.621837218601873,0.23699552
2014-10-24 19:00:00,2.643781563668206,0.33023116
2014-10-24 20:00:00,2.6986424263340387,0.36002877
2014-10-24 21:00:00,2.808364151665703,0.42959702
2014-10-24 22:00:00,3.104612810061198,0.38859856
2014-10-24 23:00:00,2.8851693593978687,0.35112214
2014-10-25 00:00:00,3.082668464994865,0.40096408
2014-10-25 01:00:00,2.7644754615330376,0.43840456
2014-10-25 02:00:00,2.402393767938544,0.29586613
2014-10-25 03:00:00,2.3036442151400456,0.27590492
2014-10-25 04:00:00,2.5340598383365416,0.21898532
2014-10-25 05:00:00,2.545032010869708,0.12279625
2014-10-25 06:00:00,2.358505077805878,0.10286237
2014-10-25 07:00:00,2.3255885602063784,0.06893127
2014-10-25 08:00:00,2.3036442151400456,0.083745435
2014-10-25 09:00:00,2.457254630604376,0.015072271
2014-10-25 10:00:00,2.523087665803375,0.018785529
2014-10-25 11:00:00,2.457254630604376,0.24580055
2014-10-25 12:00:00,2.5340598383365416,0.29383838
2014-10-25 13:00:00,2.6986424263340387,0.38803843
2014-10-25 14:00:00,2.7644754615330376,0.46445063
2014-10-25 15:00:00,3.027807602329033,0.49640405
2014-10-25 16:00:00,3.313084088191361,0.51632524
2014-10-25 17:00:00,3.543499711387857,0.55241835
2014-10-25 18:00:00,3.730026644451687,0.63597316
2014-10-25 19:00:00,3.828776197250185,0.7751334
2014-10-25 20:00:00,4.081136165513014,0.69421077
2014-10-25 21:00:00,3.87266488738285,0.85430664
2014-10-25 22:00:00,3.433777986056192,0.9765891
2014-10-25 23:00:00,3.247251052992362,0.88933265
2014-10-26 00:00:00,3.236278880459196,1.0132046
2014-10-26 01:00:00,3.060724119928532,0.788379
2014-10-26 02:00:00,2.643781563668206,0.7458331
2014-10-26 03:00:00,2.3255885602063784,0.6245036
2014-10-26 04:00:00,1.7221190708822227,0.5697131
2014-10-26 05:00:00,0.910178303427904,0.69007576
2014-10-26 06:00:00,-0.6698145413480675,0.59074295
2014-10-26 07:00:00,-0.9221745096108964,0.6350385
2014-10-26 08:00:00,-0.9441188546772292,0.4669602
2014-10-26 09:00:00,-0.9221745096108964,0.5000801
2014-10-26 10:00:00,-0.9880075448098952,0.56543976
2014-10-26 11:00:00,-0.9880075448098952,0.5457331
2014-10-26 12:00:00,-0.9989797173430616,0.5616679
2014-10-26 13:00:00,-1.0209240624093945,0.6007984
2014-10-26 14:00:00,-0.9989797173430616,0.681036
2014-10-26 15:00:00,-0.9989797173430616,0.7174057
2014-10-26 16:00:00,-0.9880075448098952,0.8027538
2014-10-26 17:00:00,-1.009951889876228,0.93208826
2014-10-26 18:00:00,-0.9989797173430616,1.1015352
2014-10-26 19:00:00,-0.9112023370777298,1.1435648
2014-10-26 20:00:00,-0.9331466821440628,1.197987
2014-10-26 21:00:00,-0.9331466821440628,1.2362648
2014-10-26 22:00:00,-0.966063199743562,1.1392845
2014-10-26 23:00:00,-0.9989797173430616,1.1030186
2014-10-27 00:00:00,-0.9880075448098952,1.0592123
2014-10-27 01:00:00,-0.9989797173430616,0.9936043
2014-10-27 02:00:00,-0.966063199743562,0.87055176
2014-10-27 03:00:00,-0.9989797173430616,0.7400444
2014-10-27 04:00:00,-0.9550910272103956,0.5724865
2014-10-27 05:00:00,-0.9441188546772292,0.26970983
2014-10-27 06:00:00,-0.966063199743562,-0.20651254
2014-10-27 07:00:00,-0.8343971293455645,-0.41854137
2014-10-27 08:00:00,-0.845369301878731,-0.41270885
2014-10-27 09:00:00,-0.7575919216133993,-0.44289964
2014-10-27 10:00:00,-0.472315435751071,-0.5708753
2014-10-27 11:00:00,-0.6259258512154017,-0.57227397
2014-10-27 12:00:00,-0.7137032314807333,-0.62808114
2014-10-27 13:00:00,-0.7575919216133993,-0.64699465
2014-10-27 14:00:00,-0.7685640941465657,-0.6587932
2014-10-27 15:00:00,-0.823424956812398,-0.6319959
2014-10-27 16:00:00,-0.7356475765470664,-0.6332484
2014-10-27 17:00:00,-0.6698145413480675,-0.61882687
2014-10-27 18:00:00,-0.658842368814901,-0.6160942
2014-10-27 19:00:00,-0.4393989181515716,-0.5794884
2014-10-27 20:00:00,-0.3516215378862399,-0.45637634
2014-10-27 21:00:00,-0.472315435751071,-0.4288833
2014-10-27 22:00:00,-0.5381484709500699,-0.41547066
2014-10-27 23:00:00,-0.8124527842792316,-0.44051313
2014-10-28 00:00:00,-0.5491206434832363,-0.4717181
2014-10-28 01:00:00,-0.6368980237485681,-0.43250006
2014-10-28 02:00:00,-0.6259258512154017,-0.4051953
2014-10-28 03:00:00,-0.2857885026872411,-0.35591826
2014-10-28 04:00:00,-0.1431502597560769,-0.3278532
2014-10-28 05:00:00,-0.2418998125545752,-0.15387638
2014-10-28 06:00:00,-0.2528719850877416,-0.019356012
2014-10-28 07:00:00,-0.0992615696234111,0.09108858
2014-10-28 08:00:00,-0.0114841893580793,0.13516036
2014-10-28 09:00:00,-0.0882893970902446,0.07299197
2014-10-28 10:00:00,-0.1870389498887428,0.18921603
2014-10-28 11:00:00,-0.0663450520239117,0.21369827
2014-10-28 12:00:00,-0.1102337421565775,0.2488622
2014-10-28 13:00:00,-0.3516215378862399,0.26801628
2014-10-28 14:00:00,-0.4393989181515716,0.23887002
2014-10-28 15:00:00,-0.516204125883737,0.27811122
2014-10-28 16:00:00,-0.5381484709500699,0.39285308
2014-10-28 17:00:00,-0.5271762984169034,0.4291441
2014-10-28 18:00:00,-0.5381484709500699,0.45052683
2014-10-28 19:00:00,-0.5820371610827357,0.5150022
2014-10-28 20:00:00,-0.5820371610827357,0.5284833
2014-10-28 21:00:00,-0.4503710906847381,0.47931623
2014-10-28 22:00:00,-0.4503710906847381,0.45125207
2014-10-28 23:00:00,-0.2857885026872411,0.35367578
2014-10-29 00:00:00,-0.0773172245570781,0.43456435
2014-10-29 01:00:00,0.0104601557082535,0.44249517
2014-10-29 02:00:00,0.1201818810399182,0.28953993
2014-10-29 03:00:00,0.4274027119685794,0.5064677
2014-10-29 04:00:00,0.3176809866369147,0.48948115
2014-10-29 05:00:00,0.2957366415705817,0.3107198
2014-10-29 06:00:00,0.1530983986394176,0.3336003
2014-10-29 07:00:00,-0.0224563618912458,0.24318826
2014-10-29 08:00:00,0.02143232824142,0.21973929
2014-10-29 09:00:00,0.0653210183740859,0.19772631
2014-10-29 10:00:00,0.1201818810399182,0.32166043
2014-10-29 11:00:00,0.0653210183740859,0.4138559
2014-10-29 12:00:00,0.0543488458409194,0.35757464
2014-10-29 13:00:00,0.0872653634404188,0.2506461
2014-10-29 14:00:00,0.0762931909072524,0.15011337
2014-10-29 15:00:00,0.1421262261062512,0.1641711
2014-10-29 16:00:00,0.2847644690374153,0.09424578
2014-10-29 17:00:00,0.4493470570349123,0.089357585
2014-10-29 18:00:00,0.6358739900987423,0.13028756
2014-10-29 19:00:00,0.76754006049674,0.13811731
2014-10-29 20:00:00,0.8333730956957388,0.21539634
2014-10-29 21:00:00,0.910178303427904,0.26023138
2014-10-29 22:00:00,1.0199000287595688,0.25377095
2014-10-29 23:00:00,1.2612878244892312,0.31139112
2014-10-30 00:00:00,1.2612878244892312,0.2296288
2014-10-30 01:00:00,1.2064269618233987,0.34322262
2014-10-30 02:00:00,1.2503156519560643,0.4011954
2014-10-30 03:00:00,1.2503156519560643,0.46950513
2014-10-30 04:00:00,1.88670165887972,0.46268344
2014-10-30 05:00:00,1.0747608914254012,0.3509286
2014-10-30 06:00:00,0.8333730956957388,0.28760895
2014-10-30 07:00:00,0.6468461626319087,0.1464864
2014-10-30 08:00:00,0.6358739900987423,0.19521685
2014-10-30 09:00:00,0.4054583669022464,0.21673813
2014-10-30 10:00:00,0.6139296450324094,0.09999114
2014-10-30 11:00:00,0.6687905076982418,0.18127108
2014-10-30 12:00:00,0.6907348527645747,0.20404533
2014-10-30 13:00:00,0.8553174407620717,0.24675798
2014-10-30 14:00:00,0.8772617858284046,0.24686402
2014-10-30 15:00:00,0.8662896132952382,0.22531614
2014-10-30 16:00:00,0.8992061308947376,0.2598821
2014-10-30 17:00:00,1.0089278562264024,0.2688619
2014-10-30 18:00:00,1.0857330639585676,0.395449
2014-10-30 19:00:00,1.184482616757066,0.4672737
2014-10-30 20:00:00,1.2283713068897315,0.5032728
2014-10-30 21:00:00,1.0199000287595688,0.6574753
2014-10-30 22:00:00,1.1515660991575665,0.70844865
2014-10-30 23:00:00,1.1625382716907329,0.7307056
2014-10-31 00:00:00,1.2283713068897315,0.75638956
2014-10-31 01:00:00,1.2722599970223976,0.74722624
2014-10-31 02:00:00,1.447814757553061,0.6704829
2014-10-31 03:00:00,1.3490652047545628,0.6569208
2014-10-31 04:00:00,1.4148982399535617,0.7833843
2014-10-31 05:00:00,1.1625382716907329,0.6520138
2014-10-31 06:00:00,1.0308722012927352,0.5794251
2014-10-31 07:00:00,1.217399134356565,0.5009997
2014-10-31 08:00:00,1.3710095498208958,0.617005
2014-10-31 09:00:00,0.7565678879635735,0.42995128
2014-10-31 10:00:00,0.4822635746344118,0.3745851
2014-10-31 11:00:00,0.5480966098334106,0.397278
2014-10-31 12:00:00,0.4822635746344118,0.35918212
2014-10-31 13:00:00,0.4712914021012453,0.4794466
2014-10-31 14:00:00,0.4712914021012453,0.5584083
2014-10-31 15:00:00,0.4932357471675782,0.3746467
2014-10-31 16:00:00,0.5700409548997435,0.42013967
2014-10-31 17:00:00,0.7126791978309076,0.6444402
2014-10-31 18:00:00,0.8333730956957388,0.6384355
2014-10-31 19:00:00,1.1954547892902323,0.63586605
2014-10-31 20:00:00,1.3600373772877292,0.5679675
2014-10-31 21:00:00,1.096705236491734,0.6250349
2014-10-31 22:00:00,0.9650391660937364,0.70812106
2014-10-31 23:00:00,0.9211504759610706,0.652045
2014-11-01 00:00:00,0.8772617858284046,0.7185565
2014-11-01 01:00:00,0.9760113386269028,0.7471354
2014-11-01 02:00:00,1.2612878244892312,0.65879405
2014-11-01 03:00:00,0.8772617858284046,0.5715689
2014-11-01 04:00:00,-0.2089832949550758,0.69274724
2014-11-01 05:00:00,-0.2418998125545752,0.5184206
2014-11-01 06:00:00,-0.8343971293455645,0.51765454
2014-11-01 07:00:00,-0.8124527842792316,0.4847204
2014-11-01 08:00:00,-0.7795362666797322,0.44528976
2014-11-01 09:00:00,-0.8563414744118975,0.4234785
2014-11-01 10:00:00,-0.9441188546772292,0.18172717
2014-11-01 11:00:00,-0.9770353722767288,0.34775475
2014-11-01 12:00:00,-0.966063199743562,0.32516778
2014-11-01 13:00:00,-0.9770353722767288,0.20520808
2014-11-01 14:00:00,-0.9550910272103956,0.2182566
2014-11-01 15:00:00,-0.966063199743562,0.16240892
2014-11-01 16:00:00,-0.9989797173430616,0.29015172
2014-11-01 17:00:00,-0.9880075448098952,0.3570878
2014-11-01 18:00:00,-0.9880075448098952,0.36004683
2014-11-01 19:00:00,-0.9331466821440628,0.53417933
2014-11-01 20:00:00,-0.9002301645445634,0.65973455
2014-11-01 21:00:00,-0.9002301645445634,0.53381693
2014-11-01 22:00:00,-0.9441188546772292,0.4257898
2014-11-01 23:00:00,-0.9221745096108964,0.40925035
2014-11-02 00:00:00,-0.9880075448098952,0.3588369
2014-11-02 01:00:00,-0.9989797173430616,0.4852904
2014-11-02 02:00:00,-1.0318962349425609,0.6209347
2014-11-02 03:00:00,-1.009951889876228,0.45272213
2014-11-02 04:00:00,-1.0318962349425609,0.22497207
2014-11-02 05:00:00,-1.0648127525420603,0.066607386
2014-11-02 06:00:00,-1.075784925075227,-0.21049805
2014-11-02 07:00:00,-1.009951889876228,-0.13382839
2014-11-02 08:00:00,-1.009951889876228,-0.12542775
2014-11-02 09:00:00,-1.0209240624093945,-0.12586778
2014-11-02 10:00:00,-1.0318962349425609,-0.24980453
2014-11-02 11:00:00,-1.009951889876228,-0.37076628
2014-11-02 12:00:00,-1.0318962349425609,-0.47633713
2014-11-02 13:00:00,-0.9989797173430616,-0.5954664
2014-11-02 14:00:00,-1.009951889876228,-0.49624264
2014-11-02 15:00:00,-1.0209240624093945,-0.51111907
2014-11-02 16:00:00,-0.9880075448098952,-0.5910549
2014-11-02 17:00:00,-0.9880075448098952,-0.54456776
2014-11-02 18:00:00,-0.9770353722767288,-0.54759574
2014-11-02 19:00:00,-0.9880075448098952,-0.51354957
2014-11-02 20:00:00,-1.0209240624093945,-0.5317497
2014-11-02 21:00:00,-1.009951889876228,-0.48608813
2014-11-02 22:00:00,-1.0209240624093945,-0.4751577
2014-11-02 23:00:00,-0.9880075448098952,-0.49128488
2014-11-03 00:00:00,-0.9112023370777298,-0.51044583
2014-11-03 01:00:00,-0.8563414744118975,-0.53475344
2014-11-03 02:00:00,-0.7905084392128987,-0.580537
2014-11-03 03:00:00,-0.7905084392128987,-0.5644537
2014-11-03 04:00:00,-0.8124527842792316,-0.53995895
2014-11-03 05:00:00,-0.823424956812398,-0.5688367
2014-11-03 06:00:00,-0.8782858194782304,-0.56884086
2014-11-03 07:00:00,-0.9770353722767288,-0.57669246
2014-11-03 08:00:00,-0.7905084392128987,-0.6355213
2014-11-03 09:00:00,-0.6698145413480675,-0.63996124
2014-11-03 10:00:00,-0.680786713881234,-0.6178449
2014-11-03 11:00:00,-0.9441188546772292,-0.6000409
2014-11-03 12:00:00,-0.9770353722767288,-0.6101649
2014-11-03 13:00:00,-0.9002301645445634,-0.62373626
2014-11-03 14:00:00,-1.009951889876228,-0.6422047
2014-11-03 15:00:00,-0.9880075448098952,-0.67561436
2014-11-03 16:00:00,-0.9880075448098952,-0.68069285
2014-11-03 17:00:00,-0.9770353722767288,-0.6781177
2014-11-03 18:00:00,-0.845369301878731,-0.6777528
2014-11-03 19:00:00,-0.7246754040138998,-0.6675319
2014-11-03 20:00:00,-0.658842368814901,-0.6667534
2014-11-03 21:00:00,-0.6259258512154017,-0.65140384
2014-11-03 22:00:00,-0.5710649885495693,-0.25423387
2014-11-03 23:00:00,-0.472315435751071,-0.1094725
2014-11-04 00:00:00,-0.4284267456184051,-0.1419376
2014-11-04 01:00:00,-0.4393989181515716,-0.14510274
2014-11-04 02:00:00,-0.3516215378862399,-0.15102088
2014-11-04 03:00:00,-0.2638441576209081,-0.22776712
2014-11-04 04:00:00,-0.307732847753574,-0.2113998
2014-11-04 05:00:00,-0.2199554674882422,-0.06687476
2014-11-04 06:00:00,-0.2199554674882422,-0.03357135
2014-11-04 07:00:00,-0.3735658829525728,0.07408965
2014-11-04 08:00:00,-0.3955102280189058,-0.038324326
2014-11-04 09:00:00,-0.1650946048224099,0.14465983
2014-11-04 10:00:00,-0.0444007069575787,0.011415366
2014-11-04 11:00:00,0.0982375359735853,-0.063209474
2014-11-04 12:00:00,0.1969870887720835,-0.027694562
2014-11-04 13:00:00,0.4493470570349123,-0.16275524
2014-11-04 14:00:00,0.6468461626319087,-0.0791684
2014-11-04 15:00:00,0.58101312743291,-0.17416531
2014-11-04 16:00:00,0.58101312743291,-0.17802224
2014-11-04 17:00:00,0.5700409548997435,-0.13330938
2014-11-04 18:00:00,0.6249018175655758,-0.08375814
2014-11-04 19:00:00,0.6468461626319087,0.108472824
2014-11-04 20:00:00,1.0528165463590682,0.16132635
2014-11-04 21:00:00,1.184482616757066,0.23767245
2014-11-04 22:00:00,1.2612878244892312,0.2748773
2014-11-04 23:00:00,1.70017472581589,0.2352081
2014-11-05 00:00:00,1.5246199652852264,0.2591434
2014-11-05 01:00:00,1.447814757553061,0.284913
2014-11-05 02:00:00,1.2064269618233987,0.24330696
2014-11-05 03:00:00,0.9211504759610706,0.21516268
2014-11-05 04:00:00,0.8114287506294059,0.17683391
2014-11-05 05:00:00,0.7017070252977412,0.13400263
2014-11-05 06:00:00,0.5151800922339111,0.1919199
2014-11-05 07:00:00,-0.0224563618912458,0.13337845
2014-11-05 08:00:00,0.39448619436908,-0.13001236
2014-11-05 09:00:00,0.4054583669022464,-0.08421679
2014-11-05 10:00:00,-0.1102337421565775,-0.061085768
2014-11-05 11:00:00,-0.9441188546772292,-0.016950889
2014-11-05 12:00:00,-1.009951889876228,0.07149999
2014-11-05 13:00:00,-1.009951889876228,0.006132994
2014-11-05 14:00:00,-0.9770353722767288,0.11329654
2014-11-05 15:00:00,-0.9989797173430616,0.18470025
2014-11-05 16:00:00,-1.0318962349425609,0.17529026
2014-11-05 17:00:00,-1.0318962349425609,0.2569285
2014-11-05 18:00:00,-0.9880075448098952,0.24418414
2014-11-05 19:00:00,-0.9880075448098952,0.32279223
2014-11-05 20:00:00,-1.0209240624093945,0.4025215
2014-11-05 21:00:00,-1.0318962349425609,0.52962446
2014-11-05 22:00:00,-1.0428684074757275,0.58528036
2014-11-05 23:00:00,-1.0318962349425609,0.7138226
2014-11-06 00:00:00,-1.053840580008894,0.78203535
2014-11-06 01:00:00,-1.0428684074757275,0.7038971
2014-11-06 02:00:00,-1.053840580008894,0.5068683
2014-11-06 03:00:00,-1.0648127525420603,0.38615155
2014-11-06 04:00:00,-1.009951889876228,0.43685228
2014-11-06 05:00:00,-0.9989797173430616,0.28762808
2014-11-06 06:00:00,-1.0209240624093945,0.18865037
2014-11-06 07:00:00,-1.0209240624093945,0.04834419
2014-11-06 08:00:00,-0.9989797173430616,0.048986237
2014-11-06 09:00:00,-0.9770353722767288,0.066907674
2014-11-06 10:00:00,-0.9880075448098952,-0.104837954
2014-11-06 11:00:00,-0.9989797173430616,-0.31617892
2014-11-06 12:00:00,-1.0209240624093945,-0.49708682
2014-11-06 13:00:00,-1.053840580008894,-0.54093134
2014-11-06 14:00:00,-1.0648127525420603,-0.56423676
2014-11-06 15:00:00,-1.053840580008894,-0.5450017
2014-11-06 16:00:00,-1.0209240624093945,-0.55764693
2014-11-06 17:00:00,-1.0318962349425609,-0.5694083
2014-11-06 18:00:00,-1.0318962349425609,-0.53222466
2014-11-06 19:00:00,-0.7356475765470664,-0.49952114
2014-11-06 20:00:00,-0.658842368814901,-0.39805898
2014-11-06 21:00:00,-0.658842368814901,-0.3729605
2014-11-06 22:00:00,-0.5710649885495693,-0.3708128
2014-11-06 23:00:00,-0.6149536786822352,-0.3946787
2014-11-07 00:00:00,-0.6478701962817346,-0.2998645
2014-11-07 01:00:00,-0.6149536786822352,-0.29266715
2014-11-07 02:00:00,-0.6039815061490686,-0.3115872
2014-11-07 03:00:00,-0.2309276400214087,-0.22031265
2014-11-07 04:00:00,-0.2638441576209081,-0.2496037
2014-11-07 05:00:00,-0.2309276400214087,-0.30468085
2014-11-07 06:00:00,-0.1102337421565775,-0.3810744
2014-11-07 07:00:00,-0.2967606752204075,-0.3429366
2014-11-07 08:00:00,-0.329677192819907,-0.34823197
2014-11-07 09:00:00,-0.3735658829525728,-0.39200678
2014-11-07 10:00:00,-0.4503710906847381,-0.35952333
2014-11-07 11:00:00,-0.4174545730852387,-0.33079103
2014-11-07 12:00:00,-0.4393989181515716,-0.29862925
2014-11-07 13:00:00,-0.6478701962817346,-0.29621342
2014-11-07 14:00:00,-0.680786713881234,-0.35226625
2014-11-07 15:00:00,-0.7356475765470664,-0.35101083
2014-11-07 16:00:00,-0.9002301645445634,-0.3509779
2014-11-07 17:00:00,-0.7905084392128987,-0.3279174
2014-11-07 18:00:00,-0.5930093336159022,-0.11220156
2014-11-07 19:00:00,-0.5381484709500699,0.074306965
2014-11-07 20:00:00,-0.472315435751071,0.18385476
2014-11-07 21:00:00,-0.6917588864144004,0.25371265
2014-11-07 22:00:00,-0.7137032314807333,0.2842343
2014-11-07 23:00:00,-0.6478701962817346,0.30449292
2014-11-08 00:00:00,-0.5930093336159022,0.29958415
2014-11-08 01:00:00,-0.4832876082842375,0.46535736
2014-11-08 02:00:00,-0.3406493653530734,0.48194724
2014-11-08 03:00:00,-0.2309276400214087,0.5736869
2014-11-08 04:00:00,-0.2638441576209081,0.66309434
2014-11-08 05:00:00,-0.3845380554857393,0.6249273
2014-11-08 06:00:00,-0.3406493653530734,0.5880482
2014-11-08 07:00:00,-0.2857885026872411,0.47694677
2014-11-08 08:00:00,-0.2309276400214087,0.3739372
2014-11-08 09:00:00,-0.2418998125545752,0.45215523
2014-11-08 10:00:00,-0.1431502597560769,0.44992837
2014-11-08 11:00:00,-0.1980111224219093,0.48047185
2014-11-08 12:00:00,-0.2857885026872411,0.5714408
2014-11-08 13:00:00,-0.2528719850877416,0.41190952
2014-11-08 14:00:00,-0.1760667773555763,0.36714798
2014-11-08 15:00:00,-0.1431502597560769,0.24966508
2014-11-08 16:00:00,-0.0992615696234111,0.2682445
2014-11-08 17:00:00,-0.2528719850877416,0.32257324
2014-11-08 18:00:00,-0.2857885026872411,0.32490852
2014-11-08 19:00:00,-0.1760667773555763,0.49773735
2014-11-08 20:00:00,-0.121205914689744,0.44451776
2014-11-08 21:00:00,-0.0663450520239117,0.4019005
2014-11-08 22:00:00,-0.0882893970902446,0.3982895
2014-11-08 23:00:00,-0.0334285344244122,0.4599918
2014-11-09 00:00:00,-0.0882893970902446,0.56041217
2014-11-09 01:00:00,-0.0224563618912458,0.35820723
2014-11-09 02:00:00,0.1750427437057506,0.38082165
2014-11-09 03:00:00,0.1421262261062512,0.4830855
2014-11-09 04:00:00,0.0104601557082535,0.34251195
2014-11-09 05:00:00,-0.1431502597560769,0.29096568
2014-11-09 06:00:00,-0.5052319533505705,0.28244787
2014-11-09 07:00:00,-0.5491206434832363,0.19399181
2014-11-09 08:00:00,-0.6368980237485681,0.18532616
2014-11-09 09:00:00,-0.680786713881234,0.10638259
2014-11-09 10:00:00,-0.680786713881234,0.115384564
2014-11-09 11:00:00,-0.6698145413480675,0.018003918
2014-11-09 12:00:00,-0.7356475765470664,0.025782008
2014-11-09 13:00:00,-0.7246754040138998,0.124244675
2014-11-09 14:00:00,-0.658842368814901,0.11879465
2014-11-09 15:00:00,-0.5710649885495693,0.16034132
2014-11-09 16:00:00,-0.6039815061490686,0.12540382
2014-11-09 17:00:00,-0.6698145413480675,0.07513791
2014-11-09 18:00:00,-0.6149536786822352,0.15437827
2014-11-09 19:00:00,-0.472315435751071,0.29169047
2014-11-09 20:00:00,-0.2528719850877416,0.39352742
2014-11-09 21:00:00,-0.2638441576209081,0.3332922
2014-11-09 22:00:00,-0.0224563618912458,0.3874238
2014-11-09 23:00:00,0.0104601557082535,0.4549963
2014-11-10 00:00:00,0.0433766733077529,0.3033193
2014-11-10 01:00:00,0.0653210183740859,0.45161718
2014-11-10 02:00:00,0.0872653634404188,0.5243622
2014-11-10 03:00:00,-0.0224563618912458,0.31066954
2014-11-10 04:00:00,-0.2309276400214087,0.29936427
2014-11-10 05:00:00,-0.6149536786822352,0.2881824
2014-11-10 06:00:00,-0.7356475765470664,0.051047858
2014-11-10 07:00:00,-0.6039815061490686,-0.050390843
2014-11-10 08:00:00,-0.516204125883737,-0.042998765
2014-11-10 09:00:00,-0.5820371610827357,-0.07476407
2014-11-10 10:00:00,-0.6368980237485681,-0.17710225
2014-11-10 11:00:00,-0.7246754040138998,-0.21309128
2014-11-10 12:00:00,-0.680786713881234,-0.124602854
2014-11-10 13:00:00,-0.6478701962817346,-0.21569839
2014-11-10 14:00:00,-0.4832876082842375,-0.20530477
2014-11-10 15:00:00,-0.4503710906847381,-0.13749292
2014-11-10 16:00:00,-0.3516215378862399,-0.18861997
2014-11-10 17:00:00,-0.2309276400214087,-0.09465343
2014-11-10 18:00:00,-0.2309276400214087,-0.045748003
2014-11-10 19:00:00,0.1201818810399182,0.12300688
2014-11-10 20:00:00,0.5151800922339111,0.26667005
2014-11-10 21:00:00,0.58101312743291,0.33263624
2014-11-10 22:00:00,0.4932357471675782,0.48911548
2014-11-10 23:00:00,0.4712914021012453,0.32605013
2014-11-11 00:00:00,0.4822635746344118,0.301361
2014-11-11 01:00:00,1.096705236491734,0.3592447
2014-11-11 02:00:00,1.5246199652852264,0.25122088
2014-11-11 03:00:00,0.932122648494237,0.27576476
2014-11-11 04:00:00,0.6907348527645747,0.22004634
2014-11-11 05:00:00,-0.7905084392128987,-0.05326849
2014-11-11 06:00:00,-0.966063199743562,-0.114094704
2014-11-11 07:00:00,-0.9989797173430616,-0.078268856
2014-11-11 08:00:00,-0.9989797173430616,-0.06964119
2014-11-11 09:00:00,-0.9770353722767288,-0.24705286
2014-11-11 10:00:00,-0.9331466821440628,-0.29076824
2014-11-11 11:00:00,-0.9550910272103956,-0.17111763
2014-11-11 12:00:00,-0.9441188546772292,-0.19554743
2014-11-11 13:00:00,-0.9112023370777298,-0.1845856
2014-11-11 14:00:00,-0.9002301645445634,-0.12950791
2014-11-11 15:00:00,-0.9221745096108964,-0.14934598
2014-11-11 16:00:00,-0.9770353722767288,-0.12016864
2014-11-11 17:00:00,-1.0209240624093945,0.039971557
2014-11-11 18:00:00,-0.9989797173430616,0.15837048
2014-11-11 19:00:00,-0.9550910272103956,0.24657789
2014-11-11 20:00:00,-0.9221745096108964,0.3811718
2014-11-11 21:00:00,-1.009951889876228,0.5003196
2014-11-11 22:00:00,-0.8892579920113969,0.503261
2014-11-11 23:00:00,-1.009951889876228,0.5453079
2014-11-12 00:00:00,-0.9989797173430616,0.60698926
2014-11-12 01:00:00,-1.0428684074757275,0.683563
2014-11-12 02:00:00,-1.075784925075227,0.8346506
2014-11-12 03:00:00,-1.075784925075227,0.70734376
2014-11-12 04:00:00,-1.0648127525420603,0.57317823
2014-11-12 05:00:00,-1.0648127525420603,0.091351464
2014-11-12 06:00:00,-1.0318962349425609,-0.12750709
2014-11-12 07:00:00,-1.053840580008894,-0.201109
2014-11-12 08:00:00,-1.053840580008894,-0.296377
2014-11-12 09:00:00,-1.0428684074757275,-0.31244978
2014-11-12 10:00:00,-1.0318962349425609,-0.29089057
2014-11-12 11:00:00,-1.0318962349425609,-0.42649332
2014-11-12 12:00:00,-1.0428684074757275,-0.48323923
2014-11-12 13:00:00,-1.053840580008894,-0.50770324
2014-11-12 14:00:00,-1.0318962349425609,-0.5015263
2014-11-12 15:00:00,-1.0428684074757275,-0.52465963
2014-11-12 16:00:00,-1.0648127525420603,-0.5178321
2014-11-12 17:00:00,-1.0428684074757275,-0.53103083
2014-11-12 18:00:00,-1.0209240624093945,-0.5265655
2014-11-12 19:00:00,-0.9989797173430616,-0.5209395
2014-11-12 20:00:00,-0.9770353722767288,-0.52299476
2014-11-12 21:00:00,-0.966063199743562,-0.5644351
2014-11-12 22:00:00,-0.9331466821440628,-0.5609589
2014-11-12 23:00:00,-0.9112023370777298,-0.5872196
2014-11-13 00:00:00,-0.966063199743562,-0.60594714
2014-11-13 01:00:00,-0.9770353722767288,-0.6594762
2014-11-13 02:00:00,-0.966063199743562,-0.6669242
2014-11-13 03:00:00,-0.966063199743562,-0.6901807
2014-11-13 04:00:00,-0.9770353722767288,-0.6686816
2014-11-13 05:00:00,-0.9550910272103956,-0.6198468
2014-11-13 06:00:00,-0.9331466821440628,-0.62140965
2014-11-13 07:00:00,-0.867313646945064,-0.65657943
2014-11-13 08:00:00,-0.867313646945064,-0.6716864
2014-11-13 09:00:00,-0.658842368814901,-0.72591126
2014-11-13 10:00:00,-0.658842368814901,-0.7425815
2014-11-13 11:00:00,-0.8782858194782304,-0.7592154
2014-11-13 12:00:00,-0.9221745096108964,-0.764542
2014-11-13 13:00:00,-0.8124527842792316,-0.76800823
2014-11-13 14:00:00,-0.823424956812398,-0.76866996
2014-11-13 15:00:00,-0.823424956812398,-0.74308693
2014-11-13 16:00:00,-0.7137032314807333,-0.73558927
2014-11-13 17:00:00,-0.7356475765470664,-0.71937776
2014-11-13 18:00:00,-0.7575919216133993,-0.7126949
2014-11-13 19:00:00,-0.7685640941465657,-0.71614265
2014-11-13 20:00:00,-0.7356475765470664,-0.7139537
2014-11-13 21:00:00,-0.6039815061490686,-0.70197284
2014-11-13 22:00:00,-0.516204125883737,-0.35984853
2014-11-13 23:00:00,-0.6149536786822352,-0.2088345
2014-11-14 00:00:00,-0.6259258512154017,-0.36000532
2014-11-14 01:00:00,-0.5271762984169034,-0.49831855
2014-11-14 02:00:00,-0.5271762984169034,-0.2897556
2014-11-14 03:00:00,-0.5271762984169034,-0.24618827
2014-11-14 04:00:00,-0.5052319533505705,-0.35251242
2014-11-14 05:00:00,-0.5271762984169034,0.03566241
2014-11-14 06:00:00,-0.5600928160164028,0.025792822
2014-11-14 07:00:00,-0.5600928160164028,-0.01208261
2014-11-14 08:00:00,-0.658842368814901,-0.02504118
2014-11-14 09:00:00,-0.6478701962817346,0.11648719
2014-11-14 10:00:00,-0.8343971293455645,0.055313613
2014-11-14 11:00:00,-0.7685640941465657,0.027655613
2014-11-14 12:00:00,-0.867313646945064,0.028124906
2014-11-14 13:00:00,-0.8563414744118975,-0.044196647
2014-11-14 14:00:00,-0.8782858194782304,-0.20435089
2014-11-14 15:00:00,-0.867313646945064,-0.16248247
2014-11-14 16:00:00,-0.867313646945064,-0.083440915
2014-11-14 17:00:00,-0.823424956812398,-0.17280391
2014-11-14 18:00:00,-0.7466197490802328,-0.09703934
2014-11-14 19:00:00,-0.7137032314807333,0.036979754
2014-11-14 20:00:00,-0.5491206434832363,0.08006427
2014-11-14 21:00:00,-0.2857885026872411,0.10878506
2014-11-14 22:00:00,-0.3955102280189058,0.092975974
2014-11-14 23:00:00,-0.1102337421565775,0.07993737
2014-11-15 00:00:00,0.4164305394354129,0.113200456
2014-11-15 01:00:00,0.8992061308947376,0.15591365
2014-11-15 02:00:00,1.2064269618233987,0.11230081
2014-11-15 03:00:00,1.184482616757066,0.11940454
2014-11-15 04:00:00,0.5700409548997435,0.12551056
2014-11-15 05:00:00,0.2408757789047494,0.10304016
2014-11-15 06:00:00,-0.1431502597560769,0.05556352
2014-11-15 07:00:00,-0.4174545730852387,0.021865416
2014-11-15 08:00:00,-0.5271762984169034,-0.037407525
2014-11-15 09:00:00,-0.5271762984169034,-0.15914455
2014-11-15 10:00:00,-0.4503710906847381,-0.13936901
2014-11-15 11:00:00,-0.0444007069575787,-0.0967208
2014-11-15 12:00:00,0.3067088141037483,-0.08701971
2014-11-15 13:00:00,0.4493470570349123,-0.008381922
2014-11-15 14:00:00,0.7346235428972405,-0.07082949
2014-11-15 15:00:00,1.1625382716907329,-0.16323398
2014-11-15 16:00:00,1.3929538948872286,-0.085739926
2014-11-15 17:00:00,1.6014251730173916,-0.011794673
2014-11-15 18:00:00,1.425870412486728,0.036903124
2014-11-15 19:00:00,1.5246199652852264,0.2267524
2014-11-15 20:00:00,1.51364779275206,0.3522954
2014-11-15 21:00:00,1.6453138631500577,0.4558394
2014-11-15 22:00:00,1.7660077610148888,0.43897152
2014-11-15 23:00:00,2.007395556744551,0.4712875
2014-11-16 00:00:00,1.8976738314128865,0.6085901
2014-11-16 01:00:00,1.985451211678218,0.75385845
2014-11-16 02:00:00,1.2942043420887306,0.8174039
2014-11-16 03:00:00,1.3380930322213964,0.7584185
2014-11-16 04:00:00,1.1625382716907329,0.6213898
2014-11-16 05:00:00,2.2378111799410467,0.39811337
2014-11-16 06:00:00,2.1829503172752145,0.30577874
2014-11-16 07:00:00,2.0183677292777173,0.23263854
2014-11-16 08:00:00,1.820868623680721,0.18950698
2014-11-16 09:00:00,1.7111468983490563,0.25985548
2014-11-16 10:00:00,-0.2309276400214087,0.18398651
2014-11-16 11:00:00,-0.680786713881234,0.3889339
2014-11-16 12:00:00,-0.8563414744118975,0.47788614
2014-11-16 13:00:00,-0.9331466821440628,0.36540115
2014-11-16 14:00:00,-0.867313646945064,0.48856896
2014-11-16 15:00:00,-0.9002301645445634,0.64074737
2014-11-16 16:00:00,-0.8892579920113969,0.7147522
2014-11-16 17:00:00,-0.9221745096108964,0.7841395
2014-11-16 18:00:00,-0.9112023370777298,0.7429715
2014-11-16 19:00:00,-0.9331466821440628,0.80384827
2014-11-16 20:00:00,-0.8343971293455645,0.8545407
2014-11-16 21:00:00,-0.966063199743562,0.89813113
2014-11-16 22:00:00,-0.8892579920113969,0.94015825
2014-11-16 23:00:00,-0.9550910272103956,1.048501
2014-11-17 00:00:00,-0.966063199743562,1.0678471
2014-11-17 01:00:00,-0.9550910272103956,1.0676914
2014-11-17 02:00:00,-0.966063199743562,0.8864249
2014-11-17 03:00:00,-0.9550910272103956,0.7463323
2014-11-17 04:00:00,-0.9770353722767288,0.7742034
2014-11-17 05:00:00,-0.9770353722767288,1.0755486
2014-11-17 06:00:00,-0.9989797173430616,1.0436748
2014-11-17 07:00:00,-0.9770353722767288,1.1388959
2014-11-17 08:00:00,-0.9112023370777298,0.91795397
2014-11-17 09:00:00,-0.8892579920113969,0.7670508
2014-11-17 10:00:00,-0.8892579920113969,0.2950556
2014-11-17 11:00:00,-0.9221745096108964,-0.04531119
2014-11-17 12:00:00,-0.9441188546772292,-0.07387763
2014-11-17 13:00:00,-0.9331466821440628,-0.19233263
2014-11-17 14:00:00,-0.9331466821440628,-0.17232409
2014-11-17 15:00:00,-1.009951889876228,-0.13388987
2014-11-17 16:00:00,-0.9550910272103956,-0.33989125
2014-11-17 17:00:00,-0.9221745096108964,-0.33395642
2014-11-17 18:00:00,-0.8014806117460651,-0.333295
2014-11-17 19:00:00,-0.5820371610827357,-0.3654864
2014-11-17 20:00:00,-0.5052319533505705,-0.35871315
2014-11-17 21:00:00,-0.4174545730852387,-0.3520927
2014-11-17 22:00:00,-0.3735658829525728,-0.32641542
2014-11-17 23:00:00,-0.307732847753574,-0.35516596
2014-11-18 00:00:00,-0.2089832949550758,-0.38683778
2014-11-18 01:00:00,0.4164305394354129,-0.3927322
2014-11-18 02:00:00,0.2299036063715829,-0.3700521
2014-11-18 03:00:00,-0.2418998125545752,-0.36864698
2014-11-18 04:00:00,-0.2418998125545752,-0.39010698
2014-11-18 05:00:00,-0.4064824005520722,-0.21992017
2014-11-18 06:00:00,-0.6039815061490686,-0.1529572
2014-11-18 07:00:00,-0.6698145413480675,-0.23768383
2014-11-18 08:00:00,-0.658842368814901,-0.26496363
2014-11-18 09:00:00,-0.6368980237485681,-0.30581865
2014-11-18 10:00:00,-0.6478701962817346,-0.30224848
2014-11-18 11:00:00,-0.516204125883737,-0.19933397
2014-11-18 12:00:00,-0.5271762984169034,-0.111951455
2014-11-18 13:00:00,-0.4284267456184051,-0.15369007
2014-11-18 14:00:00,-0.4503710906847381,-0.22760071
2014-11-18 15:00:00,-0.516204125883737,-0.2935191
2014-11-18 16:00:00,-0.4503710906847381,-0.18022925
2014-11-18 17:00:00,-0.4064824005520722,-0.21496645
2014-11-18 18:00:00,-0.1541224322892434,-0.038125362
2014-11-18 19:00:00,0.0653210183740859,0.1957453
2014-11-18 20:00:00,0.39448619436908,0.3299755
2014-11-18 21:00:00,0.6358739900987423,0.42749834
2014-11-18 22:00:00,0.9760113386269028,0.41808534
2014-11-18 23:00:00,1.1296217540912334,0.46627593
2014-11-19 00:00:00,1.3271208596882298,0.47716004
2014-11-19 01:00:00,1.7221190708822227,0.65355504
2014-11-19 02:00:00,2.5560041834028744,0.65796125
2014-11-19 03:00:00,2.9729467396632003,0.41576964
2014-11-19 04:00:00,2.7864198065993704,0.4322111
2014-11-19 05:00:00,1.8976738314128865,0.35303253
2014-11-19 06:00:00,1.70017472581589,0.18903832
2014-11-19 07:00:00,0.7126791978309076,0.19076775
2014-11-19 08:00:00,1.0747608914254012,0.1367734
2014-11-19 09:00:00,1.9196181764792195,0.09112379
2014-11-19 10:00:00,2.4133659404717105,0.03164326
2014-11-19 11:00:00,2.0183677292777173,0.09942539
2014-11-19 12:00:00,2.6986424263340387,0.104861125
2014-11-19 13:00:00,2.314616387673212,0.15295988
2014-11-19 14:00:00,2.983918912196367,0.2065579
2014-11-19 15:00:00,3.2801675705918614,0.13202229
2014-11-19 16:00:00,2.9619745671300337,0.13630792
2014-11-19 17:00:00,2.4901711482038755,0.2417857
2014-11-19 18:00:00,2.6986424263340387,0.3338719
2014-11-19 19:00:00,2.753503288999871,0.48983246
2014-11-19 20:00:00,2.874197186864702,0.6555928
2014-11-19 21:00:00,3.225306707926029,0.73075783
2014-11-19 22:00:00,3.3898892959235263,0.934642
2014-11-19 23:00:00,3.115584982594364,0.9521049
2014-11-20 00:00:00,3.2143345353928625,0.9158151
2014-11-20 01:00:00,3.0716962924616986,1.0691417
2014-11-20 02:00:00,2.523087665803375,1.2700652
2014-11-20 03:00:00,2.457254630604376,1.4498991
2014-11-20 04:00:00,2.566976355936041,1.4051718
2014-11-20 05:00:00,2.566976355936041,1.1451557
2014-11-20 06:00:00,2.940030222063701,0.9896443
2014-11-20 07:00:00,2.852252841798369,0.61259115
2014-11-20 08:00:00,2.457254630604376,0.82407564
2014-11-20 09:00:00,2.1829503172752145,1.0159876
2014-11-20 10:00:00,2.2487833524742133,1.0869321
2014-11-20 11:00:00,2.084200764476716,1.0833179
2014-11-20 12:00:00,2.347532905272712,1.1904608
2014-11-20 13:00:00,2.358505077805878,1.0922912
2014-11-20 14:00:00,2.25975552500738,1.0818161
2014-11-20 15:00:00,2.106145109543049,1.3114547
2014-11-20 16:00:00,2.358505077805878,1.2880627
2014-11-20 17:00:00,2.545032010869708,1.1126639
2014-11-20 18:00:00,2.6547537362013727,1.2824677
2014-11-20 19:00:00,2.6108650460687066,1.2646934
2014-11-20 20:00:00,3.016835429795866,1.2144965
2014-11-20 21:00:00,2.942562261879047,1.3928847
2014-11-20 22:00:00,2.868289093962228,1.4646455
2014-11-20 23:00:00,2.7940159260454083,1.2826552
2014-11-21 00:00:00,2.7197427581285893,1.4003197
2014-11-21 01:00:00,2.64546959021177,1.2464293
2014-11-21 02:00:00,2.5711964222949506,0.8880793
2014-11-21 03:00:00,2.496923254378132,0.8656182
2014-11-21 04:00:00,2.422650086461313,0.95704603
2014-11-21 05:00:00,2.348376918544494,1.0283884
2014-11-21 06:00:00,2.2741037506276744,0.9808116
2014-11-21 07:00:00,2.1998305827108555,1.0199313
2014-11-21 08:00:00,2.125557414794036,0.89857584
2014-11-21 09:00:00,2.0512842468772168,0.6701745
2014-11-21 10:00:00,0.8443452682289052,0.6297418
2014-11-21 11:00:00,0.3615696767695806,0.56994814
2014-11-21 12:00:00,-0.0773172245570781,0.5749597
2014-11-21 13:00:00,-0.1980111224219093,0.68798625
2014-11-21 14:00:00,-0.1541224322892434,0.6659286
2014-11-21 15:00:00,-0.1321780872229105,0.5605549
2014-11-21 16:00:00,-0.7356475765470664,0.6226238
2014-11-21 17:00:00,-0.9221745096108964,0.7060856
2014-11-21 18:00:00,-0.8892579920113969,0.8193475
2014-11-21 19:00:00,-0.8563414744118975,0.81712925
2014-11-21 20:00:00,-0.7575919216133993,0.93368715
2014-11-21 21:00:00,-0.6917588864144004,0.8768504
2014-11-21 22:00:00,-0.680786713881234,0.8543594
2014-11-21 23:00:00,-0.7685640941465657,0.9568471
2014-11-22 00:00:00,-0.9112023370777298,0.8264471
2014-11-22 01:00:00,-0.9989797173430616,0.9052892
2014-11-22 02:00:00,-0.9989797173430616,0.8529739
2014-11-22 03:00:00,-0.966063199743562,0.7210056
2014-11-22 04:00:00,-1.009951889876228,0.7888336
2014-11-22 05:00:00,-0.9880075448098952,0.6955834
2014-11-22 06:00:00,-0.9550910272103956,0.66748
2014-11-22 07:00:00,-0.9331466821440628,0.5126993
2014-11-22 08:00:00,-0.7795362666797322,0.5200439
2014-11-22 09:00:00,-0.7575919216133993,0.62086266
2014-11-22 10:00:00,-0.6917588864144004,0.21937007
2014-11-22 11:00:00,-0.7027310589475669,0.10904884
2014-11-22 12:00:00,-0.7575919216133993,-0.049741104
2014-11-22 13:00:00,-0.8124527842792316,-0.16941452
2014-11-22 14:00:00,-0.7905084392128987,0.012428533
2014-11-22 15:00:00,-0.8124527842792316,-0.062169995
2014-11-22 16:00:00,-0.680786713881234,-0.34959376
2014-11-22 17:00:00,-0.5710649885495693,-0.48788306
2014-11-22 18:00:00,-0.3845380554857393,-0.48124686
2014-11-22 19:00:00,-0.2309276400214087,-0.40307596
2014-11-22 20:00:00,0.0104601557082535,-0.36789542
2014-11-22 21:00:00,0.2518479514379159,-0.26137212
2014-11-22 22:00:00,0.5042079197007447,-0.26069725
2014-11-22 23:00:00,0.2957366415705817,-0.2604469
2014-11-23 00:00:00,0.0762931909072524,-0.2803388
2014-11-23 01:00:00,0.0653210183740859,-0.34809
2014-11-23 02:00:00,0.1750427437057506,-0.3602423
2014-11-23 03:00:00,-0.0005120168249128,-0.3094289
2014-11-23 04:00:00,-0.0992615696234111,-0.31844097
2014-11-23 05:00:00,-0.0992615696234111,-0.4045008
2014-11-23 06:00:00,-0.0114841893580793,-0.30648625
2014-11-23 07:00:00,0.1092097085067518,-0.3219745
2014-11-23 08:00:00,0.1201818810399182,-0.32383922
2014-11-23 09:00:00,0.1421262261062512,-0.3440496
2014-11-23 10:00:00,0.0104601557082535,-0.29940352
2014-11-23 11:00:00,0.0104601557082535,-0.28264976
2014-11-23 12:00:00,0.1201818810399182,-0.3347804
2014-11-23 13:00:00,0.1530983986394176,-0.238971
2014-11-23 14:00:00,0.20795926130525,-0.20866767
2014-11-23 15:00:00,0.4493470570349123,-0.19823197
2014-11-23 16:00:00,0.5371244373002441,-0.059459575
2014-11-23 17:00:00,0.3725418493027471,-0.036924906
2014-11-23 18:00:00,0.4712914021012453,0.02016465
2014-11-23 19:00:00,0.8114287506294059,0.15281424
2014-11-23 20:00:00,0.8992061308947376,0.30259097
2014-11-23 21:00:00,0.8882339583615712,0.39097196
2014-11-23 22:00:00,0.9430948210274036,0.500777
2014-11-23 23:00:00,1.0199000287595688,0.5336201
2014-11-24 00:00:00,1.5355921378183928,0.4999202
2014-11-24 01:00:00,2.07322859194355,0.47193754
2014-11-24 02:00:00,1.9964233842113843,0.5683474
2014-11-24 03:00:00,0.9650391660937364,0.47451812
2014-11-24 04:00:00,0.8224009231625723,0.45839584
2014-11-24 05:00:00,0.5480966098334106,0.46344674
2014-11-24 06:00:00,0.1750427437057506,0.39890072
2014-11-24 07:00:00,-0.0005120168249128,0.43848902
2014-11-24 08:00:00,-0.6368980237485681,0.35191804
2014-11-24 09:00:00,-0.6478701962817346,0.28327763
2014-11-24 10:00:00,-0.7685640941465657,0.19343896
2014-11-24 11:00:00,-0.7905084392128987,0.28070855
2014-11-24 12:00:00,-0.8892579920113969,0.36831146
2014-11-24 13:00:00,-0.8563414744118975,0.33710337
2014-11-24 14:00:00,-0.8563414744118975,0.37714866
2014-11-24 15:00:00,-0.8563414744118975,0.412564
2014-11-24 16:00:00,-0.7575919216133993,0.44968987
2014-11-24 17:00:00,-0.7575919216133993,0.38745844
2014-11-24 18:00:00,-0.6149536786822352,0.43225467
2014-11-24 19:00:00,-0.5930093336159022,0.6150613
2014-11-24 20:00:00,-0.4174545730852387,0.667151
2014-11-24 21:00:00,-0.2199554674882422,0.6433785
2014-11-24 22:00:00,0.3176809866369147,0.59794956
2014-11-24 23:00:00,0.1969870887720835,0.71054965
2014-11-25 00:00:00,-0.1102337421565775,0.85283864
2014-11-25 01:00:00,-0.2418998125545752,0.990577
2014-11-25 02:00:00,-0.1541224322892434,0.9833369
2014-11-25 03:00:00,0.1201818810399182,0.5760834
2014-11-25 04:00:00,0.4822635746344118,0.5076275
2014-11-25 05:00:00,0.2299036063715829,0.4004209
2014-11-25 06:00:00,0.1311540535730847,0.26075763
2014-11-25 07:00:00,0.1201818810399182,0.20574054
2014-11-25 08:00:00,0.5042079197007447,-0.058627587
2014-11-25 09:00:00,0.6468461626319087,-0.059985448
2014-11-25 10:00:00,0.5590687823665771,-0.1772851
2014-11-25 11:00:00,0.4712914021012453,-0.26342133
2014-11-25 12:00:00,0.6249018175655758,-0.34533933
2014-11-25 13:00:00,0.8114287506294059,-0.2966789
2014-11-25 14:00:00,1.0857330639585676,-0.27097297
2014-11-25 15:00:00,1.0089278562264024,-0.2371332
2014-11-25 16:00:00,0.9760113386269028,-0.122534364
2014-11-25 17:00:00,0.6468461626319087,-0.16030985
2014-11-25 18:00:00,1.1515660991575665,-0.14626151
2014-11-25 19:00:00,1.425870412486728,-0.00033535436
2014-11-25 20:00:00,1.9744790391450515,0.117473274
2014-11-25 21:00:00,1.820868623680721,0.27900636
2014-11-25 22:00:00,2.314616387673212,0.46297818
2014-11-25 23:00:00,2.6547537362013727,0.51420826
2014-11-26 00:00:00,2.44628245807121,0.31737578
2014-11-26 01:00:00,2.1829503172752145,0.20694818
2014-11-26 02:00:00,2.007395556744551,0.1283818
2014-11-26 03:00:00,1.7330912434153891,0.24832302
2014-11-26 04:00:00,1.5246199652852264,0.52668977
2014-11-26 05:00:00,1.491703447685727,0.41901225
2014-11-26 06:00:00,1.5465643103515594,0.29505402
2014-11-26 07:00:00,1.3819817223540622,0.14405638
2014-11-26 08:00:00,1.2612878244892312,0.16952795
2014-11-26 09:00:00,1.1076774090249004,0.23753175
2014-11-26 10:00:00,1.1076774090249004,0.296744
2014-11-26 11:00:00,1.469759102619394,0.3559175
2014-11-26 12:00:00,1.5465643103515594,0.37768447
2014-11-26 13:00:00,1.6453138631500577,0.37565458
2014-11-26 14:00:00,1.7440634159485555,0.45209306
2014-11-26 15:00:00,2.07322859194355,0.4624344
2014-11-26 16:00:00,2.523087665803375,0.39594173
2014-11-26 17:00:00,2.7425311164667043,0.32183903
2014-11-26 18:00:00,2.7425311164667043,0.4316631
2014-11-26 19:00:00,3.1594736727270303,0.70910907
2014-11-26 20:00:00,3.060724119928532,0.86987156
2014-11-26 21:00:00,3.6861379543190207,0.8177671
2014-11-26 22:00:00,4.410301341508008,0.884007
2014-11-26 23:00:00,4.629744792171337,0.9403465
2014-11-27 00:00:00,4.059191820446681,0.9463686
2014-11-27 01:00:00,3.71905447191852,0.9031925
2014-11-27 02:00:00,2.874197186864702,0.89820355
2014-11-27 03:00:00,0.8333730956957388,0.7237439
2014-11-27 04:00:00,-0.0224563618912458,0.65274364
2014-11-27 05:00:00,-0.8343971293455645,0.6586498
2014-11-27 06:00:00,-0.8782858194782304,0.6505994
2014-11-27 07:00:00,-0.9770353722767288,0.61044204
2014-11-27 08:00:00,-0.9770353722767288,0.5418592
2014-11-27 09:00:00,-0.9441188546772292,0.4438327
2014-11-27 10:00:00,-0.9441188546772292,0.36123276
2014-11-27 11:00:00,-0.9221745096108964,0.520069
2014-11-27 12:00:00,-0.9550910272103956,0.5886415
2014-11-27 13:00:00,-0.9550910272103956,0.4967947
2014-11-27 14:00:00,-0.9441188546772292,0.552895
2014-11-27 15:00:00,-0.9002301645445634,0.6469356
2014-11-27 16:00:00,-0.9112023370777298,0.7788198
2014-11-27 17:00:00,-0.9221745096108964,0.91060215
2014-11-27 18:00:00,-0.8782858194782304,0.8740274
2014-11-27 19:00:00,-0.7685640941465657,0.95575315
2014-11-27 20:00:00,-0.8343971293455645,1.0097588
2014-11-27 21:00:00,-0.7246754040138998,1.2677778
2014-11-27 22:00:00,-0.6917588864144004,1.5551789
2014-11-27 23:00:00,-0.6698145413480675,1.6323432
2014-11-28 00:00:00,-0.7246754040138998,1.5472473
2014-11-28 01:00:00,-0.6698145413480675,1.3976438
2014-11-28 02:00:00,-0.5600928160164028,1.1076742
2014-11-28 03:00:00,-0.5381484709500699,0.4819923
2014-11-28 04:00:00,-0.5271762984169034,0.14002103
2014-11-28 05:00:00,-0.329677192819907,-0.065925136
2014-11-28 06:00:00,-0.1870389498887428,-0.23591591
2014-11-28 07:00:00,-0.0882893970902446,-0.17587772
2014-11-28 08:00:00,-0.0553728794907452,-0.1908928
2014-11-28 09:00:00,-0.1870389498887428,-0.389094
2014-11-28 10:00:00,-0.3735658829525728,-0.43337083
2014-11-28 11:00:00,-0.3735658829525728,-0.562057
2014-11-28 12:00:00,-0.2528719850877416,-0.58012724
2014-11-28 13:00:00,-0.2857885026872411,-0.55237806
2014-11-28 14:00:00,-0.329677192819907,-0.49673843
2014-11-28 15:00:00,-0.1541224322892434,-0.49599797
2014-11-28 16:00:00,-0.1102337421565775,-0.536789
2014-11-28 17:00:00,-0.0992615696234111,-0.5188738
2014-11-28 18:00:00,-0.0114841893580793,-0.48398238
2014-11-28 19:00:00,0.3176809866369147,-0.41614848
2014-11-28 20:00:00,0.745595715430407,-0.4148056
2014-11-28 21:00:00,1.096705236491734,-0.4185433
2014-11-28 22:00:00,1.2503156519560643,-0.3439331
2014-11-28 23:00:00,1.217399134356565,-0.40170294
2014-11-29 00:00:00,1.305176514621897,-0.38964605
2014-11-29 01:00:00,1.5026756202188931,-0.30559713
2014-11-29 02:00:00,1.6233695180837246,-0.31769425
2014-11-29 03:00:00,1.6892025532827233,-0.1794877
2014-11-29 04:00:00,1.6892025532827233,-0.14424859
2014-11-29 05:00:00,1.6672582082163905,-0.12060724
2014-11-29 06:00:00,1.941562521545552,-0.1141305
2014-11-29 07:00:00,2.095172937009883,-0.17206559
2014-11-29 08:00:00,2.0512842468772168,-0.15056157
2014-11-29 09:00:00,2.1390616271425484,-0.23771732
2014-11-29 10:00:00,2.0512842468772168,-0.30285937
2014-11-29 11:00:00,2.4682268031375427,-0.17896499
2014-11-29 12:00:00,2.2048946623415477,-0.057975434
2014-11-29 13:00:00,2.314616387673212,-0.009962266
2014-11-29 14:00:00,2.9510023945968675,0.01111912
2014-11-29 15:00:00,3.0716962924616986,0.010812286
2014-11-29 16:00:00,3.2143345353928625,0.02715823
2014-11-29 17:00:00,2.676698081267705,0.04241572
2014-11-29 18:00:00,2.6657259087345397,0.16079885
2014-11-29 19:00:00,2.6657259087345397,0.27572453
2014-11-29 20:00:00,2.44628245807121,0.4104812
2014-11-29 21:00:00,2.501143320737042,0.5901419
2014-11-29 22:00:00,2.3255885602063784,0.6455431
2014-11-29 23:00:00,1.798924278614388,0.62591505
2014-11-30 00:00:00,1.5575364828847258,0.65282524
2014-11-30 01:00:00,1.6892025532827233,0.7971003
2014-11-30 02:00:00,1.1405939266243998,0.828784
2014-11-30 03:00:00,1.0308722012927352,0.77343154
2014-11-30 04:00:00,1.3929538948872286,0.7044338
2014-11-30 05:00:00,1.5575364828847258,0.5976302
2014-11-30 06:00:00,1.4807312751525603,0.62995136
2014-11-30 07:00:00,0.745595715430407,0.81039006
2014-11-30 08:00:00,-0.8782858194782304,0.86613977
2014-11-30 09:00:00,-0.9002301645445634,0.7933451
2014-11-30 10:00:00,-0.9221745096108964,0.87440616
2014-11-30 11:00:00,-0.8343971293455645,0.8937647
2014-11-30 12:00:00,-0.845369301878731,0.803872
2014-11-30 13:00:00,-0.7027310589475669,0.93774116
2014-11-30 14:00:00,-0.6259258512154017,1.0757936
2014-11-30 15:00:00,-0.7685640941465657,1.1626185
2014-11-30 16:00:00,-0.8892579920113969,1.0971204
2014-11-30 17:00:00,-0.9441188546772292,1.0467799
2014-11-30 18:00:00,-0.9002301645445634,1.0183302
2014-11-30 19:00:00,-0.8014806117460651,0.86328244
2014-11-30 20:00:00,-0.7575919216133993,0.95083684
2014-11-30 21:00:00,-0.6149536786822352,0.93774074
2014-11-30 22:00:00,-0.7466197490802328,0.88770765
2014-11-30 23:00:00,-0.7356475765470664,0.689819
2014-12-01 00:00:00,-0.5710649885495693,0.6275825
2014-12-01 01:00:00,-0.7027310589475669,0.60098815
2014-12-01 02:00:00,-0.823424956812398,0.37847418
2014-12-01 03:00:00,-0.867313646945064,0.34156814
2014-12-01 04:00:00,-0.9550910272103956,0.34278557
2014-12-01 05:00:00,-0.9550910272103956,0.47606313
2014-12-01 06:00:00,-0.966063199743562,0.41147983
2014-12-01 07:00:00,-0.9550910272103956,0.18239674
2014-12-01 08:00:00,-0.966063199743562,-0.35905394
2014-12-01 09:00:00,-0.9770353722767288,-0.4675278
2014-12-01 10:00:00,-0.9880075448098952,-0.372236
2014-12-01 11:00:00,-0.966063199743562,-0.4715957
2014-12-01 12:00:00,-0.9441188546772292,-0.47596508
2014-12-01 13:00:00,-0.9770353722767288,-0.44182593
2014-12-01 14:00:00,-0.9880075448098952,-0.5444459
2014-12-01 15:00:00,-0.9989797173430616,-0.6100458
2014-12-01 16:00:00,-0.9989797173430616,-0.62733173
2014-12-01 17:00:00,-1.009951889876228,-0.6547022
2014-12-01 18:00:00,-0.9989797173430616,-0.6203956
2014-12-01 19:00:00,-0.9331466821440628,-0.5496884
2014-12-01 20:00:00,-0.8892579920113969,-0.5177551
2014-12-01 21:00:00,-1.009951889876228,-0.48339576
2014-12-01 22:00:00,-0.9331466821440628,-0.5013831
2014-12-01 23:00:00,-1.009951889876228,-0.48146066
2014-12-02 00:00:00,-0.9331466821440628,-0.4557206
2014-12-02 01:00:00,-0.9770353722767288,-0.5054556
2014-12-02 02:00:00,-0.9550910272103956,-0.53646415
2014-12-02 03:00:00,-0.9770353722767288,-0.53687125
2014-12-02 04:00:00,-0.9550910272103956,-0.5990201
2014-12-02 05:00:00,-0.9770353722767288,-0.6539507
2014-12-02 06:00:00,-0.966063199743562,-0.65518004
2014-12-02 07:00:00,-0.9550910272103956,-0.6759361
2014-12-02 08:00:00,-0.9770353722767288,-0.6411096
2014-12-02 09:00:00,-0.8124527842792316,-0.6372429
2014-12-02 10:00:00,-0.845369301878731,-0.71326745
2014-12-02 11:00:00,-0.6259258512154017,-0.7347171
2014-12-02 12:00:00,-0.5271762984169034,-0.76193035
2014-12-02 13:00:00,-0.2638441576209081,-0.79682916
2014-12-02 14:00:00,-0.3735658829525728,-0.8106185
2014-12-02 15:00:00,-0.658842368814901,-0.82182634
2014-12-02 16:00:00,-0.3625937104194063,-0.8291965
2014-12-02 17:00:00,-0.2089832949550758,-0.82334113
2014-12-02 18:00:00,-0.0444007069575787,-0.80070186
2014-12-02 19:00:00,0.0872653634404188,-0.77336556
2014-12-02 20:00:00,-0.0114841893580793,-0.7523382
2014-12-02 21:00:00,0.1201818810399182,-0.7758001
2014-12-02 22:00:00,0.2189314338384165,-0.7829208
2014-12-02 23:00:00,0.2737922965042488,-0.78716576
2014-12-03 00:00:00,0.2518479514379159,-0.7979116
2014-12-03 01:00:00,0.2847644690374153,-0.8206037
2014-12-03 02:00:00,0.1201818810399182,-0.3914317
2014-12-03 03:00:00,-0.8124527842792316,-0.33484676
2014-12-03 04:00:00,-0.9770353722767288,-0.5083619
2014-12-03 05:00:00,-0.9550910272103956,-0.672267
2014-12-03 06:00:00,-0.9989797173430616,-0.6180162
2014-12-03 07:00:00,-0.9989797173430616,-0.54651004
2014-12-03 08:00:00,-0.9550910272103956,-0.6418919
2014-12-03 09:00:00,-0.9112023370777298,-0.27684236
2014-12-03 10:00:00,-0.9221745096108964,-0.2497217
2014-12-03 11:00:00,-0.9770353722767288,-0.09921509
2014-12-03 12:00:00,-0.9770353722767288,-0.09629406
2014-12-03 13:00:00,-0.9112023370777298,0.1617235
2014-12-03 14:00:00,-0.9989797173430616,0.20358177
2014-12-03 15:00:00,-0.9989797173430616,0.08218293
2014-12-03 16:00:00,-0.9770353722767288,0.1224183
2014-12-03 17:00:00,-1.009951889876228,0.20685801
2014-12-03 18:00:00,-0.9331466821440628,0.2908067
2014-12-03 19:00:00,-0.9441188546772292,0.467892
2014-12-03 20:00:00,-0.9989797173430616,0.49122667
2014-12-03 21:00:00,-1.0209240624093945,0.54613066
2014-12-03 22:00:00,-1.0318962349425609,0.5375837
2014-12-03 23:00:00,-1.009951889876228,0.51687205
2014-12-04 00:00:00,-0.9770353722767288,0.457699
2014-12-04 01:00:00,-0.9989797173430616,0.3899511
2014-12-04 02:00:00,-0.9770353722767288,0.36679226
2014-12-04 03:00:00,-0.9989797173430616,0.18106556
2014-12-04 04:00:00,-1.009951889876228,0.03672031
2014-12-04 05:00:00,-1.0428684074757275,0.00094497576
2014-12-04 06:00:00,-1.0318962349425609,-0.045116115
2014-12-04 07:00:00,-0.9989797173430616,-0.13978498
2014-12-04 08:00:00,-1.0318962349425609,-0.1795975
2014-12-04 09:00:00,-1.0209240624093945,-0.18785721
2014-12-04 10:00:00,-1.0209240624093945,-0.21626502
2014-12-04 11:00:00,-1.0318962349425609,-0.25475156
2014-12-04 12:00:00,-0.9989797173430616,-0.31892475
2014-12-04 13:00:00,-0.9770353722767288,-0.27282172
2014-12-04 14:00:00,-0.9880075448098952,-0.27414617
2014-12-04 15:00:00,-0.9880075448098952,-0.26883012
2014-12-04 16:00:00,-1.009951889876228,-0.28668612
2014-12-04 17:00:00,-1.0209240624093945,-0.33605903
2014-12-04 18:00:00,-0.9880075448098952,-0.33089197
2014-12-04 19:00:00,-1.009951889876228,-0.3582111
2014-12-04 20:00:00,-0.9112023370777298,-0.3658515
2014-12-04 21:00:00,-0.9989797173430616,-0.3690643
2014-12-04 22:00:00,-0.9002301645445634,-0.36149922
2014-12-04 23:00:00,-0.9880075448098952,-0.36595315
2014-12-05 00:00:00,-1.0318962349425609,-0.36338788
2014-12-05 01:00:00,-1.0318962349425609,-0.37723082
2014-12-05 02:00:00,-0.9989797173430616,-0.40541923
2014-12-05 03:00:00,-1.009951889876228,-0.40445966
2014-12-05 04:00:00,-1.0209240624093945,-0.42539853
2014-12-05 05:00:00,-1.009951889876228,-0.45679992
2014-12-05 06:00:00,-0.9441188546772292,-0.32684845
2014-12-05 07:00:00,-0.966063199743562,-0.29325607
2014-12-05 08:00:00,-0.823424956812398,-0.37945127
2014-12-05 09:00:00,-0.9770353722767288,-0.43498492
2014-12-05 10:00:00,-0.9221745096108964,-0.37043104
2014-12-05 11:00:00,-0.9112023370777298,-0.4023136
2014-12-05 12:00:00,-0.9550910272103956,-0.42790312
2014-12-05 13:00:00,-0.9989797173430616,-0.30888298
2014-12-05 14:00:00,-0.991664935654284,-0.2910586
2014-12-05 15:00:00,-0.9843501539655064,-0.26430747
2014-12-05 16:00:00,-0.9770353722767288,-0.3317457
2014-12-05 17:00:00,-0.9770353722767288,-0.24133472
2014-12-05 18:00:00,-0.7466197490802328,-0.23183545
2014-12-05 19:00:00,-0.0334285344244122,-0.22919273
2014-12-05 20:00:00,0.1640705711725841,-0.13315098
2014-12-05 21:00:00,0.3286531591700812,-0.1175544
2014-12-05 22:00:00,0.4164305394354129,-0.13338085
2014-12-05 23:00:00,0.6358739900987423,-0.18899888
2014-12-06 00:00:00,0.4383748845017459,-0.15533969
2014-12-06 01:00:00,0.5480966098334106,-0.16366144
2014-12-06 02:00:00,0.5371244373002441,-0.18931745
2014-12-06 03:00:00,0.0982375359735853,-0.1212358
2014-12-06 04:00:00,-0.1760667773555763,-0.12570637
2014-12-06 05:00:00,-0.4393989181515716,-0.004077455
2014-12-06 06:00:00,-0.680786713881234,-0.08314565
2014-12-06 07:00:00,-0.7466197490802328,-0.10446867
2014-12-06 08:00:00,-0.6149536786822352,0.012322631
2014-12-06 09:00:00,-0.7575919216133993,-0.17609338
2014-12-06 10:00:00,-0.7575919216133993,-0.18512937
2014-12-06 11:00:00,-0.7685640941465657,-0.08890182
2014-12-06 12:00:00,-0.9221745096108964,-0.13336247
2014-12-06 13:00:00,-0.9112023370777298,-0.20541185
2014-12-06 14:00:00,-0.8892579920113969,-0.26060146
2014-12-06 15:00:00,-0.7356475765470664,-0.17013822
2014-12-06 16:00:00,-0.3187050202867404,-0.13040978
2014-12-06 17:00:00,-0.3735658829525728,-0.23162243
2014-12-06 18:00:00,-0.4284267456184051,-0.090521365
2014-12-06 19:00:00,-0.1870389498887428,0.19609797
2014-12-06 20:00:00,0.2408757789047494,0.2978297
2014-12-06 21:00:00,0.20795926130525,0.43153188
2014-12-06 22:00:00,-0.0553728794907452,0.44793326
2014-12-06 23:00:00,-0.0773172245570781,0.4805658
2014-12-07 00:00:00,0.02143232824142,0.48296934
2014-12-07 01:00:00,0.8114287506294059,0.45258832
2014-12-07 02:00:00,0.4054583669022464,0.67283887
2014-12-07 03:00:00,-0.2199554674882422,0.48000813
2014-12-07 04:00:00,-0.4064824005520722,0.3469038
2014-12-07 05:00:00,-0.307732847753574,0.28433973
2014-12-07 06:00:00,-0.4503710906847381,0.10608901
2014-12-07 07:00:00,-0.4503710906847381,0.11321458
2014-12-07 08:00:00,-0.307732847753574,0.03212971
2014-12-07 09:00:00,-0.2309276400214087,-0.0670023
2014-12-07 10:00:00,-0.2528719850877416,-0.08220716
2014-12-07 11:00:00,-0.0444007069575787,-0.15231876
2014-12-07 12:00:00,-0.5052319533505705,-0.13191734
2014-12-07 13:00:00,-0.7246754040138998,-0.13808559
2014-12-07 14:00:00,-0.9002301645445634,-0.07353598
2014-12-07 15:00:00,-0.8563414744118975,-0.035026435
2014-12-07 16:00:00,-0.867313646945064,0.007972654
2014-12-07 17:00:00,-0.9331466821440628,0.012361746
2014-12-07 18:00:00,-0.9550910272103956,0.048227426
2014-12-07 19:00:00,-0.9770353722767288,0.15718715
2014-12-07 20:00:00,-0.9112023370777298,0.31945127
2014-12-07 21:00:00,-0.9002301645445634,0.3904897
2014-12-07 22:00:00,-0.9221745096108964,0.36617652
2014-12-07 23:00:00,-0.9112023370777298,0.43974605
2014-12-08 00:00:00,-0.9002301645445634,0.45162293
2014-12-08 01:00:00,-0.9221745096108964,0.61922026
2014-12-08 02:00:00,-0.9331466821440628,0.6826396
2014-12-08 03:00:00,-0.9112023370777298,0.39424884
2014-12-08 04:00:00,-0.8892579920113969,0.3204207
2014-12-08 05:00:00,-0.9331466821440628,0.30427176
2014-12-08 06:00:00,-0.8563414744118975,0.28222716
2014-12-08 07:00:00,-0.8782858194782304,0.34819293
2014-12-08 08:00:00,-0.867313646945064,0.22945982
2014-12-08 09:00:00,-0.7466197490802328,0.2776766
2014-12-08 10:00:00,-0.8782858194782304,0.28908566
2014-12-08 11:00:00,-0.7575919216133993,0.28262228
2014-12-08 12:00:00,-0.658842368814901,0.1125505
2014-12-08 13:00:00,0.02143232824142,-0.09722015
2014-12-08 14:00:00,0.186014916238917,-0.20203538
2014-12-08 15:00:00,-0.0005120168249128,-0.16384554
2014-12-08 16:00:00,0.1969870887720835,-0.14596133
2014-12-08 17:00:00,0.39448619436908,-0.1703696
2014-12-08 18:00:00,0.4109444531688297,-0.19012815
2014-12-08 19:00:00,0.4274027119685794,-0.2248485
2014-12-08 20:00:00,0.4438609707683291,-0.17507347
2014-12-08 21:00:00,0.4603192295680788,-0.17962968
2014-12-08 22:00:00,0.4767774883678285,-0.1583777
2014-12-08 23:00:00,0.4932357471675782,-0.14953984
2014-12-09 00:00:00,0.8772617858284046,-0.14835547
2014-12-09 01:00:00,1.0226430718928603,-0.10941355
2014-12-09 02:00:00,1.1680243579573162,-0.1009914
2014-12-09 03:00:00,1.3134056440217718,-0.09979096
2014-12-09 04:00:00,1.4587869300862275,-0.12069048
2014-12-09 05:00:00,1.6041682161506832,-0.09503375
2014-12-09 06:00:00,1.749549502215139,-0.098493114
2014-12-09 07:00:00,1.8949307882795947,-0.15053143
2014-12-09 08:00:00,2.0403120743440506,-0.038262624
2014-12-09 09:00:00,2.1856933604085063,-0.022987232
2014-12-09 10:00:00,2.331074646472962,-0.06466524
2014-12-09 11:00:00,2.4764559325374176,-0.007012829
2014-12-09 12:00:00,2.621837218601873,0.08891395
2014-12-09 13:00:00,2.797391979132537,0.37020034
2014-12-09 14:00:00,3.1594736727270303,0.5084369
2014-12-09 15:00:00,3.181418017793363,0.41059485
2014-12-09 16:00:00,3.016835429795866,0.47040653
2014-12-09 17:00:00,2.9290580495305343,0.5909698
2014-12-09 18:00:00,2.7644754615330376,0.6946271
2014-12-09 19:00:00,2.753503288999871,0.803581
2014-12-09 20:00:00,2.808364151665703,0.82452554
2014-12-09 21:00:00,2.9290580495305343,0.8693924
2014-12-09 22:00:00,2.8632250143315354,0.87188715
2014-12-09 23:00:00,2.7425311164667043,0.9728193
2014-12-10 00:00:00,2.314616387673212,1.0415025
2014-12-10 01:00:00,2.402393767938544,1.0527252
2014-12-10 02:00:00,2.5340598383365416,1.1880761
2014-12-10 03:00:00,2.2268390074078805,1.1847445
2014-12-10 04:00:00,2.2048946623415477,1.201114
2014-12-10 05:00:00,2.25975552500738,1.2122899
2014-12-10 06:00:00,2.314616387673212,1.3361636
2014-12-10 07:00:00,2.391421595405377,1.3946906
2014-12-10 08:00:00,2.4682268031375427,1.3250715
2014-12-10 09:00:00,0.5700409548997435,1.3515271
2014-12-10 10:00:00,-0.3845380554857393,1.4799474
2014-12-10 11:00:00,-0.472315435751071,1.3996989
2014-12-10 12:00:00,-0.4064824005520722,1.4678181
2014-12-10 13:00:00,-0.4174545730852387,1.6202211
2014-12-10 14:00:00,-0.6039815061490686,1.5467732
2014-12-10 15:00:00,-0.8892579920113969,1.7048634
2014-12-10 16:00:00,-0.867313646945064,1.600917
2014-12-10 17:00:00,-0.9550910272103956,1.4119967
2014-12-10 18:00:00,-0.7575919216133993,1.3949991
2014-12-10 19:00:00,-0.9112023370777298,1.2900728
2014-12-10 20:00:00,-0.9441188546772292,1.3411866
2014-12-10 21:00:00,-0.9550910272103956,1.3998374
2014-12-10 22:00:00,-0.9221745096108964,1.3769201
2014-12-10 23:00:00,-0.9002301645445634,1.3080121
2014-12-11 00:00:00,-0.9002301645445634,1.1593465
2014-12-11 01:00:00,-0.8782858194782304,1.1055943
2014-12-11 02:00:00,-0.9112023370777298,1.2176983
2014-12-11 03:00:00,-0.9989797173430616,1.0740564
2014-12-11 04:00:00,-0.9221745096108964,0.92052174
2014-12-11 05:00:00,-0.9441188546772292,1.0440129
2014-12-11 06:00:00,-1.0209240624093945,1.0622784
2014-12-11 07:00:00,-0.9331466821440628,1.0831534
2014-12-11 08:00:00,-0.9770353722767288,1.0685973
2014-12-11 09:00:00,-0.9550910272103956,0.46166402
2014-12-11 10:00:00,-0.9221745096108964,0.049035672
2014-12-11 11:00:00,-0.9441188546772292,-0.078165844
2014-12-11 12:00:00,-0.9441188546772292,-0.079835415
2014-12-11 13:00:00,-0.9441188546772292,-0.12670255
2014-12-11 14:00:00,-0.9441188546772292,-0.24028097
2014-12-11 15:00:00,-0.966063199743562,-0.40675756
2014-12-11 16:00:00,-0.7795362666797322,-0.5241553
2014-12-11 17:00:00,-0.658842368814901,-0.4719197
2014-12-11 18:00:00,-0.0882893970902446,-0.4481814
2014-12-11 19:00:00,-0.2638441576209081,-0.544182
2014-12-11 20:00:00,-0.2089832949550758,-0.49737084
2014-12-11 21:00:00,-0.7466197490802328,-0.48131907
2014-12-11 22:00:00,-0.9989797173430616,-0.4609967
2014-12-11 23:00:00,-0.966063199743562,-0.4530704
2014-12-12 00:00:00,-1.009951889876228,-0.46198052
2014-12-12 01:00:00,-1.009951889876228,-0.47850335
2014-12-12 02:00:00,-1.009951889876228,-0.5049489
2014-12-12 03:00:00,-0.9989797173430616,-0.51589894
2014-12-12 04:00:00,-0.966063199743562,-0.48303723
2014-12-12 05:00:00,-0.9441188546772292,-0.51220256
2014-12-12 06:00:00,-0.9989797173430616,-0.57216376
2014-12-12 07:00:00,-1.0209240624093945,-0.58230525
2014-12-12 08:00:00,-1.009951889876228,-0.5869313
2014-12-12 09:00:00,-0.966063199743562,-0.3421256
2014-12-12 10:00:00,-0.9550910272103956,-0.25070336
2014-12-12 11:00:00,-0.9989797173430616,-0.31907958
2014-12-12 12:00:00,-0.9112023370777298,-0.44779748
2014-12-12 13:00:00,-0.9002301645445634,-0.43999183
2014-12-12 14:00:00,-0.9441188546772292,-0.41640782
2014-12-12 15:00:00,-0.9880075448098952,-0.50241953
2014-12-12 16:00:00,-0.966063199743562,-0.24370778
2014-12-12 17:00:00,-0.9989797173430616,-0.09929721
2014-12-12 18:00:00,-0.9441188546772292,0.09364784
2014-12-12 19:00:00,-0.9112023370777298,0.10404706
2014-12-12 20:00:00,-0.867313646945064,0.18533409
2014-12-12 21:00:00,-0.5820371610827357,0.040252443
2014-12-12 22:00:00,-0.9002301645445634,-0.009652551
2014-12-12 23:00:00,-0.9331466821440628,0.022581175
2014-12-13 00:00:00,-0.966063199743562,0.07688168
2014-12-13 01:00:00,-0.9221745096108964,0.05061258
2014-12-13 02:00:00,-0.9331466821440628,0.04794885
2014-12-13 03:00:00,-0.9550910272103956,0.046433028
2014-12-13 04:00:00,-0.9221745096108964,-0.026894437
2014-12-13 05:00:00,-0.9221745096108964,-0.058180295
2014-12-13 06:00:00,-0.9880075448098952,-0.11334139
2014-12-13 07:00:00,-0.9550910272103956,-0.16247459
2014-12-13 08:00:00,-0.7356475765470664,-0.18089159
2014-12-13 09:00:00,-0.6917588864144004,-0.21131584
2014-12-13 10:00:00,-0.7027310589475669,-0.23880213
2014-12-13 11:00:00,-0.516204125883737,-0.27069572
2014-12-13 12:00:00,-0.4613432632179046,-0.28877383
2014-12-13 13:00:00,-0.5930093336159022,-0.30975777
2014-12-13 14:00:00,-0.6259258512154017,-0.33894762
2014-12-13 15:00:00,-0.6478701962817346,-0.37246746
2014-12-13 16:00:00,-0.6149536786822352,-0.3957911
2014-12-13 17:00:00,-0.307732847753574,-0.4342262
2014-12-13 18:00:00,-0.2199554674882422,-0.21218392
2014-12-13 19:00:00,-0.1541224322892434,-0.08143735
2014-12-13 20:00:00,-0.1980111224219093,-0.048038483
2014-12-13 21:00:00,-0.1541224322892434,0.06496583
2014-12-13 22:00:00,-0.0224563618912458,0.04665527
2014-12-13 23:00:00,0.1311540535730847,-0.0009850077
2014-12-14 00:00:00,0.2847644690374153,0.003046319
2014-12-14 01:00:00,1.0089278562264024,0.19887875
2014-12-14 02:00:00,1.2283713068897315,0.15781084
2014-12-14 03:00:00,0.4822635746344118,0.20216814
2014-12-14 04:00:00,0.0762931909072524,0.18627459
2014-12-14 05:00:00,-0.1541224322892434,0.22277358
2014-12-14 06:00:00,-0.1102337421565775,0.2697112
2014-12-14 07:00:00,-0.0553728794907452,0.13821751
2014-12-14 08:00:00,-0.3187050202867404,0.14665152
2014-12-14 09:00:00,-0.2638441576209081,0.18203166
2014-12-14 10:00:00,-0.2748163301540746,0.041807372
2014-12-14 11:00:00,-0.4613432632179046,0.1779713
2014-12-14 12:00:00,-0.516204125883737,0.27664292
2014-12-14 13:00:00,-0.4503710906847381,0.106532484
2014-12-14 14:00:00,-0.5600928160164028,0.13428453
2014-12-14 15:00:00,-0.6149536786822352,0.12666945
2014-12-14 16:00:00,-0.5491206434832363,0.09852052
2014-12-14 17:00:00,-0.3516215378862399,0.21912175
2014-12-14 18:00:00,0.1092097085067518,0.17817435
2014-12-14 19:00:00,0.3176809866369147,0.30041343
2014-12-14 20:00:00,0.2518479514379159,0.38151127
2014-12-14 21:00:00,0.0982375359735853,0.36287186
2014-12-14 22:00:00,0.3505975042364141,0.4997139
2014-12-14 23:00:00,0.6578183351650753,0.5659025
2014-12-15 00:00:00,0.7346235428972405,0.61427927
2014-12-15 01:00:00,1.7221190708822227,0.90881646
2014-12-15 02:00:00,2.095172937009883,0.8376152
2014-12-15 03:00:00,2.2487833524742133,0.5729945
2014-12-15 04:00:00,2.270727697540546,0.34748048
2014-12-15 05:00:00,2.117117282076216,0.22552776
2014-12-15 06:00:00,1.8537851412802204,0.31222367
2014-12-15 07:00:00,-0.5820371610827357,0.24349874
2014-12-15 08:00:00,-0.8343971293455645,0.20570546
2014-12-15 09:00:00,-0.9112023370777298,0.08139314
2014-12-15 10:00:00,-0.966063199743562,0.04824319
2014-12-15 11:00:00,-0.9989797173430616,-0.043199092
2014-12-15 12:00:00,-0.9880075448098952,-0.13525915
2014-12-15 13:00:00,-0.9989797173430616,-0.01779024
2014-12-15 14:00:00,-0.9770353722767288,-0.035377603
2014-12-15 15:00:00,-1.009951889876228,-0.049534626
2014-12-15 16:00:00,-0.9550910272103956,-0.028954975
2014-12-15 17:00:00,-0.966063199743562,0.010210022
2014-12-15 18:00:00,-0.9880075448098952,0.16710147
2014-12-15 19:00:00,-0.9989797173430616,0.34199592
2014-12-15 20:00:00,-0.9002301645445634,0.44015855
2014-12-15 21:00:00,-0.9880075448098952,0.42063123
2014-12-15 22:00:00,-0.9770353722767288,0.51369
2014-12-15 23:00:00,-0.9770353722767288,0.59471154
2014-12-16 00:00:00,-1.0318962349425609,0.62249815
2014-12-16 01:00:00,-1.0318962349425609,0.8731334
2014-12-16 02:00:00,-1.0318962349425609,0.9357128
2014-12-16 03:00:00,-1.0428684074757275,1.0265402
2014-12-16 04:00:00,-0.9880075448098952,1.062872
2014-12-16 05:00:00,-0.9989797173430616,0.9120545
2014-12-16 06:00:00,-0.9770353722767288,0.98628867
2014-12-16 07:00:00,-0.9770353722767288,0.27133292
2014-12-16 08:00:00,-1.009951889876228,-0.060054157
2014-12-16 09:00:00,-0.966063199743562,-0.009981584
2014-12-16 10:00:00,-0.9331466821440628,-0.12076151
2014-12-16 11:00:00,-0.9770353722767288,-0.07866756
2014-12-16 12:00:00,-0.9989797173430616,-0.13339326
2014-12-16 13:00:00,-0.823424956812398,-0.333428
2014-12-16 14:00:00,-0.845369301878731,-0.30914465
2014-12-16 15:00:00,-0.9550910272103956,-0.3236943
2014-12-16 16:00:00,-1.009951889876228,-0.3140645
2014-12-16 17:00:00,-0.9880075448098952,-0.34849095
2014-12-16 18:00:00,-0.9770353722767288,-0.3354589
2014-12-16 19:00:00,-0.966063199743562,-0.32846552
2014-12-16 20:00:00,-0.9441188546772292,-0.30029443
2014-12-16 21:00:00,-0.9441188546772292,-0.2994628
2014-12-16 22:00:00,-0.9880075448098952,-0.29135507
2014-12-16 23:00:00,-1.009951889876228,-0.3088053
2014-12-17 00:00:00,-0.9989797173430616,-0.35048825
2014-12-17 01:00:00,-0.9989797173430616,-0.42844427
2014-12-17 02:00:00,-1.009951889876228,-0.4617705
2014-12-17 03:00:00,-0.9112023370777298,-0.47766542
2014-12-17 04:00:00,-0.7685640941465657,-0.5246056
2014-12-17 05:00:00,-0.6259258512154017,-0.54656196
2014-12-17 06:00:00,-0.472315435751071,-0.5641332
2014-12-17 07:00:00,-0.3845380554857393,-0.5233609
2014-12-17 08:00:00,-0.2199554674882422,-0.52122766
2014-12-17 09:00:00,-0.1321780872229105,-0.59300566
2014-12-17 10:00:00,-0.0444007069575787,-0.63450843
2014-12-17 11:00:00,0.2299036063715829,-0.7004924
2014-12-17 12:00:00,0.5700409548997435,-0.75963795
2014-12-17 13:00:00,0.7894844055630729,-0.72948176
2014-12-17 14:00:00,0.3067088141037483,-0.71000564
2014-12-17 15:00:00,-0.2528719850877416,-0.7466531
2014-12-17 16:00:00,-0.3845380554857393,-0.75358856
2014-12-17 17:00:00,-0.2309276400214087,-0.71818066
2014-12-17 18:00:00,-0.0773172245570781,-0.6911271
2014-12-17 19:00:00,0.0433766733077529,-0.6717356
2014-12-17 20:00:00,1.118649581558067,-0.6605457
2014-12-17 21:00:00,1.5904530004842252,-0.6828438
2014-12-17 22:00:00,1.3710095498208958,-0.7126131
2014-12-17 23:00:00,0.8772617858284046,-0.7243433
2014-12-18 00:00:00,0.8772617858284046,-0.7441138
2014-12-18 01:00:00,0.76754006049674,-0.7642583
2014-12-18 02:00:00,0.6578183351650753,-0.36049342
2014-12-18 03:00:00,0.5042079197007447,-0.21770439
2014-12-18 04:00:00,0.2737922965042488,-0.29543626
2014-12-18 05:00:00,0.3286531591700812,-0.34929872
2014-12-18 06:00:00,0.4164305394354129,-0.2647903
2014-12-18 07:00:00,0.5151800922339111,-0.160405
2014-12-18 08:00:00,0.3835140218359135,-0.09414682
2014-12-18 09:00:00,0.39448619436908,0.24542892
2014-12-18 10:00:00,0.2628201239710824,0.18893208
2014-12-18 11:00:00,0.3835140218359135,0.22810185
2014-12-18 12:00:00,0.3505975042364141,0.36491856
2014-12-18 13:00:00,0.3615696767695806,0.5071339
2014-12-18 14:00:00,0.4603192295680788,0.5043651
2014-12-18 15:00:00,0.6907348527645747,0.39161345
2014-12-18 16:00:00,0.7236513703640741,0.21173945
2014-12-18 17:00:00,0.9760113386269028,0.32989275
2014-12-18 18:00:00,1.118649581558067,0.356409
2014-12-18 19:00:00,1.4039260674203953,0.42045054
2014-12-18 20:00:00,1.5355921378183928,0.75366575
2014-12-18 21:00:00,1.4807312751525603,0.8912024
2014-12-18 22:00:00,1.6672582082163905,1.03563
2014-12-18 23:00:00,1.6892025532827233,0.9358294
2014-12-19 00:00:00,1.9086460039460529,0.75597525
2014-12-19 01:00:00,1.6782303807495569,0.6778946
2014-12-19 02:00:00,1.6233695180837246,0.600947
2014-12-19 03:00:00,1.305176514621897,0.6788486
2014-12-19 04:00:00,1.0857330639585676,0.60907686
2014-12-19 05:00:00,1.0747608914254012,0.49617952
2014-12-19 06:00:00,1.1405939266243998,0.5466376
2014-12-19 07:00:00,-0.3735658829525728,0.5575795
2014-12-19 08:00:00,-0.8563414744118975,0.4588646
2014-12-19 09:00:00,-0.8892579920113969,0.36190683
2014-12-19 10:00:00,-0.9221745096108964,0.25844136
2014-12-19 11:00:00,-0.9770353722767288,0.2921639
2014-12-19 12:00:00,-0.9112023370777298,0.22363913
2014-12-19 13:00:00,-0.9331466821440628,0.22390693
2014-12-19 14:00:00,-0.9441188546772292,0.3072834
2014-12-19 15:00:00,-0.966063199743562,0.3854313
2014-12-19 16:00:00,-1.0209240624093945,0.46636578
2014-12-19 17:00:00,-1.0209240624093945,0.5309544
2014-12-19 18:00:00,-0.9331466821440628,0.5971049
2014-12-19 19:00:00,-1.0209240624093945,0.72018576
2014-12-19 20:00:00,-0.9880075448098952,0.75402737
2014-12-19 21:00:00,-1.009951889876228,0.65982467
2014-12-19 22:00:00,-0.966063199743562,0.67630094
2014-12-19 23:00:00,-0.9770353722767288,0.83079016
2014-12-20 00:00:00,-0.9989797173430616,0.8320565
2014-12-20 01:00:00,-0.9441188546772292,0.89775354
2014-12-20 02:00:00,-1.009951889876228,0.83922553
2014-12-20 03:00:00,-0.966063199743562,0.5819073
2014-12-20 04:00:00,-0.9770353722767288,0.49261808
2014-12-20 05:00:00,-0.966063199743562,0.46462148
2014-12-20 06:00:00,-0.9331466821440628,0.4489885
2014-12-20 07:00:00,-0.966063199743562,-0.11469734
2014-12-20 08:00:00,-0.966063199743562,-0.3795247
2014-12-20 09:00:00,-0.966063199743562,-0.33763862
2014-12-20 10:00:00,-0.966063199743562,-0.4089174
2014-12-20 11:00:00,-0.966063199743562,-0.45877463
2014-12-20 12:00:00,-0.966063199743562,-0.42052144
2014-12-20 13:00:00,-0.966063199743562,-0.5247914
2014-12-20 14:00:00,-0.966063199743562,-0.58102
2014-12-20 15:00:00,-0.966063199743562,-0.578244
2014-12-20 16:00:00,-0.966063199743562,-0.5829934
2014-12-20 17:00:00,-0.966063199743562,-0.5991822
2014-12-20 18:00:00,-0.9441188546772292,-0.53008354
2014-12-20 19:00:00,-0.9880075448098952,-0.5230205
2014-12-20 20:00:00,-1.0209240624093945,-0.5265108
2014-12-20 21:00:00,-1.009951889876228,-0.49160385
2014-12-20 22:00:00,-1.0318962349425609,-0.48008052
2014-12-20 23:00:00,-1.053840580008894,-0.5207444
2014-12-21 00:00:00,-1.053840580008894,-0.5417154
2014-12-21 01:00:00,-1.0209240624093945,-0.5344839
2014-12-21 02:00:00,-1.0318962349425609,-0.56706655
2014-12-21 03:00:00,-1.009951889876228,-0.5675089
2014-12-21 04:00:00,-1.0209240624093945,-0.57171464
2014-12-21 05:00:00,-1.0318962349425609,-0.6206224
2014-12-21 06:00:00,-0.9989797173430616,-0.63667786
2014-12-21 07:00:00,-0.9989797173430616,-0.6041522
2014-12-21 08:00:00,-0.9989797173430616,-0.6115767
2014-12-21 09:00:00,-1.009951889876228,-0.64185894
2014-12-21 10:00:00,-0.9770353722767288,-0.66662425
2014-12-21 11:00:00,-0.9112023370777298,-0.70573205
2014-12-21 12:00:00,-0.867313646945064,-0.7281034
2014-12-21 13:00:00,-0.966063199743562,-0.743556
2014-12-21 14:00:00,-0.8782858194782304,-0.7322842
2014-12-21 15:00:00,-0.9331466821440628,-0.7285385
2014-12-21 16:00:00,-0.9550910272103956,-0.7518425
2014-12-21 17:00:00,-0.9441188546772292,-0.720508
2014-12-21 18:00:00,-0.8782858194782304,-0.6963294
2014-12-21 19:00:00,-0.7466197490802328,-0.70464635
2014-12-21 20:00:00,-0.7356475765470664,-0.70160806
2014-12-21 21:00:00,-0.5930093336159022,-0.6965096
2014-12-21 22:00:00,-0.516204125883737,-0.6893605
2014-12-21 23:00:00,-0.3955102280189058,-0.6986637
2014-12-22 00:00:00,-0.516204125883737,-0.7010515
2014-12-22 01:00:00,-0.307732847753574,-0.69555515
2014-12-22 02:00:00,-0.1650946048224099,-0.71040165
2014-12-22 03:00:00,-0.0553728794907452,-0.7316315
2014-12-22 04:00:00,-0.0224563618912458,-0.7525754
2014-12-22 05:00:00,0.0543488458409194,-0.7807447
2014-12-22 06:00:00,0.186014916238917,-0.81112087
2014-12-22 07:00:00,0.186014916238917,-0.82451934
2014-12-22 08:00:00,0.2847644690374153,-0.86092573
2014-12-22 09:00:00,0.4932357471675782,-0.8956131
2014-12-22 10:00:00,0.39448619436908,-0.9215035
2014-12-22 11:00:00,-0.0553728794907452,-0.93898165
2014-12-22 12:00:00,-0.2199554674882422,-0.96575797
2014-12-22 13:00:00,-0.5381484709500699,-1.0249726
2014-12-22 14:00:00,-0.3625937104194063,-1.0489153
2014-12-22 15:00:00,-0.3187050202867404,-1.0976353
2014-12-22 16:00:00,-0.4064824005520722,-1.133631
2014-12-22 17:00:00,-0.2199554674882422,-1.150999
2014-12-22 18:00:00,-0.2748163301540746,-1.1488637
2014-12-22 19:00:00,-0.1431502597560769,-0.5681833
2014-12-22 20:00:00,0.0543488458409194,-0.38381454
2014-12-22 21:00:00,0.2737922965042488,-0.47536248
2014-12-22 22:00:00,0.1640705711725841,-0.5664282
2014-12-22 23:00:00,0.2518479514379159,-0.42287922
2014-12-23 00:00:00,0.4603192295680788,-0.35583153
2014-12-23 01:00:00,0.8553174407620717,-0.341928
2014-12-23 02:00:00,0.6907348527645747,0.15598048
2014-12-23 03:00:00,0.6797626802314082,0.21889907
2014-12-23 04:00:00,0.4932357471675782,0.29508194
2014-12-23 05:00:00,0.1530983986394176,0.25944704
2014-12-23 06:00:00,-0.1760667773555763,0.47079307
2014-12-23 07:00:00,0.02143232824142,0.37322903
2014-12-23 08:00:00,-0.1980111224219093,0.33722913
2014-12-23 09:00:00,-0.1321780872229105,0.40596217
2014-12-23 10:00:00,-0.1102337421565775,0.32359692
2014-12-23 11:00:00,-0.1321780872229105,0.27254933
2014-12-23 12:00:00,-0.0553728794907452,0.20849957
2014-12-23 13:00:00,-0.2089832949550758,0.15398328
2014-12-23 14:00:00,-0.121205914689744,0.14551759
2014-12-23 15:00:00,-0.0553728794907452,0.04503719
2014-12-23 16:00:00,-0.472315435751071,0.05596527
2014-12-23 17:00:00,-0.4174545730852387,0.083743304
2014-12-23 18:00:00,1.469759102619394,0.15381047
2014-12-23 19:00:00,0.1969870887720835,0.21381035
2014-12-23 20:00:00,0.0872653634404188,0.32758972
2014-12-23 21:00:00,-0.7356475765470664,0.55163455
2014-12-23 22:00:00,-0.867313646945064,0.5619419
2014-12-23 23:00:00,-0.9441188546772292,0.56540537
2014-12-24 00:00:00,-0.9550910272103956,0.5651135
2014-12-24 01:00:00,-0.9989797173430616,0.573434
2014-12-24 02:00:00,-0.9880075448098952,0.4706133
2014-12-24 03:00:00,-0.9770353722767288,0.39035982
2014-12-24 04:00:00,-0.9989797173430616,0.378087
2014-12-24 05:00:00,-0.9331466821440628,0.24751776
2014-12-24 06:00:00,-0.9550910272103956,0.06274009
2014-12-24 07:00:00,-0.966063199743562,0.054344837
2014-12-24 08:00:00,-0.9770353722767288,-0.040648904
2014-12-24 09:00:00,-0.9002301645445634,-0.070323884
2014-12-24 10:00:00,-0.9112023370777298,-0.15353
2014-12-24 11:00:00,-0.9770353722767288,-0.2273075
2014-12-24 12:00:00,-0.966063199743562,-0.2885368
2014-12-24 13:00:00,-0.9441188546772292,-0.27442503
2014-12-24 14:00:00,-0.9441188546772292,-0.29816204
2014-12-24 15:00:00,-0.966063199743562,-0.2997556
2014-12-24 16:00:00,-0.9221745096108964,-0.36387864
2014-12-24 17:00:00,-0.9221745096108964,-0.2827128
2014-12-24 18:00:00,-0.966063199743562,0.32138795
2014-12-24 19:00:00,-0.8782858194782304,0.074344024
2014-12-24 20:00:00,-0.845369301878731,-0.05893365
2014-12-24 21:00:00,-0.9221745096108964,-0.16204627
2014-12-24 22:00:00,-0.9112023370777298,-0.2790353
2014-12-24 23:00:00,-0.9002301645445634,-0.27935547
2014-12-25 00:00:00,-0.8782858194782304,0.007867247
2014-12-25 01:00:00,-0.8563414744118975,-0.084187135
2014-12-25 02:00:00,-0.8563414744118975,-0.18003212
2014-12-25 03:00:00,-0.9880075448098952,-0.07081983
2014-12-25 04:00:00,-0.9441188546772292,-0.19773766
2014-12-25 05:00:00,-0.9441188546772292,-0.24105811
2014-12-25 06:00:00,-0.9002301645445634,-0.18563432
2014-12-25 07:00:00,-0.9550910272103956,-0.18630457
2014-12-25 08:00:00,-0.9002301645445634,-0.20508012
2014-12-25 09:00:00,-0.8014806117460651,-0.21507919
2014-12-25 10:00:00,-0.680786713881234,-0.15117194
2014-12-25 11:00:00,-0.823424956812398,-0.22686231
2014-12-25 12:00:00,-0.9221745096108964,-0.2203877
2014-12-25 13:00:00,-0.9221745096108964,-0.16537265
2014-12-25 14:00:00,-0.9989797173430616,-0.1608482
2014-12-25 15:00:00,-1.009951889876228,-0.1456398
2014-12-25 16:00:00,-0.9002301645445634,-0.10160601
2014-12-25 17:00:00,-0.7575919216133993,-0.12246218
2014-12-25 18:00:00,-0.680786713881234,-0.19492945
2014-12-25 19:00:00,-0.5600928160164028,-0.09986274
2014-12-25 20:00:00,-0.5271762984169034,0.002526231
2014-12-25 21:00:00,-0.5491206434832363,-0.0059319437
2014-12-25 22:00:00,-0.5381484709500699,0.043194946
2014-12-25 23:00:00,-0.3406493653530734,0.06513478
2014-12-26 00:00:00,-0.0773172245570781,0.0068148114
2014-12-26 01:00:00,-0.0663450520239117,-0.017276982
2014-12-26 02:00:00,0.5151800922339111,0.004894819
2014-12-26 03:00:00,1.3819817223540622,-0.052043706
2014-12-26 04:00:00,0.8662896132952382,-0.06160879
2014-12-26 05:00:00,0.58101312743291,-0.056964926
2014-12-26 06:00:00,0.3615696767695806,0.02161834
2014-12-26 07:00:00,0.2957366415705817,0.0057763793
2014-12-26 08:00:00,0.20795926130525,-0.048404567
2014-12-26 09:00:00,0.1201818810399182,-0.09383124
2014-12-26 10:00:00,0.1969870887720835,-0.071290076
2014-12-26 11:00:00,0.1750427437057506,-0.053553727
2014-12-26 12:00:00,0.3396253317032476,-0.14281537
2014-12-26 13:00:00,0.5700409548997435,-0.10559109
2014-12-26 14:00:00,0.6907348527645747,-0.123879895
2014-12-26 15:00:00,0.7785122330299065,-0.17843717
2014-12-26 16:00:00,1.0747608914254012,-0.121130794
2014-12-26 17:00:00,1.469759102619394,0.04478286
2014-12-26 18:00:00,1.755035588481722,0.20432901
2014-12-26 19:00:00,1.8757294863465532,0.3643996
2014-12-26 20:00:00,1.5794808279510586,0.33581626
2014-12-26 21:00:00,1.5575364828847258,0.36285436
2014-12-26 22:00:00,1.2064269618233987,0.39287943
2014-12-26 23:00:00,1.0308722012927352,0.48264253
2014-12-27 00:00:00,0.6907348527645747,0.5773967
2014-12-27 01:00:00,1.0308722012927352,0.5805018
2014-12-27 02:00:00,0.95406699356057,0.8113049
2014-12-27 03:00:00,1.2722599970223976,1.0701939
2014-12-27 04:00:00,1.3710095498208958,0.9320669
2014-12-27 05:00:00,1.0857330639585676,0.73756963
2014-12-27 06:00:00,1.1735104442238993,0.59870964
2014-12-27 07:00:00,1.3929538948872286,0.56770825
2014-12-27 08:00:00,1.7440634159485555,0.649696
2014-12-27 09:00:00,0.8992061308947376,0.5828011
2014-12-27 10:00:00,0.932122648494237,0.5101174
2014-12-27 11:00:00,0.9979556836932358,0.533708
2014-12-27 12:00:00,1.0308722012927352,0.5179534
2014-12-27 13:00:00,1.0308722012927352,0.6557466
2014-12-27 14:00:00,1.0089278562264024,0.7197449
2014-12-27 15:00:00,1.184482616757066,0.7038106
2014-12-27 16:00:00,1.3600373772877292,0.7256297
2014-12-27 17:00:00,1.634341690616891,0.85716677
2014-12-27 18:00:00,2.380449422872211,0.95812106
2014-12-27 19:00:00,2.501143320737042,1.0378444
2014-12-27 20:00:00,2.731558943933538,0.9382105
2014-12-27 21:00:00,2.4901711482038755,1.0032392
2014-12-27 22:00:00,2.7205867714003715,1.1317956
2014-12-27 23:00:00,2.8851693593978687,1.0119861
2014-12-28 00:00:00,3.126557155127531,0.88501596
2014-12-28 01:00:00,3.2143345353928625,0.85032725
2014-12-28 02:00:00,3.1594736727270303,0.7485435
2014-12-28 03:00:00,3.773915334584352,0.72735363
2014-12-28 04:00:00,2.566976355936041,0.7479286
2014-12-28 05:00:00,2.0183677292777173,0.7378473
2014-12-28 06:00:00,1.798924278614388,0.6395263
2014-12-28 07:00:00,1.3271208596882298,0.70944726
2014-12-28 08:00:00,0.6578183351650753,0.7493724
2014-12-28 09:00:00,0.6578183351650753,0.51684093
2014-12-28 10:00:00,-0.0882893970902446,0.40349495
2014-12-28 11:00:00,-0.4503710906847381,0.40882894
2014-12-28 12:00:00,-0.3406493653530734,0.35680586
2014-12-28 13:00:00,-0.5710649885495693,0.43780458
2014-12-28 14:00:00,-0.7466197490802328,0.50466037
2014-12-28 15:00:00,-0.7356475765470664,0.4766062
2014-12-28 16:00:00,-0.6039815061490686,0.5677079
2014-12-28 17:00:00,-0.6368980237485681,0.6054406
2014-12-28 18:00:00,-0.6478701962817346,0.8391794
2014-12-28 19:00:00,0.1092097085067518,1.0005227
2014-12-28 20:00:00,0.8224009231625723,1.184014
2014-12-28 21:00:00,2.117117282076216,1.2160913
2014-12-28 22:00:00,2.457254630604376,1.2363735
2014-12-28 23:00:00,2.643781563668206,1.33329
2014-12-29 00:00:00,2.874197186864702,1.4957447
2014-12-29 01:00:00,2.983918912196367,1.4253025
2014-12-29 02:00:00,2.994891084729533,1.3498193
2014-12-29 03:00:00,2.983918912196367,1.4114554
2014-12-29 04:00:00,2.391421595405377,1.0597104
2014-12-29 05:00:00,0.9650391660937364,0.88379
2014-12-29 06:00:00,0.7785122330299065,0.7738699
2014-12-29 07:00:00,0.39448619436908,0.53628737
2014-12-29 08:00:00,0.2628201239710824,0.26453704
2014-12-29 09:00:00,0.4493470570349123,0.28278083
2014-12-29 10:00:00,0.3505975042364141,0.045425516
2014-12-29 11:00:00,0.3725418493027471,-0.29820824
2014-12-29 12:00:00,-0.4832876082842375,-0.2553256
2014-12-29 13:00:00,-0.5710649885495693,-0.3287962
2014-12-29 14:00:00,-0.8014806117460651,-0.57366055
2014-12-29 15:00:00,-0.7905084392128987,-0.5737922
2014-12-29 16:00:00,-0.8782858194782304,-0.5021761
2014-12-29 17:00:00,-0.8563414744118975,-0.5501914
2014-12-29 18:00:00,0.2189314338384165,-0.5839238
2014-12-29 19:00:00,0.0982375359735853,-0.37853277
2014-12-29 20:00:00,0.1311540535730847,0.006455835
2014-12-29 21:00:00,0.3067088141037483,0.49173093
2014-12-29 22:00:00,0.7017070252977412,0.6567077
2014-12-29 23:00:00,0.6468461626319087,0.74058497
2014-12-30 00:00:00,0.9760113386269028,0.80477
2014-12-30 01:00:00,-0.0334285344244122,0.8831284
2014-12-30 02:00:00,-0.2089832949550758,0.9308015
2014-12-30 03:00:00,-0.7905084392128987,1.012723
2014-12-30 04:00:00,-0.823424956812398,0.90465826
2014-12-30 05:00:00,-0.9989797173430616,0.54688
2014-12-30 06:00:00,-0.9989797173430616,0.36777553
2014-12-30 07:00:00,-0.9550910272103956,0.2533414
2014-12-30 08:00:00,-0.9112023370777298,0.16880897
2014-12-30 09:00:00,-0.9221745096108964,0.14485684
2014-12-30 10:00:00,-0.823424956812398,0.1469087
2014-12-30 11:00:00,-0.5710649885495693,0.08467142
2014-12-30 12:00:00,-0.5600928160164028,-0.31033754
2014-12-30 13:00:00,-0.2967606752204075,-0.4878561
2014-12-30 14:00:00,-0.3845380554857393,-0.5938266
2014-12-30 15:00:00,-0.494259780817404,-0.6196017
2014-12-30 16:00:00,-0.4393989181515716,-0.61851156
2014-12-30 17:00:00,-0.4064824005520722,-0.5774592
2014-12-30 18:00:00,-0.2309276400214087,-0.14927854
2014-12-30 19:00:00,-0.7137032314807333,-0.04164573
2014-12-30 20:00:00,-0.8124527842792316,-0.04312108
2014-12-30 21:00:00,-0.8782858194782304,0.0611913
2014-12-30 22:00:00,-1.009951889876228,0.019719806
2014-12-30 23:00:00,-0.9221745096108964,0.038492363
2014-12-31 00:00:00,-0.9880075448098952,0.26851395
2014-12-31 01:00:00,-0.9770353722767288,0.020792343
2014-12-31 02:00:00,-0.8782858194782304,-0.03611707
2014-12-31 03:00:00,-0.9989797173430616,-0.18985185
2014-12-31 04:00:00,-1.009951889876228,-0.33158538
2014-12-31 05:00:00,-0.9989797173430616,-0.36538455
2014-12-31 06:00:00,-1.009951889876228,-0.39531732
2014-12-31 07:00:00,-1.009951889876228,-0.3510904
2014-12-31 08:00:00,-1.009951889876228,-0.4377999
2014-12-31 09:00:00,-1.009951889876228,-0.59636486
2014-12-31 10:00:00,-1.0209240624093945,-0.56187344
2014-12-31 11:00:00,-0.966063199743562,-0.5608008
2014-12-31 12:00:00,-0.9112023370777298,-0.52157205
2014-12-31 13:00:00,-0.9770353722767288,-0.31096876
2014-12-31 14:00:00,-0.9989797173430616,-0.1763976
2014-12-31 15:00:00,-0.9770353722767288,-0.24147616
2014-12-31 16:00:00,-1.009951889876228,-0.17920817
2014-12-31 17:00:00,-0.9989797173430616,-0.16778755
2014-12-31 18:00:00,-0.9880075448098952,-0.14281441
2014-12-31 19:00:00,-1.009951889876228,-0.25056615
2014-12-31 20:00:00,-0.9880075448098952,-0.384744
2014-12-31 21:00:00,-0.9880075448098952,-0.23690583
2014-12-31 22:00:00,-1.009951889876228,-0.19143037
2014-12-31 23:00:00,-0.966063199743562,-0.15618002
